step,time_s,vx_cmd,vy_cmd,yaw_cmd,vx_actual,vy_actual,yaw_actual,fell,episode_steps,policy,delay_steps,delay_ms,seed,lin_vel_x,lin_vel_y,task
0,0.0,1.0,0.0,-1.0274837017059326,0.2126932144165039,-0.4277842342853546,-0.7740506529808044,0,2000,strong,4,80,42,1.0,0.0,walk
1,0.02,1.0,0.0,-1.0182524919509888,0.18917489051818848,-0.4365586042404175,-0.6332105994224548,0,2000,strong,4,80,42,1.0,0.0,walk
2,0.04,1.0,0.0,-1.016411542892456,0.1544649302959442,-0.44063523411750793,0.08096683025360107,0,2000,strong,4,80,42,1.0,0.0,walk
3,0.06,1.0,0.0,-1.0185242891311646,0.14259740710258484,-0.4417971968650818,0.23196516931056976,0,2000,strong,4,80,42,1.0,0.0,walk
4,0.08,1.0,0.0,-1.0180500745773315,0.07772687822580338,-0.3973323702812195,-0.302564799785614,0,2000,strong,4,80,42,1.0,0.0,walk
5,0.1,1.0,0.0,-1.022701621055603,0.05919812247157097,-0.33642780780792236,0.7821590900421143,0,2000,strong,4,80,42,1.0,0.0,walk
6,0.12,1.0,0.0,-1.0267517566680908,0.09470228105783463,-0.3645467758178711,0.04670833796262741,0,2000,strong,4,80,42,1.0,0.0,walk
7,0.14,1.0,0.0,-1.0207710266113281,0.08399344980716705,-0.41288307309150696,-0.6427890062332153,0,2000,strong,4,80,42,1.0,0.0,walk
8,0.16,1.0,0.0,-1.014561414718628,0.09914149343967438,-0.4536028802394867,-0.24562190473079681,0,2000,strong,4,80,42,1.0,0.0,walk
9,0.18,1.0,0.0,-1.0077269077301025,0.1418548971414566,-0.5059102177619934,-0.5047978162765503,0,2000,strong,4,80,42,1.0,0.0,walk
10,0.2,1.0,0.0,-0.9995898008346558,0.18607482314109802,-0.5626214146614075,-0.4150940477848053,0,2000,strong,4,80,42,1.0,0.0,walk
11,0.22,1.0,0.0,-0.9948775768280029,0.2657410204410553,-0.5978595018386841,-0.131064310669899,0,2000,strong,4,80,42,1.0,0.0,walk
12,0.24,1.0,0.0,-0.9937902092933655,0.3251821994781494,-0.6308780312538147,0.16511912643909454,0,2000,strong,4,80,42,1.0,0.0,walk
13,0.26,1.0,0.0,-0.9970885515213013,0.3626965880393982,-0.6346184611320496,0.4402727484703064,0,2000,strong,4,80,42,1.0,0.0,walk
14,0.28,1.0,0.0,-0.9995514154434204,0.37135836482048035,-0.6612823009490967,0.11365105956792831,0,2000,strong,4,80,42,1.0,0.0,walk
15,0.3,1.0,0.0,-1.0000557899475098,0.40711256861686707,-0.6779270172119141,-0.11782120168209076,0,2000,strong,4,80,42,1.0,0.0,walk
16,0.32,1.0,0.0,-0.9987025260925293,0.4416384994983673,-0.7065749764442444,-0.3217849135398865,0,2000,strong,4,80,42,1.0,0.0,walk
17,0.34,1.0,0.0,-0.9910452365875244,0.4887543022632599,-0.7407753467559814,-1.2572747468948364,0,2000,strong,4,80,42,1.0,0.0,walk
18,0.36,1.0,0.0,-0.979736328125,0.5210956335067749,-0.7737423777580261,-1.3979520797729492,0,2000,strong,4,80,42,1.0,0.0,walk
19,0.38,1.0,0.0,-0.9734703898429871,0.5229672193527222,-0.80253005027771,-0.5830716490745544,0,2000,strong,4,80,42,1.0,0.0,walk
20,0.4,1.0,0.0,-0.9735981225967407,0.5127764344215393,-0.8524371981620789,0.012897945009171963,0,2000,strong,4,80,42,1.0,0.0,walk
21,0.42,1.0,0.0,-0.9729164838790894,0.42727914452552795,-0.847614049911499,-0.06966519355773926,0,2000,strong,4,80,42,1.0,0.0,walk
22,0.44,1.0,0.0,-0.9763427376747131,0.3649270236492157,-0.7132532000541687,0.7402190566062927,0,2000,strong,4,80,42,1.0,0.0,walk
23,0.46,1.0,0.0,-0.981317400932312,0.3269481062889099,-0.5996940732002258,0.47590360045433044,0,2000,strong,4,80,42,1.0,0.0,walk
24,0.48,1.0,0.0,-0.9821323752403259,0.33833643794059753,-0.5138332843780518,-0.15997181832790375,0,2000,strong,4,80,42,1.0,0.0,walk
25,0.5,1.0,0.0,-0.977372407913208,0.3760524094104767,-0.45051348209381104,-0.7937729358673096,0,2000,strong,4,80,42,1.0,0.0,walk
26,0.52,1.0,0.0,-0.9661586880683899,0.4121265411376953,-0.42310237884521484,-1.5918567180633545,0,2000,strong,4,80,42,1.0,0.0,walk
27,0.54,1.0,0.0,-0.9537359476089478,0.4250364303588867,-0.3895457684993744,-1.349429965019226,0,2000,strong,4,80,42,1.0,0.0,walk
28,0.56,1.0,0.0,-0.9464991688728333,0.4256320893764496,-0.3642526865005493,-0.6700849533081055,0,2000,strong,4,80,42,1.0,0.0,walk
29,0.58,1.0,0.0,-0.9454123377799988,0.4057637155056,-0.3573720157146454,-0.11396157741546631,0,2000,strong,4,80,42,1.0,0.0,walk
30,0.6,1.0,0.0,-0.9483567476272583,0.3773944079875946,-0.35991576313972473,0.24908532202243805,0,2000,strong,4,80,42,1.0,0.0,walk
31,0.62,1.0,0.0,-0.9548012018203735,0.345785915851593,-0.36401990056037903,0.6130914688110352,0,2000,strong,4,80,42,1.0,0.0,walk
32,0.64,1.0,0.0,-0.9633573889732361,0.31968116760253906,-0.3609941005706787,0.7780290842056274,0,2000,strong,4,80,42,1.0,0.0,walk
33,0.66,1.0,0.0,-0.9724112749099731,0.3024538457393646,-0.35233432054519653,0.7510745525360107,0,2000,strong,4,80,42,1.0,0.0,walk
34,0.68,1.0,0.0,-0.9799275398254395,0.2915787100791931,-0.33956360816955566,0.46088168025016785,0,2000,strong,4,80,42,1.0,0.0,walk
35,0.7000000000000001,1.0,0.0,-0.9836809635162354,0.2925476133823395,-0.32976317405700684,0.07808637619018555,0,2000,strong,4,80,42,1.0,0.0,walk
36,0.72,1.0,0.0,-0.9827280044555664,0.3178393840789795,-0.32444822788238525,-0.3258228302001953,0,2000,strong,4,80,42,1.0,0.0,walk
37,0.74,1.0,0.0,-0.978390097618103,0.3583448529243469,-0.3194335699081421,-0.5452375411987305,0,2000,strong,4,80,42,1.0,0.0,walk
38,0.76,1.0,0.0,-0.9720065593719482,0.4074278771877289,-0.31668293476104736,-0.6555986404418945,0,2000,strong,4,80,42,1.0,0.0,walk
39,0.78,1.0,0.0,-0.9646568298339844,0.4574531316757202,-0.31509846448898315,-0.6706523895263672,0,2000,strong,4,80,42,1.0,0.0,walk
40,0.8,1.0,0.0,-0.9570668935775757,0.5006845593452454,-0.3147693872451782,-0.6276072859764099,0,2000,strong,4,80,42,1.0,0.0,walk
41,0.8200000000000001,1.0,0.0,-0.9505591988563538,0.5323067307472229,-0.3096306324005127,-0.4664047956466675,0,2000,strong,4,80,42,1.0,0.0,walk
42,0.84,1.0,0.0,-0.9458054900169373,0.5534254312515259,-0.30390849709510803,-0.3023848533630371,0,2000,strong,4,80,42,1.0,0.0,walk
43,0.86,1.0,0.0,-0.9426579475402832,0.5757901072502136,-0.2977260649204254,-0.16282115876674652,0,2000,strong,4,80,42,1.0,0.0,walk
44,0.88,1.0,0.0,-0.9406996965408325,0.6045644283294678,-0.2909124195575714,-0.0774509608745575,0,2000,strong,4,80,42,1.0,0.0,walk
45,0.9,1.0,0.0,-0.9392762780189514,0.6410263180732727,-0.2851240038871765,-0.04594159498810768,0,2000,strong,4,80,42,1.0,0.0,walk
46,0.92,1.0,0.0,-0.9378474950790405,0.674166738986969,-0.289305716753006,-0.034971944987773895,0,2000,strong,4,80,42,1.0,0.0,walk
47,0.9400000000000001,1.0,0.0,-0.9370909333229065,0.6668239831924438,-0.31599268317222595,0.4040837585926056,0,2000,strong,4,80,42,1.0,0.0,walk
48,0.96,1.0,0.0,-0.9369562864303589,0.5994929671287537,-0.33608582615852356,-0.34549903869628906,0,2000,strong,4,80,42,1.0,0.0,walk
49,0.98,1.0,0.0,-0.9273430109024048,0.5500948429107666,-0.34362149238586426,-0.9350972771644592,0,2000,strong,4,80,42,1.0,0.0,walk
50,1.0,1.0,0.0,-0.914882481098175,0.5178684592247009,-0.3370937407016754,-0.838351845741272,0,2000,strong,4,80,42,1.0,0.0,walk
51,1.02,1.0,0.0,-0.9051268696784973,0.5023496150970459,-0.33376047015190125,-0.4815491735935211,0,2000,strong,4,80,42,1.0,0.0,walk
52,1.04,1.0,0.0,-0.9001048803329468,0.5095705986022949,-0.33730965852737427,-0.10783056169748306,0,2000,strong,4,80,42,1.0,0.0,walk
53,1.06,1.0,0.0,-0.8990411758422852,0.5306434035301208,-0.3439927101135254,0.10111553966999054,0,2000,strong,4,80,42,1.0,0.0,walk
54,1.08,1.0,0.0,-0.8988551497459412,0.550490140914917,-0.3619725704193115,0.03508966416120529,0,2000,strong,4,80,42,1.0,0.0,walk
55,1.1,1.0,0.0,-0.8973546028137207,0.5753393769264221,-0.37988418340682983,-0.19905643165111542,0,2000,strong,4,80,42,1.0,0.0,walk
56,1.12,1.0,0.0,-0.8943285942077637,0.5989972352981567,-0.40096867084503174,-0.35016050934791565,0,2000,strong,4,80,42,1.0,0.0,walk
57,1.1400000000000001,1.0,0.0,-0.8906179666519165,0.6178056597709656,-0.4232011139392853,-0.4166511595249176,0,2000,strong,4,80,42,1.0,0.0,walk
58,1.16,1.0,0.0,-0.8864333629608154,0.6331215500831604,-0.4539523422718048,-0.47504130005836487,0,2000,strong,4,80,42,1.0,0.0,walk
59,1.18,1.0,0.0,-0.8825568556785583,0.6468353867530823,-0.4852308928966522,-0.45940205454826355,0,2000,strong,4,80,42,1.0,0.0,walk
60,1.2,1.0,0.0,-0.8785775303840637,0.6686535477638245,-0.5266909599304199,-0.48861929774284363,0,2000,strong,4,80,42,1.0,0.0,walk
61,1.22,1.0,0.0,-0.8742458820343018,0.704783022403717,-0.5667997002601624,-0.6416109800338745,0,2000,strong,4,80,42,1.0,0.0,walk
62,1.24,1.0,0.0,-0.8683384656906128,0.7419496178627014,-0.6164972186088562,-0.8124061822891235,0,2000,strong,4,80,42,1.0,0.0,walk
63,1.26,1.0,0.0,-0.8609442710876465,0.7567140460014343,-0.6731051206588745,-0.8257195949554443,0,2000,strong,4,80,42,1.0,0.0,walk
64,1.28,1.0,0.0,-0.8541200160980225,0.7056832909584045,-0.6733264923095703,-1.0030150413513184,0,2000,strong,4,80,42,1.0,0.0,walk
65,1.3,1.0,0.0,-0.8496763706207275,0.6290427446365356,-0.5543899536132812,0.015919748693704605,0,2000,strong,4,80,42,1.0,0.0,walk
66,1.32,1.0,0.0,-0.851249635219574,0.5718593597412109,-0.4490795135498047,0.22266407310962677,0,2000,strong,4,80,42,1.0,0.0,walk
67,1.34,1.0,0.0,-0.8520594835281372,0.5454794764518738,-0.37345096468925476,-0.1440708041191101,0,2000,strong,4,80,42,1.0,0.0,walk
68,1.36,1.0,0.0,-0.8485824465751648,0.5409308671951294,-0.3300228714942932,-0.7361903190612793,0,2000,strong,4,80,42,1.0,0.0,walk
69,1.3800000000000001,1.0,0.0,-0.8386569023132324,0.5451194047927856,-0.3186119496822357,-1.4874722957611084,0,2000,strong,4,80,42,1.0,0.0,walk
70,1.4000000000000001,1.0,0.0,-0.8261415958404541,0.5428162813186646,-0.282863974571228,-1.3720892667770386,0,2000,strong,4,80,42,1.0,0.0,walk
71,1.42,1.0,0.0,-0.8182971477508545,0.5276843905448914,-0.24213114380836487,-0.7260167002677917,0,2000,strong,4,80,42,1.0,0.0,walk
72,1.44,1.0,0.0,-0.8180350065231323,0.5073018074035645,-0.21088160574436188,0.1229347437620163,0,2000,strong,4,80,42,1.0,0.0,walk
73,1.46,1.0,0.0,-0.8245357871055603,0.4823989272117615,-0.19303588569164276,0.6972023248672485,0,2000,strong,4,80,42,1.0,0.0,walk
74,1.48,1.0,0.0,-0.835303008556366,0.4653422236442566,-0.18709655106067657,1.0191031694412231,0,2000,strong,4,80,42,1.0,0.0,walk
75,1.5,1.0,0.0,-0.8465595245361328,0.45030975341796875,-0.18278402090072632,0.9196294546127319,0,2000,strong,4,80,42,1.0,0.0,walk
76,1.52,1.0,0.0,-0.8558535575866699,0.43635788559913635,-0.16959089040756226,0.6901967525482178,0,2000,strong,4,80,42,1.0,0.0,walk
77,1.54,1.0,0.0,-0.862088143825531,0.4288364052772522,-0.15297940373420715,0.318052738904953,0,2000,strong,4,80,42,1.0,0.0,walk
78,1.56,1.0,0.0,-0.8641753196716309,0.4332931935787201,-0.1410604864358902,-0.031420521438121796,0,2000,strong,4,80,42,1.0,0.0,walk
79,1.58,1.0,0.0,-0.8628660440444946,0.4587129056453705,-0.13167953491210938,-0.24255502223968506,0,2000,strong,4,80,42,1.0,0.0,walk
80,1.6,1.0,0.0,-0.8600293397903442,0.492033988237381,-0.12145142257213593,-0.29483047127723694,0,2000,strong,4,80,42,1.0,0.0,walk
81,1.62,1.0,0.0,-0.8564579486846924,0.5294955968856812,-0.11204396188259125,-0.3052156865596771,0,2000,strong,4,80,42,1.0,0.0,walk
82,1.6400000000000001,1.0,0.0,-0.8522212505340576,0.5637702345848083,-0.10167446732521057,-0.34259283542633057,0,2000,strong,4,80,42,1.0,0.0,walk
83,1.6600000000000001,1.0,0.0,-0.8470969200134277,0.5909790396690369,-0.0901787057518959,-0.38535550236701965,0,2000,strong,4,80,42,1.0,0.0,walk
84,1.68,1.0,0.0,-0.8417295217514038,0.6066968441009521,-0.07379652559757233,-0.3726728856563568,0,2000,strong,4,80,42,1.0,0.0,walk
85,1.7,1.0,0.0,-0.8367237448692322,0.6166926026344299,-0.05514950305223465,-0.3221875727176666,0,2000,strong,4,80,42,1.0,0.0,walk
86,1.72,1.0,0.0,-0.832720160484314,0.6281229853630066,-0.034092918038368225,-0.22424812614917755,0,2000,strong,4,80,42,1.0,0.0,walk
87,1.74,1.0,0.0,-0.83024662733078,0.6447114944458008,-0.011113245971500874,-0.10291197150945663,0,2000,strong,4,80,42,1.0,0.0,walk
88,1.76,1.0,0.0,-0.8287050724029541,0.6672695875167847,0.010621561668813229,-0.030498525127768517,0,2000,strong,4,80,42,1.0,0.0,walk
89,1.78,1.0,0.0,-0.827544093132019,0.6880823373794556,0.018023351207375526,0.053215399384498596,0,2000,strong,4,80,42,1.0,0.0,walk
90,1.8,1.0,0.0,-0.8280547261238098,0.6403146386146545,-0.027225080877542496,-0.045027442276477814,0,2000,strong,4,80,42,1.0,0.0,walk
91,1.82,1.0,0.0,-0.8218622207641602,0.6033561825752258,-0.0596066489815712,-0.7180444002151489,0,2000,strong,4,80,42,1.0,0.0,walk
92,1.84,1.0,0.0,-0.8114606738090515,0.5698569416999817,-0.07167139649391174,-0.7581820487976074,0,2000,strong,4,80,42,1.0,0.0,walk
93,1.86,1.0,0.0,-0.8026967644691467,0.541810154914856,-0.0776313990354538,-0.41214558482170105,0,2000,strong,4,80,42,1.0,0.0,walk
94,1.8800000000000001,1.0,0.0,-0.7981074452400208,0.5316688418388367,-0.08864081650972366,-0.044681940227746964,0,2000,strong,4,80,42,1.0,0.0,walk
95,1.9000000000000001,1.0,0.0,-0.7975256443023682,0.544075608253479,-0.1003711149096489,0.1967199146747589,0,2000,strong,4,80,42,1.0,0.0,walk
96,1.92,1.0,0.0,-0.7978639006614685,0.5589028000831604,-0.11969234049320221,0.12319393455982208,0,2000,strong,4,80,42,1.0,0.0,walk
97,1.94,1.0,0.0,-0.7968215346336365,0.5786495208740234,-0.138575941324234,-0.11607226729393005,0,2000,strong,4,80,42,1.0,0.0,walk
98,1.96,1.0,0.0,-0.7937704920768738,0.603117048740387,-0.1539095640182495,-0.3428247570991516,0,2000,strong,4,80,42,1.0,0.0,walk
99,1.98,1.0,0.0,-0.789621114730835,0.6254304051399231,-0.16685761511325836,-0.42422136664390564,0,2000,strong,4,80,42,1.0,0.0,walk
100,2.0,1.0,0.0,-0.7853379845619202,0.6457919478416443,-0.18237049877643585,-0.42451584339141846,0,2000,strong,4,80,42,1.0,0.0,walk
101,2.02,1.0,0.0,-0.7812128663063049,0.6626941561698914,-0.202760249376297,-0.4229234457015991,0,2000,strong,4,80,42,1.0,0.0,walk
102,2.04,1.0,0.0,-0.7770928740501404,0.6823009848594666,-0.22859761118888855,-0.44662708044052124,0,2000,strong,4,80,42,1.0,0.0,walk
103,2.06,1.0,0.0,-0.7727680206298828,0.7087022066116333,-0.257293701171875,-0.5088331699371338,0,2000,strong,4,80,42,1.0,0.0,walk
104,2.08,1.0,0.0,-0.7684634327888489,0.7464364767074585,-0.2815539836883545,-0.5877081751823425,0,2000,strong,4,80,42,1.0,0.0,walk
105,2.1,1.0,0.0,-0.7633987069129944,0.7848300933837891,-0.31085047125816345,-0.7165524959564209,0,2000,strong,4,80,42,1.0,0.0,walk
106,2.12,1.0,0.0,-0.7576173543930054,0.8104357123374939,-0.34662413597106934,-0.7092733383178711,0,2000,strong,4,80,42,1.0,0.0,walk
107,2.14,1.0,0.0,-0.7519097328186035,0.818297266960144,-0.38120871782302856,-0.5748232007026672,0,2000,strong,4,80,42,1.0,0.0,walk
108,2.16,1.0,0.0,-0.7468775510787964,0.7557401657104492,-0.3609524369239807,-0.6686616539955139,0,2000,strong,4,80,42,1.0,0.0,walk
109,2.18,1.0,0.0,-0.7452672719955444,0.6968636512756348,-0.2820951044559479,0.1289205402135849,0,2000,strong,4,80,42,1.0,0.0,walk
110,2.2,1.0,0.0,-0.7475824952125549,0.6467574238777161,-0.2214803248643875,0.17406542599201202,0,2000,strong,4,80,42,1.0,0.0,walk
111,2.22,1.0,0.0,-0.7486319541931152,0.6236477494239807,-0.18238112330436707,-0.21459348499774933,0,2000,strong,4,80,42,1.0,0.0,walk
112,2.24,1.0,0.0,-0.7450665831565857,0.62323397397995,-0.15618719160556793,-0.8140677213668823,0,2000,strong,4,80,42,1.0,0.0,walk
113,2.2600000000000002,1.0,0.0,-0.7356635332107544,0.6261025071144104,-0.14279592037200928,-1.3725014925003052,0,2000,strong,4,80,42,1.0,0.0,walk
114,2.2800000000000002,1.0,0.0,-0.725314199924469,0.6170282959938049,-0.1048751026391983,-1.1297069787979126,0,2000,strong,4,80,42,1.0,0.0,walk
115,2.3000000000000003,1.0,0.0,-0.718966007232666,0.5931111574172974,-0.06698746979236603,-0.6430820822715759,0,2000,strong,4,80,42,1.0,0.0,walk
116,2.32,1.0,0.0,-0.7178332209587097,0.5682689547538757,-0.03751743584871292,-0.08338209986686707,0,2000,strong,4,80,42,1.0,0.0,walk
117,2.34,1.0,0.0,-0.7210555672645569,0.5476141571998596,-0.019966857507824898,0.3021274209022522,0,2000,strong,4,80,42,1.0,0.0,walk
118,2.36,1.0,0.0,-0.7270063757896423,0.5408397316932678,-0.013138586655259132,0.5321772694587708,0,2000,strong,4,80,42,1.0,0.0,walk
119,2.38,1.0,0.0,-0.7335599660873413,0.539940357208252,-0.0062955813482403755,0.5359308123588562,0,2000,strong,4,80,42,1.0,0.0,walk
120,2.4,1.0,0.0,-0.7390547394752502,0.546671986579895,0.007804789114743471,0.383816659450531,0,2000,strong,4,80,42,1.0,0.0,walk
121,2.42,1.0,0.0,-0.7422018647193909,0.5598806738853455,0.02356640435755253,0.11221747100353241,0,2000,strong,4,80,42,1.0,0.0,walk
122,2.44,1.0,0.0,-0.742796778678894,0.5875093936920166,0.036468956619501114,-0.04040566086769104,0,2000,strong,4,80,42,1.0,0.0,walk
123,2.46,1.0,0.0,-0.7416574358940125,0.6275439262390137,0.04755052924156189,-0.1190183237195015,0,2000,strong,4,80,42,1.0,0.0,walk
124,2.48,1.0,0.0,-0.7396556735038757,0.6708001494407654,0.06320078670978546,-0.1553218513727188,0,2000,strong,4,80,42,1.0,0.0,walk
125,2.5,1.0,0.0,-0.7367115616798401,0.7155771255493164,0.08081448823213577,-0.19903066754341125,0,2000,strong,4,80,42,1.0,0.0,walk
126,2.52,1.0,0.0,-0.7325717806816101,0.7499505281448364,0.10322928428649902,-0.30729007720947266,0,2000,strong,4,80,42,1.0,0.0,walk
127,2.54,1.0,0.0,-0.7271873950958252,0.7706556916236877,0.13033705949783325,-0.41128185391426086,0,2000,strong,4,80,42,1.0,0.0,walk
128,2.56,1.0,0.0,-0.7219715714454651,0.7872040271759033,0.16194535791873932,-0.3417191803455353,0,2000,strong,4,80,42,1.0,0.0,walk
129,2.58,1.0,0.0,-0.7188078761100769,0.8038960099220276,0.195728600025177,-0.14206331968307495,0,2000,strong,4,80,42,1.0,0.0,walk
130,2.6,1.0,0.0,-0.7178452610969543,0.8258129954338074,0.2284393310546875,0.029284879565238953,0,2000,strong,4,80,42,1.0,0.0,walk
131,2.62,1.0,0.0,-0.7188617587089539,0.7833391427993774,0.20428887009620667,0.44151413440704346,0,2000,strong,4,80,42,1.0,0.0,walk
132,2.64,1.0,0.0,-0.7176199555397034,0.7360246777534485,0.13435490429401398,-0.38581737875938416,0,2000,strong,4,80,42,1.0,0.0,walk
133,2.66,1.0,0.0,-0.7101080417633057,0.6807584166526794,0.09274818748235703,-0.6790043115615845,0,2000,strong,4,80,42,1.0,0.0,walk
134,2.68,1.0,0.0,-0.7015765309333801,0.6364243030548096,0.07588155567646027,-0.4515989422798157,0,2000,strong,4,80,42,1.0,0.0,walk
135,2.7,1.0,0.0,-0.6967096328735352,0.604819118976593,0.06585083156824112,0.008915824815630913,0,2000,strong,4,80,42,1.0,0.0,walk
136,2.72,1.0,0.0,-0.6965504884719849,0.5819267630577087,0.04968516528606415,0.392421692609787,0,2000,strong,4,80,42,1.0,0.0,walk
137,2.74,1.0,0.0,-0.6987307071685791,0.5782738327980042,0.024864934384822845,0.4053536057472229,0,2000,strong,4,80,42,1.0,0.0,walk
138,2.7600000000000002,1.0,0.0,-0.7001954317092896,0.58934086561203,0.0003991146513726562,0.17498616874217987,0,2000,strong,4,80,42,1.0,0.0,walk
139,2.7800000000000002,1.0,0.0,-0.6986738443374634,0.590968132019043,-0.021971283480525017,-0.15084496140480042,0,2000,strong,4,80,42,1.0,0.0,walk
140,2.8000000000000003,1.0,0.0,-0.6945205330848694,0.5930532813072205,-0.035850878804922104,-0.42616966366767883,0,2000,strong,4,80,42,1.0,0.0,walk
141,2.82,1.0,0.0,-0.6887065768241882,0.6018750667572021,-0.04496127367019653,-0.5845108032226562,0,2000,strong,4,80,42,1.0,0.0,walk
142,2.84,1.0,0.0,-0.6822737455368042,0.6037861704826355,-0.05798931419849396,-0.6044831871986389,0,2000,strong,4,80,42,1.0,0.0,walk
143,2.86,1.0,0.0,-0.6770281791687012,0.6154753565788269,-0.07202067226171494,-0.4371388256549835,0,2000,strong,4,80,42,1.0,0.0,walk
144,2.88,1.0,0.0,-0.6721669435501099,0.6290302276611328,-0.09534505009651184,-0.4916404187679291,0,2000,strong,4,80,42,1.0,0.0,walk
145,2.9,1.0,0.0,-0.6674630641937256,0.6563190817832947,-0.11604782193899155,-0.47838911414146423,0,2000,strong,4,80,42,1.0,0.0,walk
146,2.92,1.0,0.0,-0.663486123085022,0.6908645033836365,-0.13327552378177643,-0.4627958834171295,0,2000,strong,4,80,42,1.0,0.0,walk
147,2.94,1.0,0.0,-0.6601333022117615,0.7291408777236938,-0.14829351007938385,-0.482538104057312,0,2000,strong,4,80,42,1.0,0.0,walk
148,2.96,1.0,0.0,-0.6572291851043701,0.7662397623062134,-0.16984377801418304,-0.4776667356491089,0,2000,strong,4,80,42,1.0,0.0,walk
149,2.98,1.0,0.0,-0.653640627861023,0.7929112911224365,-0.20088820159435272,-0.544021487236023,0,2000,strong,4,80,42,1.0,0.0,walk
150,3.0,1.0,0.0,-0.6489230394363403,0.8010143637657166,-0.22733817994594574,-0.5337382555007935,0,2000,strong,4,80,42,1.0,0.0,walk
151,3.02,1.0,0.0,-0.645179033279419,0.8004584312438965,-0.24763180315494537,-0.2899499833583832,0,2000,strong,4,80,42,1.0,0.0,walk
152,3.04,1.0,0.0,-0.6426073312759399,0.7178826332092285,-0.18985633552074432,-0.08538728952407837,0,2000,strong,4,80,42,1.0,0.0,walk
153,3.06,1.0,0.0,-0.6446228623390198,0.6699677109718323,-0.14081555604934692,0.2804259657859802,0,2000,strong,4,80,42,1.0,0.0,walk
154,3.08,1.0,0.0,-0.6481600999832153,0.6440382599830627,-0.11290332674980164,0.11619523167610168,0,2000,strong,4,80,42,1.0,0.0,walk
155,3.1,1.0,0.0,-0.6482705473899841,0.6410888433456421,-0.09815464168787003,-0.420939564704895,0,2000,strong,4,80,42,1.0,0.0,walk
156,3.12,1.0,0.0,-0.6428206562995911,0.6399918794631958,-0.07883380353450775,-0.9951051473617554,0,2000,strong,4,80,42,1.0,0.0,walk
157,3.14,1.0,0.0,-0.6335602402687073,0.6289602518081665,-0.05329367518424988,-1.2025812864303589,0,2000,strong,4,80,42,1.0,0.0,walk
158,3.16,1.0,0.0,-0.6257677674293518,0.6107183694839478,-0.018279068171977997,-0.801350474357605,0,2000,strong,4,80,42,1.0,0.0,walk
159,3.18,1.0,0.0,-0.6221625804901123,0.5854166150093079,0.01239797007292509,-0.3768550753593445,0,2000,strong,4,80,42,1.0,0.0,walk
160,3.2,1.0,0.0,-0.6221332550048828,0.5722687840461731,0.03119792975485325,-0.005292966961860657,0,2000,strong,4,80,42,1.0,0.0,walk
161,3.22,1.0,0.0,-0.6246302127838135,0.5639482736587524,0.043450817465782166,0.21276608109474182,0,2000,strong,4,80,42,1.0,0.0,walk
162,3.24,1.0,0.0,-0.6279059052467346,0.5636048913002014,0.05183935910463333,0.26554322242736816,0,2000,strong,4,80,42,1.0,0.0,walk
163,3.2600000000000002,1.0,0.0,-0.6310285925865173,0.5687929391860962,0.06589163839817047,0.23856458067893982,0,2000,strong,4,80,42,1.0,0.0,walk
164,3.2800000000000002,1.0,0.0,-0.6334688067436218,0.5822862386703491,0.08350083976984024,0.16695035994052887,0,2000,strong,4,80,42,1.0,0.0,walk
165,3.3000000000000003,1.0,0.0,-0.6344747543334961,0.6021929383277893,0.10067690163850784,0.0037379811983555555,0,2000,strong,4,80,42,1.0,0.0,walk
166,3.3200000000000003,1.0,0.0,-0.6340789794921875,0.6373450756072998,0.11417936533689499,-0.021319489926099777,0,2000,strong,4,80,42,1.0,0.0,walk
167,3.34,1.0,0.0,-0.6330947875976562,0.6787727475166321,0.12988044321537018,-0.030764421448111534,0,2000,strong,4,80,42,1.0,0.0,walk
168,3.36,1.0,0.0,-0.6311721801757812,0.7205318212509155,0.1487552374601364,-0.0999399796128273,0,2000,strong,4,80,42,1.0,0.0,walk
169,3.38,1.0,0.0,-0.6282045841217041,0.7541612982749939,0.17339305579662323,-0.16997908055782318,0,2000,strong,4,80,42,1.0,0.0,walk
170,3.4,1.0,0.0,-0.6243464946746826,0.775326132774353,0.2036028802394867,-0.2695685625076294,0,2000,strong,4,80,42,1.0,0.0,walk
171,3.42,1.0,0.0,-0.6203078627586365,0.7896721959114075,0.23715801537036896,-0.26376864314079285,0,2000,strong,4,80,42,1.0,0.0,walk
172,3.44,1.0,0.0,-0.6177500486373901,0.8040163516998291,0.27256011962890625,-0.10780878365039825,0,2000,strong,4,80,42,1.0,0.0,walk
173,3.46,1.0,0.0,-0.6167924404144287,0.8210345506668091,0.30435681343078613,0.027335844933986664,0,2000,strong,4,80,42,1.0,0.0,walk
174,3.48,1.0,0.0,-0.6181188225746155,0.747046709060669,0.22815997898578644,-0.10674232989549637,0,2000,strong,4,80,42,1.0,0.0,walk
175,3.5,1.0,0.0,-0.6124767661094666,0.6953078508377075,0.1700153946876526,-0.6509917378425598,0,2000,strong,4,80,42,1.0,0.0,walk
176,3.52,1.0,0.0,-0.6038652658462524,0.6482279896736145,0.14007271826267242,-0.5873749852180481,0,2000,strong,4,80,42,1.0,0.0,walk
177,3.54,1.0,0.0,-0.5972020626068115,0.6071937680244446,0.12593694031238556,-0.16451048851013184,0,2000,strong,4,80,42,1.0,0.0,walk
178,3.56,1.0,0.0,-0.5948317050933838,0.5729212760925293,0.1089550033211708,0.23698575794696808,0,2000,strong,4,80,42,1.0,0.0,walk
179,3.58,1.0,0.0,-0.5966160297393799,0.5695676207542419,0.08926407247781754,0.4877443313598633,0,2000,strong,4,80,42,1.0,0.0,walk
180,3.6,1.0,0.0,-0.5992124676704407,0.5821879506111145,0.06440890580415726,0.34531429409980774,0,2000,strong,4,80,42,1.0,0.0,walk
181,3.62,1.0,0.0,-0.5997118949890137,0.5852776765823364,0.037510186433792114,0.07632475346326828,0,2000,strong,4,80,42,1.0,0.0,walk
182,3.64,1.0,0.0,-0.5976141095161438,0.5956314206123352,0.020846856757998466,-0.2331978678703308,0,2000,strong,4,80,42,1.0,0.0,walk
183,3.66,1.0,0.0,-0.593183696269989,0.6039370894432068,0.008210654370486736,-0.4587467312812805,0,2000,strong,4,80,42,1.0,0.0,walk
184,3.68,1.0,0.0,-0.5877194404602051,0.6132383942604065,-0.0008699840400367975,-0.5246767401695251,0,2000,strong,4,80,42,1.0,0.0,walk
185,3.7,1.0,0.0,-0.5820587277412415,0.6187882423400879,-0.0174874160438776,-0.5131118893623352,0,2000,strong,4,80,42,1.0,0.0,walk
186,3.72,1.0,0.0,-0.5768170952796936,0.6285800933837891,-0.03486476093530655,-0.489070326089859,0,2000,strong,4,80,42,1.0,0.0,walk
187,3.74,1.0,0.0,-0.5716556906700134,0.6466578841209412,-0.05707578733563423,-0.5081061720848083,0,2000,strong,4,80,42,1.0,0.0,walk
188,3.7600000000000002,1.0,0.0,-0.5676604509353638,0.6741015911102295,-0.06990295648574829,-0.406566321849823,0,2000,strong,4,80,42,1.0,0.0,walk
189,3.7800000000000002,1.0,0.0,-0.5647338628768921,0.7098416090011597,-0.08353684842586517,-0.38833245635032654,0,2000,strong,4,80,42,1.0,0.0,walk
190,3.8000000000000003,1.0,0.0,-0.5620380640029907,0.749649167060852,-0.09857369214296341,-0.45147091150283813,0,2000,strong,4,80,42,1.0,0.0,walk
191,3.8200000000000003,1.0,0.0,-0.5588579177856445,0.7847021818161011,-0.12005344033241272,-0.5216677188873291,0,2000,strong,4,80,42,1.0,0.0,walk
192,3.84,1.0,0.0,-0.5545663833618164,0.8041277527809143,-0.14441145956516266,-0.585970401763916,0,2000,strong,4,80,42,1.0,0.0,walk
193,3.86,1.0,0.0,-0.55012047290802,0.8061615228652954,-0.16451206803321838,-0.4437440037727356,0,2000,strong,4,80,42,1.0,0.0,walk
194,3.88,1.0,0.0,-0.5475903749465942,0.7641510367393494,-0.18211166560649872,-0.38292136788368225,0,2000,strong,4,80,42,1.0,0.0,walk
195,3.9,1.0,0.0,-0.5470707416534424,0.6984052062034607,-0.11175334453582764,0.1439967155456543,0,2000,strong,4,80,42,1.0,0.0,walk
196,3.92,1.0,0.0,-0.550895094871521,0.6552805304527283,-0.07646510004997253,0.3579014539718628,0,2000,strong,4,80,42,1.0,0.0,walk
197,3.94,1.0,0.0,-0.5546938180923462,0.6409845948219299,-0.056856684386730194,0.051344484090805054,0,2000,strong,4,80,42,1.0,0.0,walk
198,3.96,1.0,0.0,-0.5542265176773071,0.6396722197532654,-0.04582061246037483,-0.5167369842529297,0,2000,strong,4,80,42,1.0,0.0,walk
199,3.98,1.0,0.0,-0.548172116279602,0.6322262287139893,-0.031264860183000565,-1.0773274898529053,0,2000,strong,4,80,42,1.0,0.0,walk
200,4.0,1.0,0.0,-0.5397908687591553,0.6195749044418335,0.0009441203437745571,-1.0110646486282349,0,2000,strong,4,80,42,1.0,0.0,walk
201,4.0200000000000005,1.0,0.0,-0.5330604314804077,0.6037744283676147,0.03158636391162872,-0.7412843108177185,0,2000,strong,4,80,42,1.0,0.0,walk
202,4.04,1.0,0.0,-0.5294507741928101,0.5850130319595337,0.057970136404037476,-0.38973817229270935,0,2000,strong,4,80,42,1.0,0.0,walk
203,4.0600000000000005,1.0,0.0,-0.528721809387207,0.5738154649734497,0.07423380762338638,-0.05990869179368019,0,2000,strong,4,80,42,1.0,0.0,walk
204,4.08,1.0,0.0,-0.5306218862533569,0.5737215876579285,0.08261841535568237,0.19615580141544342,0,2000,strong,4,80,42,1.0,0.0,walk
205,4.1,1.0,0.0,-0.5335677862167358,0.5774043798446655,0.0932089239358902,0.25531938672065735,0,2000,strong,4,80,42,1.0,0.0,walk
206,4.12,1.0,0.0,-0.5363041162490845,0.5930954217910767,0.11094172298908234,0.20825619995594025,0,2000,strong,4,80,42,1.0,0.0,walk
207,4.14,1.0,0.0,-0.5378028154373169,0.608066737651825,0.1280602663755417,0.06825105845928192,0,2000,strong,4,80,42,1.0,0.0,walk
208,4.16,1.0,0.0,-0.5385671854019165,0.6346710920333862,0.14638710021972656,0.047008316963911057,0,2000,strong,4,80,42,1.0,0.0,walk
209,4.18,1.0,0.0,-0.5382078886032104,0.6776279211044312,0.15829195082187653,0.004990199580788612,0,2000,strong,4,80,42,1.0,0.0,walk
210,4.2,1.0,0.0,-0.5372326374053955,0.722290575504303,0.17569661140441895,0.00157411047257483,0,2000,strong,4,80,42,1.0,0.0,walk
211,4.22,1.0,0.0,-0.5356999635696411,0.7627583146095276,0.19786275923252106,-0.025233134627342224,0,2000,strong,4,80,42,1.0,0.0,walk
212,4.24,1.0,0.0,-0.5331228971481323,0.7895917892456055,0.22632673382759094,-0.1633053719997406,0,2000,strong,4,80,42,1.0,0.0,walk
213,4.26,1.0,0.0,-0.5293260812759399,0.8043246865272522,0.25915664434432983,-0.27700504660606384,0,2000,strong,4,80,42,1.0,0.0,walk
214,4.28,1.0,0.0,-0.5262695550918579,0.8189629316329956,0.2973752021789551,-0.15323422849178314,0,2000,strong,4,80,42,1.0,0.0,walk
215,4.3,1.0,0.0,-0.524871826171875,0.8357972502708435,0.333039253950119,-0.020175140351057053,0,2000,strong,4,80,42,1.0,0.0,walk
216,4.32,1.0,0.0,-0.5263131856918335,0.770441472530365,0.2841396927833557,0.1727369874715805,0,2000,strong,4,80,42,1.0,0.0,walk
217,4.34,1.0,0.0,-0.5228883028030396,0.7220805883407593,0.21458867192268372,-0.5274111032485962,0,2000,strong,4,80,42,1.0,0.0,walk
218,4.36,1.0,0.0,-0.5151554346084595,0.6708766222000122,0.17399239540100098,-0.6071016788482666,0,2000,strong,4,80,42,1.0,0.0,walk
219,4.38,1.0,0.0,-0.508273720741272,0.6242341995239258,0.1518818885087967,-0.22279092669487,0,2000,strong,4,80,42,1.0,0.0,walk
220,4.4,1.0,0.0,-0.5058609247207642,0.5915603041648865,0.1335311383008957,0.2689187228679657,0,2000,strong,4,80,42,1.0,0.0,walk
221,4.42,1.0,0.0,-0.5077552795410156,0.571062445640564,0.1140674501657486,0.5492874979972839,0,2000,strong,4,80,42,1.0,0.0,walk
222,4.44,1.0,0.0,-0.5108494758605957,0.5744714736938477,0.08625352382659912,0.43369564414024353,0,2000,strong,4,80,42,1.0,0.0,walk
223,4.46,1.0,0.0,-0.512346625328064,0.5902750492095947,0.062350764870643616,0.1547059267759323,0,2000,strong,4,80,42,1.0,0.0,walk
224,4.48,1.0,0.0,-0.51088547706604,0.5959680080413818,0.042433854192495346,-0.16188669204711914,0,2000,strong,4,80,42,1.0,0.0,walk
225,4.5,1.0,0.0,-0.5068345069885254,0.5950714945793152,0.02723434939980507,-0.4158861041069031,0,2000,strong,4,80,42,1.0,0.0,walk
226,4.5200000000000005,1.0,0.0,-0.5008671283721924,0.600814700126648,0.015451278537511826,-0.6060961484909058,0,2000,strong,4,80,42,1.0,0.0,walk
227,4.54,1.0,0.0,-0.49411165714263916,0.602363109588623,0.002304098103195429,-0.627208411693573,0,2000,strong,4,80,42,1.0,0.0,walk
228,4.5600000000000005,1.0,0.0,-0.4880952835083008,0.6084977388381958,-0.013680725358426571,-0.5126485824584961,0,2000,strong,4,80,42,1.0,0.0,walk
229,4.58,1.0,0.0,-0.4827007055282593,0.6209163665771484,-0.03504490479826927,-0.5120514631271362,0,2000,strong,4,80,42,1.0,0.0,walk
230,4.6000000000000005,1.0,0.0,-0.47857344150543213,0.6457068920135498,-0.051180124282836914,-0.38612762093544006,0,2000,strong,4,80,42,1.0,0.0,walk
231,4.62,1.0,0.0,-0.4757273197174072,0.6817615032196045,-0.06488852947950363,-0.34094130992889404,0,2000,strong,4,80,42,1.0,0.0,walk
232,4.64,1.0,0.0,-0.4735996723175049,0.723150908946991,-0.07827677577733994,-0.3443535268306732,0,2000,strong,4,80,42,1.0,0.0,walk
233,4.66,1.0,0.0,-0.4717503786087036,0.7645609378814697,-0.09545732289552689,-0.38015177845954895,0,2000,strong,4,80,42,1.0,0.0,walk
234,4.68,1.0,0.0,-0.46910572052001953,0.7947085499763489,-0.12081021815538406,-0.466028094291687,0,2000,strong,4,80,42,1.0,0.0,walk
235,4.7,1.0,0.0,-0.4654196500778198,0.8052644729614258,-0.14417658746242523,-0.4653886556625366,0,2000,strong,4,80,42,1.0,0.0,walk
236,4.72,1.0,0.0,-0.4624849557876587,0.8058608174324036,-0.16291862726211548,-0.23957312107086182,0,2000,strong,4,80,42,1.0,0.0,walk
237,4.74,1.0,0.0,-0.46079039573669434,0.7332753539085388,-0.13265477120876312,-0.1354316920042038,0,2000,strong,4,80,42,1.0,0.0,walk
238,4.76,1.0,0.0,-0.4629061222076416,0.6805915236473083,-0.08867830783128738,0.37010258436203003,0,2000,strong,4,80,42,1.0,0.0,walk
239,4.78,1.0,0.0,-0.467989444732666,0.6510573625564575,-0.06409928947687149,0.33017754554748535,0,2000,strong,4,80,42,1.0,0.0,walk
240,4.8,1.0,0.0,-0.4705843925476074,0.6430065035820007,-0.05171022564172745,-0.14346474409103394,0,2000,strong,4,80,42,1.0,0.0,walk
241,4.82,1.0,0.0,-0.4678065776824951,0.6385200619697571,-0.037062402814626694,-0.7467793226242065,0,2000,strong,4,80,42,1.0,0.0,walk
242,4.84,1.0,0.0,-0.46038222312927246,0.6245074272155762,-0.0154078034684062,-1.1180781126022339,0,2000,strong,4,80,42,1.0,0.0,walk
243,4.86,1.0,0.0,-0.4522944688796997,0.6064101457595825,0.019009636715054512,-0.9227859973907471,0,2000,strong,4,80,42,1.0,0.0,walk
244,4.88,1.0,0.0,-0.44688451290130615,0.5869550704956055,0.049350179731845856,-0.5821077227592468,0,2000,strong,4,80,42,1.0,0.0,walk
245,4.9,1.0,0.0,-0.4451183080673218,0.5763102173805237,0.07014808058738708,-0.1607593595981598,0,2000,strong,4,80,42,1.0,0.0,walk
246,4.92,1.0,0.0,-0.4462953805923462,0.5717233419418335,0.08352687209844589,0.10576685518026352,0,2000,strong,4,80,42,1.0,0.0,walk
247,4.94,1.0,0.0,-0.44875025749206543,0.5772231817245483,0.09182664752006531,0.21503420174121857,0,2000,strong,4,80,42,1.0,0.0,walk
248,4.96,1.0,0.0,-0.4517536163330078,0.5882040858268738,0.10348308831453323,0.2677871286869049,0,2000,strong,4,80,42,1.0,0.0,walk
249,4.98,1.0,0.0,-0.4544306993484497,0.6035947203636169,0.12035218626260757,0.20283527672290802,0,2000,strong,4,80,42,1.0,0.0,walk
250,5.0,1.0,0.0,-0.4559047222137451,0.6238092184066772,0.13838717341423035,0.06536361575126648,0,2000,strong,4,80,42,1.0,0.0,walk
251,5.0200000000000005,1.0,0.0,-0.4559805393218994,0.6558946371078491,0.15402209758758545,0.0246433112770319,0,2000,strong,4,80,42,1.0,0.0,walk
252,5.04,1.0,0.0,-0.45551633834838867,0.6963368058204651,0.17118237912654877,0.026374444365501404,0,2000,strong,4,80,42,1.0,0.0,walk
253,5.0600000000000005,1.0,0.0,-0.45434606075286865,0.7372933626174927,0.19101405143737793,-0.013386905193328857,0,2000,strong,4,80,42,1.0,0.0,walk
254,5.08,1.0,0.0,-0.45236968994140625,0.7709373235702515,0.2175208479166031,-0.07419028133153915,0,2000,strong,4,80,42,1.0,0.0,walk
255,5.1000000000000005,1.0,0.0,-0.4494432210922241,0.7924577593803406,0.24975436925888062,-0.18489374220371246,0,2000,strong,4,80,42,1.0,0.0,walk
256,5.12,1.0,0.0,-0.44624054431915283,0.8056032657623291,0.2862250804901123,-0.20334719121456146,0,2000,strong,4,80,42,1.0,0.0,walk
257,5.14,1.0,0.0,-0.4440467357635498,0.8176317811012268,0.3241017162799835,-0.10853967070579529,0,2000,strong,4,80,42,1.0,0.0,walk
258,5.16,1.0,0.0,-0.44289350509643555,0.8192023634910583,0.3499264121055603,0.13221323490142822,0,2000,strong,4,80,42,1.0,0.0,walk
259,5.18,1.0,0.0,-0.44340407848358154,0.7449743747711182,0.2600739002227783,-0.280788779258728,0,2000,strong,4,80,42,1.0,0.0,walk
260,5.2,1.0,0.0,-0.4370313882827759,0.6930327415466309,0.20214903354644775,-0.6246888637542725,0,2000,strong,4,80,42,1.0,0.0,walk
261,5.22,1.0,0.0,-0.4296109676361084,0.6462866067886353,0.1717914193868637,-0.3828151226043701,0,2000,strong,4,80,42,1.0,0.0,walk
262,5.24,1.0,0.0,-0.42523932456970215,0.6085273027420044,0.15245544910430908,0.08567527681589127,0,2000,strong,4,80,42,1.0,0.0,walk
263,5.26,1.0,0.0,-0.42557334899902344,0.5791118144989014,0.13184744119644165,0.504426121711731,0,2000,strong,4,80,42,1.0,0.0,walk
264,5.28,1.0,0.0,-0.42918121814727783,0.5794782042503357,0.10698122531175613,0.5957489609718323,0,2000,strong,4,80,42,1.0,0.0,walk
265,5.3,1.0,0.0,-0.4322773218154907,0.5986886024475098,0.08289121836423874,0.32049059867858887,0,2000,strong,4,80,42,1.0,0.0,walk
266,5.32,1.0,0.0,-0.432004451751709,0.6011916399002075,0.05778347700834274,-0.03413073346018791,0,2000,strong,4,80,42,1.0,0.0,walk
267,5.34,1.0,0.0,-0.4288843870162964,0.6085606813430786,0.04029909893870354,-0.3110482096672058,0,2000,strong,4,80,42,1.0,0.0,walk
268,5.36,1.0,0.0,-0.42410290241241455,0.6104273796081543,0.026665056124329567,-0.456392765045166,0,2000,strong,4,80,42,1.0,0.0,walk
269,5.38,1.0,0.0,-0.4183403253555298,0.6130536198616028,0.018129417672753334,-0.5530099868774414,0,2000,strong,4,80,42,1.0,0.0,walk
270,5.4,1.0,0.0,-0.4127378463745117,0.6184254884719849,0.004104107618331909,-0.4871877431869507,0,2000,strong,4,80,42,1.0,0.0,walk
271,5.42,1.0,0.0,-0.40731775760650635,0.6274731159210205,-0.01848149299621582,-0.4899662137031555,0,2000,strong,4,80,42,1.0,0.0,walk
272,5.44,1.0,0.0,-0.40228450298309326,0.6508493423461914,-0.03516995534300804,-0.4900086224079132,0,2000,strong,4,80,42,1.0,0.0,walk
273,5.46,1.0,0.0,-0.3986440896987915,0.6797811985015869,-0.046777933835983276,-0.3486790359020233,0,2000,strong,4,80,42,1.0,0.0,walk
274,5.48,1.0,0.0,-0.39671003818511963,0.7177316546440125,-0.057822518050670624,-0.27129927277565,0,2000,strong,4,80,42,1.0,0.0,walk
275,5.5,1.0,0.0,-0.39543473720550537,0.76056307554245,-0.07252421975135803,-0.3031921684741974,0,2000,strong,4,80,42,1.0,0.0,walk
276,5.5200000000000005,1.0,0.0,-0.3937387466430664,0.7985281944274902,-0.0944674015045166,-0.37823793292045593,0,2000,strong,4,80,42,1.0,0.0,walk
277,5.54,1.0,0.0,-0.39091169834136963,0.8200076818466187,-0.11870971322059631,-0.45551466941833496,0,2000,strong,4,80,42,1.0,0.0,walk
278,5.5600000000000005,1.0,0.0,-0.3874095678329468,0.8239526152610779,-0.1397014707326889,-0.3818672299385071,0,2000,strong,4,80,42,1.0,0.0,walk
279,5.58,1.0,0.0,-0.3857649564743042,0.8060221076011658,-0.1571504771709442,-0.2648524343967438,0,2000,strong,4,80,42,1.0,0.0,walk
280,5.6000000000000005,1.0,0.0,-0.38510286808013916,0.7288055419921875,-0.09920360893011093,0.12602278590202332,0,2000,strong,4,80,42,1.0,0.0,walk
281,5.62,1.0,0.0,-0.3891414403915405,0.6822448968887329,-0.06333912909030914,0.4383949935436249,0,2000,strong,4,80,42,1.0,0.0,walk
282,5.64,1.0,0.0,-0.39404475688934326,0.6625389456748962,-0.0452379435300827,0.20726251602172852,0,2000,strong,4,80,42,1.0,0.0,walk
283,5.66,1.0,0.0,-0.3950759172439575,0.6579865217208862,-0.03480849042534828,-0.34163498878479004,0,2000,strong,4,80,42,1.0,0.0,walk
284,5.68,1.0,0.0,-0.3908644914627075,0.6471260786056519,-0.01964138261973858,-0.8582737445831299,0,2000,strong,4,80,42,1.0,0.0,walk
285,5.7,1.0,0.0,-0.38382887840270996,0.6315174102783203,0.009474282152950764,-0.9579876065254211,0,2000,strong,4,80,42,1.0,0.0,walk
286,5.72,1.0,0.0,-0.3772481679916382,0.6162058711051941,0.04059627279639244,-0.7441614866256714,0,2000,strong,4,80,42,1.0,0.0,walk
287,5.74,1.0,0.0,-0.37339329719543457,0.5980403423309326,0.06778677552938461,-0.41659873723983765,0,2000,strong,4,80,42,1.0,0.0,walk
288,5.76,1.0,0.0,-0.3725515604019165,0.5901352763175964,0.08629537373781204,-0.06935957074165344,0,2000,strong,4,80,42,1.0,0.0,walk
289,5.78,1.0,0.0,-0.3741638660430908,0.5894336104393005,0.09650993347167969,0.15013891458511353,0,2000,strong,4,80,42,1.0,0.0,walk
290,5.8,1.0,0.0,-0.37625420093536377,0.5930936932563782,0.10640686005353928,0.17646345496177673,0,2000,strong,4,80,42,1.0,0.0,walk
291,5.82,1.0,0.0,-0.3783644437789917,0.6053152680397034,0.12383421510457993,0.17265108227729797,0,2000,strong,4,80,42,1.0,0.0,walk
292,5.84,1.0,0.0,-0.37991034984588623,0.6190217137336731,0.14252690970897675,0.09864865988492966,0,2000,strong,4,80,42,1.0,0.0,walk
293,5.86,1.0,0.0,-0.3809713125228882,0.6442552208900452,0.1617356389760971,0.07387392967939377,0,2000,strong,4,80,42,1.0,0.0,walk
294,5.88,1.0,0.0,-0.3807182312011719,0.6845606565475464,0.17377401888370514,0.015368940308690071,0,2000,strong,4,80,42,1.0,0.0,walk
295,5.9,1.0,0.0,-0.379935622215271,0.7292037606239319,0.1912584751844406,0.0380757600069046,0,2000,strong,4,80,42,1.0,0.0,walk
296,5.92,1.0,0.0,-0.3786097764968872,0.7685878276824951,0.2142127901315689,-0.0026570658665150404,0,2000,strong,4,80,42,1.0,0.0,walk
297,5.94,1.0,0.0,-0.3762458562850952,0.7944404482841492,0.24420425295829773,-0.1373865008354187,0,2000,strong,4,80,42,1.0,0.0,walk
298,5.96,1.0,0.0,-0.37289535999298096,0.8092234134674072,0.2787240147590637,-0.23543548583984375,0,2000,strong,4,80,42,1.0,0.0,walk
299,5.98,1.0,0.0,-0.37014877796173096,0.8217983841896057,0.31681081652641296,-0.14157575368881226,0,2000,strong,4,80,42,1.0,0.0,walk
300,6.0,1.0,0.0,-0.3689405918121338,0.8366145491600037,0.35444003343582153,-0.01091436855494976,0,2000,strong,4,80,42,1.0,0.0,walk
301,6.0200000000000005,1.0,0.0,-0.3702191114425659,0.7652058601379395,0.29177114367485046,-0.018575523048639297,0,2000,strong,4,80,42,1.0,0.0,walk
302,6.04,1.0,0.0,-0.3657371997833252,0.7099159955978394,0.22724653780460358,-0.5891364812850952,0,2000,strong,4,80,42,1.0,0.0,walk
303,6.0600000000000005,1.0,0.0,-0.35793864727020264,0.6592512130737305,0.1853303164243698,-0.558860182762146,0,2000,strong,4,80,42,1.0,0.0,walk
304,6.08,1.0,0.0,-0.35178911685943604,0.6140429973602295,0.16244755685329437,-0.12003107368946075,0,2000,strong,4,80,42,1.0,0.0,walk
305,6.1000000000000005,1.0,0.0,-0.35049641132354736,0.5839104652404785,0.1413240283727646,0.37999898195266724,0,2000,strong,4,80,42,1.0,0.0,walk
306,6.12,1.0,0.0,-0.3533700704574585,0.5659246444702148,0.11954864859580994,0.6414494514465332,0,2000,strong,4,80,42,1.0,0.0,walk
307,6.140000000000001,1.0,0.0,-0.3571889400482178,0.5696644186973572,0.08954917639493942,0.5149783492088318,0,2000,strong,4,80,42,1.0,0.0,walk
308,6.16,1.0,0.0,-0.3593202829360962,0.5844805836677551,0.06487203389406204,0.21874183416366577,0,2000,strong,4,80,42,1.0,0.0,walk
309,6.18,1.0,0.0,-0.3583947420120239,0.5917226076126099,0.046778250485658646,-0.12316250801086426,0,2000,strong,4,80,42,1.0,0.0,walk
310,6.2,1.0,0.0,-0.3546499013900757,0.5881724953651428,0.03099476359784603,-0.3884662985801697,0,2000,strong,4,80,42,1.0,0.0,walk
311,6.22,1.0,0.0,-0.3488125801086426,0.5916059613227844,0.01922100968658924,-0.5924882292747498,0,2000,strong,4,80,42,1.0,0.0,walk
312,6.24,1.0,0.0,-0.3421752452850342,0.593471348285675,0.006320944055914879,-0.6156834363937378,0,2000,strong,4,80,42,1.0,0.0,walk
313,6.26,1.0,0.0,-0.33598875999450684,0.5965548753738403,-0.010901606641709805,-0.5346068143844604,0,2000,strong,4,80,42,1.0,0.0,walk
314,6.28,1.0,0.0,-0.33048713207244873,0.6090009808540344,-0.03029993362724781,-0.5099095106124878,0,2000,strong,4,80,42,1.0,0.0,walk
315,6.3,1.0,0.0,-0.326252818107605,0.6324353814125061,-0.04612644016742706,-0.38515791296958923,0,2000,strong,4,80,42,1.0,0.0,walk
316,6.32,1.0,0.0,-0.3237563371658325,0.6684193015098572,-0.05812869966030121,-0.27674317359924316,0,2000,strong,4,80,42,1.0,0.0,walk
317,6.34,1.0,0.0,-0.32242023944854736,0.7090279459953308,-0.07198085635900497,-0.2554432451725006,0,2000,strong,4,80,42,1.0,0.0,walk
318,6.36,1.0,0.0,-0.3214423656463623,0.750818133354187,-0.09165800362825394,-0.28589069843292236,0,2000,strong,4,80,42,1.0,0.0,walk
319,6.38,1.0,0.0,-0.31982576847076416,0.7824129462242126,-0.11774369329214096,-0.3697638511657715,0,2000,strong,4,80,42,1.0,0.0,walk
320,6.4,1.0,0.0,-0.31707894802093506,0.7947334051132202,-0.14146649837493896,-0.39235854148864746,0,2000,strong,4,80,42,1.0,0.0,walk
321,6.42,1.0,0.0,-0.3147217035293579,0.7960760593414307,-0.16210635006427765,-0.21206319332122803,0,2000,strong,4,80,42,1.0,0.0,walk
322,6.44,1.0,0.0,-0.31373655796051025,0.737725019454956,-0.14061467349529266,-0.15147486329078674,0,2000,strong,4,80,42,1.0,0.0,walk
323,6.46,1.0,0.0,-0.3157796859741211,0.6855038404464722,-0.09278695285320282,0.4034563899040222,0,2000,strong,4,80,42,1.0,0.0,walk
324,6.48,1.0,0.0,-0.32170581817626953,0.6562395691871643,-0.06577562540769577,0.478845477104187,0,2000,strong,4,80,42,1.0,0.0,walk
325,6.5,1.0,0.0,-0.3260289430618286,0.6481657028198242,-0.05380244925618172,0.058101147413253784,0,2000,strong,4,80,42,1.0,0.0,walk
326,6.5200000000000005,1.0,0.0,-0.32538938522338867,0.6419970989227295,-0.03994745761156082,-0.5448869466781616,0,2000,strong,4,80,42,1.0,0.0,walk
327,6.54,1.0,0.0,-0.3194166421890259,0.6294878125190735,-0.019332341849803925,-1.018323540687561,0,2000,strong,4,80,42,1.0,0.0,walk
328,6.5600000000000005,1.0,0.0,-0.31187760829925537,0.614569365978241,0.01566958799958229,-0.8919215798377991,0,2000,strong,4,80,42,1.0,0.0,walk
329,6.58,1.0,0.0,-0.30647575855255127,0.5969380736351013,0.04747658222913742,-0.5894370079040527,0,2000,strong,4,80,42,1.0,0.0,walk
330,6.6000000000000005,1.0,0.0,-0.30448293685913086,0.5871073007583618,0.07074309885501862,-0.18366128206253052,0,2000,strong,4,80,42,1.0,0.0,walk
331,6.62,1.0,0.0,-0.3054286241531372,0.5833001732826233,0.08521652221679688,0.08953258395195007,0,2000,strong,4,80,42,1.0,0.0,walk
332,6.640000000000001,1.0,0.0,-0.30780088901519775,0.5901361703872681,0.09344633668661118,0.2256152629852295,0,2000,strong,4,80,42,1.0,0.0,walk
333,6.66,1.0,0.0,-0.3109065294265747,0.6002203226089478,0.10501706600189209,0.2889530062675476,0,2000,strong,4,80,42,1.0,0.0,walk
334,6.68,1.0,0.0,-0.3138713836669922,0.6148409843444824,0.12135259807109833,0.24898585677146912,0,2000,strong,4,80,42,1.0,0.0,walk
335,6.7,1.0,0.0,-0.31591808795928955,0.6317680478096008,0.1395430713891983,0.132639080286026,0,2000,strong,4,80,42,1.0,0.0,walk
336,6.72,1.0,0.0,-0.31667494773864746,0.6608618497848511,0.15519832074642181,0.08804197609424591,0,2000,strong,4,80,42,1.0,0.0,walk
337,6.74,1.0,0.0,-0.3167095184326172,0.6990668177604675,0.1714613139629364,0.07292407751083374,0,2000,strong,4,80,42,1.0,0.0,walk
338,6.76,1.0,0.0,-0.3159588575363159,0.7387192249298096,0.19125382602214813,0.02794734574854374,0,2000,strong,4,80,42,1.0,0.0,walk
339,6.78,1.0,0.0,-0.3142228126525879,0.7716617584228516,0.2171882688999176,-0.05203747749328613,0,2000,strong,4,80,42,1.0,0.0,walk
340,6.8,1.0,0.0,-0.31148338317871094,0.7924915552139282,0.24995815753936768,-0.1693376898765564,0,2000,strong,4,80,42,1.0,0.0,walk
341,6.82,1.0,0.0,-0.30831682682037354,0.8042474985122681,0.2866791784763336,-0.20908722281455994,0,2000,strong,4,80,42,1.0,0.0,walk
342,6.84,1.0,0.0,-0.30599725246429443,0.8147911429405212,0.32475921511650085,-0.13321030139923096,0,2000,strong,4,80,42,1.0,0.0,walk
343,6.86,1.0,0.0,-0.30475497245788574,0.7914021611213684,0.35334739089012146,0.2272554188966751,0,2000,strong,4,80,42,1.0,0.0,walk
344,6.88,1.0,0.0,-0.3047349452972412,0.7277353405952454,0.262135773897171,-0.29283684492111206,0,2000,strong,4,80,42,1.0,0.0,walk
345,6.9,1.0,0.0,-0.29862987995147705,0.6769968867301941,0.20488111674785614,-0.5825872421264648,0,2000,strong,4,80,42,1.0,0.0,walk
346,6.92,1.0,0.0,-0.29200053215026855,0.6308281421661377,0.17385536432266235,-0.29360488057136536,0,2000,strong,4,80,42,1.0,0.0,walk
347,6.94,1.0,0.0,-0.288638710975647,0.5953757762908936,0.15281391143798828,0.1795741319656372,0,2000,strong,4,80,42,1.0,0.0,walk
348,6.96,1.0,0.0,-0.2898648977279663,0.5614955425262451,0.1270219385623932,0.6106753349304199,0,2000,strong,4,80,42,1.0,0.0,walk
349,6.98,1.0,0.0,-0.2950657606124878,0.5684975385665894,0.10649054497480392,0.7539978623390198,0,2000,strong,4,80,42,1.0,0.0,walk
350,7.0,1.0,0.0,-0.2991504669189453,0.5918441414833069,0.08251092582941055,0.3600360155105591,0,2000,strong,4,80,42,1.0,0.0,walk
351,7.0200000000000005,1.0,0.0,-0.29921162128448486,0.5876917243003845,0.05369812995195389,0.016922026872634888,0,2000,strong,4,80,42,1.0,0.0,walk
352,7.04,1.0,0.0,-0.2962871789932251,0.5958441495895386,0.03663502261042595,-0.2910923957824707,0,2000,strong,4,80,42,1.0,0.0,walk
353,7.0600000000000005,1.0,0.0,-0.29161059856414795,0.6006141304969788,0.023355523124337196,-0.4439796209335327,0,2000,strong,4,80,42,1.0,0.0,walk
354,7.08,1.0,0.0,-0.28637266159057617,0.5940437912940979,0.016244877129793167,-0.48303472995758057,0,2000,strong,4,80,42,1.0,0.0,walk
355,7.1000000000000005,1.0,0.0,-0.2810317277908325,0.6022672057151794,0.0035997722297906876,-0.4785982370376587,0,2000,strong,4,80,42,1.0,0.0,walk
356,7.12,1.0,0.0,-0.27540123462677,0.6106764674186707,-0.018647946417331696,-0.5255236029624939,0,2000,strong,4,80,42,1.0,0.0,walk
357,7.140000000000001,1.0,0.0,-0.26990020275115967,0.6364954113960266,-0.035654615610837936,-0.5460517406463623,0,2000,strong,4,80,42,1.0,0.0,walk
358,7.16,1.0,0.0,-0.26564621925354004,0.6607335209846497,-0.049618497490882874,-0.4000568985939026,0,2000,strong,4,80,42,1.0,0.0,walk
359,7.18,1.0,0.0,-0.26340317726135254,0.6956178545951843,-0.05969155579805374,-0.2827700972557068,0,2000,strong,4,80,42,1.0,0.0,walk
360,7.2,1.0,0.0,-0.2620573043823242,0.7364549040794373,-0.07363492250442505,-0.29616934061050415,0,2000,strong,4,80,42,1.0,0.0,walk
361,7.22,1.0,0.0,-0.2605412006378174,0.7742791175842285,-0.09514715522527695,-0.3481220006942749,0,2000,strong,4,80,42,1.0,0.0,walk
362,7.24,1.0,0.0,-0.2583967447280884,0.7955483198165894,-0.12113044410943985,-0.3911074101924896,0,2000,strong,4,80,42,1.0,0.0,walk
363,7.26,1.0,0.0,-0.25539910793304443,0.8007217049598694,-0.14403663575649261,-0.3703024089336395,0,2000,strong,4,80,42,1.0,0.0,walk
364,7.28,1.0,0.0,-0.253786563873291,0.8011226654052734,-0.16297796368598938,-0.07182148844003677,0,2000,strong,4,80,42,1.0,0.0,walk
365,7.3,1.0,0.0,-0.2537623643875122,0.7238492965698242,-0.12266162782907486,0.09729021787643433,0,2000,strong,4,80,42,1.0,0.0,walk
366,7.32,1.0,0.0,-0.25769102573394775,0.6789241433143616,-0.083859883248806,0.45914673805236816,0,2000,strong,4,80,42,1.0,0.0,walk
367,7.34,1.0,0.0,-0.2632561922073364,0.6582375764846802,-0.06269846856594086,0.31439924240112305,0,2000,strong,4,80,42,1.0,0.0,walk
368,7.36,1.0,0.0,-0.2655593156814575,0.6541059613227844,-0.05205899477005005,-0.20538941025733948,0,2000,strong,4,80,42,1.0,0.0,walk
369,7.38,1.0,0.0,-0.2625211477279663,0.6478886008262634,-0.033590395003557205,-0.7544760704040527,0,2000,strong,4,80,42,1.0,0.0,walk
370,7.4,1.0,0.0,-0.2555888891220093,0.6311533451080322,-0.00800170749425888,-1.0124077796936035,0,2000,strong,4,80,42,1.0,0.0,walk
371,7.42,1.0,0.0,-0.24853086471557617,0.6167603135108948,0.026833422482013702,-0.7897217273712158,0,2000,strong,4,80,42,1.0,0.0,walk
372,7.44,1.0,0.0,-0.2441922426223755,0.6007458567619324,0.056092023849487305,-0.4659404456615448,0,2000,strong,4,80,42,1.0,0.0,walk
373,7.46,1.0,0.0,-0.2428821325302124,0.595238983631134,0.07601035386323929,-0.12343142926692963,0,2000,strong,4,80,42,1.0,0.0,walk
374,7.48,1.0,0.0,-0.2439645528793335,0.5950177311897278,0.08973187208175659,0.10918508470058441,0,2000,strong,4,80,42,1.0,0.0,walk
375,7.5,1.0,0.0,-0.2461165189743042,0.6042830944061279,0.09968026727437973,0.2051742672920227,0,2000,strong,4,80,42,1.0,0.0,walk
376,7.5200000000000005,1.0,0.0,-0.24873578548431396,0.6182385087013245,0.1138405054807663,0.2508912682533264,0,2000,strong,4,80,42,1.0,0.0,walk
377,7.54,1.0,0.0,-0.2512166500091553,0.6357831954956055,0.13326381146907806,0.2103903889656067,0,2000,strong,4,80,42,1.0,0.0,walk
378,7.5600000000000005,1.0,0.0,-0.2526959180831909,0.6600241661071777,0.15190567076206207,0.10276497900485992,0,2000,strong,4,80,42,1.0,0.0,walk
379,7.58,1.0,0.0,-0.2532014846801758,0.6953906416893005,0.16900241374969482,0.09618815779685974,0,2000,strong,4,80,42,1.0,0.0,walk
380,7.6000000000000005,1.0,0.0,-0.25306105613708496,0.737590491771698,0.18658800423145294,0.07875639200210571,0,2000,strong,4,80,42,1.0,0.0,walk
381,7.62,1.0,0.0,-0.2521601915359497,0.7771188020706177,0.20910732448101044,0.03461804613471031,0,2000,strong,4,80,42,1.0,0.0,walk
382,7.640000000000001,1.0,0.0,-0.25059807300567627,0.8058056831359863,0.23987561464309692,-0.03782039135694504,0,2000,strong,4,80,42,1.0,0.0,walk
383,7.66,1.0,0.0,-0.248291015625,0.8231435418128967,0.27486082911491394,-0.13657307624816895,0,2000,strong,4,80,42,1.0,0.0,walk
384,7.68,1.0,0.0,-0.2460784912109375,0.8343177437782288,0.3130589723587036,-0.13490554690361023,0,2000,strong,4,80,42,1.0,0.0,walk
385,7.7,1.0,0.0,-0.24462735652923584,0.8468637466430664,0.3512876331806183,-0.06841357052326202,0,2000,strong,4,80,42,1.0,0.0,walk
386,7.72,1.0,0.0,-0.24497520923614502,0.7788465619087219,0.2816592752933502,-0.1234530434012413,0,2000,strong,4,80,42,1.0,0.0,walk
387,7.74,1.0,0.0,-0.2403320074081421,0.7282674312591553,0.21323664486408234,-0.5692112445831299,0,2000,strong,4,80,42,1.0,0.0,walk
388,7.76,1.0,0.0,-0.23330402374267578,0.6824226379394531,0.17091438174247742,-0.4617592692375183,0,2000,strong,4,80,42,1.0,0.0,walk
389,7.78,1.0,0.0,-0.2283700704574585,0.6422709226608276,0.14474186301231384,0.02679160237312317,0,2000,strong,4,80,42,1.0,0.0,walk
390,7.8,1.0,0.0,-0.22818362712860107,0.6163192391395569,0.12135147303342819,0.504224419593811,0,2000,strong,4,80,42,1.0,0.0,walk
391,7.82,1.0,0.0,-0.23206710815429688,0.6042335033416748,0.09854643791913986,0.7432049512863159,0,2000,strong,4,80,42,1.0,0.0,walk
392,7.84,1.0,0.0,-0.23675477504730225,0.6096163988113403,0.06794053316116333,0.585120677947998,0,2000,strong,4,80,42,1.0,0.0,walk
393,7.86,1.0,0.0,-0.23921942710876465,0.6251655220985413,0.042588263750076294,0.2241683304309845,0,2000,strong,4,80,42,1.0,0.0,walk
394,7.88,1.0,0.0,-0.23822128772735596,0.6313545107841492,0.025018716230988503,-0.13625679910182953,0,2000,strong,4,80,42,1.0,0.0,walk
395,7.9,1.0,0.0,-0.23424208164215088,0.627511739730835,0.009977970272302628,-0.4172176122665405,0,2000,strong,4,80,42,1.0,0.0,walk
396,7.92,1.0,0.0,-0.2280656099319458,0.6308485865592957,-0.0012563527561724186,-0.6272919178009033,0,2000,strong,4,80,42,1.0,0.0,walk
397,7.94,1.0,0.0,-0.22094941139221191,0.6343095898628235,-0.011836420744657516,-0.6687299609184265,0,2000,strong,4,80,42,1.0,0.0,walk
398,7.96,1.0,0.0,-0.2141779661178589,0.6392210721969604,-0.028208011761307716,-0.5852804183959961,0,2000,strong,4,80,42,1.0,0.0,walk
399,7.98,1.0,0.0,-0.2082139253616333,0.6538540124893188,-0.046596333384513855,-0.5497639179229736,0,2000,strong,4,80,42,1.0,0.0,walk
400,8.0,1.0,0.0,-0.20378100872039795,0.67924565076828,-0.061315618455410004,-0.3947508931159973,0,2000,strong,4,80,42,1.0,0.0,walk
401,8.02,1.0,0.0,-0.20149314403533936,0.7144933342933655,-0.07358988374471664,-0.24352431297302246,0,2000,strong,4,80,42,1.0,0.0,walk
402,8.040000000000001,1.0,0.0,-0.20071518421173096,0.7566410899162292,-0.08767842501401901,-0.19192564487457275,0,2000,strong,4,80,42,1.0,0.0,walk
403,8.06,1.0,0.0,-0.20040810108184814,0.8001150488853455,-0.10819222033023834,-0.22255420684814453,0,2000,strong,4,80,42,1.0,0.0,walk
404,8.08,1.0,0.0,-0.19960808753967285,0.8321762681007385,-0.134578138589859,-0.28122478723526,0,2000,strong,4,80,42,1.0,0.0,walk
405,8.1,1.0,0.0,-0.19781005382537842,0.8432922959327698,-0.16076034307479858,-0.2913185954093933,0,2000,strong,4,80,42,1.0,0.0,walk
406,8.120000000000001,1.0,0.0,-0.19663405418395996,0.8437288999557495,-0.18231801688671112,-0.08618935942649841,0,2000,strong,4,80,42,1.0,0.0,walk
407,8.14,1.0,0.0,-0.19598186016082764,0.7638728618621826,-0.1513652801513672,-0.020782768726348877,0,2000,strong,4,80,42,1.0,0.0,walk
408,8.16,1.0,0.0,-0.19916212558746338,0.7076622247695923,-0.105249784886837,0.4617416560649872,0,2000,strong,4,80,42,1.0,0.0,walk
409,8.18,1.0,0.0,-0.20509660243988037,0.6759206056594849,-0.08138882368803024,0.4184004068374634,0,2000,strong,4,80,42,1.0,0.0,walk
410,8.2,1.0,0.0,-0.20850980281829834,0.6651208400726318,-0.07011393457651138,-0.04991216957569122,0,2000,strong,4,80,42,1.0,0.0,walk
411,8.22,1.0,0.0,-0.20669925212860107,0.6594971418380737,-0.05394311994314194,-0.6507951021194458,0,2000,strong,4,80,42,1.0,0.0,walk
412,8.24,1.0,0.0,-0.20018529891967773,0.6468228697776794,-0.03329138457775116,-1.0121252536773682,0,2000,strong,4,80,42,1.0,0.0,walk
413,8.26,1.0,0.0,-0.19324791431427002,0.6263850927352905,0.002140430733561516,-0.8019819259643555,0,2000,strong,4,80,42,1.0,0.0,walk
414,8.28,1.0,0.0,-0.18891942501068115,0.6051271557807922,0.03386369347572327,-0.48272496461868286,0,2000,strong,4,80,42,1.0,0.0,walk
415,8.3,1.0,0.0,-0.1876429319381714,0.5937970280647278,0.054744236171245575,-0.14016959071159363,0,2000,strong,4,80,42,1.0,0.0,walk
416,8.32,1.0,0.0,-0.18877756595611572,0.5899409055709839,0.06803576648235321,0.09589700400829315,0,2000,strong,4,80,42,1.0,0.0,walk
417,8.34,1.0,0.0,-0.19121885299682617,0.5944569110870361,0.07815221697092056,0.21855300664901733,0,2000,strong,4,80,42,1.0,0.0,walk
418,8.36,1.0,0.0,-0.19409489631652832,0.6040639281272888,0.09058129787445068,0.2557341456413269,0,2000,strong,4,80,42,1.0,0.0,walk
419,8.38,1.0,0.0,-0.19680142402648926,0.6199162602424622,0.10714653134346008,0.22884869575500488,0,2000,strong,4,80,42,1.0,0.0,walk
420,8.4,1.0,0.0,-0.1986560821533203,0.6402245759963989,0.12478365004062653,0.11983272433280945,0,2000,strong,4,80,42,1.0,0.0,walk
421,8.42,1.0,0.0,-0.19929659366607666,0.6720516681671143,0.14097881317138672,0.08049031347036362,0,2000,strong,4,80,42,1.0,0.0,walk
422,8.44,1.0,0.0,-0.19936072826385498,0.7124940156936646,0.15741458535194397,0.0827132984995842,0,2000,strong,4,80,42,1.0,0.0,walk
423,8.46,1.0,0.0,-0.19871091842651367,0.7541919350624084,0.1766202598810196,0.041530147194862366,0,2000,strong,4,80,42,1.0,0.0,walk
424,8.48,1.0,0.0,-0.19718921184539795,0.787543773651123,0.20226897299289703,-0.03306262195110321,0,2000,strong,4,80,42,1.0,0.0,walk
425,8.5,1.0,0.0,-0.19480526447296143,0.8088722229003906,0.2339494228363037,-0.1349426507949829,0,2000,strong,4,80,42,1.0,0.0,walk
426,8.52,1.0,0.0,-0.1921626329421997,0.8223559260368347,0.26940643787384033,-0.1649816632270813,0,2000,strong,4,80,42,1.0,0.0,walk
427,8.540000000000001,1.0,0.0,-0.1903214454650879,0.8345810770988464,0.30640774965286255,-0.09624797105789185,0,2000,strong,4,80,42,1.0,0.0,walk
428,8.56,1.0,0.0,-0.18934786319732666,0.8250271081924438,0.33691030740737915,0.16760215163230896,0,2000,strong,4,80,42,1.0,0.0,walk
429,8.58,1.0,0.0,-0.1895756721496582,0.7585877180099487,0.24655656516551971,-0.28986281156539917,0,2000,strong,4,80,42,1.0,0.0,walk
430,8.6,1.0,0.0,-0.18350541591644287,0.7044752836227417,0.18919460475444794,-0.5849615335464478,0,2000,strong,4,80,42,1.0,0.0,walk
431,8.620000000000001,1.0,0.0,-0.1767796277999878,0.6552876234054565,0.15714207291603088,-0.3035160005092621,0,2000,strong,4,80,42,1.0,0.0,walk
432,8.64,1.0,0.0,-0.17328011989593506,0.6168370246887207,0.13591355085372925,0.18376201391220093,0,2000,strong,4,80,42,1.0,0.0,walk
433,8.66,1.0,0.0,-0.1745673418045044,0.5851354002952576,0.11316365748643875,0.6193495988845825,0,2000,strong,4,80,42,1.0,0.0,walk
434,8.68,1.0,0.0,-0.17965781688690186,0.5875229835510254,0.09215284138917923,0.7617319226264954,0,2000,strong,4,80,42,1.0,0.0,walk
435,8.700000000000001,1.0,0.0,-0.1841062307357788,0.6065302491188049,0.06774915754795074,0.4344983696937561,0,2000,strong,4,80,42,1.0,0.0,walk
436,8.72,1.0,0.0,-0.18482577800750732,0.6053613424301147,0.040839821100234985,0.06604552268981934,0,2000,strong,4,80,42,1.0,0.0,walk
437,8.74,1.0,0.0,-0.18255269527435303,0.6122044920921326,0.024622371420264244,-0.23382437229156494,0,2000,strong,4,80,42,1.0,0.0,walk
438,8.76,1.0,0.0,-0.17819559574127197,0.6121976971626282,0.01124838087707758,-0.42973917722702026,0,2000,strong,4,80,42,1.0,0.0,walk
439,8.78,1.0,0.0,-0.17280137538909912,0.6087696552276611,0.00385784893296659,-0.5108091235160828,0,2000,strong,4,80,42,1.0,0.0,walk
440,8.8,1.0,0.0,-0.16722166538238525,0.6131429672241211,-0.010026019997894764,-0.49879077076911926,0,2000,strong,4,80,42,1.0,0.0,walk
441,8.82,1.0,0.0,-0.1614396572113037,0.6200615763664246,-0.03190810978412628,-0.5264943838119507,0,2000,strong,4,80,42,1.0,0.0,walk
442,8.84,1.0,0.0,-0.15605223178863525,0.642373263835907,-0.04929070547223091,-0.5120226144790649,0,2000,strong,4,80,42,1.0,0.0,walk
443,8.86,1.0,0.0,-0.15225005149841309,0.6674785017967224,-0.06278593838214874,-0.342058002948761,0,2000,strong,4,80,42,1.0,0.0,walk
444,8.88,1.0,0.0,-0.15068674087524414,0.7032508254051208,-0.07340322434902191,-0.20486366748809814,0,2000,strong,4,80,42,1.0,0.0,walk
445,8.9,1.0,0.0,-0.15018677711486816,0.7451878190040588,-0.08872900158166885,-0.2097947895526886,0,2000,strong,4,80,42,1.0,0.0,walk
446,8.92,1.0,0.0,-0.14959228038787842,0.7842395901679993,-0.11206895858049393,-0.25685134530067444,0,2000,strong,4,80,42,1.0,0.0,walk
447,8.94,1.0,0.0,-0.14839279651641846,0.8076120615005493,-0.13871663808822632,-0.30623728036880493,0,2000,strong,4,80,42,1.0,0.0,walk
448,8.96,1.0,0.0,-0.14625060558319092,0.8134540915489197,-0.16332972049713135,-0.2971547544002533,0,2000,strong,4,80,42,1.0,0.0,walk
449,8.98,1.0,0.0,-0.14523160457611084,0.8147199749946594,-0.18514320254325867,-0.041876137256622314,0,2000,strong,4,80,42,1.0,0.0,walk
450,9.0,1.0,0.0,-0.14500927925109863,0.7347219586372375,-0.1388944387435913,0.10764756798744202,0,2000,strong,4,80,42,1.0,0.0,walk
451,9.02,1.0,0.0,-0.14939665794372559,0.6834889054298401,-0.09662625938653946,0.534822940826416,0,2000,strong,4,80,42,1.0,0.0,walk
452,9.040000000000001,1.0,0.0,-0.15592420101165771,0.6557313799858093,-0.07404271513223648,0.4206371307373047,0,2000,strong,4,80,42,1.0,0.0,walk
453,9.06,1.0,0.0,-0.1592555046081543,0.6464595794677734,-0.061530616134405136,-0.09403771162033081,0,2000,strong,4,80,42,1.0,0.0,walk
454,9.08,1.0,0.0,-0.15727341175079346,0.6356534361839294,-0.044393230229616165,-0.6565199494361877,0,2000,strong,4,80,42,1.0,0.0,walk
455,9.1,1.0,0.0,-0.1511441469192505,0.6161541938781738,-0.019012359902262688,-0.9471085667610168,0,2000,strong,4,80,42,1.0,0.0,walk
456,9.120000000000001,1.0,0.0,-0.14460110664367676,0.5998257398605347,0.01595974713563919,-0.7478207349777222,0,2000,strong,4,80,42,1.0,0.0,walk
457,9.14,1.0,0.0,-0.14064455032348633,0.5831005573272705,0.04558078199625015,-0.4348871111869812,0,2000,strong,4,80,42,1.0,0.0,walk
458,9.16,1.0,0.0,-0.13966906070709229,0.5767572522163391,0.06565376371145248,-0.09063498675823212,0,2000,strong,4,80,42,1.0,0.0,walk
459,9.18,1.0,0.0,-0.1409825086593628,0.5748250484466553,0.07994262874126434,0.12291263043880463,0,2000,strong,4,80,42,1.0,0.0,walk
460,9.200000000000001,1.0,0.0,-0.14324533939361572,0.5824787616729736,0.08946221321821213,0.2133965790271759,0,2000,strong,4,80,42,1.0,0.0,walk
461,9.22,1.0,0.0,-0.14590132236480713,0.5943009257316589,0.10366128385066986,0.2532593309879303,0,2000,strong,4,80,42,1.0,0.0,walk
462,9.24,1.0,0.0,-0.14838886260986328,0.6098275780677795,0.12372755259275436,0.20423570275306702,0,2000,strong,4,80,42,1.0,0.0,walk
463,9.26,1.0,0.0,-0.14987194538116455,0.63236004114151,0.14224526286125183,0.10366126894950867,0,2000,strong,4,80,42,1.0,0.0,walk
464,9.28,1.0,0.0,-0.15029871463775635,0.666598916053772,0.1589038074016571,0.08570346236228943,0,2000,strong,4,80,42,1.0,0.0,walk
465,9.3,1.0,0.0,-0.15011489391326904,0.7083308100700378,0.1764734536409378,0.07719545066356659,0,2000,strong,4,80,42,1.0,0.0,walk
466,9.32,1.0,0.0,-0.14927875995635986,0.7473202347755432,0.1988373100757599,0.04761585593223572,0,2000,strong,4,80,42,1.0,0.0,walk
467,9.34,1.0,0.0,-0.14785921573638916,0.7754855155944824,0.22899125516414642,-0.017032098025083542,0,2000,strong,4,80,42,1.0,0.0,walk
468,9.36,1.0,0.0,-0.14576315879821777,0.7920499444007874,0.26326701045036316,-0.10964301228523254,0,2000,strong,4,80,42,1.0,0.0,walk
469,9.38,1.0,0.0,-0.14383578300476074,0.8023927211761475,0.30102360248565674,-0.09804309904575348,0,2000,strong,4,80,42,1.0,0.0,walk
470,9.4,1.0,0.0,-0.14281690120697021,0.8143351078033447,0.33846789598464966,-0.018737616017460823,0,2000,strong,4,80,42,1.0,0.0,walk
471,9.42,1.0,0.0,-0.14368999004364014,0.7572027444839478,0.29437246918678284,0.01786298304796219,0,2000,strong,4,80,42,1.0,0.0,walk
472,9.44,1.0,0.0,-0.14038491249084473,0.7068376541137695,0.22631758451461792,-0.5114290714263916,0,2000,strong,4,80,42,1.0,0.0,walk
473,9.46,1.0,0.0,-0.13344919681549072,0.6592872142791748,0.1822696179151535,-0.5066875219345093,0,2000,strong,4,80,42,1.0,0.0,walk
474,9.48,1.0,0.0,-0.12811696529388428,0.6155862808227539,0.1549770087003708,-0.02823200635612011,0,2000,strong,4,80,42,1.0,0.0,walk
475,9.5,1.0,0.0,-0.12742865085601807,0.5868420600891113,0.13768452405929565,0.4476054906845093,0,2000,strong,4,80,42,1.0,0.0,walk
476,9.52,1.0,0.0,-0.13103020191192627,0.5699043273925781,0.10858575254678726,0.7467937469482422,0,2000,strong,4,80,42,1.0,0.0,walk
477,9.540000000000001,1.0,0.0,-0.13602185249328613,0.575467050075531,0.07897556573152542,0.6375001668930054,0,2000,strong,4,80,42,1.0,0.0,walk
478,9.56,1.0,0.0,-0.139212965965271,0.5943922996520996,0.05370521545410156,0.30096614360809326,0,2000,strong,4,80,42,1.0,0.0,walk
479,9.58,1.0,0.0,-0.1389104127883911,0.6005733609199524,0.03406492620706558,-0.0641285628080368,0,2000,strong,4,80,42,1.0,0.0,walk
480,9.6,1.0,0.0,-0.13591492176055908,0.597143828868866,0.01655411720275879,-0.2997021973133087,0,2000,strong,4,80,42,1.0,0.0,walk
481,9.620000000000001,1.0,0.0,-0.13071537017822266,0.6028822660446167,0.0073777767829597,-0.5553123950958252,0,2000,strong,4,80,42,1.0,0.0,walk
482,9.64,1.0,0.0,-0.12406539916992188,0.6056416034698486,-0.0003273923066444695,-0.6459929347038269,0,2000,strong,4,80,42,1.0,0.0,walk
483,9.66,1.0,0.0,-0.11735022068023682,0.6042558550834656,-0.020487744361162186,-0.5738062858581543,0,2000,strong,4,80,42,1.0,0.0,walk
484,9.68,1.0,0.0,-0.11117196083068848,0.6174306869506836,-0.03971882537007332,-0.5688173770904541,0,2000,strong,4,80,42,1.0,0.0,walk
485,9.700000000000001,1.0,0.0,-0.10662376880645752,0.6398524641990662,-0.05388738214969635,-0.3893302381038666,0,2000,strong,4,80,42,1.0,0.0,walk
486,9.72,1.0,0.0,-0.10472333431243896,0.6684711575508118,-0.06392813473939896,-0.17560693621635437,0,2000,strong,4,80,42,1.0,0.0,walk
487,9.74,1.0,0.0,-0.10455095767974854,0.7106980085372925,-0.07762817293405533,-0.12512685358524323,0,2000,strong,4,80,42,1.0,0.0,walk
488,9.76,1.0,0.0,-0.10449230670928955,0.754490852355957,-0.09808626025915146,-0.2161250114440918,0,2000,strong,4,80,42,1.0,0.0,walk
489,9.78,1.0,0.0,-0.1039741039276123,0.787464439868927,-0.12453209608793259,-0.24219390749931335,0,2000,strong,4,80,42,1.0,0.0,walk
490,9.8,1.0,0.0,-0.10283052921295166,0.8002393245697021,-0.15155139565467834,-0.2513812780380249,0,2000,strong,4,80,42,1.0,0.0,walk
491,9.82,1.0,0.0,-0.10184800624847412,0.8013644814491272,-0.17470061779022217,-0.11532454192638397,0,2000,strong,4,80,42,1.0,0.0,walk
492,9.84,1.0,0.0,-0.10187625885009766,0.7534257173538208,-0.17335769534111023,-0.1956367790699005,0,2000,strong,4,80,42,1.0,0.0,walk
493,9.86,1.0,0.0,-0.10366952419281006,0.690676212310791,-0.10901858657598495,0.4322868585586548,0,2000,strong,4,80,42,1.0,0.0,walk
494,9.88,1.0,0.0,-0.11019039154052734,0.6528766751289368,-0.07796671986579895,0.5640352368354797,0,2000,strong,4,80,42,1.0,0.0,walk
495,9.9,1.0,0.0,-0.1157149076461792,0.6369447708129883,-0.062084831297397614,0.2167808711528778,0,2000,strong,4,80,42,1.0,0.0,walk
496,9.92,1.0,0.0,-0.11651229858398438,0.6287603974342346,-0.04790476709604263,-0.39823147654533386,0,2000,strong,4,80,42,1.0,0.0,walk
497,9.94,1.0,0.0,-0.11202347278594971,0.6126471161842346,-0.02775283344089985,-0.8727906346321106,0,2000,strong,4,80,42,1.0,0.0,walk
498,9.96,1.0,0.0,-0.10555219650268555,0.596891462802887,0.007524358108639717,-0.8160781860351562,0,2000,strong,4,80,42,1.0,0.0,walk
499,9.98,1.0,0.0,-1.1869338750839233,0.5823314785957336,0.038887910544872284,-0.5907062888145447,0,2000,strong,4,80,42,1.0,0.0,walk
500,10.0,1.0,0.0,-1.1846152544021606,0.5710394382476807,0.06393712759017944,-0.24821516871452332,0,2000,strong,4,80,42,1.0,0.0,walk
501,10.02,1.0,0.0,-1.1848169565200806,0.5666405558586121,0.07994017750024796,0.02565036341547966,0,2000,strong,4,80,42,1.0,0.0,walk
502,10.040000000000001,1.0,0.0,-1.186883568763733,0.5709867477416992,0.08911813050508499,0.2050953507423401,0,2000,strong,4,80,42,1.0,0.0,walk
503,10.06,1.0,0.0,-1.189595341682434,0.5776156187057495,0.10159239172935486,0.259050577878952,0,2000,strong,4,80,42,1.0,0.0,walk
504,10.08,1.0,0.0,-1.1926242113113403,0.590986430644989,0.12313444167375565,0.25208717584609985,0,2000,strong,4,80,42,1.0,0.0,walk
505,10.1,1.0,0.0,-1.1944056749343872,0.6072726845741272,0.1414094716310501,0.08529563248157501,0,2000,strong,4,80,42,1.0,0.0,walk
506,10.120000000000001,1.0,0.0,-1.1946994066238403,0.6363605856895447,0.16064876317977905,-0.0048992387019097805,0,2000,strong,4,80,42,1.0,0.0,walk
507,10.14,1.0,0.0,-1.1933537721633911,0.6790407299995422,0.17681962251663208,-0.09735307097434998,0,2000,strong,4,80,42,1.0,0.0,walk
508,10.16,1.0,0.0,-1.1904383897781372,0.7207037806510925,0.19922535121440887,-0.20795530080795288,0,2000,strong,4,80,42,1.0,0.0,walk
509,10.18,1.0,0.0,-1.1859599351882935,0.7523044943809509,0.23081843554973602,-0.3477665185928345,0,2000,strong,4,80,42,1.0,0.0,walk
510,10.200000000000001,1.0,0.0,-1.1797224283218384,0.7707098722457886,0.2686123549938202,-0.5384061932563782,0,2000,strong,4,80,42,1.0,0.0,walk
511,10.22,1.0,0.0,-1.1725276708602905,0.7811177968978882,0.3115246593952179,-0.603381872177124,0,2000,strong,4,80,42,1.0,0.0,walk
512,10.24,1.0,0.0,-1.1665183305740356,0.7928360104560852,0.35780850052833557,-0.42399659752845764,0,2000,strong,4,80,42,1.0,0.0,walk
513,10.26,1.0,0.0,-1.1628159284591675,0.7785214781761169,0.37138035893440247,0.15280310809612274,0,2000,strong,4,80,42,1.0,0.0,walk
514,10.28,1.0,0.0,-1.161737322807312,0.7136789560317993,0.28459206223487854,-0.4366249442100525,0,2000,strong,4,80,42,1.0,0.0,walk
515,10.3,1.0,0.0,-1.1537081003189087,0.6655962467193604,0.2267867773771286,-0.7932772636413574,0,2000,strong,4,80,42,1.0,0.0,walk
516,10.32,1.0,0.0,-1.1445904970169067,0.6225461363792419,0.19662019610404968,-0.5717016458511353,0,2000,strong,4,80,42,1.0,0.0,walk
517,10.34,1.0,0.0,-1.1385818719863892,0.58466637134552,0.1791800856590271,-0.11054743826389313,0,2000,strong,4,80,42,1.0,0.0,walk
518,10.36,1.0,0.0,-1.1372233629226685,0.5585824847221375,0.1615312546491623,0.2955038845539093,0,2000,strong,4,80,42,1.0,0.0,walk
519,10.38,1.0,0.0,-1.138893723487854,0.5493389368057251,0.1366160660982132,0.4043080508708954,0,2000,strong,4,80,42,1.0,0.0,walk
520,10.4,1.0,0.0,-1.1401320695877075,0.5589162707328796,0.11030957102775574,0.17570778727531433,0,2000,strong,4,80,42,1.0,0.0,walk
521,10.42,1.0,0.0,-1.1388674974441528,0.5689245462417603,0.09269926697015762,-0.13854272663593292,0,2000,strong,4,80,42,1.0,0.0,walk
522,10.44,1.0,0.0,-1.1346732378005981,0.5707554817199707,0.07787900418043137,-0.4378177523612976,0,2000,strong,4,80,42,1.0,0.0,walk
523,10.46,1.0,0.0,-1.1284509897232056,0.573543131351471,0.06624456495046616,-0.6097345948219299,0,2000,strong,4,80,42,1.0,0.0,walk
524,10.48,1.0,0.0,-1.121437668800354,0.576759397983551,0.05704135447740555,-0.6591479778289795,0,2000,strong,4,80,42,1.0,0.0,walk
525,10.5,1.0,0.0,-1.1148444414138794,0.5827300548553467,0.04455859214067459,-0.5780920386314392,0,2000,strong,4,80,42,1.0,0.0,walk
526,10.52,1.0,0.0,-1.1091138124465942,0.5904828906059265,0.025968998670578003,-0.5168787240982056,0,2000,strong,4,80,42,1.0,0.0,walk
527,10.540000000000001,1.0,0.0,-1.1042729616165161,0.6074680685997009,0.008849788457155228,-0.4767330586910248,0,2000,strong,4,80,42,1.0,0.0,walk
528,10.56,1.0,0.0,-1.0999528169631958,0.635775089263916,-0.003445920068770647,-0.49360400438308716,0,2000,strong,4,80,42,1.0,0.0,walk
529,10.58,1.0,0.0,-1.0956989526748657,0.6705115437507629,-0.013420420698821545,-0.5563138723373413,0,2000,strong,4,80,42,1.0,0.0,walk
530,10.6,1.0,0.0,-1.0911284685134888,0.7077873349189758,-0.023755066096782684,-0.6553061008453369,0,2000,strong,4,80,42,1.0,0.0,walk
531,10.620000000000001,1.0,0.0,-1.0855685472488403,0.7379900217056274,-0.0402628518640995,-0.7700707316398621,0,2000,strong,4,80,42,1.0,0.0,walk
532,10.64,1.0,0.0,-1.078842282295227,0.7523785829544067,-0.05677642673254013,-0.800539493560791,0,2000,strong,4,80,42,1.0,0.0,walk
533,10.66,1.0,0.0,-1.0723615884780884,0.7521530985832214,-0.06912679225206375,-0.6104632019996643,0,2000,strong,4,80,42,1.0,0.0,walk
534,10.68,1.0,0.0,-1.0687848329544067,0.7227634191513062,-0.0879502072930336,-0.35816219449043274,0,2000,strong,4,80,42,1.0,0.0,walk
535,10.700000000000001,1.0,0.0,-1.0679923295974731,0.6710740327835083,-0.025340501219034195,0.0312628336250782,0,2000,strong,4,80,42,1.0,0.0,walk
536,10.72,1.0,0.0,-1.0700923204421997,0.6370020508766174,0.0042657009325921535,0.17606320977210999,0,2000,strong,4,80,42,1.0,0.0,walk
537,10.74,1.0,0.0,-1.0720816850662231,0.6292151212692261,0.022141190245747566,-0.0968688577413559,0,2000,strong,4,80,42,1.0,0.0,walk
538,10.76,1.0,0.0,-1.0699864625930786,0.6355237364768982,0.034836430102586746,-0.675588071346283,0,2000,strong,4,80,42,1.0,0.0,walk
539,10.78,1.0,0.0,-1.0620023012161255,0.6343226432800293,0.052309196442365646,-1.2489970922470093,0,2000,strong,4,80,42,1.0,0.0,walk
540,10.8,1.0,0.0,-1.0517903566360474,0.6219165325164795,0.08376061171293259,-1.211605429649353,0,2000,strong,4,80,42,1.0,0.0,walk
541,10.82,1.0,0.0,-1.0429259538650513,0.6089105010032654,0.11296770721673965,-0.9570569396018982,0,2000,strong,4,80,42,1.0,0.0,walk
542,10.84,1.0,0.0,-1.037033200263977,0.5924158692359924,0.13657766580581665,-0.6007812023162842,0,2000,strong,4,80,42,1.0,0.0,walk
543,10.86,1.0,0.0,-1.0344678163528442,0.5835322737693787,0.15258155763149261,-0.19813096523284912,0,2000,strong,4,80,42,1.0,0.0,walk
544,10.88,1.0,0.0,-1.0356212854385376,0.5845845341682434,0.16215525567531586,0.16848035156726837,0,2000,strong,4,80,42,1.0,0.0,walk
545,10.9,1.0,0.0,-1.0384846925735474,0.5901759266853333,0.17289841175079346,0.2674716114997864,0,2000,strong,4,80,42,1.0,0.0,walk
546,10.92,1.0,0.0,-1.0412708520889282,0.6078482866287231,0.18936757743358612,0.21841125190258026,0,2000,strong,4,80,42,1.0,0.0,walk
547,10.94,1.0,0.0,-1.0425578355789185,0.6273947954177856,0.20591916143894196,0.047495730221271515,0,2000,strong,4,80,42,1.0,0.0,walk
548,10.96,1.0,0.0,-1.0427104234695435,0.6539788246154785,0.22615733742713928,-0.03385141119360924,0,2000,strong,4,80,42,1.0,0.0,walk
549,10.98,1.0,0.0,-1.0413414239883423,0.6968181133270264,0.2413513958454132,-0.09148012101650238,0,2000,strong,4,80,42,1.0,0.0,walk
550,11.0,1.0,0.0,-1.0392547845840454,0.743930459022522,0.2609494626522064,-0.09064096212387085,0,2000,strong,4,80,42,1.0,0.0,walk
551,11.02,1.0,0.0,-1.0364972352981567,0.7843515276908875,0.2875062823295593,-0.14221344888210297,0,2000,strong,4,80,42,1.0,0.0,walk
552,11.040000000000001,1.0,0.0,-1.0326262712478638,0.8105648159980774,0.3218919634819031,-0.27803558111190796,0,2000,strong,4,80,42,1.0,0.0,walk
553,11.06,1.0,0.0,-1.027992844581604,0.8264431953430176,0.3616511821746826,-0.3392312228679657,0,2000,strong,4,80,42,1.0,0.0,walk
554,11.08,1.0,0.0,-1.0245610475540161,0.8433691263198853,0.40534377098083496,-0.1682429313659668,0,2000,strong,4,80,42,1.0,0.0,walk
555,11.1,1.0,0.0,-1.023560643196106,0.8091800212860107,0.4005056321620941,0.5737704038619995,0,2000,strong,4,80,42,1.0,0.0,walk
556,11.120000000000001,1.0,0.0,-1.0235692262649536,0.7485330700874329,0.31024473905563354,-0.45881497859954834,0,2000,strong,4,80,42,1.0,0.0,walk
557,11.14,1.0,0.0,-1.0153805017471313,0.6951051950454712,0.24926108121871948,-0.8288112878799438,0,2000,strong,4,80,42,1.0,0.0,walk
558,11.16,1.0,0.0,-1.0061355829238892,0.6494614481925964,0.22301122546195984,-0.5907282829284668,0,2000,strong,4,80,42,1.0,0.0,walk
559,11.18,1.0,0.0,-0.9998189210891724,0.6066086292266846,0.2061208337545395,-0.16040970385074615,0,2000,strong,4,80,42,1.0,0.0,walk
560,11.200000000000001,1.0,0.0,-0.9976221323013306,0.5715005397796631,0.1909046322107315,0.2010522335767746,0,2000,strong,4,80,42,1.0,0.0,walk
561,11.22,1.0,0.0,-0.9978567361831665,0.5551853179931641,0.16179159283638,0.26025164127349854,0,2000,strong,4,80,42,1.0,0.0,walk
562,11.24,1.0,0.0,-0.9974552392959595,0.5586695671081543,0.13048820197582245,0.05297892913222313,0,2000,strong,4,80,42,1.0,0.0,walk
563,11.26,1.0,0.0,-0.9952965974807739,0.5654322504997253,0.10908803343772888,-0.1532449573278427,0,2000,strong,4,80,42,1.0,0.0,walk
564,11.28,1.0,0.0,-0.9914647340774536,0.5706862807273865,0.09714028984308243,-0.37399595975875854,0,2000,strong,4,80,42,1.0,0.0,walk
565,11.3,1.0,0.0,-0.9860330820083618,0.5797860026359558,0.08801236748695374,-0.5490527749061584,0,2000,strong,4,80,42,1.0,0.0,walk
566,11.32,1.0,0.0,-0.9790340662002563,0.5778593420982361,0.06869576871395111,-0.6641144156455994,0,2000,strong,4,80,42,1.0,0.0,walk
567,11.34,1.0,0.0,-0.9722086191177368,0.5891735553741455,0.05255262181162834,-0.586545467376709,0,2000,strong,4,80,42,1.0,0.0,walk
568,11.36,1.0,0.0,-0.9662429094314575,0.5996788740158081,0.033081915229558945,-0.5325697660446167,0,2000,strong,4,80,42,1.0,0.0,walk
569,11.38,1.0,0.0,-0.9618779420852661,0.6146774888038635,0.01851852610707283,-0.396062433719635,0,2000,strong,4,80,42,1.0,0.0,walk
570,11.4,1.0,0.0,-0.958687424659729,0.6441664695739746,0.005552332848310471,-0.36798518896102905,0,2000,strong,4,80,42,1.0,0.0,walk
571,11.42,1.0,0.0,-0.9548956155776978,0.6814084053039551,-0.00821756199002266,-0.5302644371986389,0,2000,strong,4,80,42,1.0,0.0,walk
572,11.44,1.0,0.0,-0.9506713151931763,0.7230356335639954,-0.01753111183643341,-0.5904805660247803,0,2000,strong,4,80,42,1.0,0.0,walk
573,11.46,1.0,0.0,-0.9459034204483032,0.7587645649909973,-0.0340389646589756,-0.6886243224143982,0,2000,strong,4,80,42,1.0,0.0,walk
574,11.48,1.0,0.0,-0.9399944543838501,0.7796568870544434,-0.052888043224811554,-0.7488539814949036,0,2000,strong,4,80,42,1.0,0.0,walk
575,11.5,1.0,0.0,-0.9337736368179321,0.7829672694206238,-0.0684979185461998,-0.626429557800293,0,2000,strong,4,80,42,1.0,0.0,walk
576,11.52,1.0,0.0,-0.929627537727356,0.7783037424087524,-0.07732798904180527,-0.269791841506958,0,2000,strong,4,80,42,1.0,0.0,walk
577,11.540000000000001,1.0,0.0,-0.9274917840957642,0.7073481678962708,-0.0424116812646389,-0.10889939963817596,0,2000,strong,4,80,42,1.0,0.0,walk
578,11.56,1.0,0.0,-0.9284955263137817,0.6636255979537964,-0.005091647617518902,0.1849171221256256,0,2000,strong,4,80,42,1.0,0.0,walk
579,11.58,1.0,0.0,-0.9311538934707642,0.6457134485244751,0.014606774784624577,0.0679783895611763,0,2000,strong,4,80,42,1.0,0.0,walk
580,11.6,1.0,0.0,-0.9308439493179321,0.6468411684036255,0.02585507184267044,-0.4681735932826996,0,2000,strong,4,80,42,1.0,0.0,walk
581,11.620000000000001,1.0,0.0,-0.924988865852356,0.6491782069206238,0.04160768538713455,-1.0267599821090698,0,2000,strong,4,80,42,1.0,0.0,walk
582,11.64,1.0,0.0,-0.915563702583313,0.6359869837760925,0.06478116661310196,-1.2577252388000488,0,2000,strong,4,80,42,1.0,0.0,walk
583,11.66,1.0,0.0,-0.9062711000442505,0.6217816472053528,0.09399699419736862,-1.0094056129455566,0,2000,strong,4,80,42,1.0,0.0,walk
584,11.68,1.0,0.0,-0.8997350931167603,0.6014487147331238,0.11930302530527115,-0.6842217445373535,0,2000,strong,4,80,42,1.0,0.0,walk
585,11.700000000000001,1.0,0.0,-0.8969022035598755,0.5914152264595032,0.13667841255664825,-0.2359975278377533,0,2000,strong,4,80,42,1.0,0.0,walk
586,11.72,1.0,0.0,-0.8978315591812134,0.5834476351737976,0.1501879096031189,0.12117087841033936,0,2000,strong,4,80,42,1.0,0.0,walk
587,11.74,1.0,0.0,-0.9004193544387817,0.5852787494659424,0.1584419161081314,0.22307606041431427,0,2000,strong,4,80,42,1.0,0.0,walk
588,11.76,1.0,0.0,-0.9033671617507935,0.5953265428543091,0.16929206252098083,0.2578485310077667,0,2000,strong,4,80,42,1.0,0.0,walk
589,11.78,1.0,0.0,-0.9058314561843872,0.6119982600212097,0.18661199510097504,0.16804063320159912,0,2000,strong,4,80,42,1.0,0.0,walk
590,11.8,1.0,0.0,-0.9066230058670044,0.6345421075820923,0.20374174416065216,-0.01564997248351574,0,2000,strong,4,80,42,1.0,0.0,walk
591,11.82,1.0,0.0,-0.9059139490127563,0.6700077056884766,0.2196865826845169,-0.051796481013298035,0,2000,strong,4,80,42,1.0,0.0,walk
592,11.84,1.0,0.0,-0.9044519662857056,0.7150064706802368,0.23663361370563507,-0.07094085216522217,0,2000,strong,4,80,42,1.0,0.0,walk
593,11.86,1.0,0.0,-0.9020611047744751,0.7583217620849609,0.25789082050323486,-0.13289007544517517,0,2000,strong,4,80,42,1.0,0.0,walk
594,11.88,1.0,0.0,-0.8986026048660278,0.7914016842842102,0.2869674265384674,-0.22333240509033203,0,2000,strong,4,80,42,1.0,0.0,walk
595,11.9,1.0,0.0,-0.8940354585647583,0.8120720982551575,0.3224124312400818,-0.3474084138870239,0,2000,strong,4,80,42,1.0,0.0,walk
596,11.92,1.0,0.0,-0.8895803689956665,0.8268147110939026,0.3630695343017578,-0.30679118633270264,0,2000,strong,4,80,42,1.0,0.0,walk
597,11.94,1.0,0.0,-0.8867784738540649,0.8436127305030823,0.4043743908405304,-0.1228240430355072,0,2000,strong,4,80,42,1.0,0.0,walk
598,11.96,1.0,0.0,-0.8873039484024048,0.7900504469871521,0.37901610136032104,0.38922640681266785,0,2000,strong,4,80,42,1.0,0.0,walk
599,11.98,1.0,0.0,-0.8856483697891235,0.7383238077163696,0.29345807433128357,-0.48778027296066284,0,2000,strong,4,80,42,1.0,0.0,walk
600,12.0,1.0,0.0,-0.8775497674942017,0.6838720440864563,0.24007584154605865,-0.753491997718811,0,2000,strong,4,80,42,1.0,0.0,walk
601,12.02,1.0,0.0,-0.8690792322158813,0.6357030868530273,0.21575389802455902,-0.4531148374080658,0,2000,strong,4,80,42,1.0,0.0,walk
602,12.040000000000001,1.0,0.0,-0.8640681505203247,0.5935330986976624,0.199235737323761,-0.01651010848581791,0,2000,strong,4,80,42,1.0,0.0,walk
603,12.06,1.0,0.0,-0.8631578683853149,0.5615149140357971,0.18148857355117798,0.3154664933681488,0,2000,strong,4,80,42,1.0,0.0,walk
604,12.08,1.0,0.0,-0.864388108253479,0.5554858446121216,0.1540510207414627,0.3101123571395874,0,2000,strong,4,80,42,1.0,0.0,walk
605,12.1,1.0,0.0,-0.8648525476455688,0.5679876208305359,0.128806009888649,0.08415117859840393,0,2000,strong,4,80,42,1.0,0.0,walk
606,12.120000000000001,1.0,0.0,-0.8625360727310181,0.5672198534011841,0.10543324798345566,-0.20210111141204834,0,2000,strong,4,80,42,1.0,0.0,walk
607,12.14,1.0,0.0,-0.8582068681716919,0.5671666264533997,0.08987393230199814,-0.40804702043533325,0,2000,strong,4,80,42,1.0,0.0,walk
608,12.16,1.0,0.0,-0.8525081872940063,0.5736374258995056,0.07868065685033798,-0.5592079162597656,0,2000,strong,4,80,42,1.0,0.0,walk
609,12.18,1.0,0.0,-0.846164345741272,0.5742285251617432,0.06702607125043869,-0.5866292119026184,0,2000,strong,4,80,42,1.0,0.0,walk
610,12.200000000000001,1.0,0.0,-0.8404413461685181,0.580115795135498,0.05110127106308937,-0.48438960313796997,0,2000,strong,4,80,42,1.0,0.0,walk
611,12.22,1.0,0.0,-0.8349334001541138,0.5886970162391663,0.02842160128057003,-0.528120219707489,0,2000,strong,4,80,42,1.0,0.0,walk
612,12.24,1.0,0.0,-0.8300696611404419,0.6103081107139587,0.013975527137517929,-0.4729703962802887,0,2000,strong,4,80,42,1.0,0.0,walk
613,12.26,1.0,0.0,-0.8262468576431274,0.6396453976631165,0.0030047933105379343,-0.4236419200897217,0,2000,strong,4,80,42,1.0,0.0,walk
614,12.280000000000001,1.0,0.0,-0.8230301141738892,0.6749159097671509,-0.006291816011071205,-0.44338059425354004,0,2000,strong,4,80,42,1.0,0.0,walk
615,12.3,1.0,0.0,-0.8196927309036255,0.7129905223846436,-0.0181902926415205,-0.533315122127533,0,2000,strong,4,80,42,1.0,0.0,walk
616,12.32,1.0,0.0,-0.8153039216995239,0.7452203035354614,-0.0369378887116909,-0.6586315035820007,0,2000,strong,4,80,42,1.0,0.0,walk
617,12.34,1.0,0.0,-0.809611439704895,0.7610244154930115,-0.05424416437745094,-0.7067856788635254,0,2000,strong,4,80,42,1.0,0.0,walk
618,12.36,1.0,0.0,-0.8039909601211548,0.7632591724395752,-0.06885266304016113,-0.542362630367279,0,2000,strong,4,80,42,1.0,0.0,walk
619,12.38,1.0,0.0,-0.8011647462844849,0.7557031512260437,-0.07907823473215103,-0.19994820654392242,0,2000,strong,4,80,42,1.0,0.0,walk
620,12.4,1.0,0.0,-0.8000780344009399,0.6852004528045654,-0.038501184433698654,-0.013410542160272598,0,2000,strong,4,80,42,1.0,0.0,walk
621,12.42,1.0,0.0,-0.8024126291275024,0.6472843885421753,-0.00705334497615695,0.2637379467487335,0,2000,strong,4,80,42,1.0,0.0,walk
622,12.44,1.0,0.0,-0.8059922456741333,0.6338073015213013,0.010116704739630222,0.09961730241775513,0,2000,strong,4,80,42,1.0,0.0,walk
623,12.46,1.0,0.0,-0.8061243295669556,0.6340871453285217,0.019979912787675858,-0.44269073009490967,0,2000,strong,4,80,42,1.0,0.0,walk
624,12.48,1.0,0.0,-0.8009530305862427,0.6282154321670532,0.036038465797901154,-0.9614928960800171,0,2000,strong,4,80,42,1.0,0.0,walk
625,12.5,1.0,0.0,-0.7925854921340942,0.6130714416503906,0.06225404888391495,-1.1293931007385254,0,2000,strong,4,80,42,1.0,0.0,walk
626,12.52,1.0,0.0,-0.7843509912490845,0.599928081035614,0.09147322177886963,-0.9123681783676147,0,2000,strong,4,80,42,1.0,0.0,walk
627,12.540000000000001,1.0,0.0,-0.7787824869155884,0.5843334197998047,0.11647935211658478,-0.5793224573135376,0,2000,strong,4,80,42,1.0,0.0,walk
628,12.56,1.0,0.0,-0.7766081094741821,0.578512966632843,0.13452450931072235,-0.17984695732593536,0,2000,strong,4,80,42,1.0,0.0,walk
629,12.58,1.0,0.0,-0.7775403261184692,0.5765395760536194,0.14664363861083984,0.10525970160961151,0,2000,strong,4,80,42,1.0,0.0,walk
630,12.6,1.0,0.0,-0.7795239686965942,0.5813527703285217,0.1557517945766449,0.17401105165481567,0,2000,strong,4,80,42,1.0,0.0,walk
631,12.620000000000001,1.0,0.0,-0.7818571329116821,0.5937477946281433,0.1709722876548767,0.20157936215400696,0,2000,strong,4,80,42,1.0,0.0,walk
632,12.64,1.0,0.0,-0.7836605310440063,0.6106904149055481,0.18876740336418152,0.12137169390916824,0,2000,strong,4,80,42,1.0,0.0,walk
633,12.66,1.0,0.0,-0.7842494249343872,0.6349267363548279,0.20765498280525208,-0.0037360244896262884,0,2000,strong,4,80,42,1.0,0.0,walk
634,12.68,1.0,0.0,-0.7833396196365356,0.6729094386100769,0.22301913797855377,-0.052655503153800964,0,2000,strong,4,80,42,1.0,0.0,walk
635,12.700000000000001,1.0,0.0,-0.7817922830581665,0.716824471950531,0.24216271936893463,-0.05085379630327225,0,2000,strong,4,80,42,1.0,0.0,walk
636,12.72,1.0,0.0,-0.7795306444168091,0.7562701106071472,0.26683470606803894,-0.10372450947761536,0,2000,strong,4,80,42,1.0,0.0,walk
637,12.74,1.0,0.0,-0.776288628578186,0.783211350440979,0.29913753271102905,-0.20925116539001465,0,2000,strong,4,80,42,1.0,0.0,walk
638,12.76,1.0,0.0,-0.7723075151443481,0.7995225191116333,0.33676397800445557,-0.2835056483745575,0,2000,strong,4,80,42,1.0,0.0,walk
639,12.780000000000001,1.0,0.0,-0.768985390663147,0.8125627040863037,0.37822282314300537,-0.19486597180366516,0,2000,strong,4,80,42,1.0,0.0,walk
640,12.8,1.0,0.0,-0.7672296762466431,0.8284531831741333,0.41881927847862244,-0.038992930203676224,0,2000,strong,4,80,42,1.0,0.0,walk
641,12.82,1.0,0.0,-0.7687851190567017,0.7483310103416443,0.34295833110809326,-0.005401418078690767,0,2000,strong,4,80,42,1.0,0.0,walk
642,12.84,1.0,0.0,-0.763778805732727,0.6960660219192505,0.272433876991272,-0.6491572856903076,0,2000,strong,4,80,42,1.0,0.0,walk
643,12.86,1.0,0.0,-0.7552143335342407,0.6456817984580994,0.2317093163728714,-0.6517049074172974,0,2000,strong,4,80,42,1.0,0.0,walk
644,12.88,1.0,0.0,-0.7480121850967407,0.6005184650421143,0.21147020161151886,-0.25133898854255676,0,2000,strong,4,80,42,1.0,0.0,walk
645,12.9,1.0,0.0,-0.7452632188796997,0.5680000185966492,0.19195163249969482,0.20781069993972778,0,2000,strong,4,80,42,1.0,0.0,walk
646,12.92,1.0,0.0,-0.7463089227676392,0.547814130783081,0.17032676935195923,0.4353957772254944,0,2000,strong,4,80,42,1.0,0.0,walk
647,12.94,1.0,0.0,-0.7481123208999634,0.5502076745033264,0.1410674750804901,0.30305245518684387,0,2000,strong,4,80,42,1.0,0.0,walk
648,12.96,1.0,0.0,-0.7484327554702759,0.5633723139762878,0.11768138408660889,0.05106738954782486,0,2000,strong,4,80,42,1.0,0.0,walk
649,12.98,1.0,0.0,-0.7461920976638794,0.5677227973937988,0.09888769686222076,-0.22863192856311798,0,2000,strong,4,80,42,1.0,0.0,walk
650,13.0,1.0,0.0,-0.7414690256118774,0.5650051832199097,0.08273697644472122,-0.4777648448944092,0,2000,strong,4,80,42,1.0,0.0,walk
651,13.02,1.0,0.0,-0.7350074052810669,0.5706455707550049,0.07128231227397919,-0.642143726348877,0,2000,strong,4,80,42,1.0,0.0,walk
652,13.040000000000001,1.0,0.0,-0.7281495332717896,0.5726999640464783,0.05840972438454628,-0.6255325078964233,0,2000,strong,4,80,42,1.0,0.0,walk
653,13.06,1.0,0.0,-0.7220979928970337,0.5766611099243164,0.04114226624369621,-0.5189501047134399,0,2000,strong,4,80,42,1.0,0.0,walk
654,13.08,1.0,0.0,-0.7169166803359985,0.5878820419311523,0.02153700590133667,-0.4865638017654419,0,2000,strong,4,80,42,1.0,0.0,walk
655,13.1,1.0,0.0,-0.7127929925918579,0.6117968559265137,0.007663093041628599,-0.4084317982196808,0,2000,strong,4,80,42,1.0,0.0,walk
656,13.120000000000001,1.0,0.0,-0.7096167802810669,0.6463583707809448,-0.003549534361809492,-0.3875007927417755,0,2000,strong,4,80,42,1.0,0.0,walk
657,13.14,1.0,0.0,-0.706828236579895,0.685153067111969,-0.01370979193598032,-0.4301411509513855,0,2000,strong,4,80,42,1.0,0.0,walk
658,13.16,1.0,0.0,-0.7038074731826782,0.7233952879905701,-0.027465462684631348,-0.5096142292022705,0,2000,strong,4,80,42,1.0,0.0,walk
659,13.18,1.0,0.0,-0.6996618509292603,0.7506192922592163,-0.047522444278001785,-0.6231624484062195,0,2000,strong,4,80,42,1.0,0.0,walk
660,13.200000000000001,1.0,0.0,-0.6944423913955688,0.7594122886657715,-0.06437786668539047,-0.608672022819519,0,2000,strong,4,80,42,1.0,0.0,walk
661,13.22,1.0,0.0,-0.6902319192886353,0.7577865719795227,-0.07827302068471909,-0.3543964624404907,0,2000,strong,4,80,42,1.0,0.0,walk
662,13.24,1.0,0.0,-0.6884657144546509,0.7126671671867371,-0.08038274198770523,-0.0443737730383873,0,2000,strong,4,80,42,1.0,0.0,walk
663,13.26,1.0,0.0,-0.6894394159317017,0.6543341279029846,-0.026978274807333946,0.25224941968917847,0,2000,strong,4,80,42,1.0,0.0,walk
664,13.280000000000001,1.0,0.0,-0.6939684152603149,0.6254520416259766,-0.003938423004001379,0.35322821140289307,0,2000,strong,4,80,42,1.0,0.0,walk
665,13.3,1.0,0.0,-0.6972328424453735,0.6220070719718933,0.007014993112534285,-0.043308764696121216,0,2000,strong,4,80,42,1.0,0.0,walk
666,13.32,1.0,0.0,-0.6955682039260864,0.6213758587837219,0.018902471289038658,-0.6475448608398438,0,2000,strong,4,80,42,1.0,0.0,walk
667,13.34,1.0,0.0,-0.688907265663147,0.6101064682006836,0.038866713643074036,-1.075242519378662,0,2000,strong,4,80,42,1.0,0.0,walk
668,13.36,1.0,0.0,-0.6803017854690552,0.5979836583137512,0.06958439201116562,-1.0253325700759888,0,2000,strong,4,80,42,1.0,0.0,walk
669,13.38,1.0,0.0,-0.6730786561965942,0.5858404636383057,0.09645400196313858,-0.7754116058349609,0,2000,strong,4,80,42,1.0,0.0,walk
670,13.4,1.0,0.0,-0.6689125299453735,0.5741408467292786,0.11806970834732056,-0.39832204580307007,0,2000,strong,4,80,42,1.0,0.0,walk
671,13.42,1.0,0.0,-0.6679459810256958,0.5686501264572144,0.13341237604618073,-0.05641103908419609,0,2000,strong,4,80,42,1.0,0.0,walk
672,13.44,1.0,0.0,-0.6693660020828247,0.5710932612419128,0.14273172616958618,0.16011011600494385,0,2000,strong,4,80,42,1.0,0.0,walk
673,13.46,1.0,0.0,-0.6718040704727173,0.5785858631134033,0.15465843677520752,0.23436293005943298,0,2000,strong,4,80,42,1.0,0.0,walk
674,13.48,1.0,0.0,-0.6741381883621216,0.5963262319564819,0.17241962254047394,0.18199190497398376,0,2000,strong,4,80,42,1.0,0.0,walk
675,13.5,1.0,0.0,-0.6751219034194946,0.6163363456726074,0.19030632078647614,0.03347083926200867,0,2000,strong,4,80,42,1.0,0.0,walk
676,13.52,1.0,0.0,-0.6751643419265747,0.6467575430870056,0.21015335619449615,0.007264912128448486,0,2000,strong,4,80,42,1.0,0.0,walk
677,13.540000000000001,1.0,0.0,-0.6740981340408325,0.6889045834541321,0.22630687057971954,-0.04584381356835365,0,2000,strong,4,80,42,1.0,0.0,walk
678,13.56,1.0,0.0,-0.6722899675369263,0.732157826423645,0.2473762035369873,-0.05655163154006004,0,2000,strong,4,80,42,1.0,0.0,walk
679,13.58,1.0,0.0,-0.6699000597000122,0.7666861414909363,0.2758167088031769,-0.10598199814558029,0,2000,strong,4,80,42,1.0,0.0,walk
680,13.6,1.0,0.0,-0.6666103601455688,0.7885990142822266,0.31023240089416504,-0.21737930178642273,0,2000,strong,4,80,42,1.0,0.0,walk
681,13.620000000000001,1.0,0.0,-0.6632229089736938,0.8019499182701111,0.3494170606136322,-0.21275594830513,0,2000,strong,4,80,42,1.0,0.0,walk
682,13.64,1.0,0.0,-0.661103367805481,0.8161008358001709,0.3900398910045624,-0.06689610332250595,0,2000,strong,4,80,42,1.0,0.0,walk
683,13.66,1.0,0.0,-0.6613894701004028,0.7667984366416931,0.3714694678783417,0.5211557149887085,0,2000,strong,4,80,42,1.0,0.0,walk
684,13.68,1.0,0.0,-0.660568356513977,0.7207542657852173,0.2919151484966278,-0.43048176169395447,0,2000,strong,4,80,42,1.0,0.0,walk
685,13.700000000000001,1.0,0.0,-0.6531769037246704,0.6697419881820679,0.23755952715873718,-0.6991159319877625,0,2000,strong,4,80,42,1.0,0.0,walk
686,13.72,1.0,0.0,-0.6452304124832153,0.6236549019813538,0.21101249754428864,-0.40945205092430115,0,2000,strong,4,80,42,1.0,0.0,walk
687,13.74,1.0,0.0,-0.6407157182693481,0.5843725800514221,0.1924039125442505,0.05598292872309685,0,2000,strong,4,80,42,1.0,0.0,walk
688,13.76,1.0,0.0,-0.640760064125061,0.556154727935791,0.17442233860492706,0.42663609981536865,0,2000,strong,4,80,42,1.0,0.0,walk
689,13.780000000000001,1.0,0.0,-0.6430526971817017,0.5497032403945923,0.14350634813308716,0.43212440609931946,0,2000,strong,4,80,42,1.0,0.0,walk
690,13.8,1.0,0.0,-0.6443439722061157,0.5617337226867676,0.11367117613554001,0.17354945838451385,0,2000,strong,4,80,42,1.0,0.0,walk
691,13.82,1.0,0.0,-0.6430150270462036,0.5684689879417419,0.09308609366416931,-0.11191412061452866,0,2000,strong,4,80,42,1.0,0.0,walk
692,13.84,1.0,0.0,-0.6393271684646606,0.5683888792991638,0.07761809229850769,-0.3623763620853424,0,2000,strong,4,80,42,1.0,0.0,walk
693,13.86,1.0,0.0,-0.6338430643081665,0.5744878649711609,0.06569503992795944,-0.5424990653991699,0,2000,strong,4,80,42,1.0,0.0,walk
694,13.88,1.0,0.0,-0.6274029016494751,0.5748022198677063,0.052782513201236725,-0.5996718406677246,0,2000,strong,4,80,42,1.0,0.0,walk
695,13.9,1.0,0.0,-0.6213356256484985,0.5818687081336975,0.03784104809165001,-0.5123209357261658,0,2000,strong,4,80,42,1.0,0.0,walk
696,13.92,1.0,0.0,-0.6157771348953247,0.5910002589225769,0.01710953377187252,-0.513596773147583,0,2000,strong,4,80,42,1.0,0.0,walk
697,13.94,1.0,0.0,-0.6113673448562622,0.610763669013977,0.001659357687458396,-0.4024394750595093,0,2000,strong,4,80,42,1.0,0.0,walk
698,13.96,1.0,0.0,-0.6081415414810181,0.6409850716590881,-0.011650839820504189,-0.35765549540519714,0,2000,strong,4,80,42,1.0,0.0,walk
699,13.98,1.0,0.0,-0.605561375617981,0.6775509715080261,-0.022187501192092896,-0.36263060569763184,0,2000,strong,4,80,42,1.0,0.0,walk
700,14.0,1.0,0.0,-0.6031671762466431,0.7180767059326172,-0.03502925485372543,-0.4178830683231354,0,2000,strong,4,80,42,1.0,0.0,walk
701,14.02,1.0,0.0,-0.6001144647598267,0.7541353702545166,-0.05385987460613251,-0.5277062058448792,0,2000,strong,4,80,42,1.0,0.0,walk
702,14.040000000000001,1.0,0.0,-0.5957914590835571,0.7736819982528687,-0.07502739876508713,-0.5932747721672058,0,2000,strong,4,80,42,1.0,0.0,walk
703,14.06,1.0,0.0,-0.5911232233047485,0.7776328325271606,-0.09228222072124481,-0.4885485768318176,0,2000,strong,4,80,42,1.0,0.0,walk
704,14.08,1.0,0.0,-0.588384747505188,0.773948609828949,-0.10555604845285416,-0.17950700223445892,0,2000,strong,4,80,42,1.0,0.0,walk
705,14.1,1.0,0.0,-0.5871506929397583,0.6953961253166199,-0.06316462904214859,0.01243482157588005,0,2000,strong,4,80,42,1.0,0.0,walk
706,14.120000000000001,1.0,0.0,-0.5901600122451782,0.6551759839057922,-0.03063563071191311,0.3668736517429352,0,2000,strong,4,80,42,1.0,0.0,walk
707,14.14,1.0,0.0,-0.594701886177063,0.6387446522712708,-0.014269975014030933,0.20383694767951965,0,2000,strong,4,80,42,1.0,0.0,walk
708,14.16,1.0,0.0,-0.595866322517395,0.6351010799407959,-0.003860852448269725,-0.3454344868659973,0,2000,strong,4,80,42,1.0,0.0,walk
709,14.18,1.0,0.0,-0.5914050340652466,0.6307419538497925,0.012655033729970455,-0.9072140455245972,0,2000,strong,4,80,42,1.0,0.0,walk
710,14.200000000000001,1.0,0.0,-0.5832043886184692,0.6162164807319641,0.037863340228796005,-1.1265857219696045,0,2000,strong,4,80,42,1.0,0.0,walk
711,14.22,1.0,0.0,-0.5750857591629028,0.6045863628387451,0.06863979995250702,-0.8908356428146362,0,2000,strong,4,80,42,1.0,0.0,walk
712,14.24,1.0,0.0,-0.5698305368423462,0.5871621370315552,0.0957123264670372,-0.5542230606079102,0,2000,strong,4,80,42,1.0,0.0,walk
713,14.26,1.0,0.0,-0.5679084062576294,0.5822740197181702,0.11382782459259033,-0.16449064016342163,0,2000,strong,4,80,42,1.0,0.0,walk
714,14.280000000000001,1.0,0.0,-0.5689221620559692,0.5804855823516846,0.12665227055549622,0.11074893921613693,0,2000,strong,4,80,42,1.0,0.0,walk
715,14.3,1.0,0.0,-0.5710188150405884,0.5867207646369934,0.13599148392677307,0.18311035633087158,0,2000,strong,4,80,42,1.0,0.0,walk
716,14.32,1.0,0.0,-0.5733891725540161,0.6004020571708679,0.14956870675086975,0.21974487602710724,0,2000,strong,4,80,42,1.0,0.0,walk
717,14.34,1.0,0.0,-0.5755449533462524,0.6177668571472168,0.16872838139533997,0.1717054694890976,0,2000,strong,4,80,42,1.0,0.0,walk
718,14.36,1.0,0.0,-0.5765358209609985,0.6422032117843628,0.18735329806804657,0.03400664031505585,0,2000,strong,4,80,42,1.0,0.0,walk
719,14.38,1.0,0.0,-0.5761510133743286,0.6798329949378967,0.2033037543296814,-0.0009478796273469925,0,2000,strong,4,80,42,1.0,0.0,walk
720,14.4,1.0,0.0,-0.5751854181289673,0.7243636250495911,0.22186142206192017,-0.0002740873023867607,0,2000,strong,4,80,42,1.0,0.0,walk
721,14.42,1.0,0.0,-0.573466420173645,0.7654476165771484,0.24519337713718414,-0.053704019635915756,0,2000,strong,4,80,42,1.0,0.0,walk
722,14.44,1.0,0.0,-0.5708485841751099,0.7948691844940186,0.2764672636985779,-0.14602872729301453,0,2000,strong,4,80,42,1.0,0.0,walk
723,14.46,1.0,0.0,-0.5674396753311157,0.8127162456512451,0.3128180503845215,-0.23891857266426086,0,2000,strong,4,80,42,1.0,0.0,walk
724,14.48,1.0,0.0,-0.56440269947052,0.8260288834571838,0.3530203700065613,-0.1870134323835373,0,2000,strong,4,80,42,1.0,0.0,walk
725,14.5,1.0,0.0,-0.5626670122146606,0.8413237929344177,0.3926001787185669,-0.05548544228076935,0,2000,strong,4,80,42,1.0,0.0,walk
726,14.52,1.0,0.0,-0.5633374452590942,0.7702945470809937,0.3154033422470093,-0.13667061924934387,0,2000,strong,4,80,42,1.0,0.0,walk
727,14.540000000000001,1.0,0.0,-0.5582147836685181,0.7202715277671814,0.24547423422336578,-0.612596333026886,0,2000,strong,4,80,42,1.0,0.0,walk
728,14.56,1.0,0.0,-0.5502926111221313,0.6728371381759644,0.20442822575569153,-0.5723105669021606,0,2000,strong,4,80,42,1.0,0.0,walk
729,14.58,1.0,0.0,-0.5440355539321899,0.6326242089271545,0.18248918652534485,-0.13255010545253754,0,2000,strong,4,80,42,1.0,0.0,walk
730,14.6,1.0,0.0,-0.5425273180007935,0.603956401348114,0.1613115817308426,0.3571628928184509,0,2000,strong,4,80,42,1.0,0.0,walk
731,14.620000000000001,1.0,0.0,-0.5451356172561646,0.5895352959632874,0.1382565200328827,0.6037454605102539,0,2000,strong,4,80,42,1.0,0.0,walk
732,14.64,1.0,0.0,-0.5484052896499634,0.592646598815918,0.10650570690631866,0.4447987377643585,0,2000,strong,4,80,42,1.0,0.0,walk
733,14.66,1.0,0.0,-0.5497432947158813,0.6061500906944275,0.0810602530837059,0.13326194882392883,0,2000,strong,4,80,42,1.0,0.0,walk
734,14.68,1.0,0.0,-0.5481115579605103,0.6129000782966614,0.0633128359913826,-0.1894918531179428,0,2000,strong,4,80,42,1.0,0.0,walk
735,14.700000000000001,1.0,0.0,-0.5435687303543091,0.6098651885986328,0.047834157943725586,-0.4776979386806488,0,2000,strong,4,80,42,1.0,0.0,walk
736,14.72,1.0,0.0,-0.536871075630188,0.615208625793457,0.03720841184258461,-0.6796376705169678,0,2000,strong,4,80,42,1.0,0.0,walk
737,14.74,1.0,0.0,-0.5293470621109009,0.6181730628013611,0.024444688111543655,-0.6997147798538208,0,2000,strong,4,80,42,1.0,0.0,walk
738,14.76,1.0,0.0,-0.5224887132644653,0.6230949759483337,0.007914087735116482,-0.5879532694816589,0,2000,strong,4,80,42,1.0,0.0,walk
739,14.780000000000001,1.0,0.0,-0.5167509317398071,0.6364802718162537,-0.010237321257591248,-0.5246825814247131,0,2000,strong,4,80,42,1.0,0.0,walk
740,14.8,1.0,0.0,-0.5124741792678833,0.6604823470115662,-0.024432899430394173,-0.39471176266670227,0,2000,strong,4,80,42,1.0,0.0,walk
741,14.82,1.0,0.0,-0.5097614526748657,0.6962959170341492,-0.0349876843392849,-0.3192753195762634,0,2000,strong,4,80,42,1.0,0.0,walk
742,14.84,1.0,0.0,-0.5078283548355103,0.7371619939804077,-0.04792593792080879,-0.33275213837623596,0,2000,strong,4,80,42,1.0,0.0,walk
743,14.86,1.0,0.0,-0.5059710741043091,0.777904212474823,-0.06399565190076828,-0.38872694969177246,0,2000,strong,4,80,42,1.0,0.0,walk
744,14.88,1.0,0.0,-0.5032283067703247,0.806766152381897,-0.08665022999048233,-0.4810503423213959,0,2000,strong,4,80,42,1.0,0.0,walk
745,14.9,1.0,0.0,-0.4994117021560669,0.8156430721282959,-0.10680854320526123,-0.47043314576148987,0,2000,strong,4,80,42,1.0,0.0,walk
746,14.92,1.0,0.0,-0.49658405780792236,0.8137290477752686,-0.123288094997406,-0.212833970785141,0,2000,strong,4,80,42,1.0,0.0,walk
747,14.94,1.0,0.0,-0.49525225162506104,0.7388032674789429,-0.0939035415649414,-0.14316292107105255,0,2000,strong,4,80,42,1.0,0.0,walk
748,14.96,1.0,0.0,-0.49741852283477783,0.6886759400367737,-0.054503291845321655,0.36533594131469727,0,2000,strong,4,80,42,1.0,0.0,walk
749,14.98,1.0,0.0,-0.502442479133606,0.6613330841064453,-0.033017776906490326,0.3306731879711151,0,2000,strong,4,80,42,1.0,0.0,walk
750,15.0,1.0,0.0,-0.5050798654556274,0.6553810238838196,-0.022813288494944572,-0.1344035416841507,0,2000,strong,4,80,42,1.0,0.0,walk
751,15.02,1.0,0.0,-0.5022512674331665,0.6547921299934387,-0.009073437191545963,-0.7519864439964294,0,2000,strong,4,80,42,1.0,0.0,walk
752,15.040000000000001,1.0,0.0,-0.4947472810745239,0.6426061987876892,0.011808164417743683,-1.1246922016143799,0,2000,strong,4,80,42,1.0,0.0,walk
753,15.06,1.0,0.0,-0.4863988161087036,0.6255029439926147,0.04492586851119995,-0.9500455856323242,0,2000,strong,4,80,42,1.0,0.0,walk
754,15.08,1.0,0.0,-0.4805194139480591,0.6074011325836182,0.07413117587566376,-0.6232054233551025,0,2000,strong,4,80,42,1.0,0.0,walk
755,15.1,1.0,0.0,-0.47836077213287354,0.5959699153900146,0.09473874419927597,-0.18708626925945282,0,2000,strong,4,80,42,1.0,0.0,walk
756,15.120000000000001,1.0,0.0,-0.47938787937164307,0.5897068977355957,0.10844053328037262,0.09707143902778625,0,2000,strong,4,80,42,1.0,0.0,walk
757,15.14,1.0,0.0,-0.4817253351211548,0.5959728956222534,0.11623074859380722,0.20515836775302887,0,2000,strong,4,80,42,1.0,0.0,walk
758,15.16,1.0,0.0,-0.4846459627151489,0.6093751788139343,0.1271110475063324,0.26243388652801514,0,2000,strong,4,80,42,1.0,0.0,walk
759,15.18,1.0,0.0,-0.4872838258743286,0.6256710886955261,0.1436542421579361,0.20584651827812195,0,2000,strong,4,80,42,1.0,0.0,walk
760,15.200000000000001,1.0,0.0,-0.4887171983718872,0.6468175053596497,0.1621813327074051,0.05861075222492218,0,2000,strong,4,80,42,1.0,0.0,walk
761,15.22,1.0,0.0,-0.48869049549102783,0.680824339389801,0.1772262454032898,0.021245688199996948,0,2000,strong,4,80,42,1.0,0.0,walk
762,15.24,1.0,0.0,-0.48812925815582275,0.7224595546722412,0.19488394260406494,0.020157769322395325,0,2000,strong,4,80,42,1.0,0.0,walk
763,15.26,1.0,0.0,-0.48680365085601807,0.764568567276001,0.21542415022850037,-0.025491971522569656,0,2000,strong,4,80,42,1.0,0.0,walk
764,15.280000000000001,1.0,0.0,-0.4845367670059204,0.7978209853172302,0.24330198764801025,-0.11038356274366379,0,2000,strong,4,80,42,1.0,0.0,walk
765,15.3,1.0,0.0,-0.4812384843826294,0.8195906281471252,0.27719053626060486,-0.22078938782215118,0,2000,strong,4,80,42,1.0,0.0,walk
766,15.32,1.0,0.0,-0.4778825044631958,0.8334177732467651,0.3157352805137634,-0.216995969414711,0,2000,strong,4,80,42,1.0,0.0,walk
767,15.34,1.0,0.0,-0.4756275415420532,0.8465957045555115,0.3551298975944519,-0.11700274795293808,0,2000,strong,4,80,42,1.0,0.0,walk
768,15.36,1.0,0.0,-0.47514164447784424,0.8061801791191101,0.3412844240665436,0.40259477496147156,0,2000,strong,4,80,42,1.0,0.0,walk
769,15.38,1.0,0.0,-0.47386133670806885,0.7583056688308716,0.26006677746772766,-0.40192005038261414,0,2000,strong,4,80,42,1.0,0.0,walk
770,15.4,1.0,0.0,-0.46693670749664307,0.7085121273994446,0.2021459937095642,-0.6283832788467407,0,2000,strong,4,80,42,1.0,0.0,walk
771,15.42,1.0,0.0,-0.459720253944397,0.6653085350990295,0.1734154224395752,-0.318578839302063,0,2000,strong,4,80,42,1.0,0.0,walk
772,15.44,1.0,0.0,-0.45610201358795166,0.6303304433822632,0.15556707978248596,0.17545174062252045,0,2000,strong,4,80,42,1.0,0.0,walk
773,15.46,1.0,0.0,-0.45701372623443604,0.6105512380599976,0.13740186393260956,0.5285459756851196,0,2000,strong,4,80,42,1.0,0.0,walk
774,15.48,1.0,0.0,-0.46034348011016846,0.6096751093864441,0.1067131757736206,0.5306392908096313,0,2000,strong,4,80,42,1.0,0.0,walk
775,15.5,1.0,0.0,-0.46253502368927,0.6220712065696716,0.07635049521923065,0.24468855559825897,0,2000,strong,4,80,42,1.0,0.0,walk
776,15.52,1.0,0.0,-0.46156227588653564,0.6275145411491394,0.05389914661645889,-0.10025309771299362,0,2000,strong,4,80,42,1.0,0.0,walk
777,15.540000000000001,1.0,0.0,-0.45767223834991455,0.6278272271156311,0.04001787677407265,-0.40229347348213196,0,2000,strong,4,80,42,1.0,0.0,walk
778,15.56,1.0,0.0,-0.451912522315979,0.6332870125770569,0.0300277266651392,-0.5710068941116333,0,2000,strong,4,80,42,1.0,0.0,walk
779,15.58,1.0,0.0,-0.444893479347229,0.6315426826477051,0.016475724056363106,-0.6684442162513733,0,2000,strong,4,80,42,1.0,0.0,walk
780,15.6,1.0,0.0,-0.43847382068634033,0.6420679092407227,0.004890930373221636,-0.5314918160438538,0,2000,strong,4,80,42,1.0,0.0,walk
781,15.620000000000001,1.0,0.0,-0.43278372287750244,0.653653621673584,-0.014494526199996471,-0.5222015976905823,0,2000,strong,4,80,42,1.0,0.0,walk
782,15.64,1.0,0.0,-0.42803728580474854,0.6793632507324219,-0.029532236978411674,-0.4405328631401062,0,2000,strong,4,80,42,1.0,0.0,walk
783,15.66,1.0,0.0,-0.42477619647979736,0.7109894752502441,-0.04402170702815056,-0.3345915675163269,0,2000,strong,4,80,42,1.0,0.0,walk
784,15.68,1.0,0.0,-0.4226137399673462,0.7488254308700562,-0.055536676198244095,-0.3093379735946655,0,2000,strong,4,80,42,1.0,0.0,walk
785,15.700000000000001,1.0,0.0,-0.42128288745880127,0.7910916209220886,-0.06923576444387436,-0.29583895206451416,0,2000,strong,4,80,42,1.0,0.0,walk
786,15.72,1.0,0.0,-0.41963303089141846,0.8284083604812622,-0.09259781986474991,-0.38569170236587524,0,2000,strong,4,80,42,1.0,0.0,walk
787,15.74,1.0,0.0,-0.4167114496231079,0.8470290303230286,-0.11715186387300491,-0.44054388999938965,0,2000,strong,4,80,42,1.0,0.0,walk
788,15.76,1.0,0.0,-0.41357195377349854,0.8493262529373169,-0.13658638298511505,-0.31461989879608154,0,2000,strong,4,80,42,1.0,0.0,walk
789,15.780000000000001,1.0,0.0,-0.4119197130203247,0.806951105594635,-0.14887110888957977,-0.30614209175109863,0,2000,strong,4,80,42,1.0,0.0,walk
790,15.8,1.0,0.0,-0.41184771060943604,0.7416579723358154,-0.08266175538301468,0.22972601652145386,0,2000,strong,4,80,42,1.0,0.0,walk
791,15.82,1.0,0.0,-0.41655170917510986,0.697940468788147,-0.04961318150162697,0.4726879894733429,0,2000,strong,4,80,42,1.0,0.0,walk
792,15.84,1.0,0.0,-0.42112410068511963,0.6792742013931274,-0.03548301383852959,0.13235343992710114,0,2000,strong,4,80,42,1.0,0.0,walk
793,15.860000000000001,1.0,0.0,-0.421366810798645,0.6765902638435364,-0.022387754172086716,-0.4554561376571655,0,2000,strong,4,80,42,1.0,0.0,walk
794,15.88,1.0,0.0,-0.41606104373931885,0.665986955165863,-0.008359981700778008,-0.9810251593589783,0,2000,strong,4,80,42,1.0,0.0,walk
795,15.9,1.0,0.0,-0.40846216678619385,0.6501032710075378,0.02535136230289936,-0.9438300132751465,0,2000,strong,4,80,42,1.0,0.0,walk
796,15.92,1.0,0.0,-0.40199387073516846,0.633109450340271,0.05600258708000183,-0.7245250940322876,0,2000,strong,4,80,42,1.0,0.0,walk
797,15.94,1.0,0.0,-0.39819633960723877,0.6143912076950073,0.08349752426147461,-0.41580453515052795,0,2000,strong,4,80,42,1.0,0.0,walk
798,15.96,1.0,0.0,-0.39724743366241455,0.6014259457588196,0.10171415656805038,-0.0758361890912056,0,2000,strong,4,80,42,1.0,0.0,walk
799,15.98,1.0,0.0,-0.399206280708313,0.6005534529685974,0.11193204671144485,0.2036912888288498,0,2000,strong,4,80,42,1.0,0.0,walk
800,16.0,1.0,0.0,-0.4021869897842407,0.6033397912979126,0.12203407287597656,0.26084890961647034,0,2000,strong,4,80,42,1.0,0.0,walk
801,16.02,1.0,0.0,-0.4048563241958618,0.616716742515564,0.14002348482608795,0.1940736621618271,0,2000,strong,4,80,42,1.0,0.0,walk
802,16.04,1.0,0.0,-0.4062305688858032,0.6294246912002563,0.1580919772386551,0.05671785771846771,0,2000,strong,4,80,42,1.0,0.0,walk
803,16.06,1.0,0.0,-0.4071856737136841,0.656377375125885,0.17835533618927002,0.07439486682415009,0,2000,strong,4,80,42,1.0,0.0,walk
804,16.080000000000002,1.0,0.0,-0.40711748600006104,0.7014055252075195,0.1885320246219635,0.04774775356054306,0,2000,strong,4,80,42,1.0,0.0,walk
805,16.1,1.0,0.0,-0.406286358833313,0.7461733818054199,0.20538918673992157,0.011047725565731525,0,2000,strong,4,80,42,1.0,0.0,walk
806,16.12,1.0,0.0,-0.40449726581573486,0.7859225273132324,0.22869640588760376,-0.04827382415533066,0,2000,strong,4,80,42,1.0,0.0,walk
807,16.14,1.0,0.0,-0.4015547037124634,0.8102726936340332,0.2599896192550659,-0.19617150723934174,0,2000,strong,4,80,42,1.0,0.0,walk
808,16.16,1.0,0.0,-0.3976527452468872,0.8230332732200623,0.29534822702407837,-0.2959347665309906,0,2000,strong,4,80,42,1.0,0.0,walk
809,16.18,1.0,0.0,-0.3946787118911743,0.8368210196495056,0.3351336717605591,-0.15023788809776306,0,2000,strong,4,80,42,1.0,0.0,walk
810,16.2,1.0,0.0,-0.39366161823272705,0.8552938103675842,0.37356331944465637,0.0225815586745739,0,2000,strong,4,80,42,1.0,0.0,walk
811,16.22,1.0,0.0,-0.3956261873245239,0.7796074151992798,0.2973247468471527,-0.040520429611206055,0,2000,strong,4,80,42,1.0,0.0,walk
812,16.240000000000002,1.0,0.0,-0.39112627506256104,0.7292203903198242,0.2310280054807663,-0.5697007179260254,0,2000,strong,4,80,42,1.0,0.0,walk
813,16.26,1.0,0.0,-0.3836709260940552,0.6817097663879395,0.18841439485549927,-0.5218480825424194,0,2000,strong,4,80,42,1.0,0.0,walk
814,16.28,1.0,0.0,-0.3778024911880493,0.6385660171508789,0.16837690770626068,-0.1187431588768959,0,2000,strong,4,80,42,1.0,0.0,walk
815,16.3,1.0,0.0,-0.3764845132827759,0.6067672967910767,0.14687883853912354,0.3681439757347107,0,2000,strong,4,80,42,1.0,0.0,walk
816,16.32,1.0,0.0,-0.37905991077423096,0.5872884392738342,0.1264118254184723,0.5785813331604004,0,2000,strong,4,80,42,1.0,0.0,walk
817,16.34,1.0,0.0,-0.38231098651885986,0.587746262550354,0.09598353505134583,0.43508484959602356,0,2000,strong,4,80,42,1.0,0.0,walk
818,16.36,1.0,0.0,-0.38360464572906494,0.5988283753395081,0.07070821523666382,0.13238050043582916,0,2000,strong,4,80,42,1.0,0.0,walk
819,16.38,1.0,0.0,-0.3819061517715454,0.6010059118270874,0.05254342779517174,-0.18345646560192108,0,2000,strong,4,80,42,1.0,0.0,walk
820,16.4,1.0,0.0,-0.37754642963409424,0.5944398045539856,0.03620561584830284,-0.43489524722099304,0,2000,strong,4,80,42,1.0,0.0,walk
821,16.42,1.0,0.0,-0.3712564706802368,0.5974280834197998,0.025467580184340477,-0.6292971968650818,0,2000,strong,4,80,42,1.0,0.0,walk
822,16.44,1.0,0.0,-0.36456549167633057,0.6019562482833862,0.016914445906877518,-0.6157277822494507,0,2000,strong,4,80,42,1.0,0.0,walk
823,16.46,1.0,0.0,-0.3583775758743286,0.603790819644928,-0.0016655056970193982,-0.5323366522789001,0,2000,strong,4,80,42,1.0,0.0,walk
824,16.48,1.0,0.0,-0.3529249429702759,0.6171287894248962,-0.021109096705913544,-0.5069611668586731,0,2000,strong,4,80,42,1.0,0.0,walk
825,16.5,1.0,0.0,-0.34869301319122314,0.6411976218223572,-0.03681035712361336,-0.39452648162841797,0,2000,strong,4,80,42,1.0,0.0,walk
826,16.52,1.0,0.0,-0.34597694873809814,0.6738781332969666,-0.04887675866484642,-0.3021470308303833,0,2000,strong,4,80,42,1.0,0.0,walk
827,16.54,1.0,0.0,-0.344732403755188,0.7130889296531677,-0.06011885032057762,-0.23554755747318268,0,2000,strong,4,80,42,1.0,0.0,walk
828,16.56,1.0,0.0,-0.3439551591873169,0.7542280554771423,-0.07851458340883255,-0.2804785370826721,0,2000,strong,4,80,42,1.0,0.0,walk
829,16.580000000000002,1.0,0.0,-0.34232962131500244,0.7838367819786072,-0.10523151606321335,-0.3807598352432251,0,2000,strong,4,80,42,1.0,0.0,walk
830,16.6,1.0,0.0,-0.3393813371658325,0.7948853373527527,-0.12850859761238098,-0.419303297996521,0,2000,strong,4,80,42,1.0,0.0,walk
831,16.62,1.0,0.0,-0.3368130922317505,0.7959116697311401,-0.14803436398506165,-0.23729756474494934,0,2000,strong,4,80,42,1.0,0.0,walk
832,16.64,1.0,0.0,-0.33574068546295166,0.7353301048278809,-0.13531465828418732,-0.16032114624977112,0,2000,strong,4,80,42,1.0,0.0,walk
833,16.66,1.0,0.0,-0.33757221698760986,0.6814978122711182,-0.08626462519168854,0.3756922781467438,0,2000,strong,4,80,42,1.0,0.0,walk
834,16.68,1.0,0.0,-0.34322798252105713,0.6503953337669373,-0.061051029711961746,0.4423764944076538,0,2000,strong,4,80,42,1.0,0.0,walk
835,16.7,1.0,0.0,-0.34733641147613525,0.6408199071884155,-0.048105914145708084,0.050568390637636185,0,2000,strong,4,80,42,1.0,0.0,walk
836,16.72,1.0,0.0,-0.34658491611480713,0.6354750990867615,-0.03372546285390854,-0.5580257773399353,0,2000,strong,4,80,42,1.0,0.0,walk
837,16.740000000000002,1.0,0.0,-0.3406163454055786,0.6234132051467896,-0.01367564219981432,-1.0101053714752197,0,2000,strong,4,80,42,1.0,0.0,walk
838,16.76,1.0,0.0,-0.33306705951690674,0.6085642576217651,0.02131812646985054,-0.8947867751121521,0,2000,strong,4,80,42,1.0,0.0,walk
839,16.78,1.0,0.0,-0.32749807834625244,0.5938406586647034,0.052530642598867416,-0.6110954880714417,0,2000,strong,4,80,42,1.0,0.0,walk
840,16.8,1.0,0.0,-0.32510101795196533,0.5837802290916443,0.0753667950630188,-0.23797115683555603,0,2000,strong,4,80,42,1.0,0.0,walk
841,16.82,1.0,0.0,-0.32543623447418213,0.5803809762001038,0.08992768824100494,0.037001512944698334,0,2000,strong,4,80,42,1.0,0.0,walk
842,16.84,1.0,0.0,-0.3274184465408325,0.5850731134414673,0.09949085116386414,0.1959211528301239,0,2000,strong,4,80,42,1.0,0.0,walk
843,16.86,1.0,0.0,-0.3303147554397583,0.5934434533119202,0.11195625364780426,0.2728828489780426,0,2000,strong,4,80,42,1.0,0.0,walk
844,16.88,1.0,0.0,-0.33308613300323486,0.6079835891723633,0.1287669539451599,0.23520058393478394,0,2000,strong,4,80,42,1.0,0.0,walk
845,16.9,1.0,0.0,-0.33491671085357666,0.6262325048446655,0.1470814198255539,0.11613558232784271,0,2000,strong,4,80,42,1.0,0.0,walk
846,16.92,1.0,0.0,-0.3356133699417114,0.6575044393539429,0.16324208676815033,0.08988849818706512,0,2000,strong,4,80,42,1.0,0.0,walk
847,16.94,1.0,0.0,-0.33560144901275635,0.6975972056388855,0.17951925098896027,0.069520503282547,0,2000,strong,4,80,42,1.0,0.0,walk
848,16.96,1.0,0.0,-0.33476221561431885,0.7387263774871826,0.19961731135845184,0.024922160431742668,0,2000,strong,4,80,42,1.0,0.0,walk
849,16.98,1.0,0.0,-0.33309710025787354,0.7717729806900024,0.2270144373178482,-0.044165197759866714,0,2000,strong,4,80,42,1.0,0.0,walk
850,17.0,1.0,0.0,-0.3305469751358032,0.7936452627182007,0.26020047068595886,-0.14847113192081451,0,2000,strong,4,80,42,1.0,0.0,walk
851,17.02,1.0,0.0,-0.32768547534942627,0.8066341280937195,0.2973532974720001,-0.17941200733184814,0,2000,strong,4,80,42,1.0,0.0,walk
852,17.04,1.0,0.0,-0.3257399797439575,0.8192009329795837,0.33627650141716003,-0.08808287233114243,0,2000,strong,4,80,42,1.0,0.0,walk
853,17.06,1.0,0.0,-0.3251229524612427,0.7865856885910034,0.3489508628845215,0.39993149042129517,0,2000,strong,4,80,42,1.0,0.0,walk
854,17.080000000000002,1.0,0.0,-0.32468950748443604,0.7266654968261719,0.26047050952911377,-0.3944530487060547,0,2000,strong,4,80,42,1.0,0.0,walk
855,17.1,1.0,0.0,-0.31774580478668213,0.6731031537055969,0.20361092686653137,-0.6391923427581787,0,2000,strong,4,80,42,1.0,0.0,walk
856,17.12,1.0,0.0,-0.31083738803863525,0.6239342093467712,0.17232666909694672,-0.29861241579055786,0,2000,strong,4,80,42,1.0,0.0,walk
857,17.14,1.0,0.0,-0.3075348138809204,0.5873134732246399,0.15388450026512146,0.17519702017307281,0,2000,strong,4,80,42,1.0,0.0,walk
858,17.16,1.0,0.0,-0.3087393045425415,0.5516955852508545,0.128743514418602,0.5915380120277405,0,2000,strong,4,80,42,1.0,0.0,walk
859,17.18,1.0,0.0,-0.31348955631256104,0.5558698773384094,0.10504802316427231,0.6965363025665283,0,2000,strong,4,80,42,1.0,0.0,walk
860,17.2,1.0,0.0,-0.3170691728591919,0.5761993527412415,0.07914795726537704,0.33494803309440613,0,2000,strong,4,80,42,1.0,0.0,walk
861,17.22,1.0,0.0,-0.31692802906036377,0.5736169219017029,0.052144017070531845,0.0043122246861457825,0,2000,strong,4,80,42,1.0,0.0,walk
862,17.240000000000002,1.0,0.0,-0.3138829469680786,0.5805323719978333,0.03616451844573021,-0.30964523553848267,0,2000,strong,4,80,42,1.0,0.0,walk
863,17.26,1.0,0.0,-0.3091632127761841,0.5857568383216858,0.0240742526948452,-0.4527965188026428,0,2000,strong,4,80,42,1.0,0.0,walk
864,17.28,1.0,0.0,-0.3036743402481079,0.5791952610015869,0.014283629134297371,-0.5162670016288757,0,2000,strong,4,80,42,1.0,0.0,walk
865,17.3,1.0,0.0,-0.29820311069488525,0.5878207683563232,0.0015066546620801091,-0.47561830282211304,0,2000,strong,4,80,42,1.0,0.0,walk
866,17.32,1.0,0.0,-0.29266512393951416,0.5957359075546265,-0.020779378712177277,-0.5159624218940735,0,2000,strong,4,80,42,1.0,0.0,walk
867,17.34,1.0,0.0,-0.2875720262527466,0.6218361854553223,-0.03683393821120262,-0.49481332302093506,0,2000,strong,4,80,42,1.0,0.0,walk
868,17.36,1.0,0.0,-0.28371918201446533,0.6471706628799438,-0.052397869527339935,-0.3791502118110657,0,2000,strong,4,80,42,1.0,0.0,walk
869,17.38,1.0,0.0,-0.281532883644104,0.6823475956916809,-0.06299292296171188,-0.29099249839782715,0,2000,strong,4,80,42,1.0,0.0,walk
870,17.400000000000002,1.0,0.0,-0.2802692651748657,0.7238017320632935,-0.07763931155204773,-0.292913556098938,0,2000,strong,4,80,42,1.0,0.0,walk
871,17.42,1.0,0.0,-0.2788125276565552,0.7618556022644043,-0.10074007511138916,-0.3560454249382019,0,2000,strong,4,80,42,1.0,0.0,walk
872,17.44,1.0,0.0,-0.27644503116607666,0.7816808819770813,-0.12840566039085388,-0.4096648097038269,0,2000,strong,4,80,42,1.0,0.0,walk
873,17.46,1.0,0.0,-0.273323655128479,0.7859653830528259,-0.150628924369812,-0.37209421396255493,0,2000,strong,4,80,42,1.0,0.0,walk
874,17.48,1.0,0.0,-0.27161943912506104,0.7852277159690857,-0.1708376407623291,-0.08584877848625183,0,2000,strong,4,80,42,1.0,0.0,walk
875,17.5,1.0,0.0,-0.27160799503326416,0.7046682238578796,-0.13072267174720764,0.11237746477127075,0,2000,strong,4,80,42,1.0,0.0,walk
876,17.52,1.0,0.0,-0.27580177783966064,0.661678671836853,-0.092006616294384,0.4720908999443054,0,2000,strong,4,80,42,1.0,0.0,walk
877,17.54,1.0,0.0,-0.2814522981643677,0.641823947429657,-0.07156515121459961,0.30449795722961426,0,2000,strong,4,80,42,1.0,0.0,walk
878,17.56,1.0,0.0,-0.2836490869522095,0.6371087431907654,-0.05906601622700691,-0.22992756962776184,0,2000,strong,4,80,42,1.0,0.0,walk
879,17.580000000000002,1.0,0.0,-0.280619740486145,0.630595326423645,-0.042435768991708755,-0.7548449635505676,0,2000,strong,4,80,42,1.0,0.0,walk
880,17.6,1.0,0.0,-0.2738405466079712,0.6157602667808533,-0.01894466020166874,-0.989000678062439,0,2000,strong,4,80,42,1.0,0.0,walk
881,17.62,1.0,0.0,-0.2671586275100708,0.601619303226471,0.015318631194531918,-0.7442842721939087,0,2000,strong,4,80,42,1.0,0.0,walk
882,17.64,1.0,0.0,-0.263407826423645,0.5853604674339294,0.04494621232151985,-0.4097498953342438,0,2000,strong,4,80,42,1.0,0.0,walk
883,17.66,1.0,0.0,-0.26254475116729736,0.5791455507278442,0.06419852375984192,-0.08810544013977051,0,2000,strong,4,80,42,1.0,0.0,walk
884,17.68,1.0,0.0,-0.26380836963653564,0.5786443948745728,0.07772528380155563,0.11617010831832886,0,2000,strong,4,80,42,1.0,0.0,walk
885,17.7,1.0,0.0,-0.2661529779434204,0.5860181450843811,0.08802428841590881,0.22423331439495087,0,2000,strong,4,80,42,1.0,0.0,walk
886,17.72,1.0,0.0,-0.26898157596588135,0.597713828086853,0.10323542356491089,0.2600368559360504,0,2000,strong,4,80,42,1.0,0.0,walk
887,17.740000000000002,1.0,0.0,-0.2714787721633911,0.6151596307754517,0.12190882861614227,0.20694853365421295,0,2000,strong,4,80,42,1.0,0.0,walk
888,17.76,1.0,0.0,-0.27294790744781494,0.6384199261665344,0.14022761583328247,0.0992596223950386,0,2000,strong,4,80,42,1.0,0.0,walk
889,17.78,1.0,0.0,-0.2733422517776489,0.672929584980011,0.15711989998817444,0.07956118136644363,0,2000,strong,4,80,42,1.0,0.0,walk
890,17.8,1.0,0.0,-0.27308380603790283,0.7134974598884583,0.1745668202638626,0.064762182533741,0,2000,strong,4,80,42,1.0,0.0,walk
891,17.82,1.0,0.0,-0.27206575870513916,0.7518251538276672,0.19684354960918427,0.019372161477804184,0,2000,strong,4,80,42,1.0,0.0,walk
892,17.84,1.0,0.0,-0.27034151554107666,0.780585765838623,0.22667528688907623,-0.05257313326001167,0,2000,strong,4,80,42,1.0,0.0,walk
893,17.86,1.0,0.0,-0.2678595781326294,0.7985236048698425,0.26071879267692566,-0.14494076371192932,0,2000,strong,4,80,42,1.0,0.0,walk
894,17.88,1.0,0.0,-0.2654606103897095,0.8092408180236816,0.2983807921409607,-0.14677871763706207,0,2000,strong,4,80,42,1.0,0.0,walk
895,17.900000000000002,1.0,0.0,-0.26385414600372314,0.8212964534759521,0.33592453598976135,-0.07832050323486328,0,2000,strong,4,80,42,1.0,0.0,walk
896,17.92,1.0,0.0,-0.2642885446548462,0.7607603073120117,0.2913886606693268,-0.009355327114462852,0,2000,strong,4,80,42,1.0,0.0,walk
897,17.94,1.0,0.0,-0.26063454151153564,0.7079207301139832,0.22212499380111694,-0.5206712484359741,0,2000,strong,4,80,42,1.0,0.0,walk
898,17.96,1.0,0.0,-0.2535597085952759,0.6589378118515015,0.17763826251029968,-0.522135317325592,0,2000,strong,4,80,42,1.0,0.0,walk
899,17.98,1.0,0.0,-0.24802565574645996,0.6144434809684753,0.1533113569021225,-0.06421388685703278,0,2000,strong,4,80,42,1.0,0.0,walk
900,18.0,1.0,0.0,-0.24710464477539062,0.5872110724449158,0.13233673572540283,0.43164798617362976,0,2000,strong,4,80,42,1.0,0.0,walk
901,18.02,1.0,0.0,-0.2505837678909302,0.57332843542099,0.10714854300022125,0.726179838180542,0,2000,strong,4,80,42,1.0,0.0,walk
902,18.04,1.0,0.0,-0.25540125370025635,0.5788237452507019,0.07769107818603516,0.6196492910385132,0,2000,strong,4,80,42,1.0,0.0,walk
903,18.06,1.0,0.0,-0.25854408740997314,0.5952539443969727,0.05233457684516907,0.2973921000957489,0,2000,strong,4,80,42,1.0,0.0,walk
904,18.080000000000002,1.0,0.0,-0.2581416368484497,0.6014198064804077,0.03155168145895004,-0.07614239305257797,0,2000,strong,4,80,42,1.0,0.0,walk
905,18.1,1.0,0.0,-0.25459063053131104,0.6012611389160156,0.018246004357933998,-0.39086201786994934,0,2000,strong,4,80,42,1.0,0.0,walk
906,18.12,1.0,0.0,-0.24861562252044678,0.6032389402389526,0.007302095647901297,-0.6137041449546814,0,2000,strong,4,80,42,1.0,0.0,walk
907,18.14,1.0,0.0,-0.24151384830474854,0.6029066443443298,-0.004993186332285404,-0.6705012321472168,0,2000,strong,4,80,42,1.0,0.0,walk
908,18.16,1.0,0.0,-0.23517191410064697,0.6094096899032593,-0.01790137216448784,-0.5337594747543335,0,2000,strong,4,80,42,1.0,0.0,walk
909,18.18,1.0,0.0,-0.22969436645507812,0.6211360692977905,-0.03724947199225426,-0.51169753074646,0,2000,strong,4,80,42,1.0,0.0,walk
910,18.2,1.0,0.0,-0.22526490688323975,0.6470928192138672,-0.052752427756786346,-0.40692415833473206,0,2000,strong,4,80,42,1.0,0.0,walk
911,18.22,1.0,0.0,-0.2225334644317627,0.6829541325569153,-0.06564661860466003,-0.2919571101665497,0,2000,strong,4,80,42,1.0,0.0,walk
912,18.240000000000002,1.0,0.0,-0.22104263305664062,0.7235919237136841,-0.07929720729589462,-0.2543625235557556,0,2000,strong,4,80,42,1.0,0.0,walk
913,18.26,1.0,0.0,-0.22065532207489014,0.7663080096244812,-0.09641804546117783,-0.20412974059581757,0,2000,strong,4,80,42,1.0,0.0,walk
914,18.28,1.0,0.0,-0.22012090682983398,0.7992437481880188,-0.12497074156999588,-0.2676856219768524,0,2000,strong,4,80,42,1.0,0.0,walk
915,18.3,1.0,0.0,-0.2182605266571045,0.8126365542411804,-0.15114179253578186,-0.3258875608444214,0,2000,strong,4,80,42,1.0,0.0,walk
916,18.32,1.0,0.0,-0.21657192707061768,0.8132709264755249,-0.17319808900356293,-0.15851131081581116,0,2000,strong,4,80,42,1.0,0.0,walk
917,18.34,1.0,0.0,-0.21589481830596924,0.747706413269043,-0.15971875190734863,-0.20924216508865356,0,2000,strong,4,80,42,1.0,0.0,walk
918,18.36,1.0,0.0,-0.2176210880279541,0.6958047151565552,-0.1100194901227951,0.3797548711299896,0,2000,strong,4,80,42,1.0,0.0,walk
919,18.38,1.0,0.0,-0.22338664531707764,0.6594871282577515,-0.07932741194963455,0.4781109094619751,0,2000,strong,4,80,42,1.0,0.0,walk
920,18.400000000000002,1.0,0.0,-0.2281816005706787,0.6446338295936584,-0.0634157806634903,0.10433978587388992,0,2000,strong,4,80,42,1.0,0.0,walk
921,18.42,1.0,0.0,-0.22822535037994385,0.6357560753822327,-0.04932891204953194,-0.48110106587409973,0,2000,strong,4,80,42,1.0,0.0,walk
922,18.44,1.0,0.0,-0.22286605834960938,0.6232901811599731,-0.029996167868375778,-0.9647436738014221,0,2000,strong,4,80,42,1.0,0.0,walk
923,18.46,1.0,0.0,-0.21583914756774902,0.6075400710105896,0.003940230701118708,-0.8540393710136414,0,2000,strong,4,80,42,1.0,0.0,walk
924,18.48,1.0,0.0,-0.21079039573669434,0.585749626159668,0.03827612102031708,-0.5844137668609619,0,2000,strong,4,80,42,1.0,0.0,walk
925,18.5,1.0,0.0,-0.20888113975524902,0.5735425353050232,0.06387299299240112,-0.20357783138751984,0,2000,strong,4,80,42,1.0,0.0,walk
926,18.52,1.0,0.0,-0.20974206924438477,0.5724654793739319,0.07778897881507874,0.08859027922153473,0,2000,strong,4,80,42,1.0,0.0,walk
927,18.54,1.0,0.0,-0.21221709251403809,0.5797163248062134,0.08727391064167023,0.22778600454330444,0,2000,strong,4,80,42,1.0,0.0,walk
928,18.56,1.0,0.0,-0.21518981456756592,0.5911774039268494,0.10066653788089752,0.26647326350212097,0,2000,strong,4,80,42,1.0,0.0,walk
929,18.580000000000002,1.0,0.0,-0.21826624870300293,0.6103394031524658,0.11787848174571991,0.2785089910030365,0,2000,strong,4,80,42,1.0,0.0,walk
930,18.6,1.0,0.0,-0.22045385837554932,0.6293671727180481,0.1347779929637909,0.14564114809036255,0,2000,strong,4,80,42,1.0,0.0,walk
931,18.62,1.0,0.0,-0.22145652770996094,0.6612441539764404,0.15176941454410553,0.1145624965429306,0,2000,strong,4,80,42,1.0,0.0,walk
932,18.64,1.0,0.0,-0.22163653373718262,0.7008985280990601,0.16745372116565704,0.10891804099082947,0,2000,strong,4,80,42,1.0,0.0,walk
933,18.66,1.0,0.0,-0.22133541107177734,0.7389130592346191,0.18961665034294128,0.08181744068861008,0,2000,strong,4,80,42,1.0,0.0,walk
934,18.68,1.0,0.0,-0.2202446460723877,0.7701956629753113,0.21675950288772583,0.008389389142394066,0,2000,strong,4,80,42,1.0,0.0,walk
935,18.7,1.0,0.0,-0.21817100048065186,0.790560245513916,0.25020089745521545,-0.10746395587921143,0,2000,strong,4,80,42,1.0,0.0,walk
936,18.72,1.0,0.0,-0.21565401554107666,0.8025572299957275,0.2880658209323883,-0.1495189219713211,0,2000,strong,4,80,42,1.0,0.0,walk
937,18.740000000000002,1.0,0.0,-0.21392524242401123,0.8138629794120789,0.3277198076248169,-0.0771450325846672,0,2000,strong,4,80,42,1.0,0.0,walk
938,18.76,1.0,0.0,-0.2132645845413208,0.7825206518173218,0.3435305058956146,0.32941320538520813,0,2000,strong,4,80,42,1.0,0.0,walk
939,18.78,1.0,0.0,-0.21319150924682617,0.7252758741378784,0.25696855783462524,-0.34251686930656433,0,2000,strong,4,80,42,1.0,0.0,walk
940,18.8,1.0,0.0,-0.2069709300994873,0.6713581085205078,0.19846442341804504,-0.5701600909233093,0,2000,strong,4,80,42,1.0,0.0,walk
941,18.82,1.0,0.0,-0.20078110694885254,0.6244681477546692,0.1651797592639923,-0.23067371547222137,0,2000,strong,4,80,42,1.0,0.0,walk
942,18.84,1.0,0.0,-0.19821250438690186,0.5857228636741638,0.14080201089382172,0.27969828248023987,0,2000,strong,4,80,42,1.0,0.0,walk
943,18.86,1.0,0.0,-0.200272798538208,0.5520185828208923,0.11634913086891174,0.6893688440322876,0,2000,strong,4,80,42,1.0,0.0,walk
944,18.88,1.0,0.0,-0.20581185817718506,0.5587867498397827,0.09206309169530869,0.7648417949676514,0,2000,strong,4,80,42,1.0,0.0,walk
945,18.900000000000002,1.0,0.0,-0.21004009246826172,0.5833672881126404,0.06724576652050018,0.381570965051651,0,2000,strong,4,80,42,1.0,0.0,walk
946,18.92,1.0,0.0,-0.2102665901184082,0.5804311633110046,0.03976384922862053,0.030277671292424202,0,2000,strong,4,80,42,1.0,0.0,walk
947,18.94,1.0,0.0,-0.20749545097351074,0.5865735411643982,0.022802524268627167,-0.28617146611213684,0,2000,strong,4,80,42,1.0,0.0,walk
948,18.96,1.0,0.0,-0.20280778408050537,0.5925976037979126,0.010118368081748486,-0.4575275182723999,0,2000,strong,4,80,42,1.0,0.0,walk
949,18.98,1.0,0.0,-0.19726479053497314,0.5880815982818604,0.003364432603120804,-0.5264270901679993,0,2000,strong,4,80,42,1.0,0.0,walk
950,19.0,1.0,0.0,-0.19145989418029785,0.5945751667022705,-0.010251417756080627,-0.5102527141571045,0,2000,strong,4,80,42,1.0,0.0,walk
951,19.02,1.0,0.0,-0.1857161521911621,0.6023758053779602,-0.031243883073329926,-0.526749312877655,0,2000,strong,4,80,42,1.0,0.0,walk
952,19.04,1.0,0.0,-0.1805555820465088,0.6275351047515869,-0.04740309342741966,-0.4961214065551758,0,2000,strong,4,80,42,1.0,0.0,walk
953,19.06,1.0,0.0,-0.1768016815185547,0.6541793942451477,-0.062151674181222916,-0.36134129762649536,0,2000,strong,4,80,42,1.0,0.0,walk
954,19.080000000000002,1.0,0.0,-0.17495405673980713,0.6916781663894653,-0.07423261553049088,-0.2493942379951477,0,2000,strong,4,80,42,1.0,0.0,walk
955,19.1,1.0,0.0,-0.17400789260864258,0.7343231439590454,-0.08993563055992126,-0.2542670667171478,0,2000,strong,4,80,42,1.0,0.0,walk
956,19.12,1.0,0.0,-0.1730729341506958,0.7724350690841675,-0.11415307223796844,-0.2864505350589752,0,2000,strong,4,80,42,1.0,0.0,walk
957,19.14,1.0,0.0,-0.17171084880828857,0.7932541966438293,-0.14083829522132874,-0.3037498891353607,0,2000,strong,4,80,42,1.0,0.0,walk
958,19.16,1.0,0.0,-0.1696021556854248,0.7980621457099915,-0.1662338674068451,-0.2887212336063385,0,2000,strong,4,80,42,1.0,0.0,walk
959,19.18,1.0,0.0,-0.16845154762268066,0.7988045811653137,-0.18845126032829285,-0.05963423103094101,0,2000,strong,4,80,42,1.0,0.0,walk
960,19.2,1.0,0.0,-0.16834819316864014,0.7207761406898499,-0.13895976543426514,0.10859867930412292,0,2000,strong,4,80,42,1.0,0.0,walk
961,19.22,1.0,0.0,-0.1726158857345581,0.6752810478210449,-0.09844297915697098,0.4949043095111847,0,2000,strong,4,80,42,1.0,0.0,walk
962,19.240000000000002,1.0,0.0,-0.17854678630828857,0.6535168886184692,-0.07605741173028946,0.3457700312137604,0,2000,strong,4,80,42,1.0,0.0,walk
963,19.26,1.0,0.0,-0.18097376823425293,0.6474960446357727,-0.06345059722661972,-0.19770720601081848,0,2000,strong,4,80,42,1.0,0.0,walk
964,19.28,1.0,0.0,-0.17811596393585205,0.6380501985549927,-0.045284416526556015,-0.7391467094421387,0,2000,strong,4,80,42,1.0,0.0,walk
965,19.3,1.0,0.0,-0.17142724990844727,0.6221960186958313,-0.018507737666368484,-0.9717481136322021,0,2000,strong,4,80,42,1.0,0.0,walk
966,19.32,1.0,0.0,-0.16492629051208496,0.6067349910736084,0.016992902383208275,-0.7257099747657776,0,2000,strong,4,80,42,1.0,0.0,walk
967,19.34,1.0,0.0,-0.16130173206329346,0.5901197791099548,0.046649377793073654,-0.39145106077194214,0,2000,strong,4,80,42,1.0,0.0,walk
968,19.36,1.0,0.0,-0.16069912910461426,0.5835623741149902,0.0665142610669136,-0.055701516568660736,0,2000,strong,4,80,42,1.0,0.0,walk
969,19.38,1.0,0.0,-0.16224467754364014,0.5837336182594299,0.07999987155199051,0.14487312734127045,0,2000,strong,4,80,42,1.0,0.0,walk
970,19.400000000000002,1.0,0.0,-0.164778470993042,0.5916500091552734,0.09048089385032654,0.24053716659545898,0,2000,strong,4,80,42,1.0,0.0,walk
971,19.42,1.0,0.0,-0.16759848594665527,0.6040445566177368,0.10569673776626587,0.25781452655792236,0,2000,strong,4,80,42,1.0,0.0,walk
972,19.44,1.0,0.0,-0.1701822280883789,0.6214146614074707,0.12563474476337433,0.21570062637329102,0,2000,strong,4,80,42,1.0,0.0,walk
973,19.46,1.0,0.0,-0.17177331447601318,0.6446900367736816,0.1440856158733368,0.11331427842378616,0,2000,strong,4,80,42,1.0,0.0,walk
974,19.48,1.0,0.0,-0.1722952127456665,0.6797154545783997,0.16082902252674103,0.09329081326723099,0,2000,strong,4,80,42,1.0,0.0,walk
975,19.5,1.0,0.0,-0.17213034629821777,0.7210344672203064,0.17853403091430664,0.07295691967010498,0,2000,strong,4,80,42,1.0,0.0,walk
976,19.52,1.0,0.0,-0.17120707035064697,0.760413408279419,0.20105908811092377,0.03444184362888336,0,2000,strong,4,80,42,1.0,0.0,walk
977,19.54,1.0,0.0,-0.1695336103439331,0.7883744239807129,0.23115947842597961,-0.04590096324682236,0,2000,strong,4,80,42,1.0,0.0,walk
978,19.56,1.0,0.0,-0.16715502738952637,0.804672122001648,0.2658851444721222,-0.13885723054409027,0,2000,strong,4,80,42,1.0,0.0,walk
979,19.580000000000002,1.0,0.0,-0.16498947143554688,0.8151769042015076,0.30392175912857056,-0.12265144288539886,0,2000,strong,4,80,42,1.0,0.0,walk
980,19.6,1.0,0.0,-0.16375648975372314,0.827533483505249,0.3415306806564331,-0.04281818866729736,0,2000,strong,4,80,42,1.0,0.0,walk
981,19.62,1.0,0.0,-0.16449379920959473,0.7529808878898621,0.27497628331184387,-0.14558854699134827,0,2000,strong,4,80,42,1.0,0.0,walk
982,19.64,1.0,0.0,-0.15925586223602295,0.7000306248664856,0.21081110835075378,-0.6333903074264526,0,2000,strong,4,80,42,1.0,0.0,walk
983,19.66,1.0,0.0,-0.15192675590515137,0.6499916315078735,0.17109057307243347,-0.4655415415763855,0,2000,strong,4,80,42,1.0,0.0,walk
984,19.68,1.0,0.0,-0.14723002910614014,0.606002926826477,0.1470392942428589,0.05426924675703049,0,2000,strong,4,80,42,1.0,0.0,walk
985,19.7,1.0,0.0,-0.14744365215301514,0.5774845480918884,0.12467930465936661,0.5177730917930603,0,2000,strong,4,80,42,1.0,0.0,walk
986,19.72,1.0,0.0,-0.15148460865020752,0.5625972747802734,0.10023381561040878,0.7523510456085205,0,2000,strong,4,80,42,1.0,0.0,walk
987,19.740000000000002,1.0,0.0,-0.15609991550445557,0.5663474202156067,0.07091373950242996,0.5744680762290955,0,2000,strong,4,80,42,1.0,0.0,walk
988,19.76,1.0,0.0,-0.1586359739303589,0.5822315812110901,0.04704682156443596,0.24297085404396057,0,2000,strong,4,80,42,1.0,0.0,walk
989,19.78,1.0,0.0,-0.1579824686050415,0.5914390683174133,0.030406218022108078,-0.10074513405561447,0,2000,strong,4,80,42,1.0,0.0,walk
990,19.8,1.0,0.0,-0.15445590019226074,0.5881150364875793,0.015869850292801857,-0.3722907304763794,0,2000,strong,4,80,42,1.0,0.0,walk
991,19.82,1.0,0.0,-0.14877331256866455,0.591683030128479,0.00534795830026269,-0.5836700201034546,0,2000,strong,4,80,42,1.0,0.0,walk
992,19.84,1.0,0.0,-0.14201676845550537,0.5928726196289062,-0.006765718571841717,-0.6368021368980408,0,2000,strong,4,80,42,1.0,0.0,walk
993,19.86,1.0,0.0,-0.1355799436569214,0.5957641005516052,-0.02480500191450119,-0.5490513443946838,0,2000,strong,4,80,42,1.0,0.0,walk
994,19.88,1.0,0.0,-0.130018949508667,0.6087183356285095,-0.04355606436729431,-0.508924663066864,0,2000,strong,4,80,42,1.0,0.0,walk
995,19.900000000000002,1.0,0.0,-0.1259002685546875,0.6327767372131348,-0.05904014781117439,-0.3660438656806946,0,2000,strong,4,80,42,1.0,0.0,walk
996,19.92,1.0,0.0,-0.123931884765625,0.6660065054893494,-0.07086091488599777,-0.20595766603946686,0,2000,strong,4,80,42,1.0,0.0,walk
997,19.94,1.0,0.0,-0.1234060525894165,0.7082237601280212,-0.08471204340457916,-0.16404122114181519,0,2000,strong,4,80,42,1.0,0.0,walk
998,19.96,1.0,0.0,-0.12338066101074219,0.7524802684783936,-0.10488137602806091,-0.19356182217597961,0,2000,strong,4,80,42,1.0,0.0,walk
999,19.98,1.0,0.0,1.0535088777542114,0.7857807278633118,-0.1319395750761032,-0.23768974840641022,0,2000,strong,4,80,42,1.0,0.0,walk
1000,20.0,1.0,0.0,1.0548502206802368,0.7986466884613037,-0.15986685454845428,-0.27300700545310974,0,2000,strong,4,80,42,1.0,0.0,walk
1001,20.02,1.0,0.0,1.055993676185608,0.7989099621772766,-0.18354450166225433,-0.12050765752792358,0,2000,strong,4,80,42,1.0,0.0,walk
1002,20.04,1.0,0.0,1.0561357736587524,0.7381678819656372,-0.16812346875667572,-0.19121846556663513,0,2000,strong,4,80,42,1.0,0.0,walk
1003,20.06,1.0,0.0,1.0538445711135864,0.684649646282196,-0.11684516817331314,0.45878225564956665,0,2000,strong,4,80,42,1.0,0.0,walk
1004,20.080000000000002,1.0,0.0,1.0470811128616333,0.65171217918396,-0.08752568066120148,0.5934345126152039,0,2000,strong,4,80,42,1.0,0.0,walk
1005,20.1,1.0,0.0,1.0411778688430786,0.6376286745071411,-0.07460116595029831,0.2508774399757385,0,2000,strong,4,80,42,1.0,0.0,walk
1006,20.12,1.0,0.0,1.0399795770645142,0.6312323212623596,-0.06287046521902084,-0.34701570868492126,0,2000,strong,4,80,42,1.0,0.0,walk
1007,20.14,1.0,0.0,1.0441290140151978,0.6183228492736816,-0.04490666836500168,-0.8121609687805176,0,2000,strong,4,80,42,1.0,0.0,walk
1008,20.16,1.0,0.0,1.049456238746643,0.6028739213943481,-0.009506446309387684,-0.6593721508979797,0,2000,strong,4,80,42,1.0,0.0,walk
1009,20.18,1.0,0.0,1.0526810884475708,0.5884957313537598,0.021448824554681778,-0.3804991841316223,0,2000,strong,4,80,42,1.0,0.0,walk
1010,20.2,1.0,0.0,1.0527793169021606,0.5822694301605225,0.04255683347582817,-0.016195189207792282,0,2000,strong,4,80,42,1.0,0.0,walk
1011,20.22,1.0,0.0,1.0501924753189087,0.5840965509414673,0.05445506051182747,0.2593179941177368,0,2000,strong,4,80,42,1.0,0.0,walk
1012,20.240000000000002,1.0,0.0,1.0460344552993774,0.5917831659317017,0.06130259484052658,0.40767529606819153,0,2000,strong,4,80,42,1.0,0.0,walk
1013,20.26,1.0,0.0,1.0412479639053345,0.5984975695610046,0.07142268121242523,0.4654681086540222,0,2000,strong,4,80,42,1.0,0.0,walk
1014,20.28,1.0,0.0,1.0363699197769165,0.6090924739837646,0.08762030303478241,0.46082720160484314,0,2000,strong,4,80,42,1.0,0.0,walk
1015,20.3,1.0,0.0,1.0319820642471313,0.6188338398933411,0.1057172492146492,0.3756350576877594,0,2000,strong,4,80,42,1.0,0.0,walk
1016,20.32,1.0,0.0,1.0284096002578735,0.6432194113731384,0.12204276025295258,0.3774015009403229,0,2000,strong,4,80,42,1.0,0.0,walk
1017,20.34,1.0,0.0,1.0253392457962036,0.6777742505073547,0.1359424740076065,0.39725980162620544,0,2000,strong,4,80,42,1.0,0.0,walk
1018,20.36,1.0,0.0,1.0224915742874146,0.7135171294212341,0.1537361741065979,0.4217424690723419,0,2000,strong,4,80,42,1.0,0.0,walk
1019,20.38,1.0,0.0,1.0196090936660767,0.7440099120140076,0.17678318917751312,0.4461528956890106,0,2000,strong,4,80,42,1.0,0.0,walk
1020,20.400000000000002,1.0,0.0,1.0171018838882446,0.7586042284965515,0.20411546528339386,0.3356229066848755,0,2000,strong,4,80,42,1.0,0.0,walk
1021,20.42,1.0,0.0,1.01555597782135,0.7612285017967224,0.23250116407871246,0.17153827846050262,0,2000,strong,4,80,42,1.0,0.0,walk
1022,20.44,1.0,0.0,1.0151811838150024,0.7569660544395447,0.25922098755836487,0.019485361874103546,0,2000,strong,4,80,42,1.0,0.0,walk
1023,20.46,1.0,0.0,1.0169121026992798,0.7368921041488647,0.27698206901550293,-0.13147690892219543,0,2000,strong,4,80,42,1.0,0.0,walk
1024,20.48,1.0,0.0,1.0193883180618286,0.6901811361312866,0.2065112441778183,-0.4582616984844208,0,2000,strong,4,80,42,1.0,0.0,walk
1025,20.5,1.0,0.0,1.0251413583755493,0.6555908918380737,0.1592075526714325,-0.47606489062309265,0,2000,strong,4,80,42,1.0,0.0,walk
1026,20.52,1.0,0.0,1.0287038087844849,0.62195885181427,0.12146802246570587,0.16006255149841309,0,2000,strong,4,80,42,1.0,0.0,walk
1027,20.54,1.0,0.0,1.0261799097061157,0.5975664258003235,0.08367135375738144,0.9296703934669495,0,2000,strong,4,80,42,1.0,0.0,walk
1028,20.56,1.0,0.0,1.017616868019104,0.572886049747467,0.04319434612989426,1.4009193181991577,0,2000,strong,4,80,42,1.0,0.0,walk
1029,20.580000000000002,1.0,0.0,1.005282998085022,0.5857363939285278,0.014184018597006798,1.4507101774215698,0,2000,strong,4,80,42,1.0,0.0,walk
1030,20.6,1.0,0.0,0.9947444200515747,0.6121562123298645,-0.012652480974793434,0.9525905847549438,0,2000,strong,4,80,42,1.0,0.0,walk
1031,20.62,1.0,0.0,0.989657998085022,0.6176169514656067,-0.03857448697090149,0.43313539028167725,0,2000,strong,4,80,42,1.0,0.0,walk
1032,20.64,1.0,0.0,0.9887644052505493,0.6237951517105103,-0.052950624376535416,0.03677857667207718,0,2000,strong,4,80,42,1.0,0.0,walk
1033,20.66,1.0,0.0,0.9908925294876099,0.6152980923652649,-0.06621143221855164,-0.22192762792110443,0,2000,strong,4,80,42,1.0,0.0,walk
1034,20.68,1.0,0.0,0.9938040971755981,0.606864869594574,-0.06994069367647171,-0.25911998748779297,0,2000,strong,4,80,42,1.0,0.0,walk
1035,20.7,1.0,0.0,0.996890664100647,0.603521466255188,-0.08480609953403473,-0.2531857490539551,0,2000,strong,4,80,42,1.0,0.0,walk
1036,20.72,1.0,0.0,1.0010420083999634,0.6134771704673767,-0.10444596409797668,-0.4232815206050873,0,2000,strong,4,80,42,1.0,0.0,walk
1037,20.740000000000002,1.0,0.0,1.0061436891555786,0.6420475840568542,-0.12287724763154984,-0.5088016986846924,0,2000,strong,4,80,42,1.0,0.0,walk
1038,20.76,1.0,0.0,1.009952187538147,0.6747417449951172,-0.1405494213104248,-0.32732969522476196,0,2000,strong,4,80,42,1.0,0.0,walk
1039,20.78,1.0,0.0,1.0107914209365845,0.7151856422424316,-0.15762867033481598,-0.07658060640096664,0,2000,strong,4,80,42,1.0,0.0,walk
1040,20.8,1.0,0.0,1.0091606378555298,0.7599804401397705,-0.1803145706653595,0.09586478769779205,0,2000,strong,4,80,42,1.0,0.0,walk
1041,20.82,1.0,0.0,1.0050288438796997,0.8018980622291565,-0.20991477370262146,0.3286316692829132,0,2000,strong,4,80,42,1.0,0.0,walk
1042,20.84,1.0,0.0,0.9986621141433716,0.8275342583656311,-0.25153082609176636,0.5072054266929626,0,2000,strong,4,80,42,1.0,0.0,walk
1043,20.86,1.0,0.0,0.9919205904006958,0.8382425308227539,-0.29675668478012085,0.533068835735321,0,2000,strong,4,80,42,1.0,0.0,walk
1044,20.88,1.0,0.0,0.9860116243362427,0.8449081182479858,-0.3351081907749176,0.4220901131629944,0,2000,strong,4,80,42,1.0,0.0,walk
1045,20.900000000000002,1.0,0.0,0.9842921495437622,0.7610909342765808,-0.27831926941871643,0.05736943334341049,0,2000,strong,4,80,42,1.0,0.0,walk
1046,20.92,1.0,0.0,0.9787031412124634,0.7147353887557983,-0.21753768622875214,0.6976101398468018,0,2000,strong,4,80,42,1.0,0.0,walk
1047,20.94,1.0,0.0,0.9694634675979614,0.6748161315917969,-0.17751255631446838,0.7413706183433533,0,2000,strong,4,80,42,1.0,0.0,walk
1048,20.96,1.0,0.0,0.9623337984085083,0.6465963125228882,-0.15420259535312653,0.3062167763710022,0,2000,strong,4,80,42,1.0,0.0,walk
1049,20.98,1.0,0.0,0.9598385095596313,0.6165119409561157,-0.1314614862203598,-0.18862134218215942,0,2000,strong,4,80,42,1.0,0.0,walk
1050,21.0,1.0,0.0,0.9613453149795532,0.5876805782318115,-0.09738998115062714,-0.4854479730129242,0,2000,strong,4,80,42,1.0,0.0,walk
1051,21.02,1.0,0.0,0.963852047920227,0.5698343515396118,-0.05496746301651001,-0.3759617805480957,0,2000,strong,4,80,42,1.0,0.0,walk
1052,21.04,1.0,0.0,0.9644652605056763,0.5620025396347046,-0.020455840975046158,-0.11293219774961472,0,2000,strong,4,80,42,1.0,0.0,walk
1053,21.06,1.0,0.0,0.9629737138748169,0.5631328225135803,0.004974819719791412,0.11090640723705292,0,2000,strong,4,80,42,1.0,0.0,walk
1054,21.080000000000002,1.0,0.0,0.9607769250869751,0.5714431405067444,0.01959746517241001,0.16496330499649048,0,2000,strong,4,80,42,1.0,0.0,walk
1055,21.1,1.0,0.0,0.9583770036697388,0.5866550803184509,0.03449749946594238,0.25232234597206116,0,2000,strong,4,80,42,1.0,0.0,walk
1056,21.12,1.0,0.0,0.9552932977676392,0.6006360054016113,0.056884631514549255,0.3057621717453003,0,2000,strong,4,80,42,1.0,0.0,walk
1057,21.14,1.0,0.0,0.9520684480667114,0.6106314659118652,0.08208154886960983,0.2909477949142456,0,2000,strong,4,80,42,1.0,0.0,walk
1058,21.16,1.0,0.0,0.9487582445144653,0.6313764452934265,0.10375551134347916,0.3462459146976471,0,2000,strong,4,80,42,1.0,0.0,walk
1059,21.18,1.0,0.0,0.9458256959915161,0.6662886142730713,0.11928843706846237,0.3725362718105316,0,2000,strong,4,80,42,1.0,0.0,walk
1060,21.2,1.0,0.0,0.9430724382400513,0.7050637006759644,0.13688798248767853,0.4078322947025299,0,2000,strong,4,80,42,1.0,0.0,walk
1061,21.22,1.0,0.0,0.9404088258743286,0.7411328554153442,0.16088877618312836,0.41431888937950134,0,2000,strong,4,80,42,1.0,0.0,walk
1062,21.240000000000002,1.0,0.0,0.9379998445510864,0.7638494372367859,0.19118258357048035,0.34727567434310913,0,2000,strong,4,80,42,1.0,0.0,walk
1063,21.26,1.0,0.0,0.9362479448318481,0.7718391418457031,0.2234232872724533,0.2139693647623062,0,2000,strong,4,80,42,1.0,0.0,walk
1064,21.28,1.0,0.0,0.9350305795669556,0.7680824398994446,0.24969924986362457,0.11634746193885803,0,2000,strong,4,80,42,1.0,0.0,walk
1065,21.3,1.0,0.0,0.9348980188369751,0.7384577393531799,0.23857511579990387,0.026434652507305145,0,2000,strong,4,80,42,1.0,0.0,walk
1066,21.32,1.0,0.0,0.9371205568313599,0.6893519759178162,0.18026256561279297,-0.5096133947372437,0,2000,strong,4,80,42,1.0,0.0,walk
1067,21.34,1.0,0.0,0.9425002336502075,0.6559218168258667,0.13578125834465027,-0.40649792551994324,0,2000,strong,4,80,42,1.0,0.0,walk
1068,21.36,1.0,0.0,0.9447752237319946,0.6254898905754089,0.10229792445898056,0.23476508259773254,0,2000,strong,4,80,42,1.0,0.0,walk
1069,21.38,1.0,0.0,0.9410430192947388,0.6001420021057129,0.06696096062660217,0.9856704473495483,0,2000,strong,4,80,42,1.0,0.0,walk
1070,21.400000000000002,1.0,0.0,0.9326525926589966,0.5674461722373962,0.03534938767552376,1.3152865171432495,0,2000,strong,4,80,42,1.0,0.0,walk
1071,21.42,1.0,0.0,0.922247052192688,0.5610035061836243,0.005318113602697849,1.2386056184768677,0,2000,strong,4,80,42,1.0,0.0,walk
1072,21.44,1.0,0.0,0.9143925905227661,0.577419102191925,-0.02182638831436634,0.7251100540161133,0,2000,strong,4,80,42,1.0,0.0,walk
1073,21.46,1.0,0.0,0.9117122888565063,0.5878004431724548,-0.040886007249355316,0.2226467877626419,0,2000,strong,4,80,42,1.0,0.0,walk
1074,21.48,1.0,0.0,0.9129167795181274,0.5927053093910217,-0.050075799226760864,-0.1308928281068802,0,2000,strong,4,80,42,1.0,0.0,walk
1075,21.5,1.0,0.0,0.916831374168396,0.5891818404197693,-0.059226710349321365,-0.35369253158569336,0,2000,strong,4,80,42,1.0,0.0,walk
1076,21.52,1.0,0.0,0.9205485582351685,0.5855474472045898,-0.06270664185285568,-0.27758467197418213,0,2000,strong,4,80,42,1.0,0.0,walk
1077,21.54,1.0,0.0,0.9241446256637573,0.578999400138855,-0.08052647858858109,-0.2733212113380432,0,2000,strong,4,80,42,1.0,0.0,walk
1078,21.56,1.0,0.0,0.9281679391860962,0.5843650698661804,-0.09871769696474075,-0.3749878406524658,0,2000,strong,4,80,42,1.0,0.0,walk
1079,21.580000000000002,1.0,0.0,0.9325133562088013,0.6050014495849609,-0.11772207170724869,-0.393846333026886,0,2000,strong,4,80,42,1.0,0.0,walk
1080,21.6,1.0,0.0,0.9355202913284302,0.6361156702041626,-0.1328015923500061,-0.2559121549129486,0,2000,strong,4,80,42,1.0,0.0,walk
1081,21.62,1.0,0.0,0.9361530542373657,0.6711912751197815,-0.14834146201610565,-0.04760247468948364,0,2000,strong,4,80,42,1.0,0.0,walk
1082,21.64,1.0,0.0,0.9344469308853149,0.7111091613769531,-0.16725583374500275,0.12396783381700516,0,2000,strong,4,80,42,1.0,0.0,walk
1083,21.66,1.0,0.0,0.9304319620132446,0.7538535594940186,-0.1913711577653885,0.3031192719936371,0,2000,strong,4,80,42,1.0,0.0,walk
1084,21.68,1.0,0.0,0.924622654914856,0.7866993546485901,-0.22660574316978455,0.44346004724502563,0,2000,strong,4,80,42,1.0,0.0,walk
1085,21.7,1.0,0.0,0.9179130792617798,0.8044888377189636,-0.2670910060405731,0.5213404893875122,0,2000,strong,4,80,42,1.0,0.0,walk
1086,21.72,1.0,0.0,0.9117599725723267,0.8097347021102905,-0.3092711567878723,0.48558664321899414,0,2000,strong,4,80,42,1.0,0.0,walk
1087,21.740000000000002,1.0,0.0,0.9068206548690796,0.7827834486961365,-0.3173196315765381,-0.053743697702884674,0,2000,strong,4,80,42,1.0,0.0,walk
1088,21.76,1.0,0.0,0.9054566621780396,0.7128013372421265,-0.24689066410064697,0.437946617603302,0,2000,strong,4,80,42,1.0,0.0,walk
1089,21.78,1.0,0.0,0.8974939584732056,0.6700181365013123,-0.20118151605129242,0.7945452332496643,0,2000,strong,4,80,42,1.0,0.0,walk
1090,21.8,1.0,0.0,0.8886591196060181,0.6384450793266296,-0.17298047244548798,0.5686755776405334,0,2000,strong,4,80,42,1.0,0.0,walk
1091,21.82,1.0,0.0,0.8840705156326294,0.6147217750549316,-0.15223035216331482,-0.008635667152702808,0,2000,strong,4,80,42,1.0,0.0,walk
1092,21.84,1.0,0.0,0.8846069574356079,0.5898272395133972,-0.12570370733737946,-0.44862696528434753,0,2000,strong,4,80,42,1.0,0.0,walk
1093,21.86,1.0,0.0,0.8876744508743286,0.5683191418647766,-0.08969590067863464,-0.517109215259552,0,2000,strong,4,80,42,1.0,0.0,walk
1094,21.88,1.0,0.0,0.8902145624160767,0.5558106899261475,-0.052373118698596954,-0.3536095917224884,0,2000,strong,4,80,42,1.0,0.0,walk
1095,21.900000000000002,1.0,0.0,0.8905097246170044,0.5508273243904114,-0.023721348494291306,-0.05129070207476616,0,2000,strong,4,80,42,1.0,0.0,walk
1096,21.92,1.0,0.0,0.8885902166366577,0.5543115139007568,-0.0031447282526642084,0.16692125797271729,0,2000,strong,4,80,42,1.0,0.0,walk
1097,21.94,1.0,0.0,0.8855811357498169,0.5656541585922241,0.010560539551079273,0.2785905599594116,0,2000,strong,4,80,42,1.0,0.0,walk
1098,21.96,1.0,0.0,0.8821748495101929,0.5754022598266602,0.025342905893921852,0.3179834485054016,0,2000,strong,4,80,42,1.0,0.0,walk
1099,21.98,1.0,0.0,0.878581166267395,0.5855346322059631,0.04379801079630852,0.3650251626968384,0,2000,strong,4,80,42,1.0,0.0,walk
1100,22.0,1.0,0.0,0.8746715784072876,0.5944728851318359,0.06650064885616302,0.3586477041244507,0,2000,strong,4,80,42,1.0,0.0,walk
1101,22.02,1.0,0.0,0.8712393045425415,0.6181073188781738,0.08251363784074783,0.36913546919822693,0,2000,strong,4,80,42,1.0,0.0,walk
1102,22.04,1.0,0.0,0.868144154548645,0.6512981057167053,0.09790521115064621,0.4008124768733978,0,2000,strong,4,80,42,1.0,0.0,walk
1103,22.06,1.0,0.0,0.8652471303939819,0.6890949606895447,0.11602805554866791,0.42200767993927,0,2000,strong,4,80,42,1.0,0.0,walk
1104,22.080000000000002,1.0,0.0,0.8625670671463013,0.7209899425506592,0.14079247415065765,0.4051419198513031,0,2000,strong,4,80,42,1.0,0.0,walk
1105,22.1,1.0,0.0,0.8603240251541138,0.7387369871139526,0.17052516341209412,0.30516231060028076,0,2000,strong,4,80,42,1.0,0.0,walk
1106,22.12,1.0,0.0,0.8589836359024048,0.7436284422874451,0.20104961097240448,0.13969488441944122,0,2000,strong,4,80,42,1.0,0.0,walk
1107,22.14,1.0,0.0,0.8588060140609741,0.7420849204063416,0.23003095388412476,-0.007561099715530872,0,2000,strong,4,80,42,1.0,0.0,walk
1108,22.16,1.0,0.0,0.8600445985794067,0.7238178253173828,0.24256686866283417,-0.07907702028751373,0,2000,strong,4,80,42,1.0,0.0,walk
1109,22.18,1.0,0.0,0.8622704744338989,0.6878418326377869,0.16795919835567474,-0.4064995348453522,0,2000,strong,4,80,42,1.0,0.0,walk
1110,22.2,1.0,0.0,0.867681622505188,0.6588760018348694,0.12178649753332138,-0.47085437178611755,0,2000,strong,4,80,42,1.0,0.0,walk
1111,22.22,1.0,0.0,0.8716241121292114,0.6311580538749695,0.08667302131652832,0.058691561222076416,0,2000,strong,4,80,42,1.0,0.0,walk
1112,22.240000000000002,1.0,0.0,0.870296835899353,0.6090970635414124,0.04905213415622711,0.7631713151931763,0,2000,strong,4,80,42,1.0,0.0,walk
1113,22.26,1.0,0.0,0.8634148836135864,0.5822299122810364,0.01318361610174179,1.2200629711151123,0,2000,strong,4,80,42,1.0,0.0,walk
1114,22.28,1.0,0.0,0.8528009653091431,0.5943660736083984,-0.013484399765729904,1.2807204723358154,0,2000,strong,4,80,42,1.0,0.0,walk
1115,22.3,1.0,0.0,0.8440223932266235,0.6201096177101135,-0.03863321244716644,0.8002349734306335,0,2000,strong,4,80,42,1.0,0.0,walk
1116,22.32,1.0,0.0,0.8398362398147583,0.6205366253852844,-0.06232013180851936,0.40033891797065735,0,2000,strong,4,80,42,1.0,0.0,walk
1117,22.34,1.0,0.0,0.8392630815505981,0.6260376572608948,-0.075699582695961,0.014579309150576591,0,2000,strong,4,80,42,1.0,0.0,walk
1118,22.36,1.0,0.0,0.841797947883606,0.6218025088310242,-0.08801916241645813,-0.2680265009403229,0,2000,strong,4,80,42,1.0,0.0,walk
1119,22.38,1.0,0.0,0.8452004194259644,0.6154475808143616,-0.08901677280664444,-0.3196854293346405,0,2000,strong,4,80,42,1.0,0.0,walk
1120,22.400000000000002,1.0,0.0,0.8493551015853882,0.6149371862411499,-0.10285823047161102,-0.3660862147808075,0,2000,strong,4,80,42,1.0,0.0,walk
1121,22.42,1.0,0.0,0.8541086912155151,0.6216382384300232,-0.11900261789560318,-0.44909629225730896,0,2000,strong,4,80,42,1.0,0.0,walk
1122,22.44,1.0,0.0,0.8587843179702759,0.6473413705825806,-0.1343022882938385,-0.44277939200401306,0,2000,strong,4,80,42,1.0,0.0,walk
1123,22.46,1.0,0.0,0.8620661497116089,0.6756494641304016,-0.15331053733825684,-0.283454567193985,0,2000,strong,4,80,42,1.0,0.0,walk
1124,22.48,1.0,0.0,0.8625756502151489,0.7137117385864258,-0.17063000798225403,-0.051873013377189636,0,2000,strong,4,80,42,1.0,0.0,walk
1125,22.5,1.0,0.0,0.8610090017318726,0.756173849105835,-0.19290409982204437,0.06560060381889343,0,2000,strong,4,80,42,1.0,0.0,walk
1126,22.52,1.0,0.0,0.8573418855667114,0.7954593300819397,-0.22146520018577576,0.2623712420463562,0,2000,strong,4,80,42,1.0,0.0,walk
1127,22.54,1.0,0.0,0.8516408205032349,0.8182916045188904,-0.2612929940223694,0.4436434209346771,0,2000,strong,4,80,42,1.0,0.0,walk
1128,22.56,1.0,0.0,0.8456703424453735,0.8269456624984741,-0.30460670590400696,0.4639360010623932,0,2000,strong,4,80,42,1.0,0.0,walk
1129,22.580000000000002,1.0,0.0,0.840237021446228,0.8294002413749695,-0.3419220745563507,0.4177998900413513,0,2000,strong,4,80,42,1.0,0.0,walk
1130,22.6,1.0,0.0,0.8382116556167603,0.7470710277557373,-0.2810318171977997,0.1574440896511078,0,2000,strong,4,80,42,1.0,0.0,walk
1131,22.62,1.0,0.0,0.8321894407272339,0.701809823513031,-0.2223457247018814,0.707917332649231,0,2000,strong,4,80,42,1.0,0.0,walk
1132,22.64,1.0,0.0,0.8231769800186157,0.6651664972305298,-0.185798779129982,0.6978028416633606,0,2000,strong,4,80,42,1.0,0.0,walk
1133,22.66,1.0,0.0,0.816860556602478,0.6414157152175903,-0.16242389380931854,0.2040490210056305,0,2000,strong,4,80,42,1.0,0.0,walk
1134,22.68,1.0,0.0,0.8155261278152466,0.6139512062072754,-0.13965801894664764,-0.31151339411735535,0,2000,strong,4,80,42,1.0,0.0,walk
1135,22.7,1.0,0.0,0.8179973363876343,0.5878518223762512,-0.10525654256343842,-0.5570639371871948,0,2000,strong,4,80,42,1.0,0.0,walk
1136,22.72,1.0,0.0,0.821273922920227,0.5706416368484497,-0.06406717747449875,-0.4416709840297699,0,2000,strong,4,80,42,1.0,0.0,walk
1137,22.740000000000002,1.0,0.0,0.8223758935928345,0.5625259280204773,-0.03101830929517746,-0.14041395485401154,0,2000,strong,4,80,42,1.0,0.0,walk
1138,22.76,1.0,0.0,0.8210662603378296,0.5621013045310974,-0.006082537584006786,0.10100729018449783,0,2000,strong,4,80,42,1.0,0.0,walk
1139,22.78,1.0,0.0,0.8188313245773315,0.570168137550354,0.007674752734601498,0.17030376195907593,0,2000,strong,4,80,42,1.0,0.0,walk
1140,22.8,1.0,0.0,0.8163343667984009,0.5854025483131409,0.02180485613644123,0.25864896178245544,0,2000,strong,4,80,42,1.0,0.0,walk
1141,22.82,1.0,0.0,0.8133188486099243,0.6000295281410217,0.043376512825489044,0.28323349356651306,0,2000,strong,4,80,42,1.0,0.0,walk
1142,22.84,1.0,0.0,0.81043541431427,0.611372709274292,0.06766180694103241,0.2458246350288391,0,2000,strong,4,80,42,1.0,0.0,walk
1143,22.86,1.0,0.0,0.8075617551803589,0.6337745785713196,0.089264415204525,0.3002203106880188,0,2000,strong,4,80,42,1.0,0.0,walk
1144,22.88,1.0,0.0,0.8050287961959839,0.6702530384063721,0.10449659079313278,0.3268285095691681,0,2000,strong,4,80,42,1.0,0.0,walk
1145,22.900000000000002,1.0,0.0,0.8026503324508667,0.7107454538345337,0.12150847911834717,0.3657807409763336,0,2000,strong,4,80,42,1.0,0.0,walk
1146,22.92,1.0,0.0,0.8003050088882446,0.74881511926651,0.14414484798908234,0.38792315125465393,0,2000,strong,4,80,42,1.0,0.0,walk
1147,22.94,1.0,0.0,0.798153281211853,0.7732561826705933,0.17325328290462494,0.32262328267097473,0,2000,strong,4,80,42,1.0,0.0,walk
1148,22.96,1.0,0.0,0.7966314554214478,0.7834444642066956,0.2043936848640442,0.2003047913312912,0,2000,strong,4,80,42,1.0,0.0,walk
1149,22.98,1.0,0.0,0.7956522703170776,0.7832895517349243,0.2346884310245514,0.1318761110305786,0,2000,strong,4,80,42,1.0,0.0,walk
1150,23.0,1.0,0.0,0.795246958732605,0.7597423195838928,0.25593507289886475,0.14042283594608307,0,2000,strong,4,80,42,1.0,0.0,walk
1151,23.02,1.0,0.0,0.7963348627090454,0.7129644751548767,0.1807572841644287,-0.41333550214767456,0,2000,strong,4,80,42,1.0,0.0,walk
1152,23.04,1.0,0.0,0.8019133806228638,0.6755864024162292,0.1339074969291687,-0.52216637134552,0,2000,strong,4,80,42,1.0,0.0,walk
1153,23.06,1.0,0.0,0.805949330329895,0.6424232721328735,0.09909835457801819,-0.0012809857726097107,0,2000,strong,4,80,42,1.0,0.0,walk
1154,23.080000000000002,1.0,0.0,0.8044923543930054,0.6146942973136902,0.06413090229034424,0.7621316313743591,0,2000,strong,4,80,42,1.0,0.0,walk
1155,23.1,1.0,0.0,0.7974914312362671,0.5760546922683716,0.030861999839544296,1.2463363409042358,0,2000,strong,4,80,42,1.0,0.0,walk
1156,23.12,1.0,0.0,0.7865883111953735,0.57669997215271,0.007231157273054123,1.3425843715667725,0,2000,strong,4,80,42,1.0,0.0,walk
1157,23.14,1.0,0.0,0.7775629758834839,0.5960050821304321,-0.018897458910942078,0.8237055540084839,0,2000,strong,4,80,42,1.0,0.0,walk
1158,23.16,1.0,0.0,0.7739745378494263,0.5985346436500549,-0.04433722048997879,0.3324378728866577,0,2000,strong,4,80,42,1.0,0.0,walk
1159,23.18,1.0,0.0,0.7742573022842407,0.6056681275367737,-0.056932587176561356,-0.04196307808160782,0,2000,strong,4,80,42,1.0,0.0,walk
1160,23.2,1.0,0.0,0.7776633501052856,0.603014349937439,-0.0670231282711029,-0.3273921310901642,0,2000,strong,4,80,42,1.0,0.0,walk
1161,23.22,1.0,0.0,0.7812594175338745,0.5940483212471008,-0.06787731498479843,-0.28166264295578003,0,2000,strong,4,80,42,1.0,0.0,walk
1162,23.240000000000002,1.0,0.0,0.7846850156784058,0.5893189311027527,-0.0836365818977356,-0.25455600023269653,0,2000,strong,4,80,42,1.0,0.0,walk
1163,23.26,1.0,0.0,0.7889267206192017,0.5934707522392273,-0.10245028138160706,-0.414712518453598,0,2000,strong,4,80,42,1.0,0.0,walk
1164,23.28,1.0,0.0,0.7939659357070923,0.6155940294265747,-0.12132053077220917,-0.480654776096344,0,2000,strong,4,80,42,1.0,0.0,walk
1165,23.3,1.0,0.0,0.7979003190994263,0.6421387195587158,-0.1386612504720688,-0.3295179605484009,0,2000,strong,4,80,42,1.0,0.0,walk
1166,23.32,1.0,0.0,0.7991305589675903,0.6789258718490601,-0.15365388989448547,-0.10194063186645508,0,2000,strong,4,80,42,1.0,0.0,walk
1167,23.34,1.0,0.0,0.7981573343276978,0.7198267579078674,-0.17259764671325684,0.03732339292764664,0,2000,strong,4,80,42,1.0,0.0,walk
1168,23.36,1.0,0.0,0.7951723337173462,0.7630524039268494,-0.19677457213401794,0.20088443160057068,0,2000,strong,4,80,42,1.0,0.0,walk
1169,23.38,1.0,0.0,0.7903448343276978,0.7956967353820801,-0.23186960816383362,0.3442675769329071,0,2000,strong,4,80,42,1.0,0.0,walk
1170,23.400000000000002,1.0,0.0,0.7849034070968628,0.8136529326438904,-0.2725110352039337,0.3895445764064789,0,2000,strong,4,80,42,1.0,0.0,walk
1171,23.42,1.0,0.0,0.7798577547073364,0.8182688355445862,-0.3132631480693817,0.4035674035549164,0,2000,strong,4,80,42,1.0,0.0,walk
1172,23.44,1.0,0.0,0.7753697633743286,0.7814780473709106,-0.31293824315071106,-0.1436622440814972,0,2000,strong,4,80,42,1.0,0.0,walk
1173,23.46,1.0,0.0,0.7738715410232544,0.7125447392463684,-0.24343173205852509,0.4682290554046631,0,2000,strong,4,80,42,1.0,0.0,walk
1174,23.48,1.0,0.0,0.7660256624221802,0.6689684391021729,-0.19633112847805023,0.7472941875457764,0,2000,strong,4,80,42,1.0,0.0,walk
1175,23.5,1.0,0.0,0.7580426931381226,0.6389685869216919,-0.1686222106218338,0.48158928751945496,0,2000,strong,4,80,42,1.0,0.0,walk
1176,23.52,1.0,0.0,0.7541629076004028,0.6193804740905762,-0.1485479772090912,-0.0477452352643013,0,2000,strong,4,80,42,1.0,0.0,walk
1177,23.54,1.0,0.0,0.7550479173660278,0.5918232798576355,-0.12305165827274323,-0.4833802878856659,0,2000,strong,4,80,42,1.0,0.0,walk
1178,23.56,1.0,0.0,0.7579790353775024,0.5711508989334106,-0.08467262238264084,-0.4824947714805603,0,2000,strong,4,80,42,1.0,0.0,walk
1179,23.580000000000002,1.0,0.0,0.7600752115249634,0.5571633577346802,-0.04759878292679787,-0.31576797366142273,0,2000,strong,4,80,42,1.0,0.0,walk
1180,23.6,1.0,0.0,0.7599846124649048,0.5507729649543762,-0.019299453124403954,-0.02168387919664383,0,2000,strong,4,80,42,1.0,0.0,walk
1181,23.62,1.0,0.0,0.7579013109207153,0.5517169237136841,0.0004066851979587227,0.18082517385482788,0,2000,strong,4,80,42,1.0,0.0,walk
1182,23.64,1.0,0.0,0.7549716234207153,0.5634574294090271,0.012381387874484062,0.2632056474685669,0,2000,strong,4,80,42,1.0,0.0,walk
1183,23.66,1.0,0.0,0.7518516778945923,0.5716012120246887,0.027674740180373192,0.2872013747692108,0,2000,strong,4,80,42,1.0,0.0,walk
1184,23.68,1.0,0.0,0.7487183809280396,0.5810871720314026,0.04801186919212341,0.307087242603302,0,2000,strong,4,80,42,1.0,0.0,walk
1185,23.7,1.0,0.0,0.7453776597976685,0.5907615423202515,0.07087557017803192,0.30186736583709717,0,2000,strong,4,80,42,1.0,0.0,walk
1186,23.72,1.0,0.0,0.7424188852310181,0.6160072684288025,0.08752360194921494,0.3214179575443268,0,2000,strong,4,80,42,1.0,0.0,walk
1187,23.740000000000002,1.0,0.0,0.7399657964706421,0.6511215567588806,0.10207624733448029,0.33417561650276184,0,2000,strong,4,80,42,1.0,0.0,walk
1188,23.76,1.0,0.0,0.7377880811691284,0.6895727515220642,0.12089361250400543,0.3506697416305542,0,2000,strong,4,80,42,1.0,0.0,walk
1189,23.78,1.0,0.0,0.7358311414718628,0.7219213843345642,0.1457187831401825,0.33569714426994324,0,2000,strong,4,80,42,1.0,0.0,walk
1190,23.8,1.0,0.0,0.7343851327896118,0.7392860651016235,0.17575028538703918,0.2217109203338623,0,2000,strong,4,80,42,1.0,0.0,walk
1191,23.82,1.0,0.0,0.7337733507156372,0.7443214058876038,0.2068966031074524,0.08090340346097946,0,2000,strong,4,80,42,1.0,0.0,walk
1192,23.84,1.0,0.0,0.7338920831680298,0.745048999786377,0.23802189528942108,-0.0018278434872627258,0,2000,strong,4,80,42,1.0,0.0,walk
1193,23.86,1.0,0.0,0.7346843481063843,0.7194449305534363,0.2532072067260742,0.03893068805336952,0,2000,strong,4,80,42,1.0,0.0,walk
1194,23.88,1.0,0.0,0.7365487813949585,0.6780207753181458,0.18394072353839874,-0.4533902704715729,0,2000,strong,4,80,42,1.0,0.0,walk
1195,23.900000000000002,1.0,0.0,0.7425905466079712,0.6399924159049988,0.1385657787322998,-0.5392105579376221,0,2000,strong,4,80,42,1.0,0.0,walk
1196,23.92,1.0,0.0,0.7472215890884399,0.6033725142478943,0.1031765341758728,0.006496932357549667,0,2000,strong,4,80,42,1.0,0.0,walk
1197,23.94,1.0,0.0,0.7464562654495239,0.5746690630912781,0.07156984508037567,0.7074683308601379,0,2000,strong,4,80,42,1.0,0.0,walk
1198,23.96,1.0,0.0,0.7401968240737915,0.544522762298584,0.036905642598867416,1.1576509475708008,0,2000,strong,4,80,42,1.0,0.0,walk
1199,23.98,1.0,0.0,0.730021595954895,0.5544238090515137,0.012531309388577938,1.2466583251953125,0,2000,strong,4,80,42,1.0,0.0,walk
1200,24.0,1.0,0.0,0.7213720083236694,0.579438328742981,-0.010787353850901127,0.7910014986991882,0,2000,strong,4,80,42,1.0,0.0,walk
1201,24.02,1.0,0.0,0.7176438570022583,0.5799964070320129,-0.034829460084438324,0.34427589178085327,0,2000,strong,4,80,42,1.0,0.0,walk
1202,24.04,1.0,0.0,0.7178465127944946,0.5870136022567749,-0.04653184860944748,-0.0712708830833435,0,2000,strong,4,80,42,1.0,0.0,walk
1203,24.060000000000002,1.0,0.0,0.7210208177566528,0.5802620053291321,-0.058683235198259354,-0.31126368045806885,0,2000,strong,4,80,42,1.0,0.0,walk
1204,24.080000000000002,1.0,0.0,0.724591851234436,0.5661465525627136,-0.06262251734733582,-0.2965640723705292,0,2000,strong,4,80,42,1.0,0.0,walk
1205,24.1,1.0,0.0,0.7281254529953003,0.5650177597999573,-0.0750875398516655,-0.28227508068084717,0,2000,strong,4,80,42,1.0,0.0,walk
1206,24.12,1.0,0.0,0.7322298288345337,0.5689635872840881,-0.09250172227621078,-0.40047165751457214,0,2000,strong,4,80,42,1.0,0.0,walk
1207,24.14,1.0,0.0,0.7370401620864868,0.5945619940757751,-0.11026959121227264,-0.46737706661224365,0,2000,strong,4,80,42,1.0,0.0,walk
1208,24.16,1.0,0.0,0.7405737638473511,0.6223655343055725,-0.12766067683696747,-0.305651992559433,0,2000,strong,4,80,42,1.0,0.0,walk
1209,24.18,1.0,0.0,0.7414928674697876,0.6565641164779663,-0.14359153807163239,-0.08189012855291367,0,2000,strong,4,80,42,1.0,0.0,walk
1210,24.2,1.0,0.0,0.7396615743637085,0.6959118247032166,-0.16181284189224243,0.1153925433754921,0,2000,strong,4,80,42,1.0,0.0,walk
1211,24.22,1.0,0.0,0.7356327772140503,0.7358598709106445,-0.18888002634048462,0.27299872040748596,0,2000,strong,4,80,42,1.0,0.0,walk
1212,24.240000000000002,1.0,0.0,0.7303742170333862,0.7600612640380859,-0.2279883176088333,0.36322933435440063,0,2000,strong,4,80,42,1.0,0.0,walk
1213,24.26,1.0,0.0,0.7253791093826294,0.7711939215660095,-0.2682114839553833,0.3424442410469055,0,2000,strong,4,80,42,1.0,0.0,walk
1214,24.28,1.0,0.0,0.7212132215499878,0.7755886316299438,-0.3065609931945801,0.31179773807525635,0,2000,strong,4,80,42,1.0,0.0,walk
1215,24.3,1.0,0.0,0.7183810472488403,0.7250204682350159,-0.28726252913475037,-0.34155672788619995,0,2000,strong,4,80,42,1.0,0.0,walk
1216,24.32,1.0,0.0,0.7162226438522339,0.6781070828437805,-0.22002048790454865,0.4978196918964386,0,2000,strong,4,80,42,1.0,0.0,walk
1217,24.34,1.0,0.0,0.7078748941421509,0.640626072883606,-0.17858344316482544,0.7626054286956787,0,2000,strong,4,80,42,1.0,0.0,walk
1218,24.36,1.0,0.0,0.6998544931411743,0.6148586273193359,-0.15298259258270264,0.45834842324256897,0,2000,strong,4,80,42,1.0,0.0,walk
1219,24.38,1.0,0.0,0.696569561958313,0.5946155190467834,-0.1318674236536026,-0.13258689641952515,0,2000,strong,4,80,42,1.0,0.0,walk
1220,24.400000000000002,1.0,0.0,0.6978529691696167,0.5686124563217163,-0.10342111438512802,-0.4877660274505615,0,2000,strong,4,80,42,1.0,0.0,walk
1221,24.42,1.0,0.0,0.70081627368927,0.5516640543937683,-0.06361451745033264,-0.4668242633342743,0,2000,strong,4,80,42,1.0,0.0,walk
1222,24.44,1.0,0.0,0.7026671171188354,0.5418407320976257,-0.027248451486229897,-0.27510955929756165,0,2000,strong,4,80,42,1.0,0.0,walk
1223,24.46,1.0,0.0,0.7025240659713745,0.5450007319450378,0.00072303949855268,-0.024430301040410995,0,2000,strong,4,80,42,1.0,0.0,walk
1224,24.48,1.0,0.0,0.701180100440979,0.5522630214691162,0.018519748002290726,0.10861915349960327,0,2000,strong,4,80,42,1.0,0.0,walk
1225,24.5,1.0,0.0,0.6988362073898315,0.5675553679466248,0.03291986137628555,0.26602548360824585,0,2000,strong,4,80,42,1.0,0.0,walk
1226,24.52,1.0,0.0,0.6956011056900024,0.5809513330459595,0.04952729493379593,0.34005236625671387,0,2000,strong,4,80,42,1.0,0.0,walk
1227,24.54,1.0,0.0,0.6918607950210571,0.592043399810791,0.07143385708332062,0.3855579197406769,0,2000,strong,4,80,42,1.0,0.0,walk
1228,24.560000000000002,1.0,0.0,0.688153862953186,0.6035494804382324,0.09350172430276871,0.3323989510536194,0,2000,strong,4,80,42,1.0,0.0,walk
1229,24.580000000000002,1.0,0.0,0.6852740049362183,0.6350053548812866,0.10891800373792648,0.3449878394603729,0,2000,strong,4,80,42,1.0,0.0,walk
1230,24.6,1.0,0.0,0.6826983690261841,0.6726967096328735,0.1262451410293579,0.3768121302127838,0,2000,strong,4,80,42,1.0,0.0,walk
1231,24.62,1.0,0.0,0.6804720163345337,0.7093502283096313,0.14879409968852997,0.3607715964317322,0,2000,strong,4,80,42,1.0,0.0,walk
1232,24.64,1.0,0.0,0.6785925626754761,0.7355562448501587,0.17869223654270172,0.3086649477481842,0,2000,strong,4,80,42,1.0,0.0,walk
1233,24.66,1.0,0.0,0.6775041818618774,0.746967613697052,0.2115352898836136,0.15542489290237427,0,2000,strong,4,80,42,1.0,0.0,walk
1234,24.68,1.0,0.0,0.6773797273635864,0.7485076189041138,0.2458292692899704,-0.002289842814207077,0,2000,strong,4,80,42,1.0,0.0,walk
1235,24.7,1.0,0.0,0.6781388521194458,0.7491828799247742,0.2690090537071228,-0.16308537125587463,0,2000,strong,4,80,42,1.0,0.0,walk
1236,24.72,1.0,0.0,0.6791893243789673,0.6871339082717896,0.212189182639122,-0.30994683504104614,0,2000,strong,4,80,42,1.0,0.0,walk
1237,24.740000000000002,1.0,0.0,0.684209942817688,0.6525883674621582,0.1616944819688797,-0.5370091795921326,0,2000,strong,4,80,42,1.0,0.0,walk
1238,24.76,1.0,0.0,0.6890367269515991,0.6235225200653076,0.12238450348377228,-0.14137893915176392,0,2000,strong,4,80,42,1.0,0.0,walk
1239,24.78,1.0,0.0,0.689515233039856,0.5936124324798584,0.09055039286613464,0.5440348386764526,0,2000,strong,4,80,42,1.0,0.0,walk
1240,24.8,1.0,0.0,0.6839808225631714,0.5735050439834595,0.05432574823498726,1.1321332454681396,0,2000,strong,4,80,42,1.0,0.0,walk
1241,24.82,1.0,0.0,0.6743088960647583,0.563788115978241,0.02269168570637703,1.3039062023162842,0,2000,strong,4,80,42,1.0,0.0,walk
1242,24.84,1.0,0.0,0.6648432016372681,0.5676228404045105,-0.008964156731963158,1.0150513648986816,0,2000,strong,4,80,42,1.0,0.0,walk
1243,24.86,1.0,0.0,0.658981442451477,0.5849111676216125,-0.03193829581141472,0.5196223258972168,0,2000,strong,4,80,42,1.0,0.0,walk
1244,24.88,1.0,0.0,0.6575700044631958,0.5993003249168396,-0.04389839246869087,0.07330779731273651,0,2000,strong,4,80,42,1.0,0.0,walk
1245,24.900000000000002,1.0,0.0,0.6595920324325562,0.5926963686943054,-0.05461636930704117,-0.21196943521499634,0,2000,strong,4,80,42,1.0,0.0,walk
1246,24.92,1.0,0.0,0.6639624834060669,0.5884215235710144,-0.06440629810094833,-0.4372708201408386,0,2000,strong,4,80,42,1.0,0.0,walk
1247,24.94,1.0,0.0,0.6692801713943481,0.5881738662719727,-0.07239945977926254,-0.5067938566207886,0,2000,strong,4,80,42,1.0,0.0,walk
1248,24.96,1.0,0.0,0.6751981973648071,0.5881345272064209,-0.09045656770467758,-0.5278640985488892,0,2000,strong,4,80,42,1.0,0.0,walk
1249,24.98,1.0,0.0,0.680700421333313,0.6023286581039429,-0.10576901584863663,-0.5034643411636353,0,2000,strong,4,80,42,1.0,0.0,walk
1250,25.0,1.0,0.0,0.6849666833877563,0.6268329620361328,-0.12308472394943237,-0.3607614040374756,0,2000,strong,4,80,42,1.0,0.0,walk
1251,25.02,1.0,0.0,0.6867252588272095,0.6614822149276733,-0.13951046764850616,-0.13464581966400146,0,2000,strong,4,80,42,1.0,0.0,walk
1252,25.04,1.0,0.0,0.6857329607009888,0.7012042999267578,-0.15754389762878418,0.06480361521244049,0,2000,strong,4,80,42,1.0,0.0,walk
1253,25.060000000000002,1.0,0.0,0.6827212572097778,0.7439938187599182,-0.18212445080280304,0.18407465517520905,0,2000,strong,4,80,42,1.0,0.0,walk
1254,25.080000000000002,1.0,0.0,0.6781185865402222,0.7789807915687561,-0.21541191637516022,0.3074660003185272,0,2000,strong,4,80,42,1.0,0.0,walk
1255,25.1,1.0,0.0,0.6731382608413696,0.7964840531349182,-0.25473782420158386,0.34255707263946533,0,2000,strong,4,80,42,1.0,0.0,walk
1256,25.12,1.0,0.0,0.668307900428772,0.800275981426239,-0.29333776235580444,0.38780152797698975,0,2000,strong,4,80,42,1.0,0.0,walk
1257,25.14,1.0,0.0,0.6640845537185669,0.7608441710472107,-0.2953011989593506,-0.14169517159461975,0,2000,strong,4,80,42,1.0,0.0,walk
1258,25.16,1.0,0.0,0.6618243455886841,0.6999903321266174,-0.22485452890396118,0.5213727951049805,0,2000,strong,4,80,42,1.0,0.0,walk
1259,25.18,1.0,0.0,0.6533790826797485,0.6601226329803467,-0.18181486427783966,0.7929613590240479,0,2000,strong,4,80,42,1.0,0.0,walk
1260,25.2,1.0,0.0,0.6449185609817505,0.6335023045539856,-0.15567730367183685,0.5308564901351929,0,2000,strong,4,80,42,1.0,0.0,walk
1261,25.22,1.0,0.0,0.641065239906311,0.614672064781189,-0.13505856692790985,-0.09086854010820389,0,2000,strong,4,80,42,1.0,0.0,walk
1262,25.240000000000002,1.0,0.0,0.64271080493927,0.590435266494751,-0.10993734747171402,-0.5938361883163452,0,2000,strong,4,80,42,1.0,0.0,walk
1263,25.26,1.0,0.0,0.6469815969467163,0.5725842714309692,-0.07127838581800461,-0.6209005117416382,0,2000,strong,4,80,42,1.0,0.0,walk
1264,25.28,1.0,0.0,0.6502076387405396,0.5594510436058044,-0.03314666450023651,-0.39807644486427307,0,2000,strong,4,80,42,1.0,0.0,walk
1265,25.3,1.0,0.0,0.6506639719009399,0.5549237728118896,-0.004567647352814674,-0.052050892263650894,0,2000,strong,4,80,42,1.0,0.0,walk
1266,25.32,1.0,0.0,0.6485694646835327,0.5549315810203552,0.015000885352492332,0.19690293073654175,0,2000,strong,4,80,42,1.0,0.0,walk
1267,25.34,1.0,0.0,0.645447850227356,0.5673120021820068,0.026524975895881653,0.28187698125839233,0,2000,strong,4,80,42,1.0,0.0,walk
1268,25.36,1.0,0.0,0.6420661211013794,0.5794989466667175,0.038969945162534714,0.3290989398956299,0,2000,strong,4,80,42,1.0,0.0,walk
1269,25.38,1.0,0.0,0.6386066675186157,0.5894734263420105,0.05952506512403488,0.32784056663513184,0,2000,strong,4,80,42,1.0,0.0,walk
1270,25.400000000000002,1.0,0.0,0.6353808641433716,0.6001116037368774,0.08282674103975296,0.26680779457092285,0,2000,strong,4,80,42,1.0,0.0,walk
1271,25.42,1.0,0.0,0.6329349279403687,0.6256516575813293,0.10032231360673904,0.2662102282047272,0,2000,strong,4,80,42,1.0,0.0,walk
1272,25.44,1.0,0.0,0.630898118019104,0.662764310836792,0.11600245535373688,0.3001788556575775,0,2000,strong,4,80,42,1.0,0.0,walk
1273,25.46,1.0,0.0,0.6289874315261841,0.7023072242736816,0.1357078105211258,0.3289100229740143,0,2000,strong,4,80,42,1.0,0.0,walk
1274,25.48,1.0,0.0,0.6273337602615356,0.734135091304779,0.1621728539466858,0.2987186908721924,0,2000,strong,4,80,42,1.0,0.0,walk
1275,25.5,1.0,0.0,0.6263352632522583,0.7516400814056396,0.19340354204177856,0.180413618683815,0,2000,strong,4,80,42,1.0,0.0,walk
1276,25.52,1.0,0.0,0.6261464357376099,0.7565269470214844,0.22662697732448578,0.04263268783688545,0,2000,strong,4,80,42,1.0,0.0,walk
1277,25.54,1.0,0.0,0.6265102624893188,0.7567044496536255,0.2575919032096863,-0.025617968291044235,0,2000,strong,4,80,42,1.0,0.0,walk
1278,25.560000000000002,1.0,0.0,0.6272789239883423,0.7186352610588074,0.2459082007408142,0.014472093433141708,0,2000,strong,4,80,42,1.0,0.0,walk
1279,25.580000000000002,1.0,0.0,0.6298366785049438,0.6813942790031433,0.18679893016815186,-0.4892007112503052,0,2000,strong,4,80,42,1.0,0.0,walk
1280,25.6,1.0,0.0,0.6356559991836548,0.6468215584754944,0.14183971285820007,-0.45042139291763306,0,2000,strong,4,80,42,1.0,0.0,walk
1281,25.62,1.0,0.0,0.6392124891281128,0.6137798428535461,0.10802536457777023,0.12115637958049774,0,2000,strong,4,80,42,1.0,0.0,walk
1282,25.64,1.0,0.0,0.6373244524002075,0.5860261917114258,0.0737735703587532,0.8063896894454956,0,2000,strong,4,80,42,1.0,0.0,walk
1283,25.66,1.0,0.0,0.630233883857727,0.5618628263473511,0.04523986950516701,1.187741994857788,0,2000,strong,4,80,42,1.0,0.0,walk
1284,25.68,1.0,0.0,0.6205803155899048,0.5615143775939941,0.0149254584684968,1.1532917022705078,0,2000,strong,4,80,42,1.0,0.0,walk
1285,25.7,1.0,0.0,0.6133307218551636,0.5805391669273376,-0.013614564202725887,0.6631312370300293,0,2000,strong,4,80,42,1.0,0.0,walk
1286,25.72,1.0,0.0,0.6106249094009399,0.5891314148902893,-0.033440571278333664,0.2394498735666275,0,2000,strong,4,80,42,1.0,0.0,walk
1287,25.740000000000002,1.0,0.0,0.6114257574081421,0.5883545875549316,-0.04528547078371048,-0.10514794290065765,0,2000,strong,4,80,42,1.0,0.0,walk
1288,25.76,1.0,0.0,0.6149693727493286,0.5862599611282349,-0.055575333535671234,-0.3520738482475281,0,2000,strong,4,80,42,1.0,0.0,walk
1289,25.78,1.0,0.0,0.6190899610519409,0.5848816633224487,-0.05902005732059479,-0.3804225027561188,0,2000,strong,4,80,42,1.0,0.0,walk
1290,25.8,1.0,0.0,0.6240221261978149,0.5833109617233276,-0.07716523855924606,-0.4333656430244446,0,2000,strong,4,80,42,1.0,0.0,walk
1291,25.82,1.0,0.0,0.629243016242981,0.5903430581092834,-0.09433707594871521,-0.4856296479701996,0,2000,strong,4,80,42,1.0,0.0,walk
1292,25.84,1.0,0.0,0.6338826417922974,0.6125384569168091,-0.11184035986661911,-0.40403223037719727,0,2000,strong,4,80,42,1.0,0.0,walk
1293,25.86,1.0,0.0,0.6365243196487427,0.6436607837677002,-0.12722346186637878,-0.22421137988567352,0,2000,strong,4,80,42,1.0,0.0,walk
1294,25.88,1.0,0.0,0.6366528272628784,0.6802417039871216,-0.14370517432689667,-0.0263906829059124,0,2000,strong,4,80,42,1.0,0.0,walk
1295,25.900000000000002,1.0,0.0,0.6348901987075806,0.7219172120094299,-0.16423848271369934,0.07531765103340149,0,2000,strong,4,80,42,1.0,0.0,walk
1296,25.92,1.0,0.0,0.631487250328064,0.7627237439155579,-0.1919996291399002,0.20095853507518768,0,2000,strong,4,80,42,1.0,0.0,walk
1297,25.94,1.0,0.0,0.6270691156387329,0.7881829738616943,-0.22959433495998383,0.2809036374092102,0,2000,strong,4,80,42,1.0,0.0,walk
1298,25.96,1.0,0.0,0.6226693391799927,0.7980779409408569,-0.2679457366466522,0.3094618022441864,0,2000,strong,4,80,42,1.0,0.0,walk
1299,25.98,1.0,0.0,0.6187406778335571,0.7994886636734009,-0.3040507435798645,0.28645381331443787,0,2000,strong,4,80,42,1.0,0.0,walk
1300,26.0,1.0,0.0,0.6172229051589966,0.7240257859230042,-0.25634774565696716,0.08834733814001083,0,2000,strong,4,80,42,1.0,0.0,walk
1301,26.02,1.0,0.0,0.6121159791946411,0.6782611608505249,-0.20160754024982452,0.634564995765686,0,2000,strong,4,80,42,1.0,0.0,walk
1302,26.04,1.0,0.0,0.603655219078064,0.6438635587692261,-0.16543154418468475,0.6889327764511108,0,2000,strong,4,80,42,1.0,0.0,walk
1303,26.060000000000002,1.0,0.0,0.5971060991287231,0.6197425723075867,-0.14213725924491882,0.24638167023658752,0,2000,strong,4,80,42,1.0,0.0,walk
1304,26.080000000000002,1.0,0.0,0.5951486825942993,0.595923125743866,-0.1232314184308052,-0.2556203603744507,0,2000,strong,4,80,42,1.0,0.0,walk
1305,26.1,1.0,0.0,0.5975536108016968,0.5727753043174744,-0.09118232131004333,-0.5884775519371033,0,2000,strong,4,80,42,1.0,0.0,walk
1306,26.12,1.0,0.0,0.6012789011001587,0.5577631592750549,-0.05278000608086586,-0.5026098489761353,0,2000,strong,4,80,42,1.0,0.0,walk
1307,26.14,1.0,0.0,0.6030493974685669,0.5474726557731628,-0.018715335056185722,-0.22274193167686462,0,2000,strong,4,80,42,1.0,0.0,walk
1308,26.16,1.0,0.0,0.6025000810623169,0.5457252860069275,0.006126775406301022,0.023034196346998215,0,2000,strong,4,80,42,1.0,0.0,walk
1309,26.18,1.0,0.0,0.600753664970398,0.5520720481872559,0.01983732543885708,0.13658607006072998,0,2000,strong,4,80,42,1.0,0.0,walk
1310,26.2,1.0,0.0,0.5985208749771118,0.5652101635932922,0.032985929399728775,0.23621541261672974,0,2000,strong,4,80,42,1.0,0.0,walk
1311,26.22,1.0,0.0,0.5954645872116089,0.5778189301490784,0.05410035327076912,0.301604688167572,0,2000,strong,4,80,42,1.0,0.0,walk
1312,26.240000000000002,1.0,0.0,0.5924683809280396,0.5884888172149658,0.07609433680772781,0.2547438144683838,0,2000,strong,4,80,42,1.0,0.0,walk
1313,26.26,1.0,0.0,0.589659571647644,0.6092472672462463,0.09675737470388412,0.2819380760192871,0,2000,strong,4,80,42,1.0,0.0,walk
1314,26.28,1.0,0.0,0.5875438451766968,0.6419633626937866,0.11152533441781998,0.2613441050052643,0,2000,strong,4,80,42,1.0,0.0,walk
1315,26.3,1.0,0.0,0.5857867002487183,0.6802859902381897,0.12818050384521484,0.29588747024536133,0,2000,strong,4,80,42,1.0,0.0,walk
1316,26.32,1.0,0.0,0.5841532945632935,0.7169281840324402,0.1502676159143448,0.307564914226532,0,2000,strong,4,80,42,1.0,0.0,walk
1317,26.34,1.0,0.0,0.58289635181427,0.7426802515983582,0.1779399812221527,0.24484604597091675,0,2000,strong,4,80,42,1.0,0.0,walk
1318,26.36,1.0,0.0,0.582260251045227,0.7542818188667297,0.2090875804424286,0.13699015974998474,0,2000,strong,4,80,42,1.0,0.0,walk
1319,26.38,1.0,0.0,0.5819624662399292,0.7592697143554688,0.2417757213115692,0.0646805465221405,0,2000,strong,4,80,42,1.0,0.0,walk
1320,26.400000000000002,1.0,0.0,0.58171546459198,0.7627512216567993,0.26581624150276184,-0.018551604822278023,0,2000,strong,4,80,42,1.0,0.0,walk
1321,26.42,1.0,0.0,0.5818086862564087,0.7026312351226807,0.21341660618782043,-0.2014305144548416,0,2000,strong,4,80,42,1.0,0.0,walk
1322,26.44,1.0,0.0,0.5864533185958862,0.6651924252510071,0.16211570799350739,-0.552634596824646,0,2000,strong,4,80,42,1.0,0.0,walk
1323,26.46,1.0,0.0,0.5918151140213013,0.6308377385139465,0.125177800655365,-0.23582591116428375,0,2000,strong,4,80,42,1.0,0.0,walk
1324,26.48,1.0,0.0,0.59345543384552,0.5967087745666504,0.0961393192410469,0.405322402715683,0,2000,strong,4,80,42,1.0,0.0,walk
1325,26.5,1.0,0.0,0.5892750024795532,0.5756878852844238,0.06383698433637619,0.9860870838165283,0,2000,strong,4,80,42,1.0,0.0,walk
1326,26.52,1.0,0.0,0.5808297395706177,0.5626586675643921,0.035113949328660965,1.197361707687378,0,2000,strong,4,80,42,1.0,0.0,walk
1327,26.54,1.0,0.0,0.5720683336257935,0.5678198337554932,0.005775662139058113,0.9596849083900452,0,2000,strong,4,80,42,1.0,0.0,walk
1328,26.560000000000002,1.0,0.0,0.5664674043655396,0.5875285267829895,-0.017018811777234077,0.49512389302253723,0,2000,strong,4,80,42,1.0,0.0,walk
1329,26.580000000000002,1.0,0.0,0.565193772315979,0.599785566329956,-0.030758900567889214,0.06943844258785248,0,2000,strong,4,80,42,1.0,0.0,walk
1330,26.6,1.0,0.0,0.5671616792678833,0.5957172513008118,-0.04123951867222786,-0.2062830626964569,0,2000,strong,4,80,42,1.0,0.0,walk
1331,26.62,1.0,0.0,0.5714329481124878,0.591151237487793,-0.05115019157528877,-0.4312427043914795,0,2000,strong,4,80,42,1.0,0.0,walk
1332,26.64,1.0,0.0,0.5765882730484009,0.5901439189910889,-0.05858806520700455,-0.4867318570613861,0,2000,strong,4,80,42,1.0,0.0,walk
1333,26.66,1.0,0.0,0.5821715593338013,0.5895114541053772,-0.07654686272144318,-0.49289295077323914,0,2000,strong,4,80,42,1.0,0.0,walk
1334,26.68,1.0,0.0,0.5874782800674438,0.6023383140563965,-0.09278790652751923,-0.4929606318473816,0,2000,strong,4,80,42,1.0,0.0,walk
1335,26.7,1.0,0.0,0.5917314291000366,0.6260470747947693,-0.11037154495716095,-0.362521767616272,0,2000,strong,4,80,42,1.0,0.0,walk
1336,26.72,1.0,0.0,0.5935717821121216,0.65985107421875,-0.12515486776828766,-0.14784720540046692,0,2000,strong,4,80,42,1.0,0.0,walk
1337,26.740000000000002,1.0,0.0,0.5928317308425903,0.6991040110588074,-0.14193837344646454,0.03387601301074028,0,2000,strong,4,80,42,1.0,0.0,walk
1338,26.76,1.0,0.0,0.5902305841445923,0.7419903874397278,-0.16422514617443085,0.13836881518363953,0,2000,strong,4,80,42,1.0,0.0,walk
1339,26.78,1.0,0.0,0.5862616300582886,0.7778645157814026,-0.19588640332221985,0.24027307331562042,0,2000,strong,4,80,42,1.0,0.0,walk
1340,26.8,1.0,0.0,0.5820728540420532,0.7967998385429382,-0.23383815586566925,0.25851523876190186,0,2000,strong,4,80,42,1.0,0.0,walk
1341,26.82,1.0,0.0,0.5779896974563599,0.8013651371002197,-0.2699349522590637,0.318730890750885,0,2000,strong,4,80,42,1.0,0.0,walk
1342,26.84,1.0,0.0,0.5740519762039185,0.7975009679794312,-0.2971532642841339,0.22641588747501373,0,2000,strong,4,80,42,1.0,0.0,walk
1343,26.86,1.0,0.0,0.5727030038833618,0.7097087502479553,-0.21813099086284637,0.3922116160392761,0,2000,strong,4,80,42,1.0,0.0,walk
1344,26.88,1.0,0.0,0.5653849840164185,0.6679396629333496,-0.17265519499778748,0.7203084230422974,0,2000,strong,4,80,42,1.0,0.0,walk
1345,26.900000000000002,1.0,0.0,0.5573126077651978,0.6393573880195618,-0.14528609812259674,0.5240620374679565,0,2000,strong,4,80,42,1.0,0.0,walk
1346,26.92,1.0,0.0,0.5530291795730591,0.6236737966537476,-0.12597627937793732,-0.023474957793951035,0,2000,strong,4,80,42,1.0,0.0,walk
1347,26.94,1.0,0.0,0.5534847974777222,0.6011871099472046,-0.10182692855596542,-0.44042614102363586,0,2000,strong,4,80,42,1.0,0.0,walk
1348,26.96,1.0,0.0,0.5568262338638306,0.5811294317245483,-0.06757275015115738,-0.5762320160865784,0,2000,strong,4,80,42,1.0,0.0,walk
1349,26.98,1.0,0.0,0.5600215196609497,0.5661677122116089,-0.03193993121385574,-0.41247090697288513,0,2000,strong,4,80,42,1.0,0.0,walk
1350,27.0,1.0,0.0,0.561224102973938,0.5585137009620667,-0.003305118065327406,-0.16289278864860535,0,2000,strong,4,80,42,1.0,0.0,walk
1351,27.02,1.0,0.0,0.5603607892990112,0.5583615899085999,0.01759534887969494,0.07503950595855713,0,2000,strong,4,80,42,1.0,0.0,walk
1352,27.04,1.0,0.0,0.5584343671798706,0.5655568242073059,0.031358152627944946,0.1593133807182312,0,2000,strong,4,80,42,1.0,0.0,walk
1353,27.060000000000002,1.0,0.0,0.5559827089309692,0.5751109719276428,0.04695892706513405,0.2553898096084595,0,2000,strong,4,80,42,1.0,0.0,walk
1354,27.080000000000002,1.0,0.0,0.5532265901565552,0.5889109969139099,0.06796178966760635,0.26068878173828125,0,2000,strong,4,80,42,1.0,0.0,walk
1355,27.1,1.0,0.0,0.5506740808486938,0.6047491431236267,0.08981119096279144,0.2389449030160904,0,2000,strong,4,80,42,1.0,0.0,walk
1356,27.12,1.0,0.0,0.5482555627822876,0.6307646632194519,0.10980072617530823,0.2631772756576538,0,2000,strong,4,80,42,1.0,0.0,walk
1357,27.14,1.0,0.0,0.5464216470718384,0.6673088073730469,0.1255723088979721,0.26201146841049194,0,2000,strong,4,80,42,1.0,0.0,walk
1358,27.16,1.0,0.0,0.5449267625808716,0.7074415683746338,0.14423391222953796,0.28862619400024414,0,2000,strong,4,80,42,1.0,0.0,walk
1359,27.18,1.0,0.0,0.5435720682144165,0.739956259727478,0.1692933887243271,0.2763705849647522,0,2000,strong,4,80,42,1.0,0.0,walk
1360,27.2,1.0,0.0,0.5425986051559448,0.7595760822296143,0.20030145347118378,0.18913918733596802,0,2000,strong,4,80,42,1.0,0.0,walk
1361,27.22,1.0,0.0,0.5422192811965942,0.7681331038475037,0.23308250308036804,0.07645923644304276,0,2000,strong,4,80,42,1.0,0.0,walk
1362,27.240000000000002,1.0,0.0,0.5421439409255981,0.7710232138633728,0.2646530866622925,0.04246479272842407,0,2000,strong,4,80,42,1.0,0.0,walk
1363,27.26,1.0,0.0,0.5420690774917603,0.730551540851593,0.24562062323093414,0.09196780622005463,0,2000,strong,4,80,42,1.0,0.0,walk
1364,27.28,1.0,0.0,0.5443745851516724,0.6904144287109375,0.18809819221496582,-0.490451455116272,0,2000,strong,4,80,42,1.0,0.0,walk
1365,27.3,1.0,0.0,0.550409197807312,0.6534299254417419,0.14220404624938965,-0.47610753774642944,0,2000,strong,4,80,42,1.0,0.0,walk
1366,27.32,1.0,0.0,0.5543268918991089,0.6188271641731262,0.10937163978815079,0.07497197389602661,0,2000,strong,4,80,42,1.0,0.0,walk
1367,27.34,1.0,0.0,0.5528322458267212,0.5885743498802185,0.07807451486587524,0.7622395753860474,0,2000,strong,4,80,42,1.0,0.0,walk
1368,27.36,1.0,0.0,0.5461400747299194,0.5641528367996216,0.05256294459104538,1.1359202861785889,0,2000,strong,4,80,42,1.0,0.0,walk
1369,27.38,1.0,0.0,0.5372251272201538,0.5597944855690002,0.020850127562880516,1.0736843347549438,0,2000,strong,4,80,42,1.0,0.0,walk
1370,27.400000000000002,1.0,0.0,0.5306977033615112,0.5766814351081848,-0.00916268490254879,0.6019967794418335,0,2000,strong,4,80,42,1.0,0.0,walk
1371,27.42,1.0,0.0,0.5286651849746704,0.587518036365509,-0.028275946155190468,0.16705244779586792,0,2000,strong,4,80,42,1.0,0.0,walk
1372,27.44,1.0,0.0,0.5299917459487915,0.5865236520767212,-0.03923133388161659,-0.14813745021820068,0,2000,strong,4,80,42,1.0,0.0,walk
1373,27.46,1.0,0.0,0.5338886976242065,0.5825790166854858,-0.049530740827322006,-0.3806995153427124,0,2000,strong,4,80,42,1.0,0.0,walk
1374,27.48,1.0,0.0,0.538300633430481,0.5827364921569824,-0.05378019064664841,-0.40886518359184265,0,2000,strong,4,80,42,1.0,0.0,walk
1375,27.5,1.0,0.0,0.5434650182723999,0.5794800519943237,-0.07367206364870071,-0.451764851808548,0,2000,strong,4,80,42,1.0,0.0,walk
1376,27.52,1.0,0.0,0.5488909482955933,0.586108386516571,-0.0918557420372963,-0.5025808215141296,0,2000,strong,4,80,42,1.0,0.0,walk
1377,27.54,1.0,0.0,0.5536128282546997,0.6062862873077393,-0.10939612239599228,-0.4038616716861725,0,2000,strong,4,80,42,1.0,0.0,walk
1378,27.560000000000002,1.0,0.0,0.5561422109603882,0.6367332935333252,-0.12469866126775742,-0.2082744687795639,0,2000,strong,4,80,42,1.0,0.0,walk
1379,27.580000000000002,1.0,0.0,0.5560413599014282,0.6724162697792053,-0.14076639711856842,-0.0034265625290572643,0,2000,strong,4,80,42,1.0,0.0,walk
1380,27.6,1.0,0.0,0.5540953874588013,0.7138213515281677,-0.16137027740478516,0.08598089218139648,0,2000,strong,4,80,42,1.0,0.0,walk
1381,27.62,1.0,0.0,0.5506840944290161,0.7548943758010864,-0.18928834795951843,0.1870960295200348,0,2000,strong,4,80,42,1.0,0.0,walk
1382,27.64,1.0,0.0,0.5466307401657104,0.7806203365325928,-0.2270706295967102,0.23177146911621094,0,2000,strong,4,80,42,1.0,0.0,walk
1383,27.66,1.0,0.0,0.5427466630935669,0.7904067039489746,-0.26423630118370056,0.25988292694091797,0,2000,strong,4,80,42,1.0,0.0,walk
1384,27.68,1.0,0.0,0.5392533540725708,0.7913646101951599,-0.3001062273979187,0.25170010328292847,0,2000,strong,4,80,42,1.0,0.0,walk
1385,27.7,1.0,0.0,0.5378602743148804,0.7164531350135803,-0.24925699830055237,0.1188642829656601,0,2000,strong,4,80,42,1.0,0.0,walk
1386,27.72,1.0,0.0,0.5325931310653687,0.6679836511611938,-0.1968163400888443,0.628240704536438,0,2000,strong,4,80,42,1.0,0.0,walk
1387,27.740000000000002,1.0,0.0,0.5242592096328735,0.635967493057251,-0.16299450397491455,0.6475386619567871,0,2000,strong,4,80,42,1.0,0.0,walk
1388,27.76,1.0,0.0,0.5180567502975464,0.6149587035179138,-0.14063574373722076,0.20173178613185883,0,2000,strong,4,80,42,1.0,0.0,walk
1389,27.78,1.0,0.0,0.5164550542831421,0.5910980105400085,-0.12233896553516388,-0.2896167039871216,0,2000,strong,4,80,42,1.0,0.0,walk
1390,27.8,1.0,0.0,0.5187278985977173,0.5681908130645752,-0.091695636510849,-0.5569581985473633,0,2000,strong,4,80,42,1.0,0.0,walk
1391,27.82,1.0,0.0,0.5223022699356079,0.5537077784538269,-0.05340576171875,-0.5044418573379517,0,2000,strong,4,80,42,1.0,0.0,walk
1392,27.84,1.0,0.0,0.5241152048110962,0.5438423752784729,-0.020606907084584236,-0.23375773429870605,0,2000,strong,4,80,42,1.0,0.0,walk
1393,27.86,1.0,0.0,0.5235973596572876,0.5412936806678772,0.002130775712430477,0.018289487808942795,0,2000,strong,4,80,42,1.0,0.0,walk
1394,27.88,1.0,0.0,0.5217863321304321,0.5470046401023865,0.015788670629262924,0.13985052704811096,0,2000,strong,4,80,42,1.0,0.0,walk
1395,27.900000000000002,1.0,0.0,0.5194505453109741,0.5594190955162048,0.028293030336499214,0.23879122734069824,0,2000,strong,4,80,42,1.0,0.0,walk
1396,27.92,1.0,0.0,0.5163799524307251,0.572283923625946,0.048190366476774216,0.3007652461528778,0,2000,strong,4,80,42,1.0,0.0,walk
1397,27.94,1.0,0.0,0.5133258104324341,0.5833816528320312,0.0698913112282753,0.25932765007019043,0,2000,strong,4,80,42,1.0,0.0,walk
1398,27.96,1.0,0.0,0.5105053186416626,0.6046981811523438,0.08919896930456161,0.27897194027900696,0,2000,strong,4,80,42,1.0,0.0,walk
1399,27.98,1.0,0.0,0.5084260702133179,0.637739896774292,0.1031622439622879,0.2584635615348816,0,2000,strong,4,80,42,1.0,0.0,walk
1400,28.0,1.0,0.0,0.5068453550338745,0.6749619245529175,0.11942417174577713,0.2662573456764221,0,2000,strong,4,80,42,1.0,0.0,walk
1401,28.02,1.0,0.0,0.5053659677505493,0.7107617855072021,0.14142465591430664,0.28826838731765747,0,2000,strong,4,80,42,1.0,0.0,walk
1402,28.04,1.0,0.0,0.5043016672134399,0.736688494682312,0.16810326278209686,0.22182023525238037,0,2000,strong,4,80,42,1.0,0.0,walk
1403,28.060000000000002,1.0,0.0,0.5039921998977661,0.7489197254180908,0.1982976198196411,0.10649725794792175,0,2000,strong,4,80,42,1.0,0.0,walk
1404,28.080000000000002,1.0,0.0,0.5039969682693481,0.7548915147781372,0.23127377033233643,0.04613270238041878,0,2000,strong,4,80,42,1.0,0.0,walk
1405,28.1,1.0,0.0,0.5039061307907104,0.7594118118286133,0.2595529854297638,0.01732364296913147,0,2000,strong,4,80,42,1.0,0.0,walk
1406,28.12,1.0,0.0,0.5041152238845825,0.7161617279052734,0.213492289185524,-0.14152073860168457,0,2000,strong,4,80,42,1.0,0.0,walk
1407,28.14,1.0,0.0,0.5080457925796509,0.679222822189331,0.15868832170963287,-0.5273541212081909,0,2000,strong,4,80,42,1.0,0.0,walk
1408,28.16,1.0,0.0,0.5137864351272583,0.6452553868293762,0.11858391761779785,-0.3237047493457794,0,2000,strong,4,80,42,1.0,0.0,walk
1409,28.18,1.0,0.0,0.5165168046951294,0.6127223968505859,0.09060880541801453,0.278342068195343,0,2000,strong,4,80,42,1.0,0.0,walk
1410,28.2,1.0,0.0,0.5136014223098755,0.593085765838623,0.05900236591696739,0.8701947927474976,0,2000,strong,4,80,42,1.0,0.0,walk
1411,28.22,1.0,0.0,0.5060430765151978,0.5814759731292725,0.03054206259548664,1.139753818511963,0,2000,strong,4,80,42,1.0,0.0,walk
1412,28.240000000000002,1.0,0.0,0.4973059892654419,0.5891945958137512,0.000553195714019239,0.9977160096168518,0,2000,strong,4,80,42,1.0,0.0,walk
1413,28.26,1.0,0.0,0.4911006689071655,0.6108936071395874,-0.022798065096139908,0.553903341293335,0,2000,strong,4,80,42,1.0,0.0,walk
1414,28.28,1.0,0.0,0.4892789125442505,0.6207503080368042,-0.04016277566552162,0.12489902228116989,0,2000,strong,4,80,42,1.0,0.0,walk
1415,28.3,1.0,0.0,0.4909113645553589,0.6181800365447998,-0.051988258957862854,-0.19076931476593018,0,2000,strong,4,80,42,1.0,0.0,walk
1416,28.32,1.0,0.0,0.4952045679092407,0.6166741847991943,-0.060826219618320465,-0.4496188759803772,0,2000,strong,4,80,42,1.0,0.0,walk
1417,28.34,1.0,0.0,0.5005520582199097,0.6166598200798035,-0.0659223198890686,-0.5123288035392761,0,2000,strong,4,80,42,1.0,0.0,walk
1418,28.36,1.0,0.0,0.5063563585281372,0.6173186302185059,-0.08344387263059616,-0.511988639831543,0,2000,strong,4,80,42,1.0,0.0,walk
1419,28.38,1.0,0.0,0.5118995904922485,0.6309271454811096,-0.09856278449296951,-0.5203224420547485,0,2000,strong,4,80,42,1.0,0.0,walk
1420,28.400000000000002,1.0,0.0,0.5166012048721313,0.6551818251609802,-0.11658485233783722,-0.4065802991390228,0,2000,strong,4,80,42,1.0,0.0,walk
1421,28.42,1.0,0.0,0.5187126398086548,0.6896274089813232,-0.1299833506345749,-0.16521282494068146,0,2000,strong,4,80,42,1.0,0.0,walk
1422,28.44,1.0,0.0,0.5182019472122192,0.7297279834747314,-0.14719752967357635,0.004553254693746567,0,2000,strong,4,80,42,1.0,0.0,walk
1423,28.46,1.0,0.0,0.5159193277359009,0.7730306386947632,-0.17043426632881165,0.10327214747667313,0,2000,strong,4,80,42,1.0,0.0,walk
1424,28.48,1.0,0.0,0.5123454332351685,0.8090097308158875,-0.20261552929878235,0.20093025267124176,0,2000,strong,4,80,42,1.0,0.0,walk
1425,28.5,1.0,0.0,0.508705735206604,0.8275955319404602,-0.24021680653095245,0.20779508352279663,0,2000,strong,4,80,42,1.0,0.0,walk
1426,28.52,1.0,0.0,0.5051289796829224,0.8318665623664856,-0.2754538059234619,0.28547221422195435,0,2000,strong,4,80,42,1.0,0.0,walk
1427,28.54,1.0,0.0,0.5017324686050415,0.7820091843605042,-0.27260878682136536,-0.24272221326828003,0,2000,strong,4,80,42,1.0,0.0,walk
1428,28.560000000000002,1.0,0.0,0.4996453523635864,0.7230352163314819,-0.20508572459220886,0.48799675703048706,0,2000,strong,4,80,42,1.0,0.0,walk
1429,28.580000000000002,1.0,0.0,0.49182283878326416,0.6794711351394653,-0.1609148532152176,0.7036886215209961,0,2000,strong,4,80,42,1.0,0.0,walk
1430,28.6,1.0,0.0,0.4843374490737915,0.6538139581680298,-0.1355990171432495,0.4114276170730591,0,2000,strong,4,80,42,1.0,0.0,walk
1431,28.62,1.0,0.0,0.48141467571258545,0.638724148273468,-0.11495701223611832,-0.1813393533229828,0,2000,strong,4,80,42,1.0,0.0,walk
1432,28.64,1.0,0.0,0.4836350679397583,0.6178146004676819,-0.09280642122030258,-0.6389926671981812,0,2000,strong,4,80,42,1.0,0.0,walk
1433,28.66,1.0,0.0,0.48794877529144287,0.5998896956443787,-0.05335816740989685,-0.612115740776062,0,2000,strong,4,80,42,1.0,0.0,walk
1434,28.68,1.0,0.0,0.4910959005355835,0.5842307209968567,-0.01815396174788475,-0.39752197265625,0,2000,strong,4,80,42,1.0,0.0,walk
1435,28.7,1.0,0.0,0.4913984537124634,0.5763068199157715,0.01198852714151144,-0.049737341701984406,0,2000,strong,4,80,42,1.0,0.0,walk
1436,28.72,1.0,0.0,0.48945772647857666,0.574442982673645,0.029618121683597565,0.1588660180568695,0,2000,strong,4,80,42,1.0,0.0,walk
1437,28.740000000000002,1.0,0.0,0.48628151416778564,0.5841013193130493,0.041132986545562744,0.3031122088432312,0,2000,strong,4,80,42,1.0,0.0,walk
1438,28.76,1.0,0.0,0.48255598545074463,0.5955252051353455,0.05398271232843399,0.3482457399368286,0,2000,strong,4,80,42,1.0,0.0,walk
1439,28.78,1.0,0.0,0.4789220094680786,0.6075087785720825,0.07337956875562668,0.33694612979888916,0,2000,strong,4,80,42,1.0,0.0,walk
1440,28.8,1.0,0.0,0.47576844692230225,0.620892345905304,0.09462080895900726,0.24718235433101654,0,2000,strong,4,80,42,1.0,0.0,walk
1441,28.82,1.0,0.0,0.47355568408966064,0.6528432965278625,0.11067164689302444,0.2490943819284439,0,2000,strong,4,80,42,1.0,0.0,walk
1442,28.84,1.0,0.0,0.4717203378677368,0.6919643878936768,0.12727060914039612,0.2753254175186157,0,2000,strong,4,80,42,1.0,0.0,walk
1443,28.86,1.0,0.0,0.47041380405426025,0.7321401834487915,0.14654861390590668,0.2527569532394409,0,2000,strong,4,80,42,1.0,0.0,walk
1444,28.88,1.0,0.0,0.4697314500808716,0.7636364102363586,0.17331142723560333,0.19845044612884521,0,2000,strong,4,80,42,1.0,0.0,walk
1445,28.900000000000002,1.0,0.0,0.4697800874710083,0.7806234955787659,0.2064986675977707,0.07749766856431961,0,2000,strong,4,80,42,1.0,0.0,walk
1446,28.92,1.0,0.0,0.4704223871231079,0.7871928215026855,0.24116003513336182,-0.02501014433801174,0,2000,strong,4,80,42,1.0,0.0,walk
1447,28.94,1.0,0.0,0.4712420701980591,0.7896844148635864,0.27554893493652344,-0.047294147312641144,0,2000,strong,4,80,42,1.0,0.0,walk
1448,28.96,1.0,0.0,0.47163212299346924,0.745814859867096,0.2509346604347229,0.08815877139568329,0,2000,strong,4,80,42,1.0,0.0,walk
1449,28.98,1.0,0.0,0.473880410194397,0.7043049335479736,0.1983496993780136,-0.4556118845939636,0,2000,strong,4,80,42,1.0,0.0,walk
1450,29.0,1.0,0.0,0.4795423746109009,0.6650698184967041,0.15023404359817505,-0.42739570140838623,0,2000,strong,4,80,42,1.0,0.0,walk
1451,29.02,1.0,0.0,0.48315417766571045,0.6283618807792664,0.11536381393671036,0.1015200987458229,0,2000,strong,4,80,42,1.0,0.0,walk
1452,29.04,1.0,0.0,0.48166143894195557,0.5990946292877197,0.0823158398270607,0.7430304288864136,0,2000,strong,4,80,42,1.0,0.0,walk
1453,29.060000000000002,1.0,0.0,0.4753152132034302,0.5794132351875305,0.061822641640901566,1.072066068649292,0,2000,strong,4,80,42,1.0,0.0,walk
1454,29.080000000000002,1.0,0.0,0.46710169315338135,0.5722424387931824,0.02882581762969494,1.0072212219238281,0,2000,strong,4,80,42,1.0,0.0,walk
1455,29.1,1.0,0.0,0.46085846424102783,0.5833520889282227,-0.002616958459839225,0.6062945127487183,0,2000,strong,4,80,42,1.0,0.0,walk
1456,29.12,1.0,0.0,0.45895493030548096,0.595816433429718,-0.021505082026124,0.14611053466796875,0,2000,strong,4,80,42,1.0,0.0,walk
1457,29.14,1.0,0.0,0.4603930711746216,0.589591920375824,-0.032501280307769775,-0.15411318838596344,0,2000,strong,4,80,42,1.0,0.0,walk
1458,29.16,1.0,0.0,0.46455323696136475,0.5865246057510376,-0.04105042666196823,-0.42232730984687805,0,2000,strong,4,80,42,1.0,0.0,walk
1459,29.18,1.0,0.0,0.469441294670105,0.5896388292312622,-0.04502663016319275,-0.46584954857826233,0,2000,strong,4,80,42,1.0,0.0,walk
1460,29.2,1.0,0.0,0.4752403497695923,0.5853826999664307,-0.06625990569591522,-0.5078094005584717,0,2000,strong,4,80,42,1.0,0.0,walk
1461,29.22,1.0,0.0,0.48103249073028564,0.5954375267028809,-0.08050855994224548,-0.5395833253860474,0,2000,strong,4,80,42,1.0,0.0,walk
1462,29.240000000000002,1.0,0.0,0.48599350452423096,0.6136327981948853,-0.09896373748779297,-0.4032716155052185,0,2000,strong,4,80,42,1.0,0.0,walk
1463,29.26,1.0,0.0,0.48829638957977295,0.6469791531562805,-0.11234462261199951,-0.17980670928955078,0,2000,strong,4,80,42,1.0,0.0,walk
1464,29.28,1.0,0.0,0.48817455768585205,0.6848558783531189,-0.12802553176879883,-0.019879886880517006,0,2000,strong,4,80,42,1.0,0.0,walk
1465,29.3,1.0,0.0,0.4864915609359741,0.7258992195129395,-0.14922918379306793,0.059760160744190216,0,2000,strong,4,80,42,1.0,0.0,walk
1466,29.32,1.0,0.0,0.4832812547683716,0.7662723660469055,-0.1759980320930481,0.16412734985351562,0,2000,strong,4,80,42,1.0,0.0,walk
1467,29.34,1.0,0.0,0.47973811626434326,0.7915736436843872,-0.21272793412208557,0.1767902672290802,0,2000,strong,4,80,42,1.0,0.0,walk
1468,29.36,1.0,0.0,0.47622573375701904,0.8000367879867554,-0.24858716130256653,0.2366972267627716,0,2000,strong,4,80,42,1.0,0.0,walk
1469,29.38,1.0,0.0,0.4729501008987427,0.7995883822441101,-0.2844371497631073,0.23605652153491974,0,2000,strong,4,80,42,1.0,0.0,walk
1470,29.400000000000002,1.0,0.0,0.47181642055511475,0.7248730063438416,-0.23760434985160828,0.0794542133808136,0,2000,strong,4,80,42,1.0,0.0,walk
1471,29.42,1.0,0.0,0.46687328815460205,0.6791468262672424,-0.18538793921470642,0.6184917688369751,0,2000,strong,4,80,42,1.0,0.0,walk
1472,29.44,1.0,0.0,0.4588061571121216,0.6477154493331909,-0.1520458161830902,0.6476055979728699,0,2000,strong,4,80,42,1.0,0.0,walk
1473,29.46,1.0,0.0,0.4526602029800415,0.6263355016708374,-0.13033682107925415,0.21486562490463257,0,2000,strong,4,80,42,1.0,0.0,walk
1474,29.48,1.0,0.0,0.451149582862854,0.6048343181610107,-0.11162951588630676,-0.29866379499435425,0,2000,strong,4,80,42,1.0,0.0,walk
1475,29.5,1.0,0.0,0.45385658740997314,0.5833921432495117,-0.0794055238366127,-0.6109733581542969,0,2000,strong,4,80,42,1.0,0.0,walk
1476,29.52,1.0,0.0,0.45784008502960205,0.5685226917266846,-0.04167962819337845,-0.5368639230728149,0,2000,strong,4,80,42,1.0,0.0,walk
1477,29.54,1.0,0.0,0.4600609540939331,0.5588168501853943,-0.008711154572665691,-0.2776595950126648,0,2000,strong,4,80,42,1.0,0.0,walk
1478,29.560000000000002,1.0,0.0,0.4599353075027466,0.5566053986549377,0.015615062788128853,-0.013647254556417465,0,2000,strong,4,80,42,1.0,0.0,walk
1479,29.580000000000002,1.0,0.0,0.4583970308303833,0.5615355968475342,0.02946985885500908,0.12042666971683502,0,2000,strong,4,80,42,1.0,0.0,walk
1480,29.6,1.0,0.0,0.45622122287750244,0.5728427171707153,0.042502980679273605,0.2277442365884781,0,2000,strong,4,80,42,1.0,0.0,walk
1481,29.62,1.0,0.0,0.4532703161239624,0.5864906311035156,0.06287858635187149,0.28734830021858215,0,2000,strong,4,80,42,1.0,0.0,walk
1482,29.64,1.0,0.0,0.45039236545562744,0.5975545048713684,0.08452850580215454,0.23944133520126343,0,2000,strong,4,80,42,1.0,0.0,walk
1483,29.66,1.0,0.0,0.44786202907562256,0.6188896894454956,0.10471206903457642,0.2392500936985016,0,2000,strong,4,80,42,1.0,0.0,walk
1484,29.68,1.0,0.0,0.44614899158477783,0.6535047292709351,0.11904019862413406,0.22465616464614868,0,2000,strong,4,80,42,1.0,0.0,walk
1485,29.7,1.0,0.0,0.44479382038116455,0.6926164031028748,0.13595741987228394,0.2501699924468994,0,2000,strong,4,80,42,1.0,0.0,walk
1486,29.72,1.0,0.0,0.4436691999435425,0.7294238805770874,0.1576801836490631,0.2517421245574951,0,2000,strong,4,80,42,1.0,0.0,walk
1487,29.740000000000002,1.0,0.0,0.4430166482925415,0.7550140619277954,0.1854880452156067,0.17513099312782288,0,2000,strong,4,80,42,1.0,0.0,walk
1488,29.76,1.0,0.0,0.4430729150772095,0.7677189111709595,0.21639159321784973,0.06697693467140198,0,2000,strong,4,80,42,1.0,0.0,walk
1489,29.78,1.0,0.0,0.4433249235153198,0.7741840481758118,0.25001221895217896,0.021038765087723732,0,2000,strong,4,80,42,1.0,0.0,walk
1490,29.8,1.0,0.0,0.4433239698410034,0.7793645858764648,0.275594025850296,-0.01468160841614008,0,2000,strong,4,80,42,1.0,0.0,walk
1491,29.82,1.0,0.0,0.44328033924102783,0.7146003246307373,0.22100631892681122,-0.19094917178153992,0,2000,strong,4,80,42,1.0,0.0,walk
1492,29.84,1.0,0.0,0.4479624032974243,0.6753311157226562,0.16821427643299103,-0.5610889196395874,0,2000,strong,4,80,42,1.0,0.0,walk
1493,29.86,1.0,0.0,0.4536014795303345,0.6371006965637207,0.1303786039352417,-0.2647746205329895,0,2000,strong,4,80,42,1.0,0.0,walk
1494,29.88,1.0,0.0,0.45577681064605713,0.6018900871276855,0.10252776741981506,0.341006338596344,0,2000,strong,4,80,42,1.0,0.0,walk
1495,29.900000000000002,1.0,0.0,0.452250599861145,0.5805157423019409,0.07284089177846909,0.9085938930511475,0,2000,strong,4,80,42,1.0,0.0,walk
1496,29.92,1.0,0.0,0.44450557231903076,0.5671173930168152,0.04580524191260338,1.1212695837020874,0,2000,strong,4,80,42,1.0,0.0,walk
1497,29.94,1.0,0.0,0.436470627784729,0.5714002251625061,0.016470637172460556,0.888795018196106,0,2000,strong,4,80,42,1.0,0.0,walk
1498,29.96,1.0,0.0,0.43144690990448,0.5908397436141968,-0.005937984213232994,0.4432249665260315,0,2000,strong,4,80,42,1.0,0.0,walk
1499,29.98,1.0,0.0,1.140405297279358,0.6018319725990295,-0.020005134865641594,0.04233471304178238,0,2000,strong,4,80,42,1.0,0.0,walk
1500,30.0,1.0,0.0,1.1426454782485962,0.5956831574440002,-0.03160246089100838,-0.23364388942718506,0,2000,strong,4,80,42,1.0,0.0,walk
1501,30.02,1.0,0.0,1.1471811532974243,0.5923932194709778,-0.041085027158260345,-0.4620835483074188,0,2000,strong,4,80,42,1.0,0.0,walk
1502,30.04,1.0,0.0,1.1526943445205688,0.5914661884307861,-0.049111586064100266,-0.5233081579208374,0,2000,strong,4,80,42,1.0,0.0,walk
1503,30.060000000000002,1.0,0.0,1.1585742235183716,0.592353880405426,-0.06709684431552887,-0.5144517421722412,0,2000,strong,4,80,42,1.0,0.0,walk
1504,30.080000000000002,1.0,0.0,1.163991093635559,0.605147123336792,-0.08349648118019104,-0.49200066924095154,0,2000,strong,4,80,42,1.0,0.0,walk
1505,30.1,1.0,0.0,1.1679860353469849,0.6290249228477478,-0.10000794380903244,-0.3182123601436615,0,2000,strong,4,80,42,1.0,0.0,walk
1506,30.12,1.0,0.0,1.169150948524475,0.6640539169311523,-0.11445317417383194,-0.07552823424339294,0,2000,strong,4,80,42,1.0,0.0,walk
1507,30.14,1.0,0.0,1.167676568031311,0.7050183415412903,-0.13220027089118958,0.1008058711886406,0,2000,strong,4,80,42,1.0,0.0,walk
1508,30.16,1.0,0.0,1.1640301942825317,0.7489286065101624,-0.15603697299957275,0.25454241037368774,0,2000,strong,4,80,42,1.0,0.0,walk
1509,30.18,1.0,0.0,1.1584097146987915,0.7844202518463135,-0.19017393887043,0.4280955493450165,0,2000,strong,4,80,42,1.0,0.0,walk
1510,30.2,1.0,0.0,1.1519657373428345,0.8019914627075195,-0.23076894879341125,0.5103343725204468,0,2000,strong,4,80,42,1.0,0.0,walk
1511,30.22,1.0,0.0,1.1450310945510864,0.8072732090950012,-0.2704252302646637,0.6147266626358032,0,2000,strong,4,80,42,1.0,0.0,walk
1512,30.240000000000002,1.0,0.0,1.1383439302444458,0.7837391495704651,-0.27873528003692627,0.16137394309043884,0,2000,strong,4,80,42,1.0,0.0,walk
1513,30.26,1.0,0.0,1.1352096796035767,0.719225287437439,-0.2131217122077942,0.5409514904022217,0,2000,strong,4,80,42,1.0,0.0,walk
1514,30.28,1.0,0.0,1.1266905069351196,0.6815109848976135,-0.1720161885023117,0.7816578149795532,0,2000,strong,4,80,42,1.0,0.0,walk
1515,30.3,1.0,0.0,1.118402123451233,0.655048668384552,-0.1475900262594223,0.49827438592910767,0,2000,strong,4,80,42,1.0,0.0,walk
1516,30.32,1.0,0.0,1.1146422624588013,0.6357565522193909,-0.12542091310024261,-0.07956813275814056,0,2000,strong,4,80,42,1.0,0.0,walk
1517,30.34,1.0,0.0,1.1158581972122192,0.6126881241798401,-0.0970858633518219,-0.4872715175151825,0,2000,strong,4,80,42,1.0,0.0,walk
1518,30.36,1.0,0.0,1.1190263032913208,0.5922278761863708,-0.060339659452438354,-0.5032880306243896,0,2000,strong,4,80,42,1.0,0.0,walk
1519,30.38,1.0,0.0,1.1212626695632935,0.580680787563324,-0.024149924516677856,-0.3063789904117584,0,2000,strong,4,80,42,1.0,0.0,walk
1520,30.400000000000002,1.0,0.0,1.1211367845535278,0.5798290967941284,0.002903948538005352,-0.0028135771863162518,0,2000,strong,4,80,42,1.0,0.0,walk
1521,30.42,1.0,0.0,1.1187297105789185,0.5864478945732117,0.022070396691560745,0.22707948088645935,0,2000,strong,4,80,42,1.0,0.0,walk
1522,30.44,1.0,0.0,1.1152673959732056,0.6009930968284607,0.03610683232545853,0.3220706582069397,0,2000,strong,4,80,42,1.0,0.0,walk
1523,30.46,1.0,0.0,1.1114951372146606,0.614023745059967,0.05150829255580902,0.3611714243888855,0,2000,strong,4,80,42,1.0,0.0,walk
1524,30.48,1.0,0.0,1.1077734231948853,0.6274199485778809,0.0706668272614479,0.370307981967926,0,2000,strong,4,80,42,1.0,0.0,walk
1525,30.5,1.0,0.0,1.1039763689041138,0.6402506232261658,0.09512446075677872,0.35355275869369507,0,2000,strong,4,80,42,1.0,0.0,walk
1526,30.52,1.0,0.0,1.1005054712295532,0.667140007019043,0.11454440653324127,0.3819291293621063,0,2000,strong,4,80,42,1.0,0.0,walk
1527,30.54,1.0,0.0,1.0971614122390747,0.7052001953125,0.13163219392299652,0.4483647346496582,0,2000,strong,4,80,42,1.0,0.0,walk
1528,30.560000000000002,1.0,0.0,1.093755841255188,0.7466773390769958,0.15169845521450043,0.4858880043029785,0,2000,strong,4,80,42,1.0,0.0,walk
1529,30.580000000000002,1.0,0.0,1.0903822183609009,0.7786951065063477,0.17906330525875092,0.46448999643325806,0,2000,strong,4,80,42,1.0,0.0,walk
1530,30.6,1.0,0.0,1.0876508951187134,0.7949414849281311,0.2106042206287384,0.3095114231109619,0,2000,strong,4,80,42,1.0,0.0,walk
1531,30.62,1.0,0.0,1.0862303972244263,0.7977504730224609,0.24206110835075378,0.08060485124588013,0,2000,strong,4,80,42,1.0,0.0,walk
1532,30.64,1.0,0.0,1.0867611169815063,0.7935525178909302,0.25741812586784363,-0.24398767948150635,0,2000,strong,4,80,42,1.0,0.0,walk
1533,30.66,1.0,0.0,1.0884877443313599,0.726368248462677,0.19971632957458496,-0.3748580813407898,0,2000,strong,4,80,42,1.0,0.0,walk
1534,30.68,1.0,0.0,1.0933276414871216,0.6883628964424133,0.1482754498720169,-0.5112816095352173,0,2000,strong,4,80,42,1.0,0.0,walk
1535,30.7,1.0,0.0,1.0971180200576782,0.657325804233551,0.10769152641296387,-0.0521416962146759,0,2000,strong,4,80,42,1.0,0.0,walk
1536,30.72,1.0,0.0,1.0958958864212036,0.6248502731323242,0.07553096115589142,0.749579906463623,0,2000,strong,4,80,42,1.0,0.0,walk
1537,30.740000000000002,1.0,0.0,1.0883361101150513,0.605357825756073,0.03237518295645714,1.3639452457427979,0,2000,strong,4,80,42,1.0,0.0,walk
1538,30.76,1.0,0.0,1.0767866373062134,0.588310718536377,-0.0003607205580919981,1.498500108718872,0,2000,strong,4,80,42,1.0,0.0,walk
1539,30.78,1.0,0.0,1.0657726526260376,0.5879249572753906,-0.030574236065149307,1.1536108255386353,0,2000,strong,4,80,42,1.0,0.0,walk
1540,30.8,1.0,0.0,1.0591117143630981,0.6035889387130737,-0.054030630737543106,0.5642961263656616,0,2000,strong,4,80,42,1.0,0.0,walk
1541,30.82,1.0,0.0,1.057885766029358,0.6155387759208679,-0.06470490247011185,0.04342307895421982,0,2000,strong,4,80,42,1.0,0.0,walk
1542,30.84,1.0,0.0,1.0598636865615845,0.6041989326477051,-0.07585996389389038,-0.16410265862941742,0,2000,strong,4,80,42,1.0,0.0,walk
1543,30.86,1.0,0.0,1.0636802911758423,0.5917924046516418,-0.09008253365755081,-0.3239189386367798,0,2000,strong,4,80,42,1.0,0.0,walk
1544,30.88,1.0,0.0,1.0670796632766724,0.5951066613197327,-0.09234361350536346,-0.28034231066703796,0,2000,strong,4,80,42,1.0,0.0,walk
1545,30.900000000000002,1.0,0.0,1.0708023309707642,0.5905899405479431,-0.1123998612165451,-0.314299613237381,0,2000,strong,4,80,42,1.0,0.0,walk
1546,30.92,1.0,0.0,1.0751196146011353,0.6089789867401123,-0.13100868463516235,-0.4192989766597748,0,2000,strong,4,80,42,1.0,0.0,walk
1547,30.94,1.0,0.0,1.0792261362075806,0.6386930346488953,-0.14989082515239716,-0.374703586101532,0,2000,strong,4,80,42,1.0,0.0,walk
1548,30.96,1.0,0.0,1.0816255807876587,0.6772699356079102,-0.16693639755249023,-0.20613254606723785,0,2000,strong,4,80,42,1.0,0.0,walk
1549,30.98,1.0,0.0,1.0807186365127563,0.7179375886917114,-0.18321378529071808,0.10034657269716263,0,2000,strong,4,80,42,1.0,0.0,walk
1550,31.0,1.0,0.0,1.077321171760559,0.762469470500946,-0.20864243805408478,0.24627774953842163,0,2000,strong,4,80,42,1.0,0.0,walk
1551,31.02,1.0,0.0,1.0717107057571411,0.8007851839065552,-0.24254287779331207,0.4505000710487366,0,2000,strong,4,80,42,1.0,0.0,walk
1552,31.04,1.0,0.0,1.0645219087600708,0.823051393032074,-0.28495699167251587,0.5735510587692261,0,2000,strong,4,80,42,1.0,0.0,walk
1553,31.060000000000002,1.0,0.0,1.057334065437317,0.8313890695571899,-0.32998210191726685,0.5711200833320618,0,2000,strong,4,80,42,1.0,0.0,walk
1554,31.080000000000002,1.0,0.0,1.0515276193618774,0.8357356190681458,-0.36558833718299866,0.37027132511138916,0,2000,strong,4,80,42,1.0,0.0,walk
1555,31.1,1.0,0.0,1.0505601167678833,0.7463534474372864,-0.2916785478591919,0.2589816153049469,0,2000,strong,4,80,42,1.0,0.0,walk
1556,31.12,1.0,0.0,1.0435863733291626,0.7003263831138611,-0.23378542065620422,0.776233434677124,0,2000,strong,4,80,42,1.0,0.0,walk
1557,31.14,1.0,0.0,1.0341235399246216,0.6636884212493896,-0.20051158964633942,0.7287933826446533,0,2000,strong,4,80,42,1.0,0.0,walk
1558,31.16,1.0,0.0,1.0277656316757202,0.6354092955589294,-0.17609190940856934,0.21364817023277283,0,2000,strong,4,80,42,1.0,0.0,walk
1559,31.18,1.0,0.0,1.0257998704910278,0.6026193499565125,-0.15239503979682922,-0.2183346450328827,0,2000,strong,4,80,42,1.0,0.0,walk
1560,31.2,1.0,0.0,1.0270601511001587,0.5737374424934387,-0.1154133528470993,-0.4204573929309845,0,2000,strong,4,80,42,1.0,0.0,walk
1561,31.220000000000002,1.0,0.0,1.0290261507034302,0.5574331283569336,-0.07628631591796875,-0.32589372992515564,0,2000,strong,4,80,42,1.0,0.0,walk
1562,31.240000000000002,1.0,0.0,1.0292617082595825,0.552675724029541,-0.04600783810019493,-0.06771703064441681,0,2000,strong,4,80,42,1.0,0.0,walk
1563,31.26,1.0,0.0,1.0276161432266235,0.5540468096733093,-0.021740363910794258,0.11516819894313812,0,2000,strong,4,80,42,1.0,0.0,walk
1564,31.28,1.0,0.0,1.0254946947097778,0.564376711845398,-0.008246266283094883,0.15661869943141937,0,2000,strong,4,80,42,1.0,0.0,walk
1565,31.3,1.0,0.0,1.0230523347854614,0.5777542591094971,0.007748559582978487,0.2578445076942444,0,2000,strong,4,80,42,1.0,0.0,walk
1566,31.32,1.0,0.0,1.019919991493225,0.5901092886924744,0.030252141878008842,0.3040776550769806,0,2000,strong,4,80,42,1.0,0.0,walk
1567,31.34,1.0,0.0,1.0167666673660278,0.6004340052604675,0.05384083092212677,0.2770220637321472,0,2000,strong,4,80,42,1.0,0.0,walk
1568,31.36,1.0,0.0,1.0134228467941284,0.6228678822517395,0.0737622082233429,0.375276654958725,0,2000,strong,4,80,42,1.0,0.0,walk
1569,31.38,1.0,0.0,1.0102182626724243,0.6555154323577881,0.0892818346619606,0.38660311698913574,0,2000,strong,4,80,42,1.0,0.0,walk
1570,31.400000000000002,1.0,0.0,1.0071836709976196,0.6942123174667358,0.1060580238699913,0.43029576539993286,0,2000,strong,4,80,42,1.0,0.0,walk
1571,31.42,1.0,0.0,1.004083275794983,0.7308470606803894,0.1283007711172104,0.4581940174102783,0,2000,strong,4,80,42,1.0,0.0,walk
1572,31.44,1.0,0.0,1.0011712312698364,0.7548869252204895,0.15579411387443542,0.3946739435195923,0,2000,strong,4,80,42,1.0,0.0,walk
1573,31.46,1.0,0.0,0.9989114999771118,0.7639105319976807,0.1850360929965973,0.2589395344257355,0,2000,strong,4,80,42,1.0,0.0,walk
1574,31.48,1.0,0.0,0.9974089860916138,0.7627236843109131,0.21188266575336456,0.15474581718444824,0,2000,strong,4,80,42,1.0,0.0,walk
1575,31.5,1.0,0.0,0.997071385383606,0.7379838228225708,0.22923406958580017,0.10435374081134796,0,2000,strong,4,80,42,1.0,0.0,walk
1576,31.52,1.0,0.0,0.9985812902450562,0.6961693167686462,0.15897168219089508,-0.4251800775527954,0,2000,strong,4,80,42,1.0,0.0,walk
1577,31.54,1.0,0.0,1.004083275794983,0.6613425016403198,0.11711018532514572,-0.5000135898590088,0,2000,strong,4,80,42,1.0,0.0,walk
1578,31.560000000000002,1.0,0.0,1.0077687501907349,0.629104733467102,0.08448272943496704,0.057643670588731766,0,2000,strong,4,80,42,1.0,0.0,walk
1579,31.580000000000002,1.0,0.0,1.005792260169983,0.6035451292991638,0.04949367046356201,0.8336528539657593,0,2000,strong,4,80,42,1.0,0.0,walk
1580,31.6,1.0,0.0,0.9981151819229126,0.5677985548973083,0.014291194267570972,1.320900797843933,0,2000,strong,4,80,42,1.0,0.0,walk
1581,31.62,1.0,0.0,0.9865165948867798,0.5710660219192505,-0.011098479852080345,1.4229261875152588,0,2000,strong,4,80,42,1.0,0.0,walk
1582,31.64,1.0,0.0,0.9766465425491333,0.5933361649513245,-0.03603002056479454,0.9047765135765076,0,2000,strong,4,80,42,1.0,0.0,walk
1583,31.66,1.0,0.0,0.972148060798645,0.597686767578125,-0.06103700026869774,0.418002724647522,0,2000,strong,4,80,42,1.0,0.0,walk
1584,31.68,1.0,0.0,0.9715873003005981,0.6077247858047485,-0.07264209538698196,0.03097369894385338,0,2000,strong,4,80,42,1.0,0.0,walk
1585,31.7,1.0,0.0,0.974216103553772,0.6078599095344543,-0.0822162926197052,-0.26075083017349243,0,2000,strong,4,80,42,1.0,0.0,walk
1586,31.720000000000002,1.0,0.0,0.9771708250045776,0.5979660749435425,-0.08349686115980148,-0.22294221818447113,0,2000,strong,4,80,42,1.0,0.0,walk
1587,31.740000000000002,1.0,0.0,0.9800370931625366,0.5933893918991089,-0.09877584874629974,-0.20790299773216248,0,2000,strong,4,80,42,1.0,0.0,walk
1588,31.76,1.0,0.0,0.9837044477462769,0.5995489954948425,-0.11584745347499847,-0.3664463758468628,0,2000,strong,4,80,42,1.0,0.0,walk
1589,31.78,1.0,0.0,0.9884082078933716,0.6234878897666931,-0.13491269946098328,-0.45928487181663513,0,2000,strong,4,80,42,1.0,0.0,walk
1590,31.8,1.0,0.0,0.9921990633010864,0.651605486869812,-0.15320691466331482,-0.31873905658721924,0,2000,strong,4,80,42,1.0,0.0,walk
1591,31.82,1.0,0.0,0.9933651685714722,0.6902870535850525,-0.1695525199174881,-0.09927903115749359,0,2000,strong,4,80,42,1.0,0.0,walk
1592,31.84,1.0,0.0,0.9923549890518188,0.7319117784500122,-0.18996529281139374,0.04875945299863815,0,2000,strong,4,80,42,1.0,0.0,walk
1593,31.86,1.0,0.0,0.9890269041061401,0.7754000425338745,-0.21498353779315948,0.2580776810646057,0,2000,strong,4,80,42,1.0,0.0,walk
1594,31.88,1.0,0.0,0.9833918809890747,0.8080064058303833,-0.2513655126094818,0.44912198185920715,0,2000,strong,4,80,42,1.0,0.0,walk
1595,31.900000000000002,1.0,0.0,0.9766560792922974,0.8263673186302185,-0.29474201798439026,0.5262725949287415,0,2000,strong,4,80,42,1.0,0.0,walk
1596,31.92,1.0,0.0,0.9702659845352173,0.8321877121925354,-0.3390946686267853,0.5247697830200195,0,2000,strong,4,80,42,1.0,0.0,walk
1597,31.94,1.0,0.0,0.9653874635696411,0.7785941362380981,-0.3303516209125519,-0.28314146399497986,0,2000,strong,4,80,42,1.0,0.0,walk
1598,31.96,1.0,0.0,0.9629334211349487,0.718704104423523,-0.2558775246143341,0.5423558950424194,0,2000,strong,4,80,42,1.0,0.0,walk
1599,31.98,1.0,0.0,0.9543730020523071,0.6731247305870056,-0.20794299244880676,0.7795371413230896,0,2000,strong,4,80,42,1.0,0.0,walk
1600,32.0,1.0,0.0,0.9460874795913696,0.6410706639289856,-0.17989839613437653,0.4744209051132202,0,2000,strong,4,80,42,1.0,0.0,walk
1601,32.02,1.0,0.0,0.9425064325332642,0.6176310777664185,-0.15676826238632202,-0.10965749621391296,0,2000,strong,4,80,42,1.0,0.0,walk
1602,32.04,1.0,0.0,0.943790078163147,0.5874287486076355,-0.12983891367912292,-0.5402778387069702,0,2000,strong,4,80,42,1.0,0.0,walk
1603,32.06,1.0,0.0,0.9469457864761353,0.5674511790275574,-0.08992698788642883,-0.4851263165473938,0,2000,strong,4,80,42,1.0,0.0,walk
1604,32.08,1.0,0.0,0.9487148523330688,0.5537282228469849,-0.050946857780218124,-0.26646751165390015,0,2000,strong,4,80,42,1.0,0.0,walk
1605,32.1,1.0,0.0,0.9479256868362427,0.5538382530212402,-0.022733347490429878,0.05850134789943695,0,2000,strong,4,80,42,1.0,0.0,walk
1606,32.12,1.0,0.0,0.9451812505722046,0.5535480380058289,-0.0034018310252577066,0.23223282396793365,0,2000,strong,4,80,42,1.0,0.0,walk
1607,32.14,1.0,0.0,0.9417742490768433,0.5696818828582764,0.007809183094650507,0.3201134502887726,0,2000,strong,4,80,42,1.0,0.0,walk
1608,32.160000000000004,1.0,0.0,0.9379140138626099,0.5854544043540955,0.020696114748716354,0.380664587020874,0,2000,strong,4,80,42,1.0,0.0,walk
1609,32.18,1.0,0.0,0.9338656663894653,0.5931584239006042,0.042403269559144974,0.38632917404174805,0,2000,strong,4,80,42,1.0,0.0,walk
1610,32.2,1.0,0.0,0.9299198389053345,0.6035988926887512,0.06530649214982986,0.3441595137119293,0,2000,strong,4,80,42,1.0,0.0,walk
1611,32.22,1.0,0.0,0.9264281988143921,0.6324924230575562,0.08006957918405533,0.4108807444572449,0,2000,strong,4,80,42,1.0,0.0,walk
1612,32.24,1.0,0.0,0.9229432344436646,0.6695432662963867,0.09573137015104294,0.4497608542442322,0,2000,strong,4,80,42,1.0,0.0,walk
1613,32.26,1.0,0.0,0.9198747873306274,0.7070755958557129,0.1149832084774971,0.4264289140701294,0,2000,strong,4,80,42,1.0,0.0,walk
1614,32.28,1.0,0.0,0.9172540903091431,0.7388161420822144,0.1419050246477127,0.39391815662384033,0,2000,strong,4,80,42,1.0,0.0,walk
1615,32.3,1.0,0.0,0.9152029752731323,0.7556084394454956,0.17320939898490906,0.27480262517929077,0,2000,strong,4,80,42,1.0,0.0,walk
1616,32.32,1.0,0.0,0.9141155481338501,0.7592493295669556,0.20498020946979523,0.10956177860498428,0,2000,strong,4,80,42,1.0,0.0,walk
1617,32.34,1.0,0.0,0.9139984846115112,0.7575319409370422,0.2325032353401184,-0.033633507788181305,0,2000,strong,4,80,42,1.0,0.0,walk
1618,32.36,1.0,0.0,0.915225625038147,0.7198244333267212,0.21271495521068573,-0.0720389112830162,0,2000,strong,4,80,42,1.0,0.0,walk
1619,32.38,1.0,0.0,0.9182325601577759,0.6786640286445618,0.16376972198486328,-0.5015707015991211,0,2000,strong,4,80,42,1.0,0.0,walk
1620,32.4,1.0,0.0,0.9237462282180786,0.6434797048568726,0.12138791382312775,-0.3678143620491028,0,2000,strong,4,80,42,1.0,0.0,walk
1621,32.42,1.0,0.0,0.9262436628341675,0.6110993027687073,0.0858459323644638,0.28111985325813293,0,2000,strong,4,80,42,1.0,0.0,walk
1622,32.44,1.0,0.0,0.9227615594863892,0.5864930748939514,0.04843159392476082,0.9946882724761963,0,2000,strong,4,80,42,1.0,0.0,walk
1623,32.46,1.0,0.0,0.9137870073318481,0.5709191560745239,0.01586085557937622,1.3659627437591553,0,2000,strong,4,80,42,1.0,0.0,walk
1624,32.480000000000004,1.0,0.0,0.9025648832321167,0.5732871890068054,-0.01486306730657816,1.303322434425354,0,2000,strong,4,80,42,1.0,0.0,walk
1625,32.5,1.0,0.0,0.8937355279922485,0.5914375185966492,-0.04102492704987526,0.8229154944419861,0,2000,strong,4,80,42,1.0,0.0,walk
1626,32.52,1.0,0.0,0.8898831605911255,0.6041542887687683,-0.0591578483581543,0.3130156993865967,0,2000,strong,4,80,42,1.0,0.0,walk
1627,32.54,1.0,0.0,0.8900717496871948,0.6030555367469788,-0.07004823535680771,-0.04853589087724686,0,2000,strong,4,80,42,1.0,0.0,walk
1628,32.56,1.0,0.0,0.8930546045303345,0.5974866151809692,-0.07927042245864868,-0.29041868448257446,0,2000,strong,4,80,42,1.0,0.0,walk
1629,32.58,1.0,0.0,0.896729588508606,0.5938973426818848,-0.08247558027505875,-0.33849525451660156,0,2000,strong,4,80,42,1.0,0.0,walk
1630,32.6,1.0,0.0,0.9011653661727905,0.5897625088691711,-0.099271759390831,-0.39749783277511597,0,2000,strong,4,80,42,1.0,0.0,walk
1631,32.62,1.0,0.0,0.9061723947525024,0.5992519855499268,-0.1157093197107315,-0.47797471284866333,0,2000,strong,4,80,42,1.0,0.0,walk
1632,32.64,1.0,0.0,0.9110015630722046,0.6232661008834839,-0.13294078409671783,-0.43014994263648987,0,2000,strong,4,80,42,1.0,0.0,walk
1633,32.660000000000004,1.0,0.0,0.9138501882553101,0.6578152775764465,-0.14920561015605927,-0.22791212797164917,0,2000,strong,4,80,42,1.0,0.0,walk
1634,32.68,1.0,0.0,0.9139033555984497,0.6973206996917725,-0.16679450869560242,-0.0025649787858128548,0,2000,strong,4,80,42,1.0,0.0,walk
1635,32.7,1.0,0.0,0.9117363691329956,0.7395539879798889,-0.1895528882741928,0.1448890119791031,0,2000,strong,4,80,42,1.0,0.0,walk
1636,32.72,1.0,0.0,0.9071933031082153,0.7794957160949707,-0.218422070145607,0.35545408725738525,0,2000,strong,4,80,42,1.0,0.0,walk
1637,32.74,1.0,0.0,0.900955319404602,0.8050878643989563,-0.25789645314216614,0.4804539978504181,0,2000,strong,4,80,42,1.0,0.0,walk
1638,32.76,1.0,0.0,0.8944233655929565,0.8156662583351135,-0.3008795380592346,0.5200230479240417,0,2000,strong,4,80,42,1.0,0.0,walk
1639,32.78,1.0,0.0,0.8885873556137085,0.8200730681419373,-0.3406059443950653,0.42765069007873535,0,2000,strong,4,80,42,1.0,0.0,walk
1640,32.8,1.0,0.0,0.8866978883743286,0.7427321076393127,-0.29329970479011536,0.05241147056221962,0,2000,strong,4,80,42,1.0,0.0,walk
1641,32.82,1.0,0.0,0.8813978433609009,0.696392834186554,-0.23115256428718567,0.6809951066970825,0,2000,strong,4,80,42,1.0,0.0,walk
1642,32.84,1.0,0.0,0.8720093965530396,0.6572041511535645,-0.1912352442741394,0.776340663433075,0,2000,strong,4,80,42,1.0,0.0,walk
1643,32.86,1.0,0.0,0.8644756078720093,0.6290593147277832,-0.16527695953845978,0.34297603368759155,0,2000,strong,4,80,42,1.0,0.0,walk
1644,32.88,1.0,0.0,0.861538290977478,0.5988041758537292,-0.1439550518989563,-0.16418412327766418,0,2000,strong,4,80,42,1.0,0.0,walk
1645,32.9,1.0,0.0,0.8629611730575562,0.5736363530158997,-0.11207424849271774,-0.4948853850364685,0,2000,strong,4,80,42,1.0,0.0,walk
1646,32.92,1.0,0.0,0.8658686876296997,0.5583865642547607,-0.07284827530384064,-0.42800238728523254,0,2000,strong,4,80,42,1.0,0.0,walk
1647,32.94,1.0,0.0,0.8671151399612427,0.5508415699005127,-0.03881552815437317,-0.17946742475032806,0,2000,strong,4,80,42,1.0,0.0,walk
1648,32.96,1.0,0.0,0.8661717176437378,0.5513308048248291,-0.01291431300342083,0.056328464299440384,0,2000,strong,4,80,42,1.0,0.0,walk
1649,32.980000000000004,1.0,0.0,0.8641883134841919,0.5589394569396973,0.0015400454867631197,0.1541343778371811,0,2000,strong,4,80,42,1.0,0.0,walk
1650,33.0,1.0,0.0,0.8617061376571655,0.5727256536483765,0.015322304330766201,0.2625454366207123,0,2000,strong,4,80,42,1.0,0.0,walk
1651,33.02,1.0,0.0,0.8584126234054565,0.5857309103012085,0.03675087168812752,0.32561787962913513,0,2000,strong,4,80,42,1.0,0.0,walk
1652,33.04,1.0,0.0,0.8550764322280884,0.5956225395202637,0.059798236936330795,0.29352423548698425,0,2000,strong,4,80,42,1.0,0.0,walk
1653,33.06,1.0,0.0,0.8517051935195923,0.6162861585617065,0.08043387532234192,0.35018089413642883,0,2000,strong,4,80,42,1.0,0.0,walk
1654,33.08,1.0,0.0,0.8488184213638306,0.649745523929596,0.09504050016403198,0.3502541184425354,0,2000,strong,4,80,42,1.0,0.0,walk
1655,33.1,1.0,0.0,0.8462098836898804,0.6882542371749878,0.11160419881343842,0.38429930806159973,0,2000,strong,4,80,42,1.0,0.0,walk
1656,33.12,1.0,0.0,0.8436638116836548,0.7251483201980591,0.1338353455066681,0.40377241373062134,0,2000,strong,4,80,42,1.0,0.0,walk
1657,33.14,1.0,0.0,0.8413606882095337,0.7501451373100281,0.16213494539260864,0.34068599343299866,0,2000,strong,4,80,42,1.0,0.0,walk
1658,33.160000000000004,1.0,0.0,0.8397508859634399,0.7603358030319214,0.19280652701854706,0.2087547779083252,0,2000,strong,4,80,42,1.0,0.0,walk
1659,33.18,1.0,0.0,0.8388210535049438,0.7630003690719604,0.22494031488895416,0.08764520287513733,0,2000,strong,4,80,42,1.0,0.0,walk
1660,33.2,1.0,0.0,0.8386541604995728,0.7589229941368103,0.2412012666463852,-0.015840910375118256,0,2000,strong,4,80,42,1.0,0.0,walk
1661,33.22,1.0,0.0,0.8392099142074585,0.7122793793678284,0.18370598554611206,-0.2436157464981079,0,2000,strong,4,80,42,1.0,0.0,walk
1662,33.24,1.0,0.0,0.843751072883606,0.6807228326797485,0.13631294667720795,-0.5012388825416565,0,2000,strong,4,80,42,1.0,0.0,walk
1663,33.26,1.0,0.0,0.8483020067214966,0.6529974341392517,0.09819375723600388,-0.12009339779615402,0,2000,strong,4,80,42,1.0,0.0,walk
1664,33.28,1.0,0.0,0.8485866785049438,0.622650682926178,0.06694134324789047,0.5713830590248108,0,2000,strong,4,80,42,1.0,0.0,walk
1665,33.3,1.0,0.0,0.8435012102127075,0.5888631939888,0.030649686232209206,1.091878056526184,0,2000,strong,4,80,42,1.0,0.0,walk
1666,33.32,1.0,0.0,0.8338733911514282,0.5905359983444214,0.0030848300084471703,1.2918251752853394,0,2000,strong,4,80,42,1.0,0.0,walk
1667,33.34,1.0,0.0,0.8241416215896606,0.6090925335884094,-0.024459466338157654,0.9817199110984802,0,2000,strong,4,80,42,1.0,0.0,walk
1668,33.36,1.0,0.0,0.8187214136123657,0.6127758622169495,-0.05185253173112869,0.4968656897544861,0,2000,strong,4,80,42,1.0,0.0,walk
1669,33.38,1.0,0.0,0.8175593614578247,0.6273617148399353,-0.06634904444217682,0.07986892014741898,0,2000,strong,4,80,42,1.0,0.0,walk
1670,33.4,1.0,0.0,0.8193739652633667,0.6285767555236816,-0.0758112370967865,-0.1841025948524475,0,2000,strong,4,80,42,1.0,0.0,walk
1671,33.42,1.0,0.0,0.8226248025894165,0.6215444803237915,-0.08153824508190155,-0.28336915373802185,0,2000,strong,4,80,42,1.0,0.0,walk
1672,33.44,1.0,0.0,0.8259564638137817,0.6173742413520813,-0.09122630208730698,-0.28022629022598267,0,2000,strong,4,80,42,1.0,0.0,walk
1673,33.46,1.0,0.0,0.8303161859512329,0.6199439167976379,-0.11115909367799759,-0.41502031683921814,0,2000,strong,4,80,42,1.0,0.0,walk
1674,33.480000000000004,1.0,0.0,0.8356257677078247,0.639757513999939,-0.12659992277622223,-0.5236487984657288,0,2000,strong,4,80,42,1.0,0.0,walk
1675,33.5,1.0,0.0,0.8398624658584595,0.6658127903938293,-0.14130760729312897,-0.35655900835990906,0,2000,strong,4,80,42,1.0,0.0,walk
1676,33.52,1.0,0.0,0.84154212474823,0.7012988328933716,-0.15737523138523102,-0.14296583831310272,0,2000,strong,4,80,42,1.0,0.0,walk
1677,33.54,1.0,0.0,0.8407009840011597,0.7413899898529053,-0.1765141636133194,0.04466148465871811,0,2000,strong,4,80,42,1.0,0.0,walk
1678,33.56,1.0,0.0,0.8376733064651489,0.7847314476966858,-0.20107105374336243,0.2070906013250351,0,2000,strong,4,80,42,1.0,0.0,walk
1679,33.58,1.0,0.0,0.8326138257980347,0.8181945085525513,-0.23614124953746796,0.371860146522522,0,2000,strong,4,80,42,1.0,0.0,walk
1680,33.6,1.0,0.0,0.8268824815750122,0.8345469832420349,-0.27782338857650757,0.422372967004776,0,2000,strong,4,80,42,1.0,0.0,walk
1681,33.62,1.0,0.0,0.8213151693344116,0.8393829464912415,-0.3187239170074463,0.46132445335388184,0,2000,strong,4,80,42,1.0,0.0,walk
1682,33.64,1.0,0.0,0.8169225454330444,0.7777116894721985,-0.30741170048713684,-0.28298988938331604,0,2000,strong,4,80,42,1.0,0.0,walk
1683,33.660000000000004,1.0,0.0,0.8140112161636353,0.7238250374794006,-0.23806117475032806,0.5718894004821777,0,2000,strong,4,80,42,1.0,0.0,walk
1684,33.68,1.0,0.0,0.8053985834121704,0.6802016496658325,-0.192235067486763,0.774350643157959,0,2000,strong,4,80,42,1.0,0.0,walk
1685,33.7,1.0,0.0,0.7972062826156616,0.6508891582489014,-0.16411030292510986,0.46342113614082336,0,2000,strong,4,80,42,1.0,0.0,walk
1686,33.72,1.0,0.0,0.7936993837356567,0.630491316318512,-0.1433836817741394,-0.1210242435336113,0,2000,strong,4,80,42,1.0,0.0,walk
1687,33.74,1.0,0.0,0.7952665090560913,0.6026521325111389,-0.11977072060108185,-0.5812935829162598,0,2000,strong,4,80,42,1.0,0.0,walk
1688,33.76,1.0,0.0,0.7988182306289673,0.5818852782249451,-0.07940732687711716,-0.527358889579773,0,2000,strong,4,80,42,1.0,0.0,walk
1689,33.78,1.0,0.0,0.8011990785598755,0.5662050843238831,-0.04094015806913376,-0.3345757722854614,0,2000,strong,4,80,42,1.0,0.0,walk
1690,33.8,1.0,0.0,0.800970196723938,0.5628993511199951,-0.012011885643005371,0.0007951830048114061,0,2000,strong,4,80,42,1.0,0.0,walk
1691,33.82,1.0,0.0,0.7988072633743286,0.5626271963119507,0.006368439644575119,0.17468905448913574,0,2000,strong,4,80,42,1.0,0.0,walk
1692,33.84,1.0,0.0,0.7955776453018188,0.5766288042068481,0.017432766035199165,0.323588490486145,0,2000,strong,4,80,42,1.0,0.0,walk
1693,33.86,1.0,0.0,0.7916899919509888,0.5910663604736328,0.03003169223666191,0.3800162971019745,0,2000,strong,4,80,42,1.0,0.0,walk
1694,33.88,1.0,0.0,0.7875808477401733,0.6005332469940186,0.05054584890604019,0.3970663845539093,0,2000,strong,4,80,42,1.0,0.0,walk
1695,33.9,1.0,0.0,0.7837244272232056,0.6106531023979187,0.07245037704706192,0.31699395179748535,0,2000,strong,4,80,42,1.0,0.0,walk
1696,33.92,1.0,0.0,0.7807308435440063,0.6415877342224121,0.08658421039581299,0.34864333271980286,0,2000,strong,4,80,42,1.0,0.0,walk
1697,33.94,1.0,0.0,0.7778180837631226,0.6796296238899231,0.10233195126056671,0.39495569467544556,0,2000,strong,4,80,42,1.0,0.0,walk
1698,33.96,1.0,0.0,0.7753146886825562,0.7178496718406677,0.12137975543737411,0.37314721941947937,0,2000,strong,4,80,42,1.0,0.0,walk
1699,33.980000000000004,1.0,0.0,0.773255467414856,0.7495297789573669,0.1481320858001709,0.33867600560188293,0,2000,strong,4,80,42,1.0,0.0,walk
1700,34.0,1.0,0.0,0.7718085050582886,0.766127347946167,0.17948776483535767,0.21817657351493835,0,2000,strong,4,80,42,1.0,0.0,walk
1701,34.02,1.0,0.0,0.7712424993515015,0.7699490189552307,0.21196459233760834,0.06599246710538864,0,2000,strong,4,80,42,1.0,0.0,walk
1702,34.04,1.0,0.0,0.7714861631393433,0.7690660953521729,0.2424924671649933,-0.04002406448125839,0,2000,strong,4,80,42,1.0,0.0,walk
1703,34.06,1.0,0.0,0.7726727724075317,0.7351998686790466,0.23180094361305237,-0.02138947695493698,0,2000,strong,4,80,42,1.0,0.0,walk
1704,34.08,1.0,0.0,0.7753616571426392,0.6941338777542114,0.17723673582077026,-0.4949844777584076,0,2000,strong,4,80,42,1.0,0.0,walk
1705,34.1,1.0,0.0,0.781046986579895,0.6576180458068848,0.13280916213989258,-0.417044460773468,0,2000,strong,4,80,42,1.0,0.0,walk
1706,34.12,1.0,0.0,0.7842544317245483,0.6221901178359985,0.09763894975185394,0.1782882809638977,0,2000,strong,4,80,42,1.0,0.0,walk
1707,34.14,1.0,0.0,0.7819067239761353,0.5950819253921509,0.06080486625432968,0.861632227897644,0,2000,strong,4,80,42,1.0,0.0,walk
1708,34.160000000000004,1.0,0.0,0.7743066549301147,0.5748083591461182,0.029396777972579002,1.2400063276290894,0,2000,strong,4,80,42,1.0,0.0,walk
1709,34.18,1.0,0.0,0.7640048265457153,0.5781485438346863,0.0018414226360619068,1.225083351135254,0,2000,strong,4,80,42,1.0,0.0,walk
1710,34.2,1.0,0.0,0.7557095289230347,0.5965806841850281,-0.024318747222423553,0.7705435156822205,0,2000,strong,4,80,42,1.0,0.0,walk
1711,34.22,1.0,0.0,0.7521690130233765,0.605442225933075,-0.04658220335841179,0.2996625602245331,0,2000,strong,4,80,42,1.0,0.0,walk
1712,34.24,1.0,0.0,0.7524510622024536,0.604221761226654,-0.05590503290295601,-0.06271425634622574,0,2000,strong,4,80,42,1.0,0.0,walk
1713,34.26,1.0,0.0,0.7557140588760376,0.5998850464820862,-0.06506547331809998,-0.3337903320789337,0,2000,strong,4,80,42,1.0,0.0,walk
1714,34.28,1.0,0.0,0.7597113847732544,0.5964705944061279,-0.06704307347536087,-0.37133875489234924,0,2000,strong,4,80,42,1.0,0.0,walk
1715,34.300000000000004,1.0,0.0,0.7643922567367554,0.5915026664733887,-0.08439072966575623,-0.41043105721473694,0,2000,strong,4,80,42,1.0,0.0,walk
1716,34.32,1.0,0.0,0.7694464921951294,0.5996199250221252,-0.10161358118057251,-0.47563380002975464,0,2000,strong,4,80,42,1.0,0.0,walk
1717,34.34,1.0,0.0,0.7742878198623657,0.6255279779434204,-0.11802010983228683,-0.44066929817199707,0,2000,strong,4,80,42,1.0,0.0,walk
1718,34.36,1.0,0.0,0.7770165205001831,0.6584904789924622,-0.1312044858932495,-0.2064661979675293,0,2000,strong,4,80,42,1.0,0.0,walk
1719,34.38,1.0,0.0,0.7773796319961548,0.6962971091270447,-0.15103253722190857,-0.054784033447504044,0,2000,strong,4,80,42,1.0,0.0,walk
1720,34.4,1.0,0.0,0.7759591341018677,0.7413630485534668,-0.1726541966199875,0.060595739632844925,0,2000,strong,4,80,42,1.0,0.0,walk
1721,34.42,1.0,0.0,0.7721630334854126,0.7805976867675781,-0.19905884563922882,0.28416070342063904,0,2000,strong,4,80,42,1.0,0.0,walk
1722,34.44,1.0,0.0,0.7664166688919067,0.8058872818946838,-0.23711124062538147,0.4365774393081665,0,2000,strong,4,80,42,1.0,0.0,walk
1723,34.46,1.0,0.0,0.7602702379226685,0.817425549030304,-0.27947187423706055,0.4805857539176941,0,2000,strong,4,80,42,1.0,0.0,walk
1724,34.480000000000004,1.0,0.0,0.7552093267440796,0.8198123574256897,-0.32001641392707825,0.37701377272605896,0,2000,strong,4,80,42,1.0,0.0,walk
1725,34.5,1.0,0.0,0.7533665895462036,0.7428805232048035,-0.2782210111618042,-0.14516772329807281,0,2000,strong,4,80,42,1.0,0.0,walk
1726,34.52,1.0,0.0,0.7488826513290405,0.7006872892379761,-0.21890667080879211,0.6595025062561035,0,2000,strong,4,80,42,1.0,0.0,walk
1727,34.54,1.0,0.0,0.7396327257156372,0.6623560190200806,-0.17795436084270477,0.7995811104774475,0,2000,strong,4,80,42,1.0,0.0,walk
1728,34.56,1.0,0.0,0.7318726778030396,0.6357502937316895,-0.15372037887573242,0.3734714686870575,0,2000,strong,4,80,42,1.0,0.0,walk
1729,34.58,1.0,0.0,0.7290350198745728,0.6097180247306824,-0.13336575031280518,-0.19027459621429443,0,2000,strong,4,80,42,1.0,0.0,walk
1730,34.6,1.0,0.0,0.73115074634552,0.5865545272827148,-0.10393396764993668,-0.5787565112113953,0,2000,strong,4,80,42,1.0,0.0,walk
1731,34.62,1.0,0.0,0.7348431348800659,0.5725715160369873,-0.06298224627971649,-0.4986540675163269,0,2000,strong,4,80,42,1.0,0.0,walk
1732,34.64,1.0,0.0,0.7367888689041138,0.5631170868873596,-0.028044816106557846,-0.2530462145805359,0,2000,strong,4,80,42,1.0,0.0,walk
1733,34.660000000000004,1.0,0.0,0.7362600564956665,0.5623327493667603,-0.0009613099973648787,0.031901322305202484,0,2000,strong,4,80,42,1.0,0.0,walk
1734,34.68,1.0,0.0,0.7344251871109009,0.5681024193763733,0.013845700770616531,0.14892572164535522,0,2000,strong,4,80,42,1.0,0.0,walk
1735,34.7,1.0,0.0,0.7319463491439819,0.5833181738853455,0.025847988203167915,0.2710150480270386,0,2000,strong,4,80,42,1.0,0.0,walk
1736,34.72,1.0,0.0,0.7287098169326782,0.5961065888404846,0.046068400144577026,0.32091012597084045,0,2000,strong,4,80,42,1.0,0.0,walk
1737,34.74,1.0,0.0,0.7254759073257446,0.6062304377555847,0.06896692514419556,0.2884371280670166,0,2000,strong,4,80,42,1.0,0.0,walk
1738,34.76,1.0,0.0,0.7222698926925659,0.6252544522285461,0.09023582190275192,0.319121778011322,0,2000,strong,4,80,42,1.0,0.0,walk
1739,34.78,1.0,0.0,0.7196551561355591,0.6593923568725586,0.10484050214290619,0.3221081793308258,0,2000,strong,4,80,42,1.0,0.0,walk
1740,34.800000000000004,1.0,0.0,0.717321515083313,0.6989479064941406,0.12133942544460297,0.3553234338760376,0,2000,strong,4,80,42,1.0,0.0,walk
1741,34.82,1.0,0.0,0.7151442766189575,0.7363179922103882,0.14344315230846405,0.3641464412212372,0,2000,strong,4,80,42,1.0,0.0,walk
1742,34.84,1.0,0.0,0.7133640050888062,0.7617106437683105,0.17235702276229858,0.28091615438461304,0,2000,strong,4,80,42,1.0,0.0,walk
1743,34.86,1.0,0.0,0.7124568223953247,0.7719882726669312,0.20400294661521912,0.13388293981552124,0,2000,strong,4,80,42,1.0,0.0,walk
1744,34.88,1.0,0.0,0.7122527360916138,0.7751172184944153,0.23728708922863007,0.019966723397374153,0,2000,strong,4,80,42,1.0,0.0,walk
1745,34.9,1.0,0.0,0.7125464677810669,0.7708272933959961,0.25245335698127747,-0.005840866360813379,0,2000,strong,4,80,42,1.0,0.0,walk
1746,34.92,1.0,0.0,0.7129875421524048,0.7232779264450073,0.18878617882728577,-0.24215811491012573,0,2000,strong,4,80,42,1.0,0.0,walk
1747,34.94,1.0,0.0,0.717532753944397,0.6919584274291992,0.13746698200702667,-0.5117890238761902,0,2000,strong,4,80,42,1.0,0.0,walk
1748,34.96,1.0,0.0,0.7223023176193237,0.6638596653938293,0.10004165023565292,-0.14671047031879425,0,2000,strong,4,80,42,1.0,0.0,walk
1749,34.980000000000004,1.0,0.0,0.7231003046035767,0.6343470811843872,0.07010282576084137,0.5044263005256653,0,2000,strong,4,80,42,1.0,0.0,walk
1750,35.0,1.0,0.0,0.7187439203262329,0.5968332290649414,0.03614864870905876,1.0199999809265137,0,2000,strong,4,80,42,1.0,0.0,walk
1751,35.02,1.0,0.0,0.7098628282546997,0.5971103310585022,0.009420267306268215,1.2137322425842285,0,2000,strong,4,80,42,1.0,0.0,walk
1752,35.04,1.0,0.0,0.7009423971176147,0.6148779988288879,-0.018009014427661896,0.894660472869873,0,2000,strong,4,80,42,1.0,0.0,walk
1753,35.06,1.0,0.0,0.6964772939682007,0.6154277324676514,-0.046204060316085815,0.40977969765663147,0,2000,strong,4,80,42,1.0,0.0,walk
1754,35.08,1.0,0.0,0.6960729360580444,0.6286842823028564,-0.06098417937755585,0.01548854447901249,0,2000,strong,4,80,42,1.0,0.0,walk
1755,35.1,1.0,0.0,0.6984483003616333,0.6301786303520203,-0.07085040211677551,-0.23042291402816772,0,2000,strong,4,80,42,1.0,0.0,walk
1756,35.12,1.0,0.0,0.7019692659378052,0.623616099357605,-0.07599229365587234,-0.30137524008750916,0,2000,strong,4,80,42,1.0,0.0,walk
1757,35.14,1.0,0.0,0.7054921388626099,0.6193511486053467,-0.08730190247297287,-0.2895680069923401,0,2000,strong,4,80,42,1.0,0.0,walk
1758,35.160000000000004,1.0,0.0,0.709990382194519,0.622593104839325,-0.10843410342931747,-0.4207078218460083,0,2000,strong,4,80,42,1.0,0.0,walk
1759,35.18,1.0,0.0,0.7154170274734497,0.6421695351600647,-0.12476937472820282,-0.5277053117752075,0,2000,strong,4,80,42,1.0,0.0,walk
1760,35.2,1.0,0.0,0.7195357084274292,0.6670167446136475,-0.13823074102401733,-0.33802908658981323,0,2000,strong,4,80,42,1.0,0.0,walk
1761,35.22,1.0,0.0,0.7209542989730835,0.7002702355384827,-0.15390068292617798,-0.11941923946142197,0,2000,strong,4,80,42,1.0,0.0,walk
1762,35.24,1.0,0.0,0.7199159860610962,0.7395005822181702,-0.17223118245601654,0.04754780977964401,0,2000,strong,4,80,42,1.0,0.0,walk
1763,35.26,1.0,0.0,0.7170642614364624,0.7826824188232422,-0.1970861256122589,0.1682482659816742,0,2000,strong,4,80,42,1.0,0.0,walk
1764,35.28,1.0,0.0,0.7125850915908813,0.8157978057861328,-0.231505885720253,0.29936903715133667,0,2000,strong,4,80,42,1.0,0.0,walk
1765,35.300000000000004,1.0,0.0,0.7077745199203491,0.8311397433280945,-0.27247411012649536,0.33026283979415894,0,2000,strong,4,80,42,1.0,0.0,walk
1766,35.32,1.0,0.0,0.7031880617141724,0.8343371152877808,-0.3115604817867279,0.38003528118133545,0,2000,strong,4,80,42,1.0,0.0,walk
1767,35.34,1.0,0.0,0.6991599798202515,0.7768956422805786,-0.30213314294815063,-0.2402084767818451,0,2000,strong,4,80,42,1.0,0.0,walk
1768,35.36,1.0,0.0,0.6964918375015259,0.7179651856422424,-0.23340800404548645,0.5688197612762451,0,2000,strong,4,80,42,1.0,0.0,walk
1769,35.38,1.0,0.0,0.6880725622177124,0.6730886697769165,-0.18806631863117218,0.7517421245574951,0,2000,strong,4,80,42,1.0,0.0,walk
1770,35.4,1.0,0.0,0.6801894903182983,0.6468057036399841,-0.16307951509952545,0.45296400785446167,0,2000,strong,4,80,42,1.0,0.0,walk
1771,35.42,1.0,0.0,0.6771372556686401,0.6288172602653503,-0.14205226302146912,-0.171284019947052,0,2000,strong,4,80,42,1.0,0.0,walk
1772,35.44,1.0,0.0,0.6792482137680054,0.6027154922485352,-0.11761628836393356,-0.6232867240905762,0,2000,strong,4,80,42,1.0,0.0,walk
1773,35.46,1.0,0.0,0.6833814382553101,0.5818320512771606,-0.07652248442173004,-0.5905789732933044,0,2000,strong,4,80,42,1.0,0.0,walk
1774,35.480000000000004,1.0,0.0,0.6862798929214478,0.5661611557006836,-0.039216551929712296,-0.3714279234409332,0,2000,strong,4,80,42,1.0,0.0,walk
1775,35.5,1.0,0.0,0.6863890886306763,0.5606405138969421,-0.010330365970730782,-0.028681203722953796,0,2000,strong,4,80,42,1.0,0.0,walk
1776,35.52,1.0,0.0,0.6844760179519653,0.558844268321991,0.006817301269620657,0.15286844968795776,0,2000,strong,4,80,42,1.0,0.0,walk
1777,35.54,1.0,0.0,0.6814042329788208,0.5689445734024048,0.018072696402668953,0.3073420822620392,0,2000,strong,4,80,42,1.0,0.0,walk
1778,35.56,1.0,0.0,0.6776865720748901,0.5801092982292175,0.030505919829010963,0.35869693756103516,0,2000,strong,4,80,42,1.0,0.0,walk
1779,35.58,1.0,0.0,0.6737691164016724,0.5874912142753601,0.05040109157562256,0.3730301856994629,0,2000,strong,4,80,42,1.0,0.0,walk
1780,35.6,1.0,0.0,0.6701046228408813,0.5964518785476685,0.07189301401376724,0.29918479919433594,0,2000,strong,4,80,42,1.0,0.0,walk
1781,35.62,1.0,0.0,0.6672121286392212,0.626288115978241,0.08582812547683716,0.32831692695617676,0,2000,strong,4,80,42,1.0,0.0,walk
1782,35.64,1.0,0.0,0.6645838022232056,0.6636218428611755,0.10026561468839645,0.3547455370426178,0,2000,strong,4,80,42,1.0,0.0,walk
1783,35.660000000000004,1.0,0.0,0.6625157594680786,0.701992392539978,0.11866942048072815,0.3199230134487152,0,2000,strong,4,80,42,1.0,0.0,walk
1784,35.68,1.0,0.0,0.6609922647476196,0.7344344258308411,0.1440323144197464,0.2878279685974121,0,2000,strong,4,80,42,1.0,0.0,walk
1785,35.7,1.0,0.0,0.6600497961044312,0.7514758110046387,0.17474377155303955,0.176855206489563,0,2000,strong,4,80,42,1.0,0.0,walk
1786,35.72,1.0,0.0,0.6598557233810425,0.7563844323158264,0.206687793135643,0.05010184273123741,0,2000,strong,4,80,42,1.0,0.0,walk
1787,35.74,1.0,0.0,0.6601752042770386,0.7598506212234497,0.240256667137146,-0.041031308472156525,0,2000,strong,4,80,42,1.0,0.0,walk
1788,35.76,1.0,0.0,0.6609760522842407,0.7358812093734741,0.2631886303424835,0.07418888807296753,0,2000,strong,4,80,42,1.0,0.0,walk
1789,35.78,1.0,0.0,0.6623963117599487,0.6934877634048462,0.19192808866500854,-0.38704633712768555,0,2000,strong,4,80,42,1.0,0.0,walk
1790,35.800000000000004,1.0,0.0,0.6680968999862671,0.6553525328636169,0.14485833048820496,-0.5243362188339233,0,2000,strong,4,80,42,1.0,0.0,walk
1791,35.82,1.0,0.0,0.6728643178939819,0.618579089641571,0.10917340964078903,-0.03799615055322647,0,2000,strong,4,80,42,1.0,0.0,walk
1792,35.84,1.0,0.0,0.6730645895004272,0.5841389298439026,0.07707369327545166,0.5897163152694702,0,2000,strong,4,80,42,1.0,0.0,walk
1793,35.86,1.0,0.0,0.6676608324050903,0.5531799793243408,0.04300067201256752,1.0962011814117432,0,2000,strong,4,80,42,1.0,0.0,walk
1794,35.88,1.0,0.0,0.6577016115188599,0.5635361075401306,0.019386649131774902,1.2638757228851318,0,2000,strong,4,80,42,1.0,0.0,walk
1795,35.9,1.0,0.0,0.648840069770813,0.5876674652099609,-0.005321730859577656,0.8274370431900024,0,2000,strong,4,80,42,1.0,0.0,walk
1796,35.92,1.0,0.0,0.6445666551589966,0.5880037546157837,-0.031132344156503677,0.39542004466056824,0,2000,strong,4,80,42,1.0,0.0,walk
1797,35.94,1.0,0.0,0.6443778276443481,0.5984090566635132,-0.04627096280455589,-0.032446324825286865,0,2000,strong,4,80,42,1.0,0.0,walk
1798,35.96,1.0,0.0,0.6469863653182983,0.6006863117218018,-0.056908030062913895,-0.26460379362106323,0,2000,strong,4,80,42,1.0,0.0,walk
1799,35.980000000000004,1.0,0.0,0.6504050493240356,0.589424192905426,-0.06104917824268341,-0.3015668988227844,0,2000,strong,4,80,42,1.0,0.0,walk
1800,36.0,1.0,0.0,0.6541420221328735,0.5888534188270569,-0.07180929183959961,-0.32803666591644287,0,2000,strong,4,80,42,1.0,0.0,walk
1801,36.02,1.0,0.0,0.6586605310440063,0.5933413505554199,-0.09186650067567825,-0.4321877062320709,0,2000,strong,4,80,42,1.0,0.0,walk
1802,36.04,1.0,0.0,0.6636050939559937,0.6198065876960754,-0.10867154598236084,-0.49441617727279663,0,2000,strong,4,80,42,1.0,0.0,walk
1803,36.06,1.0,0.0,0.667636513710022,0.6461350321769714,-0.12689208984375,-0.36021578311920166,0,2000,strong,4,80,42,1.0,0.0,walk
1804,36.08,1.0,0.0,0.6689740419387817,0.6806656122207642,-0.1421135663986206,-0.12210720777511597,0,2000,strong,4,80,42,1.0,0.0,walk
1805,36.1,1.0,0.0,0.6679869890213013,0.7211617231369019,-0.16114133596420288,0.016508599743247032,0,2000,strong,4,80,42,1.0,0.0,walk
1806,36.12,1.0,0.0,0.6651374101638794,0.7603558897972107,-0.18731120228767395,0.1751607060432434,0,2000,strong,4,80,42,1.0,0.0,walk
1807,36.14,1.0,0.0,0.6604317426681519,0.7852833271026611,-0.22366252541542053,0.3265755772590637,0,2000,strong,4,80,42,1.0,0.0,walk
1808,36.160000000000004,1.0,0.0,0.6559246778488159,0.794959545135498,-0.2644273340702057,0.2945844829082489,0,2000,strong,4,80,42,1.0,0.0,walk
1809,36.18,1.0,0.0,0.6519461870193481,0.7973105311393738,-0.30146509408950806,0.31592321395874023,0,2000,strong,4,80,42,1.0,0.0,walk
1810,36.2,1.0,0.0,0.6498790979385376,0.727959156036377,-0.2662210464477539,-0.12944002449512482,0,2000,strong,4,80,42,1.0,0.0,walk
1811,36.22,1.0,0.0,0.6460226774215698,0.6843997240066528,-0.20406995713710785,0.5712931156158447,0,2000,strong,4,80,42,1.0,0.0,walk
1812,36.24,1.0,0.0,0.6376656293869019,0.6470996737480164,-0.16493526101112366,0.7039586305618286,0,2000,strong,4,80,42,1.0,0.0,walk
1813,36.26,1.0,0.0,0.6307450532913208,0.6253623366355896,-0.14197830855846405,0.3126034736633301,0,2000,strong,4,80,42,1.0,0.0,walk
1814,36.28,1.0,0.0,0.6287761926651001,0.6055418848991394,-0.1204894408583641,-0.2628995180130005,0,2000,strong,4,80,42,1.0,0.0,walk
1815,36.300000000000004,1.0,0.0,0.6315010786056519,0.5803664326667786,-0.09142304956912994,-0.6359084844589233,0,2000,strong,4,80,42,1.0,0.0,walk
1816,36.32,1.0,0.0,0.6353529691696167,0.5662392377853394,-0.0505019873380661,-0.5022163987159729,0,2000,strong,4,80,42,1.0,0.0,walk
1817,36.34,1.0,0.0,0.6373363733291626,0.5541951060295105,-0.015150670893490314,-0.27146732807159424,0,2000,strong,4,80,42,1.0,0.0,walk
1818,36.36,1.0,0.0,0.6369947195053101,0.5544103384017944,0.010761572048068047,0.007274362724274397,0,2000,strong,4,80,42,1.0,0.0,walk
1819,36.38,1.0,0.0,0.6352008581161499,0.55893474817276,0.028044454753398895,0.1527031660079956,0,2000,strong,4,80,42,1.0,0.0,walk
1820,36.4,1.0,0.0,0.6327067613601685,0.5731102824211121,0.03949149325489998,0.2567387819290161,0,2000,strong,4,80,42,1.0,0.0,walk
1821,36.42,1.0,0.0,0.6295720338821411,0.5855616927146912,0.05744031444191933,0.3219199776649475,0,2000,strong,4,80,42,1.0,0.0,walk
1822,36.44,1.0,0.0,0.6261743307113647,0.5969146490097046,0.08100462704896927,0.3176884651184082,0,2000,strong,4,80,42,1.0,0.0,walk
1823,36.46,1.0,0.0,0.6230145692825317,0.6137580871582031,0.10180463641881943,0.29392731189727783,0,2000,strong,4,80,42,1.0,0.0,walk
1824,36.480000000000004,1.0,0.0,0.6204758882522583,0.6467245221138,0.11726530641317368,0.31381937861442566,0,2000,strong,4,80,42,1.0,0.0,walk
1825,36.5,1.0,0.0,0.6182714700698853,0.6864475607872009,0.133563831448555,0.33193349838256836,0,2000,strong,4,80,42,1.0,0.0,walk
1826,36.52,1.0,0.0,0.6163803339004517,0.7242811918258667,0.15548767149448395,0.33414435386657715,0,2000,strong,4,80,42,1.0,0.0,walk
1827,36.54,1.0,0.0,0.6147657632827759,0.7504770755767822,0.18506377935409546,0.2752368152141571,0,2000,strong,4,80,42,1.0,0.0,walk
1828,36.56,1.0,0.0,0.6139646768569946,0.7621129155158997,0.21702159941196442,0.1277347356081009,0,2000,strong,4,80,42,1.0,0.0,walk
1829,36.58,1.0,0.0,0.6139036417007446,0.7654523849487305,0.2508206069469452,0.009135865606367588,0,2000,strong,4,80,42,1.0,0.0,walk
1830,36.6,1.0,0.0,0.6142317056655884,0.7686251997947693,0.2739790678024292,-0.0962798148393631,0,2000,strong,4,80,42,1.0,0.0,walk
1831,36.62,1.0,0.0,0.6145130395889282,0.7045522928237915,0.21761120855808258,-0.22065651416778564,0,2000,strong,4,80,42,1.0,0.0,walk
1832,36.64,1.0,0.0,0.6191538572311401,0.6690845489501953,0.16398602724075317,-0.5454995632171631,0,2000,strong,4,80,42,1.0,0.0,walk
1833,36.660000000000004,1.0,0.0,0.6242567300796509,0.6357434988021851,0.12530061602592468,-0.19862981140613556,0,2000,strong,4,80,42,1.0,0.0,walk
1834,36.68,1.0,0.0,0.6253658533096313,0.6020655632019043,0.09502818435430527,0.46521779894828796,0,2000,strong,4,80,42,1.0,0.0,walk
1835,36.7,1.0,0.0,0.6206773519515991,0.5802620053291321,0.06133102998137474,1.036985158920288,0,2000,strong,4,80,42,1.0,0.0,walk
1836,36.72,1.0,0.0,0.6118241548538208,0.5666713714599609,0.030894050374627113,1.229356050491333,0,2000,strong,4,80,42,1.0,0.0,walk
1837,36.74,1.0,0.0,0.6028977632522583,0.5716147422790527,0.0020034422632306814,0.9612574577331543,0,2000,strong,4,80,42,1.0,0.0,walk
1838,36.76,1.0,0.0,0.597373366355896,0.5903711318969727,-0.019944120198488235,0.4745004177093506,0,2000,strong,4,80,42,1.0,0.0,walk
1839,36.78,1.0,0.0,0.596406102180481,0.6004102230072021,-0.03418392315506935,0.03554097190499306,0,2000,strong,4,80,42,1.0,0.0,walk
1840,36.800000000000004,1.0,0.0,0.5987240076065063,0.5959515571594238,-0.04456101730465889,-0.23926037549972534,0,2000,strong,4,80,42,1.0,0.0,walk
1841,36.82,1.0,0.0,0.6032329797744751,0.5886340141296387,-0.05501754954457283,-0.44541728496551514,0,2000,strong,4,80,42,1.0,0.0,walk
1842,36.84,1.0,0.0,0.6085439920425415,0.5858209729194641,-0.06278777122497559,-0.4972720742225647,0,2000,strong,4,80,42,1.0,0.0,walk
1843,36.86,1.0,0.0,0.6140578985214233,0.5851454138755798,-0.08025503158569336,-0.47893500328063965,0,2000,strong,4,80,42,1.0,0.0,walk
1844,36.88,1.0,0.0,0.6193324327468872,0.5982232689857483,-0.09741899371147156,-0.4900658130645752,0,2000,strong,4,80,42,1.0,0.0,walk
1845,36.9,1.0,0.0,0.6236006021499634,0.6225014925003052,-0.11415153741836548,-0.3652418851852417,0,2000,strong,4,80,42,1.0,0.0,walk
1846,36.92,1.0,0.0,0.6254557371139526,0.655905544757843,-0.1295860856771469,-0.1475427895784378,0,2000,strong,4,80,42,1.0,0.0,walk
1847,36.94,1.0,0.0,0.6245800256729126,0.6947053074836731,-0.1460680216550827,0.04807831346988678,0,2000,strong,4,80,42,1.0,0.0,walk
1848,36.96,1.0,0.0,0.621658205986023,0.7367194890975952,-0.16915960609912872,0.17032214999198914,0,2000,strong,4,80,42,1.0,0.0,walk
1849,36.980000000000004,1.0,0.0,0.6172217130661011,0.7713093757629395,-0.20120641589164734,0.28249675035476685,0,2000,strong,4,80,42,1.0,0.0,walk
1850,37.0,1.0,0.0,0.6125694513320923,0.7882598638534546,-0.23958787322044373,0.2982672452926636,0,2000,strong,4,80,42,1.0,0.0,walk
1851,37.02,1.0,0.0,0.608260989189148,0.7917028069496155,-0.27632901072502136,0.3320896625518799,0,2000,strong,4,80,42,1.0,0.0,walk
1852,37.04,1.0,0.0,0.6042898893356323,0.7797160148620605,-0.3054714500904083,0.1578814685344696,0,2000,strong,4,80,42,1.0,0.0,walk
1853,37.06,1.0,0.0,0.6026962995529175,0.701299786567688,-0.2214009016752243,0.41879189014434814,0,2000,strong,4,80,42,1.0,0.0,walk
1854,37.08,1.0,0.0,0.5949593782424927,0.6619458794593811,-0.17787906527519226,0.7403837442398071,0,2000,strong,4,80,42,1.0,0.0,walk
1855,37.1,1.0,0.0,0.5865505933761597,0.6360755562782288,-0.15150180459022522,0.5484104156494141,0,2000,strong,4,80,42,1.0,0.0,walk
1856,37.12,1.0,0.0,0.5821408033370972,0.6191720366477966,-0.13099126517772675,-0.016021400690078735,0,2000,strong,4,80,42,1.0,0.0,walk
1857,37.14,1.0,0.0,0.5823527574539185,0.598028302192688,-0.10670966655015945,-0.40883177518844604,0,2000,strong,4,80,42,1.0,0.0,walk
1858,37.160000000000004,1.0,0.0,0.5853163003921509,0.5795970559120178,-0.07388802617788315,-0.5349055528640747,0,2000,strong,4,80,42,1.0,0.0,walk
1859,37.18,1.0,0.0,0.5881515741348267,0.5685489177703857,-0.040178775787353516,-0.37521401047706604,0,2000,strong,4,80,42,1.0,0.0,walk
1860,37.2,1.0,0.0,0.5890485048294067,0.5588151216506958,-0.009011681191623211,-0.14578762650489807,0,2000,strong,4,80,42,1.0,0.0,walk
1861,37.22,1.0,0.0,0.5881365537643433,0.560505747795105,0.01088794693350792,0.07303508371114731,0,2000,strong,4,80,42,1.0,0.0,walk
1862,37.24,1.0,0.0,0.5860592126846313,0.5675463080406189,0.02462090365588665,0.1845446527004242,0,2000,strong,4,80,42,1.0,0.0,walk
1863,37.26,1.0,0.0,0.5834428071975708,0.5751994252204895,0.04075542464852333,0.253986120223999,0,2000,strong,4,80,42,1.0,0.0,walk
1864,37.28,1.0,0.0,0.580762505531311,0.5890983939170837,0.06138307601213455,0.2523832321166992,0,2000,strong,4,80,42,1.0,0.0,walk
1865,37.300000000000004,1.0,0.0,0.5780500173568726,0.6021946668624878,0.08335880190134048,0.2645450830459595,0,2000,strong,4,80,42,1.0,0.0,walk
1866,37.32,1.0,0.0,0.5754462480545044,0.6269575357437134,0.10291197150945663,0.2677046060562134,0,2000,strong,4,80,42,1.0,0.0,walk
1867,37.34,1.0,0.0,0.5735501050949097,0.6642621755599976,0.11790594458580017,0.26808685064315796,0,2000,strong,4,80,42,1.0,0.0,walk
1868,37.36,1.0,0.0,0.5718404054641724,0.7055584788322449,0.1359865516424179,0.3169059753417969,0,2000,strong,4,80,42,1.0,0.0,walk
1869,37.38,1.0,0.0,0.5701390504837036,0.7385256886482239,0.16069456934928894,0.30875086784362793,0,2000,strong,4,80,42,1.0,0.0,walk
1870,37.4,1.0,0.0,0.5689407587051392,0.7575842142105103,0.19041652977466583,0.20068299770355225,0,2000,strong,4,80,42,1.0,0.0,walk
1871,37.42,1.0,0.0,0.5685969591140747,0.7644844055175781,0.22245889902114868,0.05454600602388382,0,2000,strong,4,80,42,1.0,0.0,walk
1872,37.44,1.0,0.0,0.5687531232833862,0.7676761746406555,0.254646897315979,0.012802977114915848,0,2000,strong,4,80,42,1.0,0.0,walk
1873,37.46,1.0,0.0,0.5690428018569946,0.7325374484062195,0.2407812625169754,0.10228688269853592,0,2000,strong,4,80,42,1.0,0.0,walk
1874,37.480000000000004,1.0,0.0,0.5713340044021606,0.6934874653816223,0.18280187249183655,-0.48486343026161194,0,2000,strong,4,80,42,1.0,0.0,walk
1875,37.5,1.0,0.0,0.5773767232894897,0.6575213074684143,0.1366897076368332,-0.4755215048789978,0,2000,strong,4,80,42,1.0,0.0,walk
1876,37.52,1.0,0.0,0.5813227891921997,0.6218181252479553,0.10278915613889694,0.07302874326705933,0,2000,strong,4,80,42,1.0,0.0,walk
1877,37.54,1.0,0.0,0.5799018144607544,0.5919737815856934,0.06968343257904053,0.755026638507843,0,2000,strong,4,80,42,1.0,0.0,walk
1878,37.56,1.0,0.0,0.5732215642929077,0.5671032667160034,0.042967718094587326,1.1473428010940552,0,2000,strong,4,80,42,1.0,0.0,walk
1879,37.58,1.0,0.0,0.5639244318008423,0.564079999923706,0.013133484870195389,1.1263810396194458,0,2000,strong,4,80,42,1.0,0.0,walk
1880,37.6,1.0,0.0,0.5567711591720581,0.580070972442627,-0.01580033078789711,0.6577321290969849,0,2000,strong,4,80,42,1.0,0.0,walk
1881,37.62,1.0,0.0,0.554301381111145,0.5898377895355225,-0.03602669760584831,0.20628061890602112,0,2000,strong,4,80,42,1.0,0.0,walk
1882,37.64,1.0,0.0,0.555404782295227,0.5901603698730469,-0.04722852632403374,-0.13744385540485382,0,2000,strong,4,80,42,1.0,0.0,walk
1883,37.660000000000004,1.0,0.0,0.5593248605728149,0.5866422653198242,-0.05699378624558449,-0.39617598056793213,0,2000,strong,4,80,42,1.0,0.0,walk
1884,37.68,1.0,0.0,0.5639854669570923,0.584656834602356,-0.060702212154865265,-0.4376993775367737,0,2000,strong,4,80,42,1.0,0.0,walk
1885,37.7,1.0,0.0,0.5692895650863647,0.5813512206077576,-0.07957977056503296,-0.46033817529678345,0,2000,strong,4,80,42,1.0,0.0,walk
1886,37.72,1.0,0.0,0.5747979879379272,0.5889004468917847,-0.09704642742872238,-0.5109647512435913,0,2000,strong,4,80,42,1.0,0.0,walk
1887,37.74,1.0,0.0,0.5795866250991821,0.6100091934204102,-0.11525134742259979,-0.40453794598579407,0,2000,strong,4,80,42,1.0,0.0,walk
1888,37.76,1.0,0.0,0.5821295976638794,0.6408676505088806,-0.13249722123146057,-0.20333939790725708,0,2000,strong,4,80,42,1.0,0.0,walk
1889,37.78,1.0,0.0,0.5820859670639038,0.6785571575164795,-0.14930009841918945,-0.013529541902244091,0,2000,strong,4,80,42,1.0,0.0,walk
1890,37.800000000000004,1.0,0.0,0.5802241563796997,0.7203162908554077,-0.17155514657497406,0.0849146619439125,0,2000,strong,4,80,42,1.0,0.0,walk
1891,37.82,1.0,0.0,0.5767225027084351,0.7610345482826233,-0.19998396933078766,0.2064785361289978,0,2000,strong,4,80,42,1.0,0.0,walk
1892,37.84,1.0,0.0,0.5724607706069946,0.786534309387207,-0.23869331181049347,0.2549535632133484,0,2000,strong,4,80,42,1.0,0.0,walk
1893,37.86,1.0,0.0,0.5684202909469604,0.7963351011276245,-0.27763131260871887,0.27102285623550415,0,2000,strong,4,80,42,1.0,0.0,walk
1894,37.88,1.0,0.0,0.5648630857467651,0.7974568009376526,-0.3140510618686676,0.2556442618370056,0,2000,strong,4,80,42,1.0,0.0,walk
1895,37.9,1.0,0.0,0.5636399984359741,0.7238155007362366,-0.26158711314201355,0.10641705989837646,0,2000,strong,4,80,42,1.0,0.0,walk
1896,37.92,1.0,0.0,0.5586117506027222,0.6749171018600464,-0.2069413661956787,0.610893964767456,0,2000,strong,4,80,42,1.0,0.0,walk
1897,37.94,1.0,0.0,0.5504826307296753,0.6419273614883423,-0.1702103465795517,0.6263952255249023,0,2000,strong,4,80,42,1.0,0.0,walk
1898,37.96,1.0,0.0,0.5445619821548462,0.6184702515602112,-0.1477336585521698,0.17786577343940735,0,2000,strong,4,80,42,1.0,0.0,walk
1899,37.980000000000004,1.0,0.0,0.5432294607162476,0.5950842499732971,-0.12846557796001434,-0.3090081810951233,0,2000,strong,4,80,42,1.0,0.0,walk
1900,38.0,1.0,0.0,0.5457040071487427,0.5737051367759705,-0.0961124524474144,-0.5704975128173828,0,2000,strong,4,80,42,1.0,0.0,walk
1901,38.02,1.0,0.0,0.5491684675216675,0.558194637298584,-0.05727045238018036,-0.47854647040367126,0,2000,strong,4,80,42,1.0,0.0,walk
1902,38.04,1.0,0.0,0.5505450963973999,0.5479857921600342,-0.024808399379253387,-0.1813647449016571,0,2000,strong,4,80,42,1.0,0.0,walk
1903,38.06,1.0,0.0,0.5495411157608032,0.546390950679779,-0.0008056672522798181,0.06165606155991554,0,2000,strong,4,80,42,1.0,0.0,walk
1904,38.08,1.0,0.0,0.5474425554275513,0.5527275800704956,0.012390964664518833,0.15794454514980316,0,2000,strong,4,80,42,1.0,0.0,walk
1905,38.1,1.0,0.0,0.5449506044387817,0.5648690462112427,0.02599780447781086,0.24913036823272705,0,2000,strong,4,80,42,1.0,0.0,walk
1906,38.12,1.0,0.0,0.5417529344558716,0.5783010721206665,0.04686211422085762,0.3029278516769409,0,2000,strong,4,80,42,1.0,0.0,walk
1907,38.14,1.0,0.0,0.538702130317688,0.5897623300552368,0.06821804493665695,0.25608980655670166,0,2000,strong,4,80,42,1.0,0.0,walk
1908,38.160000000000004,1.0,0.0,0.5359641313552856,0.6117667555809021,0.08779683709144592,0.26969513297080994,0,2000,strong,4,80,42,1.0,0.0,walk
1909,38.18,1.0,0.0,0.5339950323104858,0.645200252532959,0.10215937346220016,0.2467363178730011,0,2000,strong,4,80,42,1.0,0.0,walk
1910,38.2,1.0,0.0,0.5323072671890259,0.6828299164772034,0.11971843987703323,0.2819185256958008,0,2000,strong,4,80,42,1.0,0.0,walk
1911,38.22,1.0,0.0,0.5307973623275757,0.7191665172576904,0.1410561352968216,0.2874141037464142,0,2000,strong,4,80,42,1.0,0.0,walk
1912,38.24,1.0,0.0,0.5298300981521606,0.745175302028656,0.16766400635242462,0.20913079380989075,0,2000,strong,4,80,42,1.0,0.0,walk
1913,38.26,1.0,0.0,0.5294481515884399,0.7585477828979492,0.19849230349063873,0.12071218341588974,0,2000,strong,4,80,42,1.0,0.0,walk
1914,38.28,1.0,0.0,0.5292021036148071,0.7655672430992126,0.2312462478876114,0.07166585326194763,0,2000,strong,4,80,42,1.0,0.0,walk
1915,38.300000000000004,1.0,0.0,0.5289541482925415,0.7693755030632019,0.2563994526863098,-0.0031213569454848766,0,2000,strong,4,80,42,1.0,0.0,walk
1916,38.32,1.0,0.0,0.5291184186935425,0.7118173241615295,0.20471607148647308,-0.20788909494876862,0,2000,strong,4,80,42,1.0,0.0,walk
1917,38.34,1.0,0.0,0.5339547395706177,0.6725692749023438,0.15466760098934174,-0.5704615116119385,0,2000,strong,4,80,42,1.0,0.0,walk
1918,38.36,1.0,0.0,0.5395556688308716,0.6359381079673767,0.11718019098043442,-0.25245201587677,0,2000,strong,4,80,42,1.0,0.0,walk
1919,38.38,1.0,0.0,0.5411931276321411,0.6007305383682251,0.08905157446861267,0.4096139967441559,0,2000,strong,4,80,42,1.0,0.0,walk
1920,38.4,1.0,0.0,0.5369402170181274,0.5790567398071289,0.057300910353660583,0.9910752177238464,0,2000,strong,4,80,42,1.0,0.0,walk
1921,38.42,1.0,0.0,0.5284625291824341,0.5656471848487854,0.029051607474684715,1.2038241624832153,0,2000,strong,4,80,42,1.0,0.0,walk
1922,38.44,1.0,0.0,0.5196524858474731,0.5710979104042053,-0.0007966668927110732,0.9696682095527649,0,2000,strong,4,80,42,1.0,0.0,walk
1923,38.46,1.0,0.0,0.5139199495315552,0.5909074544906616,-0.023401787504553795,0.5079509019851685,0,2000,strong,4,80,42,1.0,0.0,walk
1924,38.480000000000004,1.0,0.0,0.512576699256897,0.6029979586601257,-0.0377839133143425,0.07487605512142181,0,2000,strong,4,80,42,1.0,0.0,walk
1925,38.5,1.0,0.0,0.5145467519760132,0.5997341275215149,-0.04802907258272171,-0.21349038183689117,0,2000,strong,4,80,42,1.0,0.0,walk
1926,38.52,1.0,0.0,0.5188926458358765,0.5968033671379089,-0.05720547214150429,-0.4433128833770752,0,2000,strong,4,80,42,1.0,0.0,walk
1927,38.54,1.0,0.0,0.5241647958755493,0.5966532230377197,-0.06452464312314987,-0.5031577944755554,0,2000,strong,4,80,42,1.0,0.0,walk
1928,38.56,1.0,0.0,0.5299621820449829,0.5965558290481567,-0.0836063101887703,-0.5141055583953857,0,2000,strong,4,80,42,1.0,0.0,walk
1929,38.58,1.0,0.0,0.5354675054550171,0.6104838252067566,-0.09965820610523224,-0.5120016932487488,0,2000,strong,4,80,42,1.0,0.0,walk
1930,38.6,1.0,0.0,0.539897084236145,0.6355274319648743,-0.11731339991092682,-0.37743067741394043,0,2000,strong,4,80,42,1.0,0.0,walk
1931,38.62,1.0,0.0,0.5417767763137817,0.670662522315979,-0.13180947303771973,-0.15035590529441833,0,2000,strong,4,80,42,1.0,0.0,walk
1932,38.64,1.0,0.0,0.5410972833633423,0.7113053202629089,-0.14935222268104553,0.02140156179666519,0,2000,strong,4,80,42,1.0,0.0,walk
1933,38.660000000000004,1.0,0.0,0.5386594533920288,0.7553896307945251,-0.17245279252529144,0.11855953931808472,0,2000,strong,4,80,42,1.0,0.0,walk
1934,38.68,1.0,0.0,0.5349875688552856,0.7921393513679504,-0.2047664225101471,0.2085113525390625,0,2000,strong,4,80,42,1.0,0.0,walk
1935,38.7,1.0,0.0,0.531232476234436,0.811234176158905,-0.24312204122543335,0.21843619644641876,0,2000,strong,4,80,42,1.0,0.0,walk
1936,38.72,1.0,0.0,0.5275241136550903,0.8160261511802673,-0.27899855375289917,0.2907085418701172,0,2000,strong,4,80,42,1.0,0.0,walk
1937,38.74,1.0,0.0,0.523966908454895,0.7813547253608704,-0.28120964765548706,-0.1564314067363739,0,2000,strong,4,80,42,1.0,0.0,walk
1938,38.76,1.0,0.0,0.5223950147628784,0.713945209980011,-0.21300850808620453,0.4465082287788391,0,2000,strong,4,80,42,1.0,0.0,walk
1939,38.78,1.0,0.0,0.5147663354873657,0.6705604195594788,-0.16824187338352203,0.7015870809555054,0,2000,strong,4,80,42,1.0,0.0,walk
1940,38.800000000000004,1.0,0.0,0.507123589515686,0.6420592069625854,-0.14306747913360596,0.44526416063308716,0,2000,strong,4,80,42,1.0,0.0,walk
1941,38.82,1.0,0.0,0.5036786794662476,0.6255368590354919,-0.12359423190355301,-0.12177350372076035,0,2000,strong,4,80,42,1.0,0.0,walk
1942,38.84,1.0,0.0,0.5052284002304077,0.6033392548561096,-0.10105755180120468,-0.5599257946014404,0,2000,strong,4,80,42,1.0,0.0,walk
1943,38.86,1.0,0.0,0.5089908838272095,0.5852199196815491,-0.06255749613046646,-0.5704216361045837,0,2000,strong,4,80,42,1.0,0.0,walk
1944,38.88,1.0,0.0,0.5118690729141235,0.5719939470291138,-0.028074437752366066,-0.3761860728263855,0,2000,strong,4,80,42,1.0,0.0,walk
1945,38.9,1.0,0.0,0.5121265649795532,0.5635730028152466,0.0027421414852142334,-0.04925701767206192,0,2000,strong,4,80,42,1.0,0.0,walk
1946,38.92,1.0,0.0,0.5102521181106567,0.5637027621269226,0.020895756781101227,0.15152178704738617,0,2000,strong,4,80,42,1.0,0.0,walk
1947,38.94,1.0,0.0,0.507351279258728,0.5724999308586121,0.032791998237371445,0.2550481855869293,0,2000,strong,4,80,42,1.0,0.0,walk
1948,38.96,1.0,0.0,0.5042167901992798,0.5806782245635986,0.04700208455324173,0.28705137968063354,0,2000,strong,4,80,42,1.0,0.0,walk
1949,38.980000000000004,1.0,0.0,0.5012220144271851,0.5915149450302124,0.06721965223550797,0.2712523341178894,0,2000,strong,4,80,42,1.0,0.0,walk
1950,39.0,1.0,0.0,0.49844419956207275,0.6018543243408203,0.08990238606929779,0.23103970289230347,0,2000,strong,4,80,42,1.0,0.0,walk
1951,39.02,1.0,0.0,0.4962958097457886,0.6292869448661804,0.10760460048913956,0.22894632816314697,0,2000,strong,4,80,42,1.0,0.0,walk
1952,39.04,1.0,0.0,0.4947150945663452,0.6679964661598206,0.12272388488054276,0.24674151837825775,0,2000,strong,4,80,42,1.0,0.0,walk
1953,39.06,1.0,0.0,0.49336564540863037,0.7086465954780579,0.14176638424396515,0.26913681626319885,0,2000,strong,4,80,42,1.0,0.0,walk
1954,39.08,1.0,0.0,0.49238693714141846,0.7412119507789612,0.1672673523426056,0.23261211812496185,0,2000,strong,4,80,42,1.0,0.0,walk
1955,39.1,1.0,0.0,0.4921146631240845,0.7588261961936951,0.19854837656021118,0.11019201576709747,0,2000,strong,4,80,42,1.0,0.0,walk
1956,39.12,1.0,0.0,0.49255049228668213,0.765294075012207,0.2322719246149063,-0.0023279902525246143,0,2000,strong,4,80,42,1.0,0.0,walk
1957,39.14,1.0,0.0,0.493169903755188,0.7688647508621216,0.2661898732185364,-0.01951473020017147,0,2000,strong,4,80,42,1.0,0.0,walk
1958,39.160000000000004,1.0,0.0,0.4935363531112671,0.738963782787323,0.2584177851676941,0.13579607009887695,0,2000,strong,4,80,42,1.0,0.0,walk
1959,39.18,1.0,0.0,0.49562084674835205,0.6913101077079773,0.1960865706205368,-0.4978885054588318,0,2000,strong,4,80,42,1.0,0.0,walk
1960,39.2,1.0,0.0,0.50184166431427,0.6506958603858948,0.1489725410938263,-0.486890584230423,0,2000,strong,4,80,42,1.0,0.0,walk
1961,39.22,1.0,0.0,0.5059727430343628,0.6116655468940735,0.11388371139764786,0.05653674155473709,0,2000,strong,4,80,42,1.0,0.0,walk
1962,39.24,1.0,0.0,0.504766583442688,0.580025315284729,0.0809013769030571,0.7252405285835266,0,2000,strong,4,80,42,1.0,0.0,walk
1963,39.26,1.0,0.0,0.49844086170196533,0.5527710318565369,0.057311926037073135,1.0738091468811035,0,2000,strong,4,80,42,1.0,0.0,walk
1964,39.28,1.0,0.0,0.48960816860198975,0.5503453016281128,0.028756659477949142,1.0717593431472778,0,2000,strong,4,80,42,1.0,0.0,walk
1965,39.300000000000004,1.0,0.0,0.48292076587677,0.5674217343330383,0.0014858006034046412,0.6138156652450562,0,2000,strong,4,80,42,1.0,0.0,walk
1966,39.32,1.0,0.0,0.48089373111724854,0.5761415958404541,-0.018923485651612282,0.16450423002243042,0,2000,strong,4,80,42,1.0,0.0,walk
1967,39.34,1.0,0.0,0.4823843240737915,0.5756162405014038,-0.03155797719955444,-0.16768401861190796,0,2000,strong,4,80,42,1.0,0.0,walk
1968,39.36,1.0,0.0,0.4865771532058716,0.5700880885124207,-0.042514558881521225,-0.4129006862640381,0,2000,strong,4,80,42,1.0,0.0,walk
1969,39.38,1.0,0.0,0.49124348163604736,0.5685686469078064,-0.045050300657749176,-0.42564380168914795,0,2000,strong,4,80,42,1.0,0.0,walk
1970,39.4,1.0,0.0,0.4963773488998413,0.5643028020858765,-0.06347870826721191,-0.4339102804660797,0,2000,strong,4,80,42,1.0,0.0,walk
1971,39.42,1.0,0.0,0.5016273260116577,0.5708852410316467,-0.08155769854784012,-0.48467040061950684,0,2000,strong,4,80,42,1.0,0.0,walk
1972,39.44,1.0,0.0,0.5063790082931519,0.5911012291908264,-0.10032542049884796,-0.4124276638031006,0,2000,strong,4,80,42,1.0,0.0,walk
1973,39.46,1.0,0.0,0.5090881586074829,0.6218043565750122,-0.11600502580404282,-0.2244395613670349,0,2000,strong,4,80,42,1.0,0.0,walk
1974,39.480000000000004,1.0,0.0,0.5091193914413452,0.6581313014030457,-0.13095618784427643,-0.018736984580755234,0,2000,strong,4,80,42,1.0,0.0,walk
1975,39.5,1.0,0.0,0.5074716806411743,0.7002114057540894,-0.1511870175600052,0.0535757839679718,0,2000,strong,4,80,42,1.0,0.0,walk
1976,39.52,1.0,0.0,0.5043975114822388,0.7412480115890503,-0.17807148396968842,0.15351170301437378,0,2000,strong,4,80,42,1.0,0.0,walk
1977,39.54,1.0,0.0,0.5006934404373169,0.7665889859199524,-0.21544408798217773,0.19434408843517303,0,2000,strong,4,80,42,1.0,0.0,walk
1978,39.56,1.0,0.0,0.49736011028289795,0.7759718298912048,-0.252920001745224,0.19485633075237274,0,2000,strong,4,80,42,1.0,0.0,walk
1979,39.58,1.0,0.0,0.4944189786911011,0.7778757810592651,-0.28936997056007385,0.22082757949829102,0,2000,strong,4,80,42,1.0,0.0,walk
1980,39.6,1.0,0.0,0.49323976039886475,0.7045361399650574,-0.24971963465213776,-0.18058648705482483,0,2000,strong,4,80,42,1.0,0.0,walk
1981,39.62,1.0,0.0,0.48961079120635986,0.6651583313941956,-0.19706307351589203,0.5450911521911621,0,2000,strong,4,80,42,1.0,0.0,walk
1982,39.64,1.0,0.0,0.48169219493865967,0.6304633021354675,-0.1575779914855957,0.6660011410713196,0,2000,strong,4,80,42,1.0,0.0,walk
1983,39.660000000000004,1.0,0.0,0.4751049280166626,0.6087257862091064,-0.13553854823112488,0.2728492021560669,0,2000,strong,4,80,42,1.0,0.0,walk
1984,39.68,1.0,0.0,0.4733976125717163,0.5919365286827087,-0.11543392390012741,-0.2828378975391388,0,2000,strong,4,80,42,1.0,0.0,walk
1985,39.7,1.0,0.0,0.476204514503479,0.5677561163902283,-0.08860298991203308,-0.6422211527824402,0,2000,strong,4,80,42,1.0,0.0,walk
1986,39.72,1.0,0.0,0.48001182079315186,0.5550495386123657,-0.04801170527935028,-0.49663370847702026,0,2000,strong,4,80,42,1.0,0.0,walk
1987,39.74,1.0,0.0,0.4819589853286743,0.5433192253112793,-0.014418905600905418,-0.269115149974823,0,2000,strong,4,80,42,1.0,0.0,walk
1988,39.76,1.0,0.0,0.4815319776535034,0.5432831048965454,0.010493423789739609,0.013187894597649574,0,2000,strong,4,80,42,1.0,0.0,walk
1989,39.78,1.0,0.0,0.4796546697616577,0.5456271171569824,0.028250934556126595,0.15136978030204773,0,2000,strong,4,80,42,1.0,0.0,walk
1990,39.800000000000004,1.0,0.0,0.4771527051925659,0.5581787824630737,0.03976355120539665,0.24663814902305603,0,2000,strong,4,80,42,1.0,0.0,walk
1991,39.82,1.0,0.0,0.4741266965866089,0.5690874457359314,0.056435298174619675,0.3080684244632721,0,2000,strong,4,80,42,1.0,0.0,walk
1992,39.84,1.0,0.0,0.4707757234573364,0.578647792339325,0.07998520880937576,0.3060781955718994,0,2000,strong,4,80,42,1.0,0.0,walk
1993,39.86,1.0,0.0,0.4679378271102905,0.5936949849128723,0.09998921304941177,0.24563512206077576,0,2000,strong,4,80,42,1.0,0.0,walk
1994,39.88,1.0,0.0,0.46582019329071045,0.6245869994163513,0.11597291380167007,0.26831018924713135,0,2000,strong,4,80,42,1.0,0.0,walk
1995,39.9,1.0,0.0,0.4641200304031372,0.6630417704582214,0.13211658596992493,0.2687443494796753,0,2000,strong,4,80,42,1.0,0.0,walk
1996,39.92,1.0,0.0,0.46288836002349854,0.6996656060218811,0.15343785285949707,0.2627696394920349,0,2000,strong,4,80,42,1.0,0.0,walk
1997,39.94,1.0,0.0,0.4620414972305298,0.7260046005249023,0.1822165995836258,0.20400817692279816,0,2000,strong,4,80,42,1.0,0.0,walk
1998,39.96,1.0,0.0,0.4620140790939331,0.7384400963783264,0.21403993666172028,0.06716318428516388,0,2000,strong,4,80,42,1.0,0.0,walk
1999,39.980000000000004,1.0,0.0,-1.3177984952926636,-0.4408535361289978,0.5005143284797668,-0.3741647005081177,0,2000,strong,4,80,42,1.0,0.0,walk
