step,time_s,vx_cmd,vy_cmd,yaw_cmd,vx_actual,vy_actual,yaw_actual,fell,episode_steps,policy,delay_steps,delay_ms,seed,lin_vel_x,lin_vel_y,task
0,0.0,1.0,0.0,-1.036807894706726,0.21711595356464386,-0.40966281294822693,0.5814534425735474,0,2000,comp,4,80,42,1.0,0.0,walk_delay_comp
1,0.02,1.0,0.0,-1.0434657335281372,0.15585647523403168,-0.4409131705760956,0.8359399437904358,0,2000,comp,4,80,42,1.0,0.0,walk_delay_comp
2,0.04,1.0,0.0,-1.0534651279449463,0.10893864929676056,-0.44716688990592957,1.0689849853515625,0,2000,comp,4,80,42,1.0,0.0,walk_delay_comp
3,0.06,1.0,0.0,-1.063903570175171,0.09261461347341537,-0.44841697812080383,0.9621803760528564,0,2000,comp,4,80,42,1.0,0.0,walk_delay_comp
4,0.08,1.0,0.0,-1.0701673030853271,0.035125017166137695,-0.4173814058303833,0.5240327715873718,0,2000,comp,4,80,42,1.0,0.0,walk_delay_comp
5,0.1,1.0,0.0,-1.0748525857925415,-0.06873921304941177,-0.36344289779663086,0.03895905986428261,0,2000,comp,4,80,42,1.0,0.0,walk_delay_comp
6,0.12,1.0,0.0,-1.080039381980896,-0.04068557173013687,-0.28757017850875854,1.0353927612304688,0,2000,comp,4,80,42,1.0,0.0,walk_delay_comp
7,0.14,1.0,0.0,-1.0855629444122314,0.042101163417100906,-0.2838728725910187,0.3138101100921631,0,2000,comp,4,80,42,1.0,0.0,walk_delay_comp
8,0.16,1.0,0.0,-1.086536169052124,0.08559924364089966,-0.30203908681869507,0.04520069807767868,0,2000,comp,4,80,42,1.0,0.0,walk_delay_comp
9,0.18,1.0,0.0,-1.0790671110153198,0.10756626725196838,-0.3357144594192505,-0.8509706258773804,0,2000,comp,4,80,42,1.0,0.0,walk_delay_comp
10,0.2,1.0,0.0,-1.0662686824798584,0.10335680842399597,-0.36760151386260986,-1.0222012996673584,0,2000,comp,4,80,42,1.0,0.0,walk_delay_comp
11,0.22,1.0,0.0,-1.0549569129943848,0.1012117862701416,-0.3953542411327362,-0.5942705273628235,0,2000,comp,4,80,42,1.0,0.0,walk_delay_comp
12,0.24,1.0,0.0,-1.0500085353851318,0.13191315531730652,-0.4160051643848419,-0.1138104721903801,0,2000,comp,4,80,42,1.0,0.0,walk_delay_comp
13,0.26,1.0,0.0,-1.0481526851654053,0.1471817046403885,-0.4559183120727539,0.08227474987506866,0,2000,comp,4,80,42,1.0,0.0,walk_delay_comp
14,0.28,1.0,0.0,-1.0474518537521362,0.17654229700565338,-0.4742926359176636,-0.1043885126709938,0,2000,comp,4,80,42,1.0,0.0,walk_delay_comp
15,0.3,1.0,0.0,-1.04470956325531,0.21275770664215088,-0.4859909415245056,-0.39884153008461,0,2000,comp,4,80,42,1.0,0.0,walk_delay_comp
16,0.32,1.0,0.0,-1.0396223068237305,0.2572855055332184,-0.49662354588508606,-0.6287569999694824,0,2000,comp,4,80,42,1.0,0.0,walk_delay_comp
17,0.34,1.0,0.0,-1.0341095924377441,0.29614153504371643,-0.5186336040496826,-0.5846647024154663,0,2000,comp,4,80,42,1.0,0.0,walk_delay_comp
18,0.36,1.0,0.0,-1.0310254096984863,0.32155582308769226,-0.5383580923080444,-0.35174575448036194,0,2000,comp,4,80,42,1.0,0.0,walk_delay_comp
19,0.38,1.0,0.0,-1.0289150476455688,0.3430866301059723,-0.5697441101074219,-0.3656053841114044,0,2000,comp,4,80,42,1.0,0.0,walk_delay_comp
20,0.4,1.0,0.0,-1.025700569152832,0.38086992502212524,-0.5976189374923706,-0.7623496651649475,0,2000,comp,4,80,42,1.0,0.0,walk_delay_comp
21,0.42,1.0,0.0,-1.0175729990005493,0.41955989599227905,-0.6461741924285889,-1.3986845016479492,0,2000,comp,4,80,42,1.0,0.0,walk_delay_comp
22,0.44,1.0,0.0,-1.004172921180725,0.4354344308376312,-0.7057226896286011,-1.7389754056930542,0,2000,comp,4,80,42,1.0,0.0,walk_delay_comp
23,0.46,1.0,0.0,-0.988214373588562,0.3872106969356537,-0.5800572037696838,-1.1076349020004272,0,2000,comp,4,80,42,1.0,0.0,walk_delay_comp
24,0.48,1.0,0.0,-0.9817782640457153,0.3739855885505676,-0.4664508104324341,-0.32076317071914673,0,2000,comp,4,80,42,1.0,0.0,walk_delay_comp
25,0.5,1.0,0.0,-0.9813886880874634,0.38789528608322144,-0.39177894592285156,0.15196548402309418,0,2000,comp,4,80,42,1.0,0.0,walk_delay_comp
26,0.52,1.0,0.0,-0.9841830730438232,0.4148637354373932,-0.34958258271217346,0.2354751080274582,0,2000,comp,4,80,42,1.0,0.0,walk_delay_comp
27,0.54,1.0,0.0,-0.9866858124732971,0.44011950492858887,-0.3209194839000702,-0.009985437616705894,0,2000,comp,4,80,42,1.0,0.0,walk_delay_comp
28,0.56,1.0,0.0,-0.9869718551635742,0.45627206563949585,-0.2926638722419739,-0.24734090268611908,0,2000,comp,4,80,42,1.0,0.0,walk_delay_comp
29,0.58,1.0,0.0,-0.986915111541748,0.46627259254455566,-0.25257137417793274,-0.17605270445346832,0,2000,comp,4,80,42,1.0,0.0,walk_delay_comp
30,0.6,1.0,0.0,-0.9879037737846375,0.47080767154693604,-0.21597948670387268,-0.031032104045152664,0,2000,comp,4,80,42,1.0,0.0,walk_delay_comp
31,0.62,1.0,0.0,-0.9894053339958191,0.46997007727622986,-0.18612496554851532,-0.08138155937194824,0,2000,comp,4,80,42,1.0,0.0,walk_delay_comp
32,0.64,1.0,0.0,-0.9898349046707153,0.46544066071510315,-0.16352559626102448,-0.18458375334739685,0,2000,comp,4,80,42,1.0,0.0,walk_delay_comp
33,0.66,1.0,0.0,-0.9898213148117065,0.46009695529937744,-0.14199112355709076,-0.1419149935245514,0,2000,comp,4,80,42,1.0,0.0,walk_delay_comp
34,0.68,1.0,0.0,-0.9896990060806274,0.46030133962631226,-0.12255756556987762,-0.1368739753961563,0,2000,comp,4,80,42,1.0,0.0,walk_delay_comp
35,0.7000000000000001,1.0,0.0,-0.9891507625579834,0.47194623947143555,-0.10061535984277725,-0.16257096827030182,0,2000,comp,4,80,42,1.0,0.0,walk_delay_comp
36,0.72,1.0,0.0,-0.988195538520813,0.48850560188293457,-0.07404758036136627,-0.21314534544944763,0,2000,comp,4,80,42,1.0,0.0,walk_delay_comp
37,0.74,1.0,0.0,-0.9859099388122559,0.5116654634475708,-0.05321246758103371,-0.31649625301361084,0,2000,comp,4,80,42,1.0,0.0,walk_delay_comp
38,0.76,1.0,0.0,-0.9823403358459473,0.5357042551040649,-0.03367976099252701,-0.38176804780960083,0,2000,comp,4,80,42,1.0,0.0,walk_delay_comp
39,0.78,1.0,0.0,-0.9776683449745178,0.5628551244735718,-0.014992108568549156,-0.4277709424495697,0,2000,comp,4,80,42,1.0,0.0,walk_delay_comp
40,0.8,1.0,0.0,-0.9724412560462952,0.5968536734580994,0.005716193933039904,-0.4185812771320343,0,2000,comp,4,80,42,1.0,0.0,walk_delay_comp
41,0.8200000000000001,1.0,0.0,-0.9668467044830322,0.6388853788375854,0.029345368966460228,-0.4116068482398987,0,2000,comp,4,80,42,1.0,0.0,walk_delay_comp
42,0.84,1.0,0.0,-0.9608469009399414,0.6838136315345764,0.060649316757917404,-0.4418739080429077,0,2000,comp,4,80,42,1.0,0.0,walk_delay_comp
43,0.86,1.0,0.0,-0.9544678926467896,0.7243614196777344,0.09961146116256714,-0.5112276673316956,0,2000,comp,4,80,42,1.0,0.0,walk_delay_comp
44,0.88,1.0,0.0,-0.9492954611778259,0.7589884400367737,0.144194096326828,-0.4079219400882721,0,2000,comp,4,80,42,1.0,0.0,walk_delay_comp
45,0.9,1.0,0.0,-0.9462986588478088,0.7710677981376648,0.16587628424167633,0.024864906445145607,0,2000,comp,4,80,42,1.0,0.0,walk_delay_comp
46,0.92,1.0,0.0,-0.9468722343444824,0.7031011581420898,0.10078895837068558,-0.1582922786474228,0,2000,comp,4,80,42,1.0,0.0,walk_delay_comp
47,0.9400000000000001,1.0,0.0,-0.9427548050880432,0.6468570828437805,0.040691178292036057,-0.36147740483283997,0,2000,comp,4,80,42,1.0,0.0,walk_delay_comp
48,0.96,1.0,0.0,-0.937247097492218,0.5989078879356384,-0.00406600208953023,-0.33196061849594116,0,2000,comp,4,80,42,1.0,0.0,walk_delay_comp
49,0.98,1.0,0.0,-0.9326214790344238,0.5719593167304993,-0.033252738416194916,-0.10334472358226776,0,2000,comp,4,80,42,1.0,0.0,walk_delay_comp
50,1.0,1.0,0.0,-0.9277644753456116,0.5575162768363953,-0.05884069576859474,-0.21265561878681183,0,2000,comp,4,80,42,1.0,0.0,walk_delay_comp
51,1.02,1.0,0.0,-0.9245431423187256,0.5708890557289124,-0.07024157047271729,-0.05162394046783447,0,2000,comp,4,80,42,1.0,0.0,walk_delay_comp
52,1.04,1.0,0.0,-0.9203481674194336,0.5887556672096252,-0.0941561684012413,-0.40090441703796387,0,2000,comp,4,80,42,1.0,0.0,walk_delay_comp
53,1.06,1.0,0.0,-0.9129224419593811,0.5730264186859131,-0.11721108108758926,-0.6363511681556702,0,2000,comp,4,80,42,1.0,0.0,walk_delay_comp
54,1.08,1.0,0.0,-0.9046704769134521,0.5724454522132874,-0.13201762735843658,-0.6871239542961121,0,2000,comp,4,80,42,1.0,0.0,walk_delay_comp
55,1.1,1.0,0.0,-0.897185206413269,0.5736530423164368,-0.1428367644548416,-0.6194871068000793,0,2000,comp,4,80,42,1.0,0.0,walk_delay_comp
56,1.12,1.0,0.0,-0.8904886841773987,0.6025139689445496,-0.15513190627098083,-0.6479769945144653,0,2000,comp,4,80,42,1.0,0.0,walk_delay_comp
57,1.1400000000000001,1.0,0.0,-0.8841723203659058,0.6258465647697449,-0.1744184046983719,-0.5779465436935425,0,2000,comp,4,80,42,1.0,0.0,walk_delay_comp
58,1.16,1.0,0.0,-0.878838062286377,0.6579712629318237,-0.18923866748809814,-0.5567411780357361,0,2000,comp,4,80,42,1.0,0.0,walk_delay_comp
59,1.18,1.0,0.0,-0.8719972372055054,0.6867468953132629,-0.21283765137195587,-0.8293148875236511,0,2000,comp,4,80,42,1.0,0.0,walk_delay_comp
60,1.2,1.0,0.0,-0.8637581467628479,0.720032274723053,-0.23432043194770813,-0.9249477982521057,0,2000,comp,4,80,42,1.0,0.0,walk_delay_comp
61,1.22,1.0,0.0,-0.8554327487945557,0.7584520578384399,-0.254931777715683,-0.9676013588905334,0,2000,comp,4,80,42,1.0,0.0,walk_delay_comp
62,1.24,1.0,0.0,-0.8472665548324585,0.7977331280708313,-0.2772877812385559,-0.9942525625228882,0,2000,comp,4,80,42,1.0,0.0,walk_delay_comp
63,1.26,1.0,0.0,-0.8393466472625732,0.8252325654029846,-0.30605098605155945,-0.8933906555175781,0,2000,comp,4,80,42,1.0,0.0,walk_delay_comp
64,1.28,1.0,0.0,-0.8317485451698303,0.8360614776611328,-0.3334786295890808,-0.747774064540863,0,2000,comp,4,80,42,1.0,0.0,walk_delay_comp
65,1.3,1.0,0.0,-0.824768602848053,0.7781142592430115,-0.2875403165817261,-0.5223960280418396,0,2000,comp,4,80,42,1.0,0.0,walk_delay_comp
66,1.32,1.0,0.0,-0.8213443160057068,0.7197367548942566,-0.20947705209255219,-0.2067207545042038,0,2000,comp,4,80,42,1.0,0.0,walk_delay_comp
67,1.34,1.0,0.0,-0.8184382915496826,0.6804509162902832,-0.1477099359035492,-0.43593648076057434,0,2000,comp,4,80,42,1.0,0.0,walk_delay_comp
68,1.36,1.0,0.0,-0.8123924732208252,0.6637343168258667,-0.10922131687402725,-0.8884737491607666,0,2000,comp,4,80,42,1.0,0.0,walk_delay_comp
69,1.3800000000000001,1.0,0.0,-0.802558183670044,0.6588135957717896,-0.0867215171456337,-1.3182154893875122,0,2000,comp,4,80,42,1.0,0.0,walk_delay_comp
70,1.4000000000000001,1.0,0.0,-0.7915563583374023,0.6560254693031311,-0.061239052563905716,-1.2537750005722046,0,2000,comp,4,80,42,1.0,0.0,walk_delay_comp
71,1.42,1.0,0.0,-0.7829706072807312,0.646319568157196,-0.030922221019864082,-0.889077365398407,0,2000,comp,4,80,42,1.0,0.0,walk_delay_comp
72,1.44,1.0,0.0,-0.779508650302887,0.6377320289611816,-0.010507138445973396,-0.2645988464355469,0,2000,comp,4,80,42,1.0,0.0,walk_delay_comp
73,1.46,1.0,0.0,-0.7821314334869385,0.6180791258811951,0.007919537834823132,0.2295384705066681,0,2000,comp,4,80,42,1.0,0.0,walk_delay_comp
74,1.48,1.0,0.0,-0.7864706516265869,0.6007208228111267,0.022254757583141327,0.23899878561496735,0,2000,comp,4,80,42,1.0,0.0,walk_delay_comp
75,1.5,1.0,0.0,-0.7909601330757141,0.5839473605155945,0.040400564670562744,0.2954573631286621,0,2000,comp,4,80,42,1.0,0.0,walk_delay_comp
76,1.52,1.0,0.0,-0.7947202324867249,0.5784150958061218,0.05864536762237549,0.1653982698917389,0,2000,comp,4,80,42,1.0,0.0,walk_delay_comp
77,1.54,1.0,0.0,-0.796811580657959,0.5979289412498474,0.07159847766160965,0.06813149899244308,0,2000,comp,4,80,42,1.0,0.0,walk_delay_comp
78,1.56,1.0,0.0,-0.797244668006897,0.6133350729942322,0.09209748357534409,-0.10105378925800323,0,2000,comp,4,80,42,1.0,0.0,walk_delay_comp
79,1.58,1.0,0.0,-0.7963394522666931,0.63548344373703,0.11278227716684341,-0.15287041664123535,0,2000,comp,4,80,42,1.0,0.0,walk_delay_comp
80,1.6,1.0,0.0,-0.7945989966392517,0.6603515148162842,0.12930859625339508,-0.20038577914237976,0,2000,comp,4,80,42,1.0,0.0,walk_delay_comp
81,1.62,1.0,0.0,-0.792025625705719,0.6877904534339905,0.1437498778104782,-0.2293488085269928,0,2000,comp,4,80,42,1.0,0.0,walk_delay_comp
82,1.6400000000000001,1.0,0.0,-0.7889115214347839,0.7179662585258484,0.16234514117240906,-0.23041307926177979,0,2000,comp,4,80,42,1.0,0.0,walk_delay_comp
83,1.6600000000000001,1.0,0.0,-0.7849533557891846,0.7515313625335693,0.1829705536365509,-0.2671257555484772,0,2000,comp,4,80,42,1.0,0.0,walk_delay_comp
84,1.68,1.0,0.0,-0.7797791361808777,0.7832567691802979,0.2111937552690506,-0.38185784220695496,0,2000,comp,4,80,42,1.0,0.0,walk_delay_comp
85,1.7,1.0,0.0,-0.7736378312110901,0.8057600259780884,0.24771177768707275,-0.5126606822013855,0,2000,comp,4,80,42,1.0,0.0,walk_delay_comp
86,1.72,1.0,0.0,-0.7678337097167969,0.8235021829605103,0.28786030411720276,-0.47436729073524475,0,2000,comp,4,80,42,1.0,0.0,walk_delay_comp
87,1.74,1.0,0.0,-0.7634376883506775,0.8410395979881287,0.32480356097221375,-0.2891419231891632,0,2000,comp,4,80,42,1.0,0.0,walk_delay_comp
88,1.76,1.0,0.0,-0.7628006339073181,0.8106281757354736,0.32396256923675537,0.5089312195777893,0,2000,comp,4,80,42,1.0,0.0,walk_delay_comp
89,1.78,1.0,0.0,-0.7627860903739929,0.7466413974761963,0.2192959040403366,-0.2527613639831543,0,2000,comp,4,80,42,1.0,0.0,walk_delay_comp
90,1.8,1.0,0.0,-0.7565694451332092,0.6949455142021179,0.15422190725803375,-0.5706712603569031,0,2000,comp,4,80,42,1.0,0.0,walk_delay_comp
91,1.82,1.0,0.0,-0.74888676404953,0.6654744744300842,0.11488532274961472,-0.49954792857170105,0,2000,comp,4,80,42,1.0,0.0,walk_delay_comp
92,1.84,1.0,0.0,-0.7430344223976135,0.6594434380531311,0.0932421162724495,-0.20461928844451904,0,2000,comp,4,80,42,1.0,0.0,walk_delay_comp
93,1.86,1.0,0.0,-0.7391822338104248,0.6615589261054993,0.07230065017938614,-0.09796014428138733,0,2000,comp,4,80,42,1.0,0.0,walk_delay_comp
94,1.8800000000000001,1.0,0.0,-0.737193763256073,0.6809910535812378,0.04764856770634651,-0.024219857528805733,0,2000,comp,4,80,42,1.0,0.0,walk_delay_comp
95,1.9000000000000001,1.0,0.0,-0.7334269881248474,0.6855189800262451,0.022937500849366188,-0.3540608584880829,0,2000,comp,4,80,42,1.0,0.0,walk_delay_comp
96,1.92,1.0,0.0,-0.727199375629425,0.6815465092658997,0.0033280756324529648,-0.548252284526825,0,2000,comp,4,80,42,1.0,0.0,walk_delay_comp
97,1.94,1.0,0.0,-0.7199676632881165,0.6728537678718567,-0.012553350999951363,-0.6132566928863525,0,2000,comp,4,80,42,1.0,0.0,walk_delay_comp
98,1.96,1.0,0.0,-0.7131776809692383,0.6795454025268555,-0.023273011669516563,-0.601270318031311,0,2000,comp,4,80,42,1.0,0.0,walk_delay_comp
99,1.98,1.0,0.0,-0.7074431777000427,0.7070267200469971,-0.036694884300231934,-0.5176773071289062,0,2000,comp,4,80,42,1.0,0.0,walk_delay_comp
100,2.0,1.0,0.0,-0.7020580172538757,0.7339532971382141,-0.05232381075620651,-0.5159597396850586,0,2000,comp,4,80,42,1.0,0.0,walk_delay_comp
101,2.02,1.0,0.0,-0.696562647819519,0.7710689902305603,-0.061589471995830536,-0.6408162117004395,0,2000,comp,4,80,42,1.0,0.0,walk_delay_comp
102,2.04,1.0,0.0,-0.6893413066864014,0.7892613410949707,-0.0812002643942833,-0.8090285658836365,0,2000,comp,4,80,42,1.0,0.0,walk_delay_comp
103,2.06,1.0,0.0,-0.6817197203636169,0.8232642412185669,-0.09457585215568542,-0.8334529995918274,0,2000,comp,4,80,42,1.0,0.0,walk_delay_comp
104,2.08,1.0,0.0,-0.6743342280387878,0.8636960387229919,-0.10745645314455032,-0.862851619720459,0,2000,comp,4,80,42,1.0,0.0,walk_delay_comp
105,2.1,1.0,0.0,-0.6676313877105713,0.9028329253196716,-0.12209012359380722,-0.7823489904403687,0,2000,comp,4,80,42,1.0,0.0,walk_delay_comp
106,2.12,1.0,0.0,-0.6619719862937927,0.9334922432899475,-0.1434871107339859,-0.6339287757873535,0,2000,comp,4,80,42,1.0,0.0,walk_delay_comp
107,2.14,1.0,0.0,-0.657012403011322,0.9547082185745239,-0.16576214134693146,-0.44854992628097534,0,2000,comp,4,80,42,1.0,0.0,walk_delay_comp
108,2.16,1.0,0.0,-0.6530730724334717,0.9193676114082336,-0.16089095175266266,-0.721049964427948,0,2000,comp,4,80,42,1.0,0.0,walk_delay_comp
109,2.18,1.0,0.0,-0.6494285464286804,0.844537079334259,-0.08207365870475769,-0.06516563892364502,0,2000,comp,4,80,42,1.0,0.0,walk_delay_comp
110,2.2,1.0,0.0,-0.6492242813110352,0.7835819125175476,-0.024418840184807777,-0.1310090571641922,0,2000,comp,4,80,42,1.0,0.0,walk_delay_comp
111,2.22,1.0,0.0,-0.6467462778091431,0.7432599067687988,0.008762100711464882,-0.5845625996589661,0,2000,comp,4,80,42,1.0,0.0,walk_delay_comp
112,2.24,1.0,0.0,-0.6400116086006165,0.7243934869766235,0.03502883017063141,-1.0665227174758911,0,2000,comp,4,80,42,1.0,0.0,walk_delay_comp
113,2.2600000000000002,1.0,0.0,-0.6308513283729553,0.7166281342506409,0.05539810657501221,-1.2165855169296265,0,2000,comp,4,80,42,1.0,0.0,walk_delay_comp
114,2.2800000000000002,1.0,0.0,-0.6209365725517273,0.7036279439926147,0.07575146853923798,-1.1865540742874146,0,2000,comp,4,80,42,1.0,0.0,walk_delay_comp
115,2.3000000000000003,1.0,0.0,-0.6134632229804993,0.695593535900116,0.0962628647685051,-0.6923860311508179,0,2000,comp,4,80,42,1.0,0.0,walk_delay_comp
116,2.32,1.0,0.0,-0.611860990524292,0.6695187091827393,0.11807707697153091,-0.1125987097620964,0,2000,comp,4,80,42,1.0,0.0,walk_delay_comp
117,2.34,1.0,0.0,-0.6137769818305969,0.6531858444213867,0.1320967972278595,0.1416807770729065,0,2000,comp,4,80,42,1.0,0.0,walk_delay_comp
118,2.36,1.0,0.0,-0.6181394457817078,0.6394636034965515,0.1494058072566986,0.3640677034854889,0,2000,comp,4,80,42,1.0,0.0,walk_delay_comp
119,2.38,1.0,0.0,-0.6230671405792236,0.6357762813568115,0.16415835916996002,0.32748836278915405,0,2000,comp,4,80,42,1.0,0.0,walk_delay_comp
120,2.4,1.0,0.0,-0.6262423396110535,0.6548449397087097,0.17625358700752258,0.16962671279907227,0,2000,comp,4,80,42,1.0,0.0,walk_delay_comp
121,2.42,1.0,0.0,-0.6279729008674622,0.6781226396560669,0.19842089712619781,0.06123824417591095,0,2000,comp,4,80,42,1.0,0.0,walk_delay_comp
122,2.44,1.0,0.0,-0.6283583045005798,0.7029716968536377,0.22150079905986786,-0.039336126297712326,0,2000,comp,4,80,42,1.0,0.0,walk_delay_comp
123,2.46,1.0,0.0,-0.6271011829376221,0.7330754995346069,0.23993101716041565,-0.1634424477815628,0,2000,comp,4,80,42,1.0,0.0,walk_delay_comp
124,2.48,1.0,0.0,-0.6244409680366516,0.7648622989654541,0.25933006405830383,-0.2229834944009781,0,2000,comp,4,80,42,1.0,0.0,walk_delay_comp
125,2.5,1.0,0.0,-0.6207866072654724,0.7971010804176331,0.2838330864906311,-0.2567093074321747,0,2000,comp,4,80,42,1.0,0.0,walk_delay_comp
126,2.52,1.0,0.0,-0.6156951189041138,0.8280974626541138,0.31448712944984436,-0.35144031047821045,0,2000,comp,4,80,42,1.0,0.0,walk_delay_comp
127,2.54,1.0,0.0,-0.6096053123474121,0.849294126033783,0.356545627117157,-0.4549483060836792,0,2000,comp,4,80,42,1.0,0.0,walk_delay_comp
128,2.56,1.0,0.0,-0.6041605472564697,0.858318030834198,0.4051535725593567,-0.4453287422657013,0,2000,comp,4,80,42,1.0,0.0,walk_delay_comp
129,2.58,1.0,0.0,-0.6000984907150269,0.8715211153030396,0.45130643248558044,-0.2891826033592224,0,2000,comp,4,80,42,1.0,0.0,walk_delay_comp
130,2.6,1.0,0.0,-0.5985685586929321,0.8437431454658508,0.4785236716270447,0.34250426292419434,0,2000,comp,4,80,42,1.0,0.0,walk_delay_comp
131,2.62,1.0,0.0,-0.59957355260849,0.7674264907836914,0.36924004554748535,-0.19031989574432373,0,2000,comp,4,80,42,1.0,0.0,walk_delay_comp
132,2.64,1.0,0.0,-0.593735933303833,0.7065508365631104,0.29346704483032227,-0.5942003726959229,0,2000,comp,4,80,42,1.0,0.0,walk_delay_comp
133,2.66,1.0,0.0,-0.5858456492424011,0.6672196984291077,0.2399676889181137,-0.5252564549446106,0,2000,comp,4,80,42,1.0,0.0,walk_delay_comp
134,2.68,1.0,0.0,-0.5803601145744324,0.6552184224128723,0.21133166551589966,-0.15417754650115967,0,2000,comp,4,80,42,1.0,0.0,walk_delay_comp
135,2.7,1.0,0.0,-0.5774602890014648,0.6521190404891968,0.18213693797588348,0.021293798461556435,0,2000,comp,4,80,42,1.0,0.0,walk_delay_comp
136,2.72,1.0,0.0,-0.5770213007926941,0.660927951335907,0.15737736225128174,0.17616042494773865,0,2000,comp,4,80,42,1.0,0.0,walk_delay_comp
137,2.74,1.0,0.0,-0.5752350091934204,0.6693102121353149,0.12777674198150635,-0.1991661787033081,0,2000,comp,4,80,42,1.0,0.0,walk_delay_comp
138,2.7600000000000002,1.0,0.0,-0.5695871114730835,0.6534574031829834,0.10417692363262177,-0.515656590461731,0,2000,comp,4,80,42,1.0,0.0,walk_delay_comp
139,2.7800000000000002,1.0,0.0,-0.5624626874923706,0.6412685513496399,0.08728291839361191,-0.5837839245796204,0,2000,comp,4,80,42,1.0,0.0,walk_delay_comp
140,2.8000000000000003,1.0,0.0,-0.555402398109436,0.6343158483505249,0.0744699239730835,-0.5999879240989685,0,2000,comp,4,80,42,1.0,0.0,walk_delay_comp
141,2.82,1.0,0.0,-0.5498286485671997,0.6543179154396057,0.0648496150970459,-0.4639120101928711,0,2000,comp,4,80,42,1.0,0.0,walk_delay_comp
142,2.84,1.0,0.0,-0.5447856187820435,0.6724432110786438,0.046313121914863586,-0.4406369626522064,0,2000,comp,4,80,42,1.0,0.0,walk_delay_comp
143,2.86,1.0,0.0,-0.540435791015625,0.6996150016784668,0.039809513837099075,-0.4558446705341339,0,2000,comp,4,80,42,1.0,0.0,walk_delay_comp
144,2.88,1.0,0.0,-0.5351306200027466,0.7123541235923767,0.02386322058737278,-0.5863201022148132,0,2000,comp,4,80,42,1.0,0.0,walk_delay_comp
145,2.9,1.0,0.0,-0.5297554731369019,0.7376089692115784,0.012162256054580212,-0.5735636353492737,0,2000,comp,4,80,42,1.0,0.0,walk_delay_comp
146,2.92,1.0,0.0,-0.5245063304901123,0.7730100154876709,-0.0004532893071882427,-0.6247312426567078,0,2000,comp,4,80,42,1.0,0.0,walk_delay_comp
147,2.94,1.0,0.0,-0.5196740627288818,0.8098257780075073,-0.010870999656617641,-0.5961151719093323,0,2000,comp,4,80,42,1.0,0.0,walk_delay_comp
148,2.96,1.0,0.0,-0.5157890319824219,0.8418431282043457,-0.023664716631174088,-0.49650681018829346,0,2000,comp,4,80,42,1.0,0.0,walk_delay_comp
149,2.98,1.0,0.0,-0.5126560926437378,0.868739902973175,-0.04289824143052101,-0.40075308084487915,0,2000,comp,4,80,42,1.0,0.0,walk_delay_comp
150,3.0,1.0,0.0,-0.5092681646347046,0.8904678821563721,-0.062379781156778336,-0.3507343530654907,0,2000,comp,4,80,42,1.0,0.0,walk_delay_comp
151,3.02,1.0,0.0,-0.5060598850250244,0.9110387563705444,-0.07632278650999069,-0.25865989923477173,0,2000,comp,4,80,42,1.0,0.0,walk_delay_comp
152,3.04,1.0,0.0,-0.5023729801177979,0.8352541923522949,-0.023095903918147087,-0.19889259338378906,0,2000,comp,4,80,42,1.0,0.0,walk_delay_comp
153,3.06,1.0,0.0,-0.5025227069854736,0.776100754737854,0.023654654622077942,0.02322934940457344,0,2000,comp,4,80,42,1.0,0.0,walk_delay_comp
154,3.08,1.0,0.0,-0.5033465623855591,0.7336344122886658,0.056976038962602615,-0.14814484119415283,0,2000,comp,4,80,42,1.0,0.0,walk_delay_comp
155,3.1,1.0,0.0,-0.5017061233520508,0.7114714980125427,0.08177709579467773,-0.5724904537200928,0,2000,comp,4,80,42,1.0,0.0,walk_delay_comp
156,3.12,1.0,0.0,-0.49560546875,0.7034299969673157,0.09504977613687515,-1.0142731666564941,0,2000,comp,4,80,42,1.0,0.0,walk_delay_comp
157,3.14,1.0,0.0,-0.48738086223602295,0.692122757434845,0.11404609680175781,-1.0528010129928589,0,2000,comp,4,80,42,1.0,0.0,walk_delay_comp
158,3.16,1.0,0.0,-0.4805499315261841,0.678948163986206,0.13699854910373688,-0.74003005027771,0,2000,comp,4,80,42,1.0,0.0,walk_delay_comp
159,3.18,1.0,0.0,-0.47759580612182617,0.6631641387939453,0.15338322520256042,-0.23957160115242004,0,2000,comp,4,80,42,1.0,0.0,walk_delay_comp
160,3.2,1.0,0.0,-0.47910118103027344,0.6409575343132019,0.16971932351589203,0.13719753921031952,0,2000,comp,4,80,42,1.0,0.0,walk_delay_comp
161,3.22,1.0,0.0,-0.4822319746017456,0.6273805499076843,0.1834125965833664,0.2001432180404663,0,2000,comp,4,80,42,1.0,0.0,walk_delay_comp
162,3.24,1.0,0.0,-0.48603832721710205,0.6230151653289795,0.19758133590221405,0.28729769587516785,0,2000,comp,4,80,42,1.0,0.0,walk_delay_comp
163,3.2600000000000002,1.0,0.0,-0.48966968059539795,0.6343622803688049,0.21186763048171997,0.24052061140537262,0,2000,comp,4,80,42,1.0,0.0,walk_delay_comp
164,3.2800000000000002,1.0,0.0,-0.49220705032348633,0.6654542088508606,0.22449104487895966,0.19733840227127075,0,2000,comp,4,80,42,1.0,0.0,walk_delay_comp
165,3.3000000000000003,1.0,0.0,-0.4933408498764038,0.6897239089012146,0.24515323340892792,0.043791674077510834,0,2000,comp,4,80,42,1.0,0.0,walk_delay_comp
166,3.3200000000000003,1.0,0.0,-0.4929589033126831,0.7193995714187622,0.2680183947086334,-0.05642412230372429,0,2000,comp,4,80,42,1.0,0.0,walk_delay_comp
167,3.34,1.0,0.0,-0.4907747507095337,0.7507359385490417,0.28939828276634216,-0.19499894976615906,0,2000,comp,4,80,42,1.0,0.0,walk_delay_comp
168,3.36,1.0,0.0,-0.48675739765167236,0.7834390997886658,0.31448712944984436,-0.292627215385437,0,2000,comp,4,80,42,1.0,0.0,walk_delay_comp
169,3.38,1.0,0.0,-0.4810521602630615,0.8099756836891174,0.35053715109825134,-0.42508965730667114,0,2000,comp,4,80,42,1.0,0.0,walk_delay_comp
170,3.4,1.0,0.0,-0.47489356994628906,0.8297134637832642,0.39671939611434937,-0.44409650564193726,0,2000,comp,4,80,42,1.0,0.0,walk_delay_comp
171,3.42,1.0,0.0,-0.4703329801559448,0.8383831977844238,0.44765955209732056,-0.3329467177391052,0,2000,comp,4,80,42,1.0,0.0,walk_delay_comp
172,3.44,1.0,0.0,-0.4680124521255493,0.8505863547325134,0.4937528073787689,-0.09751136600971222,0,2000,comp,4,80,42,1.0,0.0,walk_delay_comp
173,3.46,1.0,0.0,-0.46969330310821533,0.7812831997871399,0.4532187879085541,0.47793880105018616,0,2000,comp,4,80,42,1.0,0.0,walk_delay_comp
174,3.48,1.0,0.0,-0.46893179416656494,0.7270147800445557,0.368224173784256,-0.2946576774120331,0,2000,comp,4,80,42,1.0,0.0,walk_delay_comp
175,3.5,1.0,0.0,-0.46239161491394043,0.6712642908096313,0.29481714963912964,-0.5527421236038208,0,2000,comp,4,80,42,1.0,0.0,walk_delay_comp
176,3.52,1.0,0.0,-0.4552309513092041,0.6430375576019287,0.24758215248584747,-0.3851770758628845,0,2000,comp,4,80,42,1.0,0.0,walk_delay_comp
177,3.54,1.0,0.0,-0.45130062103271484,0.6390888094902039,0.21921555697917938,0.022988703101873398,0,2000,comp,4,80,42,1.0,0.0,walk_delay_comp
178,3.56,1.0,0.0,-0.450860857963562,0.6447857618331909,0.19415931403636932,0.26756685972213745,0,2000,comp,4,80,42,1.0,0.0,walk_delay_comp
179,3.58,1.0,0.0,-0.45111167430877686,0.6548668742179871,0.16009406745433807,0.12481555342674255,0,2000,comp,4,80,42,1.0,0.0,walk_delay_comp
180,3.6,1.0,0.0,-0.4483300447463989,0.6508592367172241,0.12913185358047485,-0.27887478470802307,0,2000,comp,4,80,42,1.0,0.0,walk_delay_comp
181,3.62,1.0,0.0,-0.4421142339706421,0.6420374512672424,0.10741784423589706,-0.5794880390167236,0,2000,comp,4,80,42,1.0,0.0,walk_delay_comp
182,3.64,1.0,0.0,-0.43475770950317383,0.6320580840110779,0.09566651284694672,-0.6187001466751099,0,2000,comp,4,80,42,1.0,0.0,walk_delay_comp
183,3.66,1.0,0.0,-0.4278184175491333,0.6304622292518616,0.08215276151895523,-0.5707952380180359,0,2000,comp,4,80,42,1.0,0.0,walk_delay_comp
184,3.68,1.0,0.0,-0.42272913455963135,0.6450066566467285,0.07210024446249008,-0.3922974169254303,0,2000,comp,4,80,42,1.0,0.0,walk_delay_comp
185,3.7,1.0,0.0,-0.41847336292266846,0.669245719909668,0.05756577104330063,-0.4066270589828491,0,2000,comp,4,80,42,1.0,0.0,walk_delay_comp
186,3.72,1.0,0.0,-0.413912296295166,0.6943515539169312,0.04273045063018799,-0.4708414077758789,0,2000,comp,4,80,42,1.0,0.0,walk_delay_comp
187,3.74,1.0,0.0,-0.40935254096984863,0.7140218019485474,0.025780992582440376,-0.46248114109039307,0,2000,comp,4,80,42,1.0,0.0,walk_delay_comp
188,3.7600000000000002,1.0,0.0,-0.4052276611328125,0.7424819469451904,0.012675098143517971,-0.4640271067619324,0,2000,comp,4,80,42,1.0,0.0,walk_delay_comp
189,3.7800000000000002,1.0,0.0,-0.4015127420425415,0.7776217460632324,0.0016604088013991714,-0.4698818325996399,0,2000,comp,4,80,42,1.0,0.0,walk_delay_comp
190,3.8000000000000003,1.0,0.0,-0.39863550662994385,0.8132413625717163,-0.010871957056224346,-0.39377015829086304,0,2000,comp,4,80,42,1.0,0.0,walk_delay_comp
191,3.8200000000000003,1.0,0.0,-0.3966151475906372,0.8457627892494202,-0.027783460915088654,-0.33273857831954956,0,2000,comp,4,80,42,1.0,0.0,walk_delay_comp
192,3.84,1.0,0.0,-0.39440393447875977,0.8715695738792419,-0.04773448780179024,-0.31592392921447754,0,2000,comp,4,80,42,1.0,0.0,walk_delay_comp
193,3.86,1.0,0.0,-0.39148247241973877,0.8920750617980957,-0.0675528421998024,-0.2823544144630432,0,2000,comp,4,80,42,1.0,0.0,walk_delay_comp
194,3.88,1.0,0.0,-0.38895535469055176,0.8573706746101379,-0.0735744759440422,-0.6139187812805176,0,2000,comp,4,80,42,1.0,0.0,walk_delay_comp
195,3.9,1.0,0.0,-0.38696563243865967,0.7947373986244202,-0.005541544873267412,0.08075950294733047,0,2000,comp,4,80,42,1.0,0.0,walk_delay_comp
196,3.92,1.0,0.0,-0.38939809799194336,0.7414235472679138,0.03589652478694916,0.14796219766139984,0,2000,comp,4,80,42,1.0,0.0,walk_delay_comp
197,3.94,1.0,0.0,-0.3910791873931885,0.7065929174423218,0.061602890491485596,-0.18560254573822021,0,2000,comp,4,80,42,1.0,0.0,walk_delay_comp
198,3.96,1.0,0.0,-0.3888057470321655,0.6918738484382629,0.0804799497127533,-0.6819030046463013,0,2000,comp,4,80,42,1.0,0.0,walk_delay_comp
199,3.98,1.0,0.0,-0.3822293281555176,0.6878436803817749,0.09719689190387726,-1.038116455078125,0,2000,comp,4,80,42,1.0,0.0,walk_delay_comp
200,4.0,1.0,0.0,-0.3739248514175415,0.6751096844673157,0.11833438277244568,-1.0357586145401,0,2000,comp,4,80,42,1.0,0.0,walk_delay_comp
201,4.0200000000000005,1.0,0.0,-0.3670778274536133,0.6668325066566467,0.13947544991970062,-0.6532281637191772,0,2000,comp,4,80,42,1.0,0.0,walk_delay_comp
202,4.04,1.0,0.0,-0.36547672748565674,0.6413077712059021,0.16217565536499023,-0.10989627242088318,0,2000,comp,4,80,42,1.0,0.0,walk_delay_comp
203,4.0600000000000005,1.0,0.0,-0.3671027421951294,0.6302869319915771,0.17339228093624115,0.1264714002609253,0,2000,comp,4,80,42,1.0,0.0,walk_delay_comp
204,4.08,1.0,0.0,-0.3712261915206909,0.6258547902107239,0.18705016374588013,0.37525951862335205,0,2000,comp,4,80,42,1.0,0.0,walk_delay_comp
205,4.1,1.0,0.0,-0.37595105171203613,0.6280018091201782,0.19889670610427856,0.3503417372703552,0,2000,comp,4,80,42,1.0,0.0,walk_delay_comp
206,4.12,1.0,0.0,-0.3798360824584961,0.6486804485321045,0.21053563058376312,0.3176044523715973,0,2000,comp,4,80,42,1.0,0.0,walk_delay_comp
207,4.14,1.0,0.0,-0.38334429264068604,0.6771708130836487,0.2300659865140915,0.30161577463150024,0,2000,comp,4,80,42,1.0,0.0,walk_delay_comp
208,4.16,1.0,0.0,-0.3851281404495239,0.7007859945297241,0.24929887056350708,0.08604763448238373,0,2000,comp,4,80,42,1.0,0.0,walk_delay_comp
209,4.18,1.0,0.0,-0.3847554922103882,0.7309696078300476,0.2695562541484833,-0.05748080462217331,0,2000,comp,4,80,42,1.0,0.0,walk_delay_comp
210,4.2,1.0,0.0,-0.3825876712799072,0.7631248831748962,0.291695237159729,-0.15611132979393005,0,2000,comp,4,80,42,1.0,0.0,walk_delay_comp
211,4.22,1.0,0.0,-0.3784242868423462,0.7918998599052429,0.32038721442222595,-0.30749252438545227,0,2000,comp,4,80,42,1.0,0.0,walk_delay_comp
212,4.24,1.0,0.0,-0.37287604808807373,0.8166165947914124,0.35893911123275757,-0.38032105565071106,0,2000,comp,4,80,42,1.0,0.0,walk_delay_comp
213,4.26,1.0,0.0,-0.36807310581207275,0.8263039588928223,0.4075910151004791,-0.34168723225593567,0,2000,comp,4,80,42,1.0,0.0,walk_delay_comp
214,4.28,1.0,0.0,-0.36514973640441895,0.8335183262825012,0.4542125463485718,-0.1885085254907608,0,2000,comp,4,80,42,1.0,0.0,walk_delay_comp
215,4.3,1.0,0.0,-0.36427605152130127,0.8452597260475159,0.49297821521759033,0.06534366309642792,0,2000,comp,4,80,42,1.0,0.0,walk_delay_comp
216,4.32,1.0,0.0,-0.36642563343048096,0.7592512965202332,0.4139993190765381,0.05803651362657547,0,2000,comp,4,80,42,1.0,0.0,walk_delay_comp
217,4.34,1.0,0.0,-0.36273467540740967,0.6996349096298218,0.3331734836101532,-0.4451734125614166,0,2000,comp,4,80,42,1.0,0.0,walk_delay_comp
218,4.36,1.0,0.0,-0.35558879375457764,0.6553184986114502,0.27134355902671814,-0.5110294818878174,0,2000,comp,4,80,42,1.0,0.0,walk_delay_comp
219,4.38,1.0,0.0,-0.3497213125228882,0.6405600309371948,0.23377679288387299,-0.1841532588005066,0,2000,comp,4,80,42,1.0,0.0,walk_delay_comp
220,4.4,1.0,0.0,-0.3475910425186157,0.642608106136322,0.20811453461647034,0.1796952784061432,0,2000,comp,4,80,42,1.0,0.0,walk_delay_comp
221,4.42,1.0,0.0,-0.34783709049224854,0.6515412926673889,0.1818985790014267,0.24127352237701416,0,2000,comp,4,80,42,1.0,0.0,walk_delay_comp
222,4.44,1.0,0.0,-0.3468359708786011,0.6610981225967407,0.1481255143880844,-0.08010594546794891,0,2000,comp,4,80,42,1.0,0.0,walk_delay_comp
223,4.46,1.0,0.0,-0.3420981168746948,0.6496408581733704,0.12082715332508087,-0.45277801156044006,0,2000,comp,4,80,42,1.0,0.0,walk_delay_comp
224,4.48,1.0,0.0,-0.3355696201324463,0.643735408782959,0.1055566743016243,-0.5434778928756714,0,2000,comp,4,80,42,1.0,0.0,walk_delay_comp
225,4.5,1.0,0.0,-0.32921934127807617,0.6344028115272522,0.09420401602983475,-0.5115917921066284,0,2000,comp,4,80,42,1.0,0.0,walk_delay_comp
226,4.5200000000000005,1.0,0.0,-0.3238370418548584,0.6435365676879883,0.08359789103269577,-0.45992201566696167,0,2000,comp,4,80,42,1.0,0.0,walk_delay_comp
227,4.54,1.0,0.0,-0.319455623626709,0.6606175303459167,0.06760812550783157,-0.37639033794403076,0,2000,comp,4,80,42,1.0,0.0,walk_delay_comp
228,4.5600000000000005,1.0,0.0,-0.31564652919769287,0.6834537386894226,0.05392240360379219,-0.3757486641407013,0,2000,comp,4,80,42,1.0,0.0,walk_delay_comp
229,4.58,1.0,0.0,-0.31143009662628174,0.7102798819541931,0.03841247782111168,-0.450663685798645,0,2000,comp,4,80,42,1.0,0.0,walk_delay_comp
230,4.6000000000000005,1.0,0.0,-0.3073263168334961,0.7333565354347229,0.021693503484129906,-0.4216526448726654,0,2000,comp,4,80,42,1.0,0.0,walk_delay_comp
231,4.62,1.0,0.0,-0.303918719291687,0.7669297456741333,0.00801151804625988,-0.40592360496520996,0,2000,comp,4,80,42,1.0,0.0,walk_delay_comp
232,4.64,1.0,0.0,-0.3012038469314575,0.8049191832542419,-0.0032018874771893024,-0.3810711205005646,0,2000,comp,4,80,42,1.0,0.0,walk_delay_comp
233,4.66,1.0,0.0,-0.2993793487548828,0.8380255103111267,-0.016429901123046875,-0.2969115972518921,0,2000,comp,4,80,42,1.0,0.0,walk_delay_comp
234,4.68,1.0,0.0,-0.2981191873550415,0.8670461773872375,-0.03590496629476547,-0.24311479926109314,0,2000,comp,4,80,42,1.0,0.0,walk_delay_comp
235,4.7,1.0,0.0,-0.296328067779541,0.8908551335334778,-0.057148613035678864,-0.23228278756141663,0,2000,comp,4,80,42,1.0,0.0,walk_delay_comp
236,4.72,1.0,0.0,-0.2944439649581909,0.9096121788024902,-0.07584082335233688,-0.18181709945201874,0,2000,comp,4,80,42,1.0,0.0,walk_delay_comp
237,4.74,1.0,0.0,-0.29182708263397217,0.8472463488578796,-0.044087544083595276,-0.17530500888824463,0,2000,comp,4,80,42,1.0,0.0,walk_delay_comp
238,4.76,1.0,0.0,-0.293129563331604,0.7844318151473999,0.0076333824545145035,0.24544265866279602,0,2000,comp,4,80,42,1.0,0.0,walk_delay_comp
239,4.78,1.0,0.0,-0.2968512773513794,0.7357387542724609,0.04204710200428963,0.13635513186454773,0,2000,comp,4,80,42,1.0,0.0,walk_delay_comp
240,4.8,1.0,0.0,-0.2982609272003174,0.7106301784515381,0.06564074754714966,-0.27721166610717773,0,2000,comp,4,80,42,1.0,0.0,walk_delay_comp
241,4.82,1.0,0.0,-0.29463422298431396,0.6995272636413574,0.08130675554275513,-0.8254573345184326,0,2000,comp,4,80,42,1.0,0.0,walk_delay_comp
242,4.84,1.0,0.0,-0.28749990463256836,0.6906830668449402,0.10018670558929443,-0.984161913394928,0,2000,comp,4,80,42,1.0,0.0,walk_delay_comp
243,4.86,1.0,0.0,-0.28028035163879395,0.6797980070114136,0.12604498863220215,-0.8374265432357788,0,2000,comp,4,80,42,1.0,0.0,walk_delay_comp
244,4.88,1.0,0.0,-0.27612340450286865,0.6660153865814209,0.14686259627342224,-0.35741570591926575,0,2000,comp,4,80,42,1.0,0.0,walk_delay_comp
245,4.9,1.0,0.0,-0.27675342559814453,0.6435601711273193,0.1655455380678177,0.07337287813425064,0,2000,comp,4,80,42,1.0,0.0,walk_delay_comp
246,4.92,1.0,0.0,-0.27926313877105713,0.6332570910453796,0.17810648679733276,0.160039022564888,0,2000,comp,4,80,42,1.0,0.0,walk_delay_comp
247,4.94,1.0,0.0,-0.2829188108444214,0.6262791156768799,0.19176267087459564,0.3047994375228882,0,2000,comp,4,80,42,1.0,0.0,walk_delay_comp
248,4.96,1.0,0.0,-0.28704965114593506,0.6339926719665527,0.20543518662452698,0.3166964054107666,0,2000,comp,4,80,42,1.0,0.0,walk_delay_comp
249,4.98,1.0,0.0,-0.2907850742340088,0.6660052537918091,0.21564815938472748,0.3462139070034027,0,2000,comp,4,80,42,1.0,0.0,walk_delay_comp
250,5.0,1.0,0.0,-0.29327118396759033,0.6878183484077454,0.23393212258815765,0.17156970500946045,0,2000,comp,4,80,42,1.0,0.0,walk_delay_comp
251,5.0200000000000005,1.0,0.0,-0.2944498062133789,0.7183799147605896,0.2567758560180664,0.10733413696289062,0,2000,comp,4,80,42,1.0,0.0,walk_delay_comp
252,5.04,1.0,0.0,-0.29383742809295654,0.750575840473175,0.27614787220954895,-0.05573742091655731,0,2000,comp,4,80,42,1.0,0.0,walk_delay_comp
253,5.0600000000000005,1.0,0.0,-0.2911466360092163,0.7829225063323975,0.29937976598739624,-0.18249323964118958,0,2000,comp,4,80,42,1.0,0.0,walk_delay_comp
254,5.08,1.0,0.0,-0.2867368459701538,0.8111121654510498,0.33233442902565,-0.30208152532577515,0,2000,comp,4,80,42,1.0,0.0,walk_delay_comp
255,5.1000000000000005,1.0,0.0,-0.28161513805389404,0.8313340544700623,0.3738597333431244,-0.3414624333381653,0,2000,comp,4,80,42,1.0,0.0,walk_delay_comp
256,5.12,1.0,0.0,-0.2782520055770874,0.8405309915542603,0.4223702549934387,-0.2043074369430542,0,2000,comp,4,80,42,1.0,0.0,walk_delay_comp
257,5.14,1.0,0.0,-0.27711260318756104,0.8511078953742981,0.4660916328430176,-0.003038715571165085,0,2000,comp,4,80,42,1.0,0.0,walk_delay_comp
258,5.16,1.0,0.0,-0.2791846990585327,0.792637825012207,0.4469206929206848,0.4894248843193054,0,2000,comp,4,80,42,1.0,0.0,walk_delay_comp
259,5.18,1.0,0.0,-0.2793995141983032,0.7364256978034973,0.3561910390853882,-0.20702576637268066,0,2000,comp,4,80,42,1.0,0.0,walk_delay_comp
260,5.2,1.0,0.0,-0.27371227741241455,0.6789401769638062,0.28244075179100037,-0.4981217384338379,0,2000,comp,4,80,42,1.0,0.0,walk_delay_comp
261,5.22,1.0,0.0,-0.2669808864593506,0.6475948691368103,0.23309199512004852,-0.3413294553756714,0,2000,comp,4,80,42,1.0,0.0,walk_delay_comp
262,5.24,1.0,0.0,-0.26352405548095703,0.6445105075836182,0.20328213274478912,0.09266535937786102,0,2000,comp,4,80,42,1.0,0.0,walk_delay_comp
263,5.26,1.0,0.0,-0.26378118991851807,0.6525825262069702,0.17736400663852692,0.36943066120147705,0,2000,comp,4,80,42,1.0,0.0,walk_delay_comp
264,5.28,1.0,0.0,-0.26548266410827637,0.6648702621459961,0.14572788774967194,0.2917797565460205,0,2000,comp,4,80,42,1.0,0.0,walk_delay_comp
265,5.3,1.0,0.0,-0.2640562057495117,0.6633705496788025,0.1137751117348671,-0.17705325782299042,0,2000,comp,4,80,42,1.0,0.0,walk_delay_comp
266,5.32,1.0,0.0,-0.2584803104400635,0.6494781970977783,0.09144940227270126,-0.5312671065330505,0,2000,comp,4,80,42,1.0,0.0,walk_delay_comp
267,5.34,1.0,0.0,-0.2516125440597534,0.638216495513916,0.07882285118103027,-0.567355751991272,0,2000,comp,4,80,42,1.0,0.0,walk_delay_comp
268,5.36,1.0,0.0,-0.2452632188796997,0.635303795337677,0.06678520143032074,-0.5151892304420471,0,2000,comp,4,80,42,1.0,0.0,walk_delay_comp
269,5.38,1.0,0.0,-0.24083220958709717,0.6531186699867249,0.05700087174773216,-0.33211463689804077,0,2000,comp,4,80,42,1.0,0.0,walk_delay_comp
270,5.4,1.0,0.0,-0.2372974157333374,0.676712155342102,0.040982671082019806,-0.3218492567539215,0,2000,comp,4,80,42,1.0,0.0,walk_delay_comp
271,5.42,1.0,0.0,-0.233847975730896,0.7044333815574646,0.026574229821562767,-0.3574294447898865,0,2000,comp,4,80,42,1.0,0.0,walk_delay_comp
272,5.44,1.0,0.0,-0.23013675212860107,0.7244890928268433,0.008234662935137749,-0.39424407482147217,0,2000,comp,4,80,42,1.0,0.0,walk_delay_comp
273,5.46,1.0,0.0,-0.22666728496551514,0.7541278600692749,-0.006947502493858337,-0.39424222707748413,0,2000,comp,4,80,42,1.0,0.0,walk_delay_comp
274,5.48,1.0,0.0,-0.22360002994537354,0.7906345725059509,-0.02049873396754265,-0.406048983335495,0,2000,comp,4,80,42,1.0,0.0,walk_delay_comp
275,5.5,1.0,0.0,-0.2213916778564453,0.8267718553543091,-0.03386092558503151,-0.3271796405315399,0,2000,comp,4,80,42,1.0,0.0,walk_delay_comp
276,5.5200000000000005,1.0,0.0,-0.22020232677459717,0.8586885333061218,-0.051718819886446,-0.24210816621780396,0,2000,comp,4,80,42,1.0,0.0,walk_delay_comp
277,5.54,1.0,0.0,-0.219132661819458,0.88375324010849,-0.07399869710206985,-0.19824029505252838,0,2000,comp,4,80,42,1.0,0.0,walk_delay_comp
278,5.5600000000000005,1.0,0.0,-0.21748030185699463,0.9036146402359009,-0.09635195881128311,-0.1754540205001831,0,2000,comp,4,80,42,1.0,0.0,walk_delay_comp
279,5.58,1.0,0.0,-0.2160322666168213,0.9061964154243469,-0.11115585267543793,-0.26066869497299194,0,2000,comp,4,80,42,1.0,0.0,walk_delay_comp
280,5.6000000000000005,1.0,0.0,-0.21383368968963623,0.8155970573425293,-0.04250587895512581,0.07352346181869507,0,2000,comp,4,80,42,1.0,0.0,walk_delay_comp
281,5.62,1.0,0.0,-0.2170339822769165,0.7567819356918335,0.0013808939838781953,0.26320356130599976,0,2000,comp,4,80,42,1.0,0.0,walk_delay_comp
282,5.64,1.0,0.0,-0.2205270528793335,0.7189782857894897,0.031563933938741684,0.02005702443420887,0,2000,comp,4,80,42,1.0,0.0,walk_delay_comp
283,5.66,1.0,0.0,-0.2206059694290161,0.7023394703865051,0.051774073392152786,-0.44083356857299805,0,2000,comp,4,80,42,1.0,0.0,walk_delay_comp
284,5.68,1.0,0.0,-0.21574604511260986,0.6943252086639404,0.06604310125112534,-0.888863205909729,0,2000,comp,4,80,42,1.0,0.0,walk_delay_comp
285,5.7,1.0,0.0,-0.20873594284057617,0.6822930574417114,0.08914472162723541,-0.8650202751159668,0,2000,comp,4,80,42,1.0,0.0,walk_delay_comp
286,5.72,1.0,0.0,-0.20362985134124756,0.674351692199707,0.11312207579612732,-0.5410465002059937,0,2000,comp,4,80,42,1.0,0.0,walk_delay_comp
287,5.74,1.0,0.0,-0.2023547887802124,0.6539019346237183,0.13548783957958221,-0.09237204492092133,0,2000,comp,4,80,42,1.0,0.0,walk_delay_comp
288,5.76,1.0,0.0,-0.20432841777801514,0.6366091966629028,0.15226495265960693,0.15225733816623688,0,2000,comp,4,80,42,1.0,0.0,walk_delay_comp
289,5.78,1.0,0.0,-0.20784485340118408,0.6318392157554626,0.164186492562294,0.2920369505882263,0,2000,comp,4,80,42,1.0,0.0,walk_delay_comp
290,5.8,1.0,0.0,-0.2124345302581787,0.6322843432426453,0.17565058171749115,0.37558257579803467,0,2000,comp,4,80,42,1.0,0.0,walk_delay_comp
291,5.82,1.0,0.0,-0.21636486053466797,0.650475800037384,0.187015563249588,0.30575281381607056,0,2000,comp,4,80,42,1.0,0.0,walk_delay_comp
292,5.84,1.0,0.0,-0.21959614753723145,0.6779496073722839,0.20328973233699799,0.27961796522140503,0,2000,comp,4,80,42,1.0,0.0,walk_delay_comp
293,5.86,1.0,0.0,-0.22157371044158936,0.701360821723938,0.22349457442760468,0.13428205251693726,0,2000,comp,4,80,42,1.0,0.0,walk_delay_comp
294,5.88,1.0,0.0,-0.22181713581085205,0.7341221570968628,0.24222370982170105,0.029781676828861237,0,2000,comp,4,80,42,1.0,0.0,walk_delay_comp
295,5.9,1.0,0.0,-0.22043156623840332,0.7656944394111633,0.26211196184158325,-0.08241096884012222,0,2000,comp,4,80,42,1.0,0.0,walk_delay_comp
296,5.92,1.0,0.0,-0.21724319458007812,0.7959919571876526,0.2878808379173279,-0.19950005412101746,0,2000,comp,4,80,42,1.0,0.0,walk_delay_comp
297,5.94,1.0,0.0,-0.21265196800231934,0.8202028870582581,0.32387015223503113,-0.29241234064102173,0,2000,comp,4,80,42,1.0,0.0,walk_delay_comp
298,5.96,1.0,0.0,-0.20887422561645508,0.8344496488571167,0.3681122660636902,-0.208195760846138,0,2000,comp,4,80,42,1.0,0.0,walk_delay_comp
299,5.98,1.0,0.0,-0.20735538005828857,0.8427650928497314,0.41269561648368835,-0.048167429864406586,0,2000,comp,4,80,42,1.0,0.0,walk_delay_comp
300,6.0,1.0,0.0,-0.20764386653900146,0.8537426590919495,0.44789403676986694,0.14990760385990143,0,2000,comp,4,80,42,1.0,0.0,walk_delay_comp
301,6.0200000000000005,1.0,0.0,-0.2106844186782837,0.7793173789978027,0.3772546648979187,0.15951307117938995,0,2000,comp,4,80,42,1.0,0.0,walk_delay_comp
302,6.04,1.0,0.0,-0.2076660394668579,0.7188920378684998,0.2976474165916443,-0.4072534441947937,0,2000,comp,4,80,42,1.0,0.0,walk_delay_comp
303,6.0600000000000005,1.0,0.0,-0.2008514404296875,0.6718910336494446,0.23577873408794403,-0.4666305184364319,0,2000,comp,4,80,42,1.0,0.0,walk_delay_comp
304,6.08,1.0,0.0,-0.19532668590545654,0.6533942818641663,0.1978154480457306,-0.1318880319595337,0,2000,comp,4,80,42,1.0,0.0,walk_delay_comp
305,6.1000000000000005,1.0,0.0,-0.1938546895980835,0.6552124619483948,0.1706600934267044,0.27141904830932617,0,2000,comp,4,80,42,1.0,0.0,walk_delay_comp
306,6.12,1.0,0.0,-0.19520390033721924,0.6640872955322266,0.14476042985916138,0.3777618408203125,0,2000,comp,4,80,42,1.0,0.0,walk_delay_comp
307,6.140000000000001,1.0,0.0,-0.1956108808517456,0.6722916960716248,0.11124906688928604,0.0767073780298233,0,2000,comp,4,80,42,1.0,0.0,walk_delay_comp
308,6.16,1.0,0.0,-0.192191481590271,0.6622798442840576,0.08258898556232452,-0.3457287549972534,0,2000,comp,4,80,42,1.0,0.0,walk_delay_comp
309,6.18,1.0,0.0,-0.18638861179351807,0.654889702796936,0.0663672462105751,-0.49154871702194214,0,2000,comp,4,80,42,1.0,0.0,walk_delay_comp
310,6.2,1.0,0.0,-0.1803532838821411,0.6462328433990479,0.055781856179237366,-0.4888530969619751,0,2000,comp,4,80,42,1.0,0.0,walk_delay_comp
311,6.22,1.0,0.0,-0.17526304721832275,0.6539840698242188,0.04584755375981331,-0.41762617230415344,0,2000,comp,4,80,42,1.0,0.0,walk_delay_comp
312,6.24,1.0,0.0,-0.17135930061340332,0.6722071766853333,0.03131141886115074,-0.3240904211997986,0,2000,comp,4,80,42,1.0,0.0,walk_delay_comp
313,6.26,1.0,0.0,-0.16811096668243408,0.6946132183074951,0.016272446140646935,-0.3092949092388153,0,2000,comp,4,80,42,1.0,0.0,walk_delay_comp
314,6.28,1.0,0.0,-0.16461598873138428,0.7245960235595703,-0.0004795972490683198,-0.3741578459739685,0,2000,comp,4,80,42,1.0,0.0,walk_delay_comp
315,6.3,1.0,0.0,-0.16116058826446533,0.7492907643318176,-0.01988118514418602,-0.3595845103263855,0,2000,comp,4,80,42,1.0,0.0,walk_delay_comp
316,6.32,1.0,0.0,-0.15841734409332275,0.7854011058807373,-0.034607525914907455,-0.3347906768321991,0,2000,comp,4,80,42,1.0,0.0,walk_delay_comp
317,6.34,1.0,0.0,-0.15653932094573975,0.824562668800354,-0.04820384457707405,-0.29560190439224243,0,2000,comp,4,80,42,1.0,0.0,walk_delay_comp
318,6.36,1.0,0.0,-0.15561950206756592,0.859452486038208,-0.06545628607273102,-0.20592041313648224,0,2000,comp,4,80,42,1.0,0.0,walk_delay_comp
319,6.38,1.0,0.0,-0.1552184820175171,0.8895333409309387,-0.08797886967658997,-0.15146148204803467,0,2000,comp,4,80,42,1.0,0.0,walk_delay_comp
320,6.4,1.0,0.0,-0.15435802936553955,0.9124783277511597,-0.1132962703704834,-0.13110622763633728,0,2000,comp,4,80,42,1.0,0.0,walk_delay_comp
321,6.42,1.0,0.0,-0.15332019329071045,0.9281851053237915,-0.1356894075870514,-0.11416962742805481,0,2000,comp,4,80,42,1.0,0.0,walk_delay_comp
322,6.44,1.0,0.0,-0.15087890625,0.8493600487709045,-0.09093476086854935,-0.11794683337211609,0,2000,comp,4,80,42,1.0,0.0,walk_delay_comp
323,6.46,1.0,0.0,-0.15319085121154785,0.7862985134124756,-0.03508472815155983,0.3350468575954437,0,2000,comp,4,80,42,1.0,0.0,walk_delay_comp
324,6.48,1.0,0.0,-0.15780293941497803,0.736976146697998,-0.00038845743983983994,0.20477135479450226,0,2000,comp,4,80,42,1.0,0.0,walk_delay_comp
325,6.5,1.0,0.0,-0.15958178043365479,0.7122524380683899,0.025237571448087692,-0.26119303703308105,0,2000,comp,4,80,42,1.0,0.0,walk_delay_comp
326,6.5200000000000005,1.0,0.0,-0.1562662124633789,0.7036576867103577,0.03972779959440231,-0.793552041053772,0,2000,comp,4,80,42,1.0,0.0,walk_delay_comp
327,6.54,1.0,0.0,-0.14938688278198242,0.6976382732391357,0.05716225877404213,-0.9440126419067383,0,2000,comp,4,80,42,1.0,0.0,walk_delay_comp
328,6.5600000000000005,1.0,0.0,-0.14271509647369385,0.6861670017242432,0.08576454222202301,-0.7653590440750122,0,2000,comp,4,80,42,1.0,0.0,walk_delay_comp
329,6.58,1.0,0.0,-0.1394292116165161,0.6708127856254578,0.10876894742250443,-0.2657164931297302,0,2000,comp,4,80,42,1.0,0.0,walk_delay_comp
330,6.6000000000000005,1.0,0.0,-0.14104878902435303,0.6491094827651978,0.12769900262355804,0.16620227694511414,0,2000,comp,4,80,42,1.0,0.0,walk_delay_comp
331,6.62,1.0,0.0,-0.14464497566223145,0.6398871541023254,0.1401459127664566,0.26514866948127747,0,2000,comp,4,80,42,1.0,0.0,walk_delay_comp
332,6.640000000000001,1.0,0.0,-0.14935672283172607,0.6331743001937866,0.15413808822631836,0.39811772108078003,0,2000,comp,4,80,42,1.0,0.0,walk_delay_comp
333,6.66,1.0,0.0,-0.15394318103790283,0.6397093534469604,0.1662350445985794,0.3477763533592224,0,2000,comp,4,80,42,1.0,0.0,walk_delay_comp
334,6.68,1.0,0.0,-0.1579645872116089,0.6692817211151123,0.17685672640800476,0.3791561722755432,0,2000,comp,4,80,42,1.0,0.0,walk_delay_comp
335,6.7,1.0,0.0,-0.1610316038131714,0.689811110496521,0.19573375582695007,0.230034738779068,0,2000,comp,4,80,42,1.0,0.0,walk_delay_comp
336,6.72,1.0,0.0,-0.1627190113067627,0.7186351418495178,0.21690529584884644,0.14190587401390076,0,2000,comp,4,80,42,1.0,0.0,walk_delay_comp
337,6.74,1.0,0.0,-0.16277694702148438,0.7507320046424866,0.23523057997226715,0.017920009791851044,0,2000,comp,4,80,42,1.0,0.0,walk_delay_comp
338,6.76,1.0,0.0,-0.16098392009735107,0.7830202579498291,0.25517645478248596,-0.0993046909570694,0,2000,comp,4,80,42,1.0,0.0,walk_delay_comp
339,6.78,1.0,0.0,-0.1575336456298828,0.8116517663002014,0.2837810218334198,-0.20621682703495026,0,2000,comp,4,80,42,1.0,0.0,walk_delay_comp
340,6.8,1.0,0.0,-0.1535184383392334,0.8337773680686951,0.3210235834121704,-0.21669480204582214,0,2000,comp,4,80,42,1.0,0.0,walk_delay_comp
341,6.82,1.0,0.0,-0.1511455774307251,0.842333972454071,0.3648170232772827,-0.1185600608587265,0,2000,comp,4,80,42,1.0,0.0,walk_delay_comp
342,6.84,1.0,0.0,-0.15055310726165771,0.8521385192871094,0.4046657681465149,0.02373730204999447,0,2000,comp,4,80,42,1.0,0.0,walk_delay_comp
343,6.86,1.0,0.0,-0.15235531330108643,0.8133825659751892,0.4054008424282074,0.4534999132156372,0,2000,comp,4,80,42,1.0,0.0,walk_delay_comp
344,6.88,1.0,0.0,-0.15358126163482666,0.7544631361961365,0.31021806597709656,-0.09156610071659088,0,2000,comp,4,80,42,1.0,0.0,walk_delay_comp
345,6.9,1.0,0.0,-0.14901065826416016,0.7004721164703369,0.23907198011875153,-0.4034365117549896,0,2000,comp,4,80,42,1.0,0.0,walk_delay_comp
346,6.92,1.0,0.0,-0.14316999912261963,0.6691119074821472,0.18960511684417725,-0.24980804324150085,0,2000,comp,4,80,42,1.0,0.0,walk_delay_comp
347,6.94,1.0,0.0,-0.14025819301605225,0.6660298109054565,0.16230542957782745,0.15235382318496704,0,2000,comp,4,80,42,1.0,0.0,walk_delay_comp
348,6.96,1.0,0.0,-0.14055347442626953,0.6734076142311096,0.13283513486385345,0.36823341250419617,0,2000,comp,4,80,42,1.0,0.0,walk_delay_comp
349,6.98,1.0,0.0,-0.14252746105194092,0.6854004859924316,0.104749396443367,0.35946667194366455,0,2000,comp,4,80,42,1.0,0.0,walk_delay_comp
350,7.0,1.0,0.0,-0.1420074701309204,0.6870692372322083,0.07461177557706833,-0.0768275260925293,0,2000,comp,4,80,42,1.0,0.0,walk_delay_comp
351,7.0200000000000005,1.0,0.0,-0.13753068447113037,0.6729393005371094,0.05278317257761955,-0.4173082411289215,0,2000,comp,4,80,42,1.0,0.0,walk_delay_comp
352,7.04,1.0,0.0,-0.13166511058807373,0.6636337637901306,0.03996485844254494,-0.47867876291275024,0,2000,comp,4,80,42,1.0,0.0,walk_delay_comp
353,7.0600000000000005,1.0,0.0,-0.126120924949646,0.6624213457107544,0.028641795739531517,-0.45535367727279663,0,2000,comp,4,80,42,1.0,0.0,walk_delay_comp
354,7.08,1.0,0.0,-0.12205302715301514,0.6844331622123718,0.018555819988250732,-0.3208162188529968,0,2000,comp,4,80,42,1.0,0.0,walk_delay_comp
355,7.1000000000000005,1.0,0.0,-0.11859750747680664,0.7096465826034546,0.0015794364735484123,-0.30382511019706726,0,2000,comp,4,80,42,1.0,0.0,walk_delay_comp
356,7.12,1.0,0.0,-0.11540448665618896,0.7397214770317078,-0.011546318419277668,-0.33544567227363586,0,2000,comp,4,80,42,1.0,0.0,walk_delay_comp
357,7.140000000000001,1.0,0.0,-0.11163878440856934,0.7603335976600647,-0.031156495213508606,-0.4154977798461914,0,2000,comp,4,80,42,1.0,0.0,walk_delay_comp
358,7.16,1.0,0.0,-0.10811746120452881,0.790585994720459,-0.04707930609583855,-0.39061594009399414,0,2000,comp,4,80,42,1.0,0.0,walk_delay_comp
359,7.18,1.0,0.0,-0.10522758960723877,0.8287850618362427,-0.061560194939374924,-0.38591524958610535,0,2000,comp,4,80,42,1.0,0.0,walk_delay_comp
360,7.2,1.0,0.0,-0.10335886478424072,0.8662834167480469,-0.07770027220249176,-0.2946721911430359,0,2000,comp,4,80,42,1.0,0.0,walk_delay_comp
361,7.22,1.0,0.0,-0.10250222682952881,0.8980556726455688,-0.0996863916516304,-0.192219540476799,0,2000,comp,4,80,42,1.0,0.0,walk_delay_comp
362,7.24,1.0,0.0,-0.10214793682098389,0.9226233959197998,-0.12543638050556183,-0.08849713206291199,0,2000,comp,4,80,42,1.0,0.0,walk_delay_comp
363,7.26,1.0,0.0,-0.10167324542999268,0.9416835904121399,-0.15205499529838562,-0.04614473134279251,0,2000,comp,4,80,42,1.0,0.0,walk_delay_comp
364,7.28,1.0,0.0,-0.10047852993011475,0.8930721879005432,-0.13003134727478027,-0.4875301122665405,0,2000,comp,4,80,42,1.0,0.0,walk_delay_comp
365,7.3,1.0,0.0,-0.10050702095031738,0.8315616846084595,-0.06829919666051865,0.2286529690027237,0,2000,comp,4,80,42,1.0,0.0,walk_delay_comp
366,7.32,1.0,0.0,-0.10472393035888672,0.7762712240219116,-0.021752480417490005,0.32835066318511963,0,2000,comp,4,80,42,1.0,0.0,walk_delay_comp
367,7.34,1.0,0.0,-0.10850036144256592,0.7448113560676575,0.010665114969015121,0.015863945707678795,0,2000,comp,4,80,42,1.0,0.0,walk_delay_comp
368,7.36,1.0,0.0,-0.1081305742263794,0.7350826859474182,0.03018173575401306,-0.5141277313232422,0,2000,comp,4,80,42,1.0,0.0,walk_delay_comp
369,7.38,1.0,0.0,-0.10381579399108887,0.7314019799232483,0.04481298103928566,-0.7630343437194824,0,2000,comp,4,80,42,1.0,0.0,walk_delay_comp
370,7.4,1.0,0.0,-0.09713828563690186,0.7250165343284607,0.06606879085302353,-0.8982667326927185,0,2000,comp,4,80,42,1.0,0.0,walk_delay_comp
371,7.42,1.0,0.0,-0.09183228015899658,0.7135292887687683,0.09342842549085617,-0.5130571126937866,0,2000,comp,4,80,42,1.0,0.0,walk_delay_comp
372,7.44,1.0,0.0,-0.09092557430267334,0.689578652381897,0.12132564932107925,-0.08266635239124298,0,2000,comp,4,80,42,1.0,0.0,walk_delay_comp
373,7.46,1.0,0.0,-0.09283745288848877,0.6781742572784424,0.13823193311691284,0.16090144217014313,0,2000,comp,4,80,42,1.0,0.0,walk_delay_comp
374,7.48,1.0,0.0,-0.09714806079864502,0.6709949970245361,0.15232256054878235,0.40060704946517944,0,2000,comp,4,80,42,1.0,0.0,walk_delay_comp
375,7.5,1.0,0.0,-0.10248243808746338,0.6751406788825989,0.1623004525899887,0.45408961176872253,0,2000,comp,4,80,42,1.0,0.0,walk_delay_comp
376,7.5200000000000005,1.0,0.0,-0.10729706287384033,0.6993400454521179,0.1719941645860672,0.4309490919113159,0,2000,comp,4,80,42,1.0,0.0,walk_delay_comp
377,7.54,1.0,0.0,-0.11156868934631348,0.7169387340545654,0.19270458817481995,0.35106900334358215,0,2000,comp,4,80,42,1.0,0.0,walk_delay_comp
378,7.5600000000000005,1.0,0.0,-0.11503040790557861,0.7448107004165649,0.21302562952041626,0.30639296770095825,0,2000,comp,4,80,42,1.0,0.0,walk_delay_comp
379,7.58,1.0,0.0,-0.11667311191558838,0.776336133480072,0.2272154986858368,0.12752510607242584,0,2000,comp,4,80,42,1.0,0.0,walk_delay_comp
380,7.6000000000000005,1.0,0.0,-0.1163567304611206,0.8093935251235962,0.24545033276081085,0.010452335700392723,0,2000,comp,4,80,42,1.0,0.0,walk_delay_comp
381,7.62,1.0,0.0,-0.11396288871765137,0.8399208188056946,0.26929453015327454,-0.1347840130329132,0,2000,comp,4,80,42,1.0,0.0,walk_delay_comp
382,7.640000000000001,1.0,0.0,-0.11001098155975342,0.8629293441772461,0.3024738132953644,-0.2280150204896927,0,2000,comp,4,80,42,1.0,0.0,walk_delay_comp
383,7.66,1.0,0.0,-0.10686743259429932,0.8723862171173096,0.3442259430885315,-0.1694328337907791,0,2000,comp,4,80,42,1.0,0.0,walk_delay_comp
384,7.68,1.0,0.0,-0.10579955577850342,0.878872811794281,0.38552573323249817,-0.02491171285510063,0,2000,comp,4,80,42,1.0,0.0,walk_delay_comp
385,7.7,1.0,0.0,-0.10644423961639404,0.8866984844207764,0.41062071919441223,0.141275554895401,0,2000,comp,4,80,42,1.0,0.0,walk_delay_comp
386,7.72,1.0,0.0,-0.10901367664337158,0.7940183281898499,0.331556499004364,0.0659249871969223,0,2000,comp,4,80,42,1.0,0.0,walk_delay_comp
387,7.74,1.0,0.0,-0.10615408420562744,0.7348619699478149,0.2579101622104645,-0.3001548647880554,0,2000,comp,4,80,42,1.0,0.0,walk_delay_comp
388,7.76,1.0,0.0,-0.10085022449493408,0.6918644309043884,0.2030314952135086,-0.24694699048995972,0,2000,comp,4,80,42,1.0,0.0,walk_delay_comp
389,7.78,1.0,0.0,-0.09733927249908447,0.6786442995071411,0.1706293225288391,0.0932830274105072,0,2000,comp,4,80,42,1.0,0.0,walk_delay_comp
390,7.8,1.0,0.0,-0.09779083728790283,0.6874628663063049,0.14858375489711761,0.39401328563690186,0,2000,comp,4,80,42,1.0,0.0,walk_delay_comp
391,7.82,1.0,0.0,-0.09956753253936768,0.6935649514198303,0.12123209983110428,0.35331422090530396,0,2000,comp,4,80,42,1.0,0.0,walk_delay_comp
392,7.84,1.0,0.0,-0.09902143478393555,0.6979244947433472,0.08900406956672668,-0.06159164011478424,0,2000,comp,4,80,42,1.0,0.0,walk_delay_comp
393,7.86,1.0,0.0,-0.09425771236419678,0.686987042427063,0.06467518210411072,-0.48082178831100464,0,2000,comp,4,80,42,1.0,0.0,walk_delay_comp
394,7.88,1.0,0.0,-0.087593674659729,0.6816694736480713,0.05390750244259834,-0.5624607801437378,0,2000,comp,4,80,42,1.0,0.0,walk_delay_comp
395,7.9,1.0,0.0,-0.08137333393096924,0.6758726835250854,0.04607580974698067,-0.4909512400627136,0,2000,comp,4,80,42,1.0,0.0,walk_delay_comp
396,7.92,1.0,0.0,-0.07669711112976074,0.6864026188850403,0.0364622101187706,-0.35765340924263,0,2000,comp,4,80,42,1.0,0.0,walk_delay_comp
397,7.94,1.0,0.0,-0.07347095012664795,0.7089941501617432,0.021420970559120178,-0.26148486137390137,0,2000,comp,4,80,42,1.0,0.0,walk_delay_comp
398,7.96,1.0,0.0,-0.07087421417236328,0.734815239906311,0.004966589622199535,-0.24686725437641144,0,2000,comp,4,80,42,1.0,0.0,walk_delay_comp
399,7.98,1.0,0.0,-0.06791436672210693,0.7677194476127625,-0.014787856489419937,-0.3191958963871002,0,2000,comp,4,80,42,1.0,0.0,walk_delay_comp
400,8.0,1.0,0.0,-0.06501448154449463,0.797053337097168,-0.03396197780966759,-0.31050392985343933,0,2000,comp,4,80,42,1.0,0.0,walk_delay_comp
401,8.02,1.0,0.0,-0.06292080879211426,0.8351474404335022,-0.048173412680625916,-0.2647485136985779,0,2000,comp,4,80,42,1.0,0.0,walk_delay_comp
402,8.040000000000001,1.0,0.0,-0.0619429349899292,0.8756115436553955,-0.062208812683820724,-0.20187003910541534,0,2000,comp,4,80,42,1.0,0.0,walk_delay_comp
403,8.06,1.0,0.0,-0.061932921409606934,0.9115124940872192,-0.08068038523197174,-0.11777637153863907,0,2000,comp,4,80,42,1.0,0.0,walk_delay_comp
404,8.08,1.0,0.0,-0.06220448017120361,0.9407472014427185,-0.10374379903078079,-0.07819829881191254,0,2000,comp,4,80,42,1.0,0.0,walk_delay_comp
405,8.1,1.0,0.0,-0.06197047233581543,0.9645031094551086,-0.12934891879558563,-0.052272967994213104,0,2000,comp,4,80,42,1.0,0.0,walk_delay_comp
406,8.120000000000001,1.0,0.0,-0.061678290367126465,0.9791159629821777,-0.15058137476444244,-0.04773467779159546,0,2000,comp,4,80,42,1.0,0.0,walk_delay_comp
407,8.14,1.0,0.0,-0.05942988395690918,0.8757361173629761,-0.08626656234264374,0.0060407668352127075,0,2000,comp,4,80,42,1.0,0.0,walk_delay_comp
408,8.16,1.0,0.0,-0.062471866607666016,0.8073223829269409,-0.031077878549695015,0.3569985032081604,0,2000,comp,4,80,42,1.0,0.0,walk_delay_comp
409,8.18,1.0,0.0,-0.06693589687347412,0.7561269402503967,0.004204134456813335,0.15924228727817535,0,2000,comp,4,80,42,1.0,0.0,walk_delay_comp
410,8.2,1.0,0.0,-0.06829583644866943,0.7304315567016602,0.02660452201962471,-0.3137500584125519,0,2000,comp,4,80,42,1.0,0.0,walk_delay_comp
411,8.22,1.0,0.0,-0.06415820121765137,0.7231720685958862,0.04248682036995888,-0.8681552410125732,0,2000,comp,4,80,42,1.0,0.0,walk_delay_comp
412,8.24,1.0,0.0,-0.05667531490325928,0.7168242335319519,0.06189851835370064,-0.9680929183959961,0,2000,comp,4,80,42,1.0,0.0,walk_delay_comp
413,8.26,1.0,0.0,-0.05039060115814209,0.7012904286384583,0.09186482429504395,-0.661945104598999,0,2000,comp,4,80,42,1.0,0.0,walk_delay_comp
414,8.28,1.0,0.0,-0.04827773571014404,0.683967649936676,0.11451134085655212,-0.13388103246688843,0,2000,comp,4,80,42,1.0,0.0,walk_delay_comp
415,8.3,1.0,0.0,-0.05088365077972412,0.6597532629966736,0.13310760259628296,0.2552378177642822,0,2000,comp,4,80,42,1.0,0.0,walk_delay_comp
416,8.32,1.0,0.0,-0.05506622791290283,0.6485491394996643,0.14519697427749634,0.31055259704589844,0,2000,comp,4,80,42,1.0,0.0,walk_delay_comp
417,8.34,1.0,0.0,-0.06002247333526611,0.6417940258979797,0.1584591418504715,0.4219253659248352,0,2000,comp,4,80,42,1.0,0.0,walk_delay_comp
418,8.36,1.0,0.0,-0.06477522850036621,0.6505289077758789,0.1712106466293335,0.36633214354515076,0,2000,comp,4,80,42,1.0,0.0,walk_delay_comp
419,8.38,1.0,0.0,-0.06886184215545654,0.6795621514320374,0.1835021823644638,0.37497678399086,0,2000,comp,4,80,42,1.0,0.0,walk_delay_comp
420,8.4,1.0,0.0,-0.07191121578216553,0.6996822357177734,0.20276571810245514,0.2315569519996643,0,2000,comp,4,80,42,1.0,0.0,walk_delay_comp
421,8.42,1.0,0.0,-0.07368409633636475,0.730559229850769,0.22301220893859863,0.1654658317565918,0,2000,comp,4,80,42,1.0,0.0,walk_delay_comp
422,8.44,1.0,0.0,-0.07379794120788574,0.7609393000602722,0.2412201315164566,0.0153542784973979,0,2000,comp,4,80,42,1.0,0.0,walk_delay_comp
423,8.46,1.0,0.0,-0.07205021381378174,0.7925457954406738,0.26227396726608276,-0.07893744856119156,0,2000,comp,4,80,42,1.0,0.0,walk_delay_comp
424,8.48,1.0,0.0,-0.069083571434021,0.8219524621963501,0.2912234663963318,-0.13373376429080963,0,2000,comp,4,80,42,1.0,0.0,walk_delay_comp
425,8.5,1.0,0.0,-0.06561911106109619,0.8411474823951721,0.3277519941329956,-0.17009714245796204,0,2000,comp,4,80,42,1.0,0.0,walk_delay_comp
426,8.52,1.0,0.0,-0.06403875350952148,0.8491151928901672,0.3716001808643341,-0.028324339538812637,0,2000,comp,4,80,42,1.0,0.0,walk_delay_comp
427,8.540000000000001,1.0,0.0,-0.06448030471801758,0.8586951494216919,0.410294771194458,0.1260991096496582,0,2000,comp,4,80,42,1.0,0.0,walk_delay_comp
428,8.56,1.0,0.0,-0.06715333461761475,0.8053724765777588,0.3865344226360321,0.5476692318916321,0,2000,comp,4,80,42,1.0,0.0,walk_delay_comp
429,8.58,1.0,0.0,-0.06789445877075195,0.7515932321548462,0.3053241968154907,-0.15146492421627045,0,2000,comp,4,80,42,1.0,0.0,walk_delay_comp
430,8.6,1.0,0.0,-0.06305265426635742,0.6957706212997437,0.23526741564273834,-0.3938741087913513,0,2000,comp,4,80,42,1.0,0.0,walk_delay_comp
431,8.620000000000001,1.0,0.0,-0.05746257305145264,0.6652241349220276,0.18768765032291412,-0.18613871932029724,0,2000,comp,4,80,42,1.0,0.0,walk_delay_comp
432,8.64,1.0,0.0,-0.0552898645401001,0.6633713841438293,0.1590353399515152,0.24163764715194702,0,2000,comp,4,80,42,1.0,0.0,walk_delay_comp
433,8.66,1.0,0.0,-0.056960225105285645,0.6727216839790344,0.13403421640396118,0.5240307450294495,0,2000,comp,4,80,42,1.0,0.0,walk_delay_comp
434,8.68,1.0,0.0,-0.059825778007507324,0.6837479472160339,0.10230330377817154,0.40715616941452026,0,2000,comp,4,80,42,1.0,0.0,walk_delay_comp
435,8.700000000000001,1.0,0.0,-0.05931210517883301,0.6804118752479553,0.07057198137044907,-0.09184470772743225,0,2000,comp,4,80,42,1.0,0.0,walk_delay_comp
436,8.72,1.0,0.0,-0.05444037914276123,0.6678121089935303,0.0489785261452198,-0.47237682342529297,0,2000,comp,4,80,42,1.0,0.0,walk_delay_comp
437,8.74,1.0,0.0,-0.048159003257751465,0.6584847569465637,0.03877374157309532,-0.5161750912666321,0,2000,comp,4,80,42,1.0,0.0,walk_delay_comp
438,8.76,1.0,0.0,-0.042439937591552734,0.6570653915405273,0.028364473953843117,-0.4519715905189514,0,2000,comp,4,80,42,1.0,0.0,walk_delay_comp
439,8.78,1.0,0.0,-0.03876173496246338,0.6743599772453308,0.01889248751103878,-0.2534158527851105,0,2000,comp,4,80,42,1.0,0.0,walk_delay_comp
440,8.8,1.0,0.0,-0.03604423999786377,0.7001702785491943,0.002183272037655115,-0.24295373260974884,0,2000,comp,4,80,42,1.0,0.0,walk_delay_comp
441,8.82,1.0,0.0,-0.03327596187591553,0.7299714684486389,-0.014942791312932968,-0.28253617882728577,0,2000,comp,4,80,42,1.0,0.0,walk_delay_comp
442,8.84,1.0,0.0,-0.030348896980285645,0.7543532252311707,-0.036154165863990784,-0.30526116490364075,0,2000,comp,4,80,42,1.0,0.0,walk_delay_comp
443,8.86,1.0,0.0,-0.027773737907409668,0.7876720428466797,-0.05341934412717819,-0.30531832575798035,0,2000,comp,4,80,42,1.0,0.0,walk_delay_comp
444,8.88,1.0,0.0,-0.025794029235839844,0.8256170153617859,-0.06829262524843216,-0.29007261991500854,0,2000,comp,4,80,42,1.0,0.0,walk_delay_comp
445,8.9,1.0,0.0,-0.02496159076690674,0.8628013134002686,-0.08464379608631134,-0.18262623250484467,0,2000,comp,4,80,42,1.0,0.0,walk_delay_comp
446,8.92,1.0,0.0,-0.025145530700683594,0.8959015607833862,-0.10746706277132034,-0.0987054705619812,0,2000,comp,4,80,42,1.0,0.0,walk_delay_comp
447,8.94,1.0,0.0,-0.025449395179748535,0.9206366539001465,-0.13411331176757812,-0.048504266887903214,0,2000,comp,4,80,42,1.0,0.0,walk_delay_comp
448,8.96,1.0,0.0,-0.02531421184539795,0.9393126368522644,-0.16164235770702362,-0.030557934194803238,0,2000,comp,4,80,42,1.0,0.0,walk_delay_comp
449,8.98,1.0,0.0,-0.02438652515411377,0.8847549557685852,-0.15424107015132904,-0.5929245948791504,0,2000,comp,4,80,42,1.0,0.0,walk_delay_comp
450,9.0,1.0,0.0,-0.024330735206604004,0.820606529712677,-0.0894424319267273,0.31073516607284546,0,2000,comp,4,80,42,1.0,0.0,walk_delay_comp
451,9.02,1.0,0.0,-0.029759526252746582,0.7591245770454407,-0.04125042259693146,0.4504258632659912,0,2000,comp,4,80,42,1.0,0.0,walk_delay_comp
452,9.040000000000001,1.0,0.0,-0.03475630283355713,0.7214096784591675,-0.009472799487411976,0.1394008845090866,0,2000,comp,4,80,42,1.0,0.0,walk_delay_comp
453,9.06,1.0,0.0,-0.0355987548828125,0.7067230939865112,0.010214024223387241,-0.3921241760253906,0,2000,comp,4,80,42,1.0,0.0,walk_delay_comp
454,9.08,1.0,0.0,-0.03193867206573486,0.7037138342857361,0.024632969871163368,-0.7272127866744995,0,2000,comp,4,80,42,1.0,0.0,walk_delay_comp
455,9.1,1.0,0.0,-0.02543032169342041,0.6953192353248596,0.04670560732483864,-0.8902962803840637,0,2000,comp,4,80,42,1.0,0.0,walk_delay_comp
456,9.120000000000001,1.0,0.0,-0.020014166831970215,0.6852013468742371,0.07422874122858047,-0.519503653049469,0,2000,comp,4,80,42,1.0,0.0,walk_delay_comp
457,9.14,1.0,0.0,-0.01914691925048828,0.6595452427864075,0.10256510227918625,-0.0677262619137764,0,2000,comp,4,80,42,1.0,0.0,walk_delay_comp
458,9.16,1.0,0.0,-0.021245598793029785,0.6484474539756775,0.11767589300870895,0.18030443787574768,0,2000,comp,4,80,42,1.0,0.0,walk_delay_comp
459,9.18,1.0,0.0,-0.025749802589416504,0.6419106721878052,0.13132059574127197,0.4215990900993347,0,2000,comp,4,80,42,1.0,0.0,walk_delay_comp
460,9.200000000000001,1.0,0.0,-0.03120577335357666,0.6434150338172913,0.14094440639019012,0.46462443470954895,0,2000,comp,4,80,42,1.0,0.0,walk_delay_comp
461,9.22,1.0,0.0,-0.03600442409515381,0.6641631722450256,0.1507439762353897,0.4234008193016052,0,2000,comp,4,80,42,1.0,0.0,walk_delay_comp
462,9.24,1.0,0.0,-0.04033350944519043,0.681923508644104,0.1712026298046112,0.3670796751976013,0,2000,comp,4,80,42,1.0,0.0,walk_delay_comp
463,9.26,1.0,0.0,-0.043845176696777344,0.7074752449989319,0.19077807664871216,0.30920296907424927,0,2000,comp,4,80,42,1.0,0.0,walk_delay_comp
464,9.28,1.0,0.0,-0.045546889305114746,0.7376723885536194,0.20492294430732727,0.13441753387451172,0,2000,comp,4,80,42,1.0,0.0,walk_delay_comp
465,9.3,1.0,0.0,-0.045447707176208496,0.7697160840034485,0.22283411026000977,0.035924576222896576,0,2000,comp,4,80,42,1.0,0.0,walk_delay_comp
466,9.32,1.0,0.0,-0.04349315166473389,0.8008458018302917,0.24518515169620514,-0.08670929819345474,0,2000,comp,4,80,42,1.0,0.0,walk_delay_comp
467,9.34,1.0,0.0,-0.040128350257873535,0.8247721791267395,0.2762785851955414,-0.16594506800174713,0,2000,comp,4,80,42,1.0,0.0,walk_delay_comp
468,9.36,1.0,0.0,-0.03747081756591797,0.8363011479377747,0.31578487157821655,-0.10648159682750702,0,2000,comp,4,80,42,1.0,0.0,walk_delay_comp
469,9.38,1.0,0.0,-0.03695034980773926,0.8430877327919006,0.3556250035762787,0.035033635795116425,0,2000,comp,4,80,42,1.0,0.0,walk_delay_comp
470,9.4,1.0,0.0,-0.037955284118652344,0.8517672419548035,0.38461580872535706,0.18305432796478271,0,2000,comp,4,80,42,1.0,0.0,walk_delay_comp
471,9.42,1.0,0.0,-0.040770649909973145,0.7786742448806763,0.32793816924095154,0.1725601851940155,0,2000,comp,4,80,42,1.0,0.0,walk_delay_comp
472,9.44,1.0,0.0,-0.03871762752532959,0.7196572422981262,0.2537304162979126,-0.2827325761318207,0,2000,comp,4,80,42,1.0,0.0,walk_delay_comp
473,9.46,1.0,0.0,-0.03313004970550537,0.67417311668396,0.19670167565345764,-0.32265394926071167,0,2000,comp,4,80,42,1.0,0.0,walk_delay_comp
474,9.48,1.0,0.0,-0.028739213943481445,0.6568593978881836,0.162648007273674,0.0023076385259628296,0,2000,comp,4,80,42,1.0,0.0,walk_delay_comp
475,9.5,1.0,0.0,-0.02845323085784912,0.6609169840812683,0.1384529173374176,0.3945547640323639,0,2000,comp,4,80,42,1.0,0.0,walk_delay_comp
476,9.52,1.0,0.0,-0.03052651882171631,0.6697515249252319,0.11374282091856003,0.4422436058521271,0,2000,comp,4,80,42,1.0,0.0,walk_delay_comp
477,9.540000000000001,1.0,0.0,-0.03135991096496582,0.6762605905532837,0.08193443715572357,0.12014295905828476,0,2000,comp,4,80,42,1.0,0.0,walk_delay_comp
478,9.56,1.0,0.0,-0.028282999992370605,0.6675214767456055,0.05552124232053757,-0.31403401494026184,0,2000,comp,4,80,42,1.0,0.0,walk_delay_comp
479,9.58,1.0,0.0,-0.022760629653930664,0.6613389253616333,0.04206439107656479,-0.4682886600494385,0,2000,comp,4,80,42,1.0,0.0,walk_delay_comp
480,9.6,1.0,0.0,-0.01710963249206543,0.654962956905365,0.0334494486451149,-0.4444429576396942,0,2000,comp,4,80,42,1.0,0.0,walk_delay_comp
481,9.620000000000001,1.0,0.0,-0.012665748596191406,0.6631561517715454,0.023597368970513344,-0.3386607766151428,0,2000,comp,4,80,42,1.0,0.0,walk_delay_comp
482,9.64,1.0,0.0,-0.009707331657409668,0.6840802431106567,0.009327324107289314,-0.22812850773334503,0,2000,comp,4,80,42,1.0,0.0,walk_delay_comp
483,9.66,1.0,0.0,-0.007407188415527344,0.7095062136650085,-0.008049550466239452,-0.21410033106803894,0,2000,comp,4,80,42,1.0,0.0,walk_delay_comp
484,9.68,1.0,0.0,-0.004829049110412598,0.7423625588417053,-0.026989078149199486,-0.2780412435531616,0,2000,comp,4,80,42,1.0,0.0,walk_delay_comp
485,9.700000000000001,1.0,0.0,-0.0022584199905395508,0.7705075144767761,-0.04850248992443085,-0.27183353900909424,0,2000,comp,4,80,42,1.0,0.0,walk_delay_comp
486,9.72,1.0,0.0,-0.0004004240036010742,0.8077112436294556,-0.0651191845536232,-0.24332599341869354,0,2000,comp,4,80,42,1.0,0.0,walk_delay_comp
487,9.74,1.0,0.0,0.0004761219024658203,0.8476471304893494,-0.08000878989696503,-0.1941230446100235,0,2000,comp,4,80,42,1.0,0.0,walk_delay_comp
488,9.76,1.0,0.0,0.0004183053970336914,0.8832434415817261,-0.0997183620929718,-0.11244042217731476,0,2000,comp,4,80,42,1.0,0.0,walk_delay_comp
489,9.78,1.0,0.0,-5.710124969482422e-05,0.9136070609092712,-0.12454088777303696,-0.0659489557147026,0,2000,comp,4,80,42,1.0,0.0,walk_delay_comp
490,9.8,1.0,0.0,-0.0001233816146850586,0.9365025162696838,-0.15195582807064056,-0.04149531573057175,0,2000,comp,4,80,42,1.0,0.0,walk_delay_comp
491,9.82,1.0,0.0,-4.684925079345703e-05,0.9522715210914612,-0.17795810103416443,-0.031391702592372894,0,2000,comp,4,80,42,1.0,0.0,walk_delay_comp
492,9.84,1.0,0.0,0.0020328760147094727,0.8624857068061829,-0.12298323214054108,-0.05386592447757721,0,2000,comp,4,80,42,1.0,0.0,walk_delay_comp
493,9.86,1.0,0.0,-0.0011016130447387695,0.7969604134559631,-0.06659179925918579,0.41839244961738586,0,2000,comp,4,80,42,1.0,0.0,walk_delay_comp
494,9.88,1.0,0.0,-0.006683230400085449,0.7468675374984741,-0.026899702847003937,0.29054391384124756,0,2000,comp,4,80,42,1.0,0.0,walk_delay_comp
495,9.9,1.0,0.0,-0.009578347206115723,0.7205075621604919,-0.003033633343875408,-0.139210507273674,0,2000,comp,4,80,42,1.0,0.0,walk_delay_comp
496,9.92,1.0,0.0,-0.007176756858825684,0.7135033011436462,0.01171133667230606,-0.6914147138595581,0,2000,comp,4,80,42,1.0,0.0,walk_delay_comp
497,9.94,1.0,0.0,-0.0012477636337280273,0.7063285708427429,0.03176476061344147,-0.8376784324645996,0,2000,comp,4,80,42,1.0,0.0,walk_delay_comp
498,9.96,1.0,0.0,0.0043534040451049805,0.6931098103523254,0.06260327249765396,-0.655280351638794,0,2000,comp,4,80,42,1.0,0.0,walk_delay_comp
499,9.98,1.0,0.0,-1.0798875093460083,0.6785199046134949,0.08679255098104477,-0.17974531650543213,0,2000,comp,4,80,42,1.0,0.0,walk_delay_comp
500,10.0,1.0,0.0,-1.0820714235305786,0.6563814282417297,0.10788680613040924,0.20927174389362335,0,2000,comp,4,80,42,1.0,0.0,walk_delay_comp
501,10.02,1.0,0.0,-1.0857282876968384,0.6483672261238098,0.12054844945669174,0.2585783898830414,0,2000,comp,4,80,42,1.0,0.0,walk_delay_comp
502,10.040000000000001,1.0,0.0,-1.0901848077774048,0.6409127712249756,0.13476692140102386,0.3837752938270569,0,2000,comp,4,80,42,1.0,0.0,walk_delay_comp
503,10.06,1.0,0.0,-1.0947986841201782,0.6460648775100708,0.14801226556301117,0.3688984215259552,0,2000,comp,4,80,42,1.0,0.0,walk_delay_comp
504,10.08,1.0,0.0,-1.0992223024368286,0.6751709580421448,0.1595635861158371,0.4165041148662567,0,2000,comp,4,80,42,1.0,0.0,walk_delay_comp
505,10.1,1.0,0.0,-1.1028105020523071,0.6960151195526123,0.1801706701517105,0.26329827308654785,0,2000,comp,4,80,42,1.0,0.0,walk_delay_comp
506,10.120000000000001,1.0,0.0,-1.104805588722229,0.7263141870498657,0.20185764133930206,0.15559402108192444,0,2000,comp,4,80,42,1.0,0.0,walk_delay_comp
507,10.14,1.0,0.0,-1.1045609712600708,0.75799560546875,0.22005443274974823,-0.052073851227760315,0,2000,comp,4,80,42,1.0,0.0,walk_delay_comp
508,10.16,1.0,0.0,-1.101430058479309,0.7888220548629761,0.24232037365436554,-0.27913835644721985,0,2000,comp,4,80,42,1.0,0.0,walk_delay_comp
509,10.18,1.0,0.0,-1.0952497720718384,0.8172391653060913,0.2750226855278015,-0.5323610901832581,0,2000,comp,4,80,42,1.0,0.0,walk_delay_comp
510,10.200000000000001,1.0,0.0,-1.0862890481948853,0.8323943614959717,0.3183424174785614,-0.8029034733772278,0,2000,comp,4,80,42,1.0,0.0,walk_delay_comp
511,10.22,1.0,0.0,-1.0773345232009888,0.8357083797454834,0.3714643716812134,-0.8053821325302124,0,2000,comp,4,80,42,1.0,0.0,walk_delay_comp
512,10.24,1.0,0.0,-1.0698505640029907,0.843317449092865,0.4225478172302246,-0.6294839382171631,0,2000,comp,4,80,42,1.0,0.0,walk_delay_comp
513,10.26,1.0,0.0,-1.0659905672073364,0.7879273295402527,0.40258297324180603,0.12367763370275497,0,2000,comp,4,80,42,1.0,0.0,walk_delay_comp
514,10.28,1.0,0.0,-1.0614978075027466,0.735081136226654,0.3315763473510742,-0.6633685231208801,0,2000,comp,4,80,42,1.0,0.0,walk_delay_comp
515,10.3,1.0,0.0,-1.0516835451126099,0.6808264851570129,0.26782241463661194,-0.8734058141708374,0,2000,comp,4,80,42,1.0,0.0,walk_delay_comp
516,10.32,1.0,0.0,-1.0415817499160767,0.6497886776924133,0.2268953174352646,-0.6452973484992981,0,2000,comp,4,80,42,1.0,0.0,walk_delay_comp
517,10.34,1.0,0.0,-1.0349971055984497,0.6456618309020996,0.2046964019536972,-0.2121594101190567,0,2000,comp,4,80,42,1.0,0.0,walk_delay_comp
518,10.36,1.0,0.0,-1.0321909189224243,0.6589780449867249,0.186789408326149,0.024389611557126045,0,2000,comp,4,80,42,1.0,0.0,walk_delay_comp
519,10.38,1.0,0.0,-1.0302773714065552,0.6726338863372803,0.16154944896697998,-0.06469665467739105,0,2000,comp,4,80,42,1.0,0.0,walk_delay_comp
520,10.4,1.0,0.0,-1.0260525941848755,0.672143816947937,0.13727189600467682,-0.39669865369796753,0,2000,comp,4,80,42,1.0,0.0,walk_delay_comp
521,10.42,1.0,0.0,-1.0191117525100708,0.6694396734237671,0.12256837636232376,-0.6470034122467041,0,2000,comp,4,80,42,1.0,0.0,walk_delay_comp
522,10.44,1.0,0.0,-1.0111891031265259,0.6622949838638306,0.11576921492815018,-0.7073297500610352,0,2000,comp,4,80,42,1.0,0.0,walk_delay_comp
523,10.46,1.0,0.0,-1.003512978553772,0.6648727059364319,0.1063321903347969,-0.6862097978591919,0,2000,comp,4,80,42,1.0,0.0,walk_delay_comp
524,10.48,1.0,0.0,-0.9970666170120239,0.6818712949752808,0.0984443798661232,-0.5907467603683472,0,2000,comp,4,80,42,1.0,0.0,walk_delay_comp
525,10.5,1.0,0.0,-0.9907222986221313,0.7060022354125977,0.08728579431772232,-0.6640278100967407,0,2000,comp,4,80,42,1.0,0.0,walk_delay_comp
526,10.52,1.0,0.0,-0.9836670160293579,0.731707751750946,0.07684832066297531,-0.7431052923202515,0,2000,comp,4,80,42,1.0,0.0,walk_delay_comp
527,10.540000000000001,1.0,0.0,-0.9763590097427368,0.7496587038040161,0.06502141058444977,-0.762981116771698,0,2000,comp,4,80,42,1.0,0.0,walk_delay_comp
528,10.56,1.0,0.0,-0.9691659212112427,0.7791123986244202,0.057024143636226654,-0.7991798520088196,0,2000,comp,4,80,42,1.0,0.0,walk_delay_comp
529,10.58,1.0,0.0,-0.9624472856521606,0.8137352466583252,0.05065372586250305,-0.7790066003799438,0,2000,comp,4,80,42,1.0,0.0,walk_delay_comp
530,10.6,1.0,0.0,-0.9565807580947876,0.8470503091812134,0.04255632311105728,-0.6936513781547546,0,2000,comp,4,80,42,1.0,0.0,walk_delay_comp
531,10.620000000000001,1.0,0.0,-0.9512821435928345,0.875691294670105,0.031019456684589386,-0.6195849776268005,0,2000,comp,4,80,42,1.0,0.0,walk_delay_comp
532,10.64,1.0,0.0,-0.9457980394363403,0.9008862376213074,0.01935751736164093,-0.5332043170928955,0,2000,comp,4,80,42,1.0,0.0,walk_delay_comp
533,10.66,1.0,0.0,-0.9413334131240845,0.9225241541862488,0.017246611416339874,-0.31331929564476013,0,2000,comp,4,80,42,1.0,0.0,walk_delay_comp
534,10.68,1.0,0.0,-0.9364386796951294,0.8481017351150513,0.06672508269548416,-0.35842686891555786,0,2000,comp,4,80,42,1.0,0.0,walk_delay_comp
535,10.700000000000001,1.0,0.0,-0.9341040849685669,0.7913460731506348,0.11026977747678757,-0.2503300607204437,0,2000,comp,4,80,42,1.0,0.0,walk_delay_comp
536,10.72,1.0,0.0,-0.9313822984695435,0.7467153072357178,0.13789044320583344,-0.5320972204208374,0,2000,comp,4,80,42,1.0,0.0,walk_delay_comp
537,10.74,1.0,0.0,-0.9255329370498657,0.7199700474739075,0.1588219553232193,-0.9796337485313416,0,2000,comp,4,80,42,1.0,0.0,walk_delay_comp
538,10.76,1.0,0.0,-0.9155951738357544,0.7073299288749695,0.17779585719108582,-1.3654565811157227,0,2000,comp,4,80,42,1.0,0.0,walk_delay_comp
539,10.78,1.0,0.0,-0.9052091836929321,0.6917174458503723,0.1989985704421997,-1.1866956949234009,0,2000,comp,4,80,42,1.0,0.0,walk_delay_comp
540,10.8,1.0,0.0,-0.897138237953186,0.6778894662857056,0.21800093352794647,-0.8629471063613892,0,2000,comp,4,80,42,1.0,0.0,walk_delay_comp
541,10.82,1.0,0.0,-0.8930307626724243,0.6589096784591675,0.2313397377729416,-0.3470684885978699,0,2000,comp,4,80,42,1.0,0.0,walk_delay_comp
542,10.84,1.0,0.0,-0.8932892084121704,0.6353608965873718,0.2469249814748764,0.012240717187523842,0,2000,comp,4,80,42,1.0,0.0,walk_delay_comp
543,10.86,1.0,0.0,-0.8949986696243286,0.6200230717658997,0.2624518573284149,0.060175489634275436,0,2000,comp,4,80,42,1.0,0.0,walk_delay_comp
544,10.88,1.0,0.0,-0.8973327875137329,0.6140457391738892,0.2803117632865906,0.12575411796569824,0,2000,comp,4,80,42,1.0,0.0,walk_delay_comp
545,10.9,1.0,0.0,-0.8994618654251099,0.6259258985519409,0.29932764172554016,0.07990904897451401,0,2000,comp,4,80,42,1.0,0.0,walk_delay_comp
546,10.92,1.0,0.0,-0.9003573656082153,0.662925124168396,0.3130577504634857,0.02915710024535656,0,2000,comp,4,80,42,1.0,0.0,walk_delay_comp
547,10.94,1.0,0.0,-0.8995486497879028,0.6904833316802979,0.3360132873058319,-0.15435366332530975,0,2000,comp,4,80,42,1.0,0.0,walk_delay_comp
548,10.96,1.0,0.0,-0.8971601724624634,0.7215151190757751,0.3640137016773224,-0.23638376593589783,0,2000,comp,4,80,42,1.0,0.0,walk_delay_comp
549,10.98,1.0,0.0,-0.8931852579116821,0.7528669238090515,0.3910504877567291,-0.35328370332717896,0,2000,comp,4,80,42,1.0,0.0,walk_delay_comp
550,11.0,1.0,0.0,-0.8873802423477173,0.78492671251297,0.42212384939193726,-0.4621922969818115,0,2000,comp,4,80,42,1.0,0.0,walk_delay_comp
551,11.02,1.0,0.0,-0.8795586824417114,0.8091067671775818,0.46553686261177063,-0.6404640078544617,0,2000,comp,4,80,42,1.0,0.0,walk_delay_comp
552,11.040000000000001,1.0,0.0,-0.871109127998352,0.8260242938995361,0.5215215682983398,-0.6687685251235962,0,2000,comp,4,80,42,1.0,0.0,walk_delay_comp
553,11.06,1.0,0.0,-0.864364743232727,0.8331557512283325,0.5815838575363159,-0.4966299533843994,0,2000,comp,4,80,42,1.0,0.0,walk_delay_comp
554,11.08,1.0,0.0,-0.860939621925354,0.8450859785079956,0.636920154094696,-0.13179652392864227,0,2000,comp,4,80,42,1.0,0.0,walk_delay_comp
555,11.1,1.0,0.0,-0.8631206750869751,0.7627498507499695,0.5422614216804504,0.134440615773201,0,2000,comp,4,80,42,1.0,0.0,walk_delay_comp
556,11.120000000000001,1.0,0.0,-0.858737587928772,0.7104297280311584,0.4459572434425354,-0.6376811265945435,0,2000,comp,4,80,42,1.0,0.0,walk_delay_comp
557,11.14,1.0,0.0,-0.8497215509414673,0.6604263186454773,0.37200039625167847,-0.7681864500045776,0,2000,comp,4,80,42,1.0,0.0,walk_delay_comp
558,11.16,1.0,0.0,-0.8414770364761353,0.6361210346221924,0.3246241807937622,-0.4930261969566345,0,2000,comp,4,80,42,1.0,0.0,walk_delay_comp
559,11.18,1.0,0.0,-0.8369885683059692,0.6313320398330688,0.2963988184928894,-0.06340651214122772,0,2000,comp,4,80,42,1.0,0.0,walk_delay_comp
560,11.200000000000001,1.0,0.0,-0.8359256982803345,0.6361798048019409,0.2702391445636749,0.16851869225502014,0,2000,comp,4,80,42,1.0,0.0,walk_delay_comp
561,11.22,1.0,0.0,-0.8347207307815552,0.6403254866600037,0.2321811020374298,-0.058486536145210266,0,2000,comp,4,80,42,1.0,0.0,walk_delay_comp
562,11.24,1.0,0.0,-0.8300071954727173,0.6319826245307922,0.20112015306949615,-0.4605945646762848,0,2000,comp,4,80,42,1.0,0.0,walk_delay_comp
563,11.26,1.0,0.0,-0.8223096132278442,0.6202625632286072,0.18140126764774323,-0.6940802335739136,0,2000,comp,4,80,42,1.0,0.0,walk_delay_comp
564,11.28,1.0,0.0,-0.8136774301528931,0.6082257628440857,0.16862395405769348,-0.7331982851028442,0,2000,comp,4,80,42,1.0,0.0,walk_delay_comp
565,11.3,1.0,0.0,-0.8055626153945923,0.608363926410675,0.15682213008403778,-0.6926987171173096,0,2000,comp,4,80,42,1.0,0.0,walk_delay_comp
566,11.32,1.0,0.0,-0.7988611459732056,0.6250588893890381,0.1469532549381256,-0.5724471211433411,0,2000,comp,4,80,42,1.0,0.0,walk_delay_comp
567,11.34,1.0,0.0,-0.7926369905471802,0.6443716883659363,0.13574466109275818,-0.596542239189148,0,2000,comp,4,80,42,1.0,0.0,walk_delay_comp
568,11.36,1.0,0.0,-0.7865854501724243,0.6661295890808105,0.12578506767749786,-0.5867419242858887,0,2000,comp,4,80,42,1.0,0.0,walk_delay_comp
569,11.38,1.0,0.0,-0.7809635400772095,0.6825501322746277,0.11180438101291656,-0.5643167495727539,0,2000,comp,4,80,42,1.0,0.0,walk_delay_comp
570,11.4,1.0,0.0,-0.7758961915969849,0.7079487442970276,0.10028993338346481,-0.5501720905303955,0,2000,comp,4,80,42,1.0,0.0,walk_delay_comp
571,11.42,1.0,0.0,-0.7710968255996704,0.7424089312553406,0.09137114882469177,-0.5780391693115234,0,2000,comp,4,80,42,1.0,0.0,walk_delay_comp
572,11.44,1.0,0.0,-0.7668167352676392,0.7779010534286499,0.08459898084402084,-0.5461974143981934,0,2000,comp,4,80,42,1.0,0.0,walk_delay_comp
573,11.46,1.0,0.0,-0.7629934549331665,0.8099583387374878,0.0736704096198082,-0.5332901477813721,0,2000,comp,4,80,42,1.0,0.0,walk_delay_comp
574,11.48,1.0,0.0,-0.7585574388504028,0.83616703748703,0.059473343193531036,-0.5808092951774597,0,2000,comp,4,80,42,1.0,0.0,walk_delay_comp
575,11.5,1.0,0.0,-0.7529908418655396,0.8599665760993958,0.04806545004248619,-0.569352388381958,0,2000,comp,4,80,42,1.0,0.0,walk_delay_comp
576,11.52,1.0,0.0,-0.7480360269546509,0.8804095387458801,0.045213889330625534,-0.37777912616729736,0,2000,comp,4,80,42,1.0,0.0,walk_delay_comp
577,11.540000000000001,1.0,0.0,-0.7427326440811157,0.7956926226615906,0.09476491063833237,-0.3225882649421692,0,2000,comp,4,80,42,1.0,0.0,walk_delay_comp
578,11.56,1.0,0.0,-0.7410045862197876,0.7418763637542725,0.13107113540172577,-0.21971160173416138,0,2000,comp,4,80,42,1.0,0.0,walk_delay_comp
579,11.58,1.0,0.0,-0.7389427423477173,0.7058072090148926,0.15227004885673523,-0.47649526596069336,0,2000,comp,4,80,42,1.0,0.0,walk_delay_comp
580,11.6,1.0,0.0,-0.7343388795852661,0.6848646402359009,0.17026078701019287,-0.8543970584869385,0,2000,comp,4,80,42,1.0,0.0,walk_delay_comp
581,11.620000000000001,1.0,0.0,-0.7255078554153442,0.6788292527198792,0.1861102432012558,-1.2511367797851562,0,2000,comp,4,80,42,1.0,0.0,walk_delay_comp
582,11.64,1.0,0.0,-0.7159768342971802,0.6658310294151306,0.20538288354873657,-1.1085598468780518,0,2000,comp,4,80,42,1.0,0.0,walk_delay_comp
583,11.66,1.0,0.0,-0.7087918519973755,0.6539978981018066,0.22475257515907288,-0.7591263055801392,0,2000,comp,4,80,42,1.0,0.0,walk_delay_comp
584,11.68,1.0,0.0,-0.7054811716079712,0.6389836668968201,0.2385564148426056,-0.2772514224052429,0,2000,comp,4,80,42,1.0,0.0,walk_delay_comp
585,11.700000000000001,1.0,0.0,-0.7061678171157837,0.6229250431060791,0.25328630208969116,0.04835730791091919,0,2000,comp,4,80,42,1.0,0.0,walk_delay_comp
586,11.72,1.0,0.0,-0.7081128358840942,0.616108238697052,0.26666682958602905,0.08728259801864624,0,2000,comp,4,80,42,1.0,0.0,walk_delay_comp
587,11.74,1.0,0.0,-0.7105828523635864,0.6197917461395264,0.2819855511188507,0.16222235560417175,0,2000,comp,4,80,42,1.0,0.0,walk_delay_comp
588,11.76,1.0,0.0,-0.7129956483840942,0.6401121020317078,0.29805007576942444,0.14634284377098083,0,2000,comp,4,80,42,1.0,0.0,walk_delay_comp
589,11.78,1.0,0.0,-0.7145148515701294,0.6793203949928284,0.3114156126976013,0.1176547259092331,0,2000,comp,4,80,42,1.0,0.0,walk_delay_comp
590,11.8,1.0,0.0,-0.7144824266433716,0.709095299243927,0.33302831649780273,-0.05682813748717308,0,2000,comp,4,80,42,1.0,0.0,walk_delay_comp
591,11.82,1.0,0.0,-0.7129141092300415,0.7431830167770386,0.359341025352478,-0.14048978686332703,0,2000,comp,4,80,42,1.0,0.0,walk_delay_comp
592,11.84,1.0,0.0,-0.7095147371292114,0.7765758633613586,0.3852313458919525,-0.28601640462875366,0,2000,comp,4,80,42,1.0,0.0,walk_delay_comp
593,11.86,1.0,0.0,-0.7038842439651489,0.8082912564277649,0.41797149181365967,-0.44507309794425964,0,2000,comp,4,80,42,1.0,0.0,walk_delay_comp
594,11.88,1.0,0.0,-0.6965738534927368,0.8333963751792908,0.46396833658218384,-0.5813665390014648,0,2000,comp,4,80,42,1.0,0.0,walk_delay_comp
595,11.9,1.0,0.0,-0.6897531747817993,0.8496132493019104,0.5199596285820007,-0.5233509540557861,0,2000,comp,4,80,42,1.0,0.0,walk_delay_comp
596,11.92,1.0,0.0,-0.6850219964981079,0.8598439693450928,0.5751746296882629,-0.31800904870033264,0,2000,comp,4,80,42,1.0,0.0,walk_delay_comp
597,11.94,1.0,0.0,-0.6838909387588501,0.8217852711677551,0.5991492867469788,0.49442943930625916,0,2000,comp,4,80,42,1.0,0.0,walk_delay_comp
598,11.96,1.0,0.0,-0.685886025428772,0.7587324976921082,0.47790053486824036,-0.14350344240665436,0,2000,comp,4,80,42,1.0,0.0,walk_delay_comp
599,11.98,1.0,0.0,-0.6802808046340942,0.696309506893158,0.3934064209461212,-0.6123244762420654,0,2000,comp,4,80,42,1.0,0.0,walk_delay_comp
600,12.0,1.0,0.0,-0.6721969842910767,0.6505290865898132,0.32772576808929443,-0.5751760005950928,0,2000,comp,4,80,42,1.0,0.0,walk_delay_comp
601,12.02,1.0,0.0,-0.6661320924758911,0.6336343884468079,0.2887977659702301,-0.23207008838653564,0,2000,comp,4,80,42,1.0,0.0,walk_delay_comp
602,12.040000000000001,1.0,0.0,-0.6631876230239868,0.6323651075363159,0.2594859302043915,0.05790591612458229,0,2000,comp,4,80,42,1.0,0.0,walk_delay_comp
603,12.06,1.0,0.0,-0.6633440256118774,0.6413089632987976,0.23019298911094666,0.24574904143810272,0,2000,comp,4,80,42,1.0,0.0,walk_delay_comp
604,12.08,1.0,0.0,-0.6622306108474731,0.6442364454269409,0.1953960508108139,-0.10717553645372391,0,2000,comp,4,80,42,1.0,0.0,walk_delay_comp
605,12.1,1.0,0.0,-0.6570440530776978,0.6272144317626953,0.16552752256393433,-0.4794231951236725,0,2000,comp,4,80,42,1.0,0.0,walk_delay_comp
606,12.120000000000001,1.0,0.0,-0.6494632959365845,0.612889289855957,0.14540885388851166,-0.6544744968414307,0,2000,comp,4,80,42,1.0,0.0,walk_delay_comp
607,12.14,1.0,0.0,-0.6411024332046509,0.6031748652458191,0.12932294607162476,-0.7137725353240967,0,2000,comp,4,80,42,1.0,0.0,walk_delay_comp
608,12.16,1.0,0.0,-0.6343709230422974,0.6199193596839905,0.1209297925233841,-0.5388060808181763,0,2000,comp,4,80,42,1.0,0.0,walk_delay_comp
609,12.18,1.0,0.0,-0.628512978553772,0.6383230090141296,0.10605467110872269,-0.5065259337425232,0,2000,comp,4,80,42,1.0,0.0,walk_delay_comp
610,12.200000000000001,1.0,0.0,-0.6233683824539185,0.663639485836029,0.10026591271162033,-0.5092556476593018,0,2000,comp,4,80,42,1.0,0.0,walk_delay_comp
611,12.22,1.0,0.0,-0.6178222894668579,0.6738901138305664,0.08757957816123962,-0.5699458718299866,0,2000,comp,4,80,42,1.0,0.0,walk_delay_comp
612,12.24,1.0,0.0,-0.6127291917800903,0.6964139938354492,0.07605541497468948,-0.5249332785606384,0,2000,comp,4,80,42,1.0,0.0,walk_delay_comp
613,12.26,1.0,0.0,-0.6077967882156372,0.7280287146568298,0.0633864626288414,-0.5823273658752441,0,2000,comp,4,80,42,1.0,0.0,walk_delay_comp
614,12.280000000000001,1.0,0.0,-0.6028996706008911,0.7650818228721619,0.05420684069395065,-0.5942666530609131,0,2000,comp,4,80,42,1.0,0.0,walk_delay_comp
615,12.3,1.0,0.0,-0.5988985300064087,0.7993924021720886,0.04475890100002289,-0.5069917440414429,0,2000,comp,4,80,42,1.0,0.0,walk_delay_comp
616,12.32,1.0,0.0,-0.5957223176956177,0.8301105499267578,0.029949478805065155,-0.43692338466644287,0,2000,comp,4,80,42,1.0,0.0,walk_delay_comp
617,12.34,1.0,0.0,-0.5921059846878052,0.8547950983047485,0.01306956261396408,-0.44503477215766907,0,2000,comp,4,80,42,1.0,0.0,walk_delay_comp
618,12.36,1.0,0.0,-0.5877882242202759,0.8785533308982849,-0.0026587594766169786,-0.4311816990375519,0,2000,comp,4,80,42,1.0,0.0,walk_delay_comp
619,12.38,1.0,0.0,-0.583713173866272,0.8361204266548157,0.019068995490670204,-0.6356735825538635,0,2000,comp,4,80,42,1.0,0.0,walk_delay_comp
620,12.4,1.0,0.0,-0.5813757181167603,0.7812362313270569,0.0646037831902504,-0.05525383725762367,0,2000,comp,4,80,42,1.0,0.0,walk_delay_comp
621,12.42,1.0,0.0,-0.5818592309951782,0.7311145663261414,0.09893258661031723,-0.0786212906241417,0,2000,comp,4,80,42,1.0,0.0,walk_delay_comp
622,12.44,1.0,0.0,-0.5811563730239868,0.7016174793243408,0.12182251363992691,-0.41893860697746277,0,2000,comp,4,80,42,1.0,0.0,walk_delay_comp
623,12.46,1.0,0.0,-0.5763970613479614,0.686370849609375,0.13909724354743958,-0.912090003490448,0,2000,comp,4,80,42,1.0,0.0,walk_delay_comp
624,12.48,1.0,0.0,-0.569156289100647,0.6740831136703491,0.15616250038146973,-0.9907442927360535,0,2000,comp,4,80,42,1.0,0.0,walk_delay_comp
625,12.5,1.0,0.0,-0.5612651109695435,0.6643270254135132,0.17537455260753632,-0.9954882264137268,0,2000,comp,4,80,42,1.0,0.0,walk_delay_comp
626,12.52,1.0,0.0,-0.5551673173904419,0.6540277004241943,0.19265016913414001,-0.5747237205505371,0,2000,comp,4,80,42,1.0,0.0,walk_delay_comp
627,12.540000000000001,1.0,0.0,-0.5539275407791138,0.6327226161956787,0.21268106997013092,-0.10415255278348923,0,2000,comp,4,80,42,1.0,0.0,walk_delay_comp
628,12.56,1.0,0.0,-0.5550695657730103,0.6220517754554749,0.2260531336069107,0.04843296483159065,0,2000,comp,4,80,42,1.0,0.0,walk_delay_comp
629,12.58,1.0,0.0,-0.5576177835464478,0.6143527030944824,0.24175158143043518,0.1835564225912094,0,2000,comp,4,80,42,1.0,0.0,walk_delay_comp
630,12.6,1.0,0.0,-0.5609246492385864,0.6197394132614136,0.25798043608665466,0.23143719136714935,0,2000,comp,4,80,42,1.0,0.0,walk_delay_comp
631,12.620000000000001,1.0,0.0,-0.5636330842971802,0.6533869504928589,0.26682427525520325,0.22361023724079132,0,2000,comp,4,80,42,1.0,0.0,walk_delay_comp
632,12.64,1.0,0.0,-0.5649605989456177,0.6778770089149475,0.2875138521194458,0.047399137169122696,0,2000,comp,4,80,42,1.0,0.0,walk_delay_comp
633,12.66,1.0,0.0,-0.5652281045913696,0.7096004486083984,0.31291526556015015,0.030333228409290314,0,2000,comp,4,80,42,1.0,0.0,walk_delay_comp
634,12.68,1.0,0.0,-0.5639225244522095,0.7410960793495178,0.3341408967971802,-0.13438495993614197,0,2000,comp,4,80,42,1.0,0.0,walk_delay_comp
635,12.700000000000001,1.0,0.0,-0.5605684518814087,0.775520920753479,0.3590239882469177,-0.2515370845794678,0,2000,comp,4,80,42,1.0,0.0,walk_delay_comp
636,12.72,1.0,0.0,-0.5550867319107056,0.802647054195404,0.3945550322532654,-0.43068090081214905,0,2000,comp,4,80,42,1.0,0.0,walk_delay_comp
637,12.74,1.0,0.0,-0.5483080148696899,0.8243456482887268,0.4408973157405853,-0.5082952976226807,0,2000,comp,4,80,42,1.0,0.0,walk_delay_comp
638,12.76,1.0,0.0,-0.5427366495132446,0.8339322209358215,0.4958188533782959,-0.41420286893844604,0,2000,comp,4,80,42,1.0,0.0,walk_delay_comp
639,12.780000000000001,1.0,0.0,-0.5394588708877563,0.8433336615562439,0.5466884970664978,-0.18637359142303467,0,2000,comp,4,80,42,1.0,0.0,walk_delay_comp
640,12.8,1.0,0.0,-0.5402575731277466,0.7837589979171753,0.5325211882591248,0.5008569359779358,0,2000,comp,4,80,42,1.0,0.0,walk_delay_comp
641,12.82,1.0,0.0,-0.5404220819473267,0.7313032746315002,0.43477022647857666,-0.25069767236709595,0,2000,comp,4,80,42,1.0,0.0,walk_delay_comp
642,12.84,1.0,0.0,-0.5343047380447388,0.6736814975738525,0.35437116026878357,-0.5844944715499878,0,2000,comp,4,80,42,1.0,0.0,walk_delay_comp
643,12.86,1.0,0.0,-0.5267359018325806,0.6394760608673096,0.297724187374115,-0.48104313015937805,0,2000,comp,4,80,42,1.0,0.0,walk_delay_comp
644,12.88,1.0,0.0,-0.5219184160232544,0.6314647197723389,0.26552245020866394,-0.08283552527427673,0,2000,comp,4,80,42,1.0,0.0,walk_delay_comp
645,12.9,1.0,0.0,-0.5205742120742798,0.636559247970581,0.23979367315769196,0.20286129415035248,0,2000,comp,4,80,42,1.0,0.0,walk_delay_comp
646,12.92,1.0,0.0,-0.5208898782730103,0.6477948427200317,0.2072642743587494,0.16935203969478607,0,2000,comp,4,80,42,1.0,0.0,walk_delay_comp
647,12.94,1.0,0.0,-0.5183593034744263,0.6443291306495667,0.17296148836612701,-0.2611938714981079,0,2000,comp,4,80,42,1.0,0.0,walk_delay_comp
648,12.96,1.0,0.0,-0.5119239091873169,0.6293268799781799,0.1487141251564026,-0.5958223938941956,0,2000,comp,4,80,42,1.0,0.0,walk_delay_comp
649,12.98,1.0,0.0,-0.5041786432266235,0.6183452606201172,0.13603758811950684,-0.6448875665664673,0,2000,comp,4,80,42,1.0,0.0,walk_delay_comp
650,13.0,1.0,0.0,-0.4967890977859497,0.6124981045722961,0.12297424674034119,-0.6014425754547119,0,2000,comp,4,80,42,1.0,0.0,walk_delay_comp
651,13.02,1.0,0.0,-0.4912506341934204,0.6288771629333496,0.11382036656141281,-0.43460577726364136,0,2000,comp,4,80,42,1.0,0.0,walk_delay_comp
652,13.040000000000001,1.0,0.0,-0.4865971803665161,0.6497858166694641,0.09905918687582016,-0.41308045387268066,0,2000,comp,4,80,42,1.0,0.0,walk_delay_comp
653,13.06,1.0,0.0,-0.4822574853897095,0.6757110357284546,0.08851112425327301,-0.4302675426006317,0,2000,comp,4,80,42,1.0,0.0,walk_delay_comp
654,13.08,1.0,0.0,-0.4777570962905884,0.6924040913581848,0.07295801490545273,-0.4698570966720581,0,2000,comp,4,80,42,1.0,0.0,walk_delay_comp
655,13.1,1.0,0.0,-0.473486065864563,0.7163935899734497,0.059646692126989365,-0.4595271348953247,0,2000,comp,4,80,42,1.0,0.0,walk_delay_comp
656,13.120000000000001,1.0,0.0,-0.4694877862930298,0.7497827410697937,0.04882434755563736,-0.4910130202770233,0,2000,comp,4,80,42,1.0,0.0,walk_delay_comp
657,13.14,1.0,0.0,-0.4659191370010376,0.7855214476585388,0.03910854831337929,-0.46490731835365295,0,2000,comp,4,80,42,1.0,0.0,walk_delay_comp
658,13.16,1.0,0.0,-0.4632192850112915,0.8178820610046387,0.026725376024842262,-0.39639389514923096,0,2000,comp,4,80,42,1.0,0.0,walk_delay_comp
659,13.18,1.0,0.0,-0.4607497453689575,0.8461390137672424,0.01019080076366663,-0.3774050772190094,0,2000,comp,4,80,42,1.0,0.0,walk_delay_comp
660,13.200000000000001,1.0,0.0,-0.457375168800354,0.8691427111625671,-0.007462198846042156,-0.38605451583862305,0,2000,comp,4,80,42,1.0,0.0,walk_delay_comp
661,13.22,1.0,0.0,-0.4538956880569458,0.889326810836792,-0.02142667956650257,-0.31573182344436646,0,2000,comp,4,80,42,1.0,0.0,walk_delay_comp
662,13.24,1.0,0.0,-0.4503360986709595,0.827608585357666,0.014544769190251827,-0.22727476060390472,0,2000,comp,4,80,42,1.0,0.0,walk_delay_comp
663,13.26,1.0,0.0,-0.4506312608718872,0.767278254032135,0.0597282312810421,0.09524380415678024,0,2000,comp,4,80,42,1.0,0.0,walk_delay_comp
664,13.280000000000001,1.0,0.0,-0.4523407220840454,0.7227457165718079,0.09086579084396362,-0.049705829471349716,0,2000,comp,4,80,42,1.0,0.0,walk_delay_comp
665,13.3,1.0,0.0,-0.45185387134552,0.6975367069244385,0.1121988520026207,-0.45762184262275696,0,2000,comp,4,80,42,1.0,0.0,walk_delay_comp
666,13.32,1.0,0.0,-0.44662630558013916,0.6873629689216614,0.12850229442119598,-0.9670568108558655,0,2000,comp,4,80,42,1.0,0.0,walk_delay_comp
667,13.34,1.0,0.0,-0.43847382068634033,0.6769035458564758,0.14722488820552826,-1.0776944160461426,0,2000,comp,4,80,42,1.0,0.0,walk_delay_comp
668,13.36,1.0,0.0,-0.43072521686553955,0.6661888360977173,0.17054934799671173,-0.8602089285850525,0,2000,comp,4,80,42,1.0,0.0,walk_delay_comp
669,13.38,1.0,0.0,-0.42643892765045166,0.6520108580589294,0.18919549882411957,-0.36641812324523926,0,2000,comp,4,80,42,1.0,0.0,walk_delay_comp
670,13.4,1.0,0.0,-0.42669737339019775,0.6331292986869812,0.20607241988182068,0.04062828794121742,0,2000,comp,4,80,42,1.0,0.0,walk_delay_comp
671,13.42,1.0,0.0,-0.4290505647659302,0.6229062676429749,0.21934397518634796,0.15658295154571533,0,2000,comp,4,80,42,1.0,0.0,walk_delay_comp
672,13.44,1.0,0.0,-0.4326115846633911,0.6203723549842834,0.23300357162952423,0.29150721430778503,0,2000,comp,4,80,42,1.0,0.0,walk_delay_comp
673,13.46,1.0,0.0,-0.4364811182022095,0.6329864859580994,0.24688555300235748,0.2845105230808258,0,2000,comp,4,80,42,1.0,0.0,walk_delay_comp
674,13.48,1.0,0.0,-0.43956005573272705,0.6668511033058167,0.25826194882392883,0.26958850026130676,0,2000,comp,4,80,42,1.0,0.0,walk_delay_comp
675,13.5,1.0,0.0,-0.44136154651641846,0.693100094795227,0.2780812680721283,0.11855680495500565,0,2000,comp,4,80,42,1.0,0.0,walk_delay_comp
676,13.52,1.0,0.0,-0.44168055057525635,0.7255138158798218,0.30208373069763184,0.019220441579818726,0,2000,comp,4,80,42,1.0,0.0,walk_delay_comp
677,13.540000000000001,1.0,0.0,-0.44006025791168213,0.7584159970283508,0.324341356754303,-0.1414494663476944,0,2000,comp,4,80,42,1.0,0.0,walk_delay_comp
678,13.56,1.0,0.0,-0.43630897998809814,0.7913233637809753,0.35136380791664124,-0.27255648374557495,0,2000,comp,4,80,42,1.0,0.0,walk_delay_comp
679,13.58,1.0,0.0,-0.4307180643081665,0.8174763321876526,0.38939952850341797,-0.4197494685649872,0,2000,comp,4,80,42,1.0,0.0,walk_delay_comp
680,13.6,1.0,0.0,-0.4247475862503052,0.8355859518051147,0.43747279047966003,-0.42769163846969604,0,2000,comp,4,80,42,1.0,0.0,walk_delay_comp
681,13.620000000000001,1.0,0.0,-0.4207049608230591,0.8439364433288574,0.489837646484375,-0.2667093575000763,0,2000,comp,4,80,42,1.0,0.0,walk_delay_comp
682,13.64,1.0,0.0,-0.4192620515823364,0.8556163907051086,0.5367153286933899,-0.004025781527161598,0,2000,comp,4,80,42,1.0,0.0,walk_delay_comp
683,13.66,1.0,0.0,-0.4222022294998169,0.784385621547699,0.46944621205329895,0.21976391971111298,0,2000,comp,4,80,42,1.0,0.0,walk_delay_comp
684,13.68,1.0,0.0,-0.4202224016189575,0.7229808568954468,0.38158291578292847,-0.3499639928340912,0,2000,comp,4,80,42,1.0,0.0,walk_delay_comp
685,13.700000000000001,1.0,0.0,-0.413612961769104,0.6718700528144836,0.30794042348861694,-0.5188784599304199,0,2000,comp,4,80,42,1.0,0.0,walk_delay_comp
686,13.72,1.0,0.0,-0.40722620487213135,0.6485284566879272,0.2610587775707245,-0.2784438133239746,0,2000,comp,4,80,42,1.0,0.0,walk_delay_comp
687,13.74,1.0,0.0,-0.404394268989563,0.6486670970916748,0.23202161490917206,0.13991212844848633,0,2000,comp,4,80,42,1.0,0.0,walk_delay_comp
688,13.76,1.0,0.0,-0.4048420190811157,0.6575509905815125,0.20531637966632843,0.3392764925956726,0,2000,comp,4,80,42,1.0,0.0,walk_delay_comp
689,13.780000000000001,1.0,0.0,-0.4053269624710083,0.6663320064544678,0.1714276820421219,0.1200285404920578,0,2000,comp,4,80,42,1.0,0.0,walk_delay_comp
690,13.8,1.0,0.0,-0.40229475498199463,0.6612400412559509,0.14071953296661377,-0.3163641691207886,0,2000,comp,4,80,42,1.0,0.0,walk_delay_comp
691,13.82,1.0,0.0,-0.3958479166030884,0.6478050947189331,0.1209605261683464,-0.592778205871582,0,2000,comp,4,80,42,1.0,0.0,walk_delay_comp
692,13.84,1.0,0.0,-0.3884469270706177,0.6370651721954346,0.10912740230560303,-0.6179909110069275,0,2000,comp,4,80,42,1.0,0.0,walk_delay_comp
693,13.86,1.0,0.0,-0.38175976276397705,0.6373057961463928,0.09829846024513245,-0.5555136203765869,0,2000,comp,4,80,42,1.0,0.0,walk_delay_comp
694,13.88,1.0,0.0,-0.37648117542266846,0.6552443504333496,0.08789392560720444,-0.4425722062587738,0,2000,comp,4,80,42,1.0,0.0,walk_delay_comp
695,13.9,1.0,0.0,-0.3718506097793579,0.6777738928794861,0.07467708736658096,-0.4352245330810547,0,2000,comp,4,80,42,1.0,0.0,walk_delay_comp
696,13.92,1.0,0.0,-0.3673659563064575,0.7031864523887634,0.060376934707164764,-0.4416946768760681,0,2000,comp,4,80,42,1.0,0.0,walk_delay_comp
697,13.94,1.0,0.0,-0.36309492588043213,0.7248446941375732,0.04308323189616203,-0.4364982843399048,0,2000,comp,4,80,42,1.0,0.0,walk_delay_comp
698,13.96,1.0,0.0,-0.3592745065689087,0.7544106245040894,0.0291900597512722,-0.42579662799835205,0,2000,comp,4,80,42,1.0,0.0,walk_delay_comp
699,13.98,1.0,0.0,-0.3560405969619751,0.7906175255775452,0.018075115978717804,-0.4161148965358734,0,2000,comp,4,80,42,1.0,0.0,walk_delay_comp
700,14.0,1.0,0.0,-0.35370171070098877,0.8261613845825195,0.005841487552970648,-0.3428422212600708,0,2000,comp,4,80,42,1.0,0.0,walk_delay_comp
701,14.02,1.0,0.0,-0.35211479663848877,0.8577096462249756,-0.011044072918593884,-0.29039424657821655,0,2000,comp,4,80,42,1.0,0.0,walk_delay_comp
702,14.040000000000001,1.0,0.0,-0.3502446413040161,0.8831499814987183,-0.030766122043132782,-0.2794618308544159,0,2000,comp,4,80,42,1.0,0.0,walk_delay_comp
703,14.06,1.0,0.0,-0.347690224647522,0.9046765565872192,-0.05044560879468918,-0.24602395296096802,0,2000,comp,4,80,42,1.0,0.0,walk_delay_comp
704,14.08,1.0,0.0,-0.3455616235733032,0.8695164918899536,-0.05873642489314079,-0.5859145522117615,0,2000,comp,4,80,42,1.0,0.0,walk_delay_comp
705,14.1,1.0,0.0,-0.3436847925186157,0.8034167289733887,0.009415283799171448,0.0905018076300621,0,2000,comp,4,80,42,1.0,0.0,walk_delay_comp
706,14.120000000000001,1.0,0.0,-0.34628403186798096,0.7469453811645508,0.04811257869005203,0.16476771235466003,0,2000,comp,4,80,42,1.0,0.0,walk_delay_comp
707,14.14,1.0,0.0,-0.348270058631897,0.7114440202713013,0.07582418620586395,-0.16007481515407562,0,2000,comp,4,80,42,1.0,0.0,walk_delay_comp
708,14.16,1.0,0.0,-0.3463846445083618,0.6957327723503113,0.0936170443892479,-0.643742024898529,0,2000,comp,4,80,42,1.0,0.0,walk_delay_comp
709,14.18,1.0,0.0,-0.34004366397857666,0.6926310658454895,0.10951918363571167,-1.0142502784729004,0,2000,comp,4,80,42,1.0,0.0,walk_delay_comp
710,14.200000000000001,1.0,0.0,-0.3318740129470825,0.679863452911377,0.1303650140762329,-1.0161763429641724,0,2000,comp,4,80,42,1.0,0.0,walk_delay_comp
711,14.22,1.0,0.0,-0.32504141330718994,0.6722894906997681,0.1506766527891159,-0.6477965116500854,0,2000,comp,4,80,42,1.0,0.0,walk_delay_comp
712,14.24,1.0,0.0,-0.32347309589385986,0.646584153175354,0.17345362901687622,-0.10307184606790543,0,2000,comp,4,80,42,1.0,0.0,walk_delay_comp
713,14.26,1.0,0.0,-0.32502520084381104,0.6363644003868103,0.1836920827627182,0.12140104919672012,0,2000,comp,4,80,42,1.0,0.0,walk_delay_comp
714,14.280000000000001,1.0,0.0,-0.32919037342071533,0.6326193809509277,0.19807684421539307,0.3872970640659332,0,2000,comp,4,80,42,1.0,0.0,walk_delay_comp
715,14.3,1.0,0.0,-0.33393537998199463,0.6360220313072205,0.21015238761901855,0.352438747882843,0,2000,comp,4,80,42,1.0,0.0,walk_delay_comp
716,14.32,1.0,0.0,-0.3378397226333618,0.6575412154197693,0.22168101370334625,0.3296138048171997,0,2000,comp,4,80,42,1.0,0.0,walk_delay_comp
717,14.34,1.0,0.0,-0.34142982959747314,0.6873384714126587,0.24080035090446472,0.3218596875667572,0,2000,comp,4,80,42,1.0,0.0,walk_delay_comp
718,14.36,1.0,0.0,-0.34339725971221924,0.7121050953865051,0.2599560618400574,0.10962699353694916,0,2000,comp,4,80,42,1.0,0.0,walk_delay_comp
719,14.38,1.0,0.0,-0.343145489692688,0.742683470249176,0.28057315945625305,-0.043761976063251495,0,2000,comp,4,80,42,1.0,0.0,walk_delay_comp
720,14.4,1.0,0.0,-0.34098780155181885,0.774770975112915,0.30314400792121887,-0.14976096153259277,0,2000,comp,4,80,42,1.0,0.0,walk_delay_comp
721,14.42,1.0,0.0,-0.33696043491363525,0.8044289946556091,0.3326911926269531,-0.2837080955505371,0,2000,comp,4,80,42,1.0,0.0,walk_delay_comp
722,14.44,1.0,0.0,-0.33143770694732666,0.8277842402458191,0.3717900514602661,-0.3788415193557739,0,2000,comp,4,80,42,1.0,0.0,walk_delay_comp
723,14.46,1.0,0.0,-0.3269439935684204,0.8370800018310547,0.421021044254303,-0.30578625202178955,0,2000,comp,4,80,42,1.0,0.0,walk_delay_comp
724,14.48,1.0,0.0,-0.32442915439605713,0.8442947864532471,0.4672900140285492,-0.14735648036003113,0,2000,comp,4,80,42,1.0,0.0,walk_delay_comp
725,14.5,1.0,0.0,-0.32405388355255127,0.8539257645606995,0.5014970898628235,0.1280037760734558,0,2000,comp,4,80,42,1.0,0.0,walk_delay_comp
726,14.52,1.0,0.0,-0.32649528980255127,0.7611055970191956,0.40528780221939087,0.0052909404039382935,0,2000,comp,4,80,42,1.0,0.0,walk_delay_comp
727,14.540000000000001,1.0,0.0,-0.32228147983551025,0.7016443610191345,0.32457220554351807,-0.47245627641677856,0,2000,comp,4,80,42,1.0,0.0,walk_delay_comp
728,14.56,1.0,0.0,-0.3151789903640747,0.659984290599823,0.26441964507102966,-0.46583911776542664,0,2000,comp,4,80,42,1.0,0.0,walk_delay_comp
729,14.58,1.0,0.0,-0.31001293659210205,0.6476792097091675,0.22848087549209595,-0.09931261092424393,0,2000,comp,4,80,42,1.0,0.0,walk_delay_comp
730,14.6,1.0,0.0,-0.30879175662994385,0.6513123512268066,0.20293226838111877,0.2568396031856537,0,2000,comp,4,80,42,1.0,0.0,walk_delay_comp
731,14.620000000000001,1.0,0.0,-0.30949127674102783,0.6587151885032654,0.17559753358364105,0.2545148432254791,0,2000,comp,4,80,42,1.0,0.0,walk_delay_comp
732,14.64,1.0,0.0,-0.30830299854278564,0.6647591590881348,0.14090679585933685,-0.1205415427684784,0,2000,comp,4,80,42,1.0,0.0,walk_delay_comp
733,14.66,1.0,0.0,-0.30309975147247314,0.6515809297561646,0.11333656311035156,-0.5061710476875305,0,2000,comp,4,80,42,1.0,0.0,walk_delay_comp
734,14.68,1.0,0.0,-0.2962585687637329,0.6443142890930176,0.09946971386671066,-0.5627168416976929,0,2000,comp,4,80,42,1.0,0.0,walk_delay_comp
735,14.700000000000001,1.0,0.0,-0.2898164987564087,0.6346775889396667,0.0883038192987442,-0.5168811082839966,0,2000,comp,4,80,42,1.0,0.0,walk_delay_comp
736,14.72,1.0,0.0,-0.2845035791397095,0.6444998979568481,0.07833057641983032,-0.44795113801956177,0,2000,comp,4,80,42,1.0,0.0,walk_delay_comp
737,14.74,1.0,0.0,-0.28020918369293213,0.6626092195510864,0.06225283071398735,-0.368355929851532,0,2000,comp,4,80,42,1.0,0.0,walk_delay_comp
738,14.76,1.0,0.0,-0.27650654315948486,0.6846026182174683,0.04877599701285362,-0.35985061526298523,0,2000,comp,4,80,42,1.0,0.0,walk_delay_comp
739,14.780000000000001,1.0,0.0,-0.27255117893218994,0.7122940421104431,0.03201020136475563,-0.4181419909000397,0,2000,comp,4,80,42,1.0,0.0,walk_delay_comp
740,14.8,1.0,0.0,-0.2688246965408325,0.7370126247406006,0.014787021093070507,-0.3833463788032532,0,2000,comp,4,80,42,1.0,0.0,walk_delay_comp
741,14.82,1.0,0.0,-0.26588261127471924,0.772879421710968,0.002557763596996665,-0.3607345521450043,0,2000,comp,4,80,42,1.0,0.0,walk_delay_comp
742,14.84,1.0,0.0,-0.2637749910354614,0.8110811710357666,-0.010136833414435387,-0.3194130063056946,0,2000,comp,4,80,42,1.0,0.0,walk_delay_comp
743,14.86,1.0,0.0,-0.2626124620437622,0.8442344665527344,-0.025404997169971466,-0.23413406312465668,0,2000,comp,4,80,42,1.0,0.0,walk_delay_comp
744,14.88,1.0,0.0,-0.26180851459503174,0.8734726905822754,-0.04553542658686638,-0.19773666560649872,0,2000,comp,4,80,42,1.0,0.0,walk_delay_comp
745,14.9,1.0,0.0,-0.260257363319397,0.8973551988601685,-0.0672808438539505,-0.20161591470241547,0,2000,comp,4,80,42,1.0,0.0,walk_delay_comp
746,14.92,1.0,0.0,-0.25857460498809814,0.9151376485824585,-0.0871460884809494,-0.16509376466274261,0,2000,comp,4,80,42,1.0,0.0,walk_delay_comp
747,14.94,1.0,0.0,-0.2559906244277954,0.8423216342926025,-0.04897819831967354,-0.11617214977741241,0,2000,comp,4,80,42,1.0,0.0,walk_delay_comp
748,14.96,1.0,0.0,-0.257820725440979,0.7814295887947083,0.0017282941844314337,0.2770271301269531,0,2000,comp,4,80,42,1.0,0.0,walk_delay_comp
749,14.98,1.0,0.0,-0.2615009546279907,0.7357247471809387,0.03529064729809761,0.1199786588549614,0,2000,comp,4,80,42,1.0,0.0,walk_delay_comp
750,15.0,1.0,0.0,-0.262428879737854,0.7118038535118103,0.05880839377641678,-0.3349687159061432,0,2000,comp,4,80,42,1.0,0.0,walk_delay_comp
751,15.02,1.0,0.0,-0.2583252191543579,0.7035397887229919,0.07387828081846237,-0.8587800860404968,0,2000,comp,4,80,42,1.0,0.0,walk_delay_comp
752,15.040000000000001,1.0,0.0,-0.2508007287979126,0.6952905654907227,0.0923364982008934,-1.0062060356140137,0,2000,comp,4,80,42,1.0,0.0,walk_delay_comp
753,15.06,1.0,0.0,-0.24369430541992188,0.6821175217628479,0.119271419942379,-0.7919352650642395,0,2000,comp,4,80,42,1.0,0.0,walk_delay_comp
754,15.08,1.0,0.0,-0.24007534980773926,0.6675668954849243,0.1399080604314804,-0.29438459873199463,0,2000,comp,4,80,42,1.0,0.0,walk_delay_comp
755,15.1,1.0,0.0,-0.24128496646881104,0.6456925272941589,0.1579229086637497,0.13431113958358765,0,2000,comp,4,80,42,1.0,0.0,walk_delay_comp
756,15.120000000000001,1.0,0.0,-0.24448788166046143,0.6355373859405518,0.1702197790145874,0.22938115894794464,0,2000,comp,4,80,42,1.0,0.0,walk_delay_comp
757,15.14,1.0,0.0,-0.24873745441436768,0.6301917433738708,0.18357788026332855,0.3574594557285309,0,2000,comp,4,80,42,1.0,0.0,walk_delay_comp
758,15.16,1.0,0.0,-0.2531520128250122,0.6391302347183228,0.19648796319961548,0.3401930630207062,0,2000,comp,4,80,42,1.0,0.0,walk_delay_comp
759,15.18,1.0,0.0,-0.2569495439529419,0.669713020324707,0.20741428434848785,0.3468537926673889,0,2000,comp,4,80,42,1.0,0.0,walk_delay_comp
760,15.200000000000001,1.0,0.0,-0.2596093416213989,0.6923362612724304,0.2265000194311142,0.19527415931224823,0,2000,comp,4,80,42,1.0,0.0,walk_delay_comp
761,15.22,1.0,0.0,-0.260870099067688,0.7215526700019836,0.24863207340240479,0.1028386726975441,0,2000,comp,4,80,42,1.0,0.0,walk_delay_comp
762,15.24,1.0,0.0,-0.260290265083313,0.7533268332481384,0.26801592111587524,-0.048674192279577255,0,2000,comp,4,80,42,1.0,0.0,walk_delay_comp
763,15.26,1.0,0.0,-0.2578054666519165,0.7867186665534973,0.2903049886226654,-0.15451136231422424,0,2000,comp,4,80,42,1.0,0.0,walk_delay_comp
764,15.280000000000001,1.0,0.0,-0.253574013710022,0.8144274353981018,0.3219974637031555,-0.2846565842628479,0,2000,comp,4,80,42,1.0,0.0,walk_delay_comp
765,15.3,1.0,0.0,-0.24874639511108398,0.8347254395484924,0.3629963994026184,-0.30644771456718445,0,2000,comp,4,80,42,1.0,0.0,walk_delay_comp
766,15.32,1.0,0.0,-0.24565720558166504,0.8432757258415222,0.4100782573223114,-0.18499158322811127,0,2000,comp,4,80,42,1.0,0.0,walk_delay_comp
767,15.34,1.0,0.0,-0.24460339546203613,0.8536078333854675,0.45260190963745117,-0.005503895692527294,0,2000,comp,4,80,42,1.0,0.0,walk_delay_comp
768,15.36,1.0,0.0,-0.2465285062789917,0.7919303774833679,0.42892083525657654,0.46849530935287476,0,2000,comp,4,80,42,1.0,0.0,walk_delay_comp
769,15.38,1.0,0.0,-0.24641358852386475,0.7361435890197754,0.34165942668914795,-0.22849537432193756,0,2000,comp,4,80,42,1.0,0.0,walk_delay_comp
770,15.4,1.0,0.0,-0.24070918560028076,0.6797720193862915,0.26895764470100403,-0.48568716645240784,0,2000,comp,4,80,42,1.0,0.0,walk_delay_comp
771,15.42,1.0,0.0,-0.23429691791534424,0.6492053866386414,0.22025030851364136,-0.2947404682636261,0,2000,comp,4,80,42,1.0,0.0,walk_delay_comp
772,15.44,1.0,0.0,-0.23124396800994873,0.6468459367752075,0.1916636824607849,0.1397014558315277,0,2000,comp,4,80,42,1.0,0.0,walk_delay_comp
773,15.46,1.0,0.0,-0.23194420337677002,0.6559913754463196,0.16584369540214539,0.4100175201892853,0,2000,comp,4,80,42,1.0,0.0,walk_delay_comp
774,15.48,1.0,0.0,-0.23382437229156494,0.6674915552139282,0.13383078575134277,0.29923781752586365,0,2000,comp,4,80,42,1.0,0.0,walk_delay_comp
775,15.5,1.0,0.0,-0.23239624500274658,0.6650667190551758,0.101920485496521,-0.18096566200256348,0,2000,comp,4,80,42,1.0,0.0,walk_delay_comp
776,15.52,1.0,0.0,-0.22684764862060547,0.6520573496818542,0.08043043315410614,-0.5310993194580078,0,2000,comp,4,80,42,1.0,0.0,walk_delay_comp
777,15.540000000000001,1.0,0.0,-0.22001564502716064,0.6415615081787109,0.06935189664363861,-0.56941819190979,0,2000,comp,4,80,42,1.0,0.0,walk_delay_comp
778,15.56,1.0,0.0,-0.21377968788146973,0.6393572092056274,0.057691849768161774,-0.5023665428161621,0,2000,comp,4,80,42,1.0,0.0,walk_delay_comp
779,15.58,1.0,0.0,-0.20956861972808838,0.657312273979187,0.04760048910975456,-0.30748745799064636,0,2000,comp,4,80,42,1.0,0.0,walk_delay_comp
780,15.6,1.0,0.0,-0.2062312364578247,0.6820274591445923,0.031516797840595245,-0.30815479159355164,0,2000,comp,4,80,42,1.0,0.0,walk_delay_comp
781,15.620000000000001,1.0,0.0,-0.202842116355896,0.7111262679100037,0.016706928610801697,-0.35451799631118774,0,2000,comp,4,80,42,1.0,0.0,walk_delay_comp
782,15.64,1.0,0.0,-0.1992356777191162,0.7315396666526794,-0.002648396184667945,-0.3813769221305847,0,2000,comp,4,80,42,1.0,0.0,walk_delay_comp
783,15.66,1.0,0.0,-0.1959550380706787,0.7621684074401855,-0.017716147005558014,-0.37813103199005127,0,2000,comp,4,80,42,1.0,0.0,walk_delay_comp
784,15.68,1.0,0.0,-0.19312477111816406,0.7986058592796326,-0.03168465942144394,-0.38527631759643555,0,2000,comp,4,80,42,1.0,0.0,walk_delay_comp
785,15.700000000000001,1.0,0.0,-0.19118213653564453,0.834773600101471,-0.046264708042144775,-0.3005131781101227,0,2000,comp,4,80,42,1.0,0.0,walk_delay_comp
786,15.72,1.0,0.0,-0.19016432762145996,0.8667381405830383,-0.06608974188566208,-0.2253407984972,0,2000,comp,4,80,42,1.0,0.0,walk_delay_comp
787,15.74,1.0,0.0,-0.18917560577392578,0.8913154006004333,-0.08976951241493225,-0.17886430025100708,0,2000,comp,4,80,42,1.0,0.0,walk_delay_comp
788,15.76,1.0,0.0,-0.18766605854034424,0.9104838371276855,-0.1136740893125534,-0.1572776436805725,0,2000,comp,4,80,42,1.0,0.0,walk_delay_comp
789,15.780000000000001,1.0,0.0,-0.186303973197937,0.886063814163208,-0.13050176203250885,-0.459719181060791,0,2000,comp,4,80,42,1.0,0.0,walk_delay_comp
790,15.8,1.0,0.0,-0.18458020687103271,0.8132948279380798,-0.054498329758644104,0.13347959518432617,0,2000,comp,4,80,42,1.0,0.0,walk_delay_comp
791,15.82,1.0,0.0,-0.18817484378814697,0.7548511028289795,-0.009273196570575237,0.29100820422172546,0,2000,comp,4,80,42,1.0,0.0,walk_delay_comp
792,15.84,1.0,0.0,-0.19164252281188965,0.7189981937408447,0.021881552413105965,0.014158754609525204,0,2000,comp,4,80,42,1.0,0.0,walk_delay_comp
793,15.860000000000001,1.0,0.0,-0.191558837890625,0.702490508556366,0.04245424270629883,-0.4658065736293793,0,2000,comp,4,80,42,1.0,0.0,walk_delay_comp
794,15.88,1.0,0.0,-0.1867084503173828,0.6982114911079407,0.05738039314746857,-0.8796817064285278,0,2000,comp,4,80,42,1.0,0.0,walk_delay_comp
795,15.9,1.0,0.0,-0.17958855628967285,0.6864758133888245,0.08060435950756073,-0.9138394594192505,0,2000,comp,4,80,42,1.0,0.0,walk_delay_comp
796,15.92,1.0,0.0,-0.17370903491973877,0.679042637348175,0.1045982763171196,-0.5789860486984253,0,2000,comp,4,80,42,1.0,0.0,walk_delay_comp
797,15.94,1.0,0.0,-0.17252135276794434,0.6537985801696777,0.12959136068820953,-0.07919331640005112,0,2000,comp,4,80,42,1.0,0.0,walk_delay_comp
798,15.96,1.0,0.0,-0.17441296577453613,0.6406065225601196,0.14334341883659363,0.14827732741832733,0,2000,comp,4,80,42,1.0,0.0,walk_delay_comp
799,15.98,1.0,0.0,-0.17859971523284912,0.6357072591781616,0.15691021084785461,0.3818637728691101,0,2000,comp,4,80,42,1.0,0.0,walk_delay_comp
800,16.0,1.0,0.0,-0.18361270427703857,0.6365202069282532,0.1685241460800171,0.39650607109069824,0,2000,comp,4,80,42,1.0,0.0,walk_delay_comp
801,16.02,1.0,0.0,-0.18785452842712402,0.6544073820114136,0.17962028086185455,0.35794028639793396,0,2000,comp,4,80,42,1.0,0.0,walk_delay_comp
802,16.04,1.0,0.0,-0.1918402910232544,0.6810447573661804,0.19835558533668518,0.36575499176979065,0,2000,comp,4,80,42,1.0,0.0,walk_delay_comp
803,16.06,1.0,0.0,-0.19444715976715088,0.7027092576026917,0.2170906364917755,0.17893648147583008,0,2000,comp,4,80,42,1.0,0.0,walk_delay_comp
804,16.080000000000002,1.0,0.0,-0.1951146125793457,0.7337453365325928,0.23555594682693481,0.05749661847949028,0,2000,comp,4,80,42,1.0,0.0,walk_delay_comp
805,16.1,1.0,0.0,-0.19407379627227783,0.7649726271629333,0.2554938495159149,-0.05059102922677994,0,2000,comp,4,80,42,1.0,0.0,walk_delay_comp
806,16.12,1.0,0.0,-0.1911475658416748,0.7946596741676331,0.2812333405017853,-0.18263061344623566,0,2000,comp,4,80,42,1.0,0.0,walk_delay_comp
807,16.14,1.0,0.0,-0.18687784671783447,0.8199565410614014,0.31661731004714966,-0.2461097091436386,0,2000,comp,4,80,42,1.0,0.0,walk_delay_comp
808,16.16,1.0,0.0,-0.18333768844604492,0.8316243886947632,0.3602563738822937,-0.20169216394424438,0,2000,comp,4,80,42,1.0,0.0,walk_delay_comp
809,16.18,1.0,0.0,-0.18176448345184326,0.8386507034301758,0.40385326743125916,-0.06444211304187775,0,2000,comp,4,80,42,1.0,0.0,walk_delay_comp
810,16.2,1.0,0.0,-0.1818990707397461,0.8490031361579895,0.43811550736427307,0.12996432185173035,0,2000,comp,4,80,42,1.0,0.0,walk_delay_comp
811,16.22,1.0,0.0,-0.18452489376068115,0.7734864354133606,0.36557984352111816,0.11929591000080109,0,2000,comp,4,80,42,1.0,0.0,walk_delay_comp
812,16.240000000000002,1.0,0.0,-0.1812647581100464,0.7155044078826904,0.28798502683639526,-0.4111294746398926,0,2000,comp,4,80,42,1.0,0.0,walk_delay_comp
813,16.26,1.0,0.0,-0.17459571361541748,0.6706981658935547,0.2271033078432083,-0.4389624297618866,0,2000,comp,4,80,42,1.0,0.0,walk_delay_comp
814,16.28,1.0,0.0,-0.16934359073638916,0.6537140011787415,0.18867824971675873,-0.08624888956546783,0,2000,comp,4,80,42,1.0,0.0,walk_delay_comp
815,16.3,1.0,0.0,-0.16820716857910156,0.6565795540809631,0.16277137398719788,0.3091573119163513,0,2000,comp,4,80,42,1.0,0.0,walk_delay_comp
816,16.32,1.0,0.0,-0.16973555088043213,0.6660557389259338,0.13657958805561066,0.3841673731803894,0,2000,comp,4,80,42,1.0,0.0,walk_delay_comp
817,16.34,1.0,0.0,-0.17008531093597412,0.6739694476127625,0.10304989665746689,0.05642499774694443,0,2000,comp,4,80,42,1.0,0.0,walk_delay_comp
818,16.36,1.0,0.0,-0.16650795936584473,0.6626137495040894,0.07502108812332153,-0.3599489629268646,0,2000,comp,4,80,42,1.0,0.0,walk_delay_comp
819,16.38,1.0,0.0,-0.16069483757019043,0.6564017534255981,0.06042234227061272,-0.49148571491241455,0,2000,comp,4,80,42,1.0,0.0,walk_delay_comp
820,16.4,1.0,0.0,-0.1548326015472412,0.6481480598449707,0.05021800100803375,-0.4729454517364502,0,2000,comp,4,80,42,1.0,0.0,walk_delay_comp
821,16.42,1.0,0.0,-0.14991438388824463,0.6577838659286499,0.04036103934049606,-0.40769219398498535,0,2000,comp,4,80,42,1.0,0.0,walk_delay_comp
822,16.44,1.0,0.0,-0.14615392684936523,0.6766467094421387,0.025883037596940994,-0.3144970238208771,0,2000,comp,4,80,42,1.0,0.0,walk_delay_comp
823,16.46,1.0,0.0,-0.14312231540679932,0.700215220451355,0.011182617396116257,-0.28997695446014404,0,2000,comp,4,80,42,1.0,0.0,walk_delay_comp
824,16.48,1.0,0.0,-0.13980567455291748,0.7297581434249878,-0.00693091843277216,-0.3573474586009979,0,2000,comp,4,80,42,1.0,0.0,walk_delay_comp
825,16.5,1.0,0.0,-0.13659071922302246,0.7556927800178528,-0.02634393982589245,-0.33736559748649597,0,2000,comp,4,80,42,1.0,0.0,walk_delay_comp
826,16.52,1.0,0.0,-0.13409781455993652,0.7925874590873718,-0.04127521440386772,-0.31521087884902954,0,2000,comp,4,80,42,1.0,0.0,walk_delay_comp
827,16.54,1.0,0.0,-0.1324366331100464,0.8320825099945068,-0.055312614887952805,-0.27760079503059387,0,2000,comp,4,80,42,1.0,0.0,walk_delay_comp
828,16.56,1.0,0.0,-0.13170278072357178,0.866956353187561,-0.07378949970006943,-0.18686911463737488,0,2000,comp,4,80,42,1.0,0.0,walk_delay_comp
829,16.580000000000002,1.0,0.0,-0.131461501121521,0.8968084454536438,-0.09649505466222763,-0.13046033680438995,0,2000,comp,4,80,42,1.0,0.0,walk_delay_comp
830,16.6,1.0,0.0,-0.13077998161315918,0.9199979901313782,-0.12235160171985626,-0.10806290805339813,0,2000,comp,4,80,42,1.0,0.0,walk_delay_comp
831,16.62,1.0,0.0,-0.12995052337646484,0.9355893731117249,-0.14460809528827667,-0.09944086521863937,0,2000,comp,4,80,42,1.0,0.0,walk_delay_comp
832,16.64,1.0,0.0,-0.12761282920837402,0.8527426719665527,-0.08819188922643661,-0.08209726214408875,0,2000,comp,4,80,42,1.0,0.0,walk_delay_comp
833,16.66,1.0,0.0,-0.13000452518463135,0.7934392690658569,-0.03492642566561699,0.3180825710296631,0,2000,comp,4,80,42,1.0,0.0,walk_delay_comp
834,16.68,1.0,0.0,-0.13438141345977783,0.7510889172554016,0.0008791042491793633,0.1732812076807022,0,2000,comp,4,80,42,1.0,0.0,walk_delay_comp
835,16.7,1.0,0.0,-0.13579773902893066,0.732763946056366,0.024023793637752533,-0.29263633489608765,0,2000,comp,4,80,42,1.0,0.0,walk_delay_comp
836,16.72,1.0,0.0,-0.13203954696655273,0.7271127104759216,0.039118628948926926,-0.8226251006126404,0,2000,comp,4,80,42,1.0,0.0,walk_delay_comp
837,16.740000000000002,1.0,0.0,-0.12494635581970215,0.7220049500465393,0.05942288041114807,-0.9455289840698242,0,2000,comp,4,80,42,1.0,0.0,walk_delay_comp
838,16.76,1.0,0.0,-0.11869263648986816,0.7080416679382324,0.08966032415628433,-0.6810756325721741,0,2000,comp,4,80,42,1.0,0.0,walk_delay_comp
839,16.78,1.0,0.0,-0.1162409782409668,0.693629264831543,0.11232689768075943,-0.1768975704908371,0,2000,comp,4,80,42,1.0,0.0,walk_delay_comp
840,16.8,1.0,0.0,-0.11852467060089111,0.6705315113067627,0.13153454661369324,0.2236456573009491,0,2000,comp,4,80,42,1.0,0.0,walk_delay_comp
841,16.82,1.0,0.0,-0.12234067916870117,0.6598420143127441,0.143497034907341,0.27052149176597595,0,2000,comp,4,80,42,1.0,0.0,walk_delay_comp
842,16.84,1.0,0.0,-0.12700343132019043,0.6538044810295105,0.15696533024311066,0.4017750322818756,0,2000,comp,4,80,42,1.0,0.0,walk_delay_comp
843,16.86,1.0,0.0,-0.13183951377868652,0.6621730327606201,0.16976948082447052,0.38461124897003174,0,2000,comp,4,80,42,1.0,0.0,walk_delay_comp
844,16.88,1.0,0.0,-0.13609755039215088,0.6917915940284729,0.18084709346294403,0.39185234904289246,0,2000,comp,4,80,42,1.0,0.0,walk_delay_comp
845,16.9,1.0,0.0,-0.13933372497558594,0.7126919627189636,0.19974544644355774,0.2516973614692688,0,2000,comp,4,80,42,1.0,0.0,walk_delay_comp
846,16.92,1.0,0.0,-0.14125382900238037,0.7415881156921387,0.2205129861831665,0.16699515283107758,0,2000,comp,4,80,42,1.0,0.0,walk_delay_comp
847,16.94,1.0,0.0,-0.1413583755493164,0.7731298804283142,0.2380356341600418,0.011900407262146473,0,2000,comp,4,80,42,1.0,0.0,walk_delay_comp
848,16.96,1.0,0.0,-0.13946783542633057,0.8048281073570251,0.2584671378135681,-0.10532750934362411,0,2000,comp,4,80,42,1.0,0.0,walk_delay_comp
849,16.98,1.0,0.0,-0.13606226444244385,0.8339963555335999,0.2877318859100342,-0.1912398487329483,0,2000,comp,4,80,42,1.0,0.0,walk_delay_comp
850,17.0,1.0,0.0,-0.13214218616485596,0.8549822568893433,0.324566513299942,-0.21519078314304352,0,2000,comp,4,80,42,1.0,0.0,walk_delay_comp
851,17.02,1.0,0.0,-0.12999475002288818,0.8635953664779663,0.3681773245334625,-0.09721402823925018,0,2000,comp,4,80,42,1.0,0.0,walk_delay_comp
852,17.04,1.0,0.0,-0.1297011375427246,0.8737331032752991,0.4074738323688507,0.046697646379470825,0,2000,comp,4,80,42,1.0,0.0,walk_delay_comp
853,17.06,1.0,0.0,-0.1318039894104004,0.8140007853507996,0.38305923342704773,0.49273794889450073,0,2000,comp,4,80,42,1.0,0.0,walk_delay_comp
854,17.080000000000002,1.0,0.0,-0.13203644752502441,0.7589101791381836,0.30152520537376404,-0.17131997644901276,0,2000,comp,4,80,42,1.0,0.0,walk_delay_comp
855,17.1,1.0,0.0,-0.127083420753479,0.7016897201538086,0.23142634332180023,-0.3862396776676178,0,2000,comp,4,80,42,1.0,0.0,walk_delay_comp
856,17.12,1.0,0.0,-0.12162113189697266,0.6694820523262024,0.1835380345582962,-0.1652204841375351,0,2000,comp,4,80,42,1.0,0.0,walk_delay_comp
857,17.14,1.0,0.0,-0.11945199966430664,0.6683006286621094,0.154702827334404,0.24602317810058594,0,2000,comp,4,80,42,1.0,0.0,walk_delay_comp
858,17.16,1.0,0.0,-0.12096083164215088,0.6784471273422241,0.13030093908309937,0.48607271909713745,0,2000,comp,4,80,42,1.0,0.0,walk_delay_comp
859,17.18,1.0,0.0,-0.12363159656524658,0.6896145939826965,0.09884941577911377,0.3846585750579834,0,2000,comp,4,80,42,1.0,0.0,walk_delay_comp
860,17.2,1.0,0.0,-0.1229550838470459,0.6868506669998169,0.06862290948629379,-0.1168806254863739,0,2000,comp,4,80,42,1.0,0.0,walk_delay_comp
861,17.22,1.0,0.0,-0.1179429292678833,0.6737071871757507,0.04739543795585632,-0.49082112312316895,0,2000,comp,4,80,42,1.0,0.0,walk_delay_comp
862,17.240000000000002,1.0,0.0,-0.11149013042449951,0.6649447083473206,0.03861009329557419,-0.5425621867179871,0,2000,comp,4,80,42,1.0,0.0,walk_delay_comp
863,17.26,1.0,0.0,-0.1055678129196167,0.6637463569641113,0.027576399967074394,-0.4685257375240326,0,2000,comp,4,80,42,1.0,0.0,walk_delay_comp
864,17.28,1.0,0.0,-0.10159873962402344,0.683790922164917,0.01843077689409256,-0.28938165307044983,0,2000,comp,4,80,42,1.0,0.0,walk_delay_comp
865,17.3,1.0,0.0,-0.09855854511260986,0.7095168232917786,0.0018193647265434265,-0.2730218470096588,0,2000,comp,4,80,42,1.0,0.0,walk_delay_comp
866,17.32,1.0,0.0,-0.09543454647064209,0.7405076026916504,-0.015227722935378551,-0.32086214423179626,0,2000,comp,4,80,42,1.0,0.0,walk_delay_comp
867,17.34,1.0,0.0,-0.09217464923858643,0.7628833651542664,-0.03595307469367981,-0.33617889881134033,0,2000,comp,4,80,42,1.0,0.0,walk_delay_comp
868,17.36,1.0,0.0,-0.08928096294403076,0.796999990940094,-0.051768746227025986,-0.34409797191619873,0,2000,comp,4,80,42,1.0,0.0,walk_delay_comp
869,17.38,1.0,0.0,-0.08678817749023438,0.8348467946052551,-0.0668797641992569,-0.3524547815322876,0,2000,comp,4,80,42,1.0,0.0,walk_delay_comp
870,17.400000000000002,1.0,0.0,-0.08522677421569824,0.8728622794151306,-0.08210669457912445,-0.25361597537994385,0,2000,comp,4,80,42,1.0,0.0,walk_delay_comp
871,17.42,1.0,0.0,-0.08478248119354248,0.9055325984954834,-0.10309906303882599,-0.15190453827381134,0,2000,comp,4,80,42,1.0,0.0,walk_delay_comp
872,17.44,1.0,0.0,-0.08460235595703125,0.929827094078064,-0.12900154292583466,-0.08084752410650253,0,2000,comp,4,80,42,1.0,0.0,walk_delay_comp
873,17.46,1.0,0.0,-0.08413982391357422,0.9480951428413391,-0.15608057379722595,-0.05345971882343292,0,2000,comp,4,80,42,1.0,0.0,walk_delay_comp
874,17.48,1.0,0.0,-0.08256638050079346,0.886978268623352,-0.13039283454418182,-0.4975305497646332,0,2000,comp,4,80,42,1.0,0.0,walk_delay_comp
875,17.5,1.0,0.0,-0.08296430110931396,0.8231970071792603,-0.07024282217025757,0.309044748544693,0,2000,comp,4,80,42,1.0,0.0,walk_delay_comp
876,17.52,1.0,0.0,-0.08790254592895508,0.7639757990837097,-0.02470243349671364,0.35182636976242065,0,2000,comp,4,80,42,1.0,0.0,walk_delay_comp
877,17.54,1.0,0.0,-0.09167671203613281,0.7269786596298218,0.005257075186818838,0.0036060416605323553,0,2000,comp,4,80,42,1.0,0.0,walk_delay_comp
878,17.56,1.0,0.0,-0.09102141857147217,0.7132437825202942,0.02368461899459362,-0.5320064425468445,0,2000,comp,4,80,42,1.0,0.0,walk_delay_comp
879,17.580000000000002,1.0,0.0,-0.08631682395935059,0.705484926700592,0.03929591551423073,-0.79643714427948,0,2000,comp,4,80,42,1.0,0.0,walk_delay_comp
880,17.6,1.0,0.0,-0.07954883575439453,0.6963668465614319,0.06181418523192406,-0.8900379538536072,0,2000,comp,4,80,42,1.0,0.0,walk_delay_comp
881,17.62,1.0,0.0,-0.07450699806213379,0.6831771731376648,0.08837908506393433,-0.47419992089271545,0,2000,comp,4,80,42,1.0,0.0,walk_delay_comp
882,17.64,1.0,0.0,-0.07407355308532715,0.6604546308517456,0.1150147020816803,-0.03163660317659378,0,2000,comp,4,80,42,1.0,0.0,walk_delay_comp
883,17.66,1.0,0.0,-0.0764855146408081,0.649198591709137,0.13097025454044342,0.20145654678344727,0,2000,comp,4,80,42,1.0,0.0,walk_delay_comp
884,17.68,1.0,0.0,-0.08103156089782715,0.6414189338684082,0.14476506412029266,0.41065195202827454,0,2000,comp,4,80,42,1.0,0.0,walk_delay_comp
885,17.7,1.0,0.0,-0.08632040023803711,0.643893301486969,0.1549925059080124,0.4402727782726288,0,2000,comp,4,80,42,1.0,0.0,walk_delay_comp
886,17.72,1.0,0.0,-0.09094059467315674,0.6672853231430054,0.1650802195072174,0.4043571650981903,0,2000,comp,4,80,42,1.0,0.0,walk_delay_comp
887,17.740000000000002,1.0,0.0,-0.09494352340698242,0.6843766570091248,0.18629799783229828,0.3232552409172058,0,2000,comp,4,80,42,1.0,0.0,walk_delay_comp
888,17.76,1.0,0.0,-0.09810054302215576,0.710913360118866,0.20662246644496918,0.27551957964897156,0,2000,comp,4,80,42,1.0,0.0,walk_delay_comp
889,17.78,1.0,0.0,-0.09949588775634766,0.7422569990158081,0.22086642682552338,0.11201181262731552,0,2000,comp,4,80,42,1.0,0.0,walk_delay_comp
890,17.8,1.0,0.0,-0.09908413887023926,0.7746387720108032,0.23916801810264587,0.0038172390777617693,0,2000,comp,4,80,42,1.0,0.0,walk_delay_comp
891,17.82,1.0,0.0,-0.09668087959289551,0.8050768971443176,0.26240187883377075,-0.13189762830734253,0,2000,comp,4,80,42,1.0,0.0,walk_delay_comp
892,17.84,1.0,0.0,-0.09285974502563477,0.8282935619354248,0.2952422499656677,-0.21021728217601776,0,2000,comp,4,80,42,1.0,0.0,walk_delay_comp
893,17.86,1.0,0.0,-0.08983922004699707,0.8389691114425659,0.33689799904823303,-0.15103977918624878,0,2000,comp,4,80,42,1.0,0.0,walk_delay_comp
894,17.88,1.0,0.0,-0.08887887001037598,0.8463003039360046,0.37809625267982483,-0.008199607022106647,0,2000,comp,4,80,42,1.0,0.0,walk_delay_comp
895,17.900000000000002,1.0,0.0,-0.08962535858154297,0.8545776009559631,0.40780457854270935,0.17953138053417206,0,2000,comp,4,80,42,1.0,0.0,walk_delay_comp
896,17.92,1.0,0.0,-0.09240305423736572,0.7789507508277893,0.33872929215431213,0.13491584360599518,0,2000,comp,4,80,42,1.0,0.0,walk_delay_comp
897,17.94,1.0,0.0,-0.08955228328704834,0.7207159399986267,0.26279065012931824,-0.35321637988090515,0,2000,comp,4,80,42,1.0,0.0,walk_delay_comp
898,17.96,1.0,0.0,-0.08356940746307373,0.675989031791687,0.20411430299282074,-0.35132887959480286,0,2000,comp,4,80,42,1.0,0.0,walk_delay_comp
899,17.98,1.0,0.0,-0.07919561862945557,0.6589613556861877,0.1697981357574463,0.0019708164036273956,0,2000,comp,4,80,42,1.0,0.0,walk_delay_comp
900,18.0,1.0,0.0,-0.07900059223175049,0.6623237729072571,0.1445649266242981,0.3991454243659973,0,2000,comp,4,80,42,1.0,0.0,walk_delay_comp
901,18.02,1.0,0.0,-0.08112835884094238,0.6704421043395996,0.11950580030679703,0.4388098418712616,0,2000,comp,4,80,42,1.0,0.0,walk_delay_comp
902,18.04,1.0,0.0,-0.08177649974822998,0.6765801906585693,0.08646050840616226,0.08820454031229019,0,2000,comp,4,80,42,1.0,0.0,walk_delay_comp
903,18.06,1.0,0.0,-0.07843601703643799,0.6657429337501526,0.06011209264397621,-0.33946770429611206,0,2000,comp,4,80,42,1.0,0.0,walk_delay_comp
904,18.080000000000002,1.0,0.0,-0.07275545597076416,0.6595224738121033,0.04653490334749222,-0.48248860239982605,0,2000,comp,4,80,42,1.0,0.0,walk_delay_comp
905,18.1,1.0,0.0,-0.06696474552154541,0.6511068344116211,0.03809550777077675,-0.4601514935493469,0,2000,comp,4,80,42,1.0,0.0,walk_delay_comp
906,18.12,1.0,0.0,-0.06230473518371582,0.6593079566955566,0.028196340426802635,-0.36334383487701416,0,2000,comp,4,80,42,1.0,0.0,walk_delay_comp
907,18.14,1.0,0.0,-0.05907309055328369,0.678604006767273,0.013696138747036457,-0.25187957286834717,0,2000,comp,4,80,42,1.0,0.0,walk_delay_comp
908,18.16,1.0,0.0,-0.05650210380554199,0.7038516402244568,-0.0021052039228379726,-0.24719171226024628,0,2000,comp,4,80,42,1.0,0.0,walk_delay_comp
909,18.18,1.0,0.0,-0.053533196449279785,0.7354304790496826,-0.02061745710670948,-0.32021307945251465,0,2000,comp,4,80,42,1.0,0.0,walk_delay_comp
910,18.2,1.0,0.0,-0.05071425437927246,0.7618691325187683,-0.04088805988430977,-0.2866901159286499,0,2000,comp,4,80,42,1.0,0.0,walk_delay_comp
911,18.22,1.0,0.0,-0.048767685890197754,0.7987062931060791,-0.05668345093727112,-0.25214070081710815,0,2000,comp,4,80,42,1.0,0.0,walk_delay_comp
912,18.240000000000002,1.0,0.0,-0.0477290153503418,0.83851158618927,-0.0712568387389183,-0.21471962332725525,0,2000,comp,4,80,42,1.0,0.0,walk_delay_comp
913,18.26,1.0,0.0,-0.04757368564605713,0.8738039135932922,-0.09022599458694458,-0.13311821222305298,0,2000,comp,4,80,42,1.0,0.0,walk_delay_comp
914,18.28,1.0,0.0,-0.047800540924072266,0.9041263461112976,-0.11442197114229202,-0.0947193130850792,0,2000,comp,4,80,42,1.0,0.0,walk_delay_comp
915,18.3,1.0,0.0,-0.04751908779144287,0.927085816860199,-0.1406278759241104,-0.07698190957307816,0,2000,comp,4,80,42,1.0,0.0,walk_delay_comp
916,18.32,1.0,0.0,-0.047078609466552734,0.9421959519386292,-0.16564220190048218,-0.06638950854539871,0,2000,comp,4,80,42,1.0,0.0,walk_delay_comp
917,18.34,1.0,0.0,-0.0448758602142334,0.8575304746627808,-0.1147783026099205,-0.07220606505870819,0,2000,comp,4,80,42,1.0,0.0,walk_delay_comp
918,18.36,1.0,0.0,-0.047770023345947266,0.7938631176948547,-0.058659400790929794,0.39626720547676086,0,2000,comp,4,80,42,1.0,0.0,walk_delay_comp
919,18.38,1.0,0.0,-0.053079843521118164,0.7449778914451599,-0.016880255192518234,0.2589987516403198,0,2000,comp,4,80,42,1.0,0.0,walk_delay_comp
920,18.400000000000002,1.0,0.0,-0.05550956726074219,0.7184435129165649,0.002578810788691044,-0.19146519899368286,0,2000,comp,4,80,42,1.0,0.0,walk_delay_comp
921,18.42,1.0,0.0,-0.05271756649017334,0.7101497650146484,0.019756674766540527,-0.73854660987854,0,2000,comp,4,80,42,1.0,0.0,walk_delay_comp
922,18.44,1.0,0.0,-0.04642963409423828,0.7033437490463257,0.0383131206035614,-0.881155788898468,0,2000,comp,4,80,42,1.0,0.0,walk_delay_comp
923,18.46,1.0,0.0,-0.04052925109863281,0.6908780932426453,0.0690445750951767,-0.6813923120498657,0,2000,comp,4,80,42,1.0,0.0,walk_delay_comp
924,18.48,1.0,0.0,-0.038013577461242676,0.6770957112312317,0.09228293597698212,-0.1941564530134201,0,2000,comp,4,80,42,1.0,0.0,walk_delay_comp
925,18.5,1.0,0.0,-0.04022085666656494,0.6553279757499695,0.11236125975847244,0.2167128175497055,0,2000,comp,4,80,42,1.0,0.0,walk_delay_comp
926,18.52,1.0,0.0,-0.04401755332946777,0.6464276313781738,0.12516136467456818,0.2641809582710266,0,2000,comp,4,80,42,1.0,0.0,walk_delay_comp
927,18.54,1.0,0.0,-0.04847145080566406,0.6396489143371582,0.1386471688747406,0.3748253881931305,0,2000,comp,4,80,42,1.0,0.0,walk_delay_comp
928,18.56,1.0,0.0,-0.053089141845703125,0.6452943086624146,0.1518123894929886,0.3633483648300171,0,2000,comp,4,80,42,1.0,0.0,walk_delay_comp
929,18.580000000000002,1.0,0.0,-0.05736804008483887,0.6757999658584595,0.16218891739845276,0.40427741408348083,0,2000,comp,4,80,42,1.0,0.0,walk_delay_comp
930,18.6,1.0,0.0,-0.06066107749938965,0.6951046586036682,0.18047365546226501,0.2490895688533783,0,2000,comp,4,80,42,1.0,0.0,walk_delay_comp
931,18.62,1.0,0.0,-0.06268107891082764,0.7235236167907715,0.20132802426815033,0.18810153007507324,0,2000,comp,4,80,42,1.0,0.0,walk_delay_comp
932,18.64,1.0,0.0,-0.0633392333984375,0.7564549446105957,0.2179623246192932,0.08280519396066666,0,2000,comp,4,80,42,1.0,0.0,walk_delay_comp
933,18.66,1.0,0.0,-0.062088966369628906,0.7885211706161499,0.23667210340499878,-0.05101596191525459,0,2000,comp,4,80,42,1.0,0.0,walk_delay_comp
934,18.68,1.0,0.0,-0.05930650234222412,0.8176881074905396,0.26420527696609497,-0.12960129976272583,0,2000,comp,4,80,42,1.0,0.0,walk_delay_comp
935,18.7,1.0,0.0,-0.05609261989593506,0.8395556807518005,0.2993747889995575,-0.13666009902954102,0,2000,comp,4,80,42,1.0,0.0,walk_delay_comp
936,18.72,1.0,0.0,-0.05459952354431152,0.8482024669647217,0.34121036529541016,-0.02672758884727955,0,2000,comp,4,80,42,1.0,0.0,walk_delay_comp
937,18.740000000000002,1.0,0.0,-0.054923057556152344,0.8576579093933105,0.3789643347263336,0.10469453036785126,0,2000,comp,4,80,42,1.0,0.0,walk_delay_comp
938,18.76,1.0,0.0,-0.05726051330566406,0.8198795914649963,0.3766210377216339,0.44375163316726685,0,2000,comp,4,80,42,1.0,0.0,walk_delay_comp
939,18.78,1.0,0.0,-0.058266401290893555,0.7574821710586548,0.2869921922683716,-0.13656242191791534,0,2000,comp,4,80,42,1.0,0.0,walk_delay_comp
940,18.8,1.0,0.0,-0.053609371185302734,0.7020132541656494,0.21792356669902802,-0.3691387176513672,0,2000,comp,4,80,42,1.0,0.0,walk_delay_comp
941,18.82,1.0,0.0,-0.048248887062072754,0.6698427200317383,0.17170172929763794,-0.17384709417819977,0,2000,comp,4,80,42,1.0,0.0,walk_delay_comp
942,18.84,1.0,0.0,-0.046031832695007324,0.665804386138916,0.1423918902873993,0.23567800223827362,0,2000,comp,4,80,42,1.0,0.0,walk_delay_comp
943,18.86,1.0,0.0,-0.0470196008682251,0.672210156917572,0.11393821984529495,0.4358097314834595,0,2000,comp,4,80,42,1.0,0.0,walk_delay_comp
944,18.88,1.0,0.0,-0.0495142936706543,0.6844907999038696,0.08591985702514648,0.4079785943031311,0,2000,comp,4,80,42,1.0,0.0,walk_delay_comp
945,18.900000000000002,1.0,0.0,-0.04926323890686035,0.6873087882995605,0.05693816766142845,-0.061114512383937836,0,2000,comp,4,80,42,1.0,0.0,walk_delay_comp
946,18.92,1.0,0.0,-0.045071959495544434,0.673446774482727,0.036561090499162674,-0.38566094636917114,0,2000,comp,4,80,42,1.0,0.0,walk_delay_comp
947,18.94,1.0,0.0,-0.0395963191986084,0.6645811796188354,0.02371952310204506,-0.44218286871910095,0,2000,comp,4,80,42,1.0,0.0,walk_delay_comp
948,18.96,1.0,0.0,-0.03468000888824463,0.6642758846282959,0.013165454380214214,-0.39159196615219116,0,2000,comp,4,80,42,1.0,0.0,walk_delay_comp
949,18.98,1.0,0.0,-0.031183958053588867,0.6876965761184692,0.0036258732434362173,-0.2783379852771759,0,2000,comp,4,80,42,1.0,0.0,walk_delay_comp
950,19.0,1.0,0.0,-0.0282289981842041,0.7102238535881042,-0.01521124504506588,-0.24967053532600403,0,2000,comp,4,80,42,1.0,0.0,walk_delay_comp
951,19.02,1.0,0.0,-0.02573847770690918,0.7439685463905334,-0.028596408665180206,-0.2600996494293213,0,2000,comp,4,80,42,1.0,0.0,walk_delay_comp
952,19.04,1.0,0.0,-0.022592782974243164,0.7673529386520386,-0.050586678087711334,-0.36605653166770935,0,2000,comp,4,80,42,1.0,0.0,walk_delay_comp
953,19.06,1.0,0.0,-0.019397497177124023,0.8015925884246826,-0.06753074377775192,-0.37013956904411316,0,2000,comp,4,80,42,1.0,0.0,walk_delay_comp
954,19.080000000000002,1.0,0.0,-0.016879796981811523,0.8410956263542175,-0.08262917399406433,-0.3430459499359131,0,2000,comp,4,80,42,1.0,0.0,walk_delay_comp
955,19.1,1.0,0.0,-0.015557527542114258,0.8794527053833008,-0.09974327683448792,-0.23736897110939026,0,2000,comp,4,80,42,1.0,0.0,walk_delay_comp
956,19.12,1.0,0.0,-0.015268802642822266,0.9119452834129333,-0.12330876290798187,-0.1361352503299713,0,2000,comp,4,80,42,1.0,0.0,walk_delay_comp
957,19.14,1.0,0.0,-0.015405654907226562,0.9362117052078247,-0.151230126619339,-0.03908800706267357,0,2000,comp,4,80,42,1.0,0.0,walk_delay_comp
958,19.16,1.0,0.0,-0.015488386154174805,0.954776406288147,-0.1785280555486679,0.004066307097673416,0,2000,comp,4,80,42,1.0,0.0,walk_delay_comp
959,19.18,1.0,0.0,-0.014176726341247559,0.8909257650375366,-0.1503758430480957,-0.43832364678382874,0,2000,comp,4,80,42,1.0,0.0,walk_delay_comp
960,19.2,1.0,0.0,-0.014787077903747559,0.8246802687644958,-0.09130037575960159,0.30136972665786743,0,2000,comp,4,80,42,1.0,0.0,walk_delay_comp
961,19.22,1.0,0.0,-0.01985800266265869,0.7625687718391418,-0.04460814595222473,0.38816776871681213,0,2000,comp,4,80,42,1.0,0.0,walk_delay_comp
962,19.240000000000002,1.0,0.0,-0.023893117904663086,0.7239248752593994,-0.010888844728469849,0.022525493055582047,0,2000,comp,4,80,42,1.0,0.0,walk_delay_comp
963,19.26,1.0,0.0,-0.02351367473602295,0.7099336981773376,0.008546242490410805,-0.517836332321167,0,2000,comp,4,80,42,1.0,0.0,walk_delay_comp
964,19.28,1.0,0.0,-0.018799424171447754,0.7051931023597717,0.02425423264503479,-0.8067920207977295,0,2000,comp,4,80,42,1.0,0.0,walk_delay_comp
965,19.3,1.0,0.0,-0.012128353118896484,0.6953365802764893,0.04778296872973442,-0.877153217792511,0,2000,comp,4,80,42,1.0,0.0,walk_delay_comp
966,19.32,1.0,0.0,-0.0071413516998291016,0.6850249171257019,0.0745452493429184,-0.4715386927127838,0,2000,comp,4,80,42,1.0,0.0,walk_delay_comp
967,19.34,1.0,0.0,-0.00680851936340332,0.6602685451507568,0.10275564342737198,-0.018140042200684547,0,2000,comp,4,80,42,1.0,0.0,walk_delay_comp
968,19.36,1.0,0.0,-0.00928652286529541,0.6487879157066345,0.11946726590394974,0.20023664832115173,0,2000,comp,4,80,42,1.0,0.0,walk_delay_comp
969,19.38,1.0,0.0,-0.013724088668823242,0.639371395111084,0.13316881656646729,0.3981966972351074,0,2000,comp,4,80,42,1.0,0.0,walk_delay_comp
970,19.400000000000002,1.0,0.0,-0.018915534019470215,0.6420524716377258,0.1434464454650879,0.4367643892765045,0,2000,comp,4,80,42,1.0,0.0,walk_delay_comp
971,19.42,1.0,0.0,-0.02369511127471924,0.665148913860321,0.15428303182125092,0.4269525408744812,0,2000,comp,4,80,42,1.0,0.0,walk_delay_comp
972,19.44,1.0,0.0,-0.027898669242858887,0.6824072003364563,0.1748778074979782,0.3431238830089569,0,2000,comp,4,80,42,1.0,0.0,walk_delay_comp
973,19.46,1.0,0.0,-0.03130042552947998,0.7083619832992554,0.19515813887119293,0.30557355284690857,0,2000,comp,4,80,42,1.0,0.0,walk_delay_comp
974,19.48,1.0,0.0,-0.03316843509674072,0.7414114475250244,0.2089727222919464,0.16617345809936523,0,2000,comp,4,80,42,1.0,0.0,walk_delay_comp
975,19.5,1.0,0.0,-0.033167123794555664,0.7732338905334473,0.2260575145483017,0.03506769984960556,0,2000,comp,4,80,42,1.0,0.0,walk_delay_comp
976,19.52,1.0,0.0,-0.03121042251586914,0.8039738535881042,0.2488977611064911,-0.08370804041624069,0,2000,comp,4,80,42,1.0,0.0,walk_delay_comp
977,19.54,1.0,0.0,-0.02804279327392578,0.827561616897583,0.2805449068546295,-0.1429106891155243,0,2000,comp,4,80,42,1.0,0.0,walk_delay_comp
978,19.56,1.0,0.0,-0.025605201721191406,0.8385908603668213,0.3200744092464447,-0.09358908981084824,0,2000,comp,4,80,42,1.0,0.0,walk_delay_comp
979,19.580000000000002,1.0,0.0,-0.025210022926330566,0.8452224731445312,0.3599357306957245,0.04777028411626816,0,2000,comp,4,80,42,1.0,0.0,walk_delay_comp
980,19.6,1.0,0.0,-0.0264892578125,0.8532097935676575,0.38791424036026,0.21573975682258606,0,2000,comp,4,80,42,1.0,0.0,walk_delay_comp
981,19.62,1.0,0.0,-0.02962791919708252,0.7842895984649658,0.32489705085754395,0.1893182396888733,0,2000,comp,4,80,42,1.0,0.0,walk_delay_comp
982,19.64,1.0,0.0,-0.027818918228149414,0.726215124130249,0.24871793389320374,-0.26069581508636475,0,2000,comp,4,80,42,1.0,0.0,walk_delay_comp
983,19.66,1.0,0.0,-0.0224456787109375,0.6840308308601379,0.19114623963832855,-0.3091660439968109,0,2000,comp,4,80,42,1.0,0.0,walk_delay_comp
984,19.68,1.0,0.0,-0.01819026470184326,0.668549120426178,0.1568065583705902,0.00986405834555626,0,2000,comp,4,80,42,1.0,0.0,walk_delay_comp
985,19.7,1.0,0.0,-0.018047094345092773,0.6731340885162354,0.1312960535287857,0.4098210334777832,0,2000,comp,4,80,42,1.0,0.0,walk_delay_comp
986,19.72,1.0,0.0,-0.02032303810119629,0.6819940209388733,0.10666706413030624,0.4560209810733795,0,2000,comp,4,80,42,1.0,0.0,walk_delay_comp
987,19.740000000000002,1.0,0.0,-0.021297216415405273,0.6879675388336182,0.07495786249637604,0.12882685661315918,0,2000,comp,4,80,42,1.0,0.0,walk_delay_comp
988,19.76,1.0,0.0,-0.018338918685913086,0.6778818964958191,0.04846702143549919,-0.30825790762901306,0,2000,comp,4,80,42,1.0,0.0,walk_delay_comp
989,19.78,1.0,0.0,-0.012964248657226562,0.6714216470718384,0.035172607749700546,-0.4590517282485962,0,2000,comp,4,80,42,1.0,0.0,walk_delay_comp
990,19.8,1.0,0.0,-0.007397651672363281,0.6646174788475037,0.027062779292464256,-0.44823554158210754,0,2000,comp,4,80,42,1.0,0.0,walk_delay_comp
991,19.82,1.0,0.0,-0.002901792526245117,0.6736950874328613,0.01774732954800129,-0.35771921277046204,0,2000,comp,4,80,42,1.0,0.0,walk_delay_comp
992,19.84,1.0,0.0,0.0002962350845336914,0.6944434642791748,0.0037023411132395267,-0.25676003098487854,0,2000,comp,4,80,42,1.0,0.0,walk_delay_comp
993,19.86,1.0,0.0,0.0027886629104614258,0.7198026776313782,-0.012523437850177288,-0.23262260854244232,0,2000,comp,4,80,42,1.0,0.0,walk_delay_comp
994,19.88,1.0,0.0,0.00551915168762207,0.7529679536819458,-0.03066912479698658,-0.29729732871055603,0,2000,comp,4,80,42,1.0,0.0,walk_delay_comp
995,19.900000000000002,1.0,0.0,0.008199214935302734,0.7803308367729187,-0.05204596742987633,-0.2801763415336609,0,2000,comp,4,80,42,1.0,0.0,walk_delay_comp
996,19.92,1.0,0.0,0.01012420654296875,0.8179671764373779,-0.06873424351215363,-0.2507111430168152,0,2000,comp,4,80,42,1.0,0.0,walk_delay_comp
997,19.94,1.0,0.0,0.011082649230957031,0.8577913045883179,-0.0841718465089798,-0.2035587877035141,0,2000,comp,4,80,42,1.0,0.0,walk_delay_comp
998,19.96,1.0,0.0,0.011066555976867676,0.8933441042900085,-0.10371629148721695,-0.11266961693763733,0,2000,comp,4,80,42,1.0,0.0,walk_delay_comp
999,19.98,1.0,0.0,1.187095284461975,0.9234685897827148,-0.1287129819393158,-0.059349577873945236,0,2000,comp,4,80,42,1.0,0.0,walk_delay_comp
1000,20.0,1.0,0.0,1.1868544816970825,0.9460409283638,-0.1561501920223236,-0.017113354057073593,0,2000,comp,4,80,42,1.0,0.0,walk_delay_comp
1001,20.02,1.0,0.0,1.1866525411605835,0.9607220888137817,-0.1820428967475891,-0.0022825002670288086,0,2000,comp,4,80,42,1.0,0.0,walk_delay_comp
1002,20.04,1.0,0.0,1.1884721517562866,0.8682413101196289,-0.12611548602581024,-0.014790350571274757,0,2000,comp,4,80,42,1.0,0.0,walk_delay_comp
1003,20.06,1.0,0.0,1.1850353479385376,0.8018028140068054,-0.06960714608430862,0.44472256302833557,0,2000,comp,4,80,42,1.0,0.0,walk_delay_comp
1004,20.080000000000002,1.0,0.0,1.1793924570083618,0.7513307332992554,-0.02941375970840454,0.3048887848854065,0,2000,comp,4,80,42,1.0,0.0,walk_delay_comp
1005,20.1,1.0,0.0,1.1768370866775513,0.7268692851066589,-0.006169892847537994,-0.1673407256603241,0,2000,comp,4,80,42,1.0,0.0,walk_delay_comp
1006,20.12,1.0,0.0,1.1794248819351196,0.7196240425109863,0.007897177711129189,-0.6966348886489868,0,2000,comp,4,80,42,1.0,0.0,walk_delay_comp
1007,20.14,1.0,0.0,1.1852208375930786,0.7151665091514587,0.026619164273142815,-0.8028939962387085,0,2000,comp,4,80,42,1.0,0.0,walk_delay_comp
1008,20.16,1.0,0.0,1.1900631189346313,0.7027509212493896,0.05749263986945152,-0.5454994440078735,0,2000,comp,4,80,42,1.0,0.0,walk_delay_comp
1009,20.18,1.0,0.0,1.1910878419876099,0.6917346119880676,0.07926156371831894,-0.030243927612900734,0,2000,comp,4,80,42,1.0,0.0,walk_delay_comp
1010,20.2,1.0,0.0,1.187064290046692,0.6729268431663513,0.09773096442222595,0.4007812738418579,0,2000,comp,4,80,42,1.0,0.0,walk_delay_comp
1011,20.22,1.0,0.0,1.18167245388031,0.6715238094329834,0.1049581915140152,0.42704886198043823,0,2000,comp,4,80,42,1.0,0.0,walk_delay_comp
1012,20.240000000000002,1.0,0.0,1.1753054857254028,0.6679820418357849,0.11636550724506378,0.599319338798523,0,2000,comp,4,80,42,1.0,0.0,walk_delay_comp
1013,20.26,1.0,0.0,1.1683703660964966,0.6734212040901184,0.1281544268131256,0.6181769967079163,0,2000,comp,4,80,42,1.0,0.0,walk_delay_comp
1014,20.28,1.0,0.0,1.1615849733352661,0.698550820350647,0.13850222527980804,0.6738640069961548,0,2000,comp,4,80,42,1.0,0.0,walk_delay_comp
1015,20.3,1.0,0.0,1.1550477743148804,0.7146157622337341,0.1564588099718094,0.6056994199752808,0,2000,comp,4,80,42,1.0,0.0,walk_delay_comp
1016,20.32,1.0,0.0,1.1487313508987427,0.7394800186157227,0.17510999739170074,0.631255030632019,0,2000,comp,4,80,42,1.0,0.0,walk_delay_comp
1017,20.34,1.0,0.0,1.1432257890701294,0.7703041434288025,0.18696008622646332,0.5576694011688232,0,2000,comp,4,80,42,1.0,0.0,walk_delay_comp
1018,20.36,1.0,0.0,1.1391030550003052,0.8003727793693542,0.1983373910188675,0.49047425389289856,0,2000,comp,4,80,42,1.0,0.0,walk_delay_comp
1019,20.38,1.0,0.0,1.135266900062561,0.8309091329574585,0.21588218212127686,0.5608088970184326,0,2000,comp,4,80,42,1.0,0.0,walk_delay_comp
1020,20.400000000000002,1.0,0.0,1.1304503679275513,0.8520530462265015,0.23729576170444489,0.6940152645111084,0,2000,comp,4,80,42,1.0,0.0,walk_delay_comp
1021,20.42,1.0,0.0,1.1233583688735962,0.8587462902069092,0.26131999492645264,0.8039308190345764,0,2000,comp,4,80,42,1.0,0.0,walk_delay_comp
1022,20.44,1.0,0.0,1.1160293817520142,0.8558923602104187,0.2658563256263733,0.5648055672645569,0,2000,comp,4,80,42,1.0,0.0,walk_delay_comp
1023,20.46,1.0,0.0,1.1115652322769165,0.8035732507705688,0.23014651238918304,0.5303780436515808,0,2000,comp,4,80,42,1.0,0.0,walk_delay_comp
1024,20.48,1.0,0.0,1.1102238893508911,0.755889892578125,0.16092953085899353,-0.0020504100248217583,0,2000,comp,4,80,42,1.0,0.0,walk_delay_comp
1025,20.5,1.0,0.0,1.1122018098831177,0.720273494720459,0.10362249612808228,0.002988884225487709,0,2000,comp,4,80,42,1.0,0.0,walk_delay_comp
1026,20.52,1.0,0.0,1.1141077280044556,0.6991754174232483,0.06124890223145485,0.27457281947135925,0,2000,comp,4,80,42,1.0,0.0,walk_delay_comp
1027,20.54,1.0,0.0,1.1118541955947876,0.699207603931427,0.029579129070043564,0.8188289403915405,0,2000,comp,4,80,42,1.0,0.0,walk_delay_comp
1028,20.56,1.0,0.0,1.1048628091812134,0.7092348337173462,0.0006979038007557392,1.063652515411377,0,2000,comp,4,80,42,1.0,0.0,walk_delay_comp
1029,20.580000000000002,1.0,0.0,1.0964690446853638,0.7167619466781616,-0.02921493537724018,0.9522920250892639,0,2000,comp,4,80,42,1.0,0.0,walk_delay_comp
1030,20.6,1.0,0.0,1.0918580293655396,0.7008389830589294,-0.057410839945077896,0.4062959551811218,0,2000,comp,4,80,42,1.0,0.0,walk_delay_comp
1031,20.62,1.0,0.0,1.0917531251907349,0.6873711943626404,-0.07231150567531586,0.0006770769832655787,0,2000,comp,4,80,42,1.0,0.0,walk_delay_comp
1032,20.64,1.0,0.0,1.0935970544815063,0.6756073236465454,-0.07780411094427109,-0.11679556220769882,0,2000,comp,4,80,42,1.0,0.0,walk_delay_comp
1033,20.66,1.0,0.0,1.095232605934143,0.6776984333992004,-0.08527043461799622,-0.05651485547423363,0,2000,comp,4,80,42,1.0,0.0,walk_delay_comp
1034,20.68,1.0,0.0,1.0946670770645142,0.6910760402679443,-0.09601251780986786,0.17515352368354797,0,2000,comp,4,80,42,1.0,0.0,walk_delay_comp
1035,20.7,1.0,0.0,1.092732548713684,0.7172142267227173,-0.11789853870868683,0.2208249717950821,0,2000,comp,4,80,42,1.0,0.0,walk_delay_comp
1036,20.72,1.0,0.0,1.0909310579299927,0.75529944896698,-0.14483077824115753,0.14115355908870697,0,2000,comp,4,80,42,1.0,0.0,walk_delay_comp
1037,20.740000000000002,1.0,0.0,1.0896517038345337,0.7916859984397888,-0.17952828109264374,0.10931212455034256,0,2000,comp,4,80,42,1.0,0.0,walk_delay_comp
1038,20.76,1.0,0.0,1.0879298448562622,0.8355735540390015,-0.21188600361347198,0.12120441347360611,0,2000,comp,4,80,42,1.0,0.0,walk_delay_comp
1039,20.78,1.0,0.0,1.085316777229309,0.8821955323219299,-0.24266548454761505,0.16763491928577423,0,2000,comp,4,80,42,1.0,0.0,walk_delay_comp
1040,20.8,1.0,0.0,1.0811601877212524,0.925652801990509,-0.2755357027053833,0.333222895860672,0,2000,comp,4,80,42,1.0,0.0,walk_delay_comp
1041,20.82,1.0,0.0,1.0751553773880005,0.9624859690666199,-0.3179740011692047,0.5453328490257263,0,2000,comp,4,80,42,1.0,0.0,walk_delay_comp
1042,20.84,1.0,0.0,1.0675383806228638,0.9881755113601685,-0.36760997772216797,0.705430805683136,0,2000,comp,4,80,42,1.0,0.0,walk_delay_comp
1043,20.86,1.0,0.0,1.0603047609329224,1.005271553993225,-0.4183620810508728,0.5360124111175537,0,2000,comp,4,80,42,1.0,0.0,walk_delay_comp
1044,20.88,1.0,0.0,1.057733178138733,0.8823984861373901,-0.3140196204185486,0.5776652693748474,0,2000,comp,4,80,42,1.0,0.0,walk_delay_comp
1045,20.900000000000002,1.0,0.0,1.0478988885879517,0.8063935041427612,-0.23776471614837646,1.0259857177734375,0,2000,comp,4,80,42,1.0,0.0,walk_delay_comp
1046,20.92,1.0,0.0,1.0362964868545532,0.7460361123085022,-0.19097277522087097,0.8187082409858704,0,2000,comp,4,80,42,1.0,0.0,walk_delay_comp
1047,20.94,1.0,0.0,1.028971791267395,0.7118728756904602,-0.16054129600524902,0.22799760103225708,0,2000,comp,4,80,42,1.0,0.0,walk_delay_comp
1048,20.96,1.0,0.0,1.0270215272903442,0.6891270279884338,-0.14060522615909576,-0.24156449735164642,0,2000,comp,4,80,42,1.0,0.0,walk_delay_comp
1049,20.98,1.0,0.0,1.0299211740493774,0.6748985648155212,-0.11510492861270905,-0.6058964133262634,0,2000,comp,4,80,42,1.0,0.0,walk_delay_comp
1050,21.0,1.0,0.0,1.0334373712539673,0.6629889011383057,-0.08000040799379349,-0.4123014807701111,0,2000,comp,4,80,42,1.0,0.0,walk_delay_comp
1051,21.02,1.0,0.0,1.0338307619094849,0.6498656868934631,-0.046072542667388916,-0.042671967297792435,0,2000,comp,4,80,42,1.0,0.0,walk_delay_comp
1052,21.04,1.0,0.0,1.0312515497207642,0.638607919216156,-0.0238126702606678,0.2171558141708374,0,2000,comp,4,80,42,1.0,0.0,walk_delay_comp
1053,21.06,1.0,0.0,1.0262757539749146,0.6305232644081116,-0.008867080323398113,0.480225533246994,0,2000,comp,4,80,42,1.0,0.0,walk_delay_comp
1054,21.080000000000002,1.0,0.0,1.019701600074768,0.6278384327888489,0.0027699251659214497,0.624666690826416,0,2000,comp,4,80,42,1.0,0.0,walk_delay_comp
1055,21.1,1.0,0.0,1.0130778551101685,0.6362459063529968,0.01015943568199873,0.6179296374320984,0,2000,comp,4,80,42,1.0,0.0,walk_delay_comp
1056,21.12,1.0,0.0,1.0066648721694946,0.6442700028419495,0.028817450627684593,0.5931815505027771,0,2000,comp,4,80,42,1.0,0.0,walk_delay_comp
1057,21.14,1.0,0.0,0.9999147653579712,0.6574047803878784,0.0478045754134655,0.6585879325866699,0,2000,comp,4,80,42,1.0,0.0,walk_delay_comp
1058,21.16,1.0,0.0,0.9938517808914185,0.6824499368667603,0.057142749428749084,0.566921055316925,0,2000,comp,4,80,42,1.0,0.0,walk_delay_comp
1059,21.18,1.0,0.0,0.9888001680374146,0.7126659154891968,0.06807020306587219,0.5273903608322144,0,2000,comp,4,80,42,1.0,0.0,walk_delay_comp
1060,21.2,1.0,0.0,0.9845000505447388,0.7421315312385559,0.0811028927564621,0.49556803703308105,0,2000,comp,4,80,42,1.0,0.0,walk_delay_comp
1061,21.22,1.0,0.0,0.9807382822036743,0.7766833305358887,0.09572366625070572,0.5436944365501404,0,2000,comp,4,80,42,1.0,0.0,walk_delay_comp
1062,21.240000000000002,1.0,0.0,0.9757858514785767,0.8045793175697327,0.11504514515399933,0.7369419932365417,0,2000,comp,4,80,42,1.0,0.0,walk_delay_comp
1063,21.26,1.0,0.0,0.9685326814651489,0.8156887292861938,0.13620534539222717,0.8920278549194336,0,2000,comp,4,80,42,1.0,0.0,walk_delay_comp
1064,21.28,1.0,0.0,0.9595218896865845,0.8146969079971313,0.15223947167396545,0.9380132555961609,0,2000,comp,4,80,42,1.0,0.0,walk_delay_comp
1065,21.3,1.0,0.0,0.9524208307266235,0.8171517252922058,0.15496395528316498,0.46598926186561584,0,2000,comp,4,80,42,1.0,0.0,walk_delay_comp
1066,21.32,1.0,0.0,0.9476848840713501,0.7520217895507812,0.10083571821451187,0.2826499342918396,0,2000,comp,4,80,42,1.0,0.0,walk_delay_comp
1067,21.34,1.0,0.0,0.9472647905349731,0.7115443348884583,0.050493329763412476,0.03808842971920967,0,2000,comp,4,80,42,1.0,0.0,walk_delay_comp
1068,21.36,1.0,0.0,0.9485999345779419,0.6843266487121582,0.012413318268954754,0.19106528162956238,0,2000,comp,4,80,42,1.0,0.0,walk_delay_comp
1069,21.38,1.0,0.0,0.948377251625061,0.6718016862869263,-0.01609381102025509,0.5719864368438721,0,2000,comp,4,80,42,1.0,0.0,walk_delay_comp
1070,21.400000000000002,1.0,0.0,0.94306480884552,0.6800707578659058,-0.04213451221585274,1.0114130973815918,0,2000,comp,4,80,42,1.0,0.0,walk_delay_comp
1071,21.42,1.0,0.0,0.9357877969741821,0.6871757507324219,-0.06777282059192657,0.9331246614456177,0,2000,comp,4,80,42,1.0,0.0,walk_delay_comp
1072,21.44,1.0,0.0,0.9303508996963501,0.6844921708106995,-0.09192224591970444,0.5843286514282227,0,2000,comp,4,80,42,1.0,0.0,walk_delay_comp
1073,21.46,1.0,0.0,0.9285827875137329,0.6779667735099792,-0.1066797748208046,0.1745196282863617,0,2000,comp,4,80,42,1.0,0.0,walk_delay_comp
1074,21.48,1.0,0.0,0.9293023347854614,0.6707301139831543,-0.11115025728940964,-0.02084822952747345,0,2000,comp,4,80,42,1.0,0.0,walk_delay_comp
1075,21.5,1.0,0.0,0.9305449724197388,0.6682837009429932,-0.11379178613424301,-0.05193285644054413,0,2000,comp,4,80,42,1.0,0.0,walk_delay_comp
1076,21.52,1.0,0.0,0.9311906099319458,0.677402675151825,-0.12254451960325241,0.004226654767990112,0,2000,comp,4,80,42,1.0,0.0,walk_delay_comp
1077,21.54,1.0,0.0,0.9304872751235962,0.693926990032196,-0.13804872334003448,0.1241634264588356,0,2000,comp,4,80,42,1.0,0.0,walk_delay_comp
1078,21.56,1.0,0.0,0.9293609857559204,0.7287677526473999,-0.15871863067150116,0.09267020225524902,0,2000,comp,4,80,42,1.0,0.0,walk_delay_comp
1079,21.580000000000002,1.0,0.0,0.9289575815200806,0.771508514881134,-0.18627366423606873,-0.0038277478888630867,0,2000,comp,4,80,42,1.0,0.0,walk_delay_comp
1080,21.6,1.0,0.0,0.9287492036819458,0.8142191767692566,-0.21807870268821716,-0.007289407774806023,0,2000,comp,4,80,42,1.0,0.0,walk_delay_comp
1081,21.62,1.0,0.0,0.9272819757461548,0.862221360206604,-0.24541045725345612,0.10540738701820374,0,2000,comp,4,80,42,1.0,0.0,walk_delay_comp
1082,21.64,1.0,0.0,0.9240516424179077,0.9087372422218323,-0.27486997842788696,0.24397942423820496,0,2000,comp,4,80,42,1.0,0.0,walk_delay_comp
1083,21.66,1.0,0.0,0.9189959764480591,0.9498631954193115,-0.3118770122528076,0.44598692655563354,0,2000,comp,4,80,42,1.0,0.0,walk_delay_comp
1084,21.68,1.0,0.0,0.9122394323348999,0.9829373955726624,-0.35768404603004456,0.6221309900283813,0,2000,comp,4,80,42,1.0,0.0,walk_delay_comp
1085,21.7,1.0,0.0,0.9048274755477905,1.0067973136901855,-0.40915191173553467,0.6535905003547668,0,2000,comp,4,80,42,1.0,0.0,walk_delay_comp
1086,21.72,1.0,0.0,0.9012476205825806,0.9117616415023804,-0.3677363991737366,0.00817880593240261,0,2000,comp,4,80,42,1.0,0.0,walk_delay_comp
1087,21.740000000000002,1.0,0.0,0.8953391313552856,0.8359723091125488,-0.2766772508621216,0.8562554717063904,0,2000,comp,4,80,42,1.0,0.0,walk_delay_comp
1088,21.76,1.0,0.0,0.8845788240432739,0.7641040086746216,-0.21454975008964539,0.907066822052002,0,2000,comp,4,80,42,1.0,0.0,walk_delay_comp
1089,21.78,1.0,0.0,0.8757215738296509,0.71676105260849,-0.1747349351644516,0.45066744089126587,0,2000,comp,4,80,42,1.0,0.0,walk_delay_comp
1090,21.8,1.0,0.0,0.8727980852127075,0.6925637125968933,-0.1477009654045105,-0.2169364094734192,0,2000,comp,4,80,42,1.0,0.0,walk_delay_comp
1091,21.82,1.0,0.0,0.8748186826705933,0.6776295304298401,-0.12484371662139893,-0.5251229405403137,0,2000,comp,4,80,42,1.0,0.0,walk_delay_comp
1092,21.84,1.0,0.0,0.8790379762649536,0.6628181338310242,-0.09024447947740555,-0.6071960926055908,0,2000,comp,4,80,42,1.0,0.0,walk_delay_comp
1093,21.86,1.0,0.0,0.8815299272537231,0.6499154567718506,-0.055162061005830765,-0.22041891515254974,0,2000,comp,4,80,42,1.0,0.0,walk_delay_comp
1094,21.88,1.0,0.0,0.8798750638961792,0.6272132992744446,-0.025008773431181908,0.15425218641757965,0,2000,comp,4,80,42,1.0,0.0,walk_delay_comp
1095,21.900000000000002,1.0,0.0,0.8758443593978882,0.6159912347793579,-0.007661199197173119,0.34506112337112427,0,2000,comp,4,80,42,1.0,0.0,walk_delay_comp
1096,21.92,1.0,0.0,0.8699523210525513,0.6048130989074707,0.007826302200555801,0.559075653553009,0,2000,comp,4,80,42,1.0,0.0,walk_delay_comp
1097,21.94,1.0,0.0,0.8635402917861938,0.5989647507667542,0.020336177200078964,0.5579233169555664,0,2000,comp,4,80,42,1.0,0.0,walk_delay_comp
1098,21.96,1.0,0.0,0.8576501607894897,0.613462507724762,0.03391074389219284,0.5537683963775635,0,2000,comp,4,80,42,1.0,0.0,walk_delay_comp
1099,21.98,1.0,0.0,0.8517299890518188,0.6228485703468323,0.05272703245282173,0.5440468192100525,0,2000,comp,4,80,42,1.0,0.0,walk_delay_comp
1100,22.0,1.0,0.0,0.8460694551467896,0.6428900957107544,0.07082918286323547,0.5236220955848694,0,2000,comp,4,80,42,1.0,0.0,walk_delay_comp
1101,22.02,1.0,0.0,0.8416043519973755,0.6715075969696045,0.08329226821660995,0.4336214065551758,0,2000,comp,4,80,42,1.0,0.0,walk_delay_comp
1102,22.04,1.0,0.0,0.8380130529403687,0.7017704844474792,0.09649557620286942,0.4148138165473938,0,2000,comp,4,80,42,1.0,0.0,walk_delay_comp
1103,22.06,1.0,0.0,0.835159420967102,0.7333309054374695,0.1126016154885292,0.40492507815361023,0,2000,comp,4,80,42,1.0,0.0,walk_delay_comp
1104,22.080000000000002,1.0,0.0,0.832302451133728,0.7635502815246582,0.13226985931396484,0.49767744541168213,0,2000,comp,4,80,42,1.0,0.0,walk_delay_comp
1105,22.1,1.0,0.0,0.8277338743209839,0.7822850346565247,0.1573420763015747,0.6901824474334717,0,2000,comp,4,80,42,1.0,0.0,walk_delay_comp
1106,22.12,1.0,0.0,0.8205553293228149,0.7882147431373596,0.18349824845790863,0.8312236666679382,0,2000,comp,4,80,42,1.0,0.0,walk_delay_comp
1107,22.14,1.0,0.0,0.8125177621841431,0.7880454063415527,0.1943793147802353,0.7088809013366699,0,2000,comp,4,80,42,1.0,0.0,walk_delay_comp
1108,22.16,1.0,0.0,0.806731104850769,0.7480307221412659,0.16326768696308136,0.5017877817153931,0,2000,comp,4,80,42,1.0,0.0,walk_delay_comp
1109,22.18,1.0,0.0,0.8045874834060669,0.7022144198417664,0.1111145168542862,0.03186891973018646,0,2000,comp,4,80,42,1.0,0.0,walk_delay_comp
1110,22.2,1.0,0.0,0.8064194917678833,0.6710441708564758,0.06252653896808624,-0.040842704474925995,0,2000,comp,4,80,42,1.0,0.0,walk_delay_comp
1111,22.22,1.0,0.0,0.8083454370498657,0.6510018706321716,0.029602520167827606,0.27612173557281494,0,2000,comp,4,80,42,1.0,0.0,walk_delay_comp
1112,22.240000000000002,1.0,0.0,0.8060988187789917,0.649337112903595,0.0028487653471529484,0.7745395302772522,0,2000,comp,4,80,42,1.0,0.0,walk_delay_comp
1113,22.26,1.0,0.0,0.8002163171768188,0.6539452075958252,-0.023038551211357117,0.9323616623878479,0,2000,comp,4,80,42,1.0,0.0,walk_delay_comp
1114,22.28,1.0,0.0,0.7936307191848755,0.6601715087890625,-0.05048612877726555,0.7872344255447388,0,2000,comp,4,80,42,1.0,0.0,walk_delay_comp
1115,22.3,1.0,0.0,0.7903352975845337,0.6492854952812195,-0.07535688579082489,0.3290276825428009,0,2000,comp,4,80,42,1.0,0.0,walk_delay_comp
1116,22.32,1.0,0.0,0.7907129526138306,0.6431723237037659,-0.08720128238201141,-0.018037008121609688,0,2000,comp,4,80,42,1.0,0.0,walk_delay_comp
1117,22.34,1.0,0.0,0.7928279638290405,0.6368704438209534,-0.0905608981847763,-0.1449706256389618,0,2000,comp,4,80,42,1.0,0.0,walk_delay_comp
1118,22.36,1.0,0.0,0.7946974039077759,0.642331063747406,-0.09652397036552429,-0.08886202424764633,0,2000,comp,4,80,42,1.0,0.0,walk_delay_comp
1119,22.38,1.0,0.0,0.795117974281311,0.6571483016014099,-0.10613676905632019,0.0295536108314991,0,2000,comp,4,80,42,1.0,0.0,walk_delay_comp
1120,22.400000000000002,1.0,0.0,0.7945834398269653,0.6836995482444763,-0.12290449440479279,0.07886453717947006,0,2000,comp,4,80,42,1.0,0.0,walk_delay_comp
1121,22.42,1.0,0.0,0.7941073179244995,0.7214547395706177,-0.14737820625305176,0.02506096474826336,0,2000,comp,4,80,42,1.0,0.0,walk_delay_comp
1122,22.44,1.0,0.0,0.7938171625137329,0.7597226500511169,-0.17758499085903168,0.0014875923516228795,0,2000,comp,4,80,42,1.0,0.0,walk_delay_comp
1123,22.46,1.0,0.0,0.7931855916976929,0.799729585647583,-0.20610256493091583,0.010856290347874165,0,2000,comp,4,80,42,1.0,0.0,walk_delay_comp
1124,22.48,1.0,0.0,0.7914539575576782,0.8433547019958496,-0.23292800784111023,0.09475938975811005,0,2000,comp,4,80,42,1.0,0.0,walk_delay_comp
1125,22.5,1.0,0.0,0.7881745100021362,0.8845714330673218,-0.2632901668548584,0.24210433661937714,0,2000,comp,4,80,42,1.0,0.0,walk_delay_comp
1126,22.52,1.0,0.0,0.7833648920059204,0.920998752117157,-0.30196064710617065,0.40780484676361084,0,2000,comp,4,80,42,1.0,0.0,walk_delay_comp
1127,22.54,1.0,0.0,0.777382493019104,0.9470325708389282,-0.3476298153400421,0.5380929112434387,0,2000,comp,4,80,42,1.0,0.0,walk_delay_comp
1128,22.56,1.0,0.0,0.7715045213699341,0.9642834067344666,-0.39601823687553406,0.4698544144630432,0,2000,comp,4,80,42,1.0,0.0,walk_delay_comp
1129,22.580000000000002,1.0,0.0,0.7699609994888306,0.861506998538971,-0.3140724301338196,0.35766756534576416,0,2000,comp,4,80,42,1.0,0.0,walk_delay_comp
1130,22.6,1.0,0.0,0.7622967958450317,0.7897365093231201,-0.2397468090057373,0.8811414241790771,0,2000,comp,4,80,42,1.0,0.0,walk_delay_comp
1131,22.62,1.0,0.0,0.7518216371536255,0.7336243987083435,-0.1903121918439865,0.7583889365196228,0,2000,comp,4,80,42,1.0,0.0,walk_delay_comp
1132,22.64,1.0,0.0,0.7446731328964233,0.7002193331718445,-0.15781047940254211,0.2408868968486786,0,2000,comp,4,80,42,1.0,0.0,walk_delay_comp
1133,22.66,1.0,0.0,0.7434169054031372,0.6874687075614929,-0.13442271947860718,-0.3481117784976959,0,2000,comp,4,80,42,1.0,0.0,walk_delay_comp
1134,22.68,1.0,0.0,0.7466937303543091,0.6772322058677673,-0.1082603707909584,-0.6084054112434387,0,2000,comp,4,80,42,1.0,0.0,walk_delay_comp
1135,22.7,1.0,0.0,0.750468373298645,0.662304699420929,-0.07114381343126297,-0.4811641275882721,0,2000,comp,4,80,42,1.0,0.0,walk_delay_comp
1136,22.72,1.0,0.0,0.751376748085022,0.6464114189147949,-0.03804111108183861,-0.0733012929558754,0,2000,comp,4,80,42,1.0,0.0,walk_delay_comp
1137,22.740000000000002,1.0,0.0,0.7485562562942505,0.6282261610031128,-0.01414086390286684,0.24819950759410858,0,2000,comp,4,80,42,1.0,0.0,walk_delay_comp
1138,22.76,1.0,0.0,0.7439686059951782,0.6190764307975769,0.0016050960402935743,0.3847353160381317,0,2000,comp,4,80,42,1.0,0.0,walk_delay_comp
1139,22.78,1.0,0.0,0.738113284111023,0.6105930209159851,0.01637071743607521,0.5456199645996094,0,2000,comp,4,80,42,1.0,0.0,walk_delay_comp
1140,22.8,1.0,0.0,0.7319022417068481,0.613487958908081,0.028020791709423065,0.5540976524353027,0,2000,comp,4,80,42,1.0,0.0,walk_delay_comp
1141,22.82,1.0,0.0,0.725725531578064,0.6321983933448792,0.04119258373975754,0.5948020219802856,0,2000,comp,4,80,42,1.0,0.0,walk_delay_comp
1142,22.84,1.0,0.0,0.7198156118392944,0.643832802772522,0.058546826243400574,0.5264066457748413,0,2000,comp,4,80,42,1.0,0.0,walk_delay_comp
1143,22.86,1.0,0.0,0.7146807909011841,0.6685172319412231,0.07474160939455032,0.4841359853744507,0,2000,comp,4,80,42,1.0,0.0,walk_delay_comp
1144,22.88,1.0,0.0,0.7107230424880981,0.6987719535827637,0.08681494742631912,0.39883917570114136,0,2000,comp,4,80,42,1.0,0.0,walk_delay_comp
1145,22.900000000000002,1.0,0.0,0.7078758478164673,0.7295719981193542,0.10036179423332214,0.3434330224990845,0,2000,comp,4,80,42,1.0,0.0,walk_delay_comp
1146,22.92,1.0,0.0,0.7058190107345581,0.7637112140655518,0.11699342727661133,0.35481876134872437,0,2000,comp,4,80,42,1.0,0.0,walk_delay_comp
1147,22.94,1.0,0.0,0.7032648324966431,0.7928084135055542,0.1386018842458725,0.4826131761074066,0,2000,comp,4,80,42,1.0,0.0,walk_delay_comp
1148,22.96,1.0,0.0,0.698731541633606,0.8083403706550598,0.1645253747701645,0.6447288990020752,0,2000,comp,4,80,42,1.0,0.0,walk_delay_comp
1149,22.98,1.0,0.0,0.6919752359390259,0.8100696802139282,0.18887263536453247,0.7574184536933899,0,2000,comp,4,80,42,1.0,0.0,walk_delay_comp
1150,23.0,1.0,0.0,0.6854625940322876,0.8147820830345154,0.1944293975830078,0.4837026298046112,0,2000,comp,4,80,42,1.0,0.0,walk_delay_comp
1151,23.02,1.0,0.0,0.6807006597518921,0.7514211535453796,0.14010944962501526,0.2853231728076935,0,2000,comp,4,80,42,1.0,0.0,walk_delay_comp
1152,23.04,1.0,0.0,0.68073570728302,0.7074472308158875,0.08428657054901123,-0.05101003497838974,0,2000,comp,4,80,42,1.0,0.0,walk_delay_comp
1153,23.06,1.0,0.0,0.6830180883407593,0.6749082207679749,0.04218952730298042,0.06702358275651932,0,2000,comp,4,80,42,1.0,0.0,walk_delay_comp
1154,23.080000000000002,1.0,0.0,0.6843754053115845,0.6568433046340942,0.012892315164208412,0.3922182023525238,0,2000,comp,4,80,42,1.0,0.0,walk_delay_comp
1155,23.1,1.0,0.0,0.6805859804153442,0.6643394827842712,-0.01147955097258091,0.8625311255455017,0,2000,comp,4,80,42,1.0,0.0,walk_delay_comp
1156,23.12,1.0,0.0,0.6745268106460571,0.6744924783706665,-0.037253256887197495,0.8150299191474915,0,2000,comp,4,80,42,1.0,0.0,walk_delay_comp
1157,23.14,1.0,0.0,0.670354962348938,0.6715425252914429,-0.06473304331302643,0.46695396304130554,0,2000,comp,4,80,42,1.0,0.0,walk_delay_comp
1158,23.16,1.0,0.0,0.6697894334793091,0.6657747030258179,-0.08309248834848404,0.060473836958408356,0,2000,comp,4,80,42,1.0,0.0,walk_delay_comp
1159,23.18,1.0,0.0,0.6717761754989624,0.6579321622848511,-0.08989626169204712,-0.14499066770076752,0,2000,comp,4,80,42,1.0,0.0,walk_delay_comp
1160,23.2,1.0,0.0,0.6744557619094849,0.657474935054779,-0.09326477348804474,-0.19425973296165466,0,2000,comp,4,80,42,1.0,0.0,walk_delay_comp
1161,23.22,1.0,0.0,0.6764813661575317,0.6654359102249146,-0.10240957885980606,-0.1125447079539299,0,2000,comp,4,80,42,1.0,0.0,walk_delay_comp
1162,23.240000000000002,1.0,0.0,0.6768432855606079,0.682504415512085,-0.1168060153722763,0.03658400848507881,0,2000,comp,4,80,42,1.0,0.0,walk_delay_comp
1163,23.26,1.0,0.0,0.6766132116317749,0.7143820524215698,-0.136349156498909,0.01245484221726656,0,2000,comp,4,80,42,1.0,0.0,walk_delay_comp
1164,23.28,1.0,0.0,0.6769295930862427,0.7561644911766052,-0.1612473577260971,-0.06528748571872711,0,2000,comp,4,80,42,1.0,0.0,walk_delay_comp
1165,23.3,1.0,0.0,0.6773439645767212,0.7947383522987366,-0.19184187054634094,-0.06577392667531967,0,2000,comp,4,80,42,1.0,0.0,walk_delay_comp
1166,23.32,1.0,0.0,0.6765013933181763,0.8405939936637878,-0.21738918125629425,0.04098258912563324,0,2000,comp,4,80,42,1.0,0.0,walk_delay_comp
1167,23.34,1.0,0.0,0.6739765405654907,0.884377658367157,-0.24466054141521454,0.1646321713924408,0,2000,comp,4,80,42,1.0,0.0,walk_delay_comp
1168,23.36,1.0,0.0,0.6698356866836548,0.9239550828933716,-0.2791096866130829,0.3371238112449646,0,2000,comp,4,80,42,1.0,0.0,walk_delay_comp
1169,23.38,1.0,0.0,0.6644045114517212,0.9558200240135193,-0.3219432234764099,0.47108134627342224,0,2000,comp,4,80,42,1.0,0.0,walk_delay_comp
1170,23.400000000000002,1.0,0.0,0.6586207151412964,0.9787813425064087,-0.3694622814655304,0.49738213419914246,0,2000,comp,4,80,42,1.0,0.0,walk_delay_comp
1171,23.42,1.0,0.0,0.6559487581253052,0.9261850118637085,-0.34940800070762634,-0.013166269287467003,0,2000,comp,4,80,42,1.0,0.0,walk_delay_comp
1172,23.44,1.0,0.0,0.6529909372329712,0.8376466631889343,-0.25335922837257385,0.5828649997711182,0,2000,comp,4,80,42,1.0,0.0,walk_delay_comp
1173,23.46,1.0,0.0,0.6443279981613159,0.7716032266616821,-0.19033880531787872,0.7777963280677795,0,2000,comp,4,80,42,1.0,0.0,walk_delay_comp
1174,23.48,1.0,0.0,0.6360293626785278,0.7260830998420715,-0.15075615048408508,0.4470203220844269,0,2000,comp,4,80,42,1.0,0.0,walk_delay_comp
1175,23.5,1.0,0.0,0.6326225996017456,0.7046937942504883,-0.12435251474380493,-0.1391446590423584,0,2000,comp,4,80,42,1.0,0.0,walk_delay_comp
1176,23.52,1.0,0.0,0.6337634325027466,0.6894639730453491,-0.10391761362552643,-0.44492560625076294,0,2000,comp,4,80,42,1.0,0.0,walk_delay_comp
1177,23.54,1.0,0.0,0.6364184617996216,0.6759347319602966,-0.06993646919727325,-0.40392619371414185,0,2000,comp,4,80,42,1.0,0.0,walk_delay_comp
1178,23.56,1.0,0.0,0.6377626657485962,0.6664298176765442,-0.039055243134498596,-0.20039884746074677,0,2000,comp,4,80,42,1.0,0.0,walk_delay_comp
1179,23.580000000000002,1.0,0.0,0.6363214254379272,0.6426622867584229,-0.010398859158158302,0.10583361238241196,0,2000,comp,4,80,42,1.0,0.0,walk_delay_comp
1180,23.6,1.0,0.0,0.6329754590988159,0.627495527267456,0.008881266228854656,0.24370364844799042,0,2000,comp,4,80,42,1.0,0.0,walk_delay_comp
1181,23.62,1.0,0.0,0.6282762289047241,0.6219774484634399,0.024475328624248505,0.4308207035064697,0,2000,comp,4,80,42,1.0,0.0,walk_delay_comp
1182,23.64,1.0,0.0,0.6227613687515259,0.6128653883934021,0.039618950337171555,0.4523518681526184,0,2000,comp,4,80,42,1.0,0.0,walk_delay_comp
1183,23.66,1.0,0.0,0.6178232431411743,0.6237495541572571,0.05305245518684387,0.4491879642009735,0,2000,comp,4,80,42,1.0,0.0,walk_delay_comp
1184,23.68,1.0,0.0,0.6124066114425659,0.6419205665588379,0.06765115261077881,0.5360028743743896,0,2000,comp,4,80,42,1.0,0.0,walk_delay_comp
1185,23.7,1.0,0.0,0.607702374458313,0.6591874361038208,0.0831252709031105,0.3916444778442383,0,2000,comp,4,80,42,1.0,0.0,walk_delay_comp
1186,23.72,1.0,0.0,0.604040265083313,0.6883478760719299,0.09855169802904129,0.3815365731716156,0,2000,comp,4,80,42,1.0,0.0,walk_delay_comp
1187,23.740000000000002,1.0,0.0,0.6011396646499634,0.718072772026062,0.11153361201286316,0.3407820761203766,0,2000,comp,4,80,42,1.0,0.0,walk_delay_comp
1188,23.76,1.0,0.0,0.5990766286849976,0.7495668530464172,0.12741802632808685,0.3150976598262787,0,2000,comp,4,80,42,1.0,0.0,walk_delay_comp
1189,23.78,1.0,0.0,0.5974866151809692,0.780142605304718,0.1472126841545105,0.34874528646469116,0,2000,comp,4,80,42,1.0,0.0,walk_delay_comp
1190,23.8,1.0,0.0,0.5947490930557251,0.8007148504257202,0.17316915094852448,0.500397801399231,0,2000,comp,4,80,42,1.0,0.0,walk_delay_comp
1191,23.82,1.0,0.0,0.5893756151199341,0.8089925050735474,0.20202869176864624,0.6645651459693909,0,2000,comp,4,80,42,1.0,0.0,walk_delay_comp
1192,23.84,1.0,0.0,0.5826667547225952,0.8116312026977539,0.21916072070598602,0.6456190943717957,0,2000,comp,4,80,42,1.0,0.0,walk_delay_comp
1193,23.86,1.0,0.0,0.5773335695266724,0.7761697173118591,0.2025887370109558,0.5975848436355591,0,2000,comp,4,80,42,1.0,0.0,walk_delay_comp
1194,23.88,1.0,0.0,0.5749317407608032,0.7286214232444763,0.1375289410352707,0.0026813745498657227,0,2000,comp,4,80,42,1.0,0.0,walk_delay_comp
1195,23.900000000000002,1.0,0.0,0.5773202180862427,0.688003420829773,0.08504995703697205,-0.1260136067867279,0,2000,comp,4,80,42,1.0,0.0,walk_delay_comp
1196,23.92,1.0,0.0,0.5802255868911743,0.6610383987426758,0.04924200847744942,0.15384961664676666,0,2000,comp,4,80,42,1.0,0.0,walk_delay_comp
1197,23.94,1.0,0.0,0.5792475938796997,0.6558731198310852,0.023021604865789413,0.6341801881790161,0,2000,comp,4,80,42,1.0,0.0,walk_delay_comp
1198,23.96,1.0,0.0,0.5744730234146118,0.6621639728546143,-0.0021683843806385994,0.8291792273521423,0,2000,comp,4,80,42,1.0,0.0,walk_delay_comp
1199,23.98,1.0,0.0,0.5686322450637817,0.6705919504165649,-0.02873842976987362,0.7240219116210938,0,2000,comp,4,80,42,1.0,0.0,walk_delay_comp
1200,24.0,1.0,0.0,0.5662621259689331,0.6617479920387268,-0.05600580945611,0.21123583614826202,0,2000,comp,4,80,42,1.0,0.0,walk_delay_comp
1201,24.02,1.0,0.0,0.567874550819397,0.6529878377914429,-0.07002075761556625,-0.13291944563388824,0,2000,comp,4,80,42,1.0,0.0,walk_delay_comp
1202,24.04,1.0,0.0,0.5711430311203003,0.6451760530471802,-0.07501858472824097,-0.24461935460567474,0,2000,comp,4,80,42,1.0,0.0,walk_delay_comp
1203,24.060000000000002,1.0,0.0,0.5740002393722534,0.6490831971168518,-0.08101549744606018,-0.18026019632816315,0,2000,comp,4,80,42,1.0,0.0,walk_delay_comp
1204,24.080000000000002,1.0,0.0,0.5751992464065552,0.6694371104240417,-0.09001419693231583,-0.03954900801181793,0,2000,comp,4,80,42,1.0,0.0,walk_delay_comp
1205,24.1,1.0,0.0,0.5754395723342896,0.6942875385284424,-0.10922607034444809,0.014893129467964172,0,2000,comp,4,80,42,1.0,0.0,walk_delay_comp
1206,24.12,1.0,0.0,0.575318455696106,0.7335240244865417,-0.12862615287303925,-0.007746451999992132,0,2000,comp,4,80,42,1.0,0.0,walk_delay_comp
1207,24.14,1.0,0.0,0.5755773782730103,0.7664421796798706,-0.15820781886577606,-0.058683156967163086,0,2000,comp,4,80,42,1.0,0.0,walk_delay_comp
1208,24.16,1.0,0.0,0.5757309198379517,0.8078595995903015,-0.18551617860794067,-0.0705728605389595,0,2000,comp,4,80,42,1.0,0.0,walk_delay_comp
1209,24.18,1.0,0.0,0.5750342607498169,0.8528074026107788,-0.21059677004814148,-0.014910885132849216,0,2000,comp,4,80,42,1.0,0.0,walk_delay_comp
1210,24.2,1.0,0.0,0.5729624032974243,0.8951725959777832,-0.23765181005001068,0.1096508577466011,0,2000,comp,4,80,42,1.0,0.0,walk_delay_comp
1211,24.22,1.0,0.0,0.5695797204971313,0.9311710596084595,-0.2729070782661438,0.25050923228263855,0,2000,comp,4,80,42,1.0,0.0,walk_delay_comp
1212,24.240000000000002,1.0,0.0,0.5653451681137085,0.9566789865493774,-0.31459811329841614,0.3573496341705322,0,2000,comp,4,80,42,1.0,0.0,walk_delay_comp
1213,24.26,1.0,0.0,0.5610805749893188,0.972716212272644,-0.3581225574016571,0.3440762162208557,0,2000,comp,4,80,42,1.0,0.0,walk_delay_comp
1214,24.28,1.0,0.0,0.5604957342147827,0.8757510781288147,-0.2925949990749359,0.17586269974708557,0,2000,comp,4,80,42,1.0,0.0,walk_delay_comp
1215,24.3,1.0,0.0,0.5549968481063843,0.8008066415786743,-0.21438658237457275,0.6738421320915222,0,2000,comp,4,80,42,1.0,0.0,walk_delay_comp
1216,24.32,1.0,0.0,0.5465270280838013,0.7410828471183777,-0.1649697870016098,0.6069419384002686,0,2000,comp,4,80,42,1.0,0.0,walk_delay_comp
1217,24.34,1.0,0.0,0.5403996706008911,0.7062675952911377,-0.12868821620941162,0.1779049038887024,0,2000,comp,4,80,42,1.0,0.0,walk_delay_comp
1218,24.36,1.0,0.0,0.5394319295883179,0.6936857104301453,-0.10608017444610596,-0.3764614164829254,0,2000,comp,4,80,42,1.0,0.0,walk_delay_comp
1219,24.38,1.0,0.0,0.5428212881088257,0.6862447261810303,-0.08433924615383148,-0.6243113279342651,0,2000,comp,4,80,42,1.0,0.0,walk_delay_comp
1220,24.400000000000002,1.0,0.0,0.5469352006912231,0.6733848452568054,-0.05007437244057655,-0.5365464687347412,0,2000,comp,4,80,42,1.0,0.0,walk_delay_comp
1221,24.42,1.0,0.0,0.5484055280685425,0.6586933732032776,-0.018279800191521645,-0.13035276532173157,0,2000,comp,4,80,42,1.0,0.0,walk_delay_comp
1222,24.44,1.0,0.0,0.5461078882217407,0.6391398310661316,0.006779614835977554,0.18451710045337677,0,2000,comp,4,80,42,1.0,0.0,walk_delay_comp
1223,24.46,1.0,0.0,0.5419985055923462,0.628940761089325,0.023605087772011757,0.33493614196777344,0,2000,comp,4,80,42,1.0,0.0,walk_delay_comp
1224,24.48,1.0,0.0,0.5366412401199341,0.6189545392990112,0.0387069508433342,0.47995495796203613,0,2000,comp,4,80,42,1.0,0.0,walk_delay_comp
1225,24.5,1.0,0.0,0.5310384035110474,0.6221476793289185,0.050160761922597885,0.49298474192619324,0,2000,comp,4,80,42,1.0,0.0,walk_delay_comp
1226,24.52,1.0,0.0,0.5252987146377563,0.6405271887779236,0.0637420117855072,0.5555027723312378,0,2000,comp,4,80,42,1.0,0.0,walk_delay_comp
1227,24.54,1.0,0.0,0.519776463508606,0.653083860874176,0.0817098394036293,0.4891139268875122,0,2000,comp,4,80,42,1.0,0.0,walk_delay_comp
1228,24.560000000000002,1.0,0.0,0.5148340463638306,0.6780715584754944,0.09830567985773087,0.46743422746658325,0,2000,comp,4,80,42,1.0,0.0,walk_delay_comp
1229,24.580000000000002,1.0,0.0,0.511238694190979,0.707209050655365,0.11013440042734146,0.34356603026390076,0,2000,comp,4,80,42,1.0,0.0,walk_delay_comp
1230,24.6,1.0,0.0,0.5090104341506958,0.7383492588996887,0.12385828793048859,0.27077651023864746,0,2000,comp,4,80,42,1.0,0.0,walk_delay_comp
1231,24.62,1.0,0.0,0.5079749822616577,0.7719495296478271,0.14033955335617065,0.23621615767478943,0,2000,comp,4,80,42,1.0,0.0,walk_delay_comp
1232,24.64,1.0,0.0,0.5069924592971802,0.8006752133369446,0.1634903997182846,0.31224557757377625,0,2000,comp,4,80,42,1.0,0.0,walk_delay_comp
1233,24.66,1.0,0.0,0.5045109987258911,0.8159023523330688,0.19203637540340424,0.4301770031452179,0,2000,comp,4,80,42,1.0,0.0,walk_delay_comp
1234,24.68,1.0,0.0,0.49975740909576416,0.8217787742614746,0.2205335944890976,0.5443078279495239,0,2000,comp,4,80,42,1.0,0.0,walk_delay_comp
1235,24.7,1.0,0.0,0.4944874048233032,0.8257595300674438,0.23152561485767365,0.4248945415019989,0,2000,comp,4,80,42,1.0,0.0,walk_delay_comp
1236,24.72,1.0,0.0,0.49013006687164307,0.7640158534049988,0.1795121282339096,0.25364649295806885,0,2000,comp,4,80,42,1.0,0.0,walk_delay_comp
1237,24.740000000000002,1.0,0.0,0.4905167818069458,0.7149918675422668,0.11833768337965012,-0.10414646565914154,0,2000,comp,4,80,42,1.0,0.0,walk_delay_comp
1238,24.76,1.0,0.0,0.49353015422821045,0.6790482401847839,0.07083629071712494,-0.022093582898378372,0,2000,comp,4,80,42,1.0,0.0,walk_delay_comp
1239,24.78,1.0,0.0,0.49513351917266846,0.6615607738494873,0.040607720613479614,0.343336284160614,0,2000,comp,4,80,42,1.0,0.0,walk_delay_comp
1240,24.8,1.0,0.0,0.4921039342880249,0.6670404076576233,0.016691653057932854,0.7752209305763245,0,2000,comp,4,80,42,1.0,0.0,walk_delay_comp
1241,24.82,1.0,0.0,0.4867140054702759,0.6749008297920227,-0.007580398581922054,0.7760065793991089,0,2000,comp,4,80,42,1.0,0.0,walk_delay_comp
1242,24.84,1.0,0.0,0.48280346393585205,0.6792191863059998,-0.03497740626335144,0.4220055341720581,0,2000,comp,4,80,42,1.0,0.0,walk_delay_comp
1243,24.86,1.0,0.0,0.483279824256897,0.6695770025253296,-0.05610598996281624,-0.0832291692495346,0,2000,comp,4,80,42,1.0,0.0,walk_delay_comp
1244,24.88,1.0,0.0,0.48672306537628174,0.6630575656890869,-0.0646415576338768,-0.2911917269229889,0,2000,comp,4,80,42,1.0,0.0,walk_delay_comp
1245,24.900000000000002,1.0,0.0,0.4905790090560913,0.6585114002227783,-0.06846492737531662,-0.29098373651504517,0,2000,comp,4,80,42,1.0,0.0,walk_delay_comp
1246,24.92,1.0,0.0,0.4933739900588989,0.6668294668197632,-0.07580051571130753,-0.1823093593120575,0,2000,comp,4,80,42,1.0,0.0,walk_delay_comp
1247,24.94,1.0,0.0,0.4946645498275757,0.6883707642555237,-0.0900462418794632,-0.06392461061477661,0,2000,comp,4,80,42,1.0,0.0,walk_delay_comp
1248,24.96,1.0,0.0,0.495212197303772,0.717630922794342,-0.10998275876045227,-0.04249245673418045,0,2000,comp,4,80,42,1.0,0.0,walk_delay_comp
1249,24.98,1.0,0.0,0.4960712194442749,0.758771538734436,-0.13323508203029633,-0.1215025931596756,0,2000,comp,4,80,42,1.0,0.0,walk_delay_comp
1250,25.0,1.0,0.0,0.49719440937042236,0.7930896282196045,-0.16207468509674072,-0.13912850618362427,0,2000,comp,4,80,42,1.0,0.0,walk_delay_comp
1251,25.02,1.0,0.0,0.49714601039886475,0.8349707126617432,-0.18522343039512634,-0.028348105028271675,0,2000,comp,4,80,42,1.0,0.0,walk_delay_comp
1252,25.04,1.0,0.0,0.4953969717025757,0.8781312108039856,-0.20986367762088776,0.0804649293422699,0,2000,comp,4,80,42,1.0,0.0,walk_delay_comp
1253,25.060000000000002,1.0,0.0,0.49229729175567627,0.9162707924842834,-0.24124543368816376,0.2110043615102768,0,2000,comp,4,80,42,1.0,0.0,walk_delay_comp
1254,25.080000000000002,1.0,0.0,0.4882246255874634,0.9467629790306091,-0.2796148657798767,0.3212520480155945,0,2000,comp,4,80,42,1.0,0.0,walk_delay_comp
1255,25.1,1.0,0.0,0.4840143918991089,0.9678967595100403,-0.3217353820800781,0.3500804007053375,0,2000,comp,4,80,42,1.0,0.0,walk_delay_comp
1256,25.12,1.0,0.0,0.48089635372161865,0.9273428916931152,-0.33052387833595276,-0.32197949290275574,0,2000,comp,4,80,42,1.0,0.0,walk_delay_comp
1257,25.14,1.0,0.0,0.4803575277328491,0.8432658910751343,-0.24228638410568237,0.4149821996688843,0,2000,comp,4,80,42,1.0,0.0,walk_delay_comp
1258,25.16,1.0,0.0,0.4732099771499634,0.777486264705658,-0.17950017750263214,0.6822207570075989,0,2000,comp,4,80,42,1.0,0.0,walk_delay_comp
1259,25.18,1.0,0.0,0.46552574634552,0.7302384376525879,-0.13634584844112396,0.42317402362823486,0,2000,comp,4,80,42,1.0,0.0,walk_delay_comp
1260,25.2,1.0,0.0,0.46186983585357666,0.7086490988731384,-0.10903854668140411,-0.10109144449234009,0,2000,comp,4,80,42,1.0,0.0,walk_delay_comp
1261,25.22,1.0,0.0,0.4630972146987915,0.6987196207046509,-0.09285315126180649,-0.49959632754325867,0,2000,comp,4,80,42,1.0,0.0,walk_delay_comp
1262,25.240000000000002,1.0,0.0,0.4679609537124634,0.689963698387146,-0.06714946031570435,-0.7571643590927124,0,2000,comp,4,80,42,1.0,0.0,walk_delay_comp
1263,25.26,1.0,0.0,0.47200334072113037,0.6767390966415405,-0.029874807223677635,-0.39117908477783203,0,2000,comp,4,80,42,1.0,0.0,walk_delay_comp
1264,25.28,1.0,0.0,0.4718276262283325,0.6594496965408325,0.0025083725340664387,0.02563897706568241,0,2000,comp,4,80,42,1.0,0.0,walk_delay_comp
1265,25.3,1.0,0.0,0.4683011770248413,0.6450181603431702,0.021452654153108597,0.3171111047267914,0,2000,comp,4,80,42,1.0,0.0,walk_delay_comp
1266,25.32,1.0,0.0,0.4631439447402954,0.6347359418869019,0.03573736175894737,0.4399743974208832,0,2000,comp,4,80,42,1.0,0.0,walk_delay_comp
1267,25.34,1.0,0.0,0.45727241039276123,0.629314661026001,0.04918995872139931,0.5251718759536743,0,2000,comp,4,80,42,1.0,0.0,walk_delay_comp
1268,25.36,1.0,0.0,0.45170295238494873,0.6440556645393372,0.05937718227505684,0.5009678602218628,0,2000,comp,4,80,42,1.0,0.0,walk_delay_comp
1269,25.38,1.0,0.0,0.44628608226776123,0.6574692726135254,0.07925746589899063,0.48177963495254517,0,2000,comp,4,80,42,1.0,0.0,walk_delay_comp
1270,25.400000000000002,1.0,0.0,0.4410449266433716,0.6756088137626648,0.09822218865156174,0.4795854985713959,0,2000,comp,4,80,42,1.0,0.0,walk_delay_comp
1271,25.42,1.0,0.0,0.4371081590652466,0.7030335068702698,0.10974712669849396,0.3555915355682373,0,2000,comp,4,80,42,1.0,0.0,walk_delay_comp
1272,25.44,1.0,0.0,0.4344877004623413,0.7353965640068054,0.12250079959630966,0.28897780179977417,0,2000,comp,4,80,42,1.0,0.0,walk_delay_comp
1273,25.46,1.0,0.0,0.4332796335220337,0.7667593955993652,0.13759136199951172,0.19990110397338867,0,2000,comp,4,80,42,1.0,0.0,walk_delay_comp
1274,25.48,1.0,0.0,0.4329127073287964,0.7988153696060181,0.15794070065021515,0.2198464274406433,0,2000,comp,4,80,42,1.0,0.0,walk_delay_comp
1275,25.5,1.0,0.0,0.43185555934906006,0.8203070163726807,0.18417422473430634,0.31036776304244995,0,2000,comp,4,80,42,1.0,0.0,walk_delay_comp
1276,25.52,1.0,0.0,0.42872869968414307,0.8300125598907471,0.21415011584758759,0.4277621805667877,0,2000,comp,4,80,42,1.0,0.0,walk_delay_comp
1277,25.54,1.0,0.0,0.4241504669189453,0.8340139389038086,0.23663538694381714,0.5015050172805786,0,2000,comp,4,80,42,1.0,0.0,walk_delay_comp
1278,25.560000000000002,1.0,0.0,0.4199572801589966,0.8025996685028076,0.24660876393318176,0.5268752574920654,0,2000,comp,4,80,42,1.0,0.0,walk_delay_comp
1279,25.580000000000002,1.0,0.0,0.41742146015167236,0.7493504881858826,0.1645267903804779,0.029513519257307053,0,2000,comp,4,80,42,1.0,0.0,walk_delay_comp
1280,25.6,1.0,0.0,0.4200383424758911,0.7035961151123047,0.10817550122737885,-0.18855135142803192,0,2000,comp,4,80,42,1.0,0.0,walk_delay_comp
1281,25.62,1.0,0.0,0.42391061782836914,0.6735689640045166,0.07086349278688431,0.04059247672557831,0,2000,comp,4,80,42,1.0,0.0,walk_delay_comp
1282,25.64,1.0,0.0,0.42423880100250244,0.666475236415863,0.046874821186065674,0.4887574017047882,0,2000,comp,4,80,42,1.0,0.0,walk_delay_comp
1283,25.66,1.0,0.0,0.4214198589324951,0.6691237092018127,0.020899241790175438,0.6231552362442017,0,2000,comp,4,80,42,1.0,0.0,walk_delay_comp
1284,25.68,1.0,0.0,0.41674375534057617,0.681817889213562,-0.0037263580597937107,0.6637574434280396,0,2000,comp,4,80,42,1.0,0.0,walk_delay_comp
1285,25.7,1.0,0.0,0.41447508335113525,0.6791258454322815,-0.028940610587596893,0.21578805148601532,0,2000,comp,4,80,42,1.0,0.0,walk_delay_comp
1286,25.72,1.0,0.0,0.41572093963623047,0.6680225729942322,-0.04431314393877983,-0.0835825651884079,0,2000,comp,4,80,42,1.0,0.0,walk_delay_comp
1287,25.740000000000002,1.0,0.0,0.4185858964920044,0.6570401787757874,-0.05438696965575218,-0.20430490374565125,0,2000,comp,4,80,42,1.0,0.0,walk_delay_comp
1288,25.76,1.0,0.0,0.4214444160461426,0.6602141857147217,-0.06033678725361824,-0.2146577090024948,0,2000,comp,4,80,42,1.0,0.0,walk_delay_comp
1289,25.78,1.0,0.0,0.4230220317840576,0.6845976710319519,-0.07024610042572021,-0.08409544825553894,0,2000,comp,4,80,42,1.0,0.0,walk_delay_comp
1290,25.8,1.0,0.0,0.42397797107696533,0.7089430689811707,-0.09102457761764526,-0.04976767301559448,0,2000,comp,4,80,42,1.0,0.0,walk_delay_comp
1291,25.82,1.0,0.0,0.4242746829986572,0.7491278648376465,-0.10323002934455872,-0.06047453731298447,0,2000,comp,4,80,42,1.0,0.0,walk_delay_comp
1292,25.84,1.0,0.0,0.4254579544067383,0.7743167877197266,-0.1295190155506134,-0.17029502987861633,0,2000,comp,4,80,42,1.0,0.0,walk_delay_comp
1293,25.86,1.0,0.0,0.42666494846343994,0.8144959807395935,-0.15344040095806122,-0.16771963238716125,0,2000,comp,4,80,42,1.0,0.0,walk_delay_comp
1294,25.88,1.0,0.0,0.4271749258041382,0.8609653115272522,-0.17660583555698395,-0.1426684558391571,0,2000,comp,4,80,42,1.0,0.0,walk_delay_comp
1295,25.900000000000002,1.0,0.0,0.4264410734176636,0.9042519330978394,-0.20079180598258972,-0.030590444803237915,0,2000,comp,4,80,42,1.0,0.0,walk_delay_comp
1296,25.92,1.0,0.0,0.4243835210800171,0.9392252564430237,-0.2324875295162201,0.12647581100463867,0,2000,comp,4,80,42,1.0,0.0,walk_delay_comp
1297,25.94,1.0,0.0,0.42127740383148193,0.9647403955459595,-0.2699491083621979,0.26578718423843384,0,2000,comp,4,80,42,1.0,0.0,walk_delay_comp
1298,25.96,1.0,0.0,0.41781866550445557,0.9824492931365967,-0.30913016200065613,0.2956048250198364,0,2000,comp,4,80,42,1.0,0.0,walk_delay_comp
1299,25.98,1.0,0.0,0.4173468351364136,0.8974711298942566,-0.2697177827358246,-0.07195864617824554,0,2000,comp,4,80,42,1.0,0.0,walk_delay_comp
1300,26.0,1.0,0.0,0.41332995891571045,0.8263296484947205,-0.1896987110376358,0.6157629489898682,0,2000,comp,4,80,42,1.0,0.0,walk_delay_comp
1301,26.02,1.0,0.0,0.40527212619781494,0.763331949710846,-0.13710148632526398,0.6179490089416504,0,2000,comp,4,80,42,1.0,0.0,walk_delay_comp
1302,26.04,1.0,0.0,0.39871537685394287,0.7257341742515564,-0.10201241075992584,0.25091812014579773,0,2000,comp,4,80,42,1.0,0.0,walk_delay_comp
1303,26.060000000000002,1.0,0.0,0.39716637134552,0.7110943794250488,-0.07898595929145813,-0.3441484272480011,0,2000,comp,4,80,42,1.0,0.0,walk_delay_comp
1304,26.080000000000002,1.0,0.0,0.4002784490585327,0.7047672867774963,-0.05978835001587868,-0.6315706968307495,0,2000,comp,4,80,42,1.0,0.0,walk_delay_comp
1305,26.1,1.0,0.0,0.4048815965652466,0.6925268173217773,-0.02660513110458851,-0.6200056076049805,0,2000,comp,4,80,42,1.0,0.0,walk_delay_comp
1306,26.12,1.0,0.0,0.4075798988342285,0.6804628968238831,0.0046231974847614765,-0.2554284930229187,0,2000,comp,4,80,42,1.0,0.0,walk_delay_comp
1307,26.14,1.0,0.0,0.4063214063644409,0.6553797125816345,0.03312910348176956,0.10156048834323883,0,2000,comp,4,80,42,1.0,0.0,walk_delay_comp
1308,26.16,1.0,0.0,0.4030895233154297,0.6439825892448425,0.05035603791475296,0.2556353807449341,0,2000,comp,4,80,42,1.0,0.0,walk_delay_comp
1309,26.18,1.0,0.0,0.39817047119140625,0.6338170170783997,0.06600628793239594,0.4589533805847168,0,2000,comp,4,80,42,1.0,0.0,walk_delay_comp
1310,26.2,1.0,0.0,0.39262402057647705,0.6338999271392822,0.07737955451011658,0.47931402921676636,0,2000,comp,4,80,42,1.0,0.0,walk_delay_comp
1311,26.22,1.0,0.0,0.38722407817840576,0.6529113054275513,0.09038727730512619,0.5173219442367554,0,2000,comp,4,80,42,1.0,0.0,walk_delay_comp
1312,26.240000000000002,1.0,0.0,0.3818237781524658,0.6691203117370605,0.10906096547842026,0.4942052960395813,0,2000,comp,4,80,42,1.0,0.0,walk_delay_comp
1313,26.26,1.0,0.0,0.37708580493927,0.6934494376182556,0.1268395036458969,0.4280116856098175,0,2000,comp,4,80,42,1.0,0.0,walk_delay_comp
1314,26.28,1.0,0.0,0.37387919425964355,0.7248945236206055,0.13991501927375793,0.30442944169044495,0,2000,comp,4,80,42,1.0,0.0,walk_delay_comp
1315,26.3,1.0,0.0,0.3722294569015503,0.7572216987609863,0.1548660397529602,0.2101718783378601,0,2000,comp,4,80,42,1.0,0.0,walk_delay_comp
1316,26.32,1.0,0.0,0.37204742431640625,0.7899147272109985,0.17346681654453278,0.14093059301376343,0,2000,comp,4,80,42,1.0,0.0,walk_delay_comp
1317,26.34,1.0,0.0,0.3722968101501465,0.8169862031936646,0.19916492700576782,0.17736873030662537,0,2000,comp,4,80,42,1.0,0.0,walk_delay_comp
1318,26.36,1.0,0.0,0.37117862701416016,0.8314512968063354,0.2312614619731903,0.2884008288383484,0,2000,comp,4,80,42,1.0,0.0,walk_delay_comp
1319,26.38,1.0,0.0,0.3676210641860962,0.838047206401825,0.26394984126091003,0.4316577911376953,0,2000,comp,4,80,42,1.0,0.0,walk_delay_comp
1320,26.400000000000002,1.0,0.0,0.3630697727203369,0.8445722460746765,0.27878183126449585,0.3960389494895935,0,2000,comp,4,80,42,1.0,0.0,walk_delay_comp
1321,26.42,1.0,0.0,0.3589136600494385,0.776218593120575,0.22027629613876343,0.21602493524551392,0,2000,comp,4,80,42,1.0,0.0,walk_delay_comp
1322,26.44,1.0,0.0,0.36013567447662354,0.7238757014274597,0.15640123188495636,-0.1765347570180893,0,2000,comp,4,80,42,1.0,0.0,walk_delay_comp
1323,26.46,1.0,0.0,0.3640357255935669,0.6840469837188721,0.10568094998598099,-0.1021963581442833,0,2000,comp,4,80,42,1.0,0.0,walk_delay_comp
1324,26.48,1.0,0.0,0.3662717342376709,0.6653817296028137,0.07414999604225159,0.2744491994380951,0,2000,comp,4,80,42,1.0,0.0,walk_delay_comp
1325,26.5,1.0,0.0,0.36381208896636963,0.6707894206047058,0.05034663528203964,0.7011469602584839,0,2000,comp,4,80,42,1.0,0.0,walk_delay_comp
1326,26.52,1.0,0.0,0.35907459259033203,0.679166316986084,0.02653808705508709,0.6969443559646606,0,2000,comp,4,80,42,1.0,0.0,walk_delay_comp
1327,26.54,1.0,0.0,0.3560129404067993,0.6831290125846863,-0.002167155733332038,0.32559043169021606,0,2000,comp,4,80,42,1.0,0.0,walk_delay_comp
1328,26.560000000000002,1.0,0.0,0.3574984073638916,0.672010600566864,-0.025001395493745804,-0.18554411828517914,0,2000,comp,4,80,42,1.0,0.0,walk_delay_comp
1329,26.580000000000002,1.0,0.0,0.3619191646575928,0.6642767190933228,-0.03414472937583923,-0.3785301744937897,0,2000,comp,4,80,42,1.0,0.0,walk_delay_comp
1330,26.6,1.0,0.0,0.3666050434112549,0.6579692363739014,-0.03823934122920036,-0.3552258014678955,0,2000,comp,4,80,42,1.0,0.0,walk_delay_comp
1331,26.62,1.0,0.0,0.3698817491531372,0.6647425293922424,-0.04532293975353241,-0.20995557308197021,0,2000,comp,4,80,42,1.0,0.0,walk_delay_comp
1332,26.64,1.0,0.0,0.3713439702987671,0.6864468455314636,-0.05876316502690315,-0.07457457482814789,0,2000,comp,4,80,42,1.0,0.0,walk_delay_comp
1333,26.66,1.0,0.0,0.37197673320770264,0.713142991065979,-0.07810268551111221,-0.047429412603378296,0,2000,comp,4,80,42,1.0,0.0,walk_delay_comp
1334,26.68,1.0,0.0,0.3728792667388916,0.7519721388816833,-0.10042677819728851,-0.11887412518262863,0,2000,comp,4,80,42,1.0,0.0,walk_delay_comp
1335,26.7,1.0,0.0,0.3739469051361084,0.7843132615089417,-0.1281096488237381,-0.1255008429288864,0,2000,comp,4,80,42,1.0,0.0,walk_delay_comp
1336,26.72,1.0,0.0,0.37405216693878174,0.8254420161247253,-0.14985641837120056,-0.05269945040345192,0,2000,comp,4,80,42,1.0,0.0,walk_delay_comp
1337,26.740000000000002,1.0,0.0,0.3727647066116333,0.8682695031166077,-0.17142732441425323,0.02778404951095581,0,2000,comp,4,80,42,1.0,0.0,walk_delay_comp
1338,26.76,1.0,0.0,0.37030911445617676,0.9055371284484863,-0.19862724840641022,0.1407916247844696,0,2000,comp,4,80,42,1.0,0.0,walk_delay_comp
1339,26.78,1.0,0.0,0.36712145805358887,0.9363616704940796,-0.23218192160129547,0.21644946932792664,0,2000,comp,4,80,42,1.0,0.0,walk_delay_comp
1340,26.8,1.0,0.0,0.3641045093536377,0.9580935835838318,-0.2695046663284302,0.22832238674163818,0,2000,comp,4,80,42,1.0,0.0,walk_delay_comp
1341,26.82,1.0,0.0,0.3616524934768677,0.9721897840499878,-0.30557867884635925,0.16530928015708923,0,2000,comp,4,80,42,1.0,0.0,walk_delay_comp
1342,26.84,1.0,0.0,0.36231231689453125,0.8527514934539795,-0.21794623136520386,0.24257299304008484,0,2000,comp,4,80,42,1.0,0.0,walk_delay_comp
1343,26.86,1.0,0.0,0.3563576936721802,0.7847489714622498,-0.15375448763370514,0.6398581266403198,0,2000,comp,4,80,42,1.0,0.0,walk_delay_comp
1344,26.88,1.0,0.0,0.34871816635131836,0.737196683883667,-0.11254096031188965,0.46570372581481934,0,2000,comp,4,80,42,1.0,0.0,walk_delay_comp
1345,26.900000000000002,1.0,0.0,0.344333291053772,0.7127587795257568,-0.08604972809553146,-0.012542733922600746,0,2000,comp,4,80,42,1.0,0.0,walk_delay_comp
1346,26.92,1.0,0.0,0.3456794023513794,0.7060891389846802,-0.06774844229221344,-0.5938123464584351,0,2000,comp,4,80,42,1.0,0.0,walk_delay_comp
1347,26.94,1.0,0.0,0.35111773014068604,0.6995210647583008,-0.043334539979696274,-0.782759428024292,0,2000,comp,4,80,42,1.0,0.0,walk_delay_comp
1348,26.96,1.0,0.0,0.35573720932006836,0.6836539506912231,-0.006601342465728521,-0.5038634538650513,0,2000,comp,4,80,42,1.0,0.0,walk_delay_comp
1349,26.98,1.0,0.0,0.35673630237579346,0.6675122976303101,0.02144620195031166,-0.06737563014030457,0,2000,comp,4,80,42,1.0,0.0,walk_delay_comp
1350,27.0,1.0,0.0,0.3538154363632202,0.6466671228408813,0.04274621605873108,0.2630710005760193,0,2000,comp,4,80,42,1.0,0.0,walk_delay_comp
1351,27.02,1.0,0.0,0.3493086099624634,0.6380984783172607,0.056606847792863846,0.36522966623306274,0,2000,comp,4,80,42,1.0,0.0,walk_delay_comp
1352,27.04,1.0,0.0,0.3439209461212158,0.6325467228889465,0.06976286321878433,0.48637956380844116,0,2000,comp,4,80,42,1.0,0.0,walk_delay_comp
1353,27.060000000000002,1.0,0.0,0.3382636308670044,0.6390746831893921,0.08166013658046722,0.5008819699287415,0,2000,comp,4,80,42,1.0,0.0,walk_delay_comp
1354,27.080000000000002,1.0,0.0,0.3326972723007202,0.6606349349021912,0.09526938199996948,0.5327532887458801,0,2000,comp,4,80,42,1.0,0.0,walk_delay_comp
1355,27.1,1.0,0.0,0.3275754451751709,0.6788198947906494,0.11296208202838898,0.45460808277130127,0,2000,comp,4,80,42,1.0,0.0,walk_delay_comp
1356,27.12,1.0,0.0,0.323655366897583,0.7042984962463379,0.12950479984283447,0.35670387744903564,0,2000,comp,4,80,42,1.0,0.0,walk_delay_comp
1357,27.14,1.0,0.0,0.321181058883667,0.7346267700195312,0.14374104142189026,0.25548872351646423,0,2000,comp,4,80,42,1.0,0.0,walk_delay_comp
1358,27.16,1.0,0.0,0.32016873359680176,0.7668278217315674,0.1590142399072647,0.1773681342601776,0,2000,comp,4,80,42,1.0,0.0,walk_delay_comp
1359,27.18,1.0,0.0,0.3202366828918457,0.7991265058517456,0.17947529256343842,0.15300609171390533,0,2000,comp,4,80,42,1.0,0.0,walk_delay_comp
1360,27.2,1.0,0.0,0.3201481103897095,0.8226141929626465,0.2073105126619339,0.21071778237819672,0,2000,comp,4,80,42,1.0,0.0,walk_delay_comp
1361,27.22,1.0,0.0,0.31814634799957275,0.8329499363899231,0.2398383915424347,0.33394718170166016,0,2000,comp,4,80,42,1.0,0.0,walk_delay_comp
1362,27.240000000000002,1.0,0.0,0.3144494295120239,0.8368800282478333,0.26728296279907227,0.4351276755332947,0,2000,comp,4,80,42,1.0,0.0,walk_delay_comp
1363,27.26,1.0,0.0,0.3105674982070923,0.8116889595985413,0.2794860899448395,0.5451483726501465,0,2000,comp,4,80,42,1.0,0.0,walk_delay_comp
1364,27.28,1.0,0.0,0.30770909786224365,0.7536131739616394,0.19872520864009857,0.0741480141878128,0,2000,comp,4,80,42,1.0,0.0,walk_delay_comp
1365,27.3,1.0,0.0,0.31037676334381104,0.7051020264625549,0.13741113245487213,-0.2291927933692932,0,2000,comp,4,80,42,1.0,0.0,walk_delay_comp
1366,27.32,1.0,0.0,0.3147331476211548,0.6741478443145752,0.09823550283908844,-0.047245945781469345,0,2000,comp,4,80,42,1.0,0.0,walk_delay_comp
1367,27.34,1.0,0.0,0.31608641147613525,0.6662037372589111,0.07281773537397385,0.38261663913726807,0,2000,comp,4,80,42,1.0,0.0,walk_delay_comp
1368,27.36,1.0,0.0,0.31416475772857666,0.6715094447135925,0.04659084975719452,0.5394859313964844,0,2000,comp,4,80,42,1.0,0.0,walk_delay_comp
1369,27.38,1.0,0.0,0.31015467643737793,0.685201108455658,0.022279834374785423,0.6035328507423401,0,2000,comp,4,80,42,1.0,0.0,walk_delay_comp
1370,27.400000000000002,1.0,0.0,0.3085087537765503,0.685207188129425,-0.004680524580180645,0.14384672045707703,0,2000,comp,4,80,42,1.0,0.0,walk_delay_comp
1371,27.42,1.0,0.0,0.3104966878890991,0.6736072301864624,-0.021717604249715805,-0.15238314867019653,0,2000,comp,4,80,42,1.0,0.0,walk_delay_comp
1372,27.44,1.0,0.0,0.31397175788879395,0.663422167301178,-0.03262914717197418,-0.258295476436615,0,2000,comp,4,80,42,1.0,0.0,walk_delay_comp
1373,27.46,1.0,0.0,0.3172945976257324,0.665558934211731,-0.040098246186971664,-0.25184622406959534,0,2000,comp,4,80,42,1.0,0.0,walk_delay_comp
1374,27.48,1.0,0.0,0.3192664384841919,0.6895343065261841,-0.05059383064508438,-0.11928588896989822,0,2000,comp,4,80,42,1.0,0.0,walk_delay_comp
1375,27.5,1.0,0.0,0.32051336765289307,0.712363064289093,-0.0722309947013855,-0.0699227824807167,0,2000,comp,4,80,42,1.0,0.0,walk_delay_comp
1376,27.52,1.0,0.0,0.3210437297821045,0.7517967820167542,-0.08438058197498322,-0.0804537907242775,0,2000,comp,4,80,42,1.0,0.0,walk_delay_comp
1377,27.54,1.0,0.0,0.3225206136703491,0.776644766330719,-0.1095832884311676,-0.20462286472320557,0,2000,comp,4,80,42,1.0,0.0,walk_delay_comp
1378,27.560000000000002,1.0,0.0,0.3240945339202881,0.8155049085617065,-0.132208451628685,-0.201747328042984,0,2000,comp,4,80,42,1.0,0.0,walk_delay_comp
1379,27.580000000000002,1.0,0.0,0.3249765634536743,0.8613205552101135,-0.15344779193401337,-0.18100638687610626,0,2000,comp,4,80,42,1.0,0.0,walk_delay_comp
1380,27.6,1.0,0.0,0.32467448711395264,0.9040572643280029,-0.17559640109539032,-0.07567718625068665,0,2000,comp,4,80,42,1.0,0.0,walk_delay_comp
1381,27.62,1.0,0.0,0.3231550455093384,0.9385506510734558,-0.2052011489868164,0.06708215177059174,0,2000,comp,4,80,42,1.0,0.0,walk_delay_comp
1382,27.64,1.0,0.0,0.32070040702819824,0.9644832015037537,-0.2404952198266983,0.19464881718158722,0,2000,comp,4,80,42,1.0,0.0,walk_delay_comp
1383,27.66,1.0,0.0,0.3180440664291382,0.982911229133606,-0.27729958295822144,0.2244243025779724,0,2000,comp,4,80,42,1.0,0.0,walk_delay_comp
1384,27.68,1.0,0.0,0.31803691387176514,0.9061440229415894,-0.2437705397605896,-0.08757635951042175,0,2000,comp,4,80,42,1.0,0.0,walk_delay_comp
1385,27.7,1.0,0.0,0.3149724006652832,0.8291344046592712,-0.1674211621284485,0.5102160573005676,0,2000,comp,4,80,42,1.0,0.0,walk_delay_comp
1386,27.72,1.0,0.0,0.30792224407196045,0.7649717330932617,-0.11513818800449371,0.5442272424697876,0,2000,comp,4,80,42,1.0,0.0,walk_delay_comp
1387,27.740000000000002,1.0,0.0,0.302021861076355,0.7271139025688171,-0.07895376533269882,0.21301257610321045,0,2000,comp,4,80,42,1.0,0.0,walk_delay_comp
1388,27.76,1.0,0.0,0.3007732629776001,0.7114115953445435,-0.056343723088502884,-0.3683222532272339,0,2000,comp,4,80,42,1.0,0.0,walk_delay_comp
1389,27.78,1.0,0.0,0.3044329881668091,0.7050807476043701,-0.038300469517707825,-0.7072038650512695,0,2000,comp,4,80,42,1.0,0.0,walk_delay_comp
1390,27.8,1.0,0.0,0.30979764461517334,0.6933637261390686,-0.007389311213046312,-0.7031061053276062,0,2000,comp,4,80,42,1.0,0.0,walk_delay_comp
1391,27.82,1.0,0.0,0.31329548358917236,0.6814182996749878,0.023226719349622726,-0.33520761132240295,0,2000,comp,4,80,42,1.0,0.0,walk_delay_comp
1392,27.84,1.0,0.0,0.31262171268463135,0.6570242047309875,0.05132822319865227,0.05714809522032738,0,2000,comp,4,80,42,1.0,0.0,walk_delay_comp
1393,27.86,1.0,0.0,0.3095778226852417,0.6458563208580017,0.06847391277551651,0.2501131594181061,0,2000,comp,4,80,42,1.0,0.0,walk_delay_comp
1394,27.88,1.0,0.0,0.30467772483825684,0.6357911229133606,0.08310699462890625,0.45591816306114197,0,2000,comp,4,80,42,1.0,0.0,walk_delay_comp
1395,27.900000000000002,1.0,0.0,0.2991347312927246,0.6362434029579163,0.09442857652902603,0.4788496196269989,0,2000,comp,4,80,42,1.0,0.0,walk_delay_comp
1396,27.92,1.0,0.0,0.2937544584274292,0.6541814208030701,0.1073659360408783,0.5100128650665283,0,2000,comp,4,80,42,1.0,0.0,walk_delay_comp
1397,27.94,1.0,0.0,0.2885056734085083,0.6702492237091064,0.12626409530639648,0.4724276065826416,0,2000,comp,4,80,42,1.0,0.0,walk_delay_comp
1398,27.96,1.0,0.0,0.28395020961761475,0.6951771378517151,0.14443692564964294,0.41153985261917114,0,2000,comp,4,80,42,1.0,0.0,walk_delay_comp
1399,27.98,1.0,0.0,0.2809067964553833,0.7262171506881714,0.15805672109127045,0.2820972800254822,0,2000,comp,4,80,42,1.0,0.0,walk_delay_comp
1400,28.0,1.0,0.0,0.279513955116272,0.758453369140625,0.17347553372383118,0.1814616322517395,0,2000,comp,4,80,42,1.0,0.0,walk_delay_comp
1401,28.02,1.0,0.0,0.2796226739883423,0.7919530272483826,0.19267703592777252,0.11283844709396362,0,2000,comp,4,80,42,1.0,0.0,walk_delay_comp
1402,28.04,1.0,0.0,0.2804621458053589,0.8178945779800415,0.219329372048378,0.10457704216241837,0,2000,comp,4,80,42,1.0,0.0,walk_delay_comp
1403,28.060000000000002,1.0,0.0,0.28018271923065186,0.8323338031768799,0.2532229721546173,0.20431655645370483,0,2000,comp,4,80,42,1.0,0.0,walk_delay_comp
1404,28.080000000000002,1.0,0.0,0.277587890625,0.8385467529296875,0.2876792252063751,0.3394981622695923,0,2000,comp,4,80,42,1.0,0.0,walk_delay_comp
1405,28.1,1.0,0.0,0.27381300926208496,0.845209538936615,0.30577701330184937,0.34749430418014526,0,2000,comp,4,80,42,1.0,0.0,walk_delay_comp
1406,28.12,1.0,0.0,0.2699021100997925,0.7759334444999695,0.24650050699710846,0.21425265073776245,0,2000,comp,4,80,42,1.0,0.0,walk_delay_comp
1407,28.14,1.0,0.0,0.27130234241485596,0.7235043048858643,0.17891302704811096,-0.20305901765823364,0,2000,comp,4,80,42,1.0,0.0,walk_delay_comp
1408,28.16,1.0,0.0,0.2753866910934448,0.6830244064331055,0.12627649307250977,-0.1311911642551422,0,2000,comp,4,80,42,1.0,0.0,walk_delay_comp
1409,28.18,1.0,0.0,0.27777373790740967,0.6639648079872131,0.09344843775033951,0.24731650948524475,0,2000,comp,4,80,42,1.0,0.0,walk_delay_comp
1410,28.2,1.0,0.0,0.2756204605102539,0.6692450642585754,0.06871342658996582,0.659993588924408,0,2000,comp,4,80,42,1.0,0.0,walk_delay_comp
1411,28.22,1.0,0.0,0.2711828947067261,0.6779375672340393,0.04430116340517998,0.6722985506057739,0,2000,comp,4,80,42,1.0,0.0,walk_delay_comp
1412,28.240000000000002,1.0,0.0,0.268532395362854,0.6823935508728027,0.013894918374717236,0.27709951996803284,0,2000,comp,4,80,42,1.0,0.0,walk_delay_comp
1413,28.26,1.0,0.0,0.27049314975738525,0.6726736426353455,-0.009905067272484303,-0.23162931203842163,0,2000,comp,4,80,42,1.0,0.0,walk_delay_comp
1414,28.28,1.0,0.0,0.27543437480926514,0.6656665802001953,-0.019452909007668495,-0.43311893939971924,0,2000,comp,4,80,42,1.0,0.0,walk_delay_comp
1415,28.3,1.0,0.0,0.28062307834625244,0.6597046852111816,-0.02393404394388199,-0.4024358093738556,0,2000,comp,4,80,42,1.0,0.0,walk_delay_comp
1416,28.32,1.0,0.0,0.28439581394195557,0.6664208769798279,-0.03240378573536873,-0.25739020109176636,0,2000,comp,4,80,42,1.0,0.0,walk_delay_comp
1417,28.34,1.0,0.0,0.2862420082092285,0.6875082850456238,-0.04537465050816536,-0.10548706352710724,0,2000,comp,4,80,42,1.0,0.0,walk_delay_comp
1418,28.36,1.0,0.0,0.2872377634048462,0.7148481607437134,-0.06465549021959305,-0.08884003758430481,0,2000,comp,4,80,42,1.0,0.0,walk_delay_comp
1419,28.38,1.0,0.0,0.28861796855926514,0.7518972754478455,-0.08714400231838226,-0.1671401560306549,0,2000,comp,4,80,42,1.0,0.0,walk_delay_comp
1420,28.400000000000002,1.0,0.0,0.29007089138031006,0.7839296460151672,-0.11348439007997513,-0.15454301238059998,0,2000,comp,4,80,42,1.0,0.0,walk_delay_comp
1421,28.42,1.0,0.0,0.2904735803604126,0.8240637183189392,-0.13439437747001648,-0.08088016510009766,0,2000,comp,4,80,42,1.0,0.0,walk_delay_comp
1422,28.44,1.0,0.0,0.289514422416687,0.8664029836654663,-0.1547582596540451,-0.009005535393953323,0,2000,comp,4,80,42,1.0,0.0,walk_delay_comp
1423,28.46,1.0,0.0,0.2874634265899658,0.9034321308135986,-0.1808580905199051,0.09490185976028442,0,2000,comp,4,80,42,1.0,0.0,walk_delay_comp
1424,28.48,1.0,0.0,0.28477180004119873,0.9338991641998291,-0.2130568027496338,0.16097524762153625,0,2000,comp,4,80,42,1.0,0.0,walk_delay_comp
1425,28.5,1.0,0.0,0.282354474067688,0.9553646445274353,-0.24863260984420776,0.1714138686656952,0,2000,comp,4,80,42,1.0,0.0,walk_delay_comp
1426,28.52,1.0,0.0,0.28045737743377686,0.9681543707847595,-0.2825363576412201,0.11114797741174698,0,2000,comp,4,80,42,1.0,0.0,walk_delay_comp
1427,28.54,1.0,0.0,0.2815483808517456,0.8527583479881287,-0.19720366597175598,0.18754206597805023,0,2000,comp,4,80,42,1.0,0.0,walk_delay_comp
1428,28.560000000000002,1.0,0.0,0.2761613130569458,0.7855290770530701,-0.13516198098659515,0.5818429589271545,0,2000,comp,4,80,42,1.0,0.0,walk_delay_comp
1429,28.580000000000002,1.0,0.0,0.2690392732620239,0.7382919192314148,-0.08924249559640884,0.40073785185813904,0,2000,comp,4,80,42,1.0,0.0,walk_delay_comp
1430,28.6,1.0,0.0,0.26495373249053955,0.7135974168777466,-0.06633320450782776,-0.04652842879295349,0,2000,comp,4,80,42,1.0,0.0,walk_delay_comp
1431,28.62,1.0,0.0,0.26652204990386963,0.7074549794197083,-0.050196874886751175,-0.6141459941864014,0,2000,comp,4,80,42,1.0,0.0,walk_delay_comp
1432,28.64,1.0,0.0,0.27172768115997314,0.7022191882133484,-0.028693675994873047,-0.743453860282898,0,2000,comp,4,80,42,1.0,0.0,walk_delay_comp
1433,28.66,1.0,0.0,0.27600419521331787,0.6869014501571655,0.006467392202466726,-0.47972947359085083,0,2000,comp,4,80,42,1.0,0.0,walk_delay_comp
1434,28.68,1.0,0.0,0.2766597270965576,0.67121821641922,0.032667890191078186,-0.023291075602173805,0,2000,comp,4,80,42,1.0,0.0,walk_delay_comp
1435,28.7,1.0,0.0,0.2730231285095215,0.6499514579772949,0.053622324019670486,0.3433372974395752,0,2000,comp,4,80,42,1.0,0.0,walk_delay_comp
1436,28.72,1.0,0.0,0.2680925130844116,0.6414709687232971,0.06710904836654663,0.3759288191795349,0,2000,comp,4,80,42,1.0,0.0,walk_delay_comp
1437,28.740000000000002,1.0,0.0,0.26281845569610596,0.6330390572547913,0.08096782118082047,0.4528597891330719,0,2000,comp,4,80,42,1.0,0.0,walk_delay_comp
1438,28.76,1.0,0.0,0.25758612155914307,0.6381838321685791,0.09295772761106491,0.44410625100135803,0,2000,comp,4,80,42,1.0,0.0,walk_delay_comp
1439,28.78,1.0,0.0,0.25245535373687744,0.6651424169540405,0.10386338084936142,0.4961354434490204,0,2000,comp,4,80,42,1.0,0.0,walk_delay_comp
1440,28.8,1.0,0.0,0.24803054332733154,0.682263970375061,0.12134096771478653,0.35806727409362793,0,2000,comp,4,80,42,1.0,0.0,walk_delay_comp
1441,28.82,1.0,0.0,0.24492990970611572,0.7079580426216125,0.13995227217674255,0.2838588356971741,0,2000,comp,4,80,42,1.0,0.0,walk_delay_comp
1442,28.84,1.0,0.0,0.24308764934539795,0.7411831021308899,0.15379592776298523,0.20695684850215912,0,2000,comp,4,80,42,1.0,0.0,walk_delay_comp
1443,28.86,1.0,0.0,0.24285733699798584,0.7741680145263672,0.16832096874713898,0.095285564661026,0,2000,comp,4,80,42,1.0,0.0,walk_delay_comp
1444,28.88,1.0,0.0,0.24389731884002686,0.8044430017471313,0.1906951367855072,0.05487177148461342,0,2000,comp,4,80,42,1.0,0.0,walk_delay_comp
1445,28.900000000000002,1.0,0.0,0.24467527866363525,0.8278404474258423,0.22003254294395447,0.13683642446994781,0,2000,comp,4,80,42,1.0,0.0,walk_delay_comp
1446,28.92,1.0,0.0,0.24336016178131104,0.8377896547317505,0.2541947364807129,0.26945775747299194,0,2000,comp,4,80,42,1.0,0.0,walk_delay_comp
1447,28.94,1.0,0.0,0.24019873142242432,0.8425508737564087,0.2836141288280487,0.3898274302482605,0,2000,comp,4,80,42,1.0,0.0,walk_delay_comp
1448,28.96,1.0,0.0,0.23638474941253662,0.8171847462654114,0.2991192638874054,0.5612215995788574,0,2000,comp,4,80,42,1.0,0.0,walk_delay_comp
1449,28.98,1.0,0.0,0.23392140865325928,0.757179856300354,0.21230973303318024,0.019291328266263008,0,2000,comp,4,80,42,1.0,0.0,walk_delay_comp
1450,29.0,1.0,0.0,0.2370131015777588,0.7055540084838867,0.15126900374889374,-0.2582629919052124,0,2000,comp,4,80,42,1.0,0.0,walk_delay_comp
1451,29.02,1.0,0.0,0.24160170555114746,0.6725412011146545,0.10868406295776367,-0.07270944118499756,0,2000,comp,4,80,42,1.0,0.0,walk_delay_comp
1452,29.04,1.0,0.0,0.2432262897491455,0.6633971929550171,0.08273721486330032,0.3450571596622467,0,2000,comp,4,80,42,1.0,0.0,walk_delay_comp
1453,29.060000000000002,1.0,0.0,0.2413933277130127,0.6685013771057129,0.05858796089887619,0.5359680652618408,0,2000,comp,4,80,42,1.0,0.0,walk_delay_comp
1454,29.080000000000002,1.0,0.0,0.23755395412445068,0.6829936504364014,0.0327056460082531,0.5788845419883728,0,2000,comp,4,80,42,1.0,0.0,walk_delay_comp
1455,29.1,1.0,0.0,0.2362428903579712,0.6822826266288757,0.004395204596221447,0.11454799026250839,0,2000,comp,4,80,42,1.0,0.0,walk_delay_comp
1456,29.12,1.0,0.0,0.2385118007659912,0.6730467677116394,-0.012526520527899265,-0.18122008442878723,0,2000,comp,4,80,42,1.0,0.0,walk_delay_comp
1457,29.14,1.0,0.0,0.24222612380981445,0.6622263193130493,-0.024115394800901413,-0.2834379971027374,0,2000,comp,4,80,42,1.0,0.0,walk_delay_comp
1458,29.16,1.0,0.0,0.24575316905975342,0.6654722690582275,-0.03223337605595589,-0.27493804693222046,0,2000,comp,4,80,42,1.0,0.0,walk_delay_comp
1459,29.18,1.0,0.0,0.24790537357330322,0.6889804601669312,-0.04237517714500427,-0.135413259267807,0,2000,comp,4,80,42,1.0,0.0,walk_delay_comp
1460,29.2,1.0,0.0,0.24933457374572754,0.7098291516304016,-0.0641268789768219,-0.0918249636888504,0,2000,comp,4,80,42,1.0,0.0,walk_delay_comp
1461,29.22,1.0,0.0,0.2502380609512329,0.7487456202507019,-0.07733636349439621,-0.12325449287891388,0,2000,comp,4,80,42,1.0,0.0,walk_delay_comp
1462,29.240000000000002,1.0,0.0,0.25214874744415283,0.7735587358474731,-0.10274489223957062,-0.24370281398296356,0,2000,comp,4,80,42,1.0,0.0,walk_delay_comp
1463,29.26,1.0,0.0,0.25421786308288574,0.8124673366546631,-0.12390384078025818,-0.26132869720458984,0,2000,comp,4,80,42,1.0,0.0,walk_delay_comp
1464,29.28,1.0,0.0,0.25572168827056885,0.8566645383834839,-0.1436488926410675,-0.2429034411907196,0,2000,comp,4,80,42,1.0,0.0,walk_delay_comp
1465,29.3,1.0,0.0,0.2559316158294678,0.8976835012435913,-0.16462954878807068,-0.11509479582309723,0,2000,comp,4,80,42,1.0,0.0,walk_delay_comp
1466,29.32,1.0,0.0,0.2547835111618042,0.9318336248397827,-0.19325578212738037,0.02876855805516243,0,2000,comp,4,80,42,1.0,0.0,walk_delay_comp
1467,29.34,1.0,0.0,0.25279533863067627,0.9570383429527283,-0.22722366452217102,0.1454945206642151,0,2000,comp,4,80,42,1.0,0.0,walk_delay_comp
1468,29.36,1.0,0.0,0.25065457820892334,0.9744902849197388,-0.2628485858440399,0.1766347438097,0,2000,comp,4,80,42,1.0,0.0,walk_delay_comp
1469,29.38,1.0,0.0,0.2510678768157959,0.8990245461463928,-0.22881020605564117,-0.15963368117809296,0,2000,comp,4,80,42,1.0,0.0,walk_delay_comp
1470,29.400000000000002,1.0,0.0,0.248590350151062,0.8250505328178406,-0.15561556816101074,0.4450242221355438,0,2000,comp,4,80,42,1.0,0.0,walk_delay_comp
1471,29.42,1.0,0.0,0.24195516109466553,0.7629289031028748,-0.09693316370248795,0.48749637603759766,0,2000,comp,4,80,42,1.0,0.0,walk_delay_comp
1472,29.44,1.0,0.0,0.2362600564956665,0.7238643169403076,-0.0654488280415535,0.18173179030418396,0,2000,comp,4,80,42,1.0,0.0,walk_delay_comp
1473,29.46,1.0,0.0,0.2350374460220337,0.7104820013046265,-0.04467150941491127,-0.36096686124801636,0,2000,comp,4,80,42,1.0,0.0,walk_delay_comp
1474,29.48,1.0,0.0,0.23866379261016846,0.704230010509491,-0.026858152821660042,-0.717282772064209,0,2000,comp,4,80,42,1.0,0.0,walk_delay_comp
1475,29.5,1.0,0.0,0.24404489994049072,0.6926470994949341,0.003511347807943821,-0.7132291793823242,0,2000,comp,4,80,42,1.0,0.0,walk_delay_comp
1476,29.52,1.0,0.0,0.24763286113739014,0.6806491017341614,0.033899374306201935,-0.3483010530471802,0,2000,comp,4,80,42,1.0,0.0,walk_delay_comp
1477,29.54,1.0,0.0,0.24690675735473633,0.6557793021202087,0.0629725381731987,0.07450411468744278,0,2000,comp,4,80,42,1.0,0.0,walk_delay_comp
1478,29.560000000000002,1.0,0.0,0.24373114109039307,0.6432703137397766,0.08074729144573212,0.24466979503631592,0,2000,comp,4,80,42,1.0,0.0,walk_delay_comp
1479,29.580000000000002,1.0,0.0,0.23884165287017822,0.6335238814353943,0.09503167122602463,0.4521855115890503,0,2000,comp,4,80,42,1.0,0.0,walk_delay_comp
1480,29.6,1.0,0.0,0.23341858386993408,0.6334128975868225,0.10637513548135757,0.45294812321662903,0,2000,comp,4,80,42,1.0,0.0,walk_delay_comp
1481,29.62,1.0,0.0,0.2283092737197876,0.6524885296821594,0.11913741379976273,0.4765240550041199,0,2000,comp,4,80,42,1.0,0.0,walk_delay_comp
1482,29.64,1.0,0.0,0.2232590913772583,0.6683993339538574,0.13871827721595764,0.44723832607269287,0,2000,comp,4,80,42,1.0,0.0,walk_delay_comp
1483,29.66,1.0,0.0,0.2191561460494995,0.6937421560287476,0.15672434866428375,0.3584287166595459,0,2000,comp,4,80,42,1.0,0.0,walk_delay_comp
1484,29.68,1.0,0.0,0.2165367603302002,0.7268154621124268,0.16983292996883392,0.2488851100206375,0,2000,comp,4,80,42,1.0,0.0,walk_delay_comp
1485,29.7,1.0,0.0,0.21581590175628662,0.7567586302757263,0.18603357672691345,0.09954126924276352,0,2000,comp,4,80,42,1.0,0.0,walk_delay_comp
1486,29.72,1.0,0.0,0.21660685539245605,0.7902511954307556,0.20690777897834778,0.059742607176303864,0,2000,comp,4,80,42,1.0,0.0,walk_delay_comp
1487,29.740000000000002,1.0,0.0,0.21819186210632324,0.8143242001533508,0.23442788422107697,0.02462189644575119,0,2000,comp,4,80,42,1.0,0.0,walk_delay_comp
1488,29.76,1.0,0.0,0.2186218500137329,0.8275937438011169,0.2702395021915436,0.13938894867897034,0,2000,comp,4,80,42,1.0,0.0,walk_delay_comp
1489,29.78,1.0,0.0,0.21654367446899414,0.8337494134902954,0.30633509159088135,0.2998436689376831,0,2000,comp,4,80,42,1.0,0.0,walk_delay_comp
1490,29.8,1.0,0.0,0.21296727657318115,0.840846598148346,0.3253674805164337,0.34528374671936035,0,2000,comp,4,80,42,1.0,0.0,walk_delay_comp
1491,29.82,1.0,0.0,0.20910418033599854,0.7689405083656311,0.26360589265823364,0.23703627288341522,0,2000,comp,4,80,42,1.0,0.0,walk_delay_comp
1492,29.84,1.0,0.0,0.21039557456970215,0.7189147472381592,0.19688595831394196,-0.18766966462135315,0,2000,comp,4,80,42,1.0,0.0,walk_delay_comp
1493,29.86,1.0,0.0,0.21443700790405273,0.6812846660614014,0.14428271353244781,-0.1422482132911682,0,2000,comp,4,80,42,1.0,0.0,walk_delay_comp
1494,29.88,1.0,0.0,0.21687233448028564,0.664755642414093,0.11240874230861664,0.21728411316871643,0,2000,comp,4,80,42,1.0,0.0,walk_delay_comp
1495,29.900000000000002,1.0,0.0,0.21495115756988525,0.6702435612678528,0.08810834586620331,0.624167263507843,0,2000,comp,4,80,42,1.0,0.0,walk_delay_comp
1496,29.92,1.0,0.0,0.21105432510375977,0.6785483956336975,0.06318993866443634,0.6041898727416992,0,2000,comp,4,80,42,1.0,0.0,walk_delay_comp
1497,29.94,1.0,0.0,0.209081768989563,0.6831431984901428,0.031929660588502884,0.20800089836120605,0,2000,comp,4,80,42,1.0,0.0,walk_delay_comp
1498,29.96,1.0,0.0,0.21154344081878662,0.6738227009773254,0.007503823842853308,-0.27367767691612244,0,2000,comp,4,80,42,1.0,0.0,walk_delay_comp
1499,29.98,1.0,0.0,0.9266573190689087,0.6682610511779785,-0.002253642538562417,-0.4595407247543335,0,2000,comp,4,80,42,1.0,0.0,walk_delay_comp
1500,30.0,1.0,0.0,0.9320789575576782,0.663096010684967,-0.007440892979502678,-0.4305567741394043,0,2000,comp,4,80,42,1.0,0.0,walk_delay_comp
1501,30.02,1.0,0.0,0.9362021684646606,0.6705962419509888,-0.016151854768395424,-0.29956603050231934,0,2000,comp,4,80,42,1.0,0.0,walk_delay_comp
1502,30.04,1.0,0.0,0.9385889768600464,0.6909330487251282,-0.029424190521240234,-0.159823477268219,0,2000,comp,4,80,42,1.0,0.0,walk_delay_comp
1503,30.060000000000002,1.0,0.0,0.9401742219924927,0.7182559370994568,-0.04761284589767456,-0.14083623886108398,0,2000,comp,4,80,42,1.0,0.0,walk_delay_comp
1504,30.080000000000002,1.0,0.0,0.942489504814148,0.7552739381790161,-0.06890937685966492,-0.26378995180130005,0,2000,comp,4,80,42,1.0,0.0,walk_delay_comp
1505,30.1,1.0,0.0,0.9447659254074097,0.7868586778640747,-0.09211649000644684,-0.2102319747209549,0,2000,comp,4,80,42,1.0,0.0,walk_delay_comp
1506,30.12,1.0,0.0,0.9452708959579468,0.8250743746757507,-0.11161062866449356,-0.04856790974736214,0,2000,comp,4,80,42,1.0,0.0,walk_delay_comp
1507,30.14,1.0,0.0,0.9432922601699829,0.8660507798194885,-0.13246941566467285,0.1451309472322464,0,2000,comp,4,80,42,1.0,0.0,walk_delay_comp
1508,30.16,1.0,0.0,0.9389733076095581,0.9022283554077148,-0.16133640706539154,0.3738216161727905,0,2000,comp,4,80,42,1.0,0.0,walk_delay_comp
1509,30.18,1.0,0.0,0.9329005479812622,0.9317159056663513,-0.1987387239933014,0.5624411702156067,0,2000,comp,4,80,42,1.0,0.0,walk_delay_comp
1510,30.2,1.0,0.0,0.9255896806716919,0.9525604248046875,-0.24099871516227722,0.7163296937942505,0,2000,comp,4,80,42,1.0,0.0,walk_delay_comp
1511,30.22,1.0,0.0,0.9179478883743286,0.965339720249176,-0.2856621742248535,0.6783026456832886,0,2000,comp,4,80,42,1.0,0.0,walk_delay_comp
1512,30.240000000000002,1.0,0.0,0.9140831232070923,0.8519594073295593,-0.20637911558151245,0.5845075845718384,0,2000,comp,4,80,42,1.0,0.0,walk_delay_comp
1513,30.26,1.0,0.0,0.9051758050918579,0.7851865887641907,-0.14888575673103333,0.8574710488319397,0,2000,comp,4,80,42,1.0,0.0,walk_delay_comp
1514,30.28,1.0,0.0,0.8954936265945435,0.7371494770050049,-0.10715845227241516,0.6238706707954407,0,2000,comp,4,80,42,1.0,0.0,walk_delay_comp
1515,30.3,1.0,0.0,0.8899880647659302,0.7151702642440796,-0.07963529229164124,0.06252962350845337,0,2000,comp,4,80,42,1.0,0.0,walk_delay_comp
1516,30.32,1.0,0.0,0.8906747102737427,0.7121527194976807,-0.062260981649160385,-0.5241837501525879,0,2000,comp,4,80,42,1.0,0.0,walk_delay_comp
1517,30.34,1.0,0.0,0.8955978155136108,0.7060999870300293,-0.039787739515304565,-0.7203470468521118,0,2000,comp,4,80,42,1.0,0.0,walk_delay_comp
1518,30.36,1.0,0.0,0.8999472856521606,0.6910374164581299,-0.006458962336182594,-0.45697644352912903,0,2000,comp,4,80,42,1.0,0.0,walk_delay_comp
1519,30.38,1.0,0.0,0.9005223512649536,0.6756587028503418,0.01957133412361145,0.00012587476521730423,0,2000,comp,4,80,42,1.0,0.0,walk_delay_comp
1520,30.400000000000002,1.0,0.0,0.8969184160232544,0.6586329936981201,0.03831784054636955,0.365898460149765,0,2000,comp,4,80,42,1.0,0.0,walk_delay_comp
1521,30.42,1.0,0.0,0.8914593458175659,0.652306318283081,0.049985963851213455,0.48744064569473267,0,2000,comp,4,80,42,1.0,0.0,walk_delay_comp
1522,30.44,1.0,0.0,0.8851257562637329,0.6497282385826111,0.060671523213386536,0.596563458442688,0,2000,comp,4,80,42,1.0,0.0,walk_delay_comp
1523,30.46,1.0,0.0,0.8783129453659058,0.6593462824821472,0.07107793539762497,0.6373723745346069,0,2000,comp,4,80,42,1.0,0.0,walk_delay_comp
1524,30.48,1.0,0.0,0.8714312314987183,0.6826686859130859,0.08240968734025955,0.6667267084121704,0,2000,comp,4,80,42,1.0,0.0,walk_delay_comp
1525,30.5,1.0,0.0,0.8651307821273804,0.7012708187103271,0.09859642386436462,0.5637910962104797,0,2000,comp,4,80,42,1.0,0.0,walk_delay_comp
1526,30.52,1.0,0.0,0.8599008321762085,0.7300102710723877,0.11343228816986084,0.502110481262207,0,2000,comp,4,80,42,1.0,0.0,walk_delay_comp
1527,30.54,1.0,0.0,0.8559690713882446,0.7625492811203003,0.12488825619220734,0.40663301944732666,0,2000,comp,4,80,42,1.0,0.0,walk_delay_comp
1528,30.560000000000002,1.0,0.0,0.8532370328903198,0.7967031002044678,0.13742077350616455,0.36746129393577576,0,2000,comp,4,80,42,1.0,0.0,walk_delay_comp
1529,30.580000000000002,1.0,0.0,0.850702166557312,0.8298847079277039,0.15475806593894958,0.44531548023223877,0,2000,comp,4,80,42,1.0,0.0,walk_delay_comp
1530,30.6,1.0,0.0,0.8468924760818481,0.8517535328865051,0.17714226245880127,0.5909098386764526,0,2000,comp,4,80,42,1.0,0.0,walk_delay_comp
1531,30.62,1.0,0.0,0.8405205011367798,0.8601247668266296,0.2011035829782486,0.7349677085876465,0,2000,comp,4,80,42,1.0,0.0,walk_delay_comp
1532,30.64,1.0,0.0,0.8334029912948608,0.8600302338600159,0.20825040340423584,0.5843380689620972,0,2000,comp,4,80,42,1.0,0.0,walk_delay_comp
1533,30.66,1.0,0.0,0.8286052942276001,0.8154765963554382,0.1745239943265915,0.4231875240802765,0,2000,comp,4,80,42,1.0,0.0,walk_delay_comp
1534,30.68,1.0,0.0,0.8273826837539673,0.7607000470161438,0.11515625566244125,-0.04956725239753723,0,2000,comp,4,80,42,1.0,0.0,walk_delay_comp
1535,30.7,1.0,0.0,0.8299280405044556,0.717900812625885,0.0652007982134819,-0.07227316498756409,0,2000,comp,4,80,42,1.0,0.0,walk_delay_comp
1536,30.72,1.0,0.0,0.8324688673019409,0.6937119960784912,0.03099515102803707,0.24123063683509827,0,2000,comp,4,80,42,1.0,0.0,walk_delay_comp
1537,30.740000000000002,1.0,0.0,0.8306061029434204,0.6931602954864502,0.004209894686937332,0.7522470951080322,0,2000,comp,4,80,42,1.0,0.0,walk_delay_comp
1538,30.76,1.0,0.0,0.824773907661438,0.7027109861373901,-0.020009875297546387,0.9037913680076599,0,2000,comp,4,80,42,1.0,0.0,walk_delay_comp
1539,30.78,1.0,0.0,0.8182352781295776,0.706841230392456,-0.04642832651734352,0.7954586744308472,0,2000,comp,4,80,42,1.0,0.0,walk_delay_comp
1540,30.8,1.0,0.0,0.8146697282791138,0.6916971206665039,-0.07175793498754501,0.36007368564605713,0,2000,comp,4,80,42,1.0,0.0,walk_delay_comp
1541,30.82,1.0,0.0,0.8144522905349731,0.6838274002075195,-0.08424002677202225,0.0448271743953228,0,2000,comp,4,80,42,1.0,0.0,walk_delay_comp
1542,30.84,1.0,0.0,0.8161059617996216,0.6741008758544922,-0.09044095128774643,-0.10655485093593597,0,2000,comp,4,80,42,1.0,0.0,walk_delay_comp
1543,30.86,1.0,0.0,0.8176556825637817,0.680184543132782,-0.0980965718626976,-0.05296876281499863,0,2000,comp,4,80,42,1.0,0.0,walk_delay_comp
1544,30.88,1.0,0.0,0.817696213722229,0.6978223323822021,-0.1088351383805275,0.06569579988718033,0,2000,comp,4,80,42,1.0,0.0,walk_delay_comp
1545,30.900000000000002,1.0,0.0,0.816926121711731,0.7252193093299866,-0.12719577550888062,0.09831447154283524,0,2000,comp,4,80,42,1.0,0.0,walk_delay_comp
1546,30.92,1.0,0.0,0.8162902593612671,0.7669859528541565,-0.1510089933872223,0.031586091965436935,0,2000,comp,4,80,42,1.0,0.0,walk_delay_comp
1547,30.94,1.0,0.0,0.8160167932510376,0.8033224940299988,-0.18447273969650269,0.0021340004168450832,0,2000,comp,4,80,42,1.0,0.0,walk_delay_comp
1548,30.96,1.0,0.0,0.8153685331344604,0.8470049500465393,-0.21369287371635437,0.006870431825518608,0,2000,comp,4,80,42,1.0,0.0,walk_delay_comp
1549,30.98,1.0,0.0,0.8138595819473267,0.892527163028717,-0.2418983280658722,0.05721361190080643,0,2000,comp,4,80,42,1.0,0.0,walk_delay_comp
1550,31.0,1.0,0.0,0.810855507850647,0.9340159893035889,-0.27267083525657654,0.21450266242027283,0,2000,comp,4,80,42,1.0,0.0,walk_delay_comp
1551,31.02,1.0,0.0,0.8063348531723022,0.9700990319252014,-0.3131069242954254,0.38483771681785583,0,2000,comp,4,80,42,1.0,0.0,walk_delay_comp
1552,31.04,1.0,0.0,0.8006747961044312,0.9953009486198425,-0.3600815534591675,0.5137171149253845,0,2000,comp,4,80,42,1.0,0.0,walk_delay_comp
1553,31.060000000000002,1.0,0.0,0.7952109575271606,1.0103751420974731,-0.4082651734352112,0.418464332818985,0,2000,comp,4,80,42,1.0,0.0,walk_delay_comp
1554,31.080000000000002,1.0,0.0,0.794589638710022,0.8905944228172302,-0.30887508392333984,0.28415733575820923,0,2000,comp,4,80,42,1.0,0.0,walk_delay_comp
1555,31.1,1.0,0.0,0.7874795198440552,0.8153332471847534,-0.23233185708522797,0.7954456806182861,0,2000,comp,4,80,42,1.0,0.0,walk_delay_comp
1556,31.12,1.0,0.0,0.7778898477554321,0.755068838596344,-0.1822381615638733,0.6697271466255188,0,2000,comp,4,80,42,1.0,0.0,walk_delay_comp
1557,31.14,1.0,0.0,0.7715979814529419,0.7211467623710632,-0.14803464710712433,0.16611456871032715,0,2000,comp,4,80,42,1.0,0.0,walk_delay_comp
1558,31.16,1.0,0.0,0.7707890272140503,0.706011950969696,-0.125288188457489,-0.37191081047058105,0,2000,comp,4,80,42,1.0,0.0,walk_delay_comp
1559,31.18,1.0,0.0,0.7741447687149048,0.695598304271698,-0.10046247392892838,-0.5978200435638428,0,2000,comp,4,80,42,1.0,0.0,walk_delay_comp
1560,31.2,1.0,0.0,0.7775121927261353,0.6816648840904236,-0.06487228721380234,-0.41184931993484497,0,2000,comp,4,80,42,1.0,0.0,walk_delay_comp
1561,31.220000000000002,1.0,0.0,0.7777739763259888,0.6665132641792297,-0.0322866253554821,-0.020433958619832993,0,2000,comp,4,80,42,1.0,0.0,walk_delay_comp
1562,31.240000000000002,1.0,0.0,0.7747248411178589,0.6495292782783508,-0.008812109008431435,0.25579020380973816,0,2000,comp,4,80,42,1.0,0.0,walk_delay_comp
1563,31.26,1.0,0.0,0.769745945930481,0.6398659944534302,0.007207399699836969,0.4360106885433197,0,2000,comp,4,80,42,1.0,0.0,walk_delay_comp
1564,31.28,1.0,0.0,0.76356041431427,0.633737325668335,0.020827630534768105,0.5661107897758484,0,2000,comp,4,80,42,1.0,0.0,walk_delay_comp
1565,31.3,1.0,0.0,0.7573143243789673,0.6389690041542053,0.031188281252980232,0.5604208707809448,0,2000,comp,4,80,42,1.0,0.0,walk_delay_comp
1566,31.32,1.0,0.0,0.7511638402938843,0.6531040668487549,0.04718012362718582,0.5825005769729614,0,2000,comp,4,80,42,1.0,0.0,walk_delay_comp
1567,31.34,1.0,0.0,0.7449344396591187,0.6662139296531677,0.06498686224222183,0.578972578048706,0,2000,comp,4,80,42,1.0,0.0,walk_delay_comp
1568,31.36,1.0,0.0,0.7395282983779907,0.6910558938980103,0.07832960784435272,0.5026534199714661,0,2000,comp,4,80,42,1.0,0.0,walk_delay_comp
1569,31.38,1.0,0.0,0.7353130578994751,0.7205935716629028,0.08968862891197205,0.4283244013786316,0,2000,comp,4,80,42,1.0,0.0,walk_delay_comp
1570,31.400000000000002,1.0,0.0,0.7321573495864868,0.7505682110786438,0.10284848511219025,0.37135767936706543,0,2000,comp,4,80,42,1.0,0.0,walk_delay_comp
1571,31.42,1.0,0.0,0.7297765016555786,0.7851112484931946,0.11812572181224823,0.3945223093032837,0,2000,comp,4,80,42,1.0,0.0,walk_delay_comp
1572,31.44,1.0,0.0,0.7268556356430054,0.8128309845924377,0.13885128498077393,0.5133739113807678,0,2000,comp,4,80,42,1.0,0.0,walk_delay_comp
1573,31.46,1.0,0.0,0.7220126390457153,0.8266521096229553,0.16385740041732788,0.6588590741157532,0,2000,comp,4,80,42,1.0,0.0,walk_delay_comp
1574,31.48,1.0,0.0,0.7151502370834351,0.8278843760490417,0.1864839345216751,0.7556219696998596,0,2000,comp,4,80,42,1.0,0.0,walk_delay_comp
1575,31.5,1.0,0.0,0.708896279335022,0.8321656584739685,0.19142654538154602,0.44585204124450684,0,2000,comp,4,80,42,1.0,0.0,walk_delay_comp
1576,31.52,1.0,0.0,0.7042664289474487,0.764590859413147,0.13642928004264832,0.27369052171707153,0,2000,comp,4,80,42,1.0,0.0,walk_delay_comp
1577,31.54,1.0,0.0,0.7045809030532837,0.7195989489555359,0.08102303743362427,-0.07276397198438644,0,2000,comp,4,80,42,1.0,0.0,walk_delay_comp
1578,31.560000000000002,1.0,0.0,0.7071331739425659,0.6864556670188904,0.038614656776189804,0.05701012164354324,0,2000,comp,4,80,42,1.0,0.0,walk_delay_comp
1579,31.580000000000002,1.0,0.0,0.7085036039352417,0.6688293814659119,0.011721699498593807,0.39012035727500916,0,2000,comp,4,80,42,1.0,0.0,walk_delay_comp
1580,31.6,1.0,0.0,0.7058638334274292,0.6757925748825073,-0.010690582916140556,0.7360835075378418,0,2000,comp,4,80,42,1.0,0.0,walk_delay_comp
1581,31.62,1.0,0.0,0.7009099721908569,0.6840097904205322,-0.035051506012678146,0.7255849838256836,0,2000,comp,4,80,42,1.0,0.0,walk_delay_comp
1582,31.64,1.0,0.0,0.6973344087600708,0.6805558800697327,-0.061325736343860626,0.4230480492115021,0,2000,comp,4,80,42,1.0,0.0,walk_delay_comp
1583,31.66,1.0,0.0,0.6968871355056763,0.6748694777488708,-0.07831952720880508,0.06467223912477493,0,2000,comp,4,80,42,1.0,0.0,walk_delay_comp
1584,31.68,1.0,0.0,0.6988445520401001,0.6684905886650085,-0.08601294457912445,-0.14289696514606476,0,2000,comp,4,80,42,1.0,0.0,walk_delay_comp
1585,31.7,1.0,0.0,0.7012101411819458,0.6678338646888733,-0.08771149814128876,-0.1448693722486496,0,2000,comp,4,80,42,1.0,0.0,walk_delay_comp
1586,31.720000000000002,1.0,0.0,0.702666163444519,0.6793141961097717,-0.09574698656797409,-0.0678975060582161,0,2000,comp,4,80,42,1.0,0.0,walk_delay_comp
1587,31.740000000000002,1.0,0.0,0.7024518251419067,0.6902151107788086,-0.111765556037426,0.10355782508850098,0,2000,comp,4,80,42,1.0,0.0,walk_delay_comp
1588,31.76,1.0,0.0,0.7017747163772583,0.7235181927680969,-0.13277551531791687,0.051353514194488525,0,2000,comp,4,80,42,1.0,0.0,walk_delay_comp
1589,31.78,1.0,0.0,0.7018996477127075,0.7635251879692078,-0.1558798849582672,-0.0705559253692627,0,2000,comp,4,80,42,1.0,0.0,walk_delay_comp
1590,31.8,1.0,0.0,0.7023969888687134,0.8053544163703918,-0.1839829683303833,-0.07656558603048325,0,2000,comp,4,80,42,1.0,0.0,walk_delay_comp
1591,31.82,1.0,0.0,0.7020589113235474,0.8501878380775452,-0.2120731621980667,-0.008446047082543373,0,2000,comp,4,80,42,1.0,0.0,walk_delay_comp
1592,31.84,1.0,0.0,0.69926917552948,0.8939582705497742,-0.2342856377363205,0.2091284990310669,0,2000,comp,4,80,42,1.0,0.0,walk_delay_comp
1593,31.86,1.0,0.0,0.694806694984436,0.9285141825675964,-0.2692907452583313,0.36212414503097534,0,2000,comp,4,80,42,1.0,0.0,walk_delay_comp
1594,31.88,1.0,0.0,0.6892074346542358,0.9619188904762268,-0.312063068151474,0.4869561493396759,0,2000,comp,4,80,42,1.0,0.0,walk_delay_comp
1595,31.900000000000002,1.0,0.0,0.6832586526870728,0.9862682819366455,-0.3591601550579071,0.5186592936515808,0,2000,comp,4,80,42,1.0,0.0,walk_delay_comp
1596,31.92,1.0,0.0,0.6795083284378052,0.9247289299964905,-0.35924243927001953,-0.32508569955825806,0,2000,comp,4,80,42,1.0,0.0,walk_delay_comp
1597,31.94,1.0,0.0,0.6768215894699097,0.8480569124221802,-0.2629164755344391,0.653774619102478,0,2000,comp,4,80,42,1.0,0.0,walk_delay_comp
1598,31.96,1.0,0.0,0.6673492193222046,0.7771418690681458,-0.19942058622837067,0.8789128065109253,0,2000,comp,4,80,42,1.0,0.0,walk_delay_comp
1599,31.98,1.0,0.0,0.6580435037612915,0.7271643280982971,-0.15807822346687317,0.5448652505874634,0,2000,comp,4,80,42,1.0,0.0,walk_delay_comp
1600,32.0,1.0,0.0,0.6538373231887817,0.703711211681366,-0.13137955963611603,-0.08801160752773285,0,2000,comp,4,80,42,1.0,0.0,walk_delay_comp
1601,32.02,1.0,0.0,0.6543926000595093,0.6868628263473511,-0.11087092757225037,-0.4209696650505066,0,2000,comp,4,80,42,1.0,0.0,walk_delay_comp
1602,32.04,1.0,0.0,0.6590038537979126,0.6787723898887634,-0.08376677334308624,-0.735451340675354,0,2000,comp,4,80,42,1.0,0.0,walk_delay_comp
1603,32.06,1.0,0.0,0.6626936197280884,0.6645807027816772,-0.04652770608663559,-0.334151029586792,0,2000,comp,4,80,42,1.0,0.0,walk_delay_comp
1604,32.08,1.0,0.0,0.6621063947677612,0.6416081190109253,-0.015297532081604004,0.04752373695373535,0,2000,comp,4,80,42,1.0,0.0,walk_delay_comp
1605,32.1,1.0,0.0,0.658753514289856,0.6302486658096313,0.002190343802794814,0.3016616106033325,0,2000,comp,4,80,42,1.0,0.0,walk_delay_comp
1606,32.12,1.0,0.0,0.6529546976089478,0.6188567280769348,0.01739986054599285,0.5553587675094604,0,2000,comp,4,80,42,1.0,0.0,walk_delay_comp
1607,32.14,1.0,0.0,0.6464322805404663,0.6106924414634705,0.030795924365520477,0.5584239959716797,0,2000,comp,4,80,42,1.0,0.0,walk_delay_comp
1608,32.160000000000004,1.0,0.0,0.6407276391983032,0.6251615285873413,0.040670108050107956,0.5254899263381958,0,2000,comp,4,80,42,1.0,0.0,walk_delay_comp
1609,32.18,1.0,0.0,0.6351908445358276,0.6318032741546631,0.058900464326143265,0.5007822513580322,0,2000,comp,4,80,42,1.0,0.0,walk_delay_comp
1610,32.2,1.0,0.0,0.6298109292984009,0.6518928408622742,0.07907959818840027,0.5056124329566956,0,2000,comp,4,80,42,1.0,0.0,walk_delay_comp
1611,32.22,1.0,0.0,0.6256829500198364,0.6788433194160461,0.08905347436666489,0.38764262199401855,0,2000,comp,4,80,42,1.0,0.0,walk_delay_comp
1612,32.24,1.0,0.0,0.6225830316543579,0.7084193825721741,0.10438432544469833,0.35402989387512207,0,2000,comp,4,80,42,1.0,0.0,walk_delay_comp
1613,32.26,1.0,0.0,0.6204310655593872,0.7382673025131226,0.11958836019039154,0.31212103366851807,0,2000,comp,4,80,42,1.0,0.0,walk_delay_comp
1614,32.28,1.0,0.0,0.6188839673995972,0.7678646445274353,0.13851118087768555,0.34520411491394043,0,2000,comp,4,80,42,1.0,0.0,walk_delay_comp
1615,32.3,1.0,0.0,0.6162077188491821,0.7870561480522156,0.16486454010009766,0.4946938753128052,0,2000,comp,4,80,42,1.0,0.0,walk_delay_comp
1616,32.32,1.0,0.0,0.6110678911209106,0.7940312623977661,0.19154463708400726,0.6333836317062378,0,2000,comp,4,80,42,1.0,0.0,walk_delay_comp
1617,32.34,1.0,0.0,0.6046851873397827,0.7967959046363831,0.2118729203939438,0.6378724575042725,0,2000,comp,4,80,42,1.0,0.0,walk_delay_comp
1618,32.36,1.0,0.0,0.5998162031173706,0.7693148255348206,0.22526545822620392,0.5360488891601562,0,2000,comp,4,80,42,1.0,0.0,walk_delay_comp
1619,32.38,1.0,0.0,0.5972555875778198,0.7221631407737732,0.1440228521823883,0.0396757498383522,0,2000,comp,4,80,42,1.0,0.0,walk_delay_comp
1620,32.4,1.0,0.0,0.5992645025253296,0.6851646304130554,0.09225878864526749,-0.11235444992780685,0,2000,comp,4,80,42,1.0,0.0,walk_delay_comp
1621,32.42,1.0,0.0,0.6023122072219849,0.6595127582550049,0.057891760021448135,0.12012763321399689,0,2000,comp,4,80,42,1.0,0.0,walk_delay_comp
1622,32.44,1.0,0.0,0.6018143892288208,0.6520445942878723,0.032170068472623825,0.5985451340675354,0,2000,comp,4,80,42,1.0,0.0,walk_delay_comp
1623,32.46,1.0,0.0,0.5975736379623413,0.6569048762321472,0.005657662637531757,0.7878312468528748,0,2000,comp,4,80,42,1.0,0.0,walk_delay_comp
1624,32.480000000000004,1.0,0.0,0.5915542840957642,0.6671886444091797,-0.019803272560238838,0.7942781448364258,0,2000,comp,4,80,42,1.0,0.0,walk_delay_comp
1625,32.5,1.0,0.0,0.5882276296615601,0.6660064458847046,-0.04413681849837303,0.3081238865852356,0,2000,comp,4,80,42,1.0,0.0,walk_delay_comp
1626,32.52,1.0,0.0,0.5887249708175659,0.6544793248176575,-0.057398777455091476,-0.01621265523135662,0,2000,comp,4,80,42,1.0,0.0,walk_delay_comp
1627,32.54,1.0,0.0,0.5909515619277954,0.6442490220069885,-0.06620999425649643,-0.14590609073638916,0,2000,comp,4,80,42,1.0,0.0,walk_delay_comp
1628,32.56,1.0,0.0,0.5932070016860962,0.6467621922492981,-0.07104340940713882,-0.15669137239456177,0,2000,comp,4,80,42,1.0,0.0,walk_delay_comp
1629,32.58,1.0,0.0,0.594147801399231,0.6696112751960754,-0.08009573817253113,-0.015040459111332893,0,2000,comp,4,80,42,1.0,0.0,walk_delay_comp
1630,32.6,1.0,0.0,0.5943931341171265,0.6926895380020142,-0.10097219049930573,0.01974073424935341,0,2000,comp,4,80,42,1.0,0.0,walk_delay_comp
1631,32.62,1.0,0.0,0.5939291715621948,0.7326963543891907,-0.11443853378295898,0.01507068146020174,0,2000,comp,4,80,42,1.0,0.0,walk_delay_comp
1632,32.64,1.0,0.0,0.5943590402603149,0.758595883846283,-0.1422930210828781,-0.09632885456085205,0,2000,comp,4,80,42,1.0,0.0,walk_delay_comp
1633,32.660000000000004,1.0,0.0,0.5948666334152222,0.8004423379898071,-0.16802994906902313,-0.10059457272291183,0,2000,comp,4,80,42,1.0,0.0,walk_delay_comp
1634,32.68,1.0,0.0,0.5947638750076294,0.8477663397789001,-0.19322513043880463,-0.0781768411397934,0,2000,comp,4,80,42,1.0,0.0,walk_delay_comp
1635,32.7,1.0,0.0,0.5933572053909302,0.8918901681900024,-0.21856139600276947,0.04576265066862106,0,2000,comp,4,80,42,1.0,0.0,walk_delay_comp
1636,32.72,1.0,0.0,0.590391993522644,0.9281846880912781,-0.2515726387500763,0.2269168496131897,0,2000,comp,4,80,42,1.0,0.0,walk_delay_comp
1637,32.74,1.0,0.0,0.5860773324966431,0.9556683301925659,-0.2913002371788025,0.3838478922843933,0,2000,comp,4,80,42,1.0,0.0,walk_delay_comp
1638,32.76,1.0,0.0,0.581243634223938,0.9744151830673218,-0.33363667130470276,0.42060142755508423,0,2000,comp,4,80,42,1.0,0.0,walk_delay_comp
1639,32.78,1.0,0.0,0.5796960592269897,0.885765016078949,-0.293517142534256,0.033835217356681824,0,2000,comp,4,80,42,1.0,0.0,walk_delay_comp
1640,32.8,1.0,0.0,0.57463538646698,0.8182790279388428,-0.2114042490720749,0.6932558417320251,0,2000,comp,4,80,42,1.0,0.0,walk_delay_comp
1641,32.82,1.0,0.0,0.5656071901321411,0.7556726932525635,-0.1594596952199936,0.7016602754592896,0,2000,comp,4,80,42,1.0,0.0,walk_delay_comp
1642,32.84,1.0,0.0,0.5582586526870728,0.7177114486694336,-0.12164317071437836,0.3074434995651245,0,2000,comp,4,80,42,1.0,0.0,walk_delay_comp
1643,32.86,1.0,0.0,0.5559407472610474,0.7023197412490845,-0.0989847257733345,-0.27003633975982666,0,2000,comp,4,80,42,1.0,0.0,walk_delay_comp
1644,32.88,1.0,0.0,0.5582128763198853,0.6928920149803162,-0.07988715171813965,-0.537791907787323,0,2000,comp,4,80,42,1.0,0.0,walk_delay_comp
1645,32.9,1.0,0.0,0.561630368232727,0.6807583570480347,-0.04290995001792908,-0.4843291640281677,0,2000,comp,4,80,42,1.0,0.0,walk_delay_comp
1646,32.92,1.0,0.0,0.5633531808853149,0.6697348952293396,-0.011953829787671566,-0.19513937830924988,0,2000,comp,4,80,42,1.0,0.0,walk_delay_comp
1647,32.94,1.0,0.0,0.5618191957473755,0.6458260416984558,0.015656637027859688,0.1068592295050621,0,2000,comp,4,80,42,1.0,0.0,walk_delay_comp
1648,32.96,1.0,0.0,0.5586708784103394,0.63527911901474,0.03325101360678673,0.23871564865112305,0,2000,comp,4,80,42,1.0,0.0,walk_delay_comp
1649,32.980000000000004,1.0,0.0,0.5538755655288696,0.6287518739700317,0.04953516647219658,0.4504373073577881,0,2000,comp,4,80,42,1.0,0.0,walk_delay_comp
1650,33.0,1.0,0.0,0.5485254526138306,0.6276963949203491,0.062416739761829376,0.4481140673160553,0,2000,comp,4,80,42,1.0,0.0,walk_delay_comp
1651,33.02,1.0,0.0,0.5434547662734985,0.6457927823066711,0.07574386149644852,0.49554574489593506,0,2000,comp,4,80,42,1.0,0.0,walk_delay_comp
1652,33.04,1.0,0.0,0.537906289100647,0.6646038293838501,0.09323158860206604,0.5375292301177979,0,2000,comp,4,80,42,1.0,0.0,walk_delay_comp
1653,33.06,1.0,0.0,0.5331228971481323,0.6883882284164429,0.10927656292915344,0.41952741146087646,0,2000,comp,4,80,42,1.0,0.0,walk_delay_comp
1654,33.08,1.0,0.0,0.5296822786331177,0.7212359309196472,0.12369401007890701,0.3557191789150238,0,2000,comp,4,80,42,1.0,0.0,walk_delay_comp
1655,33.1,1.0,0.0,0.5274163484573364,0.7538452744483948,0.1381566822528839,0.2835392355918884,0,2000,comp,4,80,42,1.0,0.0,walk_delay_comp
1656,33.12,1.0,0.0,0.5263644456863403,0.7868897318840027,0.15606030821800232,0.23525024950504303,0,2000,comp,4,80,42,1.0,0.0,walk_delay_comp
1657,33.14,1.0,0.0,0.5254441499710083,0.8150269985198975,0.18073125183582306,0.3062019646167755,0,2000,comp,4,80,42,1.0,0.0,walk_delay_comp
1658,33.160000000000004,1.0,0.0,0.5227519273757935,0.8295748233795166,0.21141831576824188,0.4474802613258362,0,2000,comp,4,80,42,1.0,0.0,walk_delay_comp
1659,33.18,1.0,0.0,0.5176876783370972,0.8333720564842224,0.24072611331939697,0.5932484865188599,0,2000,comp,4,80,42,1.0,0.0,walk_delay_comp
1660,33.2,1.0,0.0,0.5122169256210327,0.8420827984809875,0.25075608491897583,0.43146100640296936,0,2000,comp,4,80,42,1.0,0.0,walk_delay_comp
1661,33.22,1.0,0.0,0.5076323747634888,0.7694997191429138,0.19360607862472534,0.2698952257633209,0,2000,comp,4,80,42,1.0,0.0,walk_delay_comp
1662,33.24,1.0,0.0,0.5079532861709595,0.7234371304512024,0.13249769806861877,-0.07318355143070221,0,2000,comp,4,80,42,1.0,0.0,walk_delay_comp
1663,33.26,1.0,0.0,0.5106831789016724,0.6892622709274292,0.08750083297491074,0.010634017176926136,0,2000,comp,4,80,42,1.0,0.0,walk_delay_comp
1664,33.28,1.0,0.0,0.5123111009597778,0.6722328066825867,0.05719165503978729,0.34623345732688904,0,2000,comp,4,80,42,1.0,0.0,walk_delay_comp
1665,33.3,1.0,0.0,0.508987307548523,0.6803238391876221,0.03524704650044441,0.7774127721786499,0,2000,comp,4,80,42,1.0,0.0,walk_delay_comp
1666,33.32,1.0,0.0,0.5041004419326782,0.6900461912155151,0.007899891585111618,0.6691641807556152,0,2000,comp,4,80,42,1.0,0.0,walk_delay_comp
1667,33.34,1.0,0.0,0.5016523599624634,0.6861628293991089,-0.021525850519537926,0.27674874663352966,0,2000,comp,4,80,42,1.0,0.0,walk_delay_comp
1668,33.36,1.0,0.0,0.5030339956283569,0.6790303587913513,-0.041305240243673325,-0.13912108540534973,0,2000,comp,4,80,42,1.0,0.0,walk_delay_comp
1669,33.38,1.0,0.0,0.5068691968917847,0.6707459092140198,-0.04868423938751221,-0.3160074055194855,0,2000,comp,4,80,42,1.0,0.0,walk_delay_comp
1670,33.4,1.0,0.0,0.5113140344619751,0.6686162948608398,-0.05371656268835068,-0.3480722904205322,0,2000,comp,4,80,42,1.0,0.0,walk_delay_comp
1671,33.42,1.0,0.0,0.5144435167312622,0.6743559837341309,-0.06155896559357643,-0.17487895488739014,0,2000,comp,4,80,42,1.0,0.0,walk_delay_comp
1672,33.44,1.0,0.0,0.5154372453689575,0.6928232908248901,-0.07581576704978943,-0.018468279391527176,0,2000,comp,4,80,42,1.0,0.0,walk_delay_comp
1673,33.46,1.0,0.0,0.5154672861099243,0.7183054089546204,-0.09564819931983948,0.0196756012737751,0,2000,comp,4,80,42,1.0,0.0,walk_delay_comp
1674,33.480000000000004,1.0,0.0,0.5159069299697876,0.7592065334320068,-0.12095334380865097,-0.06540404260158539,0,2000,comp,4,80,42,1.0,0.0,walk_delay_comp
1675,33.5,1.0,0.0,0.5163549184799194,0.7934743762016296,-0.1478552669286728,-0.07114703953266144,0,2000,comp,4,80,42,1.0,0.0,walk_delay_comp
1676,33.52,1.0,0.0,0.515813946723938,0.8400778770446777,-0.1695726364850998,0.009460985660552979,0,2000,comp,4,80,42,1.0,0.0,walk_delay_comp
1677,33.54,1.0,0.0,0.5141140222549438,0.8838009834289551,-0.19536665081977844,0.07192456722259521,0,2000,comp,4,80,42,1.0,0.0,walk_delay_comp
1678,33.56,1.0,0.0,0.5104671716690063,0.9223727583885193,-0.22217108309268951,0.2823786437511444,0,2000,comp,4,80,42,1.0,0.0,walk_delay_comp
1679,33.58,1.0,0.0,0.5058306455612183,0.9489299058914185,-0.26090195775032043,0.37424373626708984,0,2000,comp,4,80,42,1.0,0.0,walk_delay_comp
1680,33.6,1.0,0.0,0.5010658502578735,0.972832202911377,-0.3028968572616577,0.4003921151161194,0,2000,comp,4,80,42,1.0,0.0,walk_delay_comp
1681,33.62,1.0,0.0,0.4973365068435669,0.9365288615226746,-0.30726656317710876,-0.33796989917755127,0,2000,comp,4,80,42,1.0,0.0,walk_delay_comp
1682,33.64,1.0,0.0,0.49710261821746826,0.8539897799491882,-0.22781512141227722,0.3768046498298645,0,2000,comp,4,80,42,1.0,0.0,walk_delay_comp
1683,33.660000000000004,1.0,0.0,0.49012672901153564,0.7852672338485718,-0.16561606526374817,0.6736101508140564,0,2000,comp,4,80,42,1.0,0.0,walk_delay_comp
1684,33.68,1.0,0.0,0.4824928045272827,0.7393839955329895,-0.12542212009429932,0.44046884775161743,0,2000,comp,4,80,42,1.0,0.0,walk_delay_comp
1685,33.7,1.0,0.0,0.4784904718399048,0.7147595286369324,-0.09918355941772461,-0.06149326264858246,0,2000,comp,4,80,42,1.0,0.0,walk_delay_comp
1686,33.72,1.0,0.0,0.4791601896286011,0.7030210494995117,-0.08261843025684357,-0.4683615565299988,0,2000,comp,4,80,42,1.0,0.0,walk_delay_comp
1687,33.74,1.0,0.0,0.4837144613265991,0.6915843486785889,-0.05917040631175041,-0.7168318033218384,0,2000,comp,4,80,42,1.0,0.0,walk_delay_comp
1688,33.76,1.0,0.0,0.487282395362854,0.6774352192878723,-0.02425343357026577,-0.3578915297985077,0,2000,comp,4,80,42,1.0,0.0,walk_delay_comp
1689,33.78,1.0,0.0,0.486852765083313,0.6573463082313538,0.008302068337798119,0.05047792196273804,0,2000,comp,4,80,42,1.0,0.0,walk_delay_comp
1690,33.8,1.0,0.0,0.48312556743621826,0.6410264372825623,0.026958215981721878,0.3273233473300934,0,2000,comp,4,80,42,1.0,0.0,walk_delay_comp
1691,33.82,1.0,0.0,0.47785866260528564,0.6333603858947754,0.03984815254807472,0.4579029083251953,0,2000,comp,4,80,42,1.0,0.0,walk_delay_comp
1692,33.84,1.0,0.0,0.47158491611480713,0.6266297101974487,0.052595872431993484,0.5548173189163208,0,2000,comp,4,80,42,1.0,0.0,walk_delay_comp
1693,33.86,1.0,0.0,0.4660719633102417,0.6432371735572815,0.06232314556837082,0.4744012951850891,0,2000,comp,4,80,42,1.0,0.0,walk_delay_comp
1694,33.88,1.0,0.0,0.46104204654693604,0.654517650604248,0.08262833952903748,0.4304018020629883,0,2000,comp,4,80,42,1.0,0.0,walk_delay_comp
1695,33.9,1.0,0.0,0.4562915563583374,0.6720625162124634,0.10227712988853455,0.43520864844322205,0,2000,comp,4,80,42,1.0,0.0,walk_delay_comp
1696,33.92,1.0,0.0,0.45280659198760986,0.7002931833267212,0.11382666975259781,0.3192705512046814,0,2000,comp,4,80,42,1.0,0.0,walk_delay_comp
1697,33.94,1.0,0.0,0.4505213499069214,0.7293098568916321,0.12752783298492432,0.25775066018104553,0,2000,comp,4,80,42,1.0,0.0,walk_delay_comp
1698,33.96,1.0,0.0,0.4493011236190796,0.7601763606071472,0.14330478012561798,0.22244404256343842,0,2000,comp,4,80,42,1.0,0.0,walk_delay_comp
1699,33.980000000000004,1.0,0.0,0.44877874851226807,0.7908332347869873,0.16285869479179382,0.2343996912240982,0,2000,comp,4,80,42,1.0,0.0,walk_delay_comp
1700,34.0,1.0,0.0,0.4475823640823364,0.8114188313484192,0.1891583502292633,0.3316309452056885,0,2000,comp,4,80,42,1.0,0.0,walk_delay_comp
1701,34.02,1.0,0.0,0.4442230463027954,0.8200291991233826,0.219351127743721,0.45025360584259033,0,2000,comp,4,80,42,1.0,0.0,walk_delay_comp
1702,34.04,1.0,0.0,0.43966853618621826,0.823476254940033,0.24173033237457275,0.4862789511680603,0,2000,comp,4,80,42,1.0,0.0,walk_delay_comp
1703,34.06,1.0,0.0,0.43573033809661865,0.793552041053772,0.25252971053123474,0.504983127117157,0,2000,comp,4,80,42,1.0,0.0,walk_delay_comp
1704,34.08,1.0,0.0,0.43336260318756104,0.7418324947357178,0.1703830510377884,0.022075582295656204,0,2000,comp,4,80,42,1.0,0.0,walk_delay_comp
1705,34.1,1.0,0.0,0.43600618839263916,0.6982876062393188,0.11389369517564774,-0.18741780519485474,0,2000,comp,4,80,42,1.0,0.0,walk_delay_comp
1706,34.12,1.0,0.0,0.4397526979446411,0.670082151889801,0.07624086737632751,0.05378701537847519,0,2000,comp,4,80,42,1.0,0.0,walk_delay_comp
1707,34.14,1.0,0.0,0.4398919343948364,0.6637253761291504,0.05332564935088158,0.5043208599090576,0,2000,comp,4,80,42,1.0,0.0,walk_delay_comp
1708,34.160000000000004,1.0,0.0,0.4370914697647095,0.6667453646659851,0.025825135409832,0.6309717297554016,0,2000,comp,4,80,42,1.0,0.0,walk_delay_comp
1709,34.18,1.0,0.0,0.4324570894241333,0.6770327687263489,-0.00021304460824467242,0.6677840948104858,0,2000,comp,4,80,42,1.0,0.0,walk_delay_comp
1710,34.2,1.0,0.0,0.4303706884384155,0.674895167350769,-0.02609183080494404,0.19550445675849915,0,2000,comp,4,80,42,1.0,0.0,walk_delay_comp
1711,34.22,1.0,0.0,0.4317742586135864,0.664517343044281,-0.040721405297517776,-0.09048650413751602,0,2000,comp,4,80,42,1.0,0.0,walk_delay_comp
1712,34.24,1.0,0.0,0.43487250804901123,0.6547666788101196,-0.05250322446227074,-0.22822359204292297,0,2000,comp,4,80,42,1.0,0.0,walk_delay_comp
1713,34.26,1.0,0.0,0.437599778175354,0.6564230918884277,-0.05807895213365555,-0.17138423025608063,0,2000,comp,4,80,42,1.0,0.0,walk_delay_comp
1714,34.28,1.0,0.0,0.43882906436920166,0.6839905381202698,-0.0657830461859703,-0.06238938122987747,0,2000,comp,4,80,42,1.0,0.0,walk_delay_comp
1715,34.300000000000004,1.0,0.0,0.43946683406829834,0.7006183862686157,-0.08910541981458664,0.001386971678584814,0,2000,comp,4,80,42,1.0,0.0,walk_delay_comp
1716,34.32,1.0,0.0,0.4394036531448364,0.7421723008155823,-0.10467485338449478,-0.014324657618999481,0,2000,comp,4,80,42,1.0,0.0,walk_delay_comp
1717,34.34,1.0,0.0,0.44039690494537354,0.7664925456047058,-0.1301644742488861,-0.17293357849121094,0,2000,comp,4,80,42,1.0,0.0,walk_delay_comp
1718,34.36,1.0,0.0,0.4417654275894165,0.8095803260803223,-0.15234056115150452,-0.19162951409816742,0,2000,comp,4,80,42,1.0,0.0,walk_delay_comp
1719,34.38,1.0,0.0,0.4428926706314087,0.8559566736221313,-0.17764504253864288,-0.20117203891277313,0,2000,comp,4,80,42,1.0,0.0,walk_delay_comp
1720,34.4,1.0,0.0,0.4419344663619995,0.8988335728645325,-0.19770365953445435,0.016597654670476913,0,2000,comp,4,80,42,1.0,0.0,walk_delay_comp
1721,34.42,1.0,0.0,0.4394491910934448,0.9299314022064209,-0.23067843914031982,0.16553238034248352,0,2000,comp,4,80,42,1.0,0.0,walk_delay_comp
1722,34.44,1.0,0.0,0.4360157251358032,0.9579207301139832,-0.26937562227249146,0.27969664335250854,0,2000,comp,4,80,42,1.0,0.0,walk_delay_comp
1723,34.46,1.0,0.0,0.4324573278427124,0.9767536520957947,-0.30952057242393494,0.30201083421707153,0,2000,comp,4,80,42,1.0,0.0,walk_delay_comp
1724,34.480000000000004,1.0,0.0,0.431904673576355,0.897655725479126,-0.27035778760910034,-0.016919031739234924,0,2000,comp,4,80,42,1.0,0.0,walk_delay_comp
1725,34.5,1.0,0.0,0.4278212785720825,0.8216580748558044,-0.19306205213069916,0.6071274280548096,0,2000,comp,4,80,42,1.0,0.0,walk_delay_comp
1726,34.52,1.0,0.0,0.4198869466781616,0.7606663107872009,-0.1379300206899643,0.6032571792602539,0,2000,comp,4,80,42,1.0,0.0,walk_delay_comp
1727,34.54,1.0,0.0,0.4133106470108032,0.721945583820343,-0.10259189456701279,0.248823881149292,0,2000,comp,4,80,42,1.0,0.0,walk_delay_comp
1728,34.56,1.0,0.0,0.4114748239517212,0.7067879438400269,-0.08065184950828552,-0.3155289590358734,0,2000,comp,4,80,42,1.0,0.0,walk_delay_comp
1729,34.58,1.0,0.0,0.41443920135498047,0.6993504762649536,-0.06124548986554146,-0.6365906596183777,0,2000,comp,4,80,42,1.0,0.0,walk_delay_comp
1730,34.6,1.0,0.0,0.4190852642059326,0.6866803169250488,-0.029970990493893623,-0.6296127438545227,0,2000,comp,4,80,42,1.0,0.0,walk_delay_comp
1731,34.62,1.0,0.0,0.4217718839645386,0.6748267412185669,0.0012857606634497643,-0.25253552198410034,0,2000,comp,4,80,42,1.0,0.0,walk_delay_comp
1732,34.64,1.0,0.0,0.4204702377319336,0.6515623927116394,0.02843082882463932,0.1077389270067215,0,2000,comp,4,80,42,1.0,0.0,walk_delay_comp
1733,34.660000000000004,1.0,0.0,0.4169851541519165,0.6405832171440125,0.04592757672071457,0.2867872416973114,0,2000,comp,4,80,42,1.0,0.0,walk_delay_comp
1734,34.68,1.0,0.0,0.4118894338607788,0.6312575340270996,0.06124795228242874,0.46548667550086975,0,2000,comp,4,80,42,1.0,0.0,walk_delay_comp
1735,34.7,1.0,0.0,0.4061448574066162,0.6314582228660583,0.07337683439254761,0.5031855702400208,0,2000,comp,4,80,42,1.0,0.0,walk_delay_comp
1736,34.72,1.0,0.0,0.40060293674468994,0.6492739319801331,0.08656778186559677,0.5209674835205078,0,2000,comp,4,80,42,1.0,0.0,walk_delay_comp
1737,34.74,1.0,0.0,0.3952915668487549,0.665239155292511,0.1046372801065445,0.48435741662979126,0,2000,comp,4,80,42,1.0,0.0,walk_delay_comp
1738,34.76,1.0,0.0,0.3905630111694336,0.6890701651573181,0.12270437180995941,0.43029773235321045,0,2000,comp,4,80,42,1.0,0.0,walk_delay_comp
1739,34.78,1.0,0.0,0.38733696937561035,0.7192181944847107,0.13579872250556946,0.3004363477230072,0,2000,comp,4,80,42,1.0,0.0,walk_delay_comp
1740,34.800000000000004,1.0,0.0,0.38548552989959717,0.7515698075294495,0.15065370500087738,0.23405352234840393,0,2000,comp,4,80,42,1.0,0.0,walk_delay_comp
1741,34.82,1.0,0.0,0.38511908054351807,0.784468948841095,0.16850434243679047,0.15620681643486023,0,2000,comp,4,80,42,1.0,0.0,walk_delay_comp
1742,34.84,1.0,0.0,0.3852142095565796,0.8123435378074646,0.19352987408638,0.19057577848434448,0,2000,comp,4,80,42,1.0,0.0,walk_delay_comp
1743,34.86,1.0,0.0,0.38422560691833496,0.8264878392219543,0.22507146000862122,0.2770228087902069,0,2000,comp,4,80,42,1.0,0.0,walk_delay_comp
1744,34.88,1.0,0.0,0.38080060482025146,0.8322106003761292,0.2578543424606323,0.4254356026649475,0,2000,comp,4,80,42,1.0,0.0,walk_delay_comp
1745,34.9,1.0,0.0,0.37642955780029297,0.8373542428016663,0.2720491588115692,0.36899733543395996,0,2000,comp,4,80,42,1.0,0.0,walk_delay_comp
1746,34.92,1.0,0.0,0.37246477603912354,0.7705169916152954,0.21363955736160278,0.22272272408008575,0,2000,comp,4,80,42,1.0,0.0,walk_delay_comp
1747,34.94,1.0,0.0,0.37349414825439453,0.7201324701309204,0.1506338119506836,-0.15997684001922607,0,2000,comp,4,80,42,1.0,0.0,walk_delay_comp
1748,34.96,1.0,0.0,0.377117395401001,0.6819947361946106,0.10031002759933472,-0.07993918657302856,0,2000,comp,4,80,42,1.0,0.0,walk_delay_comp
1749,34.980000000000004,1.0,0.0,0.3791011571884155,0.6641351580619812,0.0685572698712349,0.29940375685691833,0,2000,comp,4,80,42,1.0,0.0,walk_delay_comp
1750,35.0,1.0,0.0,0.37643659114837646,0.6704771518707275,0.04416963830590248,0.7202118039131165,0,2000,comp,4,80,42,1.0,0.0,walk_delay_comp
1751,35.02,1.0,0.0,0.3715524673461914,0.6787645816802979,0.019950322806835175,0.7090707421302795,0,2000,comp,4,80,42,1.0,0.0,walk_delay_comp
1752,35.04,1.0,0.0,0.36845552921295166,0.6833398342132568,-0.009162109345197678,0.3275811970233917,0,2000,comp,4,80,42,1.0,0.0,walk_delay_comp
1753,35.06,1.0,0.0,0.36987853050231934,0.6733667254447937,-0.031724996864795685,-0.17530357837677002,0,2000,comp,4,80,42,1.0,0.0,walk_delay_comp
1754,35.08,1.0,0.0,0.37416112422943115,0.6669941544532776,-0.040708690881729126,-0.36622244119644165,0,2000,comp,4,80,42,1.0,0.0,walk_delay_comp
1755,35.1,1.0,0.0,0.3787386417388916,0.662015438079834,-0.044758204370737076,-0.35074013471603394,0,2000,comp,4,80,42,1.0,0.0,walk_delay_comp
1756,35.12,1.0,0.0,0.3820449113845825,0.6702016592025757,-0.052094101905822754,-0.2225250005722046,0,2000,comp,4,80,42,1.0,0.0,walk_delay_comp
1757,35.14,1.0,0.0,0.38368749618530273,0.6911317110061646,-0.0661805123090744,-0.09693854302167892,0,2000,comp,4,80,42,1.0,0.0,walk_delay_comp
1758,35.160000000000004,1.0,0.0,0.38450443744659424,0.7189158797264099,-0.08574450016021729,-0.06577325612306595,0,2000,comp,4,80,42,1.0,0.0,walk_delay_comp
1759,35.18,1.0,0.0,0.38569068908691406,0.758910059928894,-0.10821302235126495,-0.15356287360191345,0,2000,comp,4,80,42,1.0,0.0,walk_delay_comp
1760,35.2,1.0,0.0,0.38706767559051514,0.7917831540107727,-0.1353510022163391,-0.15631051361560822,0,2000,comp,4,80,42,1.0,0.0,walk_delay_comp
1761,35.22,1.0,0.0,0.38729989528656006,0.8329561352729797,-0.15653106570243835,-0.05865228921175003,0,2000,comp,4,80,42,1.0,0.0,walk_delay_comp
1762,35.24,1.0,0.0,0.38592612743377686,0.8751910328865051,-0.17901042103767395,0.0396752767264843,0,2000,comp,4,80,42,1.0,0.0,walk_delay_comp
1763,35.26,1.0,0.0,0.38328659534454346,0.912654459476471,-0.20739887654781342,0.1590276062488556,0,2000,comp,4,80,42,1.0,0.0,walk_delay_comp
1764,35.28,1.0,0.0,0.37986791133880615,0.9432032108306885,-0.2422514706850052,0.24216224253177643,0,2000,comp,4,80,42,1.0,0.0,walk_delay_comp
1765,35.300000000000004,1.0,0.0,0.37656569480895996,0.964259684085846,-0.2810786962509155,0.2595127522945404,0,2000,comp,4,80,42,1.0,0.0,walk_delay_comp
1766,35.32,1.0,0.0,0.37389910221099854,0.9577115178108215,-0.307395339012146,-0.09645165503025055,0,2000,comp,4,80,42,1.0,0.0,walk_delay_comp
1767,35.34,1.0,0.0,0.37421929836273193,0.852449893951416,-0.21572135388851166,0.31578585505485535,0,2000,comp,4,80,42,1.0,0.0,walk_delay_comp
1768,35.36,1.0,0.0,0.36779916286468506,0.7867096662521362,-0.1525731384754181,0.6404056549072266,0,2000,comp,4,80,42,1.0,0.0,walk_delay_comp
1769,35.38,1.0,0.0,0.3601633310317993,0.7394133806228638,-0.11350687593221664,0.4478757977485657,0,2000,comp,4,80,42,1.0,0.0,walk_delay_comp
1770,35.4,1.0,0.0,0.3559408187866211,0.7159283757209778,-0.08680712431669235,-0.0406741164624691,0,2000,comp,4,80,42,1.0,0.0,walk_delay_comp
1771,35.42,1.0,0.0,0.35513007640838623,0.6997829675674438,-0.0735447108745575,-0.283801406621933,0,2000,comp,4,80,42,1.0,0.0,walk_delay_comp
1772,35.44,1.0,0.0,0.35766685009002686,0.689556896686554,-0.04839641973376274,-0.5121123790740967,0,2000,comp,4,80,42,1.0,0.0,walk_delay_comp
1773,35.46,1.0,0.0,0.36062920093536377,0.6849108338356018,-0.020688872784376144,-0.3835179805755615,0,2000,comp,4,80,42,1.0,0.0,walk_delay_comp
1774,35.480000000000004,1.0,0.0,0.36080610752105713,0.6592050194740295,0.013863494619727135,-0.055773504078388214,0,2000,comp,4,80,42,1.0,0.0,walk_delay_comp
1775,35.5,1.0,0.0,0.35908281803131104,0.644638180732727,0.03507871553301811,0.0864885076880455,0,2000,comp,4,80,42,1.0,0.0,walk_delay_comp
1776,35.52,1.0,0.0,0.35542142391204834,0.641434907913208,0.05077986791729927,0.35912060737609863,0,2000,comp,4,80,42,1.0,0.0,walk_delay_comp
1777,35.54,1.0,0.0,0.3499263525009155,0.6344314217567444,0.06471976637840271,0.4652053117752075,0,2000,comp,4,80,42,1.0,0.0,walk_delay_comp
1778,35.56,1.0,0.0,0.34528911113739014,0.6488274931907654,0.07276815176010132,0.39924487471580505,0,2000,comp,4,80,42,1.0,0.0,walk_delay_comp
1779,35.58,1.0,0.0,0.34054362773895264,0.6658549308776855,0.09129524976015091,0.4397968649864197,0,2000,comp,4,80,42,1.0,0.0,walk_delay_comp
1780,35.6,1.0,0.0,0.3361912965774536,0.6830970048904419,0.10887593030929565,0.3704140782356262,0,2000,comp,4,80,42,1.0,0.0,walk_delay_comp
1781,35.62,1.0,0.0,0.333188533782959,0.7136781811714172,0.12078651785850525,0.2866256833076477,0,2000,comp,4,80,42,1.0,0.0,walk_delay_comp
1782,35.64,1.0,0.0,0.3313819169998169,0.7443521022796631,0.1340179443359375,0.2210668921470642,0,2000,comp,4,80,42,1.0,0.0,walk_delay_comp
1783,35.660000000000004,1.0,0.0,0.33085501194000244,0.7741453051567078,0.15107791125774384,0.1379636526107788,0,2000,comp,4,80,42,1.0,0.0,walk_delay_comp
1784,35.68,1.0,0.0,0.331484317779541,0.8044619560241699,0.17243018746376038,0.1140679195523262,0,2000,comp,4,80,42,1.0,0.0,walk_delay_comp
1785,35.7,1.0,0.0,0.33160269260406494,0.824007511138916,0.20106647908687592,0.19762292504310608,0,2000,comp,4,80,42,1.0,0.0,walk_delay_comp
1786,35.72,1.0,0.0,0.32910287380218506,0.8324736952781677,0.23421351611614227,0.3675437867641449,0,2000,comp,4,80,42,1.0,0.0,walk_delay_comp
1787,35.74,1.0,0.0,0.32520437240600586,0.8407540917396545,0.2602907121181488,0.4408891499042511,0,2000,comp,4,80,42,1.0,0.0,walk_delay_comp
1788,35.76,1.0,0.0,0.3213413953781128,0.8085370659828186,0.27088049054145813,0.5189152956008911,0,2000,comp,4,80,42,1.0,0.0,walk_delay_comp
1789,35.78,1.0,0.0,0.3190568685531616,0.7553539276123047,0.1914975941181183,-0.018116239458322525,0,2000,comp,4,80,42,1.0,0.0,walk_delay_comp
1790,35.800000000000004,1.0,0.0,0.32231247425079346,0.7056868672370911,0.12924686074256897,-0.26999321579933167,0,2000,comp,4,80,42,1.0,0.0,walk_delay_comp
1791,35.82,1.0,0.0,0.3269904851913452,0.6730430126190186,0.09181737899780273,-0.04965876787900925,0,2000,comp,4,80,42,1.0,0.0,walk_delay_comp
1792,35.84,1.0,0.0,0.32819950580596924,0.6665253639221191,0.07339850068092346,0.35379528999328613,0,2000,comp,4,80,42,1.0,0.0,walk_delay_comp
1793,35.86,1.0,0.0,0.3263891935348511,0.6702176332473755,0.042087383568286896,0.5211859941482544,0,2000,comp,4,80,42,1.0,0.0,walk_delay_comp
1794,35.88,1.0,0.0,0.32268714904785156,0.6831551790237427,0.017005817964673042,0.5755647420883179,0,2000,comp,4,80,42,1.0,0.0,walk_delay_comp
1795,35.9,1.0,0.0,0.3212491273880005,0.6797787547111511,-0.009198685176670551,0.13789528608322144,0,2000,comp,4,80,42,1.0,0.0,walk_delay_comp
1796,35.92,1.0,0.0,0.32321059703826904,0.6696096658706665,-0.024946965277194977,-0.1543089598417282,0,2000,comp,4,80,42,1.0,0.0,walk_delay_comp
1797,35.94,1.0,0.0,0.3267850875854492,0.6567667126655579,-0.03756662458181381,-0.2690204679965973,0,2000,comp,4,80,42,1.0,0.0,walk_delay_comp
1798,35.96,1.0,0.0,0.3300207853317261,0.6576933860778809,-0.04543024301528931,-0.22085651755332947,0,2000,comp,4,80,42,1.0,0.0,walk_delay_comp
1799,35.980000000000004,1.0,0.0,0.33175361156463623,0.683607280254364,-0.0528063029050827,-0.11416783928871155,0,2000,comp,4,80,42,1.0,0.0,walk_delay_comp
1800,36.0,1.0,0.0,0.3328704833984375,0.7026991248130798,-0.07425373792648315,-0.055797114968299866,0,2000,comp,4,80,42,1.0,0.0,walk_delay_comp
1801,36.02,1.0,0.0,0.33348000049591064,0.7421375513076782,-0.09019652009010315,-0.0853816568851471,0,2000,comp,4,80,42,1.0,0.0,walk_delay_comp
1802,36.04,1.0,0.0,0.3348689079284668,0.7648473381996155,-0.11334609240293503,-0.19842225313186646,0,2000,comp,4,80,42,1.0,0.0,walk_delay_comp
1803,36.06,1.0,0.0,0.3364313840866089,0.8053225874900818,-0.1350782811641693,-0.2065741866827011,0,2000,comp,4,80,42,1.0,0.0,walk_delay_comp
1804,36.08,1.0,0.0,0.3376638889312744,0.8506103157997131,-0.15911953151226044,-0.21312668919563293,0,2000,comp,4,80,42,1.0,0.0,walk_delay_comp
1805,36.1,1.0,0.0,0.33702027797698975,0.8930389285087585,-0.17844919860363007,-0.026862887665629387,0,2000,comp,4,80,42,1.0,0.0,walk_delay_comp
1806,36.12,1.0,0.0,0.33512818813323975,0.923815906047821,-0.20970264077186584,0.09073459357023239,0,2000,comp,4,80,42,1.0,0.0,walk_delay_comp
1807,36.14,1.0,0.0,0.3326035737991333,0.9508424997329712,-0.2459862381219864,0.18546220660209656,0,2000,comp,4,80,42,1.0,0.0,walk_delay_comp
1808,36.160000000000004,1.0,0.0,0.3301072120666504,0.9695971012115479,-0.28334563970565796,0.20401161909103394,0,2000,comp,4,80,42,1.0,0.0,walk_delay_comp
1809,36.18,1.0,0.0,0.3301435708999634,0.8927718997001648,-0.25391992926597595,-0.2098361849784851,0,2000,comp,4,80,42,1.0,0.0,walk_delay_comp
1810,36.2,1.0,0.0,0.32752156257629395,0.8236280679702759,-0.1751614511013031,0.47878962755203247,0,2000,comp,4,80,42,1.0,0.0,walk_delay_comp
1811,36.22,1.0,0.0,0.3205467462539673,0.7598912715911865,-0.12087307125329971,0.55113685131073,0,2000,comp,4,80,42,1.0,0.0,walk_delay_comp
1812,36.24,1.0,0.0,0.31432056427001953,0.720283567905426,-0.08095735311508179,0.2369687855243683,0,2000,comp,4,80,42,1.0,0.0,walk_delay_comp
1813,36.26,1.0,0.0,0.3124210834503174,0.7049161791801453,-0.05958625674247742,-0.3020080626010895,0,2000,comp,4,80,42,1.0,0.0,walk_delay_comp
1814,36.28,1.0,0.0,0.3151729106903076,0.6985265016555786,-0.04349179193377495,-0.6228381991386414,0,2000,comp,4,80,42,1.0,0.0,walk_delay_comp
1815,36.300000000000004,1.0,0.0,0.31982386112213135,0.6864766478538513,-0.013284625485539436,-0.6524875164031982,0,2000,comp,4,80,42,1.0,0.0,walk_delay_comp
1816,36.32,1.0,0.0,0.3229788541793823,0.6765888929367065,0.01693583093583584,-0.30355700850486755,0,2000,comp,4,80,42,1.0,0.0,walk_delay_comp
1817,36.34,1.0,0.0,0.32196855545043945,0.6511536836624146,0.046203408390283585,0.08659113198518753,0,2000,comp,4,80,42,1.0,0.0,walk_delay_comp
1818,36.36,1.0,0.0,0.3187476396560669,0.6405472755432129,0.06386739015579224,0.2575475871562958,0,2000,comp,4,80,42,1.0,0.0,walk_delay_comp
1819,36.38,1.0,0.0,0.31373822689056396,0.6311205625534058,0.07929929345846176,0.4639474153518677,0,2000,comp,4,80,42,1.0,0.0,walk_delay_comp
1820,36.4,1.0,0.0,0.3081597089767456,0.6307965517044067,0.09110032767057419,0.4738992750644684,0,2000,comp,4,80,42,1.0,0.0,walk_delay_comp
1821,36.42,1.0,0.0,0.30288398265838623,0.6490737199783325,0.1036481112241745,0.4983530044555664,0,2000,comp,4,80,42,1.0,0.0,walk_delay_comp
1822,36.44,1.0,0.0,0.29763996601104736,0.6653392910957336,0.12286841869354248,0.4763132333755493,0,2000,comp,4,80,42,1.0,0.0,walk_delay_comp
1823,36.46,1.0,0.0,0.2931877374649048,0.6882802248001099,0.14121493697166443,0.3922919034957886,0,2000,comp,4,80,42,1.0,0.0,walk_delay_comp
1824,36.480000000000004,1.0,0.0,0.2903127670288086,0.7196377515792847,0.1548614650964737,0.2717556655406952,0,2000,comp,4,80,42,1.0,0.0,walk_delay_comp
1825,36.5,1.0,0.0,0.28899717330932617,0.7510786652565002,0.17052380740642548,0.1747463494539261,0,2000,comp,4,80,42,1.0,0.0,walk_delay_comp
1826,36.52,1.0,0.0,0.28925812244415283,0.7828555107116699,0.18981307744979858,0.09305617213249207,0,2000,comp,4,80,42,1.0,0.0,walk_delay_comp
1827,36.54,1.0,0.0,0.2902054786682129,0.8084510564804077,0.21658165752887726,0.10369892418384552,0,2000,comp,4,80,42,1.0,0.0,walk_delay_comp
1828,36.56,1.0,0.0,0.2899712324142456,0.8215003609657288,0.2505256235599518,0.2017492800951004,0,2000,comp,4,80,42,1.0,0.0,walk_delay_comp
1829,36.58,1.0,0.0,0.2873455286026001,0.8270344734191895,0.2852017283439636,0.345999151468277,0,2000,comp,4,80,42,1.0,0.0,walk_delay_comp
1830,36.6,1.0,0.0,0.283491849899292,0.8336637020111084,0.3029647469520569,0.35252171754837036,0,2000,comp,4,80,42,1.0,0.0,walk_delay_comp
1831,36.62,1.0,0.0,0.2796097993850708,0.7661851644515991,0.24331188201904297,0.21943989396095276,0,2000,comp,4,80,42,1.0,0.0,walk_delay_comp
1832,36.64,1.0,0.0,0.28077518939971924,0.7149199843406677,0.17680427432060242,-0.18141639232635498,0,2000,comp,4,80,42,1.0,0.0,walk_delay_comp
1833,36.660000000000004,1.0,0.0,0.2847377061843872,0.6746895909309387,0.1260661482810974,-0.12316995859146118,0,2000,comp,4,80,42,1.0,0.0,walk_delay_comp
1834,36.68,1.0,0.0,0.28710269927978516,0.6580083966255188,0.09293709695339203,0.2418406754732132,0,2000,comp,4,80,42,1.0,0.0,walk_delay_comp
1835,36.7,1.0,0.0,0.2849019765853882,0.6634659767150879,0.06939349323511124,0.6641874313354492,0,2000,comp,4,80,42,1.0,0.0,walk_delay_comp
1836,36.72,1.0,0.0,0.2805722951889038,0.6719818711280823,0.044602472335100174,0.6514250636100769,0,2000,comp,4,80,42,1.0,0.0,walk_delay_comp
1837,36.74,1.0,0.0,0.2780410051345825,0.6768613457679749,0.014619019813835621,0.2695947289466858,0,2000,comp,4,80,42,1.0,0.0,walk_delay_comp
1838,36.76,1.0,0.0,0.2799450159072876,0.6676686406135559,-0.008464240469038486,-0.22373296320438385,0,2000,comp,4,80,42,1.0,0.0,walk_delay_comp
1839,36.78,1.0,0.0,0.28470659255981445,0.6608463525772095,-0.018434612080454826,-0.41249895095825195,0,2000,comp,4,80,42,1.0,0.0,walk_delay_comp
1840,36.800000000000004,1.0,0.0,0.28969109058380127,0.6556719541549683,-0.02333603985607624,-0.38727131485939026,0,2000,comp,4,80,42,1.0,0.0,walk_delay_comp
1841,36.82,1.0,0.0,0.2933706045150757,0.6635214686393738,-0.030746912583708763,-0.25806304812431335,0,2000,comp,4,80,42,1.0,0.0,walk_delay_comp
1842,36.84,1.0,0.0,0.29538047313690186,0.6843437552452087,-0.044253863394260406,-0.13014023005962372,0,2000,comp,4,80,42,1.0,0.0,walk_delay_comp
1843,36.86,1.0,0.0,0.2966228723526001,0.7109740376472473,-0.06338468939065933,-0.10573519766330719,0,2000,comp,4,80,42,1.0,0.0,walk_delay_comp
1844,36.88,1.0,0.0,0.2981290817260742,0.7479830384254456,-0.08489042520523071,-0.17451918125152588,0,2000,comp,4,80,42,1.0,0.0,walk_delay_comp
1845,36.9,1.0,0.0,0.29972541332244873,0.7798296809196472,-0.11014297604560852,-0.177987203001976,0,2000,comp,4,80,42,1.0,0.0,walk_delay_comp
1846,36.92,1.0,0.0,0.30033600330352783,0.8190470337867737,-0.1301036775112152,-0.10117220133543015,0,2000,comp,4,80,42,1.0,0.0,walk_delay_comp
1847,36.94,1.0,0.0,0.29945433139801025,0.8603116869926453,-0.14985014498233795,-0.004587932489812374,0,2000,comp,4,80,42,1.0,0.0,walk_delay_comp
1848,36.96,1.0,0.0,0.2972714900970459,0.8969265818595886,-0.1752462387084961,0.11159704625606537,0,2000,comp,4,80,42,1.0,0.0,walk_delay_comp
1849,36.980000000000004,1.0,0.0,0.29440879821777344,0.9269405007362366,-0.20707091689109802,0.17606130242347717,0,2000,comp,4,80,42,1.0,0.0,walk_delay_comp
1850,37.0,1.0,0.0,0.2917520999908447,0.9481177926063538,-0.24237042665481567,0.1992669701576233,0,2000,comp,4,80,42,1.0,0.0,walk_delay_comp
1851,37.02,1.0,0.0,0.28951966762542725,0.9622533321380615,-0.27710258960723877,0.15816891193389893,0,2000,comp,4,80,42,1.0,0.0,walk_delay_comp
1852,37.04,1.0,0.0,0.29048001766204834,0.8513558506965637,-0.1972646415233612,0.1327264904975891,0,2000,comp,4,80,42,1.0,0.0,walk_delay_comp
1853,37.06,1.0,0.0,0.285473108291626,0.7845768928527832,-0.1350814551115036,0.5616922974586487,0,2000,comp,4,80,42,1.0,0.0,walk_delay_comp
1854,37.08,1.0,0.0,0.2783280611038208,0.7358751893043518,-0.08843035995960236,0.4197070002555847,0,2000,comp,4,80,42,1.0,0.0,walk_delay_comp
1855,37.1,1.0,0.0,0.2738550901412964,0.710802435874939,-0.06412980705499649,0.0041597397066652775,0,2000,comp,4,80,42,1.0,0.0,walk_delay_comp
1856,37.12,1.0,0.0,0.274824857711792,0.704462468624115,-0.04771452024579048,-0.5654966235160828,0,2000,comp,4,80,42,1.0,0.0,walk_delay_comp
1857,37.14,1.0,0.0,0.2798480987548828,0.6990839838981628,-0.028474213555455208,-0.7546043992042542,0,2000,comp,4,80,42,1.0,0.0,walk_delay_comp
1858,37.160000000000004,1.0,0.0,0.2844463586807251,0.6837255954742432,0.005547975655645132,-0.5234159827232361,0,2000,comp,4,80,42,1.0,0.0,walk_delay_comp
1859,37.18,1.0,0.0,0.28565824031829834,0.668748140335083,0.03266817331314087,-0.0891752764582634,0,2000,comp,4,80,42,1.0,0.0,walk_delay_comp
1860,37.2,1.0,0.0,0.28283655643463135,0.6479427814483643,0.05515565350651741,0.2612976133823395,0,2000,comp,4,80,42,1.0,0.0,walk_delay_comp
1861,37.22,1.0,0.0,0.2783067226409912,0.6402279734611511,0.0697050616145134,0.36482805013656616,0,2000,comp,4,80,42,1.0,0.0,walk_delay_comp
1862,37.24,1.0,0.0,0.2730504274368286,0.6348695755004883,0.08239547163248062,0.46671780943870544,0,2000,comp,4,80,42,1.0,0.0,walk_delay_comp
1863,37.26,1.0,0.0,0.2675725221633911,0.6421566605567932,0.09371081739664078,0.48381319642066956,0,2000,comp,4,80,42,1.0,0.0,walk_delay_comp
1864,37.28,1.0,0.0,0.26223766803741455,0.6655160188674927,0.10685635358095169,0.5063672065734863,0,2000,comp,4,80,42,1.0,0.0,walk_delay_comp
1865,37.300000000000004,1.0,0.0,0.2574586868286133,0.682933509349823,0.12511558830738068,0.4082186818122864,0,2000,comp,4,80,42,1.0,0.0,walk_delay_comp
1866,37.32,1.0,0.0,0.2539554834365845,0.7092733979225159,0.14215433597564697,0.3199681043624878,0,2000,comp,4,80,42,1.0,0.0,walk_delay_comp
1867,37.34,1.0,0.0,0.2518436908721924,0.7412440180778503,0.15599365532398224,0.22207163274288177,0,2000,comp,4,80,42,1.0,0.0,walk_delay_comp
1868,37.36,1.0,0.0,0.25143277645111084,0.7731186747550964,0.17139631509780884,0.10923869907855988,0,2000,comp,4,80,42,1.0,0.0,walk_delay_comp
1869,37.38,1.0,0.0,0.2522543668746948,0.804553210735321,0.1932382434606552,0.08306611329317093,0,2000,comp,4,80,42,1.0,0.0,walk_delay_comp
1870,37.4,1.0,0.0,0.2529822587966919,0.8265935778617859,0.2219245731830597,0.12974946200847626,0,2000,comp,4,80,42,1.0,0.0,walk_delay_comp
1871,37.42,1.0,0.0,0.25166094303131104,0.8355826735496521,0.25661906599998474,0.2664986252784729,0,2000,comp,4,80,42,1.0,0.0,walk_delay_comp
1872,37.44,1.0,0.0,0.2485588788986206,0.8397577404975891,0.28484174609184265,0.3813263475894928,0,2000,comp,4,80,42,1.0,0.0,walk_delay_comp
1873,37.46,1.0,0.0,0.24494516849517822,0.8078352212905884,0.2965030074119568,0.5216717720031738,0,2000,comp,4,80,42,1.0,0.0,walk_delay_comp
1874,37.480000000000004,1.0,0.0,0.2428797483444214,0.7518526315689087,0.210304856300354,4.1072024032473564e-05,0,2000,comp,4,80,42,1.0,0.0,walk_delay_comp
1875,37.5,1.0,0.0,0.24604976177215576,0.7034139037132263,0.14922042191028595,-0.24476826190948486,0,2000,comp,4,80,42,1.0,0.0,walk_delay_comp
1876,37.52,1.0,0.0,0.2503166198730469,0.6726182103157043,0.10911600291728973,-0.023395109921693802,0,2000,comp,4,80,42,1.0,0.0,walk_delay_comp
1877,37.54,1.0,0.0,0.2512472867965698,0.6664337515830994,0.08447793126106262,0.41309377551078796,0,2000,comp,4,80,42,1.0,0.0,walk_delay_comp
1878,37.56,1.0,0.0,0.24898791313171387,0.6716262102127075,0.05864041671156883,0.5539368391036987,0,2000,comp,4,80,42,1.0,0.0,walk_delay_comp
1879,37.58,1.0,0.0,0.245225191116333,0.6849753856658936,0.03217410296201706,0.5529687404632568,0,2000,comp,4,80,42,1.0,0.0,walk_delay_comp
1880,37.6,1.0,0.0,0.24425923824310303,0.6831809878349304,0.0048331208527088165,0.07399164885282516,0,2000,comp,4,80,42,1.0,0.0,walk_delay_comp
1881,37.62,1.0,0.0,0.2468034029006958,0.6731505393981934,-0.011312483809888363,-0.20498906075954437,0,2000,comp,4,80,42,1.0,0.0,walk_delay_comp
1882,37.64,1.0,0.0,0.25073349475860596,0.6621379852294922,-0.02295190840959549,-0.3009607493877411,0,2000,comp,4,80,42,1.0,0.0,walk_delay_comp
1883,37.660000000000004,1.0,0.0,0.25434577465057373,0.6656583547592163,-0.03039254993200302,-0.2789239287376404,0,2000,comp,4,80,42,1.0,0.0,walk_delay_comp
1884,37.68,1.0,0.0,0.2565040588378906,0.6908124685287476,-0.040886957198381424,-0.13608403503894806,0,2000,comp,4,80,42,1.0,0.0,walk_delay_comp
1885,37.7,1.0,0.0,0.25798892974853516,0.7126487493515015,-0.06310144066810608,-0.09541170299053192,0,2000,comp,4,80,42,1.0,0.0,walk_delay_comp
1886,37.72,1.0,0.0,0.2589062452316284,0.7528771162033081,-0.07565733045339584,-0.12274304777383804,0,2000,comp,4,80,42,1.0,0.0,walk_delay_comp
1887,37.74,1.0,0.0,0.26086509227752686,0.7770231366157532,-0.1012134924530983,-0.248180091381073,0,2000,comp,4,80,42,1.0,0.0,walk_delay_comp
1888,37.76,1.0,0.0,0.2628239393234253,0.8158812522888184,-0.12202755361795425,-0.24304211139678955,0,2000,comp,4,80,42,1.0,0.0,walk_delay_comp
1889,37.78,1.0,0.0,0.26406872272491455,0.8603007793426514,-0.1417868733406067,-0.21725840866565704,0,2000,comp,4,80,42,1.0,0.0,walk_delay_comp
1890,37.800000000000004,1.0,0.0,0.26404058933258057,0.9012603759765625,-0.16312941908836365,-0.09500686079263687,0,2000,comp,4,80,42,1.0,0.0,walk_delay_comp
1891,37.82,1.0,0.0,0.2627500295639038,0.9355120658874512,-0.19179028272628784,0.037260182201862335,0,2000,comp,4,80,42,1.0,0.0,walk_delay_comp
1892,37.84,1.0,0.0,0.2607614994049072,0.9610709547996521,-0.2258438766002655,0.1457577496767044,0,2000,comp,4,80,42,1.0,0.0,walk_delay_comp
1893,37.86,1.0,0.0,0.2585824728012085,0.9789024591445923,-0.26078706979751587,0.1857590526342392,0,2000,comp,4,80,42,1.0,0.0,walk_delay_comp
1894,37.88,1.0,0.0,0.2589232921600342,0.9029107689857483,-0.22753332555294037,-0.11060142517089844,0,2000,comp,4,80,42,1.0,0.0,walk_delay_comp
1895,37.9,1.0,0.0,0.25622498989105225,0.8272234797477722,-0.15291857719421387,0.47913384437561035,0,2000,comp,4,80,42,1.0,0.0,walk_delay_comp
1896,37.92,1.0,0.0,0.24953675270080566,0.7636398673057556,-0.10152041167020798,0.5070882439613342,0,2000,comp,4,80,42,1.0,0.0,walk_delay_comp
1897,37.94,1.0,0.0,0.24396884441375732,0.7250699996948242,-0.0650821104645729,0.16341973841190338,0,2000,comp,4,80,42,1.0,0.0,walk_delay_comp
1898,37.96,1.0,0.0,0.24291789531707764,0.7116868495941162,-0.04620656371116638,-0.38030892610549927,0,2000,comp,4,80,42,1.0,0.0,walk_delay_comp
1899,37.980000000000004,1.0,0.0,0.24676263332366943,0.7055413722991943,-0.027488775551319122,-0.729073703289032,0,2000,comp,4,80,42,1.0,0.0,walk_delay_comp
1900,38.0,1.0,0.0,0.2522859573364258,0.6940509676933289,0.0026959250681102276,-0.7185428738594055,0,2000,comp,4,80,42,1.0,0.0,walk_delay_comp
1901,38.02,1.0,0.0,0.25589215755462646,0.6820675730705261,0.03261787071824074,-0.3426511287689209,0,2000,comp,4,80,42,1.0,0.0,walk_delay_comp
1902,38.04,1.0,0.0,0.2552832365036011,0.6575565338134766,0.060399189591407776,0.05411121994256973,0,2000,comp,4,80,42,1.0,0.0,walk_delay_comp
1903,38.06,1.0,0.0,0.25226104259490967,0.6455589532852173,0.07783153653144836,0.2447729855775833,0,2000,comp,4,80,42,1.0,0.0,walk_delay_comp
1904,38.08,1.0,0.0,0.2473989725112915,0.635945200920105,0.09271585196256638,0.44626501202583313,0,2000,comp,4,80,42,1.0,0.0,walk_delay_comp
1905,38.1,1.0,0.0,0.24192523956298828,0.6371949315071106,0.10408558696508408,0.46931231021881104,0,2000,comp,4,80,42,1.0,0.0,walk_delay_comp
1906,38.12,1.0,0.0,0.23664450645446777,0.6556831002235413,0.11690519005060196,0.495556116104126,0,2000,comp,4,80,42,1.0,0.0,walk_delay_comp
1907,38.14,1.0,0.0,0.23154771327972412,0.673098087310791,0.135618194937706,0.45842963457107544,0,2000,comp,4,80,42,1.0,0.0,walk_delay_comp
1908,38.160000000000004,1.0,0.0,0.2271329164505005,0.6982834935188293,0.1540956348180771,0.3961862623691559,0,2000,comp,4,80,42,1.0,0.0,walk_delay_comp
1909,38.18,1.0,0.0,0.22438514232635498,0.7291118502616882,0.1680242121219635,0.24697421491146088,0,2000,comp,4,80,42,1.0,0.0,walk_delay_comp
1910,38.2,1.0,0.0,0.22327768802642822,0.7614496350288391,0.184183269739151,0.1554984748363495,0,2000,comp,4,80,42,1.0,0.0,walk_delay_comp
1911,38.22,1.0,0.0,0.22373056411743164,0.7946765422821045,0.20367524027824402,0.0761309564113617,0,2000,comp,4,80,42,1.0,0.0,walk_delay_comp
1912,38.24,1.0,0.0,0.225044846534729,0.8199566006660461,0.23108185827732086,0.051009103655815125,0,2000,comp,4,80,42,1.0,0.0,walk_delay_comp
1913,38.26,1.0,0.0,0.22535645961761475,0.8337952494621277,0.26598572731018066,0.14214707911014557,0,2000,comp,4,80,42,1.0,0.0,walk_delay_comp
1914,38.28,1.0,0.0,0.22331440448760986,0.8400127291679382,0.3016586899757385,0.2895970940589905,0,2000,comp,4,80,42,1.0,0.0,walk_delay_comp
1915,38.300000000000004,1.0,0.0,0.21993732452392578,0.8463227152824402,0.3213268518447876,0.3290349841117859,0,2000,comp,4,80,42,1.0,0.0,walk_delay_comp
1916,38.32,1.0,0.0,0.21613359451293945,0.7771211862564087,0.2615961730480194,0.2092742621898651,0,2000,comp,4,80,42,1.0,0.0,walk_delay_comp
1917,38.34,1.0,0.0,0.21770918369293213,0.7237631678581238,0.1923006922006607,-0.22838690876960754,0,2000,comp,4,80,42,1.0,0.0,walk_delay_comp
1918,38.36,1.0,0.0,0.22216522693634033,0.6806721091270447,0.13955065608024597,-0.16492541134357452,0,2000,comp,4,80,42,1.0,0.0,walk_delay_comp
1919,38.38,1.0,0.0,0.22494423389434814,0.6627565622329712,0.10622930526733398,0.2101520299911499,0,2000,comp,4,80,42,1.0,0.0,walk_delay_comp
1920,38.4,1.0,0.0,0.22325468063354492,0.6682922840118408,0.08202975988388062,0.6140270233154297,0,2000,comp,4,80,42,1.0,0.0,walk_delay_comp
1921,38.42,1.0,0.0,0.21925461292266846,0.677131712436676,0.05782543867826462,0.6298264265060425,0,2000,comp,4,80,42,1.0,0.0,walk_delay_comp
1922,38.44,1.0,0.0,0.21698832511901855,0.6820222735404968,0.026933347806334496,0.24609555304050446,0,2000,comp,4,80,42,1.0,0.0,walk_delay_comp
1923,38.46,1.0,0.0,0.21914231777191162,0.671088457107544,0.0028860801830887794,-0.23665042221546173,0,2000,comp,4,80,42,1.0,0.0,walk_delay_comp
1924,38.480000000000004,1.0,0.0,0.2240668535232544,0.6639270782470703,-0.007712747901678085,-0.4199228882789612,0,2000,comp,4,80,42,1.0,0.0,walk_delay_comp
1925,38.5,1.0,0.0,0.229192852973938,0.657112717628479,-0.013156061992049217,-0.39231184124946594,0,2000,comp,4,80,42,1.0,0.0,walk_delay_comp
1926,38.52,1.0,0.0,0.2330096960067749,0.6651125550270081,-0.021604051813483238,-0.26921287178993225,0,2000,comp,4,80,42,1.0,0.0,walk_delay_comp
1927,38.54,1.0,0.0,0.23504412174224854,0.6859813332557678,-0.035106148570775986,-0.12323203682899475,0,2000,comp,4,80,42,1.0,0.0,walk_delay_comp
1928,38.56,1.0,0.0,0.23628008365631104,0.7130789160728455,-0.053441066294908524,-0.11022956669330597,0,2000,comp,4,80,42,1.0,0.0,walk_delay_comp
1929,38.58,1.0,0.0,0.23785340785980225,0.7482949495315552,-0.07497868686914444,-0.1803542673587799,0,2000,comp,4,80,42,1.0,0.0,walk_delay_comp
1930,38.6,1.0,0.0,0.23941361904144287,0.7792267203330994,-0.10039867460727692,-0.16314072906970978,0,2000,comp,4,80,42,1.0,0.0,walk_delay_comp
1931,38.62,1.0,0.0,0.2400190830230713,0.8193129897117615,-0.12043002992868423,-0.10831832885742188,0,2000,comp,4,80,42,1.0,0.0,walk_delay_comp
1932,38.64,1.0,0.0,0.23942947387695312,0.8613298535346985,-0.1397584229707718,-0.046100981533527374,0,2000,comp,4,80,42,1.0,0.0,walk_delay_comp
1933,38.660000000000004,1.0,0.0,0.23775708675384521,0.8978911638259888,-0.16446097195148468,0.05766623094677925,0,2000,comp,4,80,42,1.0,0.0,walk_delay_comp
1934,38.68,1.0,0.0,0.2354905605316162,0.9284039735794067,-0.19462427496910095,0.1162547841668129,0,2000,comp,4,80,42,1.0,0.0,walk_delay_comp
1935,38.7,1.0,0.0,0.23351895809173584,0.9505237936973572,-0.2282174974679947,0.13381774723529816,0,2000,comp,4,80,42,1.0,0.0,walk_delay_comp
1936,38.72,1.0,0.0,0.2318800687789917,0.965462327003479,-0.2618509531021118,0.11059404164552689,0,2000,comp,4,80,42,1.0,0.0,walk_delay_comp
1937,38.74,1.0,0.0,0.23325741291046143,0.857157289981842,-0.18577462434768677,0.08577242493629456,0,2000,comp,4,80,42,1.0,0.0,walk_delay_comp
1938,38.76,1.0,0.0,0.22888398170471191,0.7908079028129578,-0.12304869294166565,0.5005881190299988,0,2000,comp,4,80,42,1.0,0.0,walk_delay_comp
1939,38.78,1.0,0.0,0.2224520444869995,0.7413383722305298,-0.08214037120342255,0.36985304951667786,0,2000,comp,4,80,42,1.0,0.0,walk_delay_comp
1940,38.800000000000004,1.0,0.0,0.2186809778213501,0.7166701555252075,-0.056530993431806564,-0.05412016808986664,0,2000,comp,4,80,42,1.0,0.0,walk_delay_comp
1941,38.82,1.0,0.0,0.2201915979385376,0.7086601853370667,-0.0368444062769413,-0.614767849445343,0,2000,comp,4,80,42,1.0,0.0,walk_delay_comp
1942,38.84,1.0,0.0,0.22558832168579102,0.7023607492446899,-0.01664068177342415,-0.7863764762878418,0,2000,comp,4,80,42,1.0,0.0,walk_delay_comp
1943,38.86,1.0,0.0,0.2303938865661621,0.6881747841835022,0.01649940386414528,-0.5367773175239563,0,2000,comp,4,80,42,1.0,0.0,walk_delay_comp
1944,38.88,1.0,0.0,0.23158502578735352,0.6720520257949829,0.04356501251459122,-0.08042878657579422,0,2000,comp,4,80,42,1.0,0.0,walk_delay_comp
1945,38.9,1.0,0.0,0.22876524925231934,0.6513546705245972,0.06487783044576645,0.2507656514644623,0,2000,comp,4,80,42,1.0,0.0,walk_delay_comp
1946,38.92,1.0,0.0,0.22438180446624756,0.6435446739196777,0.07834220677614212,0.34625762701034546,0,2000,comp,4,80,42,1.0,0.0,walk_delay_comp
1947,38.94,1.0,0.0,0.21912860870361328,0.6382218599319458,0.09137836843729019,0.46413305401802063,0,2000,comp,4,80,42,1.0,0.0,walk_delay_comp
1948,38.96,1.0,0.0,0.21373462677001953,0.6454851031303406,0.10321490466594696,0.4594201445579529,0,2000,comp,4,80,42,1.0,0.0,walk_delay_comp
1949,38.980000000000004,1.0,0.0,0.20858538150787354,0.6693838834762573,0.11680829524993896,0.48794126510620117,0,2000,comp,4,80,42,1.0,0.0,walk_delay_comp
1950,39.0,1.0,0.0,0.203924298286438,0.6872952580451965,0.1352226585149765,0.40580394864082336,0,2000,comp,4,80,42,1.0,0.0,walk_delay_comp
1951,39.02,1.0,0.0,0.20044445991516113,0.7141786813735962,0.15204517543315887,0.32058537006378174,0,2000,comp,4,80,42,1.0,0.0,walk_delay_comp
1952,39.04,1.0,0.0,0.19834280014038086,0.744897186756134,0.1666111946105957,0.2169344127178192,0,2000,comp,4,80,42,1.0,0.0,walk_delay_comp
1953,39.06,1.0,0.0,0.19797801971435547,0.7753764986991882,0.18287460505962372,0.10018516331911087,0,2000,comp,4,80,42,1.0,0.0,walk_delay_comp
1954,39.08,1.0,0.0,0.19884467124938965,0.8070763349533081,0.20489034056663513,0.0726175457239151,0,2000,comp,4,80,42,1.0,0.0,walk_delay_comp
1955,39.1,1.0,0.0,0.199853777885437,0.829559326171875,0.23371896147727966,0.08968521654605865,0,2000,comp,4,80,42,1.0,0.0,walk_delay_comp
1956,39.12,1.0,0.0,0.19904208183288574,0.8389831185340881,0.2693593204021454,0.2111644595861435,0,2000,comp,4,80,42,1.0,0.0,walk_delay_comp
1957,39.14,1.0,0.0,0.1965188980102539,0.8448298573493958,0.3001709580421448,0.31627464294433594,0,2000,comp,4,80,42,1.0,0.0,walk_delay_comp
1958,39.160000000000004,1.0,0.0,0.19327235221862793,0.8152978420257568,0.31180673837661743,0.5185657143592834,0,2000,comp,4,80,42,1.0,0.0,walk_delay_comp
1959,39.18,1.0,0.0,0.1909022331237793,0.756027340888977,0.22790983319282532,0.034393712878227234,0,2000,comp,4,80,42,1.0,0.0,walk_delay_comp
1960,39.2,1.0,0.0,0.19401252269744873,0.7051310539245605,0.16471460461616516,-0.26022759079933167,0,2000,comp,4,80,42,1.0,0.0,walk_delay_comp
1961,39.22,1.0,0.0,0.19863402843475342,0.6730906963348389,0.12256022542715073,-0.08007115870714188,0,2000,comp,4,80,42,1.0,0.0,walk_delay_comp
1962,39.24,1.0,0.0,0.20029723644256592,0.6664829850196838,0.09712965041399002,0.3250117301940918,0,2000,comp,4,80,42,1.0,0.0,walk_delay_comp
1963,39.26,1.0,0.0,0.1987539529800415,0.6722796559333801,0.07229292392730713,0.49145397543907166,0,2000,comp,4,80,42,1.0,0.0,walk_delay_comp
1964,39.28,1.0,0.0,0.1953110694885254,0.6866620182991028,0.0468505322933197,0.5348484516143799,0,2000,comp,4,80,42,1.0,0.0,walk_delay_comp
1965,39.300000000000004,1.0,0.0,0.19439029693603516,0.6860002875328064,0.019097832962870598,0.07411504536867142,0,2000,comp,4,80,42,1.0,0.0,walk_delay_comp
1966,39.32,1.0,0.0,0.19700360298156738,0.6740140914916992,0.0017596783582121134,-0.21041318774223328,0,2000,comp,4,80,42,1.0,0.0,walk_delay_comp
1967,39.34,1.0,0.0,0.20098567008972168,0.6632375121116638,-0.010688776150345802,-0.30640286207199097,0,2000,comp,4,80,42,1.0,0.0,walk_delay_comp
1968,39.36,1.0,0.0,0.20471727848052979,0.6666080951690674,-0.018728239461779594,-0.2952815890312195,0,2000,comp,4,80,42,1.0,0.0,walk_delay_comp
1969,39.38,1.0,0.0,0.20716333389282227,0.6916953325271606,-0.02865527756512165,-0.16982680559158325,0,2000,comp,4,80,42,1.0,0.0,walk_delay_comp
1970,39.4,1.0,0.0,0.20888662338256836,0.7128638625144958,-0.05000607296824455,-0.11093224585056305,0,2000,comp,4,80,42,1.0,0.0,walk_delay_comp
1971,39.42,1.0,0.0,0.20986449718475342,0.751961350440979,-0.06207544356584549,-0.12147942930459976,0,2000,comp,4,80,42,1.0,0.0,walk_delay_comp
1972,39.44,1.0,0.0,0.21182668209075928,0.7756441235542297,-0.0862896740436554,-0.25543150305747986,0,2000,comp,4,80,42,1.0,0.0,walk_delay_comp
1973,39.46,1.0,0.0,0.21398770809173584,0.8136354088783264,-0.10647457838058472,-0.2690667510032654,0,2000,comp,4,80,42,1.0,0.0,walk_delay_comp
1974,39.480000000000004,1.0,0.0,0.21558988094329834,0.8570830225944519,-0.12504452466964722,-0.2553572952747345,0,2000,comp,4,80,42,1.0,0.0,walk_delay_comp
1975,39.5,1.0,0.0,0.21595501899719238,0.8974045515060425,-0.1446089893579483,-0.13394634425640106,0,2000,comp,4,80,42,1.0,0.0,walk_delay_comp
1976,39.52,1.0,0.0,0.21503353118896484,0.9312378168106079,-0.1716349869966507,0.001796018099412322,0,2000,comp,4,80,42,1.0,0.0,walk_delay_comp
1977,39.54,1.0,0.0,0.2133387327194214,0.9567988514900208,-0.20380862057209015,0.11772044003009796,0,2000,comp,4,80,42,1.0,0.0,walk_delay_comp
1978,39.56,1.0,0.0,0.21145522594451904,0.975630521774292,-0.23680198192596436,0.1605088710784912,0,2000,comp,4,80,42,1.0,0.0,walk_delay_comp
1979,39.58,1.0,0.0,0.21157121658325195,0.9022697806358337,-0.21138155460357666,-0.2714455723762512,0,2000,comp,4,80,42,1.0,0.0,walk_delay_comp
1980,39.6,1.0,0.0,0.20972859859466553,0.8332775831222534,-0.1412147879600525,0.40544041991233826,0,2000,comp,4,80,42,1.0,0.0,walk_delay_comp
1981,39.62,1.0,0.0,0.2035754919052124,0.7690671682357788,-0.08932024240493774,0.4749017357826233,0,2000,comp,4,80,42,1.0,0.0,walk_delay_comp
1982,39.64,1.0,0.0,0.19818246364593506,0.728804349899292,-0.053036220371723175,0.1612798422574997,0,2000,comp,4,80,42,1.0,0.0,walk_delay_comp
1983,39.660000000000004,1.0,0.0,0.19701015949249268,0.7139698266983032,-0.03261449933052063,-0.3706682026386261,0,2000,comp,4,80,42,1.0,0.0,walk_delay_comp
1984,39.68,1.0,0.0,0.20054912567138672,0.7086110711097717,-0.015808483585715294,-0.70147705078125,0,2000,comp,4,80,42,1.0,0.0,walk_delay_comp
1985,39.7,1.0,0.0,0.20617401599884033,0.6972748637199402,0.012355990707874298,-0.7595201730728149,0,2000,comp,4,80,42,1.0,0.0,walk_delay_comp
1986,39.72,1.0,0.0,0.2102818489074707,0.6862549185752869,0.04196988046169281,-0.39692622423171997,0,2000,comp,4,80,42,1.0,0.0,walk_delay_comp
1987,39.74,1.0,0.0,0.21015572547912598,0.6608615517616272,0.07113653421401978,0.010136280208826065,0,2000,comp,4,80,42,1.0,0.0,walk_delay_comp
1988,39.76,1.0,0.0,0.20751667022705078,0.6492379903793335,0.08869682252407074,0.2142532914876938,0,2000,comp,4,80,42,1.0,0.0,walk_delay_comp
1989,39.78,1.0,0.0,0.20284712314605713,0.6401721835136414,0.10355047881603241,0.4346160888671875,0,2000,comp,4,80,42,1.0,0.0,walk_delay_comp
1990,39.800000000000004,1.0,0.0,0.19731998443603516,0.6412349939346313,0.11473658680915833,0.47972437739372253,0,2000,comp,4,80,42,1.0,0.0,walk_delay_comp
1991,39.82,1.0,0.0,0.1921161413192749,0.6608632802963257,0.12688228487968445,0.48225006461143494,0,2000,comp,4,80,42,1.0,0.0,walk_delay_comp
1992,39.84,1.0,0.0,0.1871044635772705,0.6779780983924866,0.1467912644147873,0.4499188959598541,0,2000,comp,4,80,42,1.0,0.0,walk_delay_comp
1993,39.86,1.0,0.0,0.18271315097808838,0.7027539610862732,0.1660500466823578,0.394514799118042,0,2000,comp,4,80,42,1.0,0.0,walk_delay_comp
1994,39.88,1.0,0.0,0.17999649047851562,0.7343793511390686,0.17970241606235504,0.24363990128040314,0,2000,comp,4,80,42,1.0,0.0,walk_delay_comp
1995,39.9,1.0,0.0,0.1789865493774414,0.7671235203742981,0.1959979385137558,0.14442332088947296,0,2000,comp,4,80,42,1.0,0.0,walk_delay_comp
1996,39.92,1.0,0.0,0.17974841594696045,0.7988970279693604,0.2163333296775818,0.0352993942797184,0,2000,comp,4,80,42,1.0,0.0,walk_delay_comp
1997,39.94,1.0,0.0,0.18150603771209717,0.8236985802650452,0.2450334131717682,0.008956256322562695,0,2000,comp,4,80,42,1.0,0.0,walk_delay_comp
1998,39.96,1.0,0.0,0.18229973316192627,0.8362764716148376,0.28123703598976135,0.08827593177556992,0,2000,comp,4,80,42,1.0,0.0,walk_delay_comp
1999,39.980000000000004,1.0,0.0,-1.3177984952926636,-0.4408535361289978,0.5005143284797668,-0.3741647005081177,0,2000,comp,4,80,42,1.0,0.0,walk_delay_comp
