step,time_s,vx_cmd,vy_cmd,yaw_cmd,vx_actual,vy_actual,yaw_actual,fell,episode_steps,policy,delay_steps,delay_ms,seed,lin_vel_x,lin_vel_y,task
0,0.0,1.0,0.0,-1.0261290073394775,0.20812943577766418,-0.42459630966186523,-1.0191771984100342,0,2000,history20,2,40,42,1.0,0.0,walk_history_ablation
1,0.02,1.0,0.0,-1.0118305683135986,0.20725464820861816,-0.4311988651752472,-1.385155200958252,0,2000,history20,2,40,42,1.0,0.0,walk_history_ablation
2,0.04,1.0,0.0,-1.0039669275283813,0.17937347292900085,-0.43787866830825806,-0.3515714108943939,0,2000,history20,2,40,42,1.0,0.0,walk_history_ablation
3,0.06,1.0,0.0,-1.0021368265151978,0.07269459217786789,-0.34430378675460815,-0.00756420474499464,0,2000,history20,2,40,42,1.0,0.0,walk_history_ablation
4,0.08,1.0,0.0,-1.0006427764892578,0.002901366213336587,-0.36312857270240784,0.5068820118904114,0,2000,history20,2,40,42,1.0,0.0,walk_history_ablation
5,0.1,1.0,0.0,-1.0052292346954346,0.0016839441377669573,-0.4914246201515198,0.5270214676856995,0,2000,history20,2,40,42,1.0,0.0,walk_history_ablation
6,0.12,1.0,0.0,-1.0046476125717163,0.06201041117310524,-0.5319464802742004,-0.16800731420516968,0,2000,history20,2,40,42,1.0,0.0,walk_history_ablation
7,0.14,1.0,0.0,-0.9975511431694031,0.13903075456619263,-0.5610637068748474,-1.0177139043807983,0,2000,history20,2,40,42,1.0,0.0,walk_history_ablation
8,0.16,1.0,0.0,-0.9862374067306519,0.19072766602039337,-0.5887812376022339,-1.1321117877960205,0,2000,history20,2,40,42,1.0,0.0,walk_history_ablation
9,0.18,1.0,0.0,-0.9749355316162109,0.27143585681915283,-0.6113912463188171,-1.083282232284546,0,2000,history20,2,40,42,1.0,0.0,walk_history_ablation
10,0.2,1.0,0.0,-0.9625515937805176,0.3355981409549713,-0.6353342533111572,-1.3642778396606445,0,2000,history20,2,40,42,1.0,0.0,walk_history_ablation
11,0.22,1.0,0.0,-0.948889434337616,0.40034544467926025,-0.6642453670501709,-1.3008861541748047,0,2000,history20,2,40,42,1.0,0.0,walk_history_ablation
12,0.24,1.0,0.0,-0.9419262409210205,0.4245738685131073,-0.6950868368148804,-0.3364568054676056,0,2000,history20,2,40,42,1.0,0.0,walk_history_ablation
13,0.26,1.0,0.0,-0.9421647787094116,0.44741037487983704,-0.7251640558242798,0.06735952943563461,0,2000,history20,2,40,42,1.0,0.0,walk_history_ablation
14,0.28,1.0,0.0,-0.9430928230285645,0.4761430621147156,-0.7891474962234497,-0.03353089094161987,0,2000,history20,2,40,42,1.0,0.0,walk_history_ablation
15,0.3,1.0,0.0,-0.9474568963050842,0.4897213876247406,-0.8310072422027588,0.5150017738342285,0,2000,history20,2,40,42,1.0,0.0,walk_history_ablation
16,0.32,1.0,0.0,-0.9561232328414917,0.49713993072509766,-0.8748010993003845,0.7729430794715881,0,2000,history20,2,40,42,1.0,0.0,walk_history_ablation
17,0.34,1.0,0.0,-0.9624022841453552,0.5089554190635681,-0.9289714097976685,0.1662534922361374,0,2000,history20,2,40,42,1.0,0.0,walk_history_ablation
18,0.36,1.0,0.0,-0.9629763960838318,0.45708292722702026,-0.9367197155952454,-0.4706207811832428,0,2000,history20,2,40,42,1.0,0.0,walk_history_ablation
19,0.38,1.0,0.0,-0.9687541127204895,0.40055960416793823,-0.7473665475845337,1.287851095199585,0,2000,history20,2,40,42,1.0,0.0,walk_history_ablation
20,0.4,1.0,0.0,-0.9817219376564026,0.353346049785614,-0.601018488407135,1.1220529079437256,0,2000,history20,2,40,42,1.0,0.0,walk_history_ablation
21,0.42,1.0,0.0,-0.9867452383041382,0.36187130212783813,-0.4888593256473541,0.1563158482313156,0,2000,history20,2,40,42,1.0,0.0,walk_history_ablation
22,0.44,1.0,0.0,-0.9843622446060181,0.371513307094574,-0.4420497417449951,-0.6399765014648438,0,2000,history20,2,40,42,1.0,0.0,walk_history_ablation
23,0.46,1.0,0.0,-0.9776049852371216,0.3983660638332367,-0.43598949909210205,-0.8815582394599915,0,2000,history20,2,40,42,1.0,0.0,walk_history_ablation
24,0.48,1.0,0.0,-0.9718407988548279,0.4040522873401642,-0.4295158088207245,-0.638020932674408,0,2000,history20,2,40,42,1.0,0.0,walk_history_ablation
25,0.5,1.0,0.0,-0.9695844650268555,0.3854132294654846,-0.4187396764755249,-0.31217464804649353,0,2000,history20,2,40,42,1.0,0.0,walk_history_ablation
26,0.52,1.0,0.0,-0.970004677772522,0.35768115520477295,-0.3863397240638733,-0.16364678740501404,0,2000,history20,2,40,42,1.0,0.0,walk_history_ablation
27,0.54,1.0,0.0,-0.9711288213729858,0.3177613914012909,-0.34694015979766846,-0.2195366770029068,0,2000,history20,2,40,42,1.0,0.0,walk_history_ablation
28,0.56,1.0,0.0,-0.9733117818832397,0.2931613624095917,-0.31014320254325867,-0.01769733801484108,0,2000,history20,2,40,42,1.0,0.0,walk_history_ablation
29,0.58,1.0,0.0,-0.9762394428253174,0.2909800410270691,-0.29082903265953064,0.13488945364952087,0,2000,history20,2,40,42,1.0,0.0,walk_history_ablation
30,0.6,1.0,0.0,-0.9795776009559631,0.29354819655418396,-0.27966898679733276,0.21520113945007324,0,2000,history20,2,40,42,1.0,0.0,walk_history_ablation
31,0.62,1.0,0.0,-0.9839044809341431,0.2899533212184906,-0.26560530066490173,0.34412068128585815,0,2000,history20,2,40,42,1.0,0.0,walk_history_ablation
32,0.64,1.0,0.0,-0.9875427484512329,0.29055699706077576,-0.25757840275764465,0.22933658957481384,0,2000,history20,2,40,42,1.0,0.0,walk_history_ablation
33,0.66,1.0,0.0,-0.9893383979797363,0.287723183631897,-0.2438194751739502,0.01878521405160427,0,2000,history20,2,40,42,1.0,0.0,walk_history_ablation
34,0.68,1.0,0.0,-0.9881105422973633,0.2913755178451538,-0.23236344754695892,-0.2607721984386444,0,2000,history20,2,40,42,1.0,0.0,walk_history_ablation
35,0.7000000000000001,1.0,0.0,-0.9846563339233398,0.30193930864334106,-0.2184573858976364,-0.3261672556400299,0,2000,history20,2,40,42,1.0,0.0,walk_history_ablation
36,0.72,1.0,0.0,-0.9810320138931274,0.3089626133441925,-0.19867759943008423,-0.32375383377075195,0,2000,history20,2,40,42,1.0,0.0,walk_history_ablation
37,0.74,1.0,0.0,-0.9764547944068909,0.3242238461971283,-0.18059194087982178,-0.41749438643455505,0,2000,history20,2,40,42,1.0,0.0,walk_history_ablation
38,0.76,1.0,0.0,-0.9716307520866394,0.3431728184223175,-0.1573871523141861,-0.361802339553833,0,2000,history20,2,40,42,1.0,0.0,walk_history_ablation
39,0.78,1.0,0.0,-0.966855525970459,0.3680671155452728,-0.13259316980838776,-0.341923326253891,0,2000,history20,2,40,42,1.0,0.0,walk_history_ablation
40,0.8,1.0,0.0,-0.9620926380157471,0.39657485485076904,-0.10032276809215546,-0.3588375151157379,0,2000,history20,2,40,42,1.0,0.0,walk_history_ablation
41,0.8200000000000001,1.0,0.0,-0.9580884575843811,0.41526690125465393,-0.06844215095043182,-0.29073917865753174,0,2000,history20,2,40,42,1.0,0.0,walk_history_ablation
42,0.84,1.0,0.0,-0.9547795653343201,0.432140976190567,-0.040291424840688705,-0.2523028254508972,0,2000,history20,2,40,42,1.0,0.0,walk_history_ablation
43,0.86,1.0,0.0,-0.9521077871322632,0.457974910736084,-0.01582653634250164,-0.13305027782917023,0,2000,history20,2,40,42,1.0,0.0,walk_history_ablation
44,0.88,1.0,0.0,-0.9514638781547546,0.4891514480113983,0.005302146077156067,0.18945160508155823,0,2000,history20,2,40,42,1.0,0.0,walk_history_ablation
45,0.9,1.0,0.0,-0.9498805999755859,0.46433329582214355,0.009017640724778175,0.08567589521408081,0,2000,history20,2,40,42,1.0,0.0,walk_history_ablation
46,0.92,1.0,0.0,-0.9463823437690735,0.3878217041492462,0.0004066694527864456,-0.43383142352104187,0,2000,history20,2,40,42,1.0,0.0,walk_history_ablation
47,0.9400000000000001,1.0,0.0,-0.9381085634231567,0.31898054480552673,-0.04958485811948776,-0.7489806413650513,0,2000,history20,2,40,42,1.0,0.0,walk_history_ablation
48,0.96,1.0,0.0,-0.9280229806900024,0.30519112944602966,-0.06566142290830612,-0.736441433429718,0,2000,history20,2,40,42,1.0,0.0,walk_history_ablation
49,0.98,1.0,0.0,-0.9202010035514832,0.3137708604335785,-0.06974641233682632,-0.4398800730705261,0,2000,history20,2,40,42,1.0,0.0,walk_history_ablation
50,1.0,1.0,0.0,-0.9157618880271912,0.33198609948158264,-0.08365745842456818,-0.1279463768005371,0,2000,history20,2,40,42,1.0,0.0,walk_history_ablation
51,1.02,1.0,0.0,-0.9140061736106873,0.3540441393852234,-0.09859182685613632,0.0391140878200531,0,2000,history20,2,40,42,1.0,0.0,walk_history_ablation
52,1.04,1.0,0.0,-0.9139020442962646,0.38067522644996643,-0.11442401260137558,0.13988375663757324,0,2000,history20,2,40,42,1.0,0.0,walk_history_ablation
53,1.06,1.0,0.0,-0.9146968722343445,0.40930673480033875,-0.1291608065366745,0.13455525040626526,0,2000,history20,2,40,42,1.0,0.0,walk_history_ablation
54,1.08,1.0,0.0,-0.9154497385025024,0.4303920567035675,-0.1411830484867096,0.06223206967115402,0,2000,history20,2,40,42,1.0,0.0,walk_history_ablation
55,1.1,1.0,0.0,-0.9150255918502808,0.44342637062072754,-0.1536378264427185,-0.10068092495203018,0,2000,history20,2,40,42,1.0,0.0,walk_history_ablation
56,1.12,1.0,0.0,-0.913449227809906,0.46092256903648376,-0.16301468014717102,-0.2296055108308792,0,2000,history20,2,40,42,1.0,0.0,walk_history_ablation
57,1.1400000000000001,1.0,0.0,-0.910774290561676,0.47530925273895264,-0.1766483187675476,-0.34808093309402466,0,2000,history20,2,40,42,1.0,0.0,walk_history_ablation
58,1.16,1.0,0.0,-0.908024251461029,0.49543052911758423,-0.19238221645355225,-0.3633098602294922,0,2000,history20,2,40,42,1.0,0.0,walk_history_ablation
59,1.18,1.0,0.0,-0.9050832986831665,0.5289449095726013,-0.2118223011493683,-0.4550715982913971,0,2000,history20,2,40,42,1.0,0.0,walk_history_ablation
60,1.2,1.0,0.0,-0.9025025367736816,0.5541269779205322,-0.23316745460033417,-0.35878488421440125,0,2000,history20,2,40,42,1.0,0.0,walk_history_ablation
61,1.22,1.0,0.0,-0.90001380443573,0.5794861316680908,-0.25931480526924133,-0.40927907824516296,0,2000,history20,2,40,42,1.0,0.0,walk_history_ablation
62,1.24,1.0,0.0,-0.8970736265182495,0.5855831503868103,-0.283234179019928,-0.3518993854522705,0,2000,history20,2,40,42,1.0,0.0,walk_history_ablation
63,1.26,1.0,0.0,-0.8947982788085938,0.5933585166931152,-0.3071773946285248,-0.32919612526893616,0,2000,history20,2,40,42,1.0,0.0,walk_history_ablation
64,1.28,1.0,0.0,-0.8921815752983093,0.6016377806663513,-0.33436065912246704,-0.33818915486335754,0,2000,history20,2,40,42,1.0,0.0,walk_history_ablation
65,1.3,1.0,0.0,-0.889671802520752,0.6100993156433105,-0.3573806881904602,-0.2911662459373474,0,2000,history20,2,40,42,1.0,0.0,walk_history_ablation
66,1.32,1.0,0.0,-0.8872796297073364,0.5469433665275574,-0.29346993565559387,-0.23474107682704926,0,2000,history20,2,40,42,1.0,0.0,walk_history_ablation
67,1.34,1.0,0.0,-0.8878044486045837,0.5167562365531921,-0.2535010576248169,0.02064431458711624,0,2000,history20,2,40,42,1.0,0.0,walk_history_ablation
68,1.36,1.0,0.0,-0.8893368244171143,0.4986909031867981,-0.22494322061538696,-0.1980767399072647,0,2000,history20,2,40,42,1.0,0.0,walk_history_ablation
69,1.3800000000000001,1.0,0.0,-0.8879157900810242,0.4742406904697418,-0.2063238024711609,-0.6847713589668274,0,2000,history20,2,40,42,1.0,0.0,walk_history_ablation
70,1.4000000000000001,1.0,0.0,-0.8824225664138794,0.46378636360168457,-0.1813710629940033,-0.9496064186096191,0,2000,history20,2,40,42,1.0,0.0,walk_history_ablation
71,1.42,1.0,0.0,-0.8762456178665161,0.4621543884277344,-0.15069659054279327,-0.8648988008499146,0,2000,history20,2,40,42,1.0,0.0,walk_history_ablation
72,1.44,1.0,0.0,-0.8694560527801514,0.4761257767677307,-0.12541255354881287,-0.8499525785446167,0,2000,history20,2,40,42,1.0,0.0,walk_history_ablation
73,1.46,1.0,0.0,-0.8628931641578674,0.48416587710380554,-0.10327140241861343,-0.724602997303009,0,2000,history20,2,40,42,1.0,0.0,walk_history_ablation
74,1.48,1.0,0.0,-0.85829758644104,0.4885253310203552,-0.07891464978456497,-0.4480940103530884,0,2000,history20,2,40,42,1.0,0.0,walk_history_ablation
75,1.5,1.0,0.0,-0.8558706641197205,0.4920252561569214,-0.06012329086661339,-0.22620907425880432,0,2000,history20,2,40,42,1.0,0.0,walk_history_ablation
76,1.52,1.0,0.0,-0.8549426198005676,0.5018044710159302,-0.0458994023501873,-0.05494587495923042,0,2000,history20,2,40,42,1.0,0.0,walk_history_ablation
77,1.54,1.0,0.0,-0.8561485409736633,0.5076878666877747,-0.029000205919146538,0.17254069447517395,0,2000,history20,2,40,42,1.0,0.0,walk_history_ablation
78,1.56,1.0,0.0,-0.8581782579421997,0.5087429881095886,-0.007681203540414572,0.18522147834300995,0,2000,history20,2,40,42,1.0,0.0,walk_history_ablation
79,1.58,1.0,0.0,-0.8600326776504517,0.5191025733947754,0.01090958621352911,0.21813617646694183,0,2000,history20,2,40,42,1.0,0.0,walk_history_ablation
80,1.6,1.0,0.0,-0.8621434569358826,0.5483832955360413,0.02877102605998516,0.26996397972106934,0,2000,history20,2,40,42,1.0,0.0,walk_history_ablation
81,1.62,1.0,0.0,-0.8645243644714355,0.5810584425926208,0.048598457127809525,0.30701589584350586,0,2000,history20,2,40,42,1.0,0.0,walk_history_ablation
82,1.6400000000000001,1.0,0.0,-0.8652558326721191,0.6188560128211975,0.06178128346800804,0.14748558402061462,0,2000,history20,2,40,42,1.0,0.0,walk_history_ablation
83,1.6600000000000001,1.0,0.0,-0.8653165698051453,0.6446811556816101,0.08878494799137115,0.07166313380002975,0,2000,history20,2,40,42,1.0,0.0,walk_history_ablation
84,1.68,1.0,0.0,-0.8637518882751465,0.6598894000053406,0.11188293993473053,-0.14586539566516876,0,2000,history20,2,40,42,1.0,0.0,walk_history_ablation
85,1.7,1.0,0.0,-0.8602916598320007,0.6729445457458496,0.13895300030708313,-0.3379949927330017,0,2000,history20,2,40,42,1.0,0.0,walk_history_ablation
86,1.72,1.0,0.0,-0.8558444976806641,0.6897530555725098,0.16551828384399414,-0.29276764392852783,0,2000,history20,2,40,42,1.0,0.0,walk_history_ablation
87,1.74,1.0,0.0,-0.8541316986083984,0.7117530107498169,0.19316641986370087,0.07164868712425232,0,2000,history20,2,40,42,1.0,0.0,walk_history_ablation
88,1.76,1.0,0.0,-0.8519445061683655,0.6859123110771179,0.20336394011974335,0.055372148752212524,0,2000,history20,2,40,42,1.0,0.0,walk_history_ablation
89,1.78,1.0,0.0,-0.8496981263160706,0.5684949159622192,0.1482342928647995,-0.13543452322483063,0,2000,history20,2,40,42,1.0,0.0,walk_history_ablation
90,1.8,1.0,0.0,-0.8429166078567505,0.5112332701683044,0.1036050021648407,-0.5649677515029907,0,2000,history20,2,40,42,1.0,0.0,walk_history_ablation
91,1.82,1.0,0.0,-0.8347448706626892,0.4812542796134949,0.07444033026695251,-0.5261645317077637,0,2000,history20,2,40,42,1.0,0.0,walk_history_ablation
92,1.84,1.0,0.0,-0.8290782570838928,0.47984978556632996,0.0623866505920887,-0.21246221661567688,0,2000,history20,2,40,42,1.0,0.0,walk_history_ablation
93,1.86,1.0,0.0,-0.8261566162109375,0.49065133929252625,0.04240542650222778,-0.004984523635357618,0,2000,history20,2,40,42,1.0,0.0,walk_history_ablation
94,1.8800000000000001,1.0,0.0,-0.8243368864059448,0.5157894492149353,0.022601323202252388,-0.03586585074663162,0,2000,history20,2,40,42,1.0,0.0,walk_history_ablation
95,1.9000000000000001,1.0,0.0,-0.8229984045028687,0.5452487468719482,0.007021027617156506,-0.03153616935014725,0,2000,history20,2,40,42,1.0,0.0,walk_history_ablation
96,1.92,1.0,0.0,-0.8215799331665039,0.5722583532333374,-0.007470455951988697,-0.09715929627418518,0,2000,history20,2,40,42,1.0,0.0,walk_history_ablation
97,1.94,1.0,0.0,-0.8197762966156006,0.5992087721824646,-0.019614120945334435,-0.18173672258853912,0,2000,history20,2,40,42,1.0,0.0,walk_history_ablation
98,1.96,1.0,0.0,-0.8169639110565186,0.6212000250816345,-0.030625686049461365,-0.31181660294532776,0,2000,history20,2,40,42,1.0,0.0,walk_history_ablation
99,1.98,1.0,0.0,-0.8132604360580444,0.6410362720489502,-0.04197321832180023,-0.39822670817375183,0,2000,history20,2,40,42,1.0,0.0,walk_history_ablation
100,2.0,1.0,0.0,-0.8090991973876953,0.6640449166297913,-0.0563705712556839,-0.45269930362701416,0,2000,history20,2,40,42,1.0,0.0,walk_history_ablation
101,2.02,1.0,0.0,-0.8048210740089417,0.698313295841217,-0.07402017712593079,-0.4981114864349365,0,2000,history20,2,40,42,1.0,0.0,walk_history_ablation
102,2.04,1.0,0.0,-0.8016442060470581,0.7356711030006409,-0.0920737013220787,-0.37188780307769775,0,2000,history20,2,40,42,1.0,0.0,walk_history_ablation
103,2.06,1.0,0.0,-0.799813985824585,0.7776848077774048,-0.11739495396614075,-0.3243439495563507,0,2000,history20,2,40,42,1.0,0.0,walk_history_ablation
104,2.08,1.0,0.0,-0.7976871132850647,0.8035088777542114,-0.14456740021705627,-0.3384285569190979,0,2000,history20,2,40,42,1.0,0.0,walk_history_ablation
105,2.1,1.0,0.0,-0.7951074838638306,0.8159651756286621,-0.1684688776731491,-0.3751288056373596,0,2000,history20,2,40,42,1.0,0.0,walk_history_ablation
106,2.12,1.0,0.0,-0.7925386428833008,0.8164700865745544,-0.18712057173252106,-0.28532806038856506,0,2000,history20,2,40,42,1.0,0.0,walk_history_ablation
107,2.14,1.0,0.0,-0.7908158302307129,0.8205587267875671,-0.2065037488937378,-0.1642686128616333,0,2000,history20,2,40,42,1.0,0.0,walk_history_ablation
108,2.16,1.0,0.0,-0.788424015045166,0.7577816843986511,-0.1833600401878357,-0.2924921214580536,0,2000,history20,2,40,42,1.0,0.0,walk_history_ablation
109,2.18,1.0,0.0,-0.7857558131217957,0.6807169318199158,-0.11469652503728867,-0.2579810321331024,0,2000,history20,2,40,42,1.0,0.0,walk_history_ablation
110,2.2,1.0,0.0,-0.7846067547798157,0.6520789861679077,-0.0885106697678566,-0.23288077116012573,0,2000,history20,2,40,42,1.0,0.0,walk_history_ablation
111,2.22,1.0,0.0,-0.7832804918289185,0.6426888704299927,-0.07731904089450836,-0.46956560015678406,0,2000,history20,2,40,42,1.0,0.0,walk_history_ablation
112,2.24,1.0,0.0,-0.7806704640388489,0.618133544921875,-0.06892022490501404,-0.7008286714553833,0,2000,history20,2,40,42,1.0,0.0,walk_history_ablation
113,2.2600000000000002,1.0,0.0,-0.7763634324073792,0.6052427291870117,-0.04812835529446602,-0.8032428622245789,0,2000,history20,2,40,42,1.0,0.0,walk_history_ablation
114,2.2800000000000002,1.0,0.0,-0.7712467312812805,0.6036573648452759,-0.023353835567831993,-0.7830004096031189,0,2000,history20,2,40,42,1.0,0.0,walk_history_ablation
115,2.3000000000000003,1.0,0.0,-0.7646369338035583,0.6190880537033081,-0.006703040562570095,-0.8237329721450806,0,2000,history20,2,40,42,1.0,0.0,walk_history_ablation
116,2.32,1.0,0.0,-0.7592105269432068,0.6224894523620605,0.01469937153160572,-0.5936650037765503,0,2000,history20,2,40,42,1.0,0.0,walk_history_ablation
117,2.34,1.0,0.0,-0.7555042505264282,0.6236421465873718,0.03514646738767624,-0.40478894114494324,0,2000,history20,2,40,42,1.0,0.0,walk_history_ablation
118,2.36,1.0,0.0,-0.7532549500465393,0.630153238773346,0.04923634231090546,-0.21676965057849884,0,2000,history20,2,40,42,1.0,0.0,walk_history_ablation
119,2.38,1.0,0.0,-0.752256453037262,0.6375813484191895,0.06349173933267593,-0.07139993458986282,0,2000,history20,2,40,42,1.0,0.0,walk_history_ablation
120,2.4,1.0,0.0,-0.7536044120788574,0.6440008282661438,0.07919883728027344,0.19440895318984985,0,2000,history20,2,40,42,1.0,0.0,walk_history_ablation
121,2.42,1.0,0.0,-0.7562149167060852,0.6490212082862854,0.09935050457715988,0.24906542897224426,0,2000,history20,2,40,42,1.0,0.0,walk_history_ablation
122,2.44,1.0,0.0,-0.7585262060165405,0.6642521619796753,0.11295273900032043,0.2618996202945709,0,2000,history20,2,40,42,1.0,0.0,walk_history_ablation
123,2.46,1.0,0.0,-0.7613526582717896,0.698205292224884,0.1298006772994995,0.3533051013946533,0,2000,history20,2,40,42,1.0,0.0,walk_history_ablation
124,2.48,1.0,0.0,-0.7643976211547852,0.7353413701057434,0.14748097956180573,0.3875603675842285,0,2000,history20,2,40,42,1.0,0.0,walk_history_ablation
125,2.5,1.0,0.0,-0.765932559967041,0.768568754196167,0.16368886828422546,0.23054543137550354,0,2000,history20,2,40,42,1.0,0.0,walk_history_ablation
126,2.52,1.0,0.0,-0.7663172483444214,0.787507176399231,0.19276753067970276,0.06586438417434692,0,2000,history20,2,40,42,1.0,0.0,walk_history_ablation
127,2.54,1.0,0.0,-0.7644805312156677,0.8012952208518982,0.21800683438777924,-0.19413891434669495,0,2000,history20,2,40,42,1.0,0.0,walk_history_ablation
128,2.56,1.0,0.0,-0.7612927556037903,0.8115764856338501,0.24801138043403625,-0.27827903628349304,0,2000,history20,2,40,42,1.0,0.0,walk_history_ablation
129,2.58,1.0,0.0,-0.7575181126594543,0.8246204257011414,0.27417710423469543,-0.24863889813423157,0,2000,history20,2,40,42,1.0,0.0,walk_history_ablation
130,2.6,1.0,0.0,-0.7561339139938354,0.8569797277450562,0.30662664771080017,0.050532445311546326,0,2000,history20,2,40,42,1.0,0.0,walk_history_ablation
131,2.62,1.0,0.0,-0.7504671216011047,0.7658896446228027,0.2976318597793579,-0.03418765217065811,0,2000,history20,2,40,42,1.0,0.0,walk_history_ablation
132,2.64,1.0,0.0,-0.7464286088943481,0.6688796281814575,0.21107377111911774,-0.37450864911079407,0,2000,history20,2,40,42,1.0,0.0,walk_history_ablation
133,2.66,1.0,0.0,-0.7398529648780823,0.6209185719490051,0.1628083884716034,-0.3965986669063568,0,2000,history20,2,40,42,1.0,0.0,walk_history_ablation
134,2.68,1.0,0.0,-0.7338273525238037,0.602837860584259,0.13571633398532867,-0.268014132976532,0,2000,history20,2,40,42,1.0,0.0,walk_history_ablation
135,2.7,1.0,0.0,-0.7302345037460327,0.6059350967407227,0.11589056253433228,-0.017434200271964073,0,2000,history20,2,40,42,1.0,0.0,walk_history_ablation
136,2.72,1.0,0.0,-0.7290657162666321,0.621368944644928,0.09346288442611694,0.14244487881660461,0,2000,history20,2,40,42,1.0,0.0,walk_history_ablation
137,2.74,1.0,0.0,-0.7292641997337341,0.6456831097602844,0.07408899068832397,0.1508522778749466,0,2000,history20,2,40,42,1.0,0.0,walk_history_ablation
138,2.7600000000000002,1.0,0.0,-0.729211688041687,0.667914628982544,0.05575830116868019,0.04781816899776459,0,2000,history20,2,40,42,1.0,0.0,walk_history_ablation
139,2.7800000000000002,1.0,0.0,-0.7278684973716736,0.6956861019134521,0.042694173753261566,-0.163228377699852,0,2000,history20,2,40,42,1.0,0.0,walk_history_ablation
140,2.8000000000000003,1.0,0.0,-0.7255280017852783,0.7171873450279236,0.03348094969987869,-0.22832337021827698,0,2000,history20,2,40,42,1.0,0.0,walk_history_ablation
141,2.82,1.0,0.0,-0.7219458818435669,0.7392855882644653,0.02282336726784706,-0.38211095333099365,0,2000,history20,2,40,42,1.0,0.0,walk_history_ablation
142,2.84,1.0,0.0,-0.7177457809448242,0.7621769905090332,0.014294077642261982,-0.43206360936164856,0,2000,history20,2,40,42,1.0,0.0,walk_history_ablation
143,2.86,1.0,0.0,-0.712857723236084,0.7950393557548523,-0.000462221767520532,-0.5674076080322266,0,2000,history20,2,40,42,1.0,0.0,walk_history_ablation
144,2.88,1.0,0.0,-0.7078505158424377,0.8336746692657471,-0.016572026535868645,-0.5490595698356628,0,2000,history20,2,40,42,1.0,0.0,walk_history_ablation
145,2.9,1.0,0.0,-0.7050241827964783,0.8780468702316284,-0.03368090093135834,-0.3516607880592346,0,2000,history20,2,40,42,1.0,0.0,walk_history_ablation
146,2.92,1.0,0.0,-0.7028281092643738,0.9181603789329529,-0.05948781222105026,-0.3543616831302643,0,2000,history20,2,40,42,1.0,0.0,walk_history_ablation
147,2.94,1.0,0.0,-0.7005549669265747,0.941430389881134,-0.0818902850151062,-0.3279838562011719,0,2000,history20,2,40,42,1.0,0.0,walk_history_ablation
148,2.96,1.0,0.0,-0.6983845829963684,0.9515921473503113,-0.10210856795310974,-0.27475106716156006,0,2000,history20,2,40,42,1.0,0.0,walk_history_ablation
149,2.98,1.0,0.0,-0.6967297196388245,0.9538410902023315,-0.11807985603809357,-0.1899181306362152,0,2000,history20,2,40,42,1.0,0.0,walk_history_ablation
150,3.0,1.0,0.0,-0.6956260800361633,0.9543788433074951,-0.12566854059696198,-0.10810225456953049,0,2000,history20,2,40,42,1.0,0.0,walk_history_ablation
151,3.02,1.0,0.0,-0.6916293501853943,0.8048868775367737,-0.07577794790267944,-0.42686891555786133,0,2000,history20,2,40,42,1.0,0.0,walk_history_ablation
152,3.04,1.0,0.0,-0.6892144680023193,0.7341780066490173,-0.03856514394283295,-0.22200359404087067,0,2000,history20,2,40,42,1.0,0.0,walk_history_ablation
153,3.06,1.0,0.0,-0.6887900829315186,0.7020889520645142,-0.025111109018325806,-0.20262335240840912,0,2000,history20,2,40,42,1.0,0.0,walk_history_ablation
154,3.08,1.0,0.0,-0.6880300641059875,0.6753953695297241,-0.021371906623244286,-0.48557472229003906,0,2000,history20,2,40,42,1.0,0.0,walk_history_ablation
155,3.1,1.0,0.0,-0.6849229335784912,0.6446316242218018,-0.012875751592218876,-0.7075384855270386,0,2000,history20,2,40,42,1.0,0.0,walk_history_ablation
156,3.12,1.0,0.0,-0.6817715764045715,0.6187056303024292,0.007646771147847176,-0.6496365666389465,0,2000,history20,2,40,42,1.0,0.0,walk_history_ablation
157,3.14,1.0,0.0,-0.6775039434432983,0.6231986284255981,0.02634201943874359,-0.7063919901847839,0,2000,history20,2,40,42,1.0,0.0,walk_history_ablation
158,3.16,1.0,0.0,-0.6717260479927063,0.6337491869926453,0.039716869592666626,-0.733860969543457,0,2000,history20,2,40,42,1.0,0.0,walk_history_ablation
159,3.18,1.0,0.0,-0.666877269744873,0.6338372826576233,0.058760177344083786,-0.5268044471740723,0,2000,history20,2,40,42,1.0,0.0,walk_history_ablation
160,3.2,1.0,0.0,-0.6636661887168884,0.6317753791809082,0.07819723337888718,-0.3589201271533966,0,2000,history20,2,40,42,1.0,0.0,walk_history_ablation
161,3.22,1.0,0.0,-0.661332905292511,0.6379331350326538,0.09221315383911133,-0.24927681684494019,0,2000,history20,2,40,42,1.0,0.0,walk_history_ablation
162,3.24,1.0,0.0,-0.6600866317749023,0.6421950459480286,0.10702665150165558,-0.08537059277296066,0,2000,history20,2,40,42,1.0,0.0,walk_history_ablation
163,3.2600000000000002,1.0,0.0,-0.6604427695274353,0.6467882394790649,0.12387678027153015,0.07987792044878006,0,2000,history20,2,40,42,1.0,0.0,walk_history_ablation
164,3.2800000000000002,1.0,0.0,-0.6614605188369751,0.6507676243782043,0.1460869014263153,0.18303245306015015,0,2000,history20,2,40,42,1.0,0.0,walk_history_ablation
165,3.3000000000000003,1.0,0.0,-0.6635206937789917,0.6758919358253479,0.16083164513111115,0.30044588446617126,0,2000,history20,2,40,42,1.0,0.0,walk_history_ablation
166,3.3200000000000003,1.0,0.0,-0.666694700717926,0.705939769744873,0.18281584978103638,0.39598220586776733,0,2000,history20,2,40,42,1.0,0.0,walk_history_ablation
167,3.34,1.0,0.0,-0.6689536571502686,0.7467234134674072,0.19553878903388977,0.3225398361682892,0,2000,history20,2,40,42,1.0,0.0,walk_history_ablation
168,3.36,1.0,0.0,-0.6703708171844482,0.7777040600776672,0.22042173147201538,0.24910704791545868,0,2000,history20,2,40,42,1.0,0.0,walk_history_ablation
169,3.38,1.0,0.0,-0.6702684760093689,0.7935688495635986,0.24861472845077515,0.0014072130434215069,0,2000,history20,2,40,42,1.0,0.0,walk_history_ablation
170,3.4,1.0,0.0,-0.6677653789520264,0.8097050786018372,0.2767331302165985,-0.25601914525032043,0,2000,history20,2,40,42,1.0,0.0,walk_history_ablation
171,3.42,1.0,0.0,-0.6641654372215271,0.8235318660736084,0.3078736960887909,-0.24189746379852295,0,2000,history20,2,40,42,1.0,0.0,walk_history_ablation
172,3.44,1.0,0.0,-0.6619822382926941,0.8388604521751404,0.3403814136981964,-0.03946007043123245,0,2000,history20,2,40,42,1.0,0.0,walk_history_ablation
173,3.46,1.0,0.0,-0.6594124436378479,0.8307632803916931,0.3672081530094147,-0.020239723846316338,0,2000,history20,2,40,42,1.0,0.0,walk_history_ablation
174,3.48,1.0,0.0,-0.6574328541755676,0.7045287489891052,0.3035045266151428,0.12530724704265594,0,2000,history20,2,40,42,1.0,0.0,walk_history_ablation
175,3.5,1.0,0.0,-0.6526274085044861,0.6481902003288269,0.23273645341396332,-0.45207110047340393,0,2000,history20,2,40,42,1.0,0.0,walk_history_ablation
176,3.52,1.0,0.0,-0.6452115774154663,0.6135913729667664,0.1838919073343277,-0.4974648356437683,0,2000,history20,2,40,42,1.0,0.0,walk_history_ablation
177,3.54,1.0,0.0,-0.6393643021583557,0.6023132801055908,0.1640041023492813,-0.22385373711585999,0,2000,history20,2,40,42,1.0,0.0,walk_history_ablation
178,3.56,1.0,0.0,-0.6361466646194458,0.602881908416748,0.1396004557609558,0.006108312867581844,0,2000,history20,2,40,42,1.0,0.0,walk_history_ablation
179,3.58,1.0,0.0,-0.6345863938331604,0.6202791929244995,0.11281456053256989,0.04575760290026665,0,2000,history20,2,40,42,1.0,0.0,walk_history_ablation
180,3.6,1.0,0.0,-0.6340713500976562,0.6400046944618225,0.092682845890522,0.09302352368831635,0,2000,history20,2,40,42,1.0,0.0,walk_history_ablation
181,3.62,1.0,0.0,-0.6336458921432495,0.6582283973693848,0.07220549881458282,0.01902797818183899,0,2000,history20,2,40,42,1.0,0.0,walk_history_ablation
182,3.64,1.0,0.0,-0.6324471235275269,0.6852349042892456,0.05871088430285454,-0.1339615136384964,0,2000,history20,2,40,42,1.0,0.0,walk_history_ablation
183,3.66,1.0,0.0,-0.6299057006835938,0.704247772693634,0.046851225197315216,-0.27257511019706726,0,2000,history20,2,40,42,1.0,0.0,walk_history_ablation
184,3.68,1.0,0.0,-0.6261770129203796,0.7231785655021667,0.03709638863801956,-0.3976992964744568,0,2000,history20,2,40,42,1.0,0.0,walk_history_ablation
185,3.7,1.0,0.0,-0.6216399669647217,0.7437160015106201,0.02355087921023369,-0.48497888445854187,0,2000,history20,2,40,42,1.0,0.0,walk_history_ablation
186,3.72,1.0,0.0,-0.616468071937561,0.7755696177482605,0.007610642351210117,-0.584991991519928,0,2000,history20,2,40,42,1.0,0.0,walk_history_ablation
187,3.74,1.0,0.0,-0.6122501492500305,0.8113203644752502,-0.005703733768314123,-0.44279637932777405,0,2000,history20,2,40,42,1.0,0.0,walk_history_ablation
188,3.7600000000000002,1.0,0.0,-0.6102929711341858,0.8499996662139893,-0.02614469826221466,-0.2904605269432068,0,2000,history20,2,40,42,1.0,0.0,walk_history_ablation
189,3.7800000000000002,1.0,0.0,-0.6086723208427429,0.877875566482544,-0.05090772360563278,-0.2832261323928833,0,2000,history20,2,40,42,1.0,0.0,walk_history_ablation
190,3.8000000000000003,1.0,0.0,-0.606784462928772,0.8969718217849731,-0.07344372570514679,-0.302474707365036,0,2000,history20,2,40,42,1.0,0.0,walk_history_ablation
191,3.8200000000000003,1.0,0.0,-0.6053838133811951,0.9000611305236816,-0.09172482043504715,-0.15620341897010803,0,2000,history20,2,40,42,1.0,0.0,walk_history_ablation
192,3.84,1.0,0.0,-0.6050155758857727,0.9013873934745789,-0.10823089629411697,-0.04344033822417259,0,2000,history20,2,40,42,1.0,0.0,walk_history_ablation
193,3.86,1.0,0.0,-0.6048059463500977,0.8625157475471497,-0.12212122976779938,-0.3745594918727875,0,2000,history20,2,40,42,1.0,0.0,walk_history_ablation
194,3.88,1.0,0.0,-0.6016163229942322,0.7587143778800964,-0.06372815370559692,-0.2404201775789261,0,2000,history20,2,40,42,1.0,0.0,walk_history_ablation
195,3.9,1.0,0.0,-0.601052463054657,0.706799328327179,-0.03553560748696327,-0.07054996490478516,0,2000,history20,2,40,42,1.0,0.0,walk_history_ablation
196,3.92,1.0,0.0,-0.6016165018081665,0.6861416101455688,-0.02831755019724369,-0.20819585025310516,0,2000,history20,2,40,42,1.0,0.0,walk_history_ablation
197,3.94,1.0,0.0,-0.6009510159492493,0.6587756872177124,-0.02594606764614582,-0.5421342253684998,0,2000,history20,2,40,42,1.0,0.0,walk_history_ablation
198,3.96,1.0,0.0,-0.5971119403839111,0.6361579895019531,-0.014321282505989075,-0.8052214980125427,0,2000,history20,2,40,42,1.0,0.0,walk_history_ablation
199,3.98,1.0,0.0,-0.5929937362670898,0.6186927556991577,0.005083860829472542,-0.6835709810256958,0,2000,history20,2,40,42,1.0,0.0,walk_history_ablation
200,4.0,1.0,0.0,-0.5879759192466736,0.6258870959281921,0.020586907863616943,-0.711879312992096,0,2000,history20,2,40,42,1.0,0.0,walk_history_ablation
201,4.0200000000000005,1.0,0.0,-0.5828765630722046,0.6267102360725403,0.03453708440065384,-0.6103922724723816,0,2000,history20,2,40,42,1.0,0.0,walk_history_ablation
202,4.04,1.0,0.0,-0.5787079930305481,0.622566282749176,0.05506054684519768,-0.48132574558258057,0,2000,history20,2,40,42,1.0,0.0,walk_history_ablation
203,4.0600000000000005,1.0,0.0,-0.5758281946182251,0.6232950687408447,0.0720231831073761,-0.3006734848022461,0,2000,history20,2,40,42,1.0,0.0,walk_history_ablation
204,4.08,1.0,0.0,-0.5739877223968506,0.6349092125892639,0.08591588586568832,-0.18116185069084167,0,2000,history20,2,40,42,1.0,0.0,walk_history_ablation
205,4.1,1.0,0.0,-0.5742419362068176,0.646626889705658,0.09856150299310684,0.09473100304603577,0,2000,history20,2,40,42,1.0,0.0,walk_history_ablation
206,4.12,1.0,0.0,-0.5765334367752075,0.6523327827453613,0.11793475598096848,0.24428124725818634,0,2000,history20,2,40,42,1.0,0.0,walk_history_ablation
207,4.14,1.0,0.0,-0.5780112743377686,0.6585371494293213,0.13300564885139465,0.16183844208717346,0,2000,history20,2,40,42,1.0,0.0,walk_history_ablation
208,4.16,1.0,0.0,-0.5798851847648621,0.6893197894096375,0.15165385603904724,0.2715710401535034,0,2000,history20,2,40,42,1.0,0.0,walk_history_ablation
209,4.18,1.0,0.0,-0.5826010704040527,0.7228444814682007,0.172911137342453,0.3736385703086853,0,2000,history20,2,40,42,1.0,0.0,walk_history_ablation
210,4.2,1.0,0.0,-0.5838788151741028,0.7582516670227051,0.186536967754364,0.22351565957069397,0,2000,history20,2,40,42,1.0,0.0,walk_history_ablation
211,4.22,1.0,0.0,-0.5847934484481812,0.7801661491394043,0.2177824229001999,0.16389794647693634,0,2000,history20,2,40,42,1.0,0.0,walk_history_ablation
212,4.24,1.0,0.0,-0.583680272102356,0.791898250579834,0.24187740683555603,-0.12320078909397125,0,2000,history20,2,40,42,1.0,0.0,walk_history_ablation
213,4.26,1.0,0.0,-0.5808136463165283,0.8074937462806702,0.27299821376800537,-0.2738338112831116,0,2000,history20,2,40,42,1.0,0.0,walk_history_ablation
214,4.28,1.0,0.0,-0.5767627954483032,0.8254597187042236,0.29954710602760315,-0.25142621994018555,0,2000,history20,2,40,42,1.0,0.0,walk_history_ablation
215,4.3,1.0,0.0,-0.5753936767578125,0.8523417115211487,0.3310030400753021,0.10152043402194977,0,2000,history20,2,40,42,1.0,0.0,walk_history_ablation
216,4.32,1.0,0.0,-0.5713260173797607,0.7981078028678894,0.3308523893356323,-0.03154948353767395,0,2000,history20,2,40,42,1.0,0.0,walk_history_ablation
217,4.34,1.0,0.0,-0.5675386190414429,0.668116569519043,0.2425100952386856,-0.32149025797843933,0,2000,history20,2,40,42,1.0,0.0,walk_history_ablation
218,4.36,1.0,0.0,-0.5614441633224487,0.6114859580993652,0.18360239267349243,-0.4015130400657654,0,2000,history20,2,40,42,1.0,0.0,walk_history_ablation
219,4.38,1.0,0.0,-0.5551548004150391,0.5916590094566345,0.14307329058647156,-0.33235448598861694,0,2000,history20,2,40,42,1.0,0.0,walk_history_ablation
220,4.4,1.0,0.0,-0.5515209436416626,0.5923951864242554,0.12501636147499084,0.020647458732128143,0,2000,history20,2,40,42,1.0,0.0,walk_history_ablation
221,4.42,1.0,0.0,-0.5504190921783447,0.5952159762382507,0.10105445235967636,0.17802897095680237,0,2000,history20,2,40,42,1.0,0.0,walk_history_ablation
222,4.44,1.0,0.0,-0.5509706735610962,0.6237231492996216,0.0812530592083931,0.21016621589660645,0,2000,history20,2,40,42,1.0,0.0,walk_history_ablation
223,4.46,1.0,0.0,-0.551409125328064,0.6530125141143799,0.06500416249036789,0.08599396049976349,0,2000,history20,2,40,42,1.0,0.0,walk_history_ablation
224,4.48,1.0,0.0,-0.5507572889328003,0.6733579635620117,0.0532090850174427,-0.09607402235269547,0,2000,history20,2,40,42,1.0,0.0,walk_history_ablation
225,4.5,1.0,0.0,-0.5488969087600708,0.685048520565033,0.040091611444950104,-0.20354288816452026,0,2000,history20,2,40,42,1.0,0.0,walk_history_ablation
226,4.5200000000000005,1.0,0.0,-0.545120120048523,0.7070406675338745,0.028636528179049492,-0.4243628680706024,0,2000,history20,2,40,42,1.0,0.0,walk_history_ablation
227,4.54,1.0,0.0,-0.5407470464706421,0.7273715138435364,0.024833040311932564,-0.4330545663833618,0,2000,history20,2,40,42,1.0,0.0,walk_history_ablation
228,4.5600000000000005,1.0,0.0,-0.5364257097244263,0.7519100308418274,0.012244473211467266,-0.4730212688446045,0,2000,history20,2,40,42,1.0,0.0,walk_history_ablation
229,4.58,1.0,0.0,-0.5312801599502563,0.7892979979515076,-0.00815674103796482,-0.6040840744972229,0,2000,history20,2,40,42,1.0,0.0,walk_history_ablation
230,4.6000000000000005,1.0,0.0,-0.5278211832046509,0.8259929418563843,-0.02372768335044384,-0.34573328495025635,0,2000,history20,2,40,42,1.0,0.0,walk_history_ablation
231,4.62,1.0,0.0,-0.5266879796981812,0.8708276748657227,-0.04750124737620354,-0.2668406665325165,0,2000,history20,2,40,42,1.0,0.0,walk_history_ablation
232,4.64,1.0,0.0,-0.5257200002670288,0.8848798274993896,-0.06963826715946198,-0.1460164189338684,0,2000,history20,2,40,42,1.0,0.0,walk_history_ablation
233,4.66,1.0,0.0,-0.5246151685714722,0.9047917127609253,-0.09276750683784485,-0.27562960982322693,0,2000,history20,2,40,42,1.0,0.0,walk_history_ablation
234,4.68,1.0,0.0,-0.5230289697647095,0.9087727665901184,-0.11306429654359818,-0.16428518295288086,0,2000,history20,2,40,42,1.0,0.0,walk_history_ablation
235,4.7,1.0,0.0,-0.5224747657775879,0.9192100763320923,-0.1313524842262268,-0.039888426661491394,0,2000,history20,2,40,42,1.0,0.0,walk_history_ablation
236,4.72,1.0,0.0,-0.5204041004180908,0.8484951257705688,-0.09796751290559769,-0.34995564818382263,0,2000,history20,2,40,42,1.0,0.0,walk_history_ablation
237,4.74,1.0,0.0,-0.5173014402389526,0.7608401775360107,-0.03617914393544197,-0.31180521845817566,0,2000,history20,2,40,42,1.0,0.0,walk_history_ablation
238,4.76,1.0,0.0,-0.516398549079895,0.7226492166519165,-0.008954000659286976,-0.1861938089132309,0,2000,history20,2,40,42,1.0,0.0,walk_history_ablation
239,4.78,1.0,0.0,-0.5156494379043579,0.7049142122268677,0.002842328045517206,-0.4235369563102722,0,2000,history20,2,40,42,1.0,0.0,walk_history_ablation
240,4.8,1.0,0.0,-0.5133184194564819,0.6833492517471313,0.006109667010605335,-0.672548770904541,0,2000,history20,2,40,42,1.0,0.0,walk_history_ablation
241,4.82,1.0,0.0,-0.5090075731277466,0.6721799373626709,0.024361146613955498,-0.8062549829483032,0,2000,history20,2,40,42,1.0,0.0,walk_history_ablation
242,4.84,1.0,0.0,-0.5037593841552734,0.6731728911399841,0.04619431123137474,-0.7639276385307312,0,2000,history20,2,40,42,1.0,0.0,walk_history_ablation
243,4.86,1.0,0.0,-0.4978677034378052,0.6885149478912354,0.06237908452749252,-0.7186750769615173,0,2000,history20,2,40,42,1.0,0.0,walk_history_ablation
244,4.88,1.0,0.0,-0.4936087131500244,0.6886447072029114,0.08209977298974991,-0.4742293655872345,0,2000,history20,2,40,42,1.0,0.0,walk_history_ablation
245,4.9,1.0,0.0,-0.4907122850418091,0.685814619064331,0.10065330564975739,-0.3297090530395508,0,2000,history20,2,40,42,1.0,0.0,walk_history_ablation
246,4.92,1.0,0.0,-0.48910820484161377,0.6909539103507996,0.11504139751195908,-0.15195395052433014,0,2000,history20,2,40,42,1.0,0.0,walk_history_ablation
247,4.94,1.0,0.0,-0.48859870433807373,0.6977390646934509,0.13137473165988922,-0.033691637217998505,0,2000,history20,2,40,42,1.0,0.0,walk_history_ablation
248,4.96,1.0,0.0,-0.49057769775390625,0.7086324691772461,0.14690174162387848,0.26454898715019226,0,2000,history20,2,40,42,1.0,0.0,walk_history_ablation
249,4.98,1.0,0.0,-0.4932584762573242,0.7124860286712646,0.16687187552452087,0.28984418511390686,0,2000,history20,2,40,42,1.0,0.0,walk_history_ablation
250,5.0,1.0,0.0,-0.4960571527481079,0.7250100374221802,0.1833745688199997,0.30956411361694336,0,2000,history20,2,40,42,1.0,0.0,walk_history_ablation
251,5.0200000000000005,1.0,0.0,-0.49912023544311523,0.761974573135376,0.20032064616680145,0.38142991065979004,0,2000,history20,2,40,42,1.0,0.0,walk_history_ablation
252,5.04,1.0,0.0,-0.5020039081573486,0.7972699999809265,0.21903428435325623,0.37736445665359497,0,2000,history20,2,40,42,1.0,0.0,walk_history_ablation
253,5.0600000000000005,1.0,0.0,-0.502991795539856,0.823344349861145,0.23520246148109436,0.18987883627414703,0,2000,history20,2,40,42,1.0,0.0,walk_history_ablation
254,5.08,1.0,0.0,-0.5029293298721313,0.8396844863891602,0.2647005319595337,0.043588124215602875,0,2000,history20,2,40,42,1.0,0.0,walk_history_ablation
255,5.1000000000000005,1.0,0.0,-0.5015997886657715,0.847788393497467,0.2905654013156891,-0.11071991920471191,0,2000,history20,2,40,42,1.0,0.0,walk_history_ablation
256,5.12,1.0,0.0,-0.4994889497756958,0.8590536117553711,0.3191088140010834,-0.14827343821525574,0,2000,history20,2,40,42,1.0,0.0,walk_history_ablation
257,5.14,1.0,0.0,-0.4972342252731323,0.8781826496124268,0.34547004103660583,-0.07756941020488739,0,2000,history20,2,40,42,1.0,0.0,walk_history_ablation
258,5.16,1.0,0.0,-0.4938628673553467,0.8569527864456177,0.3684844970703125,-0.1037493497133255,0,2000,history20,2,40,42,1.0,0.0,walk_history_ablation
259,5.18,1.0,0.0,-0.49016404151916504,0.7028639912605286,0.28639891743659973,-0.39377841353416443,0,2000,history20,2,40,42,1.0,0.0,walk_history_ablation
260,5.2,1.0,0.0,-0.48287367820739746,0.6417543888092041,0.21843300759792328,-0.5621597170829773,0,2000,history20,2,40,42,1.0,0.0,walk_history_ablation
261,5.22,1.0,0.0,-0.4755263328552246,0.6154891848564148,0.17826299369335175,-0.4243834614753723,0,2000,history20,2,40,42,1.0,0.0,walk_history_ablation
262,5.24,1.0,0.0,-0.47085773944854736,0.6130132079124451,0.16226762533187866,-0.07124700397253036,0,2000,history20,2,40,42,1.0,0.0,walk_history_ablation
263,5.26,1.0,0.0,-0.4694095849990845,0.6187412738800049,0.14004531502723694,0.1679570972919464,0,2000,history20,2,40,42,1.0,0.0,walk_history_ablation
264,5.28,1.0,0.0,-0.4693264961242676,0.6367442607879639,0.11430121213197708,0.16360221803188324,0,2000,history20,2,40,42,1.0,0.0,walk_history_ablation
265,5.3,1.0,0.0,-0.4699000120162964,0.657081127166748,0.09533649682998657,0.18216225504875183,0,2000,history20,2,40,42,1.0,0.0,walk_history_ablation
266,5.32,1.0,0.0,-0.4703711271286011,0.677384078502655,0.07770974934101105,0.0809922143816948,0,2000,history20,2,40,42,1.0,0.0,walk_history_ablation
267,5.34,1.0,0.0,-0.4700009822845459,0.7015716433525085,0.06540552526712418,-0.05451721325516701,0,2000,history20,2,40,42,1.0,0.0,walk_history_ablation
268,5.36,1.0,0.0,-0.4681737422943115,0.7216901183128357,0.055030543357133865,-0.22670923173427582,0,2000,history20,2,40,42,1.0,0.0,walk_history_ablation
269,5.38,1.0,0.0,-0.46474969387054443,0.7405274510383606,0.045107774436473846,-0.38364043831825256,0,2000,history20,2,40,42,1.0,0.0,walk_history_ablation
270,5.4,1.0,0.0,-0.46027672290802,0.7622147798538208,0.03370603173971176,-0.4849936068058014,0,2000,history20,2,40,42,1.0,0.0,walk_history_ablation
271,5.42,1.0,0.0,-0.4551604986190796,0.7942966818809509,0.018837738782167435,-0.5704466700553894,0,2000,history20,2,40,42,1.0,0.0,walk_history_ablation
272,5.44,1.0,0.0,-0.45143043994903564,0.8327692151069641,0.005959204863756895,-0.389485627412796,0,2000,history20,2,40,42,1.0,0.0,walk_history_ablation
273,5.46,1.0,0.0,-0.4496445655822754,0.8746434450149536,-0.015745965763926506,-0.2908725142478943,0,2000,history20,2,40,42,1.0,0.0,walk_history_ablation
274,5.48,1.0,0.0,-0.4480581283569336,0.9034836292266846,-0.03921692818403244,-0.27249014377593994,0,2000,history20,2,40,42,1.0,0.0,walk_history_ablation
275,5.5,1.0,0.0,-0.44654834270477295,0.9226840734481812,-0.06091757118701935,-0.27046650648117065,0,2000,history20,2,40,42,1.0,0.0,walk_history_ablation
276,5.5200000000000005,1.0,0.0,-0.44520068168640137,0.9270367622375488,-0.07955297082662582,-0.15289656817913055,0,2000,history20,2,40,42,1.0,0.0,walk_history_ablation
277,5.54,1.0,0.0,-0.4450732469558716,0.9319466352462769,-0.0963127538561821,-0.013633375987410545,0,2000,history20,2,40,42,1.0,0.0,walk_history_ablation
278,5.5600000000000005,1.0,0.0,-0.44491612911224365,0.8790194392204285,-0.10221997648477554,-0.4068903923034668,0,2000,history20,2,40,42,1.0,0.0,walk_history_ablation
279,5.58,1.0,0.0,-0.44180595874786377,0.7787027955055237,-0.044401150196790695,-0.23291055858135223,0,2000,history20,2,40,42,1.0,0.0,walk_history_ablation
280,5.6000000000000005,1.0,0.0,-0.44174206256866455,0.7224023938179016,-0.021446403115987778,-0.012243911623954773,0,2000,history20,2,40,42,1.0,0.0,walk_history_ablation
281,5.62,1.0,0.0,-0.4429692029953003,0.6935110092163086,-0.01385948620736599,-0.1764397770166397,0,2000,history20,2,40,42,1.0,0.0,walk_history_ablation
282,5.64,1.0,0.0,-0.442590594291687,0.6591976284980774,-0.011285511776804924,-0.5038277506828308,0,2000,history20,2,40,42,1.0,0.0,walk_history_ablation
283,5.66,1.0,0.0,-0.439308762550354,0.6344786882400513,0.0034236074425280094,-0.7490903735160828,0,2000,history20,2,40,42,1.0,0.0,walk_history_ablation
284,5.68,1.0,0.0,-0.43523573875427246,0.621474027633667,0.0223793163895607,-0.6816160678863525,0,2000,history20,2,40,42,1.0,0.0,walk_history_ablation
285,5.7,1.0,0.0,-0.4301337003707886,0.6304217576980591,0.036831993609666824,-0.6981358528137207,0,2000,history20,2,40,42,1.0,0.0,walk_history_ablation
286,5.72,1.0,0.0,-0.42548632621765137,0.6311807632446289,0.05162232369184494,-0.5512099862098694,0,2000,history20,2,40,42,1.0,0.0,walk_history_ablation
287,5.74,1.0,0.0,-0.42191779613494873,0.6265661120414734,0.07097482681274414,-0.4255339503288269,0,2000,history20,2,40,42,1.0,0.0,walk_history_ablation
288,5.76,1.0,0.0,-0.419331431388855,0.6290609836578369,0.08657217770814896,-0.27410653233528137,0,2000,history20,2,40,42,1.0,0.0,walk_history_ablation
289,5.78,1.0,0.0,-0.41767799854278564,0.6377142071723938,0.10155804455280304,-0.16203999519348145,0,2000,history20,2,40,42,1.0,0.0,walk_history_ablation
290,5.8,1.0,0.0,-0.4178621768951416,0.6454437971115112,0.11657463759183884,0.07821039855480194,0,2000,history20,2,40,42,1.0,0.0,walk_history_ablation
291,5.82,1.0,0.0,-0.4197878837585449,0.6461137533187866,0.13828903436660767,0.15396210551261902,0,2000,history20,2,40,42,1.0,0.0,walk_history_ablation
292,5.84,1.0,0.0,-0.4211699962615967,0.656460702419281,0.15437735617160797,0.17142988741397858,0,2000,history20,2,40,42,1.0,0.0,walk_history_ablation
293,5.86,1.0,0.0,-0.42305099964141846,0.6883100867271423,0.17284591495990753,0.27237430214881897,0,2000,history20,2,40,42,1.0,0.0,walk_history_ablation
294,5.88,1.0,0.0,-0.4256092309951782,0.7234583497047424,0.1934887319803238,0.37178710103034973,0,2000,history20,2,40,42,1.0,0.0,walk_history_ablation
295,5.9,1.0,0.0,-0.4270442724227905,0.7562525272369385,0.20842836797237396,0.2606561779975891,0,2000,history20,2,40,42,1.0,0.0,walk_history_ablation
296,5.92,1.0,0.0,-0.4280740022659302,0.7781979441642761,0.23911266028881073,0.16033583879470825,0,2000,history20,2,40,42,1.0,0.0,walk_history_ablation
297,5.94,1.0,0.0,-0.427237868309021,0.7931588888168335,0.2641597092151642,-0.07860381156206131,0,2000,history20,2,40,42,1.0,0.0,walk_history_ablation
298,5.96,1.0,0.0,-0.4250568151473999,0.8076104521751404,0.2955305874347687,-0.1792973428964615,0,2000,history20,2,40,42,1.0,0.0,walk_history_ablation
299,5.98,1.0,0.0,-0.4219774007797241,0.8228845596313477,0.3223937153816223,-0.15947383642196655,0,2000,history20,2,40,42,1.0,0.0,walk_history_ablation
300,6.0,1.0,0.0,-0.42145276069641113,0.8476750254631042,0.3557371497154236,0.1390780359506607,0,2000,history20,2,40,42,1.0,0.0,walk_history_ablation
301,6.0200000000000005,1.0,0.0,-0.41705775260925293,0.7592902183532715,0.35176903009414673,0.1124817281961441,0,2000,history20,2,40,42,1.0,0.0,walk_history_ablation
302,6.04,1.0,0.0,-0.41426610946655273,0.655380368232727,0.2590159773826599,-0.29675447940826416,0,2000,history20,2,40,42,1.0,0.0,walk_history_ablation
303,6.0600000000000005,1.0,0.0,-0.4082263708114624,0.6083043813705444,0.2043890357017517,-0.4085175096988678,0,2000,history20,2,40,42,1.0,0.0,walk_history_ablation
304,6.08,1.0,0.0,-0.4025825262069702,0.5891956686973572,0.17194239795207977,-0.22638247907161713,0,2000,history20,2,40,42,1.0,0.0,walk_history_ablation
305,6.1000000000000005,1.0,0.0,-0.39962172508239746,0.5850188136100769,0.14930950105190277,0.06068003177642822,0,2000,history20,2,40,42,1.0,0.0,walk_history_ablation
306,6.12,1.0,0.0,-0.398992657661438,0.5914897918701172,0.12408506125211716,0.19580337405204773,0,2000,history20,2,40,42,1.0,0.0,walk_history_ablation
307,6.140000000000001,1.0,0.0,-0.399216890335083,0.6149489879608154,0.1027597039937973,0.1469179093837738,0,2000,history20,2,40,42,1.0,0.0,walk_history_ablation
308,6.16,1.0,0.0,-0.3995152711868286,0.639738917350769,0.08528952300548553,0.10095822811126709,0,2000,history20,2,40,42,1.0,0.0,walk_history_ablation
309,6.18,1.0,0.0,-0.3988417387008667,0.6603054404258728,0.07131499797105789,-0.08081355690956116,0,2000,history20,2,40,42,1.0,0.0,walk_history_ablation
310,6.2,1.0,0.0,-0.39698898792266846,0.6761261224746704,0.05968381091952324,-0.19303902983665466,0,2000,history20,2,40,42,1.0,0.0,walk_history_ablation
311,6.22,1.0,0.0,-0.3937767744064331,0.6987046599388123,0.04947927966713905,-0.34602439403533936,0,2000,history20,2,40,42,1.0,0.0,walk_history_ablation
312,6.24,1.0,0.0,-0.38980305194854736,0.7200807332992554,0.04246537759900093,-0.42248883843421936,0,2000,history20,2,40,42,1.0,0.0,walk_history_ablation
313,6.26,1.0,0.0,-0.38549864292144775,0.746178925037384,0.03004455380141735,-0.48679590225219727,0,2000,history20,2,40,42,1.0,0.0,walk_history_ablation
314,6.28,1.0,0.0,-0.3805140256881714,0.779102623462677,0.010896106250584126,-0.5618321895599365,0,2000,history20,2,40,42,1.0,0.0,walk_history_ablation
315,6.3,1.0,0.0,-0.377693772315979,0.8141220808029175,-0.002066574292257428,-0.3015614151954651,0,2000,history20,2,40,42,1.0,0.0,walk_history_ablation
316,6.32,1.0,0.0,-0.3765549659729004,0.8556782603263855,-0.025694390758872032,-0.2606027126312256,0,2000,history20,2,40,42,1.0,0.0,walk_history_ablation
317,6.34,1.0,0.0,-0.37529003620147705,0.8745712041854858,-0.04596864432096481,-0.19060000777244568,0,2000,history20,2,40,42,1.0,0.0,walk_history_ablation
318,6.36,1.0,0.0,-0.3745461702346802,0.8904644250869751,-0.06699028611183167,-0.17862842977046967,0,2000,history20,2,40,42,1.0,0.0,walk_history_ablation
319,6.38,1.0,0.0,-0.37386059761047363,0.8966437578201294,-0.08520261943340302,-0.1004706546664238,0,2000,history20,2,40,42,1.0,0.0,walk_history_ablation
320,6.4,1.0,0.0,-0.37366437911987305,0.9088391065597534,-0.10420136898756027,-0.01658346876502037,0,2000,history20,2,40,42,1.0,0.0,walk_history_ablation
321,6.42,1.0,0.0,-0.3725574016571045,0.8334644436836243,-0.10028878599405289,-0.321688711643219,0,2000,history20,2,40,42,1.0,0.0,walk_history_ablation
322,6.44,1.0,0.0,-0.3706512451171875,0.7560518980026245,-0.046397216618061066,-0.15365254878997803,0,2000,history20,2,40,42,1.0,0.0,walk_history_ablation
323,6.46,1.0,0.0,-0.3716939687728882,0.7114139795303345,-0.02622937597334385,0.04061613231897354,0,2000,history20,2,40,42,1.0,0.0,walk_history_ablation
324,6.48,1.0,0.0,-0.37337160110473633,0.6769586205482483,-0.01939369924366474,-0.2025836557149887,0,2000,history20,2,40,42,1.0,0.0,walk_history_ablation
325,6.5,1.0,0.0,-0.3727247714996338,0.6434633135795593,-0.0157958772033453,-0.5265803933143616,0,2000,history20,2,40,42,1.0,0.0,walk_history_ablation
326,6.5200000000000005,1.0,0.0,-0.3695993423461914,0.6246106028556824,0.0012850668281316757,-0.7077742218971252,0,2000,history20,2,40,42,1.0,0.0,walk_history_ablation
327,6.54,1.0,0.0,-0.3654208183288574,0.6219907999038696,0.018769174814224243,-0.6651450395584106,0,2000,history20,2,40,42,1.0,0.0,walk_history_ablation
328,6.5600000000000005,1.0,0.0,-0.3603506088256836,0.6348538398742676,0.03289010003209114,-0.6579772233963013,0,2000,history20,2,40,42,1.0,0.0,walk_history_ablation
329,6.58,1.0,0.0,-0.3563176393508911,0.6335479021072388,0.0500299297273159,-0.47020223736763,0,2000,history20,2,40,42,1.0,0.0,walk_history_ablation
330,6.6000000000000005,1.0,0.0,-0.35334086418151855,0.6302106380462646,0.06811946630477905,-0.348158597946167,0,2000,history20,2,40,42,1.0,0.0,walk_history_ablation
331,6.62,1.0,0.0,-0.351298451423645,0.6351519823074341,0.08226093649864197,-0.2085476666688919,0,2000,history20,2,40,42,1.0,0.0,walk_history_ablation
332,6.640000000000001,1.0,0.0,-0.350156307220459,0.6400986909866333,0.09881623089313507,-0.10275004804134369,0,2000,history20,2,40,42,1.0,0.0,walk_history_ablation
333,6.66,1.0,0.0,-0.3509877920150757,0.6479776501655579,0.11533061414957047,0.14012323319911957,0,2000,history20,2,40,42,1.0,0.0,walk_history_ablation
334,6.68,1.0,0.0,-0.35245978832244873,0.6490111351013184,0.1376008242368698,0.20592761039733887,0,2000,history20,2,40,42,1.0,0.0,walk_history_ablation
335,6.7,1.0,0.0,-0.35451745986938477,0.6613184809684753,0.15416009724140167,0.25928956270217896,0,2000,history20,2,40,42,1.0,0.0,walk_history_ablation
336,6.72,1.0,0.0,-0.3570815324783325,0.696108341217041,0.1723698079586029,0.343951553106308,0,2000,history20,2,40,42,1.0,0.0,walk_history_ablation
337,6.74,1.0,0.0,-0.35968053340911865,0.7311427593231201,0.1919521987438202,0.36436957120895386,0,2000,history20,2,40,42,1.0,0.0,walk_history_ablation
338,6.76,1.0,0.0,-0.3608497381210327,0.7592284083366394,0.2100410759449005,0.21801193058490753,0,2000,history20,2,40,42,1.0,0.0,walk_history_ablation
339,6.78,1.0,0.0,-0.3609776496887207,0.77888423204422,0.2392912358045578,0.06021621823310852,0,2000,history20,2,40,42,1.0,0.0,walk_history_ablation
340,6.8,1.0,0.0,-0.3594992160797119,0.7914794683456421,0.2657157778739929,-0.12885385751724243,0,2000,history20,2,40,42,1.0,0.0,walk_history_ablation
341,6.82,1.0,0.0,-0.3571474552154541,0.8028044104576111,0.2955781817436218,-0.16004091501235962,0,2000,history20,2,40,42,1.0,0.0,walk_history_ablation
342,6.84,1.0,0.0,-0.3548455238342285,0.8223454356193542,0.3226984143257141,-0.04564177244901657,0,2000,history20,2,40,42,1.0,0.0,walk_history_ablation
343,6.86,1.0,0.0,-0.3527219295501709,0.8111366629600525,0.34983453154563904,0.04247106611728668,0,2000,history20,2,40,42,1.0,0.0,walk_history_ablation
344,6.88,1.0,0.0,-0.350858211517334,0.6812940835952759,0.2878122627735138,0.10604307055473328,0,2000,history20,2,40,42,1.0,0.0,walk_history_ablation
345,6.9,1.0,0.0,-0.34606730937957764,0.6219199895858765,0.2161819487810135,-0.4378894865512848,0,2000,history20,2,40,42,1.0,0.0,walk_history_ablation
346,6.92,1.0,0.0,-0.3390374183654785,0.5859857797622681,0.17012879252433777,-0.44417527318000793,0,2000,history20,2,40,42,1.0,0.0,walk_history_ablation
347,6.94,1.0,0.0,-0.33386898040771484,0.5744316577911377,0.15065690875053406,-0.13724300265312195,0,2000,history20,2,40,42,1.0,0.0,walk_history_ablation
348,6.96,1.0,0.0,-0.33185505867004395,0.5757324695587158,0.1277243047952652,0.12547095119953156,0,2000,history20,2,40,42,1.0,0.0,walk_history_ablation
349,6.98,1.0,0.0,-0.3315201997756958,0.5947577953338623,0.10194496065378189,0.1554759442806244,0,2000,history20,2,40,42,1.0,0.0,walk_history_ablation
350,7.0,1.0,0.0,-0.33195459842681885,0.6127083897590637,0.08184605836868286,0.17212837934494019,0,2000,history20,2,40,42,1.0,0.0,walk_history_ablation
351,7.0200000000000005,1.0,0.0,-0.3323320150375366,0.6309066414833069,0.06257328391075134,0.09111680090427399,0,2000,history20,2,40,42,1.0,0.0,walk_history_ablation
352,7.04,1.0,0.0,-0.33192360401153564,0.6566225290298462,0.04897511005401611,-0.05062054097652435,0,2000,history20,2,40,42,1.0,0.0,walk_history_ablation
353,7.0600000000000005,1.0,0.0,-0.33010220527648926,0.6770620942115784,0.039001986384391785,-0.2193516492843628,0,2000,history20,2,40,42,1.0,0.0,walk_history_ablation
354,7.08,1.0,0.0,-0.32683229446411133,0.693608820438385,0.029597364366054535,-0.36237412691116333,0,2000,history20,2,40,42,1.0,0.0,walk_history_ablation
355,7.1000000000000005,1.0,0.0,-0.3225501775741577,0.7118036150932312,0.017176708206534386,-0.46978330612182617,0,2000,history20,2,40,42,1.0,0.0,walk_history_ablation
356,7.12,1.0,0.0,-0.317482590675354,0.7412881851196289,0.0017695808783173561,-0.5804532170295715,0,2000,history20,2,40,42,1.0,0.0,walk_history_ablation
357,7.140000000000001,1.0,0.0,-0.3135339021682739,0.7734891772270203,-0.011269734241068363,-0.39948779344558716,0,2000,history20,2,40,42,1.0,0.0,walk_history_ablation
358,7.16,1.0,0.0,-0.31178128719329834,0.8112418055534363,-0.032539840787649155,-0.27124136686325073,0,2000,history20,2,40,42,1.0,0.0,walk_history_ablation
359,7.18,1.0,0.0,-0.31047582626342773,0.8376494646072388,-0.05603079870343208,-0.2237834334373474,0,2000,history20,2,40,42,1.0,0.0,walk_history_ablation
360,7.2,1.0,0.0,-0.3095111846923828,0.8599472641944885,-0.07971767336130142,-0.21401405334472656,0,2000,history20,2,40,42,1.0,0.0,walk_history_ablation
361,7.22,1.0,0.0,-0.3090277910232544,0.864713191986084,-0.09953268617391586,-0.0630125030875206,0,2000,history20,2,40,42,1.0,0.0,walk_history_ablation
362,7.24,1.0,0.0,-0.3095703125,0.8696925044059753,-0.11843220144510269,0.01816163957118988,0,2000,history20,2,40,42,1.0,0.0,walk_history_ablation
363,7.26,1.0,0.0,-0.31038129329681396,0.877755343914032,-0.1393122375011444,0.06912970542907715,0,2000,history20,2,40,42,1.0,0.0,walk_history_ablation
364,7.28,1.0,0.0,-0.3086754083633423,0.7625516057014465,-0.09721706807613373,-0.3366139829158783,0,2000,history20,2,40,42,1.0,0.0,walk_history_ablation
365,7.3,1.0,0.0,-0.30837690830230713,0.7089284062385559,-0.06758978962898254,0.014675039798021317,0,2000,history20,2,40,42,1.0,0.0,walk_history_ablation
366,7.32,1.0,0.0,-0.31046736240386963,0.6778444051742554,-0.05340569093823433,0.014416891150176525,0,2000,history20,2,40,42,1.0,0.0,walk_history_ablation
367,7.34,1.0,0.0,-0.3118565082550049,0.6455459594726562,-0.049577195197343826,-0.34133753180503845,0,2000,history20,2,40,42,1.0,0.0,walk_history_ablation
368,7.36,1.0,0.0,-0.3094061613082886,0.6187179684638977,-0.0368102565407753,-0.7053534984588623,0,2000,history20,2,40,42,1.0,0.0,walk_history_ablation
369,7.38,1.0,0.0,-0.3055762052536011,0.6021224856376648,-0.01727488823235035,-0.6913762092590332,0,2000,history20,2,40,42,1.0,0.0,walk_history_ablation
370,7.4,1.0,0.0,-0.3009401559829712,0.6138474345207214,0.0006880300352349877,-0.6755070090293884,0,2000,history20,2,40,42,1.0,0.0,walk_history_ablation
371,7.42,1.0,0.0,-0.29595625400543213,0.6220533847808838,0.014643889851868153,-0.6026541590690613,0,2000,history20,2,40,42,1.0,0.0,walk_history_ablation
372,7.44,1.0,0.0,-0.29226791858673096,0.6255192756652832,0.032183799892663956,-0.39445939660072327,0,2000,history20,2,40,42,1.0,0.0,walk_history_ablation
373,7.46,1.0,0.0,-0.29035699367523193,0.6262137293815613,0.04879576340317726,-0.20759692788124084,0,2000,history20,2,40,42,1.0,0.0,walk_history_ablation
374,7.48,1.0,0.0,-0.28940653800964355,0.6324547529220581,0.0625896230340004,-0.11573076248168945,0,2000,history20,2,40,42,1.0,0.0,walk_history_ablation
375,7.5,1.0,0.0,-0.28944921493530273,0.6351984143257141,0.07673479616641998,0.034592047333717346,0,2000,history20,2,40,42,1.0,0.0,walk_history_ablation
376,7.5200000000000005,1.0,0.0,-0.29044365882873535,0.6350245475769043,0.09446202218532562,0.05797487497329712,0,2000,history20,2,40,42,1.0,0.0,walk_history_ablation
377,7.54,1.0,0.0,-0.2918109893798828,0.6428881287574768,0.11537938565015793,0.22137346863746643,0,2000,history20,2,40,42,1.0,0.0,walk_history_ablation
378,7.5600000000000005,1.0,0.0,-0.294140100479126,0.669443666934967,0.13086389005184174,0.31550902128219604,0,2000,history20,2,40,42,1.0,0.0,walk_history_ablation
379,7.58,1.0,0.0,-0.29712212085723877,0.6958392262458801,0.15160125494003296,0.37476497888565063,0,2000,history20,2,40,42,1.0,0.0,walk_history_ablation
380,7.6000000000000005,1.0,0.0,-0.29893457889556885,0.7309130430221558,0.16362357139587402,0.2774249315261841,0,2000,history20,2,40,42,1.0,0.0,walk_history_ablation
381,7.62,1.0,0.0,-0.30024170875549316,0.7574754953384399,0.1882045567035675,0.24278181791305542,0,2000,history20,2,40,42,1.0,0.0,walk_history_ablation
382,7.640000000000001,1.0,0.0,-0.3005340099334717,0.7678943872451782,0.21188580989837646,0.03999921679496765,0,2000,history20,2,40,42,1.0,0.0,walk_history_ablation
383,7.66,1.0,0.0,-0.29913508892059326,0.7784286737442017,0.2356969267129898,-0.12093530595302582,0,2000,history20,2,40,42,1.0,0.0,walk_history_ablation
384,7.68,1.0,0.0,-0.2971069812774658,0.7917799353599548,0.2603442370891571,-0.05440662056207657,0,2000,history20,2,40,42,1.0,0.0,walk_history_ablation
385,7.7,1.0,0.0,-0.297279953956604,0.8123349547386169,0.2872036099433899,0.19300934672355652,0,2000,history20,2,40,42,1.0,0.0,walk_history_ablation
386,7.72,1.0,0.0,-0.29297852516174316,0.7757743000984192,0.3015611171722412,-0.23085574805736542,0,2000,history20,2,40,42,1.0,0.0,walk_history_ablation
387,7.74,1.0,0.0,-0.29124343395233154,0.6440058946609497,0.21532560884952545,-0.12523344159126282,0,2000,history20,2,40,42,1.0,0.0,walk_history_ablation
388,7.76,1.0,0.0,-0.28610074520111084,0.6030306220054626,0.16082490980625153,-0.40473270416259766,0,2000,history20,2,40,42,1.0,0.0,walk_history_ablation
389,7.78,1.0,0.0,-0.279330849647522,0.5833371877670288,0.12767450511455536,-0.4077981114387512,0,2000,history20,2,40,42,1.0,0.0,walk_history_ablation
390,7.8,1.0,0.0,-0.2745901346206665,0.584275484085083,0.11474134027957916,-0.12044902890920639,0,2000,history20,2,40,42,1.0,0.0,walk_history_ablation
391,7.82,1.0,0.0,-0.2727482318878174,0.5886386632919312,0.09433073550462723,0.12431103736162186,0,2000,history20,2,40,42,1.0,0.0,walk_history_ablation
392,7.84,1.0,0.0,-0.27216780185699463,0.6063801646232605,0.07131891697645187,0.09346942603588104,0,2000,history20,2,40,42,1.0,0.0,walk_history_ablation
393,7.86,1.0,0.0,-0.2723548412322998,0.6290282607078552,0.05429033190011978,0.13241705298423767,0,2000,history20,2,40,42,1.0,0.0,walk_history_ablation
394,7.88,1.0,0.0,-0.2726091146469116,0.6502190232276917,0.03626920282840729,0.06446049362421036,0,2000,history20,2,40,42,1.0,0.0,walk_history_ablation
395,7.9,1.0,0.0,-0.27226459980010986,0.6771612167358398,0.02249394915997982,-0.055781736969947815,0,2000,history20,2,40,42,1.0,0.0,walk_history_ablation
396,7.92,1.0,0.0,-0.2704089879989624,0.6967994570732117,0.008253277279436588,-0.23033596575260162,0,2000,history20,2,40,42,1.0,0.0,walk_history_ablation
397,7.94,1.0,0.0,-0.2671562433242798,0.7191586494445801,-0.002636149525642395,-0.37573933601379395,0,2000,history20,2,40,42,1.0,0.0,walk_history_ablation
398,7.96,1.0,0.0,-0.2630845308303833,0.7432765364646912,-0.017145611345767975,-0.4572555422782898,0,2000,history20,2,40,42,1.0,0.0,walk_history_ablation
399,7.98,1.0,0.0,-0.2586580514907837,0.7747538685798645,-0.036122627556324005,-0.5043569803237915,0,2000,history20,2,40,42,1.0,0.0,walk_history_ablation
400,8.0,1.0,0.0,-0.25575578212738037,0.8099608421325684,-0.05386672914028168,-0.31655436754226685,0,2000,history20,2,40,42,1.0,0.0,walk_history_ablation
401,8.02,1.0,0.0,-0.2547701597213745,0.8472580909729004,-0.07888983190059662,-0.20995929837226868,0,2000,history20,2,40,42,1.0,0.0,walk_history_ablation
402,8.040000000000001,1.0,0.0,-0.2540780305862427,0.8687070608139038,-0.10438383370637894,-0.16306252777576447,0,2000,history20,2,40,42,1.0,0.0,walk_history_ablation
403,8.06,1.0,0.0,-0.2533848285675049,0.8836117386817932,-0.1292283982038498,-0.17667482793331146,0,2000,history20,2,40,42,1.0,0.0,walk_history_ablation
404,8.08,1.0,0.0,-0.25321078300476074,0.887620747089386,-0.15011994540691376,-0.023665912449359894,0,2000,history20,2,40,42,1.0,0.0,walk_history_ablation
405,8.1,1.0,0.0,-0.254177451133728,0.8956298232078552,-0.17200471460819244,0.08999434858560562,0,2000,history20,2,40,42,1.0,0.0,walk_history_ablation
406,8.120000000000001,1.0,0.0,-0.25325942039489746,0.8113403916358948,-0.15985263884067535,-0.10735930502414703,0,2000,history20,2,40,42,1.0,0.0,walk_history_ablation
407,8.14,1.0,0.0,-0.25211870670318604,0.7362294793128967,-0.10388318449258804,-0.1189396008849144,0,2000,history20,2,40,42,1.0,0.0,walk_history_ablation
408,8.16,1.0,0.0,-0.25278913974761963,0.7011085152626038,-0.08776214718818665,-0.05240441486239433,0,2000,history20,2,40,42,1.0,0.0,walk_history_ablation
409,8.18,1.0,0.0,-0.25318217277526855,0.6792629361152649,-0.07921473681926727,-0.3264872431755066,0,2000,history20,2,40,42,1.0,0.0,walk_history_ablation
410,8.2,1.0,0.0,-0.2516113519668579,0.6485616564750671,-0.07057788968086243,-0.5764237642288208,0,2000,history20,2,40,42,1.0,0.0,walk_history_ablation
411,8.22,1.0,0.0,-0.2487105131149292,0.6310684084892273,-0.051507771015167236,-0.6467685699462891,0,2000,history20,2,40,42,1.0,0.0,walk_history_ablation
412,8.24,1.0,0.0,-0.24511432647705078,0.6299631595611572,-0.03111374005675316,-0.6180983781814575,0,2000,history20,2,40,42,1.0,0.0,walk_history_ablation
413,8.26,1.0,0.0,-0.24041974544525146,0.6431431770324707,-0.01661582663655281,-0.6284084320068359,0,2000,history20,2,40,42,1.0,0.0,walk_history_ablation
414,8.28,1.0,0.0,-0.23666584491729736,0.6453808546066284,0.0024013579823076725,-0.4465641379356384,0,2000,history20,2,40,42,1.0,0.0,walk_history_ablation
415,8.3,1.0,0.0,-0.2342054843902588,0.6454951167106628,0.022054795175790787,-0.30316317081451416,0,2000,history20,2,40,42,1.0,0.0,walk_history_ablation
416,8.32,1.0,0.0,-0.2326188087463379,0.6525255441665649,0.03606957569718361,-0.17751099169254303,0,2000,history20,2,40,42,1.0,0.0,walk_history_ablation
417,8.34,1.0,0.0,-0.23196899890899658,0.6615701913833618,0.05120516195893288,-0.05878234654664993,0,2000,history20,2,40,42,1.0,0.0,walk_history_ablation
418,8.36,1.0,0.0,-0.23311913013458252,0.6718030571937561,0.06751076132059097,0.14886246621608734,0,2000,history20,2,40,42,1.0,0.0,walk_history_ablation
419,8.38,1.0,0.0,-0.23456931114196777,0.6744006872177124,0.08792833238840103,0.22072121500968933,0,2000,history20,2,40,42,1.0,0.0,walk_history_ablation
420,8.4,1.0,0.0,-0.23687148094177246,0.6885826587677002,0.10286666452884674,0.2864026427268982,0,2000,history20,2,40,42,1.0,0.0,walk_history_ablation
421,8.42,1.0,0.0,-0.23988544940948486,0.722480058670044,0.11969549208879471,0.37960660457611084,0,2000,history20,2,40,42,1.0,0.0,walk_history_ablation
422,8.44,1.0,0.0,-0.24294841289520264,0.7572536468505859,0.13617289066314697,0.3901834189891815,0,2000,history20,2,40,42,1.0,0.0,walk_history_ablation
423,8.46,1.0,0.0,-0.24467408657073975,0.7843588590621948,0.15125302970409393,0.25957971811294556,0,2000,history20,2,40,42,1.0,0.0,walk_history_ablation
424,8.48,1.0,0.0,-0.24548351764678955,0.803707480430603,0.17572066187858582,0.12723487615585327,0,2000,history20,2,40,42,1.0,0.0,walk_history_ablation
425,8.5,1.0,0.0,-0.2449195384979248,0.8185443878173828,0.19733358919620514,-0.03675922378897667,0,2000,history20,2,40,42,1.0,0.0,walk_history_ablation
426,8.52,1.0,0.0,-0.2436147928237915,0.8327690362930298,0.22137534618377686,-0.06470099091529846,0,2000,history20,2,40,42,1.0,0.0,walk_history_ablation
427,8.540000000000001,1.0,0.0,-0.2419053316116333,0.8518699407577515,0.24269305169582367,-0.04442324489355087,0,2000,history20,2,40,42,1.0,0.0,walk_history_ablation
428,8.56,1.0,0.0,-0.2402191162109375,0.8525120615959167,0.2677121162414551,0.025211989879608154,0,2000,history20,2,40,42,1.0,0.0,walk_history_ablation
429,8.58,1.0,0.0,-0.23751163482666016,0.7183572053909302,0.2118099480867386,-0.011007949709892273,0,2000,history20,2,40,42,1.0,0.0,walk_history_ablation
430,8.6,1.0,0.0,-0.2323286533355713,0.6462219953536987,0.15098682045936584,-0.41635042428970337,0,2000,history20,2,40,42,1.0,0.0,walk_history_ablation
431,8.620000000000001,1.0,0.0,-0.2257676124572754,0.6053513288497925,0.10928527265787125,-0.3683511018753052,0,2000,history20,2,40,42,1.0,0.0,walk_history_ablation
432,8.64,1.0,0.0,-0.22094035148620605,0.591934323310852,0.09269153326749802,-0.10689134895801544,0,2000,history20,2,40,42,1.0,0.0,walk_history_ablation
433,8.66,1.0,0.0,-0.2192596197128296,0.5939561724662781,0.07458515465259552,0.16707688570022583,0,2000,history20,2,40,42,1.0,0.0,walk_history_ablation
434,8.68,1.0,0.0,-0.2194763422012329,0.611714243888855,0.05427086353302002,0.22327539324760437,0,2000,history20,2,40,42,1.0,0.0,walk_history_ablation
435,8.700000000000001,1.0,0.0,-0.22068297863006592,0.6313660144805908,0.03694484382867813,0.24081014096736908,0,2000,history20,2,40,42,1.0,0.0,walk_history_ablation
436,8.72,1.0,0.0,-0.22157347202301025,0.649995744228363,0.019600503146648407,0.12667788565158844,0,2000,history20,2,40,42,1.0,0.0,walk_history_ablation
437,8.74,1.0,0.0,-0.22143816947937012,0.6780062317848206,0.006702514365315437,-0.030190303921699524,0,2000,history20,2,40,42,1.0,0.0,walk_history_ablation
438,8.76,1.0,0.0,-0.2200227975845337,0.7017804980278015,-0.0021686512045562267,-0.17345717549324036,0,2000,history20,2,40,42,1.0,0.0,walk_history_ablation
439,8.78,1.0,0.0,-0.21724188327789307,0.7203102707862854,-0.012090237811207771,-0.3170722723007202,0,2000,history20,2,40,42,1.0,0.0,walk_history_ablation
440,8.8,1.0,0.0,-0.2134714126586914,0.7414513230323792,-0.02456403709948063,-0.42922794818878174,0,2000,history20,2,40,42,1.0,0.0,walk_history_ablation
441,8.82,1.0,0.0,-0.20865154266357422,0.774616003036499,-0.041837744414806366,-0.5712950229644775,0,2000,history20,2,40,42,1.0,0.0,walk_history_ablation
442,8.84,1.0,0.0,-0.2047966718673706,0.8104621767997742,-0.056891296058893204,-0.387525737285614,0,2000,history20,2,40,42,1.0,0.0,walk_history_ablation
443,8.86,1.0,0.0,-0.2032911777496338,0.8522400856018066,-0.07981563359498978,-0.2409614622592926,0,2000,history20,2,40,42,1.0,0.0,walk_history_ablation
444,8.88,1.0,0.0,-0.20236515998840332,0.881475031375885,-0.10711511969566345,-0.17349423468112946,0,2000,history20,2,40,42,1.0,0.0,walk_history_ablation
445,8.9,1.0,0.0,-0.2020268440246582,0.9060083031654358,-0.13360948860645294,-0.15076851844787598,0,2000,history20,2,40,42,1.0,0.0,walk_history_ablation
446,8.92,1.0,0.0,-0.20208370685577393,0.9135182499885559,-0.15698057413101196,-0.013362554833292961,0,2000,history20,2,40,42,1.0,0.0,walk_history_ablation
447,8.94,1.0,0.0,-0.20306336879730225,0.9190866947174072,-0.17963287234306335,0.05618146434426308,0,2000,history20,2,40,42,1.0,0.0,walk_history_ablation
448,8.96,1.0,0.0,-0.20412683486938477,0.8974016308784485,-0.19550472497940063,-0.209285706281662,0,2000,history20,2,40,42,1.0,0.0,walk_history_ablation
449,8.98,1.0,0.0,-0.20112574100494385,0.7882814407348633,-0.13244357705116272,-0.23066352307796478,0,2000,history20,2,40,42,1.0,0.0,walk_history_ablation
450,9.0,1.0,0.0,-0.201055645942688,0.7330361008644104,-0.09730126708745956,0.006285482086241245,0,2000,history20,2,40,42,1.0,0.0,walk_history_ablation
451,9.02,1.0,0.0,-0.20261812210083008,0.6979736685752869,-0.08220154047012329,-0.10078959912061691,0,2000,history20,2,40,42,1.0,0.0,walk_history_ablation
452,9.040000000000001,1.0,0.0,-0.20342683792114258,0.660322904586792,-0.07558539509773254,-0.34253013134002686,0,2000,history20,2,40,42,1.0,0.0,walk_history_ablation
453,9.06,1.0,0.0,-0.2018277645111084,0.6295965909957886,-0.05826485902070999,-0.5778874158859253,0,2000,history20,2,40,42,1.0,0.0,walk_history_ablation
454,9.08,1.0,0.0,-0.19942784309387207,0.6144194602966309,-0.036539822816848755,-0.5402225852012634,0,2000,history20,2,40,42,1.0,0.0,walk_history_ablation
455,9.1,1.0,0.0,-0.19617867469787598,0.621575653553009,-0.019128920510411263,-0.5492895245552063,0,2000,history20,2,40,42,1.0,0.0,walk_history_ablation
456,9.120000000000001,1.0,0.0,-0.19249653816223145,0.6279398202896118,-0.00416079256683588,-0.4932006597518921,0,2000,history20,2,40,42,1.0,0.0,walk_history_ablation
457,9.14,1.0,0.0,-0.18968307971954346,0.6232088208198547,0.016961749643087387,-0.3530680537223816,0,2000,history20,2,40,42,1.0,0.0,walk_history_ablation
458,9.16,1.0,0.0,-0.18774008750915527,0.6265154480934143,0.03537805750966072,-0.24102962017059326,0,2000,history20,2,40,42,1.0,0.0,walk_history_ablation
459,9.18,1.0,0.0,-0.1864001750946045,0.634581983089447,0.05172000452876091,-0.15893663465976715,0,2000,history20,2,40,42,1.0,0.0,walk_history_ablation
460,9.200000000000001,1.0,0.0,-0.18635118007659912,0.6421801447868347,0.06565529108047485,0.04534057527780533,0,2000,history20,2,40,42,1.0,0.0,walk_history_ablation
461,9.22,1.0,0.0,-0.18724548816680908,0.6376863718032837,0.08556695282459259,0.13498026132583618,0,2000,history20,2,40,42,1.0,0.0,walk_history_ablation
462,9.24,1.0,0.0,-0.18902337551116943,0.6432810425758362,0.10433146357536316,0.24022842943668365,0,2000,history20,2,40,42,1.0,0.0,walk_history_ablation
463,9.26,1.0,0.0,-0.19151198863983154,0.6719411611557007,0.1201450526714325,0.3326151371002197,0,2000,history20,2,40,42,1.0,0.0,walk_history_ablation
464,9.28,1.0,0.0,-0.19445455074310303,0.7002295255661011,0.1403704285621643,0.37398427724838257,0,2000,history20,2,40,42,1.0,0.0,walk_history_ablation
465,9.3,1.0,0.0,-0.19603323936462402,0.7277105450630188,0.15369702875614166,0.2491399496793747,0,2000,history20,2,40,42,1.0,0.0,walk_history_ablation
466,9.32,1.0,0.0,-0.19698500633239746,0.7532939910888672,0.17967630922794342,0.18355683982372284,0,2000,history20,2,40,42,1.0,0.0,walk_history_ablation
467,9.34,1.0,0.0,-0.196830153465271,0.7708362340927124,0.2040840983390808,0.017751678824424744,0,2000,history20,2,40,42,1.0,0.0,walk_history_ablation
468,9.36,1.0,0.0,-0.1954188346862793,0.786735475063324,0.23070156574249268,-0.11509384214878082,0,2000,history20,2,40,42,1.0,0.0,walk_history_ablation
469,9.38,1.0,0.0,-0.19295525550842285,0.8044539093971252,0.25732365250587463,-0.12547451257705688,0,2000,history20,2,40,42,1.0,0.0,walk_history_ablation
470,9.4,1.0,0.0,-0.1924804449081421,0.8244174718856812,0.28764504194259644,0.13896828889846802,0,2000,history20,2,40,42,1.0,0.0,walk_history_ablation
471,9.42,1.0,0.0,-0.18796086311340332,0.7665209174156189,0.2928633689880371,-0.09762078523635864,0,2000,history20,2,40,42,1.0,0.0,walk_history_ablation
472,9.44,1.0,0.0,-0.18395650386810303,0.6453149914741516,0.21212133765220642,-0.29449713230133057,0,2000,history20,2,40,42,1.0,0.0,walk_history_ablation
473,9.46,1.0,0.0,-0.1781388521194458,0.5928705930709839,0.1564081609249115,-0.3819143772125244,0,2000,history20,2,40,42,1.0,0.0,walk_history_ablation
474,9.48,1.0,0.0,-0.1721588373184204,0.5733931064605713,0.11564616858959198,-0.28745537996292114,0,2000,history20,2,40,42,1.0,0.0,walk_history_ablation
475,9.5,1.0,0.0,-0.1692579984664917,0.5741947293281555,0.09847664088010788,0.12243212759494781,0,2000,history20,2,40,42,1.0,0.0,walk_history_ablation
476,9.52,1.0,0.0,-0.1697934865951538,0.5737425684928894,0.07744438946247101,0.3740260601043701,0,2000,history20,2,40,42,1.0,0.0,walk_history_ablation
477,9.540000000000001,1.0,0.0,-0.1721891164779663,0.5988122820854187,0.05629628524184227,0.3797403872013092,0,2000,history20,2,40,42,1.0,0.0,walk_history_ablation
478,9.56,1.0,0.0,-0.1741877794265747,0.6253461241722107,0.039105530828237534,0.22920705378055573,0,2000,history20,2,40,42,1.0,0.0,walk_history_ablation
479,9.58,1.0,0.0,-0.17484498023986816,0.6443334817886353,0.025480613112449646,0.037598006427288055,0,2000,history20,2,40,42,1.0,0.0,walk_history_ablation
480,9.6,1.0,0.0,-0.17404413223266602,0.6577205657958984,0.012370920740067959,-0.10497051477432251,0,2000,history20,2,40,42,1.0,0.0,walk_history_ablation
481,9.620000000000001,1.0,0.0,-0.17132163047790527,0.6800127625465393,0.001057029701769352,-0.32798612117767334,0,2000,history20,2,40,42,1.0,0.0,walk_history_ablation
482,9.64,1.0,0.0,-0.16769158840179443,0.7000589966773987,-0.003931187093257904,-0.38277310132980347,0,2000,history20,2,40,42,1.0,0.0,walk_history_ablation
483,9.66,1.0,0.0,-0.16374361515045166,0.7235338687896729,-0.017577996477484703,-0.45544877648353577,0,2000,history20,2,40,42,1.0,0.0,walk_history_ablation
484,9.68,1.0,0.0,-0.1587311029434204,0.7556737065315247,-0.040230799466371536,-0.585874617099762,0,2000,history20,2,40,42,1.0,0.0,walk_history_ablation
485,9.700000000000001,1.0,0.0,-0.15549695491790771,0.7883698344230652,-0.05558463931083679,-0.309635728597641,0,2000,history20,2,40,42,1.0,0.0,walk_history_ablation
486,9.72,1.0,0.0,-0.1550081968307495,0.8283669352531433,-0.08045175671577454,-0.1622854322195053,0,2000,history20,2,40,42,1.0,0.0,walk_history_ablation
487,9.74,1.0,0.0,-0.15518200397491455,0.8460720181465149,-0.1053168997168541,-0.01822064071893692,0,2000,history20,2,40,42,1.0,0.0,walk_history_ablation
488,9.76,1.0,0.0,-0.1557525396347046,0.8674716353416443,-0.13149671256542206,-0.08666513115167618,0,2000,history20,2,40,42,1.0,0.0,walk_history_ablation
489,9.78,1.0,0.0,-0.15606391429901123,0.8767954707145691,-0.1558964103460312,-0.012254477478563786,0,2000,history20,2,40,42,1.0,0.0,walk_history_ablation
490,9.8,1.0,0.0,-0.1567859649658203,0.8892108798027039,-0.17950411140918732,0.04989297688007355,0,2000,history20,2,40,42,1.0,0.0,walk_history_ablation
491,9.82,1.0,0.0,-0.15640759468078613,0.8165551424026489,-0.17973144352436066,-0.2779179513454437,0,2000,history20,2,40,42,1.0,0.0,walk_history_ablation
492,9.84,1.0,0.0,-0.15504372119903564,0.7476696372032166,-0.12343347817659378,-0.120106540620327,0,2000,history20,2,40,42,1.0,0.0,walk_history_ablation
493,9.86,1.0,0.0,-0.1565338373184204,0.7018809914588928,-0.10020118206739426,0.08410155028104782,0,2000,history20,2,40,42,1.0,0.0,walk_history_ablation
494,9.88,1.0,0.0,-0.15819740295410156,0.6700650453567505,-0.08571287244558334,-0.19873806834220886,0,2000,history20,2,40,42,1.0,0.0,walk_history_ablation
495,9.9,1.0,0.0,-0.15786373615264893,0.6361870765686035,-0.07835892587900162,-0.47270649671554565,0,2000,history20,2,40,42,1.0,0.0,walk_history_ablation
496,9.92,1.0,0.0,-0.15539085865020752,0.6157592535018921,-0.06051340326666832,-0.6375464200973511,0,2000,history20,2,40,42,1.0,0.0,walk_history_ablation
497,9.94,1.0,0.0,-0.15181148052215576,0.6133392453193665,-0.03870511054992676,-0.6160914897918701,0,2000,history20,2,40,42,1.0,0.0,walk_history_ablation
498,9.96,1.0,0.0,-0.14722669124603271,0.628075897693634,-0.024430692195892334,-0.6102749705314636,0,2000,history20,2,40,42,1.0,0.0,walk_history_ablation
499,9.98,1.0,0.0,-1.2303134202957153,0.6287405490875244,-0.005897948518395424,-0.41628792881965637,0,2000,history20,2,40,42,1.0,0.0,walk_history_ablation
500,10.0,1.0,0.0,-1.2278815507888794,0.6260518431663513,0.013891855254769325,-0.31070229411125183,0,2000,history20,2,40,42,1.0,0.0,walk_history_ablation
501,10.02,1.0,0.0,-1.2262541055679321,0.6325634121894836,0.02776477485895157,-0.1682308316230774,0,2000,history20,2,40,42,1.0,0.0,walk_history_ablation
502,10.040000000000001,1.0,0.0,-1.2256444692611694,0.6406435370445251,0.04449499770998955,-0.05933418124914169,0,2000,history20,2,40,42,1.0,0.0,walk_history_ablation
503,10.06,1.0,0.0,-1.2268911600112915,0.6500073075294495,0.06124193221330643,0.1597285270690918,0,2000,history20,2,40,42,1.0,0.0,walk_history_ablation
504,10.08,1.0,0.0,-1.228237271308899,0.6453611254692078,0.08477253466844559,0.20540210604667664,0,2000,history20,2,40,42,1.0,0.0,walk_history_ablation
505,10.1,1.0,0.0,-1.2300387620925903,0.6529881358146667,0.10169558972120285,0.21329981088638306,0,2000,history20,2,40,42,1.0,0.0,walk_history_ablation
506,10.120000000000001,1.0,0.0,-1.2322496175765991,0.6845393776893616,0.12217947840690613,0.29339179396629333,0,2000,history20,2,40,42,1.0,0.0,walk_history_ablation
507,10.14,1.0,0.0,-1.234331727027893,0.7167450785636902,0.14070996642112732,0.2953711152076721,0,2000,history20,2,40,42,1.0,0.0,walk_history_ablation
508,10.16,1.0,0.0,-1.2347913980484009,0.7435582876205444,0.15722355246543884,0.12800364196300507,0,2000,history20,2,40,42,1.0,0.0,walk_history_ablation
509,10.18,1.0,0.0,-1.2339674234390259,0.7631886601448059,0.18398171663284302,-0.039045244455337524,0,2000,history20,2,40,42,1.0,0.0,walk_history_ablation
510,10.200000000000001,1.0,0.0,-1.2314459085464478,0.7759947776794434,0.20768864452838898,-0.2478824257850647,0,2000,history20,2,40,42,1.0,0.0,walk_history_ablation
511,10.22,1.0,0.0,-1.2277365922927856,0.7884166836738586,0.23462453484535217,-0.33104926347732544,0,2000,history20,2,40,42,1.0,0.0,walk_history_ablation
512,10.24,1.0,0.0,-1.2233506441116333,0.8100556135177612,0.25999143719673157,-0.3071497678756714,0,2000,history20,2,40,42,1.0,0.0,walk_history_ablation
513,10.26,1.0,0.0,-1.219030499458313,0.8102597594261169,0.2864520251750946,-0.1856725811958313,0,2000,history20,2,40,42,1.0,0.0,walk_history_ablation
514,10.28,1.0,0.0,-1.2139848470687866,0.690110981464386,0.24119135737419128,-0.28249531984329224,0,2000,history20,2,40,42,1.0,0.0,walk_history_ablation
515,10.3,1.0,0.0,-1.206408143043518,0.6219010353088379,0.18303638696670532,-0.6575155854225159,0,2000,history20,2,40,42,1.0,0.0,walk_history_ablation
516,10.32,1.0,0.0,-1.198147177696228,0.583861768245697,0.14646188914775848,-0.5164858102798462,0,2000,history20,2,40,42,1.0,0.0,walk_history_ablation
517,10.34,1.0,0.0,-1.192858338356018,0.5726646184921265,0.13187162578105927,-0.1456354558467865,0,2000,history20,2,40,42,1.0,0.0,walk_history_ablation
518,10.36,1.0,0.0,-1.1911240816116333,0.5765199065208435,0.11130847781896591,0.14726972579956055,0,2000,history20,2,40,42,1.0,0.0,walk_history_ablation
519,10.38,1.0,0.0,-1.1910921335220337,0.5965809226036072,0.0866306722164154,0.18793047964572906,0,2000,history20,2,40,42,1.0,0.0,walk_history_ablation
520,10.4,1.0,0.0,-1.1915479898452759,0.6180710792541504,0.06716027110815048,0.16231808066368103,0,2000,history20,2,40,42,1.0,0.0,walk_history_ablation
521,10.42,1.0,0.0,-1.1917310953140259,0.639372706413269,0.04969785735011101,0.074802927672863,0,2000,history20,2,40,42,1.0,0.0,walk_history_ablation
522,10.44,1.0,0.0,-1.1909669637680054,0.6687725186347961,0.03864727541804314,-0.0958811417222023,0,2000,history20,2,40,42,1.0,0.0,walk_history_ablation
523,10.46,1.0,0.0,-1.1885863542556763,0.6898521780967712,0.031180955469608307,-0.2739693522453308,0,2000,history20,2,40,42,1.0,0.0,walk_history_ablation
524,10.48,1.0,0.0,-1.184566855430603,0.7066283226013184,0.02479543723165989,-0.4457148611545563,0,2000,history20,2,40,42,1.0,0.0,walk_history_ablation
525,10.5,1.0,0.0,-1.1791211366653442,0.7239398956298828,0.015679651871323586,-0.6005899310112,0,2000,history20,2,40,42,1.0,0.0,walk_history_ablation
526,10.52,1.0,0.0,-1.1724892854690552,0.7531137466430664,0.004753341898322105,-0.7374892234802246,0,2000,history20,2,40,42,1.0,0.0,walk_history_ablation
527,10.540000000000001,1.0,0.0,-1.166720986366272,0.7844758629798889,-0.004530670586973429,-0.5887979865074158,0,2000,history20,2,40,42,1.0,0.0,walk_history_ablation
528,10.56,1.0,0.0,-1.1627222299575806,0.8211337924003601,-0.02164485491812229,-0.5073050856590271,0,2000,history20,2,40,42,1.0,0.0,walk_history_ablation
529,10.58,1.0,0.0,-1.1585527658462524,0.8461766242980957,-0.04264109954237938,-0.541743278503418,0,2000,history20,2,40,42,1.0,0.0,walk_history_ablation
530,10.6,1.0,0.0,-1.1541520357131958,0.863143265247345,-0.06193366274237633,-0.5695762038230896,0,2000,history20,2,40,42,1.0,0.0,walk_history_ablation
531,10.620000000000001,1.0,0.0,-1.1499606370925903,0.8572402000427246,-0.07524996995925903,-0.41860151290893555,0,2000,history20,2,40,42,1.0,0.0,walk_history_ablation
532,10.64,1.0,0.0,-1.1474000215530396,0.849908173084259,-0.08469107747077942,-0.2515296936035156,0,2000,history20,2,40,42,1.0,0.0,walk_history_ablation
533,10.66,1.0,0.0,-1.1462465524673462,0.8462525010108948,-0.09119689464569092,-0.07720600068569183,0,2000,history20,2,40,42,1.0,0.0,walk_history_ablation
534,10.68,1.0,0.0,-1.1433721780776978,0.7189968824386597,-0.03722187504172325,-0.41818666458129883,0,2000,history20,2,40,42,1.0,0.0,walk_history_ablation
535,10.700000000000001,1.0,0.0,-1.1409727334976196,0.6758877635002136,-0.010035051964223385,-0.3071737289428711,0,2000,history20,2,40,42,1.0,0.0,walk_history_ablation
536,10.72,1.0,0.0,-1.1394444704055786,0.660959005355835,6.927270442247391e-05,-0.38193899393081665,0,2000,history20,2,40,42,1.0,0.0,walk_history_ablation
537,10.74,1.0,0.0,-1.1373306512832642,0.6376562714576721,0.004646551329642534,-0.7095034122467041,0,2000,history20,2,40,42,1.0,0.0,walk_history_ablation
538,10.76,1.0,0.0,-1.1317096948623657,0.6146514415740967,0.016913335770368576,-1.0012105703353882,0,2000,history20,2,40,42,1.0,0.0,walk_history_ablation
539,10.78,1.0,0.0,-1.125416874885559,0.6018596291542053,0.03902341052889824,-0.9256720542907715,0,2000,history20,2,40,42,1.0,0.0,walk_history_ablation
540,10.8,1.0,0.0,-1.1181732416152954,0.6149265766143799,0.05746876075863838,-0.9405786991119385,0,2000,history20,2,40,42,1.0,0.0,walk_history_ablation
541,10.82,1.0,0.0,-1.110324501991272,0.62868732213974,0.07078979164361954,-0.8593341708183289,0,2000,history20,2,40,42,1.0,0.0,walk_history_ablation
542,10.84,1.0,0.0,-1.1046119928359985,0.6330521106719971,0.08967012912034988,-0.5479226112365723,0,2000,history20,2,40,42,1.0,0.0,walk_history_ablation
543,10.86,1.0,0.0,-1.1013609170913696,0.6344236731529236,0.10658150911331177,-0.30333641171455383,0,2000,history20,2,40,42,1.0,0.0,walk_history_ablation
544,10.88,1.0,0.0,-1.0997124910354614,0.640744686126709,0.12002856284379959,-0.15241675078868866,0,2000,history20,2,40,42,1.0,0.0,walk_history_ablation
545,10.9,1.0,0.0,-1.0993295907974243,0.6454057693481445,0.13553577661514282,0.007378808688372374,0,2000,history20,2,40,42,1.0,0.0,walk_history_ablation
546,10.92,1.0,0.0,-1.1007429361343384,0.6585016846656799,0.15335990488529205,0.15507079660892487,0,2000,history20,2,40,42,1.0,0.0,walk_history_ablation
547,10.94,1.0,0.0,-1.1019407510757446,0.6742141246795654,0.17434562742710114,0.1943189948797226,0,2000,history20,2,40,42,1.0,0.0,walk_history_ablation
548,10.96,1.0,0.0,-1.1041170358657837,0.7104846239089966,0.1912386566400528,0.3089043200016022,0,2000,history20,2,40,42,1.0,0.0,walk_history_ablation
549,10.98,1.0,0.0,-1.1071826219558716,0.7505064606666565,0.21179315447807312,0.4005798101425171,0,2000,history20,2,40,42,1.0,0.0,walk_history_ablation
550,11.0,1.0,0.0,-1.1090413331985474,0.7932261228561401,0.22699737548828125,0.26439914107322693,0,2000,history20,2,40,42,1.0,0.0,walk_history_ablation
551,11.02,1.0,0.0,-1.1097809076309204,0.8233473300933838,0.2556914985179901,0.15245835483074188,0,2000,history20,2,40,42,1.0,0.0,walk_history_ablation
552,11.040000000000001,1.0,0.0,-1.1086989641189575,0.8337005376815796,0.284219890832901,-0.12998685240745544,0,2000,history20,2,40,42,1.0,0.0,walk_history_ablation
553,11.06,1.0,0.0,-1.1053835153579712,0.845203161239624,0.31389516592025757,-0.32987526059150696,0,2000,history20,2,40,42,1.0,0.0,walk_history_ablation
554,11.08,1.0,0.0,-1.1016508340835571,0.8632770776748657,0.34642064571380615,-0.21895238757133484,0,2000,history20,2,40,42,1.0,0.0,walk_history_ablation
555,11.1,1.0,0.0,-1.1001955270767212,0.8914408683776855,0.3786466419696808,0.04169715940952301,0,2000,history20,2,40,42,1.0,0.0,walk_history_ablation
556,11.120000000000001,1.0,0.0,-1.0949503183364868,0.8239514231681824,0.3855544328689575,-0.05836574733257294,0,2000,history20,2,40,42,1.0,0.0,walk_history_ablation
557,11.14,1.0,0.0,-1.0926862955093384,0.7016860246658325,0.2773137390613556,-0.2987213134765625,0,2000,history20,2,40,42,1.0,0.0,walk_history_ablation
558,11.16,1.0,0.0,-1.0860563516616821,0.6519841551780701,0.22378212213516235,-0.5051958560943604,0,2000,history20,2,40,42,1.0,0.0,walk_history_ablation
559,11.18,1.0,0.0,-1.0786176919937134,0.6319623589515686,0.19077101349830627,-0.47424566745758057,0,2000,history20,2,40,42,1.0,0.0,walk_history_ablation
560,11.200000000000001,1.0,0.0,-1.072973370552063,0.6263794898986816,0.17144376039505005,-0.23993009328842163,0,2000,history20,2,40,42,1.0,0.0,walk_history_ablation
561,11.22,1.0,0.0,-1.069374680519104,0.6278119087219238,0.146464005112648,-0.09826930612325668,0,2000,history20,2,40,42,1.0,0.0,walk_history_ablation
562,11.24,1.0,0.0,-1.0662542581558228,0.6438999772071838,0.12171032279729843,-0.16244006156921387,0,2000,history20,2,40,42,1.0,0.0,walk_history_ablation
563,11.26,1.0,0.0,-1.0634595155715942,0.6679409742355347,0.10459011048078537,-0.16267049312591553,0,2000,history20,2,40,42,1.0,0.0,walk_history_ablation
564,11.28,1.0,0.0,-1.0606476068496704,0.693561315536499,0.09236210584640503,-0.2519381642341614,0,2000,history20,2,40,42,1.0,0.0,walk_history_ablation
565,11.3,1.0,0.0,-1.057684063911438,0.7138760685920715,0.08121733367443085,-0.27035337686538696,0,2000,history20,2,40,42,1.0,0.0,walk_history_ablation
566,11.32,1.0,0.0,-1.0539122819900513,0.7375686168670654,0.06847703456878662,-0.3972961902618408,0,2000,history20,2,40,42,1.0,0.0,walk_history_ablation
567,11.34,1.0,0.0,-1.0495535135269165,0.7636802196502686,0.05929373577237129,-0.4548601806163788,0,2000,history20,2,40,42,1.0,0.0,walk_history_ablation
568,11.36,1.0,0.0,-1.0448414087295532,0.7934426665306091,0.04452071711421013,-0.5233651399612427,0,2000,history20,2,40,42,1.0,0.0,walk_history_ablation
569,11.38,1.0,0.0,-1.0396019220352173,0.8311963081359863,0.026751471683382988,-0.604931652545929,0,2000,history20,2,40,42,1.0,0.0,walk_history_ablation
570,11.4,1.0,0.0,-1.035821557044983,0.8716005086898804,0.011420170776546001,-0.42963463068008423,0,2000,history20,2,40,42,1.0,0.0,walk_history_ablation
571,11.42,1.0,0.0,-1.0331093072891235,0.9143629670143127,-0.014857378788292408,-0.43961673974990845,0,2000,history20,2,40,42,1.0,0.0,walk_history_ablation
572,11.44,1.0,0.0,-1.0300132036209106,0.9303842186927795,-0.0368516631424427,-0.4136871099472046,0,2000,history20,2,40,42,1.0,0.0,walk_history_ablation
573,11.46,1.0,0.0,-1.0264860391616821,0.9373292326927185,-0.056057993322610855,-0.4575430750846863,0,2000,history20,2,40,42,1.0,0.0,walk_history_ablation
574,11.48,1.0,0.0,-1.023093819618225,0.9310080409049988,-0.06931614875793457,-0.3365688621997833,0,2000,history20,2,40,42,1.0,0.0,walk_history_ablation
575,11.5,1.0,0.0,-1.0208326578140259,0.9284579753875732,-0.07197408378124237,-0.15596717596054077,0,2000,history20,2,40,42,1.0,0.0,walk_history_ablation
576,11.52,1.0,0.0,-1.0168362855911255,0.78061842918396,-0.021660977974534035,-0.5419743657112122,0,2000,history20,2,40,42,1.0,0.0,walk_history_ablation
577,11.540000000000001,1.0,0.0,-1.0127769708633423,0.7123072743415833,0.01149321161210537,-0.4001557230949402,0,2000,history20,2,40,42,1.0,0.0,walk_history_ablation
578,11.56,1.0,0.0,-1.0101295709609985,0.6913447380065918,0.020893270149827003,-0.44421735405921936,0,2000,history20,2,40,42,1.0,0.0,walk_history_ablation
579,11.58,1.0,0.0,-1.006672978401184,0.6735790371894836,0.021462559700012207,-0.7647081613540649,0,2000,history20,2,40,42,1.0,0.0,walk_history_ablation
580,11.6,1.0,0.0,-1.0008312463760376,0.6450056433677673,0.031111929565668106,-0.97134929895401,0,2000,history20,2,40,42,1.0,0.0,walk_history_ablation
581,11.620000000000001,1.0,0.0,-0.9951869249343872,0.619148850440979,0.0522908940911293,-0.8582463264465332,0,2000,history20,2,40,42,1.0,0.0,walk_history_ablation
582,11.64,1.0,0.0,-0.9889117479324341,0.6249532103538513,0.07053060829639435,-0.863764226436615,0,2000,history20,2,40,42,1.0,0.0,walk_history_ablation
583,11.66,1.0,0.0,-0.9819375276565552,0.6375256180763245,0.0825401097536087,-0.8113961219787598,0,2000,history20,2,40,42,1.0,0.0,walk_history_ablation
584,11.68,1.0,0.0,-0.9767323732376099,0.6432172060012817,0.09852788597345352,-0.5315918326377869,0,2000,history20,2,40,42,1.0,0.0,walk_history_ablation
585,11.700000000000001,1.0,0.0,-0.9736863374710083,0.6443606615066528,0.1144033893942833,-0.3244582712650299,0,2000,history20,2,40,42,1.0,0.0,walk_history_ablation
586,11.72,1.0,0.0,-0.9719463586807251,0.6534548401832581,0.12552142143249512,-0.17753347754478455,0,2000,history20,2,40,42,1.0,0.0,walk_history_ablation
587,11.74,1.0,0.0,-0.9713941812515259,0.6589378118515015,0.13754794001579285,-0.014425939880311489,0,2000,history20,2,40,42,1.0,0.0,walk_history_ablation
588,11.76,1.0,0.0,-0.9724675416946411,0.6658146381378174,0.1524794101715088,0.14173880219459534,0,2000,history20,2,40,42,1.0,0.0,walk_history_ablation
589,11.78,1.0,0.0,-0.974685788154602,0.6820168495178223,0.17182114720344543,0.17195634543895721,0,2000,history20,2,40,42,1.0,0.0,walk_history_ablation
590,11.8,1.0,0.0,-0.9766842126846313,0.7130992412567139,0.18679943680763245,0.2741867005825043,0,2000,history20,2,40,42,1.0,0.0,walk_history_ablation
591,11.82,1.0,0.0,-0.9794918298721313,0.7462942600250244,0.20625938475131989,0.3458017110824585,0,2000,history20,2,40,42,1.0,0.0,walk_history_ablation
592,11.84,1.0,0.0,-0.9815555810928345,0.7894121408462524,0.2191445678472519,0.3095376789569855,0,2000,history20,2,40,42,1.0,0.0,walk_history_ablation
593,11.86,1.0,0.0,-0.9831253290176392,0.8223336338996887,0.2447362095117569,0.2571655213832855,0,2000,history20,2,40,42,1.0,0.0,walk_history_ablation
594,11.88,1.0,0.0,-0.9831405878067017,0.8351555466651917,0.2720335125923157,-0.01331641897559166,0,2000,history20,2,40,42,1.0,0.0,walk_history_ablation
595,11.9,1.0,0.0,-0.9803591966629028,0.8467069268226624,0.2992437183856964,-0.29756394028663635,0,2000,history20,2,40,42,1.0,0.0,walk_history_ablation
596,11.92,1.0,0.0,-0.976479172706604,0.8589402437210083,0.3297264575958252,-0.2665254771709442,0,2000,history20,2,40,42,1.0,0.0,walk_history_ablation
597,11.94,1.0,0.0,-0.9740444421768188,0.8732085824012756,0.3602694571018219,-0.08919735252857208,0,2000,history20,2,40,42,1.0,0.0,walk_history_ablation
598,11.96,1.0,0.0,-0.9703155755996704,0.8616515398025513,0.3845329284667969,-0.14589160680770874,0,2000,history20,2,40,42,1.0,0.0,walk_history_ablation
599,11.98,1.0,0.0,-0.9671527147293091,0.7262057662010193,0.31610098481178284,-0.055516328662633896,0,2000,history20,2,40,42,1.0,0.0,walk_history_ablation
600,12.0,1.0,0.0,-0.9609748125076294,0.6656488180160522,0.24060164391994476,-0.5667566657066345,0,2000,history20,2,40,42,1.0,0.0,walk_history_ablation
601,12.02,1.0,0.0,-0.9527822732925415,0.6300110220909119,0.1918860673904419,-0.5303853154182434,0,2000,history20,2,40,42,1.0,0.0,walk_history_ablation
602,12.040000000000001,1.0,0.0,-0.946698784828186,0.6200056672096252,0.17463050782680511,-0.2422890067100525,0,2000,history20,2,40,42,1.0,0.0,walk_history_ablation
603,12.06,1.0,0.0,-0.943177342414856,0.6219420433044434,0.1483900249004364,-0.04100325331091881,0,2000,history20,2,40,42,1.0,0.0,walk_history_ablation
604,12.08,1.0,0.0,-0.9409962892532349,0.6394854784011841,0.12244398146867752,-0.030315730720758438,0,2000,history20,2,40,42,1.0,0.0,walk_history_ablation
605,12.1,1.0,0.0,-0.9396191835403442,0.6586223840713501,0.10073569416999817,0.007092597894370556,0,2000,history20,2,40,42,1.0,0.0,walk_history_ablation
606,12.120000000000001,1.0,0.0,-0.938489556312561,0.6791105270385742,0.08105145394802094,-0.04804934188723564,0,2000,history20,2,40,42,1.0,0.0,walk_history_ablation
607,12.14,1.0,0.0,-0.936587929725647,0.7046525478363037,0.06857891380786896,-0.20694637298583984,0,2000,history20,2,40,42,1.0,0.0,walk_history_ablation
608,12.16,1.0,0.0,-0.9334326982498169,0.724018394947052,0.05831735208630562,-0.331867516040802,0,2000,history20,2,40,42,1.0,0.0,walk_history_ablation
609,12.18,1.0,0.0,-0.929357647895813,0.7441468834877014,0.04844079166650772,-0.42547333240509033,0,2000,history20,2,40,42,1.0,0.0,walk_history_ablation
610,12.200000000000001,1.0,0.0,-0.9244300127029419,0.7649198770523071,0.03480890020728111,-0.5307245254516602,0,2000,history20,2,40,42,1.0,0.0,walk_history_ablation
611,12.22,1.0,0.0,-0.9190250635147095,0.7993143796920776,0.01921229250729084,-0.6129554510116577,0,2000,history20,2,40,42,1.0,0.0,walk_history_ablation
612,12.24,1.0,0.0,-0.9146167039871216,0.8376548886299133,0.005558310076594353,-0.47471755743026733,0,2000,history20,2,40,42,1.0,0.0,walk_history_ablation
613,12.26,1.0,0.0,-0.9123474359512329,0.8773900866508484,-0.014953626319766045,-0.33284932374954224,0,2000,history20,2,40,42,1.0,0.0,walk_history_ablation
614,12.280000000000001,1.0,0.0,-0.9101711511611938,0.9062803983688354,-0.04084205627441406,-0.3587228059768677,0,2000,history20,2,40,42,1.0,0.0,walk_history_ablation
615,12.3,1.0,0.0,-0.9070855379104614,0.9248409271240234,-0.06480797380208969,-0.4457106590270996,0,2000,history20,2,40,42,1.0,0.0,walk_history_ablation
616,12.32,1.0,0.0,-0.904236912727356,0.9244285821914673,-0.08152252435684204,-0.28013622760772705,0,2000,history20,2,40,42,1.0,0.0,walk_history_ablation
617,12.34,1.0,0.0,-0.9026743173599243,0.9265992641448975,-0.09653999656438828,-0.14288429915905,0,2000,history20,2,40,42,1.0,0.0,walk_history_ablation
618,12.36,1.0,0.0,-0.9012171030044556,0.8629673719406128,-0.09326949715614319,-0.4613341987133026,0,2000,history20,2,40,42,1.0,0.0,walk_history_ablation
619,12.38,1.0,0.0,-0.8970710039138794,0.7523731589317322,-0.025504060089588165,-0.3077910542488098,0,2000,history20,2,40,42,1.0,0.0,walk_history_ablation
620,12.4,1.0,0.0,-0.8961845636367798,0.6984110474586487,0.0011043809354305267,-0.0869392529129982,0,2000,history20,2,40,42,1.0,0.0,walk_history_ablation
621,12.42,1.0,0.0,-0.8961941003799438,0.6784107089042664,0.005757476203143597,-0.31236734986305237,0,2000,history20,2,40,42,1.0,0.0,walk_history_ablation
622,12.44,1.0,0.0,-0.8947559595108032,0.6469588875770569,0.007821437902748585,-0.5796785354614258,0,2000,history20,2,40,42,1.0,0.0,walk_history_ablation
623,12.46,1.0,0.0,-0.890994668006897,0.6192823648452759,0.020583661273121834,-0.8053155541419983,0,2000,history20,2,40,42,1.0,0.0,walk_history_ablation
624,12.48,1.0,0.0,-0.8864380121231079,0.6015180945396423,0.04105083644390106,-0.7497355937957764,0,2000,history20,2,40,42,1.0,0.0,walk_history_ablation
625,12.5,1.0,0.0,-0.8806220293045044,0.6057072281837463,0.056600697338581085,-0.7962561845779419,0,2000,history20,2,40,42,1.0,0.0,walk_history_ablation
626,12.52,1.0,0.0,-0.8751784563064575,0.6050766110420227,0.07071443647146225,-0.6332406401634216,0,2000,history20,2,40,42,1.0,0.0,walk_history_ablation
627,12.540000000000001,1.0,0.0,-0.870742917060852,0.5982542037963867,0.09029772132635117,-0.5214295983314514,0,2000,history20,2,40,42,1.0,0.0,walk_history_ablation
628,12.56,1.0,0.0,-0.8672963380813599,0.5996997356414795,0.105860635638237,-0.36004161834716797,0,2000,history20,2,40,42,1.0,0.0,walk_history_ablation
629,12.58,1.0,0.0,-0.864850640296936,0.6090141534805298,0.12012798339128494,-0.23513689637184143,0,2000,history20,2,40,42,1.0,0.0,walk_history_ablation
630,12.6,1.0,0.0,-0.8644315004348755,0.6164658069610596,0.13367678225040436,0.03334526717662811,0,2000,history20,2,40,42,1.0,0.0,walk_history_ablation
631,12.620000000000001,1.0,0.0,-0.8662325143814087,0.6228365898132324,0.15352503955364227,0.20690496265888214,0,2000,history20,2,40,42,1.0,0.0,walk_history_ablation
632,12.64,1.0,0.0,-0.8672834634780884,0.6308101415634155,0.16890253126621246,0.1121431440114975,0,2000,history20,2,40,42,1.0,0.0,walk_history_ablation
633,12.66,1.0,0.0,-0.8685280084609985,0.6647037863731384,0.18802759051322937,0.21119087934494019,0,2000,history20,2,40,42,1.0,0.0,walk_history_ablation
634,12.68,1.0,0.0,-0.870559811592102,0.7003757953643799,0.20980197191238403,0.3299305737018585,0,2000,history20,2,40,42,1.0,0.0,walk_history_ablation
635,12.700000000000001,1.0,0.0,-0.8713546991348267,0.7358168363571167,0.22538720071315765,0.19748273491859436,0,2000,history20,2,40,42,1.0,0.0,walk_history_ablation
636,12.72,1.0,0.0,-0.8717633485794067,0.7592094540596008,0.26023516058921814,0.1027669757604599,0,2000,history20,2,40,42,1.0,0.0,walk_history_ablation
637,12.74,1.0,0.0,-0.869888424873352,0.7730216979980469,0.28814709186553955,-0.19707006216049194,0,2000,history20,2,40,42,1.0,0.0,walk_history_ablation
638,12.76,1.0,0.0,-0.8660866022109985,0.7870193123817444,0.3235996961593628,-0.36535635590553284,0,2000,history20,2,40,42,1.0,0.0,walk_history_ablation
639,12.780000000000001,1.0,0.0,-0.8613964319229126,0.8023090958595276,0.3557909429073334,-0.3092009723186493,0,2000,history20,2,40,42,1.0,0.0,walk_history_ablation
640,12.8,1.0,0.0,-0.8596788644790649,0.8294603824615479,0.39272287487983704,0.08572901040315628,0,2000,history20,2,40,42,1.0,0.0,walk_history_ablation
641,12.82,1.0,0.0,-0.8550907373428345,0.7846461534500122,0.40705162286758423,-0.23627829551696777,0,2000,history20,2,40,42,1.0,0.0,walk_history_ablation
642,12.84,1.0,0.0,-0.8531619310379028,0.6511229872703552,0.30820971727371216,-0.1683754324913025,0,2000,history20,2,40,42,1.0,0.0,walk_history_ablation
643,12.86,1.0,0.0,-0.847046971321106,0.6073625683784485,0.2461206614971161,-0.48152628540992737,0,2000,history20,2,40,42,1.0,0.0,walk_history_ablation
644,12.88,1.0,0.0,-0.8398524522781372,0.5823172926902771,0.21055862307548523,-0.45389312505722046,0,2000,history20,2,40,42,1.0,0.0,walk_history_ablation
645,12.9,1.0,0.0,-0.8347631692886353,0.5792002081871033,0.1902018040418625,-0.1817849725484848,0,2000,history20,2,40,42,1.0,0.0,walk_history_ablation
646,12.92,1.0,0.0,-0.8318763971328735,0.588096022605896,0.16320975124835968,-0.0207394789904356,0,2000,history20,2,40,42,1.0,0.0,walk_history_ablation
647,12.94,1.0,0.0,-0.829598069190979,0.607129693031311,0.13783636689186096,-0.08683458715677261,0,2000,history20,2,40,42,1.0,0.0,walk_history_ablation
648,12.96,1.0,0.0,-0.8278437852859497,0.631844162940979,0.12138248234987259,-0.06284391134977341,0,2000,history20,2,40,42,1.0,0.0,walk_history_ablation
649,12.98,1.0,0.0,-0.8261843919754028,0.6548630595207214,0.1057886928319931,-0.12980417907238007,0,2000,history20,2,40,42,1.0,0.0,walk_history_ablation
650,13.0,1.0,0.0,-0.8239542245864868,0.6784269213676453,0.09454493224620819,-0.23305347561836243,0,2000,history20,2,40,42,1.0,0.0,walk_history_ablation
651,13.02,1.0,0.0,-0.8204818964004517,0.6975318193435669,0.08283426612615585,-0.3761417865753174,0,2000,history20,2,40,42,1.0,0.0,walk_history_ablation
652,13.040000000000001,1.0,0.0,-0.8158961534500122,0.7190276980400085,0.07309427857398987,-0.48923635482788086,0,2000,history20,2,40,42,1.0,0.0,walk_history_ablation
653,13.06,1.0,0.0,-0.8109661340713501,0.74284827709198,0.0613565556704998,-0.5143936276435852,0,2000,history20,2,40,42,1.0,0.0,walk_history_ablation
654,13.08,1.0,0.0,-0.806216835975647,0.7774971127510071,0.04573141410946846,-0.5319404602050781,0,2000,history20,2,40,42,1.0,0.0,walk_history_ablation
655,13.1,1.0,0.0,-0.8027592897415161,0.8159266114234924,0.03190012276172638,-0.40413612127304077,0,2000,history20,2,40,42,1.0,0.0,walk_history_ablation
656,13.120000000000001,1.0,0.0,-0.8007732629776001,0.8526374697685242,0.010749518871307373,-0.3294900059700012,0,2000,history20,2,40,42,1.0,0.0,walk_history_ablation
657,13.14,1.0,0.0,-0.7984238862991333,0.8740965127944946,-0.010512197390198708,-0.3728238344192505,0,2000,history20,2,40,42,1.0,0.0,walk_history_ablation
658,13.16,1.0,0.0,-0.795509934425354,0.8801608681678772,-0.027512434870004654,-0.3761218190193176,0,2000,history20,2,40,42,1.0,0.0,walk_history_ablation
659,13.18,1.0,0.0,-0.7930561304092407,0.8782624006271362,-0.039705052971839905,-0.26224905252456665,0,2000,history20,2,40,42,1.0,0.0,walk_history_ablation
660,13.200000000000001,1.0,0.0,-0.791751503944397,0.8791255354881287,-0.05098927766084671,-0.1185835599899292,0,2000,history20,2,40,42,1.0,0.0,walk_history_ablation
661,13.22,1.0,0.0,-0.7890974283218384,0.7995521426200867,-0.03780711814761162,-0.22925406694412231,0,2000,history20,2,40,42,1.0,0.0,walk_history_ablation
662,13.24,1.0,0.0,-0.7856236696243286,0.7121981382369995,0.011842312291264534,-0.34883564710617065,0,2000,history20,2,40,42,1.0,0.0,walk_history_ablation
663,13.26,1.0,0.0,-0.7842665910720825,0.6819272637367249,0.02506280690431595,-0.2570095658302307,0,2000,history20,2,40,42,1.0,0.0,walk_history_ablation
664,13.280000000000001,1.0,0.0,-0.7831593751907349,0.6656956076622009,0.027092251926660538,-0.5070871114730835,0,2000,history20,2,40,42,1.0,0.0,walk_history_ablation
665,13.3,1.0,0.0,-0.7796026468276978,0.6405128240585327,0.03041573241353035,-0.7984086871147156,0,2000,history20,2,40,42,1.0,0.0,walk_history_ablation
666,13.32,1.0,0.0,-0.7747942209243774,0.6184674501419067,0.046925902366638184,-0.8304304480552673,0,2000,history20,2,40,42,1.0,0.0,walk_history_ablation
667,13.34,1.0,0.0,-0.7692896127700806,0.61944979429245,0.06405369937419891,-0.8011654615402222,0,2000,history20,2,40,42,1.0,0.0,walk_history_ablation
668,13.36,1.0,0.0,-0.7625404596328735,0.634560763835907,0.07550185918807983,-0.818845272064209,0,2000,history20,2,40,42,1.0,0.0,walk_history_ablation
669,13.38,1.0,0.0,-0.7570711374282837,0.6363093256950378,0.09313851594924927,-0.5817992687225342,0,2000,history20,2,40,42,1.0,0.0,walk_history_ablation
670,13.4,1.0,0.0,-0.7533670663833618,0.6372560858726501,0.11010563373565674,-0.38019299507141113,0,2000,history20,2,40,42,1.0,0.0,walk_history_ablation
671,13.42,1.0,0.0,-0.7510110139846802,0.6419667601585388,0.12432903796434402,-0.23533140122890472,0,2000,history20,2,40,42,1.0,0.0,walk_history_ablation
672,13.44,1.0,0.0,-0.7500954866409302,0.650391161441803,0.1395157128572464,-0.045729853212833405,0,2000,history20,2,40,42,1.0,0.0,walk_history_ablation
673,13.46,1.0,0.0,-0.7513715028762817,0.6591658592224121,0.15535114705562592,0.17833496630191803,0,2000,history20,2,40,42,1.0,0.0,walk_history_ablation
674,13.48,1.0,0.0,-0.7532855272293091,0.6701396703720093,0.17414765059947968,0.18332862854003906,0,2000,history20,2,40,42,1.0,0.0,walk_history_ablation
675,13.5,1.0,0.0,-0.7554675340652466,0.6943596005439758,0.1910570114850998,0.2992607355117798,0,2000,history20,2,40,42,1.0,0.0,walk_history_ablation
676,13.52,1.0,0.0,-0.7585283517837524,0.7329695224761963,0.21052007377147675,0.37960052490234375,0,2000,history20,2,40,42,1.0,0.0,walk_history_ablation
677,13.540000000000001,1.0,0.0,-0.7609621286392212,0.7736945748329163,0.2272200584411621,0.3281313478946686,0,2000,history20,2,40,42,1.0,0.0,walk_history_ablation
678,13.56,1.0,0.0,-0.7618395090103149,0.8035525679588318,0.2491300404071808,0.17402508854866028,0,2000,history20,2,40,42,1.0,0.0,walk_history_ablation
679,13.58,1.0,0.0,-0.761518120765686,0.8217279314994812,0.27927565574645996,0.004145557060837746,0,2000,history20,2,40,42,1.0,0.0,walk_history_ablation
680,13.6,1.0,0.0,-0.7594176530838013,0.8350997567176819,0.30692028999328613,-0.2153908908367157,0,2000,history20,2,40,42,1.0,0.0,walk_history_ablation
681,13.620000000000001,1.0,0.0,-0.7559691667556763,0.8507974743843079,0.33812057971954346,-0.2759067714214325,0,2000,history20,2,40,42,1.0,0.0,walk_history_ablation
682,13.64,1.0,0.0,-0.7531086206436157,0.8723394870758057,0.3690480589866638,-0.09097806364297867,0,2000,history20,2,40,42,1.0,0.0,walk_history_ablation
683,13.66,1.0,0.0,-0.7504669427871704,0.8607149124145508,0.39331817626953125,0.01093989983201027,0,2000,history20,2,40,42,1.0,0.0,walk_history_ablation
684,13.68,1.0,0.0,-0.7494951486587524,0.7167147397994995,0.3108852505683899,0.09527859836816788,0,2000,history20,2,40,42,1.0,0.0,walk_history_ablation
685,13.700000000000001,1.0,0.0,-0.7444130182266235,0.6565159559249878,0.23593512177467346,-0.4661306142807007,0,2000,history20,2,40,42,1.0,0.0,walk_history_ablation
686,13.72,1.0,0.0,-0.737031102180481,0.6218310594558716,0.19286780059337616,-0.4502154588699341,0,2000,history20,2,40,42,1.0,0.0,walk_history_ablation
687,13.74,1.0,0.0,-0.7313405275344849,0.612277626991272,0.1758510172367096,-0.23183603584766388,0,2000,history20,2,40,42,1.0,0.0,walk_history_ablation
688,13.76,1.0,0.0,-0.7276688814163208,0.6152449250221252,0.15158255398273468,-0.07596784830093384,0,2000,history20,2,40,42,1.0,0.0,walk_history_ablation
689,13.780000000000001,1.0,0.0,-0.7249857187271118,0.6316829323768616,0.12599149346351624,-0.0784047394990921,0,2000,history20,2,40,42,1.0,0.0,walk_history_ablation
690,13.8,1.0,0.0,-0.7233191728591919,0.6508200764656067,0.10806556046009064,-0.012756629846990108,0,2000,history20,2,40,42,1.0,0.0,walk_history_ablation
691,13.82,1.0,0.0,-0.7220293283462524,0.6713544726371765,0.08974158018827438,-0.059514712542295456,0,2000,history20,2,40,42,1.0,0.0,walk_history_ablation
692,13.84,1.0,0.0,-0.7203608751296997,0.6988589763641357,0.07739491015672684,-0.1679174304008484,0,2000,history20,2,40,42,1.0,0.0,walk_history_ablation
693,13.86,1.0,0.0,-0.7177311182022095,0.7193954586982727,0.06643505394458771,-0.27921542525291443,0,2000,history20,2,40,42,1.0,0.0,walk_history_ablation
694,13.88,1.0,0.0,-0.7140065431594849,0.739924430847168,0.05487661063671112,-0.39331942796707153,0,2000,history20,2,40,42,1.0,0.0,walk_history_ablation
695,13.9,1.0,0.0,-0.7096692323684692,0.7634287476539612,0.04123232141137123,-0.45494216680526733,0,2000,history20,2,40,42,1.0,0.0,walk_history_ablation
696,13.92,1.0,0.0,-0.7048317193984985,0.8001149892807007,0.025787681341171265,-0.5537294745445251,0,2000,history20,2,40,42,1.0,0.0,walk_history_ablation
697,13.94,1.0,0.0,-0.701123833656311,0.8412281274795532,0.013041486032307148,-0.4132329821586609,0,2000,history20,2,40,42,1.0,0.0,walk_history_ablation
698,13.96,1.0,0.0,-0.6991478204727173,0.8847337961196899,-0.00924448948353529,-0.3263893723487854,0,2000,history20,2,40,42,1.0,0.0,walk_history_ablation
699,13.98,1.0,0.0,-0.6969629526138306,0.91355299949646,-0.033720701932907104,-0.3528335988521576,0,2000,history20,2,40,42,1.0,0.0,walk_history_ablation
700,14.0,1.0,0.0,-0.694616436958313,0.9290134906768799,-0.054420627653598785,-0.3337089717388153,0,2000,history20,2,40,42,1.0,0.0,walk_history_ablation
701,14.02,1.0,0.0,-0.6926213502883911,0.93132483959198,-0.07064110785722733,-0.2199971079826355,0,2000,history20,2,40,42,1.0,0.0,walk_history_ablation
702,14.040000000000001,1.0,0.0,-0.6914716958999634,0.9326364398002625,-0.08593876659870148,-0.10301601886749268,0,2000,history20,2,40,42,1.0,0.0,walk_history_ablation
703,14.06,1.0,0.0,-0.689801812171936,0.8752825856208801,-0.07331458479166031,-0.5385407209396362,0,2000,history20,2,40,42,1.0,0.0,walk_history_ablation
704,14.08,1.0,0.0,-0.6860381364822388,0.7761917114257812,-0.006912761367857456,-0.31282371282577515,0,2000,history20,2,40,42,1.0,0.0,walk_history_ablation
705,14.1,1.0,0.0,-0.6845251321792603,0.7275803685188293,0.019822165369987488,-0.20865800976753235,0,2000,history20,2,40,42,1.0,0.0,walk_history_ablation
706,14.120000000000001,1.0,0.0,-0.683716893196106,0.7125670909881592,0.02601374126970768,-0.3492025136947632,0,2000,history20,2,40,42,1.0,0.0,walk_history_ablation
707,14.14,1.0,0.0,-0.6819578409194946,0.6885117292404175,0.0276656374335289,-0.6231451034545898,0,2000,history20,2,40,42,1.0,0.0,walk_history_ablation
708,14.16,1.0,0.0,-0.6780263185501099,0.6656439304351807,0.0421740785241127,-0.8174852132797241,0,2000,history20,2,40,42,1.0,0.0,walk_history_ablation
709,14.18,1.0,0.0,-0.6730214357376099,0.6544755101203918,0.06351674348115921,-0.7835311889648438,0,2000,history20,2,40,42,1.0,0.0,walk_history_ablation
710,14.200000000000001,1.0,0.0,-0.6667782068252563,0.6643133759498596,0.0792170912027359,-0.8003162145614624,0,2000,history20,2,40,42,1.0,0.0,walk_history_ablation
711,14.22,1.0,0.0,-0.6618272066116333,0.6643190979957581,0.09791208803653717,-0.5755555033683777,0,2000,history20,2,40,42,1.0,0.0,walk_history_ablation
712,14.24,1.0,0.0,-0.6581846475601196,0.6628998517990112,0.11505497992038727,-0.4215429425239563,0,2000,history20,2,40,42,1.0,0.0,walk_history_ablation
713,14.26,1.0,0.0,-0.6557389497756958,0.6689544916152954,0.1282021552324295,-0.25249263644218445,0,2000,history20,2,40,42,1.0,0.0,walk_history_ablation
714,14.280000000000001,1.0,0.0,-0.6541949510574341,0.6784063577651978,0.14224733412265778,-0.13555526733398438,0,2000,history20,2,40,42,1.0,0.0,walk_history_ablation
715,14.3,1.0,0.0,-0.6550189256668091,0.6846679449081421,0.1586836576461792,0.15530124306678772,0,2000,history20,2,40,42,1.0,0.0,walk_history_ablation
716,14.32,1.0,0.0,-0.6578336954116821,0.6937083601951599,0.17650842666625977,0.23271211981773376,0,2000,history20,2,40,42,1.0,0.0,walk_history_ablation
717,14.34,1.0,0.0,-0.659549355506897,0.7053647041320801,0.19352854788303375,0.1986611783504486,0,2000,history20,2,40,42,1.0,0.0,walk_history_ablation
718,14.36,1.0,0.0,-0.6617647409439087,0.7402679324150085,0.21270516514778137,0.2939634919166565,0,2000,history20,2,40,42,1.0,0.0,walk_history_ablation
719,14.38,1.0,0.0,-0.6644707918167114,0.7778096795082092,0.23321707546710968,0.3756067156791687,0,2000,history20,2,40,42,1.0,0.0,walk_history_ablation
720,14.4,1.0,0.0,-0.665812611579895,0.8122695088386536,0.2490362823009491,0.2479277104139328,0,2000,history20,2,40,42,1.0,0.0,walk_history_ablation
721,14.42,1.0,0.0,-0.6664220094680786,0.83158278465271,0.2818424701690674,0.10687285661697388,0,2000,history20,2,40,42,1.0,0.0,walk_history_ablation
722,14.44,1.0,0.0,-0.6649724245071411,0.8429282307624817,0.30988842248916626,-0.14735259115695953,0,2000,history20,2,40,42,1.0,0.0,walk_history_ablation
723,14.46,1.0,0.0,-0.6621280908584595,0.8518327474594116,0.342713326215744,-0.23957723379135132,0,2000,history20,2,40,42,1.0,0.0,walk_history_ablation
724,14.48,1.0,0.0,-0.6588469743728638,0.8653427362442017,0.3725368082523346,-0.18998771905899048,0,2000,history20,2,40,42,1.0,0.0,walk_history_ablation
725,14.5,1.0,0.0,-0.6578942537307739,0.8938953876495361,0.4097502827644348,0.0751107931137085,0,2000,history20,2,40,42,1.0,0.0,walk_history_ablation
726,14.52,1.0,0.0,-0.6535416841506958,0.7685327529907227,0.369650661945343,0.08468513190746307,0,2000,history20,2,40,42,1.0,0.0,walk_history_ablation
727,14.540000000000001,1.0,0.0,-0.6486355066299438,0.6801332235336304,0.2813674509525299,-0.46788039803504944,0,2000,history20,2,40,42,1.0,0.0,walk_history_ablation
728,14.56,1.0,0.0,-0.6420837640762329,0.6300001740455627,0.22475706040859222,-0.3414689898490906,0,2000,history20,2,40,42,1.0,0.0,walk_history_ablation
729,14.58,1.0,0.0,-0.6372238397598267,0.6076650619506836,0.1960742175579071,-0.1287623941898346,0,2000,history20,2,40,42,1.0,0.0,walk_history_ablation
730,14.6,1.0,0.0,-0.6349564790725708,0.6039890050888062,0.16967476904392242,0.0925501361489296,0,2000,history20,2,40,42,1.0,0.0,walk_history_ablation
731,14.620000000000001,1.0,0.0,-0.6342507600784302,0.6190880537033081,0.14293426275253296,0.13548065721988678,0,2000,history20,2,40,42,1.0,0.0,walk_history_ablation
732,14.64,1.0,0.0,-0.6346293687820435,0.639157235622406,0.12277145683765411,0.17642101645469666,0,2000,history20,2,40,42,1.0,0.0,walk_history_ablation
733,14.66,1.0,0.0,-0.6347237825393677,0.6552563905715942,0.10245035588741302,0.06142062321305275,0,2000,history20,2,40,42,1.0,0.0,walk_history_ablation
734,14.68,1.0,0.0,-0.6333585977554321,0.6798184514045715,0.08955614268779755,-0.1717037707567215,0,2000,history20,2,40,42,1.0,0.0,walk_history_ablation
735,14.700000000000001,1.0,0.0,-0.6307913064956665,0.6988506317138672,0.08260026574134827,-0.25581273436546326,0,2000,history20,2,40,42,1.0,0.0,walk_history_ablation
736,14.72,1.0,0.0,-0.6270791292190552,0.716846764087677,0.07313127815723419,-0.3899788558483124,0,2000,history20,2,40,42,1.0,0.0,walk_history_ablation
737,14.74,1.0,0.0,-0.6227775812149048,0.7371585369110107,0.06492917239665985,-0.44064438343048096,0,2000,history20,2,40,42,1.0,0.0,walk_history_ablation
738,14.76,1.0,0.0,-0.6177250146865845,0.7701993584632874,0.051361337304115295,-0.5801812410354614,0,2000,history20,2,40,42,1.0,0.0,walk_history_ablation
739,14.780000000000001,1.0,0.0,-0.6129947900772095,0.808078408241272,0.038671914488077164,-0.49554991722106934,0,2000,history20,2,40,42,1.0,0.0,walk_history_ablation
740,14.8,1.0,0.0,-0.6104875802993774,0.8522998094558716,0.022667737677693367,-0.33055469393730164,0,2000,history20,2,40,42,1.0,0.0,walk_history_ablation
741,14.82,1.0,0.0,-0.6083751916885376,0.8897058963775635,-0.0003830087371170521,-0.34468212723731995,0,2000,history20,2,40,42,1.0,0.0,walk_history_ablation
742,14.84,1.0,0.0,-0.6063672304153442,0.9154146313667297,-0.020406441763043404,-0.3075159192085266,0,2000,history20,2,40,42,1.0,0.0,walk_history_ablation
743,14.86,1.0,0.0,-0.6045352220535278,0.9269734025001526,-0.03884313628077507,-0.2388380616903305,0,2000,history20,2,40,42,1.0,0.0,walk_history_ablation
744,14.88,1.0,0.0,-0.6031714677810669,0.9293732047080994,-0.05467131733894348,-0.17666414380073547,0,2000,history20,2,40,42,1.0,0.0,walk_history_ablation
745,14.9,1.0,0.0,-0.6022058725357056,0.9342514872550964,-0.0705227255821228,-0.06696559488773346,0,2000,history20,2,40,42,1.0,0.0,walk_history_ablation
746,14.92,1.0,0.0,-0.5997587442398071,0.8544349670410156,-0.04807564988732338,-0.35333052277565,0,2000,history20,2,40,42,1.0,0.0,walk_history_ablation
747,14.94,1.0,0.0,-0.596772313117981,0.7620965242385864,0.005353209562599659,-0.16320058703422546,0,2000,history20,2,40,42,1.0,0.0,walk_history_ablation
748,14.96,1.0,0.0,-0.5976625680923462,0.7121790051460266,0.023598195984959602,0.006378913298249245,0,2000,history20,2,40,42,1.0,0.0,walk_history_ablation
749,14.98,1.0,0.0,-0.5990115404129028,0.6746929883956909,0.02687319554388523,-0.28389400243759155,0,2000,history20,2,40,42,1.0,0.0,walk_history_ablation
750,15.0,1.0,0.0,-0.5971704721450806,0.640836775302887,0.03085038997232914,-0.6849305629730225,0,2000,history20,2,40,42,1.0,0.0,walk_history_ablation
751,15.02,1.0,0.0,-0.5931926965713501,0.6166962385177612,0.046559423208236694,-0.7706193327903748,0,2000,history20,2,40,42,1.0,0.0,walk_history_ablation
752,15.040000000000001,1.0,0.0,-0.5882741212844849,0.6133171319961548,0.06267404556274414,-0.7454233169555664,0,2000,history20,2,40,42,1.0,0.0,walk_history_ablation
753,15.06,1.0,0.0,-0.5825396776199341,0.6201392412185669,0.07601635903120041,-0.7156689167022705,0,2000,history20,2,40,42,1.0,0.0,walk_history_ablation
754,15.08,1.0,0.0,-0.5777989625930786,0.6167445182800293,0.09229185432195663,-0.5304715633392334,0,2000,history20,2,40,42,1.0,0.0,walk_history_ablation
755,15.1,1.0,0.0,-0.5743700265884399,0.6113122701644897,0.10926201939582825,-0.3712505102157593,0,2000,history20,2,40,42,1.0,0.0,walk_history_ablation
756,15.120000000000001,1.0,0.0,-0.5720678567886353,0.6135509610176086,0.12442220747470856,-0.23606428503990173,0,2000,history20,2,40,42,1.0,0.0,walk_history_ablation
757,15.14,1.0,0.0,-0.5706788301467896,0.6166228652000427,0.14027103781700134,-0.11176451295614243,0,2000,history20,2,40,42,1.0,0.0,walk_history_ablation
758,15.16,1.0,0.0,-0.5712572336196899,0.6224875450134277,0.15752966701984406,0.11567160487174988,0,2000,history20,2,40,42,1.0,0.0,walk_history_ablation
759,15.18,1.0,0.0,-0.5723954439163208,0.625319242477417,0.17858996987342834,0.1482657939195633,0,2000,history20,2,40,42,1.0,0.0,walk_history_ablation
760,15.200000000000001,1.0,0.0,-0.5740681886672974,0.6440216898918152,0.19611085951328278,0.2385304570198059,0,2000,history20,2,40,42,1.0,0.0,walk_history_ablation
761,15.22,1.0,0.0,-0.57642662525177,0.6787803173065186,0.21499836444854736,0.33213046193122864,0,2000,history20,2,40,42,1.0,0.0,walk_history_ablation
762,15.24,1.0,0.0,-0.5784631967544556,0.7181546092033386,0.2328701615333557,0.307373046875,0,2000,history20,2,40,42,1.0,0.0,walk_history_ablation
763,15.26,1.0,0.0,-0.5792595148086548,0.748225748538971,0.2556609511375427,0.1881788671016693,0,2000,history20,2,40,42,1.0,0.0,walk_history_ablation
764,15.280000000000001,1.0,0.0,-0.5788575410842896,0.7662480473518372,0.28676214814186096,-0.007908571511507034,0,2000,history20,2,40,42,1.0,0.0,walk_history_ablation
765,15.3,1.0,0.0,-0.5766068696975708,0.7777286171913147,0.31677481532096863,-0.2154829502105713,0,2000,history20,2,40,42,1.0,0.0,walk_history_ablation
766,15.32,1.0,0.0,-0.5734373331069946,0.7888583540916443,0.3504296839237213,-0.2244262844324112,0,2000,history20,2,40,42,1.0,0.0,walk_history_ablation
767,15.34,1.0,0.0,-0.5711709260940552,0.8084706664085388,0.3834865987300873,-0.016733411699533463,0,2000,history20,2,40,42,1.0,0.0,walk_history_ablation
768,15.36,1.0,0.0,-0.5689922571182251,0.7925452589988708,0.41003304719924927,0.07254164665937424,0,2000,history20,2,40,42,1.0,0.0,walk_history_ablation
769,15.38,1.0,0.0,-0.5678349733352661,0.6665354371070862,0.3426682651042938,0.15651080012321472,0,2000,history20,2,40,42,1.0,0.0,walk_history_ablation
770,15.4,1.0,0.0,-0.5631662607192993,0.6157007217407227,0.2647651135921478,-0.46113425493240356,0,2000,history20,2,40,42,1.0,0.0,walk_history_ablation
771,15.42,1.0,0.0,-0.5556503534317017,0.581836462020874,0.21518546342849731,-0.4965561628341675,0,2000,history20,2,40,42,1.0,0.0,walk_history_ablation
772,15.44,1.0,0.0,-0.5500441789627075,0.5704652070999146,0.1948576718568802,-0.19122624397277832,0,2000,history20,2,40,42,1.0,0.0,walk_history_ablation
773,15.46,1.0,0.0,-0.5473242998123169,0.571884036064148,0.16759279370307922,0.03675276041030884,0,2000,history20,2,40,42,1.0,0.0,walk_history_ablation
774,15.48,1.0,0.0,-0.5458065271377563,0.5897619724273682,0.1390860378742218,0.024732965975999832,0,2000,history20,2,40,42,1.0,0.0,walk_history_ablation
775,15.5,1.0,0.0,-0.5449696779251099,0.6090031862258911,0.11915145069360733,0.05190372094511986,0,2000,history20,2,40,42,1.0,0.0,walk_history_ablation
776,15.52,1.0,0.0,-0.5442949533462524,0.6278296113014221,0.09937027841806412,-0.006374147720634937,0,2000,history20,2,40,42,1.0,0.0,walk_history_ablation
777,15.540000000000001,1.0,0.0,-0.5430408716201782,0.6521616578102112,0.08648443222045898,-0.13359351456165314,0,2000,history20,2,40,42,1.0,0.0,walk_history_ablation
778,15.56,1.0,0.0,-0.5404778718948364,0.6710072159767151,0.07592275738716125,-0.28487539291381836,0,2000,history20,2,40,42,1.0,0.0,walk_history_ablation
779,15.58,1.0,0.0,-0.5367146730422974,0.6882995963096619,0.0656685158610344,-0.3992362320423126,0,2000,history20,2,40,42,1.0,0.0,walk_history_ablation
780,15.6,1.0,0.0,-0.532295823097229,0.7060633301734924,0.05285627394914627,-0.46280860900878906,0,2000,history20,2,40,42,1.0,0.0,walk_history_ablation
781,15.620000000000001,1.0,0.0,-0.5274826288223267,0.7359660863876343,0.03729969635605812,-0.5424293279647827,0,2000,history20,2,40,42,1.0,0.0,walk_history_ablation
782,15.64,1.0,0.0,-0.5237718820571899,0.7699505090713501,0.02422872744500637,-0.3946117162704468,0,2000,history20,2,40,42,1.0,0.0,walk_history_ablation
783,15.66,1.0,0.0,-0.522102952003479,0.8077428936958313,0.004648985341191292,-0.2751317024230957,0,2000,history20,2,40,42,1.0,0.0,walk_history_ablation
784,15.68,1.0,0.0,-0.5205274820327759,0.8344796895980835,-0.01827136240899563,-0.286696195602417,0,2000,history20,2,40,42,1.0,0.0,walk_history_ablation
785,15.700000000000001,1.0,0.0,-0.5186563730239868,0.8519058227539062,-0.03958026319742203,-0.29584580659866333,0,2000,history20,2,40,42,1.0,0.0,walk_history_ablation
786,15.72,1.0,0.0,-0.5172501802444458,0.8551834225654602,-0.05639190971851349,-0.16077245771884918,0,2000,history20,2,40,42,1.0,0.0,walk_history_ablation
787,15.74,1.0,0.0,-0.5167456865310669,0.858199417591095,-0.07226406037807465,-0.06526908278465271,0,2000,history20,2,40,42,1.0,0.0,walk_history_ablation
788,15.76,1.0,0.0,-0.5167051553726196,0.8649799823760986,-0.0859464481472969,-0.03195209801197052,0,2000,history20,2,40,42,1.0,0.0,walk_history_ablation
789,15.780000000000001,1.0,0.0,-0.5144716501235962,0.746900200843811,-0.042551543563604355,-0.37648698687553406,0,2000,history20,2,40,42,1.0,0.0,walk_history_ablation
790,15.8,1.0,0.0,-0.5140548944473267,0.6952887177467346,-0.017465006560087204,0.0038649700582027435,0,2000,history20,2,40,42,1.0,0.0,walk_history_ablation
791,15.82,1.0,0.0,-0.5162111520767212,0.6685463786125183,-0.006438788957893848,0.01127004437148571,0,2000,history20,2,40,42,1.0,0.0,walk_history_ablation
792,15.84,1.0,0.0,-0.5175071954727173,0.6422946453094482,-0.0038357560988515615,-0.35984495282173157,0,2000,history20,2,40,42,1.0,0.0,walk_history_ablation
793,15.860000000000001,1.0,0.0,-0.5149637460708618,0.6165041327476501,0.004568071104586124,-0.7156434655189514,0,2000,history20,2,40,42,1.0,0.0,walk_history_ablation
794,15.88,1.0,0.0,-0.5107132196426392,0.6013115048408508,0.02301647886633873,-0.7506372928619385,0,2000,history20,2,40,42,1.0,0.0,walk_history_ablation
795,15.9,1.0,0.0,-0.5055032968521118,0.6107025742530823,0.04131949692964554,-0.740382969379425,0,2000,history20,2,40,42,1.0,0.0,walk_history_ablation
796,15.92,1.0,0.0,-0.4997135400772095,0.6212090849876404,0.054637957364320755,-0.6860717535018921,0,2000,history20,2,40,42,1.0,0.0,walk_history_ablation
797,15.94,1.0,0.0,-0.49528467655181885,0.6242415904998779,0.07088160514831543,-0.4566745162010193,0,2000,history20,2,40,42,1.0,0.0,walk_history_ablation
798,15.96,1.0,0.0,-0.4926720857620239,0.6251702308654785,0.0869939848780632,-0.27083104848861694,0,2000,history20,2,40,42,1.0,0.0,walk_history_ablation
799,15.98,1.0,0.0,-0.4912377595901489,0.6295109391212463,0.10027487576007843,-0.14422523975372314,0,2000,history20,2,40,42,1.0,0.0,walk_history_ablation
800,16.0,1.0,0.0,-0.49101269245147705,0.6306153535842896,0.11469423770904541,0.01627443917095661,0,2000,history20,2,40,42,1.0,0.0,walk_history_ablation
801,16.02,1.0,0.0,-0.4920703172683716,0.6330491304397583,0.13035498559474945,0.0330093689262867,0,2000,history20,2,40,42,1.0,0.0,walk_history_ablation
802,16.04,1.0,0.0,-0.4933282136917114,0.6444941759109497,0.1514790803194046,0.22115205228328705,0,2000,history20,2,40,42,1.0,0.0,walk_history_ablation
803,16.06,1.0,0.0,-0.4957782030105591,0.6722288727760315,0.16726668179035187,0.3318350613117218,0,2000,history20,2,40,42,1.0,0.0,walk_history_ablation
804,16.080000000000002,1.0,0.0,-0.4986916780471802,0.7005562782287598,0.1879192441701889,0.3516702950000763,0,2000,history20,2,40,42,1.0,0.0,walk_history_ablation
805,16.1,1.0,0.0,-0.5003305673599243,0.737691342830658,0.20133504271507263,0.2611490786075592,0,2000,history20,2,40,42,1.0,0.0,walk_history_ablation
806,16.12,1.0,0.0,-0.5011640787124634,0.7655966281890869,0.22685439884662628,0.19556495547294617,0,2000,history20,2,40,42,1.0,0.0,walk_history_ablation
807,16.14,1.0,0.0,-0.5009585618972778,0.7747857570648193,0.25304606556892395,-0.012099198997020721,0,2000,history20,2,40,42,1.0,0.0,walk_history_ablation
808,16.16,1.0,0.0,-0.4987393617630005,0.7849283218383789,0.2782423794269562,-0.20575623214244843,0,2000,history20,2,40,42,1.0,0.0,walk_history_ablation
809,16.18,1.0,0.0,-0.49620258808135986,0.7998191714286804,0.30771511793136597,-0.08787094056606293,0,2000,history20,2,40,42,1.0,0.0,walk_history_ablation
810,16.2,1.0,0.0,-0.4960089921951294,0.823291540145874,0.33722755312919617,0.16456569731235504,0,2000,history20,2,40,42,1.0,0.0,walk_history_ablation
811,16.22,1.0,0.0,-0.49078047275543213,0.7816153168678284,0.34377285838127136,-0.2846272885799408,0,2000,history20,2,40,42,1.0,0.0,walk_history_ablation
812,16.240000000000002,1.0,0.0,-0.4872552156448364,0.6464649438858032,0.24839657545089722,-0.3324364423751831,0,2000,history20,2,40,42,1.0,0.0,walk_history_ablation
813,16.26,1.0,0.0,-0.4809004068374634,0.6047664880752563,0.18977265059947968,-0.45393431186676025,0,2000,history20,2,40,42,1.0,0.0,walk_history_ablation
814,16.28,1.0,0.0,-0.47412264347076416,0.5867117643356323,0.15077266097068787,-0.36765256524086,0,2000,history20,2,40,42,1.0,0.0,walk_history_ablation
815,16.3,1.0,0.0,-0.4700828790664673,0.5865367650985718,0.1332898885011673,-0.02330588363111019,0,2000,history20,2,40,42,1.0,0.0,walk_history_ablation
816,16.32,1.0,0.0,-0.4689275026321411,0.587565004825592,0.10856302827596664,0.1753239929676056,0,2000,history20,2,40,42,1.0,0.0,walk_history_ablation
817,16.34,1.0,0.0,-0.46905434131622314,0.6097871661186218,0.0834917351603508,0.15948252379894257,0,2000,history20,2,40,42,1.0,0.0,walk_history_ablation
818,16.36,1.0,0.0,-0.4692951440811157,0.6332454681396484,0.06431648135185242,0.09961862862110138,0,2000,history20,2,40,42,1.0,0.0,walk_history_ablation
819,16.38,1.0,0.0,-0.4690309762954712,0.6507589817047119,0.047683119773864746,-0.020510628819465637,0,2000,history20,2,40,42,1.0,0.0,walk_history_ablation
820,16.4,1.0,0.0,-0.4677625894546509,0.67115718126297,0.033988289535045624,-0.15611422061920166,0,2000,history20,2,40,42,1.0,0.0,walk_history_ablation
821,16.42,1.0,0.0,-0.4647270441055298,0.6914331316947937,0.02033977024257183,-0.35406649112701416,0,2000,history20,2,40,42,1.0,0.0,walk_history_ablation
822,16.44,1.0,0.0,-0.46069014072418213,0.7120302319526672,0.01205208245664835,-0.4223513603210449,0,2000,history20,2,40,42,1.0,0.0,walk_history_ablation
823,16.46,1.0,0.0,-0.4564305543899536,0.7358256578445435,-0.003315998474135995,-0.4689790606498718,0,2000,history20,2,40,42,1.0,0.0,walk_history_ablation
824,16.48,1.0,0.0,-0.4515615701675415,0.7701029777526855,-0.024000363424420357,-0.5731162428855896,0,2000,history20,2,40,42,1.0,0.0,walk_history_ablation
825,16.5,1.0,0.0,-0.4483276605606079,0.8065235614776611,-0.039996638894081116,-0.33847013115882874,0,2000,history20,2,40,42,1.0,0.0,walk_history_ablation
826,16.52,1.0,0.0,-0.44717085361480713,0.8461449146270752,-0.06653842329978943,-0.2589326798915863,0,2000,history20,2,40,42,1.0,0.0,walk_history_ablation
827,16.54,1.0,0.0,-0.4460521936416626,0.8607958555221558,-0.09191344678401947,-0.18434497714042664,0,2000,history20,2,40,42,1.0,0.0,walk_history_ablation
828,16.56,1.0,0.0,-0.4448338747024536,0.8776903748512268,-0.1171526163816452,-0.2665937542915344,0,2000,history20,2,40,42,1.0,0.0,walk_history_ablation
829,16.580000000000002,1.0,0.0,-0.4436103105545044,0.880764365196228,-0.13898023962974548,-0.11561805754899979,0,2000,history20,2,40,42,1.0,0.0,walk_history_ablation
830,16.6,1.0,0.0,-0.443576455116272,0.8881006836891174,-0.16021454334259033,0.002096707932651043,0,2000,history20,2,40,42,1.0,0.0,walk_history_ablation
831,16.62,1.0,0.0,-0.4419819116592407,0.8040343523025513,-0.143098384141922,-0.08733414858579636,0,2000,history20,2,40,42,1.0,0.0,walk_history_ablation
832,16.64,1.0,0.0,-0.44035208225250244,0.7259402275085449,-0.08684337884187698,-0.132858008146286,0,2000,history20,2,40,42,1.0,0.0,walk_history_ablation
833,16.66,1.0,0.0,-0.44093477725982666,0.694154679775238,-0.069950170814991,-0.06304296851158142,0,2000,history20,2,40,42,1.0,0.0,walk_history_ablation
834,16.68,1.0,0.0,-0.4410291910171509,0.670476496219635,-0.061705876141786575,-0.37696096301078796,0,2000,history20,2,40,42,1.0,0.0,walk_history_ablation
835,16.7,1.0,0.0,-0.43886101245880127,0.6422657370567322,-0.05313577502965927,-0.6481913924217224,0,2000,history20,2,40,42,1.0,0.0,walk_history_ablation
836,16.72,1.0,0.0,-0.43518221378326416,0.6225650310516357,-0.03424248471856117,-0.7379295825958252,0,2000,history20,2,40,42,1.0,0.0,walk_history_ablation
837,16.740000000000002,1.0,0.0,-0.43057072162628174,0.6200811266899109,-0.0136384516954422,-0.7250595092773438,0,2000,history20,2,40,42,1.0,0.0,walk_history_ablation
838,16.76,1.0,0.0,-0.4247962236404419,0.6329031586647034,0.0015297908103093505,-0.730737030506134,0,2000,history20,2,40,42,1.0,0.0,walk_history_ablation
839,16.78,1.0,0.0,-0.42027485370635986,0.6332842111587524,0.020732516422867775,-0.5033053159713745,0,2000,history20,2,40,42,1.0,0.0,walk_history_ablation
840,16.8,1.0,0.0,-0.4172931909561157,0.6334879398345947,0.03912404924631119,-0.3406183123588562,0,2000,history20,2,40,42,1.0,0.0,walk_history_ablation
841,16.82,1.0,0.0,-0.41546785831451416,0.6403100490570068,0.05260583758354187,-0.18410161137580872,0,2000,history20,2,40,42,1.0,0.0,walk_history_ablation
842,16.84,1.0,0.0,-0.41491425037384033,0.6489487886428833,0.06723092496395111,-0.03497665748000145,0,2000,history20,2,40,42,1.0,0.0,walk_history_ablation
843,16.86,1.0,0.0,-0.4163156747817993,0.658200740814209,0.08197285234928131,0.18013399839401245,0,2000,history20,2,40,42,1.0,0.0,walk_history_ablation
844,16.88,1.0,0.0,-0.4181300401687622,0.6610805988311768,0.10225819796323776,0.21899430453777313,0,2000,history20,2,40,42,1.0,0.0,walk_history_ablation
845,16.9,1.0,0.0,-0.42039740085601807,0.6766783595085144,0.11661485582590103,0.27692267298698425,0,2000,history20,2,40,42,1.0,0.0,walk_history_ablation
846,16.92,1.0,0.0,-0.4232522249221802,0.7115206122398376,0.13355980813503265,0.3573795557022095,0,2000,history20,2,40,42,1.0,0.0,walk_history_ablation
847,16.94,1.0,0.0,-0.42592155933380127,0.7482021450996399,0.14902539551258087,0.35910940170288086,0,2000,history20,2,40,42,1.0,0.0,walk_history_ablation
848,16.96,1.0,0.0,-0.42718231678009033,0.7762274146080017,0.1651768982410431,0.21183599531650543,0,2000,history20,2,40,42,1.0,0.0,walk_history_ablation
849,16.98,1.0,0.0,-0.4274231195449829,0.7941017746925354,0.19029925763607025,0.07866732031106949,0,2000,history20,2,40,42,1.0,0.0,walk_history_ablation
850,17.0,1.0,0.0,-0.42625105381011963,0.8082915544509888,0.2127460241317749,-0.09305999428033829,0,2000,history20,2,40,42,1.0,0.0,walk_history_ablation
851,17.02,1.0,0.0,-0.4243241548538208,0.8229307532310486,0.23843270540237427,-0.11727748811244965,0,2000,history20,2,40,42,1.0,0.0,walk_history_ablation
852,17.04,1.0,0.0,-0.4223862886428833,0.8407109975814819,0.2612299621105194,-0.04307403042912483,0,2000,history20,2,40,42,1.0,0.0,walk_history_ablation
853,17.06,1.0,0.0,-0.4207555055618286,0.841460645198822,0.2855450510978699,0.036825671792030334,0,2000,history20,2,40,42,1.0,0.0,walk_history_ablation
854,17.080000000000002,1.0,0.0,-0.4180036783218384,0.7183810472488403,0.23265615105628967,0.10452258586883545,0,2000,history20,2,40,42,1.0,0.0,walk_history_ablation
855,17.1,1.0,0.0,-0.4134160280227661,0.6489987969398499,0.17051668465137482,-0.39134374260902405,0,2000,history20,2,40,42,1.0,0.0,walk_history_ablation
856,17.12,1.0,0.0,-0.406596302986145,0.6084339022636414,0.12641006708145142,-0.4192214608192444,0,2000,history20,2,40,42,1.0,0.0,walk_history_ablation
857,17.14,1.0,0.0,-0.40127241611480713,0.5959064960479736,0.10963355749845505,-0.17266258597373962,0,2000,history20,2,40,42,1.0,0.0,walk_history_ablation
858,17.16,1.0,0.0,-0.3987809419631958,0.5961968302726746,0.09027880430221558,0.08963195979595184,0,2000,history20,2,40,42,1.0,0.0,walk_history_ablation
859,17.18,1.0,0.0,-0.39823782444000244,0.6145696043968201,0.06788180768489838,0.15477654337882996,0,2000,history20,2,40,42,1.0,0.0,walk_history_ablation
860,17.2,1.0,0.0,-0.39869558811187744,0.634405255317688,0.04979316517710686,0.17085810005664825,0,2000,history20,2,40,42,1.0,0.0,walk_history_ablation
861,17.22,1.0,0.0,-0.3989149332046509,0.6551377177238464,0.03153802827000618,0.07032787799835205,0,2000,history20,2,40,42,1.0,0.0,walk_history_ablation
862,17.240000000000002,1.0,0.0,-0.39837610721588135,0.6842252612113953,0.01862858235836029,-0.06093985587358475,0,2000,history20,2,40,42,1.0,0.0,walk_history_ablation
863,17.26,1.0,0.0,-0.39663803577423096,0.7076597809791565,0.008779231458902359,-0.20279937982559204,0,2000,history20,2,40,42,1.0,0.0,walk_history_ablation
864,17.28,1.0,0.0,-0.3936091661453247,0.726966917514801,-0.0011515287915244699,-0.3384215831756592,0,2000,history20,2,40,42,1.0,0.0,walk_history_ablation
865,17.3,1.0,0.0,-0.3895951509475708,0.7493850588798523,-0.014124084264039993,-0.4518243670463562,0,2000,history20,2,40,42,1.0,0.0,walk_history_ablation
866,17.32,1.0,0.0,-0.38455450534820557,0.7832008600234985,-0.03105829656124115,-0.5887264609336853,0,2000,history20,2,40,42,1.0,0.0,walk_history_ablation
867,17.34,1.0,0.0,-0.38058340549468994,0.8187275528907776,-0.04582488536834717,-0.4008626639842987,0,2000,history20,2,40,42,1.0,0.0,walk_history_ablation
868,17.36,1.0,0.0,-0.37879955768585205,0.8615255951881409,-0.06928184628486633,-0.28077366948127747,0,2000,history20,2,40,42,1.0,0.0,walk_history_ablation
869,17.38,1.0,0.0,-0.3773871660232544,0.8903269171714783,-0.09606395661830902,-0.2280099242925644,0,2000,history20,2,40,42,1.0,0.0,walk_history_ablation
870,17.400000000000002,1.0,0.0,-0.3762894868850708,0.9148887395858765,-0.12200310081243515,-0.23524467647075653,0,2000,history20,2,40,42,1.0,0.0,walk_history_ablation
871,17.42,1.0,0.0,-0.37551701068878174,0.9199511408805847,-0.1438317745923996,-0.08310630172491074,0,2000,history20,2,40,42,1.0,0.0,walk_history_ablation
872,17.44,1.0,0.0,-0.3759037256240845,0.9236935377120972,-0.16452093422412872,0.012253224849700928,0,2000,history20,2,40,42,1.0,0.0,walk_history_ablation
873,17.46,1.0,0.0,-0.37637245655059814,0.885589063167572,-0.1807854026556015,-0.3272717297077179,0,2000,history20,2,40,42,1.0,0.0,walk_history_ablation
874,17.48,1.0,0.0,-0.3731642961502075,0.7733051776885986,-0.1136125773191452,-0.24132093787193298,0,2000,history20,2,40,42,1.0,0.0,walk_history_ablation
875,17.5,1.0,0.0,-0.37275469303131104,0.7165390849113464,-0.08243988454341888,-0.03011634200811386,0,2000,history20,2,40,42,1.0,0.0,walk_history_ablation
876,17.52,1.0,0.0,-0.3737093210220337,0.6878644824028015,-0.06956466287374496,-0.16970720887184143,0,2000,history20,2,40,42,1.0,0.0,walk_history_ablation
877,17.54,1.0,0.0,-0.37367165088653564,0.6525300145149231,-0.06367909908294678,-0.4593597948551178,0,2000,history20,2,40,42,1.0,0.0,walk_history_ablation
878,17.56,1.0,0.0,-0.3709598779678345,0.6251954436302185,-0.048821158707141876,-0.6664671301841736,0,2000,history20,2,40,42,1.0,0.0,walk_history_ablation
879,17.580000000000002,1.0,0.0,-0.3681117296218872,0.6068016886711121,-0.02696751058101654,-0.5591366291046143,0,2000,history20,2,40,42,1.0,0.0,walk_history_ablation
880,17.6,1.0,0.0,-0.3644143342971802,0.614446759223938,-0.011473300866782665,-0.5875694751739502,0,2000,history20,2,40,42,1.0,0.0,walk_history_ablation
881,17.62,1.0,0.0,-0.36047279834747314,0.6171146035194397,0.0021426593884825706,-0.5034515857696533,0,2000,history20,2,40,42,1.0,0.0,walk_history_ablation
882,17.64,1.0,0.0,-0.357275128364563,0.6121986508369446,0.023054132238030434,-0.4005633294582367,0,2000,history20,2,40,42,1.0,0.0,walk_history_ablation
883,17.66,1.0,0.0,-0.35493004322052,0.6134216785430908,0.04083777591586113,-0.26583239436149597,0,2000,history20,2,40,42,1.0,0.0,walk_history_ablation
884,17.68,1.0,0.0,-0.35337507724761963,0.6213235259056091,0.05655336380004883,-0.16726329922676086,0,2000,history20,2,40,42,1.0,0.0,walk_history_ablation
885,17.7,1.0,0.0,-0.353521466255188,0.6303226947784424,0.06975479423999786,0.06736411899328232,0,2000,history20,2,40,42,1.0,0.0,walk_history_ablation
886,17.72,1.0,0.0,-0.3549572229385376,0.6261919736862183,0.09053473174571991,0.12621890008449554,0,2000,history20,2,40,42,1.0,0.0,walk_history_ablation
887,17.740000000000002,1.0,0.0,-0.35626327991485596,0.63389652967453,0.10608946532011032,0.18232229351997375,0,2000,history20,2,40,42,1.0,0.0,walk_history_ablation
888,17.76,1.0,0.0,-0.35830843448638916,0.6623397469520569,0.12287868559360504,0.2963476777076721,0,2000,history20,2,40,42,1.0,0.0,walk_history_ablation
889,17.78,1.0,0.0,-0.3610736131668091,0.6921809315681458,0.14315290749073029,0.36965832114219666,0,2000,history20,2,40,42,1.0,0.0,walk_history_ablation
890,17.8,1.0,0.0,-0.36256229877471924,0.7245185971260071,0.1568278670310974,0.24898403882980347,0,2000,history20,2,40,42,1.0,0.0,walk_history_ablation
891,17.82,1.0,0.0,-0.36364758014678955,0.746685802936554,0.18554650247097015,0.18361690640449524,0,2000,history20,2,40,42,1.0,0.0,walk_history_ablation
892,17.84,1.0,0.0,-0.3630791902542114,0.7607260346412659,0.20908667147159576,-0.054227329790592194,0,2000,history20,2,40,42,1.0,0.0,walk_history_ablation
893,17.86,1.0,0.0,-0.360942006111145,0.7761839628219604,0.23774203658103943,-0.19681723415851593,0,2000,history20,2,40,42,1.0,0.0,walk_history_ablation
894,17.88,1.0,0.0,-0.3577495813369751,0.7926620841026306,0.26386377215385437,-0.1797076016664505,0,2000,history20,2,40,42,1.0,0.0,walk_history_ablation
895,17.900000000000002,1.0,0.0,-0.3567696809768677,0.8170017004013062,0.2944534420967102,0.11507385969161987,0,2000,history20,2,40,42,1.0,0.0,walk_history_ablation
896,17.92,1.0,0.0,-0.35246050357818604,0.7765617966651917,0.31059956550598145,-0.2255842536687851,0,2000,history20,2,40,42,1.0,0.0,walk_history_ablation
897,17.94,1.0,0.0,-0.34951603412628174,0.6338342428207397,0.23168031871318817,-0.2327444851398468,0,2000,history20,2,40,42,1.0,0.0,walk_history_ablation
898,17.96,1.0,0.0,-0.3432976007461548,0.5827776789665222,0.1737709790468216,-0.45683082938194275,0,2000,history20,2,40,42,1.0,0.0,walk_history_ablation
899,17.98,1.0,0.0,-0.33660995960235596,0.5546507835388184,0.13279345631599426,-0.3393433690071106,0,2000,history20,2,40,42,1.0,0.0,walk_history_ablation
900,18.0,1.0,0.0,-0.3328758478164673,0.556943953037262,0.1223960742354393,-0.015297837555408478,0,2000,history20,2,40,42,1.0,0.0,walk_history_ablation
901,18.02,1.0,0.0,-0.3322559595108032,0.5628649592399597,0.09739625453948975,0.24190329015254974,0,2000,history20,2,40,42,1.0,0.0,walk_history_ablation
902,18.04,1.0,0.0,-0.3329044580459595,0.5836708545684814,0.07490375638008118,0.19291770458221436,0,2000,history20,2,40,42,1.0,0.0,walk_history_ablation
903,18.06,1.0,0.0,-0.33374083042144775,0.607506513595581,0.058156177401542664,0.16471634805202484,0,2000,history20,2,40,42,1.0,0.0,walk_history_ablation
904,18.080000000000002,1.0,0.0,-0.3340970277786255,0.6305003762245178,0.04131506755948067,0.04887492209672928,0,2000,history20,2,40,42,1.0,0.0,walk_history_ablation
905,18.1,1.0,0.0,-0.33348286151885986,0.6532365679740906,0.028342466801404953,-0.09136955440044403,0,2000,history20,2,40,42,1.0,0.0,walk_history_ablation
906,18.12,1.0,0.0,-0.33100426197052,0.6707015633583069,0.015348403714597225,-0.3014495074748993,0,2000,history20,2,40,42,1.0,0.0,walk_history_ablation
907,18.14,1.0,0.0,-0.32715904712677,0.6911018490791321,0.0061953626573085785,-0.4226042628288269,0,2000,history20,2,40,42,1.0,0.0,walk_history_ablation
908,18.16,1.0,0.0,-0.32260382175445557,0.7145690321922302,-0.006464347243309021,-0.4974217414855957,0,2000,history20,2,40,42,1.0,0.0,walk_history_ablation
909,18.18,1.0,0.0,-0.31791841983795166,0.7454602718353271,-0.023973578587174416,-0.5230700969696045,0,2000,history20,2,40,42,1.0,0.0,walk_history_ablation
910,18.2,1.0,0.0,-0.3147670030593872,0.781568706035614,-0.040829870849847794,-0.3489817976951599,0,2000,history20,2,40,42,1.0,0.0,walk_history_ablation
911,18.22,1.0,0.0,-0.313573956489563,0.8183420300483704,-0.0643480122089386,-0.2225036323070526,0,2000,history20,2,40,42,1.0,0.0,walk_history_ablation
912,18.240000000000002,1.0,0.0,-0.31289923191070557,0.8388895988464355,-0.08751953393220901,-0.15539948642253876,0,2000,history20,2,40,42,1.0,0.0,walk_history_ablation
913,18.26,1.0,0.0,-0.31230318546295166,0.8530280590057373,-0.11062367260456085,-0.16518087685108185,0,2000,history20,2,40,42,1.0,0.0,walk_history_ablation
914,18.28,1.0,0.0,-0.31202661991119385,0.8567894101142883,-0.13029524683952332,-0.04902714863419533,0,2000,history20,2,40,42,1.0,0.0,walk_history_ablation
915,18.3,1.0,0.0,-0.31260645389556885,0.8672472238540649,-0.1514403373003006,0.03211711347103119,0,2000,history20,2,40,42,1.0,0.0,walk_history_ablation
916,18.32,1.0,0.0,-0.3118177652359009,0.810017466545105,-0.13366542756557465,-0.1551920473575592,0,2000,history20,2,40,42,1.0,0.0,walk_history_ablation
917,18.34,1.0,0.0,-0.3110891580581665,0.7373382449150085,-0.07725852727890015,-0.0617230087518692,0,2000,history20,2,40,42,1.0,0.0,walk_history_ablation
918,18.36,1.0,0.0,-0.31243765354156494,0.7042195200920105,-0.05491066351532936,0.013173287734389305,0,2000,history20,2,40,42,1.0,0.0,walk_history_ablation
919,18.38,1.0,0.0,-0.31358587741851807,0.6879041194915771,-0.04664839059114456,-0.270611971616745,0,2000,history20,2,40,42,1.0,0.0,walk_history_ablation
920,18.400000000000002,1.0,0.0,-0.312505841255188,0.6614556908607483,-0.03920980915427208,-0.5572604537010193,0,2000,history20,2,40,42,1.0,0.0,walk_history_ablation
921,18.42,1.0,0.0,-0.3095208406448364,0.6477892398834229,-0.01929769292473793,-0.6706546545028687,0,2000,history20,2,40,42,1.0,0.0,walk_history_ablation
922,18.44,1.0,0.0,-0.305578351020813,0.6488991379737854,0.001551175839267671,-0.6491367816925049,0,2000,history20,2,40,42,1.0,0.0,walk_history_ablation
923,18.46,1.0,0.0,-0.3005868196487427,0.663433849811554,0.017227306962013245,-0.6486919522285461,0,2000,history20,2,40,42,1.0,0.0,walk_history_ablation
924,18.48,1.0,0.0,-0.29670822620391846,0.6656609177589417,0.03731204569339752,-0.45393866300582886,0,2000,history20,2,40,42,1.0,0.0,walk_history_ablation
925,18.5,1.0,0.0,-0.2940765619277954,0.6661986112594604,0.05614493787288666,-0.30528587102890015,0,2000,history20,2,40,42,1.0,0.0,walk_history_ablation
926,18.52,1.0,0.0,-0.29253923892974854,0.6718955039978027,0.07111354172229767,-0.16268432140350342,0,2000,history20,2,40,42,1.0,0.0,walk_history_ablation
927,18.54,1.0,0.0,-0.2919665575027466,0.6792370080947876,0.08762682229280472,-0.043926309794187546,0,2000,history20,2,40,42,1.0,0.0,walk_history_ablation
928,18.56,1.0,0.0,-0.29347431659698486,0.6886590123176575,0.10470623522996902,0.19118617475032806,0,2000,history20,2,40,42,1.0,0.0,walk_history_ablation
929,18.580000000000002,1.0,0.0,-0.2950183153152466,0.6893365979194641,0.12542881071567535,0.23178282380104065,0,2000,history20,2,40,42,1.0,0.0,walk_history_ablation
930,18.6,1.0,0.0,-0.29743874073028564,0.7032464146614075,0.141692653298378,0.29854270815849304,0,2000,history20,2,40,42,1.0,0.0,walk_history_ablation
931,18.62,1.0,0.0,-0.3004876375198364,0.738205075263977,0.15890078246593475,0.3846845030784607,0,2000,history20,2,40,42,1.0,0.0,walk_history_ablation
932,18.64,1.0,0.0,-0.30345308780670166,0.7726080417633057,0.1767127513885498,0.3784882724285126,0,2000,history20,2,40,42,1.0,0.0,walk_history_ablation
933,18.66,1.0,0.0,-0.3047395944595337,0.7997074723243713,0.19294583797454834,0.2207852452993393,0,2000,history20,2,40,42,1.0,0.0,walk_history_ablation
934,18.68,1.0,0.0,-0.3051496744155884,0.8171496987342834,0.22024838626384735,0.08831337839365005,0,2000,history20,2,40,42,1.0,0.0,walk_history_ablation
935,18.7,1.0,0.0,-0.30436718463897705,0.8288465142250061,0.24423307180404663,-0.054224785417318344,0,2000,history20,2,40,42,1.0,0.0,walk_history_ablation
936,18.72,1.0,0.0,-0.3029690980911255,0.8422179222106934,0.27118992805480957,-0.06737051159143448,0,2000,history20,2,40,42,1.0,0.0,walk_history_ablation
937,18.740000000000002,1.0,0.0,-0.30148613452911377,0.8628450036048889,0.2957392930984497,-0.007721776142716408,0,2000,history20,2,40,42,1.0,0.0,walk_history_ablation
938,18.76,1.0,0.0,-0.29905474185943604,0.8475168347358704,0.3184162676334381,-0.016478406265378,0,2000,history20,2,40,42,1.0,0.0,walk_history_ablation
939,18.78,1.0,0.0,-0.2965308427810669,0.692875325679779,0.240714892745018,-0.25829386711120605,0,2000,history20,2,40,42,1.0,0.0,walk_history_ablation
940,18.8,1.0,0.0,-0.29028236865997314,0.6287199258804321,0.17828477919101715,-0.4682994782924652,0,2000,history20,2,40,42,1.0,0.0,walk_history_ablation
941,18.82,1.0,0.0,-0.28376829624176025,0.5995095372200012,0.13889095187187195,-0.341805100440979,0,2000,history20,2,40,42,1.0,0.0,walk_history_ablation
942,18.84,1.0,0.0,-0.2795449495315552,0.5950383543968201,0.12316933274269104,-0.05053235590457916,0,2000,history20,2,40,42,1.0,0.0,walk_history_ablation
943,18.86,1.0,0.0,-0.27831947803497314,0.6000350713729858,0.10281381756067276,0.1929539293050766,0,2000,history20,2,40,42,1.0,0.0,walk_history_ablation
944,18.88,1.0,0.0,-0.27841246128082275,0.6173035502433777,0.07959026843309402,0.18382413685321808,0,2000,history20,2,40,42,1.0,0.0,walk_history_ablation
945,18.900000000000002,1.0,0.0,-0.279183030128479,0.6355127692222595,0.0615471713244915,0.19522638618946075,0,2000,history20,2,40,42,1.0,0.0,walk_history_ablation
946,18.92,1.0,0.0,-0.2796880006790161,0.6543159484863281,0.04447021707892418,0.0844331681728363,0,2000,history20,2,40,42,1.0,0.0,walk_history_ablation
947,18.94,1.0,0.0,-0.2794090509414673,0.6803024411201477,0.032778188586235046,-0.04020094498991966,0,2000,history20,2,40,42,1.0,0.0,walk_history_ablation
948,18.96,1.0,0.0,-0.27785027027130127,0.7007929086685181,0.02279614470899105,-0.19634006917476654,0,2000,history20,2,40,42,1.0,0.0,walk_history_ablation
949,18.98,1.0,0.0,-0.27470076084136963,0.7187402248382568,0.011582805775105953,-0.3570733964443207,0,2000,history20,2,40,42,1.0,0.0,walk_history_ablation
950,19.0,1.0,0.0,-0.2705579996109009,0.7400436997413635,-0.00047726824413985014,-0.4547659158706665,0,2000,history20,2,40,42,1.0,0.0,walk_history_ablation
951,19.02,1.0,0.0,-0.2657219171524048,0.7726865410804749,-0.015841970220208168,-0.5535324215888977,0,2000,history20,2,40,42,1.0,0.0,walk_history_ablation
952,19.04,1.0,0.0,-0.2621051073074341,0.8100358843803406,-0.030087484046816826,-0.3798624873161316,0,2000,history20,2,40,42,1.0,0.0,walk_history_ablation
953,19.06,1.0,0.0,-0.260470986366272,0.8513212203979492,-0.05274884030222893,-0.26559290289878845,0,2000,history20,2,40,42,1.0,0.0,walk_history_ablation
954,19.080000000000002,1.0,0.0,-0.2593480348587036,0.8784188032150269,-0.07745416462421417,-0.19998615980148315,0,2000,history20,2,40,42,1.0,0.0,walk_history_ablation
955,19.1,1.0,0.0,-0.2587629556655884,0.8995912075042725,-0.1014239490032196,-0.17040343582630157,0,2000,history20,2,40,42,1.0,0.0,walk_history_ablation
956,19.12,1.0,0.0,-0.25851738452911377,0.9061400294303894,-0.12280300259590149,-0.048482514917850494,0,2000,history20,2,40,42,1.0,0.0,walk_history_ablation
957,19.14,1.0,0.0,-0.2592383623123169,0.9121137857437134,-0.1429254412651062,0.056285593658685684,0,2000,history20,2,40,42,1.0,0.0,walk_history_ablation
958,19.16,1.0,0.0,-0.2600919008255005,0.8692090511322021,-0.16253773868083954,-0.3205280005931854,0,2000,history20,2,40,42,1.0,0.0,walk_history_ablation
959,19.18,1.0,0.0,-0.2581402063369751,0.7752447128295898,-0.10620007663965225,-0.11873602867126465,0,2000,history20,2,40,42,1.0,0.0,walk_history_ablation
960,19.2,1.0,0.0,-0.25907576084136963,0.7243254780769348,-0.08030109107494354,0.07828574627637863,0,2000,history20,2,40,42,1.0,0.0,walk_history_ablation
961,19.22,1.0,0.0,-0.2610412836074829,0.6968364119529724,-0.06884416937828064,-0.10394247621297836,0,2000,history20,2,40,42,1.0,0.0,walk_history_ablation
962,19.240000000000002,1.0,0.0,-0.26130211353302,0.6620630025863647,-0.06268573552370071,-0.4598698616027832,0,2000,history20,2,40,42,1.0,0.0,walk_history_ablation
963,19.26,1.0,0.0,-0.25822556018829346,0.6394858360290527,-0.048330456018447876,-0.7129451036453247,0,2000,history20,2,40,42,1.0,0.0,walk_history_ablation
964,19.28,1.0,0.0,-0.25480425357818604,0.6260458827018738,-0.02701575681567192,-0.6004453897476196,0,2000,history20,2,40,42,1.0,0.0,walk_history_ablation
965,19.3,1.0,0.0,-0.2506157159805298,0.6351553201675415,-0.012115693651139736,-0.6095336675643921,0,2000,history20,2,40,42,1.0,0.0,walk_history_ablation
966,19.32,1.0,0.0,-0.24653565883636475,0.6364348530769348,0.003139308886602521,-0.5051178932189941,0,2000,history20,2,40,42,1.0,0.0,walk_history_ablation
967,19.34,1.0,0.0,-0.24350392818450928,0.6317857503890991,0.023726558312773705,-0.3703885078430176,0,2000,history20,2,40,42,1.0,0.0,walk_history_ablation
968,19.36,1.0,0.0,-0.2414611577987671,0.6334596872329712,0.039894986897706985,-0.22729520499706268,0,2000,history20,2,40,42,1.0,0.0,walk_history_ablation
969,19.38,1.0,0.0,-0.24025201797485352,0.6416760683059692,0.0541689433157444,-0.12919914722442627,0,2000,history20,2,40,42,1.0,0.0,walk_history_ablation
970,19.400000000000002,1.0,0.0,-0.24098539352416992,0.6537320017814636,0.06783608347177505,0.12989118695259094,0,2000,history20,2,40,42,1.0,0.0,walk_history_ablation
971,19.42,1.0,0.0,-0.2429354190826416,0.6508141756057739,0.0895853191614151,0.17644032835960388,0,2000,history20,2,40,42,1.0,0.0,walk_history_ablation
972,19.44,1.0,0.0,-0.244584321975708,0.658892035484314,0.10517127811908722,0.1975877732038498,0,2000,history20,2,40,42,1.0,0.0,walk_history_ablation
973,19.46,1.0,0.0,-0.2468034029006958,0.6864750385284424,0.1231585443019867,0.3023768663406372,0,2000,history20,2,40,42,1.0,0.0,walk_history_ablation
974,19.48,1.0,0.0,-0.24961316585540771,0.7178976535797119,0.14440660178661346,0.36376723647117615,0,2000,history20,2,40,42,1.0,0.0,walk_history_ablation
975,19.5,1.0,0.0,-0.2510744333267212,0.7514933943748474,0.15830552577972412,0.253780335187912,0,2000,history20,2,40,42,1.0,0.0,walk_history_ablation
976,19.52,1.0,0.0,-0.25208914279937744,0.7714285254478455,0.18680289387702942,0.16458526253700256,0,2000,history20,2,40,42,1.0,0.0,walk_history_ablation
977,19.54,1.0,0.0,-0.2514587640762329,0.7831785678863525,0.21011464297771454,-0.060340676456689835,0,2000,history20,2,40,42,1.0,0.0,walk_history_ablation
978,19.56,1.0,0.0,-0.2496321201324463,0.7978216409683228,0.23804160952568054,-0.14102450013160706,0,2000,history20,2,40,42,1.0,0.0,walk_history_ablation
979,19.580000000000002,1.0,0.0,-0.2469545602798462,0.8143311142921448,0.26166439056396484,-0.11994048953056335,0,2000,history20,2,40,42,1.0,0.0,walk_history_ablation
980,19.6,1.0,0.0,-0.24673819541931152,0.8423348665237427,0.2900539040565491,0.18714386224746704,0,2000,history20,2,40,42,1.0,0.0,walk_history_ablation
981,19.62,1.0,0.0,-0.24255037307739258,0.7530269026756287,0.2926290035247803,0.09154433012008667,0,2000,history20,2,40,42,1.0,0.0,walk_history_ablation
982,19.64,1.0,0.0,-0.23956060409545898,0.6530284285545349,0.20996291935443878,-0.2049982100725174,0,2000,history20,2,40,42,1.0,0.0,walk_history_ablation
983,19.66,1.0,0.0,-0.23450982570648193,0.6046304106712341,0.1610233634710312,-0.32729843258857727,0,2000,history20,2,40,42,1.0,0.0,walk_history_ablation
984,19.68,1.0,0.0,-0.2293795347213745,0.5876572132110596,0.12951236963272095,-0.1975765824317932,0,2000,history20,2,40,42,1.0,0.0,walk_history_ablation
985,19.7,1.0,0.0,-0.22651004791259766,0.5871149301528931,0.11037153750658035,0.05711927264928818,0,2000,history20,2,40,42,1.0,0.0,walk_history_ablation
986,19.72,1.0,0.0,-0.22610902786254883,0.5920048952102661,0.08946871012449265,0.23870475590229034,0,2000,history20,2,40,42,1.0,0.0,walk_history_ablation
987,19.740000000000002,1.0,0.0,-0.22695815563201904,0.6167919635772705,0.07011689245700836,0.21687720715999603,0,2000,history20,2,40,42,1.0,0.0,walk_history_ablation
988,19.76,1.0,0.0,-0.22798192501068115,0.6434532403945923,0.05506351962685585,0.16129562258720398,0,2000,history20,2,40,42,1.0,0.0,walk_history_ablation
989,19.78,1.0,0.0,-0.2279149293899536,0.6652368903160095,0.04148835316300392,-0.025908365845680237,0,2000,history20,2,40,42,1.0,0.0,walk_history_ablation
990,19.8,1.0,0.0,-0.22655606269836426,0.6831488609313965,0.030223332345485687,-0.1512570083141327,0,2000,history20,2,40,42,1.0,0.0,walk_history_ablation
991,19.82,1.0,0.0,-0.22378718852996826,0.7068408131599426,0.01967087760567665,-0.3020053505897522,0,2000,history20,2,40,42,1.0,0.0,walk_history_ablation
992,19.84,1.0,0.0,-0.220167875289917,0.7286918759346008,0.013113126158714294,-0.3862335681915283,0,2000,history20,2,40,42,1.0,0.0,walk_history_ablation
993,19.86,1.0,0.0,-0.21612858772277832,0.7552853226661682,0.0008667146321386099,-0.4679476320743561,0,2000,history20,2,40,42,1.0,0.0,walk_history_ablation
994,19.88,1.0,0.0,-0.21103572845458984,0.7874009609222412,-0.019638337194919586,-0.5850958824157715,0,2000,history20,2,40,42,1.0,0.0,walk_history_ablation
995,19.900000000000002,1.0,0.0,-0.20805037021636963,0.8216143250465393,-0.033910106867551804,-0.2977084517478943,0,2000,history20,2,40,42,1.0,0.0,walk_history_ablation
996,19.92,1.0,0.0,-0.2071453332901001,0.8638486862182617,-0.05821990966796875,-0.22226670384407043,0,2000,history20,2,40,42,1.0,0.0,walk_history_ablation
997,19.94,1.0,0.0,-0.20649659633636475,0.8826777935028076,-0.07957327365875244,-0.10755445808172226,0,2000,history20,2,40,42,1.0,0.0,walk_history_ablation
998,19.96,1.0,0.0,-0.2064753770828247,0.9016622304916382,-0.10308974981307983,-0.11881566792726517,0,2000,history20,2,40,42,1.0,0.0,walk_history_ablation
999,19.98,1.0,0.0,0.9702268838882446,0.9105181694030762,-0.12499883025884628,-0.05678708851337433,0,2000,history20,2,40,42,1.0,0.0,walk_history_ablation
1000,20.0,1.0,0.0,0.9699331521987915,0.9241923689842224,-0.14520737528800964,0.02578088641166687,0,2000,history20,2,40,42,1.0,0.0,walk_history_ablation
1001,20.02,1.0,0.0,0.9705387353897095,0.8481124043464661,-0.1461820900440216,-0.34512513875961304,0,2000,history20,2,40,42,1.0,0.0,walk_history_ablation
1002,20.04,1.0,0.0,0.9725319147109985,0.7701655626296997,-0.09011147916316986,-0.16673427820205688,0,2000,history20,2,40,42,1.0,0.0,walk_history_ablation
1003,20.06,1.0,0.0,0.9717861413955688,0.7226689457893372,-0.06725969910621643,0.006839794106781483,0,2000,history20,2,40,42,1.0,0.0,walk_history_ablation
1004,20.080000000000002,1.0,0.0,0.970370888710022,0.6868170499801636,-0.05496397241950035,-0.22083398699760437,0,2000,history20,2,40,42,1.0,0.0,walk_history_ablation
1005,20.1,1.0,0.0,0.9707719087600708,0.6547694802284241,-0.04942425340414047,-0.4739561080932617,0,2000,history20,2,40,42,1.0,0.0,walk_history_ablation
1006,20.12,1.0,0.0,0.973310112953186,0.6367465257644653,-0.03322334960103035,-0.6347626447677612,0,2000,history20,2,40,42,1.0,0.0,walk_history_ablation
1007,20.14,1.0,0.0,0.9765359163284302,0.6355850100517273,-0.014561592601239681,-0.5615570545196533,0,2000,history20,2,40,42,1.0,0.0,walk_history_ablation
1008,20.16,1.0,0.0,0.980354905128479,0.6497227549552917,-0.0011322369100525975,-0.5311732292175293,0,2000,history20,2,40,42,1.0,0.0,walk_history_ablation
1009,20.18,1.0,0.0,0.9831663370132446,0.6484369039535522,0.01584506593644619,-0.36284196376800537,0,2000,history20,2,40,42,1.0,0.0,walk_history_ablation
1010,20.2,1.0,0.0,0.9851166009902954,0.6461309790611267,0.033695001155138016,-0.25914466381073,0,2000,history20,2,40,42,1.0,0.0,walk_history_ablation
1011,20.22,1.0,0.0,0.9861780405044556,0.6514125466346741,0.04769805073738098,-0.11363406479358673,0,2000,history20,2,40,42,1.0,0.0,walk_history_ablation
1012,20.240000000000002,1.0,0.0,0.9862009286880493,0.6591688394546509,0.06339780986309052,0.008234876208007336,0,2000,history20,2,40,42,1.0,0.0,walk_history_ablation
1013,20.26,1.0,0.0,0.9840284585952759,0.668083131313324,0.07906775921583176,0.27240508794784546,0,2000,history20,2,40,42,1.0,0.0,walk_history_ablation
1014,20.28,1.0,0.0,0.9811025857925415,0.6661156415939331,0.10006426274776459,0.35306283831596375,0,2000,history20,2,40,42,1.0,0.0,walk_history_ablation
1015,20.3,1.0,0.0,0.9774900674819946,0.6733613014221191,0.11645182222127914,0.409350723028183,0,2000,history20,2,40,42,1.0,0.0,walk_history_ablation
1016,20.32,1.0,0.0,0.9732705354690552,0.7018831372261047,0.13364920020103455,0.5052027702331543,0,2000,history20,2,40,42,1.0,0.0,walk_history_ablation
1017,20.34,1.0,0.0,0.9685961008071899,0.7294961810112,0.15327854454517365,0.5643985271453857,0,2000,history20,2,40,42,1.0,0.0,walk_history_ablation
1018,20.36,1.0,0.0,0.9649196863174438,0.7536219358444214,0.1688111275434494,0.48401057720184326,0,2000,history20,2,40,42,1.0,0.0,walk_history_ablation
1019,20.38,1.0,0.0,0.9614168405532837,0.7685307264328003,0.19606247544288635,0.428519070148468,0,2000,history20,2,40,42,1.0,0.0,walk_history_ablation
1020,20.400000000000002,1.0,0.0,0.9584895372390747,0.7762705683708191,0.2193843573331833,0.3541502356529236,0,2000,history20,2,40,42,1.0,0.0,walk_history_ablation
1021,20.42,1.0,0.0,0.9556351900100708,0.7809177041053772,0.2416418045759201,0.40638619661331177,0,2000,history20,2,40,42,1.0,0.0,walk_history_ablation
1022,20.44,1.0,0.0,0.953095555305481,0.789932131767273,0.2597723603248596,0.37282803654670715,0,2000,history20,2,40,42,1.0,0.0,walk_history_ablation
1023,20.46,1.0,0.0,0.9528080224990845,0.7720131278038025,0.2870520353317261,0.07895727455615997,0,2000,history20,2,40,42,1.0,0.0,walk_history_ablation
1024,20.48,1.0,0.0,0.9573961496353149,0.6641393899917603,0.21589720249176025,-0.4282148480415344,0,2000,history20,2,40,42,1.0,0.0,walk_history_ablation
1025,20.5,1.0,0.0,0.9639445543289185,0.5877234935760498,0.1434323638677597,-0.46871569752693176,0,2000,history20,2,40,42,1.0,0.0,walk_history_ablation
1026,20.52,1.0,0.0,0.9696723222732544,0.5580859184265137,0.0920054167509079,-0.19175854325294495,0,2000,history20,2,40,42,1.0,0.0,walk_history_ablation
1027,20.54,1.0,0.0,0.971659779548645,0.5546066164970398,0.0686991959810257,0.28165125846862793,0,2000,history20,2,40,42,1.0,0.0,walk_history_ablation
1028,20.56,1.0,0.0,0.968490719795227,0.5595318675041199,0.04642033576965332,0.7297756671905518,0,2000,history20,2,40,42,1.0,0.0,walk_history_ablation
1029,20.580000000000002,1.0,0.0,0.9625211954116821,0.5730507969856262,0.02265617810189724,0.8073351979255676,0,2000,history20,2,40,42,1.0,0.0,walk_history_ablation
1030,20.6,1.0,0.0,0.9552584886550903,0.5907367467880249,0.0033574379049241543,0.818174421787262,0,2000,history20,2,40,42,1.0,0.0,walk_history_ablation
1031,20.62,1.0,0.0,0.9491149187088013,0.6046321392059326,-0.016982348635792732,0.5692711472511292,0,2000,history20,2,40,42,1.0,0.0,walk_history_ablation
1032,20.64,1.0,0.0,0.9451156854629517,0.620198667049408,-0.03384177014231682,0.33027327060699463,0,2000,history20,2,40,42,1.0,0.0,walk_history_ablation
1033,20.66,1.0,0.0,0.9434844255447388,0.6349108815193176,-0.048004213720560074,0.08222339302301407,0,2000,history20,2,40,42,1.0,0.0,walk_history_ablation
1034,20.68,1.0,0.0,0.9443389177322388,0.6488083004951477,-0.06068374961614609,-0.15922856330871582,0,2000,history20,2,40,42,1.0,0.0,walk_history_ablation
1035,20.7,1.0,0.0,0.9465581178665161,0.6670932769775391,-0.07153910398483276,-0.2913482189178467,0,2000,history20,2,40,42,1.0,0.0,walk_history_ablation
1036,20.72,1.0,0.0,0.9501925706863403,0.6937848925590515,-0.09112759679555893,-0.465180903673172,0,2000,history20,2,40,42,1.0,0.0,walk_history_ablation
1037,20.740000000000002,1.0,0.0,0.9533549547195435,0.7252951264381409,-0.1124190017580986,-0.30863699316978455,0,2000,history20,2,40,42,1.0,0.0,walk_history_ablation
1038,20.76,1.0,0.0,0.9537979364395142,0.7632529139518738,-0.1360081434249878,-0.07974819839000702,0,2000,history20,2,40,42,1.0,0.0,walk_history_ablation
1039,20.78,1.0,0.0,0.9524155855178833,0.7906268835067749,-0.16554976999759674,0.14914147555828094,0,2000,history20,2,40,42,1.0,0.0,walk_history_ablation
1040,20.8,1.0,0.0,0.9485999345779419,0.8199937343597412,-0.1952892392873764,0.3283330798149109,0,2000,history20,2,40,42,1.0,0.0,walk_history_ablation
1041,20.82,1.0,0.0,0.9438687562942505,0.8444058299064636,-0.22802983224391937,0.41122913360595703,0,2000,history20,2,40,42,1.0,0.0,walk_history_ablation
1042,20.84,1.0,0.0,0.938909649848938,0.8644302487373352,-0.2627606689929962,0.3715898096561432,0,2000,history20,2,40,42,1.0,0.0,walk_history_ablation
1043,20.86,1.0,0.0,0.9353934526443481,0.882326602935791,-0.2973375916481018,0.22755306959152222,0,2000,history20,2,40,42,1.0,0.0,walk_history_ablation
1044,20.88,1.0,0.0,0.9353986978530884,0.7953740358352661,-0.2574244737625122,-0.19964058697223663,0,2000,history20,2,40,42,1.0,0.0,walk_history_ablation
1045,20.900000000000002,1.0,0.0,0.9317322969436646,0.7460675239562988,-0.20600949227809906,0.5419179797172546,0,2000,history20,2,40,42,1.0,0.0,walk_history_ablation
1046,20.92,1.0,0.0,0.9236160516738892,0.6970195174217224,-0.1811758130788803,0.6285496354103088,0,2000,history20,2,40,42,1.0,0.0,walk_history_ablation
1047,20.94,1.0,0.0,0.9166508913040161,0.6484522223472595,-0.17029279470443726,0.2221759706735611,0,2000,history20,2,40,42,1.0,0.0,walk_history_ablation
1048,20.96,1.0,0.0,0.9131938219070435,0.6130400896072388,-0.1518045961856842,-0.07982753962278366,0,2000,history20,2,40,42,1.0,0.0,walk_history_ablation
1049,20.98,1.0,0.0,0.9117735624313354,0.6017473340034485,-0.12823787331581116,-0.1742306798696518,0,2000,history20,2,40,42,1.0,0.0,walk_history_ablation
1050,21.0,1.0,0.0,0.9113191366195679,0.6135044693946838,-0.10716263204813004,-0.16957855224609375,0,2000,history20,2,40,42,1.0,0.0,walk_history_ablation
1051,21.02,1.0,0.0,0.9112497568130493,0.6243322491645813,-0.0908011719584465,-0.129103422164917,0,2000,history20,2,40,42,1.0,0.0,walk_history_ablation
1052,21.04,1.0,0.0,0.9106427431106567,0.6302713751792908,-0.07336141914129257,-0.03102915920317173,0,2000,history20,2,40,42,1.0,0.0,walk_history_ablation
1053,21.06,1.0,0.0,0.9098483324050903,0.6315121650695801,-0.05331234633922577,-0.021346814930438995,0,2000,history20,2,40,42,1.0,0.0,walk_history_ablation
1054,21.080000000000002,1.0,0.0,0.909244179725647,0.64061439037323,-0.03619113937020302,-0.0019454656867310405,0,2000,history20,2,40,42,1.0,0.0,walk_history_ablation
1055,21.1,1.0,0.0,0.9085792303085327,0.6500999927520752,-0.019055230543017387,0.040652886033058167,0,2000,history20,2,40,42,1.0,0.0,walk_history_ablation
1056,21.12,1.0,0.0,0.9089044332504272,0.6412391662597656,0.006577547639608383,0.06443262845277786,0,2000,history20,2,40,42,1.0,0.0,walk_history_ablation
1057,21.14,1.0,0.0,0.907028079032898,0.6402469873428345,0.03363999351859093,0.28205406665802,0,2000,history20,2,40,42,1.0,0.0,walk_history_ablation
1058,21.16,1.0,0.0,0.9044171571731567,0.6497181057929993,0.05168580263853073,0.3269851803779602,0,2000,history20,2,40,42,1.0,0.0,walk_history_ablation
1059,21.18,1.0,0.0,0.9013940095901489,0.6623564958572388,0.0721554309129715,0.39500856399536133,0,2000,history20,2,40,42,1.0,0.0,walk_history_ablation
1060,21.2,1.0,0.0,0.8985267877578735,0.6829680800437927,0.08866395801305771,0.4173853397369385,0,2000,history20,2,40,42,1.0,0.0,walk_history_ablation
1061,21.22,1.0,0.0,0.8957706689834595,0.7009938955307007,0.1089518815279007,0.414373517036438,0,2000,history20,2,40,42,1.0,0.0,walk_history_ablation
1062,21.240000000000002,1.0,0.0,0.8927613496780396,0.7077890038490295,0.1318417191505432,0.36820274591445923,0,2000,history20,2,40,42,1.0,0.0,walk_history_ablation
1063,21.26,1.0,0.0,0.8901225328445435,0.7117611765861511,0.15072691440582275,0.3349289298057556,0,2000,history20,2,40,42,1.0,0.0,walk_history_ablation
1064,21.28,1.0,0.0,0.8872324228286743,0.7154863476753235,0.16945543885231018,0.385134756565094,0,2000,history20,2,40,42,1.0,0.0,walk_history_ablation
1065,21.3,1.0,0.0,0.8845821619033813,0.7226614952087402,0.1900900900363922,0.21779930591583252,0,2000,history20,2,40,42,1.0,0.0,walk_history_ablation
1066,21.32,1.0,0.0,0.8898004293441772,0.6181036829948425,0.16085374355316162,-0.6497702598571777,0,2000,history20,2,40,42,1.0,0.0,walk_history_ablation
1067,21.34,1.0,0.0,0.8963905572891235,0.5606142282485962,0.10087766498327255,-0.37236449122428894,0,2000,history20,2,40,42,1.0,0.0,walk_history_ablation
1068,21.36,1.0,0.0,0.9007850885391235,0.5519921779632568,0.06789781153202057,-0.15039408206939697,0,2000,history20,2,40,42,1.0,0.0,walk_history_ablation
1069,21.38,1.0,0.0,0.9023944139480591,0.559044361114502,0.048482172191143036,0.265738308429718,0,2000,history20,2,40,42,1.0,0.0,walk_history_ablation
1070,21.400000000000002,1.0,0.0,0.8998481035232544,0.5613275766372681,0.03357582911849022,0.6688463687896729,0,2000,history20,2,40,42,1.0,0.0,walk_history_ablation
1071,21.42,1.0,0.0,0.8936306238174438,0.5636081695556641,0.014614454470574856,0.8923968076705933,0,2000,history20,2,40,42,1.0,0.0,walk_history_ablation
1072,21.44,1.0,0.0,0.8865567445755005,0.5813043117523193,-0.0031827795319259167,0.7815111875534058,0,2000,history20,2,40,42,1.0,0.0,walk_history_ablation
1073,21.46,1.0,0.0,0.8802350759506226,0.6005504131317139,-0.01649748533964157,0.6275169849395752,0,2000,history20,2,40,42,1.0,0.0,walk_history_ablation
1074,21.48,1.0,0.0,0.875566840171814,0.6087422966957092,-0.029755383729934692,0.4336927831172943,0,2000,history20,2,40,42,1.0,0.0,walk_history_ablation
1075,21.5,1.0,0.0,0.8727985620498657,0.6253252029418945,-0.04134734719991684,0.2057284712791443,0,2000,history20,2,40,42,1.0,0.0,walk_history_ablation
1076,21.52,1.0,0.0,0.872282862663269,0.6442525386810303,-0.05178767070174217,-0.02091844007372856,0,2000,history20,2,40,42,1.0,0.0,walk_history_ablation
1077,21.54,1.0,0.0,0.8735259771347046,0.664762556552887,-0.05996615067124367,-0.19769054651260376,0,2000,history20,2,40,42,1.0,0.0,walk_history_ablation
1078,21.56,1.0,0.0,0.8764013051986694,0.6898453235626221,-0.07378169894218445,-0.385905921459198,0,2000,history20,2,40,42,1.0,0.0,walk_history_ablation
1079,21.580000000000002,1.0,0.0,0.8805462121963501,0.7190141081809998,-0.09286468476057053,-0.4668641984462738,0,2000,history20,2,40,42,1.0,0.0,walk_history_ablation
1080,21.6,1.0,0.0,0.8827673196792603,0.753840446472168,-0.10836794227361679,-0.19994105398654938,0,2000,history20,2,40,42,1.0,0.0,walk_history_ablation
1081,21.62,1.0,0.0,0.8820263147354126,0.7914640307426453,-0.12996435165405273,0.04082819074392319,0,2000,history20,2,40,42,1.0,0.0,walk_history_ablation
1082,21.64,1.0,0.0,0.8797613382339478,0.8187705278396606,-0.1554407924413681,0.21383719146251678,0,2000,history20,2,40,42,1.0,0.0,walk_history_ablation
1083,21.66,1.0,0.0,0.876325249671936,0.8495208621025085,-0.18387910723686218,0.240617573261261,0,2000,history20,2,40,42,1.0,0.0,walk_history_ablation
1084,21.68,1.0,0.0,0.87254798412323,0.8717279434204102,-0.21187050640583038,0.3370216488838196,0,2000,history20,2,40,42,1.0,0.0,walk_history_ablation
1085,21.7,1.0,0.0,0.8683420419692993,0.8930034041404724,-0.240262970328331,0.36051681637763977,0,2000,history20,2,40,42,1.0,0.0,walk_history_ablation
1086,21.72,1.0,0.0,0.8649846315383911,0.887875497341156,-0.26426827907562256,-0.03891262784600258,0,2000,history20,2,40,42,1.0,0.0,walk_history_ablation
1087,21.740000000000002,1.0,0.0,0.8657146692276001,0.799599826335907,-0.19211240112781525,0.12915807962417603,0,2000,history20,2,40,42,1.0,0.0,walk_history_ablation
1088,21.76,1.0,0.0,0.8604575395584106,0.7479633688926697,-0.1558714509010315,0.5028845071792603,0,2000,history20,2,40,42,1.0,0.0,walk_history_ablation
1089,21.78,1.0,0.0,0.8537369966506958,0.7050487995147705,-0.13709698617458344,0.3489057421684265,0,2000,history20,2,40,42,1.0,0.0,walk_history_ablation
1090,21.8,1.0,0.0,0.8489335775375366,0.6638661026954651,-0.1254347711801529,0.01927032880485058,0,2000,history20,2,40,42,1.0,0.0,walk_history_ablation
1091,21.82,1.0,0.0,0.8473910093307495,0.6429159045219421,-0.10304364562034607,-0.2074379026889801,0,2000,history20,2,40,42,1.0,0.0,walk_history_ablation
1092,21.84,1.0,0.0,0.846443772315979,0.6371040344238281,-0.07981913536787033,-0.14120391011238098,0,2000,history20,2,40,42,1.0,0.0,walk_history_ablation
1093,21.86,1.0,0.0,0.8459092378616333,0.6509026885032654,-0.06263614445924759,-0.12180469930171967,0,2000,history20,2,40,42,1.0,0.0,walk_history_ablation
1094,21.88,1.0,0.0,0.8459826707839966,0.6552380323410034,-0.04412200674414635,-0.15766899287700653,0,2000,history20,2,40,42,1.0,0.0,walk_history_ablation
1095,21.900000000000002,1.0,0.0,0.8460265398025513,0.6591254472732544,-0.020865866914391518,-0.08396892249584198,0,2000,history20,2,40,42,1.0,0.0,walk_history_ablation
1096,21.92,1.0,0.0,0.8457375764846802,0.6703033447265625,-0.0008544506272301078,-0.02546531707048416,0,2000,history20,2,40,42,1.0,0.0,walk_history_ablation
1097,21.94,1.0,0.0,0.8453444242477417,0.6829201579093933,0.021172162145376205,-0.013903573155403137,0,2000,history20,2,40,42,1.0,0.0,walk_history_ablation
1098,21.96,1.0,0.0,0.8455907106399536,0.6822177171707153,0.04565368592739105,0.052534449845552444,0,2000,history20,2,40,42,1.0,0.0,walk_history_ablation
1099,21.98,1.0,0.0,0.8440033197402954,0.686255693435669,0.07387725263834,0.25435522198677063,0,2000,history20,2,40,42,1.0,0.0,walk_history_ablation
1100,22.0,1.0,0.0,0.8413249254226685,0.6901379227638245,0.09874797612428665,0.3385295569896698,0,2000,history20,2,40,42,1.0,0.0,walk_history_ablation
1101,22.02,1.0,0.0,0.838257908821106,0.7178045511245728,0.11947446316480637,0.39654210209846497,0,2000,history20,2,40,42,1.0,0.0,walk_history_ablation
1102,22.04,1.0,0.0,0.8348888158798218,0.7381722331047058,0.14509178698062897,0.43030282855033875,0,2000,history20,2,40,42,1.0,0.0,walk_history_ablation
1103,22.06,1.0,0.0,0.8330780267715454,0.7586027979850769,0.16424842178821564,0.2763168215751648,0,2000,history20,2,40,42,1.0,0.0,walk_history_ablation
1104,22.080000000000002,1.0,0.0,0.8312770128250122,0.777559757232666,0.19311316311359406,0.30045947432518005,0,2000,history20,2,40,42,1.0,0.0,walk_history_ablation
1105,22.1,1.0,0.0,0.8286780118942261,0.7828059792518616,0.21718937158584595,0.3563651740550995,0,2000,history20,2,40,42,1.0,0.0,walk_history_ablation
1106,22.12,1.0,0.0,0.82555091381073,0.7936172485351562,0.240076944231987,0.361056387424469,0,2000,history20,2,40,42,1.0,0.0,walk_history_ablation
1107,22.14,1.0,0.0,0.8227702379226685,0.8134279847145081,0.2610919177532196,0.3562568724155426,0,2000,history20,2,40,42,1.0,0.0,walk_history_ablation
1108,22.16,1.0,0.0,0.8244832754135132,0.6903624534606934,0.2245549112558365,-0.35496556758880615,0,2000,history20,2,40,42,1.0,0.0,walk_history_ablation
1109,22.18,1.0,0.0,0.8301879167556763,0.602728545665741,0.1529683768749237,-0.37269851565361023,0,2000,history20,2,40,42,1.0,0.0,walk_history_ablation
1110,22.2,1.0,0.0,0.8343101739883423,0.5820234417915344,0.1097227931022644,-0.14063169062137604,0,2000,history20,2,40,42,1.0,0.0,walk_history_ablation
1111,22.22,1.0,0.0,0.8355940580368042,0.588294267654419,0.0844731256365776,0.2610778212547302,0,2000,history20,2,40,42,1.0,0.0,walk_history_ablation
1112,22.240000000000002,1.0,0.0,0.8336299657821655,0.589807391166687,0.06764170527458191,0.5749141573905945,0,2000,history20,2,40,42,1.0,0.0,walk_history_ablation
1113,22.26,1.0,0.0,0.8285962343215942,0.592257022857666,0.047013167291879654,0.7652859687805176,0,2000,history20,2,40,42,1.0,0.0,walk_history_ablation
1114,22.28,1.0,0.0,0.823182225227356,0.6057074666023254,0.025029299780726433,0.6277564764022827,0,2000,history20,2,40,42,1.0,0.0,walk_history_ablation
1115,22.3,1.0,0.0,0.818487286567688,0.6211404204368591,0.0102338045835495,0.49947595596313477,0,2000,history20,2,40,42,1.0,0.0,walk_history_ablation
1116,22.32,1.0,0.0,0.814987301826477,0.6278260350227356,-0.0032116612419486046,0.3559211492538452,0,2000,history20,2,40,42,1.0,0.0,walk_history_ablation
1117,22.34,1.0,0.0,0.8128267526626587,0.6456411480903625,-0.01453012228012085,0.18406035006046295,0,2000,history20,2,40,42,1.0,0.0,walk_history_ablation
1118,22.36,1.0,0.0,0.8123248815536499,0.6674184799194336,-0.02403724379837513,0.0026995784137398005,0,2000,history20,2,40,42,1.0,0.0,walk_history_ablation
1119,22.38,1.0,0.0,0.8134480714797974,0.6853640675544739,-0.03426897153258324,-0.1622300148010254,0,2000,history20,2,40,42,1.0,0.0,walk_history_ablation
1120,22.400000000000002,1.0,0.0,0.8160501718521118,0.7102483510971069,-0.04635212942957878,-0.34357714653015137,0,2000,history20,2,40,42,1.0,0.0,walk_history_ablation
1121,22.42,1.0,0.0,0.8202506303787231,0.7405857443809509,-0.06350919604301453,-0.48605677485466003,0,2000,history20,2,40,42,1.0,0.0,walk_history_ablation
1122,22.44,1.0,0.0,0.8230246305465698,0.7759829759597778,-0.07724803686141968,-0.25081735849380493,0,2000,history20,2,40,42,1.0,0.0,walk_history_ablation
1123,22.46,1.0,0.0,0.8228369951248169,0.8148570656776428,-0.09663672745227814,-0.01515880972146988,0,2000,history20,2,40,42,1.0,0.0,walk_history_ablation
1124,22.48,1.0,0.0,0.8210686445236206,0.8425045609474182,-0.12127456814050674,0.16012491285800934,0,2000,history20,2,40,42,1.0,0.0,walk_history_ablation
1125,22.5,1.0,0.0,0.8179439306259155,0.8735401034355164,-0.14773811399936676,0.20141048729419708,0,2000,history20,2,40,42,1.0,0.0,walk_history_ablation
1126,22.52,1.0,0.0,0.8147369623184204,0.8938120007514954,-0.17411522567272186,0.2820359170436859,0,2000,history20,2,40,42,1.0,0.0,walk_history_ablation
1127,22.54,1.0,0.0,0.8105145692825317,0.912088930606842,-0.1990666389465332,0.398136168718338,0,2000,history20,2,40,42,1.0,0.0,walk_history_ablation
1128,22.56,1.0,0.0,0.8063658475875854,0.9310281276702881,-0.22664669156074524,0.3215741217136383,0,2000,history20,2,40,42,1.0,0.0,walk_history_ablation
1129,22.580000000000002,1.0,0.0,0.8051372766494751,0.8401035070419312,-0.17509742081165314,0.07163237035274506,0,2000,history20,2,40,42,1.0,0.0,walk_history_ablation
1130,22.6,1.0,0.0,0.8004120588302612,0.7894639372825623,-0.13423795998096466,0.4752698540687561,0,2000,history20,2,40,42,1.0,0.0,walk_history_ablation
1131,22.62,1.0,0.0,0.7937616109848022,0.7470375895500183,-0.1127895787358284,0.4191168546676636,0,2000,history20,2,40,42,1.0,0.0,walk_history_ablation
1132,22.64,1.0,0.0,0.7890225648880005,0.7065430879592896,-0.10442857444286346,-0.022733794525265694,0,2000,history20,2,40,42,1.0,0.0,walk_history_ablation
1133,22.66,1.0,0.0,0.7880154848098755,0.6790637373924255,-0.08609192818403244,-0.3035617172718048,0,2000,history20,2,40,42,1.0,0.0,walk_history_ablation
1134,22.68,1.0,0.0,0.7883807420730591,0.6730717420578003,-0.06258035451173782,-0.31093230843544006,0,2000,history20,2,40,42,1.0,0.0,walk_history_ablation
1135,22.7,1.0,0.0,0.7889453172683716,0.6864200234413147,-0.04293319582939148,-0.23733706772327423,0,2000,history20,2,40,42,1.0,0.0,walk_history_ablation
1136,22.72,1.0,0.0,0.7895489931106567,0.6962524652481079,-0.025256361812353134,-0.19428880512714386,0,2000,history20,2,40,42,1.0,0.0,walk_history_ablation
1137,22.740000000000002,1.0,0.0,0.7897793054580688,0.7047363519668579,-0.007544920779764652,-0.10033462196588516,0,2000,history20,2,40,42,1.0,0.0,walk_history_ablation
1138,22.76,1.0,0.0,0.7894953489303589,0.7077592611312866,0.013505375944077969,-0.045016203075647354,0,2000,history20,2,40,42,1.0,0.0,walk_history_ablation
1139,22.78,1.0,0.0,0.7891353368759155,0.7160423994064331,0.032857105135917664,-0.01737133599817753,0,2000,history20,2,40,42,1.0,0.0,walk_history_ablation
1140,22.8,1.0,0.0,0.7888778448104858,0.7134202122688293,0.05522489547729492,-0.10475488752126694,0,2000,history20,2,40,42,1.0,0.0,walk_history_ablation
1141,22.82,1.0,0.0,0.7889326810836792,0.7149612307548523,0.08252259343862534,0.09770932793617249,0,2000,history20,2,40,42,1.0,0.0,walk_history_ablation
1142,22.84,1.0,0.0,0.7867671251296997,0.7208513617515564,0.11053042858839035,0.3140118420124054,0,2000,history20,2,40,42,1.0,0.0,walk_history_ablation
1143,22.86,1.0,0.0,0.7838860750198364,0.7394962906837463,0.12997102737426758,0.3629246950149536,0,2000,history20,2,40,42,1.0,0.0,walk_history_ablation
1144,22.88,1.0,0.0,0.7807186841964722,0.7622511386871338,0.1513165533542633,0.41515421867370605,0,2000,history20,2,40,42,1.0,0.0,walk_history_ablation
1145,22.900000000000002,1.0,0.0,0.7780152559280396,0.7888109087944031,0.16979427635669708,0.3966389000415802,0,2000,history20,2,40,42,1.0,0.0,walk_history_ablation
1146,22.92,1.0,0.0,0.7755438089370728,0.8102067708969116,0.19328077137470245,0.3781663179397583,0,2000,history20,2,40,42,1.0,0.0,walk_history_ablation
1147,22.94,1.0,0.0,0.7726682424545288,0.8177815079689026,0.21763083338737488,0.3606528341770172,0,2000,history20,2,40,42,1.0,0.0,walk_history_ablation
1148,22.96,1.0,0.0,0.7697936296463013,0.8228992223739624,0.2387733906507492,0.3592458665370941,0,2000,history20,2,40,42,1.0,0.0,walk_history_ablation
1149,22.98,1.0,0.0,0.7665668725967407,0.8335638642311096,0.2597772777080536,0.38877397775650024,0,2000,history20,2,40,42,1.0,0.0,walk_history_ablation
1150,23.0,1.0,0.0,0.7649067640304565,0.7745152711868286,0.2354314774274826,0.5391199588775635,0,2000,history20,2,40,42,1.0,0.0,walk_history_ablation
1151,23.02,1.0,0.0,0.7679158449172974,0.6646782755851746,0.16333307325839996,-0.32397007942199707,0,2000,history20,2,40,42,1.0,0.0,walk_history_ablation
1152,23.04,1.0,0.0,0.7728379964828491,0.6265528798103333,0.10066775977611542,-0.32075566053390503,0,2000,history20,2,40,42,1.0,0.0,walk_history_ablation
1153,23.06,1.0,0.0,0.7766588926315308,0.6300732493400574,0.06880754232406616,-0.06084960699081421,0,2000,history20,2,40,42,1.0,0.0,walk_history_ablation
1154,23.080000000000002,1.0,0.0,0.777624249458313,0.6381698250770569,0.05390013009309769,0.3183024823665619,0,2000,history20,2,40,42,1.0,0.0,walk_history_ablation
1155,23.1,1.0,0.0,0.7752269506454468,0.6407588124275208,0.03516080603003502,0.5681303143501282,0,2000,history20,2,40,42,1.0,0.0,walk_history_ablation
1156,23.12,1.0,0.0,0.7699919939041138,0.651387631893158,0.012632419355213642,0.7468640208244324,0,2000,history20,2,40,42,1.0,0.0,walk_history_ablation
1157,23.14,1.0,0.0,0.7639399766921997,0.6625509858131409,-0.006720446981489658,0.6883731484413147,0,2000,history20,2,40,42,1.0,0.0,walk_history_ablation
1158,23.16,1.0,0.0,0.7588359117507935,0.6713851690292358,-0.02524537779390812,0.5109832286834717,0,2000,history20,2,40,42,1.0,0.0,walk_history_ablation
1159,23.18,1.0,0.0,0.7557638883590698,0.6829846501350403,-0.03932410478591919,0.2626960873603821,0,2000,history20,2,40,42,1.0,0.0,walk_history_ablation
1160,23.2,1.0,0.0,0.7544952630996704,0.7028189897537231,-0.05045318976044655,0.08664865046739578,0,2000,history20,2,40,42,1.0,0.0,walk_history_ablation
1161,23.22,1.0,0.0,0.7552634477615356,0.7205650210380554,-0.0607185997068882,-0.14888547360897064,0,2000,history20,2,40,42,1.0,0.0,walk_history_ablation
1162,23.240000000000002,1.0,0.0,0.7576688528060913,0.746347963809967,-0.06832493841648102,-0.3286379277706146,0,2000,history20,2,40,42,1.0,0.0,walk_history_ablation
1163,23.26,1.0,0.0,0.7620116472244263,0.77376788854599,-0.0881425067782402,-0.49602195620536804,0,2000,history20,2,40,42,1.0,0.0,walk_history_ablation
1164,23.28,1.0,0.0,0.765687108039856,0.8066867589950562,-0.10225757211446762,-0.3612563908100128,0,2000,history20,2,40,42,1.0,0.0,walk_history_ablation
1165,23.3,1.0,0.0,0.7670873403549194,0.8424972891807556,-0.12123359739780426,-0.14932900667190552,0,2000,history20,2,40,42,1.0,0.0,walk_history_ablation
1166,23.32,1.0,0.0,0.7665630578994751,0.8783572316169739,-0.14539077877998352,0.0053975507616996765,0,2000,history20,2,40,42,1.0,0.0,walk_history_ablation
1167,23.34,1.0,0.0,0.7642465829849243,0.9048519134521484,-0.1719377338886261,0.15968425571918488,0,2000,history20,2,40,42,1.0,0.0,walk_history_ablation
1168,23.36,1.0,0.0,0.7613540887832642,0.9193698763847351,-0.20032738149166107,0.2543608248233795,0,2000,history20,2,40,42,1.0,0.0,walk_history_ablation
1169,23.38,1.0,0.0,0.7573519945144653,0.9341884255409241,-0.229570671916008,0.31755951046943665,0,2000,history20,2,40,42,1.0,0.0,walk_history_ablation
1170,23.400000000000002,1.0,0.0,0.7535802125930786,0.9459880590438843,-0.2607739269733429,0.3363684117794037,0,2000,history20,2,40,42,1.0,0.0,walk_history_ablation
1171,23.42,1.0,0.0,0.7528282403945923,0.8538884520530701,-0.22188700735569,-0.13527564704418182,0,2000,history20,2,40,42,1.0,0.0,walk_history_ablation
1172,23.44,1.0,0.0,0.7499314546585083,0.7903164625167847,-0.17193682491779327,0.4299173057079315,0,2000,history20,2,40,42,1.0,0.0,walk_history_ablation
1173,23.46,1.0,0.0,0.7437344789505005,0.7452899813652039,-0.15448065102100372,0.40140411257743835,0,2000,history20,2,40,42,1.0,0.0,walk_history_ablation
1174,23.48,1.0,0.0,0.7396701574325562,0.7001837491989136,-0.1442466676235199,-0.06066296622157097,0,2000,history20,2,40,42,1.0,0.0,walk_history_ablation
1175,23.5,1.0,0.0,0.7385255098342896,0.6613205075263977,-0.1254337579011917,-0.26826849579811096,0,2000,history20,2,40,42,1.0,0.0,walk_history_ablation
1176,23.52,1.0,0.0,0.7383447885513306,0.6464586853981018,-0.10197029262781143,-0.2730558514595032,0,2000,history20,2,40,42,1.0,0.0,walk_history_ablation
1177,23.54,1.0,0.0,0.7385174036026001,0.6538771390914917,-0.08070862293243408,-0.2427118718624115,0,2000,history20,2,40,42,1.0,0.0,walk_history_ablation
1178,23.56,1.0,0.0,0.7392870187759399,0.6654510498046875,-0.06569337844848633,-0.2325555831193924,0,2000,history20,2,40,42,1.0,0.0,walk_history_ablation
1179,23.580000000000002,1.0,0.0,0.7396582365036011,0.6715047955513,-0.04755578562617302,-0.13379043340682983,0,2000,history20,2,40,42,1.0,0.0,walk_history_ablation
1180,23.6,1.0,0.0,0.7395676374435425,0.673256516456604,-0.026578828692436218,-0.08727841824293137,0,2000,history20,2,40,42,1.0,0.0,walk_history_ablation
1181,23.62,1.0,0.0,0.7395836114883423,0.6834055185317993,-0.009118670597672462,-0.07431375980377197,0,2000,history20,2,40,42,1.0,0.0,walk_history_ablation
1182,23.64,1.0,0.0,0.7396351099014282,0.6934505701065063,0.01026331726461649,-0.03431921452283859,0,2000,history20,2,40,42,1.0,0.0,walk_history_ablation
1183,23.66,1.0,0.0,0.7401586771011353,0.6902801394462585,0.036169398576021194,0.0046309856697916985,0,2000,history20,2,40,42,1.0,0.0,walk_history_ablation
1184,23.68,1.0,0.0,0.7388318777084351,0.6968919038772583,0.06168977543711662,0.23110651969909668,0,2000,history20,2,40,42,1.0,0.0,walk_history_ablation
1185,23.7,1.0,0.0,0.7364016771316528,0.7128754258155823,0.08033665269613266,0.3205542266368866,0,2000,history20,2,40,42,1.0,0.0,walk_history_ablation
1186,23.72,1.0,0.0,0.7333062887191772,0.7353938221931458,0.10024265944957733,0.39714357256889343,0,2000,history20,2,40,42,1.0,0.0,walk_history_ablation
1187,23.740000000000002,1.0,0.0,0.7303253412246704,0.7632090449333191,0.11638625711202621,0.4204559028148651,0,2000,history20,2,40,42,1.0,0.0,walk_history_ablation
1188,23.76,1.0,0.0,0.7276507616043091,0.7877897024154663,0.13532617688179016,0.40370333194732666,0,2000,history20,2,40,42,1.0,0.0,walk_history_ablation
1189,23.78,1.0,0.0,0.7249506711959839,0.802553117275238,0.15792322158813477,0.331965833902359,0,2000,history20,2,40,42,1.0,0.0,walk_history_ablation
1190,23.8,1.0,0.0,0.7227593660354614,0.8115964531898499,0.17691543698310852,0.2966555655002594,0,2000,history20,2,40,42,1.0,0.0,walk_history_ablation
1191,23.82,1.0,0.0,0.7201782464981079,0.8221480846405029,0.1965366154909134,0.3667592406272888,0,2000,history20,2,40,42,1.0,0.0,walk_history_ablation
1192,23.84,1.0,0.0,0.7169572114944458,0.8424395322799683,0.2155996859073639,0.36514443159103394,0,2000,history20,2,40,42,1.0,0.0,walk_history_ablation
1193,23.86,1.0,0.0,0.7188602685928345,0.7237118482589722,0.19050092995166779,-0.328677773475647,0,2000,history20,2,40,42,1.0,0.0,walk_history_ablation
1194,23.88,1.0,0.0,0.7248069047927856,0.6368873119354248,0.12792129814624786,-0.395040363073349,0,2000,history20,2,40,42,1.0,0.0,walk_history_ablation
1195,23.900000000000002,1.0,0.0,0.7300354242324829,0.5997768044471741,0.08879639953374863,-0.26748383045196533,0,2000,history20,2,40,42,1.0,0.0,walk_history_ablation
1196,23.92,1.0,0.0,0.7332624197006226,0.592132031917572,0.06301425397396088,0.08393139392137527,0,2000,history20,2,40,42,1.0,0.0,walk_history_ablation
1197,23.94,1.0,0.0,0.732697606086731,0.5956156849861145,0.0486505962908268,0.4565396308898926,0,2000,history20,2,40,42,1.0,0.0,walk_history_ablation
1198,23.96,1.0,0.0,0.7286778688430786,0.5956159234046936,0.031403012573719025,0.7025920748710632,0,2000,history20,2,40,42,1.0,0.0,walk_history_ablation
1199,23.98,1.0,0.0,0.7233883142471313,0.6096051931381226,0.012669621035456657,0.6528177261352539,0,2000,history20,2,40,42,1.0,0.0,walk_history_ablation
1200,24.0,1.0,0.0,0.7180856466293335,0.6260901689529419,-0.0014460552483797073,0.5710263252258301,0,2000,history20,2,40,42,1.0,0.0,walk_history_ablation
1201,24.02,1.0,0.0,0.7141581773757935,0.6391956806182861,-0.015737174078822136,0.36669909954071045,0,2000,history20,2,40,42,1.0,0.0,walk_history_ablation
1202,24.04,1.0,0.0,0.711912989616394,0.6543169021606445,-0.02717076987028122,0.18622945249080658,0,2000,history20,2,40,42,1.0,0.0,walk_history_ablation
1203,24.060000000000002,1.0,0.0,0.7114297151565552,0.6729516386985779,-0.037699948996305466,-0.0038250302895903587,0,2000,history20,2,40,42,1.0,0.0,walk_history_ablation
1204,24.080000000000002,1.0,0.0,0.712567925453186,0.6913864016532898,-0.04705708473920822,-0.16852444410324097,0,2000,history20,2,40,42,1.0,0.0,walk_history_ablation
1205,24.1,1.0,0.0,0.7148517370223999,0.7161579132080078,-0.0592789389193058,-0.30571070313453674,0,2000,history20,2,40,42,1.0,0.0,walk_history_ablation
1206,24.12,1.0,0.0,0.718605637550354,0.7462188005447388,-0.07929876446723938,-0.45219671726226807,0,2000,history20,2,40,42,1.0,0.0,walk_history_ablation
1207,24.14,1.0,0.0,0.7211023569107056,0.7794583439826965,-0.0951261818408966,-0.2247917205095291,0,2000,history20,2,40,42,1.0,0.0,walk_history_ablation
1208,24.16,1.0,0.0,0.7207962274551392,0.8202637434005737,-0.11587852239608765,-0.03487484157085419,0,2000,history20,2,40,42,1.0,0.0,walk_history_ablation
1209,24.18,1.0,0.0,0.7192431688308716,0.8479391932487488,-0.14191772043704987,0.14105507731437683,0,2000,history20,2,40,42,1.0,0.0,walk_history_ablation
1210,24.2,1.0,0.0,0.7162059545516968,0.8779883980751038,-0.16866831481456757,0.20268946886062622,0,2000,history20,2,40,42,1.0,0.0,walk_history_ablation
1211,24.22,1.0,0.0,0.7128642797470093,0.8971328139305115,-0.19593234360218048,0.2870413661003113,0,2000,history20,2,40,42,1.0,0.0,walk_history_ablation
1212,24.240000000000002,1.0,0.0,0.7090240716934204,0.9148406982421875,-0.22337500751018524,0.3206266760826111,0,2000,history20,2,40,42,1.0,0.0,walk_history_ablation
1213,24.26,1.0,0.0,0.7057052850723267,0.934135913848877,-0.2517404556274414,0.2441292703151703,0,2000,history20,2,40,42,1.0,0.0,walk_history_ablation
1214,24.28,1.0,0.0,0.7061530351638794,0.824002206325531,-0.19417797029018402,0.00480722077190876,0,2000,history20,2,40,42,1.0,0.0,walk_history_ablation
1215,24.3,1.0,0.0,0.7020217180252075,0.7750551104545593,-0.15842685103416443,0.4351712167263031,0,2000,history20,2,40,42,1.0,0.0,walk_history_ablation
1216,24.32,1.0,0.0,0.6957556009292603,0.7234262228012085,-0.1371631920337677,0.36176958680152893,0,2000,history20,2,40,42,1.0,0.0,walk_history_ablation
1217,24.34,1.0,0.0,0.6910704374313354,0.6749610900878906,-0.12802843749523163,0.001018662005662918,0,2000,history20,2,40,42,1.0,0.0,walk_history_ablation
1218,24.36,1.0,0.0,0.6893848180770874,0.647362470626831,-0.1098310574889183,-0.23166561126708984,0,2000,history20,2,40,42,1.0,0.0,walk_history_ablation
1219,24.38,1.0,0.0,0.6890088319778442,0.6414521932601929,-0.08669960498809814,-0.2366490364074707,0,2000,history20,2,40,42,1.0,0.0,walk_history_ablation
1220,24.400000000000002,1.0,0.0,0.6894384622573853,0.6529396176338196,-0.069398894906044,-0.24038973450660706,0,2000,history20,2,40,42,1.0,0.0,walk_history_ablation
1221,24.42,1.0,0.0,0.6898008584976196,0.6549878120422363,-0.04906827583909035,-0.17400985956192017,0,2000,history20,2,40,42,1.0,0.0,walk_history_ablation
1222,24.44,1.0,0.0,0.690078616142273,0.6621664762496948,-0.029413677752017975,-0.14082814753055573,0,2000,history20,2,40,42,1.0,0.0,walk_history_ablation
1223,24.46,1.0,0.0,0.6904639005661011,0.6667221188545227,-0.009462885558605194,-0.11441323906183243,0,2000,history20,2,40,42,1.0,0.0,walk_history_ablation
1224,24.48,1.0,0.0,0.6907020807266235,0.6788902878761292,0.009917416609823704,-0.060403257608413696,0,2000,history20,2,40,42,1.0,0.0,walk_history_ablation
1225,24.5,1.0,0.0,0.6907626390457153,0.6789314150810242,0.03178068995475769,-0.10906220227479935,0,2000,history20,2,40,42,1.0,0.0,walk_history_ablation
1226,24.52,1.0,0.0,0.6905180215835571,0.6805087924003601,0.0613228939473629,0.1190207228064537,0,2000,history20,2,40,42,1.0,0.0,walk_history_ablation
1227,24.54,1.0,0.0,0.688728928565979,0.6858925223350525,0.08438808470964432,0.2570938169956207,0,2000,history20,2,40,42,1.0,0.0,walk_history_ablation
1228,24.560000000000002,1.0,0.0,0.6862126588821411,0.704814612865448,0.10555951297283173,0.3149585723876953,0,2000,history20,2,40,42,1.0,0.0,walk_history_ablation
1229,24.580000000000002,1.0,0.0,0.6837769746780396,0.730828046798706,0.12337664514780045,0.3632584810256958,0,2000,history20,2,40,42,1.0,0.0,walk_history_ablation
1230,24.6,1.0,0.0,0.6813880205154419,0.7544385194778442,0.14334101974964142,0.3826761841773987,0,2000,history20,2,40,42,1.0,0.0,walk_history_ablation
1231,24.62,1.0,0.0,0.6789284944534302,0.7766215801239014,0.16746395826339722,0.36735308170318604,0,2000,history20,2,40,42,1.0,0.0,walk_history_ablation
1232,24.64,1.0,0.0,0.6763707399368286,0.78911292552948,0.19209612905979156,0.32038572430610657,0,2000,history20,2,40,42,1.0,0.0,walk_history_ablation
1233,24.66,1.0,0.0,0.6740156412124634,0.7982747554779053,0.21566268801689148,0.31100356578826904,0,2000,history20,2,40,42,1.0,0.0,walk_history_ablation
1234,24.68,1.0,0.0,0.6717857122421265,0.807581901550293,0.23670345544815063,0.3046751618385315,0,2000,history20,2,40,42,1.0,0.0,walk_history_ablation
1235,24.7,1.0,0.0,0.6709221601486206,0.7544397115707397,0.2494570016860962,0.45632433891296387,0,2000,history20,2,40,42,1.0,0.0,walk_history_ablation
1236,24.72,1.0,0.0,0.6749805212020874,0.651513934135437,0.18187116086483002,-0.3531464636325836,0,2000,history20,2,40,42,1.0,0.0,walk_history_ablation
1237,24.740000000000002,1.0,0.0,0.6809302568435669,0.5995191335678101,0.12967489659786224,-0.40687963366508484,0,2000,history20,2,40,42,1.0,0.0,walk_history_ablation
1238,24.76,1.0,0.0,0.6851598024368286,0.5887268781661987,0.09785588830709457,-0.10069473087787628,0,2000,history20,2,40,42,1.0,0.0,walk_history_ablation
1239,24.78,1.0,0.0,0.6867238283157349,0.5908553600311279,0.07988084852695465,0.24122503399848938,0,2000,history20,2,40,42,1.0,0.0,walk_history_ablation
1240,24.8,1.0,0.0,0.6841894388198853,0.593832790851593,0.0620691291987896,0.6360158324241638,0,2000,history20,2,40,42,1.0,0.0,walk_history_ablation
1241,24.82,1.0,0.0,0.6794580221176147,0.607403576374054,0.0392339862883091,0.6548109650611877,0,2000,history20,2,40,42,1.0,0.0,walk_history_ablation
1242,24.84,1.0,0.0,0.6744505167007446,0.619247317314148,0.019577009603381157,0.5933582186698914,0,2000,history20,2,40,42,1.0,0.0,walk_history_ablation
1243,24.86,1.0,0.0,0.6705302000045776,0.6336854100227356,0.004985007923096418,0.3991795480251312,0,2000,history20,2,40,42,1.0,0.0,walk_history_ablation
1244,24.88,1.0,0.0,0.6678098440170288,0.6462969183921814,-0.007006029132753611,0.28524601459503174,0,2000,history20,2,40,42,1.0,0.0,walk_history_ablation
1245,24.900000000000002,1.0,0.0,0.6665321588516235,0.6695011854171753,-0.016369111835956573,0.09287022799253464,0,2000,history20,2,40,42,1.0,0.0,walk_history_ablation
1246,24.92,1.0,0.0,0.6669996976852417,0.6839893460273743,-0.02485259249806404,-0.09470723569393158,0,2000,history20,2,40,42,1.0,0.0,walk_history_ablation
1247,24.94,1.0,0.0,0.6690734624862671,0.7051334381103516,-0.03421498090028763,-0.29239118099212646,0,2000,history20,2,40,42,1.0,0.0,walk_history_ablation
1248,24.96,1.0,0.0,0.6735318899154663,0.7299869656562805,-0.049591559916734695,-0.5458124279975891,0,2000,history20,2,40,42,1.0,0.0,walk_history_ablation
1249,24.98,1.0,0.0,0.6772996187210083,0.7561384439468384,-0.06225525587797165,-0.33031633496284485,0,2000,history20,2,40,42,1.0,0.0,walk_history_ablation
1250,25.0,1.0,0.0,0.6785908937454224,0.7953216433525085,-0.08050134778022766,-0.18037675321102142,0,2000,history20,2,40,42,1.0,0.0,walk_history_ablation
1251,25.02,1.0,0.0,0.6783310174942017,0.8207775354385376,-0.10344745218753815,0.030353715643286705,0,2000,history20,2,40,42,1.0,0.0,walk_history_ablation
1252,25.04,1.0,0.0,0.675796627998352,0.8546057343482971,-0.12767596542835236,0.16967861354351044,0,2000,history20,2,40,42,1.0,0.0,walk_history_ablation
1253,25.060000000000002,1.0,0.0,0.6732715368270874,0.8806087970733643,-0.15505920350551605,0.1862279623746872,0,2000,history20,2,40,42,1.0,0.0,walk_history_ablation
1254,25.080000000000002,1.0,0.0,0.6699608564376831,0.897215723991394,-0.1801878809928894,0.2942748963832855,0,2000,history20,2,40,42,1.0,0.0,walk_history_ablation
1255,25.1,1.0,0.0,0.6660071611404419,0.9106378555297852,-0.2062140554189682,0.3815692961215973,0,2000,history20,2,40,42,1.0,0.0,walk_history_ablation
1256,25.12,1.0,0.0,0.662742018699646,0.8759744763374329,-0.2205728441476822,-0.21499158442020416,0,2000,history20,2,40,42,1.0,0.0,walk_history_ablation
1257,25.14,1.0,0.0,0.663131594657898,0.798445999622345,-0.15314461290836334,0.17481501400470734,0,2000,history20,2,40,42,1.0,0.0,walk_history_ablation
1258,25.16,1.0,0.0,0.658096432685852,0.7413953542709351,-0.12131199240684509,0.4665827751159668,0,2000,history20,2,40,42,1.0,0.0,walk_history_ablation
1259,25.18,1.0,0.0,0.6517640352249146,0.6950591206550598,-0.10983691364526749,0.23579029738903046,0,2000,history20,2,40,42,1.0,0.0,walk_history_ablation
1260,25.2,1.0,0.0,0.6482440233230591,0.6584771871566772,-0.10195927321910858,-0.11792085319757462,0,2000,history20,2,40,42,1.0,0.0,walk_history_ablation
1261,25.22,1.0,0.0,0.6476012468338013,0.6405636072158813,-0.0814654678106308,-0.2862634062767029,0,2000,history20,2,40,42,1.0,0.0,walk_history_ablation
1262,25.240000000000002,1.0,0.0,0.6473656892776489,0.6384838223457336,-0.060825832188129425,-0.20309650897979736,0,2000,history20,2,40,42,1.0,0.0,walk_history_ablation
1263,25.26,1.0,0.0,0.647523045539856,0.6472575068473816,-0.045959871262311935,-0.1874035745859146,0,2000,history20,2,40,42,1.0,0.0,walk_history_ablation
1264,25.28,1.0,0.0,0.6482430696487427,0.6500905156135559,-0.02884586900472641,-0.22091378271579742,0,2000,history20,2,40,42,1.0,0.0,walk_history_ablation
1265,25.3,1.0,0.0,0.6488913297653198,0.6517098546028137,-0.006799423135817051,-0.13935549557209015,0,2000,history20,2,40,42,1.0,0.0,walk_history_ablation
1266,25.32,1.0,0.0,0.6491018533706665,0.660570502281189,0.012622375972568989,-0.07133472710847855,0,2000,history20,2,40,42,1.0,0.0,walk_history_ablation
1267,25.34,1.0,0.0,0.6492339372634888,0.6732768416404724,0.03158402815461159,-0.04819486662745476,0,2000,history20,2,40,42,1.0,0.0,walk_history_ablation
1268,25.36,1.0,0.0,0.6494733095169067,0.6735385656356812,0.055315051227808,0.041495077311992645,0,2000,history20,2,40,42,1.0,0.0,walk_history_ablation
1269,25.38,1.0,0.0,0.647757887840271,0.6771718263626099,0.08307282626628876,0.25576335191726685,0,2000,history20,2,40,42,1.0,0.0,walk_history_ablation
1270,25.400000000000002,1.0,0.0,0.6454645395278931,0.6866188645362854,0.10269510000944138,0.28707945346832275,0,2000,history20,2,40,42,1.0,0.0,walk_history_ablation
1271,25.42,1.0,0.0,0.6428090333938599,0.7135420441627502,0.12343033403158188,0.35376060009002686,0,2000,history20,2,40,42,1.0,0.0,walk_history_ablation
1272,25.44,1.0,0.0,0.6400305032730103,0.7401132583618164,0.14593857526779175,0.3851187527179718,0,2000,history20,2,40,42,1.0,0.0,walk_history_ablation
1273,25.46,1.0,0.0,0.6385027170181274,0.764865517616272,0.1642082929611206,0.2717333137989044,0,2000,history20,2,40,42,1.0,0.0,walk_history_ablation
1274,25.48,1.0,0.0,0.6369448900222778,0.7846204042434692,0.19248293340206146,0.2437371015548706,0,2000,history20,2,40,42,1.0,0.0,walk_history_ablation
1275,25.5,1.0,0.0,0.635348916053772,0.7939232587814331,0.21537774801254272,0.24298781156539917,0,2000,history20,2,40,42,1.0,0.0,walk_history_ablation
1276,25.52,1.0,0.0,0.6334649324417114,0.8068188428878784,0.2388792634010315,0.27374011278152466,0,2000,history20,2,40,42,1.0,0.0,walk_history_ablation
1277,25.54,1.0,0.0,0.6315361261367798,0.8312826752662659,0.2611592411994934,0.28116708993911743,0,2000,history20,2,40,42,1.0,0.0,walk_history_ablation
1278,25.560000000000002,1.0,0.0,0.6328316926956177,0.7092690467834473,0.23534150421619415,-0.20052403211593628,0,2000,history20,2,40,42,1.0,0.0,walk_history_ablation
1279,25.580000000000002,1.0,0.0,0.6380010843276978,0.6194261312484741,0.170569509267807,-0.34146785736083984,0,2000,history20,2,40,42,1.0,0.0,walk_history_ablation
1280,25.6,1.0,0.0,0.6429010629653931,0.5765859484672546,0.12470196932554245,-0.24640114605426788,0,2000,history20,2,40,42,1.0,0.0,walk_history_ablation
1281,25.62,1.0,0.0,0.6460424661636353,0.5661648511886597,0.09411841630935669,0.06162045896053314,0,2000,history20,2,40,42,1.0,0.0,walk_history_ablation
1282,25.64,1.0,0.0,0.6457339525222778,0.5687601566314697,0.07762302458286285,0.4081490635871887,0,2000,history20,2,40,42,1.0,0.0,walk_history_ablation
1283,25.66,1.0,0.0,0.6423794031143188,0.5689562559127808,0.05871865898370743,0.6148264408111572,0,2000,history20,2,40,42,1.0,0.0,walk_history_ablation
1284,25.68,1.0,0.0,0.6381567716598511,0.582207977771759,0.03788729012012482,0.549043595790863,0,2000,history20,2,40,42,1.0,0.0,walk_history_ablation
1285,25.7,1.0,0.0,0.6338931322097778,0.5981246829032898,0.022923992946743965,0.486875057220459,0,2000,history20,2,40,42,1.0,0.0,walk_history_ablation
1286,25.72,1.0,0.0,0.6305826902389526,0.6107795834541321,0.009925421327352524,0.326673299074173,0,2000,history20,2,40,42,1.0,0.0,walk_history_ablation
1287,25.740000000000002,1.0,0.0,0.6286998987197876,0.6257419586181641,-0.0011197053827345371,0.16012312471866608,0,2000,history20,2,40,42,1.0,0.0,walk_history_ablation
1288,25.76,1.0,0.0,0.6284810304641724,0.6441323161125183,-0.010828888975083828,-0.02579871378839016,0,2000,history20,2,40,42,1.0,0.0,walk_history_ablation
1289,25.78,1.0,0.0,0.6298795938491821,0.6601693034172058,-0.02006029523909092,-0.1888631284236908,0,2000,history20,2,40,42,1.0,0.0,walk_history_ablation
1290,25.8,1.0,0.0,0.6323827505111694,0.6832340359687805,-0.030669113621115685,-0.32101699709892273,0,2000,history20,2,40,42,1.0,0.0,walk_history_ablation
1291,25.82,1.0,0.0,0.6361929178237915,0.7127904295921326,-0.0478745736181736,-0.45882394909858704,0,2000,history20,2,40,42,1.0,0.0,walk_history_ablation
1292,25.84,1.0,0.0,0.6389180421829224,0.7437062859535217,-0.06307635456323624,-0.2580745220184326,0,2000,history20,2,40,42,1.0,0.0,walk_history_ablation
1293,25.86,1.0,0.0,0.6390455961227417,0.7819101214408875,-0.08112534880638123,-0.0817735567688942,0,2000,history20,2,40,42,1.0,0.0,walk_history_ablation
1294,25.88,1.0,0.0,0.6380800008773804,0.8080780506134033,-0.10491524636745453,0.06815554946660995,0,2000,history20,2,40,42,1.0,0.0,walk_history_ablation
1295,25.900000000000002,1.0,0.0,0.6356214284896851,0.8364595770835876,-0.1287323385477066,0.1490350365638733,0,2000,history20,2,40,42,1.0,0.0,walk_history_ablation
1296,25.92,1.0,0.0,0.6327656507492065,0.853901207447052,-0.15386949479579926,0.24263952672481537,0,2000,history20,2,40,42,1.0,0.0,walk_history_ablation
1297,25.94,1.0,0.0,0.6292835474014282,0.8697226643562317,-0.17869891226291656,0.28839969635009766,0,2000,history20,2,40,42,1.0,0.0,walk_history_ablation
1298,25.96,1.0,0.0,0.6262532472610474,0.8871188759803772,-0.2050493061542511,0.2294255793094635,0,2000,history20,2,40,42,1.0,0.0,walk_history_ablation
1299,25.98,1.0,0.0,0.625550389289856,0.8119686841964722,-0.17698289453983307,-0.18584640324115753,0,2000,history20,2,40,42,1.0,0.0,walk_history_ablation
1300,26.0,1.0,0.0,0.6231168508529663,0.7598266005516052,-0.13407139480113983,0.34840497374534607,0,2000,history20,2,40,42,1.0,0.0,walk_history_ablation
1301,26.02,1.0,0.0,0.6169425249099731,0.7121124863624573,-0.11180276423692703,0.44418153166770935,0,2000,history20,2,40,42,1.0,0.0,walk_history_ablation
1302,26.04,1.0,0.0,0.6115585565567017,0.6656246781349182,-0.10273022204637527,0.06235107034444809,0,2000,history20,2,40,42,1.0,0.0,walk_history_ablation
1303,26.060000000000002,1.0,0.0,0.6097732782363892,0.6346017122268677,-0.08681405335664749,-0.2480234056711197,0,2000,history20,2,40,42,1.0,0.0,walk_history_ablation
1304,26.080000000000002,1.0,0.0,0.6097773313522339,0.6258783936500549,-0.06480427831411362,-0.29407796263694763,0,2000,history20,2,40,42,1.0,0.0,walk_history_ablation
1305,26.1,1.0,0.0,0.6102005243301392,0.6394911408424377,-0.04637109488248825,-0.22882835566997528,0,2000,history20,2,40,42,1.0,0.0,walk_history_ablation
1306,26.12,1.0,0.0,0.6107012033462524,0.6504604816436768,-0.02999284863471985,-0.1850137859582901,0,2000,history20,2,40,42,1.0,0.0,walk_history_ablation
1307,26.14,1.0,0.0,0.6109265089035034,0.6582697629928589,-0.013428889214992523,-0.10901985317468643,0,2000,history20,2,40,42,1.0,0.0,walk_history_ablation
1308,26.16,1.0,0.0,0.6108545064926147,0.6612800359725952,0.006783908698707819,-0.06627941876649857,0,2000,history20,2,40,42,1.0,0.0,walk_history_ablation
1309,26.18,1.0,0.0,0.610787034034729,0.6676591634750366,0.026294291019439697,-0.04847469553351402,0,2000,history20,2,40,42,1.0,0.0,walk_history_ablation
1310,26.2,1.0,0.0,0.6106268167495728,0.6681052446365356,0.046890176832675934,-0.14341752231121063,0,2000,history20,2,40,42,1.0,0.0,walk_history_ablation
1311,26.22,1.0,0.0,0.6112557649612427,0.6684664487838745,0.07302525639533997,0.05086855590343475,0,2000,history20,2,40,42,1.0,0.0,walk_history_ablation
1312,26.240000000000002,1.0,0.0,0.6095482110977173,0.6736224889755249,0.10086284577846527,0.27042245864868164,0,2000,history20,2,40,42,1.0,0.0,walk_history_ablation
1313,26.26,1.0,0.0,0.6070865392684937,0.6903972029685974,0.1206429973244667,0.3165222406387329,0,2000,history20,2,40,42,1.0,0.0,walk_history_ablation
1314,26.28,1.0,0.0,0.6043940782546997,0.7125556468963623,0.14212624728679657,0.366157591342926,0,2000,history20,2,40,42,1.0,0.0,walk_history_ablation
1315,26.3,1.0,0.0,0.6020880937576294,0.7389008402824402,0.16052548587322235,0.3541105389595032,0,2000,history20,2,40,42,1.0,0.0,walk_history_ablation
1316,26.32,1.0,0.0,0.6001309156417847,0.7625296115875244,0.18369054794311523,0.32678812742233276,0,2000,history20,2,40,42,1.0,0.0,walk_history_ablation
1317,26.34,1.0,0.0,0.5979195833206177,0.7711431384086609,0.20921140909194946,0.29320868849754333,0,2000,history20,2,40,42,1.0,0.0,walk_history_ablation
1318,26.36,1.0,0.0,0.5959755182266235,0.7760159373283386,0.23110955953598022,0.26851943135261536,0,2000,history20,2,40,42,1.0,0.0,walk_history_ablation
1319,26.38,1.0,0.0,0.5935970544815063,0.7869122624397278,0.25383126735687256,0.3437892198562622,0,2000,history20,2,40,42,1.0,0.0,walk_history_ablation
1320,26.400000000000002,1.0,0.0,0.5924166440963745,0.7597948312759399,0.25313663482666016,0.4272344708442688,0,2000,history20,2,40,42,1.0,0.0,walk_history_ablation
1321,26.42,1.0,0.0,0.5939499139785767,0.6746333837509155,0.20793665945529938,-0.11440052837133408,0,2000,history20,2,40,42,1.0,0.0,walk_history_ablation
1322,26.44,1.0,0.0,0.5974661111831665,0.6209067106246948,0.1263628751039505,-0.2819867432117462,0,2000,history20,2,40,42,1.0,0.0,walk_history_ablation
1323,26.46,1.0,0.0,0.6012617349624634,0.618952751159668,0.07804606109857559,-0.09124226123094559,0,2000,history20,2,40,42,1.0,0.0,walk_history_ablation
1324,26.48,1.0,0.0,0.6028951406478882,0.6289340257644653,0.05767626315355301,0.23181714117527008,0,2000,history20,2,40,42,1.0,0.0,walk_history_ablation
1325,26.5,1.0,0.0,0.6011496782302856,0.6236559152603149,0.03893069177865982,0.6130856871604919,0,2000,history20,2,40,42,1.0,0.0,walk_history_ablation
1326,26.52,1.0,0.0,0.5955227613449097,0.65109783411026,0.015044580213725567,0.7685282826423645,0,2000,history20,2,40,42,1.0,0.0,walk_history_ablation
1327,26.54,1.0,0.0,0.5890341997146606,0.6633221507072449,-0.005333723500370979,0.7140615582466125,0,2000,history20,2,40,42,1.0,0.0,walk_history_ablation
1328,26.560000000000002,1.0,0.0,0.5842751264572144,0.6632247567176819,-0.022975662723183632,0.4379991888999939,0,2000,history20,2,40,42,1.0,0.0,walk_history_ablation
1329,26.580000000000002,1.0,0.0,0.581283450126648,0.6609311103820801,-0.039829593151807785,0.3113555908203125,0,2000,history20,2,40,42,1.0,0.0,walk_history_ablation
1330,26.6,1.0,0.0,0.579943060874939,0.6926044225692749,-0.0499410517513752,0.08373390138149261,0,2000,history20,2,40,42,1.0,0.0,walk_history_ablation
1331,26.62,1.0,0.0,0.5807193517684937,0.7078118324279785,-0.05654598027467728,-0.12020973861217499,0,2000,history20,2,40,42,1.0,0.0,walk_history_ablation
1332,26.64,1.0,0.0,0.5826064348220825,0.7245521545410156,-0.062337279319763184,-0.24375499784946442,0,2000,history20,2,40,42,1.0,0.0,walk_history_ablation
1333,26.66,1.0,0.0,0.5882683992385864,0.7496545314788818,-0.08078408986330032,-0.7812752723693848,0,2000,history20,2,40,42,1.0,0.0,walk_history_ablation
1334,26.68,1.0,0.0,0.5937613248825073,0.7754122018814087,-0.09032662957906723,-0.4794993996620178,0,2000,history20,2,40,42,1.0,0.0,walk_history_ablation
1335,26.7,1.0,0.0,0.596267819404602,0.8199788331985474,-0.10946985334157944,-0.29793232679367065,0,2000,history20,2,40,42,1.0,0.0,walk_history_ablation
1336,26.72,1.0,0.0,0.5965667963027954,0.8323183059692383,-0.13543416559696198,0.10527963936328888,0,2000,history20,2,40,42,1.0,0.0,walk_history_ablation
1337,26.740000000000002,1.0,0.0,0.5928775072097778,0.8676907420158386,-0.1607203185558319,0.24212166666984558,0,2000,history20,2,40,42,1.0,0.0,walk_history_ablation
1338,26.76,1.0,0.0,0.5909091234207153,0.9070445895195007,-0.19713462889194489,0.08292144536972046,0,2000,history20,2,40,42,1.0,0.0,walk_history_ablation
1339,26.78,1.0,0.0,0.589314341545105,0.9272311925888062,-0.22606801986694336,0.07072025537490845,0,2000,history20,2,40,42,1.0,0.0,walk_history_ablation
1340,26.8,1.0,0.0,0.5867360830307007,0.9338170886039734,-0.2498984932899475,0.3466918468475342,0,2000,history20,2,40,42,1.0,0.0,walk_history_ablation
1341,26.82,1.0,0.0,0.5836178064346313,0.9007670283317566,-0.27338817715644836,-0.2227664589881897,0,2000,history20,2,40,42,1.0,0.0,walk_history_ablation
1342,26.84,1.0,0.0,0.5834470987319946,0.8294822573661804,-0.19875550270080566,0.2626033425331116,0,2000,history20,2,40,42,1.0,0.0,walk_history_ablation
1343,26.86,1.0,0.0,0.5779658555984497,0.7664384841918945,-0.1558849811553955,0.514727771282196,0,2000,history20,2,40,42,1.0,0.0,walk_history_ablation
1344,26.88,1.0,0.0,0.5709816217422485,0.7145387530326843,-0.13589441776275635,0.27885687351226807,0,2000,history20,2,40,42,1.0,0.0,walk_history_ablation
1345,26.900000000000002,1.0,0.0,0.5673965215682983,0.6857402324676514,-0.13044878840446472,-0.16276854276657104,0,2000,history20,2,40,42,1.0,0.0,walk_history_ablation
1346,26.92,1.0,0.0,0.5675045251846313,0.6717853546142578,-0.10918142646551132,-0.387525737285614,0,2000,history20,2,40,42,1.0,0.0,walk_history_ablation
1347,26.94,1.0,0.0,0.568172812461853,0.6751188635826111,-0.08665844798088074,-0.2761707305908203,0,2000,history20,2,40,42,1.0,0.0,walk_history_ablation
1348,26.96,1.0,0.0,0.5684887170791626,0.6794300079345703,-0.06731501966714859,-0.20125873386859894,0,2000,history20,2,40,42,1.0,0.0,walk_history_ablation
1349,26.98,1.0,0.0,0.5695618391036987,0.6833872199058533,-0.051230475306510925,-0.26302170753479004,0,2000,history20,2,40,42,1.0,0.0,walk_history_ablation
1350,27.0,1.0,0.0,0.5707899332046509,0.6818467378616333,-0.027336174622178078,-0.2016630619764328,0,2000,history20,2,40,42,1.0,0.0,walk_history_ablation
1351,27.02,1.0,0.0,0.5713587999343872,0.688948392868042,-0.004626062233000994,-0.09945976734161377,0,2000,history20,2,40,42,1.0,0.0,walk_history_ablation
1352,27.04,1.0,0.0,0.5712562799453735,0.7074865102767944,0.01185372844338417,-0.012742677703499794,0,2000,history20,2,40,42,1.0,0.0,walk_history_ablation
1353,27.060000000000002,1.0,0.0,0.5717407464981079,0.7062516808509827,0.034408584237098694,0.07707376033067703,0,2000,history20,2,40,42,1.0,0.0,walk_history_ablation
1354,27.080000000000002,1.0,0.0,0.569433331489563,0.7068424820899963,0.06495390087366104,0.302868515253067,0,2000,history20,2,40,42,1.0,0.0,walk_history_ablation
1355,27.1,1.0,0.0,0.5669170618057251,0.7191957831382751,0.08272776752710342,0.2920864224433899,0,2000,history20,2,40,42,1.0,0.0,walk_history_ablation
1356,27.12,1.0,0.0,0.5642603635787964,0.7473758459091187,0.10298243910074234,0.3365412652492523,0,2000,history20,2,40,42,1.0,0.0,walk_history_ablation
1357,27.14,1.0,0.0,0.5619362592697144,0.7790651917457581,0.12212702631950378,0.33010631799697876,0,2000,history20,2,40,42,1.0,0.0,walk_history_ablation
1358,27.16,1.0,0.0,0.5606173276901245,0.8082136511802673,0.13897809386253357,0.24833406507968903,0,2000,history20,2,40,42,1.0,0.0,walk_history_ablation
1359,27.18,1.0,0.0,0.5593365430831909,0.8314490914344788,0.16394540667533875,0.2094687968492508,0,2000,history20,2,40,42,1.0,0.0,walk_history_ablation
1360,27.2,1.0,0.0,0.5581487417221069,0.8429903388023376,0.18416105210781097,0.2033386081457138,0,2000,history20,2,40,42,1.0,0.0,walk_history_ablation
1361,27.22,1.0,0.0,0.5563288927078247,0.8583078384399414,0.20545609295368195,0.265999972820282,0,2000,history20,2,40,42,1.0,0.0,walk_history_ablation
1362,27.240000000000002,1.0,0.0,0.554484486579895,0.8856402039527893,0.2249853014945984,0.24550816416740417,0,2000,history20,2,40,42,1.0,0.0,walk_history_ablation
1363,27.26,1.0,0.0,0.5565067529678345,0.7597076296806335,0.16542713344097137,-0.3010514974594116,0,2000,history20,2,40,42,1.0,0.0,walk_history_ablation
1364,27.28,1.0,0.0,0.5610107183456421,0.6718401908874512,0.08900682628154755,-0.24129793047904968,0,2000,history20,2,40,42,1.0,0.0,walk_history_ablation
1365,27.3,1.0,0.0,0.565064549446106,0.6337564587593079,0.04501646012067795,-0.2223583161830902,0,2000,history20,2,40,42,1.0,0.0,walk_history_ablation
1366,27.32,1.0,0.0,0.5683542490005493,0.633356511592865,0.0188828706741333,0.006857391446828842,0,2000,history20,2,40,42,1.0,0.0,walk_history_ablation
1367,27.34,1.0,0.0,0.5687750577926636,0.6404351592063904,0.006209103390574455,0.33552640676498413,0,2000,history20,2,40,42,1.0,0.0,walk_history_ablation
1368,27.36,1.0,0.0,0.5661207437515259,0.6400707960128784,-0.010548824444413185,0.573740541934967,0,2000,history20,2,40,42,1.0,0.0,walk_history_ablation
1369,27.38,1.0,0.0,0.5623618364334106,0.6490864157676697,-0.03042500838637352,0.5265733003616333,0,2000,history20,2,40,42,1.0,0.0,walk_history_ablation
1370,27.400000000000002,1.0,0.0,0.5582343339920044,0.6633414626121521,-0.04568410664796829,0.48899275064468384,0,2000,history20,2,40,42,1.0,0.0,walk_history_ablation
1371,27.42,1.0,0.0,0.5547112226486206,0.6735321283340454,-0.059415239840745926,0.3587142527103424,0,2000,history20,2,40,42,1.0,0.0,walk_history_ablation
1372,27.44,1.0,0.0,0.5525263547897339,0.6873611807823181,-0.07083168625831604,0.18242265284061432,0,2000,history20,2,40,42,1.0,0.0,walk_history_ablation
1373,27.46,1.0,0.0,0.5523205995559692,0.7069310545921326,-0.08211091160774231,-0.04141131788492203,0,2000,history20,2,40,42,1.0,0.0,walk_history_ablation
1374,27.48,1.0,0.0,0.553951621055603,0.7257763743400574,-0.09137684851884842,-0.21493788063526154,0,2000,history20,2,40,42,1.0,0.0,walk_history_ablation
1375,27.5,1.0,0.0,0.5566192865371704,0.7511126399040222,-0.10263171046972275,-0.33708783984184265,0,2000,history20,2,40,42,1.0,0.0,walk_history_ablation
1376,27.52,1.0,0.0,0.5607599020004272,0.7831625938415527,-0.12096589058637619,-0.5052173137664795,0,2000,history20,2,40,42,1.0,0.0,walk_history_ablation
1377,27.54,1.0,0.0,0.563656210899353,0.8160490989685059,-0.1371934860944748,-0.27763980627059937,0,2000,history20,2,40,42,1.0,0.0,walk_history_ablation
1378,27.560000000000002,1.0,0.0,0.5637134313583374,0.8555158376693726,-0.15862752497196198,-0.0863545686006546,0,2000,history20,2,40,42,1.0,0.0,walk_history_ablation
1379,27.580000000000002,1.0,0.0,0.5625897645950317,0.8791840076446533,-0.18738307058811188,0.08282405138015747,0,2000,history20,2,40,42,1.0,0.0,walk_history_ablation
1380,27.6,1.0,0.0,0.5601145029067993,0.9020566344261169,-0.2153652310371399,0.14145128428936005,0,2000,history20,2,40,42,1.0,0.0,walk_history_ablation
1381,27.62,1.0,0.0,0.5572143793106079,0.9154840111732483,-0.24381123483181,0.24340277910232544,0,2000,history20,2,40,42,1.0,0.0,walk_history_ablation
1382,27.64,1.0,0.0,0.5539258718490601,0.9309484362602234,-0.273716002702713,0.2744240164756775,0,2000,history20,2,40,42,1.0,0.0,walk_history_ablation
1383,27.66,1.0,0.0,0.551024317741394,0.9232981204986572,-0.29589271545410156,-0.009493652731180191,0,2000,history20,2,40,42,1.0,0.0,walk_history_ablation
1384,27.68,1.0,0.0,0.5513936281204224,0.8273008465766907,-0.22327513992786407,0.17894598841667175,0,2000,history20,2,40,42,1.0,0.0,walk_history_ablation
1385,27.7,1.0,0.0,0.5466586351394653,0.781936526298523,-0.19042816758155823,0.4171123206615448,0,2000,history20,2,40,42,1.0,0.0,walk_history_ablation
1386,27.72,1.0,0.0,0.5414143800735474,0.742731511592865,-0.17234072089195251,0.1648607850074768,0,2000,history20,2,40,42,1.0,0.0,walk_history_ablation
1387,27.740000000000002,1.0,0.0,0.5384207963943481,0.7018446922302246,-0.16148267686367035,-0.1592380404472351,0,2000,history20,2,40,42,1.0,0.0,walk_history_ablation
1388,27.76,1.0,0.0,0.5381985902786255,0.675408124923706,-0.1371142864227295,-0.3378499746322632,0,2000,history20,2,40,42,1.0,0.0,walk_history_ablation
1389,27.78,1.0,0.0,0.5382119417190552,0.6644997596740723,-0.11320125311613083,-0.2567426264286041,0,2000,history20,2,40,42,1.0,0.0,walk_history_ablation
1390,27.8,1.0,0.0,0.5386940240859985,0.6748266816139221,-0.09440410882234573,-0.24959640204906464,0,2000,history20,2,40,42,1.0,0.0,walk_history_ablation
1391,27.82,1.0,0.0,0.5400513410568237,0.678013026714325,-0.07687737792730331,-0.29437726736068726,0,2000,history20,2,40,42,1.0,0.0,walk_history_ablation
1392,27.84,1.0,0.0,0.5410112142562866,0.6744768023490906,-0.052266016602516174,-0.18131153285503387,0,2000,history20,2,40,42,1.0,0.0,walk_history_ablation
1393,27.86,1.0,0.0,0.541422963142395,0.6824386715888977,-0.03280029445886612,-0.10834678262472153,0,2000,history20,2,40,42,1.0,0.0,walk_history_ablation
1394,27.88,1.0,0.0,0.5416337251663208,0.6955626010894775,-0.014970045536756516,-0.07835126668214798,0,2000,history20,2,40,42,1.0,0.0,walk_history_ablation
1395,27.900000000000002,1.0,0.0,0.541720986366272,0.6989994049072266,0.002929193899035454,-0.06290747225284576,0,2000,history20,2,40,42,1.0,0.0,walk_history_ablation
1396,27.92,1.0,0.0,0.5409878492355347,0.7030657529830933,0.026289815083146095,0.19104057550430298,0,2000,history20,2,40,42,1.0,0.0,walk_history_ablation
1397,27.94,1.0,0.0,0.5386542081832886,0.7047080993652344,0.04848464950919151,0.29962480068206787,0,2000,history20,2,40,42,1.0,0.0,walk_history_ablation
1398,27.96,1.0,0.0,0.5357619524002075,0.7319429516792297,0.06571683287620544,0.3555329740047455,0,2000,history20,2,40,42,1.0,0.0,walk_history_ablation
1399,27.98,1.0,0.0,0.5324047803878784,0.7551655173301697,0.08851161599159241,0.4043583869934082,0,2000,history20,2,40,42,1.0,0.0,walk_history_ablation
1400,28.0,1.0,0.0,0.5306538343429565,0.7767199277877808,0.10056230425834656,0.2670460343360901,0,2000,history20,2,40,42,1.0,0.0,walk_history_ablation
1401,28.02,1.0,0.0,0.5290108919143677,0.8005170822143555,0.12452732026576996,0.2773173451423645,0,2000,history20,2,40,42,1.0,0.0,walk_history_ablation
1402,28.04,1.0,0.0,0.5273605585098267,0.815559983253479,0.1450890451669693,0.24272140860557556,0,2000,history20,2,40,42,1.0,0.0,walk_history_ablation
1403,28.060000000000002,1.0,0.0,0.5257977247238159,0.8311898112297058,0.16602163016796112,0.2124619036912918,0,2000,history20,2,40,42,1.0,0.0,walk_history_ablation
1404,28.080000000000002,1.0,0.0,0.525002121925354,0.8518540859222412,0.1859985589981079,0.17697730660438538,0,2000,history20,2,40,42,1.0,0.0,walk_history_ablation
1405,28.1,1.0,0.0,0.5230544805526733,0.8645318746566772,0.2101598083972931,0.24305620789527893,0,2000,history20,2,40,42,1.0,0.0,walk_history_ablation
1406,28.12,1.0,0.0,0.5271347761154175,0.7242699861526489,0.16138194501399994,-0.43549755215644836,0,2000,history20,2,40,42,1.0,0.0,walk_history_ablation
1407,28.14,1.0,0.0,0.5327836275100708,0.6415227651596069,0.10449580103158951,-0.317036509513855,0,2000,history20,2,40,42,1.0,0.0,walk_history_ablation
1408,28.16,1.0,0.0,0.5369149446487427,0.6021926999092102,0.06974002718925476,-0.07767488807439804,0,2000,history20,2,40,42,1.0,0.0,walk_history_ablation
1409,28.18,1.0,0.0,0.5387364625930786,0.589044988155365,0.04789888113737106,0.21213015913963318,0,2000,history20,2,40,42,1.0,0.0,walk_history_ablation
1410,28.2,1.0,0.0,0.5368820428848267,0.593515932559967,0.032135315239429474,0.5006481409072876,0,2000,history20,2,40,42,1.0,0.0,walk_history_ablation
1411,28.22,1.0,0.0,0.5331116914749146,0.6035904288291931,0.012957772240042686,0.5840662717819214,0,2000,history20,2,40,42,1.0,0.0,walk_history_ablation
1412,28.240000000000002,1.0,0.0,0.5282284021377563,0.6238309741020203,-0.0008527984609827399,0.5936965942382812,0,2000,history20,2,40,42,1.0,0.0,walk_history_ablation
1413,28.26,1.0,0.0,0.5239094495773315,0.640338659286499,-0.016034327447414398,0.4371858239173889,0,2000,history20,2,40,42,1.0,0.0,walk_history_ablation
1414,28.28,1.0,0.0,0.5213114023208618,0.663475751876831,-0.02884603664278984,0.21647386252880096,0,2000,history20,2,40,42,1.0,0.0,walk_history_ablation
1415,28.3,1.0,0.0,0.5202370882034302,0.6845676898956299,-0.03819873929023743,0.07945941388607025,0,2000,history20,2,40,42,1.0,0.0,walk_history_ablation
1416,28.32,1.0,0.0,0.5209861993789673,0.7020626068115234,-0.050377555191516876,-0.1277187466621399,0,2000,history20,2,40,42,1.0,0.0,walk_history_ablation
1417,28.34,1.0,0.0,0.5227991342544556,0.7247151136398315,-0.059026580303907394,-0.22694967687129974,0,2000,history20,2,40,42,1.0,0.0,walk_history_ablation
1418,28.36,1.0,0.0,0.5260487794876099,0.7566102147102356,-0.07556512206792831,-0.42450812458992004,0,2000,history20,2,40,42,1.0,0.0,walk_history_ablation
1419,28.38,1.0,0.0,0.5294429063796997,0.7938511371612549,-0.09254027158021927,-0.3572086989879608,0,2000,history20,2,40,42,1.0,0.0,walk_history_ablation
1420,28.400000000000002,1.0,0.0,0.5306869745254517,0.8346741795539856,-0.11195801943540573,-0.16309522092342377,0,2000,history20,2,40,42,1.0,0.0,walk_history_ablation
1421,28.42,1.0,0.0,0.53052818775177,0.8704093098640442,-0.13763846457004547,-0.035904671996831894,0,2000,history20,2,40,42,1.0,0.0,walk_history_ablation
1422,28.44,1.0,0.0,0.5286659002304077,0.8998634815216064,-0.1625037044286728,0.13210204243659973,0,2000,history20,2,40,42,1.0,0.0,walk_history_ablation
1423,28.46,1.0,0.0,0.5260614156723022,0.9247642159461975,-0.19012749195098877,0.18995602428913116,0,2000,history20,2,40,42,1.0,0.0,walk_history_ablation
1424,28.48,1.0,0.0,0.5228868722915649,0.9410736560821533,-0.21771711111068726,0.24168385565280914,0,2000,history20,2,40,42,1.0,0.0,walk_history_ablation
1425,28.5,1.0,0.0,0.5200988054275513,0.9581301808357239,-0.2454441785812378,0.21696272492408752,0,2000,history20,2,40,42,1.0,0.0,walk_history_ablation
1426,28.52,1.0,0.0,0.5193766355514526,0.8980313539505005,-0.2278408408164978,-0.0908796414732933,0,2000,history20,2,40,42,1.0,0.0,walk_history_ablation
1427,28.54,1.0,0.0,0.5176154375076294,0.8203694820404053,-0.16088376939296722,0.3182249069213867,0,2000,history20,2,40,42,1.0,0.0,walk_history_ablation
1428,28.560000000000002,1.0,0.0,0.5121985673904419,0.773345410823822,-0.13311752676963806,0.37283292412757874,0,2000,history20,2,40,42,1.0,0.0,walk_history_ablation
1429,28.580000000000002,1.0,0.0,0.5081802606582642,0.7367843985557556,-0.12020906805992126,-0.06287826597690582,0,2000,history20,2,40,42,1.0,0.0,walk_history_ablation
1430,28.6,1.0,0.0,0.5072439908981323,0.7027299404144287,-0.10774605721235275,-0.3417651057243347,0,2000,history20,2,40,42,1.0,0.0,walk_history_ablation
1431,28.62,1.0,0.0,0.5079580545425415,0.6890069842338562,-0.08419913053512573,-0.3924511969089508,0,2000,history20,2,40,42,1.0,0.0,walk_history_ablation
1432,28.64,1.0,0.0,0.5088177919387817,0.6920058727264404,-0.061743658035993576,-0.3039973974227905,0,2000,history20,2,40,42,1.0,0.0,walk_history_ablation
1433,28.66,1.0,0.0,0.509989857673645,0.7029650807380676,-0.045213405042886734,-0.2722340524196625,0,2000,history20,2,40,42,1.0,0.0,walk_history_ablation
1434,28.68,1.0,0.0,0.5107895135879517,0.7031424641609192,-0.025943925604224205,-0.19063763320446014,0,2000,history20,2,40,42,1.0,0.0,walk_history_ablation
1435,28.7,1.0,0.0,0.5112801790237427,0.7013359665870667,-0.0036359410732984543,-0.13609236478805542,0,2000,history20,2,40,42,1.0,0.0,walk_history_ablation
1436,28.72,1.0,0.0,0.5114427804946899,0.7079422473907471,0.014993407763540745,-0.0674835741519928,0,2000,history20,2,40,42,1.0,0.0,walk_history_ablation
1437,28.740000000000002,1.0,0.0,0.5113540887832642,0.7177283763885498,0.03406301885843277,-0.017614644020795822,0,2000,history20,2,40,42,1.0,0.0,walk_history_ablation
1438,28.76,1.0,0.0,0.5112310647964478,0.7140687704086304,0.05758580192923546,0.07925409078598022,0,2000,history20,2,40,42,1.0,0.0,walk_history_ablation
1439,28.78,1.0,0.0,0.5090013742446899,0.717162013053894,0.08321201056241989,0.3155028223991394,0,2000,history20,2,40,42,1.0,0.0,walk_history_ablation
1440,28.8,1.0,0.0,0.5060797929763794,0.7264368534088135,0.10081035643815994,0.3436278700828552,0,2000,history20,2,40,42,1.0,0.0,walk_history_ablation
1441,28.82,1.0,0.0,0.502853512763977,0.7533311247825623,0.1212039366364479,0.3926871418952942,0,2000,history20,2,40,42,1.0,0.0,walk_history_ablation
1442,28.84,1.0,0.0,0.4999490976333618,0.7808868288993835,0.14011378586292267,0.38290512561798096,0,2000,history20,2,40,42,1.0,0.0,walk_history_ablation
1443,28.86,1.0,0.0,0.4984651803970337,0.804993748664856,0.15704253315925598,0.26033204793930054,0,2000,history20,2,40,42,1.0,0.0,walk_history_ablation
1444,28.88,1.0,0.0,0.49706804752349854,0.823662519454956,0.1836807280778885,0.21563099324703217,0,2000,history20,2,40,42,1.0,0.0,walk_history_ablation
1445,28.900000000000002,1.0,0.0,0.49589550495147705,0.8343331813812256,0.20526300370693207,0.18754707276821136,0,2000,history20,2,40,42,1.0,0.0,walk_history_ablation
1446,28.92,1.0,0.0,0.49451911449432373,0.8463304042816162,0.22756411135196686,0.21796998381614685,0,2000,history20,2,40,42,1.0,0.0,walk_history_ablation
1447,28.94,1.0,0.0,0.4930013418197632,0.8687332272529602,0.24903975427150726,0.22508454322814941,0,2000,history20,2,40,42,1.0,0.0,walk_history_ablation
1448,28.96,1.0,0.0,0.49469268321990967,0.7546477913856506,0.2304871380329132,-0.13826251029968262,0,2000,history20,2,40,42,1.0,0.0,walk_history_ablation
1449,28.98,1.0,0.0,0.49928438663482666,0.6651290059089661,0.16171275079250336,-0.31178030371665955,0,2000,history20,2,40,42,1.0,0.0,walk_history_ablation
1450,29.0,1.0,0.0,0.5041908025741577,0.6238377690315247,0.11576233804225922,-0.28136324882507324,0,2000,history20,2,40,42,1.0,0.0,walk_history_ablation
1451,29.02,1.0,0.0,0.5078479051589966,0.6167018413543701,0.08849169313907623,-0.015803012996912003,0,2000,history20,2,40,42,1.0,0.0,walk_history_ablation
1452,29.04,1.0,0.0,0.5084677934646606,0.6216513514518738,0.07374534010887146,0.3168705999851227,0,2000,history20,2,40,42,1.0,0.0,walk_history_ablation
1453,29.060000000000002,1.0,0.0,0.5060263872146606,0.6229401230812073,0.05549728870391846,0.540460467338562,0,2000,history20,2,40,42,1.0,0.0,walk_history_ablation
1454,29.080000000000002,1.0,0.0,0.5024095773696899,0.636029839515686,0.03548243269324303,0.5031735897064209,0,2000,history20,2,40,42,1.0,0.0,walk_history_ablation
1455,29.1,1.0,0.0,0.49844467639923096,0.6527279615402222,0.02025386318564415,0.4717114269733429,0,2000,history20,2,40,42,1.0,0.0,walk_history_ablation
1456,29.12,1.0,0.0,0.4953089952468872,0.6678749918937683,0.00625244714319706,0.3102388381958008,0,2000,history20,2,40,42,1.0,0.0,walk_history_ablation
1457,29.14,1.0,0.0,0.4936307668685913,0.6831381916999817,-0.004886776674538851,0.14153599739074707,0,2000,history20,2,40,42,1.0,0.0,walk_history_ablation
1458,29.16,1.0,0.0,0.49357807636260986,0.7026525735855103,-0.014745760709047318,-0.03906901553273201,0,2000,history20,2,40,42,1.0,0.0,walk_history_ablation
1459,29.18,1.0,0.0,0.4951401948928833,0.7207370400428772,-0.023415759205818176,-0.20799264311790466,0,2000,history20,2,40,42,1.0,0.0,walk_history_ablation
1460,29.2,1.0,0.0,0.49793779850006104,0.7455870509147644,-0.03385785222053528,-0.3545597791671753,0,2000,history20,2,40,42,1.0,0.0,walk_history_ablation
1461,29.22,1.0,0.0,0.5021055936813354,0.7761792540550232,-0.050536006689071655,-0.48381227254867554,0,2000,history20,2,40,42,1.0,0.0,walk_history_ablation
1462,29.240000000000002,1.0,0.0,0.5048815011978149,0.8093495965003967,-0.06511381268501282,-0.25260382890701294,0,2000,history20,2,40,42,1.0,0.0,walk_history_ablation
1463,29.26,1.0,0.0,0.5049198865890503,0.8508175611495972,-0.08365273475646973,-0.08237370103597641,0,2000,history20,2,40,42,1.0,0.0,walk_history_ablation
1464,29.28,1.0,0.0,0.5039821863174438,0.8789467811584473,-0.10808511823415756,0.05432047322392464,0,2000,history20,2,40,42,1.0,0.0,walk_history_ablation
1465,29.3,1.0,0.0,0.5018244981765747,0.9058133959770203,-0.1321394443511963,0.1132485568523407,0,2000,history20,2,40,42,1.0,0.0,walk_history_ablation
1466,29.32,1.0,0.0,0.4993635416030884,0.9213387966156006,-0.15690386295318604,0.20761071145534515,0,2000,history20,2,40,42,1.0,0.0,walk_history_ablation
1467,29.34,1.0,0.0,0.4961196184158325,0.9379608631134033,-0.18072429299354553,0.27284812927246094,0,2000,history20,2,40,42,1.0,0.0,walk_history_ablation
1468,29.36,1.0,0.0,0.49311745166778564,0.9551894664764404,-0.20733311772346497,0.2453537881374359,0,2000,history20,2,40,42,1.0,0.0,walk_history_ablation
1469,29.38,1.0,0.0,0.4934898614883423,0.8330535292625427,-0.1522917002439499,-0.03654605895280838,0,2000,history20,2,40,42,1.0,0.0,walk_history_ablation
1470,29.400000000000002,1.0,0.0,0.48983609676361084,0.780051589012146,-0.12013166397809982,0.3911179006099701,0,2000,history20,2,40,42,1.0,0.0,walk_history_ablation
1471,29.42,1.0,0.0,0.4840656518936157,0.729124903678894,-0.10349429398775101,0.31967893242836,0,2000,history20,2,40,42,1.0,0.0,walk_history_ablation
1472,29.44,1.0,0.0,0.47999441623687744,0.6826427578926086,-0.09909489750862122,-0.07037917524576187,0,2000,history20,2,40,42,1.0,0.0,walk_history_ablation
1473,29.46,1.0,0.0,0.4792829751968384,0.654431939125061,-0.08055226504802704,-0.3547748923301697,0,2000,history20,2,40,42,1.0,0.0,walk_history_ablation
1474,29.48,1.0,0.0,0.48009026050567627,0.6473854780197144,-0.05907159671187401,-0.3659325838088989,0,2000,history20,2,40,42,1.0,0.0,walk_history_ablation
1475,29.5,1.0,0.0,0.48166000843048096,0.6591528058052063,-0.04290096461772919,-0.34766584634780884,0,2000,history20,2,40,42,1.0,0.0,walk_history_ablation
1476,29.52,1.0,0.0,0.48309218883514404,0.6610755920410156,-0.022816604003310204,-0.28083956241607666,0,2000,history20,2,40,42,1.0,0.0,walk_history_ablation
1477,29.54,1.0,0.0,0.4841705560684204,0.6680372953414917,-0.004716225899755955,-0.2010459452867508,0,2000,history20,2,40,42,1.0,0.0,walk_history_ablation
1478,29.560000000000002,1.0,0.0,0.4851435422897339,0.6707397103309631,0.014741894789040089,-0.17091237008571625,0,2000,history20,2,40,42,1.0,0.0,walk_history_ablation
1479,29.580000000000002,1.0,0.0,0.4858804941177368,0.6798310279846191,0.0341094546020031,-0.10359068959951401,0,2000,history20,2,40,42,1.0,0.0,walk_history_ablation
1480,29.6,1.0,0.0,0.4857836961746216,0.6825823783874512,0.05412205681204796,-0.10729915648698807,0,2000,history20,2,40,42,1.0,0.0,walk_history_ablation
1481,29.62,1.0,0.0,0.4859081506729126,0.6820529699325562,0.0821649432182312,0.08862997591495514,0,2000,history20,2,40,42,1.0,0.0,walk_history_ablation
1482,29.64,1.0,0.0,0.4842766523361206,0.6866296529769897,0.10609391331672668,0.2415633350610733,0,2000,history20,2,40,42,1.0,0.0,walk_history_ablation
1483,29.66,1.0,0.0,0.48184287548065186,0.7082153558731079,0.12567932903766632,0.31609153747558594,0,2000,history20,2,40,42,1.0,0.0,walk_history_ablation
1484,29.68,1.0,0.0,0.4794243574142456,0.7361745834350586,0.14400015771389008,0.35571473836898804,0,2000,history20,2,40,42,1.0,0.0,walk_history_ablation
1485,29.7,1.0,0.0,0.47720301151275635,0.7627720236778259,0.16242064535617828,0.3713132441043854,0,2000,history20,2,40,42,1.0,0.0,walk_history_ablation
1486,29.72,1.0,0.0,0.47503650188446045,0.7872121334075928,0.18645882606506348,0.3311558961868286,0,2000,history20,2,40,42,1.0,0.0,walk_history_ablation
1487,29.740000000000002,1.0,0.0,0.47303640842437744,0.7989606261253357,0.2113065868616104,0.25437551736831665,0,2000,history20,2,40,42,1.0,0.0,walk_history_ablation
1488,29.76,1.0,0.0,0.4715925455093384,0.8098835945129395,0.23539502918720245,0.21458196640014648,0,2000,history20,2,40,42,1.0,0.0,walk_history_ablation
1489,29.78,1.0,0.0,0.4700971841812134,0.8224517703056335,0.2576774060726166,0.2675077021121979,0,2000,history20,2,40,42,1.0,0.0,walk_history_ablation
1490,29.8,1.0,0.0,0.46920454502105713,0.8180646300315857,0.2842704951763153,0.14280402660369873,0,2000,history20,2,40,42,1.0,0.0,walk_history_ablation
1491,29.82,1.0,0.0,0.4734684228897095,0.6781003475189209,0.22146183252334595,-0.39698511362075806,0,2000,history20,2,40,42,1.0,0.0,walk_history_ablation
1492,29.84,1.0,0.0,0.4794660806655884,0.6085410118103027,0.15941555798053741,-0.42061877250671387,0,2000,history20,2,40,42,1.0,0.0,walk_history_ablation
1493,29.86,1.0,0.0,0.48470747470855713,0.5795493125915527,0.12118033319711685,-0.22170372307300568,0,2000,history20,2,40,42,1.0,0.0,walk_history_ablation
1494,29.88,1.0,0.0,0.48794424533843994,0.573623538017273,0.1044030487537384,0.05945084989070892,0,2000,history20,2,40,42,1.0,0.0,walk_history_ablation
1495,29.900000000000002,1.0,0.0,0.4870706796646118,0.5780676603317261,0.08391305059194565,0.4718823730945587,0,2000,history20,2,40,42,1.0,0.0,walk_history_ablation
1496,29.92,1.0,0.0,0.48359858989715576,0.5903473496437073,0.06264518946409225,0.56076580286026,0,2000,history20,2,40,42,1.0,0.0,walk_history_ablation
1497,29.94,1.0,0.0,0.47902071475982666,0.6062407493591309,0.04584214463829994,0.5621421337127686,0,2000,history20,2,40,42,1.0,0.0,walk_history_ablation
1498,29.96,1.0,0.0,0.47523272037506104,0.6210813522338867,0.027956753969192505,0.394040584564209,0,2000,history20,2,40,42,1.0,0.0,walk_history_ablation
1499,29.98,1.0,0.0,1.1824456453323364,0.6426017880439758,0.015419322066009045,0.254556268453598,0,2000,history20,2,40,42,1.0,0.0,walk_history_ablation
1500,30.0,1.0,0.0,1.1813989877700806,0.65809166431427,0.002975441049784422,0.061155226081609726,0,2000,history20,2,40,42,1.0,0.0,walk_history_ablation
1501,30.02,1.0,0.0,1.1824833154678345,0.6722250580787659,-0.007987737655639648,-0.16208982467651367,0,2000,history20,2,40,42,1.0,0.0,walk_history_ablation
1502,30.04,1.0,0.0,1.1849185228347778,0.693764865398407,-0.01652083359658718,-0.29791581630706787,0,2000,history20,2,40,42,1.0,0.0,walk_history_ablation
1503,30.060000000000002,1.0,0.0,1.1887627840042114,0.7214203476905823,-0.030235974118113518,-0.4701380729675293,0,2000,history20,2,40,42,1.0,0.0,walk_history_ablation
1504,30.080000000000002,1.0,0.0,1.1921993494033813,0.7508242130279541,-0.044944778084754944,-0.3396911025047302,0,2000,history20,2,40,42,1.0,0.0,walk_history_ablation
1505,30.1,1.0,0.0,1.1936627626419067,0.7884770631790161,-0.06570487469434738,-0.20104874670505524,0,2000,history20,2,40,42,1.0,0.0,walk_history_ablation
1506,30.12,1.0,0.0,1.1936761140823364,0.8163408637046814,-0.08845166862010956,-0.022777259349822998,0,2000,history20,2,40,42,1.0,0.0,walk_history_ablation
1507,30.14,1.0,0.0,1.1915675401687622,0.846328616142273,-0.11268484592437744,0.15971645712852478,0,2000,history20,2,40,42,1.0,0.0,walk_history_ablation
1508,30.16,1.0,0.0,1.1885806322097778,0.8685958981513977,-0.1384982466697693,0.2627109885215759,0,2000,history20,2,40,42,1.0,0.0,walk_history_ablation
1509,30.18,1.0,0.0,1.1843587160110474,0.8820072412490845,-0.16474492847919464,0.389617919921875,0,2000,history20,2,40,42,1.0,0.0,walk_history_ablation
1510,30.2,1.0,0.0,1.1798077821731567,0.8964115381240845,-0.1920420527458191,0.38047558069229126,0,2000,history20,2,40,42,1.0,0.0,walk_history_ablation
1511,30.22,1.0,0.0,1.1774998903274536,0.8459152579307556,-0.19646362960338593,-0.1723843216896057,0,2000,history20,2,40,42,1.0,0.0,walk_history_ablation
1512,30.240000000000002,1.0,0.0,1.176521897315979,0.78310626745224,-0.13662219047546387,0.2531781792640686,0,2000,history20,2,40,42,1.0,0.0,walk_history_ablation
1513,30.26,1.0,0.0,1.1707130670547485,0.7369681000709534,-0.1105879619717598,0.4821426272392273,0,2000,history20,2,40,42,1.0,0.0,walk_history_ablation
1514,30.28,1.0,0.0,1.165174126625061,0.6990818381309509,-0.10004720091819763,0.12144029885530472,0,2000,history20,2,40,42,1.0,0.0,walk_history_ablation
1515,30.3,1.0,0.0,1.1627599000930786,0.6647478938102722,-0.08905434608459473,-0.20199596881866455,0,2000,history20,2,40,42,1.0,0.0,walk_history_ablation
1516,30.32,1.0,0.0,1.1626554727554321,0.6526989936828613,-0.0687466561794281,-0.31446734070777893,0,2000,history20,2,40,42,1.0,0.0,walk_history_ablation
1517,30.34,1.0,0.0,1.1627470254898071,0.6579524874687195,-0.04970194399356842,-0.21091219782829285,0,2000,history20,2,40,42,1.0,0.0,walk_history_ablation
1518,30.36,1.0,0.0,1.162817120552063,0.6725718379020691,-0.03593165799975395,-0.14650674164295197,0,2000,history20,2,40,42,1.0,0.0,walk_history_ablation
1519,30.38,1.0,0.0,1.1626168489456177,0.6772304177284241,-0.020686503499746323,-0.0989796370267868,0,2000,history20,2,40,42,1.0,0.0,walk_history_ablation
1520,30.400000000000002,1.0,0.0,1.16213858127594,0.679098904132843,-0.00043068407103419304,-0.03726345673203468,0,2000,history20,2,40,42,1.0,0.0,walk_history_ablation
1521,30.42,1.0,0.0,1.1614586114883423,0.6878688335418701,0.0166497603058815,0.005896339192986488,0,2000,history20,2,40,42,1.0,0.0,walk_history_ablation
1522,30.44,1.0,0.0,1.1605240106582642,0.7021889090538025,0.033578407019376755,0.06074868142604828,0,2000,history20,2,40,42,1.0,0.0,walk_history_ablation
1523,30.46,1.0,0.0,1.1594997644424438,0.705281674861908,0.05427376180887222,0.11060551553964615,0,2000,history20,2,40,42,1.0,0.0,walk_history_ablation
1524,30.48,1.0,0.0,1.1566940546035767,0.7099215984344482,0.08258836716413498,0.37098127603530884,0,2000,history20,2,40,42,1.0,0.0,walk_history_ablation
1525,30.5,1.0,0.0,1.1532403230667114,0.718403697013855,0.10172202438116074,0.3948984146118164,0,2000,history20,2,40,42,1.0,0.0,walk_history_ablation
1526,30.52,1.0,0.0,1.1494470834732056,0.7404734492301941,0.12351687252521515,0.4537211060523987,0,2000,history20,2,40,42,1.0,0.0,walk_history_ablation
1527,30.54,1.0,0.0,1.1456867456436157,0.762117862701416,0.1440715342760086,0.47848987579345703,0,2000,history20,2,40,42,1.0,0.0,walk_history_ablation
1528,30.560000000000002,1.0,0.0,1.1429115533828735,0.7830199599266052,0.1632496565580368,0.4082614481449127,0,2000,history20,2,40,42,1.0,0.0,walk_history_ablation
1529,30.580000000000002,1.0,0.0,1.1395670175552368,0.7981734275817871,0.19227765500545502,0.43662217259407043,0,2000,history20,2,40,42,1.0,0.0,walk_history_ablation
1530,30.6,1.0,0.0,1.1358338594436646,0.8037840723991394,0.21402011811733246,0.4550006091594696,0,2000,history20,2,40,42,1.0,0.0,walk_history_ablation
1531,30.62,1.0,0.0,1.132191777229309,0.8106714487075806,0.23355579376220703,0.4188576340675354,0,2000,history20,2,40,42,1.0,0.0,walk_history_ablation
1532,30.64,1.0,0.0,1.1293083429336548,0.8281589150428772,0.25175923109054565,0.3258361518383026,0,2000,history20,2,40,42,1.0,0.0,walk_history_ablation
1533,30.66,1.0,0.0,1.1317254304885864,0.6983754634857178,0.2067822366952896,-0.39404886960983276,0,2000,history20,2,40,42,1.0,0.0,walk_history_ablation
1534,30.68,1.0,0.0,1.1366068124771118,0.6113998293876648,0.1319826990365982,-0.2536974251270294,0,2000,history20,2,40,42,1.0,0.0,walk_history_ablation
1535,30.7,1.0,0.0,1.1396986246109009,0.589124321937561,0.08522601425647736,-0.026738036423921585,0,2000,history20,2,40,42,1.0,0.0,walk_history_ablation
1536,30.72,1.0,0.0,1.1399203538894653,0.592313289642334,0.05813748389482498,0.3893207609653473,0,2000,history20,2,40,42,1.0,0.0,walk_history_ablation
1537,30.740000000000002,1.0,0.0,1.1367374658584595,0.5932212471961975,0.0396743044257164,0.702823281288147,0,2000,history20,2,40,42,1.0,0.0,walk_history_ablation
1538,30.76,1.0,0.0,1.1304889917373657,0.5958458185195923,0.019480178132653236,0.8800907731056213,0,2000,history20,2,40,42,1.0,0.0,walk_history_ablation
1539,30.78,1.0,0.0,1.1239343881607056,0.609044075012207,-0.00029281293973326683,0.728028416633606,0,2000,history20,2,40,42,1.0,0.0,walk_history_ablation
1540,30.8,1.0,0.0,1.1180235147476196,0.6224732398986816,-0.014503099955618382,0.6136739253997803,0,2000,history20,2,40,42,1.0,0.0,walk_history_ablation
1541,30.82,1.0,0.0,1.1133962869644165,0.6259247064590454,-0.029315752908587456,0.45366060733795166,0,2000,history20,2,40,42,1.0,0.0,walk_history_ablation
1542,30.84,1.0,0.0,1.110341191291809,0.642038106918335,-0.042119525372982025,0.25255754590034485,0,2000,history20,2,40,42,1.0,0.0,walk_history_ablation
1543,30.86,1.0,0.0,1.1092897653579712,0.6612502932548523,-0.05365553870797157,0.04607278108596802,0,2000,history20,2,40,42,1.0,0.0,walk_history_ablation
1544,30.88,1.0,0.0,1.1099907159805298,0.6813644170761108,-0.06384354084730148,-0.13558900356292725,0,2000,history20,2,40,42,1.0,0.0,walk_history_ablation
1545,30.900000000000002,1.0,0.0,1.1124192476272583,0.7076122760772705,-0.07692483812570572,-0.34692662954330444,0,2000,history20,2,40,42,1.0,0.0,walk_history_ablation
1546,30.92,1.0,0.0,1.1163851022720337,0.7391932606697083,-0.09545817971229553,-0.4573816657066345,0,2000,history20,2,40,42,1.0,0.0,walk_history_ablation
1547,30.94,1.0,0.0,1.1186081171035767,0.7771223187446594,-0.11134916543960571,-0.19581907987594604,0,2000,history20,2,40,42,1.0,0.0,walk_history_ablation
1548,30.96,1.0,0.0,1.1176549196243286,0.8175432085990906,-0.13237068057060242,0.06813783943653107,0,2000,history20,2,40,42,1.0,0.0,walk_history_ablation
1549,30.98,1.0,0.0,1.1148535013198853,0.8479783535003662,-0.15946289896965027,0.2710784077644348,0,2000,history20,2,40,42,1.0,0.0,walk_history_ablation
1550,31.0,1.0,0.0,1.1106992959976196,0.8826967477798462,-0.1888820379972458,0.30083146691322327,0,2000,history20,2,40,42,1.0,0.0,walk_history_ablation
1551,31.02,1.0,0.0,1.1064954996109009,0.9075108766555786,-0.21762290596961975,0.3762928247451782,0,2000,history20,2,40,42,1.0,0.0,walk_history_ablation
1552,31.04,1.0,0.0,1.101568341255188,0.9300699234008789,-0.24692402780056,0.4472637176513672,0,2000,history20,2,40,42,1.0,0.0,walk_history_ablation
1553,31.060000000000002,1.0,0.0,1.097255825996399,0.9540578126907349,-0.28003057837486267,0.2950812578201294,0,2000,history20,2,40,42,1.0,0.0,walk_history_ablation
1554,31.080000000000002,1.0,0.0,1.0972601175308228,0.8475109338760376,-0.22614198923110962,-0.12712106108665466,0,2000,history20,2,40,42,1.0,0.0,walk_history_ablation
1555,31.1,1.0,0.0,1.0923815965652466,0.7895195484161377,-0.18055742979049683,0.6575197577476501,0,2000,history20,2,40,42,1.0,0.0,walk_history_ablation
1556,31.12,1.0,0.0,1.0832382440567017,0.7311774492263794,-0.16008664667606354,0.6904970407485962,0,2000,history20,2,40,42,1.0,0.0,walk_history_ablation
1557,31.14,1.0,0.0,1.075595498085022,0.6755722165107727,-0.15057501196861267,0.2808189392089844,0,2000,history20,2,40,42,1.0,0.0,walk_history_ablation
1558,31.16,1.0,0.0,1.0714045763015747,0.6396836042404175,-0.13372643291950226,0.021156789734959602,0,2000,history20,2,40,42,1.0,0.0,walk_history_ablation
1559,31.18,1.0,0.0,1.068904995918274,0.6286037564277649,-0.1116659864783287,-0.04959506168961525,0,2000,history20,2,40,42,1.0,0.0,walk_history_ablation
1560,31.2,1.0,0.0,1.0673404932022095,0.6385943293571472,-0.09361014515161514,-0.06388059258460999,0,2000,history20,2,40,42,1.0,0.0,walk_history_ablation
1561,31.220000000000002,1.0,0.0,1.066623330116272,0.6453352570533752,-0.07660768926143646,-0.09161020815372467,0,2000,history20,2,40,42,1.0,0.0,walk_history_ablation
1562,31.240000000000002,1.0,0.0,1.066057801246643,0.6512354612350464,-0.05756266042590141,-0.05692141875624657,0,2000,history20,2,40,42,1.0,0.0,walk_history_ablation
1563,31.26,1.0,0.0,1.0656706094741821,0.6542528867721558,-0.036493077874183655,-0.060963161289691925,0,2000,history20,2,40,42,1.0,0.0,walk_history_ablation
1564,31.28,1.0,0.0,1.0656272172927856,0.6640196442604065,-0.0176985040307045,-0.056659262627363205,0,2000,history20,2,40,42,1.0,0.0,walk_history_ablation
1565,31.3,1.0,0.0,1.0662809610366821,0.6606807708740234,0.005755552090704441,-0.13238653540611267,0,2000,history20,2,40,42,1.0,0.0,walk_history_ablation
1566,31.32,1.0,0.0,1.0665518045425415,0.6578900814056396,0.03486509993672371,0.08094166219234467,0,2000,history20,2,40,42,1.0,0.0,walk_history_ablation
1567,31.34,1.0,0.0,1.0647107362747192,0.6577934622764587,0.06322620809078217,0.2845156192779541,0,2000,history20,2,40,42,1.0,0.0,walk_history_ablation
1568,31.36,1.0,0.0,1.0620070695877075,0.6695311665534973,0.08352416753768921,0.3550410270690918,0,2000,history20,2,40,42,1.0,0.0,walk_history_ablation
1569,31.38,1.0,0.0,1.058841347694397,0.6848971247673035,0.10544155538082123,0.42451393604278564,0,2000,history20,2,40,42,1.0,0.0,walk_history_ablation
1570,31.400000000000002,1.0,0.0,1.0558830499649048,0.7064605355262756,0.12537428736686707,0.42692333459854126,0,2000,history20,2,40,42,1.0,0.0,walk_history_ablation
1571,31.42,1.0,0.0,1.0530802011489868,0.727379560470581,0.14925526082515717,0.42179298400878906,0,2000,history20,2,40,42,1.0,0.0,walk_history_ablation
1572,31.44,1.0,0.0,1.0497781038284302,0.7335833311080933,0.17471843957901,0.4096294641494751,0,2000,history20,2,40,42,1.0,0.0,walk_history_ablation
1573,31.46,1.0,0.0,1.0465046167373657,0.738009512424469,0.19617578387260437,0.4071246385574341,0,2000,history20,2,40,42,1.0,0.0,walk_history_ablation
1574,31.48,1.0,0.0,1.0430299043655396,0.7441005110740662,0.2175511121749878,0.41545429825782776,0,2000,history20,2,40,42,1.0,0.0,walk_history_ablation
1575,31.5,1.0,0.0,1.0421167612075806,0.6727556586265564,0.22310861945152283,0.3869047164916992,0,2000,history20,2,40,42,1.0,0.0,walk_history_ablation
1576,31.52,1.0,0.0,1.0459343194961548,0.5943849682807922,0.16210725903511047,-0.22683940827846527,0,2000,history20,2,40,42,1.0,0.0,walk_history_ablation
1577,31.54,1.0,0.0,1.0508562326431274,0.5688663125038147,0.11340610682964325,-0.3545351028442383,0,2000,history20,2,40,42,1.0,0.0,walk_history_ablation
1578,31.560000000000002,1.0,0.0,1.054336667060852,0.571954607963562,0.08614320307970047,-0.0015683658421039581,0,2000,history20,2,40,42,1.0,0.0,walk_history_ablation
1579,31.580000000000002,1.0,0.0,1.0546132326126099,0.5794065594673157,0.06930137425661087,0.37473204731941223,0,2000,history20,2,40,42,1.0,0.0,walk_history_ablation
1580,31.6,1.0,0.0,1.0507699251174927,0.5802075862884521,0.05031811073422432,0.7597631812095642,0,2000,history20,2,40,42,1.0,0.0,walk_history_ablation
1581,31.62,1.0,0.0,1.0447393655776978,0.5913868546485901,0.027527648955583572,0.7718315124511719,0,2000,history20,2,40,42,1.0,0.0,walk_history_ablation
1582,31.64,1.0,0.0,1.0382863283157349,0.6003502607345581,0.007423930335789919,0.7360051870346069,0,2000,history20,2,40,42,1.0,0.0,walk_history_ablation
1583,31.66,1.0,0.0,1.0328747034072876,0.6108575463294983,-0.008954396471381187,0.541351854801178,0,2000,history20,2,40,42,1.0,0.0,walk_history_ablation
1584,31.68,1.0,0.0,1.0288292169570923,0.6205795407295227,-0.021152622997760773,0.40011560916900635,0,2000,history20,2,40,42,1.0,0.0,walk_history_ablation
1585,31.7,1.0,0.0,1.0263487100601196,0.6428442597389221,-0.03171122074127197,0.20458580553531647,0,2000,history20,2,40,42,1.0,0.0,walk_history_ablation
1586,31.720000000000002,1.0,0.0,1.0259252786636353,0.6555172204971313,-0.04109906405210495,-0.026802832260727882,0,2000,history20,2,40,42,1.0,0.0,walk_history_ablation
1587,31.740000000000002,1.0,0.0,1.0273882150650024,0.675608217716217,-0.04953807592391968,-0.24644601345062256,0,2000,history20,2,40,42,1.0,0.0,walk_history_ablation
1588,31.76,1.0,0.0,1.0316568613052368,0.6988362073898315,-0.06535076349973679,-0.5402344465255737,0,2000,history20,2,40,42,1.0,0.0,walk_history_ablation
1589,31.78,1.0,0.0,1.0353819131851196,0.7248167991638184,-0.07678847014904022,-0.322233110666275,0,2000,history20,2,40,42,1.0,0.0,walk_history_ablation
1590,31.8,1.0,0.0,1.0365229845046997,0.7626191973686218,-0.09455858916044235,-0.13471361994743347,0,2000,history20,2,40,42,1.0,0.0,walk_history_ablation
1591,31.82,1.0,0.0,1.0357857942581177,0.7896140217781067,-0.11738396435976028,0.10037819296121597,0,2000,history20,2,40,42,1.0,0.0,walk_history_ablation
1592,31.84,1.0,0.0,1.0321470499038696,0.8246605396270752,-0.1413038671016693,0.29600897431373596,0,2000,history20,2,40,42,1.0,0.0,walk_history_ablation
1593,31.86,1.0,0.0,1.0284100770950317,0.8546172380447388,-0.17092657089233398,0.31076908111572266,0,2000,history20,2,40,42,1.0,0.0,walk_history_ablation
1594,31.88,1.0,0.0,1.0241347551345825,0.8759989142417908,-0.19828985631465912,0.36390355229377747,0,2000,history20,2,40,42,1.0,0.0,walk_history_ablation
1595,31.900000000000002,1.0,0.0,1.0196105241775513,0.8910520076751709,-0.22686879336833954,0.4078642725944519,0,2000,history20,2,40,42,1.0,0.0,walk_history_ablation
1596,31.92,1.0,0.0,1.01592218875885,0.8930847644805908,-0.2531220316886902,-0.047551218420267105,0,2000,history20,2,40,42,1.0,0.0,walk_history_ablation
1597,31.94,1.0,0.0,1.016785740852356,0.8089473247528076,-0.18128463625907898,0.12035875022411346,0,2000,history20,2,40,42,1.0,0.0,walk_history_ablation
1598,31.96,1.0,0.0,1.0110803842544556,0.7536877989768982,-0.14285330474376678,0.5954253673553467,0,2000,history20,2,40,42,1.0,0.0,walk_history_ablation
1599,31.98,1.0,0.0,1.0028678178787231,0.7090831995010376,-0.12789319455623627,0.4831141233444214,0,2000,history20,2,40,42,1.0,0.0,walk_history_ablation
1600,32.0,1.0,0.0,0.9972137212753296,0.6732537746429443,-0.11997219920158386,0.0747867152094841,0,2000,history20,2,40,42,1.0,0.0,walk_history_ablation
1601,32.02,1.0,0.0,0.9949873685836792,0.6566064357757568,-0.09989959746599197,-0.12733009457588196,0,2000,history20,2,40,42,1.0,0.0,walk_history_ablation
1602,32.04,1.0,0.0,0.9932500123977661,0.6538920998573303,-0.07880555838346481,-0.06183815002441406,0,2000,history20,2,40,42,1.0,0.0,walk_history_ablation
1603,32.06,1.0,0.0,0.9918681383132935,0.6648299694061279,-0.06194939836859703,-0.05380471050739288,0,2000,history20,2,40,42,1.0,0.0,walk_history_ablation
1604,32.08,1.0,0.0,0.9918042421340942,0.6726263761520386,-0.04614172875881195,-0.16530407965183258,0,2000,history20,2,40,42,1.0,0.0,walk_history_ablation
1605,32.1,1.0,0.0,0.9919983148574829,0.6801055073738098,-0.022921256721019745,-0.09857134521007538,0,2000,history20,2,40,42,1.0,0.0,walk_history_ablation
1606,32.12,1.0,0.0,0.9917973279953003,0.6939195394515991,-0.001547986175864935,-0.038297198712825775,0,2000,history20,2,40,42,1.0,0.0,walk_history_ablation
1607,32.14,1.0,0.0,0.9916225671768188,0.710902214050293,0.01917276345193386,-0.03192282095551491,0,2000,history20,2,40,42,1.0,0.0,walk_history_ablation
1608,32.160000000000004,1.0,0.0,0.9923352003097534,0.7104809284210205,0.04550975188612938,0.04494382441043854,0,2000,history20,2,40,42,1.0,0.0,walk_history_ablation
1609,32.18,1.0,0.0,0.990740180015564,0.7153446674346924,0.07514464110136032,0.25266480445861816,0,2000,history20,2,40,42,1.0,0.0,walk_history_ablation
1610,32.2,1.0,0.0,0.9880765676498413,0.7229539155960083,0.0990728959441185,0.34837234020233154,0,2000,history20,2,40,42,1.0,0.0,walk_history_ablation
1611,32.22,1.0,0.0,0.9850326776504517,0.7489583492279053,0.11868461966514587,0.39950132369995117,0,2000,history20,2,40,42,1.0,0.0,walk_history_ablation
1612,32.24,1.0,0.0,0.9816063642501831,0.7721519470214844,0.14348506927490234,0.4471594989299774,0,2000,history20,2,40,42,1.0,0.0,walk_history_ablation
1613,32.26,1.0,0.0,0.9793325662612915,0.7946191430091858,0.1628410667181015,0.3403550088405609,0,2000,history20,2,40,42,1.0,0.0,walk_history_ablation
1614,32.28,1.0,0.0,0.976800799369812,0.8145045042037964,0.189797505736351,0.3715342581272125,0,2000,history20,2,40,42,1.0,0.0,walk_history_ablation
1615,32.3,1.0,0.0,0.9732826948165894,0.82145094871521,0.21142016351222992,0.45429307222366333,0,2000,history20,2,40,42,1.0,0.0,walk_history_ablation
1616,32.32,1.0,0.0,0.9692870378494263,0.8331141471862793,0.23112915456295013,0.43687212467193604,0,2000,history20,2,40,42,1.0,0.0,walk_history_ablation
1617,32.34,1.0,0.0,0.96564781665802,0.8171752691268921,0.2360941469669342,0.7492371797561646,0,2000,history20,2,40,42,1.0,0.0,walk_history_ablation
1618,32.36,1.0,0.0,0.9675363302230835,0.703961968421936,0.17196843028068542,-0.22192974388599396,0,2000,history20,2,40,42,1.0,0.0,walk_history_ablation
1619,32.38,1.0,0.0,0.972425103187561,0.6386587619781494,0.1196029782295227,-0.30231815576553345,0,2000,history20,2,40,42,1.0,0.0,walk_history_ablation
1620,32.4,1.0,0.0,0.9748784303665161,0.6274850368499756,0.08494455367326736,0.10117293149232864,0,2000,history20,2,40,42,1.0,0.0,walk_history_ablation
1621,32.42,1.0,0.0,0.9748588800430298,0.6272381544113159,0.06414884328842163,0.37345191836357117,0,2000,history20,2,40,42,1.0,0.0,walk_history_ablation
1622,32.44,1.0,0.0,0.9719043970108032,0.6301513314247131,0.04351141303777695,0.6344861388206482,0,2000,history20,2,40,42,1.0,0.0,walk_history_ablation
1623,32.46,1.0,0.0,0.9671255350112915,0.6411201357841492,0.022579926997423172,0.6581537127494812,0,2000,history20,2,40,42,1.0,0.0,walk_history_ablation
1624,32.480000000000004,1.0,0.0,0.9621387720108032,0.6487844586372375,0.0025300669949501753,0.606965184211731,0,2000,history20,2,40,42,1.0,0.0,walk_history_ablation
1625,32.5,1.0,0.0,0.9582117795944214,0.6583161950111389,-0.013111085630953312,0.4181838035583496,0,2000,history20,2,40,42,1.0,0.0,walk_history_ablation
1626,32.52,1.0,0.0,0.9550110101699829,0.6680415868759155,-0.02516331896185875,0.36494866013526917,0,2000,history20,2,40,42,1.0,0.0,walk_history_ablation
1627,32.54,1.0,0.0,0.952515721321106,0.6936661005020142,-0.0346059575676918,0.23666299879550934,0,2000,history20,2,40,42,1.0,0.0,walk_history_ablation
1628,32.56,1.0,0.0,0.9516807794570923,0.7100871801376343,-0.045599110424518585,0.03390324115753174,0,2000,history20,2,40,42,1.0,0.0,walk_history_ablation
1629,32.58,1.0,0.0,0.9525171518325806,0.7329826951026917,-0.05464274063706398,-0.1572597622871399,0,2000,history20,2,40,42,1.0,0.0,walk_history_ablation
1630,32.6,1.0,0.0,0.955973744392395,0.7606855034828186,-0.06973975896835327,-0.4574642777442932,0,2000,history20,2,40,42,1.0,0.0,walk_history_ablation
1631,32.62,1.0,0.0,0.9595428705215454,0.7917411923408508,-0.08237382769584656,-0.32694047689437866,0,2000,history20,2,40,42,1.0,0.0,walk_history_ablation
1632,32.64,1.0,0.0,0.9611450433731079,0.8354185819625854,-0.09937384724617004,-0.19409361481666565,0,2000,history20,2,40,42,1.0,0.0,walk_history_ablation
1633,32.660000000000004,1.0,0.0,0.960971474647522,0.8672387599945068,-0.12197010964155197,0.02277333289384842,0,2000,history20,2,40,42,1.0,0.0,walk_history_ablation
1634,32.68,1.0,0.0,0.958264946937561,0.9033592343330383,-0.14712688326835632,0.20518507063388824,0,2000,history20,2,40,42,1.0,0.0,walk_history_ablation
1635,32.7,1.0,0.0,0.9553059339523315,0.9358394145965576,-0.17566293478012085,0.22890014946460724,0,2000,history20,2,40,42,1.0,0.0,walk_history_ablation
1636,32.72,1.0,0.0,0.9515663385391235,0.9561706185340881,-0.20296703279018402,0.32054227590560913,0,2000,history20,2,40,42,1.0,0.0,walk_history_ablation
1637,32.74,1.0,0.0,0.9468516111373901,0.9704669713973999,-0.23039855062961578,0.4882189929485321,0,2000,history20,2,40,42,1.0,0.0,walk_history_ablation
1638,32.76,1.0,0.0,0.941956639289856,0.9969190955162048,-0.2610050439834595,0.33338865637779236,0,2000,history20,2,40,42,1.0,0.0,walk_history_ablation
1639,32.78,1.0,0.0,0.9422858953475952,0.8599787950515747,-0.18761543929576874,0.13663314282894135,0,2000,history20,2,40,42,1.0,0.0,walk_history_ablation
1640,32.8,1.0,0.0,0.9365440607070923,0.7956783771514893,-0.14921431243419647,0.6001560688018799,0,2000,history20,2,40,42,1.0,0.0,walk_history_ablation
1641,32.82,1.0,0.0,0.9284855127334595,0.733005166053772,-0.13200241327285767,0.4947298765182495,0,2000,history20,2,40,42,1.0,0.0,walk_history_ablation
1642,32.84,1.0,0.0,0.9231942892074585,0.6849040389060974,-0.1260223388671875,0.030348870903253555,0,2000,history20,2,40,42,1.0,0.0,walk_history_ablation
1643,32.86,1.0,0.0,0.921005368232727,0.6566562652587891,-0.10777056962251663,-0.15927812457084656,0,2000,history20,2,40,42,1.0,0.0,walk_history_ablation
1644,32.88,1.0,0.0,0.9199289083480835,0.6514250636100769,-0.08632742613554001,-0.16737106442451477,0,2000,history20,2,40,42,1.0,0.0,walk_history_ablation
1645,32.9,1.0,0.0,0.9193884134292603,0.656971275806427,-0.06888191401958466,-0.15388436615467072,0,2000,history20,2,40,42,1.0,0.0,walk_history_ablation
1646,32.92,1.0,0.0,0.9193698167800903,0.6601508259773254,-0.050647903233766556,-0.16241097450256348,0,2000,history20,2,40,42,1.0,0.0,walk_history_ablation
1647,32.94,1.0,0.0,0.9195131063461304,0.6672700643539429,-0.030573062598705292,-0.1357772797346115,0,2000,history20,2,40,42,1.0,0.0,walk_history_ablation
1648,32.96,1.0,0.0,0.9199165105819702,0.672096848487854,-0.009387277066707611,-0.13318277895450592,0,2000,history20,2,40,42,1.0,0.0,walk_history_ablation
1649,32.980000000000004,1.0,0.0,0.9204365015029907,0.6864965558052063,0.009605344384908676,-0.09269164502620697,0,2000,history20,2,40,42,1.0,0.0,walk_history_ablation
1650,33.0,1.0,0.0,0.9212914705276489,0.6867220401763916,0.03440193086862564,-0.1177208423614502,0,2000,history20,2,40,42,1.0,0.0,walk_history_ablation
1651,33.02,1.0,0.0,0.9211519956588745,0.6875520348548889,0.06485451012849808,0.11343441903591156,0,2000,history20,2,40,42,1.0,0.0,walk_history_ablation
1652,33.04,1.0,0.0,0.9193481206893921,0.6960087418556213,0.08863262832164764,0.27419358491897583,0,2000,history20,2,40,42,1.0,0.0,walk_history_ablation
1653,33.06,1.0,0.0,0.916725754737854,0.7128815650939941,0.109268918633461,0.3388463854789734,0,2000,history20,2,40,42,1.0,0.0,walk_history_ablation
1654,33.08,1.0,0.0,0.9142314195632935,0.7404558062553406,0.1266634315252304,0.3804813623428345,0,2000,history20,2,40,42,1.0,0.0,walk_history_ablation
1655,33.1,1.0,0.0,0.9114876985549927,0.7648947834968567,0.14872659742832184,0.43624478578567505,0,2000,history20,2,40,42,1.0,0.0,walk_history_ablation
1656,33.12,1.0,0.0,0.9085806608200073,0.7878437042236328,0.17293936014175415,0.40826135873794556,0,2000,history20,2,40,42,1.0,0.0,walk_history_ablation
1657,33.14,1.0,0.0,0.9053131341934204,0.8001083135604858,0.19831708073616028,0.406841903924942,0,2000,history20,2,40,42,1.0,0.0,walk_history_ablation
1658,33.160000000000004,1.0,0.0,0.901945948600769,0.8093292713165283,0.22089813649654388,0.418653666973114,0,2000,history20,2,40,42,1.0,0.0,walk_history_ablation
1659,33.18,1.0,0.0,0.8985215425491333,0.818932831287384,0.24175891280174255,0.40823060274124146,0,2000,history20,2,40,42,1.0,0.0,walk_history_ablation
1660,33.2,1.0,0.0,0.8973220586776733,0.7273701429367065,0.23234908282756805,0.3017174303531647,0,2000,history20,2,40,42,1.0,0.0,walk_history_ablation
1661,33.22,1.0,0.0,0.9020460844039917,0.6473270654678345,0.17335623502731323,-0.42936158180236816,0,2000,history20,2,40,42,1.0,0.0,walk_history_ablation
1662,33.24,1.0,0.0,0.9080082178115845,0.6086963415145874,0.11836422234773636,-0.38478878140449524,0,2000,history20,2,40,42,1.0,0.0,walk_history_ablation
1663,33.26,1.0,0.0,0.9119409322738647,0.6051204800605774,0.09015258401632309,-0.005016807466745377,0,2000,history20,2,40,42,1.0,0.0,walk_history_ablation
1664,33.28,1.0,0.0,0.9124084711074829,0.6072508692741394,0.07178143411874771,0.38243818283081055,0,2000,history20,2,40,42,1.0,0.0,walk_history_ablation
1665,33.3,1.0,0.0,0.9089299440383911,0.608889102935791,0.049709148705005646,0.6965882182121277,0,2000,history20,2,40,42,1.0,0.0,walk_history_ablation
1666,33.32,1.0,0.0,0.9034775495529175,0.6208801865577698,0.026052512228488922,0.7242629528045654,0,2000,history20,2,40,42,1.0,0.0,walk_history_ablation
1667,33.34,1.0,0.0,0.8975330591201782,0.6355648636817932,0.007515182718634605,0.677947998046875,0,2000,history20,2,40,42,1.0,0.0,walk_history_ablation
1668,33.36,1.0,0.0,0.8926132917404175,0.6474684476852417,-0.008699117228388786,0.4883897304534912,0,2000,history20,2,40,42,1.0,0.0,walk_history_ablation
1669,33.38,1.0,0.0,0.8892813920974731,0.6588937044143677,-0.020780401304364204,0.31003352999687195,0,2000,history20,2,40,42,1.0,0.0,walk_history_ablation
1670,33.4,1.0,0.0,0.8877462148666382,0.6773557066917419,-0.03190481290221214,0.1129426583647728,0,2000,history20,2,40,42,1.0,0.0,walk_history_ablation
1671,33.42,1.0,0.0,0.8880869150161743,0.6926007270812988,-0.04123341292142868,-0.08989886194467545,0,2000,history20,2,40,42,1.0,0.0,walk_history_ablation
1672,33.44,1.0,0.0,0.8900648355484009,0.7151895761489868,-0.04977024719119072,-0.2851784825325012,0,2000,history20,2,40,42,1.0,0.0,walk_history_ablation
1673,33.46,1.0,0.0,0.8941336870193481,0.7411261200904846,-0.0665438249707222,-0.4854198694229126,0,2000,history20,2,40,42,1.0,0.0,walk_history_ablation
1674,33.480000000000004,1.0,0.0,0.8973606824874878,0.7715356349945068,-0.08007896691560745,-0.29924502968788147,0,2000,history20,2,40,42,1.0,0.0,walk_history_ablation
1675,33.5,1.0,0.0,0.8981693983078003,0.8104239106178284,-0.09902282059192657,-0.1183340847492218,0,2000,history20,2,40,42,1.0,0.0,walk_history_ablation
1676,33.52,1.0,0.0,0.8972862958908081,0.8405697345733643,-0.12335621565580368,0.08606017380952835,0,2000,history20,2,40,42,1.0,0.0,walk_history_ablation
1677,33.54,1.0,0.0,0.8941572904586792,0.8731333613395691,-0.14894968271255493,0.2516026198863983,0,2000,history20,2,40,42,1.0,0.0,walk_history_ablation
1678,33.56,1.0,0.0,0.8904496431350708,0.8986527919769287,-0.17765629291534424,0.32410067319869995,0,2000,history20,2,40,42,1.0,0.0,walk_history_ablation
1679,33.58,1.0,0.0,0.885949969291687,0.9190225005149841,-0.20678871870040894,0.38523200154304504,0,2000,history20,2,40,42,1.0,0.0,walk_history_ablation
1680,33.6,1.0,0.0,0.8816860914230347,0.9356387853622437,-0.23640792071819305,0.36200350522994995,0,2000,history20,2,40,42,1.0,0.0,walk_history_ablation
1681,33.62,1.0,0.0,0.8793531656265259,0.8826581835746765,-0.23290228843688965,-0.20486736297607422,0,2000,history20,2,40,42,1.0,0.0,walk_history_ablation
1682,33.64,1.0,0.0,0.8779207468032837,0.809847891330719,-0.16714893281459808,0.3532473146915436,0,2000,history20,2,40,42,1.0,0.0,walk_history_ablation
1683,33.660000000000004,1.0,0.0,0.8711484670639038,0.7556949257850647,-0.13686078786849976,0.5783284902572632,0,2000,history20,2,40,42,1.0,0.0,walk_history_ablation
1684,33.68,1.0,0.0,0.8645845651626587,0.709713876247406,-0.1265796720981598,0.20605027675628662,0,2000,history20,2,40,42,1.0,0.0,walk_history_ablation
1685,33.7,1.0,0.0,0.8613544702529907,0.6736760139465332,-0.11465658247470856,-0.12726281583309174,0,2000,history20,2,40,42,1.0,0.0,walk_history_ablation
1686,33.72,1.0,0.0,0.8603378534317017,0.6563779711723328,-0.09268461912870407,-0.2279392033815384,0,2000,history20,2,40,42,1.0,0.0,walk_history_ablation
1687,33.74,1.0,0.0,0.8596211671829224,0.6580399870872498,-0.07107432931661606,-0.1536182016134262,0,2000,history20,2,40,42,1.0,0.0,walk_history_ablation
1688,33.76,1.0,0.0,0.859352707862854,0.6659032702445984,-0.05440865457057953,-0.15585556626319885,0,2000,history20,2,40,42,1.0,0.0,walk_history_ablation
1689,33.78,1.0,0.0,0.8595148324966431,0.6698365807533264,-0.03709932789206505,-0.15536408126354218,0,2000,history20,2,40,42,1.0,0.0,walk_history_ablation
1690,33.8,1.0,0.0,0.8596783876419067,0.671505868434906,-0.014191394671797752,-0.11034996062517166,0,2000,history20,2,40,42,1.0,0.0,walk_history_ablation
1691,33.82,1.0,0.0,0.8597604036331177,0.6813533902168274,0.005103083793073893,-0.07309044152498245,0,2000,history20,2,40,42,1.0,0.0,walk_history_ablation
1692,33.84,1.0,0.0,0.8597732782363892,0.6961967349052429,0.024129848927259445,-0.024388831108808517,0,2000,history20,2,40,42,1.0,0.0,walk_history_ablation
1693,33.86,1.0,0.0,0.860124945640564,0.6942973732948303,0.04954476282000542,0.04867926985025406,0,2000,history20,2,40,42,1.0,0.0,walk_history_ablation
1694,33.88,1.0,0.0,0.8582116365432739,0.6976571679115295,0.07849670201539993,0.2899421453475952,0,2000,history20,2,40,42,1.0,0.0,walk_history_ablation
1695,33.9,1.0,0.0,0.855542778968811,0.7080498933792114,0.0988183245062828,0.3279303014278412,0,2000,history20,2,40,42,1.0,0.0,walk_history_ablation
1696,33.92,1.0,0.0,0.85258948802948,0.7314464449882507,0.12039734423160553,0.3743883967399597,0,2000,history20,2,40,42,1.0,0.0,walk_history_ablation
1697,33.94,1.0,0.0,0.8497761487960815,0.7567617893218994,0.14067654311656952,0.3913140594959259,0,2000,history20,2,40,42,1.0,0.0,walk_history_ablation
1698,33.96,1.0,0.0,0.8479088544845581,0.7812185883522034,0.16000284254550934,0.31767213344573975,0,2000,history20,2,40,42,1.0,0.0,walk_history_ablation
1699,33.980000000000004,1.0,0.0,0.8456734418869019,0.7994894981384277,0.18787656724452972,0.3126866817474365,0,2000,history20,2,40,42,1.0,0.0,walk_history_ablation
1700,34.0,1.0,0.0,0.8432875871658325,0.8090430498123169,0.21032647788524628,0.3256508409976959,0,2000,history20,2,40,42,1.0,0.0,walk_history_ablation
1701,34.02,1.0,0.0,0.8404349088668823,0.8197070360183716,0.2324143648147583,0.37094032764434814,0,2000,history20,2,40,42,1.0,0.0,walk_history_ablation
1702,34.04,1.0,0.0,0.8373590707778931,0.8389427661895752,0.25307154655456543,0.37342163920402527,0,2000,history20,2,40,42,1.0,0.0,walk_history_ablation
1703,34.06,1.0,0.0,0.8395475149154663,0.7043547630310059,0.2143818438053131,-0.41339972615242004,0,2000,history20,2,40,42,1.0,0.0,walk_history_ablation
1704,34.08,1.0,0.0,0.8450909852981567,0.6173620223999023,0.14403708279132843,-0.3259679973125458,0,2000,history20,2,40,42,1.0,0.0,walk_history_ablation
1705,34.1,1.0,0.0,0.8491336107254028,0.5902750492095947,0.10217557847499847,-0.15330326557159424,0,2000,history20,2,40,42,1.0,0.0,walk_history_ablation
1706,34.12,1.0,0.0,0.8508638143539429,0.590332567691803,0.0763607993721962,0.22235460579395294,0,2000,history20,2,40,42,1.0,0.0,walk_history_ablation
1707,34.14,1.0,0.0,0.8491560220718384,0.5902467370033264,0.06060381233692169,0.5642006993293762,0,2000,history20,2,40,42,1.0,0.0,walk_history_ablation
1708,34.160000000000004,1.0,0.0,0.8440848588943481,0.5912126898765564,0.041258640587329865,0.7803243398666382,0,2000,history20,2,40,42,1.0,0.0,walk_history_ablation
1709,34.18,1.0,0.0,0.8384796380996704,0.6045251488685608,0.020732305943965912,0.6438648700714111,0,2000,history20,2,40,42,1.0,0.0,walk_history_ablation
1710,34.2,1.0,0.0,0.8334063291549683,0.6206647157669067,0.007486941292881966,0.5351775884628296,0,2000,history20,2,40,42,1.0,0.0,walk_history_ablation
1711,34.22,1.0,0.0,0.829544186592102,0.6252282857894897,-0.00609893724322319,0.3870823085308075,0,2000,history20,2,40,42,1.0,0.0,walk_history_ablation
1712,34.24,1.0,0.0,0.8271626234054565,0.6419095993041992,-0.01717284880578518,0.19431692361831665,0,2000,history20,2,40,42,1.0,0.0,walk_history_ablation
1713,34.26,1.0,0.0,0.8265811204910278,0.6601477861404419,-0.026809202507138252,0.009492944926023483,0,2000,history20,2,40,42,1.0,0.0,walk_history_ablation
1714,34.28,1.0,0.0,0.8276094198226929,0.6781089901924133,-0.03552752360701561,-0.1623128056526184,0,2000,history20,2,40,42,1.0,0.0,walk_history_ablation
1715,34.300000000000004,1.0,0.0,0.8302441835403442,0.7021154761314392,-0.04720861464738846,-0.3591723144054413,0,2000,history20,2,40,42,1.0,0.0,walk_history_ablation
1716,34.32,1.0,0.0,0.8343437910079956,0.7304502725601196,-0.06469820439815521,-0.4683147668838501,0,2000,history20,2,40,42,1.0,0.0,walk_history_ablation
1717,34.34,1.0,0.0,0.8368772268295288,0.7659929394721985,-0.07911235094070435,-0.23327083885669708,0,2000,history20,2,40,42,1.0,0.0,walk_history_ablation
1718,34.36,1.0,0.0,0.8363910913467407,0.8032827973365784,-0.0981980636715889,0.01713602989912033,0,2000,history20,2,40,42,1.0,0.0,walk_history_ablation
1719,34.38,1.0,0.0,0.8342810869216919,0.8318973779678345,-0.12305636703968048,0.17946986854076385,0,2000,history20,2,40,42,1.0,0.0,walk_history_ablation
1720,34.4,1.0,0.0,0.8312326669692993,0.8642882108688354,-0.15005792677402496,0.18341054022312164,0,2000,history20,2,40,42,1.0,0.0,walk_history_ablation
1721,34.42,1.0,0.0,0.8282159566879272,0.8857421875,-0.17600657045841217,0.26029732823371887,0,2000,history20,2,40,42,1.0,0.0,walk_history_ablation
1722,34.44,1.0,0.0,0.8242744207382202,0.9041328430175781,-0.2010175734758377,0.36902329325675964,0,2000,history20,2,40,42,1.0,0.0,walk_history_ablation
1723,34.46,1.0,0.0,0.8204723596572876,0.9243152141571045,-0.22867155075073242,0.2846565246582031,0,2000,history20,2,40,42,1.0,0.0,walk_history_ablation
1724,34.480000000000004,1.0,0.0,0.8197757005691528,0.8325263261795044,-0.1936693638563156,-0.1267266869544983,0,2000,history20,2,40,42,1.0,0.0,walk_history_ablation
1725,34.5,1.0,0.0,0.8162194490432739,0.7781869769096375,-0.14802899956703186,0.4735018014907837,0,2000,history20,2,40,42,1.0,0.0,walk_history_ablation
1726,34.52,1.0,0.0,0.8089572191238403,0.7245038747787476,-0.12677690386772156,0.5259482860565186,0,2000,history20,2,40,42,1.0,0.0,walk_history_ablation
1727,34.54,1.0,0.0,0.80280601978302,0.6741936802864075,-0.11774219572544098,0.13100601732730865,0,2000,history20,2,40,42,1.0,0.0,walk_history_ablation
1728,34.56,1.0,0.0,0.8002856969833374,0.6420553922653198,-0.10083194077014923,-0.15649302303791046,0,2000,history20,2,40,42,1.0,0.0,walk_history_ablation
1729,34.58,1.0,0.0,0.7994624376296997,0.6345275640487671,-0.07889045774936676,-0.20260964334011078,0,2000,history20,2,40,42,1.0,0.0,walk_history_ablation
1730,34.6,1.0,0.0,0.7990399599075317,0.6468267440795898,-0.060097504407167435,-0.14954175055027008,0,2000,history20,2,40,42,1.0,0.0,walk_history_ablation
1731,34.62,1.0,0.0,0.7989336252212524,0.6560682058334351,-0.044070105999708176,-0.13392066955566406,0,2000,history20,2,40,42,1.0,0.0,walk_history_ablation
1732,34.64,1.0,0.0,0.7987929582595825,0.6630036234855652,-0.026984751224517822,-0.080039381980896,0,2000,history20,2,40,42,1.0,0.0,walk_history_ablation
1733,34.660000000000004,1.0,0.0,0.798538327217102,0.6642839908599854,-0.005404151976108551,-0.06075241416692734,0,2000,history20,2,40,42,1.0,0.0,walk_history_ablation
1734,34.68,1.0,0.0,0.7984730005264282,0.6717365384101868,0.014322662726044655,-0.04990880936384201,0,2000,history20,2,40,42,1.0,0.0,walk_history_ablation
1735,34.7,1.0,0.0,0.7987557649612427,0.6691677570343018,0.03732486814260483,-0.12942494451999664,0,2000,history20,2,40,42,1.0,0.0,walk_history_ablation
1736,34.72,1.0,0.0,0.7991315126419067,0.6681169271469116,0.06498277932405472,0.07104381918907166,0,2000,history20,2,40,42,1.0,0.0,walk_history_ablation
1737,34.74,1.0,0.0,0.7972344160079956,0.6714383363723755,0.09284224361181259,0.2905081510543823,0,2000,history20,2,40,42,1.0,0.0,walk_history_ablation
1738,34.76,1.0,0.0,0.7946463823318481,0.6868560910224915,0.11217382550239563,0.3348644971847534,0,2000,history20,2,40,42,1.0,0.0,walk_history_ablation
1739,34.78,1.0,0.0,0.7917805910110474,0.7076250314712524,0.1336509883403778,0.3877176344394684,0,2000,history20,2,40,42,1.0,0.0,walk_history_ablation
1740,34.800000000000004,1.0,0.0,0.7892888784408569,0.73309326171875,0.1533842235803604,0.37223106622695923,0,2000,history20,2,40,42,1.0,0.0,walk_history_ablation
1741,34.82,1.0,0.0,0.7871249914169312,0.7540862560272217,0.17727291584014893,0.34565606713294983,0,2000,history20,2,40,42,1.0,0.0,walk_history_ablation
1742,34.84,1.0,0.0,0.7847033739089966,0.761750340461731,0.20312760770320892,0.31408050656318665,0,2000,history20,2,40,42,1.0,0.0,walk_history_ablation
1743,34.86,1.0,0.0,0.7822939157485962,0.7664850354194641,0.22605063021183014,0.31951284408569336,0,2000,history20,2,40,42,1.0,0.0,walk_history_ablation
1744,34.88,1.0,0.0,0.7793394327163696,0.7766658067703247,0.24899953603744507,0.3833327889442444,0,2000,history20,2,40,42,1.0,0.0,walk_history_ablation
1745,34.9,1.0,0.0,0.7783147096633911,0.7164619565010071,0.26137059926986694,0.46347329020500183,0,2000,history20,2,40,42,1.0,0.0,walk_history_ablation
1746,34.92,1.0,0.0,0.7823227643966675,0.6211526393890381,0.19389842450618744,-0.28240224719047546,0,2000,history20,2,40,42,1.0,0.0,walk_history_ablation
1747,34.94,1.0,0.0,0.7876545190811157,0.5852370262145996,0.1426655650138855,-0.361832857131958,0,2000,history20,2,40,42,1.0,0.0,walk_history_ablation
1748,34.96,1.0,0.0,0.7914389371871948,0.581375777721405,0.11168891191482544,-0.04055431857705116,0,2000,history20,2,40,42,1.0,0.0,walk_history_ablation
1749,34.980000000000004,1.0,0.0,0.7921119928359985,0.5842633247375488,0.09293738007545471,0.331725537776947,0,2000,history20,2,40,42,1.0,0.0,walk_history_ablation
1750,35.0,1.0,0.0,0.7887684106826782,0.584934651851654,0.07438437640666962,0.7026069760322571,0,2000,history20,2,40,42,1.0,0.0,walk_history_ablation
1751,35.02,1.0,0.0,0.7834182977676392,0.5966688990592957,0.04938489571213722,0.6949240565299988,0,2000,history20,2,40,42,1.0,0.0,walk_history_ablation
1752,35.04,1.0,0.0,0.777847170829773,0.6075751185417175,0.029443291947245598,0.6449375152587891,0,2000,history20,2,40,42,1.0,0.0,walk_history_ablation
1753,35.06,1.0,0.0,0.7735487222671509,0.6192896962165833,0.012706272304058075,0.430314838886261,0,2000,history20,2,40,42,1.0,0.0,walk_history_ablation
1754,35.08,1.0,0.0,0.7706135511398315,0.6304517388343811,0.0007247095345519483,0.2995127737522125,0,2000,history20,2,40,42,1.0,0.0,walk_history_ablation
1755,35.1,1.0,0.0,0.7689577341079712,0.6547461748123169,-0.00873098149895668,0.136902317404747,0,2000,history20,2,40,42,1.0,0.0,walk_history_ablation
1756,35.12,1.0,0.0,0.7692698240280151,0.668556272983551,-0.01789095625281334,-0.0998198613524437,0,2000,history20,2,40,42,1.0,0.0,walk_history_ablation
1757,35.14,1.0,0.0,0.7713466882705688,0.6884192228317261,-0.02592471055686474,-0.29457125067710876,0,2000,history20,2,40,42,1.0,0.0,walk_history_ablation
1758,35.160000000000004,1.0,0.0,0.7759581804275513,0.7109097838401794,-0.042315930128097534,-0.5665972232818604,0,2000,history20,2,40,42,1.0,0.0,walk_history_ablation
1759,35.18,1.0,0.0,0.7800270318984985,0.7364990711212158,-0.053611770272254944,-0.3689222037792206,0,2000,history20,2,40,42,1.0,0.0,walk_history_ablation
1760,35.2,1.0,0.0,0.7816230058670044,0.7742612361907959,-0.07034946978092194,-0.18793146312236786,0,2000,history20,2,40,42,1.0,0.0,walk_history_ablation
1761,35.22,1.0,0.0,0.7815967798233032,0.8008009791374207,-0.09229687601327896,0.006030202843248844,0,2000,history20,2,40,42,1.0,0.0,walk_history_ablation
1762,35.24,1.0,0.0,0.779016375541687,0.8330436944961548,-0.11513227969408035,0.1866096556186676,0,2000,history20,2,40,42,1.0,0.0,walk_history_ablation
1763,35.26,1.0,0.0,0.7763913869857788,0.8592581152915955,-0.14290836453437805,0.19313883781433105,0,2000,history20,2,40,42,1.0,0.0,walk_history_ablation
1764,35.28,1.0,0.0,0.7731510400772095,0.8763822913169861,-0.16812434792518616,0.28041520714759827,0,2000,history20,2,40,42,1.0,0.0,walk_history_ablation
1765,35.300000000000004,1.0,0.0,0.7692290544509888,0.8895947933197021,-0.19345882534980774,0.3825765550136566,0,2000,history20,2,40,42,1.0,0.0,walk_history_ablation
1766,35.32,1.0,0.0,0.7656210660934448,0.8764188289642334,-0.21582737565040588,-0.11859975010156631,0,2000,history20,2,40,42,1.0,0.0,walk_history_ablation
1767,35.34,1.0,0.0,0.7661787271499634,0.7970603704452515,-0.14866670966148376,0.11667097359895706,0,2000,history20,2,40,42,1.0,0.0,walk_history_ablation
1768,35.36,1.0,0.0,0.7612065076828003,0.7415539026260376,-0.11392977088689804,0.46959081292152405,0,2000,history20,2,40,42,1.0,0.0,walk_history_ablation
1769,35.38,1.0,0.0,0.7547062635421753,0.6982420682907104,-0.10079654306173325,0.2848321795463562,0,2000,history20,2,40,42,1.0,0.0,walk_history_ablation
1770,35.4,1.0,0.0,0.7507644891738892,0.6630486249923706,-0.09287736564874649,-0.07100018858909607,0,2000,history20,2,40,42,1.0,0.0,walk_history_ablation
1771,35.42,1.0,0.0,0.7497624158859253,0.6477304100990295,-0.07208861410617828,-0.24214190244674683,0,2000,history20,2,40,42,1.0,0.0,walk_history_ablation
1772,35.44,1.0,0.0,0.7489434480667114,0.6460668444633484,-0.051513537764549255,-0.1426616907119751,0,2000,history20,2,40,42,1.0,0.0,walk_history_ablation
1773,35.46,1.0,0.0,0.7483745813369751,0.6576042175292969,-0.036008257418870926,-0.11902932822704315,0,2000,history20,2,40,42,1.0,0.0,walk_history_ablation
1774,35.480000000000004,1.0,0.0,0.7486990690231323,0.6628977060317993,-0.0201144777238369,-0.18905800580978394,0,2000,history20,2,40,42,1.0,0.0,walk_history_ablation
1775,35.5,1.0,0.0,0.7491122484207153,0.6656942963600159,0.002984053920954466,-0.12011954933404922,0,2000,history20,2,40,42,1.0,0.0,walk_history_ablation
1776,35.52,1.0,0.0,0.7491112947463989,0.6766683459281921,0.02344052493572235,-0.056266698986291885,0,2000,history20,2,40,42,1.0,0.0,walk_history_ablation
1777,35.54,1.0,0.0,0.7490946054458618,0.6909788846969604,0.04387488216161728,-0.04424042999744415,0,2000,history20,2,40,42,1.0,0.0,walk_history_ablation
1778,35.56,1.0,0.0,0.7495611906051636,0.692438542842865,0.06815624237060547,0.021198607981204987,0,2000,history20,2,40,42,1.0,0.0,walk_history_ablation
1779,35.58,1.0,0.0,0.7480963468551636,0.6974164247512817,0.09724017232656479,0.23839585483074188,0,2000,history20,2,40,42,1.0,0.0,walk_history_ablation
1780,35.6,1.0,0.0,0.7457441091537476,0.706479549407959,0.11906149983406067,0.30874574184417725,0,2000,history20,2,40,42,1.0,0.0,walk_history_ablation
1781,35.62,1.0,0.0,0.7429746389389038,0.7351366877555847,0.13934816420078278,0.36911720037460327,0,2000,history20,2,40,42,1.0,0.0,walk_history_ablation
1782,35.64,1.0,0.0,0.7399550676345825,0.7600033283233643,0.16314418613910675,0.40502190589904785,0,2000,history20,2,40,42,1.0,0.0,walk_history_ablation
1783,35.660000000000004,1.0,0.0,0.7383006811141968,0.7818913459777832,0.182017982006073,0.27604514360427856,0,2000,history20,2,40,42,1.0,0.0,walk_history_ablation
1784,35.68,1.0,0.0,0.7364486455917358,0.8020420074462891,0.21043923497200012,0.29151302576065063,0,2000,history20,2,40,42,1.0,0.0,walk_history_ablation
1785,35.7,1.0,0.0,0.7339857816696167,0.8096002340316772,0.23308727145195007,0.3373308777809143,0,2000,history20,2,40,42,1.0,0.0,walk_history_ablation
1786,35.72,1.0,0.0,0.7311767339706421,0.8222131729125977,0.2554875314235687,0.33405154943466187,0,2000,history20,2,40,42,1.0,0.0,walk_history_ablation
1787,35.74,1.0,0.0,0.7286673784255981,0.8475583791732788,0.2776082158088684,0.328693151473999,0,2000,history20,2,40,42,1.0,0.0,walk_history_ablation
1788,35.76,1.0,0.0,0.7305961847305298,0.7075191140174866,0.24247273802757263,-0.3707175850868225,0,2000,history20,2,40,42,1.0,0.0,walk_history_ablation
1789,35.78,1.0,0.0,0.7360717058181763,0.6131294369697571,0.17045749723911285,-0.3271591365337372,0,2000,history20,2,40,42,1.0,0.0,walk_history_ablation
1790,35.800000000000004,1.0,0.0,0.7401763200759888,0.580677330493927,0.12503768503665924,-0.1487434208393097,0,2000,history20,2,40,42,1.0,0.0,walk_history_ablation
1791,35.82,1.0,0.0,0.7419801950454712,0.5775114297866821,0.09939119964838028,0.21476244926452637,0,2000,history20,2,40,42,1.0,0.0,walk_history_ablation
1792,35.84,1.0,0.0,0.7403508424758911,0.5776137113571167,0.08213711529970169,0.5436327457427979,0,2000,history20,2,40,42,1.0,0.0,walk_history_ablation
1793,35.86,1.0,0.0,0.7356399297714233,0.5804993510246277,0.062223318964242935,0.7274430990219116,0,2000,history20,2,40,42,1.0,0.0,walk_history_ablation
1794,35.88,1.0,0.0,0.7306448221206665,0.5943558812141418,0.04164604842662811,0.5822083950042725,0,2000,history20,2,40,42,1.0,0.0,walk_history_ablation
1795,35.9,1.0,0.0,0.7263203859329224,0.6101585030555725,0.02780221402645111,0.4626101851463318,0,2000,history20,2,40,42,1.0,0.0,walk_history_ablation
1796,35.92,1.0,0.0,0.7230769395828247,0.6170480847358704,0.014875550754368305,0.3320707380771637,0,2000,history20,2,40,42,1.0,0.0,walk_history_ablation
1797,35.94,1.0,0.0,0.7211540937423706,0.6339172720909119,0.003911478910595179,0.16276609897613525,0,2000,history20,2,40,42,1.0,0.0,walk_history_ablation
1798,35.96,1.0,0.0,0.7208684682846069,0.6540523767471313,-0.005120438523590565,-0.014870286919176579,0,2000,history20,2,40,42,1.0,0.0,walk_history_ablation
1799,35.980000000000004,1.0,0.0,0.7220598459243774,0.6713540554046631,-0.014108500443398952,-0.16598357260227203,0,2000,history20,2,40,42,1.0,0.0,walk_history_ablation
1800,36.0,1.0,0.0,0.7246304750442505,0.694997251033783,-0.02628873661160469,-0.3393239676952362,0,2000,history20,2,40,42,1.0,0.0,walk_history_ablation
1801,36.02,1.0,0.0,0.7286289930343628,0.724695086479187,-0.0428629033267498,-0.467578649520874,0,2000,history20,2,40,42,1.0,0.0,walk_history_ablation
1802,36.04,1.0,0.0,0.731263279914856,0.75947505235672,-0.056720077991485596,-0.2500925064086914,0,2000,history20,2,40,42,1.0,0.0,walk_history_ablation
1803,36.06,1.0,0.0,0.7312356233596802,0.7971738576889038,-0.0754845142364502,-0.042242638766765594,0,2000,history20,2,40,42,1.0,0.0,walk_history_ablation
1804,36.08,1.0,0.0,0.7297476530075073,0.8245069980621338,-0.09861399233341217,0.1245795264840126,0,2000,history20,2,40,42,1.0,0.0,walk_history_ablation
1805,36.1,1.0,0.0,0.726997971534729,0.8551923036575317,-0.12397967278957367,0.16792705655097961,0,2000,history20,2,40,42,1.0,0.0,walk_history_ablation
1806,36.12,1.0,0.0,0.7241722345352173,0.8752461075782776,-0.1489001214504242,0.2354077696800232,0,2000,history20,2,40,42,1.0,0.0,walk_history_ablation
1807,36.14,1.0,0.0,0.7205907106399536,0.8922532200813293,-0.17215800285339355,0.33181214332580566,0,2000,history20,2,40,42,1.0,0.0,walk_history_ablation
1808,36.160000000000004,1.0,0.0,0.7170945405960083,0.9115553498268127,-0.19822633266448975,0.268697589635849,0,2000,history20,2,40,42,1.0,0.0,walk_history_ablation
1809,36.18,1.0,0.0,0.7159966230392456,0.8323606848716736,-0.17006878554821014,-0.15569448471069336,0,2000,history20,2,40,42,1.0,0.0,walk_history_ablation
1810,36.2,1.0,0.0,0.7130695581436157,0.7777853012084961,-0.12566103041172028,0.40263158082962036,0,2000,history20,2,40,42,1.0,0.0,walk_history_ablation
1811,36.22,1.0,0.0,0.7063003778457642,0.7262263894081116,-0.10317638516426086,0.4996471107006073,0,2000,history20,2,40,42,1.0,0.0,walk_history_ablation
1812,36.24,1.0,0.0,0.7003644704818726,0.6796283721923828,-0.09803681820631027,0.1281820684671402,0,2000,history20,2,40,42,1.0,0.0,walk_history_ablation
1813,36.26,1.0,0.0,0.6981347799301147,0.6476465463638306,-0.08016487210988998,-0.21320243179798126,0,2000,history20,2,40,42,1.0,0.0,walk_history_ablation
1814,36.28,1.0,0.0,0.6978758573532104,0.6398232579231262,-0.05871479958295822,-0.26364773511886597,0,2000,history20,2,40,42,1.0,0.0,walk_history_ablation
1815,36.300000000000004,1.0,0.0,0.697973370552063,0.6517651677131653,-0.039803341031074524,-0.19549578428268433,0,2000,history20,2,40,42,1.0,0.0,walk_history_ablation
1816,36.32,1.0,0.0,0.6982725858688354,0.6612645387649536,-0.02414856106042862,-0.17358140647411346,0,2000,history20,2,40,42,1.0,0.0,walk_history_ablation
1817,36.34,1.0,0.0,0.6984025239944458,0.6692729592323303,-0.0076326485723257065,-0.09688794612884521,0,2000,history20,2,40,42,1.0,0.0,walk_history_ablation
1818,36.36,1.0,0.0,0.6982113122940063,0.6729655265808105,0.012269971892237663,-0.05546916276216507,0,2000,history20,2,40,42,1.0,0.0,walk_history_ablation
1819,36.38,1.0,0.0,0.6980994939804077,0.6794598698616028,0.03222791850566864,-0.044903479516506195,0,2000,history20,2,40,42,1.0,0.0,walk_history_ablation
1820,36.4,1.0,0.0,0.6981533765792847,0.6765034198760986,0.054033685475587845,-0.15512536466121674,0,2000,history20,2,40,42,1.0,0.0,walk_history_ablation
1821,36.42,1.0,0.0,0.6985639333724976,0.6769299507141113,0.0821182131767273,0.06476248055696487,0,2000,history20,2,40,42,1.0,0.0,walk_history_ablation
1822,36.44,1.0,0.0,0.6967867612838745,0.6801018714904785,0.11077214032411575,0.2717752158641815,0,2000,history20,2,40,42,1.0,0.0,walk_history_ablation
1823,36.46,1.0,0.0,0.6944257020950317,0.6966331601142883,0.1303250640630722,0.30769187211990356,0,2000,history20,2,40,42,1.0,0.0,walk_history_ablation
1824,36.480000000000004,1.0,0.0,0.6918245553970337,0.7186259031295776,0.15255668759346008,0.3655329644680023,0,2000,history20,2,40,42,1.0,0.0,walk_history_ablation
1825,36.5,1.0,0.0,0.6894594430923462,0.7453880310058594,0.17270658910274506,0.3713798224925995,0,2000,history20,2,40,42,1.0,0.0,walk_history_ablation
1826,36.52,1.0,0.0,0.6874538660049438,0.768670916557312,0.19669930636882782,0.3371742367744446,0,2000,history20,2,40,42,1.0,0.0,walk_history_ablation
1827,36.54,1.0,0.0,0.6850606203079224,0.7747708559036255,0.22307150065898895,0.31678393483161926,0,2000,history20,2,40,42,1.0,0.0,walk_history_ablation
1828,36.56,1.0,0.0,0.6826919317245483,0.7783884406089783,0.24635523557662964,0.31786274909973145,0,2000,history20,2,40,42,1.0,0.0,walk_history_ablation
1829,36.58,1.0,0.0,0.6796752214431763,0.7885966300964355,0.2697097361087799,0.398168683052063,0,2000,history20,2,40,42,1.0,0.0,walk_history_ablation
1830,36.6,1.0,0.0,0.6785894632339478,0.7286030054092407,0.28264954686164856,0.4703975319862366,0,2000,history20,2,40,42,1.0,0.0,walk_history_ablation
1831,36.62,1.0,0.0,0.6825672388076782,0.622910737991333,0.21244318783283234,-0.3470768630504608,0,2000,history20,2,40,42,1.0,0.0,walk_history_ablation
1832,36.64,1.0,0.0,0.6882132291793823,0.5841425657272339,0.1554679274559021,-0.38858693838119507,0,2000,history20,2,40,42,1.0,0.0,walk_history_ablation
1833,36.660000000000004,1.0,0.0,0.6920892000198364,0.5798041224479675,0.12406923621892929,-0.04684438556432724,0,2000,history20,2,40,42,1.0,0.0,walk_history_ablation
1834,36.68,1.0,0.0,0.693060040473938,0.5807591676712036,0.10471484065055847,0.29911643266677856,0,2000,history20,2,40,42,1.0,0.0,walk_history_ablation
1835,36.7,1.0,0.0,0.6901136636734009,0.582277774810791,0.08556582033634186,0.6492524743080139,0,2000,history20,2,40,42,1.0,0.0,walk_history_ablation
1836,36.72,1.0,0.0,0.6852408647537231,0.5945373177528381,0.06016594171524048,0.6444644927978516,0,2000,history20,2,40,42,1.0,0.0,walk_history_ablation
1837,36.74,1.0,0.0,0.6803451776504517,0.6056151390075684,0.03976969048380852,0.5728474259376526,0,2000,history20,2,40,42,1.0,0.0,walk_history_ablation
1838,36.76,1.0,0.0,0.6766449213027954,0.61701500415802,0.02373526059091091,0.37610188126564026,0,2000,history20,2,40,42,1.0,0.0,walk_history_ablation
1839,36.78,1.0,0.0,0.6742197275161743,0.62764972448349,0.011187572963535786,0.25370973348617554,0,2000,history20,2,40,42,1.0,0.0,walk_history_ablation
1840,36.800000000000004,1.0,0.0,0.6730285882949829,0.6509707570075989,0.0018035821849480271,0.09062671661376953,0,2000,history20,2,40,42,1.0,0.0,walk_history_ablation
1841,36.82,1.0,0.0,0.6737085580825806,0.664800226688385,-0.00740253459662199,-0.1283264309167862,0,2000,history20,2,40,42,1.0,0.0,walk_history_ablation
1842,36.84,1.0,0.0,0.6760143041610718,0.684220552444458,-0.016044002026319504,-0.30805838108062744,0,2000,history20,2,40,42,1.0,0.0,walk_history_ablation
1843,36.86,1.0,0.0,0.680625319480896,0.7063204646110535,-0.032055795192718506,-0.5557335615158081,0,2000,history20,2,40,42,1.0,0.0,walk_history_ablation
1844,36.88,1.0,0.0,0.684667706489563,0.7319017648696899,-0.043476659804582596,-0.3768294155597687,0,2000,history20,2,40,42,1.0,0.0,walk_history_ablation
1845,36.9,1.0,0.0,0.686400294303894,0.7682000994682312,-0.060567229986190796,-0.20630614459514618,0,2000,history20,2,40,42,1.0,0.0,walk_history_ablation
1846,36.92,1.0,0.0,0.6865137815475464,0.7941824197769165,-0.08179382979869843,-0.017134442925453186,0,2000,history20,2,40,42,1.0,0.0,walk_history_ablation
1847,36.94,1.0,0.0,0.6841896772384644,0.8239063620567322,-0.10431064665317535,0.1668986976146698,0,2000,history20,2,40,42,1.0,0.0,walk_history_ablation
1848,36.96,1.0,0.0,0.6816550493240356,0.8481442332267761,-0.1313214898109436,0.18329019844532013,0,2000,history20,2,40,42,1.0,0.0,walk_history_ablation
1849,36.980000000000004,1.0,0.0,0.6785954236984253,0.8642831444740295,-0.156494140625,0.2626767158508301,0,2000,history20,2,40,42,1.0,0.0,walk_history_ablation
1850,37.0,1.0,0.0,0.6749516725540161,0.8767946362495422,-0.18127523362636566,0.3521334230899811,0,2000,history20,2,40,42,1.0,0.0,walk_history_ablation
1851,37.02,1.0,0.0,0.6714059114456177,0.8774439096450806,-0.20561690628528595,0.012371151708066463,0,2000,history20,2,40,42,1.0,0.0,walk_history_ablation
1852,37.04,1.0,0.0,0.6713889837265015,0.7927706837654114,-0.1452229619026184,0.14704345166683197,0,2000,history20,2,40,42,1.0,0.0,walk_history_ablation
1853,37.06,1.0,0.0,0.6662312746047974,0.739441990852356,-0.11109529435634613,0.4770655035972595,0,2000,history20,2,40,42,1.0,0.0,walk_history_ablation
1854,37.08,1.0,0.0,0.6596599817276001,0.6980249285697937,-0.09624965488910675,0.30259671807289124,0,2000,history20,2,40,42,1.0,0.0,walk_history_ablation
1855,37.1,1.0,0.0,0.6558626890182495,0.6638650298118591,-0.08768186718225479,-0.12867438793182373,0,2000,history20,2,40,42,1.0,0.0,walk_history_ablation
1856,37.12,1.0,0.0,0.6556311845779419,0.6493848562240601,-0.06903893500566483,-0.3289716839790344,0,2000,history20,2,40,42,1.0,0.0,walk_history_ablation
1857,37.14,1.0,0.0,0.6556938886642456,0.6475124955177307,-0.047513607889413834,-0.22265982627868652,0,2000,history20,2,40,42,1.0,0.0,walk_history_ablation
1858,37.160000000000004,1.0,0.0,0.6557151079177856,0.6603131890296936,-0.031092969700694084,-0.16737592220306396,0,2000,history20,2,40,42,1.0,0.0,walk_history_ablation
1859,37.18,1.0,0.0,0.6565216779708862,0.6668760180473328,-0.015174196101725101,-0.22851523756980896,0,2000,history20,2,40,42,1.0,0.0,walk_history_ablation
1860,37.2,1.0,0.0,0.657129168510437,0.6712291836738586,0.00615214416757226,-0.11918026208877563,0,2000,history20,2,40,42,1.0,0.0,walk_history_ablation
1861,37.22,1.0,0.0,0.6570183038711548,0.6805185675621033,0.025932200253009796,-0.03791065886616707,0,2000,history20,2,40,42,1.0,0.0,walk_history_ablation
1862,37.24,1.0,0.0,0.6568397283554077,0.692852795124054,0.04552711918950081,-0.030024321749806404,0,2000,history20,2,40,42,1.0,0.0,walk_history_ablation
1863,37.26,1.0,0.0,0.6570898294448853,0.6929964423179626,0.06913917511701584,0.014911128208041191,0,2000,history20,2,40,42,1.0,0.0,walk_history_ablation
1864,37.28,1.0,0.0,0.655868649482727,0.6976536512374878,0.09638787060976028,0.21027150750160217,0,2000,history20,2,40,42,1.0,0.0,walk_history_ablation
1865,37.300000000000004,1.0,0.0,0.6535195112228394,0.7057698965072632,0.11916761100292206,0.31642988324165344,0,2000,history20,2,40,42,1.0,0.0,walk_history_ablation
1866,37.32,1.0,0.0,0.650732159614563,0.7346295118331909,0.1375277042388916,0.37265288829803467,0,2000,history20,2,40,42,1.0,0.0,walk_history_ablation
1867,37.34,1.0,0.0,0.6476308107376099,0.7601698040962219,0.16085340082645416,0.41260749101638794,0,2000,history20,2,40,42,1.0,0.0,walk_history_ablation
1868,37.36,1.0,0.0,0.6459599733352661,0.7829793691635132,0.17831510305404663,0.2728622853755951,0,2000,history20,2,40,42,1.0,0.0,walk_history_ablation
1869,37.38,1.0,0.0,0.6443573236465454,0.8034822344779968,0.20517808198928833,0.27485787868499756,0,2000,history20,2,40,42,1.0,0.0,walk_history_ablation
1870,37.4,1.0,0.0,0.6420599222183228,0.809379518032074,0.22734762728214264,0.3291075825691223,0,2000,history20,2,40,42,1.0,0.0,walk_history_ablation
1871,37.42,1.0,0.0,0.6393381357192993,0.8214736580848694,0.2490852326154709,0.33149492740631104,0,2000,history20,2,40,42,1.0,0.0,walk_history_ablation
1872,37.44,1.0,0.0,0.6368502378463745,0.8475452661514282,0.27077746391296387,0.3232947885990143,0,2000,history20,2,40,42,1.0,0.0,walk_history_ablation
1873,37.46,1.0,0.0,0.6383246183395386,0.7375491261482239,0.2199072241783142,-0.32249361276626587,0,2000,history20,2,40,42,1.0,0.0,walk_history_ablation
1874,37.480000000000004,1.0,0.0,0.6438194513320923,0.6484199166297913,0.13957324624061584,-0.3641355633735657,0,2000,history20,2,40,42,1.0,0.0,walk_history_ablation
1875,37.5,1.0,0.0,0.6486548185348511,0.6197660565376282,0.08938802778720856,-0.25289294123649597,0,2000,history20,2,40,42,1.0,0.0,walk_history_ablation
1876,37.52,1.0,0.0,0.6513491868972778,0.6255211234092712,0.06277567148208618,0.1096382811665535,0,2000,history20,2,40,42,1.0,0.0,walk_history_ablation
1877,37.54,1.0,0.0,0.6507023572921753,0.6345638632774353,0.04933219403028488,0.4365188479423523,0,2000,history20,2,40,42,1.0,0.0,walk_history_ablation
1878,37.56,1.0,0.0,0.6469672918319702,0.6363676190376282,0.02689034678041935,0.6653705835342407,0,2000,history20,2,40,42,1.0,0.0,walk_history_ablation
1879,37.58,1.0,0.0,0.6423097848892212,0.6472761631011963,0.00431453762575984,0.5903831124305725,0,2000,history20,2,40,42,1.0,0.0,walk_history_ablation
1880,37.6,1.0,0.0,0.6377712488174438,0.6602894067764282,-0.012627429328858852,0.5092892050743103,0,2000,history20,2,40,42,1.0,0.0,walk_history_ablation
1881,37.62,1.0,0.0,0.6342266798019409,0.6730644106864929,-0.027572833001613617,0.3454277515411377,0,2000,history20,2,40,42,1.0,0.0,walk_history_ablation
1882,37.64,1.0,0.0,0.6322461366653442,0.688108503818512,-0.03954685479402542,0.15680283308029175,0,2000,history20,2,40,42,1.0,0.0,walk_history_ablation
1883,37.660000000000004,1.0,0.0,0.6323553323745728,0.7083856463432312,-0.05093368887901306,-0.07597443461418152,0,2000,history20,2,40,42,1.0,0.0,walk_history_ablation
1884,37.68,1.0,0.0,0.6343175172805786,0.7269333600997925,-0.0612514354288578,-0.24406203627586365,0,2000,history20,2,40,42,1.0,0.0,walk_history_ablation
1885,37.7,1.0,0.0,0.6374355554580688,0.753117561340332,-0.07273703813552856,-0.37681835889816284,0,2000,history20,2,40,42,1.0,0.0,walk_history_ablation
1886,37.72,1.0,0.0,0.6419562101364136,0.7856895327568054,-0.08999020606279373,-0.5270496606826782,0,2000,history20,2,40,42,1.0,0.0,walk_history_ablation
1887,37.74,1.0,0.0,0.6449562311172485,0.8190738558769226,-0.1049511656165123,-0.27072134613990784,0,2000,history20,2,40,42,1.0,0.0,walk_history_ablation
1888,37.76,1.0,0.0,0.6451712846755981,0.8604523539543152,-0.12648463249206543,-0.0957331657409668,0,2000,history20,2,40,42,1.0,0.0,walk_history_ablation
1889,37.78,1.0,0.0,0.6441537141799927,0.8849945664405823,-0.15358540415763855,0.08599833399057388,0,2000,history20,2,40,42,1.0,0.0,walk_history_ablation
1890,37.800000000000004,1.0,0.0,0.6414254903793335,0.9091726541519165,-0.1807864010334015,0.1790352165699005,0,2000,history20,2,40,42,1.0,0.0,walk_history_ablation
1891,37.82,1.0,0.0,0.6381868124008179,0.9236936569213867,-0.20831677317619324,0.2889871895313263,0,2000,history20,2,40,42,1.0,0.0,walk_history_ablation
1892,37.84,1.0,0.0,0.6342569589614868,0.9404261112213135,-0.23753412067890167,0.3406805396080017,0,2000,history20,2,40,42,1.0,0.0,walk_history_ablation
1893,37.86,1.0,0.0,0.6308132410049438,0.9242638945579529,-0.26214316487312317,-0.026357587426900864,0,2000,history20,2,40,42,1.0,0.0,walk_history_ablation
1894,37.88,1.0,0.0,0.6308666467666626,0.8317245841026306,-0.1914154440164566,0.19461870193481445,0,2000,history20,2,40,42,1.0,0.0,walk_history_ablation
1895,37.9,1.0,0.0,0.6258186101913452,0.7813320755958557,-0.16116483509540558,0.4719991683959961,0,2000,history20,2,40,42,1.0,0.0,walk_history_ablation
1896,37.92,1.0,0.0,0.6202625036239624,0.7432922720909119,-0.14568379521369934,0.21500040590763092,0,2000,history20,2,40,42,1.0,0.0,walk_history_ablation
1897,37.94,1.0,0.0,0.6170312166213989,0.7006742358207703,-0.13461998105049133,-0.148114413022995,0,2000,history20,2,40,42,1.0,0.0,walk_history_ablation
1898,37.96,1.0,0.0,0.616996169090271,0.6746784448623657,-0.11321711540222168,-0.3708347678184509,0,2000,history20,2,40,42,1.0,0.0,walk_history_ablation
1899,37.980000000000004,1.0,0.0,0.617378830909729,0.6613032221794128,-0.08899959176778793,-0.29525887966156006,0,2000,history20,2,40,42,1.0,0.0,walk_history_ablation
1900,38.0,1.0,0.0,0.6181107759475708,0.6706976294517517,-0.07094651460647583,-0.2692655920982361,0,2000,history20,2,40,42,1.0,0.0,walk_history_ablation
1901,38.02,1.0,0.0,0.6192599534988403,0.6726094484329224,-0.05376645177602768,-0.26418471336364746,0,2000,history20,2,40,42,1.0,0.0,walk_history_ablation
1902,38.04,1.0,0.0,0.620059609413147,0.6699013113975525,-0.030568629503250122,-0.1782868504524231,0,2000,history20,2,40,42,1.0,0.0,walk_history_ablation
1903,38.06,1.0,0.0,0.6204296350479126,0.6770768761634827,-0.012363350950181484,-0.10088244080543518,0,2000,history20,2,40,42,1.0,0.0,walk_history_ablation
1904,38.08,1.0,0.0,0.6205974817276001,0.6886029243469238,0.006509558297693729,-0.07505683600902557,0,2000,history20,2,40,42,1.0,0.0,walk_history_ablation
1905,38.1,1.0,0.0,0.6204699277877808,0.6925358176231384,0.02424648031592369,-0.06858499348163605,0,2000,history20,2,40,42,1.0,0.0,walk_history_ablation
1906,38.12,1.0,0.0,0.6196304559707642,0.6969188451766968,0.04964820295572281,0.19165092706680298,0,2000,history20,2,40,42,1.0,0.0,walk_history_ablation
1907,38.14,1.0,0.0,0.6174861192703247,0.700722336769104,0.07084684818983078,0.27819883823394775,0,2000,history20,2,40,42,1.0,0.0,walk_history_ablation
1908,38.160000000000004,1.0,0.0,0.6146732568740845,0.727073073387146,0.09048578888177872,0.3557240962982178,0,2000,history20,2,40,42,1.0,0.0,walk_history_ablation
1909,38.18,1.0,0.0,0.6114875078201294,0.7507863640785217,0.1120494082570076,0.402366578578949,0,2000,history20,2,40,42,1.0,0.0,walk_history_ablation
1910,38.2,1.0,0.0,0.6096502542495728,0.7745433449745178,0.12586380541324615,0.2874377369880676,0,2000,history20,2,40,42,1.0,0.0,walk_history_ablation
1911,38.22,1.0,0.0,0.6078530550003052,0.7984512448310852,0.15131865441799164,0.29806363582611084,0,2000,history20,2,40,42,1.0,0.0,walk_history_ablation
1912,38.24,1.0,0.0,0.6060968637466431,0.8119441270828247,0.17208880186080933,0.25301939249038696,0,2000,history20,2,40,42,1.0,0.0,walk_history_ablation
1913,38.26,1.0,0.0,0.6042920351028442,0.8251702189445496,0.19374136626720428,0.2545871138572693,0,2000,history20,2,40,42,1.0,0.0,walk_history_ablation
1914,38.28,1.0,0.0,0.6028722524642944,0.8438966274261475,0.2139640599489212,0.2539037764072418,0,2000,history20,2,40,42,1.0,0.0,walk_history_ablation
1915,38.300000000000004,1.0,0.0,0.6011015176773071,0.8148812055587769,0.22974225878715515,0.4974890351295471,0,2000,history20,2,40,42,1.0,0.0,walk_history_ablation
1916,38.32,1.0,0.0,0.6043175458908081,0.7007935047149658,0.16704455018043518,-0.23293110728263855,0,2000,history20,2,40,42,1.0,0.0,walk_history_ablation
1917,38.34,1.0,0.0,0.6094878911972046,0.6364805102348328,0.11503840982913971,-0.3152826726436615,0,2000,history20,2,40,42,1.0,0.0,walk_history_ablation
1918,38.36,1.0,0.0,0.6133257150650024,0.615204930305481,0.08224986493587494,-0.05963645875453949,0,2000,history20,2,40,42,1.0,0.0,walk_history_ablation
1919,38.38,1.0,0.0,0.6148277521133423,0.6116260886192322,0.06590548902750015,0.23131531476974487,0,2000,history20,2,40,42,1.0,0.0,walk_history_ablation
1920,38.4,1.0,0.0,0.6127337217330933,0.6111994981765747,0.046606987714767456,0.5642422437667847,0,2000,history20,2,40,42,1.0,0.0,walk_history_ablation
1921,38.42,1.0,0.0,0.6087754964828491,0.6244553923606873,0.025486567988991737,0.578221321105957,0,2000,history20,2,40,42,1.0,0.0,walk_history_ablation
1922,38.44,1.0,0.0,0.6045323610305786,0.6377044916152954,0.006628035567700863,0.5195515155792236,0,2000,history20,2,40,42,1.0,0.0,walk_history_ablation
1923,38.46,1.0,0.0,0.6011279821395874,0.6537943482398987,-0.007714053615927696,0.3571144938468933,0,2000,history20,2,40,42,1.0,0.0,walk_history_ablation
1924,38.480000000000004,1.0,0.0,0.5989350080490112,0.6694614291191101,-0.020788561552762985,0.22771994769573212,0,2000,history20,2,40,42,1.0,0.0,walk_history_ablation
1925,38.5,1.0,0.0,0.5980504751205444,0.6950793862342834,-0.03013213723897934,0.05777165666222572,0,2000,history20,2,40,42,1.0,0.0,walk_history_ablation
1926,38.52,1.0,0.0,0.5986217260360718,0.7124032974243164,-0.03987977281212807,-0.09420152008533478,0,2000,history20,2,40,42,1.0,0.0,walk_history_ablation
1927,38.54,1.0,0.0,0.600502610206604,0.736151933670044,-0.05110406130552292,-0.26214519143104553,0,2000,history20,2,40,42,1.0,0.0,walk_history_ablation
1928,38.56,1.0,0.0,0.6045290231704712,0.7665324211120605,-0.06780135631561279,-0.5101469159126282,0,2000,history20,2,40,42,1.0,0.0,walk_history_ablation
1929,38.58,1.0,0.0,0.608070969581604,0.7971933484077454,-0.08277546614408493,-0.3202820420265198,0,2000,history20,2,40,42,1.0,0.0,walk_history_ablation
1930,38.6,1.0,0.0,0.6091510057449341,0.8405618667602539,-0.10218287259340286,-0.16751214861869812,0,2000,history20,2,40,42,1.0,0.0,walk_history_ablation
1931,38.62,1.0,0.0,0.608678936958313,0.8687435388565063,-0.1270480751991272,0.047280993312597275,0,2000,history20,2,40,42,1.0,0.0,walk_history_ablation
1932,38.64,1.0,0.0,0.6060487031936646,0.9022026062011719,-0.15310215950012207,0.17210069298744202,0,2000,history20,2,40,42,1.0,0.0,walk_history_ablation
1933,38.660000000000004,1.0,0.0,0.6034582853317261,0.9262934923171997,-0.18114715814590454,0.19077959656715393,0,2000,history20,2,40,42,1.0,0.0,walk_history_ablation
1934,38.68,1.0,0.0,0.6003490686416626,0.9440550208091736,-0.20830082893371582,0.24851858615875244,0,2000,history20,2,40,42,1.0,0.0,walk_history_ablation
1935,38.7,1.0,0.0,0.5970548391342163,0.9606125950813293,-0.23539283871650696,0.31500327587127686,0,2000,history20,2,40,42,1.0,0.0,walk_history_ablation
1936,38.72,1.0,0.0,0.5957561731338501,0.8854967355728149,-0.21427905559539795,-0.31294065713882446,0,2000,history20,2,40,42,1.0,0.0,walk_history_ablation
1937,38.74,1.0,0.0,0.5952755212783813,0.8115413784980774,-0.1581922322511673,0.281833678483963,0,2000,history20,2,40,42,1.0,0.0,walk_history_ablation
1938,38.76,1.0,0.0,0.5901483297348022,0.7538847327232361,-0.13058847188949585,0.38878536224365234,0,2000,history20,2,40,42,1.0,0.0,walk_history_ablation
1939,38.78,1.0,0.0,0.5852829217910767,0.7056947350502014,-0.12025322020053864,0.06062503531575203,0,2000,history20,2,40,42,1.0,0.0,walk_history_ablation
1940,38.800000000000004,1.0,0.0,0.5833014249801636,0.664486289024353,-0.10672725737094879,-0.22472742199897766,0,2000,history20,2,40,42,1.0,0.0,walk_history_ablation
1941,38.82,1.0,0.0,0.5829631090164185,0.6405483484268188,-0.08532006293535233,-0.2994266152381897,0,2000,history20,2,40,42,1.0,0.0,walk_history_ablation
1942,38.84,1.0,0.0,0.5832165479660034,0.6419029235839844,-0.06416108459234238,-0.2698705792427063,0,2000,history20,2,40,42,1.0,0.0,walk_history_ablation
1943,38.86,1.0,0.0,0.5839999914169312,0.6491228342056274,-0.048234883695840836,-0.24351069331169128,0,2000,history20,2,40,42,1.0,0.0,walk_history_ablation
1944,38.88,1.0,0.0,0.5846644639968872,0.6539958119392395,-0.030658794566988945,-0.18506896495819092,0,2000,history20,2,40,42,1.0,0.0,walk_history_ablation
1945,38.9,1.0,0.0,0.5849839448928833,0.6554040312767029,-0.010446822270751,-0.11850046366453171,0,2000,history20,2,40,42,1.0,0.0,walk_history_ablation
1946,38.92,1.0,0.0,0.5851763486862183,0.6639507412910461,0.007883877493441105,-0.07766610383987427,0,2000,history20,2,40,42,1.0,0.0,walk_history_ablation
1947,38.94,1.0,0.0,0.5852371454238892,0.6738448739051819,0.025693342089653015,-0.022887717932462692,0,2000,history20,2,40,42,1.0,0.0,walk_history_ablation
1948,38.96,1.0,0.0,0.5854412317276001,0.6699413061141968,0.05069565400481224,0.030258655548095703,0,2000,history20,2,40,42,1.0,0.0,walk_history_ablation
1949,38.980000000000004,1.0,0.0,0.5839723348617554,0.6725888848304749,0.07690209895372391,0.23403283953666687,0,2000,history20,2,40,42,1.0,0.0,walk_history_ablation
1950,39.0,1.0,0.0,0.5816456079483032,0.6859117150306702,0.09668567031621933,0.2980504631996155,0,2000,history20,2,40,42,1.0,0.0,walk_history_ablation
1951,39.02,1.0,0.0,0.5788723230361938,0.7094976305961609,0.11676052212715149,0.3622385561466217,0,2000,history20,2,40,42,1.0,0.0,walk_history_ablation
1952,39.04,1.0,0.0,0.5762916803359985,0.7385538220405579,0.13513760268688202,0.3660309910774231,0,2000,history20,2,40,42,1.0,0.0,walk_history_ablation
1953,39.06,1.0,0.0,0.5744529962539673,0.7658554315567017,0.15490061044692993,0.3158504068851471,0,2000,history20,2,40,42,1.0,0.0,walk_history_ablation
1954,39.08,1.0,0.0,0.5727609395980835,0.784380316734314,0.18047970533370972,0.2335321605205536,0,2000,history20,2,40,42,1.0,0.0,walk_history_ablation
1955,39.1,1.0,0.0,0.57160484790802,0.7951972484588623,0.2032458782196045,0.18924802541732788,0,2000,history20,2,40,42,1.0,0.0,walk_history_ablation
1956,39.12,1.0,0.0,0.5701130628585815,0.8049063086509705,0.2267501801252365,0.264787495136261,0,2000,history20,2,40,42,1.0,0.0,walk_history_ablation
1957,39.14,1.0,0.0,0.5678335428237915,0.8242635726928711,0.24951264262199402,0.32226288318634033,0,2000,history20,2,40,42,1.0,0.0,walk_history_ablation
1958,39.160000000000004,1.0,0.0,0.5692113637924194,0.7131232619285583,0.23492717742919922,0.026842150837183,0,2000,history20,2,40,42,1.0,0.0,walk_history_ablation
1959,39.18,1.0,0.0,0.5741251707077026,0.6311845183372498,0.16879260540008545,-0.3555276691913605,0,2000,history20,2,40,42,1.0,0.0,walk_history_ablation
1960,39.2,1.0,0.0,0.5796869993209839,0.5888318419456482,0.12138111889362335,-0.34381020069122314,0,2000,history20,2,40,42,1.0,0.0,walk_history_ablation
1961,39.22,1.0,0.0,0.5837572813034058,0.5784434080123901,0.09490277618169785,-0.028150584548711777,0,2000,history20,2,40,42,1.0,0.0,walk_history_ablation
1962,39.24,1.0,0.0,0.585307240486145,0.5796928405761719,0.07721118628978729,0.23576541244983673,0,2000,history20,2,40,42,1.0,0.0,walk_history_ablation
1963,39.26,1.0,0.0,0.5833371877670288,0.5801600813865662,0.05750766023993492,0.5162190198898315,0,2000,history20,2,40,42,1.0,0.0,walk_history_ablation
1964,39.28,1.0,0.0,0.579656720161438,0.5954875946044922,0.03544914349913597,0.5304156541824341,0,2000,history20,2,40,42,1.0,0.0,walk_history_ablation
1965,39.300000000000004,1.0,0.0,0.5752054452896118,0.6153510212898254,0.01943378709256649,0.5291640758514404,0,2000,history20,2,40,42,1.0,0.0,walk_history_ablation
1966,39.32,1.0,0.0,0.5715702772140503,0.625212550163269,0.0038808330427855253,0.3684743642807007,0,2000,history20,2,40,42,1.0,0.0,walk_history_ablation
1967,39.34,1.0,0.0,0.5695651769638062,0.6411414742469788,-0.006512120366096497,0.16930922865867615,0,2000,history20,2,40,42,1.0,0.0,walk_history_ablation
1968,39.36,1.0,0.0,0.5689955949783325,0.6618161201477051,-0.014604015275835991,0.020819108933210373,0,2000,history20,2,40,42,1.0,0.0,walk_history_ablation
1969,39.38,1.0,0.0,0.5703116655349731,0.6753801107406616,-0.022610673680901527,-0.20217181742191315,0,2000,history20,2,40,42,1.0,0.0,walk_history_ablation
1970,39.4,1.0,0.0,0.5727375745773315,0.6934996843338013,-0.032260362058877945,-0.31349170207977295,0,2000,history20,2,40,42,1.0,0.0,walk_history_ablation
1971,39.42,1.0,0.0,0.5767494440078735,0.7207888960838318,-0.05132285878062248,-0.4735596776008606,0,2000,history20,2,40,42,1.0,0.0,walk_history_ablation
1972,39.44,1.0,0.0,0.5791915655136108,0.7496668696403503,-0.06279256939888,-0.21382251381874084,0,2000,history20,2,40,42,1.0,0.0,walk_history_ablation
1973,39.46,1.0,0.0,0.5790630578994751,0.7878477573394775,-0.08111651986837387,-0.07884012907743454,0,2000,history20,2,40,42,1.0,0.0,walk_history_ablation
1974,39.480000000000004,1.0,0.0,0.5785988569259644,0.8164400458335876,-0.10664773732423782,-0.01669875532388687,0,2000,history20,2,40,42,1.0,0.0,walk_history_ablation
1975,39.5,1.0,0.0,0.5766040086746216,0.8411332964897156,-0.13032472133636475,0.1306552290916443,0,2000,history20,2,40,42,1.0,0.0,walk_history_ablation
1976,39.52,1.0,0.0,0.5741151571273804,0.863933265209198,-0.1553931087255478,0.1817057728767395,0,2000,history20,2,40,42,1.0,0.0,walk_history_ablation
1977,39.54,1.0,0.0,0.5711592435836792,0.878274142742157,-0.18031808733940125,0.27448827028274536,0,2000,history20,2,40,42,1.0,0.0,walk_history_ablation
1978,39.56,1.0,0.0,0.5679436922073364,0.8948491811752319,-0.2070770263671875,0.2458900660276413,0,2000,history20,2,40,42,1.0,0.0,walk_history_ablation
1979,39.58,1.0,0.0,0.5670961141586304,0.8473894596099854,-0.1890292763710022,-0.10059843957424164,0,2000,history20,2,40,42,1.0,0.0,walk_history_ablation
1980,39.6,1.0,0.0,0.5655175447463989,0.7868756651878357,-0.12843848764896393,0.28373607993125916,0,2000,history20,2,40,42,1.0,0.0,walk_history_ablation
1981,39.62,1.0,0.0,0.5595017671585083,0.7353854179382324,-0.09972255676984787,0.4552938938140869,0,2000,history20,2,40,42,1.0,0.0,walk_history_ablation
1982,39.64,1.0,0.0,0.5543137788772583,0.7010185718536377,-0.08975720405578613,0.03052462451159954,0,2000,history20,2,40,42,1.0,0.0,walk_history_ablation
1983,39.660000000000004,1.0,0.0,0.5529237985610962,0.6738859415054321,-0.07544934004545212,-0.32695603370666504,0,2000,history20,2,40,42,1.0,0.0,walk_history_ablation
1984,39.68,1.0,0.0,0.5537556409835815,0.669632077217102,-0.05166684091091156,-0.37346160411834717,0,2000,history20,2,40,42,1.0,0.0,walk_history_ablation
1985,39.7,1.0,0.0,0.5544177293777466,0.6792281270027161,-0.03000917099416256,-0.2418370544910431,0,2000,history20,2,40,42,1.0,0.0,walk_history_ablation
1986,39.72,1.0,0.0,0.5551184415817261,0.691314160823822,-0.01423579640686512,-0.20593631267547607,0,2000,history20,2,40,42,1.0,0.0,walk_history_ablation
1987,39.74,1.0,0.0,0.5557025671005249,0.6958299279212952,0.004273919388651848,-0.1561289131641388,0,2000,history20,2,40,42,1.0,0.0,walk_history_ablation
1988,39.76,1.0,0.0,0.5559791326522827,0.6981778740882874,0.02608904428780079,-0.09168639034032822,0,2000,history20,2,40,42,1.0,0.0,walk_history_ablation
1989,39.78,1.0,0.0,0.5558568239212036,0.7048187851905823,0.045727603137493134,-0.02662169560790062,0,2000,history20,2,40,42,1.0,0.0,walk_history_ablation
1990,39.800000000000004,1.0,0.0,0.5554481744766235,0.7157604098320007,0.06494903564453125,0.02090355008840561,0,2000,history20,2,40,42,1.0,0.0,walk_history_ablation
1991,39.82,1.0,0.0,0.555677056312561,0.7098895907402039,0.0910971388220787,0.11101890355348587,0,2000,history20,2,40,42,1.0,0.0,walk_history_ablation
1992,39.84,1.0,0.0,0.5532535314559937,0.714775025844574,0.1190931648015976,0.33784162998199463,0,2000,history20,2,40,42,1.0,0.0,walk_history_ablation
1993,39.86,1.0,0.0,0.5503660440444946,0.7286044359207153,0.13845086097717285,0.35444945096969604,0,2000,history20,2,40,42,1.0,0.0,walk_history_ablation
1994,39.88,1.0,0.0,0.547427773475647,0.7539308071136475,0.16118678450584412,0.3779844641685486,0,2000,history20,2,40,42,1.0,0.0,walk_history_ablation
1995,39.9,1.0,0.0,0.545049786567688,0.7791969180107117,0.18267452716827393,0.35119202733039856,0,2000,history20,2,40,42,1.0,0.0,walk_history_ablation
1996,39.92,1.0,0.0,0.5438195466995239,0.7989875078201294,0.20528508722782135,0.23186440765857697,0,2000,history20,2,40,42,1.0,0.0,walk_history_ablation
1997,39.94,1.0,0.0,0.5426472425460815,0.810474157333374,0.2336093783378601,0.19581469893455505,0,2000,history20,2,40,42,1.0,0.0,walk_history_ablation
1998,39.96,1.0,0.0,0.5410529375076294,0.8167650103569031,0.25800544023513794,0.2457074373960495,0,2000,history20,2,40,42,1.0,0.0,walk_history_ablation
1999,39.980000000000004,1.0,0.0,-1.3177984952926636,-0.4408535361289978,0.5005143284797668,-0.3741647005081177,0,2000,history20,2,40,42,1.0,0.0,walk_history_ablation
