step,time_s,vx_cmd,vy_cmd,yaw_cmd,vx_actual,vy_actual,yaw_actual,fell,episode_steps,policy,delay_steps,delay_ms,seed,lin_vel_x,lin_vel_y,task
0,0.0,1.0,0.0,-1.0274837017059326,0.2126932144165039,-0.4277842342853546,-0.7740506529808044,0,2000,strong,2,40,42,1.0,0.0,walk
1,0.02,1.0,0.0,-1.0182524919509888,0.18917489051818848,-0.4365586042404175,-0.6332105994224548,0,2000,strong,2,40,42,1.0,0.0,walk
2,0.04,1.0,0.0,-1.016411542892456,0.1544649302959442,-0.44063523411750793,0.08096683025360107,0,2000,strong,2,40,42,1.0,0.0,walk
3,0.06,1.0,0.0,-1.024721384048462,0.14742395281791687,-0.3514920771121979,0.41916608810424805,0,2000,strong,2,40,42,1.0,0.0,walk
4,0.08,1.0,0.0,-1.0260400772094727,0.09508464485406876,-0.31574830412864685,-0.008166929706931114,0,2000,strong,2,40,42,1.0,0.0,walk
5,0.1,1.0,0.0,-1.0219981670379639,-0.01645597815513611,-0.38487064838409424,-0.0822312980890274,0,2000,strong,2,40,42,1.0,0.0,walk
6,0.12,1.0,0.0,-1.0159233808517456,-0.007948752492666245,-0.4437991678714752,-0.5501028299331665,0,2000,strong,2,40,42,1.0,0.0,walk
7,0.14,1.0,0.0,-1.0062243938446045,0.01903667114675045,-0.49170583486557007,-0.8081467151641846,0,2000,strong,2,40,42,1.0,0.0,walk
8,0.16,1.0,0.0,-0.9959455728530884,0.06780005246400833,-0.5401588082313538,-0.49456965923309326,0,2000,strong,2,40,42,1.0,0.0,walk
9,0.18,1.0,0.0,-0.9896118640899658,0.15895923972129822,-0.5763294696807861,-0.2889930009841919,0,2000,strong,2,40,42,1.0,0.0,walk
10,0.2,1.0,0.0,-0.9845223426818848,0.24703042209148407,-0.606349527835846,-0.39841383695602417,0,2000,strong,2,40,42,1.0,0.0,walk
11,0.22,1.0,0.0,-0.9812606573104858,0.30969786643981934,-0.6102468371391296,-0.2986944615840912,0,2000,strong,2,40,42,1.0,0.0,walk
12,0.24,1.0,0.0,-0.9785306453704834,0.3370320200920105,-0.6374688744544983,-0.27849334478378296,0,2000,strong,2,40,42,1.0,0.0,walk
13,0.26,1.0,0.0,-0.9749811887741089,0.3698800206184387,-0.6658443808555603,-0.3564976453781128,0,2000,strong,2,40,42,1.0,0.0,walk
14,0.28,1.0,0.0,-0.9704480767250061,0.39558109641075134,-0.6893984079360962,-0.5612248182296753,0,2000,strong,2,40,42,1.0,0.0,walk
15,0.3,1.0,0.0,-0.9670007228851318,0.4077160954475403,-0.7008277177810669,-0.42483359575271606,0,2000,strong,2,40,42,1.0,0.0,walk
16,0.32,1.0,0.0,-0.9673219919204712,0.4110085666179657,-0.733172595500946,-0.037737295031547546,0,2000,strong,2,40,42,1.0,0.0,walk
17,0.34,1.0,0.0,-0.9699680805206299,0.42353567481040955,-0.7828041911125183,0.00421002134680748,0,2000,strong,2,40,42,1.0,0.0,walk
18,0.36,1.0,0.0,-0.9710708856582642,0.4380451440811157,-0.8422356843948364,-0.328034371137619,0,2000,strong,2,40,42,1.0,0.0,walk
19,0.38,1.0,0.0,-0.967050313949585,0.43072277307510376,-0.9152902960777283,-0.8409667611122131,0,2000,strong,2,40,42,1.0,0.0,walk
20,0.4,1.0,0.0,-0.9603036642074585,0.35503071546554565,-0.8174002766609192,-0.28432998061180115,0,2000,strong,2,40,42,1.0,0.0,walk
21,0.42,1.0,0.0,-0.9603078365325928,0.3105749189853668,-0.6732903122901917,0.3690186142921448,0,2000,strong,2,40,42,1.0,0.0,walk
22,0.44,1.0,0.0,-0.9625557661056519,0.3264203667640686,-0.549546480178833,0.27700307965278625,0,2000,strong,2,40,42,1.0,0.0,walk
23,0.46,1.0,0.0,-0.961458146572113,0.3476034104824066,-0.4970623552799225,-0.5147367715835571,0,2000,strong,2,40,42,1.0,0.0,walk
24,0.48,1.0,0.0,-0.9564242362976074,0.36893540620803833,-0.44733139872550964,-0.8026933670043945,0,2000,strong,2,40,42,1.0,0.0,walk
25,0.5,1.0,0.0,-0.9505844116210938,0.38559025526046753,-0.41249504685401917,-0.7603629231452942,0,2000,strong,2,40,42,1.0,0.0,walk
26,0.52,1.0,0.0,-0.9458297491073608,0.3869231343269348,-0.39988747239112854,-0.5891998410224915,0,2000,strong,2,40,42,1.0,0.0,walk
27,0.54,1.0,0.0,-0.9437570571899414,0.37897181510925293,-0.3852039873600006,-0.2382524311542511,0,2000,strong,2,40,42,1.0,0.0,walk
28,0.56,1.0,0.0,-0.9459606409072876,0.3541702628135681,-0.37531012296676636,0.15060780942440033,0,2000,strong,2,40,42,1.0,0.0,walk
29,0.58,1.0,0.0,-0.9516069293022156,0.32137438654899597,-0.3552060127258301,0.45450323820114136,0,2000,strong,2,40,42,1.0,0.0,walk
30,0.6,1.0,0.0,-0.9589287042617798,0.29554563760757446,-0.3358954191207886,0.5229547619819641,0,2000,strong,2,40,42,1.0,0.0,walk
31,0.62,1.0,0.0,-0.9656761288642883,0.2840668559074402,-0.3181282579898834,0.4130590260028839,0,2000,strong,2,40,42,1.0,0.0,walk
32,0.64,1.0,0.0,-0.9708127379417419,0.28799694776535034,-0.3118518888950348,0.31020545959472656,0,2000,strong,2,40,42,1.0,0.0,walk
33,0.66,1.0,0.0,-0.9737917184829712,0.3092099726200104,-0.3100983500480652,0.1198950707912445,0,2000,strong,2,40,42,1.0,0.0,walk
34,0.68,1.0,0.0,-0.9745540618896484,0.3391716182231903,-0.31265243887901306,-0.025084102526307106,0,2000,strong,2,40,42,1.0,0.0,walk
35,0.7000000000000001,1.0,0.0,-0.9738507866859436,0.3680499196052551,-0.3138229250907898,-0.09757936745882034,0,2000,strong,2,40,42,1.0,0.0,walk
36,0.72,1.0,0.0,-0.9724476337432861,0.3941391110420227,-0.3106706738471985,-0.131727397441864,0,2000,strong,2,40,42,1.0,0.0,walk
37,0.74,1.0,0.0,-0.9700373411178589,0.4148658215999603,-0.30674096941947937,-0.2465711534023285,0,2000,strong,2,40,42,1.0,0.0,walk
38,0.76,1.0,0.0,-0.9660683274269104,0.4394078850746155,-0.3011311888694763,-0.38334450125694275,0,2000,strong,2,40,42,1.0,0.0,walk
39,0.78,1.0,0.0,-0.9610180854797363,0.46441972255706787,-0.29156437516212463,-0.44828248023986816,0,2000,strong,2,40,42,1.0,0.0,walk
40,0.8,1.0,0.0,-0.9557269215583801,0.4958852231502533,-0.27920496463775635,-0.4257243275642395,0,2000,strong,2,40,42,1.0,0.0,walk
41,0.8200000000000001,1.0,0.0,-0.9508869647979736,0.5316206216812134,-0.2644226849079132,-0.360076904296875,0,2000,strong,2,40,42,1.0,0.0,walk
42,0.84,1.0,0.0,-0.9467000365257263,0.567125141620636,-0.24749039113521576,-0.303087055683136,0,2000,strong,2,40,42,1.0,0.0,walk
43,0.86,1.0,0.0,-0.9429812431335449,0.5975437164306641,-0.23083530366420746,-0.2924240529537201,0,2000,strong,2,40,42,1.0,0.0,walk
44,0.88,1.0,0.0,-0.9393591284751892,0.6237896680831909,-0.21776092052459717,-0.29150518774986267,0,2000,strong,2,40,42,1.0,0.0,walk
45,0.9,1.0,0.0,-0.9355226755142212,0.6420274376869202,-0.2138872891664505,-0.2586609423160553,0,2000,strong,2,40,42,1.0,0.0,walk
46,0.92,1.0,0.0,-0.9322636127471924,0.6287161707878113,-0.21646557748317719,0.05781279131770134,0,2000,strong,2,40,42,1.0,0.0,walk
47,0.9400000000000001,1.0,0.0,-0.9303484559059143,0.5544363260269165,-0.25326287746429443,-0.33911553025245667,0,2000,strong,2,40,42,1.0,0.0,walk
48,0.96,1.0,0.0,-0.9212533235549927,0.5024778246879578,-0.26467958092689514,-0.7611200213432312,0,2000,strong,2,40,42,1.0,0.0,walk
49,0.98,1.0,0.0,-0.9109601974487305,0.4776153564453125,-0.26237183809280396,-0.5929702520370483,0,2000,strong,2,40,42,1.0,0.0,walk
50,1.0,1.0,0.0,-0.9051066040992737,0.48067885637283325,-0.25357016921043396,-0.1358698159456253,0,2000,strong,2,40,42,1.0,0.0,walk
51,1.02,1.0,0.0,-0.9022631049156189,0.4952402710914612,-0.2588111162185669,-0.039491791278123856,0,2000,strong,2,40,42,1.0,0.0,walk
52,1.04,1.0,0.0,-0.8995275497436523,0.5152829885482788,-0.2705879211425781,-0.15753930807113647,0,2000,strong,2,40,42,1.0,0.0,walk
53,1.06,1.0,0.0,-0.8965855836868286,0.5474538803100586,-0.2844509780406952,-0.1964922696352005,0,2000,strong,2,40,42,1.0,0.0,walk
54,1.08,1.0,0.0,-0.8940504193305969,0.57295823097229,-0.3026987910270691,-0.17847612500190735,0,2000,strong,2,40,42,1.0,0.0,walk
55,1.1,1.0,0.0,-0.8914245367050171,0.5968934297561646,-0.3212703764438629,-0.22515402734279633,0,2000,strong,2,40,42,1.0,0.0,walk
56,1.12,1.0,0.0,-0.8884725570678711,0.6201789975166321,-0.34528887271881104,-0.2980765998363495,0,2000,strong,2,40,42,1.0,0.0,walk
57,1.1400000000000001,1.0,0.0,-0.884926438331604,0.6443890333175659,-0.3730252981185913,-0.39185822010040283,0,2000,strong,2,40,42,1.0,0.0,walk
58,1.16,1.0,0.0,-0.8814712762832642,0.6717198491096497,-0.39982524514198303,-0.41360700130462646,0,2000,strong,2,40,42,1.0,0.0,walk
59,1.18,1.0,0.0,-0.8780395984649658,0.7019657492637634,-0.4263439476490021,-0.47225749492645264,0,2000,strong,2,40,42,1.0,0.0,walk
60,1.2,1.0,0.0,-0.8737304210662842,0.7409186363220215,-0.4582979083061218,-0.6504725217819214,0,2000,strong,2,40,42,1.0,0.0,walk
61,1.22,1.0,0.0,-0.867512047290802,0.774994969367981,-0.4972281754016876,-0.8820616602897644,0,2000,strong,2,40,42,1.0,0.0,walk
62,1.24,1.0,0.0,-0.8605817556381226,0.7926692962646484,-0.5412471294403076,-0.7625275254249573,0,2000,strong,2,40,42,1.0,0.0,walk
63,1.26,1.0,0.0,-0.8547558188438416,0.7907819747924805,-0.5796582698822021,-0.5514663457870483,0,2000,strong,2,40,42,1.0,0.0,walk
64,1.28,1.0,0.0,-0.8502895832061768,0.7026683688163757,-0.5366970300674438,-0.5187641382217407,0,2000,strong,2,40,42,1.0,0.0,walk
65,1.3,1.0,0.0,-0.848888635635376,0.6298196911811829,-0.4289447069168091,0.0694756805896759,0,2000,strong,2,40,42,1.0,0.0,walk
66,1.32,1.0,0.0,-0.8497332334518433,0.5871482491493225,-0.34515127539634705,-0.016369612887501717,0,2000,strong,2,40,42,1.0,0.0,walk
67,1.34,1.0,0.0,-0.8471131324768066,0.5733157992362976,-0.30958840250968933,-0.708337128162384,0,2000,strong,2,40,42,1.0,0.0,walk
68,1.36,1.0,0.0,-0.8400789499282837,0.5707111954689026,-0.2719745337963104,-0.9766649603843689,0,2000,strong,2,40,42,1.0,0.0,walk
69,1.3800000000000001,1.0,0.0,-0.832108736038208,0.5628268718719482,-0.23894810676574707,-0.9872872233390808,0,2000,strong,2,40,42,1.0,0.0,walk
70,1.4000000000000001,1.0,0.0,-0.8264997005462646,0.5435091853141785,-0.21227821707725525,-0.6058743596076965,0,2000,strong,2,40,42,1.0,0.0,walk
71,1.42,1.0,0.0,-0.8247448205947876,0.5182701945304871,-0.18350443243980408,-0.1879698485136032,0,2000,strong,2,40,42,1.0,0.0,walk
72,1.44,1.0,0.0,-0.8267502188682556,0.4984608590602875,-0.1647050380706787,0.16911056637763977,0,2000,strong,2,40,42,1.0,0.0,walk
73,1.46,1.0,0.0,-0.8318079710006714,0.4707742929458618,-0.14474034309387207,0.42158618569374084,0,2000,strong,2,40,42,1.0,0.0,walk
74,1.48,1.0,0.0,-0.8382089138031006,0.4530514180660248,-0.12465904653072357,0.47256049513816833,0,2000,strong,2,40,42,1.0,0.0,walk
75,1.5,1.0,0.0,-0.8435181975364685,0.44512540102005005,-0.11067301034927368,0.29446929693222046,0,2000,strong,2,40,42,1.0,0.0,walk
76,1.52,1.0,0.0,-0.8469781875610352,0.4519801735877991,-0.10081485658884048,0.18039798736572266,0,2000,strong,2,40,42,1.0,0.0,walk
77,1.54,1.0,0.0,-0.848356306552887,0.47881871461868286,-0.0965137705206871,0.04201367869973183,0,2000,strong,2,40,42,1.0,0.0,walk
78,1.56,1.0,0.0,-0.8484699130058289,0.5103803873062134,-0.0913938358426094,0.004361162893474102,0,2000,strong,2,40,42,1.0,0.0,walk
79,1.58,1.0,0.0,-0.8480545282363892,0.5375716686248779,-0.08226964622735977,-0.005990226287394762,0,2000,strong,2,40,42,1.0,0.0,walk
80,1.6,1.0,0.0,-0.8471377491950989,0.560306191444397,-0.06834949553012848,-0.04969044029712677,0,2000,strong,2,40,42,1.0,0.0,walk
81,1.62,1.0,0.0,-0.8452125191688538,0.5804547667503357,-0.05232788994908333,-0.15560884773731232,0,2000,strong,2,40,42,1.0,0.0,walk
82,1.6400000000000001,1.0,0.0,-0.8418086767196655,0.6018951535224915,-0.03454142436385155,-0.27323487401008606,0,2000,strong,2,40,42,1.0,0.0,walk
83,1.6600000000000001,1.0,0.0,-0.8374142646789551,0.6217363476753235,-0.013289517723023891,-0.33408480882644653,0,2000,strong,2,40,42,1.0,0.0,walk
84,1.68,1.0,0.0,-0.8327537775039673,0.6460892558097839,0.010698237456381321,-0.33290335536003113,0,2000,strong,2,40,42,1.0,0.0,walk
85,1.7,1.0,0.0,-0.8282912373542786,0.6701223850250244,0.03875171020627022,-0.32336869835853577,0,2000,strong,2,40,42,1.0,0.0,walk
86,1.72,1.0,0.0,-0.8245072960853577,0.6914480924606323,0.06854772567749023,-0.2634739279747009,0,2000,strong,2,40,42,1.0,0.0,walk
87,1.74,1.0,0.0,-0.8214593529701233,0.7103356719017029,0.0968133732676506,-0.18195217847824097,0,2000,strong,2,40,42,1.0,0.0,walk
88,1.76,1.0,0.0,-0.8192967772483826,0.7239392399787903,0.1110837459564209,-0.043577902019023895,0,2000,strong,2,40,42,1.0,0.0,walk
89,1.78,1.0,0.0,-0.8195033073425293,0.6700742840766907,0.06827880442142487,0.025108274072408676,0,2000,strong,2,40,42,1.0,0.0,walk
90,1.8,1.0,0.0,-0.8146693110466003,0.6259053349494934,0.02921486832201481,-0.5462069511413574,0,2000,strong,2,40,42,1.0,0.0,walk
91,1.82,1.0,0.0,-0.8058145046234131,0.5774024128913879,0.01243276335299015,-0.6205791234970093,0,2000,strong,2,40,42,1.0,0.0,walk
92,1.84,1.0,0.0,-0.7989835143089294,0.545263946056366,0.005784713663160801,-0.2297361046075821,0,2000,strong,2,40,42,1.0,0.0,walk
93,1.86,1.0,0.0,-0.7957123517990112,0.5351512432098389,-0.0056880381889641285,-0.000490339589305222,0,2000,strong,2,40,42,1.0,0.0,walk
94,1.8800000000000001,1.0,0.0,-0.793663740158081,0.5356674194335938,-0.022989222779870033,-0.0023256265558302402,0,2000,strong,2,40,42,1.0,0.0,walk
95,1.9000000000000001,1.0,0.0,-0.7915244698524475,0.5488443970680237,-0.038589514791965485,-0.10306785255670547,0,2000,strong,2,40,42,1.0,0.0,walk
96,1.92,1.0,0.0,-0.7888529300689697,0.5678536891937256,-0.05482583865523338,-0.18895526230335236,0,2000,strong,2,40,42,1.0,0.0,walk
97,1.94,1.0,0.0,-0.7858264446258545,0.588064432144165,-0.07036922872066498,-0.24719427525997162,0,2000,strong,2,40,42,1.0,0.0,walk
98,1.96,1.0,0.0,-0.7822655439376831,0.6020669937133789,-0.09254264086484909,-0.28792843222618103,0,2000,strong,2,40,42,1.0,0.0,walk
99,1.98,1.0,0.0,-0.7790189385414124,0.6210901141166687,-0.11141080409288406,-0.27527758479118347,0,2000,strong,2,40,42,1.0,0.0,walk
100,2.0,1.0,0.0,-0.775682806968689,0.6412895917892456,-0.13371577858924866,-0.3345757722854614,0,2000,strong,2,40,42,1.0,0.0,walk
101,2.02,1.0,0.0,-0.7728436589241028,0.665746808052063,-0.1493312269449234,-0.31039509177207947,0,2000,strong,2,40,42,1.0,0.0,walk
102,2.04,1.0,0.0,-0.7701593041419983,0.6938066482543945,-0.167351633310318,-0.37493619322776794,0,2000,strong,2,40,42,1.0,0.0,walk
103,2.06,1.0,0.0,-0.7667610049247742,0.7268179059028625,-0.18735353648662567,-0.5178545713424683,0,2000,strong,2,40,42,1.0,0.0,walk
104,2.08,1.0,0.0,-0.7625606060028076,0.7605772614479065,-0.21090802550315857,-0.6211711764335632,0,2000,strong,2,40,42,1.0,0.0,walk
105,2.1,1.0,0.0,-0.7575022578239441,0.7865416407585144,-0.23985671997070312,-0.6675399541854858,0,2000,strong,2,40,42,1.0,0.0,walk
106,2.12,1.0,0.0,-0.7524337768554688,0.7983851432800293,-0.26910996437072754,-0.5438466668128967,0,2000,strong,2,40,42,1.0,0.0,walk
107,2.14,1.0,0.0,-0.7491580247879028,0.8012098073959351,-0.29708489775657654,-0.2373022884130478,0,2000,strong,2,40,42,1.0,0.0,walk
108,2.16,1.0,0.0,-0.7477577924728394,0.7330686450004578,-0.26240643858909607,-0.27671462297439575,0,2000,strong,2,40,42,1.0,0.0,walk
109,2.18,1.0,0.0,-0.7482872009277344,0.6822609305381775,-0.19536814093589783,0.21001207828521729,0,2000,strong,2,40,42,1.0,0.0,walk
110,2.2,1.0,0.0,-0.7511858344078064,0.6466882228851318,-0.1490677297115326,0.117030069231987,0,2000,strong,2,40,42,1.0,0.0,walk
111,2.22,1.0,0.0,-0.7504086494445801,0.6344292163848877,-0.12745968997478485,-0.5490622520446777,0,2000,strong,2,40,42,1.0,0.0,walk
112,2.24,1.0,0.0,-0.7448416352272034,0.6255986094474792,-0.10173521935939789,-0.9030776619911194,0,2000,strong,2,40,42,1.0,0.0,walk
113,2.2600000000000002,1.0,0.0,-0.7375227808952332,0.6046749949455261,-0.06978586316108704,-0.9922756552696228,0,2000,strong,2,40,42,1.0,0.0,walk
114,2.2800000000000002,1.0,0.0,-0.7311551570892334,0.5836657285690308,-0.03969497233629227,-0.7311426997184753,0,2000,strong,2,40,42,1.0,0.0,walk
115,2.3000000000000003,1.0,0.0,-0.7275387644767761,0.56728595495224,-0.014609148725867271,-0.39231956005096436,0,2000,strong,2,40,42,1.0,0.0,walk
116,2.32,1.0,0.0,-0.7276498079299927,0.5548134446144104,0.0052141002379357815,-0.0012639460619539022,0,2000,strong,2,40,42,1.0,0.0,walk
117,2.34,1.0,0.0,-0.7303546667098999,0.54445481300354,0.023632748052477837,0.16721105575561523,0,2000,strong,2,40,42,1.0,0.0,walk
118,2.36,1.0,0.0,-0.733518123626709,0.5431511998176575,0.039671797305345535,0.17427924275398254,0,2000,strong,2,40,42,1.0,0.0,walk
119,2.38,1.0,0.0,-0.7359060645103455,0.5486261248588562,0.054953571408987045,0.0577210895717144,0,2000,strong,2,40,42,1.0,0.0,walk
120,2.4,1.0,0.0,-0.7364826798439026,0.5715215802192688,0.06393485516309738,-0.027133556082844734,0,2000,strong,2,40,42,1.0,0.0,walk
121,2.42,1.0,0.0,-0.7363133430480957,0.6051758527755737,0.07261700928211212,0.01140286959707737,0,2000,strong,2,40,42,1.0,0.0,walk
122,2.44,1.0,0.0,-0.7361801266670227,0.6390603184700012,0.08468567579984665,0.04660680890083313,0,2000,strong,2,40,42,1.0,0.0,walk
123,2.46,1.0,0.0,-0.7357799410820007,0.6697108745574951,0.10202484577894211,0.024212516844272614,0,2000,strong,2,40,42,1.0,0.0,walk
124,2.48,1.0,0.0,-0.7345883250236511,0.6992424726486206,0.123904287815094,-0.04265845939517021,0,2000,strong,2,40,42,1.0,0.0,walk
125,2.5,1.0,0.0,-0.732373058795929,0.725184440612793,0.14904259145259857,-0.12134043872356415,0,2000,strong,2,40,42,1.0,0.0,walk
126,2.52,1.0,0.0,-0.7292095422744751,0.7481673955917358,0.17743068933486938,-0.21092572808265686,0,2000,strong,2,40,42,1.0,0.0,walk
127,2.54,1.0,0.0,-0.725593626499176,0.7675416469573975,0.2099922150373459,-0.2658226788043976,0,2000,strong,2,40,42,1.0,0.0,walk
128,2.56,1.0,0.0,-0.7221490740776062,0.7873847484588623,0.2463247925043106,-0.2761206030845642,0,2000,strong,2,40,42,1.0,0.0,walk
129,2.58,1.0,0.0,-0.7187231183052063,0.8089061975479126,0.28411969542503357,-0.2709670662879944,0,2000,strong,2,40,42,1.0,0.0,walk
130,2.6,1.0,0.0,-0.7159799933433533,0.7963227033615112,0.30314749479293823,0.10531508177518845,0,2000,strong,2,40,42,1.0,0.0,walk
131,2.62,1.0,0.0,-0.7144970893859863,0.736165463924408,0.21725361049175262,-0.43746423721313477,0,2000,strong,2,40,42,1.0,0.0,walk
132,2.64,1.0,0.0,-0.7067373394966125,0.687494695186615,0.16982997953891754,-0.7442308068275452,0,2000,strong,2,40,42,1.0,0.0,walk
133,2.66,1.0,0.0,-0.6983311772346497,0.6349553465843201,0.14855757355690002,-0.4463198184967041,0,2000,strong,2,40,42,1.0,0.0,walk
134,2.68,1.0,0.0,-0.694144070148468,0.5995388031005859,0.1367667317390442,0.052694469690322876,0,2000,strong,2,40,42,1.0,0.0,walk
135,2.7,1.0,0.0,-0.6934942007064819,0.587652325630188,0.1112060546875,0.20842504501342773,0,2000,strong,2,40,42,1.0,0.0,walk
136,2.72,1.0,0.0,-0.6926491260528564,0.5680118203163147,0.08239126205444336,0.1170082688331604,0,2000,strong,2,40,42,1.0,0.0,walk
137,2.74,1.0,0.0,-0.6914200782775879,0.566633403301239,0.06088682636618614,0.031210877001285553,0,2000,strong,2,40,42,1.0,0.0,walk
138,2.7600000000000002,1.0,0.0,-0.6896556615829468,0.5689886808395386,0.04014560207724571,-0.07534801959991455,0,2000,strong,2,40,42,1.0,0.0,walk
139,2.7800000000000002,1.0,0.0,-0.686892569065094,0.5707224011421204,0.02558436430990696,-0.2142167091369629,0,2000,strong,2,40,42,1.0,0.0,walk
140,2.8000000000000003,1.0,0.0,-0.6834880113601685,0.5781212449073792,0.006458153948187828,-0.26548120379447937,0,2000,strong,2,40,42,1.0,0.0,walk
141,2.82,1.0,0.0,-0.6792004108428955,0.5840175151824951,-0.01971280388534069,-0.37482142448425293,0,2000,strong,2,40,42,1.0,0.0,walk
142,2.84,1.0,0.0,-0.674649178981781,0.6026076078414917,-0.035548754036426544,-0.4378798305988312,0,2000,strong,2,40,42,1.0,0.0,walk
143,2.86,1.0,0.0,-0.6707737445831299,0.6194934844970703,-0.047434404492378235,-0.35887348651885986,0,2000,strong,2,40,42,1.0,0.0,walk
144,2.88,1.0,0.0,-0.6677621006965637,0.6420109272003174,-0.05923124775290489,-0.339809387922287,0,2000,strong,2,40,42,1.0,0.0,walk
145,2.9,1.0,0.0,-0.6649355292320251,0.6686674952507019,-0.07293814420700073,-0.4005003273487091,0,2000,strong,2,40,42,1.0,0.0,walk
146,2.92,1.0,0.0,-0.661883533000946,0.7000876665115356,-0.09068053960800171,-0.48050656914711,0,2000,strong,2,40,42,1.0,0.0,walk
147,2.94,1.0,0.0,-0.6584674715995789,0.7301114797592163,-0.11258696764707565,-0.532124400138855,0,2000,strong,2,40,42,1.0,0.0,walk
148,2.96,1.0,0.0,-0.6544896364212036,0.7502111196517944,-0.13906772434711456,-0.5358689427375793,0,2000,strong,2,40,42,1.0,0.0,walk
149,2.98,1.0,0.0,-0.6507743000984192,0.7589724063873291,-0.1628892570734024,-0.3879758417606354,0,2000,strong,2,40,42,1.0,0.0,walk
150,3.0,1.0,0.0,-0.648818850517273,0.7652090787887573,-0.18849191069602966,-0.11468493938446045,0,2000,strong,2,40,42,1.0,0.0,walk
151,3.02,1.0,0.0,-0.6495329141616821,0.7268404960632324,-0.17974093556404114,-0.16963933408260345,0,2000,strong,2,40,42,1.0,0.0,walk
152,3.04,1.0,0.0,-0.6509171724319458,0.6826692223548889,-0.12312456965446472,0.28055378794670105,0,2000,strong,2,40,42,1.0,0.0,walk
153,3.06,1.0,0.0,-0.6549296975135803,0.6514151692390442,-0.08729876577854156,0.2330411821603775,0,2000,strong,2,40,42,1.0,0.0,walk
154,3.08,1.0,0.0,-0.6558517813682556,0.6341586709022522,-0.0707675963640213,-0.3536810874938965,0,2000,strong,2,40,42,1.0,0.0,walk
155,3.1,1.0,0.0,-0.6521561145782471,0.6183091998100281,-0.046092789620161057,-0.7580305933952332,0,2000,strong,2,40,42,1.0,0.0,walk
156,3.12,1.0,0.0,-0.64564049243927,0.6001355648040771,-0.01806514337658882,-0.947491466999054,0,2000,strong,2,40,42,1.0,0.0,walk
157,3.14,1.0,0.0,-0.6389742493629456,0.5816339254379272,0.009659410454332829,-0.79184889793396,0,2000,strong,2,40,42,1.0,0.0,walk
158,3.16,1.0,0.0,-0.6345584392547607,0.571021318435669,0.03209098428487778,-0.46249786019325256,0,2000,strong,2,40,42,1.0,0.0,walk
159,3.18,1.0,0.0,-0.6337307691574097,0.5620390772819519,0.05024552345275879,-0.08923277258872986,0,2000,strong,2,40,42,1.0,0.0,walk
160,3.2,1.0,0.0,-0.6352412104606628,0.5548462867736816,0.06757086515426636,0.05485350638628006,0,2000,strong,2,40,42,1.0,0.0,walk
161,3.22,1.0,0.0,-0.6369506120681763,0.5603442192077637,0.08131709694862366,0.06043309345841408,0,2000,strong,2,40,42,1.0,0.0,walk
162,3.24,1.0,0.0,-0.6378661394119263,0.5681901574134827,0.09520624577999115,-0.04639577493071556,0,2000,strong,2,40,42,1.0,0.0,walk
163,3.2600000000000002,1.0,0.0,-0.6378391981124878,0.592595100402832,0.10507387667894363,-0.019117355346679688,0,2000,strong,2,40,42,1.0,0.0,walk
164,3.2800000000000002,1.0,0.0,-0.6377170085906982,0.6240276098251343,0.11368653178215027,0.05088432505726814,0,2000,strong,2,40,42,1.0,0.0,walk
165,3.3000000000000003,1.0,0.0,-0.6378973722457886,0.6554199457168579,0.12692639231681824,0.1024535521864891,0,2000,strong,2,40,42,1.0,0.0,walk
166,3.3200000000000003,1.0,0.0,-0.6379991769790649,0.6836673021316528,0.14586760103702545,0.08885049819946289,0,2000,strong,2,40,42,1.0,0.0,walk
167,3.34,1.0,0.0,-0.6373121738433838,0.7107043266296387,0.16872456669807434,0.022087298333644867,0,2000,strong,2,40,42,1.0,0.0,walk
168,3.36,1.0,0.0,-0.6356968283653259,0.7332931160926819,0.19562403857707977,-0.05529828369617462,0,2000,strong,2,40,42,1.0,0.0,walk
169,3.38,1.0,0.0,-0.6332151293754578,0.7529042959213257,0.22616147994995117,-0.15518899261951447,0,2000,strong,2,40,42,1.0,0.0,walk
170,3.4,1.0,0.0,-0.6303908228874207,0.7697057723999023,0.26091039180755615,-0.21073774993419647,0,2000,strong,2,40,42,1.0,0.0,walk
171,3.42,1.0,0.0,-0.6273964643478394,0.7875620722770691,0.29808923602104187,-0.2609873414039612,0,2000,strong,2,40,42,1.0,0.0,walk
172,3.44,1.0,0.0,-0.6240049600601196,0.8071381449699402,0.33643829822540283,-0.2702650725841522,0,2000,strong,2,40,42,1.0,0.0,walk
173,3.46,1.0,0.0,-0.622253954410553,0.7485060691833496,0.28839707374572754,-0.037432096898555756,0,2000,strong,2,40,42,1.0,0.0,walk
174,3.48,1.0,0.0,-0.6169707179069519,0.7055509686470032,0.2223149836063385,-0.6458173990249634,0,2000,strong,2,40,42,1.0,0.0,walk
175,3.5,1.0,0.0,-0.608610987663269,0.6626423597335815,0.1803906410932541,-0.6195641160011292,0,2000,strong,2,40,42,1.0,0.0,walk
176,3.52,1.0,0.0,-0.6027284860610962,0.623490035533905,0.16592073440551758,-0.09409922361373901,0,2000,strong,2,40,42,1.0,0.0,walk
177,3.54,1.0,0.0,-0.6012680530548096,0.5934876203536987,0.14147034287452698,0.26897257566452026,0,2000,strong,2,40,42,1.0,0.0,walk
178,3.56,1.0,0.0,-0.6018967628479004,0.5814487338066101,0.11020777374505997,0.29254043102264404,0,2000,strong,2,40,42,1.0,0.0,walk
179,3.58,1.0,0.0,-0.6019721627235413,0.5755947232246399,0.08509211987257004,0.15258710086345673,0,2000,strong,2,40,42,1.0,0.0,walk
180,3.6,1.0,0.0,-0.6009509563446045,0.5714643597602844,0.06353024393320084,-0.005357717629522085,0,2000,strong,2,40,42,1.0,0.0,walk
181,3.62,1.0,0.0,-0.5986838340759277,0.5796449184417725,0.0468173511326313,-0.1823142021894455,0,2000,strong,2,40,42,1.0,0.0,walk
182,3.64,1.0,0.0,-0.5949550271034241,0.5803260803222656,0.02869800664484501,-0.3244222402572632,0,2000,strong,2,40,42,1.0,0.0,walk
183,3.66,1.0,0.0,-0.5903103947639465,0.5850101709365845,0.006333769764751196,-0.3803682029247284,0,2000,strong,2,40,42,1.0,0.0,walk
184,3.68,1.0,0.0,-0.5854472517967224,0.5954741835594177,-0.014308996498584747,-0.43512287735939026,0,2000,strong,2,40,42,1.0,0.0,walk
185,3.7,1.0,0.0,-0.5812830328941345,0.6127467751502991,-0.029104338958859444,-0.36640477180480957,0,2000,strong,2,40,42,1.0,0.0,walk
186,3.72,1.0,0.0,-0.5780811309814453,0.6341289281845093,-0.04062088206410408,-0.330443799495697,0,2000,strong,2,40,42,1.0,0.0,walk
187,3.74,1.0,0.0,-0.5753410458564758,0.6600905656814575,-0.05356857180595398,-0.3546755611896515,0,2000,strong,2,40,42,1.0,0.0,walk
188,3.7600000000000002,1.0,0.0,-0.5726131200790405,0.6891773343086243,-0.06857295334339142,-0.4062684178352356,0,2000,strong,2,40,42,1.0,0.0,walk
189,3.7800000000000002,1.0,0.0,-0.5698128938674927,0.7207834720611572,-0.08758072555065155,-0.4610561728477478,0,2000,strong,2,40,42,1.0,0.0,walk
190,3.8000000000000003,1.0,0.0,-0.5666757822036743,0.746626615524292,-0.1113867238163948,-0.4910758435726166,0,2000,strong,2,40,42,1.0,0.0,walk
191,3.8200000000000003,1.0,0.0,-0.5633362531661987,0.7605906128883362,-0.13742084801197052,-0.42880094051361084,0,2000,strong,2,40,42,1.0,0.0,walk
192,3.84,1.0,0.0,-0.5606476068496704,0.7669588923454285,-0.1620856672525406,-0.25461211800575256,0,2000,strong,2,40,42,1.0,0.0,walk
193,3.86,1.0,0.0,-0.5601663589477539,0.7725705504417419,-0.18651354312896729,0.03350968658924103,0,2000,strong,2,40,42,1.0,0.0,walk
194,3.88,1.0,0.0,-0.5608371496200562,0.7133360505104065,-0.14858362078666687,0.11718352884054184,0,2000,strong,2,40,42,1.0,0.0,walk
195,3.9,1.0,0.0,-0.564011812210083,0.6757709383964539,-0.10473109036684036,0.3408541977405548,0,2000,strong,2,40,42,1.0,0.0,walk
196,3.92,1.0,0.0,-0.5676425695419312,0.6557180881500244,-0.07738549262285233,0.07739529013633728,0,2000,strong,2,40,42,1.0,0.0,walk
197,3.94,1.0,0.0,-0.5669916868209839,0.6453264951705933,-0.06305776536464691,-0.5323602557182312,0,2000,strong,2,40,42,1.0,0.0,walk
198,3.96,1.0,0.0,-0.5619431734085083,0.6355646252632141,-0.040040768682956696,-0.8371825814247131,0,2000,strong,2,40,42,1.0,0.0,walk
199,3.98,1.0,0.0,-0.5555295944213867,0.6140257120132446,-0.010562033392488956,-0.8680500984191895,0,2000,strong,2,40,42,1.0,0.0,walk
200,4.0,1.0,0.0,-0.5502036809921265,0.5985031723976135,0.016479186713695526,-0.6100958585739136,0,2000,strong,2,40,42,1.0,0.0,walk
201,4.0200000000000005,1.0,0.0,-0.547460675239563,0.5860483050346375,0.03930548205971718,-0.3204730749130249,0,2000,strong,2,40,42,1.0,0.0,walk
202,4.04,1.0,0.0,-0.5471175909042358,0.5797688364982605,0.05687406659126282,-0.09328190237283707,0,2000,strong,2,40,42,1.0,0.0,walk
203,4.0600000000000005,1.0,0.0,-0.5482132434844971,0.5779663920402527,0.07329180836677551,0.02366904728114605,0,2000,strong,2,40,42,1.0,0.0,walk
204,4.08,1.0,0.0,-0.5495270490646362,0.5856042504310608,0.08844131976366043,0.03000279702246189,0,2000,strong,2,40,42,1.0,0.0,walk
205,4.1,1.0,0.0,-0.5503268241882324,0.600519597530365,0.10157394409179688,-0.009231126867234707,0,2000,strong,2,40,42,1.0,0.0,walk
206,4.12,1.0,0.0,-0.5505133867263794,0.6278896927833557,0.11077449470758438,0.032628484070301056,0,2000,strong,2,40,42,1.0,0.0,walk
207,4.14,1.0,0.0,-0.5509563684463501,0.661925196647644,0.12129727751016617,0.12615913152694702,0,2000,strong,2,40,42,1.0,0.0,walk
208,4.16,1.0,0.0,-0.5515792369842529,0.6940348744392395,0.13650359213352203,0.13648514449596405,0,2000,strong,2,40,42,1.0,0.0,walk
209,4.18,1.0,0.0,-0.5517228841781616,0.7244200706481934,0.15726898610591888,0.09049569070339203,0,2000,strong,2,40,42,1.0,0.0,walk
210,4.2,1.0,0.0,-0.550971269607544,0.7522725462913513,0.18181578814983368,0.02817520871758461,0,2000,strong,2,40,42,1.0,0.0,walk
211,4.22,1.0,0.0,-0.5493780374526978,0.7752748727798462,0.21075040102005005,-0.06445558369159698,0,2000,strong,2,40,42,1.0,0.0,walk
212,4.24,1.0,0.0,-0.547026515007019,0.7944796085357666,0.2430364042520523,-0.16709361970424652,0,2000,strong,2,40,42,1.0,0.0,walk
213,4.26,1.0,0.0,-0.5443214178085327,0.8107506036758423,0.27890917658805847,-0.23818601667881012,0,2000,strong,2,40,42,1.0,0.0,walk
214,4.28,1.0,0.0,-0.5410631895065308,0.8299304842948914,0.31673663854599,-0.2989581525325775,0,2000,strong,2,40,42,1.0,0.0,walk
215,4.3,1.0,0.0,-0.5378772020339966,0.7992428541183472,0.3358512222766876,0.13339143991470337,0,2000,strong,2,40,42,1.0,0.0,walk
216,4.32,1.0,0.0,-0.536229133605957,0.7354220747947693,0.2436937838792801,-0.3834344148635864,0,2000,strong,2,40,42,1.0,0.0,walk
217,4.34,1.0,0.0,-0.5293450355529785,0.6818682551383972,0.18927346169948578,-0.61543208360672,0,2000,strong,2,40,42,1.0,0.0,walk
218,4.36,1.0,0.0,-0.5222619771957397,0.6241313815116882,0.16316638886928558,-0.2774657607078552,0,2000,strong,2,40,42,1.0,0.0,walk
219,4.38,1.0,0.0,-0.5194789171218872,0.5969502925872803,0.14946861565113068,0.15201495587825775,0,2000,strong,2,40,42,1.0,0.0,walk
220,4.4,1.0,0.0,-0.5196844339370728,0.5908533334732056,0.12536172568798065,0.23509259521961212,0,2000,strong,2,40,42,1.0,0.0,walk
221,4.42,1.0,0.0,-0.5186570882797241,0.5673820376396179,0.09416308999061584,0.10008541494607925,0,2000,strong,2,40,42,1.0,0.0,walk
222,4.44,1.0,0.0,-0.5170230865478516,0.566277801990509,0.07128409296274185,-0.0031250296160578728,0,2000,strong,2,40,42,1.0,0.0,walk
223,4.46,1.0,0.0,-0.5153859853744507,0.5720517635345459,0.05188774690032005,-0.043909262865781784,0,2000,strong,2,40,42,1.0,0.0,walk
224,4.48,1.0,0.0,-0.5131816864013672,0.5662647485733032,0.0362301804125309,-0.15154080092906952,0,2000,strong,2,40,42,1.0,0.0,walk
225,4.5,1.0,0.0,-0.5099025964736938,0.5712264180183411,0.013596081174910069,-0.2555050253868103,0,2000,strong,2,40,42,1.0,0.0,walk
226,4.5200000000000005,1.0,0.0,-0.5056800842285156,0.5794557929039001,-0.01208524964749813,-0.3723319172859192,0,2000,strong,2,40,42,1.0,0.0,walk
227,4.54,1.0,0.0,-0.5012009143829346,0.6018267869949341,-0.02645844593644142,-0.4285687804222107,0,2000,strong,2,40,42,1.0,0.0,walk
228,4.5600000000000005,1.0,0.0,-0.49751031398773193,0.6176674365997314,-0.03791973367333412,-0.3283556401729584,0,2000,strong,2,40,42,1.0,0.0,walk
229,4.58,1.0,0.0,-0.49497485160827637,0.6397430300712585,-0.049398273229599,-0.29467102885246277,0,2000,strong,2,40,42,1.0,0.0,walk
230,4.6000000000000005,1.0,0.0,-0.49251115322113037,0.6640966534614563,-0.06518037617206573,-0.36687520146369934,0,2000,strong,2,40,42,1.0,0.0,walk
231,4.62,1.0,0.0,-0.48971474170684814,0.6933276057243347,-0.08320292085409164,-0.4451712667942047,0,2000,strong,2,40,42,1.0,0.0,walk
232,4.64,1.0,0.0,-0.4867974519729614,0.7220034003257751,-0.10452641546726227,-0.47484350204467773,0,2000,strong,2,40,42,1.0,0.0,walk
233,4.66,1.0,0.0,-0.4836660623550415,0.7417911291122437,-0.1317642480134964,-0.4597858488559723,0,2000,strong,2,40,42,1.0,0.0,walk
234,4.68,1.0,0.0,-0.4807558059692383,0.7505282759666443,-0.15774156153202057,-0.3391699194908142,0,2000,strong,2,40,42,1.0,0.0,walk
235,4.7,1.0,0.0,-0.47905921936035156,0.755069375038147,-0.18410184979438782,-0.1221059039235115,0,2000,strong,2,40,42,1.0,0.0,walk
236,4.72,1.0,0.0,-0.48010528087615967,0.7462018728256226,-0.20679301023483276,0.029297620058059692,0,2000,strong,2,40,42,1.0,0.0,walk
237,4.74,1.0,0.0,-0.4812425374984741,0.6880776882171631,-0.13876919448375702,0.2629985213279724,0,2000,strong,2,40,42,1.0,0.0,walk
238,4.76,1.0,0.0,-0.485662579536438,0.6553329229354858,-0.10234205424785614,0.3396492004394531,0,2000,strong,2,40,42,1.0,0.0,walk
239,4.78,1.0,0.0,-0.4884411096572876,0.6331803202629089,-0.08134908229112625,-0.10971315950155258,0,2000,strong,2,40,42,1.0,0.0,walk
240,4.8,1.0,0.0,-0.4869035482406616,0.6173044443130493,-0.05970083177089691,-0.5761300921440125,0,2000,strong,2,40,42,1.0,0.0,walk
241,4.82,1.0,0.0,-0.4817483425140381,0.6036837697029114,-0.033571455627679825,-0.8231098055839539,0,2000,strong,2,40,42,1.0,0.0,walk
242,4.84,1.0,0.0,-0.4760640859603882,0.5829792022705078,-0.003649453865364194,-0.7312730550765991,0,2000,strong,2,40,42,1.0,0.0,walk
243,4.86,1.0,0.0,-0.4720865488052368,0.5716186165809631,0.022234957665205002,-0.43723243474960327,0,2000,strong,2,40,42,1.0,0.0,walk
244,4.88,1.0,0.0,-0.47077083587646484,0.5638101696968079,0.04127483442425728,-0.18818828463554382,0,2000,strong,2,40,42,1.0,0.0,walk
245,4.9,1.0,0.0,-0.47093284130096436,0.5583199262619019,0.05887464061379433,-0.062133390456438065,0,2000,strong,2,40,42,1.0,0.0,walk
246,4.92,1.0,0.0,-0.4717758893966675,0.5627965331077576,0.07826241850852966,-0.008503866381943226,0,2000,strong,2,40,42,1.0,0.0,walk
247,4.94,1.0,0.0,-0.4723086357116699,0.5698721408843994,0.0940893292427063,-0.04883876070380211,0,2000,strong,2,40,42,1.0,0.0,walk
248,4.96,1.0,0.0,-0.4726673364639282,0.5900188088417053,0.10735102742910385,0.003655162639915943,0,2000,strong,2,40,42,1.0,0.0,walk
249,4.98,1.0,0.0,-0.472520112991333,0.6234057545661926,0.11406657844781876,0.031978901475667953,0,2000,strong,2,40,42,1.0,0.0,walk
250,5.0,1.0,0.0,-0.47266900539398193,0.6578832268714905,0.12598711252212524,0.11747920513153076,0,2000,strong,2,40,42,1.0,0.0,walk
251,5.0200000000000005,1.0,0.0,-0.4730551242828369,0.687964141368866,0.144098699092865,0.13037115335464478,0,2000,strong,2,40,42,1.0,0.0,walk
252,5.04,1.0,0.0,-0.4730100631713867,0.7160412669181824,0.16632017493247986,0.10305391997098923,0,2000,strong,2,40,42,1.0,0.0,walk
253,5.0600000000000005,1.0,0.0,-0.47235798835754395,0.7396482229232788,0.19245482981204987,0.047122687101364136,0,2000,strong,2,40,42,1.0,0.0,walk
254,5.08,1.0,0.0,-0.4710097312927246,0.759416401386261,0.2219254970550537,-0.040334392338991165,0,2000,strong,2,40,42,1.0,0.0,walk
255,5.1000000000000005,1.0,0.0,-0.4692070484161377,0.7754782438278198,0.2552044689655304,-0.12337256968021393,0,2000,strong,2,40,42,1.0,0.0,walk
256,5.12,1.0,0.0,-0.46685707569122314,0.7920243144035339,0.2909523844718933,-0.21976825594902039,0,2000,strong,2,40,42,1.0,0.0,walk
257,5.14,1.0,0.0,-0.46382319927215576,0.8106184601783752,0.3288557529449463,-0.26158687472343445,0,2000,strong,2,40,42,1.0,0.0,walk
258,5.16,1.0,0.0,-0.4619699716567993,0.7451461553573608,0.2832062840461731,-0.11005834490060806,0,2000,strong,2,40,42,1.0,0.0,walk
259,5.18,1.0,0.0,-0.456842303276062,0.6958146095275879,0.22265370190143585,-0.5939559936523438,0,2000,strong,2,40,42,1.0,0.0,walk
260,5.2,1.0,0.0,-0.4494502544403076,0.6517907977104187,0.18133819103240967,-0.4990611672401428,0,2000,strong,2,40,42,1.0,0.0,walk
261,5.22,1.0,0.0,-0.444818377494812,0.6144506335258484,0.1673993021249771,0.018000135198235512,0,2000,strong,2,40,42,1.0,0.0,walk
262,5.24,1.0,0.0,-0.44440555572509766,0.5852726101875305,0.14062294363975525,0.3758281469345093,0,2000,strong,2,40,42,1.0,0.0,walk
263,5.26,1.0,0.0,-0.44596970081329346,0.5741472244262695,0.10939746350049973,0.38349825143814087,0,2000,strong,2,40,42,1.0,0.0,walk
264,5.28,1.0,0.0,-0.4469120502471924,0.5710486173629761,0.0850495845079422,0.2239120751619339,0,2000,strong,2,40,42,1.0,0.0,walk
265,5.3,1.0,0.0,-0.44648027420043945,0.5651805996894836,0.06300697475671768,0.047086670994758606,0,2000,strong,2,40,42,1.0,0.0,walk
266,5.32,1.0,0.0,-0.4445415735244751,0.5688057541847229,0.045773934572935104,-0.14541365206241608,0,2000,strong,2,40,42,1.0,0.0,walk
267,5.34,1.0,0.0,-0.4412837028503418,0.5698357224464417,0.02897494286298752,-0.27754372358322144,0,2000,strong,2,40,42,1.0,0.0,walk
268,5.36,1.0,0.0,-0.4368654489517212,0.5709272623062134,0.007000620476901531,-0.3653356432914734,0,2000,strong,2,40,42,1.0,0.0,walk
269,5.38,1.0,0.0,-0.43205034732818604,0.5812793970108032,-0.012393893674015999,-0.4275917112827301,0,2000,strong,2,40,42,1.0,0.0,walk
270,5.4,1.0,0.0,-0.4279268980026245,0.5970606803894043,-0.026346497237682343,-0.35752347111701965,0,2000,strong,2,40,42,1.0,0.0,walk
271,5.42,1.0,0.0,-0.42472219467163086,0.6186233162879944,-0.037821706384420395,-0.3240896463394165,0,2000,strong,2,40,42,1.0,0.0,walk
272,5.44,1.0,0.0,-0.42233872413635254,0.6443869471549988,-0.04944301396608353,-0.30328360199928284,0,2000,strong,2,40,42,1.0,0.0,walk
273,5.46,1.0,0.0,-0.4202573299407959,0.6738534569740295,-0.06479435414075851,-0.33628594875335693,0,2000,strong,2,40,42,1.0,0.0,walk
274,5.48,1.0,0.0,-0.41799700260162354,0.7052629590034485,-0.08482833206653595,-0.4013582170009613,0,2000,strong,2,40,42,1.0,0.0,walk
275,5.5,1.0,0.0,-0.4154515266418457,0.7327700257301331,-0.10875030606985092,-0.4341041147708893,0,2000,strong,2,40,42,1.0,0.0,walk
276,5.5200000000000005,1.0,0.0,-0.4129326343536377,0.7494587302207947,-0.13437813520431519,-0.3571140766143799,0,2000,strong,2,40,42,1.0,0.0,walk
277,5.54,1.0,0.0,-0.4109266996383667,0.7573783993721008,-0.16059862077236176,-0.22300592064857483,0,2000,strong,2,40,42,1.0,0.0,walk
278,5.5600000000000005,1.0,0.0,-0.41069865226745605,0.7645174264907837,-0.18844084441661835,0.03819574788212776,0,2000,strong,2,40,42,1.0,0.0,walk
279,5.58,1.0,0.0,-0.411832332611084,0.7132269144058228,-0.15876758098602295,0.03914212808012962,0,2000,strong,2,40,42,1.0,0.0,walk
280,5.6000000000000005,1.0,0.0,-0.4155597686767578,0.6759196519851685,-0.11218854784965515,0.4686194062232971,0,2000,strong,2,40,42,1.0,0.0,walk
281,5.62,1.0,0.0,-0.42136669158935547,0.6484241485595703,-0.08015530556440353,0.33863165974617004,0,2000,strong,2,40,42,1.0,0.0,walk
282,5.64,1.0,0.0,-0.42339515686035156,0.6301653385162354,-0.06774120777845383,-0.30431389808654785,0,2000,strong,2,40,42,1.0,0.0,walk
283,5.66,1.0,0.0,-0.42003142833709717,0.6159778833389282,-0.042366400361061096,-0.7251836061477661,0,2000,strong,2,40,42,1.0,0.0,walk
284,5.68,1.0,0.0,-0.41430091857910156,0.5975655317306519,-0.011379268020391464,-0.8198864459991455,0,2000,strong,2,40,42,1.0,0.0,walk
285,5.7,1.0,0.0,-0.4094957113265991,0.5832821130752563,0.018083883449435234,-0.5625629425048828,0,2000,strong,2,40,42,1.0,0.0,walk
286,5.72,1.0,0.0,-0.40707409381866455,0.5722183585166931,0.04184982553124428,-0.2931384742259979,0,2000,strong,2,40,42,1.0,0.0,walk
287,5.74,1.0,0.0,-0.40682923793792725,0.5688021183013916,0.06011166051030159,-0.0833091214299202,0,2000,strong,2,40,42,1.0,0.0,walk
288,5.76,1.0,0.0,-0.40785884857177734,0.5695216059684753,0.07715552300214767,0.01848015747964382,0,2000,strong,2,40,42,1.0,0.0,walk
289,5.78,1.0,0.0,-0.4089914560317993,0.5773958563804626,0.09368833154439926,0.016734464094042778,0,2000,strong,2,40,42,1.0,0.0,walk
290,5.8,1.0,0.0,-0.40951550006866455,0.591401219367981,0.10866381227970123,-0.030089106410741806,0,2000,strong,2,40,42,1.0,0.0,walk
291,5.82,1.0,0.0,-0.4094158411026001,0.6171062588691711,0.12074378877878189,0.0088466452434659,0,2000,strong,2,40,42,1.0,0.0,walk
292,5.84,1.0,0.0,-0.4095262289047241,0.6508605480194092,0.13282375037670135,0.10408221930265427,0,2000,strong,2,40,42,1.0,0.0,walk
293,5.86,1.0,0.0,-0.4100375175476074,0.6822982430458069,0.15030141174793243,0.13926167786121368,0,2000,strong,2,40,42,1.0,0.0,walk
294,5.88,1.0,0.0,-0.4100921154022217,0.7126087546348572,0.1715197116136551,0.09323906153440475,0,2000,strong,2,40,42,1.0,0.0,walk
295,5.9,1.0,0.0,-0.40929222106933594,0.7393993139266968,0.1971645951271057,0.038847438991069794,0,2000,strong,2,40,42,1.0,0.0,walk
296,5.92,1.0,0.0,-0.4078778028488159,0.7610015869140625,0.22789466381072998,-0.02894018217921257,0,2000,strong,2,40,42,1.0,0.0,walk
297,5.94,1.0,0.0,-0.4060591459274292,0.7784579396247864,0.26178544759750366,-0.10049237310886383,0,2000,strong,2,40,42,1.0,0.0,walk
298,5.96,1.0,0.0,-0.40406858921051025,0.7929759621620178,0.29867926239967346,-0.17265412211418152,0,2000,strong,2,40,42,1.0,0.0,walk
299,5.98,1.0,0.0,-0.401470422744751,0.810988187789917,0.3375247120857239,-0.2469678670167923,0,2000,strong,2,40,42,1.0,0.0,walk
300,6.0,1.0,0.0,-0.3992433547973633,0.7674989700317383,0.3260442316532135,0.09637418389320374,0,2000,strong,2,40,42,1.0,0.0,walk
301,6.0200000000000005,1.0,0.0,-0.39623916149139404,0.7145746350288391,0.24939151108264923,-0.5084265470504761,0,2000,strong,2,40,42,1.0,0.0,walk
302,6.04,1.0,0.0,-0.3890717029571533,0.6668198704719543,0.19533324241638184,-0.5692734718322754,0,2000,strong,2,40,42,1.0,0.0,walk
303,6.0600000000000005,1.0,0.0,-0.38358473777770996,0.6229403614997864,0.17332762479782104,-0.07900579273700714,0,2000,strong,2,40,42,1.0,0.0,walk
304,6.08,1.0,0.0,-0.38298022747039795,0.5915020704269409,0.15209083259105682,0.39709293842315674,0,2000,strong,2,40,42,1.0,0.0,walk
305,6.1000000000000005,1.0,0.0,-0.3852022886276245,0.5784955620765686,0.120240718126297,0.459868848323822,0,2000,strong,2,40,42,1.0,0.0,walk
306,6.12,1.0,0.0,-0.38651084899902344,0.5637326836585999,0.09052032977342606,0.29025131464004517,0,2000,strong,2,40,42,1.0,0.0,walk
307,6.140000000000001,1.0,0.0,-0.3865007162094116,0.5584313869476318,0.06768352538347244,0.10777777433395386,0,2000,strong,2,40,42,1.0,0.0,walk
308,6.16,1.0,0.0,-0.38532960414886475,0.5614059567451477,0.049899592995643616,-0.04375436156988144,0,2000,strong,2,40,42,1.0,0.0,walk
309,6.18,1.0,0.0,-0.382759690284729,0.5564303994178772,0.03331673890352249,-0.20235475897789001,0,2000,strong,2,40,42,1.0,0.0,walk
310,6.2,1.0,0.0,-0.37891077995300293,0.5560714602470398,0.012005167081952095,-0.30118274688720703,0,2000,strong,2,40,42,1.0,0.0,walk
311,6.22,1.0,0.0,-0.37414026260375977,0.5612431764602661,-0.011277230456471443,-0.41944414377212524,0,2000,strong,2,40,42,1.0,0.0,walk
312,6.24,1.0,0.0,-0.36957085132598877,0.5779192447662354,-0.025556573644280434,-0.40343165397644043,0,2000,strong,2,40,42,1.0,0.0,walk
313,6.26,1.0,0.0,-0.36596500873565674,0.5959967970848083,-0.037170737981796265,-0.3282262682914734,0,2000,strong,2,40,42,1.0,0.0,walk
314,6.28,1.0,0.0,-0.36337053775787354,0.6192432045936584,-0.048891130834817886,-0.29312771558761597,0,2000,strong,2,40,42,1.0,0.0,walk
315,6.3,1.0,0.0,-0.36117124557495117,0.6454612016677856,-0.06289712339639664,-0.3217037320137024,0,2000,strong,2,40,42,1.0,0.0,walk
316,6.32,1.0,0.0,-0.35907161235809326,0.6751371622085571,-0.07962985336780548,-0.35781872272491455,0,2000,strong,2,40,42,1.0,0.0,walk
317,6.34,1.0,0.0,-0.3570096492767334,0.7042309045791626,-0.10145827382802963,-0.3852977752685547,0,2000,strong,2,40,42,1.0,0.0,walk
318,6.36,1.0,0.0,-0.3549361228942871,0.7250574231147766,-0.12822368741035461,-0.3598655164241791,0,2000,strong,2,40,42,1.0,0.0,walk
319,6.38,1.0,0.0,-0.35302460193634033,0.7352648377418518,-0.15581057965755463,-0.2666197121143341,0,2000,strong,2,40,42,1.0,0.0,walk
320,6.4,1.0,0.0,-0.35194313526153564,0.740809440612793,-0.18268561363220215,-0.09302156418561935,0,2000,strong,2,40,42,1.0,0.0,walk
321,6.42,1.0,0.0,-0.3530791997909546,0.7474495768547058,-0.20940691232681274,0.15453562140464783,0,2000,strong,2,40,42,1.0,0.0,walk
322,6.44,1.0,0.0,-0.354422926902771,0.6829774975776672,-0.1583305448293686,0.2379937469959259,0,2000,strong,2,40,42,1.0,0.0,walk
323,6.46,1.0,0.0,-0.35917651653289795,0.6507431864738464,-0.12023990601301193,0.43773382902145386,0,2000,strong,2,40,42,1.0,0.0,walk
324,6.48,1.0,0.0,-0.36364030838012695,0.6327246427536011,-0.09859037399291992,0.10698390752077103,0,2000,strong,2,40,42,1.0,0.0,walk
325,6.5,1.0,0.0,-0.36356019973754883,0.6187926530838013,-0.08293868601322174,-0.4873352646827698,0,2000,strong,2,40,42,1.0,0.0,walk
326,6.5200000000000005,1.0,0.0,-0.3591740131378174,0.6092041730880737,-0.057820696383714676,-0.754007875919342,0,2000,strong,2,40,42,1.0,0.0,walk
327,6.54,1.0,0.0,-0.3539285659790039,0.5892070531845093,-0.027149170637130737,-0.7199537754058838,0,2000,strong,2,40,42,1.0,0.0,walk
328,6.5600000000000005,1.0,0.0,-0.35014593601226807,0.5786048173904419,0.00022646429715678096,-0.4461451470851898,0,2000,strong,2,40,42,1.0,0.0,walk
329,6.58,1.0,0.0,-0.34867584705352783,0.5690646767616272,0.023115109652280807,-0.2164636254310608,0,2000,strong,2,40,42,1.0,0.0,walk
330,6.6000000000000005,1.0,0.0,-0.34859776496887207,0.5668794512748718,0.04066075384616852,-0.09525735676288605,0,2000,strong,2,40,42,1.0,0.0,walk
331,6.62,1.0,0.0,-0.3491557836532593,0.5712538957595825,0.05770810320973396,-0.021461524069309235,0,2000,strong,2,40,42,1.0,0.0,walk
332,6.640000000000001,1.0,0.0,-0.34973275661468506,0.5820297002792358,0.07392577081918716,-0.011629940010607243,0,2000,strong,2,40,42,1.0,0.0,walk
333,6.66,1.0,0.0,-0.3502318859100342,0.6005816459655762,0.08831732720136642,0.015186319127678871,0,2000,strong,2,40,42,1.0,0.0,walk
334,6.68,1.0,0.0,-0.35063493251800537,0.6290261149406433,0.0981147289276123,0.09157343208789825,0,2000,strong,2,40,42,1.0,0.0,walk
335,6.7,1.0,0.0,-0.35151779651641846,0.6623688340187073,0.11075027287006378,0.18570184707641602,0,2000,strong,2,40,42,1.0,0.0,walk
336,6.72,1.0,0.0,-0.35252487659454346,0.6929617524147034,0.1281232386827469,0.17896005511283875,0,2000,strong,2,40,42,1.0,0.0,walk
337,6.74,1.0,0.0,-0.35294783115386963,0.7218656539916992,0.14991112053394318,0.13572025299072266,0,2000,strong,2,40,42,1.0,0.0,walk
338,6.76,1.0,0.0,-0.35265910625457764,0.7474830746650696,0.17573370039463043,0.08359811455011368,0,2000,strong,2,40,42,1.0,0.0,walk
339,6.78,1.0,0.0,-0.3517880439758301,0.7683927416801453,0.20537707209587097,0.0028661699034273624,0,2000,strong,2,40,42,1.0,0.0,walk
340,6.8,1.0,0.0,-0.3503764867782593,0.7850030064582825,0.23814035952091217,-0.09873718023300171,0,2000,strong,2,40,42,1.0,0.0,walk
341,6.82,1.0,0.0,-0.3482447862625122,0.799963653087616,0.2730380892753601,-0.21669210493564606,0,2000,strong,2,40,42,1.0,0.0,walk
342,6.84,1.0,0.0,-0.34505486488342285,0.8179162740707397,0.3101906478404999,-0.3036314845085144,0,2000,strong,2,40,42,1.0,0.0,walk
343,6.86,1.0,0.0,-0.3428300619125366,0.7510231733322144,0.2642976939678192,-0.1654113531112671,0,2000,strong,2,40,42,1.0,0.0,walk
344,6.88,1.0,0.0,-0.3377573490142822,0.6969865560531616,0.19897788763046265,-0.5653197169303894,0,2000,strong,2,40,42,1.0,0.0,walk
345,6.9,1.0,0.0,-0.3308204412460327,0.6501661539077759,0.15584123134613037,-0.4344610869884491,0,2000,strong,2,40,42,1.0,0.0,walk
346,6.92,1.0,0.0,-0.32683253288269043,0.6129525899887085,0.1391029953956604,0.10708750784397125,0,2000,strong,2,40,42,1.0,0.0,walk
347,6.94,1.0,0.0,-0.3273700475692749,0.5858327150344849,0.11551015079021454,0.47738367319107056,0,2000,strong,2,40,42,1.0,0.0,walk
348,6.96,1.0,0.0,-0.32982468605041504,0.5785099267959595,0.08505935966968536,0.45601117610931396,0,2000,strong,2,40,42,1.0,0.0,walk
349,6.98,1.0,0.0,-0.33128678798675537,0.5769380927085876,0.06074810400605202,0.262483149766922,0,2000,strong,2,40,42,1.0,0.0,walk
350,7.0,1.0,0.0,-0.3311699628829956,0.5727801322937012,0.03966830298304558,0.0722019374370575,0,2000,strong,2,40,42,1.0,0.0,walk
351,7.0200000000000005,1.0,0.0,-0.32958245277404785,0.575670599937439,0.022108541801571846,-0.10477860271930695,0,2000,strong,2,40,42,1.0,0.0,walk
352,7.04,1.0,0.0,-0.3265044689178467,0.5728247165679932,0.003451275173574686,-0.2531570792198181,0,2000,strong,2,40,42,1.0,0.0,walk
353,7.0600000000000005,1.0,0.0,-0.3223226070404053,0.5737394690513611,-0.018175480887293816,-0.3338983356952667,0,2000,strong,2,40,42,1.0,0.0,walk
354,7.08,1.0,0.0,-0.3177725076675415,0.5834794640541077,-0.03778921067714691,-0.39868855476379395,0,2000,strong,2,40,42,1.0,0.0,walk
355,7.1000000000000005,1.0,0.0,-0.3138076066970825,0.6007435321807861,-0.05189516395330429,-0.3420105278491974,0,2000,strong,2,40,42,1.0,0.0,walk
356,7.12,1.0,0.0,-0.31086230278015137,0.6232779622077942,-0.06346718221902847,-0.2947320342063904,0,2000,strong,2,40,42,1.0,0.0,walk
357,7.140000000000001,1.0,0.0,-0.308569073677063,0.650416374206543,-0.07621800899505615,-0.29907405376434326,0,2000,strong,2,40,42,1.0,0.0,walk
358,7.16,1.0,0.0,-0.3064490556716919,0.6800252795219421,-0.09250569343566895,-0.33249038457870483,0,2000,strong,2,40,42,1.0,0.0,walk
359,7.18,1.0,0.0,-0.30454063415527344,0.7116760015487671,-0.11293116956949234,-0.35008352994918823,0,2000,strong,2,40,42,1.0,0.0,walk
360,7.2,1.0,0.0,-0.3027153015136719,0.7388748526573181,-0.13853079080581665,-0.35480424761772156,0,2000,strong,2,40,42,1.0,0.0,walk
361,7.22,1.0,0.0,-0.30103743076324463,0.7547124624252319,-0.1673039048910141,-0.27709680795669556,0,2000,strong,2,40,42,1.0,0.0,walk
362,7.24,1.0,0.0,-0.29979944229125977,0.761615514755249,-0.19657114148139954,-0.15155543386936188,0,2000,strong,2,40,42,1.0,0.0,walk
363,7.26,1.0,0.0,-0.3001199960708618,0.7685346603393555,-0.22665999829769135,0.07906913757324219,0,2000,strong,2,40,42,1.0,0.0,walk
364,7.28,1.0,0.0,-0.3012385368347168,0.7149698734283447,-0.1934826523065567,0.032899387180805206,0,2000,strong,2,40,42,1.0,0.0,walk
365,7.3,1.0,0.0,-0.3049710988998413,0.6760640740394592,-0.14465832710266113,0.4683375954627991,0,2000,strong,2,40,42,1.0,0.0,walk
366,7.32,1.0,0.0,-0.3107035160064697,0.6479354500770569,-0.11268069595098495,0.3392453193664551,0,2000,strong,2,40,42,1.0,0.0,walk
367,7.34,1.0,0.0,-0.3127628564834595,0.6293925642967224,-0.09648670256137848,-0.2792881429195404,0,2000,strong,2,40,42,1.0,0.0,walk
368,7.36,1.0,0.0,-0.31030309200286865,0.6128163933753967,-0.07026512175798416,-0.6218445301055908,0,2000,strong,2,40,42,1.0,0.0,walk
369,7.38,1.0,0.0,-0.30585289001464844,0.5933155417442322,-0.040025752037763596,-0.702629566192627,0,2000,strong,2,40,42,1.0,0.0,walk
370,7.4,1.0,0.0,-0.30197250843048096,0.5771414041519165,-0.010901035740971565,-0.4961235821247101,0,2000,strong,2,40,42,1.0,0.0,walk
371,7.42,1.0,0.0,-0.300134539604187,0.5674393177032471,0.013185742311179638,-0.25155502557754517,0,2000,strong,2,40,42,1.0,0.0,walk
372,7.44,1.0,0.0,-0.3004366159439087,0.5633825659751892,0.03212893754243851,-0.033010583370923996,0,2000,strong,2,40,42,1.0,0.0,walk
373,7.46,1.0,0.0,-0.3020380735397339,0.5630646347999573,0.0510062649846077,0.061284199357032776,0,2000,strong,2,40,42,1.0,0.0,walk
374,7.48,1.0,0.0,-0.3035616874694824,0.5722541809082031,0.06676920503377914,0.0508175827562809,0,2000,strong,2,40,42,1.0,0.0,walk
375,7.5,1.0,0.0,-0.3044278621673584,0.5866796374320984,0.0812571719288826,-0.004379873629659414,0,2000,strong,2,40,42,1.0,0.0,walk
376,7.5200000000000005,1.0,0.0,-0.3045525550842285,0.6138133406639099,0.09203166514635086,0.031087972223758698,0,2000,strong,2,40,42,1.0,0.0,walk
377,7.54,1.0,0.0,-0.3049696683883667,0.6461895704269409,0.1039881557226181,0.12849724292755127,0,2000,strong,2,40,42,1.0,0.0,walk
378,7.5600000000000005,1.0,0.0,-0.30565929412841797,0.6762051582336426,0.11987608671188354,0.15336446464061737,0,2000,strong,2,40,42,1.0,0.0,walk
379,7.58,1.0,0.0,-0.30594563484191895,0.7047141194343567,0.1405005306005478,0.11633819341659546,0,2000,strong,2,40,42,1.0,0.0,walk
380,7.6000000000000005,1.0,0.0,-0.3054317235946655,0.7308347225189209,0.16490507125854492,0.06625634431838989,0,2000,strong,2,40,42,1.0,0.0,walk
381,7.62,1.0,0.0,-0.30425429344177246,0.7518122792243958,0.19383835792541504,-0.005861540324985981,0,2000,strong,2,40,42,1.0,0.0,walk
382,7.640000000000001,1.0,0.0,-0.3025597333908081,0.7692645192146301,0.22619549930095673,-0.08901725709438324,0,2000,strong,2,40,42,1.0,0.0,walk
383,7.66,1.0,0.0,-0.3007016181945801,0.784235954284668,0.26192325353622437,-0.15328431129455566,0,2000,strong,2,40,42,1.0,0.0,walk
384,7.68,1.0,0.0,-0.29828405380249023,0.8020755052566528,0.29920607805252075,-0.23828433454036713,0,2000,strong,2,40,42,1.0,0.0,walk
385,7.7,1.0,0.0,-0.29567909240722656,0.7757949829101562,0.3155478239059448,0.01779688335955143,0,2000,strong,2,40,42,1.0,0.0,walk
386,7.72,1.0,0.0,-0.29322612285614014,0.7250041961669922,0.23048217594623566,-0.41570693254470825,0,2000,strong,2,40,42,1.0,0.0,walk
387,7.74,1.0,0.0,-0.28673815727233887,0.6794253587722778,0.17744244635105133,-0.5407233834266663,0,2000,strong,2,40,42,1.0,0.0,walk
388,7.76,1.0,0.0,-0.28108227252960205,0.6307579278945923,0.14998358488082886,-0.12039430439472198,0,2000,strong,2,40,42,1.0,0.0,walk
389,7.78,1.0,0.0,-0.28037381172180176,0.6069899797439575,0.13318489491939545,0.40544670820236206,0,2000,strong,2,40,42,1.0,0.0,walk
390,7.8,1.0,0.0,-0.28310465812683105,0.6021398305892944,0.10669239610433578,0.4899580776691437,0,2000,strong,2,40,42,1.0,0.0,walk
391,7.82,1.0,0.0,-0.2844277620315552,0.580787718296051,0.07327116280794144,0.31323811411857605,0,2000,strong,2,40,42,1.0,0.0,walk
392,7.84,1.0,0.0,-0.2845839262008667,0.5793723464012146,0.04935915395617485,0.15056878328323364,0,2000,strong,2,40,42,1.0,0.0,walk
393,7.86,1.0,0.0,-0.28410184383392334,0.5850073099136353,0.03157731518149376,0.04497433453798294,0,2000,strong,2,40,42,1.0,0.0,walk
394,7.88,1.0,0.0,-0.282489538192749,0.5772289633750916,0.01632009632885456,-0.0998489111661911,0,2000,strong,2,40,42,1.0,0.0,walk
395,7.9,1.0,0.0,-0.2795877456665039,0.579216718673706,-0.004543054848909378,-0.2185939997434616,0,2000,strong,2,40,42,1.0,0.0,walk
396,7.92,1.0,0.0,-0.2754479646682739,0.5857855677604675,-0.028883984312415123,-0.37639713287353516,0,2000,strong,2,40,42,1.0,0.0,walk
397,7.94,1.0,0.0,-0.27067673206329346,0.606991708278656,-0.043039824813604355,-0.4544672966003418,0,2000,strong,2,40,42,1.0,0.0,walk
398,7.96,1.0,0.0,-0.26665961742401123,0.6230802536010742,-0.054313674569129944,-0.34263861179351807,0,2000,strong,2,40,42,1.0,0.0,walk
399,7.98,1.0,0.0,-0.2639123201370239,0.6459528207778931,-0.06565201282501221,-0.2911856174468994,0,2000,strong,2,40,42,1.0,0.0,walk
400,8.0,1.0,0.0,-0.26159441471099854,0.6709083318710327,-0.08146791160106659,-0.3230571746826172,0,2000,strong,2,40,42,1.0,0.0,walk
401,8.02,1.0,0.0,-0.2595250606536865,0.7002757787704468,-0.09883462637662888,-0.3427833318710327,0,2000,strong,2,40,42,1.0,0.0,walk
402,8.040000000000001,1.0,0.0,-0.25768065452575684,0.7302232980728149,-0.12118373811244965,-0.35572928190231323,0,2000,strong,2,40,42,1.0,0.0,walk
403,8.06,1.0,0.0,-0.25590741634368896,0.7525848746299744,-0.14903347194194794,-0.32829731702804565,0,2000,strong,2,40,42,1.0,0.0,walk
404,8.08,1.0,0.0,-0.2545822858810425,0.7638034224510193,-0.17877967655658722,-0.19539034366607666,0,2000,strong,2,40,42,1.0,0.0,walk
405,8.1,1.0,0.0,-0.2542712688446045,0.7696380615234375,-0.20704235136508942,-0.014023339375853539,0,2000,strong,2,40,42,1.0,0.0,walk
406,8.120000000000001,1.0,0.0,-0.25622832775115967,0.7768528461456299,-0.23499508202075958,0.23327934741973877,0,2000,strong,2,40,42,1.0,0.0,walk
407,8.14,1.0,0.0,-0.25794923305511475,0.7029269933700562,-0.16757015883922577,0.3352339267730713,0,2000,strong,2,40,42,1.0,0.0,walk
408,8.16,1.0,0.0,-0.26357805728912354,0.6681285500526428,-0.12837988138198853,0.5020977854728699,0,2000,strong,2,40,42,1.0,0.0,walk
409,8.18,1.0,0.0,-0.26833224296569824,0.6472778916358948,-0.10326088219881058,0.12569260597229004,0,2000,strong,2,40,42,1.0,0.0,walk
410,8.2,1.0,0.0,-0.26847636699676514,0.6287662386894226,-0.08517920225858688,-0.4676463007926941,0,2000,strong,2,40,42,1.0,0.0,walk
411,8.22,1.0,0.0,-0.26452159881591797,0.6146330237388611,-0.05928310751914978,-0.7160581350326538,0,2000,strong,2,40,42,1.0,0.0,walk
412,8.24,1.0,0.0,-0.25959813594818115,0.5931233763694763,-0.030275054275989532,-0.6775718331336975,0,2000,strong,2,40,42,1.0,0.0,walk
413,8.26,1.0,0.0,-0.2563287019729614,0.5816425681114197,-0.002033212687820196,-0.3821139335632324,0,2000,strong,2,40,42,1.0,0.0,walk
414,8.28,1.0,0.0,-0.2557259798049927,0.569867730140686,0.019640102982521057,-0.11898650228977203,0,2000,strong,2,40,42,1.0,0.0,walk
415,8.3,1.0,0.0,-0.25664186477661133,0.5647137761116028,0.037458110600709915,0.000871850352268666,0,2000,strong,2,40,42,1.0,0.0,walk
416,8.32,1.0,0.0,-0.2579091787338257,0.5684791803359985,0.054547425359487534,0.03470742329955101,0,2000,strong,2,40,42,1.0,0.0,walk
417,8.34,1.0,0.0,-0.258952260017395,0.5793553590774536,0.07151070982217789,0.020559927448630333,0,2000,strong,2,40,42,1.0,0.0,walk
418,8.36,1.0,0.0,-0.2595287561416626,0.5987778902053833,0.08632352948188782,0.006392822600901127,0,2000,strong,2,40,42,1.0,0.0,walk
419,8.38,1.0,0.0,-0.25977838039398193,0.6293877363204956,0.0962236076593399,0.07324068993330002,0,2000,strong,2,40,42,1.0,0.0,walk
420,8.4,1.0,0.0,-0.26047003269195557,0.6634674072265625,0.10923194140195847,0.17004258930683136,0,2000,strong,2,40,42,1.0,0.0,walk
421,8.42,1.0,0.0,-0.261305570602417,0.694855272769928,0.12719260156154633,0.16791710257530212,0,2000,strong,2,40,42,1.0,0.0,walk
422,8.44,1.0,0.0,-0.2615470886230469,0.7238726615905762,0.14922621846199036,0.1226712018251419,0,2000,strong,2,40,42,1.0,0.0,walk
423,8.46,1.0,0.0,-0.2610660791397095,0.7483178973197937,0.17601948976516724,0.05918212607502937,0,2000,strong,2,40,42,1.0,0.0,walk
424,8.48,1.0,0.0,-0.25999772548675537,0.7690896987915039,0.20633485913276672,-0.014431547373533249,0,2000,strong,2,40,42,1.0,0.0,walk
425,8.5,1.0,0.0,-0.2584580183029175,0.7855949997901917,0.23978468775749207,-0.10927708446979523,0,2000,strong,2,40,42,1.0,0.0,walk
426,8.52,1.0,0.0,-0.2563060522079468,0.8004229664802551,0.27561572194099426,-0.2164660394191742,0,2000,strong,2,40,42,1.0,0.0,walk
427,8.540000000000001,1.0,0.0,-0.2532534599304199,0.8184466361999512,0.31348615884780884,-0.286825954914093,0,2000,strong,2,40,42,1.0,0.0,walk
428,8.56,1.0,0.0,-0.2514669895172119,0.7476726770401001,0.26200053095817566,-0.2056770920753479,0,2000,strong,2,40,42,1.0,0.0,walk
429,8.58,1.0,0.0,-0.24639689922332764,0.695057213306427,0.19933384656906128,-0.5413422584533691,0,2000,strong,2,40,42,1.0,0.0,walk
430,8.6,1.0,0.0,-0.24002301692962646,0.6498333215713501,0.1572711169719696,-0.3616049289703369,0,2000,strong,2,40,42,1.0,0.0,walk
431,8.620000000000001,1.0,0.0,-0.23665058612823486,0.6126702427864075,0.13992346823215485,0.15519297122955322,0,2000,strong,2,40,42,1.0,0.0,walk
432,8.64,1.0,0.0,-0.23758208751678467,0.5846264362335205,0.11565203219652176,0.5061106085777283,0,2000,strong,2,40,42,1.0,0.0,walk
433,8.66,1.0,0.0,-0.24041330814361572,0.5760870575904846,0.08568614721298218,0.48284706473350525,0,2000,strong,2,40,42,1.0,0.0,walk
434,8.68,1.0,0.0,-0.24206852912902832,0.5715216994285583,0.06107473745942116,0.2775889039039612,0,2000,strong,2,40,42,1.0,0.0,walk
435,8.700000000000001,1.0,0.0,-0.24204981327056885,0.5667785406112671,0.03986801579594612,0.08069507777690887,0,2000,strong,2,40,42,1.0,0.0,walk
436,8.72,1.0,0.0,-0.2405557632446289,0.5707141160964966,0.024072246626019478,-0.09990526735782623,0,2000,strong,2,40,42,1.0,0.0,walk
437,8.74,1.0,0.0,-0.23754656314849854,0.5665238499641418,0.00662493659183383,-0.24758747220039368,0,2000,strong,2,40,42,1.0,0.0,walk
438,8.76,1.0,0.0,-0.23346710205078125,0.5650774240493774,-0.015590310096740723,-0.3265830874443054,0,2000,strong,2,40,42,1.0,0.0,walk
439,8.78,1.0,0.0,-0.22893810272216797,0.5729376673698425,-0.034624576568603516,-0.4060196876525879,0,2000,strong,2,40,42,1.0,0.0,walk
440,8.8,1.0,0.0,-0.22474706172943115,0.5897915959358215,-0.049943000078201294,-0.36296534538269043,0,2000,strong,2,40,42,1.0,0.0,walk
441,8.82,1.0,0.0,-0.22169148921966553,0.6122944951057434,-0.06024006009101868,-0.29492318630218506,0,2000,strong,2,40,42,1.0,0.0,walk
442,8.84,1.0,0.0,-0.21953463554382324,0.6388571262359619,-0.07249010354280472,-0.2704617381095886,0,2000,strong,2,40,42,1.0,0.0,walk
443,8.86,1.0,0.0,-0.21775484085083008,0.6672565340995789,-0.0887182205915451,-0.2882929742336273,0,2000,strong,2,40,42,1.0,0.0,walk
444,8.88,1.0,0.0,-0.21629059314727783,0.6974650025367737,-0.10973053425550461,-0.29874086380004883,0,2000,strong,2,40,42,1.0,0.0,walk
445,8.9,1.0,0.0,-0.21504032611846924,0.7249497175216675,-0.13575784862041473,-0.2958528399467468,0,2000,strong,2,40,42,1.0,0.0,walk
446,8.92,1.0,0.0,-0.2140192985534668,0.7409136295318604,-0.1643279641866684,-0.21915924549102783,0,2000,strong,2,40,42,1.0,0.0,walk
447,8.94,1.0,0.0,-0.21332848072052002,0.7490146160125732,-0.19485637545585632,-0.11793860793113708,0,2000,strong,2,40,42,1.0,0.0,walk
448,8.96,1.0,0.0,-0.2138512134552002,0.7560873627662659,-0.22549673914909363,0.07558108866214752,0,2000,strong,2,40,42,1.0,0.0,walk
449,8.98,1.0,0.0,-0.2156733274459839,0.7086799740791321,-0.2122715264558792,-0.08124849945306778,0,2000,strong,2,40,42,1.0,0.0,walk
450,9.0,1.0,0.0,-0.21891748905181885,0.6757427453994751,-0.16122809052467346,0.4492732882499695,0,2000,strong,2,40,42,1.0,0.0,walk
451,9.02,1.0,0.0,-0.22488129138946533,0.6474550366401672,-0.12830160558223724,0.4065471887588501,0,2000,strong,2,40,42,1.0,0.0,walk
452,9.040000000000001,1.0,0.0,-0.22761046886444092,0.630882203578949,-0.11305321753025055,-0.20269064605236053,0,2000,strong,2,40,42,1.0,0.0,walk
453,9.06,1.0,0.0,-0.22574269771575928,0.6169781684875488,-0.08659916371107101,-0.5478194952011108,0,2000,strong,2,40,42,1.0,0.0,walk
454,9.08,1.0,0.0,-0.22156941890716553,0.6003631353378296,-0.0549420565366745,-0.6926184892654419,0,2000,strong,2,40,42,1.0,0.0,walk
455,9.1,1.0,0.0,-0.21762824058532715,0.5845786333084106,-0.025121789425611496,-0.5162612795829773,0,2000,strong,2,40,42,1.0,0.0,walk
456,9.120000000000001,1.0,0.0,-0.215537428855896,0.5746304988861084,-0.00033571728272363544,-0.2721901535987854,0,2000,strong,2,40,42,1.0,0.0,walk
457,9.14,1.0,0.0,-0.21550285816192627,0.5726585388183594,0.018466642126441002,-0.06167188286781311,0,2000,strong,2,40,42,1.0,0.0,walk
458,9.16,1.0,0.0,-0.21676790714263916,0.5718536376953125,0.036976899951696396,0.03387121483683586,0,2000,strong,2,40,42,1.0,0.0,walk
459,9.18,1.0,0.0,-0.2178570032119751,0.5806065201759338,0.053118474781513214,0.021959111094474792,0,2000,strong,2,40,42,1.0,0.0,walk
460,9.200000000000001,1.0,0.0,-0.218575119972229,0.5930708050727844,0.06896155327558517,-0.006249676924198866,0,2000,strong,2,40,42,1.0,0.0,walk
461,9.22,1.0,0.0,-0.21887195110321045,0.61842280626297,0.08063950389623642,0.051402680575847626,0,2000,strong,2,40,42,1.0,0.0,walk
462,9.24,1.0,0.0,-0.21953821182250977,0.6517688632011414,0.09183571487665176,0.1602056324481964,0,2000,strong,2,40,42,1.0,0.0,walk
463,9.26,1.0,0.0,-0.22058522701263428,0.6829312443733215,0.10749541968107224,0.19153514504432678,0,2000,strong,2,40,42,1.0,0.0,walk
464,9.28,1.0,0.0,-0.22130358219146729,0.7125545740127563,0.12708719074726105,0.1655389964580536,0,2000,strong,2,40,42,1.0,0.0,walk
465,9.3,1.0,0.0,-0.2213127613067627,0.7392587065696716,0.1510132998228073,0.11468753218650818,0,2000,strong,2,40,42,1.0,0.0,walk
466,9.32,1.0,0.0,-0.2206805944442749,0.7610471248626709,0.178921177983284,0.04661963880062103,0,2000,strong,2,40,42,1.0,0.0,walk
467,9.34,1.0,0.0,-0.2195032835006714,0.7787538170814514,0.21018032729625702,-0.044753022491931915,0,2000,strong,2,40,42,1.0,0.0,walk
468,9.36,1.0,0.0,-0.2180119752883911,0.7937737107276917,0.24446947872638702,-0.13168150186538696,0,2000,strong,2,40,42,1.0,0.0,walk
469,9.38,1.0,0.0,-0.21564674377441406,0.8113872408866882,0.2806987762451172,-0.2553931772708893,0,2000,strong,2,40,42,1.0,0.0,walk
470,9.4,1.0,0.0,-0.21266937255859375,0.7830907702445984,0.2973913550376892,0.01225576177239418,0,2000,strong,2,40,42,1.0,0.0,walk
471,9.42,1.0,0.0,-0.2103060483932495,0.7248061299324036,0.2133500576019287,-0.43109965324401855,0,2000,strong,2,40,42,1.0,0.0,walk
472,9.44,1.0,0.0,-0.20372426509857178,0.6742560863494873,0.1598455160856247,-0.541434645652771,0,2000,strong,2,40,42,1.0,0.0,walk
473,9.46,1.0,0.0,-0.19806396961212158,0.6191480755805969,0.13217496871948242,-0.11102241277694702,0,2000,strong,2,40,42,1.0,0.0,walk
474,9.48,1.0,0.0,-0.1974020004272461,0.5937314629554749,0.11641255021095276,0.42017269134521484,0,2000,strong,2,40,42,1.0,0.0,walk
475,9.5,1.0,0.0,-0.20029842853546143,0.5909583568572998,0.09082096070051193,0.5126428604125977,0,2000,strong,2,40,42,1.0,0.0,walk
476,9.52,1.0,0.0,-0.2017354965209961,0.5704419016838074,0.059448953717947006,0.32472485303878784,0,2000,strong,2,40,42,1.0,0.0,walk
477,9.540000000000001,1.0,0.0,-0.20209121704101562,0.5729727149009705,0.03750036284327507,0.16577085852622986,0,2000,strong,2,40,42,1.0,0.0,walk
478,9.56,1.0,0.0,-0.20180213451385498,0.5754140019416809,0.018604425713419914,0.07496512681245804,0,2000,strong,2,40,42,1.0,0.0,walk
479,9.58,1.0,0.0,-0.20062029361724854,0.5663650631904602,0.0020433301106095314,-0.04303446412086487,0,2000,strong,2,40,42,1.0,0.0,walk
480,9.6,1.0,0.0,-0.19822990894317627,0.5656478404998779,-0.02047964185476303,-0.16208042204380035,0,2000,strong,2,40,42,1.0,0.0,walk
481,9.620000000000001,1.0,0.0,-0.19470417499542236,0.570979654788971,-0.0451514832675457,-0.30291157960891724,0,2000,strong,2,40,42,1.0,0.0,walk
482,9.64,1.0,0.0,-0.19063043594360352,0.5920069813728333,-0.05932547152042389,-0.3912554979324341,0,2000,strong,2,40,42,1.0,0.0,walk
483,9.66,1.0,0.0,-0.18722259998321533,0.6084308624267578,-0.07078293710947037,-0.29283633828163147,0,2000,strong,2,40,42,1.0,0.0,walk
484,9.68,1.0,0.0,-0.1849682331085205,0.6311541795730591,-0.08213723450899124,-0.2548898458480835,0,2000,strong,2,40,42,1.0,0.0,walk
485,9.700000000000001,1.0,0.0,-0.18299472332000732,0.6564056873321533,-0.09804205596446991,-0.29965487122535706,0,2000,strong,2,40,42,1.0,0.0,walk
486,9.72,1.0,0.0,-0.18107926845550537,0.685910701751709,-0.11738544702529907,-0.3337836265563965,0,2000,strong,2,40,42,1.0,0.0,walk
487,9.74,1.0,0.0,-0.17953360080718994,0.715697705745697,-0.1405925452709198,-0.3189280927181244,0,2000,strong,2,40,42,1.0,0.0,walk
488,9.76,1.0,0.0,-0.17834460735321045,0.7375627756118774,-0.16927863657474518,-0.2638031840324402,0,2000,strong,2,40,42,1.0,0.0,walk
489,9.78,1.0,0.0,-0.17750000953674316,0.748786211013794,-0.20043297111988068,-0.16302898526191711,0,2000,strong,2,40,42,1.0,0.0,walk
490,9.8,1.0,0.0,-0.17728471755981445,0.7545222043991089,-0.23140978813171387,-0.028965197503566742,0,2000,strong,2,40,42,1.0,0.0,walk
491,9.82,1.0,0.0,-0.17908895015716553,0.760827362537384,-0.26228439807891846,0.21095535159111023,0,2000,strong,2,40,42,1.0,0.0,walk
492,9.84,1.0,0.0,-0.18077361583709717,0.6870042085647583,-0.1999409943819046,0.2987655699253082,0,2000,strong,2,40,42,1.0,0.0,walk
493,9.86,1.0,0.0,-0.1861649751663208,0.652741014957428,-0.15963561832904816,0.48056358098983765,0,2000,strong,2,40,42,1.0,0.0,walk
494,9.88,1.0,0.0,-0.1909404993057251,0.6320062875747681,-0.13326744735240936,0.12933436036109924,0,2000,strong,2,40,42,1.0,0.0,walk
495,9.9,1.0,0.0,-0.1913127899169922,0.6160886883735657,-0.11551524698734283,-0.41199687123298645,0,2000,strong,2,40,42,1.0,0.0,walk
496,9.92,1.0,0.0,-0.1881030797958374,0.6026753783226013,-0.0897660106420517,-0.6191451549530029,0,2000,strong,2,40,42,1.0,0.0,walk
497,9.94,1.0,0.0,-0.18429744243621826,0.5784499049186707,-0.0574909932911396,-0.5781028270721436,0,2000,strong,2,40,42,1.0,0.0,walk
498,9.96,1.0,0.0,-0.18162894248962402,0.5657103657722473,-0.030703894793987274,-0.35329920053482056,0,2000,strong,2,40,42,1.0,0.0,walk
499,9.98,1.0,0.0,-1.26734459400177,0.556132435798645,-0.007457728963345289,-0.1755560040473938,0,2000,strong,2,40,42,1.0,0.0,walk
500,10.0,1.0,0.0,-1.2677747011184692,0.5518152713775635,0.012135439552366734,-0.042826324701309204,0,2000,strong,2,40,42,1.0,0.0,walk
501,10.02,1.0,0.0,-1.2687541246414185,0.5547716021537781,0.03115292638540268,0.011896137148141861,0,2000,strong,2,40,42,1.0,0.0,walk
502,10.040000000000001,1.0,0.0,-1.2699440717697144,0.5638254284858704,0.04923202469944954,0.044104721397161484,0,2000,strong,2,40,42,1.0,0.0,walk
503,10.06,1.0,0.0,-1.2707380056381226,0.5816711187362671,0.0638090968132019,0.0059266965836286545,0,2000,strong,2,40,42,1.0,0.0,walk
504,10.08,1.0,0.0,-1.2705503702163696,0.611167311668396,0.07358991354703903,-0.008345232345163822,0,2000,strong,2,40,42,1.0,0.0,walk
505,10.1,1.0,0.0,-1.2702189683914185,0.6442230939865112,0.08832436800003052,0.03588668629527092,0,2000,strong,2,40,42,1.0,0.0,walk
506,10.120000000000001,1.0,0.0,-1.269178032875061,0.6739487051963806,0.1074494943022728,-0.05874506011605263,0,2000,strong,2,40,42,1.0,0.0,walk
507,10.14,1.0,0.0,-1.2667852640151978,0.7006980180740356,0.13355770707130432,-0.16946682333946228,0,2000,strong,2,40,42,1.0,0.0,walk
508,10.16,1.0,0.0,-1.263037085533142,0.7239423990249634,0.16429400444030762,-0.2800554037094116,0,2000,strong,2,40,42,1.0,0.0,walk
509,10.18,1.0,0.0,-1.257978081703186,0.7425584197044373,0.19938568770885468,-0.430184930562973,0,2000,strong,2,40,42,1.0,0.0,walk
510,10.200000000000001,1.0,0.0,-1.2516189813613892,0.7575981616973877,0.23800712823867798,-0.5757020115852356,0,2000,strong,2,40,42,1.0,0.0,walk
511,10.22,1.0,0.0,-1.2447291612625122,0.773273766040802,0.28039732575416565,-0.6275076270103455,0,2000,strong,2,40,42,1.0,0.0,walk
512,10.24,1.0,0.0,-1.2382150888442993,0.794249415397644,0.3237825930118561,-0.5105210542678833,0,2000,strong,2,40,42,1.0,0.0,walk
513,10.26,1.0,0.0,-1.2346326112747192,0.7342836260795593,0.2689950168132782,-0.38295045495033264,0,2000,strong,2,40,42,1.0,0.0,walk
514,10.28,1.0,0.0,-1.2267314195632935,0.6920261979103088,0.20419946312904358,-0.8447213172912598,0,2000,strong,2,40,42,1.0,0.0,walk
515,10.3,1.0,0.0,-1.2168322801589966,0.6553856134414673,0.16716161370277405,-0.7288117408752441,0,2000,strong,2,40,42,1.0,0.0,walk
516,10.32,1.0,0.0,-1.2099963426589966,0.618058443069458,0.15727098286151886,-0.18894052505493164,0,2000,strong,2,40,42,1.0,0.0,walk
517,10.34,1.0,0.0,-1.2076894044876099,0.5937904119491577,0.13375882804393768,0.1632777452468872,0,2000,strong,2,40,42,1.0,0.0,walk
518,10.36,1.0,0.0,-1.2074495553970337,0.5836048126220703,0.10856575518846512,0.18807658553123474,0,2000,strong,2,40,42,1.0,0.0,walk
519,10.38,1.0,0.0,-1.2063499689102173,0.5750474333763123,0.0867384821176529,0.019252274185419083,0,2000,strong,2,40,42,1.0,0.0,walk
520,10.4,1.0,0.0,-1.2037478685379028,0.5703785419464111,0.06541480869054794,-0.16233141720294952,0,2000,strong,2,40,42,1.0,0.0,walk
521,10.42,1.0,0.0,-1.199804425239563,0.5793386697769165,0.0502762533724308,-0.33958205580711365,0,2000,strong,2,40,42,1.0,0.0,walk
522,10.44,1.0,0.0,-1.195031762123108,0.5886523723602295,0.03699365630745888,-0.4011251628398895,0,2000,strong,2,40,42,1.0,0.0,walk
523,10.46,1.0,0.0,-1.1903568506240845,0.5946446657180786,0.01812930591404438,-0.3593598008155823,0,2000,strong,2,40,42,1.0,0.0,walk
524,10.48,1.0,0.0,-1.185653805732727,0.6116281747817993,-0.0007855487056076527,-0.44702252745628357,0,2000,strong,2,40,42,1.0,0.0,walk
525,10.5,1.0,0.0,-1.1808770895004272,0.6322433948516846,-0.015180655755102634,-0.4807959794998169,0,2000,strong,2,40,42,1.0,0.0,walk
526,10.52,1.0,0.0,-1.1763120889663696,0.6525837779045105,-0.025231536477804184,-0.4953610599040985,0,2000,strong,2,40,42,1.0,0.0,walk
527,10.540000000000001,1.0,0.0,-1.1720072031021118,0.6769833564758301,-0.03343586623668671,-0.5274558663368225,0,2000,strong,2,40,42,1.0,0.0,walk
528,10.56,1.0,0.0,-1.167141079902649,0.705936074256897,-0.04596776142716408,-0.6639288663864136,0,2000,strong,2,40,42,1.0,0.0,walk
529,10.58,1.0,0.0,-1.1614099740982056,0.7365370392799377,-0.06235581263899803,-0.7633682489395142,0,2000,strong,2,40,42,1.0,0.0,walk
530,10.6,1.0,0.0,-1.1549230813980103,0.7593322992324829,-0.08182674646377563,-0.7967440485954285,0,2000,strong,2,40,42,1.0,0.0,walk
531,10.620000000000001,1.0,0.0,-1.14849054813385,0.7704887390136719,-0.1001930832862854,-0.6569003462791443,0,2000,strong,2,40,42,1.0,0.0,walk
532,10.64,1.0,0.0,-1.1440974473953247,0.7767098546028137,-0.1185804158449173,-0.3160473704338074,0,2000,strong,2,40,42,1.0,0.0,walk
533,10.66,1.0,0.0,-1.1434746980667114,0.7845999598503113,-0.12847939133644104,0.13582058250904083,0,2000,strong,2,40,42,1.0,0.0,walk
534,10.68,1.0,0.0,-1.1431506872177124,0.717163622379303,-0.07310225814580917,0.032037828117609024,0,2000,strong,2,40,42,1.0,0.0,walk
535,10.700000000000001,1.0,0.0,-1.144633412361145,0.6855917572975159,-0.03575621917843819,0.06598761677742004,0,2000,strong,2,40,42,1.0,0.0,walk
536,10.72,1.0,0.0,-1.144652009010315,0.6710581183433533,-0.010158487595617771,-0.31321442127227783,0,2000,strong,2,40,42,1.0,0.0,walk
537,10.74,1.0,0.0,-1.1403342485427856,0.661989152431488,0.006301675457507372,-0.8774952292442322,0,2000,strong,2,40,42,1.0,0.0,walk
538,10.76,1.0,0.0,-1.1320711374282837,0.65276038646698,0.03017442487180233,-1.1227675676345825,0,2000,strong,2,40,42,1.0,0.0,walk
539,10.78,1.0,0.0,-1.1229764223098755,0.6296752691268921,0.057390809059143066,-1.1034425497055054,0,2000,strong,2,40,42,1.0,0.0,walk
540,10.8,1.0,0.0,-1.115606427192688,0.6142687201499939,0.08244046568870544,-0.7587671875953674,0,2000,strong,2,40,42,1.0,0.0,walk
541,10.82,1.0,0.0,-1.112017273902893,0.5960767269134521,0.10413480550050735,-0.3642788827419281,0,2000,strong,2,40,42,1.0,0.0,walk
542,10.84,1.0,0.0,-1.1115528345108032,0.5859194397926331,0.12091142684221268,-0.092036172747612,0,2000,strong,2,40,42,1.0,0.0,walk
543,10.86,1.0,0.0,-1.1129013299942017,0.5854579210281372,0.13542988896369934,0.05040210112929344,0,2000,strong,2,40,42,1.0,0.0,walk
544,10.88,1.0,0.0,-1.1143347024917603,0.5952629446983337,0.1483648270368576,0.022257022559642792,0,2000,strong,2,40,42,1.0,0.0,walk
545,10.9,1.0,0.0,-1.1149331331253052,0.6136460900306702,0.15974833071231842,-0.03972627967596054,0,2000,strong,2,40,42,1.0,0.0,walk
546,10.92,1.0,0.0,-1.1146870851516724,0.6432194709777832,0.1676829755306244,-0.011840836144983768,0,2000,strong,2,40,42,1.0,0.0,walk
547,10.94,1.0,0.0,-1.1146012544631958,0.6800569891929626,0.17875246703624725,0.07644330710172653,0,2000,strong,2,40,42,1.0,0.0,walk
548,10.96,1.0,0.0,-1.1144887208938599,0.714641809463501,0.19603322446346283,0.05710884928703308,0,2000,strong,2,40,42,1.0,0.0,walk
549,10.98,1.0,0.0,-1.1135841608047485,0.7469360828399658,0.21965192258358002,-0.02539476566016674,0,2000,strong,2,40,42,1.0,0.0,walk
550,11.0,1.0,0.0,-1.1113921403884888,0.7752544283866882,0.24783673882484436,-0.12788879871368408,0,2000,strong,2,40,42,1.0,0.0,walk
551,11.02,1.0,0.0,-1.1080557107925415,0.7988607287406921,0.28066855669021606,-0.2532286047935486,0,2000,strong,2,40,42,1.0,0.0,walk
552,11.040000000000001,1.0,0.0,-1.1039243936538696,0.8204197287559509,0.31774309277534485,-0.3389786183834076,0,2000,strong,2,40,42,1.0,0.0,walk
553,11.06,1.0,0.0,-1.0997000932693481,0.8413625359535217,0.3588884174823761,-0.3567432463169098,0,2000,strong,2,40,42,1.0,0.0,walk
554,11.08,1.0,0.0,-1.0956894159317017,0.8664659261703491,0.401833176612854,-0.2932611107826233,0,2000,strong,2,40,42,1.0,0.0,walk
555,11.1,1.0,0.0,-1.094068169593811,0.8068121671676636,0.35356688499450684,-0.05810732766985893,0,2000,strong,2,40,42,1.0,0.0,walk
556,11.120000000000001,1.0,0.0,-1.0880624055862427,0.7529408931732178,0.26773110032081604,-0.7928106784820557,0,2000,strong,2,40,42,1.0,0.0,walk
557,11.14,1.0,0.0,-1.077914834022522,0.7067214846611023,0.22010737657546997,-0.813698947429657,0,2000,strong,2,40,42,1.0,0.0,walk
558,11.16,1.0,0.0,-1.0701628923416138,0.6608699560165405,0.20819920301437378,-0.2742069661617279,0,2000,strong,2,40,42,1.0,0.0,walk
559,11.18,1.0,0.0,-1.067212700843811,0.6291905045509338,0.1854090690612793,0.11521720141172409,0,2000,strong,2,40,42,1.0,0.0,walk
560,11.200000000000001,1.0,0.0,-1.0665899515151978,0.6129986047744751,0.15512195229530334,0.15114112198352814,0,2000,strong,2,40,42,1.0,0.0,walk
561,11.22,1.0,0.0,-1.065043568611145,0.5937374234199524,0.12451706826686859,0.015662459656596184,0,2000,strong,2,40,42,1.0,0.0,walk
562,11.24,1.0,0.0,-1.062717080116272,0.5903235077857971,0.10511802136898041,-0.12769632041454315,0,2000,strong,2,40,42,1.0,0.0,walk
563,11.26,1.0,0.0,-1.0594173669815063,0.6014199256896973,0.09119470417499542,-0.28688228130340576,0,2000,strong,2,40,42,1.0,0.0,walk
564,11.28,1.0,0.0,-1.0545016527175903,0.5978574752807617,0.06959499418735504,-0.4228832423686981,0,2000,strong,2,40,42,1.0,0.0,walk
565,11.3,1.0,0.0,-1.0490695238113403,0.6050364375114441,0.046765994280576706,-0.43806880712509155,0,2000,strong,2,40,42,1.0,0.0,walk
566,11.32,1.0,0.0,-1.043739914894104,0.6157654523849487,0.023977873846888542,-0.4725021719932556,0,2000,strong,2,40,42,1.0,0.0,walk
567,11.34,1.0,0.0,-1.0391517877578735,0.6328921318054199,0.011841783300042152,-0.416567862033844,0,2000,strong,2,40,42,1.0,0.0,walk
568,11.36,1.0,0.0,-1.0354443788528442,0.6548472046852112,0.0005245179636403918,-0.39158523082733154,0,2000,strong,2,40,42,1.0,0.0,walk
569,11.38,1.0,0.0,-1.0313764810562134,0.6805824041366577,-0.011339453049004078,-0.5293487906455994,0,2000,strong,2,40,42,1.0,0.0,walk
570,11.4,1.0,0.0,-1.0267115831375122,0.7094443440437317,-0.023041749373078346,-0.6036698818206787,0,2000,strong,2,40,42,1.0,0.0,walk
571,11.42,1.0,0.0,-1.0217558145523071,0.7378089427947998,-0.038279417902231216,-0.6717404723167419,0,2000,strong,2,40,42,1.0,0.0,walk
572,11.44,1.0,0.0,-1.0163909196853638,0.762178361415863,-0.05848505347967148,-0.7046329975128174,0,2000,strong,2,40,42,1.0,0.0,walk
573,11.46,1.0,0.0,-1.0105959177017212,0.7750862240791321,-0.08068542927503586,-0.6612508296966553,0,2000,strong,2,40,42,1.0,0.0,walk
574,11.48,1.0,0.0,-1.005674958229065,0.7813719511032104,-0.10121777653694153,-0.4294252097606659,0,2000,strong,2,40,42,1.0,0.0,walk
575,11.5,1.0,0.0,-1.0035549402236938,0.788818895816803,-0.1175101101398468,-0.050196703523397446,0,2000,strong,2,40,42,1.0,0.0,walk
576,11.52,1.0,0.0,-1.0033026933670044,0.7406816482543945,-0.08682037889957428,-0.09358242154121399,0,2000,strong,2,40,42,1.0,0.0,walk
577,11.540000000000001,1.0,0.0,-1.0042139291763306,0.700003981590271,-0.043711937963962555,0.144491046667099,0,2000,strong,2,40,42,1.0,0.0,walk
578,11.56,1.0,0.0,-1.0058842897415161,0.6753672957420349,-0.012007705867290497,-0.07336944341659546,0,2000,strong,2,40,42,1.0,0.0,walk
579,11.58,1.0,0.0,-1.003667950630188,0.6616698503494263,0.003781368490308523,-0.6879317760467529,0,2000,strong,2,40,42,1.0,0.0,walk
580,11.6,1.0,0.0,-0.9965130090713501,0.6523337960243225,0.027660103514790535,-1.05848228931427,0,2000,strong,2,40,42,1.0,0.0,walk
581,11.620000000000001,1.0,0.0,-0.9874669313430786,0.6304876208305359,0.05504480376839638,-1.1547794342041016,0,2000,strong,2,40,42,1.0,0.0,walk
582,11.64,1.0,0.0,-0.9794231653213501,0.6135886311531067,0.08068893104791641,-0.8660640120506287,0,2000,strong,2,40,42,1.0,0.0,walk
583,11.66,1.0,0.0,-0.9745060205459595,0.5967132449150085,0.10291758179664612,-0.5002387166023254,0,2000,strong,2,40,42,1.0,0.0,walk
584,11.68,1.0,0.0,-0.9730674028396606,0.5863115787506104,0.11957444995641708,-0.15702617168426514,0,2000,strong,2,40,42,1.0,0.0,walk
585,11.700000000000001,1.0,0.0,-0.9742804765701294,0.5807215571403503,0.13354156911373138,0.05565131455659866,0,2000,strong,2,40,42,1.0,0.0,walk
586,11.72,1.0,0.0,-0.9762378931045532,0.5862078666687012,0.14573410153388977,0.07635746151208878,0,2000,strong,2,40,42,1.0,0.0,walk
587,11.74,1.0,0.0,-0.9775506258010864,0.599899411201477,0.15615150332450867,0.0024792212061583996,0,2000,strong,2,40,42,1.0,0.0,walk
588,11.76,1.0,0.0,-0.9777246713638306,0.6252564191818237,0.16287453472614288,-0.011470695957541466,0,2000,strong,2,40,42,1.0,0.0,walk
589,11.78,1.0,0.0,-0.9777566194534302,0.659922182559967,0.17151206731796265,0.06779961287975311,0,2000,strong,2,40,42,1.0,0.0,walk
590,11.8,1.0,0.0,-0.9779645204544067,0.694202721118927,0.18526744842529297,0.09090080857276917,0,2000,strong,2,40,42,1.0,0.0,walk
591,11.82,1.0,0.0,-0.9776860475540161,0.7257978916168213,0.2055061310529709,0.030328353866934776,0,2000,strong,2,40,42,1.0,0.0,walk
592,11.84,1.0,0.0,-0.9762102365493774,0.7556864023208618,0.23009665310382843,-0.06801564246416092,0,2000,strong,2,40,42,1.0,0.0,walk
593,11.86,1.0,0.0,-0.9734460115432739,0.7806997895240784,0.25951024889945984,-0.18687476217746735,0,2000,strong,2,40,42,1.0,0.0,walk
594,11.88,1.0,0.0,-0.9696956872940063,0.8029257655143738,0.2932077646255493,-0.28993919491767883,0,2000,strong,2,40,42,1.0,0.0,walk
595,11.9,1.0,0.0,-0.9657045602798462,0.8219380974769592,0.3311302065849304,-0.32619500160217285,0,2000,strong,2,40,42,1.0,0.0,walk
596,11.92,1.0,0.0,-0.9617596864700317,0.8442314267158508,0.37168580293655396,-0.3248136341571808,0,2000,strong,2,40,42,1.0,0.0,walk
597,11.94,1.0,0.0,-0.9581805467605591,0.867540180683136,0.41306889057159424,-0.21288231015205383,0,2000,strong,2,40,42,1.0,0.0,walk
598,11.96,1.0,0.0,-0.9575501680374146,0.7698829770088196,0.31174904108047485,-0.3505909740924835,0,2000,strong,2,40,42,1.0,0.0,walk
599,11.98,1.0,0.0,-0.9495445489883423,0.7169449925422668,0.24760667979717255,-0.839710533618927,0,2000,strong,2,40,42,1.0,0.0,walk
600,12.0,1.0,0.0,-0.9394932985305786,0.6580008268356323,0.21895457804203033,-0.6671237945556641,0,2000,strong,2,40,42,1.0,0.0,walk
601,12.02,1.0,0.0,-0.9335633516311646,0.6159332990646362,0.207405224442482,-0.07550356537103653,0,2000,strong,2,40,42,1.0,0.0,walk
602,12.040000000000001,1.0,0.0,-0.9319759607315063,0.5953835844993591,0.18329396843910217,0.15171106159687042,0,2000,strong,2,40,42,1.0,0.0,walk
603,12.06,1.0,0.0,-0.930890679359436,0.5726861357688904,0.15274061262607574,0.10942291468381882,0,2000,strong,2,40,42,1.0,0.0,walk
604,12.08,1.0,0.0,-0.9293118715286255,0.5671787858009338,0.12893758714199066,-0.011335475370287895,0,2000,strong,2,40,42,1.0,0.0,walk
605,12.1,1.0,0.0,-0.9267951250076294,0.5707786083221436,0.10888298600912094,-0.15648064017295837,0,2000,strong,2,40,42,1.0,0.0,walk
606,12.120000000000001,1.0,0.0,-0.9236365556716919,0.5778379440307617,0.0940011590719223,-0.23891538381576538,0,2000,strong,2,40,42,1.0,0.0,walk
607,12.14,1.0,0.0,-0.9196029901504517,0.5781015753746033,0.07130736857652664,-0.31565019488334656,0,2000,strong,2,40,42,1.0,0.0,walk
608,12.16,1.0,0.0,-0.9150897264480591,0.5837559700012207,0.04812818765640259,-0.3872368633747101,0,2000,strong,2,40,42,1.0,0.0,walk
609,12.18,1.0,0.0,-0.9100214242935181,0.5941354036331177,0.025792360305786133,-0.4705315828323364,0,2000,strong,2,40,42,1.0,0.0,walk
610,12.200000000000001,1.0,0.0,-0.9057689905166626,0.6110053062438965,0.01577054336667061,-0.3872452676296234,0,2000,strong,2,40,42,1.0,0.0,walk
611,12.22,1.0,0.0,-0.9023886919021606,0.6322283148765564,0.005898030009120703,-0.374708354473114,0,2000,strong,2,40,42,1.0,0.0,walk
612,12.24,1.0,0.0,-0.898941159248352,0.657056450843811,-0.004965117666870356,-0.46243050694465637,0,2000,strong,2,40,42,1.0,0.0,walk
613,12.26,1.0,0.0,-0.8950387239456177,0.6858404278755188,-0.0184770654886961,-0.556231677532196,0,2000,strong,2,40,42,1.0,0.0,walk
614,12.280000000000001,1.0,0.0,-0.8904763460159302,0.716383159160614,-0.035655222833156586,-0.6594201326370239,0,2000,strong,2,40,42,1.0,0.0,walk
615,12.3,1.0,0.0,-0.8851934671401978,0.7378174662590027,-0.05736484006047249,-0.6877471804618835,0,2000,strong,2,40,42,1.0,0.0,walk
616,12.32,1.0,0.0,-0.8797565698623657,0.7486689686775208,-0.0781068503856659,-0.5919876098632812,0,2000,strong,2,40,42,1.0,0.0,walk
617,12.34,1.0,0.0,-0.8756576776504517,0.7552624344825745,-0.09793329238891602,-0.33127152919769287,0,2000,strong,2,40,42,1.0,0.0,walk
618,12.36,1.0,0.0,-0.8747636079788208,0.7629212141036987,-0.11431772261857986,0.07323908805847168,0,2000,strong,2,40,42,1.0,0.0,walk
619,12.38,1.0,0.0,-0.8756934404373169,0.7110214829444885,-0.08601871132850647,0.06170356273651123,0,2000,strong,2,40,42,1.0,0.0,walk
620,12.4,1.0,0.0,-0.8776603937149048,0.6765880584716797,-0.049862340092659,0.17858850955963135,0,2000,strong,2,40,42,1.0,0.0,walk
621,12.42,1.0,0.0,-0.8795343637466431,0.657881498336792,-0.02385553903877735,-0.11556679755449295,0,2000,strong,2,40,42,1.0,0.0,walk
622,12.44,1.0,0.0,-0.8772507905960083,0.6461878418922424,-0.009521612897515297,-0.6936275959014893,0,2000,strong,2,40,42,1.0,0.0,walk
623,12.46,1.0,0.0,-0.8705960512161255,0.6372734904289246,0.012586774304509163,-0.9995018243789673,0,2000,strong,2,40,42,1.0,0.0,walk
624,12.48,1.0,0.0,-0.8626338243484497,0.6149422526359558,0.03877344727516174,-1.0147755146026611,0,2000,strong,2,40,42,1.0,0.0,walk
625,12.5,1.0,0.0,-0.8560367822647095,0.6031799912452698,0.06206566467881203,-0.7090023159980774,0,2000,strong,2,40,42,1.0,0.0,walk
626,12.52,1.0,0.0,-0.8526483774185181,0.5904595255851746,0.08373765647411346,-0.3619486093521118,0,2000,strong,2,40,42,1.0,0.0,walk
627,12.540000000000001,1.0,0.0,-0.8518725633621216,0.5842006206512451,0.09984791278839111,-0.13507568836212158,0,2000,strong,2,40,42,1.0,0.0,walk
628,12.56,1.0,0.0,-0.8525968790054321,0.5852470397949219,0.11338845640420914,-0.008920067921280861,0,2000,strong,2,40,42,1.0,0.0,walk
629,12.58,1.0,0.0,-0.8534995317459106,0.5943496227264404,0.1258590668439865,-0.010260561481118202,0,2000,strong,2,40,42,1.0,0.0,walk
630,12.6,1.0,0.0,-0.8539615869522095,0.61040860414505,0.13763350248336792,-0.04076429083943367,0,2000,strong,2,40,42,1.0,0.0,walk
631,12.620000000000001,1.0,0.0,-0.8536301851272583,0.6371480822563171,0.14526736736297607,-0.017655760049819946,0,2000,strong,2,40,42,1.0,0.0,walk
632,12.64,1.0,0.0,-0.853589653968811,0.6693353652954102,0.15605908632278442,0.08470690250396729,0,2000,strong,2,40,42,1.0,0.0,walk
633,12.66,1.0,0.0,-0.8538566827774048,0.6997281312942505,0.17261268198490143,0.0984092429280281,0,2000,strong,2,40,42,1.0,0.0,walk
634,12.68,1.0,0.0,-0.8536163568496704,0.7293446063995361,0.1945452243089676,0.04408712312579155,0,2000,strong,2,40,42,1.0,0.0,walk
635,12.700000000000001,1.0,0.0,-0.8522483110427856,0.7571804523468018,0.22018176317214966,-0.04546235874295235,0,2000,strong,2,40,42,1.0,0.0,walk
636,12.72,1.0,0.0,-0.8497897386550903,0.7804245948791504,0.25117310881614685,-0.16003340482711792,0,2000,strong,2,40,42,1.0,0.0,walk
637,12.74,1.0,0.0,-0.8464542627334595,0.8005717992782593,0.28586214780807495,-0.26212233304977417,0,2000,strong,2,40,42,1.0,0.0,walk
638,12.76,1.0,0.0,-0.8428307771682739,0.818160891532898,0.32367363572120667,-0.3069785535335541,0,2000,strong,2,40,42,1.0,0.0,walk
639,12.780000000000001,1.0,0.0,-0.8389960527420044,0.838886022567749,0.3627617657184601,-0.31674903631210327,0,2000,strong,2,40,42,1.0,0.0,walk
640,12.8,1.0,0.0,-0.835919976234436,0.812532901763916,0.3653399348258972,0.0725114643573761,0,2000,strong,2,40,42,1.0,0.0,walk
641,12.82,1.0,0.0,-0.8324962854385376,0.7511742115020752,0.26923927664756775,-0.587795078754425,0,2000,strong,2,40,42,1.0,0.0,walk
642,12.84,1.0,0.0,-0.8236886262893677,0.7050912380218506,0.21544793248176575,-0.7575874328613281,0,2000,strong,2,40,42,1.0,0.0,walk
643,12.86,1.0,0.0,-0.8157631158828735,0.6611930131912231,0.19782108068466187,-0.3404454290866852,0,2000,strong,2,40,42,1.0,0.0,walk
644,12.88,1.0,0.0,-0.8124734163284302,0.6333884000778198,0.1785048246383667,0.1339329034090042,0,2000,strong,2,40,42,1.0,0.0,walk
645,12.9,1.0,0.0,-0.8124505281448364,0.6209883689880371,0.15009507536888123,0.24130022525787354,0,2000,strong,2,40,42,1.0,0.0,walk
646,12.92,1.0,0.0,-0.8116637468338013,0.6041919589042664,0.12063144892454147,0.090922512114048,0,2000,strong,2,40,42,1.0,0.0,walk
647,12.94,1.0,0.0,-0.8098717927932739,0.5987659096717834,0.09636588394641876,-0.044865697622299194,0,2000,strong,2,40,42,1.0,0.0,walk
648,12.96,1.0,0.0,-0.807320237159729,0.6022554039955139,0.07701674103736877,-0.17121368646621704,0,2000,strong,2,40,42,1.0,0.0,walk
649,12.98,1.0,0.0,-0.8036028146743774,0.6038485169410706,0.06190193444490433,-0.31431594491004944,0,2000,strong,2,40,42,1.0,0.0,walk
650,13.0,1.0,0.0,-0.7993212938308716,0.608213484287262,0.041515372693538666,-0.3292924165725708,0,2000,strong,2,40,42,1.0,0.0,walk
651,13.02,1.0,0.0,-0.7943655252456665,0.6210183501243591,0.01801598258316517,-0.4566200375556946,0,2000,strong,2,40,42,1.0,0.0,walk
652,13.040000000000001,1.0,0.0,-0.7892400026321411,0.6412070989608765,0.0021124244667589664,-0.48577451705932617,0,2000,strong,2,40,42,1.0,0.0,walk
653,13.06,1.0,0.0,-0.7849184274673462,0.6605386137962341,-0.009051762521266937,-0.40908345580101013,0,2000,strong,2,40,42,1.0,0.0,walk
654,13.08,1.0,0.0,-0.7817646265029907,0.684914231300354,-0.017392845824360847,-0.3622409701347351,0,2000,strong,2,40,42,1.0,0.0,walk
655,13.1,1.0,0.0,-0.7786060571670532,0.7118157148361206,-0.03232516348361969,-0.45816993713378906,0,2000,strong,2,40,42,1.0,0.0,walk
656,13.120000000000001,1.0,0.0,-0.7747913599014282,0.7432410717010498,-0.04996104538440704,-0.5636898279190063,0,2000,strong,2,40,42,1.0,0.0,walk
657,13.14,1.0,0.0,-0.7704497575759888,0.7732627987861633,-0.07045784592628479,-0.6173399686813354,0,2000,strong,2,40,42,1.0,0.0,walk
658,13.16,1.0,0.0,-0.7656861543655396,0.7924169301986694,-0.09359494596719742,-0.5846537351608276,0,2000,strong,2,40,42,1.0,0.0,walk
659,13.18,1.0,0.0,-0.7615491151809692,0.8018409609794617,-0.11392349004745483,-0.39675718545913696,0,2000,strong,2,40,42,1.0,0.0,walk
660,13.200000000000001,1.0,0.0,-0.7596861124038696,0.8078005313873291,-0.1359843611717224,-0.08765628933906555,0,2000,strong,2,40,42,1.0,0.0,walk
661,13.22,1.0,0.0,-0.7603107690811157,0.7647250294685364,-0.12225429713726044,-0.14914850890636444,0,2000,strong,2,40,42,1.0,0.0,walk
662,13.24,1.0,0.0,-0.7612892389297485,0.7214016914367676,-0.07430236041545868,0.1946977972984314,0,2000,strong,2,40,42,1.0,0.0,walk
663,13.26,1.0,0.0,-0.7641865015029907,0.6923501491546631,-0.04201170429587364,0.1317809820175171,0,2000,strong,2,40,42,1.0,0.0,walk
664,13.280000000000001,1.0,0.0,-0.7641550302505493,0.6804660558700562,-0.027674075216054916,-0.46259957551956177,0,2000,strong,2,40,42,1.0,0.0,walk
665,13.3,1.0,0.0,-0.7591139078140259,0.6742027997970581,-0.005344349425286055,-0.8748728036880493,0,2000,strong,2,40,42,1.0,0.0,walk
666,13.32,1.0,0.0,-0.7513834238052368,0.6536799669265747,0.022056013345718384,-1.0713475942611694,0,2000,strong,2,40,42,1.0,0.0,walk
667,13.34,1.0,0.0,-0.7436023950576782,0.6366420388221741,0.049269843846559525,-0.8934026956558228,0,2000,strong,2,40,42,1.0,0.0,walk
668,13.36,1.0,0.0,-0.7382427453994751,0.6191917061805725,0.0730159729719162,-0.5724183320999146,0,2000,strong,2,40,42,1.0,0.0,walk
669,13.38,1.0,0.0,-0.7360988855361938,0.6075558662414551,0.09235719591379166,-0.2298450469970703,0,2000,strong,2,40,42,1.0,0.0,walk
670,13.4,1.0,0.0,-0.7367340326309204,0.6021081209182739,0.10815131664276123,0.0002244235947728157,0,2000,strong,2,40,42,1.0,0.0,walk
671,13.42,1.0,0.0,-0.7381778955459595,0.6046687364578247,0.121359683573246,0.04353240877389908,0,2000,strong,2,40,42,1.0,0.0,walk
672,13.44,1.0,0.0,-0.7395440340042114,0.6158193349838257,0.13483092188835144,0.010951473377645016,0,2000,strong,2,40,42,1.0,0.0,walk
673,13.46,1.0,0.0,-0.7399736642837524,0.641972541809082,0.14144189655780792,0.015297631733119488,0,2000,strong,2,40,42,1.0,0.0,walk
674,13.48,1.0,0.0,-0.7403899431228638,0.6764922142028809,0.14937777817249298,0.11347437649965286,0,2000,strong,2,40,42,1.0,0.0,walk
675,13.5,1.0,0.0,-0.7411285638809204,0.7106891870498657,0.16219154000282288,0.1468920260667801,0,2000,strong,2,40,42,1.0,0.0,walk
676,13.52,1.0,0.0,-0.7416239976882935,0.7424451112747192,0.18154376745224,0.12153828144073486,0,2000,strong,2,40,42,1.0,0.0,walk
677,13.540000000000001,1.0,0.0,-0.7412530183792114,0.7725451588630676,0.20583580434322357,0.04522993043065071,0,2000,strong,2,40,42,1.0,0.0,walk
678,13.56,1.0,0.0,-0.7396503686904907,0.7976378798484802,0.23406897485256195,-0.07449066638946533,0,2000,strong,2,40,42,1.0,0.0,walk
679,13.58,1.0,0.0,-0.7369061708450317,0.8190842866897583,0.26680421829223633,-0.2040773332118988,0,2000,strong,2,40,42,1.0,0.0,walk
680,13.6,1.0,0.0,-0.7335783243179321,0.8365449905395508,0.30403438210487366,-0.2853075861930847,0,2000,strong,2,40,42,1.0,0.0,walk
681,13.620000000000001,1.0,0.0,-0.7298704385757446,0.856166422367096,0.3441289961338043,-0.3377271294593811,0,2000,strong,2,40,42,1.0,0.0,walk
682,13.64,1.0,0.0,-0.7258669137954712,0.8779087662696838,0.38524532318115234,-0.3127511441707611,0,2000,strong,2,40,42,1.0,0.0,walk
683,13.66,1.0,0.0,-0.7242857217788696,0.7852374315261841,0.3025566041469574,-0.31655240058898926,0,2000,strong,2,40,42,1.0,0.0,walk
684,13.68,1.0,0.0,-0.7174307107925415,0.7298197150230408,0.23631130158901215,-0.6827130317687988,0,2000,strong,2,40,42,1.0,0.0,walk
685,13.700000000000001,1.0,0.0,-0.7095104455947876,0.6856372356414795,0.19835597276687622,-0.4533328711986542,0,2000,strong,2,40,42,1.0,0.0,walk
686,13.72,1.0,0.0,-0.705236554145813,0.6474325060844421,0.18535766005516052,0.08499458432197571,0,2000,strong,2,40,42,1.0,0.0,walk
687,13.74,1.0,0.0,-0.7049952745437622,0.6203003525733948,0.15812267363071442,0.34271132946014404,0,2000,strong,2,40,42,1.0,0.0,walk
688,13.76,1.0,0.0,-0.7059541940689087,0.6091729402542114,0.12842747569084167,0.2742760181427002,0,2000,strong,2,40,42,1.0,0.0,walk
689,13.780000000000001,1.0,0.0,-0.7058826684951782,0.6005887389183044,0.10110864043235779,0.11534306406974792,0,2000,strong,2,40,42,1.0,0.0,walk
690,13.8,1.0,0.0,-0.7044230699539185,0.5977917313575745,0.08266633003950119,-0.07868771255016327,0,2000,strong,2,40,42,1.0,0.0,walk
691,13.82,1.0,0.0,-0.7011924982070923,0.6033486723899841,0.06809229403734207,-0.3006554841995239,0,2000,strong,2,40,42,1.0,0.0,walk
692,13.84,1.0,0.0,-0.6961976289749146,0.5985603332519531,0.045103397220373154,-0.4298970401287079,0,2000,strong,2,40,42,1.0,0.0,walk
693,13.86,1.0,0.0,-0.6905337572097778,0.6040313243865967,0.022839732468128204,-0.47507473826408386,0,2000,strong,2,40,42,1.0,0.0,walk
694,13.88,1.0,0.0,-0.6853581666946411,0.6153284311294556,0.003697690786793828,-0.44479602575302124,0,2000,strong,2,40,42,1.0,0.0,walk
695,13.9,1.0,0.0,-0.6813465356826782,0.6323747634887695,-0.007077927701175213,-0.35151082277297974,0,2000,strong,2,40,42,1.0,0.0,walk
696,13.92,1.0,0.0,-0.6782346963882446,0.6590973734855652,-0.017496000975370407,-0.3485797643661499,0,2000,strong,2,40,42,1.0,0.0,walk
697,13.94,1.0,0.0,-0.6747909784317017,0.6883664131164551,-0.03053051419556141,-0.47182321548461914,0,2000,strong,2,40,42,1.0,0.0,walk
698,13.96,1.0,0.0,-0.6711398363113403,0.7203218936920166,-0.044350143522024155,-0.49420788884162903,0,2000,strong,2,40,42,1.0,0.0,walk
699,13.98,1.0,0.0,-0.6676470041275024,0.7502102851867676,-0.06269291043281555,-0.5171009302139282,0,2000,strong,2,40,42,1.0,0.0,walk
700,14.0,1.0,0.0,-0.6640301942825317,0.7738803625106812,-0.08643808215856552,-0.5156973600387573,0,2000,strong,2,40,42,1.0,0.0,walk
701,14.02,1.0,0.0,-0.6603232622146606,0.7864874601364136,-0.10993078351020813,-0.4420555830001831,0,2000,strong,2,40,42,1.0,0.0,walk
702,14.040000000000001,1.0,0.0,-0.6575781106948853,0.7938786745071411,-0.13338522613048553,-0.2266748994588852,0,2000,strong,2,40,42,1.0,0.0,walk
703,14.06,1.0,0.0,-0.6574321985244751,0.8032415509223938,-0.1540556699037552,0.09478285908699036,0,2000,strong,2,40,42,1.0,0.0,walk
704,14.08,1.0,0.0,-0.657880425453186,0.7424346804618835,-0.10759525001049042,0.08587123453617096,0,2000,strong,2,40,42,1.0,0.0,walk
705,14.1,1.0,0.0,-0.6607962846755981,0.7043501734733582,-0.06683509796857834,0.2960495948791504,0,2000,strong,2,40,42,1.0,0.0,walk
706,14.120000000000001,1.0,0.0,-0.6637240648269653,0.6832302212715149,-0.04072774574160576,-0.019753437489271164,0,2000,strong,2,40,42,1.0,0.0,walk
707,14.14,1.0,0.0,-0.6621519327163696,0.6702220439910889,-0.0258956216275692,-0.6283337473869324,0,2000,strong,2,40,42,1.0,0.0,walk
708,14.16,1.0,0.0,-0.6560426950454712,0.65898597240448,-0.0011519445106387138,-0.9390217661857605,0,2000,strong,2,40,42,1.0,0.0,walk
709,14.18,1.0,0.0,-0.6486245393753052,0.6359072923660278,0.027230145409703255,-0.9596166014671326,0,2000,strong,2,40,42,1.0,0.0,walk
710,14.200000000000001,1.0,0.0,-0.6426311731338501,0.6206943392753601,0.053900036960840225,-0.6468901634216309,0,2000,strong,2,40,42,1.0,0.0,walk
711,14.22,1.0,0.0,-0.639741063117981,0.6055120229721069,0.07651668787002563,-0.3172268271446228,0,2000,strong,2,40,42,1.0,0.0,walk
712,14.24,1.0,0.0,-0.6394869089126587,0.5981537699699402,0.09329608082771301,-0.07812898606061935,0,2000,strong,2,40,42,1.0,0.0,walk
713,14.26,1.0,0.0,-0.6407428979873657,0.5973272919654846,0.10769201070070267,0.04309132695198059,0,2000,strong,2,40,42,1.0,0.0,walk
714,14.280000000000001,1.0,0.0,-0.6421962976455688,0.6051861047744751,0.1216684877872467,0.04118336737155914,0,2000,strong,2,40,42,1.0,0.0,walk
715,14.3,1.0,0.0,-0.6430860757827759,0.6208456754684448,0.13389898836612701,-0.0020678488072007895,0,2000,strong,2,40,42,1.0,0.0,walk
716,14.32,1.0,0.0,-0.6432987451553345,0.6488929986953735,0.14204223453998566,0.03821330517530441,0,2000,strong,2,40,42,1.0,0.0,walk
717,14.34,1.0,0.0,-0.6437398195266724,0.6842251420021057,0.1524583250284195,0.1289065182209015,0,2000,strong,2,40,42,1.0,0.0,walk
718,14.36,1.0,0.0,-0.6443220376968384,0.7177903056144714,0.16834992170333862,0.13075771927833557,0,2000,strong,2,40,42,1.0,0.0,walk
719,14.38,1.0,0.0,-0.644231915473938,0.7494922876358032,0.1899046003818512,0.06080096587538719,0,2000,strong,2,40,42,1.0,0.0,walk
720,14.4,1.0,0.0,-0.6430011987686157,0.7777560353279114,0.2155517190694809,-0.022239478304982185,0,2000,strong,2,40,42,1.0,0.0,walk
721,14.42,1.0,0.0,-0.6408368349075317,0.8008219599723816,0.24634523689746857,-0.12344994395971298,0,2000,strong,2,40,42,1.0,0.0,walk
722,14.44,1.0,0.0,-0.6379944086074829,0.820165753364563,0.2806715965270996,-0.2147117555141449,0,2000,strong,2,40,42,1.0,0.0,walk
723,14.46,1.0,0.0,-0.6348830461502075,0.8369580507278442,0.31846046447753906,-0.2754063010215759,0,2000,strong,2,40,42,1.0,0.0,walk
724,14.48,1.0,0.0,-0.6313587427139282,0.8573502898216248,0.3585054576396942,-0.307439923286438,0,2000,strong,2,40,42,1.0,0.0,walk
725,14.5,1.0,0.0,-0.6289387941360474,0.8001853823661804,0.34534844756126404,0.11500326544046402,0,2000,strong,2,40,42,1.0,0.0,walk
726,14.52,1.0,0.0,-0.6255823373794556,0.7463085651397705,0.26100262999534607,-0.5296316146850586,0,2000,strong,2,40,42,1.0,0.0,walk
727,14.540000000000001,1.0,0.0,-0.617920994758606,0.6941095590591431,0.20794224739074707,-0.6200110912322998,0,2000,strong,2,40,42,1.0,0.0,walk
728,14.56,1.0,0.0,-0.611758828163147,0.6501805782318115,0.1930048167705536,-0.16483855247497559,0,2000,strong,2,40,42,1.0,0.0,walk
729,14.58,1.0,0.0,-0.609963059425354,0.6190388798713684,0.1730915606021881,0.2164658010005951,0,2000,strong,2,40,42,1.0,0.0,walk
730,14.6,1.0,0.0,-0.6102606058120728,0.6018878817558289,0.1407364308834076,0.2598152458667755,0,2000,strong,2,40,42,1.0,0.0,walk
731,14.620000000000001,1.0,0.0,-0.6097980737686157,0.5882760286331177,0.114704430103302,0.11688981205224991,0,2000,strong,2,40,42,1.0,0.0,walk
732,14.64,1.0,0.0,-0.6082168817520142,0.5769760012626648,0.08996373414993286,-0.02660495787858963,0,2000,strong,2,40,42,1.0,0.0,walk
733,14.66,1.0,0.0,-0.60584557056427,0.5771175622940063,0.07076522707939148,-0.14525559544563293,0,2000,strong,2,40,42,1.0,0.0,walk
734,14.68,1.0,0.0,-0.6023293733596802,0.5756664276123047,0.05576276034116745,-0.2978074848651886,0,2000,strong,2,40,42,1.0,0.0,walk
735,14.700000000000001,1.0,0.0,-0.5979810953140259,0.5769152641296387,0.034628380089998245,-0.3318951427936554,0,2000,strong,2,40,42,1.0,0.0,walk
736,14.72,1.0,0.0,-0.5929375886917114,0.5854922533035278,0.011004975996911526,-0.44778791069984436,0,2000,strong,2,40,42,1.0,0.0,walk
737,14.74,1.0,0.0,-0.5883427858352661,0.6057824492454529,-0.002317807637155056,-0.41612064838409424,0,2000,strong,2,40,42,1.0,0.0,walk
738,14.76,1.0,0.0,-0.5844589471817017,0.6232472658157349,-0.015071592293679714,-0.36142340302467346,0,2000,strong,2,40,42,1.0,0.0,walk
739,14.780000000000001,1.0,0.0,-0.5817395448684692,0.6468986868858337,-0.024904826655983925,-0.2978014051914215,0,2000,strong,2,40,42,1.0,0.0,walk
740,14.8,1.0,0.0,-0.5794702768325806,0.6737339496612549,-0.037656378000974655,-0.35602715611457825,0,2000,strong,2,40,42,1.0,0.0,walk
741,14.82,1.0,0.0,-0.576759934425354,0.7051430940628052,-0.0568043477833271,-0.4425875246524811,0,2000,strong,2,40,42,1.0,0.0,walk
742,14.84,1.0,0.0,-0.5736380815505981,0.7340754866600037,-0.07802604138851166,-0.5038042664527893,0,2000,strong,2,40,42,1.0,0.0,walk
743,14.86,1.0,0.0,-0.5702124834060669,0.754308819770813,-0.10252869129180908,-0.4737977683544159,0,2000,strong,2,40,42,1.0,0.0,walk
744,14.88,1.0,0.0,-0.5669876337051392,0.7645770311355591,-0.12741929292678833,-0.3626936078071594,0,2000,strong,2,40,42,1.0,0.0,walk
745,14.9,1.0,0.0,-0.5650855302810669,0.7710090279579163,-0.15164907276630402,-0.1258842945098877,0,2000,strong,2,40,42,1.0,0.0,walk
746,14.92,1.0,0.0,-0.5660830736160278,0.7661535143852234,-0.17084339261054993,0.05054689943790436,0,2000,strong,2,40,42,1.0,0.0,walk
747,14.94,1.0,0.0,-0.5669728517532349,0.7074505090713501,-0.11016807705163956,0.2224641889333725,0,2000,strong,2,40,42,1.0,0.0,walk
748,14.96,1.0,0.0,-0.5709534883499146,0.6735079288482666,-0.0732986181974411,0.3088729977607727,0,2000,strong,2,40,42,1.0,0.0,walk
749,14.98,1.0,0.0,-0.5736480951309204,0.6509921550750732,-0.054288510233163834,-0.08994922041893005,0,2000,strong,2,40,42,1.0,0.0,walk
750,15.0,1.0,0.0,-0.572179913520813,0.6352066993713379,-0.033124156296253204,-0.5877929329872131,0,2000,strong,2,40,42,1.0,0.0,walk
751,15.02,1.0,0.0,-0.5668145418167114,0.6212797164916992,-0.00831515807658434,-0.8538612127304077,0,2000,strong,2,40,42,1.0,0.0,walk
752,15.040000000000001,1.0,0.0,-0.5605913400650024,0.6013109683990479,0.019827255979180336,-0.7927482724189758,0,2000,strong,2,40,42,1.0,0.0,walk
753,15.06,1.0,0.0,-0.5560513734817505,0.5896887183189392,0.0467197448015213,-0.49113747477531433,0,2000,strong,2,40,42,1.0,0.0,walk
754,15.08,1.0,0.0,-0.5544787645339966,0.5794504880905151,0.06618063151836395,-0.20585668087005615,0,2000,strong,2,40,42,1.0,0.0,walk
755,15.1,1.0,0.0,-0.5544577836990356,0.5740457773208618,0.08338234573602676,-0.07779017090797424,0,2000,strong,2,40,42,1.0,0.0,walk
756,15.120000000000001,1.0,0.0,-0.5552850961685181,0.577630341053009,0.10199817270040512,-0.010512404143810272,0,2000,strong,2,40,42,1.0,0.0,walk
757,15.14,1.0,0.0,-0.5557681322097778,0.5848156213760376,0.11729402840137482,-0.05921353027224541,0,2000,strong,2,40,42,1.0,0.0,walk
758,15.16,1.0,0.0,-0.5560108423233032,0.6051302552223206,0.13075131177902222,-0.01144249364733696,0,2000,strong,2,40,42,1.0,0.0,walk
759,15.18,1.0,0.0,-0.5556107759475708,0.637783408164978,0.13759265840053558,0.0023913797922432423,0,2000,strong,2,40,42,1.0,0.0,walk
760,15.200000000000001,1.0,0.0,-0.5554748773574829,0.6723180413246155,0.1503409445285797,0.09140690416097641,0,2000,strong,2,40,42,1.0,0.0,walk
761,15.22,1.0,0.0,-0.5555602312088013,0.7034645676612854,0.16918891668319702,0.0989869087934494,0,2000,strong,2,40,42,1.0,0.0,walk
762,15.24,1.0,0.0,-0.5551577806472778,0.7328314781188965,0.19236081838607788,0.06681030988693237,0,2000,strong,2,40,42,1.0,0.0,walk
763,15.26,1.0,0.0,-0.553989052772522,0.7569792866706848,0.21969753503799438,-0.005011318251490593,0,2000,strong,2,40,42,1.0,0.0,walk
764,15.280000000000001,1.0,0.0,-0.5520831346511841,0.7771458625793457,0.25094684958457947,-0.09424515813589096,0,2000,strong,2,40,42,1.0,0.0,walk
765,15.3,1.0,0.0,-0.5499163866043091,0.793881893157959,0.2863694727420807,-0.1549314707517624,0,2000,strong,2,40,42,1.0,0.0,walk
766,15.32,1.0,0.0,-0.5473572015762329,0.81159508228302,0.32379254698753357,-0.2338079959154129,0,2000,strong,2,40,42,1.0,0.0,walk
767,15.34,1.0,0.0,-0.5443154573440552,0.8311941623687744,0.36353281140327454,-0.24507009983062744,0,2000,strong,2,40,42,1.0,0.0,walk
768,15.36,1.0,0.0,-0.5426627397537231,0.762765109539032,0.2975674271583557,-0.30121076107025146,0,2000,strong,2,40,42,1.0,0.0,walk
769,15.38,1.0,0.0,-0.5364943742752075,0.7123327851295471,0.23005108535289764,-0.6482229232788086,0,2000,strong,2,40,42,1.0,0.0,walk
770,15.4,1.0,0.0,-0.5289379358291626,0.6724330186843872,0.19023869931697845,-0.4739735424518585,0,2000,strong,2,40,42,1.0,0.0,walk
771,15.42,1.0,0.0,-0.5245543718338013,0.63791823387146,0.17397554218769073,0.06444066762924194,0,2000,strong,2,40,42,1.0,0.0,walk
772,15.44,1.0,0.0,-0.5244594812393188,0.6116544604301453,0.14827091991901398,0.38292813301086426,0,2000,strong,2,40,42,1.0,0.0,walk
773,15.46,1.0,0.0,-0.5260087251663208,0.6006988883018494,0.11662742495536804,0.3572019338607788,0,2000,strong,2,40,42,1.0,0.0,walk
774,15.48,1.0,0.0,-0.5266991853713989,0.59550541639328,0.09127342700958252,0.1824067085981369,0,2000,strong,2,40,42,1.0,0.0,walk
775,15.5,1.0,0.0,-0.525788426399231,0.5882973074913025,0.06943035870790482,-0.01134815625846386,0,2000,strong,2,40,42,1.0,0.0,walk
776,15.52,1.0,0.0,-0.5232502222061157,0.5901926755905151,0.05178997665643692,-0.20682215690612793,0,2000,strong,2,40,42,1.0,0.0,walk
777,15.540000000000001,1.0,0.0,-0.5192247629165649,0.5887346267700195,0.03377348929643631,-0.3486183285713196,0,2000,strong,2,40,42,1.0,0.0,walk
778,15.56,1.0,0.0,-0.5142818689346313,0.59095299243927,0.012700654566287994,-0.41404229402542114,0,2000,strong,2,40,42,1.0,0.0,walk
779,15.58,1.0,0.0,-0.5092579126358032,0.6002638936042786,-0.006423202343285084,-0.44264936447143555,0,2000,strong,2,40,42,1.0,0.0,walk
780,15.6,1.0,0.0,-0.5048786401748657,0.6178349852561951,-0.01969585195183754,-0.39464670419692993,0,2000,strong,2,40,42,1.0,0.0,walk
781,15.620000000000001,1.0,0.0,-0.5013452768325806,0.6395045518875122,-0.03108687698841095,-0.3590429723262787,0,2000,strong,2,40,42,1.0,0.0,walk
782,15.64,1.0,0.0,-0.49848854541778564,0.665542721748352,-0.04293282702565193,-0.35306355357170105,0,2000,strong,2,40,42,1.0,0.0,walk
783,15.66,1.0,0.0,-0.49594366550445557,0.6945313811302185,-0.057209715247154236,-0.3783629238605499,0,2000,strong,2,40,42,1.0,0.0,walk
784,15.68,1.0,0.0,-0.49342119693756104,0.7257448434829712,-0.0763792172074318,-0.42420297861099243,0,2000,strong,2,40,42,1.0,0.0,walk
785,15.700000000000001,1.0,0.0,-0.4906536340713501,0.7521435618400574,-0.09942188113927841,-0.4537659287452698,0,2000,strong,2,40,42,1.0,0.0,walk
786,15.72,1.0,0.0,-0.4878135919570923,0.7681057453155518,-0.12510649859905243,-0.3822322487831116,0,2000,strong,2,40,42,1.0,0.0,walk
787,15.74,1.0,0.0,-0.48559677600860596,0.7750890254974365,-0.15006259083747864,-0.2193450927734375,0,2000,strong,2,40,42,1.0,0.0,walk
788,15.76,1.0,0.0,-0.48544561862945557,0.7811911106109619,-0.1753462553024292,0.04671793803572655,0,2000,strong,2,40,42,1.0,0.0,walk
789,15.780000000000001,1.0,0.0,-0.48644793033599854,0.7316031455993652,-0.14387589693069458,0.14146041870117188,0,2000,strong,2,40,42,1.0,0.0,walk
790,15.8,1.0,0.0,-0.4896508455276489,0.6912894248962402,-0.09965164214372635,0.3642021715641022,0,2000,strong,2,40,42,1.0,0.0,walk
791,15.82,1.0,0.0,-0.49377167224884033,0.6707186102867126,-0.07108069211244583,0.14766423404216766,0,2000,strong,2,40,42,1.0,0.0,walk
792,15.84,1.0,0.0,-0.4940410852432251,0.6595695614814758,-0.05753672868013382,-0.4368281066417694,0,2000,strong,2,40,42,1.0,0.0,walk
793,15.860000000000001,1.0,0.0,-0.489629864692688,0.6510922908782959,-0.03499792143702507,-0.7973353266716003,0,2000,strong,2,40,42,1.0,0.0,walk
794,15.88,1.0,0.0,-0.4831310510635376,0.6298808455467224,-0.006006442941725254,-0.902868926525116,0,2000,strong,2,40,42,1.0,0.0,walk
795,15.9,1.0,0.0,-0.4773064851760864,0.6137260794639587,0.022201059386134148,-0.6682677268981934,0,2000,strong,2,40,42,1.0,0.0,walk
796,15.92,1.0,0.0,-0.47407829761505127,0.6006805896759033,0.04662134125828743,-0.3655584454536438,0,2000,strong,2,40,42,1.0,0.0,walk
797,15.94,1.0,0.0,-0.4732915163040161,0.5935540199279785,0.06478502601385117,-0.1357554793357849,0,2000,strong,2,40,42,1.0,0.0,walk
798,15.96,1.0,0.0,-0.47394096851348877,0.5931305885314941,0.08130083978176117,-0.008276992477476597,0,2000,strong,2,40,42,1.0,0.0,walk
799,15.98,1.0,0.0,-0.4750291109085083,0.6009052395820618,0.09735529124736786,0.018025096505880356,0,2000,strong,2,40,42,1.0,0.0,walk
800,16.0,1.0,0.0,-0.47589218616485596,0.6160882115364075,0.11159699410200119,0.002445169724524021,0,2000,strong,2,40,42,1.0,0.0,walk
801,16.02,1.0,0.0,-0.4762994050979614,0.6440111398696899,0.12100698053836823,0.054399244487285614,0,2000,strong,2,40,42,1.0,0.0,walk
802,16.04,1.0,0.0,-0.4768925905227661,0.679503321647644,0.13081060349941254,0.1409444510936737,0,2000,strong,2,40,42,1.0,0.0,walk
803,16.06,1.0,0.0,-0.47768843173980713,0.713618814945221,0.14570201933383942,0.16124707460403442,0,2000,strong,2,40,42,1.0,0.0,walk
804,16.080000000000002,1.0,0.0,-0.47810423374176025,0.7456874251365662,0.16655170917510986,0.12132693082094193,0,2000,strong,2,40,42,1.0,0.0,walk
805,16.1,1.0,0.0,-0.4776359796524048,0.7744629383087158,0.1911104917526245,0.057833459228277206,0,2000,strong,2,40,42,1.0,0.0,walk
806,16.12,1.0,0.0,-0.47631800174713135,0.7977484464645386,0.22040918469429016,-0.04046047106385231,0,2000,strong,2,40,42,1.0,0.0,walk
807,16.14,1.0,0.0,-0.474281907081604,0.8173115849494934,0.253261536359787,-0.14146210253238678,0,2000,strong,2,40,42,1.0,0.0,walk
808,16.16,1.0,0.0,-0.47187769412994385,0.8341161608695984,0.2896173596382141,-0.2192593812942505,0,2000,strong,2,40,42,1.0,0.0,walk
809,16.18,1.0,0.0,-0.468783974647522,0.8540779948234558,0.32807329297065735,-0.2937081456184387,0,2000,strong,2,40,42,1.0,0.0,walk
810,16.2,1.0,0.0,-0.466166615486145,0.8057703971862793,0.31301552057266235,0.10003994405269623,0,2000,strong,2,40,42,1.0,0.0,walk
811,16.22,1.0,0.0,-0.46301043033599854,0.7472474575042725,0.235380157828331,-0.5032698512077332,0,2000,strong,2,40,42,1.0,0.0,walk
812,16.240000000000002,1.0,0.0,-0.45568716526031494,0.6945708990097046,0.1813971996307373,-0.5772184133529663,0,2000,strong,2,40,42,1.0,0.0,walk
813,16.26,1.0,0.0,-0.44990503787994385,0.6497625112533569,0.16085366904735565,-0.09720838069915771,0,2000,strong,2,40,42,1.0,0.0,walk
814,16.28,1.0,0.0,-0.4490143060684204,0.6170060038566589,0.14100375771522522,0.3776646554470062,0,2000,strong,2,40,42,1.0,0.0,walk
815,16.3,1.0,0.0,-0.45086491107940674,0.6019020676612854,0.10919416695833206,0.4338383376598358,0,2000,strong,2,40,42,1.0,0.0,walk
816,16.32,1.0,0.0,-0.45196402072906494,0.5888609290122986,0.08071587234735489,0.2705695927143097,0,2000,strong,2,40,42,1.0,0.0,walk
817,16.34,1.0,0.0,-0.4516674280166626,0.5825895071029663,0.057755738496780396,0.07886066287755966,0,2000,strong,2,40,42,1.0,0.0,walk
818,16.36,1.0,0.0,-0.45018064975738525,0.5866230130195618,0.03991525247693062,-0.07554544508457184,0,2000,strong,2,40,42,1.0,0.0,walk
819,16.38,1.0,0.0,-0.4472299814224243,0.5826806426048279,0.022488100454211235,-0.24092383682727814,0,2000,strong,2,40,42,1.0,0.0,walk
820,16.4,1.0,0.0,-0.4429980516433716,0.5840293169021606,0.0011947295861318707,-0.33528387546539307,0,2000,strong,2,40,42,1.0,0.0,walk
821,16.42,1.0,0.0,-0.43803274631500244,0.5908870100975037,-0.022172685712575912,-0.4330940246582031,0,2000,strong,2,40,42,1.0,0.0,walk
822,16.44,1.0,0.0,-0.43348371982574463,0.6091527938842773,-0.037063486874103546,-0.3953753709793091,0,2000,strong,2,40,42,1.0,0.0,walk
823,16.46,1.0,0.0,-0.42980825901031494,0.6292407512664795,-0.04985281825065613,-0.34227073192596436,0,2000,strong,2,40,42,1.0,0.0,walk
824,16.48,1.0,0.0,-0.4270364046096802,0.6545800566673279,-0.06166936829686165,-0.3145182430744171,0,2000,strong,2,40,42,1.0,0.0,walk
825,16.5,1.0,0.0,-0.42462122440338135,0.6827262043952942,-0.07652805000543594,-0.3478794991970062,0,2000,strong,2,40,42,1.0,0.0,walk
826,16.52,1.0,0.0,-0.42219507694244385,0.7144221067428589,-0.09500788897275925,-0.39842838048934937,0,2000,strong,2,40,42,1.0,0.0,walk
827,16.54,1.0,0.0,-0.4197150468826294,0.744530975818634,-0.11845195293426514,-0.4273206889629364,0,2000,strong,2,40,42,1.0,0.0,walk
828,16.56,1.0,0.0,-0.4171377420425415,0.7653298377990723,-0.1459086686372757,-0.3932742774486542,0,2000,strong,2,40,42,1.0,0.0,walk
829,16.580000000000002,1.0,0.0,-0.4147526025772095,0.7749150395393372,-0.17395982146263123,-0.28356972336769104,0,2000,strong,2,40,42,1.0,0.0,walk
830,16.6,1.0,0.0,-0.4135476350784302,0.7814233899116516,-0.20135369896888733,-0.0726911649107933,0,2000,strong,2,40,42,1.0,0.0,walk
831,16.62,1.0,0.0,-0.4146934747695923,0.7585015892982483,-0.2288610190153122,-0.07980646193027496,0,2000,strong,2,40,42,1.0,0.0,walk
832,16.64,1.0,0.0,-0.41577255725860596,0.7075369954109192,-0.15604498982429504,0.2649502754211426,0,2000,strong,2,40,42,1.0,0.0,walk
833,16.66,1.0,0.0,-0.41999495029449463,0.674910306930542,-0.11851063370704651,0.32075050473213196,0,2000,strong,2,40,42,1.0,0.0,walk
834,16.68,1.0,0.0,-0.42190325260162354,0.6559430360794067,-0.09967898577451706,-0.2375774383544922,0,2000,strong,2,40,42,1.0,0.0,walk
835,16.7,1.0,0.0,-0.4200478792190552,0.643474817276001,-0.07462954521179199,-0.5142709016799927,0,2000,strong,2,40,42,1.0,0.0,walk
836,16.72,1.0,0.0,-0.41537344455718994,0.6329561471939087,-0.0508473739027977,-0.7849777936935425,0,2000,strong,2,40,42,1.0,0.0,walk
837,16.740000000000002,1.0,0.0,-0.4100238084793091,0.6097851991653442,-0.02179957553744316,-0.7021598219871521,0,2000,strong,2,40,42,1.0,0.0,walk
838,16.76,1.0,0.0,-0.4060169458389282,0.59348464012146,0.00413509551435709,-0.44614073634147644,0,2000,strong,2,40,42,1.0,0.0,walk
839,16.78,1.0,0.0,-0.4047509431838989,0.5856624841690063,0.022760674357414246,-0.16896703839302063,0,2000,strong,2,40,42,1.0,0.0,walk
840,16.8,1.0,0.0,-0.4055057764053345,0.5753705501556396,0.04399195685982704,-0.015257569029927254,0,2000,strong,2,40,42,1.0,0.0,walk
841,16.82,1.0,0.0,-0.4065014123916626,0.5816687941551208,0.061806175857782364,-0.010743957944214344,0,2000,strong,2,40,42,1.0,0.0,walk
842,16.84,1.0,0.0,-0.40673696994781494,0.588623583316803,0.07530228793621063,-0.07761601358652115,0,2000,strong,2,40,42,1.0,0.0,walk
843,16.86,1.0,0.0,-0.40740787982940674,0.6060905456542969,0.08857106417417526,0.06374384462833405,0,2000,strong,2,40,42,1.0,0.0,walk
844,16.88,1.0,0.0,-0.4081050157546997,0.6413493752479553,0.09345726668834686,0.12871764600276947,0,2000,strong,2,40,42,1.0,0.0,walk
845,16.9,1.0,0.0,-0.4092026948928833,0.6756693720817566,0.10368739068508148,0.20578087866306305,0,2000,strong,2,40,42,1.0,0.0,walk
846,16.92,1.0,0.0,-0.4105006456375122,0.7044280767440796,0.12059521675109863,0.20687060058116913,0,2000,strong,2,40,42,1.0,0.0,walk
847,16.94,1.0,0.0,-0.4111095666885376,0.7333978414535522,0.1408880203962326,0.15041057765483856,0,2000,strong,2,40,42,1.0,0.0,walk
848,16.96,1.0,0.0,-0.4108062982559204,0.7576047778129578,0.16580240428447723,0.06060532107949257,0,2000,strong,2,40,42,1.0,0.0,walk
849,16.98,1.0,0.0,-0.40950119495391846,0.778769850730896,0.19412583112716675,-0.05199572071433067,0,2000,strong,2,40,42,1.0,0.0,walk
850,17.0,1.0,0.0,-0.4076024293899536,0.7962482571601868,0.22668679058551788,-0.1402023881673813,0,2000,strong,2,40,42,1.0,0.0,walk
851,17.02,1.0,0.0,-0.4050804376602173,0.815284013748169,0.26218363642692566,-0.24445021152496338,0,2000,strong,2,40,42,1.0,0.0,walk
852,17.04,1.0,0.0,-0.4017292261123657,0.8353464007377625,0.300014466047287,-0.30584126710891724,0,2000,strong,2,40,42,1.0,0.0,walk
853,17.06,1.0,0.0,-0.3994995355606079,0.7726298570632935,0.2561322748661041,-0.13363198935985565,0,2000,strong,2,40,42,1.0,0.0,walk
854,17.080000000000002,1.0,0.0,-0.39424049854278564,0.7222420573234558,0.19398458302021027,-0.6011481881141663,0,2000,strong,2,40,42,1.0,0.0,walk
855,17.1,1.0,0.0,-0.3868929147720337,0.6759971380233765,0.15199114382266998,-0.48264071345329285,0,2000,strong,2,40,42,1.0,0.0,walk
856,17.12,1.0,0.0,-0.3823939561843872,0.6399025321006775,0.1402491331100464,0.029805760830640793,0,2000,strong,2,40,42,1.0,0.0,walk
857,17.14,1.0,0.0,-0.382301926612854,0.6073009967803955,0.1121879294514656,0.42754125595092773,0,2000,strong,2,40,42,1.0,0.0,walk
858,17.16,1.0,0.0,-0.3843599557876587,0.5973687171936035,0.08173789829015732,0.43089064955711365,0,2000,strong,2,40,42,1.0,0.0,walk
859,17.18,1.0,0.0,-0.38565027713775635,0.5928958058357239,0.0559341199696064,0.26099303364753723,0,2000,strong,2,40,42,1.0,0.0,walk
860,17.2,1.0,0.0,-0.3856431245803833,0.5894917845726013,0.036081381142139435,0.084964320063591,0,2000,strong,2,40,42,1.0,0.0,walk
861,17.22,1.0,0.0,-0.3841005563735962,0.5958247184753418,0.020285287871956825,-0.11841132491827011,0,2000,strong,2,40,42,1.0,0.0,walk
862,17.240000000000002,1.0,0.0,-0.3809434175491333,0.5940117239952087,0.000491226208396256,-0.2660517394542694,0,2000,strong,2,40,42,1.0,0.0,walk
863,17.26,1.0,0.0,-0.37650883197784424,0.5973945260047913,-0.021588068455457687,-0.36916887760162354,0,2000,strong,2,40,42,1.0,0.0,walk
864,17.28,1.0,0.0,-0.37170279026031494,0.6089949607849121,-0.041505757719278336,-0.42748889327049255,0,2000,strong,2,40,42,1.0,0.0,walk
865,17.3,1.0,0.0,-0.3676949739456177,0.6248522996902466,-0.05536015331745148,-0.337527334690094,0,2000,strong,2,40,42,1.0,0.0,walk
866,17.32,1.0,0.0,-0.36476004123687744,0.6484289765357971,-0.06793231517076492,-0.29940855503082275,0,2000,strong,2,40,42,1.0,0.0,walk
867,17.34,1.0,0.0,-0.3622671365737915,0.676827609539032,-0.08125260472297668,-0.33796894550323486,0,2000,strong,2,40,42,1.0,0.0,walk
868,17.36,1.0,0.0,-0.35989105701446533,0.7089990973472595,-0.09781742095947266,-0.3637048006057739,0,2000,strong,2,40,42,1.0,0.0,walk
869,17.38,1.0,0.0,-0.3576136827468872,0.7410852313041687,-0.1196422129869461,-0.3938441276550293,0,2000,strong,2,40,42,1.0,0.0,walk
870,17.400000000000002,1.0,0.0,-0.3553239107131958,0.7687065005302429,-0.14619696140289307,-0.39412254095077515,0,2000,strong,2,40,42,1.0,0.0,walk
871,17.42,1.0,0.0,-0.35322773456573486,0.784420907497406,-0.17468556761741638,-0.29971984028816223,0,2000,strong,2,40,42,1.0,0.0,walk
872,17.44,1.0,0.0,-0.35183918476104736,0.7917020320892334,-0.2032184898853302,-0.13778841495513916,0,2000,strong,2,40,42,1.0,0.0,walk
873,17.46,1.0,0.0,-0.3523961305618286,0.7986587882041931,-0.23262599110603333,0.10374245792627335,0,2000,strong,2,40,42,1.0,0.0,walk
874,17.48,1.0,0.0,-0.35313332080841064,0.7331218719482422,-0.180738627910614,0.1586829125881195,0,2000,strong,2,40,42,1.0,0.0,walk
875,17.5,1.0,0.0,-0.35731327533721924,0.6935021281242371,-0.13283830881118774,0.4364430904388428,0,2000,strong,2,40,42,1.0,0.0,walk
876,17.52,1.0,0.0,-0.36188995838165283,0.6684167981147766,-0.10272451490163803,0.15291748940944672,0,2000,strong,2,40,42,1.0,0.0,walk
877,17.54,1.0,0.0,-0.3621922731399536,0.6518556475639343,-0.08604788035154343,-0.45220574736595154,0,2000,strong,2,40,42,1.0,0.0,walk
878,17.56,1.0,0.0,-0.3580409288406372,0.6396598219871521,-0.061588507145643234,-0.7413333058357239,0,2000,strong,2,40,42,1.0,0.0,walk
879,17.580000000000002,1.0,0.0,-0.3526397943496704,0.6156933903694153,-0.030798470601439476,-0.7573394775390625,0,2000,strong,2,40,42,1.0,0.0,walk
880,17.6,1.0,0.0,-0.3485814332962036,0.5986928939819336,-0.0026600295677781105,-0.47674641013145447,0,2000,strong,2,40,42,1.0,0.0,walk
881,17.62,1.0,0.0,-0.347079873085022,0.5822594165802002,0.021584324538707733,-0.2094721496105194,0,2000,strong,2,40,42,1.0,0.0,walk
882,17.64,1.0,0.0,-0.3476673364639282,0.574801504611969,0.04030013829469681,-0.01462649367749691,0,2000,strong,2,40,42,1.0,0.0,walk
883,17.66,1.0,0.0,-0.3493610620498657,0.5729497671127319,0.057781439274549484,0.07563801854848862,0,2000,strong,2,40,42,1.0,0.0,walk
884,17.68,1.0,0.0,-0.3510657548904419,0.5791012048721313,0.07495372742414474,0.058841001242399216,0,2000,strong,2,40,42,1.0,0.0,walk
885,17.7,1.0,0.0,-0.35217344760894775,0.5949586033821106,0.08900503814220428,0.024967554956674576,0,2000,strong,2,40,42,1.0,0.0,walk
886,17.72,1.0,0.0,-0.3526512384414673,0.6227591633796692,0.09832940250635147,0.06047077476978302,0,2000,strong,2,40,42,1.0,0.0,walk
887,17.740000000000002,1.0,0.0,-0.3532830476760864,0.6577638983726501,0.10867916792631149,0.1499546319246292,0,2000,strong,2,40,42,1.0,0.0,walk
888,17.76,1.0,0.0,-0.35408127307891846,0.6897310614585876,0.12445931136608124,0.1571197509765625,0,2000,strong,2,40,42,1.0,0.0,walk
889,17.78,1.0,0.0,-0.35431969165802,0.7196344137191772,0.14532530307769775,0.10620249062776566,0,2000,strong,2,40,42,1.0,0.0,walk
890,17.8,1.0,0.0,-0.35370934009552,0.7460477352142334,0.17045584321022034,0.04893691465258598,0,2000,strong,2,40,42,1.0,0.0,walk
891,17.82,1.0,0.0,-0.35227835178375244,0.7676798105239868,0.19961829483509064,-0.043134115636348724,0,2000,strong,2,40,42,1.0,0.0,walk
892,17.84,1.0,0.0,-0.3502436876296997,0.7860686182975769,0.23238447308540344,-0.1291944533586502,0,2000,strong,2,40,42,1.0,0.0,walk
893,17.86,1.0,0.0,-0.34796345233917236,0.8015825748443604,0.26866817474365234,-0.201894149184227,0,2000,strong,2,40,42,1.0,0.0,walk
894,17.88,1.0,0.0,-0.34512436389923096,0.8205257058143616,0.30712881684303284,-0.27023252844810486,0,2000,strong,2,40,42,1.0,0.0,walk
895,17.900000000000002,1.0,0.0,-0.3423706293106079,0.793708086013794,0.3221915662288666,0.006577504798769951,0,2000,strong,2,40,42,1.0,0.0,walk
896,17.92,1.0,0.0,-0.3395124673843384,0.7394959330558777,0.23480068147182465,-0.44001835584640503,0,2000,strong,2,40,42,1.0,0.0,walk
897,17.94,1.0,0.0,-0.33268702030181885,0.6942464113235474,0.18032115697860718,-0.5703861117362976,0,2000,strong,2,40,42,1.0,0.0,walk
898,17.96,1.0,0.0,-0.3265453577041626,0.6461123824119568,0.15278588235378265,-0.16329219937324524,0,2000,strong,2,40,42,1.0,0.0,walk
899,17.98,1.0,0.0,-0.32508957386016846,0.6238440275192261,0.13729234039783478,0.31446483731269836,0,2000,strong,2,40,42,1.0,0.0,walk
900,18.0,1.0,0.0,-0.32691490650177,0.6174649596214294,0.11070741713047028,0.40778958797454834,0,2000,strong,2,40,42,1.0,0.0,walk
901,18.02,1.0,0.0,-0.3274437189102173,0.5943853855133057,0.07729028165340424,0.2442983090877533,0,2000,strong,2,40,42,1.0,0.0,walk
902,18.04,1.0,0.0,-0.32709038257598877,0.5920050144195557,0.05381494015455246,0.10951843112707138,0,2000,strong,2,40,42,1.0,0.0,walk
903,18.06,1.0,0.0,-0.3262697458267212,0.597129225730896,0.036200057715177536,0.013800387270748615,0,2000,strong,2,40,42,1.0,0.0,walk
904,18.080000000000002,1.0,0.0,-0.324349045753479,0.5897761583328247,0.02101007290184498,-0.1296474188566208,0,2000,strong,2,40,42,1.0,0.0,walk
905,18.1,1.0,0.0,-0.3212333917617798,0.5926711559295654,0.0003324163844808936,-0.23912844061851501,0,2000,strong,2,40,42,1.0,0.0,walk
906,18.12,1.0,0.0,-0.3168984651565552,0.6007397770881653,-0.0231185145676136,-0.39750006794929504,0,2000,strong,2,40,42,1.0,0.0,walk
907,18.14,1.0,0.0,-0.3120356798171997,0.6216638684272766,-0.037621356546878815,-0.45708608627319336,0,2000,strong,2,40,42,1.0,0.0,walk
908,18.16,1.0,0.0,-0.30805504322052,0.6378695368766785,-0.048771072179079056,-0.33983150124549866,0,2000,strong,2,40,42,1.0,0.0,walk
909,18.18,1.0,0.0,-0.3053046464920044,0.660657525062561,-0.06030500680208206,-0.29637575149536133,0,2000,strong,2,40,42,1.0,0.0,walk
910,18.2,1.0,0.0,-0.30294668674468994,0.6851890683174133,-0.07595515251159668,-0.32872775197029114,0,2000,strong,2,40,42,1.0,0.0,walk
911,18.22,1.0,0.0,-0.30082380771636963,0.7141140699386597,-0.09363596141338348,-0.35008376836776733,0,2000,strong,2,40,42,1.0,0.0,walk
912,18.240000000000002,1.0,0.0,-0.2989250421524048,0.7436466217041016,-0.11600544303655624,-0.36503443121910095,0,2000,strong,2,40,42,1.0,0.0,walk
913,18.26,1.0,0.0,-0.2970072031021118,0.7646600604057312,-0.14373637735843658,-0.3393813371658325,0,2000,strong,2,40,42,1.0,0.0,walk
914,18.28,1.0,0.0,-0.29547274112701416,0.7750539779663086,-0.17202593386173248,-0.20868508517742157,0,2000,strong,2,40,42,1.0,0.0,walk
915,18.3,1.0,0.0,-0.29499971866607666,0.7807941436767578,-0.1999005377292633,-0.017754297703504562,0,2000,strong,2,40,42,1.0,0.0,walk
916,18.32,1.0,0.0,-0.29690849781036377,0.7799556255340576,-0.21781106293201447,0.10871682316064835,0,2000,strong,2,40,42,1.0,0.0,walk
917,18.34,1.0,0.0,-0.29823124408721924,0.7201112508773804,-0.15567272901535034,0.25950390100479126,0,2000,strong,2,40,42,1.0,0.0,walk
918,18.36,1.0,0.0,-0.302923321723938,0.6912319660186768,-0.11530382186174393,0.41268110275268555,0,2000,strong,2,40,42,1.0,0.0,walk
919,18.38,1.0,0.0,-0.3067680597305298,0.6713069677352905,-0.09522730857133865,0.04085038974881172,0,2000,strong,2,40,42,1.0,0.0,walk
920,18.400000000000002,1.0,0.0,-0.30676090717315674,0.6604909300804138,-0.0726638063788414,-0.42372703552246094,0,2000,strong,2,40,42,1.0,0.0,walk
921,18.42,1.0,0.0,-0.3028513193130493,0.6495096683502197,-0.04835016652941704,-0.7223674654960632,0,2000,strong,2,40,42,1.0,0.0,walk
922,18.44,1.0,0.0,-0.29774725437164307,0.6266863942146301,-0.017516067251563072,-0.7047237753868103,0,2000,strong,2,40,42,1.0,0.0,walk
923,18.46,1.0,0.0,-0.2936893701553345,0.6158857345581055,0.011266437359154224,-0.46468669176101685,0,2000,strong,2,40,42,1.0,0.0,walk
924,18.48,1.0,0.0,-0.29226553440093994,0.606278657913208,0.03142227604985237,-0.20497483015060425,0,2000,strong,2,40,42,1.0,0.0,walk
925,18.5,1.0,0.0,-0.29179203510284424,0.600487470626831,0.050830140709877014,-0.12648549675941467,0,2000,strong,2,40,42,1.0,0.0,walk
926,18.52,1.0,0.0,-0.29234373569488525,0.6065085530281067,0.07385972887277603,-0.02527041919529438,0,2000,strong,2,40,42,1.0,0.0,walk
927,18.54,1.0,0.0,-0.2928396463394165,0.6117250919342041,0.09151704609394073,-0.04877788946032524,0,2000,strong,2,40,42,1.0,0.0,walk
928,18.56,1.0,0.0,-0.2937232255935669,0.6328893899917603,0.1077643409371376,0.05305877700448036,0,2000,strong,2,40,42,1.0,0.0,walk
929,18.580000000000002,1.0,0.0,-0.2937833070755005,0.6693999171257019,0.11154688149690628,0.042076125741004944,0,2000,strong,2,40,42,1.0,0.0,walk
930,18.6,1.0,0.0,-0.2942405939102173,0.7058117985725403,0.12327257543802261,0.16056279838085175,0,2000,strong,2,40,42,1.0,0.0,walk
931,18.62,1.0,0.0,-0.29513704776763916,0.7383018136024475,0.14096972346305847,0.18512654304504395,0,2000,strong,2,40,42,1.0,0.0,walk
932,18.64,1.0,0.0,-0.2956963777542114,0.769095242023468,0.16143114864826202,0.17527684569358826,0,2000,strong,2,40,42,1.0,0.0,walk
933,18.66,1.0,0.0,-0.2956901788711548,0.7933598160743713,0.1865956038236618,0.10669223964214325,0,2000,strong,2,40,42,1.0,0.0,walk
934,18.68,1.0,0.0,-0.29492199420928955,0.8135442733764648,0.21508479118347168,0.010850831866264343,0,2000,strong,2,40,42,1.0,0.0,walk
935,18.7,1.0,0.0,-0.293826699256897,0.830184280872345,0.24778428673744202,-0.06760865449905396,0,2000,strong,2,40,42,1.0,0.0,walk
936,18.72,1.0,0.0,-0.291965126991272,0.8479413390159607,0.28253817558288574,-0.20065321028232574,0,2000,strong,2,40,42,1.0,0.0,walk
937,18.740000000000002,1.0,0.0,-0.2891436815261841,0.8641884922981262,0.3172796666622162,-0.24709805846214294,0,2000,strong,2,40,42,1.0,0.0,walk
938,18.76,1.0,0.0,-0.2875438928604126,0.7854690551757812,0.24950367212295532,-0.2925693690776825,0,2000,strong,2,40,42,1.0,0.0,walk
939,18.78,1.0,0.0,-0.28135597705841064,0.7283605337142944,0.18746306002140045,-0.6230083107948303,0,2000,strong,2,40,42,1.0,0.0,walk
940,18.8,1.0,0.0,-0.27490055561065674,0.6860935688018799,0.14455127716064453,-0.2889951765537262,0,2000,strong,2,40,42,1.0,0.0,walk
941,18.82,1.0,0.0,-0.27247488498687744,0.6457642316818237,0.13070444762706757,0.28509122133255005,0,2000,strong,2,40,42,1.0,0.0,walk
942,18.84,1.0,0.0,-0.27436602115631104,0.6153316497802734,0.10467803478240967,0.5850709080696106,0,2000,strong,2,40,42,1.0,0.0,walk
943,18.86,1.0,0.0,-0.2776690721511841,0.6059389114379883,0.07487403601408005,0.49371522665023804,0,2000,strong,2,40,42,1.0,0.0,walk
944,18.88,1.0,0.0,-0.2791987657546997,0.6017937660217285,0.052957236766815186,0.24897520244121552,0,2000,strong,2,40,42,1.0,0.0,walk
945,18.900000000000002,1.0,0.0,-0.27912580966949463,0.5913392305374146,0.03256598487496376,0.07662629336118698,0,2000,strong,2,40,42,1.0,0.0,walk
946,18.92,1.0,0.0,-0.27702343463897705,0.5846105813980103,0.013418792746961117,-0.16156429052352905,0,2000,strong,2,40,42,1.0,0.0,walk
947,18.94,1.0,0.0,-0.2736588716506958,0.5830879807472229,-0.0015561662148684263,-0.28438282012939453,0,2000,strong,2,40,42,1.0,0.0,walk
948,18.96,1.0,0.0,-0.2691003084182739,0.5788642764091492,-0.026050865650177002,-0.3622417449951172,0,2000,strong,2,40,42,1.0,0.0,walk
949,18.98,1.0,0.0,-0.264318585395813,0.5928158164024353,-0.042282771319150925,-0.43072178959846497,0,2000,strong,2,40,42,1.0,0.0,walk
950,19.0,1.0,0.0,-0.25999701023101807,0.6093047857284546,-0.05781063437461853,-0.37695053219795227,0,2000,strong,2,40,42,1.0,0.0,walk
951,19.02,1.0,0.0,-0.2568761110305786,0.6326680779457092,-0.06843360513448715,-0.29963207244873047,0,2000,strong,2,40,42,1.0,0.0,walk
952,19.04,1.0,0.0,-0.2548724412918091,0.6609402894973755,-0.08149872720241547,-0.26117897033691406,0,2000,strong,2,40,42,1.0,0.0,walk
953,19.06,1.0,0.0,-0.2532106637954712,0.6925584077835083,-0.09887262433767319,-0.2930465638637543,0,2000,strong,2,40,42,1.0,0.0,walk
954,19.080000000000002,1.0,0.0,-0.25184786319732666,0.7258229851722717,-0.12096520513296127,-0.28652477264404297,0,2000,strong,2,40,42,1.0,0.0,walk
955,19.1,1.0,0.0,-0.25048983097076416,0.7547447681427002,-0.14884646236896515,-0.3070102632045746,0,2000,strong,2,40,42,1.0,0.0,walk
956,19.12,1.0,0.0,-0.24941861629486084,0.7727989554405212,-0.17806167900562286,-0.20799537003040314,0,2000,strong,2,40,42,1.0,0.0,walk
957,19.14,1.0,0.0,-0.2488546371459961,0.7813534140586853,-0.20992960035800934,-0.08968905359506607,0,2000,strong,2,40,42,1.0,0.0,walk
958,19.16,1.0,0.0,-0.2495516538619995,0.7889021039009094,-0.24121615290641785,0.098068006336689,0,2000,strong,2,40,42,1.0,0.0,walk
959,19.18,1.0,0.0,-0.2504316568374634,0.7320963740348816,-0.20287036895751953,0.15054531395435333,0,2000,strong,2,40,42,1.0,0.0,walk
960,19.2,1.0,0.0,-0.254552960395813,0.6914411187171936,-0.15176327526569366,0.4643620252609253,0,2000,strong,2,40,42,1.0,0.0,walk
961,19.22,1.0,0.0,-0.2599388360977173,0.6648546457290649,-0.12098193168640137,0.2833375930786133,0,2000,strong,2,40,42,1.0,0.0,walk
962,19.240000000000002,1.0,0.0,-0.2616010904312134,0.6471850275993347,-0.10501863062381744,-0.28853753209114075,0,2000,strong,2,40,42,1.0,0.0,walk
963,19.26,1.0,0.0,-0.25898659229278564,0.6310969591140747,-0.0796746164560318,-0.6183747053146362,0,2000,strong,2,40,42,1.0,0.0,walk
964,19.28,1.0,0.0,-0.254552960395813,0.6114565134048462,-0.04902995377779007,-0.6702304482460022,0,2000,strong,2,40,42,1.0,0.0,walk
965,19.3,1.0,0.0,-0.25090181827545166,0.5940797924995422,-0.019114745780825615,-0.4690566062927246,0,2000,strong,2,40,42,1.0,0.0,walk
966,19.32,1.0,0.0,-0.24931204319000244,0.5839547514915466,0.005396303720772266,-0.22500811517238617,0,2000,strong,2,40,42,1.0,0.0,walk
967,19.34,1.0,0.0,-0.24973690509796143,0.5783534049987793,0.024713998660445213,-0.02798238769173622,0,2000,strong,2,40,42,1.0,0.0,walk
968,19.36,1.0,0.0,-0.2511059045791626,0.5772800445556641,0.04328231140971184,0.04151832312345505,0,2000,strong,2,40,42,1.0,0.0,walk
969,19.38,1.0,0.0,-0.2524977922439575,0.5853576064109802,0.06013348326086998,0.04689177870750427,0,2000,strong,2,40,42,1.0,0.0,walk
970,19.400000000000002,1.0,0.0,-0.25338470935821533,0.5991151332855225,0.07524819672107697,0.01186947152018547,0,2000,strong,2,40,42,1.0,0.0,walk
971,19.42,1.0,0.0,-0.25380051136016846,0.6256664991378784,0.08706750720739365,0.05942952632904053,0,2000,strong,2,40,42,1.0,0.0,walk
972,19.44,1.0,0.0,-0.2544137239456177,0.658502995967865,0.09814375638961792,0.14499370753765106,0,2000,strong,2,40,42,1.0,0.0,walk
973,19.46,1.0,0.0,-0.2552682161331177,0.6891534924507141,0.11394592374563217,0.17016907036304474,0,2000,strong,2,40,42,1.0,0.0,walk
974,19.48,1.0,0.0,-0.2556978464126587,0.718481183052063,0.13420569896697998,0.129129558801651,0,2000,strong,2,40,42,1.0,0.0,walk
975,19.5,1.0,0.0,-0.2553325891494751,0.7449832558631897,0.15814806520938873,0.07706829160451889,0,2000,strong,2,40,42,1.0,0.0,walk
976,19.52,1.0,0.0,-0.2542988061904907,0.766647219657898,0.186214417219162,0.006389091722667217,0,2000,strong,2,40,42,1.0,0.0,walk
977,19.54,1.0,0.0,-0.25277435779571533,0.7847037315368652,0.2176239937543869,-0.07143687456846237,0,2000,strong,2,40,42,1.0,0.0,walk
978,19.56,1.0,0.0,-0.2511235475540161,0.7999348044395447,0.25254714488983154,-0.13703779876232147,0,2000,strong,2,40,42,1.0,0.0,walk
979,19.580000000000002,1.0,0.0,-0.24882662296295166,0.8179871439933777,0.28928235173225403,-0.23439772427082062,0,2000,strong,2,40,42,1.0,0.0,walk
980,19.6,1.0,0.0,-0.2462829351425171,0.7873560786247253,0.29598280787467957,-0.007191309705376625,0,2000,strong,2,40,42,1.0,0.0,walk
981,19.62,1.0,0.0,-0.24343419075012207,0.7299049496650696,0.21316209435462952,-0.49479028582572937,0,2000,strong,2,40,42,1.0,0.0,walk
982,19.64,1.0,0.0,-0.23637259006500244,0.680709183216095,0.16287527978420258,-0.5778082013130188,0,2000,strong,2,40,42,1.0,0.0,walk
983,19.66,1.0,0.0,-0.2282198667526245,0.6257799863815308,0.14120148122310638,-0.5067675113677979,0,2000,strong,2,40,42,1.0,0.0,walk
984,19.68,1.0,0.0,-0.22384464740753174,0.5925408601760864,0.12654811143875122,0.10557489842176437,0,2000,strong,2,40,42,1.0,0.0,walk
985,19.7,1.0,0.0,-0.2242950201034546,0.5859283208847046,0.09968453645706177,0.35550275444984436,0,2000,strong,2,40,42,1.0,0.0,walk
986,19.72,1.0,0.0,-0.22510242462158203,0.5693085789680481,0.0683855339884758,0.3240463435649872,0,2000,strong,2,40,42,1.0,0.0,walk
987,19.740000000000002,1.0,0.0,-0.225791335105896,0.5740715861320496,0.04500860348343849,0.22733169794082642,0,2000,strong,2,40,42,1.0,0.0,walk
988,19.76,1.0,0.0,-0.22616755962371826,0.5818096995353699,0.026474613696336746,0.13195697963237762,0,2000,strong,2,40,42,1.0,0.0,walk
989,19.78,1.0,0.0,-0.22544074058532715,0.5797722935676575,0.01190815307199955,-0.02381664514541626,0,2000,strong,2,40,42,1.0,0.0,walk
990,19.8,1.0,0.0,-0.22326147556304932,0.5787450075149536,-0.0099174240604043,-0.15367504954338074,0,2000,strong,2,40,42,1.0,0.0,walk
991,19.82,1.0,0.0,-0.2196662425994873,0.583381712436676,-0.03344818204641342,-0.32125604152679443,0,2000,strong,2,40,42,1.0,0.0,walk
992,19.84,1.0,0.0,-0.2153937816619873,0.601392388343811,-0.047648366540670395,-0.40124738216400146,0,2000,strong,2,40,42,1.0,0.0,walk
993,19.86,1.0,0.0,-0.21196377277374268,0.615070104598999,-0.058817099779844284,-0.2842417359352112,0,2000,strong,2,40,42,1.0,0.0,walk
994,19.88,1.0,0.0,-0.20991206169128418,0.6374115347862244,-0.0693824365735054,-0.2263670414686203,0,2000,strong,2,40,42,1.0,0.0,walk
995,19.900000000000002,1.0,0.0,-0.20809531211853027,0.6624999046325684,-0.08534984290599823,-0.29059767723083496,0,2000,strong,2,40,42,1.0,0.0,walk
996,19.92,1.0,0.0,-0.20641350746154785,0.6929786801338196,-0.10294877737760544,-0.3122866153717041,0,2000,strong,2,40,42,1.0,0.0,walk
997,19.94,1.0,0.0,-0.2050544023513794,0.7237433195114136,-0.12675054371356964,-0.30934152007102966,0,2000,strong,2,40,42,1.0,0.0,walk
998,19.96,1.0,0.0,-0.2036445140838623,0.7451305389404297,-0.15621255338191986,-0.2972779870033264,0,2000,strong,2,40,42,1.0,0.0,walk
999,19.98,1.0,0.0,0.9740186929702759,0.7554211616516113,-0.1861376315355301,-0.1738647222518921,0,2000,strong,2,40,42,1.0,0.0,walk
1000,20.0,1.0,0.0,0.9741512537002563,0.7611149549484253,-0.21697138249874115,-0.00013852305710315704,0,2000,strong,2,40,42,1.0,0.0,walk
1001,20.02,1.0,0.0,0.9720193147659302,0.7686581611633301,-0.24833013117313385,0.2513899505138397,0,2000,strong,2,40,42,1.0,0.0,walk
1002,20.04,1.0,0.0,0.9702855348587036,0.6960412263870239,-0.1885986179113388,0.28832384943962097,0,2000,strong,2,40,42,1.0,0.0,walk
1003,20.06,1.0,0.0,0.9646812677383423,0.6624825596809387,-0.1491541862487793,0.5419659614562988,0,2000,strong,2,40,42,1.0,0.0,walk
1004,20.080000000000002,1.0,0.0,0.9591566324234009,0.6419934630393982,-0.12399646639823914,0.21891529858112335,0,2000,strong,2,40,42,1.0,0.0,walk
1005,20.1,1.0,0.0,0.9581443071365356,0.6275290846824646,-0.1101011335849762,-0.35418596863746643,0,2000,strong,2,40,42,1.0,0.0,walk
1006,20.12,1.0,0.0,0.9607836008071899,0.6146833896636963,-0.08618562668561935,-0.5587214827537537,0,2000,strong,2,40,42,1.0,0.0,walk
1007,20.14,1.0,0.0,0.96399986743927,0.593346893787384,-0.05617969110608101,-0.5052979588508606,0,2000,strong,2,40,42,1.0,0.0,walk
1008,20.16,1.0,0.0,0.9656854867935181,0.5837605595588684,-0.030893508344888687,-0.23489773273468018,0,2000,strong,2,40,42,1.0,0.0,walk
1009,20.18,1.0,0.0,0.9649616479873657,0.5756179094314575,-0.010300131514668465,0.00012820493429899216,0,2000,strong,2,40,42,1.0,0.0,walk
1010,20.2,1.0,0.0,0.96271812915802,0.5727118253707886,0.006218616385012865,0.1368693858385086,0,2000,strong,2,40,42,1.0,0.0,walk
1011,20.22,1.0,0.0,0.9599915742874146,0.5767377614974976,0.020996497943997383,0.1894545704126358,0,2000,strong,2,40,42,1.0,0.0,walk
1012,20.240000000000002,1.0,0.0,0.9568744897842407,0.584839940071106,0.035976313054561615,0.2653588354587555,0,2000,strong,2,40,42,1.0,0.0,walk
1013,20.26,1.0,0.0,0.9534560441970825,0.5989099740982056,0.049776677042245865,0.29911649227142334,0,2000,strong,2,40,42,1.0,0.0,walk
1014,20.28,1.0,0.0,0.9502893686294556,0.6249299645423889,0.057901781052351,0.35879138112068176,0,2000,strong,2,40,42,1.0,0.0,walk
1015,20.3,1.0,0.0,0.9465781450271606,0.6522414088249207,0.06924069672822952,0.475137323141098,0,2000,strong,2,40,42,1.0,0.0,walk
1016,20.32,1.0,0.0,0.9423695802688599,0.6764469742774963,0.08415880799293518,0.5239982008934021,0,2000,strong,2,40,42,1.0,0.0,walk
1017,20.34,1.0,0.0,0.9381996393203735,0.6992496252059937,0.10231459885835648,0.5350284576416016,0,2000,strong,2,40,42,1.0,0.0,walk
1018,20.36,1.0,0.0,0.9342485666275024,0.721248209476471,0.12283208966255188,0.5267293453216553,0,2000,strong,2,40,42,1.0,0.0,walk
1019,20.38,1.0,0.0,0.930646538734436,0.737644374370575,0.14711566269397736,0.45122525095939636,0,2000,strong,2,40,42,1.0,0.0,walk
1020,20.400000000000002,1.0,0.0,0.9279547929763794,0.7483659982681274,0.1731109917163849,0.26917147636413574,0,2000,strong,2,40,42,1.0,0.0,walk
1021,20.42,1.0,0.0,0.9270764589309692,0.7546563148498535,0.20095130801200867,-0.009816714562475681,0,2000,strong,2,40,42,1.0,0.0,walk
1022,20.44,1.0,0.0,0.9290663003921509,0.759118914604187,0.2241300791501999,-0.3463364541530609,0,2000,strong,2,40,42,1.0,0.0,walk
1023,20.46,1.0,0.0,0.9333902597427368,0.7196663618087769,0.19454850256443024,-0.3471839427947998,0,2000,strong,2,40,42,1.0,0.0,walk
1024,20.48,1.0,0.0,0.9372092485427856,0.6791453957557678,0.13516902923583984,-0.3804376423358917,0,2000,strong,2,40,42,1.0,0.0,walk
1025,20.5,1.0,0.0,0.9401761293411255,0.6541125178337097,0.08603380620479584,0.10891655087471008,0,2000,strong,2,40,42,1.0,0.0,walk
1026,20.52,1.0,0.0,0.9383217096328735,0.6259031295776367,0.05336436629295349,0.7828393578529358,0,2000,strong,2,40,42,1.0,0.0,walk
1027,20.54,1.0,0.0,0.9305306673049927,0.6079724431037903,0.023463618010282516,1.2715835571289062,0,2000,strong,2,40,42,1.0,0.0,walk
1028,20.56,1.0,0.0,0.9203931093215942,0.6151248216629028,-0.01122620701789856,1.181588053703308,0,2000,strong,2,40,42,1.0,0.0,walk
1029,20.580000000000002,1.0,0.0,0.9128137826919556,0.6212157011032104,-0.04175644740462303,0.8108198642730713,0,2000,strong,2,40,42,1.0,0.0,walk
1030,20.6,1.0,0.0,0.9081403017044067,0.6230370998382568,-0.06209519878029823,0.5073018074035645,0,2000,strong,2,40,42,1.0,0.0,walk
1031,20.62,1.0,0.0,0.9059368371963501,0.6192744970321655,-0.0800616443157196,0.2717205584049225,0,2000,strong,2,40,42,1.0,0.0,walk
1032,20.64,1.0,0.0,0.9049526453018188,0.6119790077209473,-0.09436860680580139,0.15265944600105286,0,2000,strong,2,40,42,1.0,0.0,walk
1033,20.66,1.0,0.0,0.905377984046936,0.6018744111061096,-0.11862266808748245,0.018013304099440575,0,2000,strong,2,40,42,1.0,0.0,walk
1034,20.68,1.0,0.0,0.9070616960525513,0.6088501811027527,-0.13781310617923737,-0.1637638658285141,0,2000,strong,2,40,42,1.0,0.0,walk
1035,20.7,1.0,0.0,0.9099456071853638,0.6304113864898682,-0.154428169131279,-0.2912948727607727,0,2000,strong,2,40,42,1.0,0.0,walk
1036,20.72,1.0,0.0,0.9124370813369751,0.6591712832450867,-0.16551858186721802,-0.2406475991010666,0,2000,strong,2,40,42,1.0,0.0,walk
1037,20.740000000000002,1.0,0.0,0.9139283895492554,0.6930593252182007,-0.1807183474302292,-0.19043585658073425,0,2000,strong,2,40,42,1.0,0.0,walk
1038,20.76,1.0,0.0,0.9147535562515259,0.728659987449646,-0.20353996753692627,-0.1586233377456665,0,2000,strong,2,40,42,1.0,0.0,walk
1039,20.78,1.0,0.0,0.913643479347229,0.7649306058883667,-0.2294505387544632,0.0441676490008831,0,2000,strong,2,40,42,1.0,0.0,walk
1040,20.8,1.0,0.0,0.9102174043655396,0.795924186706543,-0.26591747999191284,0.2522450089454651,0,2000,strong,2,40,42,1.0,0.0,walk
1041,20.82,1.0,0.0,0.9046913385391235,0.8163049817085266,-0.3092065453529358,0.4724634289741516,0,2000,strong,2,40,42,1.0,0.0,walk
1042,20.84,1.0,0.0,0.8978763818740845,0.8287619948387146,-0.35776662826538086,0.6301087737083435,0,2000,strong,2,40,42,1.0,0.0,walk
1043,20.86,1.0,0.0,0.8904052972793579,0.8423306345939636,-0.4089403450489044,0.6616275906562805,0,2000,strong,2,40,42,1.0,0.0,walk
1044,20.88,1.0,0.0,0.8864351511001587,0.7697176933288574,-0.3534112572669983,0.12975868582725525,0,2000,strong,2,40,42,1.0,0.0,walk
1045,20.900000000000002,1.0,0.0,0.8804799318313599,0.7290582060813904,-0.2792889475822449,0.7316223978996277,0,2000,strong,2,40,42,1.0,0.0,walk
1046,20.92,1.0,0.0,0.8718453645706177,0.6880478262901306,-0.23375387489795685,0.6145762205123901,0,2000,strong,2,40,42,1.0,0.0,walk
1047,20.94,1.0,0.0,0.8667370080947876,0.6494649648666382,-0.2079051434993744,0.03715578094124794,0,2000,strong,2,40,42,1.0,0.0,walk
1048,20.96,1.0,0.0,0.8657568693161011,0.620772659778595,-0.1711195856332779,-0.2295558750629425,0,2000,strong,2,40,42,1.0,0.0,walk
1049,20.98,1.0,0.0,0.8656507730484009,0.5963842272758484,-0.13259388506412506,-0.19081459939479828,0,2000,strong,2,40,42,1.0,0.0,walk
1050,21.0,1.0,0.0,0.864402174949646,0.5821374654769897,-0.1001797616481781,0.022162320092320442,0,2000,strong,2,40,42,1.0,0.0,walk
1051,21.02,1.0,0.0,0.861883282661438,0.5709746479988098,-0.07492171972990036,0.13112205266952515,0,2000,strong,2,40,42,1.0,0.0,walk
1052,21.04,1.0,0.0,0.858892560005188,0.5699029564857483,-0.05466015636920929,0.17838093638420105,0,2000,strong,2,40,42,1.0,0.0,walk
1053,21.06,1.0,0.0,0.8559733629226685,0.5741236209869385,-0.03278886899352074,0.1876000165939331,0,2000,strong,2,40,42,1.0,0.0,walk
1054,21.080000000000002,1.0,0.0,0.8531543016433716,0.5791130661964417,-0.008610071614384651,0.18903259932994843,0,2000,strong,2,40,42,1.0,0.0,walk
1055,21.1,1.0,0.0,0.8501869440078735,0.5923656821250916,0.011377227492630482,0.24047863483428955,0,2000,strong,2,40,42,1.0,0.0,walk
1056,21.12,1.0,0.0,0.847542405128479,0.621113657951355,0.022536223754286766,0.28695154190063477,0,2000,strong,2,40,42,1.0,0.0,walk
1057,21.14,1.0,0.0,0.844946026802063,0.6558879613876343,0.033572278916835785,0.34118515253067017,0,2000,strong,2,40,42,1.0,0.0,walk
1058,21.16,1.0,0.0,0.8422795534133911,0.6862651109695435,0.05149580538272858,0.360461562871933,0,2000,strong,2,40,42,1.0,0.0,walk
1059,21.18,1.0,0.0,0.8400348424911499,0.7152572274208069,0.07126487046480179,0.34675848484039307,0,2000,strong,2,40,42,1.0,0.0,walk
1060,21.2,1.0,0.0,0.8380316495895386,0.7393108010292053,0.09570629894733429,0.3518180847167969,0,2000,strong,2,40,42,1.0,0.0,walk
1061,21.22,1.0,0.0,0.8359962701797485,0.7562251687049866,0.12357239425182343,0.3220852017402649,0,2000,strong,2,40,42,1.0,0.0,walk
1062,21.240000000000002,1.0,0.0,0.8340679407119751,0.767618715763092,0.15315034985542297,0.2287919521331787,0,2000,strong,2,40,42,1.0,0.0,walk
1063,21.26,1.0,0.0,0.8328944444656372,0.7734454274177551,0.18345974385738373,0.0684787854552269,0,2000,strong,2,40,42,1.0,0.0,walk
1064,21.28,1.0,0.0,0.8337641954421997,0.7832866907119751,0.20234325528144836,-0.27885183691978455,0,2000,strong,2,40,42,1.0,0.0,walk
1065,21.3,1.0,0.0,0.8360103368759155,0.7287064790725708,0.15641754865646362,-0.32457175850868225,0,2000,strong,2,40,42,1.0,0.0,walk
1066,21.32,1.0,0.0,0.8399091958999634,0.6967007517814636,0.09949059784412384,-0.3830265998840332,0,2000,strong,2,40,42,1.0,0.0,walk
1067,21.34,1.0,0.0,0.8424121141433716,0.6773300766944885,0.05668812245130539,0.10071983933448792,0,2000,strong,2,40,42,1.0,0.0,walk
1068,21.36,1.0,0.0,0.8399981260299683,0.6471277475357056,0.03576914593577385,0.7483605146408081,0,2000,strong,2,40,42,1.0,0.0,walk
1069,21.38,1.0,0.0,0.832910418510437,0.6186429262161255,0.008225277066230774,1.1384189128875732,0,2000,strong,2,40,42,1.0,0.0,walk
1070,21.400000000000002,1.0,0.0,0.8243862390518188,0.6136573553085327,-0.02218129299581051,1.0306135416030884,0,2000,strong,2,40,42,1.0,0.0,walk
1071,21.42,1.0,0.0,0.8183027505874634,0.6028891205787659,-0.05230949446558952,0.7099083662033081,0,2000,strong,2,40,42,1.0,0.0,walk
1072,21.44,1.0,0.0,0.8151880502700806,0.5974588990211487,-0.06772889196872711,0.3807722330093384,0,2000,strong,2,40,42,1.0,0.0,walk
1073,21.46,1.0,0.0,0.8144837617874146,0.5989448428153992,-0.07779492437839508,0.11792267113924026,0,2000,strong,2,40,42,1.0,0.0,walk
1074,21.48,1.0,0.0,0.8148816823959351,0.587891697883606,-0.09484922140836716,0.06999949365854263,0,2000,strong,2,40,42,1.0,0.0,walk
1075,21.5,1.0,0.0,0.8165327310562134,0.5797833800315857,-0.11611516773700714,-0.07622556388378143,0,2000,strong,2,40,42,1.0,0.0,walk
1076,21.52,1.0,0.0,0.8190287351608276,0.5820621252059937,-0.13405841588974,-0.18904158473014832,0,2000,strong,2,40,42,1.0,0.0,walk
1077,21.54,1.0,0.0,0.8216689825057983,0.5946643948554993,-0.14770810306072235,-0.20688340067863464,0,2000,strong,2,40,42,1.0,0.0,walk
1078,21.56,1.0,0.0,0.8237382173538208,0.618348240852356,-0.15871582925319672,-0.19900669157505035,0,2000,strong,2,40,42,1.0,0.0,walk
1079,21.580000000000002,1.0,0.0,0.8256179094314575,0.6450067758560181,-0.17282772064208984,-0.2397105097770691,0,2000,strong,2,40,42,1.0,0.0,walk
1080,21.6,1.0,0.0,0.8268519639968872,0.6771157383918762,-0.19047260284423828,-0.168380469083786,0,2000,strong,2,40,42,1.0,0.0,walk
1081,21.62,1.0,0.0,0.8264936208724976,0.7074835896492004,-0.2138877660036087,-0.007454645819962025,0,2000,strong,2,40,42,1.0,0.0,walk
1082,21.64,1.0,0.0,0.8235388994216919,0.7382659316062927,-0.242928609251976,0.21995167434215546,0,2000,strong,2,40,42,1.0,0.0,walk
1083,21.66,1.0,0.0,0.8183466196060181,0.7620229125022888,-0.2814672887325287,0.416489839553833,0,2000,strong,2,40,42,1.0,0.0,walk
1084,21.68,1.0,0.0,0.8118478059768677,0.7776128649711609,-0.32643750309944153,0.5692446827888489,0,2000,strong,2,40,42,1.0,0.0,walk
1085,21.7,1.0,0.0,0.8047224283218384,0.7910916209220886,-0.3739337623119354,0.6492176055908203,0,2000,strong,2,40,42,1.0,0.0,walk
1086,21.72,1.0,0.0,0.7978698015213013,0.8056402206420898,-0.4122873544692993,0.5130286812782288,0,2000,strong,2,40,42,1.0,0.0,walk
1087,21.740000000000002,1.0,0.0,0.7951372861862183,0.7255745530128479,-0.3269765079021454,0.4776528775691986,0,2000,strong,2,40,42,1.0,0.0,walk
1088,21.76,1.0,0.0,0.7872790098190308,0.6835205554962158,-0.26956215500831604,0.7553651332855225,0,2000,strong,2,40,42,1.0,0.0,walk
1089,21.78,1.0,0.0,0.7790087461471558,0.6436856985092163,-0.23831531405448914,0.48310235142707825,0,2000,strong,2,40,42,1.0,0.0,walk
1090,21.8,1.0,0.0,0.7749801874160767,0.6117865443229675,-0.21144947409629822,-0.04626986384391785,0,2000,strong,2,40,42,1.0,0.0,walk
1091,21.82,1.0,0.0,0.77448570728302,0.5850152373313904,-0.17657087743282318,-0.26122578978538513,0,2000,strong,2,40,42,1.0,0.0,walk
1092,21.84,1.0,0.0,0.7742060422897339,0.5701879858970642,-0.14123079180717468,-0.11790403723716736,0,2000,strong,2,40,42,1.0,0.0,walk
1093,21.86,1.0,0.0,0.7726131677627563,0.5598195791244507,-0.11209293454885483,0.045256391167640686,0,2000,strong,2,40,42,1.0,0.0,walk
1094,21.88,1.0,0.0,0.7704991102218628,0.5573886632919312,-0.09194666892290115,0.07024958729743958,0,2000,strong,2,40,42,1.0,0.0,walk
1095,21.900000000000002,1.0,0.0,0.7682141065597534,0.5609927177429199,-0.07055171579122543,0.13241638243198395,0,2000,strong,2,40,42,1.0,0.0,walk
1096,21.92,1.0,0.0,0.7655755281448364,0.5681849122047424,-0.04798915237188339,0.173635333776474,0,2000,strong,2,40,42,1.0,0.0,walk
1097,21.94,1.0,0.0,0.7631145715713501,0.579134464263916,-0.02800537273287773,0.16449066996574402,0,2000,strong,2,40,42,1.0,0.0,walk
1098,21.96,1.0,0.0,0.760644793510437,0.599260151386261,-0.013020005077123642,0.2474680095911026,0,2000,strong,2,40,42,1.0,0.0,walk
1099,21.98,1.0,0.0,0.7583202123641968,0.6276258230209351,-0.001478078542277217,0.27569815516471863,0,2000,strong,2,40,42,1.0,0.0,walk
1100,22.0,1.0,0.0,0.7558952569961548,0.6571666598320007,0.01307417917996645,0.33275848627090454,0,2000,strong,2,40,42,1.0,0.0,walk
1101,22.02,1.0,0.0,0.7533856630325317,0.6833673715591431,0.03157861530780792,0.35128504037857056,0,2000,strong,2,40,42,1.0,0.0,walk
1102,22.04,1.0,0.0,0.7512537240982056,0.7097552418708801,0.051202259957790375,0.33680105209350586,0,2000,strong,2,40,42,1.0,0.0,walk
1103,22.06,1.0,0.0,0.7493385076522827,0.7321399450302124,0.07432752102613449,0.32849395275115967,0,2000,strong,2,40,42,1.0,0.0,walk
1104,22.080000000000002,1.0,0.0,0.7475610971450806,0.7486987709999084,0.09996499121189117,0.27390068769454956,0,2000,strong,2,40,42,1.0,0.0,walk
1105,22.1,1.0,0.0,0.7460728883743286,0.7589187026023865,0.12749645113945007,0.15644028782844543,0,2000,strong,2,40,42,1.0,0.0,walk
1106,22.12,1.0,0.0,0.7458287477493286,0.7684018611907959,0.1563502848148346,-0.06789356470108032,0,2000,strong,2,40,42,1.0,0.0,walk
1107,22.14,1.0,0.0,0.7479726076126099,0.7713085412979126,0.17049258947372437,-0.28001484274864197,0,2000,strong,2,40,42,1.0,0.0,walk
1108,22.16,1.0,0.0,0.7509690523147583,0.731629490852356,0.11987689882516861,-0.3567045032978058,0,2000,strong,2,40,42,1.0,0.0,walk
1109,22.18,1.0,0.0,0.7555781602859497,0.7010220885276794,0.0682903528213501,-0.43936342000961304,0,2000,strong,2,40,42,1.0,0.0,walk
1110,22.2,1.0,0.0,0.7593702077865601,0.6625993847846985,0.0323789119720459,0.06377534568309784,0,2000,strong,2,40,42,1.0,0.0,walk
1111,22.22,1.0,0.0,0.7575346231460571,0.6432808041572571,0.013394755311310291,0.7743858098983765,0,2000,strong,2,40,42,1.0,0.0,walk
1112,22.240000000000002,1.0,0.0,0.7500170469284058,0.6366268992424011,-0.013343751430511475,1.107138991355896,0,2000,strong,2,40,42,1.0,0.0,walk
1113,22.26,1.0,0.0,0.7423907518386841,0.624991238117218,-0.04702293127775192,0.939736008644104,0,2000,strong,2,40,42,1.0,0.0,walk
1114,22.28,1.0,0.0,0.7368897199630737,0.6296381950378418,-0.07365541160106659,0.6540443897247314,0,2000,strong,2,40,42,1.0,0.0,walk
1115,22.3,1.0,0.0,0.7332154512405396,0.6316717267036438,-0.09185473620891571,0.4541410803794861,0,2000,strong,2,40,42,1.0,0.0,walk
1116,22.32,1.0,0.0,0.7308751344680786,0.6262722611427307,-0.10559908300638199,0.32937198877334595,0,2000,strong,2,40,42,1.0,0.0,walk
1117,22.34,1.0,0.0,0.7293020486831665,0.6151009202003479,-0.12469323724508286,0.2546948492527008,0,2000,strong,2,40,42,1.0,0.0,walk
1118,22.36,1.0,0.0,0.729169487953186,0.6123896241188049,-0.14668802917003632,0.05164970085024834,0,2000,strong,2,40,42,1.0,0.0,walk
1119,22.38,1.0,0.0,0.731174111366272,0.6243692636489868,-0.16407345235347748,-0.22014044225215912,0,2000,strong,2,40,42,1.0,0.0,walk
1120,22.400000000000002,1.0,0.0,0.7335315942764282,0.6443767547607422,-0.17479921877384186,-0.1990744024515152,0,2000,strong,2,40,42,1.0,0.0,walk
1121,22.42,1.0,0.0,0.7352777719497681,0.670546293258667,-0.18641409277915955,-0.18901894986629486,0,2000,strong,2,40,42,1.0,0.0,walk
1122,22.44,1.0,0.0,0.7368661165237427,0.6998003721237183,-0.20291097462177277,-0.22430826723575592,0,2000,strong,2,40,42,1.0,0.0,walk
1123,22.46,1.0,0.0,0.737850546836853,0.7318105101585388,-0.22318622469902039,-0.1721051037311554,0,2000,strong,2,40,42,1.0,0.0,walk
1124,22.48,1.0,0.0,0.7371424436569214,0.7654286623001099,-0.24768051505088806,-0.01604653149843216,0,2000,strong,2,40,42,1.0,0.0,walk
1125,22.5,1.0,0.0,0.7344759702682495,0.7940765023231506,-0.2825634479522705,0.15803316235542297,0,2000,strong,2,40,42,1.0,0.0,walk
1126,22.52,1.0,0.0,0.7298957109451294,0.8134226202964783,-0.32407933473587036,0.3791128993034363,0,2000,strong,2,40,42,1.0,0.0,walk
1127,22.54,1.0,0.0,0.724150538444519,0.8239169716835022,-0.370031476020813,0.5271288156509399,0,2000,strong,2,40,42,1.0,0.0,walk
1128,22.56,1.0,0.0,0.7177220582962036,0.8352785110473633,-0.4185587465763092,0.5840309858322144,0,2000,strong,2,40,42,1.0,0.0,walk
1129,22.580000000000002,1.0,0.0,0.7142602205276489,0.7627386450767517,-0.35917866230010986,0.24081064760684967,0,2000,strong,2,40,42,1.0,0.0,walk
1130,22.6,1.0,0.0,0.7081915140151978,0.7221283316612244,-0.29091566801071167,0.6823379397392273,0,2000,strong,2,40,42,1.0,0.0,walk
1131,22.62,1.0,0.0,0.7001901865005493,0.6846042275428772,-0.24555307626724243,0.5372568368911743,0,2000,strong,2,40,42,1.0,0.0,walk
1132,22.64,1.0,0.0,0.6958481073379517,0.6481257677078247,-0.2212674915790558,-0.03840484842658043,0,2000,strong,2,40,42,1.0,0.0,walk
1133,22.66,1.0,0.0,0.6954199075698853,0.6198746562004089,-0.18547748029232025,-0.2823678255081177,0,2000,strong,2,40,42,1.0,0.0,walk
1134,22.68,1.0,0.0,0.6956449747085571,0.5945689678192139,-0.1477636843919754,-0.21334141492843628,0,2000,strong,2,40,42,1.0,0.0,walk
1135,22.7,1.0,0.0,0.6945356130599976,0.5792730450630188,-0.11663550138473511,-0.0016610261518508196,0,2000,strong,2,40,42,1.0,0.0,walk
1136,22.72,1.0,0.0,0.6920825242996216,0.5677458047866821,-0.09085947275161743,0.12107478827238083,0,2000,strong,2,40,42,1.0,0.0,walk
1137,22.740000000000002,1.0,0.0,0.6891714334487915,0.5661731958389282,-0.07099179178476334,0.16218622028827667,0,2000,strong,2,40,42,1.0,0.0,walk
1138,22.76,1.0,0.0,0.6863657236099243,0.5699861645698547,-0.050598204135894775,0.1741224080324173,0,2000,strong,2,40,42,1.0,0.0,walk
1139,22.78,1.0,0.0,0.6835771799087524,0.5757638216018677,-0.027553025633096695,0.18273505568504333,0,2000,strong,2,40,42,1.0,0.0,walk
1140,22.8,1.0,0.0,0.6810370683670044,0.5904647707939148,-0.009701970033347607,0.1885065734386444,0,2000,strong,2,40,42,1.0,0.0,walk
1141,22.82,1.0,0.0,0.6787828207015991,0.6178328990936279,0.0023728348314762115,0.2447928786277771,0,2000,strong,2,40,42,1.0,0.0,walk
1142,22.84,1.0,0.0,0.67646324634552,0.6510927081108093,0.013785773888230324,0.31067970395088196,0,2000,strong,2,40,42,1.0,0.0,walk
1143,22.86,1.0,0.0,0.6740566492080688,0.6814814805984497,0.03024544194340706,0.3315148949623108,0,2000,strong,2,40,42,1.0,0.0,walk
1144,22.88,1.0,0.0,0.671974778175354,0.7103086709976196,0.04980500042438507,0.3219614028930664,0,2000,strong,2,40,42,1.0,0.0,walk
1145,22.900000000000002,1.0,0.0,0.6701380014419556,0.7354788780212402,0.07288096845149994,0.32746705412864685,0,2000,strong,2,40,42,1.0,0.0,walk
1146,22.92,1.0,0.0,0.6684426069259644,0.7542988657951355,0.099014051258564,0.28361839056015015,0,2000,strong,2,40,42,1.0,0.0,walk
1147,22.94,1.0,0.0,0.6670390367507935,0.7680503726005554,0.1272660195827484,0.18950219452381134,0,2000,strong,2,40,42,1.0,0.0,walk
1148,22.96,1.0,0.0,0.6662575006484985,0.777671217918396,0.15738148987293243,0.0243210531771183,0,2000,strong,2,40,42,1.0,0.0,walk
1149,22.98,1.0,0.0,0.6671334505081177,0.7871930599212646,0.1824330985546112,-0.20293471217155457,0,2000,strong,2,40,42,1.0,0.0,walk
1150,23.0,1.0,0.0,0.6698404550552368,0.7512131333351135,0.15913544595241547,-0.24361877143383026,0,2000,strong,2,40,42,1.0,0.0,walk
1151,23.02,1.0,0.0,0.6735531091690063,0.7098076939582825,0.10267842561006546,-0.4772517681121826,0,2000,strong,2,40,42,1.0,0.0,walk
1152,23.04,1.0,0.0,0.6776667833328247,0.6808505654335022,0.05756325647234917,-0.1201682835817337,0,2000,strong,2,40,42,1.0,0.0,walk
1153,23.06,1.0,0.0,0.6776696443557739,0.6466381549835205,0.030654672533273697,0.5526965260505676,0,2000,strong,2,40,42,1.0,0.0,walk
1154,23.080000000000002,1.0,0.0,0.6715730428695679,0.6159720420837402,0.00660762470215559,1.1258337497711182,0,2000,strong,2,40,42,1.0,0.0,walk
1155,23.1,1.0,0.0,0.6622344255447388,0.6075135469436646,-0.02363797277212143,1.1531561613082886,0,2000,strong,2,40,42,1.0,0.0,walk
1156,23.12,1.0,0.0,0.6550153493881226,0.6031073927879333,-0.05230017006397247,0.8053792119026184,0,2000,strong,2,40,42,1.0,0.0,walk
1157,23.14,1.0,0.0,0.6507550477981567,0.6029158234596252,-0.07069145888090134,0.4722174406051636,0,2000,strong,2,40,42,1.0,0.0,walk
1158,23.16,1.0,0.0,0.6493092775344849,0.6020724773406982,-0.08466736972332001,0.19528567790985107,0,2000,strong,2,40,42,1.0,0.0,walk
1159,23.18,1.0,0.0,0.6492315530776978,0.5957270860671997,-0.09637245535850525,0.0831306055188179,0,2000,strong,2,40,42,1.0,0.0,walk
1160,23.2,1.0,0.0,0.6503583192825317,0.5821806192398071,-0.11844339966773987,-0.010719263926148415,0,2000,strong,2,40,42,1.0,0.0,walk
1161,23.22,1.0,0.0,0.6524709463119507,0.5836143493652344,-0.13758806884288788,-0.16640567779541016,0,2000,strong,2,40,42,1.0,0.0,walk
1162,23.240000000000002,1.0,0.0,0.6554607152938843,0.5991712808609009,-0.15418179333209991,-0.2707107663154602,0,2000,strong,2,40,42,1.0,0.0,walk
1163,23.26,1.0,0.0,0.6582123041152954,0.622302234172821,-0.16557030379772186,-0.2504240870475769,0,2000,strong,2,40,42,1.0,0.0,walk
1164,23.28,1.0,0.0,0.6600016355514526,0.6506138443946838,-0.17747066915035248,-0.19502121210098267,0,2000,strong,2,40,42,1.0,0.0,walk
1165,23.3,1.0,0.0,0.6611706018447876,0.681300938129425,-0.1960543692111969,-0.18120077252388,0,2000,strong,2,40,42,1.0,0.0,walk
1166,23.32,1.0,0.0,0.6610790491104126,0.7138044834136963,-0.2173537015914917,-0.057523906230926514,0,2000,strong,2,40,42,1.0,0.0,walk
1167,23.34,1.0,0.0,0.6589933633804321,0.7451464533805847,-0.24722665548324585,0.10547329485416412,0,2000,strong,2,40,42,1.0,0.0,walk
1168,23.36,1.0,0.0,0.6551533937454224,0.7698213458061218,-0.2850242853164673,0.27279114723205566,0,2000,strong,2,40,42,1.0,0.0,walk
1169,23.38,1.0,0.0,0.6500471830368042,0.7848935723304749,-0.3283139765262604,0.4302719235420227,0,2000,strong,2,40,42,1.0,0.0,walk
1170,23.400000000000002,1.0,0.0,0.6442428827285767,0.7954118251800537,-0.3743075430393219,0.5271337628364563,0,2000,strong,2,40,42,1.0,0.0,walk
1171,23.42,1.0,0.0,0.6381913423538208,0.8077054023742676,-0.41272008419036865,0.4829692542552948,0,2000,strong,2,40,42,1.0,0.0,walk
1172,23.44,1.0,0.0,0.6355239152908325,0.7255263924598694,-0.32743000984191895,0.4142526686191559,0,2000,strong,2,40,42,1.0,0.0,walk
1173,23.46,1.0,0.0,0.628250241279602,0.6864055395126343,-0.26894620060920715,0.6827780604362488,0,2000,strong,2,40,42,1.0,0.0,walk
1174,23.48,1.0,0.0,0.6207653284072876,0.647455096244812,-0.2373640239238739,0.39499136805534363,0,2000,strong,2,40,42,1.0,0.0,walk
1175,23.5,1.0,0.0,0.6174939870834351,0.6162857413291931,-0.2102861851453781,-0.12235478311777115,0,2000,strong,2,40,42,1.0,0.0,walk
1176,23.52,1.0,0.0,0.6175011396408081,0.5903663039207458,-0.17526210844516754,-0.2956312894821167,0,2000,strong,2,40,42,1.0,0.0,walk
1177,23.54,1.0,0.0,0.6174308061599731,0.5759062170982361,-0.1397438794374466,-0.1282435655593872,0,2000,strong,2,40,42,1.0,0.0,walk
1178,23.56,1.0,0.0,0.6156889200210571,0.5646417140960693,-0.10948595404624939,0.06687462329864502,0,2000,strong,2,40,42,1.0,0.0,walk
1179,23.580000000000002,1.0,0.0,0.6132224798202515,0.5608307719230652,-0.08890201896429062,0.09725919365882874,0,2000,strong,2,40,42,1.0,0.0,walk
1180,23.6,1.0,0.0,0.6106711626052856,0.5647854208946228,-0.06748711317777634,0.14886701107025146,0,2000,strong,2,40,42,1.0,0.0,walk
1181,23.62,1.0,0.0,0.6079269647598267,0.5715765357017517,-0.04510372132062912,0.16972966492176056,0,2000,strong,2,40,42,1.0,0.0,walk
1182,23.64,1.0,0.0,0.6056791543960571,0.5833082795143127,-0.025569014251232147,0.13392308354377747,0,2000,strong,2,40,42,1.0,0.0,walk
1183,23.66,1.0,0.0,0.6036089658737183,0.6037657856941223,-0.010028999298810959,0.1969221979379654,0,2000,strong,2,40,42,1.0,0.0,walk
1184,23.68,1.0,0.0,0.6016751527786255,0.63263338804245,0.0016239939723163843,0.24239227175712585,0,2000,strong,2,40,42,1.0,0.0,walk
1185,23.7,1.0,0.0,0.5995825529098511,0.6627302169799805,0.01621464267373085,0.29729747772216797,0,2000,strong,2,40,42,1.0,0.0,walk
1186,23.72,1.0,0.0,0.5974384546279907,0.6898947954177856,0.0347147211432457,0.3096887171268463,0,2000,strong,2,40,42,1.0,0.0,walk
1187,23.740000000000002,1.0,0.0,0.59571373462677,0.7169149518013,0.054319385439157486,0.29498857259750366,0,2000,strong,2,40,42,1.0,0.0,walk
1188,23.76,1.0,0.0,0.5943371057510376,0.7397676706314087,0.07739000022411346,0.2757396101951599,0,2000,strong,2,40,42,1.0,0.0,walk
1189,23.78,1.0,0.0,0.5930854082107544,0.7569580674171448,0.10381332784891129,0.22542952001094818,0,2000,strong,2,40,42,1.0,0.0,walk
1190,23.8,1.0,0.0,0.5920439958572388,0.7688239812850952,0.13210944831371307,0.1202440932393074,0,2000,strong,2,40,42,1.0,0.0,walk
1191,23.82,1.0,0.0,0.5920525789260864,0.7802119851112366,0.1618098020553589,-0.08115439116954803,0,2000,strong,2,40,42,1.0,0.0,walk
1192,23.84,1.0,0.0,0.594147801399231,0.784845232963562,0.17932391166687012,-0.2565769851207733,0,2000,strong,2,40,42,1.0,0.0,walk
1193,23.86,1.0,0.0,0.5969229936599731,0.7427987456321716,0.12835456430912018,-0.34207066893577576,0,2000,strong,2,40,42,1.0,0.0,walk
1194,23.88,1.0,0.0,0.601561427116394,0.71108078956604,0.07625903189182281,-0.44374802708625793,0,2000,strong,2,40,42,1.0,0.0,walk
1195,23.900000000000002,1.0,0.0,0.6055487394332886,0.6691312193870544,0.04086262360215187,0.03949657082557678,0,2000,strong,2,40,42,1.0,0.0,walk
1196,23.92,1.0,0.0,0.6045628786087036,0.6479573249816895,0.02585536614060402,0.6119054555892944,0,2000,strong,2,40,42,1.0,0.0,walk
1197,23.94,1.0,0.0,0.5989023447036743,0.6412619352340698,-0.0009459968423470855,0.9125125408172607,0,2000,strong,2,40,42,1.0,0.0,walk
1198,23.96,1.0,0.0,0.5930114984512329,0.6270065307617188,-0.03265994414687157,0.7821460962295532,0,2000,strong,2,40,42,1.0,0.0,walk
1199,23.98,1.0,0.0,0.5888277292251587,0.6299992203712463,-0.05946340784430504,0.5494760274887085,0,2000,strong,2,40,42,1.0,0.0,walk
1200,24.0,1.0,0.0,0.5860551595687866,0.6325381398200989,-0.078618623316288,0.37755224108695984,0,2000,strong,2,40,42,1.0,0.0,walk
1201,24.02,1.0,0.0,0.584534764289856,0.6284724473953247,-0.0927380844950676,0.2512507438659668,0,2000,strong,2,40,42,1.0,0.0,walk
1202,24.04,1.0,0.0,0.5836139917373657,0.6199698448181152,-0.11159747838973999,0.1984812170267105,0,2000,strong,2,40,42,1.0,0.0,walk
1203,24.060000000000002,1.0,0.0,0.5840846300125122,0.6181433796882629,-0.1344202160835266,-0.00020302669145166874,0,2000,strong,2,40,42,1.0,0.0,walk
1204,24.080000000000002,1.0,0.0,0.5864375829696655,0.6333211660385132,-0.15083828568458557,-0.2470380961894989,0,2000,strong,2,40,42,1.0,0.0,walk
1205,24.1,1.0,0.0,0.5890928506851196,0.652503490447998,-0.16196104884147644,-0.22201161086559296,0,2000,strong,2,40,42,1.0,0.0,walk
1206,24.12,1.0,0.0,0.5911670923233032,0.6784836649894714,-0.17339162528514862,-0.21336579322814941,0,2000,strong,2,40,42,1.0,0.0,walk
1207,24.14,1.0,0.0,0.592767596244812,0.7060895562171936,-0.1888047754764557,-0.2167629897594452,0,2000,strong,2,40,42,1.0,0.0,walk
1208,24.16,1.0,0.0,0.5935002565383911,0.7373841404914856,-0.20887726545333862,-0.15326419472694397,0,2000,strong,2,40,42,1.0,0.0,walk
1209,24.18,1.0,0.0,0.5929912328720093,0.7698109149932861,-0.2350624054670334,-0.057870443910360336,0,2000,strong,2,40,42,1.0,0.0,walk
1210,24.2,1.0,0.0,0.5909813642501831,0.7990143895149231,-0.26899832487106323,0.0801149308681488,0,2000,strong,2,40,42,1.0,0.0,walk
1211,24.22,1.0,0.0,0.587295651435852,0.8187646865844727,-0.3092666268348694,0.28934288024902344,0,2000,strong,2,40,42,1.0,0.0,walk
1212,24.240000000000002,1.0,0.0,0.5825322866439819,0.8296744227409363,-0.35318222641944885,0.4362989366054535,0,2000,strong,2,40,42,1.0,0.0,walk
1213,24.26,1.0,0.0,0.5768200159072876,0.8401675224304199,-0.39901864528656006,0.5395934581756592,0,2000,strong,2,40,42,1.0,0.0,walk
1214,24.28,1.0,0.0,0.573405385017395,0.7607606649398804,-0.33612552285194397,0.2358086109161377,0,2000,strong,2,40,42,1.0,0.0,walk
1215,24.3,1.0,0.0,0.5671392679214478,0.7244800925254822,-0.2713051736354828,0.6893509030342102,0,2000,strong,2,40,42,1.0,0.0,walk
1216,24.32,1.0,0.0,0.5594702959060669,0.6869812607765198,-0.22940845787525177,0.4864230155944824,0,2000,strong,2,40,42,1.0,0.0,walk
1217,24.34,1.0,0.0,0.555895209312439,0.6542757749557495,-0.20643238723278046,-0.1403866708278656,0,2000,strong,2,40,42,1.0,0.0,walk
1218,24.36,1.0,0.0,0.5565112829208374,0.6276587843894958,-0.17091140151023865,-0.37751737236976624,0,2000,strong,2,40,42,1.0,0.0,walk
1219,24.38,1.0,0.0,0.5578147172927856,0.6038572788238525,-0.13367298245429993,-0.3171793222427368,0,2000,strong,2,40,42,1.0,0.0,walk
1220,24.400000000000002,1.0,0.0,0.55750572681427,0.5867956876754761,-0.10149095207452774,-0.05859936773777008,0,2000,strong,2,40,42,1.0,0.0,walk
1221,24.42,1.0,0.0,0.5555011034011841,0.5743082165718079,-0.07559207826852798,0.09201963990926743,0,2000,strong,2,40,42,1.0,0.0,walk
1222,24.44,1.0,0.0,0.5526353120803833,0.570941150188446,-0.05567207932472229,0.16787485778331757,0,2000,strong,2,40,42,1.0,0.0,walk
1223,24.46,1.0,0.0,0.5498033761978149,0.5722017288208008,-0.036262739449739456,0.1676698476076126,0,2000,strong,2,40,42,1.0,0.0,walk
1224,24.48,1.0,0.0,0.5472115278244019,0.5772049427032471,-0.014061977155506611,0.16167910397052765,0,2000,strong,2,40,42,1.0,0.0,walk
1225,24.5,1.0,0.0,0.5447324514389038,0.5898570418357849,0.004710230976343155,0.17499804496765137,0,2000,strong,2,40,42,1.0,0.0,walk
1226,24.52,1.0,0.0,0.5427423715591431,0.6168829202651978,0.016014108434319496,0.20735086500644684,0,2000,strong,2,40,42,1.0,0.0,walk
1227,24.54,1.0,0.0,0.5408145189285278,0.6511558890342712,0.02738073840737343,0.2674911618232727,0,2000,strong,2,40,42,1.0,0.0,walk
1228,24.560000000000002,1.0,0.0,0.5388385057449341,0.6824990510940552,0.04278270900249481,0.2887164354324341,0,2000,strong,2,40,42,1.0,0.0,walk
1229,24.580000000000002,1.0,0.0,0.537202000617981,0.711990475654602,0.06236211583018303,0.27705708146095276,0,2000,strong,2,40,42,1.0,0.0,walk
1230,24.6,1.0,0.0,0.5359197854995728,0.7368611097335815,0.08507551997900009,0.2692253887653351,0,2000,strong,2,40,42,1.0,0.0,walk
1231,24.62,1.0,0.0,0.5347532033920288,0.7555357813835144,0.1116715669631958,0.23928093910217285,0,2000,strong,2,40,42,1.0,0.0,walk
1232,24.64,1.0,0.0,0.533732533454895,0.7693272829055786,0.14026062190532684,0.15927013754844666,0,2000,strong,2,40,42,1.0,0.0,walk
1233,24.66,1.0,0.0,0.5331825017929077,0.780015766620636,0.1706262230873108,0.013348782435059547,0,2000,strong,2,40,42,1.0,0.0,walk
1234,24.68,1.0,0.0,0.5341216325759888,0.7904776334762573,0.1976098269224167,-0.17987453937530518,0,2000,strong,2,40,42,1.0,0.0,walk
1235,24.7,1.0,0.0,0.5367425680160522,0.7684372663497925,0.18814292550086975,-0.36605384945869446,0,2000,strong,2,40,42,1.0,0.0,walk
1236,24.72,1.0,0.0,0.5406619310379028,0.7212657332420349,0.11917873471975327,-0.5197575688362122,0,2000,strong,2,40,42,1.0,0.0,walk
1237,24.740000000000002,1.0,0.0,0.5458623170852661,0.6923167705535889,0.07226100564002991,-0.272330105304718,0,2000,strong,2,40,42,1.0,0.0,walk
1238,24.76,1.0,0.0,0.5477534532546997,0.6546308994293213,0.04344658926129341,0.35651278495788574,0,2000,strong,2,40,42,1.0,0.0,walk
1239,24.78,1.0,0.0,0.5435506105422974,0.6286159157752991,0.025719866156578064,0.9014502167701721,0,2000,strong,2,40,42,1.0,0.0,walk
1240,24.8,1.0,0.0,0.5360919237136841,0.6245816946029663,-0.004567874129861593,0.9632928371429443,0,2000,strong,2,40,42,1.0,0.0,walk
1241,24.82,1.0,0.0,0.5305444002151489,0.6141635775566101,-0.0340622179210186,0.6678069829940796,0,2000,strong,2,40,42,1.0,0.0,walk
1242,24.84,1.0,0.0,0.5273360013961792,0.6135390400886536,-0.05465923249721527,0.4088710844516754,0,2000,strong,2,40,42,1.0,0.0,walk
1243,24.86,1.0,0.0,0.5261551141738892,0.6086068153381348,-0.07021759450435638,0.1992150992155075,0,2000,strong,2,40,42,1.0,0.0,walk
1244,24.88,1.0,0.0,0.5259541273117065,0.600640058517456,-0.08190970867872238,0.10806156694889069,0,2000,strong,2,40,42,1.0,0.0,walk
1245,24.900000000000002,1.0,0.0,0.5266240835189819,0.5894008278846741,-0.10481953620910645,0.03646617382764816,0,2000,strong,2,40,42,1.0,0.0,walk
1246,24.92,1.0,0.0,0.5283933877944946,0.5908068418502808,-0.12562930583953857,-0.13664132356643677,0,2000,strong,2,40,42,1.0,0.0,walk
1247,24.94,1.0,0.0,0.5313011407852173,0.608121395111084,-0.14082705974578857,-0.2836766839027405,0,2000,strong,2,40,42,1.0,0.0,walk
1248,24.96,1.0,0.0,0.5340362787246704,0.627477765083313,-0.15153732895851135,-0.2416677474975586,0,2000,strong,2,40,42,1.0,0.0,walk
1249,24.98,1.0,0.0,0.5357786417007446,0.6543468832969666,-0.16245537996292114,-0.19617711007595062,0,2000,strong,2,40,42,1.0,0.0,walk
1250,25.0,1.0,0.0,0.5370520353317261,0.6826685070991516,-0.18064665794372559,-0.20829874277114868,0,2000,strong,2,40,42,1.0,0.0,walk
1251,25.02,1.0,0.0,0.5371249914169312,0.7146338224411011,-0.20114925503730774,-0.09225239604711533,0,2000,strong,2,40,42,1.0,0.0,walk
1252,25.04,1.0,0.0,0.5356341600418091,0.7450217008590698,-0.23116588592529297,0.030061881989240646,0,2000,strong,2,40,42,1.0,0.0,walk
1253,25.060000000000002,1.0,0.0,0.532645583152771,0.7690765857696533,-0.26764580607414246,0.18345150351524353,0,2000,strong,2,40,42,1.0,0.0,walk
1254,25.080000000000002,1.0,0.0,0.5283395051956177,0.7831789255142212,-0.30871981382369995,0.3626713454723358,0,2000,strong,2,40,42,1.0,0.0,walk
1255,25.1,1.0,0.0,0.5232549905776978,0.7928747534751892,-0.3528963029384613,0.4627504348754883,0,2000,strong,2,40,42,1.0,0.0,walk
1256,25.12,1.0,0.0,0.5176695585250854,0.8045493960380554,-0.3904343545436859,0.4593685567378998,0,2000,strong,2,40,42,1.0,0.0,walk
1257,25.14,1.0,0.0,0.5149558782577515,0.7225309014320374,-0.30404984951019287,0.4511578381061554,0,2000,strong,2,40,42,1.0,0.0,walk
1258,25.16,1.0,0.0,0.5075422525405884,0.685409426689148,-0.2516007721424103,0.6789580583572388,0,2000,strong,2,40,42,1.0,0.0,walk
1259,25.18,1.0,0.0,0.5003610849380493,0.6475276947021484,-0.22202084958553314,0.3529292047023773,0,2000,strong,2,40,42,1.0,0.0,walk
1260,25.2,1.0,0.0,0.4972468614578247,0.6194508671760559,-0.19347718358039856,-0.12908150255680084,0,2000,strong,2,40,42,1.0,0.0,walk
1261,25.22,1.0,0.0,0.49758803844451904,0.5951386094093323,-0.15875597298145294,-0.3444401025772095,0,2000,strong,2,40,42,1.0,0.0,walk
1262,25.240000000000002,1.0,0.0,0.49806225299835205,0.5790068507194519,-0.12559056282043457,-0.19155655801296234,0,2000,strong,2,40,42,1.0,0.0,walk
1263,25.26,1.0,0.0,0.4969390630722046,0.5677643418312073,-0.09600310772657394,0.011312805116176605,0,2000,strong,2,40,42,1.0,0.0,walk
1264,25.28,1.0,0.0,0.494939923286438,0.5638548135757446,-0.07560451328754425,0.056891631335020065,0,2000,strong,2,40,42,1.0,0.0,walk
1265,25.3,1.0,0.0,0.49279725551605225,0.56618732213974,-0.05398957431316376,0.11241967231035233,0,2000,strong,2,40,42,1.0,0.0,walk
1266,25.32,1.0,0.0,0.4903794527053833,0.5733217000961304,-0.03099985420703888,0.13740326464176178,0,2000,strong,2,40,42,1.0,0.0,walk
1267,25.34,1.0,0.0,0.48843300342559814,0.585681676864624,-0.011988545767962933,0.10215620696544647,0,2000,strong,2,40,42,1.0,0.0,walk
1268,25.36,1.0,0.0,0.486547589302063,0.607740581035614,0.0028319424018263817,0.18373848497867584,0,2000,strong,2,40,42,1.0,0.0,walk
1269,25.38,1.0,0.0,0.48492705821990967,0.6381861567497253,0.0128116300329566,0.21010330319404602,0,2000,strong,2,40,42,1.0,0.0,walk
1270,25.400000000000002,1.0,0.0,0.48318636417388916,0.6683456301689148,0.02698562480509281,0.2681353688240051,0,2000,strong,2,40,42,1.0,0.0,walk
1271,25.42,1.0,0.0,0.4811760187149048,0.6946252584457397,0.045889027416706085,0.3056485056877136,0,2000,strong,2,40,42,1.0,0.0,walk
1272,25.44,1.0,0.0,0.4794350862503052,0.7210540771484375,0.06641367077827454,0.29809272289276123,0,2000,strong,2,40,42,1.0,0.0,walk
1273,25.46,1.0,0.0,0.47816002368927,0.7433710098266602,0.08886246383190155,0.25549596548080444,0,2000,strong,2,40,42,1.0,0.0,walk
1274,25.48,1.0,0.0,0.4771982431411743,0.761395275592804,0.11596255004405975,0.19596417248249054,0,2000,strong,2,40,42,1.0,0.0,walk
1275,25.5,1.0,0.0,0.47647106647491455,0.7741634249687195,0.14541901648044586,0.09545533359050751,0,2000,strong,2,40,42,1.0,0.0,walk
1276,25.52,1.0,0.0,0.47671806812286377,0.78714919090271,0.17579351365566254,-0.09023624658584595,0,2000,strong,2,40,42,1.0,0.0,walk
1277,25.54,1.0,0.0,0.47887122631073,0.7986308336257935,0.19962947070598602,-0.3308250308036804,0,2000,strong,2,40,42,1.0,0.0,walk
1278,25.560000000000002,1.0,0.0,0.4815911054611206,0.740317165851593,0.1490679830312729,-0.3578011691570282,0,2000,strong,2,40,42,1.0,0.0,walk
1279,25.580000000000002,1.0,0.0,0.4865330457687378,0.7000755071640015,0.09835031628608704,-0.4701603651046753,0,2000,strong,2,40,42,1.0,0.0,walk
1280,25.6,1.0,0.0,0.4903064966201782,0.6690481305122375,0.060052063316106796,0.0390378013253212,0,2000,strong,2,40,42,1.0,0.0,walk
1281,25.62,1.0,0.0,0.4890028238296509,0.6349167227745056,0.037714581936597824,0.697611927986145,0,2000,strong,2,40,42,1.0,0.0,walk
1282,25.64,1.0,0.0,0.48260366916656494,0.6089596152305603,0.013039921410381794,1.0703541040420532,0,2000,strong,2,40,42,1.0,0.0,walk
1283,25.66,1.0,0.0,0.4745246171951294,0.6066851019859314,-0.01676608994603157,0.965133786201477,0,2000,strong,2,40,42,1.0,0.0,walk
1284,25.68,1.0,0.0,0.468955397605896,0.606131911277771,-0.04195842519402504,0.6257826089859009,0,2000,strong,2,40,42,1.0,0.0,walk
1285,25.7,1.0,0.0,0.465962290763855,0.6036700010299683,-0.05910094454884529,0.35451701283454895,0,2000,strong,2,40,42,1.0,0.0,walk
1286,25.72,1.0,0.0,0.46533405780792236,0.6012582182884216,-0.0739595890045166,0.11084364354610443,0,2000,strong,2,40,42,1.0,0.0,walk
1287,25.740000000000002,1.0,0.0,0.4660283327102661,0.5950186848640442,-0.08787164837121964,-0.0067578512243926525,0,2000,strong,2,40,42,1.0,0.0,walk
1288,25.76,1.0,0.0,0.4680212736129761,0.5858444571495056,-0.11126308888196945,-0.11436351388692856,0,2000,strong,2,40,42,1.0,0.0,walk
1289,25.78,1.0,0.0,0.4708329439163208,0.5949287414550781,-0.12832514941692352,-0.2551453113555908,0,2000,strong,2,40,42,1.0,0.0,walk
1290,25.8,1.0,0.0,0.4743448495864868,0.614560067653656,-0.14378200471401215,-0.32651764154434204,0,2000,strong,2,40,42,1.0,0.0,walk
1291,25.82,1.0,0.0,0.47715437412261963,0.6401494145393372,-0.15392261743545532,-0.2593148946762085,0,2000,strong,2,40,42,1.0,0.0,walk
1292,25.84,1.0,0.0,0.47880303859710693,0.6705952882766724,-0.16724488139152527,-0.1997290551662445,0,2000,strong,2,40,42,1.0,0.0,walk
1293,25.86,1.0,0.0,0.47979414463043213,0.7030408978462219,-0.18706047534942627,-0.18415069580078125,0,2000,strong,2,40,42,1.0,0.0,walk
1294,25.88,1.0,0.0,0.4793897867202759,0.7365314960479736,-0.2111751288175583,-0.05114297941327095,0,2000,strong,2,40,42,1.0,0.0,walk
1295,25.900000000000002,1.0,0.0,0.47743093967437744,0.7665620446205139,-0.24415680766105652,0.07377323508262634,0,2000,strong,2,40,42,1.0,0.0,walk
1296,25.92,1.0,0.0,0.4740670919418335,0.78675776720047,-0.28262776136398315,0.2370695024728775,0,2000,strong,2,40,42,1.0,0.0,walk
1297,25.94,1.0,0.0,0.4697669744491577,0.7978774905204773,-0.32459619641304016,0.3731580674648285,0,2000,strong,2,40,42,1.0,0.0,walk
1298,25.96,1.0,0.0,0.4646948575973511,0.808286190032959,-0.3684428930282593,0.4580337405204773,0,2000,strong,2,40,42,1.0,0.0,walk
1299,25.98,1.0,0.0,0.4612363576889038,0.7450850009918213,-0.33543887734413147,0.03472355008125305,0,2000,strong,2,40,42,1.0,0.0,walk
1300,26.0,1.0,0.0,0.4563800096511841,0.7084839940071106,-0.26534754037857056,0.6311900615692139,0,2000,strong,2,40,42,1.0,0.0,walk
1301,26.02,1.0,0.0,0.4485207796096802,0.6736512184143066,-0.2213156521320343,0.5749104022979736,0,2000,strong,2,40,42,1.0,0.0,walk
1302,26.04,1.0,0.0,0.44387972354888916,0.6411736011505127,-0.19898375868797302,-0.016362911090254784,0,2000,strong,2,40,42,1.0,0.0,walk
1303,26.060000000000002,1.0,0.0,0.4436076879501343,0.6185809373855591,-0.16541706025600433,-0.3147730231285095,0,2000,strong,2,40,42,1.0,0.0,walk
1304,26.080000000000002,1.0,0.0,0.44477808475494385,0.5958713293075562,-0.12944282591342926,-0.3471623659133911,0,2000,strong,2,40,42,1.0,0.0,walk
1305,26.1,1.0,0.0,0.4449578523635864,0.5798431634902954,-0.09532370418310165,-0.13382993638515472,0,2000,strong,2,40,42,1.0,0.0,walk
1306,26.12,1.0,0.0,0.44363439083099365,0.5676137208938599,-0.06854260712862015,0.024858063086867332,0,2000,strong,2,40,42,1.0,0.0,walk
1307,26.14,1.0,0.0,0.44142019748687744,0.5661483407020569,-0.0487796887755394,0.11153393238782883,0,2000,strong,2,40,42,1.0,0.0,walk
1308,26.16,1.0,0.0,0.4389382600784302,0.5671550631523132,-0.028107138350605965,0.1452767550945282,0,2000,strong,2,40,42,1.0,0.0,walk
1309,26.18,1.0,0.0,0.4366263151168823,0.5730427503585815,-0.006247077602893114,0.13248160481452942,0,2000,strong,2,40,42,1.0,0.0,walk
1310,26.2,1.0,0.0,0.4346112012863159,0.5856935977935791,0.011951340362429619,0.13118785619735718,0,2000,strong,2,40,42,1.0,0.0,walk
1311,26.22,1.0,0.0,0.4329448938369751,0.6121311783790588,0.024437030777335167,0.18269701302051544,0,2000,strong,2,40,42,1.0,0.0,walk
1312,26.240000000000002,1.0,0.0,0.4311922788619995,0.6463583707809448,0.03547783941030502,0.25882598757743835,0,2000,strong,2,40,42,1.0,0.0,walk
1313,26.26,1.0,0.0,0.4292196035385132,0.6771857738494873,0.05192399024963379,0.28765901923179626,0,2000,strong,2,40,42,1.0,0.0,walk
1314,26.28,1.0,0.0,0.4276517629623413,0.7062553763389587,0.07131774723529816,0.26049917936325073,0,2000,strong,2,40,42,1.0,0.0,walk
1315,26.3,1.0,0.0,0.42655813694000244,0.7315694689750671,0.09456408768892288,0.24450968205928802,0,2000,strong,2,40,42,1.0,0.0,walk
1316,26.32,1.0,0.0,0.4256875514984131,0.7514503002166748,0.12153014540672302,0.20465829968452454,0,2000,strong,2,40,42,1.0,0.0,walk
1317,26.34,1.0,0.0,0.4250224828720093,0.7672315239906311,0.15088652074337006,0.12902197241783142,0,2000,strong,2,40,42,1.0,0.0,walk
1318,26.36,1.0,0.0,0.4247598648071289,0.7791514992713928,0.18229298293590546,-0.007213671691715717,0,2000,strong,2,40,42,1.0,0.0,walk
1319,26.38,1.0,0.0,0.4259272813796997,0.7909920811653137,0.21118150651454926,-0.18288064002990723,0,2000,strong,2,40,42,1.0,0.0,walk
1320,26.400000000000002,1.0,0.0,0.4285837411880493,0.7678573727607727,0.20575328171253204,-0.35984867811203003,0,2000,strong,2,40,42,1.0,0.0,walk
1321,26.42,1.0,0.0,0.43243634700775146,0.7217811942100525,0.13439857959747314,-0.4890221953392029,0,2000,strong,2,40,42,1.0,0.0,walk
1322,26.44,1.0,0.0,0.4374762773513794,0.6917555332183838,0.08589719235897064,-0.2845759987831116,0,2000,strong,2,40,42,1.0,0.0,walk
1323,26.46,1.0,0.0,0.4396110773086548,0.6532278060913086,0.056771170347929,0.30714964866638184,0,2000,strong,2,40,42,1.0,0.0,walk
1324,26.48,1.0,0.0,0.4361804723739624,0.629966139793396,0.039277058094739914,0.7817209959030151,0,2000,strong,2,40,42,1.0,0.0,walk
1325,26.5,1.0,0.0,0.4299114942550659,0.6276295781135559,0.010143691673874855,0.8449076414108276,0,2000,strong,2,40,42,1.0,0.0,walk
1326,26.52,1.0,0.0,0.4254723787307739,0.6136301755905151,-0.01908067613840103,0.5760678052902222,0,2000,strong,2,40,42,1.0,0.0,walk
1327,26.54,1.0,0.0,0.4228912591934204,0.6113422513008118,-0.04041820019483566,0.37103575468063354,0,2000,strong,2,40,42,1.0,0.0,walk
1328,26.560000000000002,1.0,0.0,0.4219696521759033,0.6063528060913086,-0.05672580748796463,0.18233436346054077,0,2000,strong,2,40,42,1.0,0.0,walk
1329,26.580000000000002,1.0,0.0,0.422016978263855,0.5988370180130005,-0.06836822628974915,0.0793842077255249,0,2000,strong,2,40,42,1.0,0.0,walk
1330,26.6,1.0,0.0,0.4230397939682007,0.5894152522087097,-0.09107804298400879,-0.0034526241943240166,0,2000,strong,2,40,42,1.0,0.0,walk
1331,26.62,1.0,0.0,0.42526566982269287,0.5924705266952515,-0.11153601109981537,-0.18592588603496552,0,2000,strong,2,40,42,1.0,0.0,walk
1332,26.64,1.0,0.0,0.42852509021759033,0.6106050610542297,-0.12557320296764374,-0.3141137957572937,0,2000,strong,2,40,42,1.0,0.0,walk
1333,26.66,1.0,0.0,0.4313920736312866,0.6284298896789551,-0.1357111632823944,-0.24540728330612183,0,2000,strong,2,40,42,1.0,0.0,walk
1334,26.68,1.0,0.0,0.43324005603790283,0.6539486050605774,-0.14695580303668976,-0.2067001461982727,0,2000,strong,2,40,42,1.0,0.0,walk
1335,26.7,1.0,0.0,0.434731125831604,0.6807465553283691,-0.16500616073608398,-0.2337377667427063,0,2000,strong,2,40,42,1.0,0.0,walk
1336,26.72,1.0,0.0,0.43514811992645264,0.7115364670753479,-0.1848900318145752,-0.12854889035224915,0,2000,strong,2,40,42,1.0,0.0,walk
1337,26.740000000000002,1.0,0.0,0.4341036081314087,0.7408537864685059,-0.21347106993198395,-0.014857928268611431,0,2000,strong,2,40,42,1.0,0.0,walk
1338,26.76,1.0,0.0,0.43162763118743896,0.7643447518348694,-0.2484665960073471,0.1299229860305786,0,2000,strong,2,40,42,1.0,0.0,walk
1339,26.78,1.0,0.0,0.42791712284088135,0.7779624462127686,-0.2881474792957306,0.29838550090789795,0,2000,strong,2,40,42,1.0,0.0,walk
1340,26.8,1.0,0.0,0.4234520196914673,0.7864370346069336,-0.3302634060382843,0.40614575147628784,0,2000,strong,2,40,42,1.0,0.0,walk
1341,26.82,1.0,0.0,0.41822171211242676,0.7970130443572998,-0.36861085891723633,0.4484962224960327,0,2000,strong,2,40,42,1.0,0.0,walk
1342,26.84,1.0,0.0,0.41546106338500977,0.7204317450523376,-0.28550833463668823,0.40961113572120667,0,2000,strong,2,40,42,1.0,0.0,walk
1343,26.86,1.0,0.0,0.4084738492965698,0.685235321521759,-0.23471681773662567,0.6520770788192749,0,2000,strong,2,40,42,1.0,0.0,walk
1344,26.88,1.0,0.0,0.4015408754348755,0.6512121558189392,-0.20520153641700745,0.3271285891532898,0,2000,strong,2,40,42,1.0,0.0,walk
1345,26.900000000000002,1.0,0.0,0.39862000942230225,0.6240496635437012,-0.17848007380962372,-0.13713428378105164,0,2000,strong,2,40,42,1.0,0.0,walk
1346,26.92,1.0,0.0,0.399208664894104,0.6015260815620422,-0.14531855285167694,-0.37169796228408813,0,2000,strong,2,40,42,1.0,0.0,walk
1347,26.94,1.0,0.0,0.40006744861602783,0.5845914483070374,-0.11106621474027634,-0.23664182424545288,0,2000,strong,2,40,42,1.0,0.0,walk
1348,26.96,1.0,0.0,0.3995577096939087,0.5730833411216736,-0.0806613564491272,-0.056339822709560394,0,2000,strong,2,40,42,1.0,0.0,walk
1349,26.98,1.0,0.0,0.3981211185455322,0.5693520307540894,-0.05991731956601143,0.012116783298552036,0,2000,strong,2,40,42,1.0,0.0,walk
1350,27.0,1.0,0.0,0.3962709903717041,0.5693216323852539,-0.03735966235399246,0.08278165757656097,0,2000,strong,2,40,42,1.0,0.0,walk
1351,27.02,1.0,0.0,0.39427971839904785,0.5768234133720398,-0.014139103703200817,0.08782072365283966,0,2000,strong,2,40,42,1.0,0.0,walk
1352,27.04,1.0,0.0,0.39271676540374756,0.5876642465591431,0.005682621616870165,0.06689412891864777,0,2000,strong,2,40,42,1.0,0.0,walk
1353,27.060000000000002,1.0,0.0,0.391223669052124,0.6085143089294434,0.02124716341495514,0.13679330050945282,0,2000,strong,2,40,42,1.0,0.0,walk
1354,27.080000000000002,1.0,0.0,0.3898944854736328,0.6403754353523254,0.031926289200782776,0.18225495517253876,0,2000,strong,2,40,42,1.0,0.0,walk
1355,27.1,1.0,0.0,0.3883002996444702,0.6719399690628052,0.045536767691373825,0.25777265429496765,0,2000,strong,2,40,42,1.0,0.0,walk
1356,27.12,1.0,0.0,0.3865145444869995,0.699630618095398,0.06410864740610123,0.27326324582099915,0,2000,strong,2,40,42,1.0,0.0,walk
1357,27.14,1.0,0.0,0.3851579427719116,0.7272164225578308,0.08391010761260986,0.25649547576904297,0,2000,strong,2,40,42,1.0,0.0,walk
1358,27.16,1.0,0.0,0.38415658473968506,0.7505017518997192,0.10758110880851746,0.23438671231269836,0,2000,strong,2,40,42,1.0,0.0,walk
1359,27.18,1.0,0.0,0.3833339214324951,0.7692241072654724,0.134864941239357,0.18404582142829895,0,2000,strong,2,40,42,1.0,0.0,walk
1360,27.2,1.0,0.0,0.38270270824432373,0.7830225229263306,0.1644684225320816,0.08878740668296814,0,2000,strong,2,40,42,1.0,0.0,walk
1361,27.22,1.0,0.0,0.3829430341720581,0.7969481348991394,0.19599227607250214,-0.08442378044128418,0,2000,strong,2,40,42,1.0,0.0,walk
1362,27.240000000000002,1.0,0.0,0.3849085569381714,0.8099586963653564,0.2198987454175949,-0.30394813418388367,0,2000,strong,2,40,42,1.0,0.0,walk
1363,27.26,1.0,0.0,0.387367844581604,0.7462654709815979,0.16580961644649506,-0.35932230949401855,0,2000,strong,2,40,42,1.0,0.0,walk
1364,27.28,1.0,0.0,0.3924936056137085,0.7035228610038757,0.11274340748786926,-0.4807121157646179,0,2000,strong,2,40,42,1.0,0.0,walk
1365,27.3,1.0,0.0,0.39646971225738525,0.6719325184822083,0.07309284806251526,0.022985659539699554,0,2000,strong,2,40,42,1.0,0.0,walk
1366,27.32,1.0,0.0,0.39532673358917236,0.6394088268280029,0.05409710481762886,0.6428683400154114,0,2000,strong,2,40,42,1.0,0.0,walk
1367,27.34,1.0,0.0,0.3898252248764038,0.6127576231956482,0.02667120471596718,0.9593542814254761,0,2000,strong,2,40,42,1.0,0.0,walk
1368,27.36,1.0,0.0,0.3829110860824585,0.6073960065841675,-0.002401656936854124,0.8484403491020203,0,2000,strong,2,40,42,1.0,0.0,walk
1369,27.38,1.0,0.0,0.3783550262451172,0.6059220433235168,-0.027682721614837646,0.536420464515686,0,2000,strong,2,40,42,1.0,0.0,walk
1370,27.400000000000002,1.0,0.0,0.3760441541671753,0.6014050841331482,-0.04432770237326622,0.297931969165802,0,2000,strong,2,40,42,1.0,0.0,walk
1371,27.42,1.0,0.0,0.37608158588409424,0.5963010787963867,-0.059196047484874725,0.04946596920490265,0,2000,strong,2,40,42,1.0,0.0,walk
1372,27.44,1.0,0.0,0.3772948980331421,0.5912524461746216,-0.07312877476215363,-0.0550268217921257,0,2000,strong,2,40,42,1.0,0.0,walk
1373,27.46,1.0,0.0,0.3798640966415405,0.5832818150520325,-0.09661686420440674,-0.17445355653762817,0,2000,strong,2,40,42,1.0,0.0,walk
1374,27.48,1.0,0.0,0.3831278085708618,0.5931732654571533,-0.11340953409671783,-0.2904447913169861,0,2000,strong,2,40,42,1.0,0.0,walk
1375,27.5,1.0,0.0,0.3866780996322632,0.6103740930557251,-0.1280779093503952,-0.32008397579193115,0,2000,strong,2,40,42,1.0,0.0,walk
1376,27.52,1.0,0.0,0.3895379304885864,0.6356298327445984,-0.13845402002334595,-0.27029895782470703,0,2000,strong,2,40,42,1.0,0.0,walk
1377,27.54,1.0,0.0,0.39131009578704834,0.6644906997680664,-0.15133851766586304,-0.21948957443237305,0,2000,strong,2,40,42,1.0,0.0,walk
1378,27.560000000000002,1.0,0.0,0.3922938108444214,0.6962378025054932,-0.1708064079284668,-0.18658068776130676,0,2000,strong,2,40,42,1.0,0.0,walk
1379,27.580000000000002,1.0,0.0,0.3922337293624878,0.7274134755134583,-0.19597864151000977,-0.09520814567804337,0,2000,strong,2,40,42,1.0,0.0,walk
1380,27.6,1.0,0.0,0.39075279235839844,0.7565308809280396,-0.2275136560201645,0.02720874734222889,0,2000,strong,2,40,42,1.0,0.0,walk
1381,27.62,1.0,0.0,0.3878359794616699,0.7761878967285156,-0.26436734199523926,0.1955210566520691,0,2000,strong,2,40,42,1.0,0.0,walk
1382,27.64,1.0,0.0,0.38408172130584717,0.7870338559150696,-0.30531954765319824,0.3159792125225067,0,2000,strong,2,40,42,1.0,0.0,walk
1383,27.66,1.0,0.0,0.3795135021209717,0.7968716621398926,-0.34679779410362244,0.41755765676498413,0,2000,strong,2,40,42,1.0,0.0,walk
1384,27.68,1.0,0.0,0.3762742280960083,0.7312076091766357,-0.3121291697025299,-0.00904088281095028,0,2000,strong,2,40,42,1.0,0.0,walk
1385,27.7,1.0,0.0,0.3714066743850708,0.7023457884788513,-0.24834908545017242,0.5978907346725464,0,2000,strong,2,40,42,1.0,0.0,walk
1386,27.72,1.0,0.0,0.3639187812805176,0.6689738631248474,-0.20570874214172363,0.5244656205177307,0,2000,strong,2,40,42,1.0,0.0,walk
1387,27.740000000000002,1.0,0.0,0.3597813844680786,0.638356626033783,-0.18609288334846497,-0.07171499729156494,0,2000,strong,2,40,42,1.0,0.0,walk
1388,27.76,1.0,0.0,0.3597625494003296,0.6175773739814758,-0.15170983970165253,-0.31873980164527893,0,2000,strong,2,40,42,1.0,0.0,walk
1389,27.78,1.0,0.0,0.3609811067581177,0.59670490026474,-0.1165362000465393,-0.34316009283065796,0,2000,strong,2,40,42,1.0,0.0,walk
1390,27.8,1.0,0.0,0.36119556427001953,0.5813184380531311,-0.08393288403749466,-0.1386551558971405,0,2000,strong,2,40,42,1.0,0.0,walk
1391,27.82,1.0,0.0,0.3599739074707031,0.5686928033828735,-0.05716874822974205,0.01131493505090475,0,2000,strong,2,40,42,1.0,0.0,walk
1392,27.84,1.0,0.0,0.3578251600265503,0.568331778049469,-0.037802163511514664,0.10579562187194824,0,2000,strong,2,40,42,1.0,0.0,walk
1393,27.86,1.0,0.0,0.35539960861206055,0.5698758959770203,-0.01737743243575096,0.13567250967025757,0,2000,strong,2,40,42,1.0,0.0,walk
1394,27.88,1.0,0.0,0.35326600074768066,0.5763867497444153,0.004309939220547676,0.10898162424564362,0,2000,strong,2,40,42,1.0,0.0,walk
1395,27.900000000000002,1.0,0.0,0.3515704870223999,0.5897008776664734,0.022414037957787514,0.09448741376399994,0,2000,strong,2,40,42,1.0,0.0,walk
1396,27.92,1.0,0.0,0.3501650094985962,0.6167941689491272,0.03505926951766014,0.1622917354106903,0,2000,strong,2,40,42,1.0,0.0,walk
1397,27.94,1.0,0.0,0.34858953952789307,0.6515799760818481,0.04597795382142067,0.24348370730876923,0,2000,strong,2,40,42,1.0,0.0,walk
1398,27.96,1.0,0.0,0.34686148166656494,0.6822490096092224,0.06219031289219856,0.2583358883857727,0,2000,strong,2,40,42,1.0,0.0,walk
1399,27.98,1.0,0.0,0.3456076383590698,0.7112964391708374,0.08164700865745544,0.22736157476902008,0,2000,strong,2,40,42,1.0,0.0,walk
1400,28.0,1.0,0.0,0.3448059558868408,0.7369177937507629,0.10520858317613602,0.2157343029975891,0,2000,strong,2,40,42,1.0,0.0,walk
1401,28.02,1.0,0.0,0.3442600965499878,0.7572064399719238,0.13231632113456726,0.16966503858566284,0,2000,strong,2,40,42,1.0,0.0,walk
1402,28.04,1.0,0.0,0.3439667224884033,0.7738319039344788,0.16190573573112488,0.09307846426963806,0,2000,strong,2,40,42,1.0,0.0,walk
1403,28.060000000000002,1.0,0.0,0.3440241813659668,0.7867291569709778,0.19380336999893188,-0.0332447774708271,0,2000,strong,2,40,42,1.0,0.0,walk
1404,28.080000000000002,1.0,0.0,0.34537506103515625,0.8001536726951599,0.22436803579330444,-0.18625648319721222,0,2000,strong,2,40,42,1.0,0.0,walk
1405,28.1,1.0,0.0,0.3479658365249634,0.7751743197441101,0.21821048855781555,-0.34375613927841187,0,2000,strong,2,40,42,1.0,0.0,walk
1406,28.12,1.0,0.0,0.35168206691741943,0.7261311411857605,0.14419323205947876,-0.461190402507782,0,2000,strong,2,40,42,1.0,0.0,walk
1407,28.14,1.0,0.0,0.3566838502883911,0.6935569643974304,0.09579931944608688,-0.28925421833992004,0,2000,strong,2,40,42,1.0,0.0,walk
1408,28.16,1.0,0.0,0.3589332103729248,0.6545129418373108,0.06516484916210175,0.2778034508228302,0,2000,strong,2,40,42,1.0,0.0,walk
1409,28.18,1.0,0.0,0.35560500621795654,0.6313941478729248,0.04685823246836662,0.8433531522750854,0,2000,strong,2,40,42,1.0,0.0,walk
1410,28.2,1.0,0.0,0.3485316038131714,0.6276726722717285,0.019304517656564713,0.9219248294830322,0,2000,strong,2,40,42,1.0,0.0,walk
1411,28.22,1.0,0.0,0.3432973623275757,0.6123122572898865,-0.012143758125603199,0.6616358757019043,0,2000,strong,2,40,42,1.0,0.0,walk
1412,28.240000000000002,1.0,0.0,0.34007728099823,0.6102426052093506,-0.03300381079316139,0.4102866053581238,0,2000,strong,2,40,42,1.0,0.0,walk
1413,28.26,1.0,0.0,0.3388897180557251,0.6057819128036499,-0.04922031611204147,0.18996751308441162,0,2000,strong,2,40,42,1.0,0.0,walk
1414,28.28,1.0,0.0,0.3389490842819214,0.5982885360717773,-0.060638416558504105,0.0636400505900383,0,2000,strong,2,40,42,1.0,0.0,walk
1415,28.3,1.0,0.0,0.3403552770614624,0.5876456499099731,-0.08378606289625168,-0.051238421350717545,0,2000,strong,2,40,42,1.0,0.0,walk
1416,28.32,1.0,0.0,0.3430238962173462,0.5907026529312134,-0.10294102877378464,-0.2308427393436432,0,2000,strong,2,40,42,1.0,0.0,walk
1417,28.34,1.0,0.0,0.3468576669692993,0.6081183552742004,-0.11773154884576797,-0.36861521005630493,0,2000,strong,2,40,42,1.0,0.0,walk
1418,28.36,1.0,0.0,0.35025227069854736,0.6270984411239624,-0.12768419086933136,-0.2875509262084961,0,2000,strong,2,40,42,1.0,0.0,walk
1419,28.38,1.0,0.0,0.35241591930389404,0.6524268984794617,-0.13897430896759033,-0.22773292660713196,0,2000,strong,2,40,42,1.0,0.0,walk
1420,28.400000000000002,1.0,0.0,0.3540976047515869,0.6788507699966431,-0.15658172965049744,-0.2437354028224945,0,2000,strong,2,40,42,1.0,0.0,walk
1421,28.42,1.0,0.0,0.354870080947876,0.7082822918891907,-0.17642882466316223,-0.1608644723892212,0,2000,strong,2,40,42,1.0,0.0,walk
1422,28.44,1.0,0.0,0.35419535636901855,0.7385909557342529,-0.20265501737594604,-0.05287566035985947,0,2000,strong,2,40,42,1.0,0.0,walk
1423,28.46,1.0,0.0,0.3521636724472046,0.761976420879364,-0.23670144379138947,0.08086591958999634,0,2000,strong,2,40,42,1.0,0.0,walk
1424,28.48,1.0,0.0,0.3490089178085327,0.776063084602356,-0.27541396021842957,0.23843184113502502,0,2000,strong,2,40,42,1.0,0.0,walk
1425,28.5,1.0,0.0,0.34515392780303955,0.7842488884925842,-0.3157070577144623,0.3423922061920166,0,2000,strong,2,40,42,1.0,0.0,walk
1426,28.52,1.0,0.0,0.34042418003082275,0.7943413257598877,-0.35470545291900635,0.40924376249313354,0,2000,strong,2,40,42,1.0,0.0,walk
1427,28.54,1.0,0.0,0.33803391456604004,0.7256436347961426,-0.2826294004917145,0.3519796133041382,0,2000,strong,2,40,42,1.0,0.0,walk
1428,28.560000000000002,1.0,0.0,0.33163607120513916,0.6894545555114746,-0.23027656972408295,0.6184341907501221,0,2000,strong,2,40,42,1.0,0.0,walk
1429,28.580000000000002,1.0,0.0,0.3249087333679199,0.6565076112747192,-0.20093180239200592,0.3362552523612976,0,2000,strong,2,40,42,1.0,0.0,walk
1430,28.6,1.0,0.0,0.3221241235733032,0.6311209797859192,-0.17418260872364044,-0.15960125625133514,0,2000,strong,2,40,42,1.0,0.0,walk
1431,28.62,1.0,0.0,0.32302725315093994,0.6096805930137634,-0.1419912874698639,-0.4078797698020935,0,2000,strong,2,40,42,1.0,0.0,walk
1432,28.64,1.0,0.0,0.32433998584747314,0.5914511680603027,-0.10727366805076599,-0.28895634412765503,0,2000,strong,2,40,42,1.0,0.0,walk
1433,28.66,1.0,0.0,0.32429301738739014,0.5800515413284302,-0.07641944289207458,-0.09437447041273117,0,2000,strong,2,40,42,1.0,0.0,walk
1434,28.68,1.0,0.0,0.32311904430389404,0.5757858753204346,-0.055935319513082504,0.0005524789448827505,0,2000,strong,2,40,42,1.0,0.0,walk
1435,28.7,1.0,0.0,0.32143568992614746,0.5754656195640564,-0.03387421369552612,0.07104432582855225,0,2000,strong,2,40,42,1.0,0.0,walk
1436,28.72,1.0,0.0,0.31950843334198,0.5830406546592712,-0.01073693111538887,0.08612394332885742,0,2000,strong,2,40,42,1.0,0.0,walk
1437,28.740000000000002,1.0,0.0,0.31801414489746094,0.594273567199707,0.00819108821451664,0.06400017440319061,0,2000,strong,2,40,42,1.0,0.0,walk
1438,28.76,1.0,0.0,0.31649160385131836,0.6152858734130859,0.02391311153769493,0.14064331352710724,0,2000,strong,2,40,42,1.0,0.0,walk
1439,28.78,1.0,0.0,0.31522130966186523,0.6474189758300781,0.03400086984038353,0.17455270886421204,0,2000,strong,2,40,42,1.0,0.0,walk
1440,28.8,1.0,0.0,0.3136378526687622,0.6797657608985901,0.04809047281742096,0.25766807794570923,0,2000,strong,2,40,42,1.0,0.0,walk
1441,28.82,1.0,0.0,0.31184566020965576,0.7082043290138245,0.06657461076974869,0.2713533639907837,0,2000,strong,2,40,42,1.0,0.0,walk
1442,28.84,1.0,0.0,0.31050848960876465,0.7364736795425415,0.08648326247930527,0.2507292926311493,0,2000,strong,2,40,42,1.0,0.0,walk
1443,28.86,1.0,0.0,0.30959808826446533,0.7602868676185608,0.11039075255393982,0.2182408571243286,0,2000,strong,2,40,42,1.0,0.0,walk
1444,28.88,1.0,0.0,0.30893099308013916,0.7799875140190125,0.13762278854846954,0.1670691967010498,0,2000,strong,2,40,42,1.0,0.0,walk
1445,28.900000000000002,1.0,0.0,0.3084756135940552,0.7942276000976562,0.16729170083999634,0.07081466913223267,0,2000,strong,2,40,42,1.0,0.0,walk
1446,28.92,1.0,0.0,0.3089449405670166,0.8081681728363037,0.19866728782653809,-0.1047409325838089,0,2000,strong,2,40,42,1.0,0.0,walk
1447,28.94,1.0,0.0,0.31112444400787354,0.8204094767570496,0.22327373921871185,-0.3138691484928131,0,2000,strong,2,40,42,1.0,0.0,walk
1448,28.96,1.0,0.0,0.3135005235671997,0.7528743743896484,0.17354749143123627,-0.3103806972503662,0,2000,strong,2,40,42,1.0,0.0,walk
1449,28.98,1.0,0.0,0.3183344602584839,0.7076557874679565,0.11706043034791946,-0.4745921194553375,0,2000,strong,2,40,42,1.0,0.0,walk
1450,29.0,1.0,0.0,0.32246530055999756,0.6740707755088806,0.07764655351638794,-0.02306384965777397,0,2000,strong,2,40,42,1.0,0.0,walk
1451,29.02,1.0,0.0,0.3217804431915283,0.6398726105690002,0.05665571987628937,0.627822756767273,0,2000,strong,2,40,42,1.0,0.0,walk
1452,29.04,1.0,0.0,0.3163386583328247,0.6127937436103821,0.03403911739587784,0.964330792427063,0,2000,strong,2,40,42,1.0,0.0,walk
1453,29.060000000000002,1.0,0.0,0.30945348739624023,0.6077537536621094,0.003995546139776707,0.8510850667953491,0,2000,strong,2,40,42,1.0,0.0,walk
1454,29.080000000000002,1.0,0.0,0.30483782291412354,0.6072565913200378,-0.01938658393919468,0.5372970104217529,0,2000,strong,2,40,42,1.0,0.0,walk
1455,29.1,1.0,0.0,0.302557110786438,0.6012927889823914,-0.03706149384379387,0.29292166233062744,0,2000,strong,2,40,42,1.0,0.0,walk
1456,29.12,1.0,0.0,0.30259811878204346,0.5953295826911926,-0.05358026921749115,0.05166951194405556,0,2000,strong,2,40,42,1.0,0.0,walk
1457,29.14,1.0,0.0,0.30391836166381836,0.589952290058136,-0.06772035360336304,-0.06878146529197693,0,2000,strong,2,40,42,1.0,0.0,walk
1458,29.16,1.0,0.0,0.3065136671066284,0.582564651966095,-0.08985963463783264,-0.17380055785179138,0,2000,strong,2,40,42,1.0,0.0,walk
1459,29.18,1.0,0.0,0.3098161220550537,0.5912383198738098,-0.10684779286384583,-0.2931230664253235,0,2000,strong,2,40,42,1.0,0.0,walk
1460,29.2,1.0,0.0,0.31332480907440186,0.6092128753662109,-0.12174921482801437,-0.3146868050098419,0,2000,strong,2,40,42,1.0,0.0,walk
1461,29.22,1.0,0.0,0.3161841630935669,0.6326640844345093,-0.13318535685539246,-0.26924288272857666,0,2000,strong,2,40,42,1.0,0.0,walk
1462,29.240000000000002,1.0,0.0,0.3179968595504761,0.6615023016929626,-0.14593982696533203,-0.21800169348716736,0,2000,strong,2,40,42,1.0,0.0,walk
1463,29.26,1.0,0.0,0.3191770315170288,0.6924045085906982,-0.16467714309692383,-0.20361599326133728,0,2000,strong,2,40,42,1.0,0.0,walk
1464,29.28,1.0,0.0,0.3192129135131836,0.724738597869873,-0.18743349611759186,-0.10329156368970871,0,2000,strong,2,40,42,1.0,0.0,walk
1465,29.3,1.0,0.0,0.31791484355926514,0.7541372776031494,-0.21810363233089447,0.0017661107704043388,0,2000,strong,2,40,42,1.0,0.0,walk
1466,29.32,1.0,0.0,0.3153949975967407,0.774225115776062,-0.25423017144203186,0.1473063975572586,0,2000,strong,2,40,42,1.0,0.0,walk
1467,29.34,1.0,0.0,0.3121551275253296,0.7846232652664185,-0.2940562963485718,0.25708115100860596,0,2000,strong,2,40,42,1.0,0.0,walk
1468,29.36,1.0,0.0,0.3081929683685303,0.7934654355049133,-0.3345731496810913,0.35865360498428345,0,2000,strong,2,40,42,1.0,0.0,walk
1469,29.38,1.0,0.0,0.30474627017974854,0.746905505657196,-0.3175187110900879,-0.07738052308559418,0,2000,strong,2,40,42,1.0,0.0,walk
1470,29.400000000000002,1.0,0.0,0.3014035224914551,0.7090577483177185,-0.25007370114326477,0.5179098844528198,0,2000,strong,2,40,42,1.0,0.0,walk
1471,29.42,1.0,0.0,0.2943505048751831,0.6751714944839478,-0.20615486800670624,0.5341830253601074,0,2000,strong,2,40,42,1.0,0.0,walk
1472,29.44,1.0,0.0,0.2898695468902588,0.6445785164833069,-0.1855882704257965,-0.012435421347618103,0,2000,strong,2,40,42,1.0,0.0,walk
1473,29.46,1.0,0.0,0.28969013690948486,0.6225467324256897,-0.15288375318050385,-0.332751601934433,0,2000,strong,2,40,42,1.0,0.0,walk
1474,29.48,1.0,0.0,0.29124486446380615,0.6006200909614563,-0.11716800928115845,-0.4024966359138489,0,2000,strong,2,40,42,1.0,0.0,walk
1475,29.5,1.0,0.0,0.29197847843170166,0.5851856470108032,-0.08386348187923431,-0.18208558857440948,0,2000,strong,2,40,42,1.0,0.0,walk
1476,29.52,1.0,0.0,0.291110634803772,0.5735664963722229,-0.05710538476705551,-0.016700712963938713,0,2000,strong,2,40,42,1.0,0.0,walk
1477,29.54,1.0,0.0,0.28921735286712646,0.5732253789901733,-0.03772881254553795,0.08586131781339645,0,2000,strong,2,40,42,1.0,0.0,walk
1478,29.560000000000002,1.0,0.0,0.2869296073913574,0.5743293762207031,-0.0175288338214159,0.12541338801383972,0,2000,strong,2,40,42,1.0,0.0,walk
1479,29.580000000000002,1.0,0.0,0.2848767042160034,0.5808830261230469,0.0032386782113462687,0.11184144020080566,0,2000,strong,2,40,42,1.0,0.0,walk
1480,29.6,1.0,0.0,0.28311073780059814,0.5928863883018494,0.021716341376304626,0.09925690293312073,0,2000,strong,2,40,42,1.0,0.0,walk
1481,29.62,1.0,0.0,0.28177201747894287,0.6191861629486084,0.033594802021980286,0.1520930528640747,0,2000,strong,2,40,42,1.0,0.0,walk
1482,29.64,1.0,0.0,0.28033900260925293,0.6533298492431641,0.045043908059597015,0.2263077348470688,0,2000,strong,2,40,42,1.0,0.0,walk
1483,29.66,1.0,0.0,0.2786712646484375,0.6839653253555298,0.061335209757089615,0.25671106576919556,0,2000,strong,2,40,42,1.0,0.0,walk
1484,29.68,1.0,0.0,0.2773545980453491,0.7128736972808838,0.08098018169403076,0.2326008528470993,0,2000,strong,2,40,42,1.0,0.0,walk
1485,29.7,1.0,0.0,0.2765822410583496,0.7386449575424194,0.1040598601102829,0.2062031477689743,0,2000,strong,2,40,42,1.0,0.0,walk
1486,29.72,1.0,0.0,0.27612054347991943,0.7594902515411377,0.1310616433620453,0.16611996293067932,0,2000,strong,2,40,42,1.0,0.0,walk
1487,29.740000000000002,1.0,0.0,0.2758723497390747,0.7762141227722168,0.1606951653957367,0.09441925585269928,0,2000,strong,2,40,42,1.0,0.0,walk
1488,29.76,1.0,0.0,0.2759445905685425,0.7893133163452148,0.1924927830696106,-0.025162197649478912,0,2000,strong,2,40,42,1.0,0.0,walk
1489,29.78,1.0,0.0,0.2773160934448242,0.8027029633522034,0.22401247918605804,-0.18147329986095428,0,2000,strong,2,40,42,1.0,0.0,walk
1490,29.8,1.0,0.0,0.279751181602478,0.7695654630661011,0.22330570220947266,-0.2787042260169983,0,2000,strong,2,40,42,1.0,0.0,walk
1491,29.82,1.0,0.0,0.2835491895675659,0.715970516204834,0.15103627741336823,-0.5174500942230225,0,2000,strong,2,40,42,1.0,0.0,walk
1492,29.84,1.0,0.0,0.28912806510925293,0.6770778298377991,0.10058445483446121,-0.34159907698631287,0,2000,strong,2,40,42,1.0,0.0,walk
1493,29.86,1.0,0.0,0.29176557064056396,0.630123496055603,0.07365535944700241,0.26472294330596924,0,2000,strong,2,40,42,1.0,0.0,walk
1494,29.88,1.0,0.0,0.28880083560943604,0.603869616985321,0.05921322852373123,0.7087453603744507,0,2000,strong,2,40,42,1.0,0.0,walk
1495,29.900000000000002,1.0,0.0,0.2830771207809448,0.5998623371124268,0.03017890453338623,0.7746372222900391,0,2000,strong,2,40,42,1.0,0.0,walk
1496,29.92,1.0,0.0,0.2794550657272339,0.586654782295227,0.0017098766984418035,0.4942626953125,0,2000,strong,2,40,42,1.0,0.0,walk
1497,29.94,1.0,0.0,0.2776991128921509,0.5846095085144043,-0.019589964300394058,0.28877562284469604,0,2000,strong,2,40,42,1.0,0.0,walk
1498,29.96,1.0,0.0,0.27744972705841064,0.5806638598442078,-0.03564960137009621,0.11957907676696777,0,2000,strong,2,40,42,1.0,0.0,walk
1499,29.98,1.0,0.0,0.9878929853439331,0.5716912746429443,-0.04837840050458908,0.03796990215778351,0,2000,strong,2,40,42,1.0,0.0,walk
1500,30.0,1.0,0.0,0.9891895055770874,0.5622097253799438,-0.0722225084900856,-0.015910036861896515,0,2000,strong,2,40,42,1.0,0.0,walk
1501,30.02,1.0,0.0,0.9915660619735718,0.5653079152107239,-0.093509741127491,-0.1978754997253418,0,2000,strong,2,40,42,1.0,0.0,walk
1502,30.04,1.0,0.0,0.994933009147644,0.582833468914032,-0.10923261940479279,-0.31361424922943115,0,2000,strong,2,40,42,1.0,0.0,walk
1503,30.060000000000002,1.0,0.0,0.9975420236587524,0.6007981300354004,-0.1187586709856987,-0.20447342097759247,0,2000,strong,2,40,42,1.0,0.0,walk
1504,30.080000000000002,1.0,0.0,0.9988237619400024,0.626667320728302,-0.12953047454357147,-0.14677949249744415,0,2000,strong,2,40,42,1.0,0.0,walk
1505,30.1,1.0,0.0,0.9994736909866333,0.6530266404151917,-0.14759299159049988,-0.14007964730262756,0,2000,strong,2,40,42,1.0,0.0,walk
1506,30.12,1.0,0.0,0.9985331296920776,0.6842979192733765,-0.16780702769756317,0.015012635849416256,0,2000,strong,2,40,42,1.0,0.0,walk
1507,30.14,1.0,0.0,0.9958101511001587,0.7133358716964722,-0.19919981062412262,0.15845295786857605,0,2000,strong,2,40,42,1.0,0.0,walk
1508,30.16,1.0,0.0,0.9911807775497437,0.7354362607002258,-0.2363792359828949,0.3671921193599701,0,2000,strong,2,40,42,1.0,0.0,walk
1509,30.18,1.0,0.0,0.9846636056900024,0.7480815649032593,-0.2789914906024933,0.5979286432266235,0,2000,strong,2,40,42,1.0,0.0,walk
1510,30.2,1.0,0.0,0.9769142866134644,0.7576682567596436,-0.32554933428764343,0.7374715805053711,0,2000,strong,2,40,42,1.0,0.0,walk
1511,30.22,1.0,0.0,0.9683760404586792,0.7693189978599548,-0.3636367917060852,0.7397602200508118,0,2000,strong,2,40,42,1.0,0.0,walk
1512,30.240000000000002,1.0,0.0,0.9635776281356812,0.712386429309845,-0.30291205644607544,0.512393593788147,0,2000,strong,2,40,42,1.0,0.0,walk
1513,30.26,1.0,0.0,0.9557884931564331,0.6807898879051208,-0.25106728076934814,0.7304221987724304,0,2000,strong,2,40,42,1.0,0.0,walk
1514,30.28,1.0,0.0,0.947867751121521,0.6478428244590759,-0.2195557951927185,0.45093947649002075,0,2000,strong,2,40,42,1.0,0.0,walk
1515,30.3,1.0,0.0,0.9439257383346558,0.6171508431434631,-0.19245237112045288,-0.04428204521536827,0,2000,strong,2,40,42,1.0,0.0,walk
1516,30.32,1.0,0.0,0.9431098699569702,0.5921165347099304,-0.1559411883354187,-0.21169574558734894,0,2000,strong,2,40,42,1.0,0.0,walk
1517,30.34,1.0,0.0,0.9424120187759399,0.5787614583969116,-0.12130196392536163,-0.07621743530035019,0,2000,strong,2,40,42,1.0,0.0,walk
1518,30.36,1.0,0.0,0.940689206123352,0.573401689529419,-0.09228842705488205,0.0422624796628952,0,2000,strong,2,40,42,1.0,0.0,walk
1519,30.38,1.0,0.0,0.9386085271835327,0.5746724605560303,-0.0711555927991867,0.06722214818000793,0,2000,strong,2,40,42,1.0,0.0,walk
1520,30.400000000000002,1.0,0.0,0.9363938570022583,0.5822357535362244,-0.049492985010147095,0.12561610341072083,0,2000,strong,2,40,42,1.0,0.0,walk
1521,30.42,1.0,0.0,0.9337626695632935,0.5925489664077759,-0.02718963846564293,0.18371140956878662,0,2000,strong,2,40,42,1.0,0.0,walk
1522,30.44,1.0,0.0,0.9312142133712769,0.6055981516838074,-0.007211840245872736,0.18263393640518188,0,2000,strong,2,40,42,1.0,0.0,walk
1523,30.46,1.0,0.0,0.9286190271377563,0.6281509399414062,0.008163725957274437,0.27253562211990356,0,2000,strong,2,40,42,1.0,0.0,walk
1524,30.48,1.0,0.0,0.925899863243103,0.6571202874183655,0.021327881142497063,0.32630422711372375,0,2000,strong,2,40,42,1.0,0.0,walk
1525,30.5,1.0,0.0,0.922911524772644,0.6879015564918518,0.0368935689330101,0.3933098614215851,0,2000,strong,2,40,42,1.0,0.0,walk
1526,30.52,1.0,0.0,0.9198397397994995,0.7165256142616272,0.05643299221992493,0.4018304944038391,0,2000,strong,2,40,42,1.0,0.0,walk
1527,30.54,1.0,0.0,0.9172300100326538,0.7461702227592468,0.07620926946401596,0.38623204827308655,0,2000,strong,2,40,42,1.0,0.0,walk
1528,30.560000000000002,1.0,0.0,0.9149054288864136,0.770405650138855,0.10037742555141449,0.35401564836502075,0,2000,strong,2,40,42,1.0,0.0,walk
1529,30.580000000000002,1.0,0.0,0.9128710031509399,0.7879011631011963,0.12714816629886627,0.265933632850647,0,2000,strong,2,40,42,1.0,0.0,walk
1530,30.6,1.0,0.0,0.9114316701889038,0.7985266447067261,0.15528059005737305,0.10383832454681396,0,2000,strong,2,40,42,1.0,0.0,walk
1531,30.62,1.0,0.0,0.9116672277450562,0.8041208386421204,0.17573009431362152,-0.177609384059906,0,2000,strong,2,40,42,1.0,0.0,walk
1532,30.64,1.0,0.0,0.9145423173904419,0.7814779281616211,0.16636314988136292,-0.4125732481479645,0,2000,strong,2,40,42,1.0,0.0,walk
1533,30.66,1.0,0.0,0.9180644750595093,0.7237628102302551,0.10256185382604599,-0.44041019678115845,0,2000,strong,2,40,42,1.0,0.0,walk
1534,30.68,1.0,0.0,0.9218298196792603,0.6940380334854126,0.05308033898472786,-0.12554073333740234,0,2000,strong,2,40,42,1.0,0.0,walk
1535,30.7,1.0,0.0,0.92170250415802,0.651887059211731,0.028681866824626923,0.5366848707199097,0,2000,strong,2,40,42,1.0,0.0,walk
1536,30.72,1.0,0.0,0.9183326959609985,0.6275730729103088,0.012151963077485561,0.7003934383392334,0,2000,strong,2,40,42,1.0,0.0,walk
1537,30.740000000000002,1.0,0.0,0.9124726057052612,0.6233961582183838,-0.014085886999964714,0.8563382029533386,0,2000,strong,2,40,42,1.0,0.0,walk
1538,30.76,1.0,0.0,0.907805323600769,0.6181406378746033,-0.0366593673825264,0.620283305644989,0,2000,strong,2,40,42,1.0,0.0,walk
1539,30.78,1.0,0.0,0.9047924280166626,0.6125919222831726,-0.06305008381605148,0.43056976795196533,0,2000,strong,2,40,42,1.0,0.0,walk
1540,30.8,1.0,0.0,0.9037133455276489,0.6081706881523132,-0.08389558643102646,0.24811705946922302,0,2000,strong,2,40,42,1.0,0.0,walk
1541,30.82,1.0,0.0,0.9024215936660767,0.6145012378692627,-0.0910196453332901,0.2629011869430542,0,2000,strong,2,40,42,1.0,0.0,walk
1542,30.84,1.0,0.0,0.9011698961257935,0.5991445183753967,-0.11176898330450058,0.26041775941848755,0,2000,strong,2,40,42,1.0,0.0,walk
1543,30.86,1.0,0.0,0.901276707649231,0.6090977787971497,-0.1290789395570755,0.004648289643228054,0,2000,strong,2,40,42,1.0,0.0,walk
1544,30.88,1.0,0.0,0.9032865762710571,0.6297585964202881,-0.14622829854488373,-0.21609778702259064,0,2000,strong,2,40,42,1.0,0.0,walk
1545,30.900000000000002,1.0,0.0,0.9058421850204468,0.6566346287727356,-0.15580816566944122,-0.22711414098739624,0,2000,strong,2,40,42,1.0,0.0,walk
1546,30.92,1.0,0.0,0.9068220853805542,0.6836751103401184,-0.1644717901945114,-0.07832323759794235,0,2000,strong,2,40,42,1.0,0.0,walk
1547,30.94,1.0,0.0,0.9068769216537476,0.7104469537734985,-0.18334054946899414,-0.07974616438150406,0,2000,strong,2,40,42,1.0,0.0,walk
1548,30.96,1.0,0.0,0.9067143201828003,0.7427758574485779,-0.20723648369312286,-0.08977553993463516,0,2000,strong,2,40,42,1.0,0.0,walk
1549,30.98,1.0,0.0,0.9058138132095337,0.7747958898544312,-0.23732499778270721,-0.01982724666595459,0,2000,strong,2,40,42,1.0,0.0,walk
1550,31.0,1.0,0.0,0.9029194116592407,0.803503155708313,-0.2715094983577728,0.2154254913330078,0,2000,strong,2,40,42,1.0,0.0,walk
1551,31.02,1.0,0.0,0.89793860912323,0.8243680596351624,-0.31367769837379456,0.4264093339443207,0,2000,strong,2,40,42,1.0,0.0,walk
1552,31.04,1.0,0.0,0.8917752504348755,0.8343520760536194,-0.3621211647987366,0.5769813656806946,0,2000,strong,2,40,42,1.0,0.0,walk
1553,31.060000000000002,1.0,0.0,0.8847707509994507,0.8462673425674438,-0.4089563190937042,0.6094533205032349,0,2000,strong,2,40,42,1.0,0.0,walk
1554,31.080000000000002,1.0,0.0,0.8811048269271851,0.7743631601333618,-0.3517409861087799,0.23721008002758026,0,2000,strong,2,40,42,1.0,0.0,walk
1555,31.1,1.0,0.0,0.8749309778213501,0.7342569231987,-0.2835013270378113,0.686392068862915,0,2000,strong,2,40,42,1.0,0.0,walk
1556,31.12,1.0,0.0,0.8664137125015259,0.6897556185722351,-0.24140460789203644,0.5895616412162781,0,2000,strong,2,40,42,1.0,0.0,walk
1557,31.14,1.0,0.0,0.8613826036453247,0.6510938405990601,-0.2142644226551056,0.0239250585436821,0,2000,strong,2,40,42,1.0,0.0,walk
1558,31.16,1.0,0.0,0.8602703809738159,0.6198463439941406,-0.17443524301052094,-0.22745850682258606,0,2000,strong,2,40,42,1.0,0.0,walk
1559,31.18,1.0,0.0,0.8597768545150757,0.6021534204483032,-0.1362912803888321,-0.12131816148757935,0,2000,strong,2,40,42,1.0,0.0,walk
1560,31.2,1.0,0.0,0.8578625917434692,0.5885448455810547,-0.10315745323896408,0.06773748993873596,0,2000,strong,2,40,42,1.0,0.0,walk
1561,31.220000000000002,1.0,0.0,0.855199933052063,0.5832508206367493,-0.07998786121606827,0.12122460454702377,0,2000,strong,2,40,42,1.0,0.0,walk
1562,31.240000000000002,1.0,0.0,0.852303147315979,0.5864680409431458,-0.058998286724090576,0.17874598503112793,0,2000,strong,2,40,42,1.0,0.0,walk
1563,31.26,1.0,0.0,0.8490990400314331,0.5917728543281555,-0.03612806648015976,0.2170896977186203,0,2000,strong,2,40,42,1.0,0.0,walk
1564,31.28,1.0,0.0,0.8461405038833618,0.6007240414619446,-0.013465841300785542,0.1851174384355545,0,2000,strong,2,40,42,1.0,0.0,walk
1565,31.3,1.0,0.0,0.8434673547744751,0.6184640526771545,0.003555579809471965,0.23052285611629486,0,2000,strong,2,40,42,1.0,0.0,walk
1566,31.32,1.0,0.0,0.8411892652511597,0.6476117968559265,0.016275087371468544,0.2528092563152313,0,2000,strong,2,40,42,1.0,0.0,walk
1567,31.34,1.0,0.0,0.8388694524765015,0.6810473203659058,0.030286768451333046,0.3156384229660034,0,2000,strong,2,40,42,1.0,0.0,walk
1568,31.36,1.0,0.0,0.836326003074646,0.712279736995697,0.049287099391222,0.3557962477207184,0,2000,strong,2,40,42,1.0,0.0,walk
1569,31.38,1.0,0.0,0.8341995477676392,0.7431902289390564,0.06902967393398285,0.33351826667785645,0,2000,strong,2,40,42,1.0,0.0,walk
1570,31.400000000000002,1.0,0.0,0.8324288129806519,0.7689228653907776,0.09286791831254959,0.32130834460258484,0,2000,strong,2,40,42,1.0,0.0,walk
1571,31.42,1.0,0.0,0.830670952796936,0.7878996729850769,0.12048271298408508,0.29226189851760864,0,2000,strong,2,40,42,1.0,0.0,walk
1572,31.44,1.0,0.0,0.8288861513137817,0.8001148104667664,0.14977072179317474,0.20632076263427734,0,2000,strong,2,40,42,1.0,0.0,walk
1573,31.46,1.0,0.0,0.8278084993362427,0.8067749738693237,0.1778065264225006,0.052149031311273575,0,2000,strong,2,40,42,1.0,0.0,walk
1574,31.48,1.0,0.0,0.82905113697052,0.8091734051704407,0.1923607438802719,-0.1995653659105301,0,2000,strong,2,40,42,1.0,0.0,walk
1575,31.5,1.0,0.0,0.8311947584152222,0.7586044073104858,0.13844020664691925,-0.31798672676086426,0,2000,strong,2,40,42,1.0,0.0,walk
1576,31.52,1.0,0.0,0.8350600004196167,0.727030873298645,0.08381427824497223,-0.35274288058280945,0,2000,strong,2,40,42,1.0,0.0,walk
1577,31.54,1.0,0.0,0.8376456499099731,0.6851733326911926,0.04424853250384331,0.16943760216236115,0,2000,strong,2,40,42,1.0,0.0,walk
1578,31.560000000000002,1.0,0.0,0.834415078163147,0.6607557535171509,0.025297418236732483,0.88748699426651,0,2000,strong,2,40,42,1.0,0.0,walk
1579,31.580000000000002,1.0,0.0,0.8254882097244263,0.6502557396888733,-0.0020225620828568935,1.2198517322540283,0,2000,strong,2,40,42,1.0,0.0,walk
1580,31.6,1.0,0.0,0.8171588182449341,0.631829559803009,-0.03472021967172623,1.0063012838363647,0,2000,strong,2,40,42,1.0,0.0,walk
1581,31.62,1.0,0.0,0.8112207651138306,0.6253921985626221,-0.06258321553468704,0.7038697004318237,0,2000,strong,2,40,42,1.0,0.0,walk
1582,31.64,1.0,0.0,0.808249831199646,0.6195042729377747,-0.08243025094270706,0.3832755386829376,0,2000,strong,2,40,42,1.0,0.0,walk
1583,31.66,1.0,0.0,0.8065534830093384,0.6185867786407471,-0.09204277396202087,0.2798771262168884,0,2000,strong,2,40,42,1.0,0.0,walk
1584,31.68,1.0,0.0,0.8055065870285034,0.6041740775108337,-0.11105015128850937,0.2392246127128601,0,2000,strong,2,40,42,1.0,0.0,walk
1585,31.7,1.0,0.0,0.805738091468811,0.5989739298820496,-0.13086473941802979,0.039680879563093185,0,2000,strong,2,40,42,1.0,0.0,walk
1586,31.720000000000002,1.0,0.0,0.8080991506576538,0.6077441573143005,-0.14930935204029083,-0.22355075180530548,0,2000,strong,2,40,42,1.0,0.0,walk
1587,31.740000000000002,1.0,0.0,0.8107067346572876,0.6278552412986755,-0.15949790179729462,-0.19726324081420898,0,2000,strong,2,40,42,1.0,0.0,walk
1588,31.76,1.0,0.0,0.8126341104507446,0.6536313891410828,-0.16980509459972382,-0.18756867945194244,0,2000,strong,2,40,42,1.0,0.0,walk
1589,31.78,1.0,0.0,0.8142818212509155,0.6802300810813904,-0.1848170906305313,-0.20124420523643494,0,2000,strong,2,40,42,1.0,0.0,walk
1590,31.8,1.0,0.0,0.8151990175247192,0.7105200290679932,-0.20313163101673126,-0.13992765545845032,0,2000,strong,2,40,42,1.0,0.0,walk
1591,31.82,1.0,0.0,0.8148099184036255,0.7433329224586487,-0.2260894477367401,-0.03300267457962036,0,2000,strong,2,40,42,1.0,0.0,walk
1592,31.84,1.0,0.0,0.8122736215591431,0.7740834951400757,-0.2556630074977875,0.15852287411689758,0,2000,strong,2,40,42,1.0,0.0,walk
1593,31.86,1.0,0.0,0.8076950311660767,0.7990567684173584,-0.29502537846565247,0.36107340455055237,0,2000,strong,2,40,42,1.0,0.0,walk
1594,31.88,1.0,0.0,0.8017116785049438,0.8147919178009033,-0.3394458591938019,0.5279726982116699,0,2000,strong,2,40,42,1.0,0.0,walk
1595,31.900000000000002,1.0,0.0,0.7950750589370728,0.826134443283081,-0.3874877691268921,0.6097579002380371,0,2000,strong,2,40,42,1.0,0.0,walk
1596,31.92,1.0,0.0,0.788364052772522,0.8400210738182068,-0.42408835887908936,0.5139743685722351,0,2000,strong,2,40,42,1.0,0.0,walk
1597,31.94,1.0,0.0,0.7857202291488647,0.7505692839622498,-0.3302185535430908,0.4697454869747162,0,2000,strong,2,40,42,1.0,0.0,walk
1598,31.96,1.0,0.0,0.7778745889663696,0.7104800343513489,-0.2723800539970398,0.7172584533691406,0,2000,strong,2,40,42,1.0,0.0,walk
1599,31.98,1.0,0.0,0.7700539827346802,0.6691139936447144,-0.2415449470281601,0.42037826776504517,0,2000,strong,2,40,42,1.0,0.0,walk
1600,32.0,1.0,0.0,0.7664633989334106,0.6351674795150757,-0.2153264731168747,-0.09243957698345184,0,2000,strong,2,40,42,1.0,0.0,walk
1601,32.02,1.0,0.0,0.7659803628921509,0.6061835289001465,-0.17840678989887238,-0.24623489379882812,0,2000,strong,2,40,42,1.0,0.0,walk
1602,32.04,1.0,0.0,0.7655588388442993,0.5914384722709656,-0.14355050027370453,-0.10389693826436996,0,2000,strong,2,40,42,1.0,0.0,walk
1603,32.06,1.0,0.0,0.7636779546737671,0.580318033695221,-0.11405842751264572,0.07507716864347458,0,2000,strong,2,40,42,1.0,0.0,walk
1604,32.08,1.0,0.0,0.7613288164138794,0.5772332549095154,-0.0930059403181076,0.08122412860393524,0,2000,strong,2,40,42,1.0,0.0,walk
1605,32.1,1.0,0.0,0.7588208913803101,0.5817235708236694,-0.07125774770975113,0.15093789994716644,0,2000,strong,2,40,42,1.0,0.0,walk
1606,32.12,1.0,0.0,0.7559219598770142,0.5879353880882263,-0.048650290817022324,0.19138287007808685,0,2000,strong,2,40,42,1.0,0.0,walk
1607,32.14,1.0,0.0,0.7535077333450317,0.6011728644371033,-0.02948111854493618,0.15092067420482635,0,2000,strong,2,40,42,1.0,0.0,walk
1608,32.160000000000004,1.0,0.0,0.751203179359436,0.6235130429267883,-0.01483488455414772,0.23136204481124878,0,2000,strong,2,40,42,1.0,0.0,walk
1609,32.18,1.0,0.0,0.7489994764328003,0.6532145738601685,-0.003442551242187619,0.26995551586151123,0,2000,strong,2,40,42,1.0,0.0,walk
1610,32.2,1.0,0.0,0.7466272115707397,0.6845789551734924,0.011348120868206024,0.3275744616985321,0,2000,strong,2,40,42,1.0,0.0,walk
1611,32.22,1.0,0.0,0.7441540956497192,0.7129425406455994,0.0294004138559103,0.35327786207199097,0,2000,strong,2,40,42,1.0,0.0,walk
1612,32.24,1.0,0.0,0.7420092821121216,0.7410809993743896,0.04877094924449921,0.3444176912307739,0,2000,strong,2,40,42,1.0,0.0,walk
1613,32.26,1.0,0.0,0.7400995492935181,0.7643727660179138,0.07174617797136307,0.32712146639823914,0,2000,strong,2,40,42,1.0,0.0,walk
1614,32.28,1.0,0.0,0.7383099794387817,0.7814733386039734,0.09764870256185532,0.26948457956314087,0,2000,strong,2,40,42,1.0,0.0,walk
1615,32.3,1.0,0.0,0.7368346452713013,0.7924882769584656,0.12517854571342468,0.13892270624637604,0,2000,strong,2,40,42,1.0,0.0,walk
1616,32.32,1.0,0.0,0.7367116212844849,0.8008237481117249,0.15211088955402374,-0.05915438011288643,0,2000,strong,2,40,42,1.0,0.0,walk
1617,32.34,1.0,0.0,0.7388514280319214,0.7787423133850098,0.16955243051052094,-0.10749796032905579,0,2000,strong,2,40,42,1.0,0.0,walk
1618,32.36,1.0,0.0,0.742038369178772,0.7408201098442078,0.10544905811548233,-0.4036155939102173,0,2000,strong,2,40,42,1.0,0.0,walk
1619,32.38,1.0,0.0,0.7466892004013062,0.7070134878158569,0.05629150569438934,-0.3468146324157715,0,2000,strong,2,40,42,1.0,0.0,walk
1620,32.4,1.0,0.0,0.7491134405136108,0.6589075922966003,0.022067319601774216,0.2791941463947296,0,2000,strong,2,40,42,1.0,0.0,walk
1621,32.42,1.0,0.0,0.7453762292861938,0.6333557367324829,0.007194845471531153,0.8064550161361694,0,2000,strong,2,40,42,1.0,0.0,walk
1622,32.44,1.0,0.0,0.739078164100647,0.6325798630714417,-0.015980888158082962,0.8537617325782776,0,2000,strong,2,40,42,1.0,0.0,walk
1623,32.46,1.0,0.0,0.7349873781204224,0.6144376993179321,-0.044139016419649124,0.5852510929107666,0,2000,strong,2,40,42,1.0,0.0,walk
1624,32.480000000000004,1.0,0.0,0.732340931892395,0.6142443418502808,-0.06660963594913483,0.4184762239456177,0,2000,strong,2,40,42,1.0,0.0,walk
1625,32.5,1.0,0.0,0.731228232383728,0.6124076843261719,-0.08644376695156097,0.23767587542533875,0,2000,strong,2,40,42,1.0,0.0,walk
1626,32.52,1.0,0.0,0.7305217981338501,0.6062700152397156,-0.09910807758569717,0.19787359237670898,0,2000,strong,2,40,42,1.0,0.0,walk
1627,32.54,1.0,0.0,0.7298613786697388,0.6020582318305969,-0.11842108517885208,0.2006651610136032,0,2000,strong,2,40,42,1.0,0.0,walk
1628,32.56,1.0,0.0,0.7301450967788696,0.6013246178627014,-0.14035701751708984,0.02012450620532036,0,2000,strong,2,40,42,1.0,0.0,walk
1629,32.58,1.0,0.0,0.7318862676620483,0.6226083040237427,-0.15644118189811707,-0.19374173879623413,0,2000,strong,2,40,42,1.0,0.0,walk
1630,32.6,1.0,0.0,0.7341243028640747,0.6415892243385315,-0.16907678544521332,-0.1996585726737976,0,2000,strong,2,40,42,1.0,0.0,walk
1631,32.62,1.0,0.0,0.7360082864761353,0.6675876975059509,-0.18205849826335907,-0.20193898677825928,0,2000,strong,2,40,42,1.0,0.0,walk
1632,32.64,1.0,0.0,0.7373331785202026,0.6941207051277161,-0.19913749396800995,-0.1809310019016266,0,2000,strong,2,40,42,1.0,0.0,walk
1633,32.660000000000004,1.0,0.0,0.7375777959823608,0.7267283201217651,-0.21921181678771973,-0.10211337357759476,0,2000,strong,2,40,42,1.0,0.0,walk
1634,32.68,1.0,0.0,0.7366675138473511,0.757919192314148,-0.24801649153232574,-0.012486636638641357,0,2000,strong,2,40,42,1.0,0.0,walk
1635,32.7,1.0,0.0,0.7338501214981079,0.7870860695838928,-0.2823163866996765,0.17955908179283142,0,2000,strong,2,40,42,1.0,0.0,walk
1636,32.72,1.0,0.0,0.7291415929794312,0.8065192699432373,-0.324624240398407,0.3867740035057068,0,2000,strong,2,40,42,1.0,0.0,walk
1637,32.74,1.0,0.0,0.723526120185852,0.8165988922119141,-0.3713224232196808,0.5075632333755493,0,2000,strong,2,40,42,1.0,0.0,walk
1638,32.76,1.0,0.0,0.7172597646713257,0.8253991007804871,-0.41948625445365906,0.5485175848007202,0,2000,strong,2,40,42,1.0,0.0,walk
1639,32.78,1.0,0.0,0.7137511968612671,0.7546160221099854,-0.35087236762046814,0.37556084990501404,0,2000,strong,2,40,42,1.0,0.0,walk
1640,32.8,1.0,0.0,0.7069519758224487,0.7092483639717102,-0.28401538729667664,0.72007817029953,0,2000,strong,2,40,42,1.0,0.0,walk
1641,32.82,1.0,0.0,0.6989520788192749,0.6682547926902771,-0.24376563727855682,0.4974457025527954,0,2000,strong,2,40,42,1.0,0.0,walk
1642,32.84,1.0,0.0,0.6945005655288696,0.6332966089248657,-0.21460656821727753,0.0025601631496101618,0,2000,strong,2,40,42,1.0,0.0,walk
1643,32.86,1.0,0.0,0.69398033618927,0.6067055463790894,-0.18136891722679138,-0.2931864857673645,0,2000,strong,2,40,42,1.0,0.0,walk
1644,32.88,1.0,0.0,0.694139838218689,0.5824922323226929,-0.14378799498081207,-0.1842355728149414,0,2000,strong,2,40,42,1.0,0.0,walk
1645,32.9,1.0,0.0,0.6931506395339966,0.5698602199554443,-0.11277765780687332,-0.008242106065154076,0,2000,strong,2,40,42,1.0,0.0,walk
1646,32.92,1.0,0.0,0.6907879114151001,0.5610110759735107,-0.09059952944517136,0.11915852129459381,0,2000,strong,2,40,42,1.0,0.0,walk
1647,32.94,1.0,0.0,0.6881643533706665,0.5573130249977112,-0.06831357628107071,0.13503475487232208,0,2000,strong,2,40,42,1.0,0.0,walk
1648,32.96,1.0,0.0,0.6855424642562866,0.5640220046043396,-0.044123828411102295,0.1473679542541504,0,2000,strong,2,40,42,1.0,0.0,walk
1649,32.980000000000004,1.0,0.0,0.6831823587417603,0.5683490037918091,-0.022092286497354507,0.13394927978515625,0,2000,strong,2,40,42,1.0,0.0,walk
1650,33.0,1.0,0.0,0.6806920766830444,0.5858673453330994,-0.0044410135596990585,0.20853079855442047,0,2000,strong,2,40,42,1.0,0.0,walk
1651,33.02,1.0,0.0,0.6786772012710571,0.615959882736206,0.005008715204894543,0.21960069239139557,0,2000,strong,2,40,42,1.0,0.0,walk
1652,33.04,1.0,0.0,0.6766015291213989,0.6479166746139526,0.017187682911753654,0.2925121784210205,0,2000,strong,2,40,42,1.0,0.0,walk
1653,33.06,1.0,0.0,0.6742199659347534,0.6762584447860718,0.03469592705368996,0.33293616771698,0,2000,strong,2,40,42,1.0,0.0,walk
1654,33.08,1.0,0.0,0.6721218824386597,0.7044690847396851,0.0532456710934639,0.32903221249580383,0,2000,strong,2,40,42,1.0,0.0,walk
1655,33.1,1.0,0.0,0.6703213453292847,0.7279379963874817,0.07554677873849869,0.3109811246395111,0,2000,strong,2,40,42,1.0,0.0,walk
1656,33.12,1.0,0.0,0.6688205003738403,0.7473695278167725,0.10074283182621002,0.2678714692592621,0,2000,strong,2,40,42,1.0,0.0,walk
1657,33.14,1.0,0.0,0.6673976182937622,0.7614626288414001,0.12892869114875793,0.2006927728652954,0,2000,strong,2,40,42,1.0,0.0,walk
1658,33.160000000000004,1.0,0.0,0.6664811372756958,0.7733946442604065,0.1585468351840973,0.04848034307360649,0,2000,strong,2,40,42,1.0,0.0,walk
1659,33.18,1.0,0.0,0.667021632194519,0.7832704782485962,0.18351608514785767,-0.16484573483467102,0,2000,strong,2,40,42,1.0,0.0,walk
1660,33.2,1.0,0.0,0.6694515943527222,0.7490028738975525,0.16283558309078217,-0.2649901807308197,0,2000,strong,2,40,42,1.0,0.0,walk
1661,33.22,1.0,0.0,0.6732817888259888,0.7060778141021729,0.1047678217291832,-0.4845975637435913,0,2000,strong,2,40,42,1.0,0.0,walk
1662,33.24,1.0,0.0,0.6775189638137817,0.6764646768569946,0.061198640614748,-0.1329593062400818,0,2000,strong,2,40,42,1.0,0.0,walk
1663,33.26,1.0,0.0,0.677566647529602,0.640019416809082,0.03380550071597099,0.5573757290840149,0,2000,strong,2,40,42,1.0,0.0,walk
1664,33.28,1.0,0.0,0.6714502573013306,0.6094395518302917,0.011093080043792725,1.1340148448944092,0,2000,strong,2,40,42,1.0,0.0,walk
1665,33.3,1.0,0.0,0.6619967222213745,0.601426899433136,-0.019153468310832977,1.1649638414382935,0,2000,strong,2,40,42,1.0,0.0,walk
1666,33.32,1.0,0.0,0.6546975374221802,0.5960490703582764,-0.04781901091337204,0.815078854560852,0,2000,strong,2,40,42,1.0,0.0,walk
1667,33.34,1.0,0.0,0.6503416299819946,0.5967205762863159,-0.06627606600522995,0.483237087726593,0,2000,strong,2,40,42,1.0,0.0,walk
1668,33.36,1.0,0.0,0.6488171815872192,0.5956563949584961,-0.08012565970420837,0.20136800408363342,0,2000,strong,2,40,42,1.0,0.0,walk
1669,33.38,1.0,0.0,0.6486588716506958,0.5896722674369812,-0.09128588438034058,0.09112026542425156,0,2000,strong,2,40,42,1.0,0.0,walk
1670,33.4,1.0,0.0,0.6497255563735962,0.5755554437637329,-0.11352011561393738,-0.007008783519268036,0,2000,strong,2,40,42,1.0,0.0,walk
1671,33.42,1.0,0.0,0.6518360376358032,0.5763594508171082,-0.13315020501613617,-0.16432121396064758,0,2000,strong,2,40,42,1.0,0.0,walk
1672,33.44,1.0,0.0,0.6548558473587036,0.5917909741401672,-0.1497374176979065,-0.2769734263420105,0,2000,strong,2,40,42,1.0,0.0,walk
1673,33.46,1.0,0.0,0.6576758623123169,0.614085853099823,-0.16136175394058228,-0.25225839018821716,0,2000,strong,2,40,42,1.0,0.0,walk
1674,33.480000000000004,1.0,0.0,0.6594234704971313,0.6421046853065491,-0.1729137897491455,-0.18549498915672302,0,2000,strong,2,40,42,1.0,0.0,walk
1675,33.5,1.0,0.0,0.6605015993118286,0.6727656126022339,-0.19130581617355347,-0.17325414717197418,0,2000,strong,2,40,42,1.0,0.0,walk
1676,33.52,1.0,0.0,0.6604210138320923,0.7054041624069214,-0.21269580721855164,-0.0616842620074749,0,2000,strong,2,40,42,1.0,0.0,walk
1677,33.54,1.0,0.0,0.6584094762802124,0.7369348406791687,-0.24214620888233185,0.0992138534784317,0,2000,strong,2,40,42,1.0,0.0,walk
1678,33.56,1.0,0.0,0.6546326875686646,0.7619737982749939,-0.27969393134117126,0.26646220684051514,0,2000,strong,2,40,42,1.0,0.0,walk
1679,33.58,1.0,0.0,0.649553656578064,0.7776426076889038,-0.32247450947761536,0.42496833205223083,0,2000,strong,2,40,42,1.0,0.0,walk
1680,33.6,1.0,0.0,0.6437770128250122,0.7881245017051697,-0.3682040572166443,0.5230720043182373,0,2000,strong,2,40,42,1.0,0.0,walk
1681,33.62,1.0,0.0,0.6377311944961548,0.8002331256866455,-0.4067628085613251,0.48276934027671814,0,2000,strong,2,40,42,1.0,0.0,walk
1682,33.64,1.0,0.0,0.6352349519729614,0.7241623401641846,-0.327839195728302,0.35127174854278564,0,2000,strong,2,40,42,1.0,0.0,walk
1683,33.660000000000004,1.0,0.0,0.6284254789352417,0.6849846839904785,-0.2707832455635071,0.661138117313385,0,2000,strong,2,40,42,1.0,0.0,walk
1684,33.68,1.0,0.0,0.6209064722061157,0.6463339328765869,-0.23825769126415253,0.4133382737636566,0,2000,strong,2,40,42,1.0,0.0,walk
1685,33.7,1.0,0.0,0.6173583269119263,0.6152002215385437,-0.21126283705234528,-0.08859571814537048,0,2000,strong,2,40,42,1.0,0.0,walk
1686,33.72,1.0,0.0,0.6171969175338745,0.5898313522338867,-0.17474763095378876,-0.28905290365219116,0,2000,strong,2,40,42,1.0,0.0,walk
1687,33.74,1.0,0.0,0.6171027421951294,0.5743719935417175,-0.13909555971622467,-0.1376034915447235,0,2000,strong,2,40,42,1.0,0.0,walk
1688,33.76,1.0,0.0,0.615540623664856,0.5637845396995544,-0.10825639218091965,0.04198963940143585,0,2000,strong,2,40,42,1.0,0.0,walk
1689,33.78,1.0,0.0,0.6133404970169067,0.5603443384170532,-0.08702084422111511,0.07228696346282959,0,2000,strong,2,40,42,1.0,0.0,walk
1690,33.8,1.0,0.0,0.6110326051712036,0.5637502670288086,-0.06522303074598312,0.12489296495914459,0,2000,strong,2,40,42,1.0,0.0,walk
1691,33.82,1.0,0.0,0.6084743738174438,0.5709316730499268,-0.042086027562618256,0.15654237568378448,0,2000,strong,2,40,42,1.0,0.0,walk
1692,33.84,1.0,0.0,0.6062487363815308,0.5822731256484985,-0.022120429202914238,0.13457639515399933,0,2000,strong,2,40,42,1.0,0.0,walk
1693,33.86,1.0,0.0,0.6042066812515259,0.6031161546707153,-0.007199291605502367,0.1965617686510086,0,2000,strong,2,40,42,1.0,0.0,walk
1694,33.88,1.0,0.0,0.6023234128952026,0.6327158808708191,0.00455016503110528,0.23553568124771118,0,2000,strong,2,40,42,1.0,0.0,walk
1695,33.9,1.0,0.0,0.6002320051193237,0.6631497144699097,0.018744979053735733,0.30518829822540283,0,2000,strong,2,40,42,1.0,0.0,walk
1696,33.92,1.0,0.0,0.598021388053894,0.6898679733276367,0.03734772279858589,0.3183278441429138,0,2000,strong,2,40,42,1.0,0.0,walk
1697,33.94,1.0,0.0,0.596232533454895,0.7167824506759644,0.056964971125125885,0.304007887840271,0,2000,strong,2,40,42,1.0,0.0,walk
1698,33.96,1.0,0.0,0.5947166681289673,0.7397934794425964,0.08044280856847763,0.29080337285995483,0,2000,strong,2,40,42,1.0,0.0,walk
1699,33.980000000000004,1.0,0.0,0.5933190584182739,0.7575966119766235,0.10708016157150269,0.24026992917060852,0,2000,strong,2,40,42,1.0,0.0,walk
1700,34.0,1.0,0.0,0.5921722650527954,0.769432544708252,0.13567371666431427,0.1284189224243164,0,2000,strong,2,40,42,1.0,0.0,walk
1701,34.02,1.0,0.0,0.5921701192855835,0.7807254791259766,0.16669519245624542,-0.08115607500076294,0,2000,strong,2,40,42,1.0,0.0,walk
1702,34.04,1.0,0.0,0.5943182706832886,0.7856630682945251,0.18410751223564148,-0.26809895038604736,0,2000,strong,2,40,42,1.0,0.0,walk
1703,34.06,1.0,0.0,0.5971513986587524,0.7419911623001099,0.13219203054904938,-0.3561670482158661,0,2000,strong,2,40,42,1.0,0.0,walk
1704,34.08,1.0,0.0,0.6019033193588257,0.7088563442230225,0.08095213770866394,-0.44789251685142517,0,2000,strong,2,40,42,1.0,0.0,walk
1705,34.1,1.0,0.0,0.6058651208877563,0.6681010127067566,0.045910339802503586,0.030953487381339073,0,2000,strong,2,40,42,1.0,0.0,walk
1706,34.12,1.0,0.0,0.6043440103530884,0.6460859775543213,0.026647141203284264,0.726504921913147,0,2000,strong,2,40,42,1.0,0.0,walk
1707,34.14,1.0,0.0,0.5973814725875854,0.637946367263794,-0.00032238231506198645,1.0404088497161865,0,2000,strong,2,40,42,1.0,0.0,walk
1708,34.160000000000004,1.0,0.0,0.590265154838562,0.6238914728164673,-0.03375076875090599,0.8963475227355957,0,2000,strong,2,40,42,1.0,0.0,walk
1709,34.18,1.0,0.0,0.5851737260818481,0.6269856095314026,-0.06060180813074112,0.6183498501777649,0,2000,strong,2,40,42,1.0,0.0,walk
1710,34.2,1.0,0.0,0.5819505453109741,0.6303735971450806,-0.07923918217420578,0.40853655338287354,0,2000,strong,2,40,42,1.0,0.0,walk
1711,34.22,1.0,0.0,0.5800400972366333,0.6282115578651428,-0.09240923821926117,0.2791804075241089,0,2000,strong,2,40,42,1.0,0.0,walk
1712,34.24,1.0,0.0,0.5790871381759644,0.6181513071060181,-0.11169087141752243,0.18596574664115906,0,2000,strong,2,40,42,1.0,0.0,walk
1713,34.26,1.0,0.0,0.5796581506729126,0.6147357225418091,-0.13443659245967865,-0.014193827286362648,0,2000,strong,2,40,42,1.0,0.0,walk
1714,34.28,1.0,0.0,0.5822495222091675,0.6272815465927124,-0.15201547741889954,-0.27085360884666443,0,2000,strong,2,40,42,1.0,0.0,walk
1715,34.300000000000004,1.0,0.0,0.5851832628250122,0.647598922252655,-0.16293567419052124,-0.24850884079933167,0,2000,strong,2,40,42,1.0,0.0,walk
1716,34.32,1.0,0.0,0.5873488187789917,0.6736893653869629,-0.1739712655544281,-0.21735969185829163,0,2000,strong,2,40,42,1.0,0.0,walk
1717,34.34,1.0,0.0,0.5891419649124146,0.7024946212768555,-0.18967990577220917,-0.23699340224266052,0,2000,strong,2,40,42,1.0,0.0,walk
1718,34.36,1.0,0.0,0.5903202295303345,0.7343574166297913,-0.20942769944667816,-0.19543734192848206,0,2000,strong,2,40,42,1.0,0.0,walk
1719,34.38,1.0,0.0,0.5899807214736938,0.767937958240509,-0.23335562646389008,-0.059904977679252625,0,2000,strong,2,40,42,1.0,0.0,walk
1720,34.4,1.0,0.0,0.5879076719284058,0.7970494031906128,-0.2671665549278259,0.09051702916622162,0,2000,strong,2,40,42,1.0,0.0,walk
1721,34.42,1.0,0.0,0.5841599702835083,0.8165383338928223,-0.3072671890258789,0.29055309295654297,0,2000,strong,2,40,42,1.0,0.0,walk
1722,34.44,1.0,0.0,0.5793241262435913,0.8271151185035706,-0.3508337736129761,0.4418948292732239,0,2000,strong,2,40,42,1.0,0.0,walk
1723,34.46,1.0,0.0,0.5736151933670044,0.8380293250083923,-0.3965090811252594,0.5315309762954712,0,2000,strong,2,40,42,1.0,0.0,walk
1724,34.480000000000004,1.0,0.0,0.5702327489852905,0.7613171935081482,-0.3375856578350067,0.16846992075443268,0,2000,strong,2,40,42,1.0,0.0,walk
1725,34.5,1.0,0.0,0.5643378496170044,0.7232281565666199,-0.2731074094772339,0.6804527640342712,0,2000,strong,2,40,42,1.0,0.0,walk
1726,34.52,1.0,0.0,0.5566426515579224,0.6860824823379517,-0.2307812124490738,0.5082733035087585,0,2000,strong,2,40,42,1.0,0.0,walk
1727,34.54,1.0,0.0,0.5528291463851929,0.6512660980224609,-0.2082606554031372,-0.10292050987482071,0,2000,strong,2,40,42,1.0,0.0,walk
1728,34.56,1.0,0.0,0.5531054735183716,0.6258174180984497,-0.17252686619758606,-0.33757030963897705,0,2000,strong,2,40,42,1.0,0.0,walk
1729,34.58,1.0,0.0,0.554123044013977,0.6008191704750061,-0.13582241535186768,-0.29764312505722046,0,2000,strong,2,40,42,1.0,0.0,walk
1730,34.6,1.0,0.0,0.5536538362503052,0.5854169130325317,-0.10383577644824982,-0.046191588044166565,0,2000,strong,2,40,42,1.0,0.0,walk
1731,34.62,1.0,0.0,0.5516065359115601,0.573072612285614,-0.07826697826385498,0.09244915843009949,0,2000,strong,2,40,42,1.0,0.0,walk
1732,34.64,1.0,0.0,0.5488849878311157,0.5712628364562988,-0.05899081006646156,0.1495916098356247,0,2000,strong,2,40,42,1.0,0.0,walk
1733,34.660000000000004,1.0,0.0,0.5461827516555786,0.5730292201042175,-0.039046719670295715,0.16144995391368866,0,2000,strong,2,40,42,1.0,0.0,walk
1734,34.68,1.0,0.0,0.5436955690383911,0.578313410282135,-0.01666627638041973,0.14962849020957947,0,2000,strong,2,40,42,1.0,0.0,walk
1735,34.7,1.0,0.0,0.5414172410964966,0.5917757153511047,0.0018317181384190917,0.1561715006828308,0,2000,strong,2,40,42,1.0,0.0,walk
1736,34.72,1.0,0.0,0.5395563840866089,0.6195018887519836,0.012815416790544987,0.20594140887260437,0,2000,strong,2,40,42,1.0,0.0,walk
1737,34.74,1.0,0.0,0.5377284288406372,0.6538992524147034,0.024320874363183975,0.2607063353061676,0,2000,strong,2,40,42,1.0,0.0,walk
1738,34.76,1.0,0.0,0.5357786417007446,0.68454909324646,0.0406356118619442,0.28609758615493774,0,2000,strong,2,40,42,1.0,0.0,walk
1739,34.78,1.0,0.0,0.534122109413147,0.7137178182601929,0.05991546809673309,0.2791177034378052,0,2000,strong,2,40,42,1.0,0.0,walk
1740,34.800000000000004,1.0,0.0,0.5327788591384888,0.7388467788696289,0.0827428326010704,0.277019739151001,0,2000,strong,2,40,42,1.0,0.0,walk
1741,34.82,1.0,0.0,0.5315691232681274,0.7577943205833435,0.10887578129768372,0.24248142540454865,0,2000,strong,2,40,42,1.0,0.0,walk
1742,34.84,1.0,0.0,0.5305529832839966,0.772266685962677,0.13757453858852386,0.16089317202568054,0,2000,strong,2,40,42,1.0,0.0,walk
1743,34.86,1.0,0.0,0.5300105810165405,0.7830931544303894,0.16791893541812897,0.015369408763945103,0,2000,strong,2,40,42,1.0,0.0,walk
1744,34.88,1.0,0.0,0.5309687852859497,0.7938212156295776,0.19494186341762543,-0.17614798247814178,0,2000,strong,2,40,42,1.0,0.0,walk
1745,34.9,1.0,0.0,0.5335918664932251,0.7720498442649841,0.18625375628471375,-0.37201613187789917,0,2000,strong,2,40,42,1.0,0.0,walk
1746,34.92,1.0,0.0,0.5374432802200317,0.7257127165794373,0.11695599555969238,-0.49862921237945557,0,2000,strong,2,40,42,1.0,0.0,walk
1747,34.94,1.0,0.0,0.5425282716751099,0.6974713206291199,0.07056733220815659,-0.2719055414199829,0,2000,strong,2,40,42,1.0,0.0,walk
1748,34.96,1.0,0.0,0.544406533241272,0.6594659686088562,0.042385347187519073,0.35745781660079956,0,2000,strong,2,40,42,1.0,0.0,walk
1749,34.980000000000004,1.0,0.0,0.5401500463485718,0.6346279382705688,0.02240288443863392,0.9532902240753174,0,2000,strong,2,40,42,1.0,0.0,walk
1750,35.0,1.0,0.0,0.5321422815322876,0.6313660144805908,-0.0071177915669977665,1.0248639583587646,0,2000,strong,2,40,42,1.0,0.0,walk
1751,35.02,1.0,0.0,0.5260921716690063,0.620203971862793,-0.037805501371622086,0.723703920841217,0,2000,strong,2,40,42,1.0,0.0,walk
1752,35.04,1.0,0.0,0.5224043130874634,0.6205644607543945,-0.058322664350271225,0.4524846076965332,0,2000,strong,2,40,42,1.0,0.0,walk
1753,35.06,1.0,0.0,0.520912766456604,0.6145465970039368,-0.07491087913513184,0.2321268916130066,0,2000,strong,2,40,42,1.0,0.0,walk
1754,35.08,1.0,0.0,0.5203565359115601,0.6083484292030334,-0.08641722053289413,0.14333650469779968,0,2000,strong,2,40,42,1.0,0.0,walk
1755,35.1,1.0,0.0,0.5208820104598999,0.596185564994812,-0.10970201343297958,0.043746404349803925,0,2000,strong,2,40,42,1.0,0.0,walk
1756,35.12,1.0,0.0,0.5226174592971802,0.5979380011558533,-0.12995271384716034,-0.13401415944099426,0,2000,strong,2,40,42,1.0,0.0,walk
1757,35.14,1.0,0.0,0.525638222694397,0.6147651672363281,-0.14524871110916138,-0.2997635304927826,0,2000,strong,2,40,42,1.0,0.0,walk
1758,35.160000000000004,1.0,0.0,0.5285667181015015,0.6352144479751587,-0.15608033537864685,-0.25533151626586914,0,2000,strong,2,40,42,1.0,0.0,walk
1759,35.18,1.0,0.0,0.5303255319595337,0.6615474224090576,-0.16697722673416138,-0.18934163451194763,0,2000,strong,2,40,42,1.0,0.0,walk
1760,35.2,1.0,0.0,0.5315920114517212,0.6905360817909241,-0.18557149171829224,-0.20436954498291016,0,2000,strong,2,40,42,1.0,0.0,walk
1761,35.22,1.0,0.0,0.531946063041687,0.722800612449646,-0.2068580985069275,-0.12025069445371628,0,2000,strong,2,40,42,1.0,0.0,walk
1762,35.24,1.0,0.0,0.5305978059768677,0.75487220287323,-0.23497574031352997,0.024167513474822044,0,2000,strong,2,40,42,1.0,0.0,walk
1763,35.26,1.0,0.0,0.5276380777359009,0.7795406579971313,-0.2716391384601593,0.18306231498718262,0,2000,strong,2,40,42,1.0,0.0,walk
1764,35.28,1.0,0.0,0.523422360420227,0.7939280867576599,-0.3133729100227356,0.35075247287750244,0,2000,strong,2,40,42,1.0,0.0,walk
1765,35.300000000000004,1.0,0.0,0.5183504819869995,0.8031519651412964,-0.3574235439300537,0.4690919518470764,0,2000,strong,2,40,42,1.0,0.0,walk
1766,35.32,1.0,0.0,0.5126940011978149,0.8153782486915588,-0.39480170607566833,0.4697991609573364,0,2000,strong,2,40,42,1.0,0.0,walk
1767,35.34,1.0,0.0,0.5099378824234009,0.7307866215705872,-0.30603334307670593,0.47494158148765564,0,2000,strong,2,40,42,1.0,0.0,walk
1768,35.36,1.0,0.0,0.5023676156997681,0.6950869560241699,-0.2536492347717285,0.6873457431793213,0,2000,strong,2,40,42,1.0,0.0,walk
1769,35.38,1.0,0.0,0.4951833486557007,0.6577585935592651,-0.22518502175807953,0.34544506669044495,0,2000,strong,2,40,42,1.0,0.0,walk
1770,35.4,1.0,0.0,0.4922548532485962,0.6292751431465149,-0.1966003179550171,-0.1595264971256256,0,2000,strong,2,40,42,1.0,0.0,walk
1771,35.42,1.0,0.0,0.4928020238876343,0.6043707728385925,-0.1624019891023636,-0.35330796241760254,0,2000,strong,2,40,42,1.0,0.0,walk
1772,35.44,1.0,0.0,0.4934004545211792,0.5880897641181946,-0.12745995819568634,-0.2023826241493225,0,2000,strong,2,40,42,1.0,0.0,walk
1773,35.46,1.0,0.0,0.49229705333709717,0.5770465135574341,-0.09802169352769852,0.017538851127028465,0,2000,strong,2,40,42,1.0,0.0,walk
1774,35.480000000000004,1.0,0.0,0.490268349647522,0.5731326937675476,-0.07651518285274506,0.05996308848261833,0,2000,strong,2,40,42,1.0,0.0,walk
1775,35.5,1.0,0.0,0.48808538913726807,0.5761246085166931,-0.05653206259012222,0.11678431183099747,0,2000,strong,2,40,42,1.0,0.0,walk
1776,35.52,1.0,0.0,0.48558270931243896,0.582602322101593,-0.03355574980378151,0.1447928547859192,0,2000,strong,2,40,42,1.0,0.0,walk
1777,35.54,1.0,0.0,0.4835759401321411,0.5953085422515869,-0.014658063650131226,0.1057841032743454,0,2000,strong,2,40,42,1.0,0.0,walk
1778,35.56,1.0,0.0,0.4817162752151489,0.6179551482200623,-0.00018087017815560102,0.1794167459011078,0,2000,strong,2,40,42,1.0,0.0,walk
1779,35.58,1.0,0.0,0.4801255464553833,0.6487743854522705,0.010057779960334301,0.20707306265830994,0,2000,strong,2,40,42,1.0,0.0,walk
1780,35.6,1.0,0.0,0.4783817529678345,0.6799061894416809,0.024229420349001884,0.2657693028450012,0,2000,strong,2,40,42,1.0,0.0,walk
1781,35.62,1.0,0.0,0.47640931606292725,0.7073466777801514,0.042874325066804886,0.3004574179649353,0,2000,strong,2,40,42,1.0,0.0,walk
1782,35.64,1.0,0.0,0.47475993633270264,0.734363853931427,0.06268948316574097,0.28614768385887146,0,2000,strong,2,40,42,1.0,0.0,walk
1783,35.660000000000004,1.0,0.0,0.47354042530059814,0.7573586702346802,0.08572936803102493,0.2532084286212921,0,2000,strong,2,40,42,1.0,0.0,walk
1784,35.68,1.0,0.0,0.47255098819732666,0.7757582664489746,0.11278997361660004,0.19737721979618073,0,2000,strong,2,40,42,1.0,0.0,walk
1785,35.7,1.0,0.0,0.4717916250228882,0.7893033623695374,0.14175274968147278,0.09269478917121887,0,2000,strong,2,40,42,1.0,0.0,walk
1786,35.72,1.0,0.0,0.47213518619537354,0.8021518588066101,0.17220938205718994,-0.1081910952925682,0,2000,strong,2,40,42,1.0,0.0,walk
1787,35.74,1.0,0.0,0.4744795560836792,0.8053200244903564,0.18973277509212494,-0.2381809800863266,0,2000,strong,2,40,42,1.0,0.0,walk
1788,35.76,1.0,0.0,0.4771782159805298,0.7612270712852478,0.1360161006450653,-0.33221209049224854,0,2000,strong,2,40,42,1.0,0.0,walk
1789,35.78,1.0,0.0,0.48179423809051514,0.7265173196792603,0.08303316682577133,-0.44027578830718994,0,2000,strong,2,40,42,1.0,0.0,walk
1790,35.800000000000004,1.0,0.0,0.48595964908599854,0.6846847534179688,0.04727141931653023,0.0012915832921862602,0,2000,strong,2,40,42,1.0,0.0,walk
1791,35.82,1.0,0.0,0.48499786853790283,0.6641439199447632,0.03061155416071415,0.6564331650733948,0,2000,strong,2,40,42,1.0,0.0,walk
1792,35.84,1.0,0.0,0.4787193536758423,0.6569799184799194,0.004936695098876953,0.9654526114463806,0,2000,strong,2,40,42,1.0,0.0,walk
1793,35.86,1.0,0.0,0.4724224805831909,0.6419926285743713,-0.028724810108542442,0.8071606159210205,0,2000,strong,2,40,42,1.0,0.0,walk
1794,35.88,1.0,0.0,0.4681159257888794,0.643545389175415,-0.056090254336595535,0.55269455909729,0,2000,strong,2,40,42,1.0,0.0,walk
1795,35.9,1.0,0.0,0.46531569957733154,0.6449239253997803,-0.07531684637069702,0.38047662377357483,0,2000,strong,2,40,42,1.0,0.0,walk
1796,35.92,1.0,0.0,0.4637671709060669,0.6408965587615967,-0.08935272693634033,0.24585111439228058,0,2000,strong,2,40,42,1.0,0.0,walk
1797,35.94,1.0,0.0,0.4631286859512329,0.6315028667449951,-0.10867319256067276,0.15565089881420135,0,2000,strong,2,40,42,1.0,0.0,walk
1798,35.96,1.0,0.0,0.46406233310699463,0.6299302577972412,-0.1325933039188385,-0.04676169157028198,0,2000,strong,2,40,42,1.0,0.0,walk
1799,35.980000000000004,1.0,0.0,0.4669612646102905,0.6453056931495667,-0.1487545371055603,-0.30468642711639404,0,2000,strong,2,40,42,1.0,0.0,walk
1800,36.0,1.0,0.0,0.4701744318008423,0.6658023595809937,-0.15926921367645264,-0.2699044346809387,0,2000,strong,2,40,42,1.0,0.0,walk
1801,36.02,1.0,0.0,0.4724313020706177,0.691662609577179,-0.1699402928352356,-0.22021856904029846,0,2000,strong,2,40,42,1.0,0.0,walk
1802,36.04,1.0,0.0,0.4742316007614136,0.7203111052513123,-0.18546105921268463,-0.24272668361663818,0,2000,strong,2,40,42,1.0,0.0,walk
1803,36.06,1.0,0.0,0.4755474328994751,0.7518026232719421,-0.2060893326997757,-0.21906378865242004,0,2000,strong,2,40,42,1.0,0.0,walk
1804,36.08,1.0,0.0,0.4754561185836792,0.785675585269928,-0.2299574315547943,-0.09245525300502777,0,2000,strong,2,40,42,1.0,0.0,walk
1805,36.1,1.0,0.0,0.47384464740753174,0.8150777816772461,-0.26369377970695496,0.037528883665800095,0,2000,strong,2,40,42,1.0,0.0,walk
1806,36.12,1.0,0.0,0.4706524610519409,0.8340446352958679,-0.3029957711696625,0.23955555260181427,0,2000,strong,2,40,42,1.0,0.0,walk
1807,36.14,1.0,0.0,0.46642816066741943,0.8439016938209534,-0.3453417122364044,0.38616546988487244,0,2000,strong,2,40,42,1.0,0.0,walk
1808,36.160000000000004,1.0,0.0,0.46125781536102295,0.8544313311576843,-0.3894021213054657,0.49025535583496094,0,2000,strong,2,40,42,1.0,0.0,walk
1809,36.18,1.0,0.0,0.45840156078338623,0.7697212100028992,-0.3204037845134735,0.28995662927627563,0,2000,strong,2,40,42,1.0,0.0,walk
1810,36.2,1.0,0.0,0.45191490650177,0.7290093898773193,-0.258868932723999,0.6919806599617004,0,2000,strong,2,40,42,1.0,0.0,walk
1811,36.22,1.0,0.0,0.44453155994415283,0.693715512752533,-0.22014667093753815,0.44463860988616943,0,2000,strong,2,40,42,1.0,0.0,walk
1812,36.24,1.0,0.0,0.4415792226791382,0.6621230840682983,-0.19859756529331207,-0.19944941997528076,0,2000,strong,2,40,42,1.0,0.0,walk
1813,36.26,1.0,0.0,0.442829966545105,0.6377824544906616,-0.1630132496356964,-0.4296244978904724,0,2000,strong,2,40,42,1.0,0.0,walk
1814,36.28,1.0,0.0,0.444602370262146,0.6127138137817383,-0.12651492655277252,-0.3592063784599304,0,2000,strong,2,40,42,1.0,0.0,walk
1815,36.300000000000004,1.0,0.0,0.44465768337249756,0.5962038636207581,-0.09514909982681274,-0.08723677694797516,0,2000,strong,2,40,42,1.0,0.0,walk
1816,36.32,1.0,0.0,0.44294822216033936,0.5829713344573975,-0.06989303231239319,0.06277519464492798,0,2000,strong,2,40,42,1.0,0.0,walk
1817,36.34,1.0,0.0,0.44041192531585693,0.5795679092407227,-0.05116729810833931,0.1373239904642105,0,2000,strong,2,40,42,1.0,0.0,walk
1818,36.36,1.0,0.0,0.43776190280914307,0.5801506638526917,-0.03069939650595188,0.15575581789016724,0,2000,strong,2,40,42,1.0,0.0,walk
1819,36.38,1.0,0.0,0.43533027172088623,0.5854774117469788,-0.008730004541575909,0.13636919856071472,0,2000,strong,2,40,42,1.0,0.0,walk
1820,36.4,1.0,0.0,0.4332464933395386,0.6002876162528992,0.00860424991697073,0.13906578719615936,0,2000,strong,2,40,42,1.0,0.0,walk
1821,36.42,1.0,0.0,0.43162477016448975,0.6283332705497742,0.020112700760364532,0.17585831880569458,0,2000,strong,2,40,42,1.0,0.0,walk
1822,36.44,1.0,0.0,0.4299575090408325,0.6630597114562988,0.03140540048480034,0.24577318131923676,0,2000,strong,2,40,42,1.0,0.0,walk
1823,36.46,1.0,0.0,0.4281327724456787,0.6942309141159058,0.04713356867432594,0.2717738151550293,0,2000,strong,2,40,42,1.0,0.0,walk
1824,36.480000000000004,1.0,0.0,0.42662370204925537,0.7236101031303406,0.0661427453160286,0.25970005989074707,0,2000,strong,2,40,42,1.0,0.0,walk
1825,36.5,1.0,0.0,0.4255012273788452,0.7491137385368347,0.08850256353616714,0.2502139210700989,0,2000,strong,2,40,42,1.0,0.0,walk
1826,36.52,1.0,0.0,0.42458271980285645,0.7689362168312073,0.11457815766334534,0.21161028742790222,0,2000,strong,2,40,42,1.0,0.0,walk
1827,36.54,1.0,0.0,0.42391157150268555,0.784268856048584,0.14299429953098297,0.12764550745487213,0,2000,strong,2,40,42,1.0,0.0,walk
1828,36.56,1.0,0.0,0.42370784282684326,0.7958308458328247,0.17350512742996216,-0.009505093097686768,0,2000,strong,2,40,42,1.0,0.0,walk
1829,36.58,1.0,0.0,0.4248692989349365,0.8076476454734802,0.20230859518051147,-0.1704201102256775,0,2000,strong,2,40,42,1.0,0.0,walk
1830,36.6,1.0,0.0,0.427204966545105,0.7772138118743896,0.197665736079216,-0.30443963408470154,0,2000,strong,2,40,42,1.0,0.0,walk
1831,36.62,1.0,0.0,0.43098342418670654,0.7265386581420898,0.12771840393543243,-0.5114119052886963,0,2000,strong,2,40,42,1.0,0.0,walk
1832,36.64,1.0,0.0,0.43623054027557373,0.6918182373046875,0.08013950288295746,-0.293009877204895,0,2000,strong,2,40,42,1.0,0.0,walk
1833,36.660000000000004,1.0,0.0,0.43832457065582275,0.6466896533966064,0.05242755264043808,0.34081393480300903,0,2000,strong,2,40,42,1.0,0.0,walk
1834,36.68,1.0,0.0,0.4350484609603882,0.6183304190635681,0.036550965160131454,0.7556314468383789,0,2000,strong,2,40,42,1.0,0.0,walk
1835,36.7,1.0,0.0,0.4292565584182739,0.6134625673294067,0.009646118618547916,0.7903494238853455,0,2000,strong,2,40,42,1.0,0.0,walk
1836,36.72,1.0,0.0,0.42543137073516846,0.6019758582115173,-0.017382800579071045,0.509986400604248,0,2000,strong,2,40,42,1.0,0.0,walk
1837,36.74,1.0,0.0,0.4235116243362427,0.6008179783821106,-0.03755899891257286,0.3008372485637665,0,2000,strong,2,40,42,1.0,0.0,walk
1838,36.76,1.0,0.0,0.4232311248779297,0.5957677364349365,-0.05372877046465874,0.12328662723302841,0,2000,strong,2,40,42,1.0,0.0,walk
1839,36.78,1.0,0.0,0.4236642122268677,0.5895975828170776,-0.06530974805355072,0.05057616904377937,0,2000,strong,2,40,42,1.0,0.0,walk
1840,36.800000000000004,1.0,0.0,0.4247748851776123,0.5787776708602905,-0.08896926790475845,0.0036543456371873617,0,2000,strong,2,40,42,1.0,0.0,walk
1841,36.82,1.0,0.0,0.42687082290649414,0.581933319568634,-0.11010419577360153,-0.1651955097913742,0,2000,strong,2,40,42,1.0,0.0,walk
1842,36.84,1.0,0.0,0.4298924207687378,0.5995425581932068,-0.12542380392551422,-0.2862313687801361,0,2000,strong,2,40,42,1.0,0.0,walk
1843,36.86,1.0,0.0,0.43249762058258057,0.6183061003684998,-0.13643090426921844,-0.21726447343826294,0,2000,strong,2,40,42,1.0,0.0,walk
1844,36.88,1.0,0.0,0.4339667558670044,0.644296407699585,-0.14805671572685242,-0.16541266441345215,0,2000,strong,2,40,42,1.0,0.0,walk
1845,36.9,1.0,0.0,0.43495047092437744,0.6720147728919983,-0.1661507934331894,-0.18525609374046326,0,2000,strong,2,40,42,1.0,0.0,walk
1846,36.92,1.0,0.0,0.43496668338775635,0.7035617828369141,-0.1867358386516571,-0.09726820886135101,0,2000,strong,2,40,42,1.0,0.0,walk
1847,36.94,1.0,0.0,0.4337197542190552,0.7333737015724182,-0.21625067293643951,-0.004984492436051369,0,2000,strong,2,40,42,1.0,0.0,walk
1848,36.96,1.0,0.0,0.43116533756256104,0.7570051550865173,-0.25151675939559937,0.13384035229682922,0,2000,strong,2,40,42,1.0,0.0,walk
1849,36.980000000000004,1.0,0.0,0.4275040626525879,0.7706733345985413,-0.29131707549095154,0.2861868143081665,0,2000,strong,2,40,42,1.0,0.0,walk
1850,37.0,1.0,0.0,0.4232276678085327,0.7794200778007507,-0.33384227752685547,0.37817615270614624,0,2000,strong,2,40,42,1.0,0.0,walk
1851,37.02,1.0,0.0,0.4183539152145386,0.7898736000061035,-0.3724917471408844,0.40349385142326355,0,2000,strong,2,40,42,1.0,0.0,walk
1852,37.04,1.0,0.0,0.41595888137817383,0.7156241536140442,-0.2944418787956238,0.367345929145813,0,2000,strong,2,40,42,1.0,0.0,walk
1853,37.06,1.0,0.0,0.40927207469940186,0.6794142127037048,-0.24066095054149628,0.6287017464637756,0,2000,strong,2,40,42,1.0,0.0,walk
1854,37.08,1.0,0.0,0.40240752696990967,0.6437855362892151,-0.21225692331790924,0.3386683762073517,0,2000,strong,2,40,42,1.0,0.0,walk
1855,37.1,1.0,0.0,0.3994333744049072,0.6164511442184448,-0.18612337112426758,-0.13595463335514069,0,2000,strong,2,40,42,1.0,0.0,walk
1856,37.12,1.0,0.0,0.3998986482620239,0.5934296250343323,-0.15107056498527527,-0.3601875901222229,0,2000,strong,2,40,42,1.0,0.0,walk
1857,37.14,1.0,0.0,0.4006763696670532,0.5765390992164612,-0.11759404838085175,-0.23060841858386993,0,2000,strong,2,40,42,1.0,0.0,walk
1858,37.160000000000004,1.0,0.0,0.40019547939300537,0.5659298300743103,-0.08734086155891418,-0.0577225461602211,0,2000,strong,2,40,42,1.0,0.0,walk
1859,37.18,1.0,0.0,0.3987346887588501,0.5612192749977112,-0.06502816081047058,0.015228197909891605,0,2000,strong,2,40,42,1.0,0.0,walk
1860,37.2,1.0,0.0,0.39694416522979736,0.5615285038948059,-0.04413748160004616,0.07706776261329651,0,2000,strong,2,40,42,1.0,0.0,walk
1861,37.22,1.0,0.0,0.3948761224746704,0.5685913562774658,-0.02104935236275196,0.10226486623287201,0,2000,strong,2,40,42,1.0,0.0,walk
1862,37.24,1.0,0.0,0.3932589292526245,0.5787351727485657,-0.002681957557797432,0.0770258679986,0,2000,strong,2,40,42,1.0,0.0,walk
1863,37.26,1.0,0.0,0.391709566116333,0.5994693040847778,0.01274520717561245,0.14561495184898376,0,2000,strong,2,40,42,1.0,0.0,walk
1864,37.28,1.0,0.0,0.3902714252471924,0.6306626796722412,0.023425186052918434,0.19657105207443237,0,2000,strong,2,40,42,1.0,0.0,walk
1865,37.300000000000004,1.0,0.0,0.3885403871536255,0.6613892912864685,0.03666716441512108,0.27250561118125916,0,2000,strong,2,40,42,1.0,0.0,walk
1866,37.32,1.0,0.0,0.38667333126068115,0.6880331635475159,0.05509965121746063,0.2775515913963318,0,2000,strong,2,40,42,1.0,0.0,walk
1867,37.34,1.0,0.0,0.3851882219314575,0.714751660823822,0.07489480078220367,0.27114182710647583,0,2000,strong,2,40,42,1.0,0.0,walk
1868,37.36,1.0,0.0,0.3840564489364624,0.7374622821807861,0.09827791154384613,0.24481208622455597,0,2000,strong,2,40,42,1.0,0.0,walk
1869,37.38,1.0,0.0,0.3831580877304077,0.7560047507286072,0.12511830031871796,0.18977992236614227,0,2000,strong,2,40,42,1.0,0.0,walk
1870,37.4,1.0,0.0,0.38249433040618896,0.7700563669204712,0.1546720415353775,0.09349415451288223,0,2000,strong,2,40,42,1.0,0.0,walk
1871,37.42,1.0,0.0,0.38279974460601807,0.7837448716163635,0.1852537840604782,-0.08896569162607193,0,2000,strong,2,40,42,1.0,0.0,walk
1872,37.44,1.0,0.0,0.38489866256713867,0.7959607839584351,0.21084347367286682,-0.3067246079444885,0,2000,strong,2,40,42,1.0,0.0,walk
1873,37.46,1.0,0.0,0.38753724098205566,0.7366564869880676,0.16315215826034546,-0.3000481128692627,0,2000,strong,2,40,42,1.0,0.0,walk
1874,37.480000000000004,1.0,0.0,0.3923158645629883,0.6961706876754761,0.11122766137123108,-0.4745214879512787,0,2000,strong,2,40,42,1.0,0.0,walk
1875,37.5,1.0,0.0,0.3963102102279663,0.6648265719413757,0.07221996039152145,-0.007468800991773605,0,2000,strong,2,40,42,1.0,0.0,walk
1876,37.52,1.0,0.0,0.39544081687927246,0.632267415523529,0.05136305093765259,0.6412927508354187,0,2000,strong,2,40,42,1.0,0.0,walk
1877,37.54,1.0,0.0,0.3896059989929199,0.605154275894165,0.026367265731096268,1.0131845474243164,0,2000,strong,2,40,42,1.0,0.0,walk
1878,37.56,1.0,0.0,0.38213956356048584,0.6006389856338501,-0.004323877859860659,0.9122030138969421,0,2000,strong,2,40,42,1.0,0.0,walk
1879,37.58,1.0,0.0,0.37693679332733154,0.5998640060424805,-0.02942494861781597,0.6010561585426331,0,2000,strong,2,40,42,1.0,0.0,walk
1880,37.6,1.0,0.0,0.3741060495376587,0.5969342589378357,-0.04660044237971306,0.3406287431716919,0,2000,strong,2,40,42,1.0,0.0,walk
1881,37.62,1.0,0.0,0.37364089488983154,0.5961580872535706,-0.06117616221308708,0.08712802827358246,0,2000,strong,2,40,42,1.0,0.0,walk
1882,37.64,1.0,0.0,0.3746364116668701,0.5909216403961182,-0.07504144310951233,-0.04677361622452736,0,2000,strong,2,40,42,1.0,0.0,walk
1883,37.660000000000004,1.0,0.0,0.3771238327026367,0.5831112265586853,-0.09795650094747543,-0.1703459620475769,0,2000,strong,2,40,42,1.0,0.0,walk
1884,37.68,1.0,0.0,0.38041603565216064,0.5922834277153015,-0.11476253718137741,-0.298122376203537,0,2000,strong,2,40,42,1.0,0.0,walk
1885,37.7,1.0,0.0,0.38409531116485596,0.6109750866889954,-0.12989158928394318,-0.33111459016799927,0,2000,strong,2,40,42,1.0,0.0,walk
1886,37.72,1.0,0.0,0.38695573806762695,0.6351042985916138,-0.14095455408096313,-0.262518972158432,0,2000,strong,2,40,42,1.0,0.0,walk
1887,37.74,1.0,0.0,0.3887060880661011,0.6649553775787354,-0.15422530472278595,-0.2118467390537262,0,2000,strong,2,40,42,1.0,0.0,walk
1888,37.76,1.0,0.0,0.3898977041244507,0.6969563961029053,-0.17396190762519836,-0.20490778982639313,0,2000,strong,2,40,42,1.0,0.0,walk
1889,37.78,1.0,0.0,0.38979291915893555,0.730258047580719,-0.19650790095329285,-0.0825064405798912,0,2000,strong,2,40,42,1.0,0.0,walk
1890,37.800000000000004,1.0,0.0,0.3882344961166382,0.7598752975463867,-0.2284284085035324,0.03061331808567047,0,2000,strong,2,40,42,1.0,0.0,walk
1891,37.82,1.0,0.0,0.38539016246795654,0.780154824256897,-0.2655337452888489,0.18063676357269287,0,2000,strong,2,40,42,1.0,0.0,walk
1892,37.84,1.0,0.0,0.3816760778427124,0.7909055948257446,-0.30615583062171936,0.31127697229385376,0,2000,strong,2,40,42,1.0,0.0,walk
1893,37.86,1.0,0.0,0.3771587610244751,0.8008157014846802,-0.3479636311531067,0.41181331872940063,0,2000,strong,2,40,42,1.0,0.0,walk
1894,37.88,1.0,0.0,0.3738288879394531,0.7430953979492188,-0.3231203854084015,0.005585346836596727,0,2000,strong,2,40,42,1.0,0.0,walk
1895,37.9,1.0,0.0,0.36944258213043213,0.7068849802017212,-0.25419706106185913,0.5868107080459595,0,2000,strong,2,40,42,1.0,0.0,walk
1896,37.92,1.0,0.0,0.36193954944610596,0.6731263399124146,-0.21005713939666748,0.5454742908477783,0,2000,strong,2,40,42,1.0,0.0,walk
1897,37.94,1.0,0.0,0.3574303388595581,0.642966628074646,-0.18912047147750854,-0.024729110300540924,0,2000,strong,2,40,42,1.0,0.0,walk
1898,37.96,1.0,0.0,0.3573331832885742,0.6215720176696777,-0.15649741888046265,-0.3291439116001129,0,2000,strong,2,40,42,1.0,0.0,walk
1899,37.980000000000004,1.0,0.0,0.35877883434295654,0.5998051166534424,-0.12069994956254959,-0.37848761677742004,0,2000,strong,2,40,42,1.0,0.0,walk
1900,38.0,1.0,0.0,0.35924971103668213,0.5831778049468994,-0.08681320399045944,-0.1573130339384079,0,2000,strong,2,40,42,1.0,0.0,walk
1901,38.02,1.0,0.0,0.3581901788711548,0.5713918209075928,-0.059569403529167175,0.002276411047205329,0,2000,strong,2,40,42,1.0,0.0,walk
1902,38.04,1.0,0.0,0.3561885356903076,0.5700164437294006,-0.040055789053440094,0.0907650887966156,0,2000,strong,2,40,42,1.0,0.0,walk
1903,38.06,1.0,0.0,0.3539353609085083,0.5710873603820801,-0.01951194927096367,0.12255588918924332,0,2000,strong,2,40,42,1.0,0.0,walk
1904,38.08,1.0,0.0,0.3518732786178589,0.5778626799583435,0.002240636618807912,0.10856585204601288,0,2000,strong,2,40,42,1.0,0.0,walk
1905,38.1,1.0,0.0,0.3501023054122925,0.5899559855461121,0.02103271707892418,0.10427279770374298,0,2000,strong,2,40,42,1.0,0.0,walk
1906,38.12,1.0,0.0,0.3486415147781372,0.6164510250091553,0.03403760492801666,0.1607847362756729,0,2000,strong,2,40,42,1.0,0.0,walk
1907,38.14,1.0,0.0,0.34709012508392334,0.651359498500824,0.04491940140724182,0.23939217627048492,0,2000,strong,2,40,42,1.0,0.0,walk
1908,38.160000000000004,1.0,0.0,0.3452821969985962,0.6827773451805115,0.0613141767680645,0.27168434858322144,0,2000,strong,2,40,42,1.0,0.0,walk
1909,38.18,1.0,0.0,0.34388434886932373,0.7123215198516846,0.08067277073860168,0.24026386439800262,0,2000,strong,2,40,42,1.0,0.0,walk
1910,38.2,1.0,0.0,0.34300434589385986,0.7381869554519653,0.10395587980747223,0.22064164280891418,0,2000,strong,2,40,42,1.0,0.0,walk
1911,38.22,1.0,0.0,0.34235846996307373,0.7585157752037048,0.13103026151657104,0.18360073864459991,0,2000,strong,2,40,42,1.0,0.0,walk
1912,38.24,1.0,0.0,0.3419058322906494,0.7747655510902405,0.1605088859796524,0.11037976294755936,0,2000,strong,2,40,42,1.0,0.0,walk
1913,38.26,1.0,0.0,0.34182000160217285,0.7872074246406555,0.1921122670173645,-0.019815649837255478,0,2000,strong,2,40,42,1.0,0.0,walk
1914,38.28,1.0,0.0,0.34310483932495117,0.799778938293457,0.22182676196098328,-0.18504942953586578,0,2000,strong,2,40,42,1.0,0.0,walk
1915,38.300000000000004,1.0,0.0,0.34558701515197754,0.7696713805198669,0.21642820537090302,-0.3195721209049225,0,2000,strong,2,40,42,1.0,0.0,walk
1916,38.32,1.0,0.0,0.3493826389312744,0.7171157002449036,0.14303633570671082,-0.5093974471092224,0,2000,strong,2,40,42,1.0,0.0,walk
1917,38.34,1.0,0.0,0.35467076301574707,0.6815196871757507,0.09504414349794388,-0.3048402667045593,0,2000,strong,2,40,42,1.0,0.0,walk
1918,38.36,1.0,0.0,0.35681378841400146,0.6387011408805847,0.06654887646436691,0.3083534836769104,0,2000,strong,2,40,42,1.0,0.0,walk
1919,38.38,1.0,0.0,0.3531360626220703,0.6100077033042908,0.04757656902074814,0.8781210780143738,0,2000,strong,2,40,42,1.0,0.0,walk
1920,38.4,1.0,0.0,0.34597957134246826,0.6062048673629761,0.019863320514559746,0.9240251779556274,0,2000,strong,2,40,42,1.0,0.0,walk
1921,38.42,1.0,0.0,0.3408658504486084,0.5939711928367615,-0.009736932814121246,0.62699294090271,0,2000,strong,2,40,42,1.0,0.0,walk
1922,38.44,1.0,0.0,0.33798420429229736,0.592285692691803,-0.029537148773670197,0.3742041289806366,0,2000,strong,2,40,42,1.0,0.0,walk
1923,38.46,1.0,0.0,0.337186336517334,0.5860986709594727,-0.04597805440425873,0.15760402381420135,0,2000,strong,2,40,42,1.0,0.0,walk
1924,38.480000000000004,1.0,0.0,0.3374253511428833,0.578027069568634,-0.05832355469465256,0.059898484498262405,0,2000,strong,2,40,42,1.0,0.0,walk
1925,38.5,1.0,0.0,0.3387340307235718,0.5657946467399597,-0.08158955723047256,-0.02695036679506302,0,2000,strong,2,40,42,1.0,0.0,walk
1926,38.52,1.0,0.0,0.3410681486129761,0.56633061170578,-0.10231579840183258,-0.18230319023132324,0,2000,strong,2,40,42,1.0,0.0,walk
1927,38.54,1.0,0.0,0.34435200691223145,0.5826135873794556,-0.1176052987575531,-0.3127163052558899,0,2000,strong,2,40,42,1.0,0.0,walk
1928,38.56,1.0,0.0,0.34736573696136475,0.6020588278770447,-0.12822841107845306,-0.2626497745513916,0,2000,strong,2,40,42,1.0,0.0,walk
1929,38.58,1.0,0.0,0.34927117824554443,0.6275404691696167,-0.1386425495147705,-0.2060149610042572,0,2000,strong,2,40,42,1.0,0.0,walk
1930,38.6,1.0,0.0,0.3506585359573364,0.6546940207481384,-0.15600982308387756,-0.21504491567611694,0,2000,strong,2,40,42,1.0,0.0,walk
1931,38.62,1.0,0.0,0.351151704788208,0.6848774552345276,-0.17586606740951538,-0.14078520238399506,0,2000,strong,2,40,42,1.0,0.0,walk
1932,38.64,1.0,0.0,0.35021960735321045,0.7148947715759277,-0.20250067114830017,-0.03004547581076622,0,2000,strong,2,40,42,1.0,0.0,walk
1933,38.660000000000004,1.0,0.0,0.3479503393173218,0.7379509210586548,-0.23675327003002167,0.09950586408376694,0,2000,strong,2,40,42,1.0,0.0,walk
1934,38.68,1.0,0.0,0.3446950912475586,0.7515832781791687,-0.27598774433135986,0.23666547238826752,0,2000,strong,2,40,42,1.0,0.0,walk
1935,38.7,1.0,0.0,0.3409113883972168,0.75970458984375,-0.31695815920829773,0.32745811343193054,0,2000,strong,2,40,42,1.0,0.0,walk
1936,38.72,1.0,0.0,0.33645927906036377,0.7694268226623535,-0.3565141260623932,0.36943161487579346,0,2000,strong,2,40,42,1.0,0.0,walk
1937,38.74,1.0,0.0,0.3342229127883911,0.7077246308326721,-0.2936426103115082,0.3087948262691498,0,2000,strong,2,40,42,1.0,0.0,walk
1938,38.76,1.0,0.0,0.3279815912246704,0.67050701379776,-0.23822467029094696,0.6325031518936157,0,2000,strong,2,40,42,1.0,0.0,walk
1939,38.78,1.0,0.0,0.3207763433456421,0.6372007727622986,-0.2074909210205078,0.4057319760322571,0,2000,strong,2,40,42,1.0,0.0,walk
1940,38.800000000000004,1.0,0.0,0.3171504735946655,0.6110768914222717,-0.1812514066696167,-0.07282669842243195,0,2000,strong,2,40,42,1.0,0.0,walk
1941,38.82,1.0,0.0,0.3172571659088135,0.5883030891418457,-0.1524268537759781,-0.34455958008766174,0,2000,strong,2,40,42,1.0,0.0,walk
1942,38.84,1.0,0.0,0.3181542158126831,0.5705409049987793,-0.11645855754613876,-0.2650022506713867,0,2000,strong,2,40,42,1.0,0.0,walk
1943,38.86,1.0,0.0,0.31795549392700195,0.5601518750190735,-0.08568178862333298,-0.08847777545452118,0,2000,strong,2,40,42,1.0,0.0,walk
1944,38.88,1.0,0.0,0.3166649341583252,0.5563714504241943,-0.0640675351023674,0.006887682247906923,0,2000,strong,2,40,42,1.0,0.0,walk
1945,38.9,1.0,0.0,0.3149585723876953,0.5562472939491272,-0.04141112044453621,0.0686056986451149,0,2000,strong,2,40,42,1.0,0.0,walk
1946,38.92,1.0,0.0,0.3130991458892822,0.565075159072876,-0.018664030358195305,0.07834763079881668,0,2000,strong,2,40,42,1.0,0.0,walk
1947,38.94,1.0,0.0,0.3116997480392456,0.5749350786209106,0.00033476902171969414,0.05349055305123329,0,2000,strong,2,40,42,1.0,0.0,walk
1948,38.96,1.0,0.0,0.3103374242782593,0.5943053960800171,0.016802655532956123,0.11803139001131058,0,2000,strong,2,40,42,1.0,0.0,walk
1949,38.980000000000004,1.0,0.0,0.30924391746520996,0.6242778301239014,0.027271633967757225,0.15813443064689636,0,2000,strong,2,40,42,1.0,0.0,walk
1950,39.0,1.0,0.0,0.3077167272567749,0.6537044644355774,0.04190146178007126,0.2507687211036682,0,2000,strong,2,40,42,1.0,0.0,walk
1951,39.02,1.0,0.0,0.3059886693954468,0.6805403232574463,0.0597897544503212,0.2631582021713257,0,2000,strong,2,40,42,1.0,0.0,walk
1952,39.04,1.0,0.0,0.30474698543548584,0.707242488861084,0.07903411239385605,0.23916161060333252,0,2000,strong,2,40,42,1.0,0.0,walk
1953,39.06,1.0,0.0,0.30392611026763916,0.7300834059715271,0.10271480679512024,0.2127467393875122,0,2000,strong,2,40,42,1.0,0.0,walk
1954,39.08,1.0,0.0,0.303356409072876,0.7490431070327759,0.12965039908885956,0.16626594960689545,0,2000,strong,2,40,42,1.0,0.0,walk
1955,39.1,1.0,0.0,0.30292296409606934,0.7631720900535583,0.1590975672006607,0.08662642538547516,0,2000,strong,2,40,42,1.0,0.0,walk
1956,39.12,1.0,0.0,0.30317413806915283,0.7768419981002808,0.18987666070461273,-0.06638719141483307,0,2000,strong,2,40,42,1.0,0.0,walk
1957,39.14,1.0,0.0,0.30495893955230713,0.7894103527069092,0.21557727456092834,-0.25916779041290283,0,2000,strong,2,40,42,1.0,0.0,walk
1958,39.160000000000004,1.0,0.0,0.30741679668426514,0.7312825322151184,0.16714119911193848,-0.2461887001991272,0,2000,strong,2,40,42,1.0,0.0,walk
1959,39.18,1.0,0.0,0.31213974952697754,0.6926425099372864,0.11498822271823883,-0.4747326672077179,0,2000,strong,2,40,42,1.0,0.0,walk
1960,39.2,1.0,0.0,0.31643474102020264,0.6619700193405151,0.07561750710010529,-0.042936380952596664,0,2000,strong,2,40,42,1.0,0.0,walk
1961,39.22,1.0,0.0,0.31602776050567627,0.6300543546676636,0.059061113744974136,0.5936743021011353,0,2000,strong,2,40,42,1.0,0.0,walk
1962,39.24,1.0,0.0,0.3110206127166748,0.6037371158599854,0.03201983496546745,0.9289380311965942,0,2000,strong,2,40,42,1.0,0.0,walk
1963,39.26,1.0,0.0,0.30433762073516846,0.5989161133766174,0.0012319704983383417,0.8365494012832642,0,2000,strong,2,40,42,1.0,0.0,walk
1964,39.28,1.0,0.0,0.29988205432891846,0.599911093711853,-0.021989377215504646,0.5230979919433594,0,2000,strong,2,40,42,1.0,0.0,walk
1965,39.300000000000004,1.0,0.0,0.297701358795166,0.5944538116455078,-0.041656430810689926,0.28733986616134644,0,2000,strong,2,40,42,1.0,0.0,walk
1966,39.32,1.0,0.0,0.2978605031967163,0.5905467867851257,-0.05909058079123497,0.04665602743625641,0,2000,strong,2,40,42,1.0,0.0,walk
1967,39.34,1.0,0.0,0.29897475242614746,0.5915771126747131,-0.07004519551992416,-0.05100058764219284,0,2000,strong,2,40,42,1.0,0.0,walk
1968,39.36,1.0,0.0,0.3014296293258667,0.5837244391441345,-0.09255917370319366,-0.1645798683166504,0,2000,strong,2,40,42,1.0,0.0,walk
1969,39.38,1.0,0.0,0.3047264814376831,0.596390962600708,-0.10896801203489304,-0.30214178562164307,0,2000,strong,2,40,42,1.0,0.0,walk
1970,39.4,1.0,0.0,0.30842721462249756,0.6149047613143921,-0.12506923079490662,-0.3397359251976013,0,2000,strong,2,40,42,1.0,0.0,walk
1971,39.42,1.0,0.0,0.31153035163879395,0.6386985182762146,-0.13692177832126617,-0.28606459498405457,0,2000,strong,2,40,42,1.0,0.0,walk
1972,39.44,1.0,0.0,0.3130396604537964,0.6668389439582825,-0.1492065042257309,-0.17054322361946106,0,2000,strong,2,40,42,1.0,0.0,walk
1973,39.46,1.0,0.0,0.3136556148529053,0.6981948614120483,-0.169284388422966,-0.1578749716281891,0,2000,strong,2,40,42,1.0,0.0,walk
1974,39.480000000000004,1.0,0.0,0.31355106830596924,0.7316282987594604,-0.19465847313404083,-0.10962862521409988,0,2000,strong,2,40,42,1.0,0.0,walk
1975,39.5,1.0,0.0,0.312541127204895,0.76239413022995,-0.22614321112632751,-0.03949698060750961,0,2000,strong,2,40,42,1.0,0.0,walk
1976,39.52,1.0,0.0,0.3103677034378052,0.7832909822463989,-0.26242467761039734,0.12330334633588791,0,2000,strong,2,40,42,1.0,0.0,walk
1977,39.54,1.0,0.0,0.30740511417388916,0.7946366667747498,-0.3018939793109894,0.23453591763973236,0,2000,strong,2,40,42,1.0,0.0,walk
1978,39.56,1.0,0.0,0.3035620450973511,0.8032733201980591,-0.3422381579875946,0.35699713230133057,0,2000,strong,2,40,42,1.0,0.0,walk
1979,39.58,1.0,0.0,0.3008066415786743,0.7392498850822449,-0.30612775683403015,0.04101134464144707,0,2000,strong,2,40,42,1.0,0.0,walk
1980,39.6,1.0,0.0,0.29591917991638184,0.7044652104377747,-0.2411668449640274,0.6161532402038574,0,2000,strong,2,40,42,1.0,0.0,walk
1981,39.62,1.0,0.0,0.28851306438446045,0.6707801222801208,-0.19961172342300415,0.5094352960586548,0,2000,strong,2,40,42,1.0,0.0,walk
1982,39.64,1.0,0.0,0.2847888469696045,0.6423162221908569,-0.1795356124639511,-0.1263251155614853,0,2000,strong,2,40,42,1.0,0.0,walk
1983,39.660000000000004,1.0,0.0,0.2856025695800781,0.6212971210479736,-0.14491619169712067,-0.4183571934700012,0,2000,strong,2,40,42,1.0,0.0,walk
1984,39.68,1.0,0.0,0.2877920866012573,0.599616289138794,-0.10790471732616425,-0.4356786012649536,0,2000,strong,2,40,42,1.0,0.0,walk
1985,39.7,1.0,0.0,0.28871357440948486,0.5830590724945068,-0.07434600591659546,-0.19087103009223938,0,2000,strong,2,40,42,1.0,0.0,walk
1986,39.72,1.0,0.0,0.2878556251525879,0.5706384181976318,-0.04752558469772339,-0.010223046876490116,0,2000,strong,2,40,42,1.0,0.0,walk
1987,39.74,1.0,0.0,0.285844087600708,0.5687911510467529,-0.028181634843349457,0.09942993521690369,0,2000,strong,2,40,42,1.0,0.0,walk
1988,39.76,1.0,0.0,0.2834705114364624,0.5694886445999146,-0.007798345293849707,0.13659220933914185,0,2000,strong,2,40,42,1.0,0.0,walk
1989,39.78,1.0,0.0,0.2812544107437134,0.5751643180847168,0.01419898122549057,0.1203547790646553,0,2000,strong,2,40,42,1.0,0.0,walk
1990,39.800000000000004,1.0,0.0,0.2793920040130615,0.5881183743476868,0.032634031027555466,0.10936173796653748,0,2000,strong,2,40,42,1.0,0.0,walk
1991,39.82,1.0,0.0,0.2779728174209595,0.6146048307418823,0.045030124485492706,0.1561802327632904,0,2000,strong,2,40,42,1.0,0.0,walk
1992,39.84,1.0,0.0,0.2765148878097534,0.6494078040122986,0.05660620331764221,0.22518707811832428,0,2000,strong,2,40,42,1.0,0.0,walk
1993,39.86,1.0,0.0,0.2749115228652954,0.6807743906974792,0.07302187383174896,0.247979536652565,0,2000,strong,2,40,42,1.0,0.0,walk
1994,39.88,1.0,0.0,0.2737375497817993,0.7103227376937866,0.09282993525266647,0.21835854649543762,0,2000,strong,2,40,42,1.0,0.0,walk
1995,39.9,1.0,0.0,0.2731199264526367,0.736123263835907,0.11636800318956375,0.1928318440914154,0,2000,strong,2,40,42,1.0,0.0,walk
1996,39.92,1.0,0.0,0.2728217840194702,0.7563246488571167,0.1438630372285843,0.14914071559906006,0,2000,strong,2,40,42,1.0,0.0,walk
1997,39.94,1.0,0.0,0.2727017402648926,0.7726143002510071,0.1741555631160736,0.08256871998310089,0,2000,strong,2,40,42,1.0,0.0,walk
1998,39.96,1.0,0.0,0.2728058099746704,0.7854785919189453,0.20669114589691162,-0.027968281880021095,0,2000,strong,2,40,42,1.0,0.0,walk
1999,39.980000000000004,1.0,0.0,-1.3177984952926636,-0.4408535361289978,0.5005143284797668,-0.3741647005081177,0,2000,strong,2,40,42,1.0,0.0,walk
