step,time_s,vx_cmd,vy_cmd,yaw_cmd,vx_actual,vy_actual,yaw_actual,fell,episode_steps,policy,delay_steps,delay_ms,seed,lin_vel_x,lin_vel_y,task
0,0.0,1.0,0.0,0.207389235496521,0.605076789855957,-0.3565734326839447,-0.44696706533432007,0,2000,comp,0,0,42,1.0,0.0,walk_delay_comp
1,0.02,1.0,0.0,0.22427427768707275,0.5653420090675354,-0.3370479643344879,-2.705486297607422,0,2000,comp,0,0,42,1.0,0.0,walk_delay_comp
2,0.04,1.0,0.0,0.24920761585235596,0.56747967004776,-0.2789286971092224,-1.6669416427612305,0,2000,comp,0,0,42,1.0,0.0,walk_delay_comp
3,0.06,1.0,0.0,0.2599921226501465,0.6044083833694458,-0.24978484213352203,-0.04893067479133606,0,2000,comp,0,0,42,1.0,0.0,walk_delay_comp
4,0.08,1.0,0.0,0.25718629360198975,0.6570160984992981,-0.2735864818096161,0.49022895097732544,0,2000,comp,0,0,42,1.0,0.0,walk_delay_comp
5,0.1,1.0,0.0,0.26108574867248535,0.732369601726532,-0.312021404504776,-0.7127094268798828,0,2000,comp,0,0,42,1.0,0.0,walk_delay_comp
6,0.12,1.0,0.0,0.27130794525146484,0.6974067091941833,-0.3424123227596283,-0.6456061601638794,0,2000,comp,0,0,42,1.0,0.0,walk_delay_comp
7,0.14,1.0,0.0,0.28182828426361084,0.7119204998016357,-0.37181898951530457,-0.7246845364570618,0,2000,comp,0,0,42,1.0,0.0,walk_delay_comp
8,0.16,1.0,0.0,0.2918124198913574,0.7123709917068481,-0.3866627812385559,-0.7578974366188049,0,2000,comp,0,0,42,1.0,0.0,walk_delay_comp
9,0.18,1.0,0.0,0.2993820905685425,0.7408004999160767,-0.41233497858047485,-0.48544055223464966,0,2000,comp,0,0,42,1.0,0.0,walk_delay_comp
10,0.2,1.0,0.0,0.30618977546691895,0.78542160987854,-0.4406340420246124,-0.613420844078064,0,2000,comp,0,0,42,1.0,0.0,walk_delay_comp
11,0.22,1.0,0.0,0.3097938299179077,0.855057954788208,-0.45343509316444397,-0.09020616114139557,0,2000,comp,0,0,42,1.0,0.0,walk_delay_comp
12,0.24,1.0,0.0,0.31238293647766113,0.9092041254043579,-0.4630967378616333,-0.3184528946876526,0,2000,comp,0,0,42,1.0,0.0,walk_delay_comp
13,0.26,1.0,0.0,0.3175084590911865,0.9701259732246399,-0.4881592392921448,-0.6270387172698975,0,2000,comp,0,0,42,1.0,0.0,walk_delay_comp
14,0.28,1.0,0.0,0.3228377103805542,1.0349829196929932,-0.5182393193244934,-0.5496797561645508,0,2000,comp,0,0,42,1.0,0.0,walk_delay_comp
15,0.3,1.0,0.0,0.3228851556777954,1.0793564319610596,-0.5386031866073608,0.09148634970188141,0,2000,comp,0,0,42,1.0,0.0,walk_delay_comp
16,0.32,1.0,0.0,0.31873273849487305,1.1041635274887085,-0.5767144560813904,0.4164825975894928,0,2000,comp,0,0,42,1.0,0.0,walk_delay_comp
17,0.34,1.0,0.0,0.3099786043167114,1.0878350734710693,-0.6292714476585388,0.9048018455505371,0,2000,comp,0,0,42,1.0,0.0,walk_delay_comp
18,0.36,1.0,0.0,0.3036288022994995,0.9526705145835876,-0.5970059633255005,0.5623458623886108,0,2000,comp,0,0,42,1.0,0.0,walk_delay_comp
19,0.38,1.0,0.0,0.2961772680282593,0.8211644291877747,-0.4670960605144501,0.8146792650222778,0,2000,comp,0,0,42,1.0,0.0,walk_delay_comp
20,0.4,1.0,0.0,0.2897214889526367,0.6812637448310852,-0.3220358192920685,0.4850414991378784,0,2000,comp,0,0,42,1.0,0.0,walk_delay_comp
21,0.42,1.0,0.0,0.28915107250213623,0.6134045720100403,-0.24146515130996704,-0.2199297696352005,0,2000,comp,0,0,42,1.0,0.0,walk_delay_comp
22,0.44,1.0,0.0,0.29131972789764404,0.5647056102752686,-0.18562345206737518,-0.25160253047943115,0,2000,comp,0,0,42,1.0,0.0,walk_delay_comp
23,0.46,1.0,0.0,0.2934138774871826,0.5541947484016418,-0.17112311720848083,-0.21311892569065094,0,2000,comp,0,0,42,1.0,0.0,walk_delay_comp
24,0.48,1.0,0.0,0.29537010192871094,0.5779083967208862,-0.178584486246109,-0.19405552744865417,0,2000,comp,0,0,42,1.0,0.0,walk_delay_comp
25,0.5,1.0,0.0,0.2954198122024536,0.5692351460456848,-0.16614869236946106,-0.1076391190290451,0,2000,comp,0,0,42,1.0,0.0,walk_delay_comp
26,0.52,1.0,0.0,0.2960931062698364,0.5692499876022339,-0.14816035330295563,-0.13030757009983063,0,2000,comp,0,0,42,1.0,0.0,walk_delay_comp
27,0.54,1.0,0.0,0.29445791244506836,0.5170595645904541,-0.10051076859235764,0.03654245659708977,0,2000,comp,0,0,42,1.0,0.0,walk_delay_comp
28,0.56,1.0,0.0,0.29072773456573486,0.48008766770362854,-0.05869903042912483,0.2641701102256775,0,2000,comp,0,0,42,1.0,0.0,walk_delay_comp
29,0.58,1.0,0.0,0.2850358486175537,0.4669938385486603,-0.025447217747569084,0.4073331952095032,0,2000,comp,0,0,42,1.0,0.0,walk_delay_comp
30,0.6,1.0,0.0,0.27863848209381104,0.4713379144668579,-0.00018542108591645956,0.4181618094444275,0,2000,comp,0,0,42,1.0,0.0,walk_delay_comp
31,0.62,1.0,0.0,0.2733590602874756,0.48725175857543945,0.0168592631816864,0.30048614740371704,0,2000,comp,0,0,42,1.0,0.0,walk_delay_comp
32,0.64,1.0,0.0,0.2699669599533081,0.5036188960075378,0.032058216631412506,0.15004560351371765,0,2000,comp,0,0,42,1.0,0.0,walk_delay_comp
33,0.66,1.0,0.0,0.26835787296295166,0.5192447304725647,0.048785146325826645,0.02023378573358059,0,2000,comp,0,0,42,1.0,0.0,walk_delay_comp
34,0.68,1.0,0.0,0.2676595449447632,0.5331374406814575,0.0682886466383934,0.002366644563153386,0,2000,comp,0,0,42,1.0,0.0,walk_delay_comp
35,0.7000000000000001,1.0,0.0,0.26705169677734375,0.5491005778312683,0.08875833451747894,0.04527144879102707,0,2000,comp,0,0,42,1.0,0.0,walk_delay_comp
36,0.72,1.0,0.0,0.2660483121871948,0.5672605633735657,0.10811414569616318,0.12888669967651367,0,2000,comp,0,0,42,1.0,0.0,walk_delay_comp
37,0.74,1.0,0.0,0.26479506492614746,0.5890478491783142,0.12542177736759186,0.18418313562870026,0,2000,comp,0,0,42,1.0,0.0,walk_delay_comp
38,0.76,1.0,0.0,0.26378583908081055,0.6105493903160095,0.14362582564353943,0.18544988334178925,0,2000,comp,0,0,42,1.0,0.0,walk_delay_comp
39,0.78,1.0,0.0,0.263424277305603,0.628380537033081,0.16614320874214172,0.17243815958499908,0,2000,comp,0,0,42,1.0,0.0,walk_delay_comp
40,0.8,1.0,0.0,0.2630246877670288,0.6374944448471069,0.19578611850738525,0.20977163314819336,0,2000,comp,0,0,42,1.0,0.0,walk_delay_comp
41,0.8200000000000001,1.0,0.0,0.26185286045074463,0.6434149146080017,0.23015928268432617,0.2744061350822449,0,2000,comp,0,0,42,1.0,0.0,walk_delay_comp
42,0.84,1.0,0.0,0.2595400810241699,0.6426339149475098,0.25450947880744934,0.25241443514823914,0,2000,comp,0,0,42,1.0,0.0,walk_delay_comp
43,0.86,1.0,0.0,0.2578648328781128,0.6151590347290039,0.239785835146904,0.057321369647979736,0,2000,comp,0,0,42,1.0,0.0,walk_delay_comp
44,0.88,1.0,0.0,0.25755465030670166,0.583611249923706,0.17000453174114227,0.00037143664667382836,0,2000,comp,0,0,42,1.0,0.0,walk_delay_comp
45,0.9,1.0,0.0,0.25776422023773193,0.5713023543357849,0.12992320954799652,0.12674619257450104,0,2000,comp,0,0,42,1.0,0.0,walk_delay_comp
46,0.92,1.0,0.0,0.2579648494720459,0.5565240979194641,0.0972658172249794,0.20214149355888367,0,2000,comp,0,0,42,1.0,0.0,walk_delay_comp
47,0.9400000000000001,1.0,0.0,0.2567993402481079,0.5336511731147766,0.07003207504749298,0.4510219395160675,0,2000,comp,0,0,42,1.0,0.0,walk_delay_comp
48,0.96,1.0,0.0,0.254550576210022,0.5196512341499329,0.037585318088531494,0.4686376750469208,0,2000,comp,0,0,42,1.0,0.0,walk_delay_comp
49,0.98,1.0,0.0,0.25247275829315186,0.5162106156349182,0.00946003571152687,0.38259533047676086,0,2000,comp,0,0,42,1.0,0.0,walk_delay_comp
50,1.0,1.0,0.0,0.2510809898376465,0.5299083590507507,-0.015749266371130943,0.25759366154670715,0,2000,comp,0,0,42,1.0,0.0,walk_delay_comp
51,1.02,1.0,0.0,0.25099802017211914,0.5318095088005066,-0.03802379593253136,0.1318652629852295,0,2000,comp,0,0,42,1.0,0.0,walk_delay_comp
52,1.04,1.0,0.0,0.2509869337081909,0.5483754873275757,-0.05608270317316055,0.12362641096115112,0,2000,comp,0,0,42,1.0,0.0,walk_delay_comp
53,1.06,1.0,0.0,0.25126612186431885,0.552567183971405,-0.07779636234045029,0.0742620900273323,0,2000,comp,0,0,42,1.0,0.0,walk_delay_comp
54,1.08,1.0,0.0,0.25136280059814453,0.5695751905441284,-0.0970599427819252,0.06758668273687363,0,2000,comp,0,0,42,1.0,0.0,walk_delay_comp
55,1.1,1.0,0.0,0.2513878345489502,0.5940548181533813,-0.11421722918748856,0.028892410919070244,0,2000,comp,0,0,42,1.0,0.0,walk_delay_comp
56,1.12,1.0,0.0,0.2516145706176758,0.6242068409919739,-0.12987057864665985,-0.0316682793200016,0,2000,comp,0,0,42,1.0,0.0,walk_delay_comp
57,1.1400000000000001,1.0,0.0,0.25238752365112305,0.658974289894104,-0.14555354416370392,-0.12047342956066132,0,2000,comp,0,0,42,1.0,0.0,walk_delay_comp
58,1.16,1.0,0.0,0.25365185737609863,0.6979155540466309,-0.16186602413654327,-0.19413074851036072,0,2000,comp,0,0,42,1.0,0.0,walk_delay_comp
59,1.18,1.0,0.0,0.2549198865890503,0.7384651899337769,-0.1801353394985199,-0.20553183555603027,0,2000,comp,0,0,42,1.0,0.0,walk_delay_comp
60,1.2,1.0,0.0,0.2556030750274658,0.7798328995704651,-0.20174752175807953,-0.1778947114944458,0,2000,comp,0,0,42,1.0,0.0,walk_delay_comp
61,1.22,1.0,0.0,0.2558554410934448,0.8201276659965515,-0.23077993094921112,-0.14281319081783295,0,2000,comp,0,0,42,1.0,0.0,walk_delay_comp
62,1.24,1.0,0.0,0.25569069385528564,0.8588060736656189,-0.2649669051170349,-0.08120658248662949,0,2000,comp,0,0,42,1.0,0.0,walk_delay_comp
63,1.26,1.0,0.0,0.2551916837692261,0.8897562026977539,-0.30354803800582886,-0.007103826384991407,0,2000,comp,0,0,42,1.0,0.0,walk_delay_comp
64,1.28,1.0,0.0,0.25417912006378174,0.9093188643455505,-0.3375667929649353,0.01186137180775404,0,2000,comp,0,0,42,1.0,0.0,walk_delay_comp
65,1.3,1.0,0.0,0.2551621198654175,0.8119223117828369,-0.2576659917831421,0.16881826519966125,0,2000,comp,0,0,42,1.0,0.0,walk_delay_comp
66,1.32,1.0,0.0,0.2516442537307739,0.7627272009849548,-0.19979944825172424,0.33472058176994324,0,2000,comp,0,0,42,1.0,0.0,walk_delay_comp
67,1.34,1.0,0.0,0.24778962135314941,0.7158550024032593,-0.1616315096616745,0.06561282277107239,0,2000,comp,0,0,42,1.0,0.0,walk_delay_comp
68,1.36,1.0,0.0,0.2469191551208496,0.6918100714683533,-0.14408980309963226,-0.21772298216819763,0,2000,comp,0,0,42,1.0,0.0,walk_delay_comp
69,1.3800000000000001,1.0,0.0,0.24737799167633057,0.6620876789093018,-0.11964831501245499,-0.31580814719200134,0,2000,comp,0,0,42,1.0,0.0,walk_delay_comp
70,1.4000000000000001,1.0,0.0,0.24942314624786377,0.6433740258216858,-0.09079492837190628,-0.45641738176345825,0,2000,comp,0,0,42,1.0,0.0,walk_delay_comp
71,1.42,1.0,0.0,0.25102245807647705,0.6258083581924438,-0.057567719370126724,-0.2653546631336212,0,2000,comp,0,0,42,1.0,0.0,walk_delay_comp
72,1.44,1.0,0.0,0.2503056526184082,0.6057578325271606,-0.028241721913218498,-0.06618137657642365,0,2000,comp,0,0,42,1.0,0.0,walk_delay_comp
73,1.46,1.0,0.0,0.2485044002532959,0.6070695519447327,-0.011983713135123253,0.0799449160695076,0,2000,comp,0,0,42,1.0,0.0,walk_delay_comp
74,1.48,1.0,0.0,0.24590027332305908,0.6010557413101196,0.007792035583406687,0.11213482171297073,0,2000,comp,0,0,42,1.0,0.0,walk_delay_comp
75,1.5,1.0,0.0,0.24313795566558838,0.6089392900466919,0.025198064744472504,0.1947697550058365,0,2000,comp,0,0,42,1.0,0.0,walk_delay_comp
76,1.52,1.0,0.0,0.23975062370300293,0.6251932382583618,0.03922373801469803,0.3086531162261963,0,2000,comp,0,0,42,1.0,0.0,walk_delay_comp
77,1.54,1.0,0.0,0.23560857772827148,0.6463183164596558,0.052021220326423645,0.405864953994751,0,2000,comp,0,0,42,1.0,0.0,walk_delay_comp
78,1.56,1.0,0.0,0.23124957084655762,0.668986439704895,0.06477539986371994,0.43068447709083557,0,2000,comp,0,0,42,1.0,0.0,walk_delay_comp
79,1.58,1.0,0.0,0.2271406650543213,0.6925802826881409,0.07980891317129135,0.4239899814128876,0,2000,comp,0,0,42,1.0,0.0,walk_delay_comp
80,1.6,1.0,0.0,0.22351813316345215,0.7181104421615601,0.09677058458328247,0.3873567283153534,0,2000,comp,0,0,42,1.0,0.0,walk_delay_comp
81,1.62,1.0,0.0,0.22080695629119873,0.7469027638435364,0.11466437578201294,0.31949523091316223,0,2000,comp,0,0,42,1.0,0.0,walk_delay_comp
82,1.6400000000000001,1.0,0.0,0.2192678451538086,0.7752364277839661,0.13508428633213043,0.23070454597473145,0,2000,comp,0,0,42,1.0,0.0,walk_delay_comp
83,1.6600000000000001,1.0,0.0,0.21834337711334229,0.800173819065094,0.1606268733739853,0.1864423304796219,0,2000,comp,0,0,42,1.0,0.0,walk_delay_comp
84,1.68,1.0,0.0,0.21726930141448975,0.8245410323143005,0.1883528232574463,0.18889766931533813,0,2000,comp,0,0,42,1.0,0.0,walk_delay_comp
85,1.7,1.0,0.0,0.21589303016662598,0.8415108323097229,0.21773651242256165,0.14896132051944733,0,2000,comp,0,0,42,1.0,0.0,walk_delay_comp
86,1.72,1.0,0.0,0.2149803638458252,0.8516560792922974,0.23398250341415405,0.03451281413435936,0,2000,comp,0,0,42,1.0,0.0,walk_delay_comp
87,1.74,1.0,0.0,0.2148268222808838,0.7913564443588257,0.1804366111755371,0.04345057159662247,0,2000,comp,0,0,42,1.0,0.0,walk_delay_comp
88,1.76,1.0,0.0,0.21604275703430176,0.7510620951652527,0.127017542719841,-0.057338688522577286,0,2000,comp,0,0,42,1.0,0.0,walk_delay_comp
89,1.78,1.0,0.0,0.2182251214981079,0.7214322686195374,0.08376014977693558,0.04014075919985771,0,2000,comp,0,0,42,1.0,0.0,walk_delay_comp
90,1.8,1.0,0.0,0.21946465969085693,0.6916114687919617,0.04976312071084976,0.25092577934265137,0,2000,comp,0,0,42,1.0,0.0,walk_delay_comp
91,1.82,1.0,0.0,0.2200261354446411,0.673271656036377,0.027952492237091064,-0.021124906837940216,0,2000,comp,0,0,42,1.0,0.0,walk_delay_comp
92,1.84,1.0,0.0,0.22233045101165771,0.6595131158828735,0.0005490807234309614,0.0781702771782875,0,2000,comp,0,0,42,1.0,0.0,walk_delay_comp
93,1.86,1.0,0.0,0.22306585311889648,0.6678882241249084,-0.02287268079817295,0.1875670701265335,0,2000,comp,0,0,42,1.0,0.0,walk_delay_comp
94,1.8800000000000001,1.0,0.0,0.22271394729614258,0.6821224093437195,-0.04357322305440903,0.23454482853412628,0,2000,comp,0,0,42,1.0,0.0,walk_delay_comp
95,1.9000000000000001,1.0,0.0,0.22190749645233154,0.692202091217041,-0.06350859254598618,0.20891059935092926,0,2000,comp,0,0,42,1.0,0.0,walk_delay_comp
96,1.92,1.0,0.0,0.22137999534606934,0.7117752432823181,-0.08345749974250793,0.14073388278484344,0,2000,comp,0,0,42,1.0,0.0,walk_delay_comp
97,1.94,1.0,0.0,0.22100603580474854,0.7276601791381836,-0.10220277309417725,0.12056941539049149,0,2000,comp,0,0,42,1.0,0.0,walk_delay_comp
98,1.96,1.0,0.0,0.22038650512695312,0.7506969571113586,-0.11879517883062363,0.10625159740447998,0,2000,comp,0,0,42,1.0,0.0,walk_delay_comp
99,1.98,1.0,0.0,0.22015130519866943,0.7781506180763245,-0.134090855717659,-0.003962114918977022,0,2000,comp,0,0,42,1.0,0.0,walk_delay_comp
100,2.0,1.0,0.0,0.22083008289337158,0.810280442237854,-0.14984142780303955,-0.12144821882247925,0,2000,comp,0,0,42,1.0,0.0,walk_delay_comp
101,2.02,1.0,0.0,0.22238695621490479,0.8485381007194519,-0.1655038595199585,-0.23143218457698822,0,2000,comp,0,0,42,1.0,0.0,walk_delay_comp
102,2.04,1.0,0.0,0.2239288091659546,0.8905673027038574,-0.18109789490699768,-0.2516990005970001,0,2000,comp,0,0,42,1.0,0.0,walk_delay_comp
103,2.06,1.0,0.0,0.224892258644104,0.9323884844779968,-0.2039509266614914,-0.22024570405483246,0,2000,comp,0,0,42,1.0,0.0,walk_delay_comp
104,2.08,1.0,0.0,0.22552978992462158,0.9735837578773499,-0.23403246700763702,-0.1782846301794052,0,2000,comp,0,0,42,1.0,0.0,walk_delay_comp
105,2.1,1.0,0.0,0.22614264488220215,1.0096007585525513,-0.269290030002594,-0.11906373500823975,0,2000,comp,0,0,42,1.0,0.0,walk_delay_comp
106,2.12,1.0,0.0,0.22642242908477783,1.0420297384262085,-0.3068208694458008,-0.034863799810409546,0,2000,comp,0,0,42,1.0,0.0,walk_delay_comp
107,2.14,1.0,0.0,0.22701013088226318,0.9794961810112,-0.27382051944732666,-0.4287251830101013,0,2000,comp,0,0,42,1.0,0.0,walk_delay_comp
108,2.16,1.0,0.0,0.2277616262435913,0.8984369039535522,-0.19323912262916565,0.10901229083538055,0,2000,comp,0,0,42,1.0,0.0,walk_delay_comp
109,2.18,1.0,0.0,0.22558915615081787,0.8333905935287476,-0.14545518159866333,0.03629613667726517,0,2000,comp,0,0,42,1.0,0.0,walk_delay_comp
110,2.2,1.0,0.0,0.2245035171508789,0.7847031354904175,-0.11958900094032288,-0.17856769263744354,0,2000,comp,0,0,42,1.0,0.0,walk_delay_comp
111,2.22,1.0,0.0,0.22502505779266357,0.7471954822540283,-0.09462181478738785,-0.3230617940425873,0,2000,comp,0,0,42,1.0,0.0,walk_delay_comp
112,2.24,1.0,0.0,0.22660505771636963,0.7174487709999084,-0.06822492927312851,-0.3849741816520691,0,2000,comp,0,0,42,1.0,0.0,walk_delay_comp
113,2.2600000000000002,1.0,0.0,0.22793209552764893,0.692712128162384,-0.03745276853442192,-0.29579979181289673,0,2000,comp,0,0,42,1.0,0.0,walk_delay_comp
114,2.2800000000000002,1.0,0.0,0.22794485092163086,0.6684668660163879,-0.006381415296345949,-0.15029624104499817,0,2000,comp,0,0,42,1.0,0.0,walk_delay_comp
115,2.3000000000000003,1.0,0.0,0.22688305377960205,0.6586171984672546,0.016768373548984528,-0.004115360323339701,0,2000,comp,0,0,42,1.0,0.0,walk_delay_comp
116,2.32,1.0,0.0,0.22455191612243652,0.6478602290153503,0.036703623831272125,0.07895766943693161,0,2000,comp,0,0,42,1.0,0.0,walk_delay_comp
117,2.34,1.0,0.0,0.22190582752227783,0.6467952728271484,0.05533989518880844,0.14304673671722412,0,2000,comp,0,0,42,1.0,0.0,walk_delay_comp
118,2.36,1.0,0.0,0.21901464462280273,0.6549229621887207,0.07031520456075668,0.22029753029346466,0,2000,comp,0,0,42,1.0,0.0,walk_delay_comp
119,2.38,1.0,0.0,0.21533453464508057,0.6709107756614685,0.0837884470820427,0.3532855808734894,0,2000,comp,0,0,42,1.0,0.0,walk_delay_comp
120,2.4,1.0,0.0,0.21092963218688965,0.6897838711738586,0.09693153947591782,0.4393310546875,0,2000,comp,0,0,42,1.0,0.0,walk_delay_comp
121,2.42,1.0,0.0,0.20645368099212646,0.7091934680938721,0.1115378886461258,0.4505394995212555,0,2000,comp,0,0,42,1.0,0.0,walk_delay_comp
122,2.44,1.0,0.0,0.20230329036712646,0.7311464548110962,0.12868152558803558,0.4334637224674225,0,2000,comp,0,0,42,1.0,0.0,walk_delay_comp
123,2.46,1.0,0.0,0.19888603687286377,0.7562953233718872,0.1468200385570526,0.3737034797668457,0,2000,comp,0,0,42,1.0,0.0,walk_delay_comp
124,2.48,1.0,0.0,0.19672834873199463,0.7828274965286255,0.16691170632839203,0.2741082012653351,0,2000,comp,0,0,42,1.0,0.0,walk_delay_comp
125,2.5,1.0,0.0,0.19580519199371338,0.8063951134681702,0.19194990396499634,0.18582989275455475,0,2000,comp,0,0,42,1.0,0.0,walk_delay_comp
126,2.52,1.0,0.0,0.1952211856842041,0.8255116939544678,0.22239015996456146,0.16034400463104248,0,2000,comp,0,0,42,1.0,0.0,walk_delay_comp
127,2.54,1.0,0.0,0.19436335563659668,0.8389843106269836,0.25498923659324646,0.1273999661207199,0,2000,comp,0,0,42,1.0,0.0,walk_delay_comp
128,2.56,1.0,0.0,0.1935124397277832,0.8449105620384216,0.283145010471344,0.1099167913198471,0,2000,comp,0,0,42,1.0,0.0,walk_delay_comp
129,2.58,1.0,0.0,0.19330096244812012,0.8116451501846313,0.27185630798339844,0.0795716941356659,0,2000,comp,0,0,42,1.0,0.0,walk_delay_comp
130,2.6,1.0,0.0,0.1936945915222168,0.7561646103858948,0.19517965614795685,-0.09517469257116318,0,2000,comp,0,0,42,1.0,0.0,walk_delay_comp
131,2.62,1.0,0.0,0.19621658325195312,0.7232058644294739,0.1446351855993271,-0.09237432479858398,0,2000,comp,0,0,42,1.0,0.0,walk_delay_comp
132,2.64,1.0,0.0,0.19870209693908691,0.6980681419372559,0.10275359451770782,0.04487103968858719,0,2000,comp,0,0,42,1.0,0.0,walk_delay_comp
133,2.66,1.0,0.0,0.19946753978729248,0.674957275390625,0.07010824978351593,0.31130024790763855,0,2000,comp,0,0,42,1.0,0.0,walk_delay_comp
134,2.68,1.0,0.0,0.19871151447296143,0.6668684482574463,0.040682852268218994,0.36788690090179443,0,2000,comp,0,0,42,1.0,0.0,walk_delay_comp
135,2.7,1.0,0.0,0.1972663402557373,0.6711664199829102,0.016142239794135094,0.3589337170124054,0,2000,comp,0,0,42,1.0,0.0,walk_delay_comp
136,2.72,1.0,0.0,0.19565653800964355,0.6930160522460938,-0.007611989974975586,0.2861021161079407,0,2000,comp,0,0,42,1.0,0.0,walk_delay_comp
137,2.74,1.0,0.0,0.19520831108093262,0.6961303949356079,-0.030182890594005585,0.16682209074497223,0,2000,comp,0,0,42,1.0,0.0,walk_delay_comp
138,2.7600000000000002,1.0,0.0,0.1946423053741455,0.7141119241714478,-0.04841725900769234,0.16549551486968994,0,2000,comp,0,0,42,1.0,0.0,walk_delay_comp
139,2.7800000000000002,1.0,0.0,0.19456911087036133,0.7178168892860413,-0.07020831853151321,0.09434860199689865,0,2000,comp,0,0,42,1.0,0.0,walk_delay_comp
140,2.8000000000000003,1.0,0.0,0.19454622268676758,0.7364482283592224,-0.08627642691135406,0.05565236508846283,0,2000,comp,0,0,42,1.0,0.0,walk_delay_comp
141,2.82,1.0,0.0,0.19474470615386963,0.7608733773231506,-0.10008213669061661,-0.017046505585312843,0,2000,comp,0,0,42,1.0,0.0,walk_delay_comp
142,2.84,1.0,0.0,0.19559335708618164,0.7900843024253845,-0.11389791965484619,-0.12152083963155746,0,2000,comp,0,0,42,1.0,0.0,walk_delay_comp
143,2.86,1.0,0.0,0.1972332000732422,0.8255590200424194,-0.12768402695655823,-0.224443256855011,0,2000,comp,0,0,42,1.0,0.0,walk_delay_comp
144,2.88,1.0,0.0,0.1991211175918579,0.8657523393630981,-0.14073774218559265,-0.27710288763046265,0,2000,comp,0,0,42,1.0,0.0,walk_delay_comp
145,2.9,1.0,0.0,0.20063042640686035,0.9058960676193237,-0.15924149751663208,-0.25889793038368225,0,2000,comp,0,0,42,1.0,0.0,walk_delay_comp
146,2.92,1.0,0.0,0.20161306858062744,0.9465773105621338,-0.18499264121055603,-0.21684479713439941,0,2000,comp,0,0,42,1.0,0.0,walk_delay_comp
147,2.94,1.0,0.0,0.20234811305999756,0.9860399961471558,-0.21549780666828156,-0.1593697965145111,0,2000,comp,0,0,42,1.0,0.0,walk_delay_comp
148,2.96,1.0,0.0,0.2028747797012329,1.0199187994003296,-0.24982692301273346,-0.077957384288311,0,2000,comp,0,0,42,1.0,0.0,walk_delay_comp
149,2.98,1.0,0.0,0.20270395278930664,1.0438287258148193,-0.2793642282485962,-0.020779132843017578,0,2000,comp,0,0,42,1.0,0.0,walk_delay_comp
150,3.0,1.0,0.0,0.20465409755706787,0.9402034878730774,-0.21383517980575562,-0.061288706958293915,0,2000,comp,0,0,42,1.0,0.0,walk_delay_comp
151,3.02,1.0,0.0,0.2026890516281128,0.8796069622039795,-0.15510448813438416,0.2368515133857727,0,2000,comp,0,0,42,1.0,0.0,walk_delay_comp
152,3.04,1.0,0.0,0.1994706392288208,0.8191482424736023,-0.11507109552621841,0.047772087156772614,0,2000,comp,0,0,42,1.0,0.0,walk_delay_comp
153,3.06,1.0,0.0,0.1985015869140625,0.78200763463974,-0.0952826663851738,-0.2159920483827591,0,2000,comp,0,0,42,1.0,0.0,walk_delay_comp
154,3.08,1.0,0.0,0.19863474369049072,0.7466651201248169,-0.07292228192090988,-0.2908935546875,0,2000,comp,0,0,42,1.0,0.0,walk_delay_comp
155,3.1,1.0,0.0,0.20055055618286133,0.7235236167907715,-0.04829692095518112,-0.4644538164138794,0,2000,comp,0,0,42,1.0,0.0,walk_delay_comp
156,3.12,1.0,0.0,0.2023787498474121,0.70245760679245,-0.018406851217150688,-0.31125780940055847,0,2000,comp,0,0,42,1.0,0.0,walk_delay_comp
157,3.14,1.0,0.0,0.2022550106048584,0.6773024201393127,0.010470536537468433,-0.1342005580663681,0,2000,comp,0,0,42,1.0,0.0,walk_delay_comp
158,3.16,1.0,0.0,0.20084154605865479,0.6749976873397827,0.027492402121424675,0.06283751875162125,0,2000,comp,0,0,42,1.0,0.0,walk_delay_comp
159,3.18,1.0,0.0,0.19825422763824463,0.6637974381446838,0.04649508744478226,0.09869381785392761,0,2000,comp,0,0,42,1.0,0.0,walk_delay_comp
160,3.2,1.0,0.0,0.19575989246368408,0.6681365966796875,0.06369166821241379,0.14953181147575378,0,2000,comp,0,0,42,1.0,0.0,walk_delay_comp
161,3.22,1.0,0.0,0.19270646572113037,0.6809933185577393,0.07822982221841812,0.2769770324230194,0,2000,comp,0,0,42,1.0,0.0,walk_delay_comp
162,3.24,1.0,0.0,0.18871569633483887,0.7005027532577515,0.0911225974559784,0.3907431960105896,0,2000,comp,0,0,42,1.0,0.0,walk_delay_comp
163,3.2600000000000002,1.0,0.0,0.18431556224822998,0.7223095297813416,0.1040763333439827,0.43724191188812256,0,2000,comp,0,0,42,1.0,0.0,walk_delay_comp
164,3.2800000000000002,1.0,0.0,0.18022370338439941,0.7450351119041443,0.11942005157470703,0.4144968092441559,0,2000,comp,0,0,42,1.0,0.0,walk_delay_comp
165,3.3000000000000003,1.0,0.0,0.17676186561584473,0.7704048156738281,0.1373770385980606,0.3671492636203766,0,2000,comp,0,0,42,1.0,0.0,walk_delay_comp
166,3.3200000000000003,1.0,0.0,0.17435359954833984,0.7996283769607544,0.1567821353673935,0.2845386862754822,0,2000,comp,0,0,42,1.0,0.0,walk_delay_comp
167,3.34,1.0,0.0,0.17331457138061523,0.8275723457336426,0.1793973445892334,0.1765669733285904,0,2000,comp,0,0,42,1.0,0.0,walk_delay_comp
168,3.36,1.0,0.0,0.1729673147201538,0.8510823249816895,0.20830847322940826,0.12697802484035492,0,2000,comp,0,0,42,1.0,0.0,walk_delay_comp
169,3.38,1.0,0.0,0.1725839376449585,0.8719412088394165,0.2395840883255005,0.10397621989250183,0,2000,comp,0,0,42,1.0,0.0,walk_delay_comp
170,3.4,1.0,0.0,0.17202746868133545,0.8854180574417114,0.2729262113571167,0.063703253865242,0,2000,comp,0,0,42,1.0,0.0,walk_delay_comp
171,3.42,1.0,0.0,0.17190062999725342,0.8925024271011353,0.2902160584926605,-0.04103461280465126,0,2000,comp,0,0,42,1.0,0.0,walk_delay_comp
172,3.44,1.0,0.0,0.17159974575042725,0.8164354562759399,0.22185564041137695,0.023115627467632294,0,2000,comp,0,0,42,1.0,0.0,walk_delay_comp
173,3.46,1.0,0.0,0.17292404174804688,0.7763956189155579,0.16349922120571136,-0.036440409719944,0,2000,comp,0,0,42,1.0,0.0,walk_delay_comp
174,3.48,1.0,0.0,0.17490553855895996,0.7485788464546204,0.11911454051733017,0.07423670589923859,0,2000,comp,0,0,42,1.0,0.0,walk_delay_comp
175,3.5,1.0,0.0,0.17574548721313477,0.7214629054069519,0.08236750960350037,0.2844262421131134,0,2000,comp,0,0,42,1.0,0.0,walk_delay_comp
176,3.52,1.0,0.0,0.1746656894683838,0.7088140845298767,0.05177859961986542,0.42873892188072205,0,2000,comp,0,0,42,1.0,0.0,walk_delay_comp
177,3.54,1.0,0.0,0.17306315898895264,0.7016165852546692,0.023928331211209297,0.3725406527519226,0,2000,comp,0,0,42,1.0,0.0,walk_delay_comp
178,3.56,1.0,0.0,0.1717311143875122,0.70832359790802,-0.0008377375197596848,0.306125670671463,0,2000,comp,0,0,42,1.0,0.0,walk_delay_comp
179,3.58,1.0,0.0,0.17085933685302734,0.7163416743278503,-0.024985086172819138,0.22917814552783966,0,2000,comp,0,0,42,1.0,0.0,walk_delay_comp
180,3.6,1.0,0.0,0.1706935167312622,0.7211871147155762,-0.047298118472099304,0.11265987157821655,0,2000,comp,0,0,42,1.0,0.0,walk_delay_comp
181,3.62,1.0,0.0,0.1712406873703003,0.7375199198722839,-0.06701318174600601,0.032017115503549576,0,2000,comp,0,0,42,1.0,0.0,walk_delay_comp
182,3.64,1.0,0.0,0.17210817337036133,0.7513564229011536,-0.0857662633061409,0.0059182471595704556,0,2000,comp,0,0,42,1.0,0.0,walk_delay_comp
183,3.66,1.0,0.0,0.17282211780548096,0.774206280708313,-0.10144790261983871,-0.03058445267379284,0,2000,comp,0,0,42,1.0,0.0,walk_delay_comp
184,3.68,1.0,0.0,0.17389965057373047,0.8032569289207458,-0.11528756469488144,-0.12058175355195999,0,2000,comp,0,0,42,1.0,0.0,walk_delay_comp
185,3.7,1.0,0.0,0.17568624019622803,0.8376355767250061,-0.12913872301578522,-0.21664994955062866,0,2000,comp,0,0,42,1.0,0.0,walk_delay_comp
186,3.72,1.0,0.0,0.17795443534851074,0.8785128593444824,-0.14319612085819244,-0.28740987181663513,0,2000,comp,0,0,42,1.0,0.0,walk_delay_comp
187,3.74,1.0,0.0,0.1798943281173706,0.9211507439613342,-0.15850737690925598,-0.28080934286117554,0,2000,comp,0,0,42,1.0,0.0,walk_delay_comp
188,3.7600000000000002,1.0,0.0,0.18113088607788086,0.9634239673614502,-0.18123385310173035,-0.23275960981845856,0,2000,comp,0,0,42,1.0,0.0,walk_delay_comp
189,3.7800000000000002,1.0,0.0,0.18185973167419434,1.0049386024475098,-0.20994152128696442,-0.17828422784805298,0,2000,comp,0,0,42,1.0,0.0,walk_delay_comp
190,3.8000000000000003,1.0,0.0,0.18246567249298096,1.0413737297058105,-0.24368566274642944,-0.11269471049308777,0,2000,comp,0,0,42,1.0,0.0,walk_delay_comp
191,3.8200000000000003,1.0,0.0,0.18269574642181396,1.0728017091751099,-0.2804105281829834,-0.029916850849986076,0,2000,comp,0,0,42,1.0,0.0,walk_delay_comp
192,3.84,1.0,0.0,0.18344497680664062,1.0027363300323486,-0.24619430303573608,-0.37826794385910034,0,2000,comp,0,0,42,1.0,0.0,walk_delay_comp
193,3.86,1.0,0.0,0.18395721912384033,0.9212546348571777,-0.16712041199207306,0.10442668199539185,0,2000,comp,0,0,42,1.0,0.0,walk_delay_comp
194,3.88,1.0,0.0,0.18175482749938965,0.8537721037864685,-0.12077128142118454,0.03880425542593002,0,2000,comp,0,0,42,1.0,0.0,walk_delay_comp
195,3.9,1.0,0.0,0.1806086301803589,0.8057963848114014,-0.0950828269124031,-0.17826437950134277,0,2000,comp,0,0,42,1.0,0.0,walk_delay_comp
196,3.92,1.0,0.0,0.1810302734375,0.7653651237487793,-0.0699937492609024,-0.3248963952064514,0,2000,comp,0,0,42,1.0,0.0,walk_delay_comp
197,3.94,1.0,0.0,0.18304145336151123,0.7385639548301697,-0.04548438638448715,-0.43747076392173767,0,2000,comp,0,0,42,1.0,0.0,walk_delay_comp
198,3.96,1.0,0.0,0.1845780611038208,0.7140100002288818,-0.01586681231856346,-0.2970220446586609,0,2000,comp,0,0,42,1.0,0.0,walk_delay_comp
199,3.98,1.0,0.0,0.18453800678253174,0.6901803612709045,0.013336717151105404,-0.1555485874414444,0,2000,comp,0,0,42,1.0,0.0,walk_delay_comp
200,4.0,1.0,0.0,0.18365120887756348,0.6822550892829895,0.03437503054738045,-0.02384866774082184,0,2000,comp,0,0,42,1.0,0.0,walk_delay_comp
201,4.0200000000000005,1.0,0.0,0.18150174617767334,0.6716242432594299,0.0543564110994339,0.0578114315867424,0,2000,comp,0,0,42,1.0,0.0,walk_delay_comp
202,4.04,1.0,0.0,0.17910170555114746,0.6732711791992188,0.07124755531549454,0.12135157734155655,0,2000,comp,0,0,42,1.0,0.0,walk_delay_comp
203,4.0600000000000005,1.0,0.0,0.17630791664123535,0.6833695769309998,0.08570700138807297,0.21990866959095,0,2000,comp,0,0,42,1.0,0.0,walk_delay_comp
204,4.08,1.0,0.0,0.17257952690124512,0.7002450823783875,0.09897617250680923,0.35746219754219055,0,2000,comp,0,0,42,1.0,0.0,walk_delay_comp
205,4.1,1.0,0.0,0.16819977760314941,0.7203990817070007,0.1116134375333786,0.4316162168979645,0,2000,comp,0,0,42,1.0,0.0,walk_delay_comp
206,4.12,1.0,0.0,0.16389822959899902,0.7409880757331848,0.12606872618198395,0.4281404912471771,0,2000,comp,0,0,42,1.0,0.0,walk_delay_comp
207,4.14,1.0,0.0,0.1600722074508667,0.7643929719924927,0.14334194362163544,0.3952331840991974,0,2000,comp,0,0,42,1.0,0.0,walk_delay_comp
208,4.16,1.0,0.0,0.15711486339569092,0.7912634015083313,0.16189934313297272,0.32463163137435913,0,2000,comp,0,0,42,1.0,0.0,walk_delay_comp
209,4.18,1.0,0.0,0.15554893016815186,0.8188451528549194,0.18280839920043945,0.21069343388080597,0,2000,comp,0,0,42,1.0,0.0,walk_delay_comp
210,4.2,1.0,0.0,0.15522325038909912,0.8436358571052551,0.20918327569961548,0.123601034283638,0,2000,comp,0,0,42,1.0,0.0,walk_delay_comp
211,4.22,1.0,0.0,0.15517163276672363,0.8641866445541382,0.2406991869211197,0.09569013863801956,0,2000,comp,0,0,42,1.0,0.0,walk_delay_comp
212,4.24,1.0,0.0,0.1548095941543579,0.8781242370605469,0.27445119619369507,0.06529948115348816,0,2000,comp,0,0,42,1.0,0.0,walk_delay_comp
213,4.26,1.0,0.0,0.154449462890625,0.88465416431427,0.3025263249874115,0.0564388707280159,0,2000,comp,0,0,42,1.0,0.0,walk_delay_comp
214,4.28,1.0,0.0,0.15457367897033691,0.8312277793884277,0.28147023916244507,0.10251578688621521,0,2000,comp,0,0,42,1.0,0.0,walk_delay_comp
215,4.3,1.0,0.0,0.15525805950164795,0.778211772441864,0.20858453214168549,-0.1050715371966362,0,2000,comp,0,0,42,1.0,0.0,walk_delay_comp
216,4.32,1.0,0.0,0.15791022777557373,0.7406063079833984,0.15764805674552917,-0.09408609569072723,0,2000,comp,0,0,42,1.0,0.0,walk_delay_comp
217,4.34,1.0,0.0,0.1603384017944336,0.7092685103416443,0.11419584602117538,0.07318065315485,0,2000,comp,0,0,42,1.0,0.0,walk_delay_comp
218,4.36,1.0,0.0,0.1610013246536255,0.6873928308486938,0.08068717271089554,0.3045857846736908,0,2000,comp,0,0,42,1.0,0.0,walk_delay_comp
219,4.38,1.0,0.0,0.1604710817337036,0.6776750683784485,0.05138678848743439,0.33492448925971985,0,2000,comp,0,0,42,1.0,0.0,walk_delay_comp
220,4.4,1.0,0.0,0.15939760208129883,0.6825082302093506,0.026366250589489937,0.322836697101593,0,2000,comp,0,0,42,1.0,0.0,walk_delay_comp
221,4.42,1.0,0.0,0.15806031227111816,0.6985079050064087,0.002791808685287833,0.2845271825790405,0,2000,comp,0,0,42,1.0,0.0,walk_delay_comp
222,4.44,1.0,0.0,0.15756845474243164,0.7019080519676208,-0.02005285583436489,0.1624799221754074,0,2000,comp,0,0,42,1.0,0.0,walk_delay_comp
223,4.46,1.0,0.0,0.15734708309173584,0.7186015844345093,-0.039066702127456665,0.11680439114570618,0,2000,comp,0,0,42,1.0,0.0,walk_delay_comp
224,4.48,1.0,0.0,0.15778696537017822,0.7242254018783569,-0.05942254140973091,0.0467679463326931,0,2000,comp,0,0,42,1.0,0.0,walk_delay_comp
225,4.5,1.0,0.0,0.15825212001800537,0.7415115237236023,-0.07491957396268845,0.011036851443350315,0,2000,comp,0,0,42,1.0,0.0,walk_delay_comp
226,4.5200000000000005,1.0,0.0,0.15893208980560303,0.7650650143623352,-0.08769792318344116,-0.0645863264799118,0,2000,comp,0,0,42,1.0,0.0,walk_delay_comp
227,4.54,1.0,0.0,0.1602712869644165,0.7930532097816467,-0.10092587769031525,-0.16449151933193207,0,2000,comp,0,0,42,1.0,0.0,walk_delay_comp
228,4.5600000000000005,1.0,0.0,0.1623091697692871,0.8272616267204285,-0.11424396932125092,-0.25602248311042786,0,2000,comp,0,0,42,1.0,0.0,walk_delay_comp
229,4.58,1.0,0.0,0.16454756259918213,0.8670693039894104,-0.12725359201431274,-0.3030160963535309,0,2000,comp,0,0,42,1.0,0.0,walk_delay_comp
230,4.6000000000000005,1.0,0.0,0.166235089302063,0.9064521193504333,-0.1448589563369751,-0.2686436176300049,0,2000,comp,0,0,42,1.0,0.0,walk_delay_comp
231,4.62,1.0,0.0,0.16728413105010986,0.945356547832489,-0.169963076710701,-0.21914346516132355,0,2000,comp,0,0,42,1.0,0.0,walk_delay_comp
232,4.64,1.0,0.0,0.16807162761688232,0.9838874936103821,-0.19995175302028656,-0.16721226274967194,0,2000,comp,0,0,42,1.0,0.0,walk_delay_comp
233,4.66,1.0,0.0,0.1686934232711792,1.017421007156372,-0.2337368130683899,-0.09081561863422394,0,2000,comp,0,0,42,1.0,0.0,walk_delay_comp
234,4.68,1.0,0.0,0.1686699390411377,1.0422863960266113,-0.26403555274009705,-0.04798765107989311,0,2000,comp,0,0,42,1.0,0.0,walk_delay_comp
235,4.7,1.0,0.0,0.17091667652130127,0.9572597742080688,-0.20689290761947632,-0.21587401628494263,0,2000,comp,0,0,42,1.0,0.0,walk_delay_comp
236,4.72,1.0,0.0,0.170235276222229,0.8925141096115112,-0.1480715423822403,0.18030980229377747,0,2000,comp,0,0,42,1.0,0.0,walk_delay_comp
237,4.74,1.0,0.0,0.16699862480163574,0.8267478346824646,-0.1031617671251297,0.09083937853574753,0,2000,comp,0,0,42,1.0,0.0,walk_delay_comp
238,4.76,1.0,0.0,0.16548550128936768,0.7890093326568604,-0.08335789293050766,-0.14194822311401367,0,2000,comp,0,0,42,1.0,0.0,walk_delay_comp
239,4.78,1.0,0.0,0.16465508937835693,0.7498258352279663,-0.061243992298841476,-0.19440427422523499,0,2000,comp,0,0,42,1.0,0.0,walk_delay_comp
240,4.8,1.0,0.0,0.16602563858032227,0.7295956611633301,-0.03972705453634262,-0.4241897463798523,0,2000,comp,0,0,42,1.0,0.0,walk_delay_comp
241,4.82,1.0,0.0,0.16761064529418945,0.7070688605308533,-0.011734018102288246,-0.29140132665634155,0,2000,comp,0,0,42,1.0,0.0,walk_delay_comp
242,4.84,1.0,0.0,0.16714012622833252,0.6804162263870239,0.01650882698595524,-0.11102353036403656,0,2000,comp,0,0,42,1.0,0.0,walk_delay_comp
243,4.86,1.0,0.0,0.1656867265701294,0.6803021430969238,0.031921274960041046,0.05268184840679169,0,2000,comp,0,0,42,1.0,0.0,walk_delay_comp
244,4.88,1.0,0.0,0.16361820697784424,0.6696170568466187,0.05124035105109215,0.03203902766108513,0,2000,comp,0,0,42,1.0,0.0,walk_delay_comp
245,4.9,1.0,0.0,0.16152191162109375,0.6731684803962708,0.06905744224786758,0.1279805600643158,0,2000,comp,0,0,42,1.0,0.0,walk_delay_comp
246,4.92,1.0,0.0,0.15866899490356445,0.6871656775474548,0.0831851214170456,0.2564862072467804,0,2000,comp,0,0,42,1.0,0.0,walk_delay_comp
247,4.94,1.0,0.0,0.15506994724273682,0.7057508826255798,0.09602908790111542,0.34702005982398987,0,2000,comp,0,0,42,1.0,0.0,walk_delay_comp
248,4.96,1.0,0.0,0.15100085735321045,0.7278146147727966,0.10911130905151367,0.4157395660877228,0,2000,comp,0,0,42,1.0,0.0,walk_delay_comp
249,4.98,1.0,0.0,0.14727532863616943,0.7497518658638,0.12385588139295578,0.3770234286785126,0,2000,comp,0,0,42,1.0,0.0,walk_delay_comp
250,5.0,1.0,0.0,0.1441657543182373,0.7742986679077148,0.14233708381652832,0.34003153443336487,0,2000,comp,0,0,42,1.0,0.0,walk_delay_comp
251,5.0200000000000005,1.0,0.0,0.14204370975494385,0.8023743033409119,0.1621972620487213,0.25862112641334534,0,2000,comp,0,0,42,1.0,0.0,walk_delay_comp
252,5.04,1.0,0.0,0.14126372337341309,0.8296066522598267,0.18513688445091248,0.15473151206970215,0,2000,comp,0,0,42,1.0,0.0,walk_delay_comp
253,5.0600000000000005,1.0,0.0,0.14118731021881104,0.8524065017700195,0.21467411518096924,0.09879793971776962,0,2000,comp,0,0,42,1.0,0.0,walk_delay_comp
254,5.08,1.0,0.0,0.1410890817642212,0.8729240298271179,0.2468661516904831,0.0749572366476059,0,2000,comp,0,0,42,1.0,0.0,walk_delay_comp
255,5.1000000000000005,1.0,0.0,0.14079785346984863,0.8863024711608887,0.28071731328964233,0.0414760448038578,0,2000,comp,0,0,42,1.0,0.0,walk_delay_comp
256,5.12,1.0,0.0,0.14083826541900635,0.8931231498718262,0.3000514507293701,-0.03615156561136246,0,2000,comp,0,0,42,1.0,0.0,walk_delay_comp
257,5.14,1.0,0.0,0.14061295986175537,0.8170996308326721,0.23116956651210785,-0.0174446702003479,0,2000,comp,0,0,42,1.0,0.0,walk_delay_comp
258,5.16,1.0,0.0,0.14251267910003662,0.7717118263244629,0.1714506596326828,-0.0947277620434761,0,2000,comp,0,0,42,1.0,0.0,walk_delay_comp
259,5.18,1.0,0.0,0.14520752429962158,0.7394802570343018,0.12632495164871216,0.0008540269918739796,0,2000,comp,0,0,42,1.0,0.0,walk_delay_comp
260,5.2,1.0,0.0,0.14664244651794434,0.7104984521865845,0.08887097984552383,0.22082678973674774,0,2000,comp,0,0,42,1.0,0.0,walk_delay_comp
261,5.22,1.0,0.0,0.14617693424224854,0.6964118480682373,0.05716705322265625,0.36699172854423523,0,2000,comp,0,0,42,1.0,0.0,walk_delay_comp
262,5.24,1.0,0.0,0.14512121677398682,0.6896675229072571,0.030036000534892082,0.3155595064163208,0,2000,comp,0,0,42,1.0,0.0,walk_delay_comp
263,5.26,1.0,0.0,0.1441718339920044,0.6968727111816406,0.005968350451439619,0.26983439922332764,0,2000,comp,0,0,42,1.0,0.0,walk_delay_comp
264,5.28,1.0,0.0,0.14351308345794678,0.7052367329597473,-0.017778992652893066,0.21147525310516357,0,2000,comp,0,0,42,1.0,0.0,walk_delay_comp
265,5.3,1.0,0.0,0.1434340476989746,0.7102066278457642,-0.040118053555488586,0.09982487559318542,0,2000,comp,0,0,42,1.0,0.0,walk_delay_comp
266,5.32,1.0,0.0,0.14402568340301514,0.7269900441169739,-0.05964256823062897,0.019717562943696976,0,2000,comp,0,0,42,1.0,0.0,walk_delay_comp
267,5.34,1.0,0.0,0.1449793577194214,0.7412344813346863,-0.07852349430322647,-0.008548072539269924,0,2000,comp,0,0,42,1.0,0.0,walk_delay_comp
268,5.36,1.0,0.0,0.14578378200531006,0.763251543045044,-0.0940437987446785,-0.04040972515940666,0,2000,comp,0,0,42,1.0,0.0,walk_delay_comp
269,5.38,1.0,0.0,0.1469329595565796,0.7911053895950317,-0.10753105580806732,-0.1298563927412033,0,2000,comp,0,0,42,1.0,0.0,walk_delay_comp
270,5.4,1.0,0.0,0.14875924587249756,0.8238376975059509,-0.12184309959411621,-0.21989314258098602,0,2000,comp,0,0,42,1.0,0.0,walk_delay_comp
271,5.42,1.0,0.0,0.15103089809417725,0.8633717894554138,-0.13575133681297302,-0.2896871268749237,0,2000,comp,0,0,42,1.0,0.0,walk_delay_comp
272,5.44,1.0,0.0,0.15299773216247559,0.9049080610275269,-0.15135541558265686,-0.28857260942459106,0,2000,comp,0,0,42,1.0,0.0,walk_delay_comp
273,5.46,1.0,0.0,0.15432500839233398,0.94566810131073,-0.17367447912693024,-0.24851813912391663,0,2000,comp,0,0,42,1.0,0.0,walk_delay_comp
274,5.48,1.0,0.0,0.15516197681427002,0.9849101305007935,-0.20244871079921722,-0.19225628674030304,0,2000,comp,0,0,42,1.0,0.0,walk_delay_comp
275,5.5,1.0,0.0,0.155892014503479,1.0198315382003784,-0.235957071185112,-0.12537410855293274,0,2000,comp,0,0,42,1.0,0.0,walk_delay_comp
276,5.5200000000000005,1.0,0.0,0.15623247623443604,1.0507367849349976,-0.2718806266784668,-0.042565274983644485,0,2000,comp,0,0,42,1.0,0.0,walk_delay_comp
277,5.54,1.0,0.0,0.15688741207122803,0.9769997596740723,-0.24608246982097626,-0.5026969313621521,0,2000,comp,0,0,42,1.0,0.0,walk_delay_comp
278,5.5600000000000005,1.0,0.0,0.1572967767715454,0.9113677740097046,-0.17170706391334534,0.12627418339252472,0,2000,comp,0,0,42,1.0,0.0,walk_delay_comp
279,5.58,1.0,0.0,0.15494215488433838,0.8468470573425293,-0.12721315026283264,0.049952782690525055,0,2000,comp,0,0,42,1.0,0.0,walk_delay_comp
280,5.6000000000000005,1.0,0.0,0.15382003784179688,0.8013765215873718,-0.10252418369054794,-0.1671445518732071,0,2000,comp,0,0,42,1.0,0.0,walk_delay_comp
281,5.62,1.0,0.0,0.15412473678588867,0.7617899775505066,-0.07673410326242447,-0.3100695013999939,0,2000,comp,0,0,42,1.0,0.0,walk_delay_comp
282,5.64,1.0,0.0,0.1557999849319458,0.7344651818275452,-0.05179914832115173,-0.40060827136039734,0,2000,comp,0,0,42,1.0,0.0,walk_delay_comp
283,5.66,1.0,0.0,0.15693092346191406,0.7113940119743347,-0.023084519430994987,-0.26683446764945984,0,2000,comp,0,0,42,1.0,0.0,walk_delay_comp
284,5.68,1.0,0.0,0.1567697525024414,0.6887972354888916,0.0057915025390684605,-0.14865611493587494,0,2000,comp,0,0,42,1.0,0.0,walk_delay_comp
285,5.7,1.0,0.0,0.1559518575668335,0.6837406754493713,0.025897826999425888,-0.02386074885725975,0,2000,comp,0,0,42,1.0,0.0,walk_delay_comp
286,5.72,1.0,0.0,0.153863787651062,0.6722533702850342,0.04609619826078415,0.04073478654026985,0,2000,comp,0,0,42,1.0,0.0,walk_delay_comp
287,5.74,1.0,0.0,0.1516345739364624,0.6736560463905334,0.06408774852752686,0.10902998596429825,0,2000,comp,0,0,42,1.0,0.0,walk_delay_comp
288,5.76,1.0,0.0,0.1490267515182495,0.68321293592453,0.07843203097581863,0.20258396863937378,0,2000,comp,0,0,42,1.0,0.0,walk_delay_comp
289,5.78,1.0,0.0,0.14543700218200684,0.7005274295806885,0.09104636311531067,0.3458951413631439,0,2000,comp,0,0,42,1.0,0.0,walk_delay_comp
290,5.8,1.0,0.0,0.14122283458709717,0.7207379341125488,0.10287220776081085,0.41547349095344543,0,2000,comp,0,0,42,1.0,0.0,walk_delay_comp
291,5.82,1.0,0.0,0.1371535062789917,0.7410675287246704,0.11668934673070908,0.40539583563804626,0,2000,comp,0,0,42,1.0,0.0,walk_delay_comp
292,5.84,1.0,0.0,0.13358235359191895,0.7642857432365417,0.13362829387187958,0.3735421299934387,0,2000,comp,0,0,42,1.0,0.0,walk_delay_comp
293,5.86,1.0,0.0,0.13089501857757568,0.7908540964126587,0.15206509828567505,0.2987683415412903,0,2000,comp,0,0,42,1.0,0.0,walk_delay_comp
294,5.88,1.0,0.0,0.12961459159851074,0.8187461495399475,0.17316834628582,0.18333114683628082,0,2000,comp,0,0,42,1.0,0.0,walk_delay_comp
295,5.9,1.0,0.0,0.1295560598373413,0.8440749645233154,0.19972452521324158,0.09686983376741409,0,2000,comp,0,0,42,1.0,0.0,walk_delay_comp
296,5.92,1.0,0.0,0.12971317768096924,0.8658117651939392,0.2310747653245926,0.07601451128721237,0,2000,comp,0,0,42,1.0,0.0,walk_delay_comp
297,5.94,1.0,0.0,0.12950825691223145,0.8807119727134705,0.2643568217754364,0.050237685441970825,0,2000,comp,0,0,42,1.0,0.0,walk_delay_comp
298,5.96,1.0,0.0,0.1292811632156372,0.888331949710846,0.2922997772693634,0.04821358621120453,0,2000,comp,0,0,42,1.0,0.0,walk_delay_comp
299,5.98,1.0,0.0,0.1295018196105957,0.8351986408233643,0.2716993987560272,0.06367041170597076,0,2000,comp,0,0,42,1.0,0.0,walk_delay_comp
300,6.0,1.0,0.0,0.13042676448822021,0.7789779901504517,0.19806671142578125,-0.12021743506193161,0,2000,comp,0,0,42,1.0,0.0,walk_delay_comp
301,6.0200000000000005,1.0,0.0,0.1333104372024536,0.7418614029884338,0.1479230672121048,-0.10620547831058502,0,2000,comp,0,0,42,1.0,0.0,walk_delay_comp
302,6.04,1.0,0.0,0.1358400583267212,0.7114853262901306,0.10763294249773026,0.06472773849964142,0,2000,comp,0,0,42,1.0,0.0,walk_delay_comp
303,6.0600000000000005,1.0,0.0,0.1365283727645874,0.6888639330863953,0.07488837838172913,0.3075160086154938,0,2000,comp,0,0,42,1.0,0.0,walk_delay_comp
304,6.08,1.0,0.0,0.13601267337799072,0.6789823174476624,0.04566783457994461,0.33589881658554077,0,2000,comp,0,0,42,1.0,0.0,walk_delay_comp
305,6.1000000000000005,1.0,0.0,0.13498246669769287,0.6833347082138062,0.02055356279015541,0.3188454210758209,0,2000,comp,0,0,42,1.0,0.0,walk_delay_comp
306,6.12,1.0,0.0,0.1337299346923828,0.7001455426216125,-0.0032961806282401085,0.27630752325057983,0,2000,comp,0,0,42,1.0,0.0,walk_delay_comp
307,6.140000000000001,1.0,0.0,0.13330841064453125,0.7042374014854431,-0.025957928970456123,0.1555732786655426,0,2000,comp,0,0,42,1.0,0.0,walk_delay_comp
308,6.16,1.0,0.0,0.13311779499053955,0.7223145961761475,-0.045346248894929886,0.11275970935821533,0,2000,comp,0,0,42,1.0,0.0,walk_delay_comp
309,6.18,1.0,0.0,0.13362479209899902,0.728358268737793,-0.06591427326202393,0.03557102382183075,0,2000,comp,0,0,42,1.0,0.0,walk_delay_comp
310,6.2,1.0,0.0,0.1341402530670166,0.7466996312141418,-0.08196378499269485,0.009337508119642735,0,2000,comp,0,0,42,1.0,0.0,walk_delay_comp
311,6.22,1.0,0.0,0.1348508596420288,0.7704614400863647,-0.09513285011053085,-0.06771605461835861,0,2000,comp,0,0,42,1.0,0.0,walk_delay_comp
312,6.24,1.0,0.0,0.13625144958496094,0.7991160154342651,-0.10839204490184784,-0.17518924176692963,0,2000,comp,0,0,42,1.0,0.0,walk_delay_comp
313,6.26,1.0,0.0,0.13840949535369873,0.8338732123374939,-0.12193077057600021,-0.2695664167404175,0,2000,comp,0,0,42,1.0,0.0,walk_delay_comp
314,6.28,1.0,0.0,0.14078104496002197,0.8741170167922974,-0.13494734466075897,-0.3185460567474365,0,2000,comp,0,0,42,1.0,0.0,walk_delay_comp
315,6.3,1.0,0.0,0.14262735843658447,0.9140337109565735,-0.15255476534366608,-0.28793424367904663,0,2000,comp,0,0,42,1.0,0.0,walk_delay_comp
316,6.32,1.0,0.0,0.1438678503036499,0.9533889293670654,-0.17793335020542145,-0.24166902899742126,0,2000,comp,0,0,42,1.0,0.0,walk_delay_comp
317,6.34,1.0,0.0,0.14490652084350586,0.9913572669029236,-0.20838235318660736,-0.19114325940608978,0,2000,comp,0,0,42,1.0,0.0,walk_delay_comp
318,6.36,1.0,0.0,0.14580965042114258,1.0244927406311035,-0.24245528876781464,-0.11409416049718857,0,2000,comp,0,0,42,1.0,0.0,walk_delay_comp
319,6.38,1.0,0.0,0.14604663848876953,1.0486949682235718,-0.2716268301010132,-0.056933704763650894,0,2000,comp,0,0,42,1.0,0.0,walk_delay_comp
320,6.4,1.0,0.0,0.1482405662536621,0.9551631808280945,-0.20894759893417358,-0.11720503866672516,0,2000,comp,0,0,42,1.0,0.0,walk_delay_comp
321,6.42,1.0,0.0,0.14727473258972168,0.8880457282066345,-0.14928676187992096,0.16185268759727478,0,2000,comp,0,0,42,1.0,0.0,walk_delay_comp
322,6.44,1.0,0.0,0.14452624320983887,0.8250666856765747,-0.10725793987512589,0.01885467953979969,0,2000,comp,0,0,42,1.0,0.0,walk_delay_comp
323,6.46,1.0,0.0,0.14370298385620117,0.787865161895752,-0.08778694272041321,-0.21647663414478302,0,2000,comp,0,0,42,1.0,0.0,walk_delay_comp
324,6.48,1.0,0.0,0.14361655712127686,0.7511560916900635,-0.06675992161035538,-0.2670605778694153,0,2000,comp,0,0,42,1.0,0.0,walk_delay_comp
325,6.5,1.0,0.0,0.14547669887542725,0.7296326756477356,-0.043453335762023926,-0.4628349244594574,0,2000,comp,0,0,42,1.0,0.0,walk_delay_comp
326,6.5200000000000005,1.0,0.0,0.1473177671432495,0.70694500207901,-0.01473294198513031,-0.3192932605743408,0,2000,comp,0,0,42,1.0,0.0,walk_delay_comp
327,6.54,1.0,0.0,0.14702987670898438,0.6804320216178894,0.013215335085988045,-0.11644568294286728,0,2000,comp,0,0,42,1.0,0.0,walk_delay_comp
328,6.5600000000000005,1.0,0.0,0.14550018310546875,0.6792638897895813,0.02887785993516445,0.06005490943789482,0,2000,comp,0,0,42,1.0,0.0,walk_delay_comp
329,6.58,1.0,0.0,0.14316952228546143,0.6684829592704773,0.04836278036236763,0.06272324919700623,0,2000,comp,0,0,42,1.0,0.0,walk_delay_comp
330,6.6000000000000005,1.0,0.0,0.14085042476654053,0.6714646816253662,0.06557289510965347,0.13846823573112488,0,2000,comp,0,0,42,1.0,0.0,walk_delay_comp
331,6.62,1.0,0.0,0.13789570331573486,0.6855576038360596,0.07928716391324997,0.2626327872276306,0,2000,comp,0,0,42,1.0,0.0,walk_delay_comp
332,6.640000000000001,1.0,0.0,0.1341639757156372,0.7050722241401672,0.09189394861459732,0.3571051359176636,0,2000,comp,0,0,42,1.0,0.0,walk_delay_comp
333,6.66,1.0,0.0,0.13011109828948975,0.7263626456260681,0.104941226541996,0.4009097218513489,0,2000,comp,0,0,42,1.0,0.0,walk_delay_comp
334,6.68,1.0,0.0,0.12638556957244873,0.7485697865486145,0.12014194577932358,0.3792596757411957,0,2000,comp,0,0,42,1.0,0.0,walk_delay_comp
335,6.7,1.0,0.0,0.12330591678619385,0.7732759714126587,0.13816867768764496,0.3287203311920166,0,2000,comp,0,0,42,1.0,0.0,walk_delay_comp
336,6.72,1.0,0.0,0.12129569053649902,0.8014085292816162,0.15797287225723267,0.24130693078041077,0,2000,comp,0,0,42,1.0,0.0,walk_delay_comp
337,6.74,1.0,0.0,0.12061643600463867,0.8290703296661377,0.18095886707305908,0.14200341701507568,0,2000,comp,0,0,42,1.0,0.0,walk_delay_comp
338,6.76,1.0,0.0,0.12064981460571289,0.8525218963623047,0.21030378341674805,0.08621682971715927,0,2000,comp,0,0,42,1.0,0.0,walk_delay_comp
339,6.78,1.0,0.0,0.12064754962921143,0.8738347887992859,0.24207383394241333,0.06819403171539307,0,2000,comp,0,0,42,1.0,0.0,walk_delay_comp
340,6.8,1.0,0.0,0.12040460109710693,0.8872632384300232,0.27575650811195374,0.03547590225934982,0,2000,comp,0,0,42,1.0,0.0,walk_delay_comp
341,6.82,1.0,0.0,0.12046122550964355,0.8940882682800293,0.2970430552959442,-0.025251610204577446,0,2000,comp,0,0,42,1.0,0.0,walk_delay_comp
342,6.84,1.0,0.0,0.12045133113861084,0.817813515663147,0.24033115804195404,0.03267412632703781,0,2000,comp,0,0,42,1.0,0.0,walk_delay_comp
343,6.86,1.0,0.0,0.1219015121459961,0.7697833180427551,0.1818827986717224,-0.07529223710298538,0,2000,comp,0,0,42,1.0,0.0,walk_delay_comp
344,6.88,1.0,0.0,0.12430620193481445,0.7389127016067505,0.13486719131469727,0.006271010730415583,0,2000,comp,0,0,42,1.0,0.0,walk_delay_comp
345,6.9,1.0,0.0,0.1257714033126831,0.7102025151252747,0.09673981368541718,0.20188795030117035,0,2000,comp,0,0,42,1.0,0.0,walk_delay_comp
346,6.92,1.0,0.0,0.1255277395248413,0.6972196102142334,0.06573853641748428,0.340385764837265,0,2000,comp,0,0,42,1.0,0.0,walk_delay_comp
347,6.94,1.0,0.0,0.12475728988647461,0.6903799176216125,0.03791700676083565,0.2949715256690979,0,2000,comp,0,0,42,1.0,0.0,walk_delay_comp
348,6.96,1.0,0.0,0.12405359745025635,0.697916567325592,0.013686098158359528,0.25301316380500793,0,2000,comp,0,0,42,1.0,0.0,walk_delay_comp
349,6.98,1.0,0.0,0.12356579303741455,0.7053030133247375,-0.010055364109575748,0.2060098499059677,0,2000,comp,0,0,42,1.0,0.0,walk_delay_comp
350,7.0,1.0,0.0,0.12347924709320068,0.7105768918991089,-0.032238591462373734,0.10782886296510696,0,2000,comp,0,0,42,1.0,0.0,walk_delay_comp
351,7.0200000000000005,1.0,0.0,0.12408089637756348,0.7270361185073853,-0.05212778225541115,0.01607636734843254,0,2000,comp,0,0,42,1.0,0.0,walk_delay_comp
352,7.04,1.0,0.0,0.12512731552124023,0.7411535978317261,-0.07041030377149582,-0.01909817010164261,0,2000,comp,0,0,42,1.0,0.0,walk_delay_comp
353,7.0600000000000005,1.0,0.0,0.12605702877044678,0.7626344561576843,-0.0848570168018341,-0.0512273944914341,0,2000,comp,0,0,42,1.0,0.0,walk_delay_comp
354,7.08,1.0,0.0,0.12728703022003174,0.7891307473182678,-0.09858221560716629,-0.13258878886699677,0,2000,comp,0,0,42,1.0,0.0,walk_delay_comp
355,7.1000000000000005,1.0,0.0,0.12914597988128662,0.8203686475753784,-0.11311034858226776,-0.21854709088802338,0,2000,comp,0,0,42,1.0,0.0,walk_delay_comp
356,7.12,1.0,0.0,0.13152050971984863,0.8586958050727844,-0.12690317630767822,-0.29627126455307007,0,2000,comp,0,0,42,1.0,0.0,walk_delay_comp
357,7.140000000000001,1.0,0.0,0.13365089893341064,0.8995479941368103,-0.1414240449666977,-0.3006029725074768,0,2000,comp,0,0,42,1.0,0.0,walk_delay_comp
358,7.16,1.0,0.0,0.13514173030853271,0.9395253658294678,-0.16300718486309052,-0.2618667185306549,0,2000,comp,0,0,42,1.0,0.0,walk_delay_comp
359,7.18,1.0,0.0,0.1361079216003418,0.9784554839134216,-0.19065628945827484,-0.209207683801651,0,2000,comp,0,0,42,1.0,0.0,walk_delay_comp
360,7.2,1.0,0.0,0.13693225383758545,1.01334547996521,-0.22288157045841217,-0.13679464161396027,0,2000,comp,0,0,42,1.0,0.0,walk_delay_comp
361,7.22,1.0,0.0,0.13738644123077393,1.0443265438079834,-0.2577367424964905,-0.0548970028758049,0,2000,comp,0,0,42,1.0,0.0,walk_delay_comp
362,7.24,1.0,0.0,0.13711154460906982,1.0088081359863281,-0.25512364506721497,-0.5079013109207153,0,2000,comp,0,0,42,1.0,0.0,walk_delay_comp
363,7.26,1.0,0.0,0.13898813724517822,0.9200790524482727,-0.17270565032958984,0.07395830750465393,0,2000,comp,0,0,42,1.0,0.0,walk_delay_comp
364,7.28,1.0,0.0,0.13699007034301758,0.8548578023910522,-0.12268838286399841,0.04609476029872894,0,2000,comp,0,0,42,1.0,0.0,walk_delay_comp
365,7.3,1.0,0.0,0.13598406314849854,0.8071833848953247,-0.09840025007724762,-0.20075306296348572,0,2000,comp,0,0,42,1.0,0.0,walk_delay_comp
366,7.32,1.0,0.0,0.13671433925628662,0.7681446075439453,-0.07295580208301544,-0.3488022983074188,0,2000,comp,0,0,42,1.0,0.0,walk_delay_comp
367,7.34,1.0,0.0,0.13841474056243896,0.7380514740943909,-0.04821816831827164,-0.4000445604324341,0,2000,comp,0,0,42,1.0,0.0,walk_delay_comp
368,7.36,1.0,0.0,0.1399756669998169,0.7163273096084595,-0.020214678719639778,-0.3249576687812805,0,2000,comp,0,0,42,1.0,0.0,walk_delay_comp
369,7.38,1.0,0.0,0.13991141319274902,0.6921447515487671,0.009242052212357521,-0.13934122025966644,0,2000,comp,0,0,42,1.0,0.0,walk_delay_comp
370,7.4,1.0,0.0,0.13913989067077637,0.6882135272026062,0.029689593240618706,-0.045282311737537384,0,2000,comp,0,0,42,1.0,0.0,walk_delay_comp
371,7.42,1.0,0.0,0.13720297813415527,0.6780317425727844,0.05060872435569763,0.03656458109617233,0,2000,comp,0,0,42,1.0,0.0,walk_delay_comp
372,7.44,1.0,0.0,0.13464665412902832,0.6766374111175537,0.06943601369857788,0.14482536911964417,0,2000,comp,0,0,42,1.0,0.0,walk_delay_comp
373,7.46,1.0,0.0,0.13188230991363525,0.6880999207496643,0.08215750753879547,0.20200295746326447,0,2000,comp,0,0,42,1.0,0.0,walk_delay_comp
374,7.48,1.0,0.0,0.12843000888824463,0.705976128578186,0.09449458867311478,0.32406070828437805,0,2000,comp,0,0,42,1.0,0.0,walk_delay_comp
375,7.5,1.0,0.0,0.12435030937194824,0.7267634272575378,0.10657813400030136,0.40362653136253357,0,2000,comp,0,0,42,1.0,0.0,walk_delay_comp
376,7.5200000000000005,1.0,0.0,0.12030243873596191,0.7480714917182922,0.12062887102365494,0.4044453799724579,0,2000,comp,0,0,42,1.0,0.0,walk_delay_comp
377,7.54,1.0,0.0,0.1167682409286499,0.7709093689918518,0.13783296942710876,0.3648005425930023,0,2000,comp,0,0,42,1.0,0.0,walk_delay_comp
378,7.5600000000000005,1.0,0.0,0.11410415172576904,0.79753577709198,0.15650483965873718,0.29503560066223145,0,2000,comp,0,0,42,1.0,0.0,walk_delay_comp
379,7.58,1.0,0.0,0.11277651786804199,0.8258942365646362,0.17743045091629028,0.1888096183538437,0,2000,comp,0,0,42,1.0,0.0,walk_delay_comp
380,7.6000000000000005,1.0,0.0,0.11266636848449707,0.8514468669891357,0.20390236377716064,0.09953369945287704,0,2000,comp,0,0,42,1.0,0.0,walk_delay_comp
381,7.62,1.0,0.0,0.11282682418823242,0.8734118342399597,0.23540931940078735,0.07640179246664047,0,2000,comp,0,0,42,1.0,0.0,walk_delay_comp
382,7.640000000000001,1.0,0.0,0.11266148090362549,0.888312041759491,0.268515020608902,0.04824288561940193,0,2000,comp,0,0,42,1.0,0.0,walk_delay_comp
383,7.66,1.0,0.0,0.11243677139282227,0.8956186175346375,0.29748156666755676,0.05683937668800354,0,2000,comp,0,0,42,1.0,0.0,walk_delay_comp
384,7.68,1.0,0.0,0.11254596710205078,0.8523128628730774,0.28514671325683594,0.09339838474988937,0,2000,comp,0,0,42,1.0,0.0,walk_delay_comp
385,7.7,1.0,0.0,0.11327862739562988,0.788727879524231,0.2041645497083664,-0.1417018324136734,0,2000,comp,0,0,42,1.0,0.0,walk_delay_comp
386,7.72,1.0,0.0,0.1163177490234375,0.749281108379364,0.15048231184482574,-0.12580496072769165,0,2000,comp,0,0,42,1.0,0.0,walk_delay_comp
387,7.74,1.0,0.0,0.11900985240936279,0.7195484042167664,0.10916686058044434,0.03366014361381531,0,2000,comp,0,0,42,1.0,0.0,walk_delay_comp
388,7.76,1.0,0.0,0.11990010738372803,0.6956063508987427,0.07560133934020996,0.2928721010684967,0,2000,comp,0,0,42,1.0,0.0,walk_delay_comp
389,7.78,1.0,0.0,0.11948978900909424,0.6853806376457214,0.04631400108337402,0.33335810899734497,0,2000,comp,0,0,42,1.0,0.0,walk_delay_comp
390,7.8,1.0,0.0,0.11845946311950684,0.6891618371009827,0.021187152713537216,0.3156730830669403,0,2000,comp,0,0,42,1.0,0.0,walk_delay_comp
391,7.82,1.0,0.0,0.11714577674865723,0.7074170708656311,-0.0024046071339398623,0.2747039794921875,0,2000,comp,0,0,42,1.0,0.0,walk_delay_comp
392,7.84,1.0,0.0,0.11681807041168213,0.7104870676994324,-0.025246871635317802,0.14540521800518036,0,2000,comp,0,0,42,1.0,0.0,walk_delay_comp
393,7.86,1.0,0.0,0.11659610271453857,0.7281551957130432,-0.04374220594763756,0.11243734508752823,0,2000,comp,0,0,42,1.0,0.0,walk_delay_comp
394,7.88,1.0,0.0,0.11717581748962402,0.7326579093933105,-0.06458064168691635,0.018934503197669983,0,2000,comp,0,0,42,1.0,0.0,walk_delay_comp
395,7.9,1.0,0.0,0.11781919002532959,0.7510080933570862,-0.08036874979734421,-0.0057044317945837975,0,2000,comp,0,0,42,1.0,0.0,walk_delay_comp
396,7.92,1.0,0.0,0.11861813068389893,0.7751423716545105,-0.09343909472227097,-0.0771477073431015,0,2000,comp,0,0,42,1.0,0.0,walk_delay_comp
397,7.94,1.0,0.0,0.12010014057159424,0.8035783171653748,-0.10649900138378143,-0.18679814040660858,0,2000,comp,0,0,42,1.0,0.0,walk_delay_comp
398,7.96,1.0,0.0,0.12236237525939941,0.83841872215271,-0.11985462158918381,-0.2808429002761841,0,2000,comp,0,0,42,1.0,0.0,walk_delay_comp
399,7.98,1.0,0.0,0.12480342388153076,0.8787907361984253,-0.1324950009584427,-0.3273707330226898,0,2000,comp,0,0,42,1.0,0.0,walk_delay_comp
400,8.0,1.0,0.0,0.12672770023345947,0.9186862707138062,-0.15012571215629578,-0.29702216386795044,0,2000,comp,0,0,42,1.0,0.0,walk_delay_comp
401,8.02,1.0,0.0,0.12804150581359863,0.9577851891517639,-0.17557775974273682,-0.24992458522319794,0,2000,comp,0,0,42,1.0,0.0,walk_delay_comp
402,8.040000000000001,1.0,0.0,0.1291588544845581,0.9958493113517761,-0.20560942590236664,-0.19931907951831818,0,2000,comp,0,0,42,1.0,0.0,walk_delay_comp
403,8.06,1.0,0.0,0.13020217418670654,1.0287386178970337,-0.23913803696632385,-0.12888744473457336,0,2000,comp,0,0,42,1.0,0.0,walk_delay_comp
404,8.08,1.0,0.0,0.13062512874603271,1.052817702293396,-0.26600661873817444,-0.06583569198846817,0,2000,comp,0,0,42,1.0,0.0,walk_delay_comp
405,8.1,1.0,0.0,0.13293397426605225,0.9549763202667236,-0.20099113881587982,-0.08781798183917999,0,2000,comp,0,0,42,1.0,0.0,walk_delay_comp
406,8.120000000000001,1.0,0.0,0.13183128833770752,0.8894047737121582,-0.14214247465133667,0.15738509595394135,0,2000,comp,0,0,42,1.0,0.0,walk_delay_comp
407,8.14,1.0,0.0,0.129256010055542,0.8280773758888245,-0.10244737565517426,-0.009311513975262642,0,2000,comp,0,0,42,1.0,0.0,walk_delay_comp
408,8.16,1.0,0.0,0.1287686824798584,0.7926287055015564,-0.08357968181371689,-0.24686570465564728,0,2000,comp,0,0,42,1.0,0.0,walk_delay_comp
409,8.18,1.0,0.0,0.12894678115844727,0.756392240524292,-0.06277573108673096,-0.2854466438293457,0,2000,comp,0,0,42,1.0,0.0,walk_delay_comp
410,8.2,1.0,0.0,0.13093602657318115,0.7345264554023743,-0.03906845673918724,-0.4643835127353668,0,2000,comp,0,0,42,1.0,0.0,walk_delay_comp
411,8.22,1.0,0.0,0.132757306098938,0.7111821174621582,-0.010230853222310543,-0.3102036416530609,0,2000,comp,0,0,42,1.0,0.0,walk_delay_comp
412,8.24,1.0,0.0,0.13246381282806396,0.6858517527580261,0.01762445643544197,-0.11520211398601532,0,2000,comp,0,0,42,1.0,0.0,walk_delay_comp
413,8.26,1.0,0.0,0.1309269666671753,0.6845573782920837,0.03330110013484955,0.059540700167417526,0,2000,comp,0,0,42,1.0,0.0,walk_delay_comp
414,8.28,1.0,0.0,0.12863600254058838,0.6743323802947998,0.05281731113791466,0.06129038333892822,0,2000,comp,0,0,42,1.0,0.0,walk_delay_comp
415,8.3,1.0,0.0,0.12632453441619873,0.6779001951217651,0.07026708126068115,0.14055968821048737,0,2000,comp,0,0,42,1.0,0.0,walk_delay_comp
416,8.32,1.0,0.0,0.12335443496704102,0.692696750164032,0.08404678851366043,0.26643842458724976,0,2000,comp,0,0,42,1.0,0.0,walk_delay_comp
417,8.34,1.0,0.0,0.11965763568878174,0.7121453881263733,0.09658030420541763,0.35396715998649597,0,2000,comp,0,0,42,1.0,0.0,walk_delay_comp
418,8.36,1.0,0.0,0.11566352844238281,0.7336606979370117,0.10973022878170013,0.3989194631576538,0,2000,comp,0,0,42,1.0,0.0,walk_delay_comp
419,8.38,1.0,0.0,0.11201155185699463,0.7559974789619446,0.12502585351467133,0.3724501132965088,0,2000,comp,0,0,42,1.0,0.0,walk_delay_comp
420,8.4,1.0,0.0,0.10900890827178955,0.780972421169281,0.1432485580444336,0.3221704065799713,0,2000,comp,0,0,42,1.0,0.0,walk_delay_comp
421,8.42,1.0,0.0,0.10708820819854736,0.8097925782203674,0.16323290765285492,0.23499521613121033,0,2000,comp,0,0,42,1.0,0.0,walk_delay_comp
422,8.44,1.0,0.0,0.1065211296081543,0.8379554748535156,0.18639031052589417,0.1316152960062027,0,2000,comp,0,0,42,1.0,0.0,walk_delay_comp
423,8.46,1.0,0.0,0.10666048526763916,0.861793041229248,0.21608853340148926,0.07634434103965759,0,2000,comp,0,0,42,1.0,0.0,walk_delay_comp
424,8.48,1.0,0.0,0.10676467418670654,0.8832446932792664,0.24826285243034363,0.054455842822790146,0,2000,comp,0,0,42,1.0,0.0,walk_delay_comp
425,8.5,1.0,0.0,0.10668373107910156,0.8969911336898804,0.2823461890220642,0.018666187301278114,0,2000,comp,0,0,42,1.0,0.0,walk_delay_comp
426,8.52,1.0,0.0,0.1068878173828125,0.9036674499511719,0.3018338680267334,-0.049226418137550354,0,2000,comp,0,0,42,1.0,0.0,walk_delay_comp
427,8.540000000000001,1.0,0.0,0.10663080215454102,0.8278824090957642,0.23277348279953003,0.004408620297908783,0,2000,comp,0,0,42,1.0,0.0,walk_delay_comp
428,8.56,1.0,0.0,0.1082531213760376,0.7818332314491272,0.17117084562778473,-0.07515373826026917,0,2000,comp,0,0,42,1.0,0.0,walk_delay_comp
429,8.58,1.0,0.0,0.11066865921020508,0.7520061135292053,0.12521152198314667,0.020386233925819397,0,2000,comp,0,0,42,1.0,0.0,walk_delay_comp
430,8.6,1.0,0.0,0.11192095279693604,0.723946213722229,0.08725789189338684,0.2309575080871582,0,2000,comp,0,0,42,1.0,0.0,walk_delay_comp
431,8.620000000000001,1.0,0.0,0.11136221885681152,0.710414707660675,0.057065967470407486,0.3741416037082672,0,2000,comp,0,0,42,1.0,0.0,walk_delay_comp
432,8.64,1.0,0.0,0.11028897762298584,0.7037568688392639,0.028868645429611206,0.3149929642677307,0,2000,comp,0,0,42,1.0,0.0,walk_delay_comp
433,8.66,1.0,0.0,0.10944807529449463,0.7096516489982605,0.004420055542141199,0.25783687829971313,0,2000,comp,0,0,42,1.0,0.0,walk_delay_comp
434,8.68,1.0,0.0,0.1089484691619873,0.7178975939750671,-0.01966579258441925,0.1920214295387268,0,2000,comp,0,0,42,1.0,0.0,walk_delay_comp
435,8.700000000000001,1.0,0.0,0.10908567905426025,0.7220337986946106,-0.041639890521764755,0.08132605999708176,0,2000,comp,0,0,42,1.0,0.0,walk_delay_comp
436,8.72,1.0,0.0,0.10989058017730713,0.7394879460334778,-0.06079018488526344,-0.006438771262764931,0,2000,comp,0,0,42,1.0,0.0,walk_delay_comp
437,8.74,1.0,0.0,0.11115419864654541,0.7530627250671387,-0.07910694181919098,-0.04297947511076927,0,2000,comp,0,0,42,1.0,0.0,walk_delay_comp
438,8.76,1.0,0.0,0.11224234104156494,0.7755165696144104,-0.093978650867939,-0.06669295579195023,0,2000,comp,0,0,42,1.0,0.0,walk_delay_comp
439,8.78,1.0,0.0,0.11362981796264648,0.8033663034439087,-0.10753607004880905,-0.15195874869823456,0,2000,comp,0,0,42,1.0,0.0,walk_delay_comp
440,8.8,1.0,0.0,0.11568677425384521,0.8364218473434448,-0.12146207690238953,-0.2431320697069168,0,2000,comp,0,0,42,1.0,0.0,walk_delay_comp
441,8.82,1.0,0.0,0.11819708347320557,0.8761868476867676,-0.13548190891742706,-0.31140872836112976,0,2000,comp,0,0,42,1.0,0.0,walk_delay_comp
442,8.84,1.0,0.0,0.12039613723754883,0.9182116389274597,-0.15019023418426514,-0.31118592619895935,0,2000,comp,0,0,42,1.0,0.0,walk_delay_comp
443,8.86,1.0,0.0,0.12192833423614502,0.9591678977012634,-0.17241060733795166,-0.2666347622871399,0,2000,comp,0,0,42,1.0,0.0,walk_delay_comp
444,8.88,1.0,0.0,0.12297451496124268,0.9990149736404419,-0.20072254538536072,-0.21388210356235504,0,2000,comp,0,0,42,1.0,0.0,walk_delay_comp
445,8.9,1.0,0.0,0.12393760681152344,1.0335972309112549,-0.23371845483779907,-0.14462901651859283,0,2000,comp,0,0,42,1.0,0.0,walk_delay_comp
446,8.92,1.0,0.0,0.12446796894073486,1.064798355102539,-0.26929542422294617,-0.05493452027440071,0,2000,comp,0,0,42,1.0,0.0,walk_delay_comp
447,8.94,1.0,0.0,0.12545239925384521,0.9958008527755737,-0.23035839200019836,-0.44165393710136414,0,2000,comp,0,0,42,1.0,0.0,walk_delay_comp
448,8.96,1.0,0.0,0.12625491619110107,0.9199854731559753,-0.15738056600093842,0.08272577077150345,0,2000,comp,0,0,42,1.0,0.0,walk_delay_comp
449,8.98,1.0,0.0,0.12464070320129395,0.8570507764816284,-0.11277977377176285,-0.027932411059737206,0,2000,comp,0,0,42,1.0,0.0,walk_delay_comp
450,9.0,1.0,0.0,0.12411940097808838,0.8094096779823303,-0.08831221610307693,-0.241134911775589,0,2000,comp,0,0,42,1.0,0.0,walk_delay_comp
451,9.02,1.0,0.0,0.12511825561523438,0.7724893093109131,-0.06366857141256332,-0.379833459854126,0,2000,comp,0,0,42,1.0,0.0,walk_delay_comp
452,9.040000000000001,1.0,0.0,0.12719357013702393,0.7436602711677551,-0.03856847807765007,-0.4286448359489441,0,2000,comp,0,0,42,1.0,0.0,walk_delay_comp
453,9.06,1.0,0.0,0.12866950035095215,0.7200256586074829,-0.010162650607526302,-0.30040988326072693,0,2000,comp,0,0,42,1.0,0.0,walk_delay_comp
454,9.08,1.0,0.0,0.1286681890487671,0.6971036791801453,0.01775422692298889,-0.15352387726306915,0,2000,comp,0,0,42,1.0,0.0,walk_delay_comp
455,9.1,1.0,0.0,0.12784314155578613,0.691209614276886,0.03738528862595558,-0.026820870116353035,0,2000,comp,0,0,42,1.0,0.0,walk_delay_comp
456,9.120000000000001,1.0,0.0,0.12570488452911377,0.6784148812294006,0.057207170873880386,0.04558210074901581,0,2000,comp,0,0,42,1.0,0.0,walk_delay_comp
457,9.14,1.0,0.0,0.12331759929656982,0.6802085638046265,0.07521893084049225,0.1207529827952385,0,2000,comp,0,0,42,1.0,0.0,walk_delay_comp
458,9.16,1.0,0.0,0.12067699432373047,0.6898791790008545,0.08925840258598328,0.193940669298172,0,2000,comp,0,0,42,1.0,0.0,walk_delay_comp
459,9.18,1.0,0.0,0.11711180210113525,0.7082967758178711,0.10198624432086945,0.34296250343322754,0,2000,comp,0,0,42,1.0,0.0,walk_delay_comp
460,9.200000000000001,1.0,0.0,0.11297440528869629,0.7292023301124573,0.11377380788326263,0.40093398094177246,0,2000,comp,0,0,42,1.0,0.0,walk_delay_comp
461,9.22,1.0,0.0,0.10907959938049316,0.7502022981643677,0.1282837688922882,0.3824889361858368,0,2000,comp,0,0,42,1.0,0.0,walk_delay_comp
462,9.24,1.0,0.0,0.1057356595993042,0.7737513780593872,0.14578573405742645,0.34659963846206665,0,2000,comp,0,0,42,1.0,0.0,walk_delay_comp
463,9.26,1.0,0.0,0.10325610637664795,0.8011432886123657,0.164794459939003,0.2775364816188812,0,2000,comp,0,0,42,1.0,0.0,walk_delay_comp
464,9.28,1.0,0.0,0.10211217403411865,0.8298303484916687,0.18638567626476288,0.1703719198703766,0,2000,comp,0,0,42,1.0,0.0,walk_delay_comp
465,9.3,1.0,0.0,0.10212695598602295,0.8556827902793884,0.21344973146915436,0.08772655576467514,0,2000,comp,0,0,42,1.0,0.0,walk_delay_comp
466,9.32,1.0,0.0,0.10236561298370361,0.877760112285614,0.24540045857429504,0.06275126338005066,0,2000,comp,0,0,42,1.0,0.0,walk_delay_comp
467,9.34,1.0,0.0,0.10230529308319092,0.892643392086029,0.27909156680107117,0.03243067115545273,0,2000,comp,0,0,42,1.0,0.0,walk_delay_comp
468,9.36,1.0,0.0,0.102181077003479,0.8999372720718384,0.3075481057167053,0.04117943346500397,0,2000,comp,0,0,42,1.0,0.0,walk_delay_comp
469,9.38,1.0,0.0,0.10235297679901123,0.8427923321723938,0.2853933870792389,0.10185220837593079,0,2000,comp,0,0,42,1.0,0.0,walk_delay_comp
470,9.4,1.0,0.0,0.10317480564117432,0.784663200378418,0.21151256561279297,-0.12339935451745987,0,2000,comp,0,0,42,1.0,0.0,walk_delay_comp
471,9.42,1.0,0.0,0.10610365867614746,0.7458282709121704,0.15972983837127686,-0.11645940691232681,0,2000,comp,0,0,42,1.0,0.0,walk_delay_comp
472,9.44,1.0,0.0,0.10876429080963135,0.7144405841827393,0.11711570620536804,0.04729384928941727,0,2000,comp,0,0,42,1.0,0.0,walk_delay_comp
473,9.46,1.0,0.0,0.10965943336486816,0.6914801001548767,0.08330594748258591,0.286233514547348,0,2000,comp,0,0,42,1.0,0.0,walk_delay_comp
474,9.48,1.0,0.0,0.10931551456451416,0.681549608707428,0.05417819321155548,0.3213314712047577,0,2000,comp,0,0,42,1.0,0.0,walk_delay_comp
475,9.5,1.0,0.0,0.1084432601928711,0.6854347586631775,0.028933381661772728,0.30433064699172974,0,2000,comp,0,0,42,1.0,0.0,walk_delay_comp
476,9.52,1.0,0.0,0.10735523700714111,0.7007458806037903,0.004893965553492308,0.26415640115737915,0,2000,comp,0,0,42,1.0,0.0,walk_delay_comp
477,9.540000000000001,1.0,0.0,0.10708677768707275,0.7039849758148193,-0.017938314005732536,0.14161747694015503,0,2000,comp,0,0,42,1.0,0.0,walk_delay_comp
478,9.56,1.0,0.0,0.10708868503570557,0.7209135293960571,-0.03705551102757454,0.09306694567203522,0,2000,comp,0,0,42,1.0,0.0,walk_delay_comp
479,9.58,1.0,0.0,0.10783827304840088,0.7268345952033997,-0.05714578554034233,0.011391784064471722,0,2000,comp,0,0,42,1.0,0.0,walk_delay_comp
480,9.6,1.0,0.0,0.10867595672607422,0.744459867477417,-0.07227145880460739,-0.02514125220477581,0,2000,comp,0,0,42,1.0,0.0,walk_delay_comp
481,9.620000000000001,1.0,0.0,0.10969686508178711,0.7674875259399414,-0.08485790342092514,-0.09553487598896027,0,2000,comp,0,0,42,1.0,0.0,walk_delay_comp
482,9.64,1.0,0.0,0.11132419109344482,0.7949938178062439,-0.09781859070062637,-0.1914566606283188,0,2000,comp,0,0,42,1.0,0.0,walk_delay_comp
483,9.66,1.0,0.0,0.11363565921783447,0.8286731243133545,-0.11085943877696991,-0.28134670853614807,0,2000,comp,0,0,42,1.0,0.0,walk_delay_comp
484,9.68,1.0,0.0,0.11613523960113525,0.8682512640953064,-0.123515285551548,-0.3286270499229431,0,2000,comp,0,0,42,1.0,0.0,walk_delay_comp
485,9.700000000000001,1.0,0.0,0.11808931827545166,0.9071614742279053,-0.14089782536029816,-0.29502376914024353,0,2000,comp,0,0,42,1.0,0.0,walk_delay_comp
486,9.72,1.0,0.0,0.11939823627471924,0.9455734491348267,-0.16519643366336823,-0.2475300133228302,0,2000,comp,0,0,42,1.0,0.0,walk_delay_comp
487,9.74,1.0,0.0,0.12045872211456299,0.9828768968582153,-0.19497160613536835,-0.19618111848831177,0,2000,comp,0,0,42,1.0,0.0,walk_delay_comp
488,9.76,1.0,0.0,0.12141525745391846,1.016040563583374,-0.22790449857711792,-0.1238996610045433,0,2000,comp,0,0,42,1.0,0.0,walk_delay_comp
489,9.78,1.0,0.0,0.12175416946411133,1.0409554243087769,-0.2572130858898163,-0.06911195814609528,0,2000,comp,0,0,42,1.0,0.0,walk_delay_comp
490,9.8,1.0,0.0,0.12389588356018066,0.9532953500747681,-0.19713224470615387,-0.18223829567432404,0,2000,comp,0,0,42,1.0,0.0,walk_delay_comp
491,9.82,1.0,0.0,0.1233745813369751,0.8872765898704529,-0.13693320751190186,0.12870578467845917,0,2000,comp,0,0,42,1.0,0.0,walk_delay_comp
492,9.84,1.0,0.0,0.12097299098968506,0.824531078338623,-0.09578777104616165,-0.0087776193395257,0,2000,comp,0,0,42,1.0,0.0,walk_delay_comp
493,9.86,1.0,0.0,0.12041318416595459,0.7878625988960266,-0.07573414593935013,-0.23659059405326843,0,2000,comp,0,0,42,1.0,0.0,walk_delay_comp
494,9.88,1.0,0.0,0.12045848369598389,0.7502634525299072,-0.05495774373412132,-0.2612764537334442,0,2000,comp,0,0,42,1.0,0.0,walk_delay_comp
495,9.9,1.0,0.0,0.12222445011138916,0.7287173271179199,-0.03216726332902908,-0.43949639797210693,0,2000,comp,0,0,42,1.0,0.0,walk_delay_comp
496,9.92,1.0,0.0,0.12385058403015137,0.7058624029159546,-0.004479261580854654,-0.29481765627861023,0,2000,comp,0,0,42,1.0,0.0,walk_delay_comp
497,9.94,1.0,0.0,0.12339890003204346,0.6802286505699158,0.02294507436454296,-0.10494817793369293,0,2000,comp,0,0,42,1.0,0.0,walk_delay_comp
498,9.96,1.0,0.0,0.12186765670776367,0.6797910928726196,0.03856368735432625,0.05245331674814224,0,2000,comp,0,0,42,1.0,0.0,walk_delay_comp
499,9.98,1.0,0.0,0.7315829992294312,0.6701098680496216,0.05820192024111748,0.04941833019256592,0,2000,comp,0,0,42,1.0,0.0,walk_delay_comp
500,10.0,1.0,0.0,0.729467511177063,0.6731538772583008,0.07570097595453262,0.12395104765892029,0,2000,comp,0,0,42,1.0,0.0,walk_delay_comp
501,10.02,1.0,0.0,0.7268186807632446,0.687721312046051,0.08796579390764236,0.2424677014350891,0,2000,comp,0,0,42,1.0,0.0,walk_delay_comp
502,10.040000000000001,1.0,0.0,0.7231951951980591,0.7069187760353088,0.10025367140769958,0.3692806661128998,0,2000,comp,0,0,42,1.0,0.0,walk_delay_comp
503,10.06,1.0,0.0,0.7188345193862915,0.7281314134597778,0.11314048618078232,0.45343631505966187,0,2000,comp,0,0,42,1.0,0.0,walk_delay_comp
504,10.08,1.0,0.0,0.7142502069473267,0.7510921955108643,0.12802602350711823,0.4880557954311371,0,2000,comp,0,0,42,1.0,0.0,walk_delay_comp
505,10.1,1.0,0.0,0.7096959352493286,0.7770277857780457,0.14426758885383606,0.5011120438575745,0,2000,comp,0,0,42,1.0,0.0,walk_delay_comp
506,10.120000000000001,1.0,0.0,0.7054344415664673,0.8068071603775024,0.1607271283864975,0.49844884872436523,0,2000,comp,0,0,42,1.0,0.0,walk_delay_comp
507,10.14,1.0,0.0,0.7017008066177368,0.8351791501045227,0.17858268320560455,0.47698554396629333,0,2000,comp,0,0,42,1.0,0.0,walk_delay_comp
508,10.16,1.0,0.0,0.6976641416549683,0.8589714169502258,0.20229138433933258,0.5306761264801025,0,2000,comp,0,0,42,1.0,0.0,walk_delay_comp
509,10.18,1.0,0.0,0.6927307844161987,0.8798782825469971,0.22590754926204681,0.5896826386451721,0,2000,comp,0,0,42,1.0,0.0,walk_delay_comp
510,10.200000000000001,1.0,0.0,0.6874219179153442,0.8922227025032043,0.2503950893878937,0.5248117446899414,0,2000,comp,0,0,42,1.0,0.0,walk_delay_comp
511,10.22,1.0,0.0,0.6832839250564575,0.8990137577056885,0.2548254430294037,0.27492550015449524,0,2000,comp,0,0,42,1.0,0.0,walk_delay_comp
512,10.24,1.0,0.0,0.6800235509872437,0.8245021104812622,0.18723568320274353,0.2829110324382782,0,2000,comp,0,0,42,1.0,0.0,walk_delay_comp
513,10.26,1.0,0.0,0.6790915727615356,0.7878103256225586,0.12922920286655426,0.1596136838197708,0,2000,comp,0,0,42,1.0,0.0,walk_delay_comp
514,10.28,1.0,0.0,0.6796272993087769,0.7598085403442383,0.08320356905460358,0.19494561851024628,0,2000,comp,0,0,42,1.0,0.0,walk_delay_comp
515,10.3,1.0,0.0,0.6799265146255493,0.7295321226119995,0.04695223644375801,0.353306382894516,0,2000,comp,0,0,42,1.0,0.0,walk_delay_comp
516,10.32,1.0,0.0,0.6780277490615845,0.7170988321304321,0.01692206971347332,0.5476539134979248,0,2000,comp,0,0,42,1.0,0.0,walk_delay_comp
517,10.34,1.0,0.0,0.674932599067688,0.7108667492866516,-0.009417498484253883,0.5493488311767578,0,2000,comp,0,0,42,1.0,0.0,walk_delay_comp
518,10.36,1.0,0.0,0.6716042757034302,0.7188960313796997,-0.033038731664419174,0.5135881304740906,0,2000,comp,0,0,42,1.0,0.0,walk_delay_comp
519,10.38,1.0,0.0,0.668476939201355,0.7251015305519104,-0.05703671649098396,0.465838223695755,0,2000,comp,0,0,42,1.0,0.0,walk_delay_comp
520,10.4,1.0,0.0,0.6656433343887329,0.7292592525482178,-0.08012480288743973,0.38176560401916504,0,2000,comp,0,0,42,1.0,0.0,walk_delay_comp
521,10.42,1.0,0.0,0.6635376214981079,0.7437400817871094,-0.10207665711641312,0.285917729139328,0,2000,comp,0,0,42,1.0,0.0,walk_delay_comp
522,10.44,1.0,0.0,0.6618365049362183,0.7560986280441284,-0.12393679469823837,0.25864458084106445,0,2000,comp,0,0,42,1.0,0.0,walk_delay_comp
523,10.46,1.0,0.0,0.6600967645645142,0.7769620418548584,-0.14302437007427216,0.21023832261562347,0,2000,comp,0,0,42,1.0,0.0,walk_delay_comp
524,10.48,1.0,0.0,0.6589571237564087,0.8048654198646545,-0.16052304208278656,0.09129214286804199,0,2000,comp,0,0,42,1.0,0.0,walk_delay_comp
525,10.5,1.0,0.0,0.6587663888931274,0.8394438624382019,-0.17614465951919556,-0.036147020757198334,0,2000,comp,0,0,42,1.0,0.0,walk_delay_comp
526,10.52,1.0,0.0,0.6592401266098022,0.8802911639213562,-0.1922510862350464,-0.12596739828586578,0,2000,comp,0,0,42,1.0,0.0,walk_delay_comp
527,10.540000000000001,1.0,0.0,0.6595140695571899,0.9239632487297058,-0.21084745228290558,-0.13295264542102814,0,2000,comp,0,0,42,1.0,0.0,walk_delay_comp
528,10.56,1.0,0.0,0.6591068506240845,0.968022882938385,-0.2381172627210617,-0.07081533223390579,0,2000,comp,0,0,42,1.0,0.0,walk_delay_comp
529,10.58,1.0,0.0,0.6579934358596802,1.0107744932174683,-0.2733895182609558,0.04306977987289429,0,2000,comp,0,0,42,1.0,0.0,walk_delay_comp
530,10.6,1.0,0.0,0.6560314893722534,1.0476922988891602,-0.3143734633922577,0.17354483902454376,0,2000,comp,0,0,42,1.0,0.0,walk_delay_comp
531,10.620000000000001,1.0,0.0,0.6530724763870239,1.078824758529663,-0.3601861000061035,0.2621181607246399,0,2000,comp,0,0,42,1.0,0.0,walk_delay_comp
532,10.64,1.0,0.0,0.6516033411026001,0.9763650894165039,-0.3138737976551056,-0.038821395486593246,0,2000,comp,0,0,42,1.0,0.0,walk_delay_comp
533,10.66,1.0,0.0,0.6479004621505737,0.9023242592811584,-0.22949986159801483,0.5337995290756226,0,2000,comp,0,0,42,1.0,0.0,walk_delay_comp
534,10.68,1.0,0.0,0.6413925886154175,0.8346717357635498,-0.18045882880687714,0.40390849113464355,0,2000,comp,0,0,42,1.0,0.0,walk_delay_comp
535,10.700000000000001,1.0,0.0,0.6370178461074829,0.7883841395378113,-0.15621457993984222,0.09355634450912476,0,2000,comp,0,0,42,1.0,0.0,walk_delay_comp
536,10.72,1.0,0.0,0.6348317861557007,0.7466957569122314,-0.12798096239566803,-0.0944039449095726,0,2000,comp,0,0,42,1.0,0.0,walk_delay_comp
537,10.74,1.0,0.0,0.6344085931777954,0.71477210521698,-0.09496495872735977,-0.2115541249513626,0,2000,comp,0,0,42,1.0,0.0,walk_delay_comp
538,10.76,1.0,0.0,0.6339055299758911,0.6890426874160767,-0.06089135259389877,-0.10442668199539185,0,2000,comp,0,0,42,1.0,0.0,walk_delay_comp
539,10.78,1.0,0.0,0.6323200464248657,0.6657320857048035,-0.029303019866347313,-0.00013590144226327538,0,2000,comp,0,0,42,1.0,0.0,walk_delay_comp
540,10.8,1.0,0.0,0.6301156282424927,0.6601790189743042,-0.006863101851195097,0.1195126324892044,0,2000,comp,0,0,42,1.0,0.0,walk_delay_comp
541,10.82,1.0,0.0,0.6267620325088501,0.6499172449111938,0.014165854081511497,0.20501995086669922,0,2000,comp,0,0,42,1.0,0.0,walk_delay_comp
542,10.84,1.0,0.0,0.6226485967636108,0.6497166752815247,0.03213940188288689,0.3298479914665222,0,2000,comp,0,0,42,1.0,0.0,walk_delay_comp
543,10.86,1.0,0.0,0.6179066896438599,0.6588022708892822,0.04672094061970711,0.43108218908309937,0,2000,comp,0,0,42,1.0,0.0,walk_delay_comp
544,10.88,1.0,0.0,0.6121925115585327,0.673765242099762,0.060018930584192276,0.5676982402801514,0,2000,comp,0,0,42,1.0,0.0,walk_delay_comp
545,10.9,1.0,0.0,0.6059137582778931,0.6907616853713989,0.07265487313270569,0.6218812465667725,0,2000,comp,0,0,42,1.0,0.0,walk_delay_comp
546,10.92,1.0,0.0,0.599789023399353,0.7089490294456482,0.08741533011198044,0.6175217032432556,0,2000,comp,0,0,42,1.0,0.0,walk_delay_comp
547,10.94,1.0,0.0,0.5939985513687134,0.7308239936828613,0.10442807525396347,0.6073092222213745,0,2000,comp,0,0,42,1.0,0.0,walk_delay_comp
548,10.96,1.0,0.0,0.5888208150863647,0.7555531859397888,0.12153727561235428,0.5673035979270935,0,2000,comp,0,0,42,1.0,0.0,walk_delay_comp
549,10.98,1.0,0.0,0.5846904516220093,0.7796587347984314,0.1398923546075821,0.48697513341903687,0,2000,comp,0,0,42,1.0,0.0,walk_delay_comp
550,11.0,1.0,0.0,0.5813668966293335,0.8000127077102661,0.16359645128250122,0.43333175778388977,0,2000,comp,0,0,42,1.0,0.0,walk_delay_comp
551,11.02,1.0,0.0,0.57813560962677,0.8165207505226135,0.19155435264110565,0.41473931074142456,0,2000,comp,0,0,42,1.0,0.0,walk_delay_comp
552,11.040000000000001,1.0,0.0,0.5746833086013794,0.8248496055603027,0.22128081321716309,0.376346617937088,0,2000,comp,0,0,42,1.0,0.0,walk_delay_comp
553,11.06,1.0,0.0,0.5719972848892212,0.8307733535766602,0.23307403922080994,0.1345776915550232,0,2000,comp,0,0,42,1.0,0.0,walk_delay_comp
554,11.08,1.0,0.0,0.5703452825546265,0.7731961011886597,0.1704724282026291,0.12350919842720032,0,2000,comp,0,0,42,1.0,0.0,walk_delay_comp
555,11.1,1.0,0.0,0.5697652101516724,0.7496446371078491,0.12193828821182251,0.15386585891246796,0,2000,comp,0,0,42,1.0,0.0,walk_delay_comp
556,11.120000000000001,1.0,0.0,0.5696076154708862,0.7224528193473816,0.07995640486478806,0.2722996771335602,0,2000,comp,0,0,42,1.0,0.0,walk_delay_comp
557,11.14,1.0,0.0,0.5683468580245972,0.6989684104919434,0.045768510550260544,0.5013300776481628,0,2000,comp,0,0,42,1.0,0.0,walk_delay_comp
558,11.16,1.0,0.0,0.5655390024185181,0.6841674447059631,0.0224723182618618,0.5164652466773987,0,2000,comp,0,0,42,1.0,0.0,walk_delay_comp
559,11.18,1.0,0.0,0.5626837015151978,0.6795984506607056,-0.007145444396883249,0.49293461441993713,0,2000,comp,0,0,42,1.0,0.0,walk_delay_comp
560,11.200000000000001,1.0,0.0,0.5602587461471558,0.6849732398986816,-0.030195239931344986,0.428833931684494,0,2000,comp,0,0,42,1.0,0.0,walk_delay_comp
561,11.22,1.0,0.0,0.5581337213516235,0.6938338279724121,-0.051289092749357224,0.3606790602207184,0,2000,comp,0,0,42,1.0,0.0,walk_delay_comp
562,11.24,1.0,0.0,0.5563918352127075,0.7003862857818604,-0.07069605588912964,0.2907930612564087,0,2000,comp,0,0,42,1.0,0.0,walk_delay_comp
563,11.26,1.0,0.0,0.5550466775894165,0.7165350914001465,-0.09065541625022888,0.2518075406551361,0,2000,comp,0,0,42,1.0,0.0,walk_delay_comp
564,11.28,1.0,0.0,0.5535041093826294,0.7293970584869385,-0.10984534025192261,0.2715236246585846,0,2000,comp,0,0,42,1.0,0.0,walk_delay_comp
565,11.3,1.0,0.0,0.5516186952590942,0.7545161843299866,-0.12673094868659973,0.2332809567451477,0,2000,comp,0,0,42,1.0,0.0,walk_delay_comp
566,11.32,1.0,0.0,0.5502949953079224,0.7823660373687744,-0.14267085492610931,0.12500599026679993,0,2000,comp,0,0,42,1.0,0.0,walk_delay_comp
567,11.34,1.0,0.0,0.5496820211410522,0.8190393447875977,-0.1557152420282364,0.02018485777080059,0,2000,comp,0,0,42,1.0,0.0,walk_delay_comp
568,11.36,1.0,0.0,0.5499035120010376,0.856634795665741,-0.16989845037460327,-0.09583945572376251,0,2000,comp,0,0,42,1.0,0.0,walk_delay_comp
569,11.38,1.0,0.0,0.5504294633865356,0.9016322493553162,-0.18474876880645752,-0.14759290218353271,0,2000,comp,0,0,42,1.0,0.0,walk_delay_comp
570,11.4,1.0,0.0,0.5505448579788208,0.948280394077301,-0.20495977997779846,-0.1223902553319931,0,2000,comp,0,0,42,1.0,0.0,walk_delay_comp
571,11.42,1.0,0.0,0.5501796007156372,0.9963333010673523,-0.2333226352930069,-0.06014513224363327,0,2000,comp,0,0,42,1.0,0.0,walk_delay_comp
572,11.44,1.0,0.0,0.5492750406265259,1.041337013244629,-0.2677220106124878,0.04506978020071983,0,2000,comp,0,0,42,1.0,0.0,walk_delay_comp
573,11.46,1.0,0.0,0.5476223230361938,1.0797797441482544,-0.3067653775215149,0.15057089924812317,0,2000,comp,0,0,42,1.0,0.0,walk_delay_comp
574,11.48,1.0,0.0,0.5450879335403442,1.1009927988052368,-0.33823204040527344,0.1853109449148178,0,2000,comp,0,0,42,1.0,0.0,walk_delay_comp
575,11.5,1.0,0.0,0.5457881689071655,0.9634761214256287,-0.24720504879951477,0.24315069615840912,0,2000,comp,0,0,42,1.0,0.0,walk_delay_comp
576,11.52,1.0,0.0,0.541059136390686,0.888020932674408,-0.18425549566745758,0.46245190501213074,0,2000,comp,0,0,42,1.0,0.0,walk_delay_comp
577,11.540000000000001,1.0,0.0,0.5354074239730835,0.8161978125572205,-0.14239686727523804,0.24611172080039978,0,2000,comp,0,0,42,1.0,0.0,walk_delay_comp
578,11.56,1.0,0.0,0.5323821306228638,0.7760920524597168,-0.12065155059099197,-0.01240714080631733,0,2000,comp,0,0,42,1.0,0.0,walk_delay_comp
579,11.58,1.0,0.0,0.5303264856338501,0.7340276837348938,-0.09673766046762466,-0.08362939953804016,0,2000,comp,0,0,42,1.0,0.0,walk_delay_comp
580,11.6,1.0,0.0,0.5308290719985962,0.708564281463623,-0.07143102586269379,-0.35085541009902954,0,2000,comp,0,0,42,1.0,0.0,walk_delay_comp
581,11.620000000000001,1.0,0.0,0.5316330194473267,0.6838127374649048,-0.041023433208465576,-0.19976432621479034,0,2000,comp,0,0,42,1.0,0.0,walk_delay_comp
582,11.64,1.0,0.0,0.5305155515670776,0.6575168371200562,-0.011334892362356186,-0.03155279532074928,0,2000,comp,0,0,42,1.0,0.0,walk_delay_comp
583,11.66,1.0,0.0,0.5282357931137085,0.6556668281555176,0.00479483138769865,0.1563442498445511,0,2000,comp,0,0,42,1.0,0.0,walk_delay_comp
584,11.68,1.0,0.0,0.5246678590774536,0.6439248919487,0.025007126852869987,0.22234858572483063,0,2000,comp,0,0,42,1.0,0.0,walk_delay_comp
585,11.700000000000001,1.0,0.0,0.5209132432937622,0.6465182304382324,0.04126109182834625,0.2930380702018738,0,2000,comp,0,0,42,1.0,0.0,walk_delay_comp
586,11.72,1.0,0.0,0.5165003538131714,0.6590421199798584,0.05507606267929077,0.42087477445602417,0,2000,comp,0,0,42,1.0,0.0,walk_delay_comp
587,11.74,1.0,0.0,0.5112234354019165,0.6762650609016418,0.06887916475534439,0.5187667012214661,0,2000,comp,0,0,42,1.0,0.0,walk_delay_comp
588,11.76,1.0,0.0,0.5055884122848511,0.6956756711006165,0.08336551487445831,0.5630694627761841,0,2000,comp,0,0,42,1.0,0.0,walk_delay_comp
589,11.78,1.0,0.0,0.5001641511917114,0.7166285514831543,0.10005106776952744,0.5541248321533203,0,2000,comp,0,0,42,1.0,0.0,walk_delay_comp
590,11.8,1.0,0.0,0.49520885944366455,0.7402960062026978,0.11840124428272247,0.5258853435516357,0,2000,comp,0,0,42,1.0,0.0,walk_delay_comp
591,11.82,1.0,0.0,0.49113380908966064,0.766437292098999,0.13664914667606354,0.463062047958374,0,2000,comp,0,0,42,1.0,0.0,walk_delay_comp
592,11.84,1.0,0.0,0.48817193508148193,0.7893352508544922,0.15810397267341614,0.37952515482902527,0,2000,comp,0,0,42,1.0,0.0,walk_delay_comp
593,11.86,1.0,0.0,0.48571979999542236,0.8075075745582581,0.1854100376367569,0.35120320320129395,0,2000,comp,0,0,42,1.0,0.0,walk_delay_comp
594,11.88,1.0,0.0,0.4831751585006714,0.8228393197059631,0.21517089009284973,0.3268045485019684,0,2000,comp,0,0,42,1.0,0.0,walk_delay_comp
595,11.9,1.0,0.0,0.4804774522781372,0.8266156315803528,0.2413662075996399,0.2903999388217926,0,2000,comp,0,0,42,1.0,0.0,walk_delay_comp
596,11.92,1.0,0.0,0.47913658618927,0.8088086843490601,0.24742478132247925,0.29321372509002686,0,2000,comp,0,0,42,1.0,0.0,walk_delay_comp
597,11.94,1.0,0.0,0.4766150712966919,0.7805222868919373,0.19761474430561066,0.22248968482017517,0,2000,comp,0,0,42,1.0,0.0,walk_delay_comp
598,11.96,1.0,0.0,0.4766918420791626,0.7453219294548035,0.14947588741779327,0.1035100519657135,0,2000,comp,0,0,42,1.0,0.0,walk_delay_comp
599,11.98,1.0,0.0,0.4779137372970581,0.7009011507034302,0.0953986644744873,0.1784558743238449,0,2000,comp,0,0,42,1.0,0.0,walk_delay_comp
600,12.0,1.0,0.0,0.4783865213394165,0.6870757937431335,0.05391198769211769,0.27084070444107056,0,2000,comp,0,0,42,1.0,0.0,walk_delay_comp
601,12.02,1.0,0.0,0.4782222509384155,0.6730178594589233,0.02164742350578308,0.2818041443824768,0,2000,comp,0,0,42,1.0,0.0,walk_delay_comp
602,12.040000000000001,1.0,0.0,0.47701704502105713,0.6864426732063293,-0.00214313599281013,0.40161117911338806,0,2000,comp,0,0,42,1.0,0.0,walk_delay_comp
603,12.06,1.0,0.0,0.4746350049972534,0.6931123733520508,-0.02378622628748417,0.5096635222434998,0,2000,comp,0,0,42,1.0,0.0,walk_delay_comp
604,12.08,1.0,0.0,0.4706662893295288,0.7088755965232849,-0.046291280537843704,0.5585192441940308,0,2000,comp,0,0,42,1.0,0.0,walk_delay_comp
605,12.1,1.0,0.0,0.466955304145813,0.7274287939071655,-0.06798367947340012,0.45119503140449524,0,2000,comp,0,0,42,1.0,0.0,walk_delay_comp
606,12.120000000000001,1.0,0.0,0.46372807025909424,0.7487897276878357,-0.09095072001218796,0.4238314628601074,0,2000,comp,0,0,42,1.0,0.0,walk_delay_comp
607,12.14,1.0,0.0,0.46113264560699463,0.7656169533729553,-0.11254086345434189,0.298944354057312,0,2000,comp,0,0,42,1.0,0.0,walk_delay_comp
608,12.16,1.0,0.0,0.45918214321136475,0.7873069047927856,-0.12804991006851196,0.2028668224811554,0,2000,comp,0,0,42,1.0,0.0,walk_delay_comp
609,12.18,1.0,0.0,0.4581249952316284,0.8139922618865967,-0.14151979982852936,0.06359545141458511,0,2000,comp,0,0,42,1.0,0.0,walk_delay_comp
610,12.200000000000001,1.0,0.0,0.458243727684021,0.8464619517326355,-0.15548297762870789,-0.0832551121711731,0,2000,comp,0,0,42,1.0,0.0,walk_delay_comp
611,12.22,1.0,0.0,0.45923054218292236,0.8870807886123657,-0.16911065578460693,-0.1957848221063614,0,2000,comp,0,0,42,1.0,0.0,walk_delay_comp
612,12.24,1.0,0.0,0.46015918254852295,0.9301024675369263,-0.18534629046916962,-0.21751444041728973,0,2000,comp,0,0,42,1.0,0.0,walk_delay_comp
613,12.26,1.0,0.0,0.46078479290008545,0.9742975831031799,-0.20954978466033936,-0.18216413259506226,0,2000,comp,0,0,42,1.0,0.0,walk_delay_comp
614,12.280000000000001,1.0,0.0,0.4611307382583618,1.0178579092025757,-0.2405346930027008,-0.10880020260810852,0,2000,comp,0,0,42,1.0,0.0,walk_delay_comp
615,12.3,1.0,0.0,0.46090757846832275,1.0571985244750977,-0.2762395441532135,0.006056006532162428,0,2000,comp,0,0,42,1.0,0.0,walk_delay_comp
616,12.32,1.0,0.0,0.45971667766571045,1.0916969776153564,-0.3150535821914673,0.10981618613004684,0,2000,comp,0,0,42,1.0,0.0,walk_delay_comp
617,12.34,1.0,0.0,0.4599241018295288,0.9863297939300537,-0.2634674310684204,-0.13777780532836914,0,2000,comp,0,0,42,1.0,0.0,walk_delay_comp
618,12.36,1.0,0.0,0.4578591585159302,0.9051439762115479,-0.18927811086177826,0.3246817886829376,0,2000,comp,0,0,42,1.0,0.0,walk_delay_comp
619,12.38,1.0,0.0,0.45324528217315674,0.8316008448600769,-0.14317066967487335,0.2316393107175827,0,2000,comp,0,0,42,1.0,0.0,walk_delay_comp
620,12.4,1.0,0.0,0.4502619504928589,0.7813012599945068,-0.11929426342248917,-0.029388004913926125,0,2000,comp,0,0,42,1.0,0.0,walk_delay_comp
621,12.42,1.0,0.0,0.4491511583328247,0.7376291751861572,-0.09253278374671936,-0.1910388171672821,0,2000,comp,0,0,42,1.0,0.0,walk_delay_comp
622,12.44,1.0,0.0,0.44970667362213135,0.7072133421897888,-0.06375028192996979,-0.3055836856365204,0,2000,comp,0,0,42,1.0,0.0,walk_delay_comp
623,12.46,1.0,0.0,0.4500175714492798,0.6814265251159668,-0.03312268108129501,-0.17814040184020996,0,2000,comp,0,0,42,1.0,0.0,walk_delay_comp
624,12.48,1.0,0.0,0.44891560077667236,0.656944751739502,-0.00411165039986372,-0.03874606639146805,0,2000,comp,0,0,42,1.0,0.0,walk_delay_comp
625,12.5,1.0,0.0,0.4470463991165161,0.649677038192749,0.01635015942156315,0.07898341864347458,0,2000,comp,0,0,42,1.0,0.0,walk_delay_comp
626,12.52,1.0,0.0,0.44412291049957275,0.6381354928016663,0.0364963561296463,0.14662426710128784,0,2000,comp,0,0,42,1.0,0.0,walk_delay_comp
627,12.540000000000001,1.0,0.0,0.44068872928619385,0.6371317505836487,0.05363233759999275,0.24987033009529114,0,2000,comp,0,0,42,1.0,0.0,walk_delay_comp
628,12.56,1.0,0.0,0.43670713901519775,0.6456811428070068,0.06790599226951599,0.34851670265197754,0,2000,comp,0,0,42,1.0,0.0,walk_delay_comp
629,12.58,1.0,0.0,0.43182647228240967,0.6595802903175354,0.08137043565511703,0.473388135433197,0,2000,comp,0,0,42,1.0,0.0,walk_delay_comp
630,12.6,1.0,0.0,0.426377534866333,0.6767541766166687,0.09460616111755371,0.5380950570106506,0,2000,comp,0,0,42,1.0,0.0,walk_delay_comp
631,12.620000000000001,1.0,0.0,0.42110157012939453,0.6949838995933533,0.10959791392087936,0.5298166275024414,0,2000,comp,0,0,42,1.0,0.0,walk_delay_comp
632,12.64,1.0,0.0,0.4162057638168335,0.715788722038269,0.12786203622817993,0.5107157230377197,0,2000,comp,0,0,42,1.0,0.0,walk_delay_comp
633,12.66,1.0,0.0,0.4120086431503296,0.7398048639297485,0.14659152925014496,0.46175530552864075,0,2000,comp,0,0,42,1.0,0.0,walk_delay_comp
634,12.68,1.0,0.0,0.40901482105255127,0.7632203102111816,0.16677767038345337,0.3671989440917969,0,2000,comp,0,0,42,1.0,0.0,walk_delay_comp
635,12.700000000000001,1.0,0.0,0.4069939851760864,0.7829216122627258,0.19229073822498322,0.30835044384002686,0,2000,comp,0,0,42,1.0,0.0,walk_delay_comp
636,12.72,1.0,0.0,0.4051327705383301,0.7981942296028137,0.22241587936878204,0.29240405559539795,0,2000,comp,0,0,42,1.0,0.0,walk_delay_comp
637,12.74,1.0,0.0,0.4029151201248169,0.8071855306625366,0.25456544756889343,0.2551521360874176,0,2000,comp,0,0,42,1.0,0.0,walk_delay_comp
638,12.76,1.0,0.0,0.4009648561477661,0.8099518418312073,0.27378690242767334,0.1284402310848236,0,2000,comp,0,0,42,1.0,0.0,walk_delay_comp
639,12.780000000000001,1.0,0.0,0.40021324157714844,0.7570776343345642,0.22423510253429413,0.15093587338924408,0,2000,comp,0,0,42,1.0,0.0,walk_delay_comp
640,12.8,1.0,0.0,0.4002302885055542,0.7283884286880493,0.1702980399131775,0.03505350649356842,0,2000,comp,0,0,42,1.0,0.0,walk_delay_comp
641,12.82,1.0,0.0,0.40113961696624756,0.7031269669532776,0.12368632853031158,0.1160593032836914,0,2000,comp,0,0,42,1.0,0.0,walk_delay_comp
642,12.84,1.0,0.0,0.40185999870300293,0.6740930676460266,0.08471705764532089,0.2703245282173157,0,2000,comp,0,0,42,1.0,0.0,walk_delay_comp
643,12.86,1.0,0.0,0.4007411003112793,0.6596930623054504,0.05191735923290253,0.44442442059516907,0,2000,comp,0,0,42,1.0,0.0,walk_delay_comp
644,12.88,1.0,0.0,0.39873039722442627,0.652219831943512,0.022488698363304138,0.4278489947319031,0,2000,comp,0,0,42,1.0,0.0,walk_delay_comp
645,12.9,1.0,0.0,0.3966563940048218,0.6621406078338623,-0.0018558322917670012,0.3877754211425781,0,2000,comp,0,0,42,1.0,0.0,walk_delay_comp
646,12.92,1.0,0.0,0.3947732448577881,0.6677218675613403,-0.02539101429283619,0.36771315336227417,0,2000,comp,0,0,42,1.0,0.0,walk_delay_comp
647,12.94,1.0,0.0,0.3929654359817505,0.6759545803070068,-0.047425828874111176,0.2878536283969879,0,2000,comp,0,0,42,1.0,0.0,walk_delay_comp
648,12.96,1.0,0.0,0.39191150665283203,0.6916226744651794,-0.06759200990200043,0.179805189371109,0,2000,comp,0,0,42,1.0,0.0,walk_delay_comp
649,12.98,1.0,0.0,0.39138519763946533,0.7058353424072266,-0.08804599195718765,0.15191544592380524,0,2000,comp,0,0,42,1.0,0.0,walk_delay_comp
650,13.0,1.0,0.0,0.39071977138519287,0.7254628539085388,-0.10480742901563644,0.12068923562765121,0,2000,comp,0,0,42,1.0,0.0,walk_delay_comp
651,13.02,1.0,0.0,0.3902367353439331,0.7503467798233032,-0.11984748393297195,0.05108649283647537,0,2000,comp,0,0,42,1.0,0.0,walk_delay_comp
652,13.040000000000001,1.0,0.0,0.3904329538345337,0.7809536457061768,-0.13390804827213287,-0.05998890474438667,0,2000,comp,0,0,42,1.0,0.0,walk_delay_comp
653,13.06,1.0,0.0,0.3913966417312622,0.816679060459137,-0.14867731928825378,-0.15894776582717896,0,2000,comp,0,0,42,1.0,0.0,walk_delay_comp
654,13.08,1.0,0.0,0.3925626277923584,0.8580507636070251,-0.16410548985004425,-0.19912821054458618,0,2000,comp,0,0,42,1.0,0.0,walk_delay_comp
655,13.1,1.0,0.0,0.39314496517181396,0.9003511667251587,-0.18354856967926025,-0.16842298209667206,0,2000,comp,0,0,42,1.0,0.0,walk_delay_comp
656,13.120000000000001,1.0,0.0,0.39314115047454834,0.9422333240509033,-0.211126908659935,-0.10728108882904053,0,2000,comp,0,0,42,1.0,0.0,walk_delay_comp
657,13.14,1.0,0.0,0.3926875591278076,0.9815489649772644,-0.24464495480060577,-0.026160888373851776,0,2000,comp,0,0,42,1.0,0.0,walk_delay_comp
658,13.16,1.0,0.0,0.39170968532562256,1.0150184631347656,-0.28235867619514465,0.07267686724662781,0,2000,comp,0,0,42,1.0,0.0,walk_delay_comp
659,13.18,1.0,0.0,0.3899475336074829,1.0379655361175537,-0.31747737526893616,0.10220398008823395,0,2000,comp,0,0,42,1.0,0.0,walk_delay_comp
660,13.200000000000001,1.0,0.0,0.3909975290298462,0.9351921677589417,-0.24729502201080322,0.05030817911028862,0,2000,comp,0,0,42,1.0,0.0,walk_delay_comp
661,13.22,1.0,0.0,0.3880044221878052,0.868718147277832,-0.18577387928962708,0.3499268889427185,0,2000,comp,0,0,42,1.0,0.0,walk_delay_comp
662,13.24,1.0,0.0,0.38319528102874756,0.8053079843521118,-0.14353062212467194,0.2030050903558731,0,2000,comp,0,0,42,1.0,0.0,walk_delay_comp
663,13.26,1.0,0.0,0.3806217908859253,0.7698361873626709,-0.12351647019386292,-0.04726022481918335,0,2000,comp,0,0,42,1.0,0.0,walk_delay_comp
664,13.280000000000001,1.0,0.0,0.37904036045074463,0.7313529253005981,-0.09933197498321533,-0.11935748904943466,0,2000,comp,0,0,42,1.0,0.0,walk_delay_comp
665,13.3,1.0,0.0,0.3796614408493042,0.7087222337722778,-0.07530459761619568,-0.361803263425827,0,2000,comp,0,0,42,1.0,0.0,walk_delay_comp
666,13.32,1.0,0.0,0.3805001974105835,0.6852869391441345,-0.04357708618044853,-0.20548078417778015,0,2000,comp,0,0,42,1.0,0.0,walk_delay_comp
667,13.34,1.0,0.0,0.3793262243270874,0.6608672738075256,-0.013515681028366089,-0.04073315113782883,0,2000,comp,0,0,42,1.0,0.0,walk_delay_comp
668,13.36,1.0,0.0,0.37713623046875,0.6610715389251709,0.003349694889038801,0.1370924413204193,0,2000,comp,0,0,42,1.0,0.0,walk_delay_comp
669,13.38,1.0,0.0,0.37412476539611816,0.6488665342330933,0.022053254768252373,0.13314124941825867,0,2000,comp,0,0,42,1.0,0.0,walk_delay_comp
670,13.4,1.0,0.0,0.3711209297180176,0.6534416675567627,0.03890343755483627,0.21998068690299988,0,2000,comp,0,0,42,1.0,0.0,walk_delay_comp
671,13.42,1.0,0.0,0.36728763580322266,0.6680513620376587,0.05247840657830238,0.3601312041282654,0,2000,comp,0,0,42,1.0,0.0,walk_delay_comp
672,13.44,1.0,0.0,0.36282622814178467,0.6840099692344666,0.06586632132530212,0.41816094517707825,0,2000,comp,0,0,42,1.0,0.0,walk_delay_comp
673,13.46,1.0,0.0,0.357735276222229,0.7059647440910339,0.07972578704357147,0.5294547080993652,0,2000,comp,0,0,42,1.0,0.0,walk_delay_comp
674,13.48,1.0,0.0,0.3529045581817627,0.7275874614715576,0.0936700850725174,0.47651195526123047,0,2000,comp,0,0,42,1.0,0.0,walk_delay_comp
675,13.5,1.0,0.0,0.34869635105133057,0.7520180940628052,0.11104953289031982,0.45034360885620117,0,2000,comp,0,0,42,1.0,0.0,walk_delay_comp
676,13.52,1.0,0.0,0.3453434705734253,0.7786554098129272,0.12925465404987335,0.38324403762817383,0,2000,comp,0,0,42,1.0,0.0,walk_delay_comp
677,13.540000000000001,1.0,0.0,0.34326207637786865,0.8042421340942383,0.14994685351848602,0.2847614884376526,0,2000,comp,0,0,42,1.0,0.0,walk_delay_comp
678,13.56,1.0,0.0,0.3417855501174927,0.825507640838623,0.1766953468322754,0.24859276413917542,0,2000,comp,0,0,42,1.0,0.0,walk_delay_comp
679,13.58,1.0,0.0,0.34020066261291504,0.8444420099258423,0.20594334602355957,0.2320917844772339,0,2000,comp,0,0,42,1.0,0.0,walk_delay_comp
680,13.6,1.0,0.0,0.33840763568878174,0.8567487597465515,0.23642843961715698,0.1811821162700653,0,2000,comp,0,0,42,1.0,0.0,walk_delay_comp
681,13.620000000000001,1.0,0.0,0.3374544382095337,0.864006757736206,0.24816864728927612,-0.009446639567613602,0,2000,comp,0,0,42,1.0,0.0,walk_delay_comp
682,13.64,1.0,0.0,0.336948037147522,0.7935502529144287,0.18199902772903442,0.03491856902837753,0,2000,comp,0,0,42,1.0,0.0,walk_delay_comp
683,13.66,1.0,0.0,0.3376123905181885,0.759479820728302,0.13306325674057007,0.06653596460819244,0,2000,comp,0,0,42,1.0,0.0,walk_delay_comp
684,13.68,1.0,0.0,0.3385857343673706,0.7336121201515198,0.0914631336927414,0.1882118284702301,0,2000,comp,0,0,42,1.0,0.0,walk_delay_comp
685,13.700000000000001,1.0,0.0,0.33840131759643555,0.7075538635253906,0.05758558213710785,0.39570164680480957,0,2000,comp,0,0,42,1.0,0.0,walk_delay_comp
686,13.72,1.0,0.0,0.33625328540802,0.6952236294746399,0.02837970294058323,0.5351739525794983,0,2000,comp,0,0,42,1.0,0.0,walk_delay_comp
687,13.74,1.0,0.0,0.33350539207458496,0.6903783082962036,0.0016897108871489763,0.4801293611526489,0,2000,comp,0,0,42,1.0,0.0,walk_delay_comp
688,13.76,1.0,0.0,0.3310602903366089,0.6995238065719604,-0.021666396409273148,0.40331897139549255,0,2000,comp,0,0,42,1.0,0.0,walk_delay_comp
689,13.780000000000001,1.0,0.0,0.32937753200531006,0.7077543139457703,-0.04511343687772751,0.2980688214302063,0,2000,comp,0,0,42,1.0,0.0,walk_delay_comp
690,13.8,1.0,0.0,0.3284415006637573,0.7133341431617737,-0.06670331209897995,0.19312381744384766,0,2000,comp,0,0,42,1.0,0.0,walk_delay_comp
691,13.82,1.0,0.0,0.32820940017700195,0.7307776808738708,-0.08684580028057098,0.11013451218605042,0,2000,comp,0,0,42,1.0,0.0,walk_delay_comp
692,13.84,1.0,0.0,0.32832515239715576,0.7460625767707825,-0.10616905242204666,0.07944649457931519,0,2000,comp,0,0,42,1.0,0.0,walk_delay_comp
693,13.86,1.0,0.0,0.32833993434906006,0.7698089480400085,-0.12153004854917526,0.03941163420677185,0,2000,comp,0,0,42,1.0,0.0,walk_delay_comp
694,13.88,1.0,0.0,0.32864809036254883,0.800112783908844,-0.13599437475204468,-0.03754833713173866,0,2000,comp,0,0,42,1.0,0.0,walk_delay_comp
695,13.9,1.0,0.0,0.32960081100463867,0.8361908793449402,-0.15032710134983063,-0.13462162017822266,0,2000,comp,0,0,42,1.0,0.0,walk_delay_comp
696,13.92,1.0,0.0,0.33104753494262695,0.8784462213516235,-0.1652587503194809,-0.20947623252868652,0,2000,comp,0,0,42,1.0,0.0,walk_delay_comp
697,13.94,1.0,0.0,0.33225345611572266,0.9227371215820312,-0.18183889985084534,-0.2111353576183319,0,2000,comp,0,0,42,1.0,0.0,walk_delay_comp
698,13.96,1.0,0.0,0.33282697200775146,0.9672001600265503,-0.20562757551670074,-0.16708721220493317,0,2000,comp,0,0,42,1.0,0.0,walk_delay_comp
699,13.98,1.0,0.0,0.3328667879104614,1.0112746953964233,-0.23602712154388428,-0.09659506380558014,0,2000,comp,0,0,42,1.0,0.0,walk_delay_comp
700,14.0,1.0,0.0,0.332550048828125,1.0492730140686035,-0.2718404531478882,-0.014549599960446358,0,2000,comp,0,0,42,1.0,0.0,walk_delay_comp
701,14.02,1.0,0.0,0.3317018747329712,1.0818135738372803,-0.3108203411102295,0.07271513342857361,0,2000,comp,0,0,42,1.0,0.0,walk_delay_comp
702,14.040000000000001,1.0,0.0,0.33167409896850586,1.0032570362091064,-0.2776862382888794,-0.3096226155757904,0,2000,comp,0,0,42,1.0,0.0,walk_delay_comp
703,14.06,1.0,0.0,0.33114922046661377,0.9205440878868103,-0.19801460206508636,0.23171299695968628,0,2000,comp,0,0,42,1.0,0.0,walk_delay_comp
704,14.08,1.0,0.0,0.32756948471069336,0.8505711555480957,-0.14806123077869415,0.16439419984817505,0,2000,comp,0,0,42,1.0,0.0,walk_delay_comp
705,14.1,1.0,0.0,0.3253093957901001,0.7998868227005005,-0.1196131706237793,-0.08730314671993256,0,2000,comp,0,0,42,1.0,0.0,walk_delay_comp
706,14.120000000000001,1.0,0.0,0.32488691806793213,0.7574097514152527,-0.09121745824813843,-0.24877923727035522,0,2000,comp,0,0,42,1.0,0.0,walk_delay_comp
707,14.14,1.0,0.0,0.3260101079940796,0.7279354929924011,-0.06327275186777115,-0.3637983202934265,0,2000,comp,0,0,42,1.0,0.0,walk_delay_comp
708,14.16,1.0,0.0,0.32708072662353516,0.7038062214851379,-0.032637983560562134,-0.2686181664466858,0,2000,comp,0,0,42,1.0,0.0,walk_delay_comp
709,14.18,1.0,0.0,0.32690465450286865,0.6807283163070679,-0.002439574571326375,-0.1374427080154419,0,2000,comp,0,0,42,1.0,0.0,walk_delay_comp
710,14.200000000000001,1.0,0.0,0.3259369134902954,0.6734889149665833,0.020383693277835846,-0.010706630535423756,0,2000,comp,0,0,42,1.0,0.0,walk_delay_comp
711,14.22,1.0,0.0,0.32360851764678955,0.661675751209259,0.041340168565511703,0.08498309552669525,0,2000,comp,0,0,42,1.0,0.0,walk_delay_comp
712,14.24,1.0,0.0,0.32075297832489014,0.6612178087234497,0.05949962139129639,0.17456388473510742,0,2000,comp,0,0,42,1.0,0.0,walk_delay_comp
713,14.26,1.0,0.0,0.3174484968185425,0.6705818772315979,0.07461383938789368,0.2715628445148468,0,2000,comp,0,0,42,1.0,0.0,walk_delay_comp
714,14.280000000000001,1.0,0.0,0.3131294250488281,0.6861733794212341,0.08850446343421936,0.418965607881546,0,2000,comp,0,0,42,1.0,0.0,walk_delay_comp
715,14.3,1.0,0.0,0.30802595615386963,0.7052236199378967,0.10172268748283386,0.5046314001083374,0,2000,comp,0,0,42,1.0,0.0,walk_delay_comp
716,14.32,1.0,0.0,0.3029816150665283,0.7251393795013428,0.11645101010799408,0.4990153908729553,0,2000,comp,0,0,42,1.0,0.0,walk_delay_comp
717,14.34,1.0,0.0,0.2984257936477661,0.7477796077728271,0.1340971291065216,0.4665255546569824,0,2000,comp,0,0,42,1.0,0.0,walk_delay_comp
718,14.36,1.0,0.0,0.2947239875793457,0.7738864421844482,0.15263187885284424,0.40067246556282043,0,2000,comp,0,0,42,1.0,0.0,walk_delay_comp
719,14.38,1.0,0.0,0.2923644781112671,0.8001413345336914,0.17327959835529327,0.29293006658554077,0,2000,comp,0,0,42,1.0,0.0,walk_delay_comp
720,14.4,1.0,0.0,0.2911524772644043,0.8227779269218445,0.19934850931167603,0.21714094281196594,0,2000,comp,0,0,42,1.0,0.0,walk_delay_comp
721,14.42,1.0,0.0,0.2902158498764038,0.840607225894928,0.2305002361536026,0.18690244853496552,0,2000,comp,0,0,42,1.0,0.0,walk_delay_comp
722,14.44,1.0,0.0,0.2890423536300659,0.8525700569152832,0.26361775398254395,0.14547637104988098,0,2000,comp,0,0,42,1.0,0.0,walk_delay_comp
723,14.46,1.0,0.0,0.2879272699356079,0.8574360609054565,0.28575003147125244,0.06986891478300095,0,2000,comp,0,0,42,1.0,0.0,walk_delay_comp
724,14.48,1.0,0.0,0.28755271434783936,0.7988759279251099,0.23496824502944946,0.08982472121715546,0,2000,comp,0,0,42,1.0,0.0,walk_delay_comp
725,14.5,1.0,0.0,0.2882591485977173,0.762362539768219,0.1790725588798523,-0.04295838996767998,0,2000,comp,0,0,42,1.0,0.0,walk_delay_comp
726,14.52,1.0,0.0,0.29005181789398193,0.7316879034042358,0.13030296564102173,0.045222483575344086,0,2000,comp,0,0,42,1.0,0.0,walk_delay_comp
727,14.540000000000001,1.0,0.0,0.2911320924758911,0.6999971866607666,0.08978271484375,0.24002288281917572,0,2000,comp,0,0,42,1.0,0.0,walk_delay_comp
728,14.56,1.0,0.0,0.29022157192230225,0.6837786436080933,0.056906819343566895,0.42122846841812134,0,2000,comp,0,0,42,1.0,0.0,walk_delay_comp
729,14.58,1.0,0.0,0.28858470916748047,0.67289799451828,0.026870347559452057,0.39496472477912903,0,2000,comp,0,0,42,1.0,0.0,walk_delay_comp
730,14.6,1.0,0.0,0.2867778539657593,0.6811175346374512,0.002555097918957472,0.3745422959327698,0,2000,comp,0,0,42,1.0,0.0,walk_delay_comp
731,14.620000000000001,1.0,0.0,0.2851628065109253,0.688102126121521,-0.02133464440703392,0.3291698098182678,0,2000,comp,0,0,42,1.0,0.0,walk_delay_comp
732,14.64,1.0,0.0,0.283988356590271,0.6947140097618103,-0.04356768727302551,0.21375368535518646,0,2000,comp,0,0,42,1.0,0.0,walk_delay_comp
733,14.66,1.0,0.0,0.28357911109924316,0.7109231352806091,-0.06372936069965363,0.1249515637755394,0,2000,comp,0,0,42,1.0,0.0,walk_delay_comp
734,14.68,1.0,0.0,0.28372037410736084,0.7224152088165283,-0.08366227895021439,0.08200019598007202,0,2000,comp,0,0,42,1.0,0.0,walk_delay_comp
735,14.700000000000001,1.0,0.0,0.28377771377563477,0.7414155602455139,-0.10019446164369583,0.049908943474292755,0,2000,comp,0,0,42,1.0,0.0,walk_delay_comp
736,14.72,1.0,0.0,0.28404223918914795,0.7664610743522644,-0.11369847506284714,-0.02291330322623253,0,2000,comp,0,0,42,1.0,0.0,walk_delay_comp
737,14.74,1.0,0.0,0.2849252223968506,0.7965532541275024,-0.1277003437280655,-0.11784575879573822,0,2000,comp,0,0,42,1.0,0.0,walk_delay_comp
738,14.76,1.0,0.0,0.2864495515823364,0.8331924676895142,-0.14184348285198212,-0.20776858925819397,0,2000,comp,0,0,42,1.0,0.0,walk_delay_comp
739,14.780000000000001,1.0,0.0,0.2881096601486206,0.8748481273651123,-0.15660682320594788,-0.24550965428352356,0,2000,comp,0,0,42,1.0,0.0,walk_delay_comp
740,14.8,1.0,0.0,0.2891443967819214,0.9166578054428101,-0.17572014033794403,-0.20804454386234283,0,2000,comp,0,0,42,1.0,0.0,walk_delay_comp
741,14.82,1.0,0.0,0.28948915004730225,0.9580183029174805,-0.20231686532497406,-0.14254413545131683,0,2000,comp,0,0,42,1.0,0.0,walk_delay_comp
742,14.84,1.0,0.0,0.28947877883911133,0.9973478317260742,-0.23516620695590973,-0.0786479264497757,0,2000,comp,0,0,42,1.0,0.0,walk_delay_comp
743,14.86,1.0,0.0,0.28914785385131836,1.0305955410003662,-0.2719056308269501,0.010739665478467941,0,2000,comp,0,0,42,1.0,0.0,walk_delay_comp
744,14.88,1.0,0.0,0.2880845069885254,1.05231773853302,-0.3026904761791229,0.06549743562936783,0,2000,comp,0,0,42,1.0,0.0,walk_delay_comp
745,14.9,1.0,0.0,0.2895597219467163,0.9431665539741516,-0.22690732777118683,0.0504143126308918,0,2000,comp,0,0,42,1.0,0.0,walk_delay_comp
746,14.92,1.0,0.0,0.28692626953125,0.8782141804695129,-0.16632577776908875,0.29476940631866455,0,2000,comp,0,0,42,1.0,0.0,walk_delay_comp
747,14.94,1.0,0.0,0.28301453590393066,0.8163630962371826,-0.12663191556930542,0.09788551926612854,0,2000,comp,0,0,42,1.0,0.0,walk_delay_comp
748,14.96,1.0,0.0,0.2815660238265991,0.7815463542938232,-0.10718914866447449,-0.15345966815948486,0,2000,comp,0,0,42,1.0,0.0,walk_delay_comp
749,14.98,1.0,0.0,0.2810150384902954,0.7442421913146973,-0.08434759080410004,-0.21957239508628845,0,2000,comp,0,0,42,1.0,0.0,walk_delay_comp
750,15.0,1.0,0.0,0.2824465036392212,0.722190260887146,-0.05844444781541824,-0.41240209341049194,0,2000,comp,0,0,42,1.0,0.0,walk_delay_comp
751,15.02,1.0,0.0,0.2837693691253662,0.6998730301856995,-0.027785446494817734,-0.25394222140312195,0,2000,comp,0,0,42,1.0,0.0,walk_delay_comp
752,15.040000000000001,1.0,0.0,0.2829911708831787,0.6740182638168335,0.0012915743282064795,-0.06729774922132492,0,2000,comp,0,0,42,1.0,0.0,walk_delay_comp
753,15.06,1.0,0.0,0.28109097480773926,0.672752320766449,0.01719788648188114,0.09826472401618958,0,2000,comp,0,0,42,1.0,0.0,walk_delay_comp
754,15.08,1.0,0.0,0.2782794237136841,0.66312575340271,0.03666551411151886,0.12497168779373169,0,2000,comp,0,0,42,1.0,0.0,walk_delay_comp
755,15.1,1.0,0.0,0.2754385471343994,0.6664708852767944,0.05344917252659798,0.19081756472587585,0,2000,comp,0,0,42,1.0,0.0,walk_delay_comp
756,15.120000000000001,1.0,0.0,0.2719796895980835,0.6798548698425293,0.06764594465494156,0.31797292828559875,0,2000,comp,0,0,42,1.0,0.0,walk_delay_comp
757,15.14,1.0,0.0,0.26761674880981445,0.698869526386261,0.08042801171541214,0.4272013306617737,0,2000,comp,0,0,42,1.0,0.0,walk_delay_comp
758,15.16,1.0,0.0,0.26294732093811035,0.7196077704429626,0.09323439747095108,0.45903223752975464,0,2000,comp,0,0,42,1.0,0.0,walk_delay_comp
759,15.18,1.0,0.0,0.25853240489959717,0.7416523694992065,0.10856812447309494,0.45169585943222046,0,2000,comp,0,0,42,1.0,0.0,walk_delay_comp
760,15.200000000000001,1.0,0.0,0.2546504735946655,0.7663193941116333,0.12608689069747925,0.41031235456466675,0,2000,comp,0,0,42,1.0,0.0,walk_delay_comp
761,15.22,1.0,0.0,0.25177133083343506,0.7943400740623474,0.144515722990036,0.332550048828125,0,2000,comp,0,0,42,1.0,0.0,walk_delay_comp
762,15.24,1.0,0.0,0.25019514560699463,0.8209187984466553,0.16595834493637085,0.23183676600456238,0,2000,comp,0,0,42,1.0,0.0,walk_delay_comp
763,15.26,1.0,0.0,0.24929141998291016,0.8433766961097717,0.19341440498828888,0.18482035398483276,0,2000,comp,0,0,42,1.0,0.0,walk_delay_comp
764,15.280000000000001,1.0,0.0,0.24830186367034912,0.8637503385543823,0.22335249185562134,0.1703631728887558,0,2000,comp,0,0,42,1.0,0.0,walk_delay_comp
765,15.3,1.0,0.0,0.2471100091934204,0.8763250708580017,0.2550850510597229,0.12232555449008942,0,2000,comp,0,0,42,1.0,0.0,walk_delay_comp
766,15.32,1.0,0.0,0.24650156497955322,0.8830118775367737,0.26981911063194275,-0.015270598232746124,0,2000,comp,0,0,42,1.0,0.0,walk_delay_comp
767,15.34,1.0,0.0,0.2460097074508667,0.809596061706543,0.20144067704677582,0.026144964620471,0,2000,comp,0,0,42,1.0,0.0,walk_delay_comp
768,15.36,1.0,0.0,0.24715888500213623,0.7703234553337097,0.14635738730430603,-0.004075395874679089,0,2000,comp,0,0,42,1.0,0.0,walk_delay_comp
769,15.38,1.0,0.0,0.24888360500335693,0.7406022548675537,0.10219352692365646,0.1082523912191391,0,2000,comp,0,0,42,1.0,0.0,walk_delay_comp
770,15.4,1.0,0.0,0.24946510791778564,0.7120091319084167,0.06733494251966476,0.32465386390686035,0,2000,comp,0,0,42,1.0,0.0,walk_delay_comp
771,15.42,1.0,0.0,0.24799668788909912,0.698974072933197,0.037635985761880875,0.47707241773605347,0,2000,comp,0,0,42,1.0,0.0,walk_delay_comp
772,15.44,1.0,0.0,0.24582397937774658,0.6931858062744141,0.011396924965083599,0.4335634410381317,0,2000,comp,0,0,42,1.0,0.0,walk_delay_comp
773,15.46,1.0,0.0,0.24387037754058838,0.7010735869407654,-0.011913762427866459,0.366788387298584,0,2000,comp,0,0,42,1.0,0.0,walk_delay_comp
774,15.48,1.0,0.0,0.24240171909332275,0.708919882774353,-0.035011909902095795,0.29018113017082214,0,2000,comp,0,0,42,1.0,0.0,walk_delay_comp
775,15.5,1.0,0.0,0.24159681797027588,0.7150314450263977,-0.05682931840419769,0.1717296838760376,0,2000,comp,0,0,42,1.0,0.0,walk_delay_comp
776,15.52,1.0,0.0,0.24166476726531982,0.7316898107528687,-0.07666441053152084,0.07340934872627258,0,2000,comp,0,0,42,1.0,0.0,walk_delay_comp
777,15.540000000000001,1.0,0.0,0.2421196699142456,0.7463918328285217,-0.09548113495111465,0.04965859651565552,0,2000,comp,0,0,42,1.0,0.0,walk_delay_comp
778,15.56,1.0,0.0,0.24241209030151367,0.7691926956176758,-0.11095832288265228,0.01524561271071434,0,2000,comp,0,0,42,1.0,0.0,walk_delay_comp
779,15.58,1.0,0.0,0.24307715892791748,0.7982857823371887,-0.12514720857143402,-0.07695746421813965,0,2000,comp,0,0,42,1.0,0.0,walk_delay_comp
780,15.6,1.0,0.0,0.24448740482330322,0.8328716158866882,-0.13902461528778076,-0.17884813249111176,0,2000,comp,0,0,42,1.0,0.0,walk_delay_comp
781,15.620000000000001,1.0,0.0,0.24641406536102295,0.8740004897117615,-0.15288011729717255,-0.25409996509552,0,2000,comp,0,0,42,1.0,0.0,walk_delay_comp
782,15.64,1.0,0.0,0.24808943271636963,0.9170324206352234,-0.1681848168373108,-0.2568432688713074,0,2000,comp,0,0,42,1.0,0.0,walk_delay_comp
783,15.66,1.0,0.0,0.2491081953048706,0.9598307013511658,-0.1908736228942871,-0.21347784996032715,0,2000,comp,0,0,42,1.0,0.0,walk_delay_comp
784,15.68,1.0,0.0,0.2496129274368286,1.0017112493515015,-0.21987175941467285,-0.15130440890789032,0,2000,comp,0,0,42,1.0,0.0,walk_delay_comp
785,15.700000000000001,1.0,0.0,0.2498840093612671,1.0385569334030151,-0.2539198398590088,-0.07749491930007935,0,2000,comp,0,0,42,1.0,0.0,walk_delay_comp
786,15.72,1.0,0.0,0.24970614910125732,1.070781946182251,-0.29095208644866943,0.00937572866678238,0,2000,comp,0,0,42,1.0,0.0,walk_delay_comp
787,15.74,1.0,0.0,0.2497340440750122,0.998928427696228,-0.27373403310775757,-0.5118436217308044,0,2000,comp,0,0,42,1.0,0.0,walk_delay_comp
788,15.76,1.0,0.0,0.250033974647522,0.9250807762145996,-0.19280023872852325,0.16542696952819824,0,2000,comp,0,0,42,1.0,0.0,walk_delay_comp
789,15.780000000000001,1.0,0.0,0.2470177412033081,0.8559820652008057,-0.1448127031326294,0.12537574768066406,0,2000,comp,0,0,42,1.0,0.0,walk_delay_comp
790,15.8,1.0,0.0,0.24513447284698486,0.8057838678359985,-0.11638198047876358,-0.09228815138339996,0,2000,comp,0,0,42,1.0,0.0,walk_delay_comp
791,15.82,1.0,0.0,0.24467742443084717,0.761536180973053,-0.08811942487955093,-0.25157180428504944,0,2000,comp,0,0,42,1.0,0.0,walk_delay_comp
792,15.84,1.0,0.0,0.2459198236465454,0.7342320084571838,-0.06238580122590065,-0.37005501985549927,0,2000,comp,0,0,42,1.0,0.0,walk_delay_comp
793,15.860000000000001,1.0,0.0,0.24678659439086914,0.7109760046005249,-0.03221777454018593,-0.24821916222572327,0,2000,comp,0,0,42,1.0,0.0,walk_delay_comp
794,15.88,1.0,0.0,0.24657762050628662,0.6873465180397034,-0.0022208592854440212,-0.15256036818027496,0,2000,comp,0,0,42,1.0,0.0,walk_delay_comp
795,15.9,1.0,0.0,0.2457261085510254,0.6810705661773682,0.018913637846708298,-0.015739424154162407,0,2000,comp,0,0,42,1.0,0.0,walk_delay_comp
796,15.92,1.0,0.0,0.2435206174850464,0.6701148748397827,0.03960585594177246,0.05638489872217178,0,2000,comp,0,0,42,1.0,0.0,walk_delay_comp
797,15.94,1.0,0.0,0.2410973310470581,0.6702623963356018,0.058003704994916916,0.1313018798828125,0,2000,comp,0,0,42,1.0,0.0,walk_delay_comp
798,15.96,1.0,0.0,0.23816454410552979,0.6776781678199768,0.07323012501001358,0.2365294247865677,0,2000,comp,0,0,42,1.0,0.0,walk_delay_comp
799,15.98,1.0,0.0,0.23416292667388916,0.6936452984809875,0.08634094893932343,0.3869706392288208,0,2000,comp,0,0,42,1.0,0.0,walk_delay_comp
800,16.0,1.0,0.0,0.2294858694076538,0.7127766013145447,0.09873674064874649,0.45878612995147705,0,2000,comp,0,0,42,1.0,0.0,walk_delay_comp
801,16.02,1.0,0.0,0.22494351863861084,0.7326069474220276,0.11280018091201782,0.4513095021247864,0,2000,comp,0,0,42,1.0,0.0,walk_delay_comp
802,16.04,1.0,0.0,0.22086286544799805,0.7555431127548218,0.1300554722547531,0.42348915338516235,0,2000,comp,0,0,42,1.0,0.0,walk_delay_comp
803,16.06,1.0,0.0,0.21766149997711182,0.781793475151062,0.14846138656139374,0.35128068923950195,0,2000,comp,0,0,42,1.0,0.0,walk_delay_comp
804,16.080000000000002,1.0,0.0,0.21585559844970703,0.808455765247345,0.16936475038528442,0.23719289898872375,0,2000,comp,0,0,42,1.0,0.0,walk_delay_comp
805,16.1,1.0,0.0,0.2152162790298462,0.8320462107658386,0.1957613080739975,0.15928833186626434,0,2000,comp,0,0,42,1.0,0.0,walk_delay_comp
806,16.12,1.0,0.0,0.21475589275360107,0.8516257405281067,0.22688472270965576,0.1423814743757248,0,2000,comp,0,0,42,1.0,0.0,walk_delay_comp
807,16.14,1.0,0.0,0.2138911485671997,0.8649272322654724,0.25988930463790894,0.11632446199655533,0,2000,comp,0,0,42,1.0,0.0,walk_delay_comp
808,16.16,1.0,0.0,0.2130415439605713,0.8712787628173828,0.28355851769447327,0.06833066046237946,0,2000,comp,0,0,42,1.0,0.0,walk_delay_comp
809,16.18,1.0,0.0,0.21312940120697021,0.8224860429763794,0.24438485503196716,0.06413380801677704,0,2000,comp,0,0,42,1.0,0.0,walk_delay_comp
810,16.2,1.0,0.0,0.2137395143508911,0.7813230156898499,0.1817430853843689,-0.05969130992889404,0,2000,comp,0,0,42,1.0,0.0,walk_delay_comp
811,16.22,1.0,0.0,0.21567046642303467,0.7549281716346741,0.13330316543579102,-0.005512143485248089,0,2000,comp,0,0,42,1.0,0.0,walk_delay_comp
812,16.240000000000002,1.0,0.0,0.21747231483459473,0.7272243499755859,0.09320306032896042,0.14704138040542603,0,2000,comp,0,0,42,1.0,0.0,walk_delay_comp
813,16.26,1.0,0.0,0.21731388568878174,0.7111369967460632,0.06129363924264908,0.3744437098503113,0,2000,comp,0,0,42,1.0,0.0,walk_delay_comp
814,16.28,1.0,0.0,0.21600091457366943,0.7026451826095581,0.031718701124191284,0.3900834619998932,0,2000,comp,0,0,42,1.0,0.0,walk_delay_comp
815,16.3,1.0,0.0,0.2144252061843872,0.7091013789176941,0.0055608549155294895,0.36087706685066223,0,2000,comp,0,0,42,1.0,0.0,walk_delay_comp
816,16.32,1.0,0.0,0.2130056619644165,0.7180801033973694,-0.019315900281071663,0.3095850944519043,0,2000,comp,0,0,42,1.0,0.0,walk_delay_comp
817,16.34,1.0,0.0,0.21212828159332275,0.7252725958824158,-0.04247209429740906,0.19268733263015747,0,2000,comp,0,0,42,1.0,0.0,walk_delay_comp
818,16.36,1.0,0.0,0.21196508407592773,0.7413792610168457,-0.06246237829327583,0.10752195119857788,0,2000,comp,0,0,42,1.0,0.0,walk_delay_comp
819,16.38,1.0,0.0,0.2123204469680786,0.7532044053077698,-0.08224751055240631,0.06503482162952423,0,2000,comp,0,0,42,1.0,0.0,walk_delay_comp
820,16.4,1.0,0.0,0.2126065492630005,0.7701568007469177,-0.09862283617258072,0.03464985638856888,0,2000,comp,0,0,42,1.0,0.0,walk_delay_comp
821,16.42,1.0,0.0,0.21307623386383057,0.795373260974884,-0.11237426102161407,-0.04200486093759537,0,2000,comp,0,0,42,1.0,0.0,walk_delay_comp
822,16.44,1.0,0.0,0.21427428722381592,0.8252960443496704,-0.1259496808052063,-0.15447813272476196,0,2000,comp,0,0,42,1.0,0.0,walk_delay_comp
823,16.46,1.0,0.0,0.2162841558456421,0.8624323606491089,-0.13967852294445038,-0.25517892837524414,0,2000,comp,0,0,42,1.0,0.0,walk_delay_comp
824,16.48,1.0,0.0,0.21849095821380615,0.9044491052627563,-0.15323103964328766,-0.2981666922569275,0,2000,comp,0,0,42,1.0,0.0,walk_delay_comp
825,16.5,1.0,0.0,0.22006571292877197,0.9467331171035767,-0.1710779070854187,-0.2604374587535858,0,2000,comp,0,0,42,1.0,0.0,walk_delay_comp
826,16.52,1.0,0.0,0.220963716506958,0.9883458614349365,-0.19698849320411682,-0.19846662878990173,0,2000,comp,0,0,42,1.0,0.0,walk_delay_comp
827,16.54,1.0,0.0,0.22151672840118408,1.0278680324554443,-0.22843147814273834,-0.13066086173057556,0,2000,comp,0,0,42,1.0,0.0,walk_delay_comp
828,16.56,1.0,0.0,0.22170913219451904,1.0618867874145508,-0.2636570632457733,-0.03062959387898445,0,2000,comp,0,0,42,1.0,0.0,walk_delay_comp
829,16.580000000000002,1.0,0.0,0.22113561630249023,1.0845184326171875,-0.2897469699382782,0.05232933163642883,0,2000,comp,0,0,42,1.0,0.0,walk_delay_comp
830,16.6,1.0,0.0,0.22292554378509521,0.9632748365402222,-0.20624975860118866,0.043125033378601074,0,2000,comp,0,0,42,1.0,0.0,walk_delay_comp
831,16.62,1.0,0.0,0.22063720226287842,0.89630526304245,-0.14865784347057343,0.2234863042831421,0,2000,comp,0,0,42,1.0,0.0,walk_delay_comp
832,16.64,1.0,0.0,0.21754789352416992,0.832779586315155,-0.10825391113758087,0.006356202531605959,0,2000,comp,0,0,42,1.0,0.0,walk_delay_comp
833,16.66,1.0,0.0,0.216955304145813,0.7963384985923767,-0.08838307857513428,-0.24052020907402039,0,2000,comp,0,0,42,1.0,0.0,walk_delay_comp
834,16.68,1.0,0.0,0.2172006368637085,0.7607879638671875,-0.06406325846910477,-0.29356813430786133,0,2000,comp,0,0,42,1.0,0.0,walk_delay_comp
835,16.7,1.0,0.0,0.2193814516067505,0.738662838935852,-0.040219251066446304,-0.485427588224411,0,2000,comp,0,0,42,1.0,0.0,walk_delay_comp
836,16.72,1.0,0.0,0.22132861614227295,0.7154183983802795,-0.01073557697236538,-0.3078264594078064,0,2000,comp,0,0,42,1.0,0.0,walk_delay_comp
837,16.740000000000002,1.0,0.0,0.2209078073501587,0.6906245946884155,0.017939753830432892,-0.10274452716112137,0,2000,comp,0,0,42,1.0,0.0,walk_delay_comp
838,16.76,1.0,0.0,0.21922814846038818,0.6904435157775879,0.03399582579731941,0.07571875303983688,0,2000,comp,0,0,42,1.0,0.0,walk_delay_comp
839,16.78,1.0,0.0,0.21658742427825928,0.6801487803459167,0.05349703133106232,0.09896031022071838,0,2000,comp,0,0,42,1.0,0.0,walk_delay_comp
840,16.8,1.0,0.0,0.213942289352417,0.6851558685302734,0.06993512809276581,0.17097246646881104,0,2000,comp,0,0,42,1.0,0.0,walk_delay_comp
841,16.82,1.0,0.0,0.2105323076248169,0.7003930807113647,0.0835157185792923,0.31367361545562744,0,2000,comp,0,0,42,1.0,0.0,walk_delay_comp
842,16.84,1.0,0.0,0.20637238025665283,0.719512939453125,0.09660009294748306,0.3916688561439514,0,2000,comp,0,0,42,1.0,0.0,walk_delay_comp
843,16.86,1.0,0.0,0.20188379287719727,0.7417206168174744,0.11023914813995361,0.44728875160217285,0,2000,comp,0,0,42,1.0,0.0,walk_delay_comp
844,16.88,1.0,0.0,0.197715163230896,0.7645718455314636,0.12570153176784515,0.41661861538887024,0,2000,comp,0,0,42,1.0,0.0,walk_delay_comp
845,16.9,1.0,0.0,0.19424855709075928,0.7901507019996643,0.14389623701572418,0.3641604781150818,0,2000,comp,0,0,42,1.0,0.0,walk_delay_comp
846,16.92,1.0,0.0,0.19189107418060303,0.8190577626228333,0.16336730122566223,0.27611327171325684,0,2000,comp,0,0,42,1.0,0.0,walk_delay_comp
847,16.94,1.0,0.0,0.19093632698059082,0.8464618921279907,0.1860327124595642,0.16757941246032715,0,2000,comp,0,0,42,1.0,0.0,walk_delay_comp
848,16.96,1.0,0.0,0.19066917896270752,0.8695451021194458,0.21484990417957306,0.11862140893936157,0,2000,comp,0,0,42,1.0,0.0,walk_delay_comp
849,16.98,1.0,0.0,0.19035398960113525,0.8892314434051514,0.24629805982112885,0.090603768825531,0,2000,comp,0,0,42,1.0,0.0,walk_delay_comp
850,17.0,1.0,0.0,0.18989479541778564,0.9017288088798523,0.2798421382904053,0.04680468887090683,0,2000,comp,0,0,42,1.0,0.0,walk_delay_comp
851,17.02,1.0,0.0,0.18999874591827393,0.9047273993492126,0.2934568226337433,-0.050074588507413864,0,2000,comp,0,0,42,1.0,0.0,walk_delay_comp
852,17.04,1.0,0.0,0.18970870971679688,0.8203347325325012,0.2198629081249237,0.020432325080037117,0,2000,comp,0,0,42,1.0,0.0,walk_delay_comp
853,17.06,1.0,0.0,0.19099748134613037,0.7800763249397278,0.16514679789543152,-0.030409198254346848,0,2000,comp,0,0,42,1.0,0.0,walk_delay_comp
854,17.080000000000002,1.0,0.0,0.1931307315826416,0.7557794451713562,0.12024927139282227,0.028722459450364113,0,2000,comp,0,0,42,1.0,0.0,walk_delay_comp
855,17.1,1.0,0.0,0.19424355030059814,0.7254817485809326,0.08355782926082611,0.2848435342311859,0,2000,comp,0,0,42,1.0,0.0,walk_delay_comp
856,17.12,1.0,0.0,0.19321489334106445,0.7183292508125305,0.057093434035778046,0.3812199831008911,0,2000,comp,0,0,42,1.0,0.0,walk_delay_comp
857,17.14,1.0,0.0,0.19192373752593994,0.7093665599822998,0.02817697636783123,0.3488672971725464,0,2000,comp,0,0,42,1.0,0.0,walk_delay_comp
858,17.16,1.0,0.0,0.19057714939117432,0.7254276871681213,0.0025638616643846035,0.27166688442230225,0,2000,comp,0,0,42,1.0,0.0,walk_delay_comp
859,17.18,1.0,0.0,0.19032049179077148,0.7307048439979553,-0.019873997196555138,0.16035977005958557,0,2000,comp,0,0,42,1.0,0.0,walk_delay_comp
860,17.2,1.0,0.0,0.19025719165802002,0.7375330328941345,-0.04055677354335785,0.1262345016002655,0,2000,comp,0,0,42,1.0,0.0,walk_delay_comp
861,17.22,1.0,0.0,0.19073045253753662,0.7453728318214417,-0.06169363111257553,0.039176084101200104,0,2000,comp,0,0,42,1.0,0.0,walk_delay_comp
862,17.240000000000002,1.0,0.0,0.19153642654418945,0.7611619234085083,-0.07884768396615982,-0.005409384146332741,0,2000,comp,0,0,42,1.0,0.0,walk_delay_comp
863,17.26,1.0,0.0,0.1922903060913086,0.7834157943725586,-0.09241234511137009,-0.034949637949466705,0,2000,comp,0,0,42,1.0,0.0,walk_delay_comp
864,17.28,1.0,0.0,0.19332218170166016,0.8122056722640991,-0.10527081042528152,-0.11544013023376465,0,2000,comp,0,0,42,1.0,0.0,walk_delay_comp
865,17.3,1.0,0.0,0.19494736194610596,0.8464248776435852,-0.11829729378223419,-0.20128196477890015,0,2000,comp,0,0,42,1.0,0.0,walk_delay_comp
866,17.32,1.0,0.0,0.19700491428375244,0.8865609169006348,-0.131733238697052,-0.2704024910926819,0,2000,comp,0,0,42,1.0,0.0,walk_delay_comp
867,17.34,1.0,0.0,0.19871032238006592,0.9290433526039124,-0.14713208377361298,-0.25667494535446167,0,2000,comp,0,0,42,1.0,0.0,walk_delay_comp
868,17.36,1.0,0.0,0.19972169399261475,0.9716463685035706,-0.1701735556125641,-0.214677631855011,0,2000,comp,0,0,42,1.0,0.0,walk_delay_comp
869,17.38,1.0,0.0,0.20024216175079346,1.013990879058838,-0.1987549364566803,-0.15199950337409973,0,2000,comp,0,0,42,1.0,0.0,walk_delay_comp
870,17.400000000000002,1.0,0.0,0.20056641101837158,1.0507625341415405,-0.23203440010547638,-0.07920551300048828,0,2000,comp,0,0,42,1.0,0.0,walk_delay_comp
871,17.42,1.0,0.0,0.20043325424194336,1.0823432207107544,-0.26834729313850403,0.012352068908512592,0,2000,comp,0,0,42,1.0,0.0,walk_delay_comp
872,17.44,1.0,0.0,0.2009068727493286,1.0020673274993896,-0.22780150175094604,-0.4028899669647217,0,2000,comp,0,0,42,1.0,0.0,walk_delay_comp
873,17.46,1.0,0.0,0.201041579246521,0.929400622844696,-0.16140645742416382,0.14909091591835022,0,2000,comp,0,0,42,1.0,0.0,walk_delay_comp
874,17.48,1.0,0.0,0.19848453998565674,0.861023485660553,-0.11526544392108917,0.07252240926027298,0,2000,comp,0,0,42,1.0,0.0,walk_delay_comp
875,17.5,1.0,0.0,0.1970435380935669,0.8114961385726929,-0.08976835757493973,-0.16012057662010193,0,2000,comp,0,0,42,1.0,0.0,walk_delay_comp
876,17.52,1.0,0.0,0.19725286960601807,0.7699928283691406,-0.06382725387811661,-0.29293301701545715,0,2000,comp,0,0,42,1.0,0.0,walk_delay_comp
877,17.54,1.0,0.0,0.19882690906524658,0.7410467267036438,-0.03793897107243538,-0.38619184494018555,0,2000,comp,0,0,42,1.0,0.0,walk_delay_comp
878,17.56,1.0,0.0,0.20010459423065186,0.7166733145713806,-0.010747277177870274,-0.28242459893226624,0,2000,comp,0,0,42,1.0,0.0,walk_delay_comp
879,17.580000000000002,1.0,0.0,0.19991600513458252,0.6937299370765686,0.016691699624061584,-0.13310879468917847,0,2000,comp,0,0,42,1.0,0.0,walk_delay_comp
880,17.6,1.0,0.0,0.19912493228912354,0.6903178095817566,0.0364866741001606,-0.03833664581179619,0,2000,comp,0,0,42,1.0,0.0,walk_delay_comp
881,17.62,1.0,0.0,0.19732511043548584,0.6774085164070129,0.05714411288499832,0.021563999354839325,0,2000,comp,0,0,42,1.0,0.0,walk_delay_comp
882,17.64,1.0,0.0,0.19493639469146729,0.6768737435340881,0.07524774968624115,0.14577558636665344,0,2000,comp,0,0,42,1.0,0.0,walk_delay_comp
883,17.66,1.0,0.0,0.1920415163040161,0.6884103417396545,0.0885218158364296,0.23136720061302185,0,2000,comp,0,0,42,1.0,0.0,walk_delay_comp
884,17.68,1.0,0.0,0.18831264972686768,0.7054919600486755,0.10105173289775848,0.35794442892074585,0,2000,comp,0,0,42,1.0,0.0,walk_delay_comp
885,17.7,1.0,0.0,0.1840118169784546,0.7250369787216187,0.11336943507194519,0.4262235760688782,0,2000,comp,0,0,42,1.0,0.0,walk_delay_comp
886,17.72,1.0,0.0,0.17985212802886963,0.7455004453659058,0.12797491252422333,0.41772371530532837,0,2000,comp,0,0,42,1.0,0.0,walk_delay_comp
887,17.740000000000002,1.0,0.0,0.17619621753692627,0.768287181854248,0.14580120146274567,0.3817681670188904,0,2000,comp,0,0,42,1.0,0.0,walk_delay_comp
888,17.76,1.0,0.0,0.17341649532318115,0.794553816318512,0.1649588644504547,0.3103634715080261,0,2000,comp,0,0,42,1.0,0.0,walk_delay_comp
889,17.78,1.0,0.0,0.172005295753479,0.8218673467636108,0.18625088036060333,0.20251253247261047,0,2000,comp,0,0,42,1.0,0.0,walk_delay_comp
890,17.8,1.0,0.0,0.17170560359954834,0.8459111452102661,0.21321511268615723,0.12646371126174927,0,2000,comp,0,0,42,1.0,0.0,walk_delay_comp
891,17.82,1.0,0.0,0.17156708240509033,0.8664125204086304,0.24473965167999268,0.10952498018741608,0,2000,comp,0,0,42,1.0,0.0,walk_delay_comp
892,17.84,1.0,0.0,0.17104637622833252,0.8795764446258545,0.2782284915447235,0.08211183547973633,0,2000,comp,0,0,42,1.0,0.0,walk_delay_comp
893,17.86,1.0,0.0,0.1704953908920288,0.8855569958686829,0.30254852771759033,0.05243908613920212,0,2000,comp,0,0,42,1.0,0.0,walk_delay_comp
894,17.88,1.0,0.0,0.1706181764602661,0.8331352472305298,0.26360708475112915,0.06470151245594025,0,2000,comp,0,0,42,1.0,0.0,walk_delay_comp
895,17.900000000000002,1.0,0.0,0.17125678062438965,0.7884982824325562,0.19794853031635284,-0.05485408753156662,0,2000,comp,0,0,42,1.0,0.0,walk_delay_comp
896,17.92,1.0,0.0,0.1733454465866089,0.7602366209030151,0.14700043201446533,-0.04015415906906128,0,2000,comp,0,0,42,1.0,0.0,walk_delay_comp
897,17.94,1.0,0.0,0.17551648616790771,0.7330747842788696,0.10588870942592621,0.10386956483125687,0,2000,comp,0,0,42,1.0,0.0,walk_delay_comp
898,17.96,1.0,0.0,0.17591822147369385,0.7157500982284546,0.07391291856765747,0.3245834410190582,0,2000,comp,0,0,42,1.0,0.0,walk_delay_comp
899,17.98,1.0,0.0,0.1751006841659546,0.7076468467712402,0.045200154185295105,0.3501603603363037,0,2000,comp,0,0,42,1.0,0.0,walk_delay_comp
900,18.0,1.0,0.0,0.17388033866882324,0.7131006717681885,0.01886836439371109,0.331331729888916,0,2000,comp,0,0,42,1.0,0.0,walk_delay_comp
901,18.02,1.0,0.0,0.17271077632904053,0.7237950563430786,-0.0067449817433953285,0.27512645721435547,0,2000,comp,0,0,42,1.0,0.0,walk_delay_comp
902,18.04,1.0,0.0,0.17219388484954834,0.7294324040412903,-0.030332209542393684,0.1600736677646637,0,2000,comp,0,0,42,1.0,0.0,walk_delay_comp
903,18.06,1.0,0.0,0.17223656177520752,0.745782196521759,-0.05057245492935181,0.09411589056253433,0,2000,comp,0,0,42,1.0,0.0,walk_delay_comp
904,18.080000000000002,1.0,0.0,0.17273128032684326,0.7560975551605225,-0.07046058773994446,0.052732810378074646,0,2000,comp,0,0,42,1.0,0.0,walk_delay_comp
905,18.1,1.0,0.0,0.17317616939544678,0.7728711366653442,-0.08656715601682663,0.016497869044542313,0,2000,comp,0,0,42,1.0,0.0,walk_delay_comp
906,18.12,1.0,0.0,0.17382776737213135,0.797188937664032,-0.10023000836372375,-0.05809449404478073,0,2000,comp,0,0,42,1.0,0.0,walk_delay_comp
907,18.14,1.0,0.0,0.1751422882080078,0.8265205025672913,-0.11345036327838898,-0.16452434659004211,0,2000,comp,0,0,42,1.0,0.0,walk_delay_comp
908,18.16,1.0,0.0,0.17723262310028076,0.8624392747879028,-0.126964271068573,-0.2638598084449768,0,2000,comp,0,0,42,1.0,0.0,walk_delay_comp
909,18.18,1.0,0.0,0.17954623699188232,0.903509795665741,-0.13980701565742493,-0.3099430203437805,0,2000,comp,0,0,42,1.0,0.0,walk_delay_comp
910,18.2,1.0,0.0,0.18123459815979004,0.9445197582244873,-0.15739834308624268,-0.271793395280838,0,2000,comp,0,0,42,1.0,0.0,walk_delay_comp
911,18.22,1.0,0.0,0.18226897716522217,0.9850437045097351,-0.18267372250556946,-0.21553820371627808,0,2000,comp,0,0,42,1.0,0.0,walk_delay_comp
912,18.240000000000002,1.0,0.0,0.18301057815551758,1.0237797498703003,-0.21326960623264313,-0.1513809859752655,0,2000,comp,0,0,42,1.0,0.0,walk_delay_comp
913,18.26,1.0,0.0,0.18344342708587646,1.0573557615280151,-0.24781151115894318,-0.054898038506507874,0,2000,comp,0,0,42,1.0,0.0,walk_delay_comp
914,18.28,1.0,0.0,0.18314135074615479,1.0811136960983276,-0.2740229666233063,0.01617693156003952,0,2000,comp,0,0,42,1.0,0.0,walk_delay_comp
915,18.3,1.0,0.0,0.18512487411499023,0.9685368537902832,-0.19920526444911957,-0.01843445748090744,0,2000,comp,0,0,42,1.0,0.0,walk_delay_comp
916,18.32,1.0,0.0,0.18312835693359375,0.9025965332984924,-0.14113065600395203,0.21869176626205444,0,2000,comp,0,0,42,1.0,0.0,walk_delay_comp
917,18.34,1.0,0.0,0.18002212047576904,0.8370019793510437,-0.10149703174829483,0.003947542980313301,0,2000,comp,0,0,42,1.0,0.0,walk_delay_comp
918,18.36,1.0,0.0,0.1794377565383911,0.8029892444610596,-0.08244850486516953,-0.23836266994476318,0,2000,comp,0,0,42,1.0,0.0,walk_delay_comp
919,18.38,1.0,0.0,0.17945897579193115,0.7656146883964539,-0.061790503561496735,-0.2538035809993744,0,2000,comp,0,0,42,1.0,0.0,walk_delay_comp
920,18.400000000000002,1.0,0.0,0.18138515949249268,0.7459216713905334,-0.03946975991129875,-0.46281227469444275,0,2000,comp,0,0,42,1.0,0.0,walk_delay_comp
921,18.42,1.0,0.0,0.18308627605438232,0.7223761081695557,-0.010373163037002087,-0.2842859625816345,0,2000,comp,0,0,42,1.0,0.0,walk_delay_comp
922,18.44,1.0,0.0,0.18253040313720703,0.696804404258728,0.017595680430531502,-0.08469197154045105,0,2000,comp,0,0,42,1.0,0.0,walk_delay_comp
923,18.46,1.0,0.0,0.18066084384918213,0.6948622465133667,0.03317277878522873,0.09388849884271622,0,2000,comp,0,0,42,1.0,0.0,walk_delay_comp
924,18.48,1.0,0.0,0.17795240879058838,0.6852598190307617,0.051863428205251694,0.09963895380496979,0,2000,comp,0,0,42,1.0,0.0,walk_delay_comp
925,18.5,1.0,0.0,0.17541134357452393,0.6893488168716431,0.06776721775531769,0.15390178561210632,0,2000,comp,0,0,42,1.0,0.0,walk_delay_comp
926,18.52,1.0,0.0,0.17224156856536865,0.7043915390968323,0.08109425753355026,0.2858768403530121,0,2000,comp,0,0,42,1.0,0.0,walk_delay_comp
927,18.54,1.0,0.0,0.1683567762374878,0.7233527302742004,0.09364349395036697,0.36687353253364563,0,2000,comp,0,0,42,1.0,0.0,walk_delay_comp
928,18.56,1.0,0.0,0.16418278217315674,0.7454886436462402,0.1068955510854721,0.41542917490005493,0,2000,comp,0,0,42,1.0,0.0,walk_delay_comp
929,18.580000000000002,1.0,0.0,0.1603485345840454,0.768494188785553,0.12211135029792786,0.38683363795280457,0,2000,comp,0,0,42,1.0,0.0,walk_delay_comp
930,18.6,1.0,0.0,0.1572047472000122,0.7940210700035095,0.14016738533973694,0.3326186239719391,0,2000,comp,0,0,42,1.0,0.0,walk_delay_comp
931,18.62,1.0,0.0,0.15518534183502197,0.8231768012046814,0.15960903465747833,0.2434537410736084,0,2000,comp,0,0,42,1.0,0.0,walk_delay_comp
932,18.64,1.0,0.0,0.15454602241516113,0.8509823679924011,0.1824154257774353,0.1369960755109787,0,2000,comp,0,0,42,1.0,0.0,walk_delay_comp
933,18.66,1.0,0.0,0.15457189083099365,0.8747014403343201,0.21122336387634277,0.08879248052835464,0,2000,comp,0,0,42,1.0,0.0,walk_delay_comp
934,18.68,1.0,0.0,0.15448665618896484,0.8954769968986511,0.2425822764635086,0.06962870061397552,0,2000,comp,0,0,42,1.0,0.0,walk_delay_comp
935,18.7,1.0,0.0,0.1541968584060669,0.908557116985321,0.2756960093975067,0.03051832877099514,0,2000,comp,0,0,42,1.0,0.0,walk_delay_comp
936,18.72,1.0,0.0,0.15436089038848877,0.914935290813446,0.2921598255634308,-0.0760401114821434,0,2000,comp,0,0,42,1.0,0.0,walk_delay_comp
937,18.740000000000002,1.0,0.0,0.154213547706604,0.8334522247314453,0.2224252074956894,0.006358540616929531,0,2000,comp,0,0,42,1.0,0.0,walk_delay_comp
938,18.76,1.0,0.0,0.15574276447296143,0.7894724011421204,0.16590134799480438,-0.05862324684858322,0,2000,comp,0,0,42,1.0,0.0,walk_delay_comp
939,18.78,1.0,0.0,0.15800774097442627,0.7594376802444458,0.12175790220499039,0.04911956191062927,0,2000,comp,0,0,42,1.0,0.0,walk_delay_comp
940,18.8,1.0,0.0,0.15913212299346924,0.7321615219116211,0.08467483520507812,0.2573694586753845,0,2000,comp,0,0,42,1.0,0.0,walk_delay_comp
941,18.82,1.0,0.0,0.1581963300704956,0.7194235920906067,0.0550137497484684,0.42088305950164795,0,2000,comp,0,0,42,1.0,0.0,walk_delay_comp
942,18.84,1.0,0.0,0.15649116039276123,0.7122448682785034,0.027290593832731247,0.3842751681804657,0,2000,comp,0,0,42,1.0,0.0,walk_delay_comp
943,18.86,1.0,0.0,0.15489280223846436,0.7192509770393372,0.0025595729239284992,0.32871925830841064,0,2000,comp,0,0,42,1.0,0.0,walk_delay_comp
944,18.88,1.0,0.0,0.15384924411773682,0.7264807820320129,-0.021941257640719414,0.23791414499282837,0,2000,comp,0,0,42,1.0,0.0,walk_delay_comp
945,18.900000000000002,1.0,0.0,0.1536729335784912,0.729380190372467,-0.044722724705934525,0.11109843850135803,0,2000,comp,0,0,42,1.0,0.0,walk_delay_comp
946,18.92,1.0,0.0,0.15420114994049072,0.746514618396759,-0.06404100358486176,0.027135495096445084,0,2000,comp,0,0,42,1.0,0.0,walk_delay_comp
947,18.94,1.0,0.0,0.1552649736404419,0.7602932453155518,-0.08322343230247498,-0.02464512176811695,0,2000,comp,0,0,42,1.0,0.0,walk_delay_comp
948,18.96,1.0,0.0,0.1563185453414917,0.7828068137168884,-0.09769468754529953,-0.06667356193065643,0,2000,comp,0,0,42,1.0,0.0,walk_delay_comp
949,18.98,1.0,0.0,0.15776145458221436,0.8109491467475891,-0.11063580214977264,-0.1503394991159439,0,2000,comp,0,0,42,1.0,0.0,walk_delay_comp
950,19.0,1.0,0.0,0.15974891185760498,0.8450833559036255,-0.12365235388278961,-0.22905537486076355,0,2000,comp,0,0,42,1.0,0.0,walk_delay_comp
951,19.02,1.0,0.0,0.1621028184890747,0.8858497142791748,-0.13753581047058105,-0.2924903631210327,0,2000,comp,0,0,42,1.0,0.0,walk_delay_comp
952,19.04,1.0,0.0,0.16409552097320557,0.9281978607177734,-0.15249145030975342,-0.28543099761009216,0,2000,comp,0,0,42,1.0,0.0,walk_delay_comp
953,19.06,1.0,0.0,0.16538012027740479,0.9701554179191589,-0.17457014322280884,-0.23415249586105347,0,2000,comp,0,0,42,1.0,0.0,walk_delay_comp
954,19.080000000000002,1.0,0.0,0.16609573364257812,1.011178970336914,-0.20307621359825134,-0.17389839887619019,0,2000,comp,0,0,42,1.0,0.0,walk_delay_comp
955,19.1,1.0,0.0,0.16664087772369385,1.0474953651428223,-0.23635831475257874,-0.10519140213727951,0,2000,comp,0,0,42,1.0,0.0,walk_delay_comp
956,19.12,1.0,0.0,0.1668030023574829,1.0792765617370605,-0.2723567485809326,-0.02312553860247135,0,2000,comp,0,0,42,1.0,0.0,walk_delay_comp
957,19.14,1.0,0.0,0.16717255115509033,1.0033247470855713,-0.2443421185016632,-0.5316492915153503,0,2000,comp,0,0,42,1.0,0.0,walk_delay_comp
958,19.16,1.0,0.0,0.16761600971221924,0.93168705701828,-0.16939719021320343,0.13572438061237335,0,2000,comp,0,0,42,1.0,0.0,walk_delay_comp
959,19.18,1.0,0.0,0.16508138179779053,0.8622309565544128,-0.12180566042661667,0.05872354656457901,0,2000,comp,0,0,42,1.0,0.0,walk_delay_comp
960,19.2,1.0,0.0,0.16376769542694092,0.8143517374992371,-0.09628375619649887,-0.13804952800273895,0,2000,comp,0,0,42,1.0,0.0,walk_delay_comp
961,19.22,1.0,0.0,0.16367828845977783,0.7708015441894531,-0.06985389441251755,-0.2668250799179077,0,2000,comp,0,0,42,1.0,0.0,walk_delay_comp
962,19.240000000000002,1.0,0.0,0.1649860143661499,0.7438750863075256,-0.04633815959095955,-0.3643947243690491,0,2000,comp,0,0,42,1.0,0.0,walk_delay_comp
963,19.26,1.0,0.0,0.16586744785308838,0.7195963263511658,-0.019475949928164482,-0.24886074662208557,0,2000,comp,0,0,42,1.0,0.0,walk_delay_comp
964,19.28,1.0,0.0,0.1653580665588379,0.6963261365890503,0.009390631690621376,-0.11145135015249252,0,2000,comp,0,0,42,1.0,0.0,walk_delay_comp
965,19.3,1.0,0.0,0.1643056869506836,0.6924393773078918,0.029591253027319908,-0.014027686789631844,0,2000,comp,0,0,42,1.0,0.0,walk_delay_comp
966,19.32,1.0,0.0,0.16225218772888184,0.6807644367218018,0.0503469742834568,0.03647942468523979,0,2000,comp,0,0,42,1.0,0.0,walk_delay_comp
967,19.34,1.0,0.0,0.15988337993621826,0.6808246970176697,0.06812787801027298,0.13047081232070923,0,2000,comp,0,0,42,1.0,0.0,walk_delay_comp
968,19.36,1.0,0.0,0.15710604190826416,0.6913658976554871,0.0814019963145256,0.2129487693309784,0,2000,comp,0,0,42,1.0,0.0,walk_delay_comp
969,19.38,1.0,0.0,0.1535111665725708,0.7078515887260437,0.0940939337015152,0.3387487828731537,0,2000,comp,0,0,42,1.0,0.0,walk_delay_comp
970,19.400000000000002,1.0,0.0,0.14939773082733154,0.7272815108299255,0.10655365884304047,0.4027908444404602,0,2000,comp,0,0,42,1.0,0.0,walk_delay_comp
971,19.42,1.0,0.0,0.14541840553283691,0.7477967143058777,0.1207454651594162,0.4000251293182373,0,2000,comp,0,0,42,1.0,0.0,walk_delay_comp
972,19.44,1.0,0.0,0.1419672966003418,0.7705838680267334,0.13811345398426056,0.35798683762550354,0,2000,comp,0,0,42,1.0,0.0,walk_delay_comp
973,19.46,1.0,0.0,0.13946020603179932,0.7966446876525879,0.1569874882698059,0.2806248068809509,0,2000,comp,0,0,42,1.0,0.0,walk_delay_comp
974,19.48,1.0,0.0,0.13835275173187256,0.8237106800079346,0.17854256927967072,0.1687973290681839,0,2000,comp,0,0,42,1.0,0.0,walk_delay_comp
975,19.5,1.0,0.0,0.13842666149139404,0.8479983806610107,0.20582439005374908,0.08630403131246567,0,2000,comp,0,0,42,1.0,0.0,walk_delay_comp
976,19.52,1.0,0.0,0.13867080211639404,0.8688272833824158,0.23737265169620514,0.06937095522880554,0,2000,comp,0,0,42,1.0,0.0,walk_delay_comp
977,19.54,1.0,0.0,0.13850796222686768,0.8823968768119812,0.2712911069393158,0.045594848692417145,0,2000,comp,0,0,42,1.0,0.0,walk_delay_comp
978,19.56,1.0,0.0,0.13826143741607666,0.8893862962722778,0.2979297935962677,0.03777953237295151,0,2000,comp,0,0,42,1.0,0.0,walk_delay_comp
979,19.580000000000002,1.0,0.0,0.13846778869628906,0.8308332562446594,0.2736022472381592,0.09731263667345047,0,2000,comp,0,0,42,1.0,0.0,walk_delay_comp
980,19.6,1.0,0.0,0.13920128345489502,0.7833348512649536,0.2069517821073532,-0.08234705030918121,0,2000,comp,0,0,42,1.0,0.0,walk_delay_comp
981,19.62,1.0,0.0,0.14153075218200684,0.7491067051887512,0.15841694176197052,-0.059455715119838715,0,2000,comp,0,0,42,1.0,0.0,walk_delay_comp
982,19.64,1.0,0.0,0.14361107349395752,0.7184502482414246,0.11638138443231583,0.10512388497591019,0,2000,comp,0,0,42,1.0,0.0,walk_delay_comp
983,19.66,1.0,0.0,0.14396584033966064,0.6983484029769897,0.08472079783678055,0.30891698598861694,0,2000,comp,0,0,42,1.0,0.0,walk_delay_comp
984,19.68,1.0,0.0,0.14342069625854492,0.687586784362793,0.054709773510694504,0.31241124868392944,0,2000,comp,0,0,42,1.0,0.0,walk_delay_comp
985,19.7,1.0,0.0,0.14259886741638184,0.6926263570785522,0.029735354706645012,0.2881964147090912,0,2000,comp,0,0,42,1.0,0.0,walk_delay_comp
986,19.72,1.0,0.0,0.1416945457458496,0.7048801779747009,0.005635094828903675,0.25448721647262573,0,2000,comp,0,0,42,1.0,0.0,walk_delay_comp
987,19.740000000000002,1.0,0.0,0.14139139652252197,0.7081264853477478,-0.01754113659262657,0.14402562379837036,0,2000,comp,0,0,42,1.0,0.0,walk_delay_comp
988,19.76,1.0,0.0,0.14154565334320068,0.7256104946136475,-0.03698493912816048,0.06776577234268188,0,2000,comp,0,0,42,1.0,0.0,walk_delay_comp
989,19.78,1.0,0.0,0.1424804925918579,0.7337753176689148,-0.056741759181022644,-0.004099979531019926,0,2000,comp,0,0,42,1.0,0.0,walk_delay_comp
990,19.8,1.0,0.0,0.14343202114105225,0.7518376111984253,-0.07124856114387512,-0.0340624637901783,0,2000,comp,0,0,42,1.0,0.0,walk_delay_comp
991,19.82,1.0,0.0,0.14444291591644287,0.77411949634552,-0.08359529078006744,-0.08618625998497009,0,2000,comp,0,0,42,1.0,0.0,walk_delay_comp
992,19.84,1.0,0.0,0.1458522081375122,0.8016571402549744,-0.09626426547765732,-0.1632007509469986,0,2000,comp,0,0,42,1.0,0.0,walk_delay_comp
993,19.86,1.0,0.0,0.147851824760437,0.8359377384185791,-0.10967602580785751,-0.2499900758266449,0,2000,comp,0,0,42,1.0,0.0,walk_delay_comp
994,19.88,1.0,0.0,0.15011322498321533,0.8764322996139526,-0.12297001481056213,-0.30392831563949585,0,2000,comp,0,0,42,1.0,0.0,walk_delay_comp
995,19.900000000000002,1.0,0.0,0.15180182456970215,0.9169681668281555,-0.1393386423587799,-0.26702457666397095,0,2000,comp,0,0,42,1.0,0.0,walk_delay_comp
996,19.92,1.0,0.0,0.15279793739318848,0.9560936689376831,-0.16383354365825653,-0.21558351814746857,0,2000,comp,0,0,42,1.0,0.0,walk_delay_comp
997,19.94,1.0,0.0,0.15350520610809326,0.9942263960838318,-0.19333159923553467,-0.16050615906715393,0,2000,comp,0,0,42,1.0,0.0,walk_delay_comp
998,19.96,1.0,0.0,0.1540430784225464,1.0273672342300415,-0.22664998471736908,-0.07822614163160324,0,2000,comp,0,0,42,1.0,0.0,walk_delay_comp
999,19.98,1.0,0.0,0.6950486898422241,1.0524771213531494,-0.25652843713760376,-0.03011217713356018,0,2000,comp,0,0,42,1.0,0.0,walk_delay_comp
1000,20.0,1.0,0.0,0.6969982385635376,0.9667388200759888,-0.2025759220123291,-0.18380782008171082,0,2000,comp,0,0,42,1.0,0.0,walk_delay_comp
1001,20.02,1.0,0.0,0.6961222887039185,0.899635910987854,-0.14500775933265686,0.20762577652931213,0,2000,comp,0,0,42,1.0,0.0,walk_delay_comp
1002,20.04,1.0,0.0,0.6925493478775024,0.8328323364257812,-0.10103340446949005,0.12700942158699036,0,2000,comp,0,0,42,1.0,0.0,walk_delay_comp
1003,20.06,1.0,0.0,0.6905940771102905,0.792720377445221,-0.08276795595884323,-0.09663835167884827,0,2000,comp,0,0,42,1.0,0.0,walk_delay_comp
1004,20.080000000000002,1.0,0.0,0.6892927885055542,0.7522242069244385,-0.061753883957862854,-0.1625778079032898,0,2000,comp,0,0,42,1.0,0.0,walk_delay_comp
1005,20.1,1.0,0.0,0.6902419328689575,0.732297420501709,-0.03986002504825592,-0.3852514326572418,0,2000,comp,0,0,42,1.0,0.0,walk_delay_comp
1006,20.12,1.0,0.0,0.6915699243545532,0.7138071656227112,-0.012831024825572968,-0.2892071306705475,0,2000,comp,0,0,42,1.0,0.0,walk_delay_comp
1007,20.14,1.0,0.0,0.6910327672958374,0.6899291276931763,0.015552323311567307,-0.09770357608795166,0,2000,comp,0,0,42,1.0,0.0,walk_delay_comp
1008,20.16,1.0,0.0,0.6894470453262329,0.6907423734664917,0.028915410861372948,0.06276208907365799,0,2000,comp,0,0,42,1.0,0.0,walk_delay_comp
1009,20.18,1.0,0.0,0.6870697736740112,0.6832929253578186,0.04616425558924675,0.08597752451896667,0,2000,comp,0,0,42,1.0,0.0,walk_delay_comp
1010,20.2,1.0,0.0,0.6842063665390015,0.68826824426651,0.06192265450954437,0.21840131282806396,0,2000,comp,0,0,42,1.0,0.0,walk_delay_comp
1011,20.22,1.0,0.0,0.6805211305618286,0.7007070183753967,0.07558745890855789,0.3407372236251831,0,2000,comp,0,0,42,1.0,0.0,walk_delay_comp
1012,20.240000000000002,1.0,0.0,0.6753357648849487,0.7185778021812439,0.08934370428323746,0.5370805859565735,0,2000,comp,0,0,42,1.0,0.0,walk_delay_comp
1013,20.26,1.0,0.0,0.6693335771560669,0.7393841743469238,0.1002834364771843,0.5939080715179443,0,2000,comp,0,0,42,1.0,0.0,walk_delay_comp
1014,20.28,1.0,0.0,0.6634560823440552,0.7617483139038086,0.11308101564645767,0.5942568778991699,0,2000,comp,0,0,42,1.0,0.0,walk_delay_comp
1015,20.3,1.0,0.0,0.6578999757766724,0.78629070520401,0.12811607122421265,0.5820943713188171,0,2000,comp,0,0,42,1.0,0.0,walk_delay_comp
1016,20.32,1.0,0.0,0.6531254053115845,0.8136065602302551,0.14310510456562042,0.5263035297393799,0,2000,comp,0,0,42,1.0,0.0,walk_delay_comp
1017,20.34,1.0,0.0,0.6493743658065796,0.8387126326560974,0.16110675036907196,0.4589443802833557,0,2000,comp,0,0,42,1.0,0.0,walk_delay_comp
1018,20.36,1.0,0.0,0.6459313631057739,0.8592849969863892,0.1844288408756256,0.4452422261238098,0,2000,comp,0,0,42,1.0,0.0,walk_delay_comp
1019,20.38,1.0,0.0,0.642215371131897,0.8777079582214355,0.2092326134443283,0.43520432710647583,0,2000,comp,0,0,42,1.0,0.0,walk_delay_comp
1020,20.400000000000002,1.0,0.0,0.6386698484420776,0.8831777572631836,0.23103046417236328,0.35652482509613037,0,2000,comp,0,0,42,1.0,0.0,walk_delay_comp
1021,20.42,1.0,0.0,0.6370872259140015,0.8823500275611877,0.23411376774311066,0.11346706748008728,0,2000,comp,0,0,42,1.0,0.0,walk_delay_comp
1022,20.44,1.0,0.0,0.6358417272567749,0.8186699151992798,0.16209974884986877,0.14744308590888977,0,2000,comp,0,0,42,1.0,0.0,walk_delay_comp
1023,20.46,1.0,0.0,0.6360946893692017,0.787219762802124,0.10636944323778152,0.08778560161590576,0,2000,comp,0,0,42,1.0,0.0,walk_delay_comp
1024,20.48,1.0,0.0,0.6377917528152466,0.7613303065299988,0.05806499347090721,0.08551210910081863,0,2000,comp,0,0,42,1.0,0.0,walk_delay_comp
1025,20.5,1.0,0.0,0.6381913423538208,0.7377667427062988,0.022768549621105194,0.4253002405166626,0,2000,comp,0,0,42,1.0,0.0,walk_delay_comp
1026,20.52,1.0,0.0,0.6374708414077759,0.7292752265930176,-0.0022880646865814924,0.33616405725479126,0,2000,comp,0,0,42,1.0,0.0,walk_delay_comp
1027,20.54,1.0,0.0,0.6356076002120972,0.7312014698982239,-0.029751745983958244,0.49201005697250366,0,2000,comp,0,0,42,1.0,0.0,walk_delay_comp
1028,20.56,1.0,0.0,0.6322838068008423,0.7548081278800964,-0.055882956832647324,0.49770650267601013,0,2000,comp,0,0,42,1.0,0.0,walk_delay_comp
1029,20.580000000000002,1.0,0.0,0.6296554803848267,0.7585768699645996,-0.08187030255794525,0.4018818140029907,0,2000,comp,0,0,42,1.0,0.0,walk_delay_comp
1030,20.6,1.0,0.0,0.6265252828598022,0.7763701677322388,-0.10276582837104797,0.4505118131637573,0,2000,comp,0,0,42,1.0,0.0,walk_delay_comp
1031,20.62,1.0,0.0,0.6238809823989868,0.7811993360519409,-0.12750768661499023,0.3561647832393646,0,2000,comp,0,0,42,1.0,0.0,walk_delay_comp
1032,20.64,1.0,0.0,0.6212667226791382,0.7954570651054382,-0.14832362532615662,0.3494186997413635,0,2000,comp,0,0,42,1.0,0.0,walk_delay_comp
1033,20.66,1.0,0.0,0.6186708211898804,0.8203812837600708,-0.16551688313484192,0.26952290534973145,0,2000,comp,0,0,42,1.0,0.0,walk_delay_comp
1034,20.68,1.0,0.0,0.6170884370803833,0.8490133881568909,-0.18154363334178925,0.09969381242990494,0,2000,comp,0,0,42,1.0,0.0,walk_delay_comp
1035,20.7,1.0,0.0,0.6168092489242554,0.8865463733673096,-0.19730974733829498,-0.04588579386472702,0,2000,comp,0,0,42,1.0,0.0,walk_delay_comp
1036,20.72,1.0,0.0,0.6170350313186646,0.9280624389648438,-0.2126488834619522,-0.12210478633642197,0,2000,comp,0,0,42,1.0,0.0,walk_delay_comp
1037,20.740000000000002,1.0,0.0,0.6170593500137329,0.9706559181213379,-0.23342065513134003,-0.12805743515491486,0,2000,comp,0,0,42,1.0,0.0,walk_delay_comp
1038,20.76,1.0,0.0,0.61656653881073,1.0147998332977295,-0.2633116841316223,-0.06244830787181854,0,2000,comp,0,0,42,1.0,0.0,walk_delay_comp
1039,20.78,1.0,0.0,0.6156545877456665,1.0582897663116455,-0.3000181317329407,0.034389954060316086,0,2000,comp,0,0,42,1.0,0.0,walk_delay_comp
1040,20.8,1.0,0.0,0.614061713218689,1.0965112447738647,-0.34265369176864624,0.14364905655384064,0,2000,comp,0,0,42,1.0,0.0,walk_delay_comp
1041,20.82,1.0,0.0,0.6116801500320435,1.12065589427948,-0.38049566745758057,0.16792064905166626,0,2000,comp,0,0,42,1.0,0.0,walk_delay_comp
1042,20.84,1.0,0.0,0.6123107671737671,0.9804624915122986,-0.27875852584838867,0.2977321445941925,0,2000,comp,0,0,42,1.0,0.0,walk_delay_comp
1043,20.86,1.0,0.0,0.6072598695755005,0.9035801887512207,-0.2084602564573288,0.5020051598548889,0,2000,comp,0,0,42,1.0,0.0,walk_delay_comp
1044,20.88,1.0,0.0,0.6015535593032837,0.8342422842979431,-0.1646975874900818,0.24207961559295654,0,2000,comp,0,0,42,1.0,0.0,walk_delay_comp
1045,20.900000000000002,1.0,0.0,0.5988065004348755,0.7955379486083984,-0.14626500010490417,-0.047175753861665726,0,2000,comp,0,0,42,1.0,0.0,walk_delay_comp
1046,20.92,1.0,0.0,0.5974422693252563,0.754302978515625,-0.12161248177289963,-0.15509937703609467,0,2000,comp,0,0,42,1.0,0.0,walk_delay_comp
1047,20.94,1.0,0.0,0.5981358289718628,0.7233986258506775,-0.09312592446804047,-0.35901302099227905,0,2000,comp,0,0,42,1.0,0.0,walk_delay_comp
1048,20.96,1.0,0.0,0.5990556478500366,0.6978961229324341,-0.05983659625053406,-0.2081627994775772,0,2000,comp,0,0,42,1.0,0.0,walk_delay_comp
1049,20.98,1.0,0.0,0.5977970361709595,0.668303370475769,-0.02787618152797222,-0.017825225368142128,0,2000,comp,0,0,42,1.0,0.0,walk_delay_comp
1050,21.0,1.0,0.0,0.595333456993103,0.6641746759414673,-0.01057001855224371,0.17162561416625977,0,2000,comp,0,0,42,1.0,0.0,walk_delay_comp
1051,21.02,1.0,0.0,0.5914345979690552,0.649513840675354,0.009575688280165195,0.2555491030216217,0,2000,comp,0,0,42,1.0,0.0,walk_delay_comp
1052,21.04,1.0,0.0,0.5872637033462524,0.6504756808280945,0.025716498494148254,0.32414695620536804,0,2000,comp,0,0,42,1.0,0.0,walk_delay_comp
1053,21.06,1.0,0.0,0.5825358629226685,0.6608994007110596,0.039210233837366104,0.43897563219070435,0,2000,comp,0,0,42,1.0,0.0,walk_delay_comp
1054,21.080000000000002,1.0,0.0,0.5769656896591187,0.6768900752067566,0.052348677068948746,0.5418984889984131,0,2000,comp,0,0,42,1.0,0.0,walk_delay_comp
1055,21.1,1.0,0.0,0.5709420442581177,0.6949442028999329,0.06543293595314026,0.5976437330245972,0,2000,comp,0,0,42,1.0,0.0,walk_delay_comp
1056,21.12,1.0,0.0,0.5650564432144165,0.7146821618080139,0.0802980288863182,0.5922291278839111,0,2000,comp,0,0,42,1.0,0.0,walk_delay_comp
1057,21.14,1.0,0.0,0.5595601797103882,0.7373583316802979,0.09723342955112457,0.570798397064209,0,2000,comp,0,0,42,1.0,0.0,walk_delay_comp
1058,21.16,1.0,0.0,0.5547815561294556,0.7635445594787598,0.11395291984081268,0.5221362709999084,0,2000,comp,0,0,42,1.0,0.0,walk_delay_comp
1059,21.18,1.0,0.0,0.5510464906692505,0.788027286529541,0.13284710049629211,0.4458030164241791,0,2000,comp,0,0,42,1.0,0.0,walk_delay_comp
1060,21.2,1.0,0.0,0.5480972528457642,0.8085958361625671,0.15653562545776367,0.39590078592300415,0,2000,comp,0,0,42,1.0,0.0,walk_delay_comp
1061,21.22,1.0,0.0,0.545209527015686,0.8262573480606079,0.1840941458940506,0.39128339290618896,0,2000,comp,0,0,42,1.0,0.0,walk_delay_comp
1062,21.240000000000002,1.0,0.0,0.541885256767273,0.8374893069267273,0.21379296481609344,0.35522139072418213,0,2000,comp,0,0,42,1.0,0.0,walk_delay_comp
1063,21.26,1.0,0.0,0.5392361879348755,0.842689037322998,0.2244260013103485,0.12908849120140076,0,2000,comp,0,0,42,1.0,0.0,walk_delay_comp
1064,21.28,1.0,0.0,0.5377129316329956,0.7909519076347351,0.16918957233428955,0.1277974396944046,0,2000,comp,0,0,42,1.0,0.0,walk_delay_comp
1065,21.3,1.0,0.0,0.5372487306594849,0.7668563723564148,0.11453421413898468,0.11787942051887512,0,2000,comp,0,0,42,1.0,0.0,walk_delay_comp
1066,21.32,1.0,0.0,0.5372873544692993,0.7464577555656433,0.0746515542268753,0.2560027837753296,0,2000,comp,0,0,42,1.0,0.0,walk_delay_comp
1067,21.34,1.0,0.0,0.5366626977920532,0.7206652164459229,0.03973209112882614,0.43931856751441956,0,2000,comp,0,0,42,1.0,0.0,walk_delay_comp
1068,21.36,1.0,0.0,0.5337954759597778,0.7063977718353271,0.009248164482414722,0.6463542580604553,0,2000,comp,0,0,42,1.0,0.0,walk_delay_comp
1069,21.38,1.0,0.0,0.5298835039138794,0.6991775631904602,-0.018833432346582413,0.6265658140182495,0,2000,comp,0,0,42,1.0,0.0,walk_delay_comp
1070,21.400000000000002,1.0,0.0,0.5261229276657104,0.707883894443512,-0.043921127915382385,0.5449265241622925,0,2000,comp,0,0,42,1.0,0.0,walk_delay_comp
1071,21.42,1.0,0.0,0.5230909585952759,0.7182570695877075,-0.06815183907747269,0.4361765384674072,0,2000,comp,0,0,42,1.0,0.0,walk_delay_comp
1072,21.44,1.0,0.0,0.5209728479385376,0.7268129587173462,-0.09027079492807388,0.3096405565738678,0,2000,comp,0,0,42,1.0,0.0,walk_delay_comp
1073,21.46,1.0,0.0,0.5196524858474731,0.7435629367828369,-0.11046641319990158,0.23142880201339722,0,2000,comp,0,0,42,1.0,0.0,walk_delay_comp
1074,21.48,1.0,0.0,0.5185889005661011,0.7563536167144775,-0.1310911774635315,0.2151109129190445,0,2000,comp,0,0,42,1.0,0.0,walk_delay_comp
1075,21.5,1.0,0.0,0.5173579454421997,0.7779736518859863,-0.14896976947784424,0.1778445988893509,0,2000,comp,0,0,42,1.0,0.0,walk_delay_comp
1076,21.52,1.0,0.0,0.5164960622787476,0.8075976371765137,-0.16468681395053864,0.08356425911188126,0,2000,comp,0,0,42,1.0,0.0,walk_delay_comp
1077,21.54,1.0,0.0,0.5165053606033325,0.8437439799308777,-0.1791490614414215,-0.04360257834196091,0,2000,comp,0,0,42,1.0,0.0,walk_delay_comp
1078,21.56,1.0,0.0,0.517365574836731,0.8863433003425598,-0.19327344000339508,-0.15522783994674683,0,2000,comp,0,0,42,1.0,0.0,walk_delay_comp
1079,21.580000000000002,1.0,0.0,0.5183411836624146,0.9319120645523071,-0.20885871350765228,-0.18598033487796783,0,2000,comp,0,0,42,1.0,0.0,walk_delay_comp
1080,21.6,1.0,0.0,0.5186973810195923,0.9790806770324707,-0.2304007112979889,-0.14374688267707825,0,2000,comp,0,0,42,1.0,0.0,walk_delay_comp
1081,21.62,1.0,0.0,0.518431544303894,1.026672124862671,-0.26085779070854187,-0.06511043757200241,0,2000,comp,0,0,42,1.0,0.0,walk_delay_comp
1082,21.64,1.0,0.0,0.5175923109054565,1.070465087890625,-0.2971680760383606,0.04144344851374626,0,2000,comp,0,0,42,1.0,0.0,walk_delay_comp
1083,21.66,1.0,0.0,0.5159770250320435,1.1063382625579834,-0.33857256174087524,0.15012136101722717,0,2000,comp,0,0,42,1.0,0.0,walk_delay_comp
1084,21.68,1.0,0.0,0.5146013498306274,1.0372202396392822,-0.32526516914367676,-0.4565995931625366,0,2000,comp,0,0,42,1.0,0.0,walk_delay_comp
1085,21.7,1.0,0.0,0.5136128664016724,0.9537700414657593,-0.24400824308395386,0.35956406593322754,0,2000,comp,0,0,42,1.0,0.0,walk_delay_comp
1086,21.72,1.0,0.0,0.5086828470230103,0.8750278353691101,-0.1841273307800293,0.33242636919021606,0,2000,comp,0,0,42,1.0,0.0,walk_delay_comp
1087,21.740000000000002,1.0,0.0,0.5045400857925415,0.8141191601753235,-0.1507897675037384,0.10881601274013519,0,2000,comp,0,0,42,1.0,0.0,walk_delay_comp
1088,21.76,1.0,0.0,0.5022784471511841,0.7637585997581482,-0.11836765706539154,-0.09453240036964417,0,2000,comp,0,0,42,1.0,0.0,walk_delay_comp
1089,21.78,1.0,0.0,0.5020991563796997,0.7302963137626648,-0.08831862360239029,-0.2426370233297348,0,2000,comp,0,0,42,1.0,0.0,walk_delay_comp
1090,21.8,1.0,0.0,0.5021620988845825,0.7038609385490417,-0.05742456018924713,-0.1949097216129303,0,2000,comp,0,0,42,1.0,0.0,walk_delay_comp
1091,21.82,1.0,0.0,0.5015052556991577,0.6792014241218567,-0.026892244815826416,-0.11324721574783325,0,2000,comp,0,0,42,1.0,0.0,walk_delay_comp
1092,21.84,1.0,0.0,0.5007001161575317,0.6762898564338684,-0.00423458544537425,-0.030881760641932487,0,2000,comp,0,0,42,1.0,0.0,walk_delay_comp
1093,21.86,1.0,0.0,0.4986063241958618,0.6629877686500549,0.01812025159597397,0.06038876250386238,0,2000,comp,0,0,42,1.0,0.0,walk_delay_comp
1094,21.88,1.0,0.0,0.4954880475997925,0.6600810885429382,0.03906284645199776,0.22924230992794037,0,2000,comp,0,0,42,1.0,0.0,walk_delay_comp
1095,21.900000000000002,1.0,0.0,0.4917510747909546,0.6656633615493774,0.053855981677770615,0.29886674880981445,0,2000,comp,0,0,42,1.0,0.0,walk_delay_comp
1096,21.92,1.0,0.0,0.48703181743621826,0.6788967251777649,0.06746769696474075,0.45617979764938354,0,2000,comp,0,0,42,1.0,0.0,walk_delay_comp
1097,21.94,1.0,0.0,0.48151957988739014,0.6954871416091919,0.0798879861831665,0.5384518504142761,0,2000,comp,0,0,42,1.0,0.0,walk_delay_comp
1098,21.96,1.0,0.0,0.4759465456008911,0.7134506106376648,0.09419108182191849,0.553831934928894,0,2000,comp,0,0,42,1.0,0.0,walk_delay_comp
1099,21.98,1.0,0.0,0.47065865993499756,0.7345176935195923,0.1114049032330513,0.5415744185447693,0,2000,comp,0,0,42,1.0,0.0,walk_delay_comp
1100,22.0,1.0,0.0,0.46598637104034424,0.7595530152320862,0.12884807586669922,0.49996817111968994,0,2000,comp,0,0,42,1.0,0.0,walk_delay_comp
1101,22.02,1.0,0.0,0.4623357057571411,0.7841565012931824,0.14775966107845306,0.4190066456794739,0,2000,comp,0,0,42,1.0,0.0,walk_delay_comp
1102,22.04,1.0,0.0,0.45991623401641846,0.8067996501922607,0.1696510910987854,0.33178046345710754,0,2000,comp,0,0,42,1.0,0.0,walk_delay_comp
1103,22.06,1.0,0.0,0.45782196521759033,0.8244673013687134,0.19750675559043884,0.3203284442424774,0,2000,comp,0,0,42,1.0,0.0,walk_delay_comp
1104,22.080000000000002,1.0,0.0,0.4554349184036255,0.8371193408966064,0.22767581045627594,0.28653237223625183,0,2000,comp,0,0,42,1.0,0.0,walk_delay_comp
1105,22.1,1.0,0.0,0.4529300928115845,0.8408259153366089,0.2481449693441391,0.20160110294818878,0,2000,comp,0,0,42,1.0,0.0,walk_delay_comp
1106,22.12,1.0,0.0,0.45184004306793213,0.8036600351333618,0.22432871162891388,0.14269068837165833,0,2000,comp,0,0,42,1.0,0.0,walk_delay_comp
1107,22.14,1.0,0.0,0.4511641263961792,0.7640736103057861,0.1629931926727295,0.043280795216560364,0,2000,comp,0,0,42,1.0,0.0,walk_delay_comp
1108,22.16,1.0,0.0,0.4518519639968872,0.735839307308197,0.11779868602752686,0.10909192264080048,0,2000,comp,0,0,42,1.0,0.0,walk_delay_comp
1109,22.18,1.0,0.0,0.452644944190979,0.7057369947433472,0.07758188247680664,0.23706382513046265,0,2000,comp,0,0,42,1.0,0.0,walk_delay_comp
1110,22.2,1.0,0.0,0.4515155553817749,0.6854369044303894,0.04475586488842964,0.49527567625045776,0,2000,comp,0,0,42,1.0,0.0,walk_delay_comp
1111,22.22,1.0,0.0,0.4489086866378784,0.6757102012634277,0.015933632850646973,0.5300059914588928,0,2000,comp,0,0,42,1.0,0.0,walk_delay_comp
1112,22.240000000000002,1.0,0.0,0.44575250148773193,0.6820440292358398,-0.009241935797035694,0.518844723701477,0,2000,comp,0,0,42,1.0,0.0,walk_delay_comp
1113,22.26,1.0,0.0,0.4428290128707886,0.6945791244506836,-0.03317118063569069,0.4387059807777405,0,2000,comp,0,0,42,1.0,0.0,walk_delay_comp
1114,22.28,1.0,0.0,0.4407998323440552,0.6987814903259277,-0.0556119903922081,0.31716442108154297,0,2000,comp,0,0,42,1.0,0.0,walk_delay_comp
1115,22.3,1.0,0.0,0.4392932653427124,0.7163152098655701,-0.07516385614871979,0.2554667890071869,0,2000,comp,0,0,42,1.0,0.0,walk_delay_comp
1116,22.32,1.0,0.0,0.4384676218032837,0.7236237525939941,-0.09697219729423523,0.18926557898521423,0,2000,comp,0,0,42,1.0,0.0,walk_delay_comp
1117,22.34,1.0,0.0,0.43773114681243896,0.7415259480476379,-0.11398468911647797,0.14146986603736877,0,2000,comp,0,0,42,1.0,0.0,walk_delay_comp
1118,22.36,1.0,0.0,0.4371887445449829,0.7639945149421692,-0.12762217223644257,0.07609398663043976,0,2000,comp,0,0,42,1.0,0.0,walk_delay_comp
1119,22.38,1.0,0.0,0.4371534585952759,0.793236494064331,-0.14012028276920319,-0.019393594935536385,0,2000,comp,0,0,42,1.0,0.0,walk_delay_comp
1120,22.400000000000002,1.0,0.0,0.4378577470779419,0.8280608057975769,-0.15378057956695557,-0.11981217563152313,0,2000,comp,0,0,42,1.0,0.0,walk_delay_comp
1121,22.42,1.0,0.0,0.4390143156051636,0.8697208166122437,-0.16769985854625702,-0.1927574872970581,0,2000,comp,0,0,42,1.0,0.0,walk_delay_comp
1122,22.44,1.0,0.0,0.4398247003555298,0.9124755859375,-0.1847747564315796,-0.17678867280483246,0,2000,comp,0,0,42,1.0,0.0,walk_delay_comp
1123,22.46,1.0,0.0,0.4399491548538208,0.9561552405357361,-0.20972822606563568,-0.11881553381681442,0,2000,comp,0,0,42,1.0,0.0,walk_delay_comp
1124,22.48,1.0,0.0,0.43951380252838135,0.9997515678405762,-0.2415383905172348,-0.031130211427807808,0,2000,comp,0,0,42,1.0,0.0,walk_delay_comp
1125,22.5,1.0,0.0,0.43844616413116455,1.038499355316162,-0.2785133719444275,0.07700217515230179,0,2000,comp,0,0,42,1.0,0.0,walk_delay_comp
1126,22.52,1.0,0.0,0.4365144968032837,1.0694948434829712,-0.3184984624385834,0.1757652908563614,0,2000,comp,0,0,42,1.0,0.0,walk_delay_comp
1127,22.54,1.0,0.0,0.43581926822662354,0.9726504683494568,-0.2792617380619049,-0.1132064163684845,0,2000,comp,0,0,42,1.0,0.0,walk_delay_comp
1128,22.56,1.0,0.0,0.433860182762146,0.8930478096008301,-0.1995500922203064,0.3170938193798065,0,2000,comp,0,0,42,1.0,0.0,walk_delay_comp
1129,22.580000000000002,1.0,0.0,0.4292696714401245,0.8247801661491394,-0.15333181619644165,0.24419613182544708,0,2000,comp,0,0,42,1.0,0.0,walk_delay_comp
1130,22.6,1.0,0.0,0.4261389970779419,0.7782350182533264,-0.12765561044216156,-0.012816812843084335,0,2000,comp,0,0,42,1.0,0.0,walk_delay_comp
1131,22.62,1.0,0.0,0.424938440322876,0.7370741367340088,-0.1005992740392685,-0.1757349669933319,0,2000,comp,0,0,42,1.0,0.0,walk_delay_comp
1132,22.64,1.0,0.0,0.4252898693084717,0.7083950042724609,-0.07302538305521011,-0.2856999337673187,0,2000,comp,0,0,42,1.0,0.0,walk_delay_comp
1133,22.66,1.0,0.0,0.42563462257385254,0.6841490268707275,-0.042564522475004196,-0.20010824501514435,0,2000,comp,0,0,42,1.0,0.0,walk_delay_comp
1134,22.68,1.0,0.0,0.42485082149505615,0.66165691614151,-0.012791338376700878,-0.07818223536014557,0,2000,comp,0,0,42,1.0,0.0,walk_delay_comp
1135,22.7,1.0,0.0,0.42311275005340576,0.6515899896621704,0.010387012735009193,0.06223773956298828,0,2000,comp,0,0,42,1.0,0.0,walk_delay_comp
1136,22.72,1.0,0.0,0.4201878309249878,0.6436783671379089,0.02997233159840107,0.15702500939369202,0,2000,comp,0,0,42,1.0,0.0,walk_delay_comp
1137,22.740000000000002,1.0,0.0,0.4169257879257202,0.6436005234718323,0.04638423025608063,0.21467190980911255,0,2000,comp,0,0,42,1.0,0.0,walk_delay_comp
1138,22.76,1.0,0.0,0.4131983518600464,0.6531628370285034,0.06150400638580322,0.3271274268627167,0,2000,comp,0,0,42,1.0,0.0,walk_delay_comp
1139,22.78,1.0,0.0,0.4085477590560913,0.6682827472686768,0.0754198282957077,0.4529874324798584,0,2000,comp,0,0,42,1.0,0.0,walk_delay_comp
1140,22.8,1.0,0.0,0.40332579612731934,0.6860076189041138,0.0891941711306572,0.5144500732421875,0,2000,comp,0,0,42,1.0,0.0,walk_delay_comp
1141,22.82,1.0,0.0,0.398226261138916,0.7049792408943176,0.1045447289943695,0.5103257298469543,0,2000,comp,0,0,42,1.0,0.0,walk_delay_comp
1142,22.84,1.0,0.0,0.3934973478317261,0.7274284362792969,0.12251109629869461,0.4941948652267456,0,2000,comp,0,0,42,1.0,0.0,walk_delay_comp
1143,22.86,1.0,0.0,0.3895057439804077,0.7527788281440735,0.1411537081003189,0.4367300271987915,0,2000,comp,0,0,42,1.0,0.0,walk_delay_comp
1144,22.88,1.0,0.0,0.3867713212966919,0.7778147459030151,0.16165386140346527,0.3385131061077118,0,2000,comp,0,0,42,1.0,0.0,walk_delay_comp
1145,22.900000000000002,1.0,0.0,0.38499915599823,0.7988752126693726,0.18744175136089325,0.27914491295814514,0,2000,comp,0,0,42,1.0,0.0,walk_delay_comp
1146,22.92,1.0,0.0,0.3833092451095581,0.8160631656646729,0.21750791370868683,0.2664366066455841,0,2000,comp,0,0,42,1.0,0.0,walk_delay_comp
1147,22.94,1.0,0.0,0.38125038146972656,0.8274245858192444,0.24961690604686737,0.23079977929592133,0,2000,comp,0,0,42,1.0,0.0,walk_delay_comp
1148,22.96,1.0,0.0,0.379467248916626,0.8326960802078247,0.2678718566894531,0.10369369387626648,0,2000,comp,0,0,42,1.0,0.0,walk_delay_comp
1149,22.98,1.0,0.0,0.37865424156188965,0.7768962979316711,0.2161664068698883,0.13084068894386292,0,2000,comp,0,0,42,1.0,0.0,walk_delay_comp
1150,23.0,1.0,0.0,0.37856221199035645,0.7458670139312744,0.1639929860830307,0.058750055730342865,0,2000,comp,0,0,42,1.0,0.0,walk_delay_comp
1151,23.02,1.0,0.0,0.37924838066101074,0.7214446663856506,0.11830596625804901,0.15827298164367676,0,2000,comp,0,0,42,1.0,0.0,walk_delay_comp
1152,23.04,1.0,0.0,0.3794652223587036,0.6931338906288147,0.08029599487781525,0.3238728940486908,0,2000,comp,0,0,42,1.0,0.0,walk_delay_comp
1153,23.06,1.0,0.0,0.3777543306350708,0.6783961057662964,0.04828811436891556,0.5054187774658203,0,2000,comp,0,0,42,1.0,0.0,walk_delay_comp
1154,23.080000000000002,1.0,0.0,0.37521541118621826,0.6709460616111755,0.01895507238805294,0.47624099254608154,0,2000,comp,0,0,42,1.0,0.0,walk_delay_comp
1155,23.1,1.0,0.0,0.3727952241897583,0.6796842217445374,-0.005743558052927256,0.4156409502029419,0,2000,comp,0,0,42,1.0,0.0,walk_delay_comp
1156,23.12,1.0,0.0,0.3709375858306885,0.6863672733306885,-0.029740789905190468,0.3431187868118286,0,2000,comp,0,0,42,1.0,0.0,walk_delay_comp
1157,23.14,1.0,0.0,0.3695272207260132,0.6927788853645325,-0.052093807607889175,0.24979686737060547,0,2000,comp,0,0,42,1.0,0.0,walk_delay_comp
1158,23.16,1.0,0.0,0.36881911754608154,0.7093977928161621,-0.07219170778989792,0.15783117711544037,0,2000,comp,0,0,42,1.0,0.0,walk_delay_comp
1159,23.18,1.0,0.0,0.3685959577560425,0.7232323288917542,-0.0922975018620491,0.1216086596250534,0,2000,comp,0,0,42,1.0,0.0,walk_delay_comp
1160,23.2,1.0,0.0,0.3682626485824585,0.743560254573822,-0.10886270552873611,0.09054134786128998,0,2000,comp,0,0,42,1.0,0.0,walk_delay_comp
1161,23.22,1.0,0.0,0.3681156635284424,0.7699628472328186,-0.12362297624349594,0.02138442173600197,0,2000,comp,0,0,42,1.0,0.0,walk_delay_comp
1162,23.240000000000002,1.0,0.0,0.36861395835876465,0.801910936832428,-0.1378549337387085,-0.08300764113664627,0,2000,comp,0,0,42,1.0,0.0,walk_delay_comp
1163,23.26,1.0,0.0,0.3698362112045288,0.8401419520378113,-0.1522505283355713,-0.18031519651412964,0,2000,comp,0,0,42,1.0,0.0,walk_delay_comp
1164,23.28,1.0,0.0,0.3712421655654907,0.8831012845039368,-0.1673831194639206,-0.22067216038703918,0,2000,comp,0,0,42,1.0,0.0,walk_delay_comp
1165,23.3,1.0,0.0,0.37203407287597656,0.927017092704773,-0.18681661784648895,-0.18326368927955627,0,2000,comp,0,0,42,1.0,0.0,walk_delay_comp
1166,23.32,1.0,0.0,0.37214863300323486,0.9705278277397156,-0.21423432230949402,-0.11557596921920776,0,2000,comp,0,0,42,1.0,0.0,walk_delay_comp
1167,23.34,1.0,0.0,0.37181150913238525,1.0113648176193237,-0.24762451648712158,-0.03360707312822342,0,2000,comp,0,0,42,1.0,0.0,walk_delay_comp
1168,23.36,1.0,0.0,0.3709782361984253,1.0457041263580322,-0.2853313386440277,0.06480129063129425,0,2000,comp,0,0,42,1.0,0.0,walk_delay_comp
1169,23.38,1.0,0.0,0.36940109729766846,1.0679612159729004,-0.31722649931907654,0.10979510098695755,0,2000,comp,0,0,42,1.0,0.0,walk_delay_comp
1170,23.400000000000002,1.0,0.0,0.3708764314651489,0.9500417113304138,-0.23389600217342377,0.07978387176990509,0,2000,comp,0,0,42,1.0,0.0,walk_delay_comp
1171,23.42,1.0,0.0,0.3680013418197632,0.879755973815918,-0.17152097821235657,0.29950767755508423,0,2000,comp,0,0,42,1.0,0.0,walk_delay_comp
1172,23.44,1.0,0.0,0.3638540506362915,0.8154721856117249,-0.1295188069343567,0.12906590104103088,0,2000,comp,0,0,42,1.0,0.0,walk_delay_comp
1173,23.46,1.0,0.0,0.36195695400238037,0.7795189619064331,-0.10895178467035294,-0.11665493249893188,0,2000,comp,0,0,42,1.0,0.0,walk_delay_comp
1174,23.48,1.0,0.0,0.36108601093292236,0.7414546608924866,-0.08573831617832184,-0.19147926568984985,0,2000,comp,0,0,42,1.0,0.0,walk_delay_comp
1175,23.5,1.0,0.0,0.3623100519180298,0.7183464169502258,-0.05965089425444603,-0.4007067382335663,0,2000,comp,0,0,42,1.0,0.0,walk_delay_comp
1176,23.52,1.0,0.0,0.3635979890823364,0.6944502592086792,-0.028999360278248787,-0.25244203209877014,0,2000,comp,0,0,42,1.0,0.0,walk_delay_comp
1177,23.54,1.0,0.0,0.3627549409866333,0.6685978770256042,0.0006168747786432505,-0.05795762687921524,0,2000,comp,0,0,42,1.0,0.0,walk_delay_comp
1178,23.56,1.0,0.0,0.3606659173965454,0.6673635244369507,0.01725165918469429,0.11919521540403366,0,2000,comp,0,0,42,1.0,0.0,walk_delay_comp
1179,23.580000000000002,1.0,0.0,0.35770905017852783,0.6572047472000122,0.036625009030103683,0.13889457285404205,0,2000,comp,0,0,42,1.0,0.0,walk_delay_comp
1180,23.6,1.0,0.0,0.3546257019042969,0.6603593826293945,0.05313699692487717,0.22544443607330322,0,2000,comp,0,0,42,1.0,0.0,walk_delay_comp
1181,23.62,1.0,0.0,0.350796103477478,0.674602746963501,0.06679622828960419,0.35809963941574097,0,2000,comp,0,0,42,1.0,0.0,walk_delay_comp
1182,23.64,1.0,0.0,0.34614837169647217,0.6929872035980225,0.08009988814592361,0.44998377561569214,0,2000,comp,0,0,42,1.0,0.0,walk_delay_comp
1183,23.66,1.0,0.0,0.3411194086074829,0.7133669257164001,0.09427353739738464,0.4992920160293579,0,2000,comp,0,0,42,1.0,0.0,walk_delay_comp
1184,23.68,1.0,0.0,0.33630526065826416,0.7355567216873169,0.10995341092348099,0.4876585006713867,0,2000,comp,0,0,42,1.0,0.0,walk_delay_comp
1185,23.7,1.0,0.0,0.33202993869781494,0.7604976296424866,0.1276579201221466,0.4503249526023865,0,2000,comp,0,0,42,1.0,0.0,walk_delay_comp
1186,23.72,1.0,0.0,0.32874369621276855,0.7879906296730042,0.1464492380619049,0.3721844255924225,0,2000,comp,0,0,42,1.0,0.0,walk_delay_comp
1187,23.740000000000002,1.0,0.0,0.32676708698272705,0.8136517405509949,0.16796694695949554,0.27360549569129944,0,2000,comp,0,0,42,1.0,0.0,walk_delay_comp
1188,23.76,1.0,0.0,0.3254345655441284,0.8341991901397705,0.19562122225761414,0.22950159013271332,0,2000,comp,0,0,42,1.0,0.0,walk_delay_comp
1189,23.78,1.0,0.0,0.32404446601867676,0.8525087833404541,0.22584809362888336,0.20693767070770264,0,2000,comp,0,0,42,1.0,0.0,walk_delay_comp
1190,23.8,1.0,0.0,0.3224966526031494,0.8611581921577454,0.2572180926799774,0.18257230520248413,0,2000,comp,0,0,42,1.0,0.0,walk_delay_comp
1191,23.82,1.0,0.0,0.32179081439971924,0.8606340289115906,0.26791828870773315,0.06757446378469467,0,2000,comp,0,0,42,1.0,0.0,walk_delay_comp
1192,23.84,1.0,0.0,0.32113635540008545,0.7990567684173584,0.19536946713924408,0.043823037296533585,0,2000,comp,0,0,42,1.0,0.0,walk_delay_comp
1193,23.86,1.0,0.0,0.32233309745788574,0.771069347858429,0.1416621208190918,-0.05629727989435196,0,2000,comp,0,0,42,1.0,0.0,walk_delay_comp
1194,23.88,1.0,0.0,0.32484662532806396,0.7455288767814636,0.09636301547288895,-0.001229691319167614,0,2000,comp,0,0,42,1.0,0.0,walk_delay_comp
1195,23.900000000000002,1.0,0.0,0.32568299770355225,0.7229730486869812,0.06353451311588287,0.3405315577983856,0,2000,comp,0,0,42,1.0,0.0,walk_delay_comp
1196,23.92,1.0,0.0,0.3243476152420044,0.7120351195335388,0.03427639603614807,0.4658166170120239,0,2000,comp,0,0,42,1.0,0.0,walk_delay_comp
1197,23.94,1.0,0.0,0.32217836380004883,0.7125059366226196,0.006058093160390854,0.43311452865600586,0,2000,comp,0,0,42,1.0,0.0,walk_delay_comp
1198,23.96,1.0,0.0,0.32007837295532227,0.7331435084342957,-0.01907397247850895,0.3428660035133362,0,2000,comp,0,0,42,1.0,0.0,walk_delay_comp
1199,23.98,1.0,0.0,0.31904685497283936,0.7364967465400696,-0.04224591329693794,0.24430380761623383,0,2000,comp,0,0,42,1.0,0.0,walk_delay_comp
1200,24.0,1.0,0.0,0.31787002086639404,0.7497978210449219,-0.06201282888650894,0.24787524342536926,0,2000,comp,0,0,42,1.0,0.0,walk_delay_comp
1201,24.02,1.0,0.0,0.3169592618942261,0.7531430125236511,-0.08332740515470505,0.1962670385837555,0,2000,comp,0,0,42,1.0,0.0,walk_delay_comp
1202,24.04,1.0,0.0,0.31611382961273193,0.7689639329910278,-0.10225508362054825,0.16046662628650665,0,2000,comp,0,0,42,1.0,0.0,walk_delay_comp
1203,24.060000000000002,1.0,0.0,0.3154141902923584,0.7924367785453796,-0.11774930357933044,0.09178149700164795,0,2000,comp,0,0,42,1.0,0.0,walk_delay_comp
1204,24.080000000000002,1.0,0.0,0.31534016132354736,0.8226328492164612,-0.1315188854932785,-0.02215629070997238,0,2000,comp,0,0,42,1.0,0.0,walk_delay_comp
1205,24.1,1.0,0.0,0.3162580728530884,0.8581666350364685,-0.1451166272163391,-0.15078069269657135,0,2000,comp,0,0,42,1.0,0.0,walk_delay_comp
1206,24.12,1.0,0.0,0.3178328275680542,0.9000653028488159,-0.15802699327468872,-0.23845666646957397,0,2000,comp,0,0,42,1.0,0.0,walk_delay_comp
1207,24.14,1.0,0.0,0.31922852993011475,0.9429817795753479,-0.1745120882987976,-0.23810875415802002,0,2000,comp,0,0,42,1.0,0.0,walk_delay_comp
1208,24.16,1.0,0.0,0.3199920654296875,0.9874280691146851,-0.19849982857704163,-0.19042271375656128,0,2000,comp,0,0,42,1.0,0.0,walk_delay_comp
1209,24.18,1.0,0.0,0.32032597064971924,1.0314756631851196,-0.22880315780639648,-0.11810953915119171,0,2000,comp,0,0,42,1.0,0.0,walk_delay_comp
1210,24.2,1.0,0.0,0.32026922702789307,1.0702189207077026,-0.26401573419570923,-0.02671237289905548,0,2000,comp,0,0,42,1.0,0.0,walk_delay_comp
1211,24.22,1.0,0.0,0.31959593296051025,1.098726511001587,-0.3002139925956726,0.01776784285902977,0,2000,comp,0,0,42,1.0,0.0,walk_delay_comp
1212,24.240000000000002,1.0,0.0,0.3216503858566284,1.0163147449493408,-0.25634071230888367,-0.17954091727733612,0,2000,comp,0,0,42,1.0,0.0,walk_delay_comp
1213,24.26,1.0,0.0,0.32010388374328613,0.9401315450668335,-0.19222784042358398,0.3399689793586731,0,2000,comp,0,0,42,1.0,0.0,walk_delay_comp
1214,24.28,1.0,0.0,0.31500279903411865,0.8613476157188416,-0.13912606239318848,0.2890636622905731,0,2000,comp,0,0,42,1.0,0.0,walk_delay_comp
1215,24.3,1.0,0.0,0.31175172328948975,0.8167118430137634,-0.11370604485273361,0.018223954364657402,0,2000,comp,0,0,42,1.0,0.0,walk_delay_comp
1216,24.32,1.0,0.0,0.3096510171890259,0.7707018256187439,-0.08945892751216888,-0.10642358660697937,0,2000,comp,0,0,42,1.0,0.0,walk_delay_comp
1217,24.34,1.0,0.0,0.31070220470428467,0.7490678429603577,-0.06680450588464737,-0.4437987506389618,0,2000,comp,0,0,42,1.0,0.0,walk_delay_comp
1218,24.36,1.0,0.0,0.3128395080566406,0.7245723009109497,-0.03867202252149582,-0.37509816884994507,0,2000,comp,0,0,42,1.0,0.0,walk_delay_comp
1219,24.38,1.0,0.0,0.3131600618362427,0.6927058696746826,-0.007869226858019829,-0.2056465744972229,0,2000,comp,0,0,42,1.0,0.0,walk_delay_comp
1220,24.400000000000002,1.0,0.0,0.31250452995300293,0.692877471446991,0.008651859126985073,-0.010927794501185417,0,2000,comp,0,0,42,1.0,0.0,walk_delay_comp
1221,24.42,1.0,0.0,0.31077349185943604,0.6776311993598938,0.02977685257792473,-0.0002896278165280819,0,2000,comp,0,0,42,1.0,0.0,walk_delay_comp
1222,24.44,1.0,0.0,0.308632493019104,0.6752891540527344,0.048502616584300995,0.12867839634418488,0,2000,comp,0,0,42,1.0,0.0,walk_delay_comp
1223,24.46,1.0,0.0,0.30562877655029297,0.6863980889320374,0.06239522248506546,0.2639322280883789,0,2000,comp,0,0,42,1.0,0.0,walk_delay_comp
1224,24.48,1.0,0.0,0.301593542098999,0.702254056930542,0.07561658322811127,0.38332414627075195,0,2000,comp,0,0,42,1.0,0.0,walk_delay_comp
1225,24.5,1.0,0.0,0.29676055908203125,0.7230932116508484,0.08831562846899033,0.48565274477005005,0,2000,comp,0,0,42,1.0,0.0,walk_delay_comp
1226,24.52,1.0,0.0,0.29197072982788086,0.7447723746299744,0.10189589858055115,0.474218487739563,0,2000,comp,0,0,42,1.0,0.0,walk_delay_comp
1227,24.54,1.0,0.0,0.2876770496368408,0.7694627046585083,0.11866059899330139,0.4440951347351074,0,2000,comp,0,0,42,1.0,0.0,walk_delay_comp
1228,24.560000000000002,1.0,0.0,0.28427910804748535,0.797103762626648,0.13660025596618652,0.3698893189430237,0,2000,comp,0,0,42,1.0,0.0,walk_delay_comp
1229,24.580000000000002,1.0,0.0,0.28218352794647217,0.8242678046226501,0.15684343874454498,0.2696620225906372,0,2000,comp,0,0,42,1.0,0.0,walk_delay_comp
1230,24.6,1.0,0.0,0.2811877727508545,0.8477675914764404,0.18219608068466187,0.18566301465034485,0,2000,comp,0,0,42,1.0,0.0,walk_delay_comp
1231,24.62,1.0,0.0,0.2804133892059326,0.8689923286437988,0.21196575462818146,0.17131325602531433,0,2000,comp,0,0,42,1.0,0.0,walk_delay_comp
1232,24.64,1.0,0.0,0.27918899059295654,0.8837855458259583,0.24346227943897247,0.14629437029361725,0,2000,comp,0,0,42,1.0,0.0,walk_delay_comp
1233,24.66,1.0,0.0,0.278109073638916,0.8907397985458374,0.26438918709754944,0.06779004633426666,0,2000,comp,0,0,42,1.0,0.0,walk_delay_comp
1234,24.68,1.0,0.0,0.2780458927154541,0.8393146991729736,0.21969884634017944,0.11589451879262924,0,2000,comp,0,0,42,1.0,0.0,walk_delay_comp
1235,24.7,1.0,0.0,0.2785625457763672,0.7980868816375732,0.16372087597846985,-0.06095612049102783,0,2000,comp,0,0,42,1.0,0.0,walk_delay_comp
1236,24.72,1.0,0.0,0.28056883811950684,0.7697470784187317,0.11480783671140671,0.001697213388979435,0,2000,comp,0,0,42,1.0,0.0,walk_delay_comp
1237,24.740000000000002,1.0,0.0,0.28230202198028564,0.738329291343689,0.07574769109487534,0.18194876611232758,0,2000,comp,0,0,42,1.0,0.0,walk_delay_comp
1238,24.76,1.0,0.0,0.28204345703125,0.7218799591064453,0.042818766087293625,0.3945842981338501,0,2000,comp,0,0,42,1.0,0.0,walk_delay_comp
1239,24.78,1.0,0.0,0.2804936170578003,0.7138049602508545,0.013786859810352325,0.4173322021961212,0,2000,comp,0,0,42,1.0,0.0,walk_delay_comp
1240,24.8,1.0,0.0,0.2785298824310303,0.7208709716796875,-0.011574703268706799,0.4105794429779053,0,2000,comp,0,0,42,1.0,0.0,walk_delay_comp
1241,24.82,1.0,0.0,0.27660131454467773,0.7291221022605896,-0.03635276481509209,0.3662939667701721,0,2000,comp,0,0,42,1.0,0.0,walk_delay_comp
1242,24.84,1.0,0.0,0.2750246524810791,0.7362935543060303,-0.06006027013063431,0.26613572239875793,0,2000,comp,0,0,42,1.0,0.0,walk_delay_comp
1243,24.86,1.0,0.0,0.27424120903015137,0.7532135844230652,-0.0810639038681984,0.16131074726581573,0,2000,comp,0,0,42,1.0,0.0,walk_delay_comp
1244,24.88,1.0,0.0,0.27405667304992676,0.7657283544540405,-0.10195451974868774,0.1203584372997284,0,2000,comp,0,0,42,1.0,0.0,walk_delay_comp
1245,24.900000000000002,1.0,0.0,0.2738412618637085,0.7845088243484497,-0.11965812742710114,0.0788920447230339,0,2000,comp,0,0,42,1.0,0.0,walk_delay_comp
1246,24.92,1.0,0.0,0.27391326427459717,0.8100886940956116,-0.13422024250030518,-0.007758702151477337,0,2000,comp,0,0,42,1.0,0.0,walk_delay_comp
1247,24.94,1.0,0.0,0.2748054265975952,0.8412997722625732,-0.1483256220817566,-0.12852193415164948,0,2000,comp,0,0,42,1.0,0.0,walk_delay_comp
1248,24.96,1.0,0.0,0.2765570878982544,0.8793268203735352,-0.16246652603149414,-0.23605459928512573,0,2000,comp,0,0,42,1.0,0.0,walk_delay_comp
1249,24.98,1.0,0.0,0.27849912643432617,0.9219708442687988,-0.17692895233631134,-0.2772531807422638,0,2000,comp,0,0,42,1.0,0.0,walk_delay_comp
1250,25.0,1.0,0.0,0.2798041105270386,0.9651349186897278,-0.19635550677776337,-0.23707926273345947,0,2000,comp,0,0,42,1.0,0.0,walk_delay_comp
1251,25.02,1.0,0.0,0.28046464920043945,1.0078213214874268,-0.22406579554080963,-0.17394350469112396,0,2000,comp,0,0,42,1.0,0.0,walk_delay_comp
1252,25.04,1.0,0.0,0.2808363437652588,1.0478227138519287,-0.25756219029426575,-0.10569415986537933,0,2000,comp,0,0,42,1.0,0.0,walk_delay_comp
1253,25.060000000000002,1.0,0.0,0.2808811664581299,1.0816770792007446,-0.29509320855140686,-0.015603138133883476,0,2000,comp,0,0,42,1.0,0.0,walk_delay_comp
1254,25.080000000000002,1.0,0.0,0.28015244007110596,1.1024435758590698,-0.31829723715782166,0.07111965119838715,0,2000,comp,0,0,42,1.0,0.0,walk_delay_comp
1255,25.1,1.0,0.0,0.2818484306335449,0.9591115117073059,-0.2182619273662567,0.15416033565998077,0,2000,comp,0,0,42,1.0,0.0,walk_delay_comp
1256,25.12,1.0,0.0,0.27898287773132324,0.8923225402832031,-0.1586264669895172,0.237465500831604,0,2000,comp,0,0,42,1.0,0.0,walk_delay_comp
1257,25.14,1.0,0.0,0.2758510112762451,0.8293591737747192,-0.12144067883491516,-0.009344309568405151,0,2000,comp,0,0,42,1.0,0.0,walk_delay_comp
1258,25.16,1.0,0.0,0.2754056453704834,0.795728325843811,-0.10204941779375076,-0.2621983289718628,0,2000,comp,0,0,42,1.0,0.0,walk_delay_comp
1259,25.18,1.0,0.0,0.27574408054351807,0.7587510943412781,-0.07813382893800735,-0.28973227739334106,0,2000,comp,0,0,42,1.0,0.0,walk_delay_comp
1260,25.2,1.0,0.0,0.2778587341308594,0.7341514229774475,-0.05221032723784447,-0.4773142337799072,0,2000,comp,0,0,42,1.0,0.0,walk_delay_comp
1261,25.22,1.0,0.0,0.27965736389160156,0.7115587592124939,-0.02109072357416153,-0.28166288137435913,0,2000,comp,0,0,42,1.0,0.0,walk_delay_comp
1262,25.240000000000002,1.0,0.0,0.2790491580963135,0.6857990622520447,0.007365631405264139,-0.07706886529922485,0,2000,comp,0,0,42,1.0,0.0,walk_delay_comp
1263,25.26,1.0,0.0,0.27709782123565674,0.6827812790870667,0.023255854845046997,0.1069905161857605,0,2000,comp,0,0,42,1.0,0.0,walk_delay_comp
1264,25.28,1.0,0.0,0.27388620376586914,0.6717503070831299,0.04297444969415665,0.1705094873905182,0,2000,comp,0,0,42,1.0,0.0,walk_delay_comp
1265,25.3,1.0,0.0,0.27072954177856445,0.6761991381645203,0.05856447294354439,0.21370439231395721,0,2000,comp,0,0,42,1.0,0.0,walk_delay_comp
1266,25.32,1.0,0.0,0.2669724225997925,0.6907926201820374,0.07199525088071823,0.35120925307273865,0,2000,comp,0,0,42,1.0,0.0,walk_delay_comp
1267,25.34,1.0,0.0,0.2623409032821655,0.7101315855979919,0.08491475135087967,0.4466043710708618,0,2000,comp,0,0,42,1.0,0.0,walk_delay_comp
1268,25.36,1.0,0.0,0.2574334144592285,0.7311849594116211,0.0983228087425232,0.4801916480064392,0,2000,comp,0,0,42,1.0,0.0,walk_delay_comp
1269,25.38,1.0,0.0,0.2528446912765503,0.7537599205970764,0.11389826983213425,0.46019870042800903,0,2000,comp,0,0,42,1.0,0.0,walk_delay_comp
1270,25.400000000000002,1.0,0.0,0.24890708923339844,0.7792832255363464,0.13120806217193604,0.40779590606689453,0,2000,comp,0,0,42,1.0,0.0,walk_delay_comp
1271,25.42,1.0,0.0,0.24606800079345703,0.8083245158195496,0.14961816370487213,0.3230205178260803,0,2000,comp,0,0,42,1.0,0.0,walk_delay_comp
1272,25.44,1.0,0.0,0.24460995197296143,0.8351382613182068,0.1711452752351761,0.21589648723602295,0,2000,comp,0,0,42,1.0,0.0,walk_delay_comp
1273,25.46,1.0,0.0,0.24388110637664795,0.8577001690864563,0.19869005680084229,0.16621464490890503,0,2000,comp,0,0,42,1.0,0.0,walk_delay_comp
1274,25.48,1.0,0.0,0.2431337833404541,0.8772448301315308,0.2293083220720291,0.14127276837825775,0,2000,comp,0,0,42,1.0,0.0,walk_delay_comp
1275,25.5,1.0,0.0,0.24219250679016113,0.8892596364021301,0.26187071204185486,0.09624870121479034,0,2000,comp,0,0,42,1.0,0.0,walk_delay_comp
1276,25.52,1.0,0.0,0.24180316925048828,0.8954794406890869,0.2758508324623108,-0.04142318665981293,0,2000,comp,0,0,42,1.0,0.0,walk_delay_comp
1277,25.54,1.0,0.0,0.24135112762451172,0.8184436559677124,0.20739075541496277,0.03192870318889618,0,2000,comp,0,0,42,1.0,0.0,walk_delay_comp
1278,25.560000000000002,1.0,0.0,0.2423572540283203,0.7789179682731628,0.15224510431289673,0.010529797524213791,0,2000,comp,0,0,42,1.0,0.0,walk_delay_comp
1279,25.580000000000002,1.0,0.0,0.24401307106018066,0.7486269474029541,0.10884280502796173,0.10884245485067368,0,2000,comp,0,0,42,1.0,0.0,walk_delay_comp
1280,25.6,1.0,0.0,0.2445218563079834,0.7205727696418762,0.0729786604642868,0.32221198081970215,0,2000,comp,0,0,42,1.0,0.0,walk_delay_comp
1281,25.62,1.0,0.0,0.2430434226989746,0.7073004841804504,0.04362468421459198,0.46844086050987244,0,2000,comp,0,0,42,1.0,0.0,walk_delay_comp
1282,25.64,1.0,0.0,0.24093139171600342,0.7005509734153748,0.017244692891836166,0.4214780330657959,0,2000,comp,0,0,42,1.0,0.0,walk_delay_comp
1283,25.66,1.0,0.0,0.23903870582580566,0.7077023983001709,-0.006340009160339832,0.35431617498397827,0,2000,comp,0,0,42,1.0,0.0,walk_delay_comp
1284,25.68,1.0,0.0,0.2376878261566162,0.7155512571334839,-0.02975579723715782,0.26807302236557007,0,2000,comp,0,0,42,1.0,0.0,walk_delay_comp
1285,25.7,1.0,0.0,0.23711752891540527,0.7204872965812683,-0.051561105996370316,0.14651605486869812,0,2000,comp,0,0,42,1.0,0.0,walk_delay_comp
1286,25.72,1.0,0.0,0.23731863498687744,0.7369782328605652,-0.07090651988983154,0.06196322292089462,0,2000,comp,0,0,42,1.0,0.0,walk_delay_comp
1287,25.740000000000002,1.0,0.0,0.23782622814178467,0.7514075040817261,-0.08908301591873169,0.038814082741737366,0,2000,comp,0,0,42,1.0,0.0,walk_delay_comp
1288,25.76,1.0,0.0,0.23819851875305176,0.7738374471664429,-0.10473530739545822,0.0022355574183166027,0,2000,comp,0,0,42,1.0,0.0,walk_delay_comp
1289,25.78,1.0,0.0,0.23894858360290527,0.8030064105987549,-0.1186186671257019,-0.08676481246948242,0,2000,comp,0,0,42,1.0,0.0,walk_delay_comp
1290,25.8,1.0,0.0,0.2404038906097412,0.8376676440238953,-0.1322559416294098,-0.1838427037000656,0,2000,comp,0,0,42,1.0,0.0,walk_delay_comp
1291,25.82,1.0,0.0,0.24233782291412354,0.8786057829856873,-0.14602252840995789,-0.25550156831741333,0,2000,comp,0,0,42,1.0,0.0,walk_delay_comp
1292,25.84,1.0,0.0,0.24400854110717773,0.9215432405471802,-0.16132985055446625,-0.2564937472343445,0,2000,comp,0,0,42,1.0,0.0,walk_delay_comp
1293,25.86,1.0,0.0,0.24503028392791748,0.9641768932342529,-0.1836562156677246,-0.2125057578086853,0,2000,comp,0,0,42,1.0,0.0,walk_delay_comp
1294,25.88,1.0,0.0,0.24551498889923096,1.0060385465621948,-0.212393656373024,-0.1480821669101715,0,2000,comp,0,0,42,1.0,0.0,walk_delay_comp
1295,25.900000000000002,1.0,0.0,0.24577033519744873,1.0432250499725342,-0.24597568809986115,-0.07685865461826324,0,2000,comp,0,0,42,1.0,0.0,walk_delay_comp
1296,25.92,1.0,0.0,0.24557769298553467,1.0752109289169312,-0.28251203894615173,0.012031622231006622,0,2000,comp,0,0,42,1.0,0.0,walk_delay_comp
1297,25.94,1.0,0.0,0.2453622817993164,1.0055079460144043,-0.26430997252464294,-0.5552830100059509,0,2000,comp,0,0,42,1.0,0.0,walk_delay_comp
1298,25.96,1.0,0.0,0.24571526050567627,0.9337062239646912,-0.19144584238529205,0.20435160398483276,0,2000,comp,0,0,42,1.0,0.0,walk_delay_comp
1299,25.98,1.0,0.0,0.24236106872558594,0.8623319864273071,-0.14069999754428864,0.1555432379245758,0,2000,comp,0,0,42,1.0,0.0,walk_delay_comp
1300,26.0,1.0,0.0,0.24011754989624023,0.8096019625663757,-0.11257927864789963,-0.06763796508312225,0,2000,comp,0,0,42,1.0,0.0,walk_delay_comp
1301,26.02,1.0,0.0,0.23944127559661865,0.7639756798744202,-0.0825406014919281,-0.22756165266036987,0,2000,comp,0,0,42,1.0,0.0,walk_delay_comp
1302,26.04,1.0,0.0,0.24053943157196045,0.7357615828514099,-0.05670821666717529,-0.3599749803543091,0,2000,comp,0,0,42,1.0,0.0,walk_delay_comp
1303,26.060000000000002,1.0,0.0,0.24161863327026367,0.7133117318153381,-0.02901160903275013,-0.2836608290672302,0,2000,comp,0,0,42,1.0,0.0,walk_delay_comp
1304,26.080000000000002,1.0,0.0,0.24161672592163086,0.6910085082054138,-0.0003171972930431366,-0.1633504331111908,0,2000,comp,0,0,42,1.0,0.0,walk_delay_comp
1305,26.1,1.0,0.0,0.24106872081756592,0.688823938369751,0.019718904048204422,-0.05251703038811684,0,2000,comp,0,0,42,1.0,0.0,walk_delay_comp
1306,26.12,1.0,0.0,0.23933446407318115,0.6751753091812134,0.041617501527071,0.009397072717547417,0,2000,comp,0,0,42,1.0,0.0,walk_delay_comp
1307,26.14,1.0,0.0,0.2369682788848877,0.6748170852661133,0.06134696304798126,0.15441136062145233,0,2000,comp,0,0,42,1.0,0.0,walk_delay_comp
1308,26.16,1.0,0.0,0.23389863967895508,0.6833353042602539,0.07541125267744064,0.24394963681697845,0,2000,comp,0,0,42,1.0,0.0,walk_delay_comp
1309,26.18,1.0,0.0,0.22985053062438965,0.6994001865386963,0.0878734290599823,0.3891885578632355,0,2000,comp,0,0,42,1.0,0.0,walk_delay_comp
1310,26.2,1.0,0.0,0.22521710395812988,0.7183226943016052,0.09963338077068329,0.45251044631004333,0,2000,comp,0,0,42,1.0,0.0,walk_delay_comp
1311,26.22,1.0,0.0,0.22075259685516357,0.7381783723831177,0.11377883702516556,0.44529181718826294,0,2000,comp,0,0,42,1.0,0.0,walk_delay_comp
1312,26.240000000000002,1.0,0.0,0.21680033206939697,0.7607099413871765,0.13123376667499542,0.4082433581352234,0,2000,comp,0,0,42,1.0,0.0,walk_delay_comp
1313,26.26,1.0,0.0,0.21375858783721924,0.7866038680076599,0.15001559257507324,0.3345227837562561,0,2000,comp,0,0,42,1.0,0.0,walk_delay_comp
1314,26.28,1.0,0.0,0.21211957931518555,0.8131389617919922,0.17106705904006958,0.2215145379304886,0,2000,comp,0,0,42,1.0,0.0,walk_delay_comp
1315,26.3,1.0,0.0,0.21163833141326904,0.8364971280097961,0.19773171842098236,0.14137239754199982,0,2000,comp,0,0,42,1.0,0.0,walk_delay_comp
1316,26.32,1.0,0.0,0.21134352684020996,0.8564237952232361,0.22863216698169708,0.12723034620285034,0,2000,comp,0,0,42,1.0,0.0,walk_delay_comp
1317,26.34,1.0,0.0,0.21061861515045166,0.8696598410606384,0.2617611885070801,0.10491199791431427,0,2000,comp,0,0,42,1.0,0.0,walk_delay_comp
1318,26.36,1.0,0.0,0.20988380908966064,0.8759658336639404,0.284790962934494,0.05948806554079056,0,2000,comp,0,0,42,1.0,0.0,walk_delay_comp
1319,26.38,1.0,0.0,0.20998966693878174,0.8246315717697144,0.24248693883419037,0.07953450083732605,0,2000,comp,0,0,42,1.0,0.0,walk_delay_comp
1320,26.400000000000002,1.0,0.0,0.21073102951049805,0.782974898815155,0.18138571083545685,-0.07403916120529175,0,2000,comp,0,0,42,1.0,0.0,walk_delay_comp
1321,26.42,1.0,0.0,0.21297287940979004,0.7567490339279175,0.13536104559898376,-0.040288135409355164,0,2000,comp,0,0,42,1.0,0.0,walk_delay_comp
1322,26.44,1.0,0.0,0.21493315696716309,0.728519856929779,0.09411714971065521,0.13631898164749146,0,2000,comp,0,0,42,1.0,0.0,walk_delay_comp
1323,26.46,1.0,0.0,0.2149118185043335,0.7103622555732727,0.06331855058670044,0.36420220136642456,0,2000,comp,0,0,42,1.0,0.0,walk_delay_comp
1324,26.48,1.0,0.0,0.21426939964294434,0.7022166848182678,0.029982736334204674,0.31279149651527405,0,2000,comp,0,0,42,1.0,0.0,walk_delay_comp
1325,26.5,1.0,0.0,0.21306335926055908,0.7069646716117859,0.0046073393896222115,0.3544115424156189,0,2000,comp,0,0,42,1.0,0.0,walk_delay_comp
1326,26.52,1.0,0.0,0.2113649845123291,0.7220357656478882,-0.018666790798306465,0.33622050285339355,0,2000,comp,0,0,42,1.0,0.0,walk_delay_comp
1327,26.54,1.0,0.0,0.2100200653076172,0.7215667963027954,-0.043167874217033386,0.26350465416908264,0,2000,comp,0,0,42,1.0,0.0,walk_delay_comp
1328,26.560000000000002,1.0,0.0,0.20916295051574707,0.7400220632553101,-0.0657723993062973,0.17116521298885345,0,2000,comp,0,0,42,1.0,0.0,walk_delay_comp
1329,26.580000000000002,1.0,0.0,0.20895910263061523,0.7511149644851685,-0.08568751066923141,0.1015273928642273,0,2000,comp,0,0,42,1.0,0.0,walk_delay_comp
1330,26.6,1.0,0.0,0.20892584323883057,0.7755018472671509,-0.10164383053779602,0.03914913535118103,0,2000,comp,0,0,42,1.0,0.0,walk_delay_comp
1331,26.62,1.0,0.0,0.20946872234344482,0.7968586087226868,-0.11727556586265564,-0.052108630537986755,0,2000,comp,0,0,42,1.0,0.0,walk_delay_comp
1332,26.64,1.0,0.0,0.2103496789932251,0.827809751033783,-0.12938924133777618,-0.11548181623220444,0,2000,comp,0,0,42,1.0,0.0,walk_delay_comp
1333,26.66,1.0,0.0,0.21211695671081543,0.8596296906471252,-0.14342106878757477,-0.2525676488876343,0,2000,comp,0,0,42,1.0,0.0,walk_delay_comp
1334,26.68,1.0,0.0,0.21444225311279297,0.9028055667877197,-0.15762783586978912,-0.31762027740478516,0,2000,comp,0,0,42,1.0,0.0,walk_delay_comp
1335,26.7,1.0,0.0,0.21622800827026367,0.9470603466033936,-0.17554400861263275,-0.28407740592956543,0,2000,comp,0,0,42,1.0,0.0,walk_delay_comp
1336,26.72,1.0,0.0,0.21743035316467285,0.9911881685256958,-0.2013053596019745,-0.23907577991485596,0,2000,comp,0,0,42,1.0,0.0,walk_delay_comp
1337,26.740000000000002,1.0,0.0,0.21832799911499023,1.0307352542877197,-0.23218099772930145,-0.16173315048217773,0,2000,comp,0,0,42,1.0,0.0,walk_delay_comp
1338,26.76,1.0,0.0,0.21885108947753906,1.0638947486877441,-0.2669636011123657,-0.05831629037857056,0,2000,comp,0,0,42,1.0,0.0,walk_delay_comp
1339,26.78,1.0,0.0,0.21851539611816406,1.0858633518218994,-0.2898472249507904,0.04869601130485535,0,2000,comp,0,0,42,1.0,0.0,walk_delay_comp
1340,26.8,1.0,0.0,0.2204190492630005,0.9571012854576111,-0.20024053752422333,0.08426980674266815,0,2000,comp,0,0,42,1.0,0.0,walk_delay_comp
1341,26.82,1.0,0.0,0.21792006492614746,0.889970064163208,-0.14149247109889984,0.2214258313179016,0,2000,comp,0,0,42,1.0,0.0,walk_delay_comp
1342,26.84,1.0,0.0,0.21485543251037598,0.8258881568908691,-0.10534986853599548,-0.011932468973100185,0,2000,comp,0,0,42,1.0,0.0,walk_delay_comp
1343,26.86,1.0,0.0,0.2145078182220459,0.7923383116722107,-0.0883641466498375,-0.2601989507675171,0,2000,comp,0,0,42,1.0,0.0,walk_delay_comp
1344,26.88,1.0,0.0,0.2148139476776123,0.7550906538963318,-0.06472939997911453,-0.30390846729278564,0,2000,comp,0,0,42,1.0,0.0,walk_delay_comp
1345,26.900000000000002,1.0,0.0,0.216902494430542,0.7339655160903931,-0.04204597324132919,-0.483854204416275,0,2000,comp,0,0,42,1.0,0.0,walk_delay_comp
1346,26.92,1.0,0.0,0.21880817413330078,0.7098876237869263,-0.013203360140323639,-0.3045786917209625,0,2000,comp,0,0,42,1.0,0.0,walk_delay_comp
1347,26.94,1.0,0.0,0.218489408493042,0.6848032474517822,0.014486647211015224,-0.10924255847930908,0,2000,comp,0,0,42,1.0,0.0,walk_delay_comp
1348,26.96,1.0,0.0,0.2167569398880005,0.6834101676940918,0.030423538759350777,0.0859183594584465,0,2000,comp,0,0,42,1.0,0.0,walk_delay_comp
1349,26.98,1.0,0.0,0.21393036842346191,0.6731961369514465,0.04969339072704315,0.12106752395629883,0,2000,comp,0,0,42,1.0,0.0,walk_delay_comp
1350,27.0,1.0,0.0,0.21129417419433594,0.6775115728378296,0.06564155220985413,0.16111627221107483,0,2000,comp,0,0,42,1.0,0.0,walk_delay_comp
1351,27.02,1.0,0.0,0.20798659324645996,0.6931148171424866,0.07868358492851257,0.31115972995758057,0,2000,comp,0,0,42,1.0,0.0,walk_delay_comp
1352,27.04,1.0,0.0,0.20390307903289795,0.7127252221107483,0.09101071953773499,0.3880368769168854,0,2000,comp,0,0,42,1.0,0.0,walk_delay_comp
1353,27.060000000000002,1.0,0.0,0.19948947429656982,0.734669029712677,0.10475300252437592,0.4416824281215668,0,2000,comp,0,0,42,1.0,0.0,walk_delay_comp
1354,27.080000000000002,1.0,0.0,0.19527935981750488,0.7576528191566467,0.12032003700733185,0.42652881145477295,0,2000,comp,0,0,42,1.0,0.0,walk_delay_comp
1355,27.1,1.0,0.0,0.191750168800354,0.783310055732727,0.13790664076805115,0.36706122756004333,0,2000,comp,0,0,42,1.0,0.0,walk_delay_comp
1356,27.12,1.0,0.0,0.18938779830932617,0.8124604821205139,0.1569482684135437,0.2745147943496704,0,2000,comp,0,0,42,1.0,0.0,walk_delay_comp
1357,27.14,1.0,0.0,0.1884523630142212,0.8400570154190063,0.1792859584093094,0.16352921724319458,0,2000,comp,0,0,42,1.0,0.0,walk_delay_comp
1358,27.16,1.0,0.0,0.18823528289794922,0.8634675741195679,0.2078278809785843,0.11461484432220459,0,2000,comp,0,0,42,1.0,0.0,walk_delay_comp
1359,27.18,1.0,0.0,0.18795502185821533,0.8837911486625671,0.23884257674217224,0.09402477741241455,0,2000,comp,0,0,42,1.0,0.0,walk_delay_comp
1360,27.2,1.0,0.0,0.18747997283935547,0.8967463374137878,0.27184829115867615,0.05230095610022545,0,2000,comp,0,0,42,1.0,0.0,walk_delay_comp
1361,27.22,1.0,0.0,0.18752384185791016,0.9035197496414185,0.28709185123443604,-0.07158838212490082,0,2000,comp,0,0,42,1.0,0.0,walk_delay_comp
1362,27.240000000000002,1.0,0.0,0.18733000755310059,0.8222008347511292,0.2143450528383255,0.011539490893483162,0,2000,comp,0,0,42,1.0,0.0,walk_delay_comp
1363,27.26,1.0,0.0,0.18867647647857666,0.7813553214073181,0.16000480949878693,-0.020766230300068855,0,2000,comp,0,0,42,1.0,0.0,walk_delay_comp
1364,27.28,1.0,0.0,0.19067788124084473,0.7508435845375061,0.11890536546707153,0.08577856421470642,0,2000,comp,0,0,42,1.0,0.0,walk_delay_comp
1365,27.3,1.0,0.0,0.19148647785186768,0.7235463261604309,0.08307887613773346,0.29805487394332886,0,2000,comp,0,0,42,1.0,0.0,walk_delay_comp
1366,27.32,1.0,0.0,0.19026553630828857,0.7090087532997131,0.05336479842662811,0.4519275724887848,0,2000,comp,0,0,42,1.0,0.0,walk_delay_comp
1367,27.34,1.0,0.0,0.18833613395690918,0.7024694681167603,0.02541915886104107,0.4017327129840851,0,2000,comp,0,0,42,1.0,0.0,walk_delay_comp
1368,27.36,1.0,0.0,0.18669462203979492,0.7093822956085205,0.0006917363498359919,0.32858172059059143,0,2000,comp,0,0,42,1.0,0.0,walk_delay_comp
1369,27.38,1.0,0.0,0.18571364879608154,0.7176145315170288,-0.02383856289088726,0.2284463346004486,0,2000,comp,0,0,42,1.0,0.0,walk_delay_comp
1370,27.400000000000002,1.0,0.0,0.18560636043548584,0.7204315662384033,-0.04658915102481842,0.1096944585442543,0,2000,comp,0,0,42,1.0,0.0,walk_delay_comp
1371,27.42,1.0,0.0,0.18607234954833984,0.7382939457893372,-0.06636270880699158,0.04299510270357132,0,2000,comp,0,0,42,1.0,0.0,walk_delay_comp
1372,27.44,1.0,0.0,0.18696975708007812,0.7528813481330872,-0.08577509969472885,-0.004009107127785683,0,2000,comp,0,0,42,1.0,0.0,walk_delay_comp
1373,27.46,1.0,0.0,0.18784821033477783,0.7758616209030151,-0.1005999892950058,-0.048673905432224274,0,2000,comp,0,0,42,1.0,0.0,walk_delay_comp
1374,27.48,1.0,0.0,0.18904292583465576,0.8050009608268738,-0.11399992555379868,-0.1233973577618599,0,2000,comp,0,0,42,1.0,0.0,walk_delay_comp
1375,27.5,1.0,0.0,0.19076251983642578,0.8398402333259583,-0.12777118384838104,-0.2022552192211151,0,2000,comp,0,0,42,1.0,0.0,walk_delay_comp
1376,27.52,1.0,0.0,0.1928473711013794,0.8810880780220032,-0.14214719831943512,-0.26777347922325134,0,2000,comp,0,0,42,1.0,0.0,walk_delay_comp
1377,27.54,1.0,0.0,0.1946125030517578,0.9240832924842834,-0.15790167450904846,-0.26540854573249817,0,2000,comp,0,0,42,1.0,0.0,walk_delay_comp
1378,27.560000000000002,1.0,0.0,0.195717453956604,0.9666107296943665,-0.1804627776145935,-0.21997642517089844,0,2000,comp,0,0,42,1.0,0.0,walk_delay_comp
1379,27.580000000000002,1.0,0.0,0.19627892971038818,1.0082685947418213,-0.20950037240982056,-0.15938639640808105,0,2000,comp,0,0,42,1.0,0.0,walk_delay_comp
1380,27.6,1.0,0.0,0.19666659832000732,1.0449130535125732,-0.24353304505348206,-0.0906655490398407,0,2000,comp,0,0,42,1.0,0.0,walk_delay_comp
1381,27.62,1.0,0.0,0.19662463665008545,1.0763802528381348,-0.28037235140800476,-0.002555522136390209,0,2000,comp,0,0,42,1.0,0.0,walk_delay_comp
1382,27.64,1.0,0.0,0.19715666770935059,0.9998328685760498,-0.241411030292511,-0.43740999698638916,0,2000,comp,0,0,42,1.0,0.0,walk_delay_comp
1383,27.66,1.0,0.0,0.1974625587463379,0.9261392951011658,-0.16858606040477753,0.12986977398395538,0,2000,comp,0,0,42,1.0,0.0,walk_delay_comp
1384,27.68,1.0,0.0,0.1948995590209961,0.8564664721488953,-0.1203923225402832,0.05656812712550163,0,2000,comp,0,0,42,1.0,0.0,walk_delay_comp
1385,27.7,1.0,0.0,0.1935584545135498,0.8085642457008362,-0.095651775598526,-0.16964943706989288,0,2000,comp,0,0,42,1.0,0.0,walk_delay_comp
1386,27.72,1.0,0.0,0.19386577606201172,0.7668923139572144,-0.06882719695568085,-0.30529215931892395,0,2000,comp,0,0,42,1.0,0.0,walk_delay_comp
1387,27.740000000000002,1.0,0.0,0.1955115795135498,0.7394225001335144,-0.04468383640050888,-0.39513933658599854,0,2000,comp,0,0,42,1.0,0.0,walk_delay_comp
1388,27.76,1.0,0.0,0.1966714859008789,0.7149415612220764,-0.016185792163014412,-0.2565414309501648,0,2000,comp,0,0,42,1.0,0.0,walk_delay_comp
1389,27.78,1.0,0.0,0.19614052772521973,0.6918109059333801,0.012430047616362572,-0.10538797080516815,0,2000,comp,0,0,42,1.0,0.0,walk_delay_comp
1390,27.8,1.0,0.0,0.19501948356628418,0.68672776222229,0.032593756914138794,-0.010647701099514961,0,2000,comp,0,0,42,1.0,0.0,walk_delay_comp
1391,27.82,1.0,0.0,0.19289469718933105,0.6747093200683594,0.052928805351257324,0.04460826516151428,0,2000,comp,0,0,42,1.0,0.0,walk_delay_comp
1392,27.84,1.0,0.0,0.19046616554260254,0.6762611865997314,0.07083582133054733,0.1326267570257187,0,2000,comp,0,0,42,1.0,0.0,walk_delay_comp
1393,27.86,1.0,0.0,0.18760216236114502,0.686801016330719,0.08504986017942429,0.21874374151229858,0,2000,comp,0,0,42,1.0,0.0,walk_delay_comp
1394,27.88,1.0,0.0,0.18400788307189941,0.7031354308128357,0.09833325445652008,0.3357943296432495,0,2000,comp,0,0,42,1.0,0.0,walk_delay_comp
1395,27.900000000000002,1.0,0.0,0.1798386573791504,0.7238795161247253,0.11055688560009003,0.41331982612609863,0,2000,comp,0,0,42,1.0,0.0,walk_delay_comp
1396,27.92,1.0,0.0,0.1758507490158081,0.7438340187072754,0.12495308369398117,0.39187827706336975,0,2000,comp,0,0,42,1.0,0.0,walk_delay_comp
1397,27.94,1.0,0.0,0.17236709594726562,0.7665913701057434,0.14279411733150482,0.36684083938598633,0,2000,comp,0,0,42,1.0,0.0,walk_delay_comp
1398,27.96,1.0,0.0,0.16968512535095215,0.7930955290794373,0.16197310388088226,0.30250734090805054,0,2000,comp,0,0,42,1.0,0.0,walk_delay_comp
1399,27.98,1.0,0.0,0.16833162307739258,0.8204986453056335,0.18324686586856842,0.19406163692474365,0,2000,comp,0,0,42,1.0,0.0,walk_delay_comp
1400,28.0,1.0,0.0,0.16810178756713867,0.8447104096412659,0.2102249562740326,0.11562512069940567,0,2000,comp,0,0,42,1.0,0.0,walk_delay_comp
1401,28.02,1.0,0.0,0.16807448863983154,0.8649696111679077,0.2419731616973877,0.09189748764038086,0,2000,comp,0,0,42,1.0,0.0,walk_delay_comp
1402,28.04,1.0,0.0,0.1677393913269043,0.8782284259796143,0.27583929896354675,0.05796019360423088,0,2000,comp,0,0,42,1.0,0.0,walk_delay_comp
1403,28.060000000000002,1.0,0.0,0.1673985719680786,0.8845930099487305,0.30206188559532166,0.03532367944717407,0,2000,comp,0,0,42,1.0,0.0,walk_delay_comp
1404,28.080000000000002,1.0,0.0,0.1676616668701172,0.8320954442024231,0.27296319603919983,0.05904269590973854,0,2000,comp,0,0,42,1.0,0.0,walk_delay_comp
1405,28.1,1.0,0.0,0.1683439016342163,0.7880523800849915,0.2048400640487671,-0.0492062047123909,0,2000,comp,0,0,42,1.0,0.0,walk_delay_comp
1406,28.12,1.0,0.0,0.17048287391662598,0.7600136995315552,0.15665842592716217,-0.04534701257944107,0,2000,comp,0,0,42,1.0,0.0,walk_delay_comp
1407,28.14,1.0,0.0,0.17258858680725098,0.7312065362930298,0.11593732237815857,0.10120068490505219,0,2000,comp,0,0,42,1.0,0.0,walk_delay_comp
1408,28.16,1.0,0.0,0.17286062240600586,0.7138051390647888,0.08178868144750595,0.32468321919441223,0,2000,comp,0,0,42,1.0,0.0,walk_delay_comp
1409,28.18,1.0,0.0,0.17218804359436035,0.7039610743522644,0.05250055715441704,0.33233675360679626,0,2000,comp,0,0,42,1.0,0.0,walk_delay_comp
1410,28.2,1.0,0.0,0.1712353229522705,0.7083911895751953,0.026143627241253853,0.30650168657302856,0,2000,comp,0,0,42,1.0,0.0,walk_delay_comp
1411,28.22,1.0,0.0,0.17021489143371582,0.7187850475311279,0.0015642110956832767,0.2713485360145569,0,2000,comp,0,0,42,1.0,0.0,walk_delay_comp
1412,28.240000000000002,1.0,0.0,0.1698291301727295,0.7239652872085571,-0.021708518266677856,0.15043610334396362,0,2000,comp,0,0,42,1.0,0.0,walk_delay_comp
1413,28.26,1.0,0.0,0.17014265060424805,0.7392022609710693,-0.04165211692452431,0.060242366045713425,0,2000,comp,0,0,42,1.0,0.0,walk_delay_comp
1414,28.28,1.0,0.0,0.17097783088684082,0.748719334602356,-0.06046587601304054,0.022035788744688034,0,2000,comp,0,0,42,1.0,0.0,walk_delay_comp
1415,28.3,1.0,0.0,0.1716914176940918,0.7649651765823364,-0.07584789395332336,-0.002313222037628293,0,2000,comp,0,0,42,1.0,0.0,walk_delay_comp
1416,28.32,1.0,0.0,0.17243242263793945,0.7879752516746521,-0.08869943022727966,-0.061346035450696945,0,2000,comp,0,0,42,1.0,0.0,walk_delay_comp
1417,28.34,1.0,0.0,0.17369091510772705,0.8160713315010071,-0.10158979892730713,-0.1521824151277542,0,2000,comp,0,0,42,1.0,0.0,walk_delay_comp
1418,28.36,1.0,0.0,0.17558598518371582,0.8512554168701172,-0.11520878225564957,-0.23866963386535645,0,2000,comp,0,0,42,1.0,0.0,walk_delay_comp
1419,28.38,1.0,0.0,0.17765140533447266,0.8921263217926025,-0.1284598708152771,-0.2816179096698761,0,2000,comp,0,0,42,1.0,0.0,walk_delay_comp
1420,28.400000000000002,1.0,0.0,0.1790832281112671,0.9327619671821594,-0.1456727832555771,-0.24268770217895508,0,2000,comp,0,0,42,1.0,0.0,walk_delay_comp
1421,28.42,1.0,0.0,0.17986178398132324,0.9727737903594971,-0.17065836489200592,-0.19022265076637268,0,2000,comp,0,0,42,1.0,0.0,walk_delay_comp
1422,28.44,1.0,0.0,0.18035578727722168,1.0122714042663574,-0.20052964985370636,-0.1358063817024231,0,2000,comp,0,0,42,1.0,0.0,walk_delay_comp
1423,28.46,1.0,0.0,0.18065869808197021,1.0463544130325317,-0.2345401644706726,-0.05104633420705795,0,2000,comp,0,0,42,1.0,0.0,walk_delay_comp
1424,28.48,1.0,0.0,0.18029308319091797,1.0703561305999756,-0.2631072998046875,0.006567579694092274,0,2000,comp,0,0,42,1.0,0.0,walk_delay_comp
1425,28.5,1.0,0.0,0.18206298351287842,0.9708855152130127,-0.20024332404136658,-0.07178765535354614,0,2000,comp,0,0,42,1.0,0.0,walk_delay_comp
1426,28.52,1.0,0.0,0.18063616752624512,0.9017726182937622,-0.1412731558084488,0.2056172490119934,0,2000,comp,0,0,42,1.0,0.0,walk_delay_comp
1427,28.54,1.0,0.0,0.17733871936798096,0.8355603218078613,-0.0983520895242691,0.06837441027164459,0,2000,comp,0,0,42,1.0,0.0,walk_delay_comp
1428,28.560000000000002,1.0,0.0,0.1760265827178955,0.7985559105873108,-0.0803331732749939,-0.1601075828075409,0,2000,comp,0,0,42,1.0,0.0,walk_delay_comp
1429,28.580000000000002,1.0,0.0,0.1753472089767456,0.7599688768386841,-0.058407433331012726,-0.19608506560325623,0,2000,comp,0,0,42,1.0,0.0,walk_delay_comp
1430,28.6,1.0,0.0,0.17676067352294922,0.7401833534240723,-0.03696801885962486,-0.4291337728500366,0,2000,comp,0,0,42,1.0,0.0,walk_delay_comp
1431,28.62,1.0,0.0,0.17842960357666016,0.7170463800430298,-0.009984534233808517,-0.30562272667884827,0,2000,comp,0,0,42,1.0,0.0,walk_delay_comp
1432,28.64,1.0,0.0,0.1781677007675171,0.691501259803772,0.01729506254196167,-0.12841176986694336,0,2000,comp,0,0,42,1.0,0.0,walk_delay_comp
1433,28.66,1.0,0.0,0.17682313919067383,0.692044198513031,0.03235141187906265,0.045945096760988235,0,2000,comp,0,0,42,1.0,0.0,walk_delay_comp
1434,28.68,1.0,0.0,0.17457091808319092,0.6811797618865967,0.05211375281214714,0.056020136922597885,0,2000,comp,0,0,42,1.0,0.0,walk_delay_comp
1435,28.7,1.0,0.0,0.1723649501800537,0.6836444139480591,0.0687817707657814,0.12651535868644714,0,2000,comp,0,0,42,1.0,0.0,walk_delay_comp
1436,28.72,1.0,0.0,0.16942548751831055,0.6989796161651611,0.08208482712507248,0.2703480124473572,0,2000,comp,0,0,42,1.0,0.0,walk_delay_comp
1437,28.740000000000002,1.0,0.0,0.16576898097991943,0.7177278995513916,0.09397470206022263,0.34276083111763,0,2000,comp,0,0,42,1.0,0.0,walk_delay_comp
1438,28.76,1.0,0.0,0.16178619861602783,0.739096462726593,0.10723225027322769,0.40252557396888733,0,2000,comp,0,0,42,1.0,0.0,walk_delay_comp
1439,28.78,1.0,0.0,0.15804815292358398,0.7611414194107056,0.12258145213127136,0.3816269636154175,0,2000,comp,0,0,42,1.0,0.0,walk_delay_comp
1440,28.8,1.0,0.0,0.15493249893188477,0.7860050797462463,0.14078667759895325,0.3345108926296234,0,2000,comp,0,0,42,1.0,0.0,walk_delay_comp
1441,28.82,1.0,0.0,0.15288782119750977,0.8141772150993347,0.16049998998641968,0.24731501936912537,0,2000,comp,0,0,42,1.0,0.0,walk_delay_comp
1442,28.84,1.0,0.0,0.1522049903869629,0.8412666320800781,0.1832088828086853,0.14265933632850647,0,2000,comp,0,0,42,1.0,0.0,walk_delay_comp
1443,28.86,1.0,0.0,0.15218889713287354,0.8644598722457886,0.21251413226127625,0.0943656712770462,0,2000,comp,0,0,42,1.0,0.0,walk_delay_comp
1444,28.88,1.0,0.0,0.15209054946899414,0.8850941061973572,0.24401511251926422,0.07476987689733505,0,2000,comp,0,0,42,1.0,0.0,walk_delay_comp
1445,28.900000000000002,1.0,0.0,0.15178048610687256,0.8979989290237427,0.2772378921508789,0.03746751323342323,0,2000,comp,0,0,42,1.0,0.0,walk_delay_comp
1446,28.92,1.0,0.0,0.15192341804504395,0.9041152596473694,0.29436737298965454,-0.06356911361217499,0,2000,comp,0,0,42,1.0,0.0,walk_delay_comp
1447,28.94,1.0,0.0,0.15161287784576416,0.8273975849151611,0.22410708665847778,0.0065903328359127045,0,2000,comp,0,0,42,1.0,0.0,walk_delay_comp
1448,28.96,1.0,0.0,0.15316367149353027,0.7829456329345703,0.16346018016338348,-0.05460290610790253,0,2000,comp,0,0,42,1.0,0.0,walk_delay_comp
1449,28.98,1.0,0.0,0.155356764793396,0.7527989149093628,0.11723273992538452,0.05564425513148308,0,2000,comp,0,0,42,1.0,0.0,walk_delay_comp
1450,29.0,1.0,0.0,0.15641725063323975,0.7240685224533081,0.08031948655843735,0.2592240571975708,0,2000,comp,0,0,42,1.0,0.0,walk_delay_comp
1451,29.02,1.0,0.0,0.1556013822555542,0.7096652388572693,0.05046752095222473,0.4046511650085449,0,2000,comp,0,0,42,1.0,0.0,walk_delay_comp
1452,29.04,1.0,0.0,0.15406537055969238,0.7027814984321594,0.023451130837202072,0.36604952812194824,0,2000,comp,0,0,42,1.0,0.0,walk_delay_comp
1453,29.060000000000002,1.0,0.0,0.15279531478881836,0.7082571983337402,-0.0011639830190688372,0.29427945613861084,0,2000,comp,0,0,42,1.0,0.0,walk_delay_comp
1454,29.080000000000002,1.0,0.0,0.15198707580566406,0.7166621088981628,-0.025132091715931892,0.21659773588180542,0,2000,comp,0,0,42,1.0,0.0,walk_delay_comp
1455,29.1,1.0,0.0,0.15194439888000488,0.7211049795150757,-0.04746641963720322,0.09256800264120102,0,2000,comp,0,0,42,1.0,0.0,walk_delay_comp
1456,29.12,1.0,0.0,0.15263795852661133,0.7369698882102966,-0.06696080416440964,0.007758175488561392,0,2000,comp,0,0,42,1.0,0.0,walk_delay_comp
1457,29.14,1.0,0.0,0.15369689464569092,0.7517291307449341,-0.08550989627838135,-0.020613471046090126,0,2000,comp,0,0,42,1.0,0.0,walk_delay_comp
1458,29.16,1.0,0.0,0.15463173389434814,0.7740052342414856,-0.10108531266450882,-0.05180884152650833,0,2000,comp,0,0,42,1.0,0.0,walk_delay_comp
1459,29.18,1.0,0.0,0.15590035915374756,0.8028632402420044,-0.11513400822877884,-0.13961155712604523,0,2000,comp,0,0,42,1.0,0.0,walk_delay_comp
1460,29.2,1.0,0.0,0.15785276889801025,0.8370741605758667,-0.12904973328113556,-0.23308688402175903,0,2000,comp,0,0,42,1.0,0.0,walk_delay_comp
1461,29.22,1.0,0.0,0.16024041175842285,0.8777070045471191,-0.14305634796619415,-0.2982925474643707,0,2000,comp,0,0,42,1.0,0.0,walk_delay_comp
1462,29.240000000000002,1.0,0.0,0.16227459907531738,0.9200661778450012,-0.15841034054756165,-0.292249470949173,0,2000,comp,0,0,42,1.0,0.0,walk_delay_comp
1463,29.26,1.0,0.0,0.16360974311828613,0.9616972804069519,-0.18110576272010803,-0.24587152898311615,0,2000,comp,0,0,42,1.0,0.0,walk_delay_comp
1464,29.28,1.0,0.0,0.1644442081451416,1.002212405204773,-0.20983904600143433,-0.18837875127792358,0,2000,comp,0,0,42,1.0,0.0,walk_delay_comp
1465,29.3,1.0,0.0,0.16511261463165283,1.037091851234436,-0.2438735067844391,-0.11588206142187119,0,2000,comp,0,0,42,1.0,0.0,walk_delay_comp
1466,29.32,1.0,0.0,0.16534900665283203,1.0684256553649902,-0.2802310883998871,-0.02998003363609314,0,2000,comp,0,0,42,1.0,0.0,walk_delay_comp
1467,29.34,1.0,0.0,0.1661226749420166,0.99237060546875,-0.24071943759918213,-0.4513885974884033,0,2000,comp,0,0,42,1.0,0.0,walk_delay_comp
1468,29.36,1.0,0.0,0.16652941703796387,0.9207063317298889,-0.16783148050308228,0.11314920336008072,0,2000,comp,0,0,42,1.0,0.0,walk_delay_comp
1469,29.38,1.0,0.0,0.16444015502929688,0.8554239869117737,-0.12189793586730957,0.01544157974421978,0,2000,comp,0,0,42,1.0,0.0,walk_delay_comp
1470,29.400000000000002,1.0,0.0,0.16358160972595215,0.8071264028549194,-0.09755130112171173,-0.21573245525360107,0,2000,comp,0,0,42,1.0,0.0,walk_delay_comp
1471,29.42,1.0,0.0,0.16418147087097168,0.7683298587799072,-0.07197833061218262,-0.3316704332828522,0,2000,comp,0,0,42,1.0,0.0,walk_delay_comp
1472,29.44,1.0,0.0,0.16586649417877197,0.7402838468551636,-0.04746067523956299,-0.3956589698791504,0,2000,comp,0,0,42,1.0,0.0,walk_delay_comp
1473,29.46,1.0,0.0,0.1670231819152832,0.7161686420440674,-0.01896345242857933,-0.26816099882125854,0,2000,comp,0,0,42,1.0,0.0,walk_delay_comp
1474,29.48,1.0,0.0,0.16672027111053467,0.6927891373634338,0.009772945195436478,-0.12429767102003098,0,2000,comp,0,0,42,1.0,0.0,walk_delay_comp
1475,29.5,1.0,0.0,0.1657024621963501,0.6873726844787598,0.02996416576206684,-0.014436736702919006,0,2000,comp,0,0,42,1.0,0.0,walk_delay_comp
1476,29.52,1.0,0.0,0.16355645656585693,0.6751990914344788,0.04998648911714554,0.04785940423607826,0,2000,comp,0,0,42,1.0,0.0,walk_delay_comp
1477,29.54,1.0,0.0,0.16116011142730713,0.6757134199142456,0.06824427843093872,0.12279023230075836,0,2000,comp,0,0,42,1.0,0.0,walk_delay_comp
1478,29.560000000000002,1.0,0.0,0.15846896171569824,0.6863631010055542,0.08223769813776016,0.20395663380622864,0,2000,comp,0,0,42,1.0,0.0,walk_delay_comp
1479,29.580000000000002,1.0,0.0,0.15491771697998047,0.7035954594612122,0.09499926120042801,0.3373011350631714,0,2000,comp,0,0,42,1.0,0.0,walk_delay_comp
1480,29.6,1.0,0.0,0.15078496932983398,0.723382294178009,0.10744830220937729,0.4052124619483948,0,2000,comp,0,0,42,1.0,0.0,walk_delay_comp
1481,29.62,1.0,0.0,0.14674639701843262,0.7444108724594116,0.12131750583648682,0.4075302481651306,0,2000,comp,0,0,42,1.0,0.0,walk_delay_comp
1482,29.64,1.0,0.0,0.14319872856140137,0.7673876881599426,0.13845063745975494,0.36817362904548645,0,2000,comp,0,0,42,1.0,0.0,walk_delay_comp
1483,29.66,1.0,0.0,0.14053809642791748,0.7940778732299805,0.15707434713840485,0.29578226804733276,0,2000,comp,0,0,42,1.0,0.0,walk_delay_comp
1484,29.68,1.0,0.0,0.1392686367034912,0.8219301104545593,0.17862552404403687,0.1813967376947403,0,2000,comp,0,0,42,1.0,0.0,walk_delay_comp
1485,29.7,1.0,0.0,0.13922321796417236,0.8470165133476257,0.20523232221603394,0.09503031522035599,0,2000,comp,0,0,42,1.0,0.0,walk_delay_comp
1486,29.72,1.0,0.0,0.13941597938537598,0.8681892156600952,0.2368789166212082,0.06911139190196991,0,2000,comp,0,0,42,1.0,0.0,walk_delay_comp
1487,29.740000000000002,1.0,0.0,0.13928449153900146,0.882641077041626,0.2706264555454254,0.03961406648159027,0,2000,comp,0,0,42,1.0,0.0,walk_delay_comp
1488,29.76,1.0,0.0,0.13913822174072266,0.8899840712547302,0.2982264757156372,0.030349519103765488,0,2000,comp,0,0,42,1.0,0.0,walk_delay_comp
1489,29.78,1.0,0.0,0.13938665390014648,0.8327950239181519,0.27553650736808777,0.0874909907579422,0,2000,comp,0,0,42,1.0,0.0,walk_delay_comp
1490,29.8,1.0,0.0,0.14011669158935547,0.7841309905052185,0.20741648972034454,-0.08688414841890335,0,2000,comp,0,0,42,1.0,0.0,walk_delay_comp
1491,29.82,1.0,0.0,0.14256858825683594,0.7485721111297607,0.15746131539344788,-0.06085368990898132,0,2000,comp,0,0,42,1.0,0.0,walk_delay_comp
1492,29.84,1.0,0.0,0.1447070837020874,0.7179152965545654,0.11666369438171387,0.10219624638557434,0,2000,comp,0,0,42,1.0,0.0,walk_delay_comp
1493,29.86,1.0,0.0,0.1450355052947998,0.6978815793991089,0.0834546834230423,0.32011085748672485,0,2000,comp,0,0,42,1.0,0.0,walk_delay_comp
1494,29.88,1.0,0.0,0.14445781707763672,0.6868686079978943,0.0531078577041626,0.31918275356292725,0,2000,comp,0,0,42,1.0,0.0,walk_delay_comp
1495,29.900000000000002,1.0,0.0,0.14358258247375488,0.6919305324554443,0.028198204934597015,0.290899395942688,0,2000,comp,0,0,42,1.0,0.0,walk_delay_comp
1496,29.92,1.0,0.0,0.14265573024749756,0.7049850821495056,0.004450869280844927,0.2544495463371277,0,2000,comp,0,0,42,1.0,0.0,walk_delay_comp
1497,29.94,1.0,0.0,0.14240694046020508,0.7081090807914734,-0.018943659961223602,0.14366331696510315,0,2000,comp,0,0,42,1.0,0.0,walk_delay_comp
1498,29.96,1.0,0.0,0.14252400398254395,0.7255231142044067,-0.038004979491233826,0.08244691789150238,0,2000,comp,0,0,42,1.0,0.0,walk_delay_comp
1499,29.98,1.0,0.0,0.8610159158706665,0.7333268523216248,-0.05857663229107857,0.007511415984481573,0,2000,comp,0,0,42,1.0,0.0,walk_delay_comp
1500,30.0,1.0,0.0,0.8621331453323364,0.7523776292800903,-0.07325996458530426,-0.06160231679677963,0,2000,comp,0,0,42,1.0,0.0,walk_delay_comp
1501,30.02,1.0,0.0,0.8635379076004028,0.7755208611488342,-0.08540157228708267,-0.11693718284368515,0,2000,comp,0,0,42,1.0,0.0,walk_delay_comp
1502,30.04,1.0,0.0,0.8651148080825806,0.8028335571289062,-0.09893438220024109,-0.15181252360343933,0,2000,comp,0,0,42,1.0,0.0,walk_delay_comp
1503,30.060000000000002,1.0,0.0,0.866519570350647,0.8371626734733582,-0.113383449614048,-0.1495058536529541,0,2000,comp,0,0,42,1.0,0.0,walk_delay_comp
1504,30.080000000000002,1.0,0.0,0.8670068979263306,0.8769060373306274,-0.12894952297210693,-0.0827379822731018,0,2000,comp,0,0,42,1.0,0.0,walk_delay_comp
1505,30.1,1.0,0.0,0.8657709360122681,0.9164050221443176,-0.15156985819339752,0.06596837192773819,0,2000,comp,0,0,42,1.0,0.0,walk_delay_comp
1506,30.12,1.0,0.0,0.8625932931900024,0.9565356969833374,-0.18383213877677917,0.2513936460018158,0,2000,comp,0,0,42,1.0,0.0,walk_delay_comp
1507,30.14,1.0,0.0,0.8579651117324829,0.9932321906089783,-0.22426195442676544,0.4250270426273346,0,2000,comp,0,0,42,1.0,0.0,walk_delay_comp
1508,30.16,1.0,0.0,0.8519469499588013,1.0207910537719727,-0.2704806327819824,0.6040380001068115,0,2000,comp,0,0,42,1.0,0.0,walk_delay_comp
1509,30.18,1.0,0.0,0.8442832231521606,1.0362435579299927,-0.3140847086906433,0.6932833194732666,0,2000,comp,0,0,42,1.0,0.0,walk_delay_comp
1510,30.2,1.0,0.0,0.8406492471694946,0.915751039981842,-0.22371889650821686,0.48868805170059204,0,2000,comp,0,0,42,1.0,0.0,walk_delay_comp
1511,30.22,1.0,0.0,0.8342195749282837,0.8581415414810181,-0.16932301223278046,0.5618276596069336,0,2000,comp,0,0,42,1.0,0.0,walk_delay_comp
1512,30.240000000000002,1.0,0.0,0.8283435106277466,0.8054130673408508,-0.14021055400371552,0.2372116893529892,0,2000,comp,0,0,42,1.0,0.0,walk_delay_comp
1513,30.26,1.0,0.0,0.8256937265396118,0.7750586867332458,-0.12672719359397888,-0.04920236021280289,0,2000,comp,0,0,42,1.0,0.0,walk_delay_comp
1514,30.28,1.0,0.0,0.8239980936050415,0.737403154373169,-0.09903684258460999,-0.07158125936985016,0,2000,comp,0,0,42,1.0,0.0,walk_delay_comp
1515,30.3,1.0,0.0,0.823588490486145,0.7123578190803528,-0.06903757899999619,-0.20569737255573273,0,2000,comp,0,0,42,1.0,0.0,walk_delay_comp
1516,30.32,1.0,0.0,0.8227740526199341,0.6945496797561646,-0.037143152207136154,-0.0128883495926857,0,2000,comp,0,0,42,1.0,0.0,walk_delay_comp
1517,30.34,1.0,0.0,0.8199321031570435,0.6752219796180725,-0.00979218352586031,0.1410009264945984,0,2000,comp,0,0,42,1.0,0.0,walk_delay_comp
1518,30.36,1.0,0.0,0.816193699836731,0.6797255277633667,0.00470859045162797,0.2903098464012146,0,2000,comp,0,0,42,1.0,0.0,walk_delay_comp
1519,30.38,1.0,0.0,0.8114782571792603,0.6740415692329407,0.02220698446035385,0.3371927738189697,0,2000,comp,0,0,42,1.0,0.0,walk_delay_comp
1520,30.400000000000002,1.0,0.0,0.8066912889480591,0.6826299428939819,0.03576910123229027,0.39794233441352844,0,2000,comp,0,0,42,1.0,0.0,walk_delay_comp
1521,30.42,1.0,0.0,0.8014065027236938,0.6995360851287842,0.04734507203102112,0.5096186399459839,0,2000,comp,0,0,42,1.0,0.0,walk_delay_comp
1522,30.44,1.0,0.0,0.7953840494155884,0.7187827229499817,0.05886278301477432,0.5941236019134521,0,2000,comp,0,0,42,1.0,0.0,walk_delay_comp
1523,30.46,1.0,0.0,0.7890430688858032,0.7393258213996887,0.07069222629070282,0.6368555426597595,0,2000,comp,0,0,42,1.0,0.0,walk_delay_comp
1524,30.48,1.0,0.0,0.7828608751296997,0.7614710330963135,0.0850151777267456,0.6333596110343933,0,2000,comp,0,0,42,1.0,0.0,walk_delay_comp
1525,30.5,1.0,0.0,0.7770344018936157,0.7863675355911255,0.0999239981174469,0.6188825368881226,0,2000,comp,0,0,42,1.0,0.0,walk_delay_comp
1526,30.52,1.0,0.0,0.7719331979751587,0.8136078119277954,0.11498218774795532,0.5691137313842773,0,2000,comp,0,0,42,1.0,0.0,walk_delay_comp
1527,30.54,1.0,0.0,0.7677274942398071,0.8383579850196838,0.13298562169075012,0.507359504699707,0,2000,comp,0,0,42,1.0,0.0,walk_delay_comp
1528,30.560000000000002,1.0,0.0,0.7635961771011353,0.8599255681037903,0.15599922835826874,0.5163657665252686,0,2000,comp,0,0,42,1.0,0.0,walk_delay_comp
1529,30.580000000000002,1.0,0.0,0.7591434717178345,0.8771224021911621,0.1800849288702011,0.4877120852470398,0,2000,comp,0,0,42,1.0,0.0,walk_delay_comp
1530,30.6,1.0,0.0,0.754926323890686,0.8806069493293762,0.19273559749126434,0.3231738209724426,0,2000,comp,0,0,42,1.0,0.0,walk_delay_comp
1531,30.62,1.0,0.0,0.752973198890686,0.8442804217338562,0.16742371022701263,0.24327270686626434,0,2000,comp,0,0,42,1.0,0.0,walk_delay_comp
1532,30.64,1.0,0.0,0.7510734796524048,0.8020209074020386,0.11422346532344818,0.1807270497083664,0,2000,comp,0,0,42,1.0,0.0,walk_delay_comp
1533,30.66,1.0,0.0,0.7506104707717896,0.7680283188819885,0.07035406678915024,0.24105888605117798,0,2000,comp,0,0,42,1.0,0.0,walk_delay_comp
1534,30.68,1.0,0.0,0.7506715059280396,0.7317278981208801,0.031338877975940704,0.3310837745666504,0,2000,comp,0,0,42,1.0,0.0,walk_delay_comp
1535,30.7,1.0,0.0,0.7491012811660767,0.7117561101913452,-0.000820353627204895,0.5722808837890625,0,2000,comp,0,0,42,1.0,0.0,walk_delay_comp
1536,30.72,1.0,0.0,0.7457195520401001,0.7055564522743225,-0.028293658047914505,0.6346625089645386,0,2000,comp,0,0,42,1.0,0.0,walk_delay_comp
1537,30.740000000000002,1.0,0.0,0.7413946390151978,0.7180238962173462,-0.051325224339962006,0.654798686504364,0,2000,comp,0,0,42,1.0,0.0,walk_delay_comp
1538,30.76,1.0,0.0,0.7369037866592407,0.7317016124725342,-0.07427255809307098,0.6220623254776001,0,2000,comp,0,0,42,1.0,0.0,walk_delay_comp
1539,30.78,1.0,0.0,0.7325612306594849,0.7415425777435303,-0.09646326303482056,0.552472710609436,0,2000,comp,0,0,42,1.0,0.0,walk_delay_comp
1540,30.8,1.0,0.0,0.7284542322158813,0.760394811630249,-0.11751881241798401,0.5124053359031677,0,2000,comp,0,0,42,1.0,0.0,walk_delay_comp
1541,30.82,1.0,0.0,0.7248736619949341,0.7726664543151855,-0.14112059772014618,0.45401179790496826,0,2000,comp,0,0,42,1.0,0.0,walk_delay_comp
1542,30.84,1.0,0.0,0.7214833498001099,0.7908375859260559,-0.1626046895980835,0.40120092034339905,0,2000,comp,0,0,42,1.0,0.0,walk_delay_comp
1543,30.86,1.0,0.0,0.7186194658279419,0.8171300888061523,-0.18029320240020752,0.2825819253921509,0,2000,comp,0,0,42,1.0,0.0,walk_delay_comp
1544,30.88,1.0,0.0,0.7169381380081177,0.8483511209487915,-0.1949068307876587,0.11394976079463959,0,2000,comp,0,0,42,1.0,0.0,walk_delay_comp
1545,30.900000000000002,1.0,0.0,0.7165948152542114,0.8872306942939758,-0.20811937749385834,-0.04991671442985535,0,2000,comp,0,0,42,1.0,0.0,walk_delay_comp
1546,30.92,1.0,0.0,0.7170401811599731,0.9317224621772766,-0.22222478687763214,-0.15138337016105652,0,2000,comp,0,0,42,1.0,0.0,walk_delay_comp
1547,30.94,1.0,0.0,0.7173963785171509,0.9790713787078857,-0.24097716808319092,-0.16417065262794495,0,2000,comp,0,0,42,1.0,0.0,walk_delay_comp
1548,30.96,1.0,0.0,0.7173658609390259,1.028372049331665,-0.2691889703273773,-0.10001810640096664,0,2000,comp,0,0,42,1.0,0.0,walk_delay_comp
1549,30.98,1.0,0.0,0.7168666124343872,1.0754063129425049,-0.3039964735507965,0.004828890785574913,0,2000,comp,0,0,42,1.0,0.0,walk_delay_comp
1550,31.0,1.0,0.0,0.715516209602356,1.1160016059875488,-0.3444342315196991,0.13791806995868683,0,2000,comp,0,0,42,1.0,0.0,walk_delay_comp
1551,31.02,1.0,0.0,0.7130762338638306,1.1434544324874878,-0.3828452527523041,0.1661299169063568,0,2000,comp,0,0,42,1.0,0.0,walk_delay_comp
1552,31.04,1.0,0.0,0.7143832445144653,1.013521432876587,-0.2984117865562439,0.1225455030798912,0,2000,comp,0,0,42,1.0,0.0,walk_delay_comp
1553,31.060000000000002,1.0,0.0,0.7097369432449341,0.929642915725708,-0.2245175987482071,0.5290052890777588,0,2000,comp,0,0,42,1.0,0.0,walk_delay_comp
1554,31.080000000000002,1.0,0.0,0.7030373811721802,0.844507098197937,-0.17144431173801422,0.36855700612068176,0,2000,comp,0,0,42,1.0,0.0,walk_delay_comp
1555,31.1,1.0,0.0,0.6989995241165161,0.7967132329940796,-0.14774790406227112,0.06880763918161392,0,2000,comp,0,0,42,1.0,0.0,walk_delay_comp
1556,31.12,1.0,0.0,0.695959210395813,0.7491397261619568,-0.12098728120326996,0.023139968514442444,0,2000,comp,0,0,42,1.0,0.0,walk_delay_comp
1557,31.14,1.0,0.0,0.6953545808792114,0.7163664698600769,-0.09440930932760239,-0.2838606536388397,0,2000,comp,0,0,42,1.0,0.0,walk_delay_comp
1558,31.16,1.0,0.0,0.6955596208572388,0.691032350063324,-0.06412777304649353,-0.161976620554924,0,2000,comp,0,0,42,1.0,0.0,walk_delay_comp
1559,31.18,1.0,0.0,0.693886399269104,0.6594349145889282,-0.030534692108631134,-0.0009091638494282961,0,2000,comp,0,0,42,1.0,0.0,walk_delay_comp
1560,31.2,1.0,0.0,0.6913186311721802,0.6565546989440918,-0.013561196625232697,0.17699013650417328,0,2000,comp,0,0,42,1.0,0.0,walk_delay_comp
1561,31.220000000000002,1.0,0.0,0.6870752573013306,0.6402761340141296,0.00936095230281353,0.2900887429714203,0,2000,comp,0,0,42,1.0,0.0,walk_delay_comp
1562,31.240000000000002,1.0,0.0,0.6825181245803833,0.6384127140045166,0.02546095848083496,0.3470604419708252,0,2000,comp,0,0,42,1.0,0.0,walk_delay_comp
1563,31.26,1.0,0.0,0.6775318384170532,0.6475359201431274,0.03925768658518791,0.4628174304962158,0,2000,comp,0,0,42,1.0,0.0,walk_delay_comp
1564,31.28,1.0,0.0,0.6714211702346802,0.6615135073661804,0.05391576141119003,0.5951153635978699,0,2000,comp,0,0,42,1.0,0.0,walk_delay_comp
1565,31.3,1.0,0.0,0.6649705171585083,0.679213285446167,0.06867748498916626,0.6338132619857788,0,2000,comp,0,0,42,1.0,0.0,walk_delay_comp
1566,31.32,1.0,0.0,0.6586133241653442,0.6960021257400513,0.08511446416378021,0.6426127552986145,0,2000,comp,0,0,42,1.0,0.0,walk_delay_comp
1567,31.34,1.0,0.0,0.6527014970779419,0.7158856987953186,0.10302489250898361,0.5940804481506348,0,2000,comp,0,0,42,1.0,0.0,walk_delay_comp
1568,31.36,1.0,0.0,0.6475073099136353,0.7447634339332581,0.12031570822000504,0.5877061486244202,0,2000,comp,0,0,42,1.0,0.0,walk_delay_comp
1569,31.38,1.0,0.0,0.6430994272232056,0.7644835710525513,0.14048193395137787,0.5017854571342468,0,2000,comp,0,0,42,1.0,0.0,walk_delay_comp
1570,31.400000000000002,1.0,0.0,0.6391812562942505,0.7845626473426819,0.1648925393819809,0.5035320520401001,0,2000,comp,0,0,42,1.0,0.0,walk_delay_comp
1571,31.42,1.0,0.0,0.634806752204895,0.7993529438972473,0.19247998297214508,0.546953558921814,0,2000,comp,0,0,42,1.0,0.0,walk_delay_comp
1572,31.44,1.0,0.0,0.6305161714553833,0.8023846745491028,0.2218073159456253,0.42916402220726013,0,2000,comp,0,0,42,1.0,0.0,walk_delay_comp
1573,31.46,1.0,0.0,0.6268173456192017,0.8083636164665222,0.2355564534664154,0.23688118159770966,0,2000,comp,0,0,42,1.0,0.0,walk_delay_comp
1574,31.48,1.0,0.0,0.6255718469619751,0.7652491927146912,0.18837130069732666,0.13647420704364777,0,2000,comp,0,0,42,1.0,0.0,walk_delay_comp
1575,31.5,1.0,0.0,0.624916672706604,0.7470208406448364,0.13835421204566956,0.13309577107429504,0,2000,comp,0,0,42,1.0,0.0,walk_delay_comp
1576,31.52,1.0,0.0,0.6245781183242798,0.737116277217865,0.09782376140356064,0.25267279148101807,0,2000,comp,0,0,42,1.0,0.0,walk_delay_comp
1577,31.54,1.0,0.0,0.6239019632339478,0.7163479328155518,0.06013328209519386,0.42620837688446045,0,2000,comp,0,0,42,1.0,0.0,walk_delay_comp
1578,31.560000000000002,1.0,0.0,0.6205669641494751,0.7094530463218689,0.0290399007499218,0.6961025595664978,0,2000,comp,0,0,42,1.0,0.0,walk_delay_comp
1579,31.580000000000002,1.0,0.0,0.6159831285476685,0.7033201456069946,0.0006882380694150925,0.70561683177948,0,2000,comp,0,0,42,1.0,0.0,walk_delay_comp
1580,31.6,1.0,0.0,0.6112009286880493,0.7155560255050659,-0.02448127418756485,0.6471814513206482,0,2000,comp,0,0,42,1.0,0.0,walk_delay_comp
1581,31.62,1.0,0.0,0.607437252998352,0.7220475077629089,-0.049117591232061386,0.5111242532730103,0,2000,comp,0,0,42,1.0,0.0,walk_delay_comp
1582,31.64,1.0,0.0,0.6046115159988403,0.7299407720565796,-0.06975645571947098,0.37485262751579285,0,2000,comp,0,0,42,1.0,0.0,walk_delay_comp
1583,31.66,1.0,0.0,0.6029750108718872,0.7427892088890076,-0.08948493003845215,0.250932514667511,0,2000,comp,0,0,42,1.0,0.0,walk_delay_comp
1584,31.68,1.0,0.0,0.6017848253250122,0.7543699741363525,-0.1067904606461525,0.23309558629989624,0,2000,comp,0,0,42,1.0,0.0,walk_delay_comp
1585,31.7,1.0,0.0,0.6005269289016724,0.7707926630973816,-0.12284493446350098,0.18975000083446503,0,2000,comp,0,0,42,1.0,0.0,walk_delay_comp
1586,31.720000000000002,1.0,0.0,0.5994797945022583,0.7945113182067871,-0.13580390810966492,0.1149529293179512,0,2000,comp,0,0,42,1.0,0.0,walk_delay_comp
1587,31.740000000000002,1.0,0.0,0.5991064310073853,0.825541615486145,-0.14770697057247162,0.003467600792646408,0,2000,comp,0,0,42,1.0,0.0,walk_delay_comp
1588,31.76,1.0,0.0,0.5995346307754517,0.8639631867408752,-0.15983346104621887,-0.104293592274189,0,2000,comp,0,0,42,1.0,0.0,walk_delay_comp
1589,31.78,1.0,0.0,0.6002517938613892,0.9080078601837158,-0.1726890504360199,-0.1510811299085617,0,2000,comp,0,0,42,1.0,0.0,walk_delay_comp
1590,31.8,1.0,0.0,0.60041344165802,0.9544059038162231,-0.19008268415927887,-0.1187242716550827,0,2000,comp,0,0,42,1.0,0.0,walk_delay_comp
1591,31.82,1.0,0.0,0.5998846292495728,1.001219630241394,-0.21611393988132477,-0.037633489817380905,0,2000,comp,0,0,42,1.0,0.0,walk_delay_comp
1592,31.84,1.0,0.0,0.5986009836196899,1.0461585521697998,-0.24817076325416565,0.08811742812395096,0,2000,comp,0,0,42,1.0,0.0,walk_delay_comp
1593,31.86,1.0,0.0,0.5962964296340942,1.0856457948684692,-0.28569501638412476,0.22921760380268097,0,2000,comp,0,0,42,1.0,0.0,walk_delay_comp
1594,31.88,1.0,0.0,0.5928221940994263,1.1111732721328735,-0.3224472105503082,0.27305394411087036,0,2000,comp,0,0,42,1.0,0.0,walk_delay_comp
1595,31.900000000000002,1.0,0.0,0.5932117700576782,0.9955589175224304,-0.2521616220474243,0.08947264403104782,0,2000,comp,0,0,42,1.0,0.0,walk_delay_comp
1596,31.92,1.0,0.0,0.5890375375747681,0.9175902009010315,-0.18637053668498993,0.4931555986404419,0,2000,comp,0,0,42,1.0,0.0,walk_delay_comp
1597,31.94,1.0,0.0,0.5825549364089966,0.8389487862586975,-0.13808202743530273,0.375839501619339,0,2000,comp,0,0,42,1.0,0.0,walk_delay_comp
1598,31.96,1.0,0.0,0.5781809091567993,0.7953171133995056,-0.11633831262588501,0.12339489907026291,0,2000,comp,0,0,42,1.0,0.0,walk_delay_comp
1599,31.98,1.0,0.0,0.5748163461685181,0.7504118084907532,-0.09311975538730621,0.017670918256044388,0,2000,comp,0,0,42,1.0,0.0,walk_delay_comp
1600,32.0,1.0,0.0,0.5745507478713989,0.7286638021469116,-0.07129181176424026,-0.30243581533432007,0,2000,comp,0,0,42,1.0,0.0,walk_delay_comp
1601,32.02,1.0,0.0,0.5750151872634888,0.70402592420578,-0.04151654615998268,-0.18379123508930206,0,2000,comp,0,0,42,1.0,0.0,walk_delay_comp
1602,32.04,1.0,0.0,0.5737534761428833,0.6753155589103699,-0.010715764947235584,-0.03557177260518074,0,2000,comp,0,0,42,1.0,0.0,walk_delay_comp
1603,32.06,1.0,0.0,0.5714632272720337,0.6746543049812317,0.004309965763241053,0.1671552062034607,0,2000,comp,0,0,42,1.0,0.0,walk_delay_comp
1604,32.08,1.0,0.0,0.5681024789810181,0.6633687615394592,0.02243793196976185,0.17779330909252167,0,2000,comp,0,0,42,1.0,0.0,walk_delay_comp
1605,32.1,1.0,0.0,0.5646215677261353,0.6657238602638245,0.03921113163232803,0.26765522360801697,0,2000,comp,0,0,42,1.0,0.0,walk_delay_comp
1606,32.12,1.0,0.0,0.560397744178772,0.6768845319747925,0.0538124144077301,0.3988838493824005,0,2000,comp,0,0,42,1.0,0.0,walk_delay_comp
1607,32.14,1.0,0.0,0.5553809404373169,0.6929470896720886,0.0680466815829277,0.48636677861213684,0,2000,comp,0,0,42,1.0,0.0,walk_delay_comp
1608,32.160000000000004,1.0,0.0,0.5497967004776001,0.7148751020431519,0.08216739445924759,0.5740504264831543,0,2000,comp,0,0,42,1.0,0.0,walk_delay_comp
1609,32.18,1.0,0.0,0.5445853471755981,0.7358512282371521,0.09800231456756592,0.520580530166626,0,2000,comp,0,0,42,1.0,0.0,walk_delay_comp
1610,32.2,1.0,0.0,0.5397955179214478,0.7604209780693054,0.11727801710367203,0.5271035432815552,0,2000,comp,0,0,42,1.0,0.0,walk_delay_comp
1611,32.22,1.0,0.0,0.535659909248352,0.7866095900535583,0.13607157766819,0.475595623254776,0,2000,comp,0,0,42,1.0,0.0,walk_delay_comp
1612,32.24,1.0,0.0,0.5325113534927368,0.8098166584968567,0.15759898722171783,0.40499114990234375,0,2000,comp,0,0,42,1.0,0.0,walk_delay_comp
1613,32.26,1.0,0.0,0.5297161340713501,0.8274853229522705,0.1849287450313568,0.3833266496658325,0,2000,comp,0,0,42,1.0,0.0,walk_delay_comp
1614,32.28,1.0,0.0,0.5267797708511353,0.8422490954399109,0.21431566774845123,0.3510739207267761,0,2000,comp,0,0,42,1.0,0.0,walk_delay_comp
1615,32.3,1.0,0.0,0.5237947702407837,0.8454334735870361,0.23830321431159973,0.2879992723464966,0,2000,comp,0,0,42,1.0,0.0,walk_delay_comp
1616,32.32,1.0,0.0,0.5223757028579712,0.8179057836532593,0.24915632605552673,0.24333378672599792,0,2000,comp,0,0,42,1.0,0.0,walk_delay_comp
1617,32.34,1.0,0.0,0.5212823152542114,0.7805683612823486,0.1714572012424469,0.07246588170528412,0,2000,comp,0,0,42,1.0,0.0,walk_delay_comp
1618,32.36,1.0,0.0,0.5216943025588989,0.749450147151947,0.11831118166446686,0.08011117577552795,0,2000,comp,0,0,42,1.0,0.0,walk_delay_comp
1619,32.38,1.0,0.0,0.5228902101516724,0.7224531173706055,0.075314462184906,0.15157413482666016,0,2000,comp,0,0,42,1.0,0.0,walk_delay_comp
1620,32.4,1.0,0.0,0.5222998857498169,0.7020565867424011,0.04190734028816223,0.46351903676986694,0,2000,comp,0,0,42,1.0,0.0,walk_delay_comp
1621,32.42,1.0,0.0,0.5200034379959106,0.6906614899635315,0.009833358228206635,0.5509423613548279,0,2000,comp,0,0,42,1.0,0.0,walk_delay_comp
1622,32.44,1.0,0.0,0.5168577432632446,0.6944594979286194,-0.016064578667283058,0.5346056222915649,0,2000,comp,0,0,42,1.0,0.0,walk_delay_comp
1623,32.46,1.0,0.0,0.5132929086685181,0.7151440382003784,-0.03957749158143997,0.5217323899269104,0,2000,comp,0,0,42,1.0,0.0,walk_delay_comp
1624,32.480000000000004,1.0,0.0,0.5107413530349731,0.7203051447868347,-0.06299840658903122,0.3700176775455475,0,2000,comp,0,0,42,1.0,0.0,walk_delay_comp
1625,32.5,1.0,0.0,0.5086132287979126,0.7381942868232727,-0.08203769475221634,0.3086860179901123,0,2000,comp,0,0,42,1.0,0.0,walk_delay_comp
1626,32.52,1.0,0.0,0.5074769258499146,0.7382282018661499,-0.10393347591161728,0.215185284614563,0,2000,comp,0,0,42,1.0,0.0,walk_delay_comp
1627,32.54,1.0,0.0,0.5062762498855591,0.7559584379196167,-0.1217472180724144,0.19609546661376953,0,2000,comp,0,0,42,1.0,0.0,walk_delay_comp
1628,32.56,1.0,0.0,0.5052486658096313,0.7777900099754333,-0.13669322431087494,0.11560437083244324,0,2000,comp,0,0,42,1.0,0.0,walk_delay_comp
1629,32.58,1.0,0.0,0.5048624277114868,0.8058487772941589,-0.1511218249797821,0.014523077756166458,0,2000,comp,0,0,42,1.0,0.0,walk_delay_comp
1630,32.6,1.0,0.0,0.5053235292434692,0.8406305313110352,-0.16577193140983582,-0.10113538056612015,0,2000,comp,0,0,42,1.0,0.0,walk_delay_comp
1631,32.62,1.0,0.0,0.5063496828079224,0.8828582167625427,-0.17995944619178772,-0.1837240755558014,0,2000,comp,0,0,42,1.0,0.0,walk_delay_comp
1632,32.64,1.0,0.0,0.5070701837539673,0.9259535670280457,-0.19781102240085602,-0.16622215509414673,0,2000,comp,0,0,42,1.0,0.0,walk_delay_comp
1633,32.660000000000004,1.0,0.0,0.5069910287857056,0.9705294370651245,-0.2240651249885559,-0.09650655835866928,0,2000,comp,0,0,42,1.0,0.0,walk_delay_comp
1634,32.68,1.0,0.0,0.5063110589981079,1.0153499841690063,-0.257230281829834,-0.004212386440485716,0,2000,comp,0,0,42,1.0,0.0,walk_delay_comp
1635,32.7,1.0,0.0,0.5049406290054321,1.0542161464691162,-0.2960023880004883,0.11191783100366592,0,2000,comp,0,0,42,1.0,0.0,walk_delay_comp
1636,32.72,1.0,0.0,0.5026618242263794,1.0853898525238037,-0.33828598260879517,0.20134462416172028,0,2000,comp,0,0,42,1.0,0.0,walk_delay_comp
1637,32.74,1.0,0.0,0.5023871660232544,0.9769341349601746,-0.2698543667793274,0.05939532816410065,0,2000,comp,0,0,42,1.0,0.0,walk_delay_comp
1638,32.76,1.0,0.0,0.49957382678985596,0.8981451988220215,-0.19403401017189026,0.3542092740535736,0,2000,comp,0,0,42,1.0,0.0,walk_delay_comp
1639,32.78,1.0,0.0,0.4949890375137329,0.8327611684799194,-0.1503533124923706,0.21360355615615845,0,2000,comp,0,0,42,1.0,0.0,walk_delay_comp
1640,32.8,1.0,0.0,0.49237024784088135,0.7878185510635376,-0.12840795516967773,-0.0705370232462883,0,2000,comp,0,0,42,1.0,0.0,walk_delay_comp
1641,32.82,1.0,0.0,0.4915510416030884,0.7482259273529053,-0.1015552282333374,-0.21258129179477692,0,2000,comp,0,0,42,1.0,0.0,walk_delay_comp
1642,32.84,1.0,0.0,0.49220097064971924,0.7178552150726318,-0.07069993764162064,-0.31295129656791687,0,2000,comp,0,0,42,1.0,0.0,walk_delay_comp
1643,32.86,1.0,0.0,0.49253666400909424,0.6915149688720703,-0.03814565762877464,-0.17620369791984558,0,2000,comp,0,0,42,1.0,0.0,walk_delay_comp
1644,32.88,1.0,0.0,0.49140799045562744,0.6677682399749756,-0.008481393568217754,-0.038437869399785995,0,2000,comp,0,0,42,1.0,0.0,walk_delay_comp
1645,32.9,1.0,0.0,0.4893447160720825,0.6612057685852051,0.012931253761053085,0.10288155823945999,0,2000,comp,0,0,42,1.0,0.0,walk_delay_comp
1646,32.92,1.0,0.0,0.48613274097442627,0.6498525738716125,0.03348784148693085,0.17321395874023438,0,2000,comp,0,0,42,1.0,0.0,walk_delay_comp
1647,32.94,1.0,0.0,0.48254120349884033,0.6502751708030701,0.05095439404249191,0.256926566362381,0,2000,comp,0,0,42,1.0,0.0,walk_delay_comp
1648,32.96,1.0,0.0,0.4783726930618286,0.6606005430221558,0.0657651349902153,0.373242050409317,0,2000,comp,0,0,42,1.0,0.0,walk_delay_comp
1649,32.980000000000004,1.0,0.0,0.47331011295318604,0.6765154004096985,0.07917018979787827,0.49103525280952454,0,2000,comp,0,0,42,1.0,0.0,walk_delay_comp
1650,33.0,1.0,0.0,0.46765148639678955,0.6949501037597656,0.09265004098415375,0.5619747042655945,0,2000,comp,0,0,42,1.0,0.0,walk_delay_comp
1651,33.02,1.0,0.0,0.46210014820098877,0.7144680619239807,0.10788439214229584,0.5538085103034973,0,2000,comp,0,0,42,1.0,0.0,walk_delay_comp
1652,33.04,1.0,0.0,0.4569445848464966,0.7375224828720093,0.12547805905342102,0.536849856376648,0,2000,comp,0,0,42,1.0,0.0,walk_delay_comp
1653,33.06,1.0,0.0,0.45249807834625244,0.7635295391082764,0.14358088374137878,0.48481568694114685,0,2000,comp,0,0,42,1.0,0.0,walk_delay_comp
1654,33.08,1.0,0.0,0.44923412799835205,0.7891550064086914,0.16331598162651062,0.3944222629070282,0,2000,comp,0,0,42,1.0,0.0,walk_delay_comp
1655,33.1,1.0,0.0,0.4468885660171509,0.8108606338500977,0.18828590214252472,0.3365653157234192,0,2000,comp,0,0,42,1.0,0.0,walk_delay_comp
1656,33.12,1.0,0.0,0.4446917772293091,0.8278867602348328,0.217600479722023,0.3133961260318756,0,2000,comp,0,0,42,1.0,0.0,walk_delay_comp
1657,33.14,1.0,0.0,0.4422036409378052,0.838584303855896,0.24922092258930206,0.26613613963127136,0,2000,comp,0,0,42,1.0,0.0,walk_delay_comp
1658,33.160000000000004,1.0,0.0,0.44020307064056396,0.8431382179260254,0.2627324163913727,0.08742883801460266,0,2000,comp,0,0,42,1.0,0.0,walk_delay_comp
1659,33.18,1.0,0.0,0.4392296075820923,0.7896046042442322,0.20934897661209106,0.08205293864011765,0,2000,comp,0,0,42,1.0,0.0,walk_delay_comp
1660,33.2,1.0,0.0,0.43911421298980713,0.7613948583602905,0.15174280107021332,0.08528123050928116,0,2000,comp,0,0,42,1.0,0.0,walk_delay_comp
1661,33.22,1.0,0.0,0.43948662281036377,0.741779088973999,0.10910540074110031,0.18850669264793396,0,2000,comp,0,0,42,1.0,0.0,walk_delay_comp
1662,33.24,1.0,0.0,0.4394150972366333,0.7179983854293823,0.07170217484235764,0.3566763401031494,0,2000,comp,0,0,42,1.0,0.0,walk_delay_comp
1663,33.26,1.0,0.0,0.4371706247329712,0.7057986259460449,0.0413377545773983,0.566794216632843,0,2000,comp,0,0,42,1.0,0.0,walk_delay_comp
1664,33.28,1.0,0.0,0.4339712858200073,0.6997700929641724,0.012983431108295918,0.5420601963996887,0,2000,comp,0,0,42,1.0,0.0,walk_delay_comp
1665,33.3,1.0,0.0,0.4310072660446167,0.7071883678436279,-0.012356724590063095,0.4599968492984772,0,2000,comp,0,0,42,1.0,0.0,walk_delay_comp
1666,33.32,1.0,0.0,0.4287658929824829,0.7160724997520447,-0.036613401025533676,0.3557097911834717,0,2000,comp,0,0,42,1.0,0.0,walk_delay_comp
1667,33.34,1.0,0.0,0.4274897575378418,0.7219518423080444,-0.058820582926273346,0.2219378799200058,0,2000,comp,0,0,42,1.0,0.0,walk_delay_comp
1668,33.36,1.0,0.0,0.42704856395721436,0.7378846406936646,-0.07822424918413162,0.1389065980911255,0,2000,comp,0,0,42,1.0,0.0,walk_delay_comp
1669,33.38,1.0,0.0,0.4269111156463623,0.749952495098114,-0.09737017750740051,0.12466931343078613,0,2000,comp,0,0,42,1.0,0.0,walk_delay_comp
1670,33.4,1.0,0.0,0.42645370960235596,0.7691968083381653,-0.1129608303308487,0.11111646890640259,0,2000,comp,0,0,42,1.0,0.0,walk_delay_comp
1671,33.42,1.0,0.0,0.4260447025299072,0.7962602376937866,-0.12675701081752777,0.047507014125585556,0,2000,comp,0,0,42,1.0,0.0,walk_delay_comp
1672,33.44,1.0,0.0,0.4262504577636719,0.8295170664787292,-0.1406433880329132,-0.054574087262153625,0,2000,comp,0,0,42,1.0,0.0,walk_delay_comp
1673,33.46,1.0,0.0,0.42716240882873535,0.8694882988929749,-0.15477102994918823,-0.15136310458183289,0,2000,comp,0,0,42,1.0,0.0,walk_delay_comp
1674,33.480000000000004,1.0,0.0,0.42816805839538574,0.9131815433502197,-0.16954843699932098,-0.1808885633945465,0,2000,comp,0,0,42,1.0,0.0,walk_delay_comp
1675,33.5,1.0,0.0,0.4285295009613037,0.957465410232544,-0.18960590660572052,-0.13833087682724,0,2000,comp,0,0,42,1.0,0.0,walk_delay_comp
1676,33.52,1.0,0.0,0.42824387550354004,1.0023329257965088,-0.21764834225177765,-0.06874538213014603,0,2000,comp,0,0,42,1.0,0.0,walk_delay_comp
1677,33.54,1.0,0.0,0.4274468421936035,1.0448486804962158,-0.25121718645095825,0.02462104707956314,0,2000,comp,0,0,42,1.0,0.0,walk_delay_comp
1678,33.56,1.0,0.0,0.42604994773864746,1.0805057287216187,-0.2894119918346405,0.1248849481344223,0,2000,comp,0,0,42,1.0,0.0,walk_delay_comp
1679,33.58,1.0,0.0,0.4238816499710083,1.1020985841751099,-0.3192360997200012,0.16637711226940155,0,2000,comp,0,0,42,1.0,0.0,walk_delay_comp
1680,33.6,1.0,0.0,0.4249056577682495,0.9670617580413818,-0.23062261939048767,0.1683986485004425,0,2000,comp,0,0,42,1.0,0.0,walk_delay_comp
1681,33.62,1.0,0.0,0.4212062358856201,0.8919726014137268,-0.16744104027748108,0.35064268112182617,0,2000,comp,0,0,42,1.0,0.0,walk_delay_comp
1682,33.64,1.0,0.0,0.41668474674224854,0.824363112449646,-0.12504886090755463,0.15662677586078644,0,2000,comp,0,0,42,1.0,0.0,walk_delay_comp
1683,33.660000000000004,1.0,0.0,0.414506196975708,0.7867011427879333,-0.10406327992677689,-0.08912409096956253,0,2000,comp,0,0,42,1.0,0.0,walk_delay_comp
1684,33.68,1.0,0.0,0.41333985328674316,0.7469733953475952,-0.080454982817173,-0.161514014005661,0,2000,comp,0,0,42,1.0,0.0,walk_delay_comp
1685,33.7,1.0,0.0,0.41447925567626953,0.7228990197181702,-0.05610671266913414,-0.40345683693885803,0,2000,comp,0,0,42,1.0,0.0,walk_delay_comp
1686,33.72,1.0,0.0,0.41577744483947754,0.6993781924247742,-0.026550693437457085,-0.2412005364894867,0,2000,comp,0,0,42,1.0,0.0,walk_delay_comp
1687,33.74,1.0,0.0,0.4148803949356079,0.6740013957023621,0.0024910862557590008,-0.04710531607270241,0,2000,comp,0,0,42,1.0,0.0,walk_delay_comp
1688,33.76,1.0,0.0,0.4127376079559326,0.6722644567489624,0.019214650616049767,0.1327367126941681,0,2000,comp,0,0,42,1.0,0.0,walk_delay_comp
1689,33.78,1.0,0.0,0.4093592166900635,0.6604065299034119,0.039098162204027176,0.19609104096889496,0,2000,comp,0,0,42,1.0,0.0,walk_delay_comp
1690,33.8,1.0,0.0,0.4057888984680176,0.6645491719245911,0.05424198508262634,0.2729664146900177,0,2000,comp,0,0,42,1.0,0.0,walk_delay_comp
1691,33.82,1.0,0.0,0.4015936851501465,0.6788084506988525,0.06745418161153793,0.3917345702648163,0,2000,comp,0,0,42,1.0,0.0,walk_delay_comp
1692,33.84,1.0,0.0,0.39661848545074463,0.6968192458152771,0.08072883635759354,0.48364850878715515,0,2000,comp,0,0,42,1.0,0.0,walk_delay_comp
1693,33.86,1.0,0.0,0.3913247585296631,0.7169201374053955,0.09523092955350876,0.5250660181045532,0,2000,comp,0,0,42,1.0,0.0,walk_delay_comp
1694,33.88,1.0,0.0,0.3862948417663574,0.7391178607940674,0.11147398501634598,0.5118265151977539,0,2000,comp,0,0,42,1.0,0.0,walk_delay_comp
1695,33.9,1.0,0.0,0.38187527656555176,0.7631511092185974,0.1302366554737091,0.45885851979255676,0,2000,comp,0,0,42,1.0,0.0,walk_delay_comp
1696,33.92,1.0,0.0,0.37850332260131836,0.7908144593238831,0.14872270822525024,0.38494226336479187,0,2000,comp,0,0,42,1.0,0.0,walk_delay_comp
1697,33.94,1.0,0.0,0.3763493299484253,0.8153560757637024,0.17091813683509827,0.2934868037700653,0,2000,comp,0,0,42,1.0,0.0,walk_delay_comp
1698,33.96,1.0,0.0,0.37477076053619385,0.8349600434303284,0.1990114152431488,0.25879648327827454,0,2000,comp,0,0,42,1.0,0.0,walk_delay_comp
1699,33.980000000000004,1.0,0.0,0.3730924129486084,0.8513693809509277,0.22944921255111694,0.23639516532421112,0,2000,comp,0,0,42,1.0,0.0,walk_delay_comp
1700,34.0,1.0,0.0,0.3712282180786133,0.8565664887428284,0.25694432854652405,0.21367184817790985,0,2000,comp,0,0,42,1.0,0.0,walk_delay_comp
1701,34.02,1.0,0.0,0.37034642696380615,0.8364607691764832,0.26598426699638367,0.2177663892507553,0,2000,comp,0,0,42,1.0,0.0,walk_delay_comp
1702,34.04,1.0,0.0,0.36967408657073975,0.7911110520362854,0.18743261694908142,-0.035713814198970795,0,2000,comp,0,0,42,1.0,0.0,walk_delay_comp
1703,34.06,1.0,0.0,0.3711024522781372,0.7563995122909546,0.13753005862236023,0.013118673115968704,0,2000,comp,0,0,42,1.0,0.0,walk_delay_comp
1704,34.08,1.0,0.0,0.3728764057159424,0.724254310131073,0.09175989776849747,0.10542453825473785,0,2000,comp,0,0,42,1.0,0.0,walk_delay_comp
1705,34.1,1.0,0.0,0.372894287109375,0.7014302015304565,0.05704795569181442,0.3979342579841614,0,2000,comp,0,0,42,1.0,0.0,walk_delay_comp
1706,34.12,1.0,0.0,0.3712453842163086,0.6873871684074402,0.025591060519218445,0.46987655758857727,0,2000,comp,0,0,42,1.0,0.0,walk_delay_comp
1707,34.14,1.0,0.0,0.36889100074768066,0.6895390152931213,-0.0012047796044498682,0.46922409534454346,0,2000,comp,0,0,42,1.0,0.0,walk_delay_comp
1708,34.160000000000004,1.0,0.0,0.3662155866622925,0.7080955505371094,-0.025234419852495193,0.4277000427246094,0,2000,comp,0,0,42,1.0,0.0,walk_delay_comp
1709,34.18,1.0,0.0,0.3644447326660156,0.714060366153717,-0.049217626452445984,0.2984803020954132,0,2000,comp,0,0,42,1.0,0.0,walk_delay_comp
1710,34.2,1.0,0.0,0.3629964590072632,0.7320858836174011,-0.0686953142285347,0.24771857261657715,0,2000,comp,0,0,42,1.0,0.0,walk_delay_comp
1711,34.22,1.0,0.0,0.36204755306243896,0.7378543615341187,-0.09053103625774384,0.20643427968025208,0,2000,comp,0,0,42,1.0,0.0,walk_delay_comp
1712,34.24,1.0,0.0,0.36109185218811035,0.756496787071228,-0.1095523089170456,0.1626633107662201,0,2000,comp,0,0,42,1.0,0.0,walk_delay_comp
1713,34.26,1.0,0.0,0.36043357849121094,0.779927670955658,-0.12543638050556183,0.08190768212080002,0,2000,comp,0,0,42,1.0,0.0,walk_delay_comp
1714,34.28,1.0,0.0,0.36042749881744385,0.8099095225334167,-0.13951151072978973,-0.02501552924513817,0,2000,comp,0,0,42,1.0,0.0,walk_delay_comp
1715,34.300000000000004,1.0,0.0,0.36133873462677,0.84532630443573,-0.15376383066177368,-0.14609594643115997,0,2000,comp,0,0,42,1.0,0.0,walk_delay_comp
1716,34.32,1.0,0.0,0.362851619720459,0.887303352355957,-0.167377308011055,-0.2316960096359253,0,2000,comp,0,0,42,1.0,0.0,walk_delay_comp
1717,34.34,1.0,0.0,0.36408543586730957,0.9301977753639221,-0.18442068994045258,-0.22172921895980835,0,2000,comp,0,0,42,1.0,0.0,walk_delay_comp
1718,34.36,1.0,0.0,0.3646275997161865,0.9742295145988464,-0.2095784693956375,-0.16646604239940643,0,2000,comp,0,0,42,1.0,0.0,walk_delay_comp
1719,34.38,1.0,0.0,0.36473751068115234,1.0179725885391235,-0.24154284596443176,-0.09207364171743393,0,2000,comp,0,0,42,1.0,0.0,walk_delay_comp
1720,34.4,1.0,0.0,0.3643869161605835,1.0560758113861084,-0.27833443880081177,0.006246127188205719,0,2000,comp,0,0,42,1.0,0.0,walk_delay_comp
1721,34.42,1.0,0.0,0.36336731910705566,1.0840650796890259,-0.3160240948200226,0.042972732335329056,0,2000,comp,0,0,42,1.0,0.0,walk_delay_comp
1722,34.44,1.0,0.0,0.3652503490447998,0.9988170862197876,-0.2645162343978882,-0.15604190528392792,0,2000,comp,0,0,42,1.0,0.0,walk_delay_comp
1723,34.46,1.0,0.0,0.3634563684463501,0.9244373440742493,-0.20020988583564758,0.35768985748291016,0,2000,comp,0,0,42,1.0,0.0,walk_delay_comp
1724,34.480000000000004,1.0,0.0,0.3583073616027832,0.8481958508491516,-0.14652112126350403,0.29814690351486206,0,2000,comp,0,0,42,1.0,0.0,walk_delay_comp
1725,34.5,1.0,0.0,0.35497844219207764,0.8016531467437744,-0.12084954231977463,0.022944621741771698,0,2000,comp,0,0,42,1.0,0.0,walk_delay_comp
1726,34.52,1.0,0.0,0.35283803939819336,0.7586827278137207,-0.09702865779399872,-0.09773217886686325,0,2000,comp,0,0,42,1.0,0.0,walk_delay_comp
1727,34.54,1.0,0.0,0.35364270210266113,0.7358058094978333,-0.07271279394626617,-0.40807780623435974,0,2000,comp,0,0,42,1.0,0.0,walk_delay_comp
1728,34.56,1.0,0.0,0.3553677797317505,0.7112500071525574,-0.04358799383044243,-0.3339776396751404,0,2000,comp,0,0,42,1.0,0.0,walk_delay_comp
1729,34.58,1.0,0.0,0.35523247718811035,0.6797612309455872,-0.01221956592053175,-0.1509549468755722,0,2000,comp,0,0,42,1.0,0.0,walk_delay_comp
1730,34.6,1.0,0.0,0.35408997535705566,0.679907500743866,0.0042205676436424255,0.037949301302433014,0,2000,comp,0,0,42,1.0,0.0,walk_delay_comp
1731,34.62,1.0,0.0,0.35203421115875244,0.6651814579963684,0.024836596101522446,0.02904544398188591,0,2000,comp,0,0,42,1.0,0.0,walk_delay_comp
1732,34.64,1.0,0.0,0.3496040105819702,0.6626609563827515,0.044494934380054474,0.15937410295009613,0,2000,comp,0,0,42,1.0,0.0,walk_delay_comp
1733,34.660000000000004,1.0,0.0,0.34633541107177734,0.6726964116096497,0.058640558272600174,0.2895045578479767,0,2000,comp,0,0,42,1.0,0.0,walk_delay_comp
1734,34.68,1.0,0.0,0.3420591354370117,0.6890344619750977,0.07172147929668427,0.41068723797798157,0,2000,comp,0,0,42,1.0,0.0,walk_delay_comp
1735,34.7,1.0,0.0,0.33706235885620117,0.7091950178146362,0.08432598412036896,0.4985917806625366,0,2000,comp,0,0,42,1.0,0.0,walk_delay_comp
1736,34.72,1.0,0.0,0.33214330673217773,0.7304180264472961,0.09801512956619263,0.4907926619052887,0,2000,comp,0,0,42,1.0,0.0,walk_delay_comp
1737,34.74,1.0,0.0,0.3276468515396118,0.7546080350875854,0.11473764479160309,0.4704884886741638,0,2000,comp,0,0,42,1.0,0.0,walk_delay_comp
1738,34.76,1.0,0.0,0.3239516019821167,0.7815074324607849,0.13228635489940643,0.40458810329437256,0,2000,comp,0,0,42,1.0,0.0,walk_delay_comp
1739,34.78,1.0,0.0,0.32141411304473877,0.807938277721405,0.15193049609661102,0.3181169331073761,0,2000,comp,0,0,42,1.0,0.0,walk_delay_comp
1740,34.800000000000004,1.0,0.0,0.3199406862258911,0.8307544589042664,0.176500141620636,0.23569026589393616,0,2000,comp,0,0,42,1.0,0.0,walk_delay_comp
1741,34.82,1.0,0.0,0.3187108039855957,0.8512985706329346,0.20592884719371796,0.22144564986228943,0,2000,comp,0,0,42,1.0,0.0,walk_delay_comp
1742,34.84,1.0,0.0,0.31708312034606934,0.865544319152832,0.23619431257247925,0.19089418649673462,0,2000,comp,0,0,42,1.0,0.0,walk_delay_comp
1743,34.86,1.0,0.0,0.31561410427093506,0.8717091083526611,0.2564548850059509,0.1030203104019165,0,2000,comp,0,0,42,1.0,0.0,walk_delay_comp
1744,34.88,1.0,0.0,0.315487265586853,0.8288496136665344,0.2242612987756729,0.048502251505851746,0,2000,comp,0,0,42,1.0,0.0,walk_delay_comp
1745,34.9,1.0,0.0,0.3156963586807251,0.7853120565414429,0.15907612442970276,-0.017453517764806747,0,2000,comp,0,0,42,1.0,0.0,walk_delay_comp
1746,34.92,1.0,0.0,0.3173685073852539,0.7574105262756348,0.11109147220849991,0.02494102343916893,0,2000,comp,0,0,42,1.0,0.0,walk_delay_comp
1747,34.94,1.0,0.0,0.3189544677734375,0.72979336977005,0.07258996367454529,0.18671797215938568,0,2000,comp,0,0,42,1.0,0.0,walk_delay_comp
1748,34.96,1.0,0.0,0.3184469938278198,0.7119221687316895,0.04076835513114929,0.44602149724960327,0,2000,comp,0,0,42,1.0,0.0,walk_delay_comp
1749,34.980000000000004,1.0,0.0,0.31653034687042236,0.7053881883621216,0.015280692838132381,0.4606006443500519,0,2000,comp,0,0,42,1.0,0.0,walk_delay_comp
1750,35.0,1.0,0.0,0.314473032951355,0.7126845121383667,-0.013625295832753181,0.40014952421188354,0,2000,comp,0,0,42,1.0,0.0,walk_delay_comp
1751,35.02,1.0,0.0,0.31242799758911133,0.722295343875885,-0.03708275780081749,0.38019901514053345,0,2000,comp,0,0,42,1.0,0.0,walk_delay_comp
1752,35.04,1.0,0.0,0.3106776475906372,0.7332955598831177,-0.0583590567111969,0.27679646015167236,0,2000,comp,0,0,42,1.0,0.0,walk_delay_comp
1753,35.06,1.0,0.0,0.30939948558807373,0.745534360408783,-0.07939977198839188,0.23424220085144043,0,2000,comp,0,0,42,1.0,0.0,walk_delay_comp
1754,35.08,1.0,0.0,0.30867576599121094,0.757114589214325,-0.10257775336503983,0.16903690993785858,0,2000,comp,0,0,42,1.0,0.0,walk_delay_comp
1755,35.1,1.0,0.0,0.3078523874282837,0.7742745876312256,-0.11833205074071884,0.13542869687080383,0,2000,comp,0,0,42,1.0,0.0,walk_delay_comp
1756,35.12,1.0,0.0,0.307403564453125,0.8052417635917664,-0.13233305513858795,0.02611313946545124,0,2000,comp,0,0,42,1.0,0.0,walk_delay_comp
1757,35.14,1.0,0.0,0.30820512771606445,0.8323639035224915,-0.14837129414081573,-0.12891873717308044,0,2000,comp,0,0,42,1.0,0.0,walk_delay_comp
1758,35.160000000000004,1.0,0.0,0.3096611499786377,0.8716254830360413,-0.1601458042860031,-0.20057155191898346,0,2000,comp,0,0,42,1.0,0.0,walk_delay_comp
1759,35.18,1.0,0.0,0.31129539012908936,0.9093396067619324,-0.17404766380786896,-0.2618945240974426,0,2000,comp,0,0,42,1.0,0.0,walk_delay_comp
1760,35.2,1.0,0.0,0.31271517276763916,0.9528531432151794,-0.1941443830728531,-0.25174057483673096,0,2000,comp,0,0,42,1.0,0.0,walk_delay_comp
1761,35.22,1.0,0.0,0.3135031461715698,0.9974911212921143,-0.2208966165781021,-0.18000230193138123,0,2000,comp,0,0,42,1.0,0.0,walk_delay_comp
1762,35.24,1.0,0.0,0.3139697313308716,1.0403331518173218,-0.25372424721717834,-0.11994119733572006,0,2000,comp,0,0,42,1.0,0.0,walk_delay_comp
1763,35.26,1.0,0.0,0.3140038251876831,1.0750824213027954,-0.2901076078414917,-0.010983886197209358,0,2000,comp,0,0,42,1.0,0.0,walk_delay_comp
1764,35.28,1.0,0.0,0.3132615089416504,1.0965055227279663,-0.316569447517395,0.06701087951660156,0,2000,comp,0,0,42,1.0,0.0,walk_delay_comp
1765,35.300000000000004,1.0,0.0,0.31501710414886475,0.9607072472572327,-0.21973440051078796,0.10608775168657303,0,2000,comp,0,0,42,1.0,0.0,walk_delay_comp
1766,35.32,1.0,0.0,0.31212103366851807,0.8939703702926636,-0.16180072724819183,0.26535093784332275,0,2000,comp,0,0,42,1.0,0.0,walk_delay_comp
1767,35.34,1.0,0.0,0.30837202072143555,0.8288952112197876,-0.12322808802127838,0.05261463671922684,0,2000,comp,0,0,42,1.0,0.0,walk_delay_comp
1768,35.36,1.0,0.0,0.3072943687438965,0.7948601841926575,-0.10206791013479233,-0.2097502052783966,0,2000,comp,0,0,42,1.0,0.0,walk_delay_comp
1769,35.38,1.0,0.0,0.3071542978286743,0.7573354840278625,-0.07812388241291046,-0.2615807056427002,0,2000,comp,0,0,42,1.0,0.0,walk_delay_comp
1770,35.4,1.0,0.0,0.3090367317199707,0.7347419261932373,-0.05219665914773941,-0.4670369327068329,0,2000,comp,0,0,42,1.0,0.0,walk_delay_comp
1771,35.42,1.0,0.0,0.3107720613479614,0.7103666067123413,-0.021381262689828873,-0.29432445764541626,0,2000,comp,0,0,42,1.0,0.0,walk_delay_comp
1772,35.44,1.0,0.0,0.3102445602416992,0.684783935546875,0.007682248018682003,-0.0899161547422409,0,2000,comp,0,0,42,1.0,0.0,walk_delay_comp
1773,35.46,1.0,0.0,0.3083648681640625,0.6838139295578003,0.023897454142570496,0.09644796699285507,0,2000,comp,0,0,42,1.0,0.0,walk_delay_comp
1774,35.480000000000004,1.0,0.0,0.30555427074432373,0.6732949018478394,0.04425430670380592,0.11740615218877792,0,2000,comp,0,0,42,1.0,0.0,walk_delay_comp
1775,35.5,1.0,0.0,0.3026242256164551,0.6767585277557373,0.061254408210515976,0.20788787305355072,0,2000,comp,0,0,42,1.0,0.0,walk_delay_comp
1776,35.52,1.0,0.0,0.2988215684890747,0.6921082139015198,0.07512129098176956,0.35592523217201233,0,2000,comp,0,0,42,1.0,0.0,walk_delay_comp
1777,35.54,1.0,0.0,0.29422664642333984,0.7114102244377136,0.08790649473667145,0.437981516122818,0,2000,comp,0,0,42,1.0,0.0,walk_delay_comp
1778,35.56,1.0,0.0,0.2892899513244629,0.7327060699462891,0.10206108540296555,0.4894360899925232,0,2000,comp,0,0,42,1.0,0.0,walk_delay_comp
1779,35.58,1.0,0.0,0.28460144996643066,0.7555369734764099,0.11794603615999222,0.47103434801101685,0,2000,comp,0,0,42,1.0,0.0,walk_delay_comp
1780,35.6,1.0,0.0,0.28054821491241455,0.7815731167793274,0.1358461081981659,0.42318710684776306,0,2000,comp,0,0,42,1.0,0.0,walk_delay_comp
1781,35.62,1.0,0.0,0.2776212692260742,0.810294508934021,0.1547621339559555,0.3295724093914032,0,2000,comp,0,0,42,1.0,0.0,walk_delay_comp
1782,35.64,1.0,0.0,0.2761310338973999,0.8372188806533813,0.17694523930549622,0.21881024539470673,0,2000,comp,0,0,42,1.0,0.0,walk_delay_comp
1783,35.660000000000004,1.0,0.0,0.2753486633300781,0.8594717383384705,0.20550858974456787,0.1682189255952835,0,2000,comp,0,0,42,1.0,0.0,walk_delay_comp
1784,35.68,1.0,0.0,0.27455198764801025,0.8787133097648621,0.23668289184570312,0.13788868486881256,0,2000,comp,0,0,42,1.0,0.0,walk_delay_comp
1785,35.7,1.0,0.0,0.27365541458129883,0.8884214162826538,0.2691003382205963,0.11223341524600983,0,2000,comp,0,0,42,1.0,0.0,walk_delay_comp
1786,35.72,1.0,0.0,0.27350568771362305,0.8845534920692444,0.2771242558956146,0.05496133118867874,0,2000,comp,0,0,42,1.0,0.0,walk_delay_comp
1787,35.74,1.0,0.0,0.27309656143188477,0.8144680261611938,0.20488689839839935,-0.012194309383630753,0,2000,comp,0,0,42,1.0,0.0,walk_delay_comp
1788,35.76,1.0,0.0,0.27495884895324707,0.7800450921058655,0.15235114097595215,-0.09701172262430191,0,2000,comp,0,0,42,1.0,0.0,walk_delay_comp
1789,35.78,1.0,0.0,0.27771925926208496,0.7501595616340637,0.10583969205617905,-0.015550579875707626,0,2000,comp,0,0,42,1.0,0.0,walk_delay_comp
1790,35.800000000000004,1.0,0.0,0.27881360054016113,0.7249053716659546,0.0703011229634285,0.3137749433517456,0,2000,comp,0,0,42,1.0,0.0,walk_delay_comp
1791,35.82,1.0,0.0,0.2778956890106201,0.7134711146354675,0.04055199772119522,0.41620752215385437,0,2000,comp,0,0,42,1.0,0.0,walk_delay_comp
1792,35.84,1.0,0.0,0.27599668502807617,0.714266300201416,0.012241272255778313,0.4139707386493683,0,2000,comp,0,0,42,1.0,0.0,walk_delay_comp
1793,35.86,1.0,0.0,0.27401745319366455,0.7347596287727356,-0.01238648034632206,0.3316900134086609,0,2000,comp,0,0,42,1.0,0.0,walk_delay_comp
1794,35.88,1.0,0.0,0.27301931381225586,0.735572338104248,-0.03577089309692383,0.24991309642791748,0,2000,comp,0,0,42,1.0,0.0,walk_delay_comp
1795,35.9,1.0,0.0,0.2718123197555542,0.7499698996543884,-0.05602787435054779,0.24508486688137054,0,2000,comp,0,0,42,1.0,0.0,walk_delay_comp
1796,35.92,1.0,0.0,0.2711840867996216,0.7522484064102173,-0.07815386354923248,0.15954512357711792,0,2000,comp,0,0,42,1.0,0.0,walk_delay_comp
1797,35.94,1.0,0.0,0.27082014083862305,0.769630491733551,-0.09599972516298294,0.10745180398225784,0,2000,comp,0,0,42,1.0,0.0,walk_delay_comp
1798,35.96,1.0,0.0,0.2706559896469116,0.7918229103088379,-0.10976149141788483,0.04026336967945099,0,2000,comp,0,0,42,1.0,0.0,walk_delay_comp
1799,35.980000000000004,1.0,0.0,0.27104687690734863,0.8201566338539124,-0.12244076281785965,-0.06358934193849564,0,2000,comp,0,0,42,1.0,0.0,walk_delay_comp
1800,36.0,1.0,0.0,0.2722586393356323,0.8542048335075378,-0.13567985594272614,-0.16989007592201233,0,2000,comp,0,0,42,1.0,0.0,walk_delay_comp
1801,36.02,1.0,0.0,0.27397000789642334,0.8950070142745972,-0.14867618680000305,-0.24770265817642212,0,2000,comp,0,0,42,1.0,0.0,walk_delay_comp
1802,36.04,1.0,0.0,0.2754523754119873,0.9369014501571655,-0.16527895629405975,-0.24425791203975677,0,2000,comp,0,0,42,1.0,0.0,walk_delay_comp
1803,36.06,1.0,0.0,0.2762632369995117,0.9798182845115662,-0.18911120295524597,-0.19417740404605865,0,2000,comp,0,0,42,1.0,0.0,walk_delay_comp
1804,36.08,1.0,0.0,0.2766495943069458,1.022229552268982,-0.21923203766345978,-0.12643514573574066,0,2000,comp,0,0,42,1.0,0.0,walk_delay_comp
1805,36.1,1.0,0.0,0.2767043113708496,1.0597151517868042,-0.25400519371032715,-0.039854131639003754,0,2000,comp,0,0,42,1.0,0.0,walk_delay_comp
1806,36.12,1.0,0.0,0.2761901617050171,1.0894063711166382,-0.2908281683921814,0.017553364858031273,0,2000,comp,0,0,42,1.0,0.0,walk_delay_comp
1807,36.14,1.0,0.0,0.2779512405395508,1.0057005882263184,-0.2516537308692932,-0.2427203506231308,0,2000,comp,0,0,42,1.0,0.0,walk_delay_comp
1808,36.160000000000004,1.0,0.0,0.2771040201187134,0.9289170503616333,-0.1808164119720459,0.26348453760147095,0,2000,comp,0,0,42,1.0,0.0,walk_delay_comp
1809,36.18,1.0,0.0,0.27276039123535156,0.8546789884567261,-0.13081476092338562,0.2225840985774994,0,2000,comp,0,0,42,1.0,0.0,walk_delay_comp
1810,36.2,1.0,0.0,0.270017147064209,0.809200644493103,-0.10657012462615967,-0.034925155341625214,0,2000,comp,0,0,42,1.0,0.0,walk_delay_comp
1811,36.22,1.0,0.0,0.2685370445251465,0.7663712501525879,-0.08397532254457474,-0.16061514616012573,0,2000,comp,0,0,42,1.0,0.0,walk_delay_comp
1812,36.24,1.0,0.0,0.26969385147094727,0.7437315583229065,-0.061100754886865616,-0.42103666067123413,0,2000,comp,0,0,42,1.0,0.0,walk_delay_comp
1813,36.26,1.0,0.0,0.2714270353317261,0.718551754951477,-0.032815661281347275,-0.33618685603141785,0,2000,comp,0,0,42,1.0,0.0,walk_delay_comp
1814,36.28,1.0,0.0,0.2714710235595703,0.6877219080924988,-0.0025034663267433643,-0.17735134065151215,0,2000,comp,0,0,42,1.0,0.0,walk_delay_comp
1815,36.300000000000004,1.0,0.0,0.27043628692626953,0.6847746968269348,0.01541950274258852,0.016351399943232536,0,2000,comp,0,0,42,1.0,0.0,walk_delay_comp
1816,36.32,1.0,0.0,0.26841866970062256,0.6720349788665771,0.0349389985203743,0.02420743554830551,0,2000,comp,0,0,42,1.0,0.0,walk_delay_comp
1817,36.34,1.0,0.0,0.26616597175598145,0.6704365611076355,0.05303575471043587,0.12863430380821228,0,2000,comp,0,0,42,1.0,0.0,walk_delay_comp
1818,36.36,1.0,0.0,0.26320886611938477,0.6805804371833801,0.06760314106941223,0.2511675953865051,0,2000,comp,0,0,42,1.0,0.0,walk_delay_comp
1819,36.38,1.0,0.0,0.2593127489089966,0.6968512535095215,0.08057266473770142,0.3673911690711975,0,2000,comp,0,0,42,1.0,0.0,walk_delay_comp
1820,36.4,1.0,0.0,0.2547180652618408,0.7168670892715454,0.0934860035777092,0.45370081067085266,0,2000,comp,0,0,42,1.0,0.0,walk_delay_comp
1821,36.42,1.0,0.0,0.2501922845840454,0.7378560900688171,0.10741423815488815,0.44756489992141724,0,2000,comp,0,0,42,1.0,0.0,walk_delay_comp
1822,36.44,1.0,0.0,0.2461392879486084,0.7618741393089294,0.12453939765691757,0.41835817694664,0,2000,comp,0,0,42,1.0,0.0,walk_delay_comp
1823,36.46,1.0,0.0,0.24299156665802002,0.7886340022087097,0.14297090470790863,0.33909934759140015,0,2000,comp,0,0,42,1.0,0.0,walk_delay_comp
1824,36.480000000000004,1.0,0.0,0.2411644458770752,0.8159772753715515,0.16346707940101624,0.24013610184192657,0,2000,comp,0,0,42,1.0,0.0,walk_delay_comp
1825,36.5,1.0,0.0,0.24039137363433838,0.839554488658905,0.18957026302814484,0.1630503535270691,0,2000,comp,0,0,42,1.0,0.0,walk_delay_comp
1826,36.52,1.0,0.0,0.23976647853851318,0.8607906103134155,0.21992629766464233,0.1541167050600052,0,2000,comp,0,0,42,1.0,0.0,walk_delay_comp
1827,36.54,1.0,0.0,0.2386767864227295,0.8758130073547363,0.2521456778049469,0.13548728823661804,0,2000,comp,0,0,42,1.0,0.0,walk_delay_comp
1828,36.56,1.0,0.0,0.23769021034240723,0.8827803730964661,0.2765503525733948,0.09199223667383194,0,2000,comp,0,0,42,1.0,0.0,walk_delay_comp
1829,36.58,1.0,0.0,0.23757171630859375,0.8299486041069031,0.2507621645927429,0.10777924209833145,0,2000,comp,0,0,42,1.0,0.0,walk_delay_comp
1830,36.6,1.0,0.0,0.23803305625915527,0.7844054102897644,0.18392881751060486,-0.06137228384613991,0,2000,comp,0,0,42,1.0,0.0,walk_delay_comp
1831,36.62,1.0,0.0,0.24005675315856934,0.7504454255104065,0.1358088105916977,-0.0016290238127112389,0,2000,comp,0,0,42,1.0,0.0,walk_delay_comp
1832,36.64,1.0,0.0,0.24164271354675293,0.7208971977233887,0.09527191519737244,0.1691821664571762,0,2000,comp,0,0,42,1.0,0.0,walk_delay_comp
1833,36.660000000000004,1.0,0.0,0.24125277996063232,0.700894832611084,0.06308186054229736,0.39750251173973083,0,2000,comp,0,0,42,1.0,0.0,walk_delay_comp
1834,36.68,1.0,0.0,0.23980486392974854,0.6904122233390808,0.03343064710497856,0.40790578722953796,0,2000,comp,0,0,42,1.0,0.0,walk_delay_comp
1835,36.7,1.0,0.0,0.23805761337280273,0.6963768601417542,0.00873146578669548,0.3725508153438568,0,2000,comp,0,0,42,1.0,0.0,walk_delay_comp
1836,36.72,1.0,0.0,0.23644602298736572,0.7080894708633423,-0.015546927228569984,0.3180820941925049,0,2000,comp,0,0,42,1.0,0.0,walk_delay_comp
1837,36.74,1.0,0.0,0.235603928565979,0.7129625082015991,-0.0392635315656662,0.19092883169651031,0,2000,comp,0,0,42,1.0,0.0,walk_delay_comp
1838,36.76,1.0,0.0,0.23522841930389404,0.7295311093330383,-0.05864666402339935,0.13154056668281555,0,2000,comp,0,0,42,1.0,0.0,walk_delay_comp
1839,36.78,1.0,0.0,0.2354527711868286,0.7393096685409546,-0.07890037447214127,0.07192614674568176,0,2000,comp,0,0,42,1.0,0.0,walk_delay_comp
1840,36.800000000000004,1.0,0.0,0.23565852642059326,0.7578960061073303,-0.09530256688594818,0.04032082110643387,0,2000,comp,0,0,42,1.0,0.0,walk_delay_comp
1841,36.82,1.0,0.0,0.23601579666137695,0.7826408743858337,-0.10924611985683441,-0.02686535194516182,0,2000,comp,0,0,42,1.0,0.0,walk_delay_comp
1842,36.84,1.0,0.0,0.23701465129852295,0.8122739791870117,-0.12310390919446945,-0.13131654262542725,0,2000,comp,0,0,42,1.0,0.0,walk_delay_comp
1843,36.86,1.0,0.0,0.23876953125,0.8482018709182739,-0.13721083104610443,-0.228276327252388,0,2000,comp,0,0,42,1.0,0.0,walk_delay_comp
1844,36.88,1.0,0.0,0.24077928066253662,0.8903704881668091,-0.1508943736553192,-0.2808019816875458,0,2000,comp,0,0,42,1.0,0.0,walk_delay_comp
1845,36.9,1.0,0.0,0.24225258827209473,0.9320656657218933,-0.16903944313526154,-0.2492501437664032,0,2000,comp,0,0,42,1.0,0.0,walk_delay_comp
1846,36.92,1.0,0.0,0.24301934242248535,0.9736422896385193,-0.19489987194538116,-0.18653278052806854,0,2000,comp,0,0,42,1.0,0.0,walk_delay_comp
1847,36.94,1.0,0.0,0.2434300184249878,1.0133202075958252,-0.22695483267307281,-0.12211969494819641,0,2000,comp,0,0,42,1.0,0.0,walk_delay_comp
1848,36.96,1.0,0.0,0.24356555938720703,1.0472748279571533,-0.262215793132782,-0.03360193222761154,0,2000,comp,0,0,42,1.0,0.0,walk_delay_comp
1849,36.980000000000004,1.0,0.0,0.2430170774459839,1.0706861019134521,-0.29140329360961914,0.02132555842399597,0,2000,comp,0,0,42,1.0,0.0,walk_delay_comp
1850,37.0,1.0,0.0,0.24485266208648682,0.9660792350769043,-0.22371906042099,-0.019361890852451324,0,2000,comp,0,0,42,1.0,0.0,walk_delay_comp
1851,37.02,1.0,0.0,0.24285626411437988,0.8947413563728333,-0.16083818674087524,0.2536405324935913,0,2000,comp,0,0,42,1.0,0.0,walk_delay_comp
1852,37.04,1.0,0.0,0.23913705348968506,0.8286207318305969,-0.11907986551523209,0.09883876889944077,0,2000,comp,0,0,42,1.0,0.0,walk_delay_comp
1853,37.06,1.0,0.0,0.23774921894073486,0.7929531335830688,-0.09900397807359695,-0.1619701385498047,0,2000,comp,0,0,42,1.0,0.0,walk_delay_comp
1854,37.08,1.0,0.0,0.23721730709075928,0.754447877407074,-0.07524372637271881,-0.220050647854805,0,2000,comp,0,0,42,1.0,0.0,walk_delay_comp
1855,37.1,1.0,0.0,0.23879706859588623,0.7326211929321289,-0.05167081207036972,-0.43959349393844604,0,2000,comp,0,0,42,1.0,0.0,walk_delay_comp
1856,37.12,1.0,0.0,0.24050092697143555,0.7099083065986633,-0.02151779644191265,-0.29162800312042236,0,2000,comp,0,0,42,1.0,0.0,walk_delay_comp
1857,37.14,1.0,0.0,0.2400679588317871,0.6835962533950806,0.007265608292073011,-0.10481604188680649,0,2000,comp,0,0,42,1.0,0.0,walk_delay_comp
1858,37.160000000000004,1.0,0.0,0.23848187923431396,0.6811007857322693,0.023090537637472153,0.07020309567451477,0,2000,comp,0,0,42,1.0,0.0,walk_delay_comp
1859,37.18,1.0,0.0,0.23601043224334717,0.6705914735794067,0.04215778037905693,0.08404102921485901,0,2000,comp,0,0,42,1.0,0.0,walk_delay_comp
1860,37.2,1.0,0.0,0.23353290557861328,0.6739323735237122,0.05896156653761864,0.15711458027362823,0,2000,comp,0,0,42,1.0,0.0,walk_delay_comp
1861,37.22,1.0,0.0,0.2302945852279663,0.6873286962509155,0.0734490156173706,0.298494815826416,0,2000,comp,0,0,42,1.0,0.0,walk_delay_comp
1862,37.24,1.0,0.0,0.22618639469146729,0.7056184411048889,0.08641481399536133,0.39707738161087036,0,2000,comp,0,0,42,1.0,0.0,walk_delay_comp
1863,37.26,1.0,0.0,0.2215970754623413,0.7273398637771606,0.09954769909381866,0.4620644450187683,0,2000,comp,0,0,42,1.0,0.0,walk_delay_comp
1864,37.28,1.0,0.0,0.21737289428710938,0.7491719722747803,0.114203542470932,0.4228575527667999,0,2000,comp,0,0,42,1.0,0.0,walk_delay_comp
1865,37.300000000000004,1.0,0.0,0.21376073360443115,0.7738973498344421,0.13207192718982697,0.3869245648384094,0,2000,comp,0,0,42,1.0,0.0,walk_delay_comp
1866,37.32,1.0,0.0,0.21113240718841553,0.8017865419387817,0.15105733275413513,0.3068045675754547,0,2000,comp,0,0,42,1.0,0.0,walk_delay_comp
1867,37.34,1.0,0.0,0.20985984802246094,0.8286805152893066,0.1729956865310669,0.20049089193344116,0,2000,comp,0,0,42,1.0,0.0,walk_delay_comp
1868,37.36,1.0,0.0,0.2093144655227661,0.8509858846664429,0.20131683349609375,0.14615432918071747,0,2000,comp,0,0,42,1.0,0.0,walk_delay_comp
1869,37.38,1.0,0.0,0.2087944746017456,0.87087082862854,0.23216640949249268,0.11613522469997406,0,2000,comp,0,0,42,1.0,0.0,walk_delay_comp
1870,37.4,1.0,0.0,0.2081007957458496,0.8835995197296143,0.26510360836982727,0.07395455986261368,0,2000,comp,0,0,42,1.0,0.0,walk_delay_comp
1871,37.42,1.0,0.0,0.20789706707000732,0.8899120092391968,0.2820110321044922,-0.038720324635505676,0,2000,comp,0,0,42,1.0,0.0,walk_delay_comp
1872,37.44,1.0,0.0,0.20764553546905518,0.8176640272140503,0.21470431983470917,-0.002798311412334442,0,2000,comp,0,0,42,1.0,0.0,walk_delay_comp
1873,37.46,1.0,0.0,0.20908260345458984,0.772970974445343,0.15633615851402283,-0.05053708702325821,0,2000,comp,0,0,42,1.0,0.0,walk_delay_comp
1874,37.480000000000004,1.0,0.0,0.21136629581451416,0.7413002252578735,0.1103268563747406,0.047247812151908875,0,2000,comp,0,0,42,1.0,0.0,walk_delay_comp
1875,37.5,1.0,0.0,0.21242380142211914,0.7128607630729675,0.07329258322715759,0.26545771956443787,0,2000,comp,0,0,42,1.0,0.0,walk_delay_comp
1876,37.52,1.0,0.0,0.2114802598953247,0.6985862255096436,0.043072789907455444,0.4211195707321167,0,2000,comp,0,0,42,1.0,0.0,walk_delay_comp
1877,37.54,1.0,0.0,0.20981180667877197,0.6922340989112854,0.016843708232045174,0.3796265721321106,0,2000,comp,0,0,42,1.0,0.0,walk_delay_comp
1878,37.56,1.0,0.0,0.20827043056488037,0.6993788480758667,-0.007379172835499048,0.3282594084739685,0,2000,comp,0,0,42,1.0,0.0,walk_delay_comp
1879,37.58,1.0,0.0,0.20709407329559326,0.7083939909934998,-0.030573410913348198,0.2539597749710083,0,2000,comp,0,0,42,1.0,0.0,walk_delay_comp
1880,37.6,1.0,0.0,0.20664262771606445,0.7131238579750061,-0.05288843438029289,0.13611173629760742,0,2000,comp,0,0,42,1.0,0.0,walk_delay_comp
1881,37.62,1.0,0.0,0.20689654350280762,0.7300046682357788,-0.07250334322452545,0.05409920588135719,0,2000,comp,0,0,42,1.0,0.0,walk_delay_comp
1882,37.64,1.0,0.0,0.2075103521347046,0.7439566254615784,-0.09155473858118057,0.027271613478660583,0,2000,comp,0,0,42,1.0,0.0,walk_delay_comp
1883,37.660000000000004,1.0,0.0,0.20803368091583252,0.7663173079490662,-0.10709888488054276,-0.01350593101233244,0,2000,comp,0,0,42,1.0,0.0,walk_delay_comp
1884,37.68,1.0,0.0,0.20888078212738037,0.7944076061248779,-0.12118256092071533,-0.09430646896362305,0,2000,comp,0,0,42,1.0,0.0,walk_delay_comp
1885,37.7,1.0,0.0,0.21041667461395264,0.8283159136772156,-0.1350616067647934,-0.19576354324817657,0,2000,comp,0,0,42,1.0,0.0,walk_delay_comp
1886,37.72,1.0,0.0,0.2124718427658081,0.868019163608551,-0.14935708045959473,-0.2690219283103943,0,2000,comp,0,0,42,1.0,0.0,walk_delay_comp
1887,37.74,1.0,0.0,0.21424520015716553,0.9099491834640503,-0.16491280496120453,-0.2679670453071594,0,2000,comp,0,0,42,1.0,0.0,walk_delay_comp
1888,37.76,1.0,0.0,0.21533310413360596,0.9513413310050964,-0.18773163855075836,-0.2223304957151413,0,2000,comp,0,0,42,1.0,0.0,walk_delay_comp
1889,37.78,1.0,0.0,0.21593844890594482,0.9916629195213318,-0.21709086000919342,-0.16534116864204407,0,2000,comp,0,0,42,1.0,0.0,walk_delay_comp
1890,37.800000000000004,1.0,0.0,0.2163628339767456,1.0270390510559082,-0.25138089060783386,-0.09451286494731903,0,2000,comp,0,0,42,1.0,0.0,walk_delay_comp
1891,37.82,1.0,0.0,0.21634018421173096,1.058182954788208,-0.28817135095596313,-0.007103990763425827,0,2000,comp,0,0,42,1.0,0.0,walk_delay_comp
1892,37.84,1.0,0.0,0.21662521362304688,0.9831187725067139,-0.26595771312713623,-0.4791649580001831,0,2000,comp,0,0,42,1.0,0.0,walk_delay_comp
1893,37.86,1.0,0.0,0.21674036979675293,0.9138457775115967,-0.18771161139011383,0.1551724523305893,0,2000,comp,0,0,42,1.0,0.0,walk_delay_comp
1894,37.88,1.0,0.0,0.21378648281097412,0.8459760546684265,-0.1409265547990799,0.10741429030895233,0,2000,comp,0,0,42,1.0,0.0,walk_delay_comp
1895,37.9,1.0,0.0,0.2121591567993164,0.800100564956665,-0.11393529176712036,-0.1309865415096283,0,2000,comp,0,0,42,1.0,0.0,walk_delay_comp
1896,37.92,1.0,0.0,0.21206724643707275,0.7585527300834656,-0.0877021923661232,-0.2757986783981323,0,2000,comp,0,0,42,1.0,0.0,walk_delay_comp
1897,37.94,1.0,0.0,0.21362090110778809,0.7323041558265686,-0.06247507780790329,-0.3901163339614868,0,2000,comp,0,0,42,1.0,0.0,walk_delay_comp
1898,37.96,1.0,0.0,0.2145850658416748,0.7092110514640808,-0.03272581100463867,-0.24337677657604218,0,2000,comp,0,0,42,1.0,0.0,walk_delay_comp
1899,37.980000000000004,1.0,0.0,0.21417105197906494,0.6854274868965149,-0.002948902314528823,-0.12898263335227966,0,2000,comp,0,0,42,1.0,0.0,walk_delay_comp
1900,38.0,1.0,0.0,0.21315300464630127,0.6798436045646667,0.017522821202874184,-0.01037977822124958,0,2000,comp,0,0,42,1.0,0.0,walk_delay_comp
1901,38.02,1.0,0.0,0.2109663486480713,0.6698763370513916,0.03788059204816818,0.056365758180618286,0,2000,comp,0,0,42,1.0,0.0,walk_delay_comp
1902,38.04,1.0,0.0,0.2085106372833252,0.6702464818954468,0.05522414296865463,0.13501839339733124,0,2000,comp,0,0,42,1.0,0.0,walk_delay_comp
1903,38.06,1.0,0.0,0.20557785034179688,0.6793464422225952,0.06986139714717865,0.23543937504291534,0,2000,comp,0,0,42,1.0,0.0,walk_delay_comp
1904,38.08,1.0,0.0,0.20174014568328857,0.6952521204948425,0.08235780149698257,0.36415737867355347,0,2000,comp,0,0,42,1.0,0.0,walk_delay_comp
1905,38.1,1.0,0.0,0.19735455513000488,0.7146112322807312,0.09439525753259659,0.4293355941772461,0,2000,comp,0,0,42,1.0,0.0,walk_delay_comp
1906,38.12,1.0,0.0,0.1930938959121704,0.7344790101051331,0.10834810882806778,0.4252859055995941,0,2000,comp,0,0,42,1.0,0.0,walk_delay_comp
1907,38.14,1.0,0.0,0.18927180767059326,0.7574707865715027,0.124832384288311,0.3992452621459961,0,2000,comp,0,0,42,1.0,0.0,walk_delay_comp
1908,38.160000000000004,1.0,0.0,0.18625998497009277,0.7830777168273926,0.14336372911930084,0.3313782513141632,0,2000,comp,0,0,42,1.0,0.0,walk_delay_comp
1909,38.18,1.0,0.0,0.18457353115081787,0.8102997541427612,0.16347481310367584,0.22789302468299866,0,2000,comp,0,0,42,1.0,0.0,walk_delay_comp
1910,38.2,1.0,0.0,0.18405616283416748,0.8346471786499023,0.18880607187747955,0.14421963691711426,0,2000,comp,0,0,42,1.0,0.0,walk_delay_comp
1911,38.22,1.0,0.0,0.18371939659118652,0.855868399143219,0.21903662383556366,0.12994471192359924,0,2000,comp,0,0,42,1.0,0.0,walk_delay_comp
1912,38.24,1.0,0.0,0.18294274806976318,0.871066153049469,0.2510799467563629,0.11001228541135788,0,2000,comp,0,0,42,1.0,0.0,walk_delay_comp
1913,38.26,1.0,0.0,0.182214617729187,0.8781675100326538,0.2771463990211487,0.0843343660235405,0,2000,comp,0,0,42,1.0,0.0,walk_delay_comp
1914,38.28,1.0,0.0,0.1821441650390625,0.8342379331588745,0.2609836757183075,0.04070013016462326,0,2000,comp,0,0,42,1.0,0.0,walk_delay_comp
1915,38.300000000000004,1.0,0.0,0.18277037143707275,0.7748652100563049,0.1847810000181198,-0.10232154279947281,0,2000,comp,0,0,42,1.0,0.0,walk_delay_comp
1916,38.32,1.0,0.0,0.18551909923553467,0.737615704536438,0.13448569178581238,-0.09598740935325623,0,2000,comp,0,0,42,1.0,0.0,walk_delay_comp
1917,38.34,1.0,0.0,0.18793702125549316,0.708463191986084,0.09492956846952438,0.07232894003391266,0,2000,comp,0,0,42,1.0,0.0,walk_delay_comp
1918,38.36,1.0,0.0,0.18847525119781494,0.6851526498794556,0.06381692737340927,0.3365064859390259,0,2000,comp,0,0,42,1.0,0.0,walk_delay_comp
1919,38.38,1.0,0.0,0.18760156631469727,0.6764764189720154,0.03768296539783478,0.3717694580554962,0,2000,comp,0,0,42,1.0,0.0,walk_delay_comp
1920,38.4,1.0,0.0,0.18645596504211426,0.6797224879264832,0.010159872472286224,0.3221973478794098,0,2000,comp,0,0,42,1.0,0.0,walk_delay_comp
1921,38.42,1.0,0.0,0.18487274646759033,0.6978751420974731,-0.012092242948710918,0.31420621275901794,0,2000,comp,0,0,42,1.0,0.0,walk_delay_comp
1922,38.44,1.0,0.0,0.1839388608932495,0.7048622369766235,-0.0331176221370697,0.20390497148036957,0,2000,comp,0,0,42,1.0,0.0,walk_delay_comp
1923,38.46,1.0,0.0,0.1831122636795044,0.7175600528717041,-0.05334891006350517,0.18891143798828125,0,2000,comp,0,0,42,1.0,0.0,walk_delay_comp
1924,38.480000000000004,1.0,0.0,0.18293535709381104,0.7231879830360413,-0.07643266767263412,0.10381614416837692,0,2000,comp,0,0,42,1.0,0.0,walk_delay_comp
1925,38.5,1.0,0.0,0.1827794313430786,0.7412034869194031,-0.091507688164711,0.06101887673139572,0,2000,comp,0,0,42,1.0,0.0,walk_delay_comp
1926,38.52,1.0,0.0,0.1829890012741089,0.7698417901992798,-0.10450852662324905,-0.031123636290431023,0,2000,comp,0,0,42,1.0,0.0,walk_delay_comp
1927,38.54,1.0,0.0,0.1841665506362915,0.7960371375083923,-0.11967223137617111,-0.15470419824123383,0,2000,comp,0,0,42,1.0,0.0,walk_delay_comp
1928,38.56,1.0,0.0,0.18582820892333984,0.8325429558753967,-0.13147906959056854,-0.21774064004421234,0,2000,comp,0,0,42,1.0,0.0,walk_delay_comp
1929,38.58,1.0,0.0,0.1877140998840332,0.8691477179527283,-0.14448750019073486,-0.2872579097747803,0,2000,comp,0,0,42,1.0,0.0,walk_delay_comp
1930,38.6,1.0,0.0,0.18949425220489502,0.9101813435554504,-0.16351662576198578,-0.2853277921676636,0,2000,comp,0,0,42,1.0,0.0,walk_delay_comp
1931,38.62,1.0,0.0,0.1907135248184204,0.9521862864494324,-0.18850812315940857,-0.23651902377605438,0,2000,comp,0,0,42,1.0,0.0,walk_delay_comp
1932,38.64,1.0,0.0,0.19173824787139893,0.9933868050575256,-0.21891002357006073,-0.19548171758651733,0,2000,comp,0,0,42,1.0,0.0,walk_delay_comp
1933,38.660000000000004,1.0,0.0,0.19259917736053467,1.0275213718414307,-0.2526238262653351,-0.11113610863685608,0,2000,comp,0,0,42,1.0,0.0,walk_delay_comp
1934,38.68,1.0,0.0,0.1928311586380005,1.0508514642715454,-0.2813456952571869,-0.05892198532819748,0,2000,comp,0,0,42,1.0,0.0,walk_delay_comp
1935,38.7,1.0,0.0,0.19507300853729248,0.9541140794754028,-0.2167460173368454,-0.0844944640994072,0,2000,comp,0,0,42,1.0,0.0,walk_delay_comp
1936,38.72,1.0,0.0,0.19366919994354248,0.8879503607749939,-0.15770268440246582,0.21282720565795898,0,2000,comp,0,0,42,1.0,0.0,walk_delay_comp
1937,38.74,1.0,0.0,0.19033443927764893,0.8247782588005066,-0.1147623062133789,0.05917409434914589,0,2000,comp,0,0,42,1.0,0.0,walk_delay_comp
1938,38.76,1.0,0.0,0.18902921676635742,0.7878842949867249,-0.09702738374471664,-0.16831636428833008,0,2000,comp,0,0,42,1.0,0.0,walk_delay_comp
1939,38.78,1.0,0.0,0.18854165077209473,0.7507936954498291,-0.07544548809528351,-0.2216612994670868,0,2000,comp,0,0,42,1.0,0.0,walk_delay_comp
1940,38.800000000000004,1.0,0.0,0.1900569200515747,0.7291411757469177,-0.05233515053987503,-0.4348965585231781,0,2000,comp,0,0,42,1.0,0.0,walk_delay_comp
1941,38.82,1.0,0.0,0.19170212745666504,0.7056623697280884,-0.023480083793401718,-0.29902324080467224,0,2000,comp,0,0,42,1.0,0.0,walk_delay_comp
1942,38.84,1.0,0.0,0.1913682222366333,0.6791930794715881,0.004532633814960718,-0.11779780685901642,0,2000,comp,0,0,42,1.0,0.0,walk_delay_comp
1943,38.86,1.0,0.0,0.1899169683456421,0.6788938641548157,0.020311197265982628,0.057979874312877655,0,2000,comp,0,0,42,1.0,0.0,walk_delay_comp
1944,38.88,1.0,0.0,0.18758153915405273,0.6671508550643921,0.040419790893793106,0.06749269366264343,0,2000,comp,0,0,42,1.0,0.0,walk_delay_comp
1945,38.9,1.0,0.0,0.1852424144744873,0.6692572236061096,0.058027468621730804,0.14333468675613403,0,2000,comp,0,0,42,1.0,0.0,walk_delay_comp
1946,38.92,1.0,0.0,0.18213129043579102,0.6833999752998352,0.07185078412294388,0.2864801585674286,0,2000,comp,0,0,42,1.0,0.0,walk_delay_comp
1947,38.94,1.0,0.0,0.17831075191497803,0.7021155953407288,0.08387051522731781,0.36231470108032227,0,2000,comp,0,0,42,1.0,0.0,walk_delay_comp
1948,38.96,1.0,0.0,0.174200177192688,0.7232966423034668,0.0966510996222496,0.4146156907081604,0,2000,comp,0,0,42,1.0,0.0,walk_delay_comp
1949,38.980000000000004,1.0,0.0,0.17032158374786377,0.7453582882881165,0.11187387257814407,0.3979763388633728,0,2000,comp,0,0,42,1.0,0.0,walk_delay_comp
1950,39.0,1.0,0.0,0.1670396327972412,0.7700029015541077,0.12973827123641968,0.3519730269908905,0,2000,comp,0,0,42,1.0,0.0,walk_delay_comp
1951,39.02,1.0,0.0,0.16476881504058838,0.7983000874519348,0.14895765483379364,0.27268481254577637,0,2000,comp,0,0,42,1.0,0.0,walk_delay_comp
1952,39.04,1.0,0.0,0.16381394863128662,0.8257079124450684,0.17119179666042328,0.1703459918498993,0,2000,comp,0,0,42,1.0,0.0,walk_delay_comp
1953,39.06,1.0,0.0,0.16354882717132568,0.8494679927825928,0.19980283081531525,0.12050779908895493,0,2000,comp,0,0,42,1.0,0.0,walk_delay_comp
1954,39.08,1.0,0.0,0.16320383548736572,0.8711017966270447,0.23081085085868835,0.10700441151857376,0,2000,comp,0,0,42,1.0,0.0,walk_delay_comp
1955,39.1,1.0,0.0,0.16260862350463867,0.8848366141319275,0.2635531723499298,0.07070982456207275,0,2000,comp,0,0,42,1.0,0.0,walk_delay_comp
1956,39.12,1.0,0.0,0.16237413883209229,0.8921633362770081,0.28281357884407043,-0.012237513437867165,0,2000,comp,0,0,42,1.0,0.0,walk_delay_comp
1957,39.14,1.0,0.0,0.16249704360961914,0.8240112066268921,0.2209460437297821,0.022267162799835205,0,2000,comp,0,0,42,1.0,0.0,walk_delay_comp
1958,39.160000000000004,1.0,0.0,0.16403114795684814,0.781898558139801,0.1650431752204895,-0.08450628817081451,0,2000,comp,0,0,42,1.0,0.0,walk_delay_comp
1959,39.18,1.0,0.0,0.1665741205215454,0.7557814121246338,0.11905404180288315,-0.009890859946608543,0,2000,comp,0,0,42,1.0,0.0,walk_delay_comp
1960,39.2,1.0,0.0,0.1682072877883911,0.7298328280448914,0.08144330233335495,0.20097076892852783,0,2000,comp,0,0,42,1.0,0.0,walk_delay_comp
1961,39.22,1.0,0.0,0.16790521144866943,0.7181840538978577,0.051281169056892395,0.36294418573379517,0,2000,comp,0,0,42,1.0,0.0,walk_delay_comp
1962,39.24,1.0,0.0,0.16674566268920898,0.7136915922164917,0.023462053388357162,0.34321630001068115,0,2000,comp,0,0,42,1.0,0.0,walk_delay_comp
1963,39.26,1.0,0.0,0.1655482053756714,0.7214874029159546,-0.0014124222798272967,0.3102323114871979,0,2000,comp,0,0,42,1.0,0.0,walk_delay_comp
1964,39.28,1.0,0.0,0.16456234455108643,0.73024582862854,-0.026243621483445168,0.2525635361671448,0,2000,comp,0,0,42,1.0,0.0,walk_delay_comp
1965,39.300000000000004,1.0,0.0,0.163995623588562,0.736488401889801,-0.04898707941174507,0.1558818817138672,0,2000,comp,0,0,42,1.0,0.0,walk_delay_comp
1966,39.32,1.0,0.0,0.1641610860824585,0.7541682124137878,-0.06918160617351532,0.05978705734014511,0,2000,comp,0,0,42,1.0,0.0,walk_delay_comp
1967,39.34,1.0,0.0,0.16479253768920898,0.7684661746025085,-0.0884244292974472,0.02489469014108181,0,2000,comp,0,0,42,1.0,0.0,walk_delay_comp
1968,39.36,1.0,0.0,0.16534531116485596,0.7895799279212952,-0.10373157262802124,-0.014445171691477299,0,2000,comp,0,0,42,1.0,0.0,walk_delay_comp
1969,39.38,1.0,0.0,0.16627275943756104,0.8167600035667419,-0.11754313856363297,-0.10576790571212769,0,2000,comp,0,0,42,1.0,0.0,walk_delay_comp
1970,39.4,1.0,0.0,0.16798090934753418,0.8494808673858643,-0.13139218091964722,-0.21376387774944305,0,2000,comp,0,0,42,1.0,0.0,walk_delay_comp
1971,39.42,1.0,0.0,0.17028498649597168,0.8888912200927734,-0.14523392915725708,-0.29502391815185547,0,2000,comp,0,0,42,1.0,0.0,walk_delay_comp
1972,39.44,1.0,0.0,0.17241525650024414,0.9310123324394226,-0.16016453504562378,-0.30445924401283264,0,2000,comp,0,0,42,1.0,0.0,walk_delay_comp
1973,39.46,1.0,0.0,0.17390727996826172,0.9728009104728699,-0.1819043606519699,-0.26343289017677307,0,2000,comp,0,0,42,1.0,0.0,walk_delay_comp
1974,39.480000000000004,1.0,0.0,0.1749262809753418,1.0139451026916504,-0.21007080376148224,-0.20967477560043335,0,2000,comp,0,0,42,1.0,0.0,walk_delay_comp
1975,39.5,1.0,0.0,0.17581939697265625,1.0494946241378784,-0.24287651479244232,-0.13823124766349792,0,2000,comp,0,0,42,1.0,0.0,walk_delay_comp
1976,39.52,1.0,0.0,0.17620229721069336,1.0806723833084106,-0.2778269946575165,-0.03181533142924309,0,2000,comp,0,0,42,1.0,0.0,walk_delay_comp
1977,39.54,1.0,0.0,0.17696750164031982,1.0096746683120728,-0.24251431226730347,-0.4041527807712555,0,2000,comp,0,0,42,1.0,0.0,walk_delay_comp
1978,39.56,1.0,0.0,0.17751729488372803,0.9284175634384155,-0.16486649215221405,0.10495909303426743,0,2000,comp,0,0,42,1.0,0.0,walk_delay_comp
1979,39.58,1.0,0.0,0.1754140853881836,0.8611894845962524,-0.11859314888715744,0.020518239587545395,0,2000,comp,0,0,42,1.0,0.0,walk_delay_comp
1980,39.6,1.0,0.0,0.17450237274169922,0.8126954436302185,-0.09437688440084457,-0.2070375233888626,0,2000,comp,0,0,42,1.0,0.0,walk_delay_comp
1981,39.62,1.0,0.0,0.1751803159713745,0.772896945476532,-0.06798627227544785,-0.35038620233535767,0,2000,comp,0,0,42,1.0,0.0,walk_delay_comp
1982,39.64,1.0,0.0,0.1772167682647705,0.7455311417579651,-0.04246806353330612,-0.4385816752910614,0,2000,comp,0,0,42,1.0,0.0,walk_delay_comp
1983,39.660000000000004,1.0,0.0,0.17876911163330078,0.721316397190094,-0.013271831907331944,-0.3027629256248474,0,2000,comp,0,0,42,1.0,0.0,walk_delay_comp
1984,39.68,1.0,0.0,0.17880332469940186,0.6985613703727722,0.015042854472994804,-0.16192425787448883,0,2000,comp,0,0,42,1.0,0.0,walk_delay_comp
1985,39.7,1.0,0.0,0.1780177354812622,0.6926819086074829,0.03571261465549469,-0.03140406310558319,0,2000,comp,0,0,42,1.0,0.0,walk_delay_comp
1986,39.72,1.0,0.0,0.17593717575073242,0.681010901927948,0.055998630821704865,0.04720825329422951,0,2000,comp,0,0,42,1.0,0.0,walk_delay_comp
1987,39.74,1.0,0.0,0.17354309558868408,0.6822993159294128,0.07365675270557404,0.12532170116901398,0,2000,comp,0,0,42,1.0,0.0,walk_delay_comp
1988,39.76,1.0,0.0,0.17068588733673096,0.6922787427902222,0.08816402405500412,0.22451020777225494,0,2000,comp,0,0,42,1.0,0.0,walk_delay_comp
1989,39.78,1.0,0.0,0.1669071912765503,0.7101959586143494,0.10084614902734756,0.36223986744880676,0,2000,comp,0,0,42,1.0,0.0,walk_delay_comp
1990,39.800000000000004,1.0,0.0,0.1625347137451172,0.7308589816093445,0.11303385347127914,0.4283374845981598,0,2000,comp,0,0,42,1.0,0.0,walk_delay_comp
1991,39.82,1.0,0.0,0.15830576419830322,0.7517079710960388,0.12756022810935974,0.41927066445350647,0,2000,comp,0,0,42,1.0,0.0,walk_delay_comp
1992,39.84,1.0,0.0,0.15463757514953613,0.7752906084060669,0.14499616622924805,0.3781089186668396,0,2000,comp,0,0,42,1.0,0.0,walk_delay_comp
1993,39.86,1.0,0.0,0.1519010066986084,0.8024770617485046,0.1640068143606186,0.3011673092842102,0,2000,comp,0,0,42,1.0,0.0,walk_delay_comp
1994,39.88,1.0,0.0,0.15059161186218262,0.8307719826698303,0.1854919046163559,0.1870473176240921,0,2000,comp,0,0,42,1.0,0.0,walk_delay_comp
1995,39.9,1.0,0.0,0.1504725217819214,0.8560682535171509,0.21257413923740387,0.1038912683725357,0,2000,comp,0,0,42,1.0,0.0,walk_delay_comp
1996,39.92,1.0,0.0,0.1505753993988037,0.8771339058876038,0.24446560442447662,0.07885228097438812,0,2000,comp,0,0,42,1.0,0.0,walk_delay_comp
1997,39.94,1.0,0.0,0.1503223180770874,0.891362190246582,0.2785336673259735,0.0518520325422287,0,2000,comp,0,0,42,1.0,0.0,walk_delay_comp
1998,39.96,1.0,0.0,0.1500321626663208,0.8979556560516357,0.30484551191329956,0.03637368604540825,0,2000,comp,0,0,42,1.0,0.0,walk_delay_comp
1999,39.980000000000004,1.0,0.0,-0.6244072914123535,0.3333177864551544,0.3659699559211731,0.26277390122413635,0,2000,comp,0,0,42,1.0,0.0,walk_delay_comp
