step,time_s,vx_cmd,vy_cmd,yaw_cmd,vx_actual,vy_actual,yaw_actual,fell,episode_steps,policy,delay_steps,delay_ms,seed,lin_vel_x,lin_vel_y,task
0,0.0,1.0,0.0,-1.0261290073394775,0.20812943577766418,-0.42459630966186523,-1.0191771984100342,0,2000,history20,4,80,42,1.0,0.0,walk_history_ablation
1,0.02,1.0,0.0,-1.0118305683135986,0.20725464820861816,-0.4311988651752472,-1.385155200958252,0,2000,history20,4,80,42,1.0,0.0,walk_history_ablation
2,0.04,1.0,0.0,-1.0039669275283813,0.17937347292900085,-0.43787866830825806,-0.3515714108943939,0,2000,history20,4,80,42,1.0,0.0,walk_history_ablation
3,0.06,1.0,0.0,-1.0029298067092896,0.14356578886508942,-0.42803171277046204,-0.31012243032455444,0,2000,history20,4,80,42,1.0,0.0,walk_history_ablation
4,0.08,1.0,0.0,-1.0023236274719238,0.0896817222237587,-0.3824915885925293,-0.0775347426533699,0,2000,history20,4,80,42,1.0,0.0,walk_history_ablation
5,0.1,1.0,0.0,-1.000404715538025,-0.07386621832847595,-0.27451252937316895,0.2316872775554657,0,2000,history20,4,80,42,1.0,0.0,walk_history_ablation
6,0.12,1.0,0.0,-1.0028157234191895,-0.11729959398508072,-0.3427330255508423,0.8183037042617798,0,2000,history20,4,80,42,1.0,0.0,walk_history_ablation
7,0.14,1.0,0.0,-1.0098674297332764,-0.12777361273765564,-0.3893222510814667,0.8777944445610046,0,2000,history20,4,80,42,1.0,0.0,walk_history_ablation
8,0.16,1.0,0.0,-1.0112643241882324,-0.07063892483711243,-0.44771894812583923,-0.26338955760002136,0,2000,history20,4,80,42,1.0,0.0,walk_history_ablation
9,0.18,1.0,0.0,-1.0020368099212646,0.01960091106593609,-0.4736585021018982,-1.3330131769180298,0,2000,history20,4,80,42,1.0,0.0,walk_history_ablation
10,0.2,1.0,0.0,-0.9885736703872681,0.10700251162052155,-0.4925999939441681,-1.283534288406372,0,2000,history20,4,80,42,1.0,0.0,walk_history_ablation
11,0.22,1.0,0.0,-0.9769729375839233,0.19637274742126465,-0.5293092727661133,-0.9813674688339233,0,2000,history20,4,80,42,1.0,0.0,walk_history_ablation
12,0.24,1.0,0.0,-0.9706465005874634,0.24437539279460907,-0.5588517189025879,-0.4720899760723114,0,2000,history20,4,80,42,1.0,0.0,walk_history_ablation
13,0.26,1.0,0.0,-0.9676624536514282,0.2874967157840729,-0.6011145710945129,-0.17796476185321808,0,2000,history20,4,80,42,1.0,0.0,walk_history_ablation
14,0.28,1.0,0.0,-0.9695700407028198,0.32260414958000183,-0.6361939311027527,0.43451544642448425,0,2000,history20,4,80,42,1.0,0.0,walk_history_ablation
15,0.3,1.0,0.0,-0.9777783751487732,0.3453919589519501,-0.6652045249938965,0.9152358174324036,0,2000,history20,4,80,42,1.0,0.0,walk_history_ablation
16,0.32,1.0,0.0,-0.9840887784957886,0.3808819055557251,-0.7208389043807983,0.26895999908447266,0,2000,history20,4,80,42,1.0,0.0,walk_history_ablation
17,0.34,1.0,0.0,-0.9856106042861938,0.40248817205429077,-0.7540671229362488,-0.29427075386047363,0,2000,history20,4,80,42,1.0,0.0,walk_history_ablation
18,0.36,1.0,0.0,-0.9842478632926941,0.41563931107521057,-0.7930431365966797,-0.403484046459198,0,2000,history20,4,80,42,1.0,0.0,walk_history_ablation
19,0.38,1.0,0.0,-0.9825378060340881,0.43143758177757263,-0.8314858675003052,-0.29162707924842834,0,2000,history20,4,80,42,1.0,0.0,walk_history_ablation
20,0.4,1.0,0.0,-0.981520414352417,0.4414219260215759,-0.8790422081947327,-0.22475701570510864,0,2000,history20,4,80,42,1.0,0.0,walk_history_ablation
21,0.42,1.0,0.0,-0.9795870780944824,0.3678695559501648,-0.8117547631263733,0.11898155510425568,0,2000,history20,4,80,42,1.0,0.0,walk_history_ablation
22,0.44,1.0,0.0,-0.9857701063156128,0.3380487561225891,-0.6942207217216492,0.9106555581092834,0,2000,history20,4,80,42,1.0,0.0,walk_history_ablation
23,0.46,1.0,0.0,-0.9956954717636108,0.3088838458061218,-0.5565141439437866,1.0849486589431763,0,2000,history20,4,80,42,1.0,0.0,walk_history_ablation
24,0.48,1.0,0.0,-1.0042192935943604,0.30457329750061035,-0.45580992102622986,0.654366672039032,0,2000,history20,4,80,42,1.0,0.0,walk_history_ablation
25,0.5,1.0,0.0,-1.0067048072814941,0.3347829282283783,-0.4144456386566162,-0.16739153861999512,0,2000,history20,4,80,42,1.0,0.0,walk_history_ablation
26,0.52,1.0,0.0,-1.0008306503295898,0.3655672073364258,-0.4128968119621277,-1.2060768604278564,0,2000,history20,4,80,42,1.0,0.0,walk_history_ablation
27,0.54,1.0,0.0,-0.9912253022193909,0.37302127480506897,-0.40047675371170044,-1.3134502172470093,0,2000,history20,4,80,42,1.0,0.0,walk_history_ablation
28,0.56,1.0,0.0,-0.9826774597167969,0.3559938371181488,-0.3753318786621094,-1.054308533668518,0,2000,history20,4,80,42,1.0,0.0,walk_history_ablation
29,0.58,1.0,0.0,-0.9764127135276794,0.3326759338378906,-0.3568291962146759,-0.7035898566246033,0,2000,history20,4,80,42,1.0,0.0,walk_history_ablation
30,0.6,1.0,0.0,-0.97269207239151,0.3110354244709015,-0.34239399433135986,-0.4051763117313385,0,2000,history20,4,80,42,1.0,0.0,walk_history_ablation
31,0.62,1.0,0.0,-0.9736458659172058,0.28085559606552124,-0.32101497054100037,0.08698378503322601,0,2000,history20,4,80,42,1.0,0.0,walk_history_ablation
32,0.64,1.0,0.0,-0.978731632232666,0.2606448233127594,-0.3093441426753998,0.4356066584587097,0,2000,history20,4,80,42,1.0,0.0,walk_history_ablation
33,0.66,1.0,0.0,-0.9857437610626221,0.2574510872364044,-0.30199769139289856,0.576270341873169,0,2000,history20,4,80,42,1.0,0.0,walk_history_ablation
34,0.68,1.0,0.0,-0.9920693039894104,0.2631966471672058,-0.297059029340744,0.4732641577720642,0,2000,history20,4,80,42,1.0,0.0,walk_history_ablation
35,0.7000000000000001,1.0,0.0,-0.9967310428619385,0.26605933904647827,-0.28830835223197937,0.3023276925086975,0,2000,history20,4,80,42,1.0,0.0,walk_history_ablation
36,0.72,1.0,0.0,-0.9996708631515503,0.2697136402130127,-0.27498936653137207,0.09743573516607285,0,2000,history20,4,80,42,1.0,0.0,walk_history_ablation
37,0.74,1.0,0.0,-0.9978863000869751,0.2571280598640442,-0.2544478178024292,-0.3003571033477783,0,2000,history20,4,80,42,1.0,0.0,walk_history_ablation
38,0.76,1.0,0.0,-0.9937693476676941,0.2654387950897217,-0.23412783443927765,-0.45348596572875977,0,2000,history20,4,80,42,1.0,0.0,walk_history_ablation
39,0.78,1.0,0.0,-0.9885232448577881,0.2861795425415039,-0.21416833996772766,-0.4766768217086792,0,2000,history20,4,80,42,1.0,0.0,walk_history_ablation
40,0.8,1.0,0.0,-0.9832121133804321,0.3189370334148407,-0.19470563530921936,-0.4189906120300293,0,2000,history20,4,80,42,1.0,0.0,walk_history_ablation
41,0.8200000000000001,1.0,0.0,-0.978895366191864,0.3407630920410156,-0.1737036108970642,-0.32302147150039673,0,2000,history20,4,80,42,1.0,0.0,walk_history_ablation
42,0.84,1.0,0.0,-0.9749017357826233,0.35144078731536865,-0.1585269272327423,-0.29147011041641235,0,2000,history20,4,80,42,1.0,0.0,walk_history_ablation
43,0.86,1.0,0.0,-0.971235990524292,0.35644838213920593,-0.14224028587341309,-0.23783595860004425,0,2000,history20,4,80,42,1.0,0.0,walk_history_ablation
44,0.88,1.0,0.0,-0.9682468175888062,0.3702014982700348,-0.1273845136165619,-0.16413280367851257,0,2000,history20,4,80,42,1.0,0.0,walk_history_ablation
45,0.9,1.0,0.0,-0.9668576717376709,0.4063831567764282,-0.1137532964348793,0.023529207333922386,0,2000,history20,4,80,42,1.0,0.0,walk_history_ablation
46,0.92,1.0,0.0,-0.9677569270133972,0.4526749551296234,-0.10758566111326218,0.27957063913345337,0,2000,history20,4,80,42,1.0,0.0,walk_history_ablation
47,0.9400000000000001,1.0,0.0,-0.9673615097999573,0.4480151832103729,-0.11390221118927002,0.19791516661643982,0,2000,history20,4,80,42,1.0,0.0,walk_history_ablation
48,0.96,1.0,0.0,-0.9623368382453918,0.3725336194038391,-0.10116364806890488,-0.36222678422927856,0,2000,history20,4,80,42,1.0,0.0,walk_history_ablation
49,0.98,1.0,0.0,-0.9520458579063416,0.30528077483177185,-0.13157068192958832,-1.073919653892517,0,2000,history20,4,80,42,1.0,0.0,walk_history_ablation
50,1.0,1.0,0.0,-0.9376431107521057,0.2972997725009918,-0.1315644532442093,-1.2670233249664307,0,2000,history20,4,80,42,1.0,0.0,walk_history_ablation
51,1.02,1.0,0.0,-0.9249138832092285,0.3149518370628357,-0.12498310953378677,-0.9358426332473755,0,2000,history20,4,80,42,1.0,0.0,walk_history_ablation
52,1.04,1.0,0.0,-0.9169405698776245,0.3384014666080475,-0.1263379454612732,-0.44588351249694824,0,2000,history20,4,80,42,1.0,0.0,walk_history_ablation
53,1.06,1.0,0.0,-0.9137495160102844,0.3582107126712799,-0.13838671147823334,-0.018858453258872032,0,2000,history20,4,80,42,1.0,0.0,walk_history_ablation
54,1.08,1.0,0.0,-0.9141672253608704,0.3803173303604126,-0.15626610815525055,0.24228495359420776,0,2000,history20,4,80,42,1.0,0.0,walk_history_ablation
55,1.1,1.0,0.0,-0.9165078997612,0.3931606709957123,-0.1760406643152237,0.33821770548820496,0,2000,history20,4,80,42,1.0,0.0,walk_history_ablation
56,1.12,1.0,0.0,-0.9194955229759216,0.4079838693141937,-0.19286717474460602,0.3239927291870117,0,2000,history20,4,80,42,1.0,0.0,walk_history_ablation
57,1.1400000000000001,1.0,0.0,-0.9227594137191772,0.4156323969364166,-0.2103601098060608,0.29972195625305176,0,2000,history20,4,80,42,1.0,0.0,walk_history_ablation
58,1.16,1.0,0.0,-0.9246312379837036,0.4243742823600769,-0.2237776666879654,-0.009806972928345203,0,2000,history20,4,80,42,1.0,0.0,walk_history_ablation
59,1.18,1.0,0.0,-0.9237971305847168,0.435800701379776,-0.23644445836544037,-0.28068456053733826,0,2000,history20,4,80,42,1.0,0.0,walk_history_ablation
60,1.2,1.0,0.0,-0.9208872318267822,0.44890645146369934,-0.25054630637168884,-0.4417261481285095,0,2000,history20,4,80,42,1.0,0.0,walk_history_ablation
61,1.22,1.0,0.0,-0.9174002408981323,0.46229448914527893,-0.2661517858505249,-0.46336114406585693,0,2000,history20,4,80,42,1.0,0.0,walk_history_ablation
62,1.24,1.0,0.0,-0.9136679172515869,0.48211824893951416,-0.2885095775127411,-0.5743345022201538,0,2000,history20,4,80,42,1.0,0.0,walk_history_ablation
63,1.26,1.0,0.0,-0.9088428020477295,0.49564170837402344,-0.3151830732822418,-0.6169883608818054,0,2000,history20,4,80,42,1.0,0.0,walk_history_ablation
64,1.28,1.0,0.0,-0.9058598279953003,0.4977274239063263,-0.3340693712234497,-0.30800721049308777,0,2000,history20,4,80,42,1.0,0.0,walk_history_ablation
65,1.3,1.0,0.0,-0.9042055606842041,0.4994937777519226,-0.35434406995773315,-0.28973424434661865,0,2000,history20,4,80,42,1.0,0.0,walk_history_ablation
66,1.32,1.0,0.0,-0.9025557041168213,0.4975627660751343,-0.37575650215148926,-0.22499509155750275,0,2000,history20,4,80,42,1.0,0.0,walk_history_ablation
67,1.34,1.0,0.0,-0.9009650945663452,0.45529547333717346,-0.3653079569339752,-0.309495747089386,0,2000,history20,4,80,42,1.0,0.0,walk_history_ablation
68,1.36,1.0,0.0,-0.9009068012237549,0.42600610852241516,-0.29951468110084534,0.062262825667858124,0,2000,history20,4,80,42,1.0,0.0,walk_history_ablation
69,1.3800000000000001,1.0,0.0,-0.9024931192398071,0.4130924642086029,-0.27523884177207947,-0.04770675301551819,0,2000,history20,4,80,42,1.0,0.0,walk_history_ablation
70,1.4000000000000001,1.0,0.0,-0.9022551774978638,0.39745089411735535,-0.2542262673377991,-0.4008147418498993,0,2000,history20,4,80,42,1.0,0.0,walk_history_ablation
71,1.42,1.0,0.0,-0.8979761600494385,0.37669000029563904,-0.2319198101758957,-0.8876084089279175,0,2000,history20,4,80,42,1.0,0.0,walk_history_ablation
72,1.44,1.0,0.0,-0.8896167278289795,0.35819897055625916,-0.19632814824581146,-1.2493470907211304,0,2000,history20,4,80,42,1.0,0.0,walk_history_ablation
73,1.46,1.0,0.0,-0.879956841468811,0.3494400680065155,-0.16480977833271027,-1.1567683219909668,0,2000,history20,4,80,42,1.0,0.0,walk_history_ablation
74,1.48,1.0,0.0,-0.8717257380485535,0.3638302981853485,-0.14607147872447968,-0.8394885063171387,0,2000,history20,4,80,42,1.0,0.0,walk_history_ablation
75,1.5,1.0,0.0,-0.8667612671852112,0.3753852844238281,-0.1319158524274826,-0.4653015732765198,0,2000,history20,4,80,42,1.0,0.0,walk_history_ablation
76,1.52,1.0,0.0,-0.8639684319496155,0.38419437408447266,-0.12189541757106781,-0.22792765498161316,0,2000,history20,4,80,42,1.0,0.0,walk_history_ablation
77,1.54,1.0,0.0,-0.86375892162323,0.38138118386268616,-0.10578770935535431,0.028210360556840897,0,2000,history20,4,80,42,1.0,0.0,walk_history_ablation
78,1.56,1.0,0.0,-0.8652527332305908,0.371379017829895,-0.08574283868074417,0.18097473680973053,0,2000,history20,4,80,42,1.0,0.0,walk_history_ablation
79,1.58,1.0,0.0,-0.8678764700889587,0.3690028786659241,-0.06880075484514236,0.2954891324043274,0,2000,history20,4,80,42,1.0,0.0,walk_history_ablation
80,1.6,1.0,0.0,-0.8710894584655762,0.37441927194595337,-0.04703783988952637,0.32951217889785767,0,2000,history20,4,80,42,1.0,0.0,walk_history_ablation
81,1.62,1.0,0.0,-0.8736385703086853,0.37868839502334595,-0.02201056107878685,0.26673027873039246,0,2000,history20,4,80,42,1.0,0.0,walk_history_ablation
82,1.6400000000000001,1.0,0.0,-0.8761399984359741,0.3973621428012848,0.005644164979457855,0.29676130414009094,0,2000,history20,4,80,42,1.0,0.0,walk_history_ablation
83,1.6600000000000001,1.0,0.0,-0.8776605129241943,0.41964608430862427,0.029882855713367462,0.17097222805023193,0,2000,history20,4,80,42,1.0,0.0,walk_history_ablation
84,1.68,1.0,0.0,-0.877886176109314,0.45087775588035583,0.059478551149368286,0.011548682115972042,0,2000,history20,4,80,42,1.0,0.0,walk_history_ablation
85,1.7,1.0,0.0,-0.8759210109710693,0.4742245674133301,0.08850753307342529,-0.1740306317806244,0,2000,history20,4,80,42,1.0,0.0,walk_history_ablation
86,1.72,1.0,0.0,-0.8717018365859985,0.4835856556892395,0.11772383004426956,-0.34897223114967346,0,2000,history20,4,80,42,1.0,0.0,walk_history_ablation
87,1.74,1.0,0.0,-0.8671647310256958,0.4778614342212677,0.14939646422863007,-0.335020512342453,0,2000,history20,4,80,42,1.0,0.0,walk_history_ablation
88,1.76,1.0,0.0,-0.8638285398483276,0.47905945777893066,0.17765630781650543,-0.16137109696865082,0,2000,history20,4,80,42,1.0,0.0,walk_history_ablation
89,1.78,1.0,0.0,-0.8629306554794312,0.4919692873954773,0.19885575771331787,0.17590397596359253,0,2000,history20,4,80,42,1.0,0.0,walk_history_ablation
90,1.8,1.0,0.0,-0.8576564192771912,0.43448832631111145,0.20244967937469482,-0.27676621079444885,0,2000,history20,4,80,42,1.0,0.0,walk_history_ablation
91,1.82,1.0,0.0,-0.8521245121955872,0.34825563430786133,0.12922343611717224,-0.5814780592918396,0,2000,history20,4,80,42,1.0,0.0,walk_history_ablation
92,1.84,1.0,0.0,-0.8413021564483643,0.3267679214477539,0.09285002201795578,-0.8852729797363281,0,2000,history20,4,80,42,1.0,0.0,walk_history_ablation
93,1.86,1.0,0.0,-0.8316234946250916,0.34259283542633057,0.077138751745224,-0.6585105657577515,0,2000,history20,4,80,42,1.0,0.0,walk_history_ablation
94,1.8800000000000001,1.0,0.0,-0.8247781991958618,0.3584723174571991,0.06194309517741203,-0.4213959872722626,0,2000,history20,4,80,42,1.0,0.0,walk_history_ablation
95,1.9000000000000001,1.0,0.0,-0.8198947906494141,0.3772295415401459,0.043827515095472336,-0.30543577671051025,0,2000,history20,4,80,42,1.0,0.0,walk_history_ablation
96,1.92,1.0,0.0,-0.8167453408241272,0.39516496658325195,0.02344535104930401,-0.11326608061790466,0,2000,history20,4,80,42,1.0,0.0,walk_history_ablation
97,1.94,1.0,0.0,-0.8151273131370544,0.4179672598838806,0.0004923187661916018,-0.029622776433825493,0,2000,history20,4,80,42,1.0,0.0,walk_history_ablation
98,1.96,1.0,0.0,-0.8137815594673157,0.4366886615753174,-0.02132372371852398,-0.0649394765496254,0,2000,history20,4,80,42,1.0,0.0,walk_history_ablation
99,1.98,1.0,0.0,-0.8125989437103271,0.4569401144981384,-0.041832588613033295,-0.08257127553224564,0,2000,history20,4,80,42,1.0,0.0,walk_history_ablation
100,2.0,1.0,0.0,-0.8114399909973145,0.4807272255420685,-0.05940738692879677,-0.1584414839744568,0,2000,history20,4,80,42,1.0,0.0,walk_history_ablation
101,2.02,1.0,0.0,-0.8098117709159851,0.5008416175842285,-0.07648792117834091,-0.2345866709947586,0,2000,history20,4,80,42,1.0,0.0,walk_history_ablation
102,2.04,1.0,0.0,-0.8067657351493835,0.5228623747825623,-0.09374382346868515,-0.4046249985694885,0,2000,history20,4,80,42,1.0,0.0,walk_history_ablation
103,2.06,1.0,0.0,-0.8033725619316101,0.5453190803527832,-0.10527893900871277,-0.3944733738899231,0,2000,history20,4,80,42,1.0,0.0,walk_history_ablation
104,2.08,1.0,0.0,-0.8004571199417114,0.5733883380889893,-0.12330985069274902,-0.3793529272079468,0,2000,history20,4,80,42,1.0,0.0,walk_history_ablation
105,2.1,1.0,0.0,-0.797694981098175,0.596937894821167,-0.14375072717666626,-0.3477267026901245,0,2000,history20,4,80,42,1.0,0.0,walk_history_ablation
106,2.12,1.0,0.0,-0.7965414524078369,0.6114391684532166,-0.15926501154899597,-0.1565401703119278,0,2000,history20,4,80,42,1.0,0.0,walk_history_ablation
107,2.14,1.0,0.0,-0.7962576150894165,0.6165138483047485,-0.17501063644886017,-0.14705795049667358,0,2000,history20,4,80,42,1.0,0.0,walk_history_ablation
108,2.16,1.0,0.0,-0.7957810163497925,0.614135205745697,-0.18866214156150818,-0.18566910922527313,0,2000,history20,4,80,42,1.0,0.0,walk_history_ablation
109,2.18,1.0,0.0,-0.7928383350372314,0.5587103962898254,-0.1890985071659088,-0.4644666016101837,0,2000,history20,4,80,42,1.0,0.0,walk_history_ablation
110,2.2,1.0,0.0,-0.7907180190086365,0.5060621500015259,-0.1429375857114792,-0.1668822020292282,0,2000,history20,4,80,42,1.0,0.0,walk_history_ablation
111,2.22,1.0,0.0,-0.7909486293792725,0.4828028082847595,-0.12702925503253937,-0.019244175404310226,0,2000,history20,4,80,42,1.0,0.0,walk_history_ablation
112,2.24,1.0,0.0,-0.7912733554840088,0.4726356565952301,-0.1201455146074295,-0.24657438695430756,0,2000,history20,4,80,42,1.0,0.0,walk_history_ablation
113,2.2600000000000002,1.0,0.0,-0.7886157035827637,0.46618834137916565,-0.11249590665102005,-0.7244758605957031,0,2000,history20,4,80,42,1.0,0.0,walk_history_ablation
114,2.2800000000000002,1.0,0.0,-0.7817105054855347,0.4572627544403076,-0.09806353598833084,-1.1579920053482056,0,2000,history20,4,80,42,1.0,0.0,walk_history_ablation
115,2.3000000000000003,1.0,0.0,-0.7715569138526917,0.44955527782440186,-0.08238376677036285,-1.289829969406128,0,2000,history20,4,80,42,1.0,0.0,walk_history_ablation
116,2.32,1.0,0.0,-0.7621688842773438,0.4486170709133148,-0.06447306275367737,-1.042644739151001,0,2000,history20,4,80,42,1.0,0.0,walk_history_ablation
117,2.34,1.0,0.0,-0.7553549408912659,0.45615220069885254,-0.052309803664684296,-0.71710205078125,0,2000,history20,4,80,42,1.0,0.0,walk_history_ablation
118,2.36,1.0,0.0,-0.7499231696128845,0.46699491143226624,-0.04904486984014511,-0.5383583903312683,0,2000,history20,4,80,42,1.0,0.0,walk_history_ablation
119,2.38,1.0,0.0,-0.7473673224449158,0.46540430188179016,-0.03823427855968475,-0.18604500591754913,0,2000,history20,4,80,42,1.0,0.0,walk_history_ablation
120,2.4,1.0,0.0,-0.7477836608886719,0.4626915156841278,-0.024614492431282997,0.1121474876999855,0,2000,history20,4,80,42,1.0,0.0,walk_history_ablation
121,2.42,1.0,0.0,-0.750209391117096,0.462600976228714,-0.01243260782212019,0.2699112892150879,0,2000,history20,4,80,42,1.0,0.0,walk_history_ablation
122,2.44,1.0,0.0,-0.7538264989852905,0.472009539604187,0.004015062004327774,0.3963472247123718,0,2000,history20,4,80,42,1.0,0.0,walk_history_ablation
123,2.46,1.0,0.0,-0.7587701678276062,0.48660483956336975,0.022510534152388573,0.35772451758384705,0,2000,history20,4,80,42,1.0,0.0,walk_history_ablation
124,2.48,1.0,0.0,-0.7626498341560364,0.5030028820037842,0.04711977019906044,0.4140186309814453,0,2000,history20,4,80,42,1.0,0.0,walk_history_ablation
125,2.5,1.0,0.0,-0.7657724022865295,0.5254848003387451,0.06666850298643112,0.31334999203681946,0,2000,history20,4,80,42,1.0,0.0,walk_history_ablation
126,2.52,1.0,0.0,-0.7678024172782898,0.5626847147941589,0.0926499292254448,0.1760578155517578,0,2000,history20,4,80,42,1.0,0.0,walk_history_ablation
127,2.54,1.0,0.0,-0.7675585746765137,0.5972828269004822,0.11658337712287903,-0.0651836171746254,0,2000,history20,4,80,42,1.0,0.0,walk_history_ablation
128,2.56,1.0,0.0,-0.7646359205245972,0.6238107085227966,0.1396818906068802,-0.26071953773498535,0,2000,history20,4,80,42,1.0,0.0,walk_history_ablation
129,2.58,1.0,0.0,-0.7603671550750732,0.635450541973114,0.1646398901939392,-0.3848801553249359,0,2000,history20,4,80,42,1.0,0.0,walk_history_ablation
130,2.6,1.0,0.0,-0.7554970383644104,0.6415639519691467,0.186260387301445,-0.41307884454727173,0,2000,history20,4,80,42,1.0,0.0,walk_history_ablation
131,2.62,1.0,0.0,-0.7516722083091736,0.6570321917533875,0.20841343700885773,-0.18287451565265656,0,2000,history20,4,80,42,1.0,0.0,walk_history_ablation
132,2.64,1.0,0.0,-0.7507792711257935,0.6785166263580322,0.2122277170419693,0.23660661280155182,0,2000,history20,4,80,42,1.0,0.0,walk_history_ablation
133,2.66,1.0,0.0,-0.7441743612289429,0.5591202974319458,0.1868162453174591,-0.3148230016231537,0,2000,history20,4,80,42,1.0,0.0,walk_history_ablation
134,2.68,1.0,0.0,-0.7353039383888245,0.499614953994751,0.1417907327413559,-0.6932268142700195,0,2000,history20,4,80,42,1.0,0.0,walk_history_ablation
135,2.7,1.0,0.0,-0.7264765501022339,0.4843932092189789,0.11580159515142441,-0.555199384689331,0,2000,history20,4,80,42,1.0,0.0,walk_history_ablation
136,2.72,1.0,0.0,-0.7201119065284729,0.492606520652771,0.10219649970531464,-0.3454875648021698,0,2000,history20,4,80,42,1.0,0.0,walk_history_ablation
137,2.74,1.0,0.0,-0.715813159942627,0.5055202841758728,0.08607702702283859,-0.18918876349925995,0,2000,history20,4,80,42,1.0,0.0,walk_history_ablation
138,2.7600000000000002,1.0,0.0,-0.7134972810745239,0.5209287405014038,0.07007851451635361,-0.023306285962462425,0,2000,history20,4,80,42,1.0,0.0,walk_history_ablation
139,2.7800000000000002,1.0,0.0,-0.712553858757019,0.5403413772583008,0.0518784336745739,0.04375423491001129,0,2000,history20,4,80,42,1.0,0.0,walk_history_ablation
140,2.8000000000000003,1.0,0.0,-0.7116796970367432,0.5634786486625671,0.03209713473916054,-0.02712247520685196,0,2000,history20,4,80,42,1.0,0.0,walk_history_ablation
141,2.82,1.0,0.0,-0.710612416267395,0.5822939276695251,0.016632596030831337,-0.06308262050151825,0,2000,history20,4,80,42,1.0,0.0,walk_history_ablation
142,2.84,1.0,0.0,-0.70969158411026,0.6018819808959961,0.0012092788238078356,-0.09069617837667465,0,2000,history20,4,80,42,1.0,0.0,walk_history_ablation
143,2.86,1.0,0.0,-0.7080808281898499,0.6272323727607727,-0.013200316578149796,-0.2693902552127838,0,2000,history20,4,80,42,1.0,0.0,walk_history_ablation
144,2.88,1.0,0.0,-0.7048232555389404,0.6509524583816528,-0.02634667232632637,-0.43614357709884644,0,2000,history20,4,80,42,1.0,0.0,walk_history_ablation
145,2.9,1.0,0.0,-0.6998254656791687,0.6799496412277222,-0.038466114550828934,-0.5693699717521667,0,2000,history20,4,80,42,1.0,0.0,walk_history_ablation
146,2.92,1.0,0.0,-0.6950824856758118,0.7142856121063232,-0.046733420342206955,-0.4952212870121002,0,2000,history20,4,80,42,1.0,0.0,walk_history_ablation
147,2.94,1.0,0.0,-0.6911213994026184,0.7528162002563477,-0.06408405303955078,-0.4663882851600647,0,2000,history20,4,80,42,1.0,0.0,walk_history_ablation
148,2.96,1.0,0.0,-0.6882713437080383,0.7738460302352905,-0.08202290534973145,-0.2910040318965912,0,2000,history20,4,80,42,1.0,0.0,walk_history_ablation
149,2.98,1.0,0.0,-0.6882432699203491,0.78872150182724,-0.09541887789964676,-0.04796691983938217,0,2000,history20,4,80,42,1.0,0.0,walk_history_ablation
150,3.0,1.0,0.0,-0.6885935664176941,0.796024739742279,-0.11080954223871231,-0.12887531518936157,0,2000,history20,4,80,42,1.0,0.0,walk_history_ablation
151,3.02,1.0,0.0,-0.6873626112937927,0.7947912812232971,-0.12333901226520538,-0.29129141569137573,0,2000,history20,4,80,42,1.0,0.0,walk_history_ablation
152,3.04,1.0,0.0,-0.6825143098831177,0.7147823572158813,-0.11237437278032303,-0.6768664717674255,0,2000,history20,4,80,42,1.0,0.0,walk_history_ablation
153,3.06,1.0,0.0,-0.6778212189674377,0.6375556588172913,-0.061610542237758636,-0.37062913179397583,0,2000,history20,4,80,42,1.0,0.0,walk_history_ablation
154,3.08,1.0,0.0,-0.676400363445282,0.603952169418335,-0.04349319636821747,-0.16780130565166473,0,2000,history20,4,80,42,1.0,0.0,walk_history_ablation
155,3.1,1.0,0.0,-0.6759241223335266,0.587480366230011,-0.03986353427171707,-0.3133164644241333,0,2000,history20,4,80,42,1.0,0.0,walk_history_ablation
156,3.12,1.0,0.0,-0.6738898158073425,0.5775797367095947,-0.034962527453899384,-0.6202051043510437,0,2000,history20,4,80,42,1.0,0.0,walk_history_ablation
157,3.14,1.0,0.0,-0.6686426401138306,0.559440553188324,-0.022960010915994644,-0.9584544897079468,0,2000,history20,4,80,42,1.0,0.0,walk_history_ablation
158,3.16,1.0,0.0,-0.6613830327987671,0.5428909659385681,-0.007946182042360306,-0.9765715599060059,0,2000,history20,4,80,42,1.0,0.0,walk_history_ablation
159,3.18,1.0,0.0,-0.6553609371185303,0.5349982976913452,0.008491740562021732,-0.7351788282394409,0,2000,history20,4,80,42,1.0,0.0,walk_history_ablation
160,3.2,1.0,0.0,-0.6507231593132019,0.5403656363487244,0.017660588026046753,-0.552604079246521,0,2000,history20,4,80,42,1.0,0.0,walk_history_ablation
161,3.22,1.0,0.0,-0.6463452577590942,0.5494745969772339,0.021801097318530083,-0.46082255244255066,0,2000,history20,4,80,42,1.0,0.0,walk_history_ablation
162,3.24,1.0,0.0,-0.644320011138916,0.5439028143882751,0.03663325682282448,-0.15307044982910156,0,2000,history20,4,80,42,1.0,0.0,walk_history_ablation
163,3.2600000000000002,1.0,0.0,-0.6444405317306519,0.539367139339447,0.054519280791282654,0.056369807571172714,0,2000,history20,4,80,42,1.0,0.0,walk_history_ablation
164,3.2800000000000002,1.0,0.0,-0.6460763812065125,0.5433969497680664,0.07138368487358093,0.18988628685474396,0,2000,history20,4,80,42,1.0,0.0,walk_history_ablation
165,3.3000000000000003,1.0,0.0,-0.6487957835197449,0.5580811500549316,0.09193050116300583,0.3117147386074066,0,2000,history20,4,80,42,1.0,0.0,walk_history_ablation
166,3.3200000000000003,1.0,0.0,-0.6518543362617493,0.5698442459106445,0.11552457511425018,0.33221498131752014,0,2000,history20,4,80,42,1.0,0.0,walk_history_ablation
167,3.34,1.0,0.0,-0.6553544998168945,0.5871744155883789,0.14256630837917328,0.42250242829322815,0,2000,history20,4,80,42,1.0,0.0,walk_history_ablation
168,3.36,1.0,0.0,-0.658263087272644,0.6149515509605408,0.1657487154006958,0.31469908356666565,0,2000,history20,4,80,42,1.0,0.0,walk_history_ablation
169,3.38,1.0,0.0,-0.6597587466239929,0.6557960510253906,0.19771939516067505,0.11806175857782364,0,2000,history20,4,80,42,1.0,0.0,walk_history_ablation
170,3.4,1.0,0.0,-0.6583612561225891,0.6862739324569702,0.22738252580165863,-0.1583893597126007,0,2000,history20,4,80,42,1.0,0.0,walk_history_ablation
171,3.42,1.0,0.0,-0.6540647149085999,0.7061898112297058,0.2581248879432678,-0.3805445730686188,0,2000,history20,4,80,42,1.0,0.0,walk_history_ablation
172,3.44,1.0,0.0,-0.6492264270782471,0.7134203910827637,0.29198965430259705,-0.3915953040122986,0,2000,history20,4,80,42,1.0,0.0,walk_history_ablation
173,3.46,1.0,0.0,-0.6453490257263184,0.7249404191970825,0.3235378563404083,-0.25784215331077576,0,2000,history20,4,80,42,1.0,0.0,walk_history_ablation
174,3.48,1.0,0.0,-0.643724799156189,0.7472432255744934,0.3509984314441681,0.12342865020036697,0,2000,history20,4,80,42,1.0,0.0,walk_history_ablation
175,3.5,1.0,0.0,-0.6409469842910767,0.7048543095588684,0.3514820635318756,-0.070622019469738,0,2000,history20,4,80,42,1.0,0.0,walk_history_ablation
176,3.52,1.0,0.0,-0.6365817785263062,0.5711826086044312,0.2547345757484436,-0.4539124369621277,0,2000,history20,4,80,42,1.0,0.0,walk_history_ablation
177,3.54,1.0,0.0,-0.628656268119812,0.5435606241226196,0.20954570174217224,-0.5512585639953613,0,2000,history20,4,80,42,1.0,0.0,walk_history_ablation
178,3.56,1.0,0.0,-0.622006893157959,0.5436874628067017,0.18891888856887817,-0.3679974377155304,0,2000,history20,4,80,42,1.0,0.0,walk_history_ablation
179,3.58,1.0,0.0,-0.6173328161239624,0.5499184727668762,0.16895543038845062,-0.22260668873786926,0,2000,history20,4,80,42,1.0,0.0,walk_history_ablation
180,3.6,1.0,0.0,-0.6131874918937683,0.5591587424278259,0.1457851231098175,-0.24717293679714203,0,2000,history20,4,80,42,1.0,0.0,walk_history_ablation
181,3.62,1.0,0.0,-0.6100893616676331,0.5759940147399902,0.12954747676849365,-0.11711157858371735,0,2000,history20,4,80,42,1.0,0.0,walk_history_ablation
182,3.64,1.0,0.0,-0.608550488948822,0.5952486395835876,0.11139710992574692,-0.005911101587116718,0,2000,history20,4,80,42,1.0,0.0,walk_history_ablation
183,3.66,1.0,0.0,-0.6072198152542114,0.6136458516120911,0.09325496107339859,-0.07309551537036896,0,2000,history20,4,80,42,1.0,0.0,walk_history_ablation
184,3.68,1.0,0.0,-0.6058836579322815,0.6292991042137146,0.0783010721206665,-0.0932277962565422,0,2000,history20,4,80,42,1.0,0.0,walk_history_ablation
185,3.7,1.0,0.0,-0.6044713854789734,0.6570509076118469,0.06685923039913177,-0.20074430108070374,0,2000,history20,4,80,42,1.0,0.0,walk_history_ablation
186,3.72,1.0,0.0,-0.6022552847862244,0.6835233569145203,0.054653350263834,-0.3090570271015167,0,2000,history20,4,80,42,1.0,0.0,walk_history_ablation
187,3.74,1.0,0.0,-0.5980054140090942,0.7078126668930054,0.04074489697813988,-0.526099681854248,0,2000,history20,4,80,42,1.0,0.0,walk_history_ablation
188,3.7600000000000002,1.0,0.0,-0.5926204919815063,0.736373782157898,0.0337943471968174,-0.5771255493164062,0,2000,history20,4,80,42,1.0,0.0,walk_history_ablation
189,3.7800000000000002,1.0,0.0,-0.5877211689949036,0.7705742716789246,0.024215176701545715,-0.5372438430786133,0,2000,history20,4,80,42,1.0,0.0,walk_history_ablation
190,3.8000000000000003,1.0,0.0,-0.5838574171066284,0.8017624020576477,0.009590845555067062,-0.42216479778289795,0,2000,history20,4,80,42,1.0,0.0,walk_history_ablation
191,3.8200000000000003,1.0,0.0,-0.58205246925354,0.8232827186584473,-0.004557452164590359,-0.20946474373340607,0,2000,history20,4,80,42,1.0,0.0,walk_history_ablation
192,3.84,1.0,0.0,-0.581515908241272,0.8328085541725159,-0.017669668421149254,-0.16167102754116058,0,2000,history20,4,80,42,1.0,0.0,walk_history_ablation
193,3.86,1.0,0.0,-0.5805245637893677,0.8340369462966919,-0.031510818749666214,-0.2371281236410141,0,2000,history20,4,80,42,1.0,0.0,walk_history_ablation
194,3.88,1.0,0.0,-0.5780218839645386,0.8317160606384277,-0.03876461833715439,-0.3478984236717224,0,2000,history20,4,80,42,1.0,0.0,walk_history_ablation
195,3.9,1.0,0.0,-0.5736305713653564,0.7563201785087585,-0.017163686454296112,-0.3616434931755066,0,2000,history20,4,80,42,1.0,0.0,walk_history_ablation
196,3.92,1.0,0.0,-0.570183515548706,0.6837313175201416,0.026809319853782654,-0.25402650237083435,0,2000,history20,4,80,42,1.0,0.0,walk_history_ablation
197,3.94,1.0,0.0,-0.569385290145874,0.6637470722198486,0.03962739557027817,-0.19472543895244598,0,2000,history20,4,80,42,1.0,0.0,walk_history_ablation
198,3.96,1.0,0.0,-0.5686999559402466,0.6558184623718262,0.03759206086397171,-0.41918104887008667,0,2000,history20,4,80,42,1.0,0.0,walk_history_ablation
199,3.98,1.0,0.0,-0.5652505159378052,0.6476176977157593,0.04579028859734535,-0.8247445225715637,0,2000,history20,4,80,42,1.0,0.0,walk_history_ablation
200,4.0,1.0,0.0,-0.5583449602127075,0.6358519792556763,0.060763318091630936,-1.0926203727722168,0,2000,history20,4,80,42,1.0,0.0,walk_history_ablation
201,4.0200000000000005,1.0,0.0,-0.5498291254043579,0.6253603100776672,0.07665465772151947,-1.0788570642471313,0,2000,history20,4,80,42,1.0,0.0,walk_history_ablation
202,4.04,1.0,0.0,-0.5426651239395142,0.6242801547050476,0.09271049499511719,-0.7839176058769226,0,2000,history20,4,80,42,1.0,0.0,walk_history_ablation
203,4.0600000000000005,1.0,0.0,-0.5377985239028931,0.6309153437614441,0.10029277205467224,-0.5022190809249878,0,2000,history20,4,80,42,1.0,0.0,walk_history_ablation
204,4.08,1.0,0.0,-0.5346695184707642,0.6408599019050598,0.10559980571269989,-0.27266713976860046,0,2000,history20,4,80,42,1.0,0.0,walk_history_ablation
205,4.1,1.0,0.0,-0.5345836877822876,0.6384341716766357,0.1198347732424736,0.05809275805950165,0,2000,history20,4,80,42,1.0,0.0,walk_history_ablation
206,4.12,1.0,0.0,-0.5368162393569946,0.6403868198394775,0.13645312190055847,0.2798243761062622,0,2000,history20,4,80,42,1.0,0.0,walk_history_ablation
207,4.14,1.0,0.0,-0.5407328605651855,0.6505174040794373,0.15284685790538788,0.40963587164878845,0,2000,history20,4,80,42,1.0,0.0,walk_history_ablation
208,4.16,1.0,0.0,-0.544769287109375,0.6679522395133972,0.17300555109977722,0.3564992845058441,0,2000,history20,4,80,42,1.0,0.0,walk_history_ablation
209,4.18,1.0,0.0,-0.5487486124038696,0.6898158192634583,0.19828304648399353,0.46370595693588257,0,2000,history20,4,80,42,1.0,0.0,walk_history_ablation
210,4.2,1.0,0.0,-0.5523421764373779,0.721591591835022,0.22459763288497925,0.38752248883247375,0,2000,history20,4,80,42,1.0,0.0,walk_history_ablation
211,4.22,1.0,0.0,-0.5545225143432617,0.7580809593200684,0.25284719467163086,0.21386200189590454,0,2000,history20,4,80,42,1.0,0.0,walk_history_ablation
212,4.24,1.0,0.0,-0.5541847944259644,0.8005314469337463,0.2859480381011963,-0.08370411396026611,0,2000,history20,4,80,42,1.0,0.0,walk_history_ablation
213,4.26,1.0,0.0,-0.5509845018386841,0.8293986320495605,0.3201882839202881,-0.3228956460952759,0,2000,history20,4,80,42,1.0,0.0,walk_history_ablation
214,4.28,1.0,0.0,-0.545819878578186,0.8479265570640564,0.35517099499702454,-0.4381462633609772,0,2000,history20,4,80,42,1.0,0.0,walk_history_ablation
215,4.3,1.0,0.0,-0.5412832498550415,0.8592362999916077,0.39139556884765625,-0.2908083498477936,0,2000,history20,4,80,42,1.0,0.0,walk_history_ablation
216,4.32,1.0,0.0,-0.539908766746521,0.8780547380447388,0.4250086545944214,0.08950307965278625,0,2000,history20,4,80,42,1.0,0.0,walk_history_ablation
217,4.34,1.0,0.0,-0.5419796705245972,0.8186172842979431,0.40050891041755676,0.9583336710929871,0,2000,history20,4,80,42,1.0,0.0,walk_history_ablation
218,4.36,1.0,0.0,-0.5389112234115601,0.6816920042037964,0.3044414520263672,-0.4811997413635254,0,2000,history20,4,80,42,1.0,0.0,walk_history_ablation
219,4.38,1.0,0.0,-0.5294582843780518,0.6311180591583252,0.24340559542179108,-0.6941186785697937,0,2000,history20,4,80,42,1.0,0.0,walk_history_ablation
220,4.4,1.0,0.0,-0.5211725234985352,0.6249269843101501,0.2186734527349472,-0.4803818464279175,0,2000,history20,4,80,42,1.0,0.0,walk_history_ablation
221,4.42,1.0,0.0,-0.5161913633346558,0.6312732696533203,0.20818783342838287,-0.19375690817832947,0,2000,history20,4,80,42,1.0,0.0,walk_history_ablation
222,4.44,1.0,0.0,-0.5135279893875122,0.6302567720413208,0.18970496952533722,-0.038286592811346054,0,2000,history20,4,80,42,1.0,0.0,walk_history_ablation
223,4.46,1.0,0.0,-0.5100394487380981,0.6258127689361572,0.1616634577512741,-0.24260170757770538,0,2000,history20,4,80,42,1.0,0.0,walk_history_ablation
224,4.48,1.0,0.0,-0.5068086385726929,0.6376870274543762,0.14456060528755188,-0.17090998589992523,0,2000,history20,4,80,42,1.0,0.0,walk_history_ablation
225,4.5,1.0,0.0,-0.5039855241775513,0.6505469679832458,0.13139428198337555,-0.183478444814682,0,2000,history20,4,80,42,1.0,0.0,walk_history_ablation
226,4.5200000000000005,1.0,0.0,-0.5014811754226685,0.6605605483055115,0.11791428923606873,-0.18748332560062408,0,2000,history20,4,80,42,1.0,0.0,walk_history_ablation
227,4.54,1.0,0.0,-0.4989354610443115,0.6778056621551514,0.10818791389465332,-0.26058846712112427,0,2000,history20,4,80,42,1.0,0.0,walk_history_ablation
228,4.5600000000000005,1.0,0.0,-0.496120810508728,0.7013858556747437,0.09963408857584,-0.30146241188049316,0,2000,history20,4,80,42,1.0,0.0,walk_history_ablation
229,4.58,1.0,0.0,-0.4933837652206421,0.729193389415741,0.09333532303571701,-0.31044137477874756,0,2000,history20,4,80,42,1.0,0.0,walk_history_ablation
230,4.6000000000000005,1.0,0.0,-0.48980891704559326,0.7620135545730591,0.0814550369977951,-0.41981348395347595,0,2000,history20,4,80,42,1.0,0.0,walk_history_ablation
231,4.62,1.0,0.0,-0.48642027378082275,0.8021513819694519,0.07349683344364166,-0.38961300253868103,0,2000,history20,4,80,42,1.0,0.0,walk_history_ablation
232,4.64,1.0,0.0,-0.483670711517334,0.8418991565704346,0.06027332320809364,-0.3196253478527069,0,2000,history20,4,80,42,1.0,0.0,walk_history_ablation
233,4.66,1.0,0.0,-0.48326098918914795,0.872168242931366,0.04590034484863281,-0.06110827997326851,0,2000,history20,4,80,42,1.0,0.0,walk_history_ablation
234,4.68,1.0,0.0,-0.48414766788482666,0.8943505883216858,0.02973741665482521,-0.050997454673051834,0,2000,history20,4,80,42,1.0,0.0,walk_history_ablation
235,4.7,1.0,0.0,-0.48406147956848145,0.896202027797699,0.016684463247656822,-0.1602669209241867,0,2000,history20,4,80,42,1.0,0.0,walk_history_ablation
236,4.72,1.0,0.0,-0.4826163053512573,0.8976303935050964,0.005017104092985392,-0.3046627342700958,0,2000,history20,4,80,42,1.0,0.0,walk_history_ablation
237,4.74,1.0,0.0,-0.47834527492523193,0.8435118794441223,0.0026085483841598034,-0.9176502823829651,0,2000,history20,4,80,42,1.0,0.0,walk_history_ablation
238,4.76,1.0,0.0,-0.4713616371154785,0.7469868063926697,0.0449097715318203,-0.6985371708869934,0,2000,history20,4,80,42,1.0,0.0,walk_history_ablation
239,4.78,1.0,0.0,-0.46803200244903564,0.6993591785430908,0.06423000246286392,-0.20797686278820038,0,2000,history20,4,80,42,1.0,0.0,walk_history_ablation
240,4.8,1.0,0.0,-0.46890294551849365,0.6710823178291321,0.0672106146812439,-0.04036232829093933,0,2000,history20,4,80,42,1.0,0.0,walk_history_ablation
241,4.82,1.0,0.0,-0.47026586532592773,0.6535424590110779,0.06323087215423584,-0.27259230613708496,0,2000,history20,4,80,42,1.0,0.0,walk_history_ablation
242,4.84,1.0,0.0,-0.4682241678237915,0.6347925066947937,0.06849097460508347,-0.7276092171669006,0,2000,history20,4,80,42,1.0,0.0,walk_history_ablation
243,4.86,1.0,0.0,-0.46270692348480225,0.6142980456352234,0.07714173942804337,-0.9200294613838196,0,2000,history20,4,80,42,1.0,0.0,walk_history_ablation
244,4.88,1.0,0.0,-0.4556792974472046,0.6111096143722534,0.09027878195047379,-0.8678324222564697,0,2000,history20,4,80,42,1.0,0.0,walk_history_ablation
245,4.9,1.0,0.0,-0.4509296417236328,0.6050708889961243,0.1036679744720459,-0.5129599571228027,0,2000,history20,4,80,42,1.0,0.0,walk_history_ablation
246,4.92,1.0,0.0,-0.4473140239715576,0.613572359085083,0.10792908817529678,-0.38676100969314575,0,2000,history20,4,80,42,1.0,0.0,walk_history_ablation
247,4.94,1.0,0.0,-0.44556117057800293,0.6022558808326721,0.11967069655656815,-0.15991581976413727,0,2000,history20,4,80,42,1.0,0.0,walk_history_ablation
248,4.96,1.0,0.0,-0.4451988935470581,0.5935952663421631,0.13929565250873566,-0.007015396375209093,0,2000,history20,4,80,42,1.0,0.0,walk_history_ablation
249,4.98,1.0,0.0,-0.4465395212173462,0.5929405093193054,0.15908482670783997,0.17884600162506104,0,2000,history20,4,80,42,1.0,0.0,walk_history_ablation
250,5.0,1.0,0.0,-0.44878482818603516,0.6101058721542358,0.17907273769378662,0.2511429488658905,0,2000,history20,4,80,42,1.0,0.0,walk_history_ablation
251,5.0200000000000005,1.0,0.0,-0.4522775411605835,0.6319476366043091,0.19986695051193237,0.3147293031215668,0,2000,history20,4,80,42,1.0,0.0,walk_history_ablation
252,5.04,1.0,0.0,-0.45602738857269287,0.6546714901924133,0.23065684735774994,0.47569844126701355,0,2000,history20,4,80,42,1.0,0.0,walk_history_ablation
253,5.0600000000000005,1.0,0.0,-0.4588834047317505,0.676318347454071,0.25781193375587463,0.26938411593437195,0,2000,history20,4,80,42,1.0,0.0,walk_history_ablation
254,5.08,1.0,0.0,-0.45897650718688965,0.714123547077179,0.29028770327568054,-0.050357624888420105,0,2000,history20,4,80,42,1.0,0.0,walk_history_ablation
255,5.1000000000000005,1.0,0.0,-0.45650506019592285,0.7391110062599182,0.32893839478492737,-0.2262071967124939,0,2000,history20,4,80,42,1.0,0.0,walk_history_ablation
256,5.12,1.0,0.0,-0.45175278186798096,0.7588690519332886,0.3628021478652954,-0.38443589210510254,0,2000,history20,4,80,42,1.0,0.0,walk_history_ablation
257,5.14,1.0,0.0,-0.4479128122329712,0.7707985043525696,0.4037282466888428,-0.19854925572872162,0,2000,history20,4,80,42,1.0,0.0,walk_history_ablation
258,5.16,1.0,0.0,-0.4466179609298706,0.7727460861206055,0.4381530284881592,0.019710063934326172,0,2000,history20,4,80,42,1.0,0.0,walk_history_ablation
259,5.18,1.0,0.0,-0.44781577587127686,0.7945624589920044,0.4670047461986542,0.3587449789047241,0,2000,history20,4,80,42,1.0,0.0,walk_history_ablation
260,5.2,1.0,0.0,-0.4463158845901489,0.6599370837211609,0.4056054949760437,0.5022842288017273,0,2000,history20,4,80,42,1.0,0.0,walk_history_ablation
261,5.22,1.0,0.0,-0.44117939472198486,0.5860012769699097,0.3139747381210327,-0.5089360475540161,0,2000,history20,4,80,42,1.0,0.0,walk_history_ablation
262,5.24,1.0,0.0,-0.4333181381225586,0.5717648267745972,0.26239997148513794,-0.5293523669242859,0,2000,history20,4,80,42,1.0,0.0,walk_history_ablation
263,5.26,1.0,0.0,-0.42770302295684814,0.5790648460388184,0.2449052333831787,-0.24395504593849182,0,2000,history20,4,80,42,1.0,0.0,walk_history_ablation
264,5.28,1.0,0.0,-0.42439913749694824,0.5802897810935974,0.22354498505592346,-0.08814437687397003,0,2000,history20,4,80,42,1.0,0.0,walk_history_ablation
265,5.3,1.0,0.0,-0.42166459560394287,0.5755707621574402,0.20025596022605896,-0.10543926805257797,0,2000,history20,4,80,42,1.0,0.0,walk_history_ablation
266,5.32,1.0,0.0,-0.4192500114440918,0.5774464011192322,0.17847976088523865,-0.0839439406991005,0,2000,history20,4,80,42,1.0,0.0,walk_history_ablation
267,5.34,1.0,0.0,-0.4175577163696289,0.5927168130874634,0.16009467840194702,-0.05981287732720375,0,2000,history20,4,80,42,1.0,0.0,walk_history_ablation
268,5.36,1.0,0.0,-0.41627562046051025,0.6030257940292358,0.14547057449817657,-0.05939111113548279,0,2000,history20,4,80,42,1.0,0.0,walk_history_ablation
269,5.38,1.0,0.0,-0.4145861864089966,0.6150744557380676,0.1282360851764679,-0.15210531651973724,0,2000,history20,4,80,42,1.0,0.0,walk_history_ablation
270,5.4,1.0,0.0,-0.4126673936843872,0.6433061957359314,0.11899878084659576,-0.22670093178749084,0,2000,history20,4,80,42,1.0,0.0,walk_history_ablation
271,5.42,1.0,0.0,-0.41014254093170166,0.6673233509063721,0.11001893132925034,-0.30386048555374146,0,2000,history20,4,80,42,1.0,0.0,walk_history_ablation
272,5.44,1.0,0.0,-0.4066290855407715,0.6905084252357483,0.09943241626024246,-0.40852367877960205,0,2000,history20,4,80,42,1.0,0.0,walk_history_ablation
273,5.46,1.0,0.0,-0.402571439743042,0.7218247652053833,0.09134227782487869,-0.4426618814468384,0,2000,history20,4,80,42,1.0,0.0,walk_history_ablation
274,5.48,1.0,0.0,-0.3989630937576294,0.7591780424118042,0.0816582590341568,-0.43368852138519287,0,2000,history20,4,80,42,1.0,0.0,walk_history_ablation
275,5.5,1.0,0.0,-0.3964020013809204,0.7885009050369263,0.07011302560567856,-0.26202577352523804,0,2000,history20,4,80,42,1.0,0.0,walk_history_ablation
276,5.5200000000000005,1.0,0.0,-0.3963935375213623,0.8151461482048035,0.058679573237895966,-0.06499375402927399,0,2000,history20,4,80,42,1.0,0.0,walk_history_ablation
277,5.54,1.0,0.0,-0.3965674638748169,0.8218210935592651,0.0471394807100296,-0.09036125242710114,0,2000,history20,4,80,42,1.0,0.0,walk_history_ablation
278,5.5600000000000005,1.0,0.0,-0.39620351791381836,0.8309454917907715,0.03340684995055199,-0.22380539774894714,0,2000,history20,4,80,42,1.0,0.0,walk_history_ablation
279,5.58,1.0,0.0,-0.3938685655593872,0.8310465812683105,0.02571157179772854,-0.32521694898605347,0,2000,history20,4,80,42,1.0,0.0,walk_history_ablation
280,5.6000000000000005,1.0,0.0,-0.3900768756866455,0.7634344696998596,0.023245040327310562,-0.5360606908798218,0,2000,history20,4,80,42,1.0,0.0,walk_history_ablation
281,5.62,1.0,0.0,-0.3868600130081177,0.7045882344245911,0.05843183398246765,-0.24491235613822937,0,2000,history20,4,80,42,1.0,0.0,walk_history_ablation
282,5.64,1.0,0.0,-0.38674771785736084,0.6683926582336426,0.07026418298482895,-0.0429389625787735,0,2000,history20,4,80,42,1.0,0.0,walk_history_ablation
283,5.66,1.0,0.0,-0.3886873722076416,0.6438151597976685,0.06965004652738571,-0.08039866387844086,0,2000,history20,4,80,42,1.0,0.0,walk_history_ablation
284,5.68,1.0,0.0,-0.38870561122894287,0.6270139813423157,0.06859530508518219,-0.4909352660179138,0,2000,history20,4,80,42,1.0,0.0,walk_history_ablation
285,5.7,1.0,0.0,-0.3848233222961426,0.6064310073852539,0.07462143152952194,-0.8886587619781494,0,2000,history20,4,80,42,1.0,0.0,walk_history_ablation
286,5.72,1.0,0.0,-0.377485990524292,0.5939359664916992,0.08680891990661621,-1.0464249849319458,0,2000,history20,4,80,42,1.0,0.0,walk_history_ablation
287,5.74,1.0,0.0,-0.36990034580230713,0.596588671207428,0.10073600709438324,-0.8598575592041016,0,2000,history20,4,80,42,1.0,0.0,walk_history_ablation
288,5.76,1.0,0.0,-0.3646583557128906,0.6038906574249268,0.1100705936551094,-0.5305234789848328,0,2000,history20,4,80,42,1.0,0.0,walk_history_ablation
289,5.78,1.0,0.0,-0.36125171184539795,0.6120014786720276,0.1164812371134758,-0.3123166263103485,0,2000,history20,4,80,42,1.0,0.0,walk_history_ablation
290,5.8,1.0,0.0,-0.3605715036392212,0.6077974438667297,0.12997305393218994,-0.01357099786400795,0,2000,history20,4,80,42,1.0,0.0,walk_history_ablation
291,5.82,1.0,0.0,-0.3618048429489136,0.6037256717681885,0.14852403104305267,0.16041293740272522,0,2000,history20,4,80,42,1.0,0.0,walk_history_ablation
292,5.84,1.0,0.0,-0.3643662929534912,0.6077937483787537,0.16681575775146484,0.2834835350513458,0,2000,history20,4,80,42,1.0,0.0,walk_history_ablation
293,5.86,1.0,0.0,-0.36780011653900146,0.6309784054756165,0.18623270094394684,0.3766952157020569,0,2000,history20,4,80,42,1.0,0.0,walk_history_ablation
294,5.88,1.0,0.0,-0.3708782196044922,0.6446890830993652,0.21261195838451385,0.3991518020629883,0,2000,history20,4,80,42,1.0,0.0,walk_history_ablation
295,5.9,1.0,0.0,-0.3744032382965088,0.6733293533325195,0.24142882227897644,0.41695094108581543,0,2000,history20,4,80,42,1.0,0.0,walk_history_ablation
296,5.92,1.0,0.0,-0.3766218423843384,0.703059196472168,0.2701174020767212,0.19907121360301971,0,2000,history20,4,80,42,1.0,0.0,walk_history_ablation
297,5.94,1.0,0.0,-0.37614893913269043,0.7391298413276672,0.3035562038421631,-0.09630633890628815,0,2000,history20,4,80,42,1.0,0.0,walk_history_ablation
298,5.96,1.0,0.0,-0.37323951721191406,0.7670567035675049,0.3392782509326935,-0.25912752747535706,0,2000,history20,4,80,42,1.0,0.0,walk_history_ablation
299,5.98,1.0,0.0,-0.369004487991333,0.7841007709503174,0.37442827224731445,-0.3186928927898407,0,2000,history20,4,80,42,1.0,0.0,walk_history_ablation
300,6.0,1.0,0.0,-0.36598503589630127,0.7939577698707581,0.4101443886756897,-0.12433766573667526,0,2000,history20,4,80,42,1.0,0.0,walk_history_ablation
301,6.0200000000000005,1.0,0.0,-0.36620545387268066,0.8067753911018372,0.4434356093406677,0.2570369243621826,0,2000,history20,4,80,42,1.0,0.0,walk_history_ablation
302,6.04,1.0,0.0,-0.3691680431365967,0.8058795928955078,0.4568258821964264,0.5132342576980591,0,2000,history20,4,80,42,1.0,0.0,walk_history_ablation
303,6.0600000000000005,1.0,0.0,-0.3675374984741211,0.6429646611213684,0.353579044342041,-0.21879500150680542,0,2000,history20,4,80,42,1.0,0.0,walk_history_ablation
304,6.08,1.0,0.0,-0.36004531383514404,0.5940237045288086,0.28404363989830017,-0.5715003609657288,0,2000,history20,4,80,42,1.0,0.0,walk_history_ablation
305,6.1000000000000005,1.0,0.0,-0.35275936126708984,0.5921875238418579,0.25310271978378296,-0.4415651559829712,0,2000,history20,4,80,42,1.0,0.0,walk_history_ablation
306,6.12,1.0,0.0,-0.3480888605117798,0.6009851098060608,0.24055244028568268,-0.18302321434020996,0,2000,history20,4,80,42,1.0,0.0,walk_history_ablation
307,6.140000000000001,1.0,0.0,-0.34487593173980713,0.6008610129356384,0.2173827439546585,-0.11236394196748734,0,2000,history20,4,80,42,1.0,0.0,walk_history_ablation
308,6.16,1.0,0.0,-0.3416084051132202,0.5992984175682068,0.19456349313259125,-0.17902979254722595,0,2000,history20,4,80,42,1.0,0.0,walk_history_ablation
309,6.18,1.0,0.0,-0.3391224145889282,0.6054413318634033,0.17674832046031952,-0.0811215490102768,0,2000,history20,4,80,42,1.0,0.0,walk_history_ablation
310,6.2,1.0,0.0,-0.337041974067688,0.6207281351089478,0.159785196185112,-0.12186887860298157,0,2000,history20,4,80,42,1.0,0.0,walk_history_ablation
311,6.22,1.0,0.0,-0.33521294593811035,0.6338622570037842,0.14716045558452606,-0.12335538864135742,0,2000,history20,4,80,42,1.0,0.0,walk_history_ablation
312,6.24,1.0,0.0,-0.3333061933517456,0.6513521075248718,0.13425831496715546,-0.1853867620229721,0,2000,history20,4,80,42,1.0,0.0,walk_history_ablation
313,6.26,1.0,0.0,-0.3312894105911255,0.6817075610160828,0.125351682305336,-0.24582648277282715,0,2000,history20,4,80,42,1.0,0.0,walk_history_ablation
314,6.28,1.0,0.0,-0.3289147615432739,0.7069650888442993,0.11581163108348846,-0.29426997900009155,0,2000,history20,4,80,42,1.0,0.0,walk_history_ablation
315,6.3,1.0,0.0,-0.32533156871795654,0.7362241744995117,0.1032518744468689,-0.4269558787345886,0,2000,history20,4,80,42,1.0,0.0,walk_history_ablation
316,6.32,1.0,0.0,-0.3216944932937622,0.7731631994247437,0.09582087397575378,-0.3910157084465027,0,2000,history20,4,80,42,1.0,0.0,walk_history_ablation
317,6.34,1.0,0.0,-0.3189011812210083,0.8109452724456787,0.08406990021467209,-0.3299713432788849,0,2000,history20,4,80,42,1.0,0.0,walk_history_ablation
318,6.36,1.0,0.0,-0.3177056312561035,0.8377526998519897,0.0719718337059021,-0.12622778117656708,0,2000,history20,4,80,42,1.0,0.0,walk_history_ablation
319,6.38,1.0,0.0,-0.3183845281600952,0.8604198694229126,0.060268718749284744,-0.033593226224184036,0,2000,history20,4,80,42,1.0,0.0,walk_history_ablation
320,6.4,1.0,0.0,-0.3187373876571655,0.8641965985298157,0.04879079759120941,-0.09683211147785187,0,2000,history20,4,80,42,1.0,0.0,walk_history_ablation
321,6.42,1.0,0.0,-0.31779026985168457,0.8712156414985657,0.037131115794181824,-0.2817116975784302,0,2000,history20,4,80,42,1.0,0.0,walk_history_ablation
322,6.44,1.0,0.0,-0.31446993350982666,0.8241807818412781,0.02970370464026928,-0.7624725699424744,0,2000,history20,4,80,42,1.0,0.0,walk_history_ablation
323,6.46,1.0,0.0,-0.3101693391799927,0.750767171382904,0.06162623316049576,-0.45909440517425537,0,2000,history20,4,80,42,1.0,0.0,walk_history_ablation
324,6.48,1.0,0.0,-0.30831360816955566,0.6992669701576233,0.07854282855987549,-0.0976674035191536,0,2000,history20,4,80,42,1.0,0.0,walk_history_ablation
325,6.5,1.0,0.0,-0.3092857599258423,0.6725701093673706,0.07903093844652176,-0.08763165771961212,0,2000,history20,4,80,42,1.0,0.0,walk_history_ablation
326,6.5200000000000005,1.0,0.0,-0.3096449375152588,0.6532567739486694,0.07774940133094788,-0.4110298156738281,0,2000,history20,4,80,42,1.0,0.0,walk_history_ablation
327,6.54,1.0,0.0,-0.30633437633514404,0.6375436186790466,0.08273544162511826,-0.8388755917549133,0,2000,history20,4,80,42,1.0,0.0,walk_history_ablation
328,6.5600000000000005,1.0,0.0,-0.29968416690826416,0.6195237636566162,0.0926792100071907,-1.032794713973999,0,2000,history20,4,80,42,1.0,0.0,walk_history_ablation
329,6.58,1.0,0.0,-0.2917255163192749,0.6185774207115173,0.10641897469758987,-0.9476432204246521,0,2000,history20,4,80,42,1.0,0.0,walk_history_ablation
330,6.6000000000000005,1.0,0.0,-0.2862679958343506,0.6195617914199829,0.11656494438648224,-0.5451480746269226,0,2000,history20,4,80,42,1.0,0.0,walk_history_ablation
331,6.62,1.0,0.0,-0.28270113468170166,0.6321142315864563,0.1198539286851883,-0.34178441762924194,0,2000,history20,4,80,42,1.0,0.0,walk_history_ablation
332,6.640000000000001,1.0,0.0,-0.28176283836364746,0.6277535557746887,0.13032913208007812,-0.04609723389148712,0,2000,history20,4,80,42,1.0,0.0,walk_history_ablation
333,6.66,1.0,0.0,-0.2827746868133545,0.624119758605957,0.14775358140468597,0.1402563750743866,0,2000,history20,4,80,42,1.0,0.0,walk_history_ablation
334,6.68,1.0,0.0,-0.28542935848236084,0.6263154149055481,0.16566869616508484,0.29922547936439514,0,2000,history20,4,80,42,1.0,0.0,walk_history_ablation
335,6.7,1.0,0.0,-0.28891313076019287,0.6419996023178101,0.18658871948719025,0.36205166578292847,0,2000,history20,4,80,42,1.0,0.0,walk_history_ablation
336,6.72,1.0,0.0,-0.2929081916809082,0.6640496253967285,0.20672844350337982,0.3686158061027527,0,2000,history20,4,80,42,1.0,0.0,walk_history_ablation
337,6.74,1.0,0.0,-0.296855092048645,0.6895363926887512,0.23773746192455292,0.46208351850509644,0,2000,history20,4,80,42,1.0,0.0,walk_history_ablation
338,6.76,1.0,0.0,-0.2996535301208496,0.7169055938720703,0.26500168442726135,0.2675766944885254,0,2000,history20,4,80,42,1.0,0.0,walk_history_ablation
339,6.78,1.0,0.0,-0.30002105236053467,0.754625678062439,0.29826027154922485,-0.018298834562301636,0,2000,history20,4,80,42,1.0,0.0,walk_history_ablation
340,6.8,1.0,0.0,-0.297926664352417,0.7805492281913757,0.336341917514801,-0.19849875569343567,0,2000,history20,4,80,42,1.0,0.0,walk_history_ablation
341,6.82,1.0,0.0,-0.2936415672302246,0.8012994527816772,0.3705695867538452,-0.35491248965263367,0,2000,history20,4,80,42,1.0,0.0,walk_history_ablation
342,6.84,1.0,0.0,-0.2902735471725464,0.815273642539978,0.4110005795955658,-0.1553432047367096,0,2000,history20,4,80,42,1.0,0.0,walk_history_ablation
343,6.86,1.0,0.0,-0.289648175239563,0.8199631571769714,0.44366729259490967,0.10707533359527588,0,2000,history20,4,80,42,1.0,0.0,walk_history_ablation
344,6.88,1.0,0.0,-0.2916947603225708,0.8407891988754272,0.4657648503780365,0.4291938543319702,0,2000,history20,4,80,42,1.0,0.0,walk_history_ablation
345,6.9,1.0,0.0,-0.2913254499435425,0.6769113540649414,0.38006114959716797,0.15799683332443237,0,2000,history20,4,80,42,1.0,0.0,walk_history_ablation
346,6.92,1.0,0.0,-0.28445184230804443,0.5995829105377197,0.2946486473083496,-0.5426042079925537,0,2000,history20,4,80,42,1.0,0.0,walk_history_ablation
347,6.94,1.0,0.0,-0.27682268619537354,0.5828999876976013,0.24805861711502075,-0.4470226764678955,0,2000,history20,4,80,42,1.0,0.0,walk_history_ablation
348,6.96,1.0,0.0,-0.2724553346633911,0.5904311537742615,0.23464497923851013,-0.09161396324634552,0,2000,history20,4,80,42,1.0,0.0,walk_history_ablation
349,6.98,1.0,0.0,-0.2704770565032959,0.5913671255111694,0.212528258562088,0.05385346710681915,0,2000,history20,4,80,42,1.0,0.0,walk_history_ablation
350,7.0,1.0,0.0,-0.26884305477142334,0.5900048017501831,0.1888415664434433,-0.018309101462364197,0,2000,history20,4,80,42,1.0,0.0,walk_history_ablation
351,7.0200000000000005,1.0,0.0,-0.26686811447143555,0.5935295820236206,0.16691234707832336,-0.0754624605178833,0,2000,history20,4,80,42,1.0,0.0,walk_history_ablation
352,7.04,1.0,0.0,-0.26493072509765625,0.6086685657501221,0.15025277435779572,-0.10081450641155243,0,2000,history20,4,80,42,1.0,0.0,walk_history_ablation
353,7.0600000000000005,1.0,0.0,-0.26355230808258057,0.6187829971313477,0.13911856710910797,-0.06107285991311073,0,2000,history20,4,80,42,1.0,0.0,walk_history_ablation
354,7.08,1.0,0.0,-0.2620503902435303,0.6323087811470032,0.12408091872930527,-0.13476410508155823,0,2000,history20,4,80,42,1.0,0.0,walk_history_ablation
355,7.1000000000000005,1.0,0.0,-0.2604726552963257,0.6618532538414001,0.11481070518493652,-0.18886429071426392,0,2000,history20,4,80,42,1.0,0.0,walk_history_ablation
356,7.12,1.0,0.0,-0.2585505247116089,0.6881213784217834,0.10547664761543274,-0.26037102937698364,0,2000,history20,4,80,42,1.0,0.0,walk_history_ablation
357,7.140000000000001,1.0,0.0,-0.2552586793899536,0.7138558030128479,0.09290487319231033,-0.4023221731185913,0,2000,history20,4,80,42,1.0,0.0,walk_history_ablation
358,7.16,1.0,0.0,-0.2515207529067993,0.7477539777755737,0.08520917594432831,-0.4001614451408386,0,2000,history20,4,80,42,1.0,0.0,walk_history_ablation
359,7.18,1.0,0.0,-0.2482537031173706,0.7888592481613159,0.07487458735704422,-0.38822856545448303,0,2000,history20,4,80,42,1.0,0.0,walk_history_ablation
360,7.2,1.0,0.0,-0.24630045890808105,0.8241664171218872,0.06334491074085236,-0.20668643712997437,0,2000,history20,4,80,42,1.0,0.0,walk_history_ablation
361,7.22,1.0,0.0,-0.24643540382385254,0.8551093935966492,0.04945122450590134,-0.06545993685722351,0,2000,history20,4,80,42,1.0,0.0,walk_history_ablation
362,7.24,1.0,0.0,-0.24659645557403564,0.8617880940437317,0.03785398602485657,-0.09905104339122772,0,2000,history20,4,80,42,1.0,0.0,walk_history_ablation
363,7.26,1.0,0.0,-0.24626481533050537,0.8695967793464661,0.024734418839216232,-0.2013702392578125,0,2000,history20,4,80,42,1.0,0.0,walk_history_ablation
364,7.28,1.0,0.0,-0.24384582042694092,0.87481689453125,0.014846686273813248,-0.35356295108795166,0,2000,history20,4,80,42,1.0,0.0,walk_history_ablation
365,7.3,1.0,0.0,-0.23930537700653076,0.8046630024909973,0.023587243631482124,-0.5004966855049133,0,2000,history20,4,80,42,1.0,0.0,walk_history_ablation
366,7.32,1.0,0.0,-0.2359868288040161,0.7402822375297546,0.059256844222545624,-0.19482532143592834,0,2000,history20,4,80,42,1.0,0.0,walk_history_ablation
367,7.34,1.0,0.0,-0.23670172691345215,0.7040010690689087,0.07190439850091934,0.04743514582514763,0,2000,history20,4,80,42,1.0,0.0,walk_history_ablation
368,7.36,1.0,0.0,-0.23952507972717285,0.6799981594085693,0.06779126077890396,-0.00908239372074604,0,2000,history20,4,80,42,1.0,0.0,walk_history_ablation
369,7.38,1.0,0.0,-0.24051666259765625,0.6543982028961182,0.06807088851928711,-0.42080575227737427,0,2000,history20,4,80,42,1.0,0.0,walk_history_ablation
370,7.4,1.0,0.0,-0.2369520664215088,0.629970133304596,0.07768422365188599,-0.8766342401504517,0,2000,history20,4,80,42,1.0,0.0,walk_history_ablation
371,7.42,1.0,0.0,-0.22973132133483887,0.6131877303123474,0.09277370572090149,-1.028761386871338,0,2000,history20,4,80,42,1.0,0.0,walk_history_ablation
372,7.44,1.0,0.0,-0.2223285436630249,0.6151064038276672,0.10774143785238266,-0.8350771069526672,0,2000,history20,4,80,42,1.0,0.0,walk_history_ablation
373,7.46,1.0,0.0,-0.21730411052703857,0.622665524482727,0.11718183010816574,-0.5052196979522705,0,2000,history20,4,80,42,1.0,0.0,walk_history_ablation
374,7.48,1.0,0.0,-0.21424555778503418,0.6335710287094116,0.12480565905570984,-0.26847895979881287,0,2000,history20,4,80,42,1.0,0.0,walk_history_ablation
375,7.5,1.0,0.0,-0.21386146545410156,0.6315464377403259,0.13903404772281647,0.01866626925766468,0,2000,history20,4,80,42,1.0,0.0,walk_history_ablation
376,7.5200000000000005,1.0,0.0,-0.21541643142700195,0.6294503211975098,0.1579069048166275,0.19873467087745667,0,2000,history20,4,80,42,1.0,0.0,walk_history_ablation
377,7.54,1.0,0.0,-0.2184915542602539,0.6353031992912292,0.17699508368968964,0.33333882689476013,0,2000,history20,4,80,42,1.0,0.0,walk_history_ablation
378,7.5600000000000005,1.0,0.0,-0.2218647003173828,0.6491554379463196,0.1976696252822876,0.28370046615600586,0,2000,history20,4,80,42,1.0,0.0,walk_history_ablation
379,7.58,1.0,0.0,-0.22508752346038818,0.666764497756958,0.22246351838111877,0.42254889011383057,0,2000,history20,4,80,42,1.0,0.0,walk_history_ablation
380,7.6000000000000005,1.0,0.0,-0.22858011722564697,0.6948481202125549,0.2507067322731018,0.4036005139350891,0,2000,history20,4,80,42,1.0,0.0,walk_history_ablation
381,7.62,1.0,0.0,-0.2305823564529419,0.7252256870269775,0.279083788394928,0.18550008535385132,0,2000,history20,4,80,42,1.0,0.0,walk_history_ablation
382,7.640000000000001,1.0,0.0,-0.22994840145111084,0.760636031627655,0.3105317950248718,-0.08592866361141205,0,2000,history20,4,80,42,1.0,0.0,walk_history_ablation
383,7.66,1.0,0.0,-0.22723174095153809,0.7848147749900818,0.34594398736953735,-0.21060459315776825,0,2000,history20,4,80,42,1.0,0.0,walk_history_ablation
384,7.68,1.0,0.0,-0.22384560108184814,0.8011511564254761,0.3810313642024994,-0.2114018350839615,0,2000,history20,4,80,42,1.0,0.0,walk_history_ablation
385,7.7,1.0,0.0,-0.22193944454193115,0.8117544651031494,0.4160841703414917,-0.0069510191679000854,0,2000,history20,4,80,42,1.0,0.0,walk_history_ablation
386,7.72,1.0,0.0,-0.22329401969909668,0.8258474469184875,0.4479796886444092,0.3555540442466736,0,2000,history20,4,80,42,1.0,0.0,walk_history_ablation
387,7.74,1.0,0.0,-0.22575271129608154,0.7905291318893433,0.45779210329055786,0.5399682521820068,0,2000,history20,4,80,42,1.0,0.0,walk_history_ablation
388,7.76,1.0,0.0,-0.22390401363372803,0.636021077632904,0.3393014967441559,-0.2436530590057373,0,2000,history20,4,80,42,1.0,0.0,walk_history_ablation
389,7.78,1.0,0.0,-0.21640336513519287,0.5922403335571289,0.2710496783256531,-0.5562796592712402,0,2000,history20,4,80,42,1.0,0.0,walk_history_ablation
390,7.8,1.0,0.0,-0.20970547199249268,0.5961905717849731,0.2434994876384735,-0.374787300825119,0,2000,history20,4,80,42,1.0,0.0,walk_history_ablation
391,7.82,1.0,0.0,-0.20590007305145264,0.6082597374916077,0.23164547979831696,-0.10356763005256653,0,2000,history20,4,80,42,1.0,0.0,walk_history_ablation
392,7.84,1.0,0.0,-0.2036287784576416,0.6154599189758301,0.20873920619487762,-0.03865295648574829,0,2000,history20,4,80,42,1.0,0.0,walk_history_ablation
393,7.86,1.0,0.0,-0.20149743556976318,0.6190640926361084,0.1833631694316864,-0.06804347038269043,0,2000,history20,4,80,42,1.0,0.0,walk_history_ablation
394,7.88,1.0,0.0,-0.2002781629562378,0.6250128746032715,0.16643540561199188,0.03450284153223038,0,2000,history20,4,80,42,1.0,0.0,walk_history_ablation
395,7.9,1.0,0.0,-0.1988428831100464,0.640318751335144,0.14833584427833557,-0.08996118605136871,0,2000,history20,4,80,42,1.0,0.0,walk_history_ablation
396,7.92,1.0,0.0,-0.19722282886505127,0.6588969826698303,0.13690364360809326,-0.11898881196975708,0,2000,history20,4,80,42,1.0,0.0,walk_history_ablation
397,7.94,1.0,0.0,-0.19509315490722656,0.6802858114242554,0.12731069326400757,-0.24492603540420532,0,2000,history20,4,80,42,1.0,0.0,walk_history_ablation
398,7.96,1.0,0.0,-0.19252383708953857,0.7044389247894287,0.1185964047908783,-0.2896597385406494,0,2000,history20,4,80,42,1.0,0.0,walk_history_ablation
399,7.98,1.0,0.0,-0.18965303897857666,0.7323636412620544,0.10959728807210922,-0.3469293415546417,0,2000,history20,4,80,42,1.0,0.0,walk_history_ablation
400,8.0,1.0,0.0,-0.18585646152496338,0.7615359425544739,0.09983901679515839,-0.43942010402679443,0,2000,history20,4,80,42,1.0,0.0,walk_history_ablation
401,8.02,1.0,0.0,-0.18206560611724854,0.7966826558113098,0.09058453142642975,-0.42136824131011963,0,2000,history20,4,80,42,1.0,0.0,walk_history_ablation
402,8.040000000000001,1.0,0.0,-0.17888915538787842,0.8344712853431702,0.07799330353736877,-0.3756806254386902,0,2000,history20,4,80,42,1.0,0.0,walk_history_ablation
403,8.06,1.0,0.0,-0.17737865447998047,0.8598304390907288,0.064087875187397,-0.13357627391815186,0,2000,history20,4,80,42,1.0,0.0,walk_history_ablation
404,8.08,1.0,0.0,-0.17811763286590576,0.8826348185539246,0.05176097899675369,-0.012064910493791103,0,2000,history20,4,80,42,1.0,0.0,walk_history_ablation
405,8.1,1.0,0.0,-0.1788630485534668,0.8863476514816284,0.03995388746261597,-0.04440374672412872,0,2000,history20,4,80,42,1.0,0.0,walk_history_ablation
406,8.120000000000001,1.0,0.0,-0.1783907413482666,0.8933560252189636,0.025957167148590088,-0.23397108912467957,0,2000,history20,4,80,42,1.0,0.0,walk_history_ablation
407,8.14,1.0,0.0,-0.17544472217559814,0.8450542688369751,0.027388829737901688,-0.7347887754440308,0,2000,history20,4,80,42,1.0,0.0,walk_history_ablation
408,8.16,1.0,0.0,-0.1706756353378296,0.7638306021690369,0.06408336013555527,-0.4773613512516022,0,2000,history20,4,80,42,1.0,0.0,walk_history_ablation
409,8.18,1.0,0.0,-0.1693648099899292,0.7152771949768066,0.0823492556810379,-0.03508051112294197,0,2000,history20,4,80,42,1.0,0.0,walk_history_ablation
410,8.2,1.0,0.0,-0.17078912258148193,0.6839138269424438,0.08460047841072083,-0.06786350160837173,0,2000,history20,4,80,42,1.0,0.0,walk_history_ablation
411,8.22,1.0,0.0,-0.17161715030670166,0.6608178019523621,0.0870530754327774,-0.3670487403869629,0,2000,history20,4,80,42,1.0,0.0,walk_history_ablation
412,8.24,1.0,0.0,-0.1685875654220581,0.6374322772026062,0.09425674378871918,-0.8273575901985168,0,2000,history20,4,80,42,1.0,0.0,walk_history_ablation
413,8.26,1.0,0.0,-0.16244566440582275,0.6158192157745361,0.10652844607830048,-0.9477933645248413,0,2000,history20,4,80,42,1.0,0.0,walk_history_ablation
414,8.28,1.0,0.0,-0.1557912826538086,0.6122865080833435,0.12346003949642181,-0.8120157718658447,0,2000,history20,4,80,42,1.0,0.0,walk_history_ablation
415,8.3,1.0,0.0,-0.15141189098358154,0.6152146458625793,0.13421843945980072,-0.46666598320007324,0,2000,history20,4,80,42,1.0,0.0,walk_history_ablation
416,8.32,1.0,0.0,-0.14857518672943115,0.6290244460105896,0.13870443403720856,-0.28438007831573486,0,2000,history20,4,80,42,1.0,0.0,walk_history_ablation
417,8.34,1.0,0.0,-0.14793169498443604,0.624413788318634,0.15157325565814972,-0.04524430260062218,0,2000,history20,4,80,42,1.0,0.0,walk_history_ablation
418,8.36,1.0,0.0,-0.14882242679595947,0.6197339296340942,0.17178747057914734,0.11162692308425903,0,2000,history20,4,80,42,1.0,0.0,walk_history_ablation
419,8.38,1.0,0.0,-0.15117990970611572,0.6223260760307312,0.19246630370616913,0.25481823086738586,0,2000,history20,4,80,42,1.0,0.0,walk_history_ablation
420,8.4,1.0,0.0,-0.1541820764541626,0.6406102180480957,0.21433214843273163,0.3062015771865845,0,2000,history20,4,80,42,1.0,0.0,walk_history_ablation
421,8.42,1.0,0.0,-0.15699052810668945,0.6562237739562988,0.2387470304965973,0.3646273612976074,0,2000,history20,4,80,42,1.0,0.0,walk_history_ablation
422,8.44,1.0,0.0,-0.16070616245269775,0.6821897029876709,0.27058836817741394,0.45966124534606934,0,2000,history20,4,80,42,1.0,0.0,walk_history_ablation
423,8.46,1.0,0.0,-0.1634528636932373,0.7097075581550598,0.3003752529621124,0.27469247579574585,0,2000,history20,4,80,42,1.0,0.0,walk_history_ablation
424,8.48,1.0,0.0,-0.1635657548904419,0.7472192049026489,0.3348398804664612,-0.03310120850801468,0,2000,history20,4,80,42,1.0,0.0,walk_history_ablation
425,8.5,1.0,0.0,-0.16133606433868408,0.7698093056678772,0.3755333721637726,-0.19347524642944336,0,2000,history20,4,80,42,1.0,0.0,walk_history_ablation
426,8.52,1.0,0.0,-0.15716767311096191,0.7856494188308716,0.4122985303401947,-0.3368309438228607,0,2000,history20,4,80,42,1.0,0.0,walk_history_ablation
427,8.540000000000001,1.0,0.0,-0.15397202968597412,0.7985092997550964,0.45434385538101196,-0.13193298876285553,0,2000,history20,4,80,42,1.0,0.0,walk_history_ablation
428,8.56,1.0,0.0,-0.15411245822906494,0.8085829615592957,0.49162542819976807,0.20851854979991913,0,2000,history20,4,80,42,1.0,0.0,walk_history_ablation
429,8.58,1.0,0.0,-0.1574726104736328,0.8316571116447449,0.5113059282302856,0.5488487482070923,0,2000,history20,4,80,42,1.0,0.0,walk_history_ablation
430,8.6,1.0,0.0,-0.1562575101852417,0.6585386395454407,0.4091043770313263,-0.19716417789459229,0,2000,history20,4,80,42,1.0,0.0,walk_history_ablation
431,8.620000000000001,1.0,0.0,-0.14788424968719482,0.5786992907524109,0.3249863386154175,-0.6283290982246399,0,2000,history20,4,80,42,1.0,0.0,walk_history_ablation
432,8.64,1.0,0.0,-0.14015424251556396,0.5654525756835938,0.2793741524219513,-0.43325912952423096,0,2000,history20,4,80,42,1.0,0.0,walk_history_ablation
433,8.66,1.0,0.0,-0.13636410236358643,0.5739802122116089,0.2654830515384674,-0.03170498088002205,0,2000,history20,4,80,42,1.0,0.0,walk_history_ablation
434,8.68,1.0,0.0,-0.13520002365112305,0.5742389559745789,0.2431049346923828,0.11346620321273804,0,2000,history20,4,80,42,1.0,0.0,walk_history_ablation
435,8.700000000000001,1.0,0.0,-0.13405239582061768,0.57338947057724,0.21798788011074066,0.007708757650107145,0,2000,history20,4,80,42,1.0,0.0,walk_history_ablation
436,8.72,1.0,0.0,-0.13252675533294678,0.5770112872123718,0.19711780548095703,-0.034235257655382156,0,2000,history20,4,80,42,1.0,0.0,walk_history_ablation
437,8.74,1.0,0.0,-0.13102364540100098,0.5921541452407837,0.18063664436340332,-0.06447901576757431,0,2000,history20,4,80,42,1.0,0.0,walk_history_ablation
438,8.76,1.0,0.0,-0.12975847721099854,0.6000478863716125,0.16710512340068817,-0.054981376975774765,0,2000,history20,4,80,42,1.0,0.0,walk_history_ablation
439,8.78,1.0,0.0,-0.12825214862823486,0.6101539134979248,0.1530969738960266,-0.13681375980377197,0,2000,history20,4,80,42,1.0,0.0,walk_history_ablation
440,8.8,1.0,0.0,-0.12665951251983643,0.6372594833374023,0.14532804489135742,-0.1858862340450287,0,2000,history20,4,80,42,1.0,0.0,walk_history_ablation
441,8.82,1.0,0.0,-0.12486696243286133,0.6620198488235474,0.13795050978660583,-0.23047901690006256,0,2000,history20,4,80,42,1.0,0.0,walk_history_ablation
442,8.84,1.0,0.0,-0.12171506881713867,0.6844051480293274,0.12612348794937134,-0.39144617319107056,0,2000,history20,4,80,42,1.0,0.0,walk_history_ablation
443,8.86,1.0,0.0,-0.11794722080230713,0.7150320410728455,0.11963680386543274,-0.4083593785762787,0,2000,history20,4,80,42,1.0,0.0,walk_history_ablation
444,8.88,1.0,0.0,-0.11466491222381592,0.7495409250259399,0.11090601235628128,-0.3781777620315552,0,2000,history20,4,80,42,1.0,0.0,walk_history_ablation
445,8.9,1.0,0.0,-0.11292636394500732,0.7791712284088135,0.1020321398973465,-0.17253747582435608,0,2000,history20,4,80,42,1.0,0.0,walk_history_ablation
446,8.92,1.0,0.0,-0.11317682266235352,0.807742178440094,0.09149197489023209,-0.05912812054157257,0,2000,history20,4,80,42,1.0,0.0,walk_history_ablation
447,8.94,1.0,0.0,-0.11343228816986084,0.8133405447006226,0.08104732632637024,-0.07863986492156982,0,2000,history20,4,80,42,1.0,0.0,walk_history_ablation
448,8.96,1.0,0.0,-0.11344611644744873,0.8225000500679016,0.06883207708597183,-0.17685826122760773,0,2000,history20,4,80,42,1.0,0.0,walk_history_ablation
449,8.98,1.0,0.0,-0.11150658130645752,0.8255639672279358,0.06086799129843712,-0.2920472025871277,0,2000,history20,4,80,42,1.0,0.0,walk_history_ablation
450,9.0,1.0,0.0,-0.10901522636413574,0.7825443148612976,0.05999118462204933,-0.5027878284454346,0,2000,history20,4,80,42,1.0,0.0,walk_history_ablation
451,9.02,1.0,0.0,-0.10658013820648193,0.7250453233718872,0.08857765048742294,-0.19704173505306244,0,2000,history20,4,80,42,1.0,0.0,walk_history_ablation
452,9.040000000000001,1.0,0.0,-0.1073455810546875,0.6898737549781799,0.09892802685499191,0.07601000368595123,0,2000,history20,4,80,42,1.0,0.0,walk_history_ablation
453,9.06,1.0,0.0,-0.11078393459320068,0.6632550954818726,0.09845752269029617,0.06056152284145355,0,2000,history20,4,80,42,1.0,0.0,walk_history_ablation
454,9.08,1.0,0.0,-0.11256241798400879,0.6436847448348999,0.09654873609542847,-0.3281235694885254,0,2000,history20,4,80,42,1.0,0.0,walk_history_ablation
455,9.1,1.0,0.0,-0.1097174882888794,0.6265347599983215,0.10304087400436401,-0.8190433382987976,0,2000,history20,4,80,42,1.0,0.0,walk_history_ablation
456,9.120000000000001,1.0,0.0,-0.10279810428619385,0.6183401942253113,0.11458703875541687,-1.0010931491851807,0,2000,history20,4,80,42,1.0,0.0,walk_history_ablation
457,9.14,1.0,0.0,-0.09545671939849854,0.6258635520935059,0.12851598858833313,-0.8102015852928162,0,2000,history20,4,80,42,1.0,0.0,walk_history_ablation
458,9.16,1.0,0.0,-0.09083545207977295,0.6362862586975098,0.13775992393493652,-0.44133538007736206,0,2000,history20,4,80,42,1.0,0.0,walk_history_ablation
459,9.18,1.0,0.0,-0.08850300312042236,0.6461887359619141,0.14440815150737762,-0.19411948323249817,0,2000,history20,4,80,42,1.0,0.0,walk_history_ablation
460,9.200000000000001,1.0,0.0,-0.08867621421813965,0.6453374028205872,0.15654462575912476,0.07003241032361984,0,2000,history20,4,80,42,1.0,0.0,walk_history_ablation
461,9.22,1.0,0.0,-0.09076154232025146,0.6409096121788025,0.17612044513225555,0.24791771173477173,0,2000,history20,4,80,42,1.0,0.0,walk_history_ablation
462,9.24,1.0,0.0,-0.09411132335662842,0.6478399634361267,0.19429945945739746,0.3565687835216522,0,2000,history20,4,80,42,1.0,0.0,walk_history_ablation
463,9.26,1.0,0.0,-0.09791219234466553,0.6618502736091614,0.215547114610672,0.3137268126010895,0,2000,history20,4,80,42,1.0,0.0,walk_history_ablation
464,9.28,1.0,0.0,-0.10138142108917236,0.6808415055274963,0.24126558005809784,0.45223334431648254,0,2000,history20,4,80,42,1.0,0.0,walk_history_ablation
465,9.3,1.0,0.0,-0.10516190528869629,0.709282398223877,0.2719431221485138,0.419288694858551,0,2000,history20,4,80,42,1.0,0.0,walk_history_ablation
466,9.32,1.0,0.0,-0.10716915130615234,0.7363423109054565,0.30249202251434326,0.17613887786865234,0,2000,history20,4,80,42,1.0,0.0,walk_history_ablation
467,9.34,1.0,0.0,-0.10652267932891846,0.7675034403800964,0.33809393644332886,-0.1060577854514122,0,2000,history20,4,80,42,1.0,0.0,walk_history_ablation
468,9.36,1.0,0.0,-0.10363686084747314,0.790014386177063,0.3761451244354248,-0.2487986981868744,0,2000,history20,4,80,42,1.0,0.0,walk_history_ablation
469,9.38,1.0,0.0,-0.0999373197555542,0.8036330342292786,0.4132857322692871,-0.2515367269515991,0,2000,history20,4,80,42,1.0,0.0,walk_history_ablation
470,9.4,1.0,0.0,-0.09791028499603271,0.8154119849205017,0.4518471658229828,0.007146123796701431,0,2000,history20,4,80,42,1.0,0.0,walk_history_ablation
471,9.42,1.0,0.0,-0.09989798069000244,0.8242573142051697,0.4857686161994934,0.45129212737083435,0,2000,history20,4,80,42,1.0,0.0,walk_history_ablation
472,9.44,1.0,0.0,-0.10248816013336182,0.714374303817749,0.44336286187171936,0.7174371480941772,0,2000,history20,4,80,42,1.0,0.0,walk_history_ablation
473,9.46,1.0,0.0,-0.09857690334320068,0.6060044169425964,0.34574440121650696,-0.39086735248565674,0,2000,history20,4,80,42,1.0,0.0,walk_history_ablation
474,9.48,1.0,0.0,-0.09070253372192383,0.5682224631309509,0.27768847346305847,-0.5476563572883606,0,2000,history20,4,80,42,1.0,0.0,walk_history_ablation
475,9.5,1.0,0.0,-0.08471953868865967,0.5771934986114502,0.25115466117858887,-0.2566942572593689,0,2000,history20,4,80,42,1.0,0.0,walk_history_ablation
476,9.52,1.0,0.0,-0.08296525478363037,0.5916793346405029,0.23585788905620575,0.17090758681297302,0,2000,history20,4,80,42,1.0,0.0,walk_history_ablation
477,9.540000000000001,1.0,0.0,-0.08370029926300049,0.597612738609314,0.21503205597400665,0.2651410698890686,0,2000,history20,4,80,42,1.0,0.0,walk_history_ablation
478,9.56,1.0,0.0,-0.08364665508270264,0.6053828597068787,0.1848638504743576,0.07836126536130905,0,2000,history20,4,80,42,1.0,0.0,walk_history_ablation
479,9.58,1.0,0.0,-0.08291065692901611,0.6289414167404175,0.16675275564193726,-0.0018517368007451296,0,2000,history20,4,80,42,1.0,0.0,walk_history_ablation
480,9.6,1.0,0.0,-0.0820075273513794,0.6468366980552673,0.15319965779781342,-0.02620241418480873,0,2000,history20,4,80,42,1.0,0.0,walk_history_ablation
481,9.620000000000001,1.0,0.0,-0.08058083057403564,0.6601938605308533,0.1381092369556427,-0.12202084064483643,0,2000,history20,4,80,42,1.0,0.0,walk_history_ablation
482,9.64,1.0,0.0,-0.07820820808410645,0.688731849193573,0.127688467502594,-0.2811475992202759,0,2000,history20,4,80,42,1.0,0.0,walk_history_ablation
483,9.66,1.0,0.0,-0.07495033740997314,0.7192705869674683,0.1212255209684372,-0.35244619846343994,0,2000,history20,4,80,42,1.0,0.0,walk_history_ablation
484,9.68,1.0,0.0,-0.07102501392364502,0.7451574802398682,0.1139872595667839,-0.4275038242340088,0,2000,history20,4,80,42,1.0,0.0,walk_history_ablation
485,9.700000000000001,1.0,0.0,-0.06651103496551514,0.7749137878417969,0.10620229691267014,-0.49539124965667725,0,2000,history20,4,80,42,1.0,0.0,walk_history_ablation
486,9.72,1.0,0.0,-0.06177222728729248,0.8112394213676453,0.09769954532384872,-0.5380423665046692,0,2000,history20,4,80,42,1.0,0.0,walk_history_ablation
487,9.74,1.0,0.0,-0.058144211769104004,0.8421223163604736,0.0883777067065239,-0.3352096676826477,0,2000,history20,4,80,42,1.0,0.0,walk_history_ablation
488,9.76,1.0,0.0,-0.05724465847015381,0.8758728504180908,0.07706780731678009,-0.12713943421840668,0,2000,history20,4,80,42,1.0,0.0,walk_history_ablation
489,9.78,1.0,0.0,-0.057070136070251465,0.8905907869338989,0.06354121118783951,-0.07021155953407288,0,2000,history20,4,80,42,1.0,0.0,walk_history_ablation
490,9.8,1.0,0.0,-0.057334303855895996,0.901265025138855,0.048530012369155884,-0.10670829564332962,0,2000,history20,4,80,42,1.0,0.0,walk_history_ablation
491,9.82,1.0,0.0,-0.056810855865478516,0.9045144319534302,0.03702203184366226,-0.1430114507675171,0,2000,history20,4,80,42,1.0,0.0,walk_history_ablation
492,9.84,1.0,0.0,-0.05550062656402588,0.8926913142204285,0.04533505439758301,-0.41052234172821045,0,2000,history20,4,80,42,1.0,0.0,walk_history_ablation
493,9.86,1.0,0.0,-0.0525662899017334,0.8063357472419739,0.06934060901403427,-0.3282855749130249,0,2000,history20,4,80,42,1.0,0.0,walk_history_ablation
494,9.88,1.0,0.0,-0.05095803737640381,0.7559295892715454,0.09186755120754242,-0.11847114562988281,0,2000,history20,4,80,42,1.0,0.0,walk_history_ablation
495,9.9,1.0,0.0,-0.05293309688568115,0.7309759259223938,0.09832615405321121,0.02547367848455906,0,2000,history20,4,80,42,1.0,0.0,walk_history_ablation
496,9.92,1.0,0.0,-0.05466163158416748,0.7194207310676575,0.09643208235502243,-0.2747752070426941,0,2000,history20,4,80,42,1.0,0.0,walk_history_ablation
497,9.94,1.0,0.0,-0.05258965492248535,0.7076866030693054,0.10409978032112122,-0.7530515193939209,0,2000,history20,4,80,42,1.0,0.0,walk_history_ablation
498,9.96,1.0,0.0,-0.046436190605163574,0.7007116079330444,0.11509520560503006,-0.9945988655090332,0,2000,history20,4,80,42,1.0,0.0,walk_history_ablation
499,9.98,1.0,0.0,-1.12529718875885,0.705059826374054,0.13462337851524353,-0.9260362386703491,0,2000,history20,4,80,42,1.0,0.0,walk_history_ablation
500,10.0,1.0,0.0,-1.120038628578186,0.7045750617980957,0.14860613644123077,-0.5321263074874878,0,2000,history20,4,80,42,1.0,0.0,walk_history_ablation
501,10.02,1.0,0.0,-1.1169487237930298,0.7179399728775024,0.15614727139472961,-0.29622769355773926,0,2000,history20,4,80,42,1.0,0.0,walk_history_ablation
502,10.040000000000001,1.0,0.0,-1.1163264513015747,0.7145859599113464,0.16700567305088043,-0.03250403702259064,0,2000,history20,4,80,42,1.0,0.0,walk_history_ablation
503,10.06,1.0,0.0,-1.1175581216812134,0.713196873664856,0.1846960037946701,0.1685796082019806,0,2000,history20,4,80,42,1.0,0.0,walk_history_ablation
504,10.08,1.0,0.0,-1.1210061311721802,0.7225968837738037,0.20315350592136383,0.37615859508514404,0,2000,history20,4,80,42,1.0,0.0,walk_history_ablation
505,10.1,1.0,0.0,-1.1253052949905396,0.7402975559234619,0.2226167619228363,0.2731834948062897,0,2000,history20,4,80,42,1.0,0.0,walk_history_ablation
506,10.120000000000001,1.0,0.0,-1.1293808221817017,0.7603369355201721,0.24957908689975739,0.5262718796730042,0,2000,history20,4,80,42,1.0,0.0,walk_history_ablation
507,10.14,1.0,0.0,-1.1338263750076294,0.78633052110672,0.27914413809776306,0.48434972763061523,0,2000,history20,4,80,42,1.0,0.0,walk_history_ablation
508,10.16,1.0,0.0,-1.137166142463684,0.8106793165206909,0.3140033781528473,0.31167376041412354,0,2000,history20,4,80,42,1.0,0.0,walk_history_ablation
509,10.18,1.0,0.0,-1.1368733644485474,0.8518059849739075,0.34653791785240173,-0.12655088305473328,0,2000,history20,4,80,42,1.0,0.0,walk_history_ablation
510,10.200000000000001,1.0,0.0,-1.1337391138076782,0.880835771560669,0.38996076583862305,-0.3323596119880676,0,2000,history20,4,80,42,1.0,0.0,walk_history_ablation
511,10.22,1.0,0.0,-1.1272655725479126,0.8996779918670654,0.4247298538684845,-0.6221155524253845,0,2000,history20,4,80,42,1.0,0.0,walk_history_ablation
512,10.24,1.0,0.0,-1.1208826303482056,0.9188833832740784,0.46981191635131836,-0.4781853258609772,0,2000,history20,4,80,42,1.0,0.0,walk_history_ablation
513,10.26,1.0,0.0,-1.1179395914077759,0.9280150532722473,0.5086519122123718,-0.11396264284849167,0,2000,history20,4,80,42,1.0,0.0,walk_history_ablation
514,10.28,1.0,0.0,-1.120343804359436,0.8663377165794373,0.4796396791934967,0.8785541653633118,0,2000,history20,4,80,42,1.0,0.0,walk_history_ablation
515,10.3,1.0,0.0,-1.1142388582229614,0.702005922794342,0.3796619474887848,-0.7300530076026917,0,2000,history20,4,80,42,1.0,0.0,walk_history_ablation
516,10.32,1.0,0.0,-1.103758454322815,0.6228395700454712,0.30836254358291626,-0.6700980067253113,0,2000,history20,4,80,42,1.0,0.0,walk_history_ablation
517,10.34,1.0,0.0,-1.097066044807434,0.6171939969062805,0.27419313788414,-0.2900175452232361,0,2000,history20,4,80,42,1.0,0.0,walk_history_ablation
518,10.36,1.0,0.0,-1.095842957496643,0.63550865650177,0.26733046770095825,0.20985090732574463,0,2000,history20,4,80,42,1.0,0.0,walk_history_ablation
519,10.38,1.0,0.0,-1.0980650186538696,0.644370973110199,0.2549222707748413,0.4103351831436157,0,2000,history20,4,80,42,1.0,0.0,walk_history_ablation
520,10.4,1.0,0.0,-1.0985914468765259,0.644140362739563,0.2230154275894165,0.07229223102331161,0,2000,history20,4,80,42,1.0,0.0,walk_history_ablation
521,10.42,1.0,0.0,-1.0965033769607544,0.6576274037361145,0.19978752732276917,-0.19593653082847595,0,2000,history20,4,80,42,1.0,0.0,walk_history_ablation
522,10.44,1.0,0.0,-1.0933295488357544,0.6744720339775085,0.18727049231529236,-0.24154971539974213,0,2000,history20,4,80,42,1.0,0.0,walk_history_ablation
523,10.46,1.0,0.0,-1.0903464555740356,0.6868366599082947,0.17928028106689453,-0.20842376351356506,0,2000,history20,4,80,42,1.0,0.0,walk_history_ablation
524,10.48,1.0,0.0,-1.086964726448059,0.7083002924919128,0.17351624369621277,-0.3344597816467285,0,2000,history20,4,80,42,1.0,0.0,walk_history_ablation
525,10.5,1.0,0.0,-1.0830646753311157,0.7362464666366577,0.17331679165363312,-0.3919559717178345,0,2000,history20,4,80,42,1.0,0.0,walk_history_ablation
526,10.52,1.0,0.0,-1.0793648958206177,0.7635611891746521,0.17282770574092865,-0.3914428651332855,0,2000,history20,4,80,42,1.0,0.0,walk_history_ablation
527,10.540000000000001,1.0,0.0,-1.0737940073013306,0.7906919717788696,0.16539321839809418,-0.6711570024490356,0,2000,history20,4,80,42,1.0,0.0,walk_history_ablation
528,10.56,1.0,0.0,-1.066757321357727,0.8261745572090149,0.16774171590805054,-0.757858395576477,0,2000,history20,4,80,42,1.0,0.0,walk_history_ablation
529,10.58,1.0,0.0,-1.0593639612197876,0.8549216389656067,0.16566932201385498,-0.740776777267456,0,2000,history20,4,80,42,1.0,0.0,walk_history_ablation
530,10.6,1.0,0.0,-1.0546780824661255,0.8863468766212463,0.16743163764476776,-0.46805307269096375,0,2000,history20,4,80,42,1.0,0.0,walk_history_ablation
531,10.620000000000001,1.0,0.0,-1.0511709451675415,0.9158082008361816,0.15999260544776917,-0.460662305355072,0,2000,history20,4,80,42,1.0,0.0,walk_history_ablation
532,10.64,1.0,0.0,-1.0470701456069946,0.9151128530502319,0.1564253717660904,-0.5483188629150391,0,2000,history20,4,80,42,1.0,0.0,walk_history_ablation
533,10.66,1.0,0.0,-1.0428072214126587,0.8983848690986633,0.1590728610754013,-0.5462883710861206,0,2000,history20,4,80,42,1.0,0.0,walk_history_ablation
534,10.68,1.0,0.0,-1.0372191667556763,0.8684934377670288,0.1658032387495041,-0.625626802444458,0,2000,history20,4,80,42,1.0,0.0,walk_history_ablation
535,10.700000000000001,1.0,0.0,-1.0310250520706177,0.7926298379898071,0.1895647943019867,-0.6127335429191589,0,2000,history20,4,80,42,1.0,0.0,walk_history_ablation
536,10.72,1.0,0.0,-1.024279236793518,0.7264050245285034,0.22375355660915375,-0.7951655387878418,0,2000,history20,4,80,42,1.0,0.0,walk_history_ablation
537,10.74,1.0,0.0,-1.0189987421035767,0.7073630690574646,0.23291225731372833,-0.7094641327857971,0,2000,history20,4,80,42,1.0,0.0,walk_history_ablation
538,10.76,1.0,0.0,-1.0137487649917603,0.7029107809066772,0.23443301022052765,-0.9430122375488281,0,2000,history20,4,80,42,1.0,0.0,walk_history_ablation
539,10.78,1.0,0.0,-1.0061341524124146,0.6995251178741455,0.24407511949539185,-1.243214726448059,0,2000,history20,4,80,42,1.0,0.0,walk_history_ablation
540,10.8,1.0,0.0,-0.9956008195877075,0.7048531174659729,0.2599036395549774,-1.4203139543533325,0,2000,history20,4,80,42,1.0,0.0,walk_history_ablation
541,10.82,1.0,0.0,-0.9843465089797974,0.7080405950546265,0.2718988060951233,-1.2582170963287354,0,2000,history20,4,80,42,1.0,0.0,walk_history_ablation
542,10.84,1.0,0.0,-0.9752517938613892,0.7213566303253174,0.28245043754577637,-0.8634786009788513,0,2000,history20,4,80,42,1.0,0.0,walk_history_ablation
543,10.86,1.0,0.0,-0.9704562425613403,0.732162594795227,0.2882784307003021,-0.38105350732803345,0,2000,history20,4,80,42,1.0,0.0,walk_history_ablation
544,10.88,1.0,0.0,-0.969028115272522,0.7466306090354919,0.2901115119457245,-0.04505398869514465,0,2000,history20,4,80,42,1.0,0.0,walk_history_ablation
545,10.9,1.0,0.0,-0.9713112115859985,0.7534113526344299,0.2973702847957611,0.3346768021583557,0,2000,history20,4,80,42,1.0,0.0,walk_history_ablation
546,10.92,1.0,0.0,-0.9758683443069458,0.7608597874641418,0.31069597601890564,0.5186408758163452,0,2000,history20,4,80,42,1.0,0.0,walk_history_ablation
547,10.94,1.0,0.0,-0.9821339845657349,0.7836382985115051,0.3255995810031891,0.6742386221885681,0,2000,history20,4,80,42,1.0,0.0,walk_history_ablation
548,10.96,1.0,0.0,-0.9893356561660767,0.8195649981498718,0.3459397256374359,0.6248229742050171,0,2000,history20,4,80,42,1.0,0.0,walk_history_ablation
549,10.98,1.0,0.0,-0.9951144456863403,0.8622763752937317,0.368230402469635,0.6185563206672668,0,2000,history20,4,80,42,1.0,0.0,walk_history_ablation
550,11.0,1.0,0.0,-0.9998008012771606,0.9133299589157104,0.39710837602615356,0.4853805899620056,0,2000,history20,4,80,42,1.0,0.0,walk_history_ablation
551,11.02,1.0,0.0,-1.0021449327468872,0.952081561088562,0.4316125810146332,0.16434946656227112,0,2000,history20,4,80,42,1.0,0.0,walk_history_ablation
552,11.040000000000001,1.0,0.0,-0.9998394250869751,0.9873494505882263,0.4687868654727936,-0.37533971667289734,0,2000,history20,4,80,42,1.0,0.0,walk_history_ablation
553,11.06,1.0,0.0,-0.9940844774246216,1.0138418674468994,0.5157924890518188,-0.5486454367637634,0,2000,history20,4,80,42,1.0,0.0,walk_history_ablation
554,11.08,1.0,0.0,-0.9884392023086548,1.0322333574295044,0.5656443238258362,-0.39539438486099243,0,2000,history20,4,80,42,1.0,0.0,walk_history_ablation
555,11.1,1.0,0.0,-0.9861770868301392,1.0445417165756226,0.6130046248435974,0.08229053765535355,0,2000,history20,4,80,42,1.0,0.0,walk_history_ablation
556,11.120000000000001,1.0,0.0,-0.9937077760696411,0.9086558222770691,0.512345016002655,1.1393086910247803,0,2000,history20,4,80,42,1.0,0.0,walk_history_ablation
557,11.14,1.0,0.0,-0.9900757074356079,0.7782632112503052,0.4122767746448517,-0.38381248712539673,0,2000,history20,4,80,42,1.0,0.0,walk_history_ablation
558,11.16,1.0,0.0,-0.980962872505188,0.6932051181793213,0.3127358555793762,-0.591341495513916,0,2000,history20,4,80,42,1.0,0.0,walk_history_ablation
559,11.18,1.0,0.0,-0.9716626405715942,0.6676360368728638,0.2640865743160248,-0.6052964925765991,0,2000,history20,4,80,42,1.0,0.0,walk_history_ablation
560,11.200000000000001,1.0,0.0,-0.965035080909729,0.6677281260490417,0.24819627404212952,-0.29581066966056824,0,2000,history20,4,80,42,1.0,0.0,walk_history_ablation
561,11.22,1.0,0.0,-0.9609557390213013,0.6644836068153381,0.24252037703990936,-0.15540292859077454,0,2000,history20,4,80,42,1.0,0.0,walk_history_ablation
562,11.24,1.0,0.0,-0.9559422731399536,0.655128538608551,0.21072430908679962,-0.3767029047012329,0,2000,history20,4,80,42,1.0,0.0,walk_history_ablation
563,11.26,1.0,0.0,-0.9490324258804321,0.659870445728302,0.18596622347831726,-0.5995237231254578,0,2000,history20,4,80,42,1.0,0.0,walk_history_ablation
564,11.28,1.0,0.0,-0.9432865381240845,0.6671653985977173,0.17775408923625946,-0.36389458179473877,0,2000,history20,4,80,42,1.0,0.0,walk_history_ablation
565,11.3,1.0,0.0,-0.9396530389785767,0.6673876643180847,0.1658836007118225,-0.20996734499931335,0,2000,history20,4,80,42,1.0,0.0,walk_history_ablation
566,11.32,1.0,0.0,-0.9363456964492798,0.6868915557861328,0.15390124917030334,-0.30559593439102173,0,2000,history20,4,80,42,1.0,0.0,walk_history_ablation
567,11.34,1.0,0.0,-0.9331756830215454,0.71224045753479,0.1464463174343109,-0.2646234333515167,0,2000,history20,4,80,42,1.0,0.0,walk_history_ablation
568,11.36,1.0,0.0,-0.930820107460022,0.7405818700790405,0.1390494704246521,-0.21053822338581085,0,2000,history20,4,80,42,1.0,0.0,walk_history_ablation
569,11.38,1.0,0.0,-0.9283419847488403,0.7762043476104736,0.12627878785133362,-0.2882625162601471,0,2000,history20,4,80,42,1.0,0.0,walk_history_ablation
570,11.4,1.0,0.0,-0.9249993562698364,0.8248153328895569,0.11729877442121506,-0.4282432496547699,0,2000,history20,4,80,42,1.0,0.0,walk_history_ablation
571,11.42,1.0,0.0,-0.922608494758606,0.8698504567146301,0.11100849509239197,-0.25972896814346313,0,2000,history20,4,80,42,1.0,0.0,walk_history_ablation
572,11.44,1.0,0.0,-0.9224187135696411,0.9212948679924011,0.09570597112178802,-0.15563718974590302,0,2000,history20,4,80,42,1.0,0.0,walk_history_ablation
573,11.46,1.0,0.0,-0.9218002557754517,0.952763557434082,0.07607520371675491,-0.1821310818195343,0,2000,history20,4,80,42,1.0,0.0,walk_history_ablation
574,11.48,1.0,0.0,-0.9202619791030884,0.9760521650314331,0.05817940831184387,-0.35461339354515076,0,2000,history20,4,80,42,1.0,0.0,walk_history_ablation
575,11.5,1.0,0.0,-0.917066216468811,0.9828319549560547,0.04574108123779297,-0.41511625051498413,0,2000,history20,4,80,42,1.0,0.0,walk_history_ablation
576,11.52,1.0,0.0,-0.9118419885635376,0.9783018231391907,0.042045317590236664,-0.7519404292106628,0,2000,history20,4,80,42,1.0,0.0,walk_history_ablation
577,11.540000000000001,1.0,0.0,-0.9027186632156372,0.8409045934677124,0.0635194331407547,-0.9098859429359436,0,2000,history20,4,80,42,1.0,0.0,walk_history_ablation
578,11.56,1.0,0.0,-0.8958226442337036,0.7610406875610352,0.10267200320959091,-0.44532379508018494,0,2000,history20,4,80,42,1.0,0.0,walk_history_ablation
579,11.58,1.0,0.0,-0.8947497606277466,0.7210466265678406,0.11226017773151398,-0.10522927343845367,0,2000,history20,4,80,42,1.0,0.0,walk_history_ablation
580,11.6,1.0,0.0,-0.8959203958511353,0.6962242722511292,0.10838376730680466,-0.16421520709991455,0,2000,history20,4,80,42,1.0,0.0,walk_history_ablation
581,11.620000000000001,1.0,0.0,-0.8956958055496216,0.67032390832901,0.11032407730817795,-0.5251003503799438,0,2000,history20,4,80,42,1.0,0.0,walk_history_ablation
582,11.64,1.0,0.0,-0.8915277719497681,0.6487473845481873,0.11886241286993027,-0.916083574295044,0,2000,history20,4,80,42,1.0,0.0,walk_history_ablation
583,11.66,1.0,0.0,-0.8841930627822876,0.6294050812721252,0.13363878428936005,-1.0211591720581055,0,2000,history20,4,80,42,1.0,0.0,walk_history_ablation
584,11.68,1.0,0.0,-0.8780795335769653,0.6173757314682007,0.14859972894191742,-0.7092370390892029,0,2000,history20,4,80,42,1.0,0.0,walk_history_ablation
585,11.700000000000001,1.0,0.0,-0.8739734888076782,0.6249638199806213,0.15813665091991425,-0.47497010231018066,0,2000,history20,4,80,42,1.0,0.0,walk_history_ablation
586,11.72,1.0,0.0,-0.8707534074783325,0.6284610629081726,0.16242724657058716,-0.3425670862197876,0,2000,history20,4,80,42,1.0,0.0,walk_history_ablation
587,11.74,1.0,0.0,-0.8692008256912231,0.6217169165611267,0.17713844776153564,-0.10751830786466599,0,2000,history20,4,80,42,1.0,0.0,walk_history_ablation
588,11.76,1.0,0.0,-0.869268536567688,0.6143231987953186,0.19742466509342194,0.027416778728365898,0,2000,history20,4,80,42,1.0,0.0,walk_history_ablation
589,11.78,1.0,0.0,-0.870224118232727,0.6220839023590088,0.21603570878505707,0.12866702675819397,0,2000,history20,4,80,42,1.0,0.0,walk_history_ablation
590,11.8,1.0,0.0,-0.872928261756897,0.6498677730560303,0.23479482531547546,0.3353997468948364,0,2000,history20,4,80,42,1.0,0.0,walk_history_ablation
591,11.82,1.0,0.0,-0.8751550912857056,0.6704956889152527,0.25553643703460693,0.2741127610206604,0,2000,history20,4,80,42,1.0,0.0,walk_history_ablation
592,11.84,1.0,0.0,-0.8778973817825317,0.6996787786483765,0.2869487404823303,0.3712711036205292,0,2000,history20,4,80,42,1.0,0.0,walk_history_ablation
593,11.86,1.0,0.0,-0.879069447517395,0.7400333881378174,0.31352293491363525,0.11309274286031723,0,2000,history20,4,80,42,1.0,0.0,walk_history_ablation
594,11.88,1.0,0.0,-0.8781362771987915,0.7743059992790222,0.3522292971611023,-0.11373132467269897,0,2000,history20,4,80,42,1.0,0.0,walk_history_ablation
595,11.9,1.0,0.0,-0.8737937211990356,0.8017350435256958,0.3836491107940674,-0.38033854961395264,0,2000,history20,4,80,42,1.0,0.0,walk_history_ablation
596,11.92,1.0,0.0,-0.8689953088760376,0.817290723323822,0.4227435886859894,-0.3234317898750305,0,2000,history20,4,80,42,1.0,0.0,walk_history_ablation
597,11.94,1.0,0.0,-0.8660722970962524,0.8213794827461243,0.4629897475242615,-0.12450894713401794,0,2000,history20,4,80,42,1.0,0.0,walk_history_ablation
598,11.96,1.0,0.0,-0.8659788370132446,0.8368666768074036,0.5017789602279663,0.18059241771697998,0,2000,history20,4,80,42,1.0,0.0,walk_history_ablation
599,11.98,1.0,0.0,-0.8692675828933716,0.8546186089515686,0.5213328003883362,0.6239976286888123,0,2000,history20,4,80,42,1.0,0.0,walk_history_ablation
600,12.0,1.0,0.0,-0.8686872720718384,0.6944864392280579,0.41635024547576904,-0.10134229063987732,0,2000,history20,4,80,42,1.0,0.0,walk_history_ablation
601,12.02,1.0,0.0,-0.8611713647842407,0.6403347849845886,0.3305395841598511,-0.6284881234169006,0,2000,history20,4,80,42,1.0,0.0,walk_history_ablation
602,12.040000000000001,1.0,0.0,-0.8527590036392212,0.6366297602653503,0.28965243697166443,-0.598484992980957,0,2000,history20,4,80,42,1.0,0.0,walk_history_ablation
603,12.06,1.0,0.0,-0.8455229997634888,0.6398623585700989,0.2748516798019409,-0.4916805624961853,0,2000,history20,4,80,42,1.0,0.0,walk_history_ablation
604,12.08,1.0,0.0,-0.8386980295181274,0.6314703226089478,0.2526855766773224,-0.4815393090248108,0,2000,history20,4,80,42,1.0,0.0,walk_history_ablation
605,12.1,1.0,0.0,-0.8318368196487427,0.6259276866912842,0.23223665356636047,-0.5052642822265625,0,2000,history20,4,80,42,1.0,0.0,walk_history_ablation
606,12.120000000000001,1.0,0.0,-0.8264180421829224,0.6290130019187927,0.21532368659973145,-0.31899377703666687,0,2000,history20,4,80,42,1.0,0.0,walk_history_ablation
607,12.14,1.0,0.0,-0.8226081132888794,0.6405478715896606,0.19743795692920685,-0.21907928586006165,0,2000,history20,4,80,42,1.0,0.0,walk_history_ablation
608,12.16,1.0,0.0,-0.8198367357254028,0.6514571905136108,0.1838415116071701,-0.17745444178581238,0,2000,history20,4,80,42,1.0,0.0,walk_history_ablation
609,12.18,1.0,0.0,-0.8176041841506958,0.6662530899047852,0.17005662620067596,-0.1813269555568695,0,2000,history20,4,80,42,1.0,0.0,walk_history_ablation
610,12.200000000000001,1.0,0.0,-0.81562340259552,0.698165774345398,0.15997377038002014,-0.23581096529960632,0,2000,history20,4,80,42,1.0,0.0,walk_history_ablation
611,12.22,1.0,0.0,-0.8132439851760864,0.720862865447998,0.15063144266605377,-0.2916238307952881,0,2000,history20,4,80,42,1.0,0.0,walk_history_ablation
612,12.24,1.0,0.0,-0.8096081018447876,0.7469934821128845,0.1377369612455368,-0.4372190833091736,0,2000,history20,4,80,42,1.0,0.0,walk_history_ablation
613,12.26,1.0,0.0,-0.8054248094558716,0.782767653465271,0.12937766313552856,-0.4587198495864868,0,2000,history20,4,80,42,1.0,0.0,walk_history_ablation
614,12.280000000000001,1.0,0.0,-0.8018590211868286,0.8218563795089722,0.11841714382171631,-0.4135868549346924,0,2000,history20,4,80,42,1.0,0.0,walk_history_ablation
615,12.3,1.0,0.0,-0.7999550104141235,0.8508679866790771,0.10613059252500534,-0.20887120068073273,0,2000,history20,4,80,42,1.0,0.0,walk_history_ablation
616,12.32,1.0,0.0,-0.8000036478042603,0.87395179271698,0.09313131868839264,-0.08122192323207855,0,2000,history20,4,80,42,1.0,0.0,walk_history_ablation
617,12.34,1.0,0.0,-0.7998825311660767,0.8768972754478455,0.08199280500411987,-0.1483602225780487,0,2000,history20,4,80,42,1.0,0.0,walk_history_ablation
618,12.36,1.0,0.0,-0.7983351945877075,0.8796381950378418,0.07050865888595581,-0.33429986238479614,0,2000,history20,4,80,42,1.0,0.0,walk_history_ablation
619,12.38,1.0,0.0,-0.7944852113723755,0.8599349856376648,0.08744298666715622,-0.6712415218353271,0,2000,history20,4,80,42,1.0,0.0,walk_history_ablation
620,12.4,1.0,0.0,-0.789068341255188,0.7795240879058838,0.09794175624847412,-0.4702039062976837,0,2000,history20,4,80,42,1.0,0.0,walk_history_ablation
621,12.42,1.0,0.0,-0.7841821908950806,0.7146220803260803,0.12857072055339813,-0.43316954374313354,0,2000,history20,4,80,42,1.0,0.0,walk_history_ablation
622,12.44,1.0,0.0,-0.7820369005203247,0.6982223987579346,0.13423633575439453,-0.35248863697052,0,2000,history20,4,80,42,1.0,0.0,walk_history_ablation
623,12.46,1.0,0.0,-0.7803212404251099,0.6915534734725952,0.12850521504878998,-0.5346074104309082,0,2000,history20,4,80,42,1.0,0.0,walk_history_ablation
624,12.48,1.0,0.0,-0.7762976884841919,0.683500349521637,0.1361808180809021,-0.8871850967407227,0,2000,history20,4,80,42,1.0,0.0,walk_history_ablation
625,12.5,1.0,0.0,-0.7694116830825806,0.6761844754219055,0.14333143830299377,-1.0497150421142578,0,2000,history20,4,80,42,1.0,0.0,walk_history_ablation
626,12.52,1.0,0.0,-0.7609325647354126,0.6703489422798157,0.15831418335437775,-1.0443031787872314,0,2000,history20,4,80,42,1.0,0.0,walk_history_ablation
627,12.540000000000001,1.0,0.0,-0.7541667222976685,0.6607603430747986,0.17031188309192657,-0.7039654850959778,0,2000,history20,4,80,42,1.0,0.0,walk_history_ablation
628,12.56,1.0,0.0,-0.7495890855789185,0.6663413047790527,0.1766136884689331,-0.44555187225341797,0,2000,history20,4,80,42,1.0,0.0,walk_history_ablation
629,12.58,1.0,0.0,-0.7477885484695435,0.6661584377288818,0.1832362860441208,-0.13954469561576843,0,2000,history20,4,80,42,1.0,0.0,walk_history_ablation
630,12.6,1.0,0.0,-0.7479015588760376,0.6612247228622437,0.19869431853294373,0.05060025304555893,0,2000,history20,4,80,42,1.0,0.0,walk_history_ablation
631,12.620000000000001,1.0,0.0,-0.750104546546936,0.6654250025749207,0.2177608162164688,0.27356502413749695,0,2000,history20,4,80,42,1.0,0.0,walk_history_ablation
632,12.64,1.0,0.0,-0.7535778284072876,0.6857912540435791,0.23888689279556274,0.3588513433933258,0,2000,history20,4,80,42,1.0,0.0,walk_history_ablation
633,12.66,1.0,0.0,-0.7583481073379517,0.7129161357879639,0.2575770914554596,0.37150341272354126,0,2000,history20,4,80,42,1.0,0.0,walk_history_ablation
634,12.68,1.0,0.0,-0.7621122598648071,0.7402055859565735,0.2834509611129761,0.437852680683136,0,2000,history20,4,80,42,1.0,0.0,walk_history_ablation
635,12.700000000000001,1.0,0.0,-0.7654176950454712,0.764029324054718,0.3122909963130951,0.3514174520969391,0,2000,history20,4,80,42,1.0,0.0,walk_history_ablation
636,12.72,1.0,0.0,-0.7662688493728638,0.8111451268196106,0.3426132798194885,0.044146884232759476,0,2000,history20,4,80,42,1.0,0.0,walk_history_ablation
637,12.74,1.0,0.0,-0.7646118402481079,0.8455358147621155,0.3842923045158386,-0.18706512451171875,0,2000,history20,4,80,42,1.0,0.0,walk_history_ablation
638,12.76,1.0,0.0,-0.7592388391494751,0.8612423539161682,0.41760915517807007,-0.5296751260757446,0,2000,history20,4,80,42,1.0,0.0,walk_history_ablation
639,12.780000000000001,1.0,0.0,-0.753125786781311,0.8794559240341187,0.46361371874809265,-0.4574565887451172,0,2000,history20,4,80,42,1.0,0.0,walk_history_ablation
640,12.8,1.0,0.0,-0.74970543384552,0.8857309818267822,0.5046349167823792,-0.1484852433204651,0,2000,history20,4,80,42,1.0,0.0,walk_history_ablation
641,12.82,1.0,0.0,-0.749972939491272,0.9057438969612122,0.5343326330184937,0.2805217206478119,0,2000,history20,4,80,42,1.0,0.0,walk_history_ablation
642,12.84,1.0,0.0,-0.7515636682510376,0.7564351558685303,0.44083136320114136,0.2582905888557434,0,2000,history20,4,80,42,1.0,0.0,walk_history_ablation
643,12.86,1.0,0.0,-0.7445012331008911,0.6603518724441528,0.35226574540138245,-0.587653398513794,0,2000,history20,4,80,42,1.0,0.0,walk_history_ablation
644,12.88,1.0,0.0,-0.735169529914856,0.6224714517593384,0.2991205155849457,-0.5881569981575012,0,2000,history20,4,80,42,1.0,0.0,walk_history_ablation
645,12.9,1.0,0.0,-0.7292934656143188,0.6270084381103516,0.2792765498161316,-0.22033974528312683,0,2000,history20,4,80,42,1.0,0.0,walk_history_ablation
646,12.92,1.0,0.0,-0.726331353187561,0.6279318928718567,0.26011398434638977,-0.03727569431066513,0,2000,history20,4,80,42,1.0,0.0,walk_history_ablation
647,12.94,1.0,0.0,-0.7232800722122192,0.6282033920288086,0.23482362926006317,-0.17566904425621033,0,2000,history20,4,80,42,1.0,0.0,walk_history_ablation
648,12.96,1.0,0.0,-0.7191368341445923,0.6338575482368469,0.21021145582199097,-0.2910997271537781,0,2000,history20,4,80,42,1.0,0.0,walk_history_ablation
649,12.98,1.0,0.0,-0.7148805856704712,0.6517395973205566,0.19582858681678772,-0.31573671102523804,0,2000,history20,4,80,42,1.0,0.0,walk_history_ablation
650,13.0,1.0,0.0,-0.7118059396743774,0.6613240838050842,0.1858004778623581,-0.17839662730693817,0,2000,history20,4,80,42,1.0,0.0,walk_history_ablation
651,13.02,1.0,0.0,-0.7091065645217896,0.672544002532959,0.17051702737808228,-0.2202596217393875,0,2000,history20,4,80,42,1.0,0.0,walk_history_ablation
652,13.040000000000001,1.0,0.0,-0.7064648866653442,0.7002890110015869,0.16337667405605316,-0.28172415494918823,0,2000,history20,4,80,42,1.0,0.0,walk_history_ablation
653,13.06,1.0,0.0,-0.7035452127456665,0.7267331480979919,0.1572006195783615,-0.32740116119384766,0,2000,history20,4,80,42,1.0,0.0,walk_history_ablation
654,13.08,1.0,0.0,-0.699649453163147,0.754551351070404,0.14920233190059662,-0.44577881693840027,0,2000,history20,4,80,42,1.0,0.0,walk_history_ablation
655,13.1,1.0,0.0,-0.6950165033340454,0.7881869077682495,0.14478042721748352,-0.49310439825057983,0,2000,history20,4,80,42,1.0,0.0,walk_history_ablation
656,13.120000000000001,1.0,0.0,-0.6907449960708618,0.8298832178115845,0.14018802344799042,-0.4712833762168884,0,2000,history20,4,80,42,1.0,0.0,walk_history_ablation
657,13.14,1.0,0.0,-0.6881672143936157,0.8673427104949951,0.1338840276002884,-0.2650138735771179,0,2000,history20,4,80,42,1.0,0.0,walk_history_ablation
658,13.16,1.0,0.0,-0.6877962350845337,0.9034267663955688,0.12153860181570053,-0.1343851536512375,0,2000,history20,4,80,42,1.0,0.0,walk_history_ablation
659,13.18,1.0,0.0,-0.6872431039810181,0.9174358248710632,0.1104324534535408,-0.19658806920051575,0,2000,history20,4,80,42,1.0,0.0,walk_history_ablation
660,13.200000000000001,1.0,0.0,-0.685550332069397,0.9236953854560852,0.10137422382831573,-0.36729854345321655,0,2000,history20,4,80,42,1.0,0.0,walk_history_ablation
661,13.22,1.0,0.0,-0.681705117225647,0.9174191951751709,0.0984831154346466,-0.46372753381729126,0,2000,history20,4,80,42,1.0,0.0,walk_history_ablation
662,13.24,1.0,0.0,-0.6759430170059204,0.8285486698150635,0.09610024094581604,-0.806227445602417,0,2000,history20,4,80,42,1.0,0.0,walk_history_ablation
663,13.26,1.0,0.0,-0.6699181795120239,0.7494702935218811,0.13300225138664246,-0.5583109855651855,0,2000,history20,4,80,42,1.0,0.0,walk_history_ablation
664,13.280000000000001,1.0,0.0,-0.6672683954238892,0.7047936320304871,0.14378254115581512,-0.22200855612754822,0,2000,history20,4,80,42,1.0,0.0,walk_history_ablation
665,13.3,1.0,0.0,-0.6677771806716919,0.6858291029930115,0.136302188038826,-0.17128586769104004,0,2000,history20,4,80,42,1.0,0.0,walk_history_ablation
666,13.32,1.0,0.0,-0.6677781343460083,0.6708442568778992,0.13410750031471252,-0.47536760568618774,0,2000,history20,4,80,42,1.0,0.0,walk_history_ablation
667,13.34,1.0,0.0,-0.6639443635940552,0.6578832864761353,0.13652867078781128,-0.9070608019828796,0,2000,history20,4,80,42,1.0,0.0,walk_history_ablation
668,13.36,1.0,0.0,-0.6564565896987915,0.644865095615387,0.1444767564535141,-1.0799970626831055,0,2000,history20,4,80,42,1.0,0.0,walk_history_ablation
669,13.38,1.0,0.0,-0.6485496759414673,0.6421893835067749,0.15734274685382843,-0.9081276059150696,0,2000,history20,4,80,42,1.0,0.0,walk_history_ablation
670,13.4,1.0,0.0,-0.6429964303970337,0.6430770754814148,0.1662159264087677,-0.5705729722976685,0,2000,history20,4,80,42,1.0,0.0,walk_history_ablation
671,13.42,1.0,0.0,-0.6392041444778442,0.6484363079071045,0.17126698791980743,-0.37425658106803894,0,2000,history20,4,80,42,1.0,0.0,walk_history_ablation
672,13.44,1.0,0.0,-0.6379166841506958,0.6451287269592285,0.18187694251537323,-0.07797699421644211,0,2000,history20,4,80,42,1.0,0.0,walk_history_ablation
673,13.46,1.0,0.0,-0.6384445428848267,0.6393016576766968,0.20044077932834625,0.08126867562532425,0,2000,history20,4,80,42,1.0,0.0,walk_history_ablation
674,13.48,1.0,0.0,-0.6402298212051392,0.645060122013092,0.21826323866844177,0.21975988149642944,0,2000,history20,4,80,42,1.0,0.0,walk_history_ablation
675,13.5,1.0,0.0,-0.6434532403945923,0.6683374047279358,0.23921069502830505,0.37819820642471313,0,2000,history20,4,80,42,1.0,0.0,walk_history_ablation
676,13.52,1.0,0.0,-0.6470681428909302,0.6900342702865601,0.2637591063976288,0.3800433278083801,0,2000,history20,4,80,42,1.0,0.0,walk_history_ablation
677,13.540000000000001,1.0,0.0,-0.6507459878921509,0.7197738289833069,0.29435601830482483,0.43741825222969055,0,2000,history20,4,80,42,1.0,0.0,walk_history_ablation
678,13.56,1.0,0.0,-0.6529003381729126,0.7530013918876648,0.323654443025589,0.19761613011360168,0,2000,history20,4,80,42,1.0,0.0,walk_history_ablation
679,13.58,1.0,0.0,-0.6522394418716431,0.7921392321586609,0.3616090416908264,-0.1303776502609253,0,2000,history20,4,80,42,1.0,0.0,walk_history_ablation
680,13.6,1.0,0.0,-0.6485563516616821,0.8206154108047485,0.3995494246482849,-0.3520241379737854,0,2000,history20,4,80,42,1.0,0.0,walk_history_ablation
681,13.620000000000001,1.0,0.0,-0.6431914567947388,0.8399163484573364,0.43762367963790894,-0.4375402629375458,0,2000,history20,4,80,42,1.0,0.0,walk_history_ablation
682,13.64,1.0,0.0,-0.6390544176101685,0.8514828681945801,0.4802614450454712,-0.22669336199760437,0,2000,history20,4,80,42,1.0,0.0,walk_history_ablation
683,13.66,1.0,0.0,-0.6381903886795044,0.8651553988456726,0.5200161337852478,0.1333557367324829,0,2000,history20,4,80,42,1.0,0.0,walk_history_ablation
684,13.68,1.0,0.0,-0.6413732767105103,0.8903777599334717,0.5380499958992004,0.5881998538970947,0,2000,history20,4,80,42,1.0,0.0,walk_history_ablation
685,13.700000000000001,1.0,0.0,-0.6403218507766724,0.7093465924263,0.42509815096855164,-0.17839793860912323,0,2000,history20,4,80,42,1.0,0.0,walk_history_ablation
686,13.72,1.0,0.0,-0.6320406198501587,0.6424657106399536,0.3376183807849884,-0.6732321977615356,0,2000,history20,4,80,42,1.0,0.0,walk_history_ablation
687,13.74,1.0,0.0,-0.6235729455947876,0.6282036900520325,0.29406601190567017,-0.5468728542327881,0,2000,history20,4,80,42,1.0,0.0,walk_history_ablation
688,13.76,1.0,0.0,-0.6180688142776489,0.6301676034927368,0.27887943387031555,-0.2491915374994278,0,2000,history20,4,80,42,1.0,0.0,walk_history_ablation
689,13.780000000000001,1.0,0.0,-0.6141692399978638,0.6223493814468384,0.2554336488246918,-0.16644543409347534,0,2000,history20,4,80,42,1.0,0.0,walk_history_ablation
690,13.8,1.0,0.0,-0.609955906867981,0.6173214316368103,0.230432391166687,-0.2798561453819275,0,2000,history20,4,80,42,1.0,0.0,walk_history_ablation
691,13.82,1.0,0.0,-0.6056786775588989,0.6183571219444275,0.21004605293273926,-0.26272040605545044,0,2000,history20,4,80,42,1.0,0.0,walk_history_ablation
692,13.84,1.0,0.0,-0.6022325754165649,0.6306584477424622,0.19415661692619324,-0.20636925101280212,0,2000,history20,4,80,42,1.0,0.0,walk_history_ablation
693,13.86,1.0,0.0,-0.5998026132583618,0.6383442282676697,0.1814708262681961,-0.1412411630153656,0,2000,history20,4,80,42,1.0,0.0,walk_history_ablation
694,13.88,1.0,0.0,-0.597725510597229,0.6501803994178772,0.16663002967834473,-0.1678670048713684,0,2000,history20,4,80,42,1.0,0.0,walk_history_ablation
695,13.9,1.0,0.0,-0.5959888696670532,0.6785811185836792,0.1576894074678421,-0.1939866840839386,0,2000,history20,4,80,42,1.0,0.0,walk_history_ablation
696,13.92,1.0,0.0,-0.5939575433731079,0.7017124891281128,0.14793787896633148,-0.2529744505882263,0,2000,history20,4,80,42,1.0,0.0,walk_history_ablation
697,13.94,1.0,0.0,-0.5906091928482056,0.7283591628074646,0.13645103573799133,-0.41198602318763733,0,2000,history20,4,80,42,1.0,0.0,walk_history_ablation
698,13.96,1.0,0.0,-0.5867239236831665,0.7641151547431946,0.1305803656578064,-0.43032991886138916,0,2000,history20,4,80,42,1.0,0.0,walk_history_ablation
699,13.98,1.0,0.0,-0.5833669900894165,0.802734911441803,0.12260272353887558,-0.39285361766815186,0,2000,history20,4,80,42,1.0,0.0,walk_history_ablation
700,14.0,1.0,0.0,-0.5817967653274536,0.8344759941101074,0.11257068067789078,-0.174758180975914,0,2000,history20,4,80,42,1.0,0.0,walk_history_ablation
701,14.02,1.0,0.0,-0.5820785760879517,0.8628573417663574,0.10025526583194733,-0.08815183490514755,0,2000,history20,4,80,42,1.0,0.0,walk_history_ablation
702,14.040000000000001,1.0,0.0,-0.5818296670913696,0.8665652275085449,0.09042102843523026,-0.16757255792617798,0,2000,history20,4,80,42,1.0,0.0,walk_history_ablation
703,14.06,1.0,0.0,-0.5803362131118774,0.872238278388977,0.08069264143705368,-0.3449867367744446,0,2000,history20,4,80,42,1.0,0.0,walk_history_ablation
704,14.08,1.0,0.0,-0.5763965845108032,0.8700533509254456,0.07625862956047058,-0.47891417145729065,0,2000,history20,4,80,42,1.0,0.0,walk_history_ablation
705,14.1,1.0,0.0,-0.5705219507217407,0.7938440442085266,0.09632385522127151,-0.46519431471824646,0,2000,history20,4,80,42,1.0,0.0,walk_history_ablation
706,14.120000000000001,1.0,0.0,-0.5659652948379517,0.7276385426521301,0.1354900598526001,-0.3874737322330475,0,2000,history20,4,80,42,1.0,0.0,walk_history_ablation
707,14.14,1.0,0.0,-0.5648332834243774,0.7039898633956909,0.14328883588314056,-0.15652917325496674,0,2000,history20,4,80,42,1.0,0.0,walk_history_ablation
708,14.16,1.0,0.0,-0.5654517412185669,0.6888163089752197,0.1398734301328659,-0.25808489322662354,0,2000,history20,4,80,42,1.0,0.0,walk_history_ablation
709,14.18,1.0,0.0,-0.5640136003494263,0.6712124347686768,0.1393604576587677,-0.6347787976264954,0,2000,history20,4,80,42,1.0,0.0,walk_history_ablation
710,14.200000000000001,1.0,0.0,-0.5588318109512329,0.6546993255615234,0.14886000752449036,-0.9710971117019653,0,2000,history20,4,80,42,1.0,0.0,walk_history_ablation
711,14.22,1.0,0.0,-0.5509616136550903,0.6405014395713806,0.16080844402313232,-1.044698715209961,0,2000,history20,4,80,42,1.0,0.0,walk_history_ablation
712,14.24,1.0,0.0,-0.543472409248352,0.6409480571746826,0.1730910837650299,-0.8089368343353271,0,2000,history20,4,80,42,1.0,0.0,walk_history_ablation
713,14.26,1.0,0.0,-0.538735032081604,0.6453359127044678,0.18062958121299744,-0.45745381712913513,0,2000,history20,4,80,42,1.0,0.0,walk_history_ablation
714,14.280000000000001,1.0,0.0,-0.5361920595169067,0.6536528468132019,0.1864093840122223,-0.21252886950969696,0,2000,history20,4,80,42,1.0,0.0,walk_history_ablation
715,14.3,1.0,0.0,-0.5362974405288696,0.6513739228248596,0.1988753378391266,0.07516060769557953,0,2000,history20,4,80,42,1.0,0.0,walk_history_ablation
716,14.32,1.0,0.0,-0.5382047891616821,0.6500539779663086,0.21679455041885376,0.233159601688385,0,2000,history20,4,80,42,1.0,0.0,walk_history_ablation
717,14.34,1.0,0.0,-0.5414978265762329,0.6593531370162964,0.2354322373867035,0.3631032705307007,0,2000,history20,4,80,42,1.0,0.0,walk_history_ablation
718,14.36,1.0,0.0,-0.5456181764602661,0.6784442067146301,0.2553479075431824,0.2461027055978775,0,2000,history20,4,80,42,1.0,0.0,walk_history_ablation
719,14.38,1.0,0.0,-0.5487171411514282,0.7041099667549133,0.280786395072937,0.3939063549041748,0,2000,history20,4,80,42,1.0,0.0,walk_history_ablation
720,14.4,1.0,0.0,-0.5516411066055298,0.7386317849159241,0.3088814616203308,0.3397970497608185,0,2000,history20,4,80,42,1.0,0.0,walk_history_ablation
721,14.42,1.0,0.0,-0.5529986619949341,0.7710862755775452,0.34043294191360474,0.13116711378097534,0,2000,history20,4,80,42,1.0,0.0,walk_history_ablation
722,14.44,1.0,0.0,-0.5514456033706665,0.8065099120140076,0.3755010962486267,-0.20177148282527924,0,2000,history20,4,80,42,1.0,0.0,walk_history_ablation
723,14.46,1.0,0.0,-0.5475145578384399,0.8296105265617371,0.4147328734397888,-0.33833402395248413,0,2000,history20,4,80,42,1.0,0.0,walk_history_ablation
724,14.48,1.0,0.0,-0.5430833101272583,0.842120885848999,0.4529343545436859,-0.3120538592338562,0,2000,history20,4,80,42,1.0,0.0,walk_history_ablation
725,14.5,1.0,0.0,-0.5406147241592407,0.8530883193016052,0.4932178556919098,-0.028238017112016678,0,2000,history20,4,80,42,1.0,0.0,walk_history_ablation
726,14.52,1.0,0.0,-0.5422497987747192,0.8669101595878601,0.5234406590461731,0.4271289110183716,0,2000,history20,4,80,42,1.0,0.0,walk_history_ablation
727,14.540000000000001,1.0,0.0,-0.5449882745742798,0.7332316637039185,0.46934011578559875,0.6411328911781311,0,2000,history20,4,80,42,1.0,0.0,walk_history_ablation
728,14.56,1.0,0.0,-0.540451169013977,0.6369279026985168,0.36299756169319153,-0.4669173061847687,0,2000,history20,4,80,42,1.0,0.0,walk_history_ablation
729,14.58,1.0,0.0,-0.5316673517227173,0.6040095686912537,0.3003740906715393,-0.6389517784118652,0,2000,history20,4,80,42,1.0,0.0,walk_history_ablation
730,14.6,1.0,0.0,-0.5245357751846313,0.6126111149787903,0.2795136868953705,-0.39390015602111816,0,2000,history20,4,80,42,1.0,0.0,walk_history_ablation
731,14.620000000000001,1.0,0.0,-0.5201927423477173,0.6204874515533447,0.2638334631919861,-0.16530776023864746,0,2000,history20,4,80,42,1.0,0.0,walk_history_ablation
732,14.64,1.0,0.0,-0.5167766809463501,0.623706579208374,0.24324798583984375,-0.1801416426897049,0,2000,history20,4,80,42,1.0,0.0,walk_history_ablation
733,14.66,1.0,0.0,-0.5127030611038208,0.6274778842926025,0.21526393294334412,-0.27690619230270386,0,2000,history20,4,80,42,1.0,0.0,walk_history_ablation
734,14.68,1.0,0.0,-0.5089107751846313,0.6441787481307983,0.19839781522750854,-0.251309871673584,0,2000,history20,4,80,42,1.0,0.0,walk_history_ablation
735,14.700000000000001,1.0,0.0,-0.5062128305435181,0.657393753528595,0.18615996837615967,-0.1441527158021927,0,2000,history20,4,80,42,1.0,0.0,walk_history_ablation
736,14.72,1.0,0.0,-0.5039421319961548,0.6697566509246826,0.16991373896598816,-0.1728796660900116,0,2000,history20,4,80,42,1.0,0.0,walk_history_ablation
737,14.74,1.0,0.0,-0.501346230506897,0.6990220546722412,0.16145797073841095,-0.305515855550766,0,2000,history20,4,80,42,1.0,0.0,walk_history_ablation
738,14.76,1.0,0.0,-0.4980212450027466,0.7236685752868652,0.15375278890132904,-0.35522782802581787,0,2000,history20,4,80,42,1.0,0.0,walk_history_ablation
739,14.780000000000001,1.0,0.0,-0.49417078495025635,0.7499233484268188,0.1459183394908905,-0.4171932637691498,0,2000,history20,4,80,42,1.0,0.0,walk_history_ablation
740,14.8,1.0,0.0,-0.49004852771759033,0.779897153377533,0.13945820927619934,-0.4397296607494354,0,2000,history20,4,80,42,1.0,0.0,walk_history_ablation
741,14.82,1.0,0.0,-0.4860726594924927,0.8189241290092468,0.1309628188610077,-0.4662115275859833,0,2000,history20,4,80,42,1.0,0.0,walk_history_ablation
742,14.84,1.0,0.0,-0.4833928346633911,0.8552067875862122,0.12236735969781876,-0.28483086824417114,0,2000,history20,4,80,42,1.0,0.0,walk_history_ablation
743,14.86,1.0,0.0,-0.48278677463531494,0.8891788125038147,0.10849406570196152,-0.12844409048557281,0,2000,history20,4,80,42,1.0,0.0,walk_history_ablation
744,14.88,1.0,0.0,-0.48246681690216064,0.9035670161247253,0.0957886129617691,-0.1446201354265213,0,2000,history20,4,80,42,1.0,0.0,walk_history_ablation
745,14.9,1.0,0.0,-0.4815279245376587,0.909842312335968,0.08433512598276138,-0.2499096691608429,0,2000,history20,4,80,42,1.0,0.0,walk_history_ablation
746,14.92,1.0,0.0,-0.4790388345718384,0.9086666703224182,0.07690995186567307,-0.3463684320449829,0,2000,history20,4,80,42,1.0,0.0,walk_history_ablation
747,14.94,1.0,0.0,-0.47500336170196533,0.8455707430839539,0.07816490530967712,-0.794061005115509,0,2000,history20,4,80,42,1.0,0.0,walk_history_ablation
748,14.96,1.0,0.0,-0.4709674119949341,0.7764171957969666,0.12922687828540802,-0.5401042699813843,0,2000,history20,4,80,42,1.0,0.0,walk_history_ablation
749,14.98,1.0,0.0,-0.4682575464248657,0.7378100156784058,0.14479833841323853,-0.22026985883712769,0,2000,history20,4,80,42,1.0,0.0,walk_history_ablation
750,15.0,1.0,0.0,-0.46926605701446533,0.721747100353241,0.14451563358306885,-0.0594136007130146,0,2000,history20,4,80,42,1.0,0.0,walk_history_ablation
751,15.02,1.0,0.0,-0.47027409076690674,0.7124136090278625,0.14125731587409973,-0.3621123135089874,0,2000,history20,4,80,42,1.0,0.0,walk_history_ablation
752,15.040000000000001,1.0,0.0,-0.46704256534576416,0.7053253650665283,0.1440703570842743,-0.8538562059402466,0,2000,history20,4,80,42,1.0,0.0,walk_history_ablation
753,15.06,1.0,0.0,-0.4597851037979126,0.6942437887191772,0.15698133409023285,-1.0974528789520264,0,2000,history20,4,80,42,1.0,0.0,walk_history_ablation
754,15.08,1.0,0.0,-0.4516955614089966,0.6913070678710938,0.17336483299732208,-0.9179951548576355,0,2000,history20,4,80,42,1.0,0.0,walk_history_ablation
755,15.1,1.0,0.0,-0.44627439975738525,0.6957630515098572,0.18670590221881866,-0.5336973667144775,0,2000,history20,4,80,42,1.0,0.0,walk_history_ablation
756,15.120000000000001,1.0,0.0,-0.44317543506622314,0.7016773819923401,0.19232621788978577,-0.2901611626148224,0,2000,history20,4,80,42,1.0,0.0,walk_history_ablation
757,15.14,1.0,0.0,-0.4427567720413208,0.6975430846214294,0.2037997543811798,0.014290090650320053,0,2000,history20,4,80,42,1.0,0.0,walk_history_ablation
758,15.16,1.0,0.0,-0.44473516941070557,0.6961636543273926,0.2206801325082779,0.23640099167823792,0,2000,history20,4,80,42,1.0,0.0,walk_history_ablation
759,15.18,1.0,0.0,-0.447970986366272,0.7020254731178284,0.23618218302726746,0.33516940474510193,0,2000,history20,4,80,42,1.0,0.0,walk_history_ablation
760,15.200000000000001,1.0,0.0,-0.4517146348953247,0.7215197682380676,0.25578388571739197,0.4031400978565216,0,2000,history20,4,80,42,1.0,0.0,walk_history_ablation
761,15.22,1.0,0.0,-0.45583879947662354,0.7444928884506226,0.2795708477497101,0.40914204716682434,0,2000,history20,4,80,42,1.0,0.0,walk_history_ablation
762,15.24,1.0,0.0,-0.4595705270767212,0.7762138247489929,0.3109428286552429,0.4437287449836731,0,2000,history20,4,80,42,1.0,0.0,walk_history_ablation
763,15.26,1.0,0.0,-0.46144258975982666,0.8131689429283142,0.34451696276664734,0.13371065258979797,0,2000,history20,4,80,42,1.0,0.0,walk_history_ablation
764,15.280000000000001,1.0,0.0,-0.45992720127105713,0.8412906527519226,0.38419976830482483,-0.230340838432312,0,2000,history20,4,80,42,1.0,0.0,walk_history_ablation
765,15.3,1.0,0.0,-0.45529377460479736,0.8652634620666504,0.42361608147621155,-0.43793153762817383,0,2000,history20,4,80,42,1.0,0.0,walk_history_ablation
766,15.32,1.0,0.0,-0.4499322175979614,0.8858705759048462,0.46458807587623596,-0.37482890486717224,0,2000,history20,4,80,42,1.0,0.0,walk_history_ablation
767,15.34,1.0,0.0,-0.44735538959503174,0.8956323266029358,0.5073248744010925,-0.05054471641778946,0,2000,history20,4,80,42,1.0,0.0,walk_history_ablation
768,15.36,1.0,0.0,-0.4481164216995239,0.9112266302108765,0.5432640314102173,0.2627054452896118,0,2000,history20,4,80,42,1.0,0.0,walk_history_ablation
769,15.38,1.0,0.0,-0.4517103433609009,0.8324903845787048,0.510219395160675,1.0764473676681519,0,2000,history20,4,80,42,1.0,0.0,walk_history_ablation
770,15.4,1.0,0.0,-0.4491316080093384,0.6806194186210632,0.3999393880367279,-0.41996631026268005,0,2000,history20,4,80,42,1.0,0.0,walk_history_ablation
771,15.42,1.0,0.0,-0.4394327402114868,0.6146572232246399,0.3128650486469269,-0.7211642861366272,0,2000,history20,4,80,42,1.0,0.0,walk_history_ablation
772,15.44,1.0,0.0,-0.431890606880188,0.617103636264801,0.27847573161125183,-0.41960808634757996,0,2000,history20,4,80,42,1.0,0.0,walk_history_ablation
773,15.46,1.0,0.0,-0.42831194400787354,0.6324320435523987,0.27113133668899536,-0.045575909316539764,0,2000,history20,4,80,42,1.0,0.0,walk_history_ablation
774,15.48,1.0,0.0,-0.42744219303131104,0.6342150568962097,0.2590816020965576,0.1284659057855606,0,2000,history20,4,80,42,1.0,0.0,walk_history_ablation
775,15.5,1.0,0.0,-0.4256998300552368,0.6254971027374268,0.22798755764961243,-0.08285639435052872,0,2000,history20,4,80,42,1.0,0.0,walk_history_ablation
776,15.52,1.0,0.0,-0.42270195484161377,0.6318479180335999,0.20508666336536407,-0.21578474342823029,0,2000,history20,4,80,42,1.0,0.0,walk_history_ablation
777,15.540000000000001,1.0,0.0,-0.419561505317688,0.6431555151939392,0.19217073917388916,-0.215254545211792,0,2000,history20,4,80,42,1.0,0.0,walk_history_ablation
778,15.56,1.0,0.0,-0.4163562059402466,0.6539415717124939,0.18092931807041168,-0.25177639722824097,0,2000,history20,4,80,42,1.0,0.0,walk_history_ablation
779,15.58,1.0,0.0,-0.41329920291900635,0.6713647842407227,0.17326867580413818,-0.26629602909088135,0,2000,history20,4,80,42,1.0,0.0,walk_history_ablation
780,15.6,1.0,0.0,-0.4103156328201294,0.6959918737411499,0.16751006245613098,-0.301624596118927,0,2000,history20,4,80,42,1.0,0.0,walk_history_ablation
781,15.620000000000001,1.0,0.0,-0.40756523609161377,0.7217065095901489,0.16222257912158966,-0.29344356060028076,0,2000,history20,4,80,42,1.0,0.0,walk_history_ablation
782,15.64,1.0,0.0,-0.40403950214385986,0.7497197389602661,0.15062914788722992,-0.4090490937232971,0,2000,history20,4,80,42,1.0,0.0,walk_history_ablation
783,15.66,1.0,0.0,-0.4004784822463989,0.7877542972564697,0.14480037987232208,-0.39895176887512207,0,2000,history20,4,80,42,1.0,0.0,walk_history_ablation
784,15.68,1.0,0.0,-0.3974367380142212,0.8245159983634949,0.13541358709335327,-0.32979851961135864,0,2000,history20,4,80,42,1.0,0.0,walk_history_ablation
785,15.700000000000001,1.0,0.0,-0.3966332674026489,0.8594285845756531,0.12604153156280518,-0.12091134488582611,0,2000,history20,4,80,42,1.0,0.0,walk_history_ablation
786,15.72,1.0,0.0,-0.3966161012649536,0.8876466155052185,0.11330261826515198,-0.11829949915409088,0,2000,history20,4,80,42,1.0,0.0,walk_history_ablation
787,15.74,1.0,0.0,-0.39616644382476807,0.895252525806427,0.10258776694536209,-0.19413280487060547,0,2000,history20,4,80,42,1.0,0.0,walk_history_ablation
788,15.76,1.0,0.0,-0.39460623264312744,0.8945862054824829,0.09394946694374084,-0.31844383478164673,0,2000,history20,4,80,42,1.0,0.0,walk_history_ablation
789,15.780000000000001,1.0,0.0,-0.3907214403152466,0.8888736367225647,0.09064915031194687,-0.5011739730834961,0,2000,history20,4,80,42,1.0,0.0,walk_history_ablation
790,15.8,1.0,0.0,-0.3850451707839966,0.8136591911315918,0.09820380806922913,-0.6004469990730286,0,2000,history20,4,80,42,1.0,0.0,walk_history_ablation
791,15.82,1.0,0.0,-0.37989771366119385,0.7382653951644897,0.13134530186653137,-0.45239371061325073,0,2000,history20,4,80,42,1.0,0.0,walk_history_ablation
792,15.84,1.0,0.0,-0.3788958787918091,0.6955318450927734,0.14019563794136047,-0.09497189521789551,0,2000,history20,4,80,42,1.0,0.0,walk_history_ablation
793,15.860000000000001,1.0,0.0,-0.3805948495864868,0.6720998883247375,0.1340843141078949,-0.13646864891052246,0,2000,history20,4,80,42,1.0,0.0,walk_history_ablation
794,15.88,1.0,0.0,-0.380499005317688,0.652135968208313,0.13034556806087494,-0.5245921611785889,0,2000,history20,4,80,42,1.0,0.0,walk_history_ablation
795,15.9,1.0,0.0,-0.37651360034942627,0.6361043453216553,0.13769757747650146,-0.8734963536262512,0,2000,history20,4,80,42,1.0,0.0,walk_history_ablation
796,15.92,1.0,0.0,-0.36942970752716064,0.626304030418396,0.1475195735692978,-0.9668056964874268,0,2000,history20,4,80,42,1.0,0.0,walk_history_ablation
797,15.94,1.0,0.0,-0.3627687692642212,0.6310151219367981,0.15874551236629486,-0.7195364236831665,0,2000,history20,4,80,42,1.0,0.0,walk_history_ablation
798,15.96,1.0,0.0,-0.3587895631790161,0.6380326747894287,0.1662530153989792,-0.3907044529914856,0,2000,history20,4,80,42,1.0,0.0,walk_history_ablation
799,15.98,1.0,0.0,-0.3566209077835083,0.6439542770385742,0.17177759110927582,-0.19142530858516693,0,2000,history20,4,80,42,1.0,0.0,walk_history_ablation
800,16.0,1.0,0.0,-0.3566633462905884,0.6404072642326355,0.18516264855861664,0.052189022302627563,0,2000,history20,4,80,42,1.0,0.0,walk_history_ablation
801,16.02,1.0,0.0,-0.35816633701324463,0.6357637047767639,0.20487725734710693,0.17719514667987823,0,2000,history20,4,80,42,1.0,0.0,walk_history_ablation
802,16.04,1.0,0.0,-0.36088240146636963,0.6473753452301025,0.2236149162054062,0.3167932331562042,0,2000,history20,4,80,42,1.0,0.0,walk_history_ablation
803,16.06,1.0,0.0,-0.3646913766860962,0.6661472916603088,0.24522662162780762,0.2824711203575134,0,2000,history20,4,80,42,1.0,0.0,walk_history_ablation
804,16.080000000000002,1.0,0.0,-0.3677765130996704,0.6896152496337891,0.2706286609172821,0.4159413278102875,0,2000,history20,4,80,42,1.0,0.0,walk_history_ablation
805,16.1,1.0,0.0,-0.37110865116119385,0.7220715284347534,0.30186834931373596,0.38217636942863464,0,2000,history20,4,80,42,1.0,0.0,walk_history_ablation
806,16.12,1.0,0.0,-0.37269461154937744,0.752378523349762,0.33370083570480347,0.1353180855512619,0,2000,history20,4,80,42,1.0,0.0,walk_history_ablation
807,16.14,1.0,0.0,-0.3712822198867798,0.7839568257331848,0.36885765194892883,-0.1899436116218567,0,2000,history20,4,80,42,1.0,0.0,walk_history_ablation
808,16.16,1.0,0.0,-0.3673783540725708,0.8054254055023193,0.4081529378890991,-0.325145959854126,0,2000,history20,4,80,42,1.0,0.0,walk_history_ablation
809,16.18,1.0,0.0,-0.3633610010147095,0.817337155342102,0.4471302032470703,-0.2521573305130005,0,2000,history20,4,80,42,1.0,0.0,walk_history_ablation
810,16.2,1.0,0.0,-0.36173975467681885,0.8282294869422913,0.48630204796791077,0.07203464210033417,0,2000,history20,4,80,42,1.0,0.0,walk_history_ablation
811,16.22,1.0,0.0,-0.3641601800918579,0.8378376960754395,0.5156728029251099,0.5019895434379578,0,2000,history20,4,80,42,1.0,0.0,walk_history_ablation
812,16.240000000000002,1.0,0.0,-0.3662186861038208,0.7027651071548462,0.46122288703918457,0.6906334757804871,0,2000,history20,4,80,42,1.0,0.0,walk_history_ablation
813,16.26,1.0,0.0,-0.3622490167617798,0.6138392686843872,0.3578779399394989,-0.4076414704322815,0,2000,history20,4,80,42,1.0,0.0,walk_history_ablation
814,16.28,1.0,0.0,-0.3542124032974243,0.5822244882583618,0.29270803928375244,-0.578865110874176,0,2000,history20,4,80,42,1.0,0.0,walk_history_ablation
815,16.3,1.0,0.0,-0.34768974781036377,0.588998556137085,0.26784536242485046,-0.34110918641090393,0,2000,history20,4,80,42,1.0,0.0,walk_history_ablation
816,16.32,1.0,0.0,-0.34426796436309814,0.597947359085083,0.2510174810886383,-0.056039292365312576,0,2000,history20,4,80,42,1.0,0.0,walk_history_ablation
817,16.34,1.0,0.0,-0.34211695194244385,0.5991926193237305,0.22925370931625366,-0.04205438867211342,0,2000,history20,4,80,42,1.0,0.0,walk_history_ablation
818,16.36,1.0,0.0,-0.3395305871963501,0.6050442457199097,0.20057202875614166,-0.13650807738304138,0,2000,history20,4,80,42,1.0,0.0,walk_history_ablation
819,16.38,1.0,0.0,-0.33705246448516846,0.6254212260246277,0.18301783502101898,-0.1406116932630539,0,2000,history20,4,80,42,1.0,0.0,walk_history_ablation
820,16.4,1.0,0.0,-0.33518707752227783,0.6419955492019653,0.16969522833824158,-0.08703473210334778,0,2000,history20,4,80,42,1.0,0.0,walk_history_ablation
821,16.42,1.0,0.0,-0.3333040475845337,0.6562944054603577,0.15314637124538422,-0.15373511612415314,0,2000,history20,4,80,42,1.0,0.0,walk_history_ablation
822,16.44,1.0,0.0,-0.3307915925979614,0.6851902008056641,0.14343930780887604,-0.3007238209247589,0,2000,history20,4,80,42,1.0,0.0,walk_history_ablation
823,16.46,1.0,0.0,-0.32748472690582275,0.7108311057090759,0.13575299084186554,-0.35624563694000244,0,2000,history20,4,80,42,1.0,0.0,walk_history_ablation
824,16.48,1.0,0.0,-0.32352936267852783,0.736299991607666,0.1276470273733139,-0.43958044052124023,0,2000,history20,4,80,42,1.0,0.0,walk_history_ablation
825,16.5,1.0,0.0,-0.3191715478897095,0.7637180685997009,0.11988703906536102,-0.4639751613140106,0,2000,history20,4,80,42,1.0,0.0,walk_history_ablation
826,16.52,1.0,0.0,-0.31485235691070557,0.8014982342720032,0.10999841243028641,-0.5108669400215149,0,2000,history20,4,80,42,1.0,0.0,walk_history_ablation
827,16.54,1.0,0.0,-0.3116217851638794,0.8342204689979553,0.10029938817024231,-0.32650226354599,0,2000,history20,4,80,42,1.0,0.0,walk_history_ablation
828,16.56,1.0,0.0,-0.3108106851577759,0.8660784363746643,0.0867481678724289,-0.13479900360107422,0,2000,history20,4,80,42,1.0,0.0,walk_history_ablation
829,16.580000000000002,1.0,0.0,-0.3104039430618286,0.8790075182914734,0.07304985076189041,-0.13135367631912231,0,2000,history20,4,80,42,1.0,0.0,walk_history_ablation
830,16.6,1.0,0.0,-0.30978214740753174,0.8851298689842224,0.05958095192909241,-0.20000241696834564,0,2000,history20,4,80,42,1.0,0.0,walk_history_ablation
831,16.62,1.0,0.0,-0.3081461191177368,0.8852354288101196,0.04936482757329941,-0.2475460022687912,0,2000,history20,4,80,42,1.0,0.0,walk_history_ablation
832,16.64,1.0,0.0,-0.30578815937042236,0.8400281667709351,0.04405715689063072,-0.6558946371078491,0,2000,history20,4,80,42,1.0,0.0,walk_history_ablation
833,16.66,1.0,0.0,-0.30116045475006104,0.7548210620880127,0.07952550053596497,-0.5271871089935303,0,2000,history20,4,80,42,1.0,0.0,walk_history_ablation
834,16.68,1.0,0.0,-0.2992907762527466,0.7104308009147644,0.09744885563850403,-0.09813198447227478,0,2000,history20,4,80,42,1.0,0.0,walk_history_ablation
835,16.7,1.0,0.0,-0.30125629901885986,0.6817337274551392,0.09825383871793747,0.020981036126613617,0,2000,history20,4,80,42,1.0,0.0,walk_history_ablation
836,16.72,1.0,0.0,-0.30305016040802,0.663244366645813,0.09596014767885208,-0.2840104103088379,0,2000,history20,4,80,42,1.0,0.0,walk_history_ablation
837,16.740000000000002,1.0,0.0,-0.3008075952529907,0.6476255655288696,0.10115907341241837,-0.7906589508056641,0,2000,history20,4,80,42,1.0,0.0,walk_history_ablation
838,16.76,1.0,0.0,-0.29414379596710205,0.6350722908973694,0.11057212948799133,-1.0511552095413208,0,2000,history20,4,80,42,1.0,0.0,walk_history_ablation
839,16.78,1.0,0.0,-0.285953164100647,0.6352218985557556,0.1277463436126709,-0.9606313705444336,0,2000,history20,4,80,42,1.0,0.0,walk_history_ablation
840,16.8,1.0,0.0,-0.2803698778152466,0.6364032626152039,0.1396467089653015,-0.5531138181686401,0,2000,history20,4,80,42,1.0,0.0,walk_history_ablation
841,16.82,1.0,0.0,-0.27700912952423096,0.6472989916801453,0.14540189504623413,-0.31937918066978455,0,2000,history20,4,80,42,1.0,0.0,walk_history_ablation
842,16.84,1.0,0.0,-0.27619993686676025,0.6419278383255005,0.15644557774066925,-0.04216302931308746,0,2000,history20,4,80,42,1.0,0.0,walk_history_ablation
843,16.86,1.0,0.0,-0.27731573581695557,0.6364125609397888,0.17477063834667206,0.14533686637878418,0,2000,history20,4,80,42,1.0,0.0,walk_history_ablation
844,16.88,1.0,0.0,-0.2799884080886841,0.640324056148529,0.19284960627555847,0.2934432923793793,0,2000,history20,4,80,42,1.0,0.0,walk_history_ablation
845,16.9,1.0,0.0,-0.28358471393585205,0.6619680523872375,0.212155282497406,0.37962672114372253,0,2000,history20,4,80,42,1.0,0.0,walk_history_ablation
846,16.92,1.0,0.0,-0.2872711420059204,0.6807385087013245,0.2361093908548355,0.412973552942276,0,2000,history20,4,80,42,1.0,0.0,walk_history_ablation
847,16.94,1.0,0.0,-0.2910829782485962,0.7092996835708618,0.2652389407157898,0.44922053813934326,0,2000,history20,4,80,42,1.0,0.0,walk_history_ablation
848,16.96,1.0,0.0,-0.29364168643951416,0.7385621070861816,0.29606103897094727,0.2327657788991928,0,2000,history20,4,80,42,1.0,0.0,walk_history_ablation
849,16.98,1.0,0.0,-0.2931314706802368,0.7762472033500671,0.3302432596683502,-0.12215329706668854,0,2000,history20,4,80,42,1.0,0.0,walk_history_ablation
850,17.0,1.0,0.0,-0.29018938541412354,0.8018280267715454,0.37053507566452026,-0.27056118845939636,0,2000,history20,4,80,42,1.0,0.0,walk_history_ablation
851,17.02,1.0,0.0,-0.285258412361145,0.8210981488227844,0.4055718183517456,-0.4093254804611206,0,2000,history20,4,80,42,1.0,0.0,walk_history_ablation
852,17.04,1.0,0.0,-0.2813922166824341,0.8368114829063416,0.44712287187576294,-0.19191668927669525,0,2000,history20,4,80,42,1.0,0.0,walk_history_ablation
853,17.06,1.0,0.0,-0.28108179569244385,0.8467779755592346,0.48302873969078064,0.17749705910682678,0,2000,history20,4,80,42,1.0,0.0,walk_history_ablation
854,17.080000000000002,1.0,0.0,-0.2843285799026489,0.8706272840499878,0.5012750625610352,0.5526922941207886,0,2000,history20,4,80,42,1.0,0.0,walk_history_ablation
855,17.1,1.0,0.0,-0.2830544710159302,0.687688410282135,0.39780324697494507,-0.21066048741340637,0,2000,history20,4,80,42,1.0,0.0,walk_history_ablation
856,17.12,1.0,0.0,-0.27479279041290283,0.6074570417404175,0.3140658736228943,-0.6293123364448547,0,2000,history20,4,80,42,1.0,0.0,walk_history_ablation
857,17.14,1.0,0.0,-0.26705658435821533,0.5896793603897095,0.2669934630393982,-0.4535743296146393,0,2000,history20,4,80,42,1.0,0.0,walk_history_ablation
858,17.16,1.0,0.0,-0.2630358934402466,0.596534788608551,0.25244858860969543,-0.06274731457233429,0,2000,history20,4,80,42,1.0,0.0,walk_history_ablation
859,17.18,1.0,0.0,-0.26156723499298096,0.5946691036224365,0.23155130445957184,0.09218643605709076,0,2000,history20,4,80,42,1.0,0.0,walk_history_ablation
860,17.2,1.0,0.0,-0.2600055932998657,0.5920712351799011,0.2063731849193573,-0.034435298293828964,0,2000,history20,4,80,42,1.0,0.0,walk_history_ablation
861,17.22,1.0,0.0,-0.2578970193862915,0.5946676135063171,0.18460410833358765,-0.08615998178720474,0,2000,history20,4,80,42,1.0,0.0,walk_history_ablation
862,17.240000000000002,1.0,0.0,-0.25595200061798096,0.6096873879432678,0.16913776099681854,-0.09701699763536453,0,2000,history20,4,80,42,1.0,0.0,walk_history_ablation
863,17.26,1.0,0.0,-0.2544962167739868,0.6176347136497498,0.15654484927654266,-0.0669279620051384,0,2000,history20,4,80,42,1.0,0.0,walk_history_ablation
864,17.28,1.0,0.0,-0.2528873682022095,0.6299054622650146,0.14299434423446655,-0.14600785076618195,0,2000,history20,4,80,42,1.0,0.0,walk_history_ablation
865,17.3,1.0,0.0,-0.25120222568511963,0.6582275032997131,0.13554178178310394,-0.1994478851556778,0,2000,history20,4,80,42,1.0,0.0,walk_history_ablation
866,17.32,1.0,0.0,-0.24923205375671387,0.6817954778671265,0.12836168706417084,-0.25297173857688904,0,2000,history20,4,80,42,1.0,0.0,walk_history_ablation
867,17.34,1.0,0.0,-0.24586760997772217,0.7057697772979736,0.11726315319538116,-0.4178071618080139,0,2000,history20,4,80,42,1.0,0.0,walk_history_ablation
868,17.36,1.0,0.0,-0.24193382263183594,0.7381642460823059,0.11160705238580704,-0.42538005113601685,0,2000,history20,4,80,42,1.0,0.0,walk_history_ablation
869,17.38,1.0,0.0,-0.23857760429382324,0.7748560309410095,0.10305047035217285,-0.3922727406024933,0,2000,history20,4,80,42,1.0,0.0,walk_history_ablation
870,17.400000000000002,1.0,0.0,-0.23683524131774902,0.8069703578948975,0.09361658990383148,-0.18597400188446045,0,2000,history20,4,80,42,1.0,0.0,walk_history_ablation
871,17.42,1.0,0.0,-0.23696982860565186,0.8361388444900513,0.08224073052406311,-0.0828448235988617,0,2000,history20,4,80,42,1.0,0.0,walk_history_ablation
872,17.44,1.0,0.0,-0.2370823621749878,0.8400325179100037,0.07189279049634933,-0.09832388907670975,0,2000,history20,4,80,42,1.0,0.0,walk_history_ablation
873,17.46,1.0,0.0,-0.23667848110198975,0.8484675288200378,0.05974047631025314,-0.2341775894165039,0,2000,history20,4,80,42,1.0,0.0,walk_history_ablation
874,17.48,1.0,0.0,-0.23398935794830322,0.8500590920448303,0.052735548466444016,-0.35887473821640015,0,2000,history20,4,80,42,1.0,0.0,walk_history_ablation
875,17.5,1.0,0.0,-0.23033642768859863,0.788720965385437,0.0561552569270134,-0.5136888027191162,0,2000,history20,4,80,42,1.0,0.0,walk_history_ablation
876,17.52,1.0,0.0,-0.2274174690246582,0.7292960286140442,0.08675052225589752,-0.19145804643630981,0,2000,history20,4,80,42,1.0,0.0,walk_history_ablation
877,17.54,1.0,0.0,-0.2286367416381836,0.6945914626121521,0.09725100547075272,0.10680381953716278,0,2000,history20,4,80,42,1.0,0.0,walk_history_ablation
878,17.56,1.0,0.0,-0.23202240467071533,0.6663216948509216,0.094469353556633,0.008918710052967072,0,2000,history20,4,80,42,1.0,0.0,walk_history_ablation
879,17.580000000000002,1.0,0.0,-0.2331838607788086,0.643089234828949,0.09443651139736176,-0.4046393930912018,0,2000,history20,4,80,42,1.0,0.0,walk_history_ablation
880,17.6,1.0,0.0,-0.2297579050064087,0.6214821934700012,0.10383402556180954,-0.8554642200469971,0,2000,history20,4,80,42,1.0,0.0,walk_history_ablation
881,17.62,1.0,0.0,-0.22269797325134277,0.6088710427284241,0.11648793518543243,-0.9944982528686523,0,2000,history20,4,80,42,1.0,0.0,walk_history_ablation
882,17.64,1.0,0.0,-0.21562623977661133,0.6138989329338074,0.1304091364145279,-0.7897909283638,0,2000,history20,4,80,42,1.0,0.0,walk_history_ablation
883,17.66,1.0,0.0,-0.21101295948028564,0.6212860345840454,0.13944903016090393,-0.463041752576828,0,2000,history20,4,80,42,1.0,0.0,walk_history_ablation
884,17.68,1.0,0.0,-0.20823681354522705,0.6315967440605164,0.1462366282939911,-0.2438717782497406,0,2000,history20,4,80,42,1.0,0.0,walk_history_ablation
885,17.7,1.0,0.0,-0.20809292793273926,0.627712607383728,0.15987606346607208,0.041802193969488144,0,2000,history20,4,80,42,1.0,0.0,walk_history_ablation
886,17.72,1.0,0.0,-0.20964908599853516,0.6232365965843201,0.1798214316368103,0.1850999891757965,0,2000,history20,4,80,42,1.0,0.0,walk_history_ablation
887,17.740000000000002,1.0,0.0,-0.21250808238983154,0.629985511302948,0.19866426289081573,0.31758031249046326,0,2000,history20,4,80,42,1.0,0.0,walk_history_ablation
888,17.76,1.0,0.0,-0.21585726737976074,0.6450018286705017,0.21921706199645996,0.2846026122570038,0,2000,history20,4,80,42,1.0,0.0,walk_history_ablation
889,17.78,1.0,0.0,-0.21899795532226562,0.6641544699668884,0.2452746480703354,0.42163679003715515,0,2000,history20,4,80,42,1.0,0.0,walk_history_ablation
890,17.8,1.0,0.0,-0.22255873680114746,0.6939745545387268,0.27618494629859924,0.41811802983283997,0,2000,history20,4,80,42,1.0,0.0,walk_history_ablation
891,17.82,1.0,0.0,-0.22443222999572754,0.7223806977272034,0.30599910020828247,0.1668696403503418,0,2000,history20,4,80,42,1.0,0.0,walk_history_ablation
892,17.84,1.0,0.0,-0.22355866432189941,0.7554186582565308,0.3417908251285553,-0.12772837281227112,0,2000,history20,4,80,42,1.0,0.0,walk_history_ablation
893,17.86,1.0,0.0,-0.22052884101867676,0.7780604958534241,0.3794589638710022,-0.23856501281261444,0,2000,history20,4,80,42,1.0,0.0,walk_history_ablation
894,17.88,1.0,0.0,-0.2169344425201416,0.7914639115333557,0.4165596663951874,-0.241970956325531,0,2000,history20,4,80,42,1.0,0.0,walk_history_ablation
895,17.900000000000002,1.0,0.0,-0.21485233306884766,0.8012071251869202,0.45519277453422546,-0.004459034651517868,0,2000,history20,4,80,42,1.0,0.0,walk_history_ablation
896,17.92,1.0,0.0,-0.21653544902801514,0.8155668377876282,0.4906948506832123,0.4105581045150757,0,2000,history20,4,80,42,1.0,0.0,walk_history_ablation
897,17.94,1.0,0.0,-0.21885526180267334,0.7281992435455322,0.46200111508369446,0.9181268215179443,0,2000,history20,4,80,42,1.0,0.0,walk_history_ablation
898,17.96,1.0,0.0,-0.21716535091400146,0.60528165102005,0.35421302914619446,-0.30223971605300903,0,2000,history20,4,80,42,1.0,0.0,walk_history_ablation
899,17.98,1.0,0.0,-0.20922768115997314,0.5673531293869019,0.2834275960922241,-0.6173713803291321,0,2000,history20,4,80,42,1.0,0.0,walk_history_ablation
900,18.0,1.0,0.0,-0.20221292972564697,0.5760610103607178,0.2569218575954437,-0.40679407119750977,0,2000,history20,4,80,42,1.0,0.0,walk_history_ablation
901,18.02,1.0,0.0,-0.19821012020111084,0.582905113697052,0.24405044317245483,-0.08902066200971603,0,2000,history20,4,80,42,1.0,0.0,walk_history_ablation
902,18.04,1.0,0.0,-0.1958308219909668,0.5853505730628967,0.22357626259326935,-0.057420000433921814,0,2000,history20,4,80,42,1.0,0.0,walk_history_ablation
903,18.06,1.0,0.0,-0.19326090812683105,0.589034378528595,0.19756625592708588,-0.11670895665884018,0,2000,history20,4,80,42,1.0,0.0,walk_history_ablation
904,18.080000000000002,1.0,0.0,-0.19116175174713135,0.6046922206878662,0.180614173412323,-0.0801745280623436,0,2000,history20,4,80,42,1.0,0.0,walk_history_ablation
905,18.1,1.0,0.0,-0.19015026092529297,0.6204016804695129,0.16627034544944763,0.0018714743200689554,0,2000,history20,4,80,42,1.0,0.0,walk_history_ablation
906,18.12,1.0,0.0,-0.18905150890350342,0.6324480175971985,0.14918670058250427,-0.07762239128351212,0,2000,history20,4,80,42,1.0,0.0,walk_history_ablation
907,18.14,1.0,0.0,-0.18729150295257568,0.6597510576248169,0.13864663243293762,-0.21998992562294006,0,2000,history20,4,80,42,1.0,0.0,walk_history_ablation
908,18.16,1.0,0.0,-0.18474507331848145,0.6866256594657898,0.1302689164876938,-0.2861858606338501,0,2000,history20,4,80,42,1.0,0.0,walk_history_ablation
909,18.18,1.0,0.0,-0.18142378330230713,0.7099503874778748,0.12057504802942276,-0.37150588631629944,0,2000,history20,4,80,42,1.0,0.0,walk_history_ablation
910,18.2,1.0,0.0,-0.17760956287384033,0.7372904419898987,0.11298049986362457,-0.4280678927898407,0,2000,history20,4,80,42,1.0,0.0,walk_history_ablation
911,18.22,1.0,0.0,-0.17345917224884033,0.7722989916801453,0.10279496759176254,-0.49786368012428284,0,2000,history20,4,80,42,1.0,0.0,walk_history_ablation
912,18.240000000000002,1.0,0.0,-0.1702054738998413,0.8003795742988586,0.0933331772685051,-0.3176306188106537,0,2000,history20,4,80,42,1.0,0.0,walk_history_ablation
913,18.26,1.0,0.0,-0.16943764686584473,0.8329322338104248,0.08042290061712265,-0.13537095487117767,0,2000,history20,4,80,42,1.0,0.0,walk_history_ablation
914,18.28,1.0,0.0,-0.16910505294799805,0.8471192717552185,0.0660851001739502,-0.10193130373954773,0,2000,history20,4,80,42,1.0,0.0,walk_history_ablation
915,18.3,1.0,0.0,-0.16900837421417236,0.8565559983253479,0.05211366340517998,-0.14745087921619415,0,2000,history20,4,80,42,1.0,0.0,walk_history_ablation
916,18.32,1.0,0.0,-0.16792309284210205,0.8618377447128296,0.04047522693872452,-0.20971587300300598,0,2000,history20,4,80,42,1.0,0.0,walk_history_ablation
917,18.34,1.0,0.0,-0.16615843772888184,0.8638762831687927,0.028856096789240837,-0.2792949676513672,0,2000,history20,4,80,42,1.0,0.0,walk_history_ablation
918,18.36,1.0,0.0,-0.16266083717346191,0.7888221144676208,0.045073699206113815,-0.2894556224346161,0,2000,history20,4,80,42,1.0,0.0,walk_history_ablation
919,18.38,1.0,0.0,-0.1600019931793213,0.7197805047035217,0.07867532968521118,-0.14268410205841064,0,2000,history20,4,80,42,1.0,0.0,walk_history_ablation
920,18.400000000000002,1.0,0.0,-0.1619861125946045,0.6890614628791809,0.08524643629789352,0.07924148440361023,0,2000,history20,4,80,42,1.0,0.0,walk_history_ablation
921,18.42,1.0,0.0,-0.16458499431610107,0.669963002204895,0.08318787813186646,-0.15791106224060059,0,2000,history20,4,80,42,1.0,0.0,walk_history_ablation
922,18.44,1.0,0.0,-0.16353964805603027,0.6488784551620483,0.08813640475273132,-0.6577062606811523,0,2000,history20,4,80,42,1.0,0.0,walk_history_ablation
923,18.46,1.0,0.0,-0.1579442024230957,0.6372077465057373,0.09939002245664597,-0.982581615447998,0,2000,history20,4,80,42,1.0,0.0,walk_history_ablation
924,18.48,1.0,0.0,-0.1503438949584961,0.6353244185447693,0.11559060215950012,-0.958299458026886,0,2000,history20,4,80,42,1.0,0.0,walk_history_ablation
925,18.5,1.0,0.0,-0.1439352035522461,0.6435474157333374,0.1282050609588623,-0.6690364480018616,0,2000,history20,4,80,42,1.0,0.0,walk_history_ablation
926,18.52,1.0,0.0,-0.1401045322418213,0.6509475111961365,0.13889740407466888,-0.36624205112457275,0,2000,history20,4,80,42,1.0,0.0,walk_history_ablation
927,18.54,1.0,0.0,-0.13859939575195312,0.652798056602478,0.14995381236076355,-0.10771216452121735,0,2000,history20,4,80,42,1.0,0.0,walk_history_ablation
928,18.56,1.0,0.0,-0.13926517963409424,0.6482723355293274,0.1680639237165451,0.10580669343471527,0,2000,history20,4,80,42,1.0,0.0,walk_history_ablation
929,18.580000000000002,1.0,0.0,-0.14142966270446777,0.6469595432281494,0.18879738450050354,0.24056032299995422,0,2000,history20,4,80,42,1.0,0.0,walk_history_ablation
930,18.6,1.0,0.0,-0.14519405364990234,0.6707090735435486,0.20640863478183746,0.4325632154941559,0,2000,history20,4,80,42,1.0,0.0,walk_history_ablation
931,18.62,1.0,0.0,-0.14873015880584717,0.6815410256385803,0.2312076985836029,0.43464142084121704,0,2000,history20,4,80,42,1.0,0.0,walk_history_ablation
932,18.64,1.0,0.0,-0.15296721458435059,0.7071894407272339,0.25940513610839844,0.4977874457836151,0,2000,history20,4,80,42,1.0,0.0,walk_history_ablation
933,18.66,1.0,0.0,-0.15637552738189697,0.7390403151512146,0.2885795533657074,0.3534315526485443,0,2000,history20,4,80,42,1.0,0.0,walk_history_ablation
934,18.68,1.0,0.0,-0.15738070011138916,0.7733898758888245,0.322359174489975,0.040805988013744354,0,2000,history20,4,80,42,1.0,0.0,walk_history_ablation
935,18.7,1.0,0.0,-0.15521907806396484,0.8049255609512329,0.35586798191070557,-0.22434668242931366,0,2000,history20,4,80,42,1.0,0.0,walk_history_ablation
936,18.72,1.0,0.0,-0.15120291709899902,0.8252249956130981,0.3935253322124481,-0.32722678780555725,0,2000,history20,4,80,42,1.0,0.0,walk_history_ablation
937,18.740000000000002,1.0,0.0,-0.14745879173278809,0.8389490246772766,0.4306895434856415,-0.2048943191766739,0,2000,history20,4,80,42,1.0,0.0,walk_history_ablation
938,18.76,1.0,0.0,-0.1468820571899414,0.8557860255241394,0.4683874547481537,0.18684804439544678,0,2000,history20,4,80,42,1.0,0.0,walk_history_ablation
939,18.78,1.0,0.0,-0.15057635307312012,0.8714498281478882,0.4866040349006653,0.591224730014801,0,2000,history20,4,80,42,1.0,0.0,walk_history_ablation
940,18.8,1.0,0.0,-0.15021729469299316,0.6829766035079956,0.3856123685836792,-0.15731297433376312,0,2000,history20,4,80,42,1.0,0.0,walk_history_ablation
941,18.82,1.0,0.0,-0.14239609241485596,0.5963798761367798,0.3019600212574005,-0.57086181640625,0,2000,history20,4,80,42,1.0,0.0,walk_history_ablation
942,18.84,1.0,0.0,-0.13483071327209473,0.5765079259872437,0.25418102741241455,-0.4435887634754181,0,2000,history20,4,80,42,1.0,0.0,walk_history_ablation
943,18.86,1.0,0.0,-0.1304457187652588,0.5839796662330627,0.23871830105781555,-0.10127227008342743,0,2000,history20,4,80,42,1.0,0.0,walk_history_ablation
944,18.88,1.0,0.0,-0.12900960445404053,0.5903586745262146,0.22107036411762238,0.11547614634037018,0,2000,history20,4,80,42,1.0,0.0,walk_history_ablation
945,18.900000000000002,1.0,0.0,-0.12775838375091553,0.5899876952171326,0.1968216747045517,2.5440240278840065e-05,0,2000,history20,4,80,42,1.0,0.0,walk_history_ablation
946,18.92,1.0,0.0,-0.12598109245300293,0.594102144241333,0.1742146760225296,-0.05434022471308708,0,2000,history20,4,80,42,1.0,0.0,walk_history_ablation
947,18.94,1.0,0.0,-0.12431049346923828,0.6089497208595276,0.1591348648071289,-0.07090432196855545,0,2000,history20,4,80,42,1.0,0.0,walk_history_ablation
948,18.96,1.0,0.0,-0.12312877178192139,0.6173155903816223,0.14668205380439758,-0.034756168723106384,0,2000,history20,4,80,42,1.0,0.0,walk_history_ablation
949,18.98,1.0,0.0,-0.1218421459197998,0.6287638545036316,0.13323311507701874,-0.1157722994685173,0,2000,history20,4,80,42,1.0,0.0,walk_history_ablation
950,19.0,1.0,0.0,-0.12027037143707275,0.6568732857704163,0.1253141462802887,-0.19876982271671295,0,2000,history20,4,80,42,1.0,0.0,walk_history_ablation
951,19.02,1.0,0.0,-0.11827969551086426,0.6814642548561096,0.1184341162443161,-0.24776284396648407,0,2000,history20,4,80,42,1.0,0.0,walk_history_ablation
952,19.04,1.0,0.0,-0.11504888534545898,0.7067648768424988,0.1075688824057579,-0.4011540710926056,0,2000,history20,4,80,42,1.0,0.0,walk_history_ablation
953,19.06,1.0,0.0,-0.11131834983825684,0.7386027574539185,0.10139284282922745,-0.4101250469684601,0,2000,history20,4,80,42,1.0,0.0,walk_history_ablation
954,19.080000000000002,1.0,0.0,-0.10792183876037598,0.775059163570404,0.09194629639387131,-0.3905883729457855,0,2000,history20,4,80,42,1.0,0.0,walk_history_ablation
955,19.1,1.0,0.0,-0.10632491111755371,0.8065389394760132,0.08306295424699783,-0.15682853758335114,0,2000,history20,4,80,42,1.0,0.0,walk_history_ablation
956,19.12,1.0,0.0,-0.10662508010864258,0.8370819091796875,0.07048223912715912,-0.0600057989358902,0,2000,history20,4,80,42,1.0,0.0,walk_history_ablation
957,19.14,1.0,0.0,-0.10696232318878174,0.8435642123222351,0.05876714736223221,-0.0696391835808754,0,2000,history20,4,80,42,1.0,0.0,walk_history_ablation
958,19.16,1.0,0.0,-0.10700726509094238,0.8522331118583679,0.04599359259009361,-0.17501023411750793,0,2000,history20,4,80,42,1.0,0.0,walk_history_ablation
959,19.18,1.0,0.0,-0.10499536991119385,0.8565704822540283,0.0368414968252182,-0.3108932673931122,0,2000,history20,4,80,42,1.0,0.0,walk_history_ablation
960,19.2,1.0,0.0,-0.10169577598571777,0.7944822311401367,0.03812826797366142,-0.5221772193908691,0,2000,history20,4,80,42,1.0,0.0,walk_history_ablation
961,19.22,1.0,0.0,-0.09897351264953613,0.7350912690162659,0.07029896974563599,-0.15996459126472473,0,2000,history20,4,80,42,1.0,0.0,walk_history_ablation
962,19.240000000000002,1.0,0.0,-0.10021507740020752,0.698757529258728,0.08168049156665802,0.10703741014003754,0,2000,history20,4,80,42,1.0,0.0,walk_history_ablation
963,19.26,1.0,0.0,-0.10361123085021973,0.6719908118247986,0.08032232522964478,0.02371629700064659,0,2000,history20,4,80,42,1.0,0.0,walk_history_ablation
964,19.28,1.0,0.0,-0.10474812984466553,0.645153284072876,0.08135621249675751,-0.41418948769569397,0,2000,history20,4,80,42,1.0,0.0,walk_history_ablation
965,19.3,1.0,0.0,-0.10124325752258301,0.6252402067184448,0.0903266966342926,-0.851927638053894,0,2000,history20,4,80,42,1.0,0.0,walk_history_ablation
966,19.32,1.0,0.0,-0.09447479248046875,0.6132373213768005,0.1042322888970375,-0.9571787118911743,0,2000,history20,4,80,42,1.0,0.0,walk_history_ablation
967,19.34,1.0,0.0,-0.0878455638885498,0.6201004981994629,0.11780115962028503,-0.7415218949317932,0,2000,history20,4,80,42,1.0,0.0,walk_history_ablation
968,19.36,1.0,0.0,-0.08371055126190186,0.6309230327606201,0.1267484426498413,-0.4168412387371063,0,2000,history20,4,80,42,1.0,0.0,walk_history_ablation
969,19.38,1.0,0.0,-0.08143305778503418,0.6411167979240417,0.13325069844722748,-0.19427889585494995,0,2000,history20,4,80,42,1.0,0.0,walk_history_ablation
970,19.400000000000002,1.0,0.0,-0.08164465427398682,0.6393259167671204,0.14661911129951477,0.07610215246677399,0,2000,history20,4,80,42,1.0,0.0,walk_history_ablation
971,19.42,1.0,0.0,-0.08364415168762207,0.6344888210296631,0.16693858802318573,0.2245316058397293,0,2000,history20,4,80,42,1.0,0.0,walk_history_ablation
972,19.44,1.0,0.0,-0.08676791191101074,0.6423333883285522,0.18481017649173737,0.32880130410194397,0,2000,history20,4,80,42,1.0,0.0,walk_history_ablation
973,19.46,1.0,0.0,-0.08992183208465576,0.6544983983039856,0.20664280652999878,0.29138195514678955,0,2000,history20,4,80,42,1.0,0.0,walk_history_ablation
974,19.48,1.0,0.0,-0.09321582317352295,0.6741419434547424,0.23211351037025452,0.4362451434135437,0,2000,history20,4,80,42,1.0,0.0,walk_history_ablation
975,19.5,1.0,0.0,-0.09693658351898193,0.703359842300415,0.26234784722328186,0.4326765537261963,0,2000,history20,4,80,42,1.0,0.0,walk_history_ablation
976,19.52,1.0,0.0,-0.09910464286804199,0.7323100566864014,0.29164567589759827,0.20419956743717194,0,2000,history20,4,80,42,1.0,0.0,walk_history_ablation
977,19.54,1.0,0.0,-0.09866797924041748,0.7647538781166077,0.32599830627441406,-0.0771448016166687,0,2000,history20,4,80,42,1.0,0.0,walk_history_ablation
978,19.56,1.0,0.0,-0.09606635570526123,0.7867905497550964,0.3632064163684845,-0.21606095135211945,0,2000,history20,4,80,42,1.0,0.0,walk_history_ablation
979,19.580000000000002,1.0,0.0,-0.09268069267272949,0.8006792068481445,0.3992847502231598,-0.21726280450820923,0,2000,history20,4,80,42,1.0,0.0,walk_history_ablation
980,19.6,1.0,0.0,-0.09094405174255371,0.811977207660675,0.4354170262813568,0.023302853107452393,0,2000,history20,4,80,42,1.0,0.0,walk_history_ablation
981,19.62,1.0,0.0,-0.09278249740600586,0.826396644115448,0.4683627784252167,0.4155292212963104,0,2000,history20,4,80,42,1.0,0.0,walk_history_ablation
982,19.64,1.0,0.0,-0.09489583969116211,0.7555229067802429,0.45874953269958496,0.5957657098770142,0,2000,history20,4,80,42,1.0,0.0,walk_history_ablation
983,19.66,1.0,0.0,-0.09027481079101562,0.6228395104408264,0.33569929003715515,-0.5018986463546753,0,2000,history20,4,80,42,1.0,0.0,walk_history_ablation
984,19.68,1.0,0.0,-0.08182990550994873,0.5812990665435791,0.26442766189575195,-0.5691640377044678,0,2000,history20,4,80,42,1.0,0.0,walk_history_ablation
985,19.7,1.0,0.0,-0.07621455192565918,0.5914470553398132,0.23349319398403168,-0.18910889327526093,0,2000,history20,4,80,42,1.0,0.0,walk_history_ablation
986,19.72,1.0,0.0,-0.07547259330749512,0.6105203628540039,0.2172548621892929,0.28860989212989807,0,2000,history20,4,80,42,1.0,0.0,walk_history_ablation
987,19.740000000000002,1.0,0.0,-0.0776439905166626,0.6199662685394287,0.19610938429832458,0.41300785541534424,0,2000,history20,4,80,42,1.0,0.0,walk_history_ablation
988,19.76,1.0,0.0,-0.07948470115661621,0.6320652365684509,0.1655898541212082,0.27482518553733826,0,2000,history20,4,80,42,1.0,0.0,walk_history_ablation
989,19.78,1.0,0.0,-0.08016729354858398,0.6570598483085632,0.14477629959583282,0.10580883920192719,0,2000,history20,4,80,42,1.0,0.0,walk_history_ablation
990,19.8,1.0,0.0,-0.07995414733886719,0.6745548844337463,0.12870831787586212,0.00548863410949707,0,2000,history20,4,80,42,1.0,0.0,walk_history_ablation
991,19.82,1.0,0.0,-0.07887697219848633,0.6883054375648499,0.1148928552865982,-0.09423695504665375,0,2000,history20,4,80,42,1.0,0.0,walk_history_ablation
992,19.84,1.0,0.0,-0.07633316516876221,0.720641553401947,0.10418722778558731,-0.3131020963191986,0,2000,history20,4,80,42,1.0,0.0,walk_history_ablation
993,19.86,1.0,0.0,-0.07264208793640137,0.7539706826210022,0.10081364959478378,-0.41095057129859924,0,2000,history20,4,80,42,1.0,0.0,walk_history_ablation
994,19.88,1.0,0.0,-0.06827175617218018,0.7828086018562317,0.0946551039814949,-0.4859330654144287,0,2000,history20,4,80,42,1.0,0.0,walk_history_ablation
995,19.900000000000002,1.0,0.0,-0.06256794929504395,0.8141528964042664,0.08499165624380112,-0.6618599891662598,0,2000,history20,4,80,42,1.0,0.0,walk_history_ablation
996,19.92,1.0,0.0,-0.056380271911621094,0.8494881391525269,0.08015970140695572,-0.6710681319236755,0,2000,history20,4,80,42,1.0,0.0,walk_history_ablation
997,19.94,1.0,0.0,-0.051396727561950684,0.8750547766685486,0.06892852485179901,-0.44711315631866455,0,2000,history20,4,80,42,1.0,0.0,walk_history_ablation
998,19.96,1.0,0.0,-0.04958617687225342,0.9066515564918518,0.0590740330517292,-0.19607925415039062,0,2000,history20,4,80,42,1.0,0.0,walk_history_ablation
999,19.98,1.0,0.0,1.1277481317520142,0.9234417080879211,0.045407749712467194,-0.09858845174312592,0,2000,history20,4,80,42,1.0,0.0,walk_history_ablation
1000,20.0,1.0,0.0,1.1279340982437134,0.9391302466392517,0.02915075607597828,-0.1700495481491089,0,2000,history20,4,80,42,1.0,0.0,walk_history_ablation
1001,20.02,1.0,0.0,1.1286393404006958,0.9398075342178345,0.016790585592389107,-0.14026859402656555,0,2000,history20,4,80,42,1.0,0.0,walk_history_ablation
1002,20.04,1.0,0.0,1.130606770515442,0.8887497782707214,0.02480536326766014,-0.5415099859237671,0,2000,history20,4,80,42,1.0,0.0,walk_history_ablation
1003,20.06,1.0,0.0,1.1324306726455688,0.8069515228271484,0.0679016262292862,-0.24501360952854156,0,2000,history20,4,80,42,1.0,0.0,walk_history_ablation
1004,20.080000000000002,1.0,0.0,1.132534146308899,0.7691691517829895,0.0835951715707779,-0.05438154190778732,0,2000,history20,4,80,42,1.0,0.0,walk_history_ablation
1005,20.1,1.0,0.0,1.1314164400100708,0.7510941624641418,0.08778690546751022,-0.20514188706874847,0,2000,history20,4,80,42,1.0,0.0,walk_history_ablation
1006,20.12,1.0,0.0,1.1329389810562134,0.7390741109848022,0.09560485184192657,-0.6274300217628479,0,2000,history20,4,80,42,1.0,0.0,walk_history_ablation
1007,20.14,1.0,0.0,1.1374961137771606,0.7261826992034912,0.10782968252897263,-0.9018579721450806,0,2000,history20,4,80,42,1.0,0.0,walk_history_ablation
1008,20.16,1.0,0.0,1.1441065073013306,0.718471348285675,0.12212170660495758,-0.9263461232185364,0,2000,history20,4,80,42,1.0,0.0,walk_history_ablation
1009,20.18,1.0,0.0,1.1497286558151245,0.722038745880127,0.14139293134212494,-0.6627134680747986,0,2000,history20,4,80,42,1.0,0.0,walk_history_ablation
1010,20.2,1.0,0.0,1.1530596017837524,0.7319800853729248,0.1528441309928894,-0.36834916472435,0,2000,history20,4,80,42,1.0,0.0,walk_history_ablation
1011,20.22,1.0,0.0,1.1549021005630493,0.745659589767456,0.1594480574131012,-0.17304304242134094,0,2000,history20,4,80,42,1.0,0.0,walk_history_ablation
1012,20.240000000000002,1.0,0.0,1.15414297580719,0.7483536601066589,0.17215247452259064,0.10709893703460693,0,2000,history20,4,80,42,1.0,0.0,walk_history_ablation
1013,20.26,1.0,0.0,1.1512647867202759,0.7529309988021851,0.18902836740016937,0.3256516754627228,0,2000,history20,4,80,42,1.0,0.0,walk_history_ablation
1014,20.28,1.0,0.0,1.1469415426254272,0.7658207416534424,0.20518268644809723,0.42530980706214905,0,2000,history20,4,80,42,1.0,0.0,walk_history_ablation
1015,20.3,1.0,0.0,1.1423808336257935,0.7852359414100647,0.222569078207016,0.3811376690864563,0,2000,history20,4,80,42,1.0,0.0,walk_history_ablation
1016,20.32,1.0,0.0,1.1374727487564087,0.8053514957427979,0.25011777877807617,0.6277974247932434,0,2000,history20,4,80,42,1.0,0.0,walk_history_ablation
1017,20.34,1.0,0.0,1.131424069404602,0.8348640203475952,0.2822384834289551,0.660251796245575,0,2000,history20,4,80,42,1.0,0.0,walk_history_ablation
1018,20.36,1.0,0.0,1.1267567873001099,0.8652253150939941,0.3107626736164093,0.4475274980068207,0,2000,history20,4,80,42,1.0,0.0,walk_history_ablation
1019,20.38,1.0,0.0,1.1241589784622192,0.9009472727775574,0.3447301387786865,0.23922523856163025,0,2000,history20,4,80,42,1.0,0.0,walk_history_ablation
1020,20.400000000000002,1.0,0.0,1.1227155923843384,0.9272649884223938,0.38320794701576233,0.16439372301101685,0,2000,history20,4,80,42,1.0,0.0,walk_history_ablation
1021,20.42,1.0,0.0,1.1225186586380005,0.9467204213142395,0.4166489243507385,0.08534525334835052,0,2000,history20,4,80,42,1.0,0.0,walk_history_ablation
1022,20.44,1.0,0.0,1.1214286088943481,0.957216203212738,0.451086163520813,0.27212783694267273,0,2000,history20,4,80,42,1.0,0.0,walk_history_ablation
1023,20.46,1.0,0.0,1.1170316934585571,0.9691921472549438,0.4813513159751892,0.6198329925537109,0,2000,history20,4,80,42,1.0,0.0,walk_history_ablation
1024,20.48,1.0,0.0,1.1092535257339478,0.8583565354347229,0.40011173486709595,0.8544575572013855,0,2000,history20,4,80,42,1.0,0.0,walk_history_ablation
1025,20.5,1.0,0.0,1.1116505861282349,0.7139540910720825,0.30805185437202454,-0.1807933747768402,0,2000,history20,4,80,42,1.0,0.0,walk_history_ablation
1026,20.52,1.0,0.0,1.1173406839370728,0.6339736580848694,0.2308875024318695,-0.27622514963150024,0,2000,history20,4,80,42,1.0,0.0,walk_history_ablation
1027,20.54,1.0,0.0,1.1216398477554321,0.6236820220947266,0.18416127562522888,-0.09623172134160995,0,2000,history20,4,80,42,1.0,0.0,walk_history_ablation
1028,20.56,1.0,0.0,1.1217347383499146,0.6433369517326355,0.17023617029190063,0.3698558807373047,0,2000,history20,4,80,42,1.0,0.0,walk_history_ablation
1029,20.580000000000002,1.0,0.0,1.1176358461380005,0.6565176844596863,0.15813791751861572,0.7036215662956238,0,2000,history20,4,80,42,1.0,0.0,walk_history_ablation
1030,20.6,1.0,0.0,1.1132842302322388,0.6631442308425903,0.12514542043209076,0.5024059414863586,0,2000,history20,4,80,42,1.0,0.0,walk_history_ablation
1031,20.62,1.0,0.0,1.1110082864761353,0.6804758310317993,0.1014983057975769,0.22267329692840576,0,2000,history20,4,80,42,1.0,0.0,walk_history_ablation
1032,20.64,1.0,0.0,1.1102882623672485,0.698210597038269,0.08698733896017075,0.09370796382427216,0,2000,history20,4,80,42,1.0,0.0,walk_history_ablation
1033,20.66,1.0,0.0,1.1102491617202759,0.7135506272315979,0.07391933351755142,0.025651030242443085,0,2000,history20,4,80,42,1.0,0.0,walk_history_ablation
1034,20.68,1.0,0.0,1.1109024286270142,0.7374886274337769,0.062274083495140076,-0.07065056264400482,0,2000,history20,4,80,42,1.0,0.0,walk_history_ablation
1035,20.7,1.0,0.0,1.1117268800735474,0.7693704962730408,0.05469955876469612,-0.09086178243160248,0,2000,history20,4,80,42,1.0,0.0,walk_history_ablation
1036,20.72,1.0,0.0,1.112566590309143,0.8015170693397522,0.0450061559677124,-0.12331899255514145,0,2000,history20,4,80,42,1.0,0.0,walk_history_ablation
1037,20.740000000000002,1.0,0.0,1.1143871545791626,0.8374189138412476,0.030704908072948456,-0.26882147789001465,0,2000,history20,4,80,42,1.0,0.0,walk_history_ablation
1038,20.76,1.0,0.0,1.116313099861145,0.8794140815734863,0.01974152959883213,-0.24220405519008636,0,2000,history20,4,80,42,1.0,0.0,walk_history_ablation
1039,20.78,1.0,0.0,1.1176334619522095,0.9160669445991516,0.0022632142063230276,-0.12591423094272614,0,2000,history20,4,80,42,1.0,0.0,walk_history_ablation
1040,20.8,1.0,0.0,1.1165982484817505,0.9536795020103455,-0.013315373100340366,0.1319325566291809,0,2000,history20,4,80,42,1.0,0.0,walk_history_ablation
1041,20.82,1.0,0.0,1.1133328676223755,0.9892192482948303,-0.03267751634120941,0.31634658575057983,0,2000,history20,4,80,42,1.0,0.0,walk_history_ablation
1042,20.84,1.0,0.0,1.1089621782302856,1.0176764726638794,-0.05662468075752258,0.31217536330223083,0,2000,history20,4,80,42,1.0,0.0,walk_history_ablation
1043,20.86,1.0,0.0,1.1054359674453735,1.0417357683181763,-0.07976871728897095,0.152141273021698,0,2000,history20,4,80,42,1.0,0.0,walk_history_ablation
1044,20.88,1.0,0.0,1.1048599481582642,1.0661060810089111,-0.1006573811173439,-0.15203548967838287,0,2000,history20,4,80,42,1.0,0.0,walk_history_ablation
1045,20.900000000000002,1.0,0.0,1.1082206964492798,0.9311830401420593,-0.05404346436262131,-0.3301560580730438,0,2000,history20,4,80,42,1.0,0.0,walk_history_ablation
1046,20.92,1.0,0.0,1.1069899797439575,0.8628926873207092,-0.025790922343730927,0.26944512128829956,0,2000,history20,4,80,42,1.0,0.0,walk_history_ablation
1047,20.94,1.0,0.0,1.1020561456680298,0.8046324253082275,-0.015938274562358856,0.35716187953948975,0,2000,history20,4,80,42,1.0,0.0,walk_history_ablation
1048,20.96,1.0,0.0,1.0974808931350708,0.7551727890968323,-0.011844810098409653,0.11745093762874603,0,2000,history20,4,80,42,1.0,0.0,walk_history_ablation
1049,20.98,1.0,0.0,1.094354271888733,0.7004531025886536,-0.0034315004013478756,-0.10847773402929306,0,2000,history20,4,80,42,1.0,0.0,walk_history_ablation
1050,21.0,1.0,0.0,1.0937129259109497,0.6664424538612366,0.0082766804844141,-0.29268890619277954,0,2000,history20,4,80,42,1.0,0.0,walk_history_ablation
1051,21.02,1.0,0.0,1.0936270952224731,0.6534291505813599,0.024102024734020233,-0.21901510655879974,0,2000,history20,4,80,42,1.0,0.0,walk_history_ablation
1052,21.04,1.0,0.0,1.0932198762893677,0.6590546369552612,0.035287100821733475,-0.12117936462163925,0,2000,history20,4,80,42,1.0,0.0,walk_history_ablation
1053,21.06,1.0,0.0,1.093178391456604,0.6764420866966248,0.04299798235297203,-0.11247467249631882,0,2000,history20,4,80,42,1.0,0.0,walk_history_ablation
1054,21.080000000000002,1.0,0.0,1.0928460359573364,0.6800852417945862,0.05743236094713211,-0.020679671317338943,0,2000,history20,4,80,42,1.0,0.0,walk_history_ablation
1055,21.1,1.0,0.0,1.092180848121643,0.6843351721763611,0.07729931175708771,0.017210716381669044,0,2000,history20,4,80,42,1.0,0.0,walk_history_ablation
1056,21.12,1.0,0.0,1.0913888216018677,0.685616672039032,0.10302805155515671,0.036488160490989685,0,2000,history20,4,80,42,1.0,0.0,walk_history_ablation
1057,21.14,1.0,0.0,1.0907975435256958,0.6934898495674133,0.124311164021492,-0.026572611182928085,0,2000,history20,4,80,42,1.0,0.0,walk_history_ablation
1058,21.16,1.0,0.0,1.0902243852615356,0.7033505439758301,0.1519947201013565,0.22060441970825195,0,2000,history20,4,80,42,1.0,0.0,walk_history_ablation
1059,21.18,1.0,0.0,1.0869475603103638,0.7170647382736206,0.18693526089191437,0.46816736459732056,0,2000,history20,4,80,42,1.0,0.0,walk_history_ablation
1060,21.2,1.0,0.0,1.082950234413147,0.7342682480812073,0.21630200743675232,0.47332918643951416,0,2000,history20,4,80,42,1.0,0.0,walk_history_ablation
1061,21.22,1.0,0.0,1.0800319910049438,0.7566902041435242,0.24591587483882904,0.3008721172809601,0,2000,history20,4,80,42,1.0,0.0,walk_history_ablation
1062,21.240000000000002,1.0,0.0,1.0786038637161255,0.7767125368118286,0.2791072428226471,0.20622184872627258,0,2000,history20,4,80,42,1.0,0.0,walk_history_ablation
1063,21.26,1.0,0.0,1.07770836353302,0.7931172251701355,0.3133679926395416,0.1987226903438568,0,2000,history20,4,80,42,1.0,0.0,walk_history_ablation
1064,21.28,1.0,0.0,1.075353741645813,0.8062130808830261,0.34693482518196106,0.39536336064338684,0,2000,history20,4,80,42,1.0,0.0,walk_history_ablation
1065,21.3,1.0,0.0,1.070461392402649,0.8180743455886841,0.3753802478313446,0.6122638583183289,0,2000,history20,4,80,42,1.0,0.0,walk_history_ablation
1066,21.32,1.0,0.0,1.0643020868301392,0.831579327583313,0.3960590660572052,0.662783145904541,0,2000,history20,4,80,42,1.0,0.0,walk_history_ablation
1067,21.34,1.0,0.0,1.0633264780044556,0.6920212507247925,0.31949126720428467,0.11245402693748474,0,2000,history20,4,80,42,1.0,0.0,walk_history_ablation
1068,21.36,1.0,0.0,1.0681415796279907,0.5883417725563049,0.24645671248435974,-0.2891271710395813,0,2000,history20,4,80,42,1.0,0.0,walk_history_ablation
1069,21.38,1.0,0.0,1.0725852251052856,0.5634030103683472,0.19764336943626404,-0.1390370875597,0,2000,history20,4,80,42,1.0,0.0,walk_history_ablation
1070,21.400000000000002,1.0,0.0,1.0736275911331177,0.5765818953514099,0.17631793022155762,0.2707819640636444,0,2000,history20,4,80,42,1.0,0.0,walk_history_ablation
1071,21.42,1.0,0.0,1.0701504945755005,0.5941962003707886,0.15876831114292145,0.6844401955604553,0,2000,history20,4,80,42,1.0,0.0,walk_history_ablation
1072,21.44,1.0,0.0,1.0640126466751099,0.6073276996612549,0.13587506115436554,0.8076597452163696,0,2000,history20,4,80,42,1.0,0.0,walk_history_ablation
1073,21.46,1.0,0.0,1.0578848123550415,0.6249853372573853,0.11146154254674911,0.6709797382354736,0,2000,history20,4,80,42,1.0,0.0,walk_history_ablation
1074,21.48,1.0,0.0,1.0531355142593384,0.6481698751449585,0.09379442781209946,0.46765926480293274,0,2000,history20,4,80,42,1.0,0.0,walk_history_ablation
1075,21.5,1.0,0.0,1.0496512651443481,0.6648572683334351,0.08119981735944748,0.3393767774105072,0,2000,history20,4,80,42,1.0,0.0,walk_history_ablation
1076,21.52,1.0,0.0,1.0480157136917114,0.6797151565551758,0.06813643127679825,0.09920908510684967,0,2000,history20,4,80,42,1.0,0.0,walk_history_ablation
1077,21.54,1.0,0.0,1.0480390787124634,0.7065154910087585,0.06001463904976845,-0.07656674087047577,0,2000,history20,4,80,42,1.0,0.0,walk_history_ablation
1078,21.56,1.0,0.0,1.0494414567947388,0.7343891859054565,0.05255798622965813,-0.20323215425014496,0,2000,history20,4,80,42,1.0,0.0,walk_history_ablation
1079,21.580000000000002,1.0,0.0,1.0525456666946411,0.7615384459495544,0.041555557399988174,-0.37807074189186096,0,2000,history20,4,80,42,1.0,0.0,walk_history_ablation
1080,21.6,1.0,0.0,1.0561686754226685,0.7916228175163269,0.03482922911643982,-0.3716205656528473,0,2000,history20,4,80,42,1.0,0.0,walk_history_ablation
1081,21.62,1.0,0.0,1.0592299699783325,0.8261695504188538,0.024261457845568657,-0.3143438398838043,0,2000,history20,4,80,42,1.0,0.0,walk_history_ablation
1082,21.64,1.0,0.0,1.060677170753479,0.864536702632904,0.011470407247543335,-0.09242450445890427,0,2000,history20,4,80,42,1.0,0.0,walk_history_ablation
1083,21.66,1.0,0.0,1.0594078302383423,0.9063796401023865,-0.0015452024526894093,0.151772141456604,0,2000,history20,4,80,42,1.0,0.0,walk_history_ablation
1084,21.68,1.0,0.0,1.056519627571106,0.9347050786018372,-0.017762424424290657,0.2809450030326843,0,2000,history20,4,80,42,1.0,0.0,walk_history_ablation
1085,21.7,1.0,0.0,1.0523673295974731,0.9611561894416809,-0.03583742305636406,0.31228139996528625,0,2000,history20,4,80,42,1.0,0.0,walk_history_ablation
1086,21.72,1.0,0.0,1.0488072633743286,0.9858970046043396,-0.053863681852817535,0.23476910591125488,0,2000,history20,4,80,42,1.0,0.0,walk_history_ablation
1087,21.740000000000002,1.0,0.0,1.0464297533035278,0.9951993823051453,-0.05313359573483467,-0.11320312321186066,0,2000,history20,4,80,42,1.0,0.0,walk_history_ablation
1088,21.76,1.0,0.0,1.0483490228652954,0.8875511884689331,-0.014905727468430996,-0.014744922518730164,0,2000,history20,4,80,42,1.0,0.0,walk_history_ablation
1089,21.78,1.0,0.0,1.0458413362503052,0.8251362442970276,0.009020945057272911,0.2777111828327179,0,2000,history20,4,80,42,1.0,0.0,walk_history_ablation
1090,21.8,1.0,0.0,1.0404797792434692,0.7801900506019592,0.01693056710064411,0.3298049867153168,0,2000,history20,4,80,42,1.0,0.0,walk_history_ablation
1091,21.82,1.0,0.0,1.035446286201477,0.7398608326911926,0.019434474408626556,0.056727778166532516,0,2000,history20,4,80,42,1.0,0.0,walk_history_ablation
1092,21.84,1.0,0.0,1.0340505838394165,0.7073537707328796,0.031571391969919205,-0.34808576107025146,0,2000,history20,4,80,42,1.0,0.0,walk_history_ablation
1093,21.86,1.0,0.0,1.035849690437317,0.6958683729171753,0.045031893998384476,-0.49464479088783264,0,2000,history20,4,80,42,1.0,0.0,walk_history_ablation
1094,21.88,1.0,0.0,1.0383330583572388,0.6997735500335693,0.06302148103713989,-0.397305428981781,0,2000,history20,4,80,42,1.0,0.0,walk_history_ablation
1095,21.900000000000002,1.0,0.0,1.0389987230300903,0.7051639556884766,0.07607188820838928,-0.14004148542881012,0,2000,history20,4,80,42,1.0,0.0,walk_history_ablation
1096,21.92,1.0,0.0,1.0388818979263306,0.7245545387268066,0.08466316759586334,-0.03770016133785248,0,2000,history20,4,80,42,1.0,0.0,walk_history_ablation
1097,21.94,1.0,0.0,1.0383011102676392,0.7238061428070068,0.10087452828884125,0.011831952258944511,0,2000,history20,4,80,42,1.0,0.0,walk_history_ablation
1098,21.96,1.0,0.0,1.0368114709854126,0.7265159487724304,0.12534473836421967,0.15500791370868683,0,2000,history20,4,80,42,1.0,0.0,walk_history_ablation
1099,21.98,1.0,0.0,1.033748745918274,0.7452083230018616,0.146958127617836,0.30179789662361145,0,2000,history20,4,80,42,1.0,0.0,walk_history_ablation
1100,22.0,1.0,0.0,1.032260537147522,0.745960533618927,0.17579442262649536,0.24113240838050842,0,2000,history20,4,80,42,1.0,0.0,walk_history_ablation
1101,22.02,1.0,0.0,1.0288745164871216,0.759320855140686,0.20563533902168274,0.4631684422492981,0,2000,history20,4,80,42,1.0,0.0,walk_history_ablation
1102,22.04,1.0,0.0,1.0247646570205688,0.7845485806465149,0.23516744375228882,0.4763767719268799,0,2000,history20,4,80,42,1.0,0.0,walk_history_ablation
1103,22.06,1.0,0.0,1.0211130380630493,0.8030998706817627,0.2674729526042938,0.4109952747821808,0,2000,history20,4,80,42,1.0,0.0,walk_history_ablation
1104,22.080000000000002,1.0,0.0,1.0189768075942993,0.8418465256690979,0.29791808128356934,0.24283841252326965,0,2000,history20,4,80,42,1.0,0.0,walk_history_ablation
1105,22.1,1.0,0.0,1.0174227952957153,0.8662883043289185,0.3395158052444458,0.17861519753932953,0,2000,history20,4,80,42,1.0,0.0,walk_history_ablation
1106,22.12,1.0,0.0,1.0179673433303833,0.8798211216926575,0.3720133900642395,-0.024300239980220795,0,2000,history20,4,80,42,1.0,0.0,walk_history_ablation
1107,22.14,1.0,0.0,1.0178934335708618,0.8952223658561707,0.40703922510147095,0.1785825788974762,0,2000,history20,4,80,42,1.0,0.0,walk_history_ablation
1108,22.16,1.0,0.0,1.0141254663467407,0.9022744297981262,0.43366214632987976,0.5617860555648804,0,2000,history20,4,80,42,1.0,0.0,walk_history_ablation
1109,22.18,1.0,0.0,1.0063015222549438,0.8086633682250977,0.3599846661090851,0.4440843462944031,0,2000,history20,4,80,42,1.0,0.0,walk_history_ablation
1110,22.2,1.0,0.0,1.0107637643814087,0.6640036106109619,0.2702431380748749,-0.35289227962493896,0,2000,history20,4,80,42,1.0,0.0,walk_history_ablation
1111,22.22,1.0,0.0,1.0161739587783813,0.6126213669776917,0.21754449605941772,-0.1845121681690216,0,2000,history20,4,80,42,1.0,0.0,walk_history_ablation
1112,22.240000000000002,1.0,0.0,1.0192614793777466,0.6126139163970947,0.18929274380207062,0.05208216607570648,0,2000,history20,4,80,42,1.0,0.0,walk_history_ablation
1113,22.26,1.0,0.0,1.0176607370376587,0.6397033929824829,0.17711158096790314,0.5162217617034912,0,2000,history20,4,80,42,1.0,0.0,walk_history_ablation
1114,22.28,1.0,0.0,1.012851357460022,0.657690167427063,0.1583056002855301,0.6763356328010559,0,2000,history20,4,80,42,1.0,0.0,walk_history_ablation
1115,22.3,1.0,0.0,1.009539246559143,0.6591281890869141,0.1282959282398224,0.3815152049064636,0,2000,history20,4,80,42,1.0,0.0,walk_history_ablation
1116,22.32,1.0,0.0,1.0077077150344849,0.6711680293083191,0.1124347522854805,0.23493535816669464,0,2000,history20,4,80,42,1.0,0.0,walk_history_ablation
1117,22.34,1.0,0.0,1.0067030191421509,0.6917352080345154,0.10369598865509033,0.11768108606338501,0,2000,history20,4,80,42,1.0,0.0,walk_history_ablation
1118,22.36,1.0,0.0,1.0060955286026,0.7052092552185059,0.09667713940143585,0.08166521042585373,0,2000,history20,4,80,42,1.0,0.0,walk_history_ablation
1119,22.38,1.0,0.0,1.006341576576233,0.7189330458641052,0.08700916171073914,-0.042947590351104736,0,2000,history20,4,80,42,1.0,0.0,walk_history_ablation
1120,22.400000000000002,1.0,0.0,1.007073998451233,0.7502978444099426,0.08181482553482056,-0.09755230695009232,0,2000,history20,4,80,42,1.0,0.0,walk_history_ablation
1121,22.42,1.0,0.0,1.007764458656311,0.7834036350250244,0.07731018215417862,-0.10776269435882568,0,2000,history20,4,80,42,1.0,0.0,walk_history_ablation
1122,22.44,1.0,0.0,1.009940266609192,0.8172725439071655,0.06642111390829086,-0.30171582102775574,0,2000,history20,4,80,42,1.0,0.0,walk_history_ablation
1123,22.46,1.0,0.0,1.0123993158340454,0.8576971888542175,0.06136338785290718,-0.2663770616054535,0,2000,history20,4,80,42,1.0,0.0,walk_history_ablation
1124,22.48,1.0,0.0,1.0140353441238403,0.8947753310203552,0.04967678710818291,-0.15079914033412933,0,2000,history20,4,80,42,1.0,0.0,walk_history_ablation
1125,22.5,1.0,0.0,1.0132757425308228,0.9331085681915283,0.03965567797422409,0.11468950659036636,0,2000,history20,4,80,42,1.0,0.0,walk_history_ablation
1126,22.52,1.0,0.0,1.0104767084121704,0.97087162733078,0.027629531919956207,0.22186152637004852,0,2000,history20,4,80,42,1.0,0.0,walk_history_ablation
1127,22.54,1.0,0.0,1.007341980934143,0.992257833480835,0.013385124504566193,0.22126369178295135,0,2000,history20,4,80,42,1.0,0.0,walk_history_ablation
1128,22.56,1.0,0.0,1.004128098487854,1.0179883241653442,-0.0016349637880921364,0.14254213869571686,0,2000,history20,4,80,42,1.0,0.0,walk_history_ablation
1129,22.580000000000002,1.0,0.0,1.003405213356018,1.0425843000411987,-0.01700802519917488,-0.08229128271341324,0,2000,history20,4,80,42,1.0,0.0,walk_history_ablation
1130,22.6,1.0,0.0,1.005677342414856,0.9386848211288452,0.006638344377279282,-0.37564703822135925,0,2000,history20,4,80,42,1.0,0.0,walk_history_ablation
1131,22.62,1.0,0.0,1.0061250925064087,0.8613343238830566,0.03863680735230446,0.18201571702957153,0,2000,history20,4,80,42,1.0,0.0,walk_history_ablation
1132,22.64,1.0,0.0,1.0014477968215942,0.8113433122634888,0.046380527317523956,0.3561687767505646,0,2000,history20,4,80,42,1.0,0.0,walk_history_ablation
1133,22.66,1.0,0.0,0.996552586555481,0.7652634978294373,0.046340446919202805,0.125590518116951,0,2000,history20,4,80,42,1.0,0.0,walk_history_ablation
1134,22.68,1.0,0.0,0.9938737154006958,0.717287003993988,0.05439639091491699,-0.1884876787662506,0,2000,history20,4,80,42,1.0,0.0,walk_history_ablation
1135,22.7,1.0,0.0,0.9942513704299927,0.683464527130127,0.06876103579998016,-0.43257805705070496,0,2000,history20,4,80,42,1.0,0.0,walk_history_ablation
1136,22.72,1.0,0.0,0.9958854913711548,0.6713990569114685,0.08276938647031784,-0.3655409514904022,0,2000,history20,4,80,42,1.0,0.0,walk_history_ablation
1137,22.740000000000002,1.0,0.0,0.9963289499282837,0.678185760974884,0.09477116912603378,-0.1553962528705597,0,2000,history20,4,80,42,1.0,0.0,walk_history_ablation
1138,22.76,1.0,0.0,0.9961448907852173,0.6963891386985779,0.10280247032642365,-0.08377762883901596,0,2000,history20,4,80,42,1.0,0.0,walk_history_ablation
1139,22.78,1.0,0.0,0.9957395792007446,0.7069655656814575,0.11610124260187149,-0.0006941743195056915,0,2000,history20,4,80,42,1.0,0.0,walk_history_ablation
1140,22.8,1.0,0.0,0.9944149255752563,0.7104688882827759,0.13640868663787842,0.11481405049562454,0,2000,history20,4,80,42,1.0,0.0,walk_history_ablation
1141,22.82,1.0,0.0,0.9925047159194946,0.7113779187202454,0.16419968008995056,0.14574413001537323,0,2000,history20,4,80,42,1.0,0.0,walk_history_ablation
1142,22.84,1.0,0.0,0.9915214776992798,0.7142509818077087,0.1886146366596222,0.06934665143489838,0,2000,history20,4,80,42,1.0,0.0,walk_history_ablation
1143,22.86,1.0,0.0,0.9901705980300903,0.7231387495994568,0.21832653880119324,0.2737244963645935,0,2000,history20,4,80,42,1.0,0.0,walk_history_ablation
1144,22.88,1.0,0.0,0.9871827363967896,0.7426899075508118,0.25111427903175354,0.43168434500694275,0,2000,history20,4,80,42,1.0,0.0,walk_history_ablation
1145,22.900000000000002,1.0,0.0,0.9833422899246216,0.7674347758293152,0.2874045968055725,0.4634333848953247,0,2000,history20,4,80,42,1.0,0.0,walk_history_ablation
1146,22.92,1.0,0.0,0.9809490442276001,0.7912479639053345,0.31916487216949463,0.27400827407836914,0,2000,history20,4,80,42,1.0,0.0,walk_history_ablation
1147,22.94,1.0,0.0,0.9796854257583618,0.8141920566558838,0.3594725728034973,0.1559128612279892,0,2000,history20,4,80,42,1.0,0.0,walk_history_ablation
1148,22.96,1.0,0.0,0.9794107675552368,0.8323124647140503,0.3984437584877014,0.09156763553619385,0,2000,history20,4,80,42,1.0,0.0,walk_history_ablation
1149,22.98,1.0,0.0,0.9783469438552856,0.8474350571632385,0.4353443682193756,0.24468326568603516,0,2000,history20,4,80,42,1.0,0.0,walk_history_ablation
1150,23.0,1.0,0.0,0.9749094247817993,0.8628760576248169,0.4679500460624695,0.49294644594192505,0,2000,history20,4,80,42,1.0,0.0,walk_history_ablation
1151,23.02,1.0,0.0,0.9672223329544067,0.821502149105072,0.46004384756088257,1.1017979383468628,0,2000,history20,4,80,42,1.0,0.0,walk_history_ablation
1152,23.04,1.0,0.0,0.9680591821670532,0.6997727155685425,0.3485663831233978,-0.04471543803811073,0,2000,history20,4,80,42,1.0,0.0,walk_history_ablation
1153,23.06,1.0,0.0,0.972915768623352,0.633815348148346,0.26723822951316833,-0.25716421008110046,0,2000,history20,4,80,42,1.0,0.0,walk_history_ablation
1154,23.080000000000002,1.0,0.0,0.9765769243240356,0.6311290264129639,0.22188423573970795,-0.047039419412612915,0,2000,history20,4,80,42,1.0,0.0,walk_history_ablation
1155,23.1,1.0,0.0,0.9765912294387817,0.6573547720909119,0.20487026870250702,0.3521542549133301,0,2000,history20,4,80,42,1.0,0.0,walk_history_ablation
1156,23.12,1.0,0.0,0.9716488122940063,0.682228147983551,0.19665966928005219,0.7853318452835083,0,2000,history20,4,80,42,1.0,0.0,walk_history_ablation
1157,23.14,1.0,0.0,0.9659444093704224,0.701452374458313,0.16173340380191803,0.6404077410697937,0,2000,history20,4,80,42,1.0,0.0,walk_history_ablation
1158,23.16,1.0,0.0,0.9619938135147095,0.715008556842804,0.1340949386358261,0.4041566252708435,0,2000,history20,4,80,42,1.0,0.0,walk_history_ablation
1159,23.18,1.0,0.0,0.9610272645950317,0.7185512185096741,0.10766280442476273,0.07780922949314117,0,2000,history20,4,80,42,1.0,0.0,walk_history_ablation
1160,23.2,1.0,0.0,0.960736870765686,0.7307023406028748,0.10085167735815048,0.0993831530213356,0,2000,history20,4,80,42,1.0,0.0,walk_history_ablation
1161,23.22,1.0,0.0,0.961194634437561,0.7594770193099976,0.09034879505634308,-0.041158467531204224,0,2000,history20,4,80,42,1.0,0.0,walk_history_ablation
1162,23.240000000000002,1.0,0.0,0.9626070261001587,0.7931748628616333,0.08657430857419968,-0.16774332523345947,0,2000,history20,4,80,42,1.0,0.0,walk_history_ablation
1163,23.26,1.0,0.0,0.9642931222915649,0.8253858685493469,0.08202293515205383,-0.18207615613937378,0,2000,history20,4,80,42,1.0,0.0,walk_history_ablation
1164,23.28,1.0,0.0,0.9682317972183228,0.8580250144004822,0.06547495722770691,-0.5081202983856201,0,2000,history20,4,80,42,1.0,0.0,walk_history_ablation
1165,23.3,1.0,0.0,0.972967267036438,0.8912934064865112,0.0626893863081932,-0.4843575954437256,0,2000,history20,4,80,42,1.0,0.0,walk_history_ablation
1166,23.32,1.0,0.0,0.9774209260940552,0.9165196418762207,0.05194903537631035,-0.3859651982784271,0,2000,history20,4,80,42,1.0,0.0,walk_history_ablation
1167,23.34,1.0,0.0,0.9790054559707642,0.9517804384231567,0.04550343006849289,-0.055215395987033844,0,2000,history20,4,80,42,1.0,0.0,walk_history_ablation
1168,23.36,1.0,0.0,0.9772530794143677,0.9897481203079224,0.03579077869653702,0.23917293548583984,0,2000,history20,4,80,42,1.0,0.0,walk_history_ablation
1169,23.38,1.0,0.0,0.9736028909683228,1.0269545316696167,0.018375232815742493,0.24790647625923157,0,2000,history20,4,80,42,1.0,0.0,walk_history_ablation
1170,23.400000000000002,1.0,0.0,0.9694963693618774,1.0389217138290405,0.0037599741481244564,0.3200901746749878,0,2000,history20,4,80,42,1.0,0.0,walk_history_ablation
1171,23.42,1.0,0.0,0.9668422937393188,1.0598348379135132,-0.011966170743107796,0.04339419677853584,0,2000,history20,4,80,42,1.0,0.0,walk_history_ablation
1172,23.44,1.0,0.0,0.9667049646377563,0.9866257905960083,0.0012456796830520034,0.02294883504509926,0,2000,history20,4,80,42,1.0,0.0,walk_history_ablation
1173,23.46,1.0,0.0,0.9651147127151489,0.9018937945365906,0.039775386452674866,0.12799020111560822,0,2000,history20,4,80,42,1.0,0.0,walk_history_ablation
1174,23.48,1.0,0.0,0.9628726243972778,0.8522330522537231,0.05259038507938385,0.10536736249923706,0,2000,history20,4,80,42,1.0,0.0,walk_history_ablation
1175,23.5,1.0,0.0,0.9609147310256958,0.8222260475158691,0.05467122793197632,-0.07324787974357605,0,2000,history20,4,80,42,1.0,0.0,walk_history_ablation
1176,23.52,1.0,0.0,0.9590846300125122,0.7879172563552856,0.05984494090080261,-0.29700881242752075,0,2000,history20,4,80,42,1.0,0.0,walk_history_ablation
1177,23.54,1.0,0.0,0.9611488580703735,0.767096221446991,0.07117222249507904,-0.6733987331390381,0,2000,history20,4,80,42,1.0,0.0,walk_history_ablation
1178,23.56,1.0,0.0,0.9650179147720337,0.7556147575378418,0.08402853459119797,-0.5911429524421692,0,2000,history20,4,80,42,1.0,0.0,walk_history_ablation
1179,23.580000000000002,1.0,0.0,0.9672375917434692,0.7661746144294739,0.09876260161399841,-0.298788458108902,0,2000,history20,4,80,42,1.0,0.0,walk_history_ablation
1180,23.6,1.0,0.0,0.9676905870437622,0.7850651144981384,0.10553062707185745,-0.11245870590209961,0,2000,history20,4,80,42,1.0,0.0,walk_history_ablation
1181,23.62,1.0,0.0,0.9671469926834106,0.8028281927108765,0.11100168526172638,0.03327379375696182,0,2000,history20,4,80,42,1.0,0.0,walk_history_ablation
1182,23.64,1.0,0.0,0.9651609659194946,0.8065797090530396,0.1287723183631897,0.17394232749938965,0,2000,history20,4,80,42,1.0,0.0,walk_history_ablation
1183,23.66,1.0,0.0,0.9627710580825806,0.8097548484802246,0.15562260150909424,0.18119971454143524,0,2000,history20,4,80,42,1.0,0.0,walk_history_ablation
1184,23.68,1.0,0.0,0.9605799913406372,0.8161804676055908,0.18116244673728943,0.05843709409236908,0,2000,history20,4,80,42,1.0,0.0,walk_history_ablation
1185,23.7,1.0,0.0,0.9594298601150513,0.8347460031509399,0.20875248312950134,0.23704440891742706,0,2000,history20,4,80,42,1.0,0.0,walk_history_ablation
1186,23.72,1.0,0.0,0.9559956789016724,0.8588240146636963,0.2390664517879486,0.46991750597953796,0,2000,history20,4,80,42,1.0,0.0,walk_history_ablation
1187,23.740000000000002,1.0,0.0,0.9514371156692505,0.8915975093841553,0.27157342433929443,0.5298241972923279,0,2000,history20,4,80,42,1.0,0.0,walk_history_ablation
1188,23.76,1.0,0.0,0.9477149248123169,0.9247682690620422,0.30018433928489685,0.41209718585014343,0,2000,history20,4,80,42,1.0,0.0,walk_history_ablation
1189,23.78,1.0,0.0,0.9457794427871704,0.9604556560516357,0.3373301029205322,0.158541738986969,0,2000,history20,4,80,42,1.0,0.0,walk_history_ablation
1190,23.8,1.0,0.0,0.9458490610122681,0.9874387979507446,0.3751465678215027,-0.003844253718852997,0,2000,history20,4,80,42,1.0,0.0,walk_history_ablation
1191,23.82,1.0,0.0,0.9468342065811157,1.0103038549423218,0.41045472025871277,-0.017988987267017365,0,2000,history20,4,80,42,1.0,0.0,walk_history_ablation
1192,23.84,1.0,0.0,0.9456597566604614,1.031357765197754,0.44423916935920715,0.31623905897140503,0,2000,history20,4,80,42,1.0,0.0,walk_history_ablation
1193,23.86,1.0,0.0,0.9383469820022583,0.9400649070739746,0.4124384820461273,1.1839306354522705,0,2000,history20,4,80,42,1.0,0.0,walk_history_ablation
1194,23.88,1.0,0.0,0.9352236986160278,0.7907539010047913,0.30990320444107056,0.1566658318042755,0,2000,history20,4,80,42,1.0,0.0,walk_history_ablation
1195,23.900000000000002,1.0,0.0,0.9397412538528442,0.6787938475608826,0.23318584263324738,-0.2334587275981903,0,2000,history20,4,80,42,1.0,0.0,walk_history_ablation
1196,23.92,1.0,0.0,0.9446355104446411,0.6316668391227722,0.18243031203746796,-0.1642928421497345,0,2000,history20,4,80,42,1.0,0.0,walk_history_ablation
1197,23.94,1.0,0.0,0.9464794397354126,0.6399357318878174,0.16296623647212982,0.16058842837810516,0,2000,history20,4,80,42,1.0,0.0,walk_history_ablation
1198,23.96,1.0,0.0,0.9434777498245239,0.6625108122825623,0.1550711989402771,0.6335490942001343,0,2000,history20,4,80,42,1.0,0.0,walk_history_ablation
1199,23.98,1.0,0.0,0.9388467073440552,0.6686967611312866,0.13247662782669067,0.6074761748313904,0,2000,history20,4,80,42,1.0,0.0,walk_history_ablation
1200,24.0,1.0,0.0,0.9365984201431274,0.6722835898399353,0.10335351526737213,0.20803408324718475,0,2000,history20,4,80,42,1.0,0.0,walk_history_ablation
1201,24.02,1.0,0.0,0.9360553026199341,0.6949043869972229,0.08983851969242096,0.07241111993789673,0,2000,history20,4,80,42,1.0,0.0,walk_history_ablation
1202,24.04,1.0,0.0,0.9355303049087524,0.7131953239440918,0.08322072774171829,0.11602224409580231,0,2000,history20,4,80,42,1.0,0.0,walk_history_ablation
1203,24.060000000000002,1.0,0.0,0.9355384111404419,0.7246188521385193,0.07168860733509064,0.015634259209036827,0,2000,history20,4,80,42,1.0,0.0,walk_history_ablation
1204,24.080000000000002,1.0,0.0,0.9361253976821899,0.7455452084541321,0.06533583998680115,-0.0455341711640358,0,2000,history20,4,80,42,1.0,0.0,walk_history_ablation
1205,24.1,1.0,0.0,0.9362045526504517,0.7808353304862976,0.06135810166597366,0.0156601220369339,0,2000,history20,4,80,42,1.0,0.0,walk_history_ablation
1206,24.12,1.0,0.0,0.9370490312576294,0.8163030743598938,0.05266488716006279,-0.1741548776626587,0,2000,history20,4,80,42,1.0,0.0,walk_history_ablation
1207,24.14,1.0,0.0,0.9385420083999634,0.8545401692390442,0.04997740685939789,-0.23890069127082825,0,2000,history20,4,80,42,1.0,0.0,walk_history_ablation
1208,24.16,1.0,0.0,0.9410086870193481,0.8888905644416809,0.03729017823934555,-0.27996155619621277,0,2000,history20,4,80,42,1.0,0.0,walk_history_ablation
1209,24.18,1.0,0.0,0.941513180732727,0.9305221438407898,0.0315513089299202,-0.032524965703487396,0,2000,history20,4,80,42,1.0,0.0,walk_history_ablation
1210,24.2,1.0,0.0,0.9403382539749146,0.9769811630249023,0.020212991163134575,0.07404299080371857,0,2000,history20,4,80,42,1.0,0.0,walk_history_ablation
1211,24.22,1.0,0.0,0.9386473894119263,1.008575439453125,0.007031302433460951,0.09106218069791794,0,2000,history20,4,80,42,1.0,0.0,walk_history_ablation
1212,24.240000000000002,1.0,0.0,0.9361516237258911,1.029748558998108,-0.005489546339958906,0.11359996348619461,0,2000,history20,4,80,42,1.0,0.0,walk_history_ablation
1213,24.26,1.0,0.0,0.9350267648696899,1.0475029945373535,-0.02059103362262249,-0.025851013138890266,0,2000,history20,4,80,42,1.0,0.0,walk_history_ablation
1214,24.28,1.0,0.0,0.9355036020278931,1.0709540843963623,-0.034520506858825684,-0.20996026694774628,0,2000,history20,4,80,42,1.0,0.0,walk_history_ablation
1215,24.3,1.0,0.0,0.9397917985916138,0.933096170425415,0.001528760651126504,-0.43940481543540955,0,2000,history20,4,80,42,1.0,0.0,walk_history_ablation
1216,24.32,1.0,0.0,0.9398156404495239,0.8730705976486206,0.02543715201318264,0.16376283764839172,0,2000,history20,4,80,42,1.0,0.0,walk_history_ablation
1217,24.34,1.0,0.0,0.9352990388870239,0.8136340975761414,0.034822143614292145,0.3076458275318146,0,2000,history20,4,80,42,1.0,0.0,walk_history_ablation
1218,24.36,1.0,0.0,0.9298807382583618,0.7588590383529663,0.03553583845496178,0.16174311935901642,0,2000,history20,4,80,42,1.0,0.0,walk_history_ablation
1219,24.38,1.0,0.0,0.9268027544021606,0.7088441848754883,0.04513324424624443,-0.16145218908786774,0,2000,history20,4,80,42,1.0,0.0,walk_history_ablation
1220,24.400000000000002,1.0,0.0,0.9265466928482056,0.6804128289222717,0.05454062297940254,-0.33753788471221924,0,2000,history20,4,80,42,1.0,0.0,walk_history_ablation
1221,24.42,1.0,0.0,0.9273053407669067,0.680516242980957,0.06924283504486084,-0.28728845715522766,0,2000,history20,4,80,42,1.0,0.0,walk_history_ablation
1222,24.44,1.0,0.0,0.9275575876235962,0.6910830736160278,0.07986892014741898,-0.1554027497768402,0,2000,history20,4,80,42,1.0,0.0,walk_history_ablation
1223,24.46,1.0,0.0,0.9275566339492798,0.7062058448791504,0.08937609195709229,-0.08604554831981659,0,2000,history20,4,80,42,1.0,0.0,walk_history_ablation
1224,24.48,1.0,0.0,0.9269658327102661,0.7076001167297363,0.10708284378051758,0.014649590477347374,0,2000,history20,4,80,42,1.0,0.0,walk_history_ablation
1225,24.5,1.0,0.0,0.9261380434036255,0.7098661065101624,0.129964217543602,0.026132576167583466,0,2000,history20,4,80,42,1.0,0.0,walk_history_ablation
1226,24.52,1.0,0.0,0.9252406358718872,0.7145423293113708,0.15615098178386688,0.051605381071567535,0,2000,history20,4,80,42,1.0,0.0,walk_history_ablation
1227,24.54,1.0,0.0,0.9252282381057739,0.7207149863243103,0.18149851262569427,0.05746518820524216,0,2000,history20,4,80,42,1.0,0.0,walk_history_ablation
1228,24.560000000000002,1.0,0.0,0.9237271547317505,0.7337476015090942,0.21327050030231476,0.3078727722167969,0,2000,history20,4,80,42,1.0,0.0,walk_history_ablation
1229,24.580000000000002,1.0,0.0,0.9203885793685913,0.7542733550071716,0.24941200017929077,0.45479458570480347,0,2000,history20,4,80,42,1.0,0.0,walk_history_ablation
1230,24.6,1.0,0.0,0.9169644117355347,0.7745972275733948,0.28470492362976074,0.39647337794303894,0,2000,history20,4,80,42,1.0,0.0,walk_history_ablation
1231,24.62,1.0,0.0,0.9154053926467896,0.7980671525001526,0.3193747103214264,0.13188312947750092,0,2000,history20,4,80,42,1.0,0.0,walk_history_ablation
1232,24.64,1.0,0.0,0.9156562089920044,0.8201243877410889,0.35868677496910095,0.03753300756216049,0,2000,history20,4,80,42,1.0,0.0,walk_history_ablation
1233,24.66,1.0,0.0,0.9159501791000366,0.8361265659332275,0.39921101927757263,0.09472368657588959,0,2000,history20,4,80,42,1.0,0.0,walk_history_ablation
1234,24.68,1.0,0.0,0.9142996072769165,0.8531554937362671,0.4371451139450073,0.34849822521209717,0,2000,history20,4,80,42,1.0,0.0,walk_history_ablation
1235,24.7,1.0,0.0,0.9091793298721313,0.8682171702384949,0.47049853205680847,0.6618149280548096,0,2000,history20,4,80,42,1.0,0.0,walk_history_ablation
1236,24.72,1.0,0.0,0.9011045694351196,0.8194190263748169,0.4448731541633606,0.9859404563903809,0,2000,history20,4,80,42,1.0,0.0,walk_history_ablation
1237,24.740000000000002,1.0,0.0,0.902798056602478,0.6762590408325195,0.3517567217350006,-0.15389694273471832,0,2000,history20,4,80,42,1.0,0.0,walk_history_ablation
1238,24.76,1.0,0.0,0.9083911180496216,0.6036046147346497,0.27586260437965393,-0.31142544746398926,0,2000,history20,4,80,42,1.0,0.0,walk_history_ablation
1239,24.78,1.0,0.0,0.9130164384841919,0.5932475924491882,0.23049333691596985,-0.17436057329177856,0,2000,history20,4,80,42,1.0,0.0,walk_history_ablation
1240,24.8,1.0,0.0,0.9140390157699585,0.6128443479537964,0.21684160828590393,0.2353525161743164,0,2000,history20,4,80,42,1.0,0.0,walk_history_ablation
1241,24.82,1.0,0.0,0.910619854927063,0.6253367066383362,0.20470882952213287,0.6520294547080994,0,2000,history20,4,80,42,1.0,0.0,walk_history_ablation
1242,24.84,1.0,0.0,0.9065715074539185,0.6294484734535217,0.174562469124794,0.49907946586608887,0,2000,history20,4,80,42,1.0,0.0,walk_history_ablation
1243,24.86,1.0,0.0,0.9036856889724731,0.6404840350151062,0.1512472778558731,0.3436721861362457,0,2000,history20,4,80,42,1.0,0.0,walk_history_ablation
1244,24.88,1.0,0.0,0.9018155336380005,0.6593334078788757,0.1373780369758606,0.2082432061433792,0,2000,history20,4,80,42,1.0,0.0,walk_history_ablation
1245,24.900000000000002,1.0,0.0,0.9003192186355591,0.6719242334365845,0.12577392160892487,0.18364830315113068,0,2000,history20,4,80,42,1.0,0.0,walk_history_ablation
1246,24.92,1.0,0.0,0.9001909494400024,0.6873484253883362,0.11432872712612152,-0.026732444763183594,0,2000,history20,4,80,42,1.0,0.0,walk_history_ablation
1247,24.94,1.0,0.0,0.9011873006820679,0.7120106816291809,0.10833210498094559,-0.11538662761449814,0,2000,history20,4,80,42,1.0,0.0,walk_history_ablation
1248,24.96,1.0,0.0,0.902222752571106,0.7413225769996643,0.10465658456087112,-0.11563023924827576,0,2000,history20,4,80,42,1.0,0.0,walk_history_ablation
1249,24.98,1.0,0.0,0.9042869806289673,0.7682134509086609,0.0944715142250061,-0.27002155780792236,0,2000,history20,4,80,42,1.0,0.0,walk_history_ablation
1250,25.0,1.0,0.0,0.9065076112747192,0.8009001016616821,0.09096074849367142,-0.2620435655117035,0,2000,history20,4,80,42,1.0,0.0,walk_history_ablation
1251,25.02,1.0,0.0,0.9088259935379028,0.8357017636299133,0.0802021473646164,-0.26262396574020386,0,2000,history20,4,80,42,1.0,0.0,walk_history_ablation
1252,25.04,1.0,0.0,0.9090825319290161,0.8730825781822205,0.07308650016784668,0.02425922453403473,0,2000,history20,4,80,42,1.0,0.0,walk_history_ablation
1253,25.060000000000002,1.0,0.0,0.907082200050354,0.9166375994682312,0.06346618384122849,0.15238219499588013,0,2000,history20,4,80,42,1.0,0.0,walk_history_ablation
1254,25.080000000000002,1.0,0.0,0.9048405885696411,0.9382168054580688,0.05342230945825577,0.17940890789031982,0,2000,history20,4,80,42,1.0,0.0,walk_history_ablation
1255,25.1,1.0,0.0,0.9014142751693726,0.9621216654777527,0.040559958666563034,0.19949276745319366,0,2000,history20,4,80,42,1.0,0.0,walk_history_ablation
1256,25.12,1.0,0.0,0.8999007940292358,0.9843852519989014,0.02655317634344101,-0.005319018382579088,0,2000,history20,4,80,42,1.0,0.0,walk_history_ablation
1257,25.14,1.0,0.0,0.8997036218643188,0.986769437789917,0.01844305917620659,-0.2699647843837738,0,2000,history20,4,80,42,1.0,0.0,walk_history_ablation
1258,25.16,1.0,0.0,0.9028960466384888,0.8748749494552612,0.0518416129052639,-0.10300762206315994,0,2000,history20,4,80,42,1.0,0.0,walk_history_ablation
1259,25.18,1.0,0.0,0.9005652666091919,0.8146572113037109,0.06801345199346542,0.2959277331829071,0,2000,history20,4,80,42,1.0,0.0,walk_history_ablation
1260,25.2,1.0,0.0,0.8947471380233765,0.7652722597122192,0.07025659829378128,0.3634999394416809,0,2000,history20,4,80,42,1.0,0.0,walk_history_ablation
1261,25.22,1.0,0.0,0.8891884088516235,0.7206284403800964,0.06894105672836304,0.09979642182588577,0,2000,history20,4,80,42,1.0,0.0,walk_history_ablation
1262,25.240000000000002,1.0,0.0,0.8875643014907837,0.6879966855049133,0.07937400043010712,-0.35614916682243347,0,2000,history20,4,80,42,1.0,0.0,walk_history_ablation
1263,25.26,1.0,0.0,0.8896485567092896,0.6756579875946045,0.09077967703342438,-0.5459290146827698,0,2000,history20,4,80,42,1.0,0.0,walk_history_ablation
1264,25.28,1.0,0.0,0.8926666975021362,0.6807804107666016,0.10555524379014969,-0.43532466888427734,0,2000,history20,4,80,42,1.0,0.0,walk_history_ablation
1265,25.3,1.0,0.0,0.8937698602676392,0.688906729221344,0.11662698537111282,-0.1577024906873703,0,2000,history20,4,80,42,1.0,0.0,walk_history_ablation
1266,25.32,1.0,0.0,0.8936601877212524,0.7064874172210693,0.12598274648189545,-0.026316292583942413,0,2000,history20,4,80,42,1.0,0.0,walk_history_ablation
1267,25.34,1.0,0.0,0.8930100202560425,0.7047480344772339,0.1427944004535675,0.028161119669675827,0,2000,history20,4,80,42,1.0,0.0,walk_history_ablation
1268,25.36,1.0,0.0,0.891459584236145,0.7036895155906677,0.16788265109062195,0.15258288383483887,0,2000,history20,4,80,42,1.0,0.0,walk_history_ablation
1269,25.38,1.0,0.0,0.8888314962387085,0.715614914894104,0.19063951075077057,0.2516152858734131,0,2000,history20,4,80,42,1.0,0.0,walk_history_ablation
1270,25.400000000000002,1.0,0.0,0.8877040147781372,0.7175491452217102,0.21829749643802643,0.21191436052322388,0,2000,history20,4,80,42,1.0,0.0,walk_history_ablation
1271,25.42,1.0,0.0,0.8846966028213501,0.7299785614013672,0.24998284876346588,0.43770357966423035,0,2000,history20,4,80,42,1.0,0.0,walk_history_ablation
1272,25.44,1.0,0.0,0.8811100721359253,0.7559260725975037,0.28167757391929626,0.4364207088947296,0,2000,history20,4,80,42,1.0,0.0,walk_history_ablation
1273,25.46,1.0,0.0,0.8780571222305298,0.7766574025154114,0.31721732020378113,0.35705915093421936,0,2000,history20,4,80,42,1.0,0.0,walk_history_ablation
1274,25.48,1.0,0.0,0.8766623735427856,0.8056525588035583,0.3517410159111023,0.16277003288269043,0,2000,history20,4,80,42,1.0,0.0,walk_history_ablation
1275,25.5,1.0,0.0,0.875991702079773,0.825977623462677,0.39600348472595215,0.10579219460487366,0,2000,history20,4,80,42,1.0,0.0,walk_history_ablation
1276,25.52,1.0,0.0,0.8765236139297485,0.8382516503334045,0.4335643947124481,0.01580454409122467,0,2000,history20,4,80,42,1.0,0.0,walk_history_ablation
1277,25.54,1.0,0.0,0.875862717628479,0.8518130779266357,0.47131437063217163,0.24308380484580994,0,2000,history20,4,80,42,1.0,0.0,walk_history_ablation
1278,25.560000000000002,1.0,0.0,0.8716760873794556,0.8617246150970459,0.5028219223022461,0.5835039615631104,0,2000,history20,4,80,42,1.0,0.0,walk_history_ablation
1279,25.580000000000002,1.0,0.0,0.8664485216140747,0.7330318093299866,0.4105357229709625,0.49230486154556274,0,2000,history20,4,80,42,1.0,0.0,walk_history_ablation
1280,25.6,1.0,0.0,0.8710147142410278,0.6223593950271606,0.3226974904537201,-0.35494381189346313,0,2000,history20,4,80,42,1.0,0.0,walk_history_ablation
1281,25.62,1.0,0.0,0.876916766166687,0.5854752659797668,0.26278647780418396,-0.2917908728122711,0,2000,history20,4,80,42,1.0,0.0,walk_history_ablation
1282,25.64,1.0,0.0,0.8805223703384399,0.5951769948005676,0.23645393550395966,-0.017616137862205505,0,2000,history20,4,80,42,1.0,0.0,walk_history_ablation
1283,25.66,1.0,0.0,0.8799115419387817,0.6167018413543701,0.22667795419692993,0.3869883120059967,0,2000,history20,4,80,42,1.0,0.0,walk_history_ablation
1284,25.68,1.0,0.0,0.8765479326248169,0.6260247826576233,0.20991210639476776,0.5272049307823181,0,2000,history20,4,80,42,1.0,0.0,walk_history_ablation
1285,25.7,1.0,0.0,0.8743773698806763,0.6290035247802734,0.17904119193553925,0.2559921443462372,0,2000,history20,4,80,42,1.0,0.0,walk_history_ablation
1286,25.72,1.0,0.0,0.8737064599990845,0.6405228972434998,0.16142705082893372,0.11619049310684204,0,2000,history20,4,80,42,1.0,0.0,walk_history_ablation
1287,25.740000000000002,1.0,0.0,0.8738726377487183,0.6505792140960693,0.14989690482616425,0.0310799740254879,0,2000,history20,4,80,42,1.0,0.0,walk_history_ablation
1288,25.76,1.0,0.0,0.8742982149124146,0.6620934009552002,0.14049510657787323,-0.008793609216809273,0,2000,history20,4,80,42,1.0,0.0,walk_history_ablation
1289,25.78,1.0,0.0,0.8749405145645142,0.6845824122428894,0.13165661692619324,-0.060143932700157166,0,2000,history20,4,80,42,1.0,0.0,walk_history_ablation
1290,25.8,1.0,0.0,0.8758302927017212,0.7148228287696838,0.1255481243133545,-0.1086631491780281,0,2000,history20,4,80,42,1.0,0.0,walk_history_ablation
1291,25.82,1.0,0.0,0.8769556283950806,0.7427936792373657,0.11734617501497269,-0.14939042925834656,0,2000,history20,4,80,42,1.0,0.0,walk_history_ablation
1292,25.84,1.0,0.0,0.8792058229446411,0.7735224962234497,0.10397043079137802,-0.29076921939849854,0,2000,history20,4,80,42,1.0,0.0,walk_history_ablation
1293,25.86,1.0,0.0,0.8814326524734497,0.8096132874488831,0.09631441533565521,-0.23158806562423706,0,2000,history20,4,80,42,1.0,0.0,walk_history_ablation
1294,25.88,1.0,0.0,0.8826075792312622,0.8442642092704773,0.08487099409103394,-0.09186585992574692,0,2000,history20,4,80,42,1.0,0.0,walk_history_ablation
1295,25.900000000000002,1.0,0.0,0.8813358545303345,0.8795408606529236,0.07509389519691467,0.1386687010526657,0,2000,history20,4,80,42,1.0,0.0,walk_history_ablation
1296,25.92,1.0,0.0,0.878426194190979,0.9109925031661987,0.061781637370586395,0.24490925669670105,0,2000,history20,4,80,42,1.0,0.0,walk_history_ablation
1297,25.94,1.0,0.0,0.8748995065689087,0.9334648251533508,0.04723785072565079,0.23549506068229675,0,2000,history20,4,80,42,1.0,0.0,walk_history_ablation
1298,25.96,1.0,0.0,0.871700644493103,0.9495337009429932,0.03427167609333992,0.1811242401599884,0,2000,history20,4,80,42,1.0,0.0,walk_history_ablation
1299,25.98,1.0,0.0,0.8702369928359985,0.9674808382987976,0.022041501477360725,-0.03217099606990814,0,2000,history20,4,80,42,1.0,0.0,walk_history_ablation
1300,26.0,1.0,0.0,0.8719114065170288,0.8837940692901611,0.03744282200932503,-0.2699832022190094,0,2000,history20,4,80,42,1.0,0.0,walk_history_ablation
1301,26.02,1.0,0.0,0.8724066019058228,0.8131505250930786,0.06421712785959244,0.0883091390132904,0,2000,history20,4,80,42,1.0,0.0,walk_history_ablation
1302,26.04,1.0,0.0,0.8685578107833862,0.7617595791816711,0.07172580808401108,0.2848716974258423,0,2000,history20,4,80,42,1.0,0.0,walk_history_ablation
1303,26.060000000000002,1.0,0.0,0.8638631105422974,0.7268805503845215,0.06584465503692627,0.1454845666885376,0,2000,history20,4,80,42,1.0,0.0,walk_history_ablation
1304,26.080000000000002,1.0,0.0,0.8611713647842407,0.6886044144630432,0.072787806391716,-0.22633543610572815,0,2000,history20,4,80,42,1.0,0.0,walk_history_ablation
1305,26.1,1.0,0.0,0.8621412515640259,0.6673600673675537,0.08054982125759125,-0.4885207712650299,0,2000,history20,4,80,42,1.0,0.0,walk_history_ablation
1306,26.12,1.0,0.0,0.864601731300354,0.6644725799560547,0.09345875680446625,-0.4413203299045563,0,2000,history20,4,80,42,1.0,0.0,walk_history_ablation
1307,26.14,1.0,0.0,0.8661810159683228,0.6752316355705261,0.10353652387857437,-0.24223345518112183,0,2000,history20,4,80,42,1.0,0.0,walk_history_ablation
1308,26.16,1.0,0.0,0.8666201829910278,0.6926516890525818,0.11110370606184006,-0.09042061865329742,0,2000,history20,4,80,42,1.0,0.0,walk_history_ablation
1309,26.18,1.0,0.0,0.8660901784896851,0.6990963220596313,0.1242121011018753,0.026526324450969696,0,2000,history20,4,80,42,1.0,0.0,walk_history_ablation
1310,26.2,1.0,0.0,0.8645337820053101,0.702268123626709,0.14256727695465088,0.14324995875358582,0,2000,history20,4,80,42,1.0,0.0,walk_history_ablation
1311,26.22,1.0,0.0,0.8623195886611938,0.7052621841430664,0.1671409159898758,0.1889026165008545,0,2000,history20,4,80,42,1.0,0.0,walk_history_ablation
1312,26.240000000000002,1.0,0.0,0.8604599237442017,0.7121810913085938,0.19105003774166107,0.09718185663223267,0,2000,history20,4,80,42,1.0,0.0,walk_history_ablation
1313,26.26,1.0,0.0,0.8588441610336304,0.7239596247673035,0.21929986774921417,0.2914161682128906,0,2000,history20,4,80,42,1.0,0.0,walk_history_ablation
1314,26.28,1.0,0.0,0.8555508852005005,0.7433257102966309,0.2515339255332947,0.44347083568573,0,2000,history20,4,80,42,1.0,0.0,walk_history_ablation
1315,26.3,1.0,0.0,0.8518778085708618,0.7673873901367188,0.2842656970024109,0.4292185604572296,0,2000,history20,4,80,42,1.0,0.0,walk_history_ablation
1316,26.32,1.0,0.0,0.8496378660202026,0.794161319732666,0.3156598210334778,0.24538856744766235,0,2000,history20,4,80,42,1.0,0.0,walk_history_ablation
1317,26.34,1.0,0.0,0.848746657371521,0.8190880417823792,0.3535836637020111,0.13017982244491577,0,2000,history20,4,80,42,1.0,0.0,walk_history_ablation
1318,26.36,1.0,0.0,0.8486853837966919,0.835944652557373,0.3924035429954529,0.07505744695663452,0,2000,history20,4,80,42,1.0,0.0,walk_history_ablation
1319,26.38,1.0,0.0,0.848065972328186,0.8506178259849548,0.4279102385044098,0.20377099514007568,0,2000,history20,4,80,42,1.0,0.0,walk_history_ablation
1320,26.400000000000002,1.0,0.0,0.8446539640426636,0.8642239570617676,0.46028009057044983,0.5209139585494995,0,2000,history20,4,80,42,1.0,0.0,walk_history_ablation
1321,26.42,1.0,0.0,0.8379329442977905,0.8135992288589478,0.4411361813545227,0.997809648513794,0,2000,history20,4,80,42,1.0,0.0,walk_history_ablation
1322,26.44,1.0,0.0,0.8384605646133423,0.6681658029556274,0.34240788221359253,-0.09306434541940689,0,2000,history20,4,80,42,1.0,0.0,walk_history_ablation
1323,26.46,1.0,0.0,0.8438631296157837,0.5891045331954956,0.26576322317123413,-0.26563990116119385,0,2000,history20,4,80,42,1.0,0.0,walk_history_ablation
1324,26.48,1.0,0.0,0.848056435585022,0.5736602544784546,0.22053833305835724,-0.09971368312835693,0,2000,history20,4,80,42,1.0,0.0,walk_history_ablation
1325,26.5,1.0,0.0,0.8486558198928833,0.5909655690193176,0.20591376721858978,0.2854711413383484,0,2000,history20,4,80,42,1.0,0.0,walk_history_ablation
1326,26.52,1.0,0.0,0.844699501991272,0.6064946055412292,0.19216176867485046,0.6854419112205505,0,2000,history20,4,80,42,1.0,0.0,walk_history_ablation
1327,26.54,1.0,0.0,0.8408104181289673,0.6125314831733704,0.15980778634548187,0.4458766281604767,0,2000,history20,4,80,42,1.0,0.0,walk_history_ablation
1328,26.560000000000002,1.0,0.0,0.8387163877487183,0.6263217329978943,0.13642138242721558,0.2445591688156128,0,2000,history20,4,80,42,1.0,0.0,walk_history_ablation
1329,26.580000000000002,1.0,0.0,0.8378506898880005,0.6490486860275269,0.12397120893001556,0.10831168293952942,0,2000,history20,4,80,42,1.0,0.0,walk_history_ablation
1330,26.6,1.0,0.0,0.8372617959976196,0.6635910868644714,0.11331997066736221,0.10142942517995834,0,2000,history20,4,80,42,1.0,0.0,walk_history_ablation
1331,26.62,1.0,0.0,0.8376878499984741,0.679409384727478,0.10206799954175949,-0.07278432697057724,0,2000,history20,4,80,42,1.0,0.0,walk_history_ablation
1332,26.64,1.0,0.0,0.8391495943069458,0.7057632207870483,0.09446054697036743,-0.16019943356513977,0,2000,history20,4,80,42,1.0,0.0,walk_history_ablation
1333,26.66,1.0,0.0,0.8404818773269653,0.7392577528953552,0.09017177671194077,-0.13945898413658142,0,2000,history20,4,80,42,1.0,0.0,walk_history_ablation
1334,26.68,1.0,0.0,0.8427006006240845,0.769205629825592,0.07990807294845581,-0.28611648082733154,0,2000,history20,4,80,42,1.0,0.0,walk_history_ablation
1335,26.7,1.0,0.0,0.8451787233352661,0.8037073016166687,0.0745675340294838,-0.2987841069698334,0,2000,history20,4,80,42,1.0,0.0,walk_history_ablation
1336,26.72,1.0,0.0,0.8479987382888794,0.8393839597702026,0.06152626872062683,-0.32352426648139954,0,2000,history20,4,80,42,1.0,0.0,walk_history_ablation
1337,26.740000000000002,1.0,0.0,0.8487306833267212,0.8754432201385498,0.052668582648038864,-0.018219511955976486,0,2000,history20,4,80,42,1.0,0.0,walk_history_ablation
1338,26.76,1.0,0.0,0.8472806215286255,0.917452335357666,0.03978588432073593,0.09479781240224838,0,2000,history20,4,80,42,1.0,0.0,walk_history_ablation
1339,26.78,1.0,0.0,0.8455263376235962,0.9367861747741699,0.02679010108113289,0.14040827751159668,0,2000,history20,4,80,42,1.0,0.0,walk_history_ablation
1340,26.8,1.0,0.0,0.8424795866012573,0.9588934183120728,0.011184914968907833,0.16978129744529724,0,2000,history20,4,80,42,1.0,0.0,walk_history_ablation
1341,26.82,1.0,0.0,0.8411709070205688,0.9803171753883362,-0.005257436074316502,-0.013146631419658661,0,2000,history20,4,80,42,1.0,0.0,walk_history_ablation
1342,26.84,1.0,0.0,0.8412619829177856,0.9697297215461731,-0.013793494552373886,-0.38701003789901733,0,2000,history20,4,80,42,1.0,0.0,walk_history_ablation
1343,26.86,1.0,0.0,0.8445693254470825,0.8640482425689697,0.026819195598363876,-0.09473030269145966,0,2000,history20,4,80,42,1.0,0.0,walk_history_ablation
1344,26.88,1.0,0.0,0.8423062562942505,0.8051692247390747,0.04340600222349167,0.277014821767807,0,2000,history20,4,80,42,1.0,0.0,walk_history_ablation
1345,26.900000000000002,1.0,0.0,0.8370095491409302,0.7587368488311768,0.048970840871334076,0.3098771870136261,0,2000,history20,4,80,42,1.0,0.0,walk_history_ablation
1346,26.92,1.0,0.0,0.8320752382278442,0.7127537727355957,0.05117698386311531,0.03439116105437279,0,2000,history20,4,80,42,1.0,0.0,walk_history_ablation
1347,26.94,1.0,0.0,0.8311277627944946,0.6798720359802246,0.0625566616654396,-0.4123661518096924,0,2000,history20,4,80,42,1.0,0.0,walk_history_ablation
1348,26.96,1.0,0.0,0.8336154222488403,0.6655767560005188,0.07625898718833923,-0.5616328120231628,0,2000,history20,4,80,42,1.0,0.0,walk_history_ablation
1349,26.98,1.0,0.0,0.8365522623062134,0.6709364056587219,0.0923314318060875,-0.4176710844039917,0,2000,history20,4,80,42,1.0,0.0,walk_history_ablation
1350,27.0,1.0,0.0,0.8375006914138794,0.6794247627258301,0.10404235869646072,-0.15263484418392181,0,2000,history20,4,80,42,1.0,0.0,walk_history_ablation
1351,27.02,1.0,0.0,0.8373469114303589,0.6952316761016846,0.11286677420139313,-0.02039693295955658,0,2000,history20,4,80,42,1.0,0.0,walk_history_ablation
1352,27.04,1.0,0.0,0.8364189863204956,0.6943095922470093,0.12917044758796692,0.061662815511226654,0,2000,history20,4,80,42,1.0,0.0,walk_history_ablation
1353,27.060000000000002,1.0,0.0,0.8346506357192993,0.6918097138404846,0.1541544497013092,0.16442592442035675,0,2000,history20,4,80,42,1.0,0.0,walk_history_ablation
1354,27.080000000000002,1.0,0.0,0.8319302797317505,0.7053307890892029,0.1754152774810791,0.26583734154701233,0,2000,history20,4,80,42,1.0,0.0,walk_history_ablation
1355,27.1,1.0,0.0,0.8303619623184204,0.7091413736343384,0.20224210619926453,0.24304333329200745,0,2000,history20,4,80,42,1.0,0.0,walk_history_ablation
1356,27.12,1.0,0.0,0.8272014856338501,0.7238748669624329,0.2326328009366989,0.4466513991355896,0,2000,history20,4,80,42,1.0,0.0,walk_history_ablation
1357,27.14,1.0,0.0,0.8233150243759155,0.7491807341575623,0.265642911195755,0.454598069190979,0,2000,history20,4,80,42,1.0,0.0,walk_history_ablation
1358,27.16,1.0,0.0,0.8205283880233765,0.7704888582229614,0.29816925525665283,0.30726033449172974,0,2000,history20,4,80,42,1.0,0.0,walk_history_ablation
1359,27.18,1.0,0.0,0.8195854425430298,0.7988513708114624,0.33326998353004456,0.1057254746556282,0,2000,history20,4,80,42,1.0,0.0,walk_history_ablation
1360,27.2,1.0,0.0,0.8195754289627075,0.8199182152748108,0.37533897161483765,0.043165817856788635,0,2000,history20,4,80,42,1.0,0.0,walk_history_ablation
1361,27.22,1.0,0.0,0.820679783821106,0.8336512446403503,0.4111916124820709,-0.028247471898794174,0,2000,history20,4,80,42,1.0,0.0,walk_history_ablation
1362,27.240000000000002,1.0,0.0,0.8202530145645142,0.8476194143295288,0.44888541102409363,0.22455492615699768,0,2000,history20,4,80,42,1.0,0.0,walk_history_ablation
1363,27.26,1.0,0.0,0.8162091970443726,0.8591082096099854,0.480193555355072,0.5739254355430603,0,2000,history20,4,80,42,1.0,0.0,walk_history_ablation
1364,27.28,1.0,0.0,0.8102799654006958,0.7660531401634216,0.41122710704803467,0.3228028416633606,0,2000,history20,4,80,42,1.0,0.0,walk_history_ablation
1365,27.3,1.0,0.0,0.8150564432144165,0.6385789513587952,0.3143995702266693,-0.3538360595703125,0,2000,history20,4,80,42,1.0,0.0,walk_history_ablation
1366,27.32,1.0,0.0,0.8211957216262817,0.5938578844070435,0.2510070204734802,-0.3058701157569885,0,2000,history20,4,80,42,1.0,0.0,walk_history_ablation
1367,27.34,1.0,0.0,0.8245488405227661,0.6027097702026367,0.22154419124126434,0.023121066391468048,0,2000,history20,4,80,42,1.0,0.0,walk_history_ablation
1368,27.36,1.0,0.0,0.8231502771377563,0.6250874400138855,0.2101619690656662,0.4855022430419922,0,2000,history20,4,80,42,1.0,0.0,walk_history_ablation
1369,27.38,1.0,0.0,0.8185890913009644,0.6410991549491882,0.1881636381149292,0.6537757515907288,0,2000,history20,4,80,42,1.0,0.0,walk_history_ablation
1370,27.400000000000002,1.0,0.0,0.8149672746658325,0.6487491130828857,0.157211571931839,0.4096914529800415,0,2000,history20,4,80,42,1.0,0.0,walk_history_ablation
1371,27.42,1.0,0.0,0.8129717111587524,0.659903347492218,0.13836818933486938,0.24068227410316467,0,2000,history20,4,80,42,1.0,0.0,walk_history_ablation
1372,27.44,1.0,0.0,0.8122135400772095,0.6789625287055969,0.12615366280078888,0.09260349720716476,0,2000,history20,4,80,42,1.0,0.0,walk_history_ablation
1373,27.46,1.0,0.0,0.8120146989822388,0.6963223814964294,0.11830265074968338,0.04045386239886284,0,2000,history20,4,80,42,1.0,0.0,walk_history_ablation
1374,27.48,1.0,0.0,0.812857985496521,0.7163377404212952,0.10972725600004196,-0.122718445956707,0,2000,history20,4,80,42,1.0,0.0,walk_history_ablation
1375,27.5,1.0,0.0,0.8146463632583618,0.7444902658462524,0.10446912050247192,-0.20993934571743011,0,2000,history20,4,80,42,1.0,0.0,walk_history_ablation
1376,27.52,1.0,0.0,0.8168250322341919,0.773003876209259,0.09799039363861084,-0.24635076522827148,0,2000,history20,4,80,42,1.0,0.0,walk_history_ablation
1377,27.54,1.0,0.0,0.8201195001602173,0.801011860370636,0.08916014432907104,-0.37801894545555115,0,2000,history20,4,80,42,1.0,0.0,walk_history_ablation
1378,27.560000000000002,1.0,0.0,0.8232237100601196,0.8360227346420288,0.08462807536125183,-0.3183651864528656,0,2000,history20,4,80,42,1.0,0.0,walk_history_ablation
1379,27.580000000000002,1.0,0.0,0.8256999254226685,0.8718892335891724,0.07305099815130234,-0.24940305948257446,0,2000,history20,4,80,42,1.0,0.0,walk_history_ablation
1380,27.6,1.0,0.0,0.8257867097854614,0.906078040599823,0.06499198824167252,0.04746014252305031,0,2000,history20,4,80,42,1.0,0.0,walk_history_ablation
1381,27.62,1.0,0.0,0.8234931230545044,0.9413608312606812,0.05354690179228783,0.16798841953277588,0,2000,history20,4,80,42,1.0,0.0,walk_history_ablation
1382,27.64,1.0,0.0,0.8209458589553833,0.9550544023513794,0.04173761233687401,0.18719002604484558,0,2000,history20,4,80,42,1.0,0.0,walk_history_ablation
1383,27.66,1.0,0.0,0.8180330991744995,0.9724428653717041,0.02894686907529831,0.13768373429775238,0,2000,history20,4,80,42,1.0,0.0,walk_history_ablation
1384,27.68,1.0,0.0,0.8166810274124146,0.9878221750259399,0.01645246334373951,0.0016469582915306091,0,2000,history20,4,80,42,1.0,0.0,walk_history_ablation
1385,27.7,1.0,0.0,0.8181380033493042,0.8997287154197693,0.031525563448667526,-0.24680300056934357,0,2000,history20,4,80,42,1.0,0.0,walk_history_ablation
1386,27.72,1.0,0.0,0.8185449838638306,0.8224349617958069,0.05764341354370117,0.12319445610046387,0,2000,history20,4,80,42,1.0,0.0,walk_history_ablation
1387,27.740000000000002,1.0,0.0,0.8146668672561646,0.7792075276374817,0.06312896311283112,0.2498277723789215,0,2000,history20,4,80,42,1.0,0.0,walk_history_ablation
1388,27.76,1.0,0.0,0.8105546236038208,0.7434523105621338,0.06163608655333519,0.032264593988657,0,2000,history20,4,80,42,1.0,0.0,walk_history_ablation
1389,27.78,1.0,0.0,0.8088918924331665,0.7086036205291748,0.0668092742562294,-0.30751511454582214,0,2000,history20,4,80,42,1.0,0.0,walk_history_ablation
1390,27.8,1.0,0.0,0.8106275796890259,0.6846793293952942,0.07912494242191315,-0.5689163208007812,0,2000,history20,4,80,42,1.0,0.0,walk_history_ablation
1391,27.82,1.0,0.0,0.8138025999069214,0.6782935261726379,0.09223570674657822,-0.5057862997055054,0,2000,history20,4,80,42,1.0,0.0,walk_history_ablation
1392,27.84,1.0,0.0,0.815719485282898,0.6891711354255676,0.10338709503412247,-0.2655901610851288,0,2000,history20,4,80,42,1.0,0.0,walk_history_ablation
1393,27.86,1.0,0.0,0.8161765336990356,0.7075627446174622,0.11065579205751419,-0.09499893337488174,0,2000,history20,4,80,42,1.0,0.0,walk_history_ablation
1394,27.88,1.0,0.0,0.815677285194397,0.7179180383682251,0.1223803237080574,0.03406471759080887,0,2000,history20,4,80,42,1.0,0.0,walk_history_ablation
1395,27.900000000000002,1.0,0.0,0.8138629198074341,0.7223217487335205,0.14059306681156158,0.1771623194217682,0,2000,history20,4,80,42,1.0,0.0,walk_history_ablation
1396,27.92,1.0,0.0,0.8111449480056763,0.7260403633117676,0.16518434882164001,0.24267037212848663,0,2000,history20,4,80,42,1.0,0.0,walk_history_ablation
1397,27.94,1.0,0.0,0.8090838193893433,0.7286697626113892,0.18854932487010956,0.14627644419670105,0,2000,history20,4,80,42,1.0,0.0,walk_history_ablation
1398,27.96,1.0,0.0,0.8070665597915649,0.7393832802772522,0.21672150492668152,0.31855881214141846,0,2000,history20,4,80,42,1.0,0.0,walk_history_ablation
1399,27.98,1.0,0.0,0.8037296533584595,0.7610015869140625,0.24818210303783417,0.4402725398540497,0,2000,history20,4,80,42,1.0,0.0,walk_history_ablation
1400,28.0,1.0,0.0,0.7998872995376587,0.7912864089012146,0.2821257710456848,0.45324549078941345,0,2000,history20,4,80,42,1.0,0.0,walk_history_ablation
1401,28.02,1.0,0.0,0.797531247138977,0.8191185593605042,0.3127444386482239,0.25783827900886536,0,2000,history20,4,80,42,1.0,0.0,walk_history_ablation
1402,28.04,1.0,0.0,0.7966159582138062,0.8441604971885681,0.35131004452705383,0.09872883558273315,0,2000,history20,4,80,42,1.0,0.0,walk_history_ablation
1403,28.060000000000002,1.0,0.0,0.7970765829086304,0.8642293214797974,0.3885486125946045,-0.006101153790950775,0,2000,history20,4,80,42,1.0,0.0,walk_history_ablation
1404,28.080000000000002,1.0,0.0,0.7972041368484497,0.8809366822242737,0.42316633462905884,0.12000855803489685,0,2000,history20,4,80,42,1.0,0.0,walk_history_ablation
1405,28.1,1.0,0.0,0.7947705984115601,0.8989214897155762,0.4542362093925476,0.4169471263885498,0,2000,history20,4,80,42,1.0,0.0,walk_history_ablation
1406,28.12,1.0,0.0,0.78858482837677,0.8376002311706543,0.42537885904312134,0.9199283123016357,0,2000,history20,4,80,42,1.0,0.0,walk_history_ablation
1407,28.14,1.0,0.0,0.7901173830032349,0.6911039352416992,0.3349331021308899,-0.21097293496131897,0,2000,history20,4,80,42,1.0,0.0,walk_history_ablation
1408,28.16,1.0,0.0,0.7961729764938354,0.6085740923881531,0.2574569284915924,-0.3156994581222534,0,2000,history20,4,80,42,1.0,0.0,walk_history_ablation
1409,28.18,1.0,0.0,0.8006309270858765,0.5917173027992249,0.21414613723754883,-0.1152985468506813,0,2000,history20,4,80,42,1.0,0.0,walk_history_ablation
1410,28.2,1.0,0.0,0.8011945486068726,0.6087295413017273,0.198408305644989,0.30200472474098206,0,2000,history20,4,80,42,1.0,0.0,walk_history_ablation
1411,28.22,1.0,0.0,0.7971419095993042,0.6281530261039734,0.18567228317260742,0.6959462761878967,0,2000,history20,4,80,42,1.0,0.0,walk_history_ablation
1412,28.240000000000002,1.0,0.0,0.7926939725875854,0.6343562602996826,0.15544606745243073,0.5206071138381958,0,2000,history20,4,80,42,1.0,0.0,walk_history_ablation
1413,28.26,1.0,0.0,0.7904602289199829,0.6474077105522156,0.12978270649909973,0.22610896825790405,0,2000,history20,4,80,42,1.0,0.0,walk_history_ablation
1414,28.28,1.0,0.0,0.7897158861160278,0.6723810434341431,0.11637523025274277,0.09560438990592957,0,2000,history20,4,80,42,1.0,0.0,walk_history_ablation
1415,28.3,1.0,0.0,0.7894397974014282,0.6866137385368347,0.10638253390789032,0.07516194880008698,0,2000,history20,4,80,42,1.0,0.0,walk_history_ablation
1416,28.32,1.0,0.0,0.7900744676589966,0.7015388011932373,0.09646549820899963,-0.08997071534395218,0,2000,history20,4,80,42,1.0,0.0,walk_history_ablation
1417,28.34,1.0,0.0,0.7917929887771606,0.7262619733810425,0.09029902517795563,-0.1863965094089508,0,2000,history20,4,80,42,1.0,0.0,walk_history_ablation
1418,28.36,1.0,0.0,0.7934538125991821,0.7589989304542542,0.08673813939094543,-0.16332313418388367,0,2000,history20,4,80,42,1.0,0.0,walk_history_ablation
1419,28.38,1.0,0.0,0.7958966493606567,0.7875038981437683,0.07785773277282715,-0.29982882738113403,0,2000,history20,4,80,42,1.0,0.0,walk_history_ablation
1420,28.400000000000002,1.0,0.0,0.7984501123428345,0.8212243318557739,0.07371107488870621,-0.30454325675964355,0,2000,history20,4,80,42,1.0,0.0,walk_history_ablation
1421,28.42,1.0,0.0,0.8014811277389526,0.8536960482597351,0.06036229804158211,-0.33710241317749023,0,2000,history20,4,80,42,1.0,0.0,walk_history_ablation
1422,28.44,1.0,0.0,0.8022705316543579,0.891936182975769,0.05361520126461983,-0.03570013865828514,0,2000,history20,4,80,42,1.0,0.0,walk_history_ablation
1423,28.46,1.0,0.0,0.8010822534561157,0.9338761568069458,0.041064176708459854,0.0583345852792263,0,2000,history20,4,80,42,1.0,0.0,walk_history_ablation
1424,28.48,1.0,0.0,0.7995625734329224,0.9512132406234741,0.0281829796731472,0.11991237848997116,0,2000,history20,4,80,42,1.0,0.0,walk_history_ablation
1425,28.5,1.0,0.0,0.796733021736145,0.9707474112510681,0.013337589800357819,0.1479896903038025,0,2000,history20,4,80,42,1.0,0.0,walk_history_ablation
1426,28.52,1.0,0.0,0.795479416847229,0.9869804978370667,-0.0020519141107797623,-0.0018132231198251247,0,2000,history20,4,80,42,1.0,0.0,walk_history_ablation
1427,28.54,1.0,0.0,0.7952958345413208,0.978600800037384,-0.011929674074053764,-0.3162686228752136,0,2000,history20,4,80,42,1.0,0.0,walk_history_ablation
1428,28.560000000000002,1.0,0.0,0.7982934713363647,0.8696374893188477,0.026838691905140877,-0.08875767886638641,0,2000,history20,4,80,42,1.0,0.0,walk_history_ablation
1429,28.580000000000002,1.0,0.0,0.7960025072097778,0.8143044114112854,0.04373421519994736,0.26745539903640747,0,2000,history20,4,80,42,1.0,0.0,walk_history_ablation
1430,28.6,1.0,0.0,0.7906850576400757,0.7690489888191223,0.04898665100336075,0.30644264817237854,0,2000,history20,4,80,42,1.0,0.0,walk_history_ablation
1431,28.62,1.0,0.0,0.7855833768844604,0.7270621061325073,0.048538610339164734,0.06003406643867493,0,2000,history20,4,80,42,1.0,0.0,walk_history_ablation
1432,28.64,1.0,0.0,0.7846909761428833,0.6961029171943665,0.06119951605796814,-0.43882429599761963,0,2000,history20,4,80,42,1.0,0.0,walk_history_ablation
1433,28.66,1.0,0.0,0.7873450517654419,0.6814689636230469,0.07400203496217728,-0.5917330980300903,0,2000,history20,4,80,42,1.0,0.0,walk_history_ablation
1434,28.68,1.0,0.0,0.7907882928848267,0.6871517300605774,0.08954034000635147,-0.4763210713863373,0,2000,history20,4,80,42,1.0,0.0,walk_history_ablation
1435,28.7,1.0,0.0,0.7922593355178833,0.6949126720428467,0.10144060850143433,-0.19622191786766052,0,2000,history20,4,80,42,1.0,0.0,walk_history_ablation
1436,28.72,1.0,0.0,0.7924805879592896,0.7116440534591675,0.11018897593021393,-0.0522521510720253,0,2000,history20,4,80,42,1.0,0.0,walk_history_ablation
1437,28.740000000000002,1.0,0.0,0.7918397188186646,0.7101372480392456,0.12601512670516968,0.03777313604950905,0,2000,history20,4,80,42,1.0,0.0,walk_history_ablation
1438,28.76,1.0,0.0,0.7901540994644165,0.7090250849723816,0.149833083152771,0.17093271017074585,0,2000,history20,4,80,42,1.0,0.0,walk_history_ablation
1439,28.78,1.0,0.0,0.7872110605239868,0.7216417193412781,0.1709631383419037,0.2931572496891022,0,2000,history20,4,80,42,1.0,0.0,walk_history_ablation
1440,28.8,1.0,0.0,0.7855402231216431,0.7248889207839966,0.19635801017284393,0.2640635371208191,0,2000,history20,4,80,42,1.0,0.0,walk_history_ablation
1441,28.82,1.0,0.0,0.7821394205093384,0.7384896874427795,0.22693553566932678,0.4613760709762573,0,2000,history20,4,80,42,1.0,0.0,walk_history_ablation
1442,28.84,1.0,0.0,0.7781611680984497,0.7658754587173462,0.2584885358810425,0.46808865666389465,0,2000,history20,4,80,42,1.0,0.0,walk_history_ablation
1443,28.86,1.0,0.0,0.7750455141067505,0.7878727316856384,0.29209625720977783,0.34393954277038574,0,2000,history20,4,80,42,1.0,0.0,walk_history_ablation
1444,28.88,1.0,0.0,0.773934006690979,0.8175021409988403,0.3257007896900177,0.11300371587276459,0,2000,history20,4,80,42,1.0,0.0,walk_history_ablation
1445,28.900000000000002,1.0,0.0,0.7739709615707397,0.8404040336608887,0.36759325861930847,0.02588549628853798,0,2000,history20,4,80,42,1.0,0.0,walk_history_ablation
1446,28.92,1.0,0.0,0.7753559350967407,0.8546579480171204,0.4030936062335968,-0.06874388456344604,0,2000,history20,4,80,42,1.0,0.0,walk_history_ablation
1447,28.94,1.0,0.0,0.775513768196106,0.8700083494186401,0.44015079736709595,0.17905008792877197,0,2000,history20,4,80,42,1.0,0.0,walk_history_ablation
1448,28.96,1.0,0.0,0.7719720602035522,0.8817703127861023,0.47255396842956543,0.5359274744987488,0,2000,history20,4,80,42,1.0,0.0,walk_history_ablation
1449,28.98,1.0,0.0,0.7658644914627075,0.795288622379303,0.4113866090774536,0.40522921085357666,0,2000,history20,4,80,42,1.0,0.0,walk_history_ablation
1450,29.0,1.0,0.0,0.7698060274124146,0.6655589938163757,0.3097444772720337,-0.29668328166007996,0,2000,history20,4,80,42,1.0,0.0,walk_history_ablation
1451,29.02,1.0,0.0,0.7749472856521606,0.623432457447052,0.2428060919046402,-0.21090616285800934,0,2000,history20,4,80,42,1.0,0.0,walk_history_ablation
1452,29.04,1.0,0.0,0.7773350477218628,0.6393020749092102,0.21062147617340088,0.10602502524852753,0,2000,history20,4,80,42,1.0,0.0,walk_history_ablation
1453,29.060000000000002,1.0,0.0,0.7752634286880493,0.667628288269043,0.19694554805755615,0.544727623462677,0,2000,history20,4,80,42,1.0,0.0,walk_history_ablation
1454,29.080000000000002,1.0,0.0,0.7698918581008911,0.6903056502342224,0.175689235329628,0.736043393611908,0,2000,history20,4,80,42,1.0,0.0,walk_history_ablation
1455,29.1,1.0,0.0,0.7658041715621948,0.6998196840286255,0.14283184707164764,0.43951573967933655,0,2000,history20,4,80,42,1.0,0.0,walk_history_ablation
1456,29.12,1.0,0.0,0.7636703252792358,0.7138364911079407,0.12275949120521545,0.23755253851413727,0,2000,history20,4,80,42,1.0,0.0,walk_history_ablation
1457,29.14,1.0,0.0,0.7630089521408081,0.7337793111801147,0.1089489534497261,0.07904136180877686,0,2000,history20,4,80,42,1.0,0.0,walk_history_ablation
1458,29.16,1.0,0.0,0.7631951570510864,0.750389575958252,0.10228531062602997,-0.00033655622974038124,0,2000,history20,4,80,42,1.0,0.0,walk_history_ablation
1459,29.18,1.0,0.0,0.7646089792251587,0.770042359828949,0.09395626187324524,-0.18648739159107208,0,2000,history20,4,80,42,1.0,0.0,walk_history_ablation
1460,29.2,1.0,0.0,0.767278790473938,0.7996219396591187,0.0897408053278923,-0.306682288646698,0,2000,history20,4,80,42,1.0,0.0,walk_history_ablation
1461,29.22,1.0,0.0,0.7704755067825317,0.8307762742042542,0.08420035243034363,-0.3417034149169922,0,2000,history20,4,80,42,1.0,0.0,walk_history_ablation
1462,29.240000000000002,1.0,0.0,0.7747656106948853,0.8595597743988037,0.07588524371385574,-0.46374911069869995,0,2000,history20,4,80,42,1.0,0.0,walk_history_ablation
1463,29.26,1.0,0.0,0.7786339521408081,0.8956116437911987,0.07234777510166168,-0.3771454393863678,0,2000,history20,4,80,42,1.0,0.0,walk_history_ablation
1464,29.28,1.0,0.0,0.7816227674484253,0.9310583472251892,0.060510262846946716,-0.28506094217300415,0,2000,history20,4,80,42,1.0,0.0,walk_history_ablation
1465,29.3,1.0,0.0,0.7818928956985474,0.9661925435066223,0.05248429626226425,0.0419049896299839,0,2000,history20,4,80,42,1.0,0.0,walk_history_ablation
1466,29.32,1.0,0.0,0.779600977897644,1.0029240846633911,0.03971099853515625,0.17092151939868927,0,2000,history20,4,80,42,1.0,0.0,walk_history_ablation
1467,29.34,1.0,0.0,0.7769278287887573,1.0150058269500732,0.026756491512060165,0.20675231516361237,0,2000,history20,4,80,42,1.0,0.0,walk_history_ablation
1468,29.36,1.0,0.0,0.773868203163147,1.0297621488571167,0.012806477025151253,0.14721156656742096,0,2000,history20,4,80,42,1.0,0.0,walk_history_ablation
1469,29.38,1.0,0.0,0.7725468873977661,1.0405385494232178,0.002086387947201729,-0.01093791238963604,0,2000,history20,4,80,42,1.0,0.0,walk_history_ablation
1470,29.400000000000002,1.0,0.0,0.7744332551956177,0.9084482192993164,0.034458670765161514,-0.22454406321048737,0,2000,history20,4,80,42,1.0,0.0,walk_history_ablation
1471,29.42,1.0,0.0,0.773593544960022,0.8386342525482178,0.053022898733615875,0.20159271359443665,0,2000,history20,4,80,42,1.0,0.0,walk_history_ablation
1472,29.44,1.0,0.0,0.7695003747940063,0.7970631718635559,0.0536869578063488,0.2041802555322647,0,2000,history20,4,80,42,1.0,0.0,walk_history_ablation
1473,29.46,1.0,0.0,0.7663623094558716,0.7640845775604248,0.054396022111177444,-0.12258771061897278,0,2000,history20,4,80,42,1.0,0.0,walk_history_ablation
1474,29.48,1.0,0.0,0.7662025690078735,0.727562665939331,0.06301361322402954,-0.4873128831386566,0,2000,history20,4,80,42,1.0,0.0,walk_history_ablation
1475,29.5,1.0,0.0,0.7692784070968628,0.7056192755699158,0.07076574862003326,-0.6525754928588867,0,2000,history20,4,80,42,1.0,0.0,walk_history_ablation
1476,29.52,1.0,0.0,0.7726660966873169,0.7041441798210144,0.08764472603797913,-0.5051307678222656,0,2000,history20,4,80,42,1.0,0.0,walk_history_ablation
1477,29.54,1.0,0.0,0.7743710279464722,0.7123899459838867,0.09765844792127609,-0.2605959177017212,0,2000,history20,4,80,42,1.0,0.0,walk_history_ablation
1478,29.560000000000002,1.0,0.0,0.7753051519393921,0.7306985855102539,0.10418911278247833,-0.15150262415409088,0,2000,history20,4,80,42,1.0,0.0,walk_history_ablation
1479,29.580000000000002,1.0,0.0,0.7749315500259399,0.7307807803153992,0.12060371786355972,0.0062346383929252625,0,2000,history20,4,80,42,1.0,0.0,walk_history_ablation
1480,29.6,1.0,0.0,0.7736374139785767,0.7404178380966187,0.1393984705209732,0.110730841755867,0,2000,history20,4,80,42,1.0,0.0,walk_history_ablation
1481,29.62,1.0,0.0,0.7714918851852417,0.7472313046455383,0.164263516664505,0.17590712010860443,0,2000,history20,4,80,42,1.0,0.0,walk_history_ablation
1482,29.64,1.0,0.0,0.7698484659194946,0.7574844360351562,0.1882760375738144,0.13161471486091614,0,2000,history20,4,80,42,1.0,0.0,walk_history_ablation
1483,29.66,1.0,0.0,0.767621636390686,0.7733156085014343,0.21701166033744812,0.3536176085472107,0,2000,history20,4,80,42,1.0,0.0,walk_history_ablation
1484,29.68,1.0,0.0,0.7636460065841675,0.7978335022926331,0.2526072859764099,0.4890257716178894,0,2000,history20,4,80,42,1.0,0.0,walk_history_ablation
1485,29.7,1.0,0.0,0.7599211931228638,0.8253380060195923,0.28393468260765076,0.4056531488895416,0,2000,history20,4,80,42,1.0,0.0,walk_history_ablation
1486,29.72,1.0,0.0,0.7580758333206177,0.8602551817893982,0.31718748807907104,0.16146831214427948,0,2000,history20,4,80,42,1.0,0.0,walk_history_ablation
1487,29.740000000000002,1.0,0.0,0.7580820322036743,0.8874523639678955,0.35433709621429443,0.0308372899889946,0,2000,history20,4,80,42,1.0,0.0,walk_history_ablation
1488,29.76,1.0,0.0,0.7592595815658569,0.9116506576538086,0.39032962918281555,-0.04290885478258133,0,2000,history20,4,80,42,1.0,0.0,walk_history_ablation
1489,29.78,1.0,0.0,0.7591906785964966,0.9355464577674866,0.4269178509712219,0.1946248710155487,0,2000,history20,4,80,42,1.0,0.0,walk_history_ablation
1490,29.8,1.0,0.0,0.7557543516159058,0.952445387840271,0.45749980211257935,0.49676477909088135,0,2000,history20,4,80,42,1.0,0.0,walk_history_ablation
1491,29.82,1.0,0.0,0.7484155893325806,0.8857678174972534,0.42337566614151,1.0311963558197021,0,2000,history20,4,80,42,1.0,0.0,walk_history_ablation
1492,29.84,1.0,0.0,0.7490156888961792,0.7320061922073364,0.3199922442436218,-0.10807105898857117,0,2000,history20,4,80,42,1.0,0.0,walk_history_ablation
1493,29.86,1.0,0.0,0.7547985315322876,0.6369322538375854,0.24803654849529266,-0.31360265612602234,0,2000,history20,4,80,42,1.0,0.0,walk_history_ablation
1494,29.88,1.0,0.0,0.7593065500259399,0.6150632500648499,0.20355619490146637,-0.1354033201932907,0,2000,history20,4,80,42,1.0,0.0,walk_history_ablation
1495,29.900000000000002,1.0,0.0,0.7598217725753784,0.6307881474494934,0.18997180461883545,0.30716848373413086,0,2000,history20,4,80,42,1.0,0.0,walk_history_ablation
1496,29.92,1.0,0.0,0.7561784982681274,0.649325966835022,0.1786424219608307,0.6300787925720215,0,2000,history20,4,80,42,1.0,0.0,walk_history_ablation
1497,29.94,1.0,0.0,0.752470850944519,0.6555821895599365,0.15018366277217865,0.4475093185901642,0,2000,history20,4,80,42,1.0,0.0,walk_history_ablation
1498,29.96,1.0,0.0,0.750984787940979,0.6692495942115784,0.1266939342021942,0.15841516852378845,0,2000,history20,4,80,42,1.0,0.0,walk_history_ablation
1499,29.98,1.0,0.0,1.4604917764663696,0.6949436664581299,0.1152917817234993,0.07806055247783661,0,2000,history20,4,80,42,1.0,0.0,walk_history_ablation
1500,30.0,1.0,0.0,1.4599744081497192,0.7130901217460632,0.10621261596679688,0.11456792056560516,0,2000,history20,4,80,42,1.0,0.0,walk_history_ablation
1501,30.02,1.0,0.0,1.4604345560073853,0.731286883354187,0.09596236795186996,-0.05845970660448074,0,2000,history20,4,80,42,1.0,0.0,walk_history_ablation
1502,30.04,1.0,0.0,1.4615970849990845,0.7561610341072083,0.09158210456371307,-0.11807618290185928,0,2000,history20,4,80,42,1.0,0.0,walk_history_ablation
1503,30.060000000000002,1.0,0.0,1.4626303911209106,0.7876137495040894,0.08845707774162292,-0.1198761910200119,0,2000,history20,4,80,42,1.0,0.0,walk_history_ablation
1504,30.080000000000002,1.0,0.0,1.4649816751480103,0.8193418979644775,0.07943536341190338,-0.3208323121070862,0,2000,history20,4,80,42,1.0,0.0,walk_history_ablation
1505,30.1,1.0,0.0,1.4677311182022095,0.8552356362342834,0.07813923805952072,-0.3220243453979492,0,2000,history20,4,80,42,1.0,0.0,walk_history_ablation
1506,30.12,1.0,0.0,1.4706073999404907,0.8896329998970032,0.06682591885328293,-0.3015768229961395,0,2000,history20,4,80,42,1.0,0.0,walk_history_ablation
1507,30.14,1.0,0.0,1.4713817834854126,0.9285428524017334,0.060408078134059906,-0.044424526393413544,0,2000,history20,4,80,42,1.0,0.0,walk_history_ablation
1508,30.16,1.0,0.0,1.4701472520828247,0.9715043902397156,0.04999542236328125,0.08411027491092682,0,2000,history20,4,80,42,1.0,0.0,walk_history_ablation
1509,30.18,1.0,0.0,1.4683371782302856,0.9935798645019531,0.03845828399062157,0.14044085144996643,0,2000,history20,4,80,42,1.0,0.0,walk_history_ablation
1510,30.2,1.0,0.0,1.4652143716812134,1.013508915901184,0.02553112804889679,0.18149031698703766,0,2000,history20,4,80,42,1.0,0.0,walk_history_ablation
1511,30.22,1.0,0.0,1.463760495185852,1.0286357402801514,0.01116094645112753,0.015400480479001999,0,2000,history20,4,80,42,1.0,0.0,walk_history_ablation
1512,30.240000000000002,1.0,0.0,1.463706612586975,0.9939413070678711,0.005190233699977398,-0.5102151036262512,0,2000,history20,4,80,42,1.0,0.0,walk_history_ablation
1513,30.26,1.0,0.0,1.4680062532424927,0.885595977306366,0.051998503506183624,-0.17798306047916412,0,2000,history20,4,80,42,1.0,0.0,walk_history_ablation
1514,30.28,1.0,0.0,1.466464638710022,0.8243395686149597,0.06618295609951019,0.22026818990707397,0,2000,history20,4,80,42,1.0,0.0,walk_history_ablation
1515,30.3,1.0,0.0,1.4615470170974731,0.7743366956710815,0.0693790465593338,0.27170124650001526,0,2000,history20,4,80,42,1.0,0.0,walk_history_ablation
1516,30.32,1.0,0.0,1.45659601688385,0.7281895279884338,0.06837490946054459,0.07294666767120361,0,2000,history20,4,80,42,1.0,0.0,walk_history_ablation
1517,30.34,1.0,0.0,1.4546548128128052,0.6918051838874817,0.07766961306333542,-0.27753299474716187,0,2000,history20,4,80,42,1.0,0.0,walk_history_ablation
1518,30.36,1.0,0.0,1.4554067850112915,0.677261233329773,0.08704758435487747,-0.3545083701610565,0,2000,history20,4,80,42,1.0,0.0,walk_history_ablation
1519,30.38,1.0,0.0,1.4561487436294556,0.6858916282653809,0.09954642504453659,-0.1939397007226944,0,2000,history20,4,80,42,1.0,0.0,walk_history_ablation
1520,30.400000000000002,1.0,0.0,1.4553052186965942,0.700206995010376,0.1080569252371788,-0.0006615947932004929,0,2000,history20,4,80,42,1.0,0.0,walk_history_ablation
1521,30.42,1.0,0.0,1.453999638557434,0.7198671102523804,0.11449553072452545,0.07739225775003433,0,2000,history20,4,80,42,1.0,0.0,walk_history_ablation
1522,30.44,1.0,0.0,1.4523183107376099,0.7224386930465698,0.13053669035434723,0.11600042134523392,0,2000,history20,4,80,42,1.0,0.0,walk_history_ablation
1523,30.46,1.0,0.0,1.450313687324524,0.7234407663345337,0.15646488964557648,0.15775609016418457,0,2000,history20,4,80,42,1.0,0.0,walk_history_ablation
1524,30.48,1.0,0.0,1.4476701021194458,0.743709146976471,0.17662833631038666,0.24632427096366882,0,2000,history20,4,80,42,1.0,0.0,walk_history_ablation
1525,30.5,1.0,0.0,1.4463168382644653,0.7456790208816528,0.2050219625234604,0.24397388100624084,0,2000,history20,4,80,42,1.0,0.0,walk_history_ablation
1526,30.52,1.0,0.0,1.4428974390029907,0.7605053782463074,0.2361602932214737,0.49685341119766235,0,2000,history20,4,80,42,1.0,0.0,walk_history_ablation
1527,30.54,1.0,0.0,1.4378405809402466,0.7842267751693726,0.27299588918685913,0.6039285063743591,0,2000,history20,4,80,42,1.0,0.0,walk_history_ablation
1528,30.560000000000002,1.0,0.0,1.433580994606018,0.8020486235618591,0.30570119619369507,0.47097039222717285,0,2000,history20,4,80,42,1.0,0.0,walk_history_ablation
1529,30.580000000000002,1.0,0.0,1.430611252784729,0.8269336819648743,0.3429579734802246,0.310750812292099,0,2000,history20,4,80,42,1.0,0.0,walk_history_ablation
1530,30.6,1.0,0.0,1.428350567817688,0.844628095626831,0.38667136430740356,0.2602543234825134,0,2000,history20,4,80,42,1.0,0.0,walk_history_ablation
1531,30.62,1.0,0.0,1.426871418952942,0.8572289943695068,0.424246609210968,0.23438310623168945,0,2000,history20,4,80,42,1.0,0.0,walk_history_ablation
1532,30.64,1.0,0.0,1.4241825342178345,0.8685962557792664,0.46085837483406067,0.4226653575897217,0,2000,history20,4,80,42,1.0,0.0,walk_history_ablation
1533,30.66,1.0,0.0,1.4188963174819946,0.8520697951316833,0.46569374203681946,0.9506715536117554,0,2000,history20,4,80,42,1.0,0.0,walk_history_ablation
1534,30.68,1.0,0.0,1.4131313562393188,0.753518283367157,0.3653687834739685,0.5087788701057434,0,2000,history20,4,80,42,1.0,0.0,walk_history_ablation
1535,30.7,1.0,0.0,1.4158426523208618,0.6550754904747009,0.2832338213920593,-0.1263519525527954,0,2000,history20,4,80,42,1.0,0.0,walk_history_ablation
1536,30.72,1.0,0.0,1.4194751977920532,0.620722770690918,0.22138889133930206,-0.044270265847444534,0,2000,history20,4,80,42,1.0,0.0,walk_history_ablation
1537,30.740000000000002,1.0,0.0,1.4197279214859009,0.6392208337783813,0.1887221336364746,0.33982381224632263,0,2000,history20,4,80,42,1.0,0.0,walk_history_ablation
1538,30.76,1.0,0.0,1.4148794412612915,0.6672783493995667,0.17053155601024628,0.8647189140319824,0,2000,history20,4,80,42,1.0,0.0,walk_history_ablation
1539,30.78,1.0,0.0,1.4076038599014282,0.6800365447998047,0.1466289609670639,0.8702614903450012,0,2000,history20,4,80,42,1.0,0.0,walk_history_ablation
1540,30.8,1.0,0.0,1.4021674394607544,0.6893202066421509,0.11172723025083542,0.5543988943099976,0,2000,history20,4,80,42,1.0,0.0,walk_history_ablation
1541,30.82,1.0,0.0,1.3992778062820435,0.7164241075515747,0.0935792624950409,0.23267723619937897,0,2000,history20,4,80,42,1.0,0.0,walk_history_ablation
1542,30.84,1.0,0.0,1.3971625566482544,0.7317731976509094,0.08275488018989563,0.2560497522354126,0,2000,history20,4,80,42,1.0,0.0,walk_history_ablation
1543,30.86,1.0,0.0,1.3963767290115356,0.7421208620071411,0.06869795173406601,0.042991697788238525,0,2000,history20,4,80,42,1.0,0.0,walk_history_ablation
1544,30.88,1.0,0.0,1.3972073793411255,0.7662488222122192,0.05790363997220993,-0.11294908821582794,0,2000,history20,4,80,42,1.0,0.0,walk_history_ablation
1545,30.900000000000002,1.0,0.0,1.398433804512024,0.8032644391059875,0.05337583273649216,-0.11155414581298828,0,2000,history20,4,80,42,1.0,0.0,walk_history_ablation
1546,30.92,1.0,0.0,1.4000259637832642,0.8342472910881042,0.04700172320008278,-0.1866796910762787,0,2000,history20,4,80,42,1.0,0.0,walk_history_ablation
1547,30.94,1.0,0.0,1.4022241830825806,0.8689783215522766,0.039204709231853485,-0.2852087914943695,0,2000,history20,4,80,42,1.0,0.0,walk_history_ablation
1548,30.96,1.0,0.0,1.405234932899475,0.9039642214775085,0.02674637734889984,-0.31662917137145996,0,2000,history20,4,80,42,1.0,0.0,walk_history_ablation
1549,30.98,1.0,0.0,1.4063202142715454,0.9444978833198547,0.017417293041944504,-0.009080387651920319,0,2000,history20,4,80,42,1.0,0.0,walk_history_ablation
1550,31.0,1.0,0.0,1.4042521715164185,0.996553897857666,0.005274890922009945,0.1919415295124054,0,2000,history20,4,80,42,1.0,0.0,walk_history_ablation
1551,31.02,1.0,0.0,1.4011813402175903,1.0273300409317017,-0.011435534805059433,0.3308759331703186,0,2000,history20,4,80,42,1.0,0.0,walk_history_ablation
1552,31.04,1.0,0.0,1.3962308168411255,1.0571683645248413,-0.029340704903006554,0.38199371099472046,0,2000,history20,4,80,42,1.0,0.0,walk_history_ablation
1553,31.060000000000002,1.0,0.0,1.3921300172805786,1.083265781402588,-0.04708661139011383,0.30172473192214966,0,2000,history20,4,80,42,1.0,0.0,walk_history_ablation
1554,31.080000000000002,1.0,0.0,1.3893963098526,1.108519196510315,-0.06578155606985092,0.05291029065847397,0,2000,history20,4,80,42,1.0,0.0,walk_history_ablation
1555,31.1,1.0,0.0,1.3918620347976685,0.9478222131729126,-0.01707858219742775,-0.1885102242231369,0,2000,history20,4,80,42,1.0,0.0,walk_history_ablation
1556,31.12,1.0,0.0,1.3889552354812622,0.8800575137138367,0.010275723412632942,0.42489224672317505,0,2000,history20,4,80,42,1.0,0.0,walk_history_ablation
1557,31.14,1.0,0.0,1.3822661638259888,0.8261918425559998,0.014512382447719574,0.5055707693099976,0,2000,history20,4,80,42,1.0,0.0,walk_history_ablation
1558,31.16,1.0,0.0,1.3757244348526,0.7758591175079346,0.014349568635225296,0.22135592997074127,0,2000,history20,4,80,42,1.0,0.0,walk_history_ablation
1559,31.18,1.0,0.0,1.3722902536392212,0.7313137054443359,0.01897435449063778,-0.16532808542251587,0,2000,history20,4,80,42,1.0,0.0,walk_history_ablation
1560,31.2,1.0,0.0,1.373153805732727,0.7086548805236816,0.029452886432409286,-0.4633127748966217,0,2000,history20,4,80,42,1.0,0.0,walk_history_ablation
1561,31.220000000000002,1.0,0.0,1.3746954202651978,0.7030369639396667,0.04691536724567413,-0.32439374923706055,0,2000,history20,4,80,42,1.0,0.0,walk_history_ablation
1562,31.240000000000002,1.0,0.0,1.3748360872268677,0.7105616927146912,0.057796262204647064,-0.12836164236068726,0,2000,history20,4,80,42,1.0,0.0,walk_history_ablation
1563,31.26,1.0,0.0,1.3744069337844849,0.725968599319458,0.06634912639856339,-0.05170968919992447,0,2000,history20,4,80,42,1.0,0.0,walk_history_ablation
1564,31.28,1.0,0.0,1.3734689950942993,0.7301939129829407,0.08170399814844131,0.03577772155404091,0,2000,history20,4,80,42,1.0,0.0,walk_history_ablation
1565,31.3,1.0,0.0,1.3720146417617798,0.7367783188819885,0.10204456746578217,0.09937247633934021,0,2000,history20,4,80,42,1.0,0.0,walk_history_ablation
1566,31.32,1.0,0.0,1.3704348802566528,0.7451450228691101,0.12615163624286652,0.1009862869977951,0,2000,history20,4,80,42,1.0,0.0,walk_history_ablation
1567,31.34,1.0,0.0,1.3697997331619263,0.752639651298523,0.15170758962631226,0.0897657573223114,0,2000,history20,4,80,42,1.0,0.0,walk_history_ablation
1568,31.36,1.0,0.0,1.3678709268569946,0.7663145661354065,0.18276989459991455,0.3333449363708496,0,2000,history20,4,80,42,1.0,0.0,walk_history_ablation
1569,31.38,1.0,0.0,1.3641988039016724,0.786218523979187,0.2171301245689392,0.4696856737136841,0,2000,history20,4,80,42,1.0,0.0,walk_history_ablation
1570,31.400000000000002,1.0,0.0,1.360277771949768,0.8077850937843323,0.25052669644355774,0.4571596384048462,0,2000,history20,4,80,42,1.0,0.0,walk_history_ablation
1571,31.42,1.0,0.0,1.3574854135513306,0.8332711458206177,0.28283998370170593,0.28447863459587097,0,2000,history20,4,80,42,1.0,0.0,walk_history_ablation
1572,31.44,1.0,0.0,1.3559376001358032,0.8592872619628906,0.31927844882011414,0.20882058143615723,0,2000,history20,4,80,42,1.0,0.0,walk_history_ablation
1573,31.46,1.0,0.0,1.3547765016555786,0.8829238414764404,0.3550412058830261,0.23098868131637573,0,2000,history20,4,80,42,1.0,0.0,walk_history_ablation
1574,31.48,1.0,0.0,1.3519693613052368,0.9027750492095947,0.3880925178527832,0.44091805815696716,0,2000,history20,4,80,42,1.0,0.0,walk_history_ablation
1575,31.5,1.0,0.0,1.346389889717102,0.9178565740585327,0.4149216413497925,0.6830919981002808,0,2000,history20,4,80,42,1.0,0.0,walk_history_ablation
1576,31.52,1.0,0.0,1.3380695581436157,0.8541451692581177,0.3749256730079651,0.9810541868209839,0,2000,history20,4,80,42,1.0,0.0,walk_history_ablation
1577,31.54,1.0,0.0,1.338842511177063,0.7183501720428467,0.2866342067718506,-0.0514577217400074,0,2000,history20,4,80,42,1.0,0.0,walk_history_ablation
1578,31.560000000000002,1.0,0.0,1.3431955575942993,0.6374393701553345,0.21979369223117828,-0.15518344938755035,0,2000,history20,4,80,42,1.0,0.0,walk_history_ablation
1579,31.580000000000002,1.0,0.0,1.3455950021743774,0.6250541806221008,0.17765985429286957,0.09497277438640594,0,2000,history20,4,80,42,1.0,0.0,walk_history_ablation
1580,31.6,1.0,0.0,1.3440800905227661,0.6477357745170593,0.16037490963935852,0.48706531524658203,0,2000,history20,4,80,42,1.0,0.0,walk_history_ablation
1581,31.62,1.0,0.0,1.3388057947158813,0.668560802936554,0.1456921547651291,0.8023046851158142,0,2000,history20,4,80,42,1.0,0.0,walk_history_ablation
1582,31.64,1.0,0.0,1.333267331123352,0.6787212491035461,0.11640724539756775,0.6382834315299988,0,2000,history20,4,80,42,1.0,0.0,walk_history_ablation
1583,31.66,1.0,0.0,1.329732060432434,0.6922650337219238,0.09143734723329544,0.3690418601036072,0,2000,history20,4,80,42,1.0,0.0,walk_history_ablation
1584,31.68,1.0,0.0,1.327382206916809,0.7181553244590759,0.0784151554107666,0.2527182698249817,0,2000,history20,4,80,42,1.0,0.0,walk_history_ablation
1585,31.7,1.0,0.0,1.3252617120742798,0.7361210584640503,0.0679248720407486,0.2515223026275635,0,2000,history20,4,80,42,1.0,0.0,walk_history_ablation
1586,31.720000000000002,1.0,0.0,1.3244229555130005,0.7518434524536133,0.05537088215351105,0.04599056392908096,0,2000,history20,4,80,42,1.0,0.0,walk_history_ablation
1587,31.740000000000002,1.0,0.0,1.3247839212417603,0.7772647142410278,0.04810846224427223,-0.06686918437480927,0,2000,history20,4,80,42,1.0,0.0,walk_history_ablation
1588,31.76,1.0,0.0,1.3255316019058228,0.8098856210708618,0.04328332841396332,-0.09416380524635315,0,2000,history20,4,80,42,1.0,0.0,walk_history_ablation
1589,31.78,1.0,0.0,1.3273950815200806,0.84130859375,0.032990556210279465,-0.24409465491771698,0,2000,history20,4,80,42,1.0,0.0,walk_history_ablation
1590,31.8,1.0,0.0,1.3294326066970825,0.8767202496528625,0.026789085939526558,-0.23764583468437195,0,2000,history20,4,80,42,1.0,0.0,walk_history_ablation
1591,31.82,1.0,0.0,1.331628441810608,0.9131921529769897,0.012848522514104843,-0.22814950346946716,0,2000,history20,4,80,42,1.0,0.0,walk_history_ablation
1592,31.84,1.0,0.0,1.3317033052444458,0.9552676677703857,0.0030590316746383905,0.05129075050354004,0,2000,history20,4,80,42,1.0,0.0,walk_history_ablation
1593,31.86,1.0,0.0,1.3291794061660767,1.0024675130844116,-0.010081023909151554,0.24744634330272675,0,2000,history20,4,80,42,1.0,0.0,walk_history_ablation
1594,31.88,1.0,0.0,1.3255301713943481,1.0298120975494385,-0.02534189447760582,0.3523593246936798,0,2000,history20,4,80,42,1.0,0.0,walk_history_ablation
1595,31.900000000000002,1.0,0.0,1.3205376863479614,1.057210922241211,-0.042912162840366364,0.34914788603782654,0,2000,history20,4,80,42,1.0,0.0,walk_history_ablation
1596,31.92,1.0,0.0,1.3175650835037231,1.08372163772583,-0.06243613362312317,0.13850751519203186,0,2000,history20,4,80,42,1.0,0.0,walk_history_ablation
1597,31.94,1.0,0.0,1.3171802759170532,1.0305657386779785,-0.06673196703195572,-0.3770339787006378,0,2000,history20,4,80,42,1.0,0.0,walk_history_ablation
1598,31.96,1.0,0.0,1.3183714151382446,0.9206520915031433,-0.010264952667057514,0.18406346440315247,0,2000,history20,4,80,42,1.0,0.0,walk_history_ablation
1599,31.98,1.0,0.0,1.3135915994644165,0.8561263084411621,0.004980072379112244,0.459574431180954,0,2000,history20,4,80,42,1.0,0.0,walk_history_ablation
1600,32.0,1.0,0.0,1.3070694208145142,0.8063223361968994,0.007140720263123512,0.37395259737968445,0,2000,history20,4,80,42,1.0,0.0,walk_history_ablation
1601,32.02,1.0,0.0,1.301547646522522,0.7560460567474365,0.008297288790345192,0.07875485718250275,0,2000,history20,4,80,42,1.0,0.0,walk_history_ablation
1602,32.04,1.0,0.0,1.3003216981887817,0.7212198376655579,0.02021998167037964,-0.36987560987472534,0,2000,history20,4,80,42,1.0,0.0,walk_history_ablation
1603,32.06,1.0,0.0,1.301859974861145,0.7059648036956787,0.03464226424694061,-0.40579038858413696,0,2000,history20,4,80,42,1.0,0.0,walk_history_ablation
1604,32.08,1.0,0.0,1.302676796913147,0.7094018459320068,0.05074754357337952,-0.1991487741470337,0,2000,history20,4,80,42,1.0,0.0,walk_history_ablation
1605,32.1,1.0,0.0,1.3019148111343384,0.7218366861343384,0.05985792726278305,-0.024862140417099,0,2000,history20,4,80,42,1.0,0.0,walk_history_ablation
1606,32.12,1.0,0.0,1.300927758216858,0.7340773344039917,0.06839355081319809,0.02614057995378971,0,2000,history20,4,80,42,1.0,0.0,walk_history_ablation
1607,32.14,1.0,0.0,1.2997084856033325,0.7332781553268433,0.08628281950950623,0.05716690421104431,0,2000,history20,4,80,42,1.0,0.0,walk_history_ablation
1608,32.160000000000004,1.0,0.0,1.2983380556106567,0.7306218147277832,0.11443905532360077,0.08189214766025543,0,2000,history20,4,80,42,1.0,0.0,walk_history_ablation
1609,32.18,1.0,0.0,1.2966843843460083,0.7402089834213257,0.1355246901512146,-0.01677241176366806,0,2000,history20,4,80,42,1.0,0.0,walk_history_ablation
1610,32.2,1.0,0.0,1.2960983514785767,0.751268744468689,0.16439971327781677,0.20393624901771545,0,2000,history20,4,80,42,1.0,0.0,walk_history_ablation
1611,32.22,1.0,0.0,1.293117642402649,0.7685051560401917,0.19513824582099915,0.45288607478141785,0,2000,history20,4,80,42,1.0,0.0,walk_history_ablation
1612,32.24,1.0,0.0,1.288371205329895,0.7909040451049805,0.23153744637966156,0.5641213655471802,0,2000,history20,4,80,42,1.0,0.0,walk_history_ablation
1613,32.26,1.0,0.0,1.2849394083023071,0.8098899722099304,0.26131579279899597,0.359770804643631,0,2000,history20,4,80,42,1.0,0.0,walk_history_ablation
1614,32.28,1.0,0.0,1.2830578088760376,0.8347213864326477,0.2984254062175751,0.18879306316375732,0,2000,history20,4,80,42,1.0,0.0,walk_history_ablation
1615,32.3,1.0,0.0,1.2821775674819946,0.8581799268722534,0.33816614747047424,0.14798903465270996,0,2000,history20,4,80,42,1.0,0.0,walk_history_ablation
1616,32.32,1.0,0.0,1.281514286994934,0.8758020401000977,0.3721301257610321,0.17887765169143677,0,2000,history20,4,80,42,1.0,0.0,walk_history_ablation
1617,32.34,1.0,0.0,1.27894127368927,0.8943212628364563,0.40509870648384094,0.41316673159599304,0,2000,history20,4,80,42,1.0,0.0,walk_history_ablation
1618,32.36,1.0,0.0,1.273828148841858,0.9036321043968201,0.4300552308559418,0.6269434690475464,0,2000,history20,4,80,42,1.0,0.0,walk_history_ablation
1619,32.38,1.0,0.0,1.2682772874832153,0.7783220410346985,0.3535465896129608,0.2732151448726654,0,2000,history20,4,80,42,1.0,0.0,walk_history_ablation
1620,32.4,1.0,0.0,1.2719169855117798,0.6523626446723938,0.26341453194618225,-0.20570211112499237,0,2000,history20,4,80,42,1.0,0.0,walk_history_ablation
1621,32.42,1.0,0.0,1.2763162851333618,0.601733386516571,0.20625026524066925,-0.1180935874581337,0,2000,history20,4,80,42,1.0,0.0,walk_history_ablation
1622,32.44,1.0,0.0,1.2771931886672974,0.6108594536781311,0.17597070336341858,0.26498162746429443,0,2000,history20,4,80,42,1.0,0.0,walk_history_ablation
1623,32.46,1.0,0.0,1.2734719514846802,0.6398437023162842,0.1608627736568451,0.6893694996833801,0,2000,history20,4,80,42,1.0,0.0,walk_history_ablation
1624,32.480000000000004,1.0,0.0,1.2667170763015747,0.6585726141929626,0.13844138383865356,0.8715220093727112,0,2000,history20,4,80,42,1.0,0.0,walk_history_ablation
1625,32.5,1.0,0.0,1.2610684633255005,0.6647056937217712,0.10736449062824249,0.6033036708831787,0,2000,history20,4,80,42,1.0,0.0,walk_history_ablation
1626,32.52,1.0,0.0,1.2571498155593872,0.6780890822410583,0.08906451612710953,0.40739527344703674,0,2000,history20,4,80,42,1.0,0.0,walk_history_ablation
1627,32.54,1.0,0.0,1.2546206712722778,0.7001124024391174,0.07815948128700256,0.23833733797073364,0,2000,history20,4,80,42,1.0,0.0,walk_history_ablation
1628,32.56,1.0,0.0,1.2530485391616821,0.7161474823951721,0.06969069689512253,0.14840659499168396,0,2000,history20,4,80,42,1.0,0.0,walk_history_ablation
1629,32.58,1.0,0.0,1.2529431581497192,0.7305604815483093,0.05925756320357323,-0.038301028311252594,0,2000,history20,4,80,42,1.0,0.0,walk_history_ablation
1630,32.6,1.0,0.0,1.2538400888442993,0.7605596780776978,0.053215254098176956,-0.13178573548793793,0,2000,history20,4,80,42,1.0,0.0,walk_history_ablation
1631,32.62,1.0,0.0,1.2554885149002075,0.7936550974845886,0.046950310468673706,-0.21320262551307678,0,2000,history20,4,80,42,1.0,0.0,walk_history_ablation
1632,32.64,1.0,0.0,1.258266568183899,0.8254184126853943,0.03940941020846367,-0.32796379923820496,0,2000,history20,4,80,42,1.0,0.0,walk_history_ablation
1633,32.660000000000004,1.0,0.0,1.2609702348709106,0.8619039058685303,0.03267325833439827,-0.2791978418827057,0,2000,history20,4,80,42,1.0,0.0,walk_history_ablation
1634,32.68,1.0,0.0,1.2628694772720337,0.9004106521606445,0.021403718739748,-0.181273952126503,0,2000,history20,4,80,42,1.0,0.0,walk_history_ablation
1635,32.7,1.0,0.0,1.2622772455215454,0.94070965051651,0.011556221172213554,0.12221594154834747,0,2000,history20,4,80,42,1.0,0.0,walk_history_ablation
1636,32.72,1.0,0.0,1.258992314338684,0.9797900915145874,-0.0001922324299812317,0.293237566947937,0,2000,history20,4,80,42,1.0,0.0,walk_history_ablation
1637,32.74,1.0,0.0,1.2549182176589966,1.0014209747314453,-0.014717888087034225,0.35276496410369873,0,2000,history20,4,80,42,1.0,0.0,walk_history_ablation
1638,32.76,1.0,0.0,1.2505675554275513,1.0274641513824463,-0.03176669776439667,0.25356197357177734,0,2000,history20,4,80,42,1.0,0.0,walk_history_ablation
1639,32.78,1.0,0.0,1.248557686805725,1.0538012981414795,-0.048069972544908524,0.036300867795944214,0,2000,history20,4,80,42,1.0,0.0,walk_history_ablation
1640,32.8,1.0,0.0,1.2504907846450806,0.9495196342468262,-0.02250627987086773,-0.3586494028568268,0,2000,history20,4,80,42,1.0,0.0,walk_history_ablation
1641,32.82,1.0,0.0,1.2499219179153442,0.872214138507843,0.011338697746396065,0.3215351700782776,0,2000,history20,4,80,42,1.0,0.0,walk_history_ablation
1642,32.84,1.0,0.0,1.2437416315078735,0.8187932968139648,0.01713196374475956,0.5280358195304871,0,2000,history20,4,80,42,1.0,0.0,walk_history_ablation
1643,32.86,1.0,0.0,1.2366448640823364,0.7683831453323364,0.015333233401179314,0.3209382891654968,0,2000,history20,4,80,42,1.0,0.0,walk_history_ablation
1644,32.88,1.0,0.0,1.232378602027893,0.7216472029685974,0.021570224314928055,-0.05780141428112984,0,2000,history20,4,80,42,1.0,0.0,walk_history_ablation
1645,32.9,1.0,0.0,1.2319504022598267,0.6905206441879272,0.03516199439764023,-0.3684552311897278,0,2000,history20,4,80,42,1.0,0.0,walk_history_ablation
1646,32.92,1.0,0.0,1.2331658601760864,0.6817317008972168,0.04948323965072632,-0.3273876905441284,0,2000,history20,4,80,42,1.0,0.0,walk_history_ablation
1647,32.94,1.0,0.0,1.233389973640442,0.6907186508178711,0.06109191104769707,-0.14005786180496216,0,2000,history20,4,80,42,1.0,0.0,walk_history_ablation
1648,32.96,1.0,0.0,1.2330719232559204,0.7105945944786072,0.06893016397953033,-0.06943510472774506,0,2000,history20,4,80,42,1.0,0.0,walk_history_ablation
1649,32.980000000000004,1.0,0.0,1.232568383216858,0.7201804518699646,0.0832894966006279,-0.0006990581750869751,0,2000,history20,4,80,42,1.0,0.0,walk_history_ablation
1650,33.0,1.0,0.0,1.2311774492263794,0.72530597448349,0.10337281227111816,0.11748383939266205,0,2000,history20,4,80,42,1.0,0.0,walk_history_ablation
1651,33.02,1.0,0.0,1.229268193244934,0.7273046374320984,0.13035529851913452,0.1411067694425583,0,2000,history20,4,80,42,1.0,0.0,walk_history_ablation
1652,33.04,1.0,0.0,1.2286044359207153,0.7277796268463135,0.15532156825065613,0.06413500010967255,0,2000,history20,4,80,42,1.0,0.0,walk_history_ablation
1653,33.06,1.0,0.0,1.227105736732483,0.7368812561035156,0.18498963117599487,0.2940393090248108,0,2000,history20,4,80,42,1.0,0.0,walk_history_ablation
1654,33.08,1.0,0.0,1.2238022089004517,0.755426287651062,0.21777108311653137,0.4586721658706665,0,2000,history20,4,80,42,1.0,0.0,walk_history_ablation
1655,33.1,1.0,0.0,1.2195245027542114,0.7791884541511536,0.2533706724643707,0.5150699615478516,0,2000,history20,4,80,42,1.0,0.0,walk_history_ablation
1656,33.12,1.0,0.0,1.2164584398269653,0.8025622367858887,0.2841393053531647,0.33533528447151184,0,2000,history20,4,80,42,1.0,0.0,walk_history_ablation
1657,33.14,1.0,0.0,1.214471459388733,0.8227899670600891,0.3243604898452759,0.2215949147939682,0,2000,history20,4,80,42,1.0,0.0,walk_history_ablation
1658,33.160000000000004,1.0,0.0,1.2134491205215454,0.8417206406593323,0.3613792955875397,0.1668369472026825,0,2000,history20,4,80,42,1.0,0.0,walk_history_ablation
1659,33.18,1.0,0.0,1.2115284204483032,0.85938560962677,0.3954496383666992,0.3386789560317993,0,2000,history20,4,80,42,1.0,0.0,walk_history_ablation
1660,33.2,1.0,0.0,1.2072430849075317,0.8741702437400818,0.4238821864128113,0.5529507398605347,0,2000,history20,4,80,42,1.0,0.0,walk_history_ablation
1661,33.22,1.0,0.0,1.2001973390579224,0.8106091022491455,0.3904254138469696,0.8455116152763367,0,2000,history20,4,80,42,1.0,0.0,walk_history_ablation
1662,33.24,1.0,0.0,1.2019916772842407,0.680755078792572,0.3078044354915619,-0.1800640970468521,0,2000,history20,4,80,42,1.0,0.0,walk_history_ablation
1663,33.26,1.0,0.0,1.2075129747390747,0.6031111478805542,0.23815208673477173,-0.245299831032753,0,2000,history20,4,80,42,1.0,0.0,walk_history_ablation
1664,33.28,1.0,0.0,1.2108269929885864,0.5890721082687378,0.1949702501296997,0.03070690482854843,0,2000,history20,4,80,42,1.0,0.0,walk_history_ablation
1665,33.3,1.0,0.0,1.209600567817688,0.6105431318283081,0.1775791198015213,0.49283289909362793,0,2000,history20,4,80,42,1.0,0.0,walk_history_ablation
1666,33.32,1.0,0.0,1.2036710977554321,0.6323632597923279,0.1627764254808426,0.8921018242835999,0,2000,history20,4,80,42,1.0,0.0,walk_history_ablation
1667,33.34,1.0,0.0,1.1970959901809692,0.6417651772499084,0.13200058043003082,0.7366338968276978,0,2000,history20,4,80,42,1.0,0.0,walk_history_ablation
1668,33.36,1.0,0.0,1.1925913095474243,0.6565937995910645,0.10386944562196732,0.448908269405365,0,2000,history20,4,80,42,1.0,0.0,walk_history_ablation
1669,33.38,1.0,0.0,1.1898003816604614,0.6813032031059265,0.09099306166172028,0.27623188495635986,0,2000,history20,4,80,42,1.0,0.0,walk_history_ablation
1670,33.4,1.0,0.0,1.1877561807632446,0.6957286596298218,0.07868051528930664,0.22454769909381866,0,2000,history20,4,80,42,1.0,0.0,walk_history_ablation
1671,33.42,1.0,0.0,1.1871925592422485,0.7110055088996887,0.06774933636188507,0.004270161502063274,0,2000,history20,4,80,42,1.0,0.0,walk_history_ablation
1672,33.44,1.0,0.0,1.1882163286209106,0.738153874874115,0.06139024719595909,-0.14677096903324127,0,2000,history20,4,80,42,1.0,0.0,walk_history_ablation
1673,33.46,1.0,0.0,1.1897298097610474,0.7717937231063843,0.05701150745153427,-0.16568619012832642,0,2000,history20,4,80,42,1.0,0.0,walk_history_ablation
1674,33.480000000000004,1.0,0.0,1.1922627687454224,0.80126953125,0.047937359660863876,-0.30702418088912964,0,2000,history20,4,80,42,1.0,0.0,walk_history_ablation
1675,33.5,1.0,0.0,1.1948996782302856,0.8347978591918945,0.0425102561712265,-0.29840153455734253,0,2000,history20,4,80,42,1.0,0.0,walk_history_ablation
1676,33.52,1.0,0.0,1.1976310014724731,0.8686420321464539,0.028817081823945045,-0.283159077167511,0,2000,history20,4,80,42,1.0,0.0,walk_history_ablation
1677,33.54,1.0,0.0,1.198118805885315,0.9091848134994507,0.020000610500574112,0.011852508410811424,0,2000,history20,4,80,42,1.0,0.0,walk_history_ablation
1678,33.56,1.0,0.0,1.1962810754776,0.9553585052490234,0.007092743180692196,0.16621346771717072,0,2000,history20,4,80,42,1.0,0.0,walk_history_ablation
1679,33.58,1.0,0.0,1.1935473680496216,0.9810423254966736,-0.007297450210899115,0.25891733169555664,0,2000,history20,4,80,42,1.0,0.0,walk_history_ablation
1680,33.6,1.0,0.0,1.1892305612564087,1.006965160369873,-0.024073828011751175,0.30456823110580444,0,2000,history20,4,80,42,1.0,0.0,walk_history_ablation
1681,33.62,1.0,0.0,1.186421513557434,1.03073251247406,-0.042362041771411896,0.14143633842468262,0,2000,history20,4,80,42,1.0,0.0,walk_history_ablation
1682,33.64,1.0,0.0,1.1852284669876099,1.0066807270050049,-0.051195673644542694,-0.3991923928260803,0,2000,history20,4,80,42,1.0,0.0,walk_history_ablation
1683,33.660000000000004,1.0,0.0,1.1884433031082153,0.8989914059638977,0.003403104841709137,-0.022074151784181595,0,2000,history20,4,80,42,1.0,0.0,walk_history_ablation
1684,33.68,1.0,0.0,1.1851192712783813,0.8345960378646851,0.02147357165813446,0.4111584424972534,0,2000,history20,4,80,42,1.0,0.0,walk_history_ablation
1685,33.7,1.0,0.0,1.17839777469635,0.783382773399353,0.026201969012618065,0.4587760865688324,0,2000,history20,4,80,42,1.0,0.0,walk_history_ablation
1686,33.72,1.0,0.0,1.1718541383743286,0.7324942350387573,0.024864574894309044,0.19432641565799713,0,2000,history20,4,80,42,1.0,0.0,walk_history_ablation
1687,33.74,1.0,0.0,1.1692677736282349,0.6979615092277527,0.037642333656549454,-0.2553353011608124,0,2000,history20,4,80,42,1.0,0.0,walk_history_ablation
1688,33.76,1.0,0.0,1.170122742652893,0.6823428273200989,0.05043715238571167,-0.3934922218322754,0,2000,history20,4,80,42,1.0,0.0,walk_history_ablation
1689,33.78,1.0,0.0,1.1713062524795532,0.6880268454551697,0.06610551476478577,-0.25767454504966736,0,2000,history20,4,80,42,1.0,0.0,walk_history_ablation
1690,33.8,1.0,0.0,1.1711493730545044,0.6969307065010071,0.07703879475593567,-0.09091553092002869,0,2000,history20,4,80,42,1.0,0.0,walk_history_ablation
1691,33.82,1.0,0.0,1.170763611793518,0.711725115776062,0.08570442348718643,-0.020366482436656952,0,2000,history20,4,80,42,1.0,0.0,walk_history_ablation
1692,33.84,1.0,0.0,1.1699496507644653,0.7111693024635315,0.1032295897603035,0.03129018098115921,0,2000,history20,4,80,42,1.0,0.0,walk_history_ablation
1693,33.86,1.0,0.0,1.1685725450515747,0.7113811373710632,0.1295524537563324,0.11146225780248642,0,2000,history20,4,80,42,1.0,0.0,walk_history_ablation
1694,33.88,1.0,0.0,1.1665035486221313,0.7188940644264221,0.15111136436462402,0.004180561751127243,0,2000,history20,4,80,42,1.0,0.0,walk_history_ablation
1695,33.9,1.0,0.0,1.1654053926467896,0.7302318811416626,0.18102605640888214,0.23683348298072815,0,2000,history20,4,80,42,1.0,0.0,walk_history_ablation
1696,33.92,1.0,0.0,1.1622945070266724,0.7473300695419312,0.21108505129814148,0.45324909687042236,0,2000,history20,4,80,42,1.0,0.0,walk_history_ablation
1697,33.94,1.0,0.0,1.1579419374465942,0.7726835012435913,0.24661952257156372,0.5109977722167969,0,2000,history20,4,80,42,1.0,0.0,walk_history_ablation
1698,33.96,1.0,0.0,1.1549254655838013,0.7917944192886353,0.27833396196365356,0.32298529148101807,0,2000,history20,4,80,42,1.0,0.0,walk_history_ablation
1699,33.980000000000004,1.0,0.0,1.1536723375320435,0.8185500502586365,0.3147467076778412,0.12993639707565308,0,2000,history20,4,80,42,1.0,0.0,walk_history_ablation
1700,34.0,1.0,0.0,1.1531797647476196,0.842575192451477,0.3581826984882355,0.1056440994143486,0,2000,history20,4,80,42,1.0,0.0,walk_history_ablation
1701,34.02,1.0,0.0,1.1531697511672974,0.8594315648078918,0.39418599009513855,0.10215489566326141,0,2000,history20,4,80,42,1.0,0.0,walk_history_ablation
1702,34.04,1.0,0.0,1.1513715982437134,0.877238929271698,0.430484414100647,0.35696595907211304,0,2000,history20,4,80,42,1.0,0.0,walk_history_ablation
1703,34.06,1.0,0.0,1.1462918519973755,0.8671847581863403,0.440766841173172,0.9317034482955933,0,2000,history20,4,80,42,1.0,0.0,walk_history_ablation
1704,34.08,1.0,0.0,1.138879418373108,0.7878254652023315,0.3662274479866028,0.44740068912506104,0,2000,history20,4,80,42,1.0,0.0,walk_history_ablation
1705,34.1,1.0,0.0,1.1407676935195923,0.6739755868911743,0.26920780539512634,-0.1355864703655243,0,2000,history20,4,80,42,1.0,0.0,walk_history_ablation
1706,34.12,1.0,0.0,1.1450663805007935,0.6394862532615662,0.2119385004043579,-0.1751522272825241,0,2000,history20,4,80,42,1.0,0.0,walk_history_ablation
1707,34.14,1.0,0.0,1.1470261812210083,0.6544244289398193,0.1825750321149826,0.14442044496536255,0,2000,history20,4,80,42,1.0,0.0,walk_history_ablation
1708,34.160000000000004,1.0,0.0,1.1441799402236938,0.6838324666023254,0.16641367971897125,0.6626404523849487,0,2000,history20,4,80,42,1.0,0.0,walk_history_ablation
1709,34.18,1.0,0.0,1.1386014223098755,0.6964511871337891,0.1418793946504593,0.7453882694244385,0,2000,history20,4,80,42,1.0,0.0,walk_history_ablation
1710,34.2,1.0,0.0,1.1340605020523071,0.6978963017463684,0.10954520851373672,0.5407341718673706,0,2000,history20,4,80,42,1.0,0.0,walk_history_ablation
1711,34.22,1.0,0.0,1.1307727098464966,0.7170528769493103,0.09214892983436584,0.3422504663467407,0,2000,history20,4,80,42,1.0,0.0,walk_history_ablation
1712,34.24,1.0,0.0,1.1277881860733032,0.7379912734031677,0.08261339366436005,0.325023889541626,0,2000,history20,4,80,42,1.0,0.0,walk_history_ablation
1713,34.26,1.0,0.0,1.126118779182434,0.7477678060531616,0.07243793457746506,0.11338106542825699,0,2000,history20,4,80,42,1.0,0.0,walk_history_ablation
1714,34.28,1.0,0.0,1.1269780397415161,0.7634505033493042,0.06020765379071236,-0.1461433619260788,0,2000,history20,4,80,42,1.0,0.0,walk_history_ablation
1715,34.300000000000004,1.0,0.0,1.1286684274673462,0.7991628646850586,0.05596156418323517,-0.15388144552707672,0,2000,history20,4,80,42,1.0,0.0,walk_history_ablation
1716,34.32,1.0,0.0,1.1305280923843384,0.8323051333427429,0.05180804058909416,-0.21017256379127502,0,2000,history20,4,80,42,1.0,0.0,walk_history_ablation
1717,34.34,1.0,0.0,1.1329747438430786,0.8624221086502075,0.04790085181593895,-0.2952369451522827,0,2000,history20,4,80,42,1.0,0.0,walk_history_ablation
1718,34.36,1.0,0.0,1.1363288164138794,0.8955206871032715,0.04005129635334015,-0.379807710647583,0,2000,history20,4,80,42,1.0,0.0,walk_history_ablation
1719,34.38,1.0,0.0,1.1381598711013794,0.9335156083106995,0.032546233385801315,-0.12277168780565262,0,2000,history20,4,80,42,1.0,0.0,walk_history_ablation
1720,34.4,1.0,0.0,1.1372166872024536,0.9823319315910339,0.022216666489839554,0.08112181723117828,0,2000,history20,4,80,42,1.0,0.0,walk_history_ablation
1721,34.42,1.0,0.0,1.1354113817214966,1.0109995603561401,0.011562651954591274,0.16735711693763733,0,2000,history20,4,80,42,1.0,0.0,walk_history_ablation
1722,34.44,1.0,0.0,1.1322184801101685,1.0341380834579468,-0.002107732929289341,0.22628279030323029,0,2000,history20,4,80,42,1.0,0.0,walk_history_ablation
1723,34.46,1.0,0.0,1.129245400428772,1.0623881816864014,-0.01890704780817032,0.18280662596225739,0,2000,history20,4,80,42,1.0,0.0,walk_history_ablation
1724,34.480000000000004,1.0,0.0,1.1278530359268188,1.0896685123443604,-0.03636889159679413,-0.037907376885414124,0,2000,history20,4,80,42,1.0,0.0,walk_history_ablation
1725,34.5,1.0,0.0,1.130050778388977,0.9786538481712341,-0.014333327300846577,-0.3129885494709015,0,2000,history20,4,80,42,1.0,0.0,walk_history_ablation
1726,34.52,1.0,0.0,1.1294857263565063,0.8968811631202698,0.021722542122006416,0.3421456515789032,0,2000,history20,4,80,42,1.0,0.0,walk_history_ablation
1727,34.54,1.0,0.0,1.1228505373001099,0.8447850346565247,0.026924999430775642,0.5299168825149536,0,2000,history20,4,80,42,1.0,0.0,walk_history_ablation
1728,34.56,1.0,0.0,1.115932583808899,0.7958952784538269,0.026715239509940147,0.2674223780632019,0,2000,history20,4,80,42,1.0,0.0,walk_history_ablation
1729,34.58,1.0,0.0,1.1125465631484985,0.7541413903236389,0.03207270801067352,-0.19354791939258575,0,2000,history20,4,80,42,1.0,0.0,walk_history_ablation
1730,34.6,1.0,0.0,1.1137439012527466,0.726426899433136,0.045830972492694855,-0.5509563684463501,0,2000,history20,4,80,42,1.0,0.0,walk_history_ablation
1731,34.62,1.0,0.0,1.1165896654129028,0.7166121006011963,0.06240396201610565,-0.47331634163856506,0,2000,history20,4,80,42,1.0,0.0,walk_history_ablation
1732,34.64,1.0,0.0,1.117801308631897,0.7232275605201721,0.07559259980916977,-0.21539553999900818,0,2000,history20,4,80,42,1.0,0.0,walk_history_ablation
1733,34.660000000000004,1.0,0.0,1.1177250146865845,0.7380847930908203,0.08497568964958191,-0.0886678397655487,0,2000,history20,4,80,42,1.0,0.0,walk_history_ablation
1734,34.68,1.0,0.0,1.1174193620681763,0.7510157823562622,0.09728969633579254,-0.014728773385286331,0,2000,history20,4,80,42,1.0,0.0,walk_history_ablation
1735,34.7,1.0,0.0,1.1159507036209106,0.752757728099823,0.11836769431829453,0.12466919422149658,0,2000,history20,4,80,42,1.0,0.0,walk_history_ablation
1736,34.72,1.0,0.0,1.113913655281067,0.757835865020752,0.14319534599781036,0.15673032402992249,0,2000,history20,4,80,42,1.0,0.0,walk_history_ablation
1737,34.74,1.0,0.0,1.1126528978347778,0.7627744078636169,0.16615942120552063,0.09598273038864136,0,2000,history20,4,80,42,1.0,0.0,walk_history_ablation
1738,34.76,1.0,0.0,1.1107579469680786,0.7742655873298645,0.19604630768299103,0.3342074155807495,0,2000,history20,4,80,42,1.0,0.0,walk_history_ablation
1739,34.78,1.0,0.0,1.107265591621399,0.7969657778739929,0.22755426168441772,0.47430574893951416,0,2000,history20,4,80,42,1.0,0.0,walk_history_ablation
1740,34.800000000000004,1.0,0.0,1.1030250787734985,0.8220058679580688,0.2651780843734741,0.48926955461502075,0,2000,history20,4,80,42,1.0,0.0,walk_history_ablation
1741,34.82,1.0,0.0,1.1004129648208618,0.8447390198707581,0.29574012756347656,0.27279531955718994,0,2000,history20,4,80,42,1.0,0.0,walk_history_ablation
1742,34.84,1.0,0.0,1.099035382270813,0.8721514344215393,0.3346412777900696,0.16175657510757446,0,2000,history20,4,80,42,1.0,0.0,walk_history_ablation
1743,34.86,1.0,0.0,1.0984770059585571,0.897368311882019,0.37125280499458313,0.1261974573135376,0,2000,history20,4,80,42,1.0,0.0,walk_history_ablation
1744,34.88,1.0,0.0,1.097486138343811,0.9190155863761902,0.4042280912399292,0.21376168727874756,0,2000,history20,4,80,42,1.0,0.0,walk_history_ablation
1745,34.9,1.0,0.0,1.0944286584854126,0.9360923171043396,0.4340975880622864,0.4456323981285095,0,2000,history20,4,80,42,1.0,0.0,walk_history_ablation
1746,34.92,1.0,0.0,1.0874091386795044,0.8620533347129822,0.4037126898765564,0.9816734790802002,0,2000,history20,4,80,42,1.0,0.0,walk_history_ablation
1747,34.94,1.0,0.0,1.0879274606704712,0.7195145487785339,0.3171798586845398,-0.08438438922166824,0,2000,history20,4,80,42,1.0,0.0,walk_history_ablation
1748,34.96,1.0,0.0,1.0930753946304321,0.6312439441680908,0.24434009194374084,-0.23369495570659637,0,2000,history20,4,80,42,1.0,0.0,walk_history_ablation
1749,34.980000000000004,1.0,0.0,1.0968252420425415,0.6089768409729004,0.20189599692821503,-0.04930291324853897,0,2000,history20,4,80,42,1.0,0.0,walk_history_ablation
1750,35.0,1.0,0.0,1.0966068506240845,0.6282674670219421,0.18508106470108032,0.3659423887729645,0,2000,history20,4,80,42,1.0,0.0,walk_history_ablation
1751,35.02,1.0,0.0,1.0921026468276978,0.6495592594146729,0.1737830638885498,0.7380729913711548,0,2000,history20,4,80,42,1.0,0.0,walk_history_ablation
1752,35.04,1.0,0.0,1.0868040323257446,0.6540793180465698,0.14594663679599762,0.6351923942565918,0,2000,history20,4,80,42,1.0,0.0,walk_history_ablation
1753,35.06,1.0,0.0,1.083537220954895,0.6652341485023499,0.11847401410341263,0.3269239664077759,0,2000,history20,4,80,42,1.0,0.0,walk_history_ablation
1754,35.08,1.0,0.0,1.0814777612686157,0.689952552318573,0.10482871532440186,0.2321712076663971,0,2000,history20,4,80,42,1.0,0.0,walk_history_ablation
1755,35.1,1.0,0.0,1.0796810388565063,0.7063724398612976,0.09512264281511307,0.2172110378742218,0,2000,history20,4,80,42,1.0,0.0,walk_history_ablation
1756,35.12,1.0,0.0,1.0789810419082642,0.7223262190818787,0.0838574692606926,0.03944128751754761,0,2000,history20,4,80,42,1.0,0.0,walk_history_ablation
1757,35.14,1.0,0.0,1.0796319246292114,0.7472712397575378,0.07740745693445206,-0.09133578836917877,0,2000,history20,4,80,42,1.0,0.0,walk_history_ablation
1758,35.160000000000004,1.0,0.0,1.0803452730178833,0.7806810736656189,0.07384954392910004,-0.06947282701730728,0,2000,history20,4,80,42,1.0,0.0,walk_history_ablation
1759,35.18,1.0,0.0,1.082100510597229,0.8114320039749146,0.06458460539579391,-0.2509852349758148,0,2000,history20,4,80,42,1.0,0.0,walk_history_ablation
1760,35.2,1.0,0.0,1.0841866731643677,0.8458603024482727,0.06114209443330765,-0.2655739188194275,0,2000,history20,4,80,42,1.0,0.0,walk_history_ablation
1761,35.22,1.0,0.0,1.0869113206863403,0.8785544633865356,0.04765382781624794,-0.2968491315841675,0,2000,history20,4,80,42,1.0,0.0,walk_history_ablation
1762,35.24,1.0,0.0,1.087628960609436,0.9197721481323242,0.04124089702963829,-0.033687155693769455,0,2000,history20,4,80,42,1.0,0.0,walk_history_ablation
1763,35.26,1.0,0.0,1.0864983797073364,0.9642611742019653,0.029844217002391815,0.09441842883825302,0,2000,history20,4,80,42,1.0,0.0,walk_history_ablation
1764,35.28,1.0,0.0,1.0845004320144653,0.9909350275993347,0.018396392464637756,0.1671295464038849,0,2000,history20,4,80,42,1.0,0.0,walk_history_ablation
1765,35.300000000000004,1.0,0.0,1.0810047388076782,1.0138822793960571,0.004349756985902786,0.227151021361351,0,2000,history20,4,80,42,1.0,0.0,walk_history_ablation
1766,35.32,1.0,0.0,1.0788451433181763,1.0336724519729614,-0.010880663990974426,0.07609588652849197,0,2000,history20,4,80,42,1.0,0.0,walk_history_ablation
1767,35.34,1.0,0.0,1.0782009363174438,1.0322595834732056,-0.021601218730211258,-0.28981441259384155,0,2000,history20,4,80,42,1.0,0.0,walk_history_ablation
1768,35.36,1.0,0.0,1.0813790559768677,0.911567211151123,0.020298225805163383,-0.07250351458787918,0,2000,history20,4,80,42,1.0,0.0,walk_history_ablation
1769,35.38,1.0,0.0,1.0788508653640747,0.8510692119598389,0.038243673741817474,0.2898746430873871,0,2000,history20,4,80,42,1.0,0.0,walk_history_ablation
1770,35.4,1.0,0.0,1.073529839515686,0.7985475659370422,0.04382328689098358,0.32763969898223877,0,2000,history20,4,80,42,1.0,0.0,walk_history_ablation
1771,35.42,1.0,0.0,1.0679394006729126,0.7506551146507263,0.044059768319129944,0.13445451855659485,0,2000,history20,4,80,42,1.0,0.0,walk_history_ablation
1772,35.44,1.0,0.0,1.0658413171768188,0.7166948318481445,0.055679161101579666,-0.2676401734352112,0,2000,history20,4,80,42,1.0,0.0,walk_history_ablation
1773,35.46,1.0,0.0,1.0666929483413696,0.6996243000030518,0.06836055219173431,-0.4021870493888855,0,2000,history20,4,80,42,1.0,0.0,walk_history_ablation
1774,35.480000000000004,1.0,0.0,1.0683294534683228,0.7042425870895386,0.08295390754938126,-0.31066596508026123,0,2000,history20,4,80,42,1.0,0.0,walk_history_ablation
1775,35.5,1.0,0.0,1.0684343576431274,0.7114647626876831,0.09432553499937057,-0.08847029507160187,0,2000,history20,4,80,42,1.0,0.0,walk_history_ablation
1776,35.52,1.0,0.0,1.0679141283035278,0.730118453502655,0.10267399251461029,-0.00039733201265335083,0,2000,history20,4,80,42,1.0,0.0,walk_history_ablation
1777,35.54,1.0,0.0,1.0670291185379028,0.7296952605247498,0.12016981840133667,0.041308917105197906,0,2000,history20,4,80,42,1.0,0.0,walk_history_ablation
1778,35.56,1.0,0.0,1.0654550790786743,0.7316408753395081,0.14565378427505493,0.1422867625951767,0,2000,history20,4,80,42,1.0,0.0,walk_history_ablation
1779,35.58,1.0,0.0,1.0632988214492798,0.7352692484855652,0.1692226678133011,0.05511504039168358,0,2000,history20,4,80,42,1.0,0.0,walk_history_ablation
1780,35.6,1.0,0.0,1.0621877908706665,0.7444188594818115,0.1991245597600937,0.22520895302295685,0,2000,history20,4,80,42,1.0,0.0,walk_history_ablation
1781,35.62,1.0,0.0,1.0591269731521606,0.7584919929504395,0.23075070977210999,0.4401950240135193,0,2000,history20,4,80,42,1.0,0.0,walk_history_ablation
1782,35.64,1.0,0.0,1.0554028749465942,0.7852856516838074,0.263593852519989,0.45084166526794434,0,2000,history20,4,80,42,1.0,0.0,walk_history_ablation
1783,35.660000000000004,1.0,0.0,1.0522524118423462,0.806716799736023,0.2990572154521942,0.37083810567855835,0,2000,history20,4,80,42,1.0,0.0,walk_history_ablation
1784,35.68,1.0,0.0,1.0509859323501587,0.8362085223197937,0.33336979150772095,0.14217334985733032,0,2000,history20,4,80,42,1.0,0.0,walk_history_ablation
1785,35.7,1.0,0.0,1.0502821207046509,0.8584591746330261,0.37921246886253357,0.11530501395463943,0,2000,history20,4,80,42,1.0,0.0,walk_history_ablation
1786,35.72,1.0,0.0,1.0505107641220093,0.8716053366661072,0.41551804542541504,0.04660647362470627,0,2000,history20,4,80,42,1.0,0.0,walk_history_ablation
1787,35.74,1.0,0.0,1.0492149591445923,0.8895432353019714,0.45253342390060425,0.31971457600593567,0,2000,history20,4,80,42,1.0,0.0,walk_history_ablation
1788,35.76,1.0,0.0,1.0441721677780151,0.8777990937232971,0.4602769911289215,0.9838142991065979,0,2000,history20,4,80,42,1.0,0.0,walk_history_ablation
1789,35.78,1.0,0.0,1.0376416444778442,0.776114821434021,0.3660348951816559,0.5058189630508423,0,2000,history20,4,80,42,1.0,0.0,walk_history_ablation
1790,35.800000000000004,1.0,0.0,1.0413371324539185,0.6719306707382202,0.2814689576625824,-0.28392139077186584,0,2000,history20,4,80,42,1.0,0.0,walk_history_ablation
1791,35.82,1.0,0.0,1.0464268922805786,0.6400982141494751,0.22583603858947754,-0.20408055186271667,0,2000,history20,4,80,42,1.0,0.0,walk_history_ablation
1792,35.84,1.0,0.0,1.0490795373916626,0.654558539390564,0.20043057203292847,0.08420944958925247,0,2000,history20,4,80,42,1.0,0.0,walk_history_ablation
1793,35.86,1.0,0.0,1.0464836359024048,0.6788586974143982,0.18536978960037231,0.6569145321846008,0,2000,history20,4,80,42,1.0,0.0,walk_history_ablation
1794,35.88,1.0,0.0,1.040988564491272,0.6873642802238464,0.16286051273345947,0.7263333797454834,0,2000,history20,4,80,42,1.0,0.0,walk_history_ablation
1795,35.9,1.0,0.0,1.0366679430007935,0.6943743824958801,0.12876319885253906,0.47853630781173706,0,2000,history20,4,80,42,1.0,0.0,walk_history_ablation
1796,35.92,1.0,0.0,1.0341182947158813,0.720163106918335,0.11074524372816086,0.24452315270900726,0,2000,history20,4,80,42,1.0,0.0,walk_history_ablation
1797,35.94,1.0,0.0,1.0322905778884888,0.7371209859848022,0.09964103996753693,0.21751604974269867,0,2000,history20,4,80,42,1.0,0.0,walk_history_ablation
1798,35.96,1.0,0.0,1.0320309400558472,0.7479024529457092,0.08796466886997223,-0.013667316175997257,0,2000,history20,4,80,42,1.0,0.0,walk_history_ablation
1799,35.980000000000004,1.0,0.0,1.0333367586135864,0.771305501461029,0.07922811806201935,-0.1463848352432251,0,2000,history20,4,80,42,1.0,0.0,walk_history_ablation
1800,36.0,1.0,0.0,1.0351077318191528,0.8092408776283264,0.07492382079362869,-0.1562439501285553,0,2000,history20,4,80,42,1.0,0.0,walk_history_ablation
1801,36.02,1.0,0.0,1.0371471643447876,0.8410314917564392,0.07038994878530502,-0.22690607607364655,0,2000,history20,4,80,42,1.0,0.0,walk_history_ablation
1802,36.04,1.0,0.0,1.0397711992263794,0.8728219866752625,0.06443223357200623,-0.3255167007446289,0,2000,history20,4,80,42,1.0,0.0,walk_history_ablation
1803,36.06,1.0,0.0,1.0435630083084106,0.9074406623840332,0.055042557418346405,-0.42261165380477905,0,2000,history20,4,80,42,1.0,0.0,walk_history_ablation
1804,36.08,1.0,0.0,1.0454984903335571,0.9441947340965271,0.048605818301439285,-0.09862331300973892,0,2000,history20,4,80,42,1.0,0.0,walk_history_ablation
1805,36.1,1.0,0.0,1.0444079637527466,0.9931786060333252,0.03818318247795105,0.07736001908779144,0,2000,history20,4,80,42,1.0,0.0,walk_history_ablation
1806,36.12,1.0,0.0,1.0427623987197876,1.0166637897491455,0.025840632617473602,0.17983295023441315,0,2000,history20,4,80,42,1.0,0.0,walk_history_ablation
1807,36.14,1.0,0.0,1.039223313331604,1.0430842638015747,0.011087062768638134,0.23940521478652954,0,2000,history20,4,80,42,1.0,0.0,walk_history_ablation
1808,36.160000000000004,1.0,0.0,1.0363036394119263,1.0666534900665283,-0.003943483345210552,0.1963205337524414,0,2000,history20,4,80,42,1.0,0.0,walk_history_ablation
1809,36.18,1.0,0.0,1.0346871614456177,1.0874470472335815,-0.02015598490834236,-0.03531794250011444,0,2000,history20,4,80,42,1.0,0.0,walk_history_ablation
1810,36.2,1.0,0.0,1.036516785621643,0.9429189562797546,0.015217078849673271,-0.1878872960805893,0,2000,history20,4,80,42,1.0,0.0,walk_history_ablation
1811,36.22,1.0,0.0,1.0345407724380493,0.8784764409065247,0.03402487933635712,0.3130522668361664,0,2000,history20,4,80,42,1.0,0.0,walk_history_ablation
1812,36.24,1.0,0.0,1.0289121866226196,0.8282231688499451,0.03774358332157135,0.36888253688812256,0,2000,history20,4,80,42,1.0,0.0,walk_history_ablation
1813,36.26,1.0,0.0,1.0241376161575317,0.783578634262085,0.03849589079618454,0.029108237475156784,0,2000,history20,4,80,42,1.0,0.0,walk_history_ablation
1814,36.28,1.0,0.0,1.022849678993225,0.7444594502449036,0.04497702047228813,-0.3859349489212036,0,2000,history20,4,80,42,1.0,0.0,walk_history_ablation
1815,36.300000000000004,1.0,0.0,1.0257083177566528,0.721043586730957,0.056008145213127136,-0.6602796316146851,0,2000,history20,4,80,42,1.0,0.0,walk_history_ablation
1816,36.32,1.0,0.0,1.0289140939712524,0.7167494893074036,0.07428112626075745,-0.4815620183944702,0,2000,history20,4,80,42,1.0,0.0,walk_history_ablation
1817,36.34,1.0,0.0,1.0303016901016235,0.723705530166626,0.08572889864444733,-0.23391768336296082,0,2000,history20,4,80,42,1.0,0.0,walk_history_ablation
1818,36.36,1.0,0.0,1.0306321382522583,0.7404350638389587,0.09431105852127075,-0.10403591394424438,0,2000,history20,4,80,42,1.0,0.0,walk_history_ablation
1819,36.38,1.0,0.0,1.0299021005630493,0.746311604976654,0.10928714275360107,0.03258127346634865,0,2000,history20,4,80,42,1.0,0.0,walk_history_ablation
1820,36.4,1.0,0.0,1.0284730195999146,0.7536709308624268,0.12901732325553894,0.10383236408233643,0,2000,history20,4,80,42,1.0,0.0,walk_history_ablation
1821,36.42,1.0,0.0,1.0266131162643433,0.7633241415023804,0.1522037386894226,0.14320768415927887,0,2000,history20,4,80,42,1.0,0.0,walk_history_ablation
1822,36.44,1.0,0.0,1.02529776096344,0.7736303806304932,0.17727120220661163,0.12618137896060944,0,2000,history20,4,80,42,1.0,0.0,walk_history_ablation
1823,36.46,1.0,0.0,1.023178219795227,0.7889277338981628,0.20700310170650482,0.34135890007019043,0,2000,history20,4,80,42,1.0,0.0,walk_history_ablation
1824,36.480000000000004,1.0,0.0,1.0194989442825317,0.8117760419845581,0.24199725687503815,0.46690434217453003,0,2000,history20,4,80,42,1.0,0.0,walk_history_ablation
1825,36.5,1.0,0.0,1.0158203840255737,0.8357933163642883,0.2751217484474182,0.41566020250320435,0,2000,history20,4,80,42,1.0,0.0,walk_history_ablation
1826,36.52,1.0,0.0,1.0136834383010864,0.866277813911438,0.3081778585910797,0.20007449388504028,0,2000,history20,4,80,42,1.0,0.0,walk_history_ablation
1827,36.54,1.0,0.0,1.0128322839736938,0.8966590762138367,0.3449462056159973,0.14369091391563416,0,2000,history20,4,80,42,1.0,0.0,walk_history_ablation
1828,36.56,1.0,0.0,1.0126057863235474,0.9216483235359192,0.38022729754447937,0.12022125720977783,0,2000,history20,4,80,42,1.0,0.0,walk_history_ablation
1829,36.58,1.0,0.0,1.0110584497451782,0.9434352517127991,0.41444629430770874,0.311830073595047,0,2000,history20,4,80,42,1.0,0.0,walk_history_ablation
1830,36.6,1.0,0.0,1.0064421892166138,0.9598408341407776,0.44339919090270996,0.5973091125488281,0,2000,history20,4,80,42,1.0,0.0,walk_history_ablation
1831,36.62,1.0,0.0,0.9984778165817261,0.888319194316864,0.4041542708873749,0.9801790118217468,0,2000,history20,4,80,42,1.0,0.0,walk_history_ablation
1832,36.64,1.0,0.0,1.000064492225647,0.7308599948883057,0.30785229802131653,-0.1891724169254303,0,2000,history20,4,80,42,1.0,0.0,walk_history_ablation
1833,36.660000000000004,1.0,0.0,1.0055512189865112,0.6365064382553101,0.23776550590991974,-0.24297024309635162,0,2000,history20,4,80,42,1.0,0.0,walk_history_ablation
1834,36.68,1.0,0.0,1.0087953805923462,0.6177466511726379,0.1903194636106491,0.0017554834485054016,0,2000,history20,4,80,42,1.0,0.0,walk_history_ablation
1835,36.7,1.0,0.0,1.0080128908157349,0.6395357251167297,0.17535261809825897,0.4126633405685425,0,2000,history20,4,80,42,1.0,0.0,walk_history_ablation
1836,36.72,1.0,0.0,1.0033780336380005,0.659784734249115,0.16381177306175232,0.73723304271698,0,2000,history20,4,80,42,1.0,0.0,walk_history_ablation
1837,36.74,1.0,0.0,0.9985657930374146,0.6707257032394409,0.1346462368965149,0.5521377325057983,0,2000,history20,4,80,42,1.0,0.0,walk_history_ablation
1838,36.76,1.0,0.0,0.9960459470748901,0.6873091459274292,0.11103830486536026,0.24843771755695343,0,2000,history20,4,80,42,1.0,0.0,walk_history_ablation
1839,36.78,1.0,0.0,0.9948703050613403,0.7133378982543945,0.09891723841428757,0.13981619477272034,0,2000,history20,4,80,42,1.0,0.0,walk_history_ablation
1840,36.800000000000004,1.0,0.0,0.9938830137252808,0.7313865423202515,0.08884099870920181,0.14822988212108612,0,2000,history20,4,80,42,1.0,0.0,walk_history_ablation
1841,36.82,1.0,0.0,0.993937611579895,0.7479416728019714,0.0775703713297844,-0.02372121624648571,0,2000,history20,4,80,42,1.0,0.0,walk_history_ablation
1842,36.84,1.0,0.0,0.9947572946548462,0.7734025120735168,0.07218059152364731,-0.08871641010046005,0,2000,history20,4,80,42,1.0,0.0,walk_history_ablation
1843,36.86,1.0,0.0,0.9955424070358276,0.8053045272827148,0.06835754215717316,-0.09306585788726807,0,2000,history20,4,80,42,1.0,0.0,walk_history_ablation
1844,36.88,1.0,0.0,0.997527003288269,0.836208701133728,0.05876453220844269,-0.2675893306732178,0,2000,history20,4,80,42,1.0,0.0,walk_history_ablation
1845,36.9,1.0,0.0,0.9997659921646118,0.8723883032798767,0.0550859309732914,-0.27217286825180054,0,2000,history20,4,80,42,1.0,0.0,walk_history_ablation
1846,36.92,1.0,0.0,1.002454400062561,0.9083635210990906,0.04215621575713158,-0.2976952791213989,0,2000,history20,4,80,42,1.0,0.0,walk_history_ablation
1847,36.94,1.0,0.0,1.0032106637954712,0.9483392238616943,0.03483239561319351,-0.0344533696770668,0,2000,history20,4,80,42,1.0,0.0,walk_history_ablation
1848,36.96,1.0,0.0,1.0016247034072876,0.9920001029968262,0.02386191114783287,0.13198310136795044,0,2000,history20,4,80,42,1.0,0.0,walk_history_ablation
1849,36.980000000000004,1.0,0.0,0.999193549156189,1.0152791738510132,0.01098824106156826,0.20770473778247833,0,2000,history20,4,80,42,1.0,0.0,walk_history_ablation
1850,37.0,1.0,0.0,0.9956589937210083,1.0383557081222534,-0.005055557936429977,0.20578092336654663,0,2000,history20,4,80,42,1.0,0.0,walk_history_ablation
1851,37.02,1.0,0.0,0.9941688776016235,1.0594942569732666,-0.020387455821037292,0.0007558136712759733,0,2000,history20,4,80,42,1.0,0.0,walk_history_ablation
1852,37.04,1.0,0.0,0.9945279359817505,1.0181293487548828,-0.026434291154146194,-0.45906680822372437,0,2000,history20,4,80,42,1.0,0.0,walk_history_ablation
1853,37.06,1.0,0.0,0.996928334236145,0.910828173160553,0.027615349739789963,0.05220120772719383,0,2000,history20,4,80,42,1.0,0.0,walk_history_ablation
1854,37.08,1.0,0.0,0.993242621421814,0.8487929701805115,0.04104642942547798,0.38561514019966125,0,2000,history20,4,80,42,1.0,0.0,walk_history_ablation
1855,37.1,1.0,0.0,0.987390398979187,0.8024508357048035,0.04181404411792755,0.32999229431152344,0,2000,history20,4,80,42,1.0,0.0,walk_history_ablation
1856,37.12,1.0,0.0,0.9821611642837524,0.7554122805595398,0.041082531213760376,0.058392614126205444,0,2000,history20,4,80,42,1.0,0.0,walk_history_ablation
1857,37.14,1.0,0.0,0.9812124967575073,0.7209226489067078,0.05226829648017883,-0.41879063844680786,0,2000,history20,4,80,42,1.0,0.0,walk_history_ablation
1858,37.160000000000004,1.0,0.0,0.9833866357803345,0.7056835293769836,0.06572228670120239,-0.5001116394996643,0,2000,history20,4,80,42,1.0,0.0,walk_history_ablation
1859,37.18,1.0,0.0,0.9853008985519409,0.71010422706604,0.08136086165904999,-0.3113526403903961,0,2000,history20,4,80,42,1.0,0.0,walk_history_ablation
1860,37.2,1.0,0.0,0.9853931665420532,0.721418559551239,0.09067543596029282,-0.08870817720890045,0,2000,history20,4,80,42,1.0,0.0,walk_history_ablation
1861,37.22,1.0,0.0,0.984899640083313,0.7346111536026001,0.09961867332458496,-0.011652987450361252,0,2000,history20,4,80,42,1.0,0.0,walk_history_ablation
1862,37.24,1.0,0.0,0.9839392900466919,0.7311276197433472,0.11740931868553162,0.04218902438879013,0,2000,history20,4,80,42,1.0,0.0,walk_history_ablation
1863,37.26,1.0,0.0,0.9827204942703247,0.7278992533683777,0.14413681626319885,0.08724525570869446,0,2000,history20,4,80,42,1.0,0.0,walk_history_ablation
1864,37.28,1.0,0.0,0.9808734655380249,0.7316014766693115,0.16744741797447205,0.008050195872783661,0,2000,history20,4,80,42,1.0,0.0,walk_history_ablation
1865,37.300000000000004,1.0,0.0,0.9800978899002075,0.7439355850219727,0.19391712546348572,0.22476384043693542,0,2000,history20,4,80,42,1.0,0.0,walk_history_ablation
1866,37.32,1.0,0.0,0.976899266242981,0.7602872252464294,0.2243572324514389,0.4726775288581848,0,2000,history20,4,80,42,1.0,0.0,walk_history_ablation
1867,37.34,1.0,0.0,0.9722622632980347,0.7854171395301819,0.2597923278808594,0.5442650318145752,0,2000,history20,4,80,42,1.0,0.0,walk_history_ablation
1868,37.36,1.0,0.0,0.9691087007522583,0.8063459396362305,0.2903386950492859,0.3201305866241455,0,2000,history20,4,80,42,1.0,0.0,walk_history_ablation
1869,37.38,1.0,0.0,0.9679266214370728,0.8320490717887878,0.3279377818107605,0.10464683920145035,0,2000,history20,4,80,42,1.0,0.0,walk_history_ablation
1870,37.4,1.0,0.0,0.9681140184402466,0.8548345565795898,0.3678613603115082,0.033297475427389145,0,2000,history20,4,80,42,1.0,0.0,walk_history_ablation
1871,37.42,1.0,0.0,0.968845009803772,0.8720925450325012,0.40336719155311584,0.030342526733875275,0,2000,history20,4,80,42,1.0,0.0,walk_history_ablation
1872,37.44,1.0,0.0,0.9676645994186401,0.8879492878913879,0.4386123716831207,0.2996608018875122,0,2000,history20,4,80,42,1.0,0.0,walk_history_ablation
1873,37.46,1.0,0.0,0.9633322954177856,0.9003927111625671,0.4676118791103363,0.5638582110404968,0,2000,history20,4,80,42,1.0,0.0,walk_history_ablation
1874,37.480000000000004,1.0,0.0,0.9589000940322876,0.7661566138267517,0.38764968514442444,0.4093553125858307,0,2000,history20,4,80,42,1.0,0.0,walk_history_ablation
1875,37.5,1.0,0.0,0.9626504182815552,0.6432886719703674,0.30467838048934937,-0.27178776264190674,0,2000,history20,4,80,42,1.0,0.0,walk_history_ablation
1876,37.52,1.0,0.0,0.9684396982192993,0.5916544795036316,0.2445662021636963,-0.2881162166595459,0,2000,history20,4,80,42,1.0,0.0,walk_history_ablation
1877,37.54,1.0,0.0,0.971394419670105,0.5992218852043152,0.2173600196838379,0.057649873197078705,0,2000,history20,4,80,42,1.0,0.0,walk_history_ablation
1878,37.56,1.0,0.0,0.9699307680130005,0.6186952590942383,0.20691996812820435,0.4813759922981262,0,2000,history20,4,80,42,1.0,0.0,walk_history_ablation
1879,37.58,1.0,0.0,0.9653393030166626,0.6304261684417725,0.19031848013401031,0.6688059568405151,0,2000,history20,4,80,42,1.0,0.0,walk_history_ablation
1880,37.6,1.0,0.0,0.9614406824111938,0.6351147890090942,0.16095641255378723,0.4358290731906891,0,2000,history20,4,80,42,1.0,0.0,walk_history_ablation
1881,37.62,1.0,0.0,0.9591687917709351,0.6465591192245483,0.1428869664669037,0.25647076964378357,0,2000,history20,4,80,42,1.0,0.0,walk_history_ablation
1882,37.64,1.0,0.0,0.9578899145126343,0.6596991419792175,0.13162462413311005,0.15685835480690002,0,2000,history20,4,80,42,1.0,0.0,walk_history_ablation
1883,37.660000000000004,1.0,0.0,0.9571636915206909,0.6739944815635681,0.12215662002563477,0.08590438961982727,0,2000,history20,4,80,42,1.0,0.0,walk_history_ablation
1884,37.68,1.0,0.0,0.957060694694519,0.6936919093132019,0.11315998435020447,0.0024015679955482483,0,2000,history20,4,80,42,1.0,0.0,walk_history_ablation
1885,37.7,1.0,0.0,0.9574886560440063,0.7224636077880859,0.10685713589191437,-0.07403957098722458,0,2000,history20,4,80,42,1.0,0.0,walk_history_ablation
1886,37.72,1.0,0.0,0.9586888551712036,0.7501240372657776,0.09902949631214142,-0.1698381006717682,0,2000,history20,4,80,42,1.0,0.0,walk_history_ablation
1887,37.74,1.0,0.0,0.9610341787338257,0.7796752452850342,0.0900927409529686,-0.2966439127922058,0,2000,history20,4,80,42,1.0,0.0,walk_history_ablation
1888,37.76,1.0,0.0,0.96351158618927,0.8142527341842651,0.0831352025270462,-0.2730966806411743,0,2000,history20,4,80,42,1.0,0.0,walk_history_ablation
1889,37.78,1.0,0.0,0.9653288125991821,0.8492091298103333,0.07274330407381058,-0.16697275638580322,0,2000,history20,4,80,42,1.0,0.0,walk_history_ablation
1890,37.800000000000004,1.0,0.0,0.9647666215896606,0.8854329586029053,0.06518347561359406,0.08383475989103317,0,2000,history20,4,80,42,1.0,0.0,walk_history_ablation
1891,37.82,1.0,0.0,0.9621535539627075,0.9176403880119324,0.053510721772909164,0.22233425080776215,0,2000,history20,4,80,42,1.0,0.0,walk_history_ablation
1892,37.84,1.0,0.0,0.9586044549942017,0.9390206336975098,0.04068179428577423,0.2676216661930084,0,2000,history20,4,80,42,1.0,0.0,walk_history_ablation
1893,37.86,1.0,0.0,0.955133318901062,0.9584665298461914,0.02778530865907669,0.19356171786785126,0,2000,history20,4,80,42,1.0,0.0,walk_history_ablation
1894,37.88,1.0,0.0,0.9534188508987427,0.9781832098960876,0.016139185056090355,0.0018623394425958395,0,2000,history20,4,80,42,1.0,0.0,walk_history_ablation
1895,37.9,1.0,0.0,0.9543412923812866,0.9226705431938171,0.022326337173581123,-0.14694862067699432,0,2000,history20,4,80,42,1.0,0.0,walk_history_ablation
1896,37.92,1.0,0.0,0.9542690515518188,0.8431615829467773,0.06174490228295326,0.1461542844772339,0,2000,history20,4,80,42,1.0,0.0,walk_history_ablation
1897,37.94,1.0,0.0,0.9497233629226685,0.7957686185836792,0.06889969855546951,0.3459402620792389,0,2000,history20,4,80,42,1.0,0.0,walk_history_ablation
1898,37.96,1.0,0.0,0.9443627595901489,0.7583141326904297,0.06719755381345749,0.17392882704734802,0,2000,history20,4,80,42,1.0,0.0,walk_history_ablation
1899,37.980000000000004,1.0,0.0,0.941238284111023,0.7215535044670105,0.06879770755767822,-0.1776031106710434,0,2000,history20,4,80,42,1.0,0.0,walk_history_ablation
1900,38.0,1.0,0.0,0.9420315027236938,0.6990609765052795,0.08081291615962982,-0.5103967189788818,0,2000,history20,4,80,42,1.0,0.0,walk_history_ablation
1901,38.02,1.0,0.0,0.9449940919876099,0.695586085319519,0.09308592230081558,-0.5047221779823303,0,2000,history20,4,80,42,1.0,0.0,walk_history_ablation
1902,38.04,1.0,0.0,0.9470745325088501,0.7101625204086304,0.10529991239309311,-0.2714523673057556,0,2000,history20,4,80,42,1.0,0.0,walk_history_ablation
1903,38.06,1.0,0.0,0.9472874402999878,0.7255848050117493,0.11399652808904648,-0.05733240023255348,0,2000,history20,4,80,42,1.0,0.0,walk_history_ablation
1904,38.08,1.0,0.0,0.946588397026062,0.7376610040664673,0.1248636469244957,0.058091722428798676,0,2000,history20,4,80,42,1.0,0.0,walk_history_ablation
1905,38.1,1.0,0.0,0.9446300268173218,0.7366865277290344,0.14402753114700317,0.1813724935054779,0,2000,history20,4,80,42,1.0,0.0,walk_history_ablation
1906,38.12,1.0,0.0,0.9421895742416382,0.738328218460083,0.16954326629638672,0.21032871305942535,0,2000,history20,4,80,42,1.0,0.0,walk_history_ablation
1907,38.14,1.0,0.0,0.940271258354187,0.7407346963882446,0.19412487745285034,0.13315506279468536,0,2000,history20,4,80,42,1.0,0.0,walk_history_ablation
1908,38.160000000000004,1.0,0.0,0.9383114576339722,0.7519026398658752,0.22299526631832123,0.3218226730823517,0,2000,history20,4,80,42,1.0,0.0,walk_history_ablation
1909,38.18,1.0,0.0,0.9348427057266235,0.772101879119873,0.2538363039493561,0.46161746978759766,0,2000,history20,4,80,42,1.0,0.0,walk_history_ablation
1910,38.2,1.0,0.0,0.9306591749191284,0.7995325922966003,0.2889154255390167,0.48770996928215027,0,2000,history20,4,80,42,1.0,0.0,walk_history_ablation
1911,38.22,1.0,0.0,0.9280050992965698,0.8230275511741638,0.31962260603904724,0.29860323667526245,0,2000,history20,4,80,42,1.0,0.0,walk_history_ablation
1912,38.24,1.0,0.0,0.9267257452011108,0.8485918045043945,0.3597678244113922,0.1332378089427948,0,2000,history20,4,80,42,1.0,0.0,walk_history_ablation
1913,38.26,1.0,0.0,0.9264768362045288,0.8645632863044739,0.39996594190597534,0.07639457285404205,0,2000,history20,4,80,42,1.0,0.0,walk_history_ablation
1914,38.28,1.0,0.0,0.9262360334396362,0.8770995736122131,0.43462514877319336,0.14092490077018738,0,2000,history20,4,80,42,1.0,0.0,walk_history_ablation
1915,38.300000000000004,1.0,0.0,0.9236596822738647,0.8930351138114929,0.4682583808898926,0.4474021792411804,0,2000,history20,4,80,42,1.0,0.0,walk_history_ablation
1916,38.32,1.0,0.0,0.9153932332992554,0.8452447056770325,0.42025232315063477,0.9260115623474121,0,2000,history20,4,80,42,1.0,0.0,walk_history_ablation
1917,38.34,1.0,0.0,0.9171372652053833,0.7016027569770813,0.33324867486953735,-0.13623987138271332,0,2000,history20,4,80,42,1.0,0.0,walk_history_ablation
1918,38.36,1.0,0.0,0.9217792749404907,0.6379890441894531,0.25252169370651245,-0.17085108160972595,0,2000,history20,4,80,42,1.0,0.0,walk_history_ablation
1919,38.38,1.0,0.0,0.9246326684951782,0.6349022388458252,0.20703989267349243,0.03999385982751846,0,2000,history20,4,80,42,1.0,0.0,walk_history_ablation
1920,38.4,1.0,0.0,0.9234071969985962,0.6649592518806458,0.18855029344558716,0.4690217971801758,0,2000,history20,4,80,42,1.0,0.0,walk_history_ablation
1921,38.42,1.0,0.0,0.9178458452224731,0.6929790377616882,0.1734636276960373,0.8210748434066772,0,2000,history20,4,80,42,1.0,0.0,walk_history_ablation
1922,38.44,1.0,0.0,0.9124716520309448,0.7042956352233887,0.1419859081506729,0.5892242789268494,0,2000,history20,4,80,42,1.0,0.0,walk_history_ablation
1923,38.46,1.0,0.0,0.9096173048019409,0.717381477355957,0.11522605270147324,0.28462421894073486,0,2000,history20,4,80,42,1.0,0.0,walk_history_ablation
1924,38.480000000000004,1.0,0.0,0.9083420038223267,0.7385557293891907,0.101255863904953,0.14549732208251953,0,2000,history20,4,80,42,1.0,0.0,walk_history_ablation
1925,38.5,1.0,0.0,0.9077669382095337,0.7522756457328796,0.09138759970664978,0.08393097668886185,0,2000,history20,4,80,42,1.0,0.0,walk_history_ablation
1926,38.52,1.0,0.0,0.9084357023239136,0.7695068717002869,0.08118338137865067,-0.10805384814739227,0,2000,history20,4,80,42,1.0,0.0,walk_history_ablation
1927,38.54,1.0,0.0,0.910746693611145,0.8007398843765259,0.07521440088748932,-0.27936381101608276,0,2000,history20,4,80,42,1.0,0.0,walk_history_ablation
1928,38.56,1.0,0.0,0.9134615659713745,0.8369301557540894,0.07178543508052826,-0.2719859182834625,0,2000,history20,4,80,42,1.0,0.0,walk_history_ablation
1929,38.58,1.0,0.0,0.9170669317245483,0.86972576379776,0.06234198436141014,-0.40782615542411804,0,2000,history20,4,80,42,1.0,0.0,walk_history_ablation
1930,38.6,1.0,0.0,0.9205788373947144,0.9081154465675354,0.05740893632173538,-0.3655363619327545,0,2000,history20,4,80,42,1.0,0.0,walk_history_ablation
1931,38.62,1.0,0.0,0.923880934715271,0.9445990920066833,0.04509061574935913,-0.32051244378089905,0,2000,history20,4,80,42,1.0,0.0,walk_history_ablation
1932,38.64,1.0,0.0,0.9245671033859253,0.9846432209014893,0.03671611472964287,0.0037041157484054565,0,2000,history20,4,80,42,1.0,0.0,walk_history_ablation
1933,38.660000000000004,1.0,0.0,0.9227498769760132,1.0282254219055176,0.02345871739089489,0.15701785683631897,0,2000,history20,4,80,42,1.0,0.0,walk_history_ablation
1934,38.68,1.0,0.0,0.9201217889785767,1.0493139028549194,0.008249284699559212,0.22983358800411224,0,2000,history20,4,80,42,1.0,0.0,walk_history_ablation
1935,38.7,1.0,0.0,0.9164355993270874,1.06864333152771,-0.007474822923541069,0.21985813975334167,0,2000,history20,4,80,42,1.0,0.0,walk_history_ablation
1936,38.72,1.0,0.0,0.914732813835144,1.0853840112686157,-0.023234855383634567,0.02622288279235363,0,2000,history20,4,80,42,1.0,0.0,walk_history_ablation
1937,38.74,1.0,0.0,0.9158650636672974,0.9910036325454712,-0.013305975124239922,-0.19560416042804718,0,2000,history20,4,80,42,1.0,0.0,walk_history_ablation
1938,38.76,1.0,0.0,0.9164906740188599,0.8896739482879639,0.030614051967859268,0.13627059757709503,0,2000,history20,4,80,42,1.0,0.0,walk_history_ablation
1939,38.78,1.0,0.0,0.9132519960403442,0.8362699747085571,0.039113596081733704,0.20750996470451355,0,2000,history20,4,80,42,1.0,0.0,walk_history_ablation
1940,38.800000000000004,1.0,0.0,0.9099043607711792,0.7972399592399597,0.04102664068341255,0.006213776767253876,0,2000,history20,4,80,42,1.0,0.0,walk_history_ablation
1941,38.82,1.0,0.0,0.9082509279251099,0.7590193152427673,0.047513198107481,-0.3009389340877533,0,2000,history20,4,80,42,1.0,0.0,walk_history_ablation
1942,38.84,1.0,0.0,0.9099656343460083,0.7304770946502686,0.06100638210773468,-0.6131239533424377,0,2000,history20,4,80,42,1.0,0.0,walk_history_ablation
1943,38.86,1.0,0.0,0.9132987260818481,0.7164329886436462,0.07627686113119125,-0.5538077354431152,0,2000,history20,4,80,42,1.0,0.0,walk_history_ablation
1944,38.88,1.0,0.0,0.9151586294174194,0.7218719720840454,0.09120971709489822,-0.28597941994667053,0,2000,history20,4,80,42,1.0,0.0,walk_history_ablation
1945,38.9,1.0,0.0,0.9153562784194946,0.736397385597229,0.09969045966863632,-0.10615633428096771,0,2000,history20,4,80,42,1.0,0.0,walk_history_ablation
1946,38.92,1.0,0.0,0.9151073694229126,0.74735027551651,0.10945406556129456,-0.0317329578101635,0,2000,history20,4,80,42,1.0,0.0,walk_history_ablation
1947,38.94,1.0,0.0,0.9139891862869263,0.7485820055007935,0.12776713073253632,0.08093154430389404,0,2000,history20,4,80,42,1.0,0.0,walk_history_ablation
1948,38.96,1.0,0.0,0.912110447883606,0.7507208585739136,0.15367062389850616,0.15119419991970062,0,2000,history20,4,80,42,1.0,0.0,walk_history_ablation
1949,38.980000000000004,1.0,0.0,0.9099260568618774,0.758624255657196,0.17532338201999664,0.03387705236673355,0,2000,history20,4,80,42,1.0,0.0,walk_history_ablation
1950,39.0,1.0,0.0,0.9085999727249146,0.7752665281295776,0.20219507813453674,0.26294219493865967,0,2000,history20,4,80,42,1.0,0.0,walk_history_ablation
1951,39.02,1.0,0.0,0.9052475690841675,0.7971227169036865,0.23341092467308044,0.46157172322273254,0,2000,history20,4,80,42,1.0,0.0,walk_history_ablation
1952,39.04,1.0,0.0,0.9007817506790161,0.828074038028717,0.2676806151866913,0.5227912664413452,0,2000,history20,4,80,42,1.0,0.0,walk_history_ablation
1953,39.06,1.0,0.0,0.89757239818573,0.8568283319473267,0.29721933603286743,0.33835944533348083,0,2000,history20,4,80,42,1.0,0.0,walk_history_ablation
1954,39.08,1.0,0.0,0.8961762189865112,0.8872948884963989,0.3333872854709625,0.12764203548431396,0,2000,history20,4,80,42,1.0,0.0,walk_history_ablation
1955,39.1,1.0,0.0,0.8963745832443237,0.9145689010620117,0.37059903144836426,0.021130725741386414,0,2000,history20,4,80,42,1.0,0.0,walk_history_ablation
1956,39.12,1.0,0.0,0.8967658281326294,0.9348999261856079,0.4053860902786255,0.0727568045258522,0,2000,history20,4,80,42,1.0,0.0,walk_history_ablation
1957,39.14,1.0,0.0,0.8952172994613647,0.9533340334892273,0.43800118565559387,0.32923686504364014,0,2000,history20,4,80,42,1.0,0.0,walk_history_ablation
1958,39.160000000000004,1.0,0.0,0.890487551689148,0.9582239985466003,0.45099565386772156,0.7940367460250854,0,2000,history20,4,80,42,1.0,0.0,walk_history_ablation
1959,39.18,1.0,0.0,0.8853353261947632,0.7919299006462097,0.35343438386917114,0.299970418214798,0,2000,history20,4,80,42,1.0,0.0,walk_history_ablation
1960,39.2,1.0,0.0,0.8902944326400757,0.6694905757904053,0.26918986439704895,-0.3469177484512329,0,2000,history20,4,80,42,1.0,0.0,walk_history_ablation
1961,39.22,1.0,0.0,0.8963741064071655,0.6225051879882812,0.2133985459804535,-0.28788870573043823,0,2000,history20,4,80,42,1.0,0.0,walk_history_ablation
1962,39.24,1.0,0.0,0.8996216058731079,0.6270178556442261,0.19214566051959991,0.04255194216966629,0,2000,history20,4,80,42,1.0,0.0,walk_history_ablation
1963,39.26,1.0,0.0,0.897668719291687,0.6419130563735962,0.18174153566360474,0.5867065191268921,0,2000,history20,4,80,42,1.0,0.0,walk_history_ablation
1964,39.28,1.0,0.0,0.8931409120559692,0.645857572555542,0.16170156002044678,0.6192487478256226,0,2000,history20,4,80,42,1.0,0.0,walk_history_ablation
1965,39.300000000000004,1.0,0.0,0.8899661302566528,0.6511059403419495,0.1312336027622223,0.3393387198448181,0,2000,history20,4,80,42,1.0,0.0,walk_history_ablation
1966,39.32,1.0,0.0,0.8888782262802124,0.6717156767845154,0.1135697290301323,0.10829785466194153,0,2000,history20,4,80,42,1.0,0.0,walk_history_ablation
1967,39.34,1.0,0.0,0.887921929359436,0.6848807334899902,0.10476788878440857,0.1764388084411621,0,2000,history20,4,80,42,1.0,0.0,walk_history_ablation
1968,39.36,1.0,0.0,0.8874517679214478,0.6930875182151794,0.09157154709100723,0.051598209887742996,0,2000,history20,4,80,42,1.0,0.0,walk_history_ablation
1969,39.38,1.0,0.0,0.8877056837081909,0.7175993323326111,0.08415713906288147,-0.03289724141359329,0,2000,history20,4,80,42,1.0,0.0,walk_history_ablation
1970,39.4,1.0,0.0,0.8880466222763062,0.7496871948242188,0.07842326909303665,-0.022137483581900597,0,2000,history20,4,80,42,1.0,0.0,walk_history_ablation
1971,39.42,1.0,0.0,0.8889914751052856,0.7786172032356262,0.0709495097398758,-0.152688130736351,0,2000,history20,4,80,42,1.0,0.0,walk_history_ablation
1972,39.44,1.0,0.0,0.8906480073928833,0.8087001442909241,0.06466494500637054,-0.2349199652671814,0,2000,history20,4,80,42,1.0,0.0,walk_history_ablation
1973,39.46,1.0,0.0,0.8932687044143677,0.8408214449882507,0.05375463888049126,-0.31954270601272583,0,2000,history20,4,80,42,1.0,0.0,walk_history_ablation
1974,39.480000000000004,1.0,0.0,0.8943408727645874,0.8811990022659302,0.04794657975435257,-0.07316188514232635,0,2000,history20,4,80,42,1.0,0.0,walk_history_ablation
1975,39.5,1.0,0.0,0.8932293653488159,0.9259126782417297,0.03639694303274155,0.06494811922311783,0,2000,history20,4,80,42,1.0,0.0,walk_history_ablation
1976,39.52,1.0,0.0,0.8915053606033325,0.9513546824455261,0.02335866168141365,0.13454629480838776,0,2000,history20,4,80,42,1.0,0.0,walk_history_ablation
1977,39.54,1.0,0.0,0.8886972665786743,0.9745325446128845,0.008831367827951908,0.15097083151340485,0,2000,history20,4,80,42,1.0,0.0,walk_history_ablation
1978,39.56,1.0,0.0,0.886630654335022,0.9977851510047913,-0.006000198889523745,0.0913810208439827,0,2000,history20,4,80,42,1.0,0.0,walk_history_ablation
1979,39.58,1.0,0.0,0.8858064413070679,1.0198204517364502,-0.020065760239958763,-0.08059059828519821,0,2000,history20,4,80,42,1.0,0.0,walk_history_ablation
1980,39.6,1.0,0.0,0.8883432149887085,0.9336010813713074,-0.00949880387634039,-0.3798968195915222,0,2000,history20,4,80,42,1.0,0.0,walk_history_ablation
1981,39.62,1.0,0.0,0.8890563249588013,0.8651090264320374,0.027916960418224335,0.17898404598236084,0,2000,history20,4,80,42,1.0,0.0,walk_history_ablation
1982,39.64,1.0,0.0,0.8838330507278442,0.8110889196395874,0.037028782069683075,0.43391793966293335,0,2000,history20,4,80,42,1.0,0.0,walk_history_ablation
1983,39.660000000000004,1.0,0.0,0.8769923448562622,0.7621636986732483,0.03689121454954147,0.3307274281978607,0,2000,history20,4,80,42,1.0,0.0,walk_history_ablation
1984,39.68,1.0,0.0,0.8729997873306274,0.7223997116088867,0.0401274636387825,-0.12270595133304596,0,2000,history20,4,80,42,1.0,0.0,walk_history_ablation
1985,39.7,1.0,0.0,0.8734766244888306,0.6949599981307983,0.053855083882808685,-0.49510204792022705,0,2000,history20,4,80,42,1.0,0.0,walk_history_ablation
1986,39.72,1.0,0.0,0.8762592077255249,0.6892682909965515,0.06846003979444504,-0.4920116066932678,0,2000,history20,4,80,42,1.0,0.0,walk_history_ablation
1987,39.74,1.0,0.0,0.8781231641769409,0.6985644102096558,0.08172015845775604,-0.26880699396133423,0,2000,history20,4,80,42,1.0,0.0,walk_history_ablation
1988,39.76,1.0,0.0,0.8782349824905396,0.7133747339248657,0.09197419136762619,-0.06432612240314484,0,2000,history20,4,80,42,1.0,0.0,walk_history_ablation
1989,39.78,1.0,0.0,0.8776639699935913,0.7231638431549072,0.1032923236489296,0.03206926956772804,0,2000,history20,4,80,42,1.0,0.0,walk_history_ablation
1990,39.800000000000004,1.0,0.0,0.8760277032852173,0.7193845510482788,0.12354058772325516,0.14210720360279083,0,2000,history20,4,80,42,1.0,0.0,walk_history_ablation
1991,39.82,1.0,0.0,0.8739598989486694,0.7198525667190552,0.1481357216835022,0.1730698198080063,0,2000,history20,4,80,42,1.0,0.0,walk_history_ablation
1992,39.84,1.0,0.0,0.8725851774215698,0.7210240960121155,0.17149043083190918,0.11789111793041229,0,2000,history20,4,80,42,1.0,0.0,walk_history_ablation
1993,39.86,1.0,0.0,0.8707164525985718,0.7306177616119385,0.20059236884117126,0.3184763491153717,0,2000,history20,4,80,42,1.0,0.0,walk_history_ablation
1994,39.88,1.0,0.0,0.867526650428772,0.7513569593429565,0.2297690063714981,0.4502456486225128,0,2000,history20,4,80,42,1.0,0.0,walk_history_ablation
1995,39.9,1.0,0.0,0.8635977506637573,0.7768270969390869,0.26609542965888977,0.4584217965602875,0,2000,history20,4,80,42,1.0,0.0,walk_history_ablation
1996,39.92,1.0,0.0,0.8614083528518677,0.7989023327827454,0.2970939576625824,0.23202794790267944,0,2000,history20,4,80,42,1.0,0.0,walk_history_ablation
1997,39.94,1.0,0.0,0.8607836961746216,0.8219054341316223,0.3357730507850647,0.08621487021446228,0,2000,history20,4,80,42,1.0,0.0,walk_history_ablation
1998,39.96,1.0,0.0,0.8610795736312866,0.8390889763832092,0.37401992082595825,0.03634036332368851,0,2000,history20,4,80,42,1.0,0.0,walk_history_ablation
1999,39.980000000000004,1.0,0.0,-1.3177984952926636,-0.4408535361289978,0.5005143284797668,-0.3741647005081177,0,2000,history20,4,80,42,1.0,0.0,walk_history_ablation
