step,time_s,vx_cmd,vy_cmd,yaw_cmd,vx_actual,vy_actual,yaw_actual,fell,episode_steps,policy,delay_steps,delay_ms,seed,lin_vel_x,lin_vel_y,task
0,0.0,1.0,0.0,0.21905219554901123,0.5629492998123169,-0.3636292815208435,-1.8339029550552368,0,2000,strong,0,0,42,1.0,0.0,walk
1,0.02,1.0,0.0,0.2352585792541504,0.6486467719078064,-0.3084873855113983,-2.289111375808716,0,2000,strong,0,0,42,1.0,0.0,walk
2,0.04,1.0,0.0,0.25785136222839355,0.6820801496505737,-0.22959962487220764,-1.9650522470474243,0,2000,strong,0,0,42,1.0,0.0,walk
3,0.06,1.0,0.0,0.2749520540237427,0.659678041934967,-0.18707478046417236,-0.9382386803627014,0,2000,strong,0,0,42,1.0,0.0,walk
4,0.08,1.0,0.0,0.2853724956512451,0.5582485795021057,-0.1620229035615921,-0.9356112480163574,0,2000,strong,0,0,42,1.0,0.0,walk
5,0.1,1.0,0.0,0.29274511337280273,0.5979946255683899,-0.25239500403404236,-0.5603097677230835,0,2000,strong,0,0,42,1.0,0.0,walk
6,0.12,1.0,0.0,0.29984819889068604,0.5762554407119751,-0.2948325574398041,-0.11938295513391495,0,2000,strong,0,0,42,1.0,0.0,walk
7,0.14,1.0,0.0,0.3061940670013428,0.6327928900718689,-0.33660992980003357,-0.3446641266345978,0,2000,strong,0,0,42,1.0,0.0,walk
8,0.16,1.0,0.0,0.3097797632217407,0.6880735158920288,-0.3578885793685913,-0.21391072869300842,0,2000,strong,0,0,42,1.0,0.0,walk
9,0.18,1.0,0.0,0.3138725757598877,0.7404821515083313,-0.3811095654964447,-0.44669634103775024,0,2000,strong,0,0,42,1.0,0.0,walk
10,0.2,1.0,0.0,0.32029783725738525,0.7769201993942261,-0.4171209931373596,-0.5737997889518738,0,2000,strong,0,0,42,1.0,0.0,walk
11,0.22,1.0,0.0,0.3264693021774292,0.8259403109550476,-0.4349669814109802,-0.4983958601951599,0,2000,strong,0,0,42,1.0,0.0,walk
12,0.24,1.0,0.0,0.3303600549697876,0.859460175037384,-0.4470311403274536,-0.41323015093803406,0,2000,strong,0,0,42,1.0,0.0,walk
13,0.26,1.0,0.0,0.33416712284088135,0.8958333730697632,-0.4715269207954407,-0.44298431277275085,0,2000,strong,0,0,42,1.0,0.0,walk
14,0.28,1.0,0.0,0.33528029918670654,0.9412446022033691,-0.5008615255355835,-0.13485048711299896,0,2000,strong,0,0,42,1.0,0.0,walk
15,0.3,1.0,0.0,0.3348034620285034,0.9815160036087036,-0.5352428555488586,-0.05518413335084915,0,2000,strong,0,0,42,1.0,0.0,walk
16,0.32,1.0,0.0,0.3319584131240845,1.007262110710144,-0.5731061697006226,0.24189698696136475,0,2000,strong,0,0,42,1.0,0.0,walk
17,0.34,1.0,0.0,0.32609009742736816,1.0074514150619507,-0.6192599534988403,0.5713274478912354,0,2000,strong,0,0,42,1.0,0.0,walk
18,0.36,1.0,0.0,0.3204547166824341,0.8634657263755798,-0.5301632881164551,0.8790733218193054,0,2000,strong,0,0,42,1.0,0.0,walk
19,0.38,1.0,0.0,0.31233882904052734,0.7269994616508484,-0.4241982400417328,0.7877194881439209,0,2000,strong,0,0,42,1.0,0.0,walk
20,0.4,1.0,0.0,0.30521976947784424,0.6020049452781677,-0.3010653853416443,0.533244252204895,0,2000,strong,0,0,42,1.0,0.0,walk
21,0.42,1.0,0.0,0.30295348167419434,0.5277804136276245,-0.21223454177379608,-0.01560145802795887,0,2000,strong,0,0,42,1.0,0.0,walk
22,0.44,1.0,0.0,0.3035459518432617,0.49900028109550476,-0.16630393266677856,-0.12782669067382812,0,2000,strong,0,0,42,1.0,0.0,walk
23,0.46,1.0,0.0,0.3063164949417114,0.5010746121406555,-0.14680291712284088,-0.4831063151359558,0,2000,strong,0,0,42,1.0,0.0,walk
24,0.48,1.0,0.0,0.3094285726547241,0.5081756711006165,-0.1387680023908615,-0.38948142528533936,0,2000,strong,0,0,42,1.0,0.0,walk
25,0.5,1.0,0.0,0.31073081493377686,0.5023021101951599,-0.12840139865875244,-0.19218795001506805,0,2000,strong,0,0,42,1.0,0.0,walk
26,0.52,1.0,0.0,0.3101264238357544,0.48524704575538635,-0.11415696144104004,-0.14202913641929626,0,2000,strong,0,0,42,1.0,0.0,walk
27,0.54,1.0,0.0,0.30738937854766846,0.4439024031162262,-0.08161735534667969,0.09314220398664474,0,2000,strong,0,0,42,1.0,0.0,walk
28,0.56,1.0,0.0,0.30203282833099365,0.4147851765155792,-0.05703010782599449,0.311819851398468,0,2000,strong,0,0,42,1.0,0.0,walk
29,0.58,1.0,0.0,0.29653608798980713,0.40703779458999634,-0.042352646589279175,0.29007625579833984,0,2000,strong,0,0,42,1.0,0.0,walk
30,0.6,1.0,0.0,0.29136860370635986,0.40918898582458496,-0.027900731191039085,0.3132770359516144,0,2000,strong,0,0,42,1.0,0.0,walk
31,0.62,1.0,0.0,0.2860788106918335,0.4164758026599884,-0.009854777716100216,0.3766918480396271,0,2000,strong,0,0,42,1.0,0.0,walk
32,0.64,1.0,0.0,0.2810462713241577,0.4328816533088684,0.004373971372842789,0.37376511096954346,0,2000,strong,0,0,42,1.0,0.0,walk
33,0.66,1.0,0.0,0.2768208980560303,0.4530794620513916,0.018342366442084312,0.3178296685218811,0,2000,strong,0,0,42,1.0,0.0,walk
34,0.68,1.0,0.0,0.27421295642852783,0.47624510526657104,0.032546013593673706,0.16456805169582367,0,2000,strong,0,0,42,1.0,0.0,walk
35,0.7000000000000001,1.0,0.0,0.2739865779876709,0.5026212334632874,0.04662125185132027,-0.03680424392223358,0,2000,strong,0,0,42,1.0,0.0,walk
36,0.72,1.0,0.0,0.2761014699935913,0.5324655771255493,0.06289246678352356,-0.1876826137304306,0,2000,strong,0,0,42,1.0,0.0,walk
37,0.74,1.0,0.0,0.27973055839538574,0.5617734789848328,0.08425390720367432,-0.24557733535766602,0,2000,strong,0,0,42,1.0,0.0,walk
38,0.76,1.0,0.0,0.2837916612625122,0.5864155292510986,0.11257659643888474,-0.22355228662490845,0,2000,strong,0,0,42,1.0,0.0,walk
39,0.78,1.0,0.0,0.2873443365097046,0.606490969657898,0.14623263478279114,-0.16807323694229126,0,2000,strong,0,0,42,1.0,0.0,walk
40,0.8,1.0,0.0,0.2899007797241211,0.6229755878448486,0.18377739191055298,-0.1012260764837265,0,2000,strong,0,0,42,1.0,0.0,walk
41,0.8200000000000001,1.0,0.0,0.2910698652267456,0.638094961643219,0.22466853260993958,0.009228505194187164,0,2000,strong,0,0,42,1.0,0.0,walk
42,0.84,1.0,0.0,0.29090726375579834,0.6508396863937378,0.2654736638069153,0.1482616662979126,0,2000,strong,0,0,42,1.0,0.0,walk
43,0.86,1.0,0.0,0.28945302963256836,0.6306269764900208,0.25370368361473083,0.08328573405742645,0,2000,strong,0,0,42,1.0,0.0,walk
44,0.88,1.0,0.0,0.29067957401275635,0.5853815078735352,0.1878472864627838,-0.2745690643787384,0,2000,strong,0,0,42,1.0,0.0,walk
45,0.9,1.0,0.0,0.2946120500564575,0.5586384534835815,0.15575753152370453,-0.2542118430137634,0,2000,strong,0,0,42,1.0,0.0,walk
46,0.92,1.0,0.0,0.2970772981643677,0.5415600538253784,0.12773294746875763,0.00476865004748106,0,2000,strong,0,0,42,1.0,0.0,walk
47,0.9400000000000001,1.0,0.0,0.2980210781097412,0.5042831301689148,0.10235904157161713,0.2837196886539459,0,2000,strong,0,0,42,1.0,0.0,walk
48,0.96,1.0,0.0,0.29660308361053467,0.4808388352394104,0.07175923883914948,0.4936753511428833,0,2000,strong,0,0,42,1.0,0.0,walk
49,0.98,1.0,0.0,0.2938777208328247,0.4647425711154938,0.0407341904938221,0.5251237750053406,0,2000,strong,0,0,42,1.0,0.0,walk
50,1.0,1.0,0.0,0.290441632270813,0.45914390683174133,0.01611732877790928,0.5053642988204956,0,2000,strong,0,0,42,1.0,0.0,walk
51,1.02,1.0,0.0,0.28778743743896484,0.45572805404663086,-0.012416437268257141,0.37956419587135315,0,2000,strong,0,0,42,1.0,0.0,walk
52,1.04,1.0,0.0,0.28706467151641846,0.45461106300354004,-0.03715614974498749,0.13490355014801025,0,2000,strong,0,0,42,1.0,0.0,walk
53,1.06,1.0,0.0,0.2881803512573242,0.461713582277298,-0.05690355226397514,-0.058523524552583694,0,2000,strong,0,0,42,1.0,0.0,walk
54,1.08,1.0,0.0,0.29004693031311035,0.46604079008102417,-0.07261095941066742,-0.10697729140520096,0,2000,strong,0,0,42,1.0,0.0,walk
55,1.1,1.0,0.0,0.29197490215301514,0.4769490659236908,-0.08666148781776428,-0.15553683042526245,0,2000,strong,0,0,42,1.0,0.0,walk
56,1.12,1.0,0.0,0.2941969633102417,0.4933583736419678,-0.10042689740657806,-0.2309333235025406,0,2000,strong,0,0,42,1.0,0.0,walk
57,1.1400000000000001,1.0,0.0,0.2965494394302368,0.5135675072669983,-0.11333273351192474,-0.257803738117218,0,2000,strong,0,0,42,1.0,0.0,walk
58,1.16,1.0,0.0,0.2985670566558838,0.5366448760032654,-0.12848009169101715,-0.2410758137702942,0,2000,strong,0,0,42,1.0,0.0,walk
59,1.18,1.0,0.0,0.29955899715423584,0.563290536403656,-0.14746762812137604,-0.14839138090610504,0,2000,strong,0,0,42,1.0,0.0,walk
60,1.2,1.0,0.0,0.29900872707366943,0.5949323773384094,-0.17070095241069794,-0.025281012058258057,0,2000,strong,0,0,42,1.0,0.0,walk
61,1.22,1.0,0.0,0.2968961000442505,0.6235558390617371,-0.20089268684387207,0.10479424148797989,0,2000,strong,0,0,42,1.0,0.0,walk
62,1.24,1.0,0.0,0.29342353343963623,0.6452301740646362,-0.23650690913200378,0.24349024891853333,0,2000,strong,0,0,42,1.0,0.0,walk
63,1.26,1.0,0.0,0.2892974615097046,0.6590128540992737,-0.2773101329803467,0.30312463641166687,0,2000,strong,0,0,42,1.0,0.0,walk
64,1.28,1.0,0.0,0.28540265560150146,0.6704667806625366,-0.31982430815696716,0.24606318771839142,0,2000,strong,0,0,42,1.0,0.0,walk
65,1.3,1.0,0.0,0.2824157476425171,0.6756113171577454,-0.35894644260406494,0.0948677808046341,0,2000,strong,0,0,42,1.0,0.0,walk
66,1.32,1.0,0.0,0.2821906805038452,0.6159924268722534,-0.2945071756839752,0.1544155776500702,0,2000,strong,0,0,42,1.0,0.0,walk
67,1.34,1.0,0.0,0.2769418954849243,0.5787220597267151,-0.25008636713027954,0.5457614064216614,0,2000,strong,0,0,42,1.0,0.0,walk
68,1.36,1.0,0.0,0.26945793628692627,0.5507541298866272,-0.21997293829917908,0.536331295967102,0,2000,strong,0,0,42,1.0,0.0,walk
69,1.3800000000000001,1.0,0.0,0.2635226249694824,0.5237541198730469,-0.19417288899421692,0.22496718168258667,0,2000,strong,0,0,42,1.0,0.0,walk
70,1.4000000000000001,1.0,0.0,0.2601299285888672,0.5096083283424377,-0.17165161669254303,0.03381098061800003,0,2000,strong,0,0,42,1.0,0.0,walk
71,1.42,1.0,0.0,0.25827932357788086,0.49673712253570557,-0.1412455439567566,-0.09276846796274185,0,2000,strong,0,0,42,1.0,0.0,walk
72,1.44,1.0,0.0,0.257279634475708,0.48973122239112854,-0.11235828697681427,-0.11315886676311493,0,2000,strong,0,0,42,1.0,0.0,walk
73,1.46,1.0,0.0,0.2567622661590576,0.4932326674461365,-0.08557716757059097,-0.10985400527715683,0,2000,strong,0,0,42,1.0,0.0,walk
74,1.48,1.0,0.0,0.25637495517730713,0.49920153617858887,-0.062081318348646164,-0.08729202300310135,0,2000,strong,0,0,42,1.0,0.0,walk
75,1.5,1.0,0.0,0.2558859586715698,0.5123798251152039,-0.04201065003871918,-0.04008270055055618,0,2000,strong,0,0,42,1.0,0.0,walk
76,1.52,1.0,0.0,0.2557739019393921,0.5358845591545105,-0.030211780220270157,-0.007244550157338381,0,2000,strong,0,0,42,1.0,0.0,walk
77,1.54,1.0,0.0,0.25518131256103516,0.5604162812232971,-0.016429366543889046,0.11093679815530777,0,2000,strong,0,0,42,1.0,0.0,walk
78,1.56,1.0,0.0,0.2537018060684204,0.5824993848800659,-0.0006324117421172559,0.21880075335502625,0,2000,strong,0,0,42,1.0,0.0,walk
79,1.58,1.0,0.0,0.2517446279525757,0.6051715612411499,0.01621842011809349,0.27058690786361694,0,2000,strong,0,0,42,1.0,0.0,walk
80,1.6,1.0,0.0,0.25001490116119385,0.6296342611312866,0.033430058509111404,0.2609924077987671,0,2000,strong,0,0,42,1.0,0.0,walk
81,1.62,1.0,0.0,0.24888062477111816,0.652524471282959,0.054372526705265045,0.20695200562477112,0,2000,strong,0,0,42,1.0,0.0,walk
82,1.6400000000000001,1.0,0.0,0.2485184669494629,0.6753218173980713,0.0781116932630539,0.13648885488510132,0,2000,strong,0,0,42,1.0,0.0,walk
83,1.6600000000000001,1.0,0.0,0.24857687950134277,0.6957290172576904,0.10538745671510696,0.07336839288473129,0,2000,strong,0,0,42,1.0,0.0,walk
84,1.68,1.0,0.0,0.24903523921966553,0.7108729481697083,0.1346663534641266,-0.03184586763381958,0,2000,strong,0,0,42,1.0,0.0,walk
85,1.7,1.0,0.0,0.25079262256622314,0.7238368391990662,0.16538622975349426,-0.21359233558177948,0,2000,strong,0,0,42,1.0,0.0,walk
86,1.72,1.0,0.0,0.25413084030151367,0.7331528663635254,0.19243401288986206,-0.3280670642852783,0,2000,strong,0,0,42,1.0,0.0,walk
87,1.74,1.0,0.0,0.25758635997772217,0.6949195861816406,0.17221909761428833,-0.38392043113708496,0,2000,strong,0,0,42,1.0,0.0,walk
88,1.76,1.0,0.0,0.26191794872283936,0.630919873714447,0.1049727275967598,-0.4407881796360016,0,2000,strong,0,0,42,1.0,0.0,walk
89,1.78,1.0,0.0,0.2667194604873657,0.5964617133140564,0.07738690823316574,-0.22810609638690948,0,2000,strong,0,0,42,1.0,0.0,walk
90,1.8,1.0,0.0,0.270328164100647,0.5828860998153687,0.05218794196844101,-0.07170365750789642,0,2000,strong,0,0,42,1.0,0.0,walk
91,1.82,1.0,0.0,0.2713639736175537,0.5637874603271484,0.03397459164261818,0.3165339231491089,0,2000,strong,0,0,42,1.0,0.0,walk
92,1.84,1.0,0.0,0.26934170722961426,0.5587643384933472,0.012673711404204369,0.5059676766395569,0,2000,strong,0,0,42,1.0,0.0,walk
93,1.86,1.0,0.0,0.26648175716400146,0.5473360419273376,-0.014430028386414051,0.5417527556419373,0,2000,strong,0,0,42,1.0,0.0,walk
94,1.8800000000000001,1.0,0.0,0.2632460594177246,0.5573998093605042,-0.034943558275699615,0.5017098784446716,0,2000,strong,0,0,42,1.0,0.0,walk
95,1.9000000000000001,1.0,0.0,0.2599982023239136,0.5579590201377869,-0.05966326966881752,0.4892841875553131,0,2000,strong,0,0,42,1.0,0.0,walk
96,1.92,1.0,0.0,0.257190465927124,0.5569689273834229,-0.07807422429323196,0.39136138558387756,0,2000,strong,0,0,42,1.0,0.0,walk
97,1.94,1.0,0.0,0.25568151473999023,0.5703777074813843,-0.09514231979846954,0.15788978338241577,0,2000,strong,0,0,42,1.0,0.0,walk
98,1.96,1.0,0.0,0.25536227226257324,0.581027090549469,-0.11037552356719971,0.056832510977983475,0,2000,strong,0,0,42,1.0,0.0,walk
99,1.98,1.0,0.0,0.25600576400756836,0.5995320081710815,-0.12129470705986023,-0.10796764492988586,0,2000,strong,0,0,42,1.0,0.0,walk
100,2.0,1.0,0.0,0.25752806663513184,0.6134390830993652,-0.13579608500003815,-0.19629758596420288,0,2000,strong,0,0,42,1.0,0.0,walk
101,2.02,1.0,0.0,0.25934815406799316,0.6328402757644653,-0.15099351108074188,-0.24892215430736542,0,2000,strong,0,0,42,1.0,0.0,walk
102,2.04,1.0,0.0,0.2609061002731323,0.6575507521629333,-0.16940049827098846,-0.23140771687030792,0,2000,strong,0,0,42,1.0,0.0,walk
103,2.06,1.0,0.0,0.2612076997756958,0.6854422092437744,-0.19254806637763977,-0.12663134932518005,0,2000,strong,0,0,42,1.0,0.0,walk
104,2.08,1.0,0.0,0.25986790657043457,0.7125120162963867,-0.22394973039627075,0.033413249999284744,0,2000,strong,0,0,42,1.0,0.0,walk
105,2.1,1.0,0.0,0.2574678659439087,0.7314247488975525,-0.26284223794937134,0.1355416178703308,0,2000,strong,0,0,42,1.0,0.0,walk
106,2.12,1.0,0.0,0.25453221797943115,0.7457310557365417,-0.3045555055141449,0.21485452353954315,0,2000,strong,0,0,42,1.0,0.0,walk
107,2.14,1.0,0.0,0.25130951404571533,0.7578092813491821,-0.3468102514743805,0.2139972299337387,0,2000,strong,0,0,42,1.0,0.0,walk
108,2.16,1.0,0.0,0.24857795238494873,0.7607505917549133,-0.3816624879837036,0.06989862769842148,0,2000,strong,0,0,42,1.0,0.0,walk
109,2.18,1.0,0.0,0.24851036071777344,0.6795396208763123,-0.293455570936203,0.2175222635269165,0,2000,strong,0,0,42,1.0,0.0,walk
110,2.2,1.0,0.0,0.24290859699249268,0.6410242915153503,-0.24494829773902893,0.5118775367736816,0,2000,strong,0,0,42,1.0,0.0,walk
111,2.22,1.0,0.0,0.23597681522369385,0.6132090091705322,-0.21241825819015503,0.45141300559043884,0,2000,strong,0,0,42,1.0,0.0,walk
112,2.24,1.0,0.0,0.2308105230331421,0.5827797055244446,-0.1844862401485443,0.13947322964668274,0,2000,strong,0,0,42,1.0,0.0,walk
113,2.2600000000000002,1.0,0.0,0.22823095321655273,0.5664801597595215,-0.15555210411548615,-0.058025769889354706,0,2000,strong,0,0,42,1.0,0.0,walk
114,2.2800000000000002,1.0,0.0,0.22708547115325928,0.5498526096343994,-0.1206091046333313,-0.1559275984764099,0,2000,strong,0,0,42,1.0,0.0,walk
115,2.3000000000000003,1.0,0.0,0.22652006149291992,0.5417957305908203,-0.08859718590974808,-0.13891282677650452,0,2000,strong,0,0,42,1.0,0.0,walk
116,2.32,1.0,0.0,0.22618567943572998,0.5433782339096069,-0.059416454285383224,-0.11165424436330795,0,2000,strong,0,0,42,1.0,0.0,walk
117,2.34,1.0,0.0,0.22560465335845947,0.5502886772155762,-0.03409379720687866,-0.04386047273874283,0,2000,strong,0,0,42,1.0,0.0,walk
118,2.36,1.0,0.0,0.22485291957855225,0.5657280683517456,-0.01345530804246664,0.006159930024296045,0,2000,strong,0,0,42,1.0,0.0,walk
119,2.38,1.0,0.0,0.2240523099899292,0.5900338292121887,0.0005999489803798497,0.08857420831918716,0,2000,strong,0,0,42,1.0,0.0,walk
120,2.4,1.0,0.0,0.22265684604644775,0.6156579256057739,0.016145925968885422,0.20057980716228485,0,2000,strong,0,0,42,1.0,0.0,walk
121,2.42,1.0,0.0,0.2205948829650879,0.6396270394325256,0.03433126583695412,0.2830164134502411,0,2000,strong,0,0,42,1.0,0.0,walk
122,2.44,1.0,0.0,0.21835839748382568,0.6648980975151062,0.05372625216841698,0.3115001320838928,0,2000,strong,0,0,42,1.0,0.0,walk
123,2.46,1.0,0.0,0.216719388961792,0.6909672617912292,0.07493989914655685,0.2575514316558838,0,2000,strong,0,0,42,1.0,0.0,walk
124,2.48,1.0,0.0,0.21598148345947266,0.713822066783905,0.10070038586854935,0.17310142517089844,0,2000,strong,0,0,42,1.0,0.0,walk
125,2.5,1.0,0.0,0.21609652042388916,0.7342054843902588,0.13017798960208893,0.07789582014083862,0,2000,strong,0,0,42,1.0,0.0,walk
126,2.52,1.0,0.0,0.21685266494750977,0.7491544485092163,0.16324493288993835,-0.03710709139704704,0,2000,strong,0,0,42,1.0,0.0,walk
127,2.54,1.0,0.0,0.2183312177658081,0.7603843808174133,0.19894742965698242,-0.16490082442760468,0,2000,strong,0,0,42,1.0,0.0,walk
128,2.56,1.0,0.0,0.22093677520751953,0.7683165669441223,0.23121289908885956,-0.2521875202655792,0,2000,strong,0,0,42,1.0,0.0,walk
129,2.58,1.0,0.0,0.22342729568481445,0.7306223511695862,0.21983236074447632,-0.24930140376091003,0,2000,strong,0,0,42,1.0,0.0,walk
130,2.6,1.0,0.0,0.22700583934783936,0.6672642230987549,0.14912822842597961,-0.41092649102211,0,2000,strong,0,0,42,1.0,0.0,walk
131,2.62,1.0,0.0,0.231644868850708,0.632408082485199,0.11285234242677689,-0.2669302821159363,0,2000,strong,0,0,42,1.0,0.0,walk
132,2.64,1.0,0.0,0.23348712921142578,0.6219764947891235,0.08374545723199844,0.07983153313398361,0,2000,strong,0,0,42,1.0,0.0,walk
133,2.66,1.0,0.0,0.23366153240203857,0.586663544178009,0.05835801362991333,0.3703359067440033,0,2000,strong,0,0,42,1.0,0.0,walk
134,2.68,1.0,0.0,0.23171985149383545,0.5684660077095032,0.030844995751976967,0.5303534269332886,0,2000,strong,0,0,42,1.0,0.0,walk
135,2.7,1.0,0.0,0.22890806198120117,0.5644708275794983,0.005748934578150511,0.5141854882240295,0,2000,strong,0,0,42,1.0,0.0,walk
136,2.72,1.0,0.0,0.2257845401763916,0.563599705696106,-0.013650950975716114,0.48175984621047974,0,2000,strong,0,0,42,1.0,0.0,walk
137,2.74,1.0,0.0,0.22340047359466553,0.5569053292274475,-0.040606435388326645,0.3982795476913452,0,2000,strong,0,0,42,1.0,0.0,walk
138,2.7600000000000002,1.0,0.0,0.22228682041168213,0.5562597513198853,-0.06210658699274063,0.2124994993209839,0,2000,strong,0,0,42,1.0,0.0,walk
139,2.7800000000000002,1.0,0.0,0.22268211841583252,0.5654640793800354,-0.07988473027944565,0.015724262222647667,0,2000,strong,0,0,42,1.0,0.0,walk
140,2.8000000000000003,1.0,0.0,0.22354042530059814,0.5730326175689697,-0.09290727227926254,-0.006393421441316605,0,2000,strong,0,0,42,1.0,0.0,walk
141,2.82,1.0,0.0,0.22415506839752197,0.5852146744728088,-0.10511059314012527,-0.041679900139570236,0,2000,strong,0,0,42,1.0,0.0,walk
142,2.84,1.0,0.0,0.22516846656799316,0.6011029481887817,-0.11865325272083282,-0.14781513810157776,0,2000,strong,0,0,42,1.0,0.0,walk
143,2.86,1.0,0.0,0.22674286365509033,0.6196954846382141,-0.1331784725189209,-0.22050067782402039,0,2000,strong,0,0,42,1.0,0.0,walk
144,2.88,1.0,0.0,0.2283010482788086,0.6429316401481628,-0.1507306843996048,-0.22850413620471954,0,2000,strong,0,0,42,1.0,0.0,walk
145,2.9,1.0,0.0,0.2288457155227661,0.669742226600647,-0.1710548847913742,-0.1303749680519104,0,2000,strong,0,0,42,1.0,0.0,walk
146,2.92,1.0,0.0,0.2278217077255249,0.6990647315979004,-0.197933629155159,-0.005357802379876375,0,2000,strong,0,0,42,1.0,0.0,walk
147,2.94,1.0,0.0,0.22555780410766602,0.7220418453216553,-0.23228158056735992,0.11624341458082199,0,2000,strong,0,0,42,1.0,0.0,walk
148,2.96,1.0,0.0,0.22266268730163574,0.7371329665184021,-0.27115440368652344,0.1940714716911316,0,2000,strong,0,0,42,1.0,0.0,walk
149,2.98,1.0,0.0,0.21962082386016846,0.7496854066848755,-0.3120655417442322,0.20145833492279053,0,2000,strong,0,0,42,1.0,0.0,walk
150,3.0,1.0,0.0,0.21682024002075195,0.7587246894836426,-0.35086655616760254,0.15081322193145752,0,2000,strong,0,0,42,1.0,0.0,walk
151,3.02,1.0,0.0,0.21656668186187744,0.6908726692199707,-0.2987702190876007,0.027956025674939156,0,2000,strong,0,0,42,1.0,0.0,walk
152,3.04,1.0,0.0,0.21247971057891846,0.6477484107017517,-0.2446589320898056,0.4798851013183594,0,2000,strong,0,0,42,1.0,0.0,walk
153,3.06,1.0,0.0,0.20538437366485596,0.613889217376709,-0.20739507675170898,0.5313301682472229,0,2000,strong,0,0,42,1.0,0.0,walk
154,3.08,1.0,0.0,0.19923865795135498,0.588007390499115,-0.1815110146999359,0.2714175283908844,0,2000,strong,0,0,42,1.0,0.0,walk
155,3.1,1.0,0.0,0.19555175304412842,0.5702090859413147,-0.15568162500858307,0.02721356600522995,0,2000,strong,0,0,42,1.0,0.0,walk
156,3.12,1.0,0.0,0.19399452209472656,0.5564901232719421,-0.12621021270751953,-0.14312753081321716,0,2000,strong,0,0,42,1.0,0.0,walk
157,3.14,1.0,0.0,0.19327926635742188,0.5482427477836609,-0.0948534682393074,-0.14452174305915833,0,2000,strong,0,0,42,1.0,0.0,walk
158,3.16,1.0,0.0,0.19291985034942627,0.5486056804656982,-0.06544121354818344,-0.1343669444322586,0,2000,strong,0,0,42,1.0,0.0,walk
159,3.18,1.0,0.0,0.1927429437637329,0.5546707510948181,-0.03944404423236847,-0.12380671501159668,0,2000,strong,0,0,42,1.0,0.0,walk
160,3.2,1.0,0.0,0.19270598888397217,0.5661600232124329,-0.017925256863236427,-0.09569846093654633,0,2000,strong,0,0,42,1.0,0.0,walk
161,3.22,1.0,0.0,0.1928640604019165,0.587531328201294,-0.0026965432334691286,-0.02741965651512146,0,2000,strong,0,0,42,1.0,0.0,walk
162,3.24,1.0,0.0,0.1924910545349121,0.612490177154541,0.011163606308400631,0.09653536230325699,0,2000,strong,0,0,42,1.0,0.0,walk
163,3.2600000000000002,1.0,0.0,0.1911381483078003,0.6347689032554626,0.027763741090893745,0.21639515459537506,0,2000,strong,0,0,42,1.0,0.0,walk
164,3.2800000000000002,1.0,0.0,0.18915951251983643,0.6571061015129089,0.045951519161462784,0.2806764841079712,0,2000,strong,0,0,42,1.0,0.0,walk
165,3.3000000000000003,1.0,0.0,0.18744325637817383,0.6812412738800049,0.06451798975467682,0.26043930649757385,0,2000,strong,0,0,42,1.0,0.0,walk
166,3.3200000000000003,1.0,0.0,0.18650197982788086,0.7040314078330994,0.08697427064180374,0.18932557106018066,0,2000,strong,0,0,42,1.0,0.0,walk
167,3.34,1.0,0.0,0.18650424480438232,0.7261365056037903,0.1131817027926445,0.10460752248764038,0,2000,strong,0,0,42,1.0,0.0,walk
168,3.36,1.0,0.0,0.18705832958221436,0.7442319989204407,0.14426903426647186,0.01903524436056614,0,2000,strong,0,0,42,1.0,0.0,walk
169,3.38,1.0,0.0,0.188024640083313,0.7574927806854248,0.1781509518623352,-0.08592841029167175,0,2000,strong,0,0,42,1.0,0.0,walk
170,3.4,1.0,0.0,0.19002699851989746,0.7697924971580505,0.21391461789608002,-0.22274643182754517,0,2000,strong,0,0,42,1.0,0.0,walk
171,3.42,1.0,0.0,0.1929924488067627,0.7777369618415833,0.24178466200828552,-0.29519662261009216,0,2000,strong,0,0,42,1.0,0.0,walk
172,3.44,1.0,0.0,0.19531357288360596,0.7180956602096558,0.1892443150281906,-0.10833202302455902,0,2000,strong,0,0,42,1.0,0.0,walk
173,3.46,1.0,0.0,0.19880616664886475,0.6748195886611938,0.13991065323352814,-0.3459881544113159,0,2000,strong,0,0,42,1.0,0.0,walk
174,3.48,1.0,0.0,0.20226597785949707,0.6390494108200073,0.104082852602005,-0.07741086184978485,0,2000,strong,0,0,42,1.0,0.0,walk
175,3.5,1.0,0.0,0.20303308963775635,0.616914689540863,0.07426904886960983,0.24946469068527222,0,2000,strong,0,0,42,1.0,0.0,walk
176,3.52,1.0,0.0,0.2017977237701416,0.5967344641685486,0.05040230602025986,0.46796855330467224,0,2000,strong,0,0,42,1.0,0.0,walk
177,3.54,1.0,0.0,0.1990346908569336,0.5735350847244263,0.024176297709345818,0.5579364895820618,0,2000,strong,0,0,42,1.0,0.0,walk
178,3.56,1.0,0.0,0.19624543190002441,0.5693158507347107,0.0003467033675406128,0.46898016333580017,0,2000,strong,0,0,42,1.0,0.0,walk
179,3.58,1.0,0.0,0.19384944438934326,0.5710198283195496,-0.021459760144352913,0.38675954937934875,0,2000,strong,0,0,42,1.0,0.0,walk
180,3.6,1.0,0.0,0.19257283210754395,0.5664511322975159,-0.04472514986991882,0.27388399839401245,0,2000,strong,0,0,42,1.0,0.0,walk
181,3.62,1.0,0.0,0.19240498542785645,0.5687052011489868,-0.06239119544625282,0.10396299511194229,0,2000,strong,0,0,42,1.0,0.0,walk
182,3.64,1.0,0.0,0.19277501106262207,0.5789507031440735,-0.07780572772026062,0.030457789078354836,0,2000,strong,0,0,42,1.0,0.0,walk
183,3.66,1.0,0.0,0.19367671012878418,0.5901076197624207,-0.09262203425168991,-0.06933380663394928,0,2000,strong,0,0,42,1.0,0.0,walk
184,3.68,1.0,0.0,0.19506537914276123,0.6062431335449219,-0.10522571951150894,-0.14968079328536987,0,2000,strong,0,0,42,1.0,0.0,walk
185,3.7,1.0,0.0,0.19694411754608154,0.6255739331245422,-0.11905624717473984,-0.2347506731748581,0,2000,strong,0,0,42,1.0,0.0,walk
186,3.72,1.0,0.0,0.19904792308807373,0.6478054523468018,-0.13345953822135925,-0.2634470760822296,0,2000,strong,0,0,42,1.0,0.0,walk
187,3.74,1.0,0.0,0.2006295919418335,0.6738184094429016,-0.1512013077735901,-0.22326844930648804,0,2000,strong,0,0,42,1.0,0.0,walk
188,3.7600000000000002,1.0,0.0,0.20077979564666748,0.703380286693573,-0.17374542355537415,-0.09868953377008438,0,2000,strong,0,0,42,1.0,0.0,walk
189,3.7800000000000002,1.0,0.0,0.19948959350585938,0.730071485042572,-0.20432505011558533,0.022268209606409073,0,2000,strong,0,0,42,1.0,0.0,walk
190,3.8000000000000003,1.0,0.0,0.19709241390228271,0.7502498030662537,-0.24024666845798492,0.1424928903579712,0,2000,strong,0,0,42,1.0,0.0,walk
191,3.8200000000000003,1.0,0.0,0.19409263134002686,0.7653388381004333,-0.27929988503456116,0.2124764323234558,0,2000,strong,0,0,42,1.0,0.0,walk
192,3.84,1.0,0.0,0.19097518920898438,0.7772915363311768,-0.31961944699287415,0.2043960988521576,0,2000,strong,0,0,42,1.0,0.0,walk
193,3.86,1.0,0.0,0.18844211101531982,0.751964807510376,-0.33062753081321716,-0.24042533338069916,0,2000,strong,0,0,42,1.0,0.0,walk
194,3.88,1.0,0.0,0.1882232427597046,0.6902691721916199,-0.2626352310180664,0.23973239958286285,0,2000,strong,0,0,42,1.0,0.0,walk
195,3.9,1.0,0.0,0.18246066570281982,0.649468719959259,-0.21609477698802948,0.5197405815124512,0,2000,strong,0,0,42,1.0,0.0,walk
196,3.92,1.0,0.0,0.1760040521621704,0.6181976199150085,-0.1851591020822525,0.338176965713501,0,2000,strong,0,0,42,1.0,0.0,walk
197,3.94,1.0,0.0,0.17141878604888916,0.5965157151222229,-0.15853451192378998,0.1339271366596222,0,2000,strong,0,0,42,1.0,0.0,walk
198,3.96,1.0,0.0,0.16885781288146973,0.5828959345817566,-0.13209986686706543,-0.05454329773783684,0,2000,strong,0,0,42,1.0,0.0,walk
199,3.98,1.0,0.0,0.16736185550689697,0.573623776435852,-0.10292865335941315,-0.10926709324121475,0,2000,strong,0,0,42,1.0,0.0,walk
200,4.0,1.0,0.0,0.1664348840713501,0.5696374177932739,-0.07225380092859268,-0.10945162922143936,0,2000,strong,0,0,42,1.0,0.0,walk
201,4.0200000000000005,1.0,0.0,0.16582226753234863,0.572120189666748,-0.04469745606184006,-0.09243941307067871,0,2000,strong,0,0,42,1.0,0.0,walk
202,4.04,1.0,0.0,0.16534173488616943,0.5765608549118042,-0.021478800103068352,-0.1035648062825203,0,2000,strong,0,0,42,1.0,0.0,walk
203,4.0600000000000005,1.0,0.0,0.1655060052871704,0.5946091413497925,-0.004629966802895069,-0.0879816859960556,0,2000,strong,0,0,42,1.0,0.0,walk
204,4.08,1.0,0.0,0.1658874750137329,0.621420681476593,0.007383782882243395,-0.007882863283157349,0,2000,strong,0,0,42,1.0,0.0,walk
205,4.1,1.0,0.0,0.16535747051239014,0.6456897258758545,0.023291945457458496,0.13634954392910004,0,2000,strong,0,0,42,1.0,0.0,walk
206,4.12,1.0,0.0,0.1637096405029297,0.6682815551757812,0.042159102857112885,0.25306811928749084,0,2000,strong,0,0,42,1.0,0.0,walk
207,4.14,1.0,0.0,0.16173982620239258,0.6930136680603027,0.06050360947847366,0.29016050696372986,0,2000,strong,0,0,42,1.0,0.0,walk
208,4.16,1.0,0.0,0.16030776500701904,0.7178829908370972,0.08079508692026138,0.2323465347290039,0,2000,strong,0,0,42,1.0,0.0,walk
209,4.18,1.0,0.0,0.15987014770507812,0.7413947582244873,0.10551199316978455,0.13652271032333374,0,2000,strong,0,0,42,1.0,0.0,walk
210,4.2,1.0,0.0,0.160364031791687,0.7625659704208374,0.1344294399023056,0.03635365515947342,0,2000,strong,0,0,42,1.0,0.0,walk
211,4.22,1.0,0.0,0.16136622428894043,0.7787389755249023,0.1674972027540207,-0.06281402707099915,0,2000,strong,0,0,42,1.0,0.0,walk
212,4.24,1.0,0.0,0.16315758228302002,0.790649950504303,0.20237553119659424,-0.20283015072345734,0,2000,strong,0,0,42,1.0,0.0,walk
213,4.26,1.0,0.0,0.16613376140594482,0.7995840311050415,0.2367272824048996,-0.2675226032733917,0,2000,strong,0,0,42,1.0,0.0,walk
214,4.28,1.0,0.0,0.16870605945587158,0.7616749405860901,0.23501409590244293,-0.049109406769275665,0,2000,strong,0,0,42,1.0,0.0,walk
215,4.3,1.0,0.0,0.171600341796875,0.6940310597419739,0.16131708025932312,-0.3878811299800873,0,2000,strong,0,0,42,1.0,0.0,walk
216,4.32,1.0,0.0,0.17627716064453125,0.6552951335906982,0.12281204760074615,-0.31694063544273376,0,2000,strong,0,0,42,1.0,0.0,walk
217,4.34,1.0,0.0,0.17862999439239502,0.6435763835906982,0.09282582253217697,-0.020545881241559982,0,2000,strong,0,0,42,1.0,0.0,walk
218,4.36,1.0,0.0,0.18019723892211914,0.6027759909629822,0.06702151894569397,0.244358628988266,0,2000,strong,0,0,42,1.0,0.0,walk
219,4.38,1.0,0.0,0.17953109741210938,0.5873751640319824,0.04300789162516594,0.4130367934703827,0,2000,strong,0,0,42,1.0,0.0,walk
220,4.4,1.0,0.0,0.1776179075241089,0.5789613127708435,0.017633458599448204,0.44963720440864563,0,2000,strong,0,0,42,1.0,0.0,walk
221,4.42,1.0,0.0,0.1749817132949829,0.572081446647644,-0.002713513094931841,0.4638465344905853,0,2000,strong,0,0,42,1.0,0.0,walk
222,4.44,1.0,0.0,0.1723463535308838,0.568378746509552,-0.027860211208462715,0.43965843319892883,0,2000,strong,0,0,42,1.0,0.0,walk
223,4.46,1.0,0.0,0.17078852653503418,0.5647816061973572,-0.050373658537864685,0.2594507336616516,0,2000,strong,0,0,42,1.0,0.0,walk
224,4.48,1.0,0.0,0.17091131210327148,0.5726929306983948,-0.0690513402223587,0.034495558589696884,0,2000,strong,0,0,42,1.0,0.0,walk
225,4.5,1.0,0.0,0.1715683937072754,0.5769935846328735,-0.0813869908452034,0.016134658828377724,0,2000,strong,0,0,42,1.0,0.0,walk
226,4.5200000000000005,1.0,0.0,0.1720677614212036,0.5870262980461121,-0.09287375211715698,-0.030627645552158356,0,2000,strong,0,0,42,1.0,0.0,walk
227,4.54,1.0,0.0,0.1728827953338623,0.6002516746520996,-0.10679811239242554,-0.1211235374212265,0,2000,strong,0,0,42,1.0,0.0,walk
228,4.5600000000000005,1.0,0.0,0.17422020435333252,0.6176500916481018,-0.12012602388858795,-0.19863499701023102,0,2000,strong,0,0,42,1.0,0.0,walk
229,4.58,1.0,0.0,0.17569351196289062,0.6398851275444031,-0.13663795590400696,-0.22757397592067719,0,2000,strong,0,0,42,1.0,0.0,walk
230,4.6000000000000005,1.0,0.0,0.1762697696685791,0.6658040285110474,-0.15581490099430084,-0.13897724449634552,0,2000,strong,0,0,42,1.0,0.0,walk
231,4.62,1.0,0.0,0.17546677589416504,0.6929988265037537,-0.18290509283542633,-0.037174928933382034,0,2000,strong,0,0,42,1.0,0.0,walk
232,4.64,1.0,0.0,0.17369258403778076,0.7153449058532715,-0.21686075627803802,0.060381535440683365,0,2000,strong,0,0,42,1.0,0.0,walk
233,4.66,1.0,0.0,0.17127418518066406,0.7293113470077515,-0.25436148047447205,0.1541782170534134,0,2000,strong,0,0,42,1.0,0.0,walk
234,4.68,1.0,0.0,0.16847431659698486,0.7410884499549866,-0.2936421036720276,0.18752123415470123,0,2000,strong,0,0,42,1.0,0.0,walk
235,4.7,1.0,0.0,0.16564667224884033,0.7497053146362305,-0.3324371576309204,0.15678931772708893,0,2000,strong,0,0,42,1.0,0.0,walk
236,4.72,1.0,0.0,0.16482996940612793,0.68309086561203,-0.3011024296283722,-0.22778673470020294,0,2000,strong,0,0,42,1.0,0.0,walk
237,4.74,1.0,0.0,0.16213345527648926,0.6467884182929993,-0.2458975464105606,0.38016417622566223,0,2000,strong,0,0,42,1.0,0.0,walk
238,4.76,1.0,0.0,0.15510451793670654,0.6114905476570129,-0.20262467861175537,0.599568247795105,0,2000,strong,0,0,42,1.0,0.0,walk
239,4.78,1.0,0.0,0.1480565071105957,0.5842269659042358,-0.17611955106258392,0.3605346083641052,0,2000,strong,0,0,42,1.0,0.0,walk
240,4.8,1.0,0.0,0.14347875118255615,0.5652240514755249,-0.14872734248638153,0.09314530342817307,0,2000,strong,0,0,42,1.0,0.0,walk
241,4.82,1.0,0.0,0.1412966251373291,0.5494039058685303,-0.12041205912828445,-0.10538478940725327,0,2000,strong,0,0,42,1.0,0.0,walk
242,4.84,1.0,0.0,0.14047324657440186,0.5443627238273621,-0.09147997200489044,-0.14878086745738983,0,2000,strong,0,0,42,1.0,0.0,walk
243,4.86,1.0,0.0,0.1402207612991333,0.5447983741760254,-0.061588965356349945,-0.1572110950946808,0,2000,strong,0,0,42,1.0,0.0,walk
244,4.88,1.0,0.0,0.1403900384902954,0.5520914196968079,-0.03495334833860397,-0.15745584666728973,0,2000,strong,0,0,42,1.0,0.0,walk
245,4.9,1.0,0.0,0.1408330202102661,0.5630444884300232,-0.01303049549460411,-0.14998362958431244,0,2000,strong,0,0,42,1.0,0.0,walk
246,4.92,1.0,0.0,0.14141106605529785,0.5844666361808777,0.002112084534019232,-0.056690964847803116,0,2000,strong,0,0,42,1.0,0.0,walk
247,4.94,1.0,0.0,0.14133799076080322,0.61103755235672,0.01514208223670721,0.08333920687437057,0,2000,strong,0,0,42,1.0,0.0,walk
248,4.96,1.0,0.0,0.14003503322601318,0.6331964731216431,0.03165999427437782,0.22652308642864227,0,2000,strong,0,0,42,1.0,0.0,walk
249,4.98,1.0,0.0,0.13784539699554443,0.6545438766479492,0.05109909921884537,0.3083500266075134,0,2000,strong,0,0,42,1.0,0.0,walk
250,5.0,1.0,0.0,0.13584625720977783,0.6775609850883484,0.07009006291627884,0.28636085987091064,0,2000,strong,0,0,42,1.0,0.0,walk
251,5.0200000000000005,1.0,0.0,0.13466989994049072,0.6993373036384583,0.09239129722118378,0.20922958850860596,0,2000,strong,0,0,42,1.0,0.0,walk
252,5.04,1.0,0.0,0.13462293148040771,0.7204909920692444,0.11880800873041153,0.09991515427827835,0,2000,strong,0,0,42,1.0,0.0,walk
253,5.0600000000000005,1.0,0.0,0.13534832000732422,0.738019585609436,0.15053381025791168,-0.0004121477250009775,0,2000,strong,0,0,42,1.0,0.0,walk
254,5.08,1.0,0.0,0.13657236099243164,0.7506905198097229,0.1852816939353943,-0.10619187355041504,0,2000,strong,0,0,42,1.0,0.0,walk
255,5.1000000000000005,1.0,0.0,0.13874447345733643,0.7622391581535339,0.2217921018600464,-0.22979304194450378,0,2000,strong,0,0,42,1.0,0.0,walk
256,5.12,1.0,0.0,0.14169037342071533,0.7693312168121338,0.25053754448890686,-0.2763715982437134,0,2000,strong,0,0,42,1.0,0.0,walk
257,5.14,1.0,0.0,0.14380419254302979,0.7325600981712341,0.21081554889678955,-0.20668764412403107,0,2000,strong,0,0,42,1.0,0.0,walk
258,5.16,1.0,0.0,0.14643609523773193,0.6753000020980835,0.137820303440094,-0.2965834140777588,0,2000,strong,0,0,42,1.0,0.0,walk
259,5.18,1.0,0.0,0.1498415470123291,0.6483629941940308,0.10237453132867813,-0.11825328320264816,0,2000,strong,0,0,42,1.0,0.0,walk
260,5.2,1.0,0.0,0.15070748329162598,0.6405913829803467,0.07521558552980423,0.19520771503448486,0,2000,strong,0,0,42,1.0,0.0,walk
261,5.22,1.0,0.0,0.1500319242477417,0.6154541969299316,0.049475811421871185,0.4170352816581726,0,2000,strong,0,0,42,1.0,0.0,walk
262,5.24,1.0,0.0,0.14772093296051025,0.6016691327095032,0.022299043834209442,0.5145673751831055,0,2000,strong,0,0,42,1.0,0.0,walk
263,5.26,1.0,0.0,0.14530444145202637,0.5954689979553223,-0.003290803637355566,0.4436594545841217,0,2000,strong,0,0,42,1.0,0.0,walk
264,5.28,1.0,0.0,0.14295947551727295,0.5957188010215759,-0.02363201044499874,0.3897694945335388,0,2000,strong,0,0,42,1.0,0.0,walk
265,5.3,1.0,0.0,0.14149069786071777,0.5911873579025269,-0.049164336174726486,0.28938713669776917,0,2000,strong,0,0,42,1.0,0.0,walk
266,5.32,1.0,0.0,0.14111530780792236,0.5927571058273315,-0.0686861053109169,0.13086701929569244,0,2000,strong,0,0,42,1.0,0.0,walk
267,5.34,1.0,0.0,0.141839861869812,0.6024527549743652,-0.08466578274965286,-0.029897142201662064,0,2000,strong,0,0,42,1.0,0.0,walk
268,5.36,1.0,0.0,0.14311456680297852,0.6120721101760864,-0.09780610352754593,-0.08155244588851929,0,2000,strong,0,0,42,1.0,0.0,walk
269,5.38,1.0,0.0,0.14450597763061523,0.6271902918815613,-0.1103840097784996,-0.14342628419399261,0,2000,strong,0,0,42,1.0,0.0,walk
270,5.4,1.0,0.0,0.14641189575195312,0.6459315419197083,-0.12368567287921906,-0.24344667792320251,0,2000,strong,0,0,42,1.0,0.0,walk
271,5.42,1.0,0.0,0.14865601062774658,0.6675204634666443,-0.13823898136615753,-0.28497087955474854,0,2000,strong,0,0,42,1.0,0.0,walk
272,5.44,1.0,0.0,0.15045583248138428,0.692770779132843,-0.15699335932731628,-0.24807630479335785,0,2000,strong,0,0,42,1.0,0.0,walk
273,5.46,1.0,0.0,0.15091145038604736,0.7219651937484741,-0.17892399430274963,-0.13508754968643188,0,2000,strong,0,0,42,1.0,0.0,walk
274,5.48,1.0,0.0,0.14987647533416748,0.749360978603363,-0.20907731354236603,-0.00021909027418587357,0,2000,strong,0,0,42,1.0,0.0,walk
275,5.5,1.0,0.0,0.14773309230804443,0.7690587043762207,-0.2445174753665924,0.1211085319519043,0,2000,strong,0,0,42,1.0,0.0,walk
276,5.5200000000000005,1.0,0.0,0.145025372505188,0.7833324074745178,-0.28381580114364624,0.19226928055286407,0,2000,strong,0,0,42,1.0,0.0,walk
277,5.54,1.0,0.0,0.14208483695983887,0.7955028414726257,-0.32263055443763733,0.19939209520816803,0,2000,strong,0,0,42,1.0,0.0,walk
278,5.5600000000000005,1.0,0.0,0.14050054550170898,0.7321210503578186,-0.30581721663475037,-0.37553220987319946,0,2000,strong,0,0,42,1.0,0.0,walk
279,5.58,1.0,0.0,0.1393183469772339,0.694887101650238,-0.2486950308084488,0.24351759254932404,0,2000,strong,0,0,42,1.0,0.0,walk
280,5.6000000000000005,1.0,0.0,0.13394153118133545,0.6549971699714661,-0.2004908323287964,0.47961094975471497,0,2000,strong,0,0,42,1.0,0.0,walk
281,5.62,1.0,0.0,0.12817072868347168,0.626786470413208,-0.17057658731937408,0.25828787684440613,0,2000,strong,0,0,42,1.0,0.0,walk
282,5.64,1.0,0.0,0.12413442134857178,0.6079095005989075,-0.14350652694702148,0.0798816904425621,0,2000,strong,0,0,42,1.0,0.0,walk
283,5.66,1.0,0.0,0.12212812900543213,0.5909891128540039,-0.11809766292572021,-0.12089037895202637,0,2000,strong,0,0,42,1.0,0.0,walk
284,5.68,1.0,0.0,0.12123596668243408,0.5856574177742004,-0.0913809984922409,-0.14659468829631805,0,2000,strong,0,0,42,1.0,0.0,walk
285,5.7,1.0,0.0,0.12050962448120117,0.5812244415283203,-0.062546506524086,-0.11905846744775772,0,2000,strong,0,0,42,1.0,0.0,walk
286,5.72,1.0,0.0,0.1200631856918335,0.5820375084877014,-0.03527936339378357,-0.11861387640237808,0,2000,strong,0,0,42,1.0,0.0,walk
287,5.74,1.0,0.0,0.11986494064331055,0.5874946117401123,-0.012858795002102852,-0.1316402703523636,0,2000,strong,0,0,42,1.0,0.0,walk
288,5.76,1.0,0.0,0.12003326416015625,0.6057556867599487,0.0021305198315531015,-0.06177927926182747,0,2000,strong,0,0,42,1.0,0.0,walk
289,5.78,1.0,0.0,0.12007296085357666,0.6335269808769226,0.013335306197404861,0.03455296531319618,0,2000,strong,0,0,42,1.0,0.0,walk
290,5.8,1.0,0.0,0.11913275718688965,0.6569797396659851,0.028828397393226624,0.1690896898508072,0,2000,strong,0,0,42,1.0,0.0,walk
291,5.82,1.0,0.0,0.11727595329284668,0.6796789169311523,0.047465719282627106,0.2619706094264984,0,2000,strong,0,0,42,1.0,0.0,walk
292,5.84,1.0,0.0,0.11541140079498291,0.7052542567253113,0.06570590287446976,0.26667943596839905,0,2000,strong,0,0,42,1.0,0.0,walk
293,5.86,1.0,0.0,0.11430728435516357,0.7309696078300476,0.08602053672075272,0.18879680335521698,0,2000,strong,0,0,42,1.0,0.0,walk
294,5.88,1.0,0.0,0.11444473266601562,0.7557363510131836,0.11082550883293152,0.07628846168518066,0,2000,strong,0,0,42,1.0,0.0,walk
295,5.9,1.0,0.0,0.11554741859436035,0.77695631980896,0.1405557245016098,-0.025033313781023026,0,2000,strong,0,0,42,1.0,0.0,walk
296,5.92,1.0,0.0,0.11700952053070068,0.7938031554222107,0.17455656826496124,-0.10695204138755798,0,2000,strong,0,0,42,1.0,0.0,walk
297,5.94,1.0,0.0,0.11915159225463867,0.8067219853401184,0.210027277469635,-0.23513448238372803,0,2000,strong,0,0,42,1.0,0.0,walk
298,5.96,1.0,0.0,0.1223067045211792,0.8163778185844421,0.24495182931423187,-0.2737901508808136,0,2000,strong,0,0,42,1.0,0.0,walk
299,5.98,1.0,0.0,0.12477552890777588,0.7718669176101685,0.23944354057312012,-0.07863195985555649,0,2000,strong,0,0,42,1.0,0.0,walk
300,6.0,1.0,0.0,0.12768638134002686,0.7034072875976562,0.16416510939598083,-0.3717052936553955,0,2000,strong,0,0,42,1.0,0.0,walk
301,6.0200000000000005,1.0,0.0,0.13237357139587402,0.6625310778617859,0.1284003108739853,-0.3155216574668884,0,2000,strong,0,0,42,1.0,0.0,walk
302,6.04,1.0,0.0,0.13477873802185059,0.6517850160598755,0.10056448727846146,-0.017150098457932472,0,2000,strong,0,0,42,1.0,0.0,walk
303,6.0600000000000005,1.0,0.0,0.13637983798980713,0.6109268069267273,0.07578692585229874,0.22362524271011353,0,2000,strong,0,0,42,1.0,0.0,walk
304,6.08,1.0,0.0,0.13591551780700684,0.5925437211990356,0.04984467476606369,0.39155423641204834,0,2000,strong,0,0,42,1.0,0.0,walk
305,6.1000000000000005,1.0,0.0,0.1343289613723755,0.5853338241577148,0.025747040286660194,0.4132511615753174,0,2000,strong,0,0,42,1.0,0.0,walk
306,6.12,1.0,0.0,0.13198399543762207,0.579334020614624,0.006707837339490652,0.4296671748161316,0,2000,strong,0,0,42,1.0,0.0,walk
307,6.140000000000001,1.0,0.0,0.1297762393951416,0.5720595121383667,-0.019929470494389534,0.401795893907547,0,2000,strong,0,0,42,1.0,0.0,walk
308,6.16,1.0,0.0,0.12859928607940674,0.5688692927360535,-0.04263855516910553,0.228555366396904,0,2000,strong,0,0,42,1.0,0.0,walk
309,6.18,1.0,0.0,0.12887883186340332,0.5767125487327576,-0.06069657579064369,0.021359167993068695,0,2000,strong,0,0,42,1.0,0.0,walk
310,6.2,1.0,0.0,0.1296929121017456,0.5803566575050354,-0.07344744354486465,0.004557058215141296,0,2000,strong,0,0,42,1.0,0.0,walk
311,6.22,1.0,0.0,0.13025939464569092,0.5904215574264526,-0.08526746928691864,-0.03436519205570221,0,2000,strong,0,0,42,1.0,0.0,walk
312,6.24,1.0,0.0,0.13125884532928467,0.6051026582717896,-0.09869609028100967,-0.1485244780778885,0,2000,strong,0,0,42,1.0,0.0,walk
313,6.26,1.0,0.0,0.1328831911087036,0.6225697994232178,-0.11206920444965363,-0.22722309827804565,0,2000,strong,0,0,42,1.0,0.0,walk
314,6.28,1.0,0.0,0.13450324535369873,0.6436808705329895,-0.12844489514827728,-0.23535563051700592,0,2000,strong,0,0,42,1.0,0.0,walk
315,6.3,1.0,0.0,0.1351686716079712,0.669115424156189,-0.14842194318771362,-0.1454867273569107,0,2000,strong,0,0,42,1.0,0.0,walk
316,6.32,1.0,0.0,0.13437199592590332,0.6967527866363525,-0.17440177500247955,-0.03636582940816879,0,2000,strong,0,0,42,1.0,0.0,walk
317,6.34,1.0,0.0,0.13257157802581787,0.7182056307792664,-0.20802561938762665,0.061927031725645065,0,2000,strong,0,0,42,1.0,0.0,walk
318,6.36,1.0,0.0,0.13016784191131592,0.7327717542648315,-0.2451799064874649,0.15328466892242432,0,2000,strong,0,0,42,1.0,0.0,walk
319,6.38,1.0,0.0,0.12746787071228027,0.7444007396697998,-0.2843795418739319,0.17503677308559418,0,2000,strong,0,0,42,1.0,0.0,walk
320,6.4,1.0,0.0,0.12481367588043213,0.7535336017608643,-0.32201087474823,0.14533720910549164,0,2000,strong,0,0,42,1.0,0.0,walk
321,6.42,1.0,0.0,0.12390589714050293,0.6896016001701355,-0.29449698328971863,-0.23572981357574463,0,2000,strong,0,0,42,1.0,0.0,walk
322,6.44,1.0,0.0,0.12144410610198975,0.6511358618736267,-0.23705461621284485,0.37505507469177246,0,2000,strong,0,0,42,1.0,0.0,walk
323,6.46,1.0,0.0,0.11454308032989502,0.6142492890357971,-0.19415506720542908,0.5792116522789001,0,2000,strong,0,0,42,1.0,0.0,walk
324,6.48,1.0,0.0,0.10778844356536865,0.5871595740318298,-0.16805094480514526,0.327938973903656,0,2000,strong,0,0,42,1.0,0.0,walk
325,6.5,1.0,0.0,0.10353875160217285,0.5681260824203491,-0.14079000055789948,0.060427818447351456,0,2000,strong,0,0,42,1.0,0.0,walk
326,6.5200000000000005,1.0,0.0,0.1017071008682251,0.553070604801178,-0.11369996517896652,-0.13913942873477936,0,2000,strong,0,0,42,1.0,0.0,walk
327,6.54,1.0,0.0,0.10106110572814941,0.54688560962677,-0.0849345400929451,-0.163903146982193,0,2000,strong,0,0,42,1.0,0.0,walk
328,6.5600000000000005,1.0,0.0,0.10097610950469971,0.5466839671134949,-0.05525274574756622,-0.16901791095733643,0,2000,strong,0,0,42,1.0,0.0,walk
329,6.58,1.0,0.0,0.10125815868377686,0.5536810755729675,-0.02914619632065296,-0.16278180480003357,0,2000,strong,0,0,42,1.0,0.0,walk
330,6.6000000000000005,1.0,0.0,0.10178232192993164,0.5633360147476196,-0.006406689062714577,-0.16031618416309357,0,2000,strong,0,0,42,1.0,0.0,walk
331,6.62,1.0,0.0,0.10245752334594727,0.5838444232940674,0.008718276396393776,-0.06377732008695602,0,2000,strong,0,0,42,1.0,0.0,walk
332,6.640000000000001,1.0,0.0,0.10247623920440674,0.6095988750457764,0.020198388025164604,0.07817374914884567,0,2000,strong,0,0,42,1.0,0.0,walk
333,6.66,1.0,0.0,0.10135245323181152,0.6313669681549072,0.03710498288273811,0.2081051915884018,0,2000,strong,0,0,42,1.0,0.0,walk
334,6.68,1.0,0.0,0.09942388534545898,0.6525031924247742,0.056915219873189926,0.2819271683692932,0,2000,strong,0,0,42,1.0,0.0,walk
335,6.7,1.0,0.0,0.09772312641143799,0.6754946112632751,0.07575803995132446,0.2650744915008545,0,2000,strong,0,0,42,1.0,0.0,walk
336,6.72,1.0,0.0,0.09673917293548584,0.6967850923538208,0.09819377213716507,0.1985119730234146,0,2000,strong,0,0,42,1.0,0.0,walk
337,6.74,1.0,0.0,0.09679591655731201,0.7172595858573914,0.12478794157505035,0.09479155391454697,0,2000,strong,0,0,42,1.0,0.0,walk
338,6.76,1.0,0.0,0.09757328033447266,0.7345321178436279,0.15618892014026642,0.003166545182466507,0,2000,strong,0,0,42,1.0,0.0,walk
339,6.78,1.0,0.0,0.09872543811798096,0.7471720576286316,0.19073057174682617,-0.09034891426563263,0,2000,strong,0,0,42,1.0,0.0,walk
340,6.8,1.0,0.0,0.1007012128829956,0.7585597634315491,0.2272718995809555,-0.19990216195583344,0,2000,strong,0,0,42,1.0,0.0,walk
341,6.82,1.0,0.0,0.10337626934051514,0.7650109529495239,0.2556188404560089,-0.24812579154968262,0,2000,strong,0,0,42,1.0,0.0,walk
342,6.84,1.0,0.0,0.10586154460906982,0.7198366522789001,0.20789530873298645,-0.19065597653388977,0,2000,strong,0,0,42,1.0,0.0,walk
343,6.86,1.0,0.0,0.10946917533874512,0.6727579832077026,0.15087918937206268,-0.39131271839141846,0,2000,strong,0,0,42,1.0,0.0,walk
344,6.88,1.0,0.0,0.11365437507629395,0.6403014063835144,0.11529742181301117,-0.17796795070171356,0,2000,strong,0,0,42,1.0,0.0,walk
345,6.9,1.0,0.0,0.11533427238464355,0.6234357953071594,0.08735451102256775,0.143766388297081,0,2000,strong,0,0,42,1.0,0.0,walk
346,6.92,1.0,0.0,0.11507093906402588,0.6023319363594055,0.06276679039001465,0.3677949011325836,0,2000,strong,0,0,42,1.0,0.0,walk
347,6.94,1.0,0.0,0.1131892204284668,0.5829933285713196,0.03544953837990761,0.4737934470176697,0,2000,strong,0,0,42,1.0,0.0,walk
348,6.96,1.0,0.0,0.11103510856628418,0.5781107544898987,0.009815305471420288,0.4161250591278076,0,2000,strong,0,0,42,1.0,0.0,walk
349,6.98,1.0,0.0,0.10889947414398193,0.5812204480171204,-0.011594933457672596,0.3646793067455292,0,2000,strong,0,0,42,1.0,0.0,walk
350,7.0,1.0,0.0,0.107704758644104,0.5778642296791077,-0.03700549155473709,0.2607017755508423,0,2000,strong,0,0,42,1.0,0.0,walk
351,7.0200000000000005,1.0,0.0,0.10763406753540039,0.5813744068145752,-0.05717151239514351,0.09740569442510605,0,2000,strong,0,0,42,1.0,0.0,walk
352,7.04,1.0,0.0,0.10843038558959961,0.5923195481300354,-0.07350285351276398,-0.02274983935058117,0,2000,strong,0,0,42,1.0,0.0,walk
353,7.0600000000000005,1.0,0.0,0.10972416400909424,0.6049840450286865,-0.08705778419971466,-0.0941220298409462,0,2000,strong,0,0,42,1.0,0.0,walk
354,7.08,1.0,0.0,0.11118507385253906,0.6219518780708313,-0.09931869804859161,-0.14941057562828064,0,2000,strong,0,0,42,1.0,0.0,walk
355,7.1000000000000005,1.0,0.0,0.11306464672088623,0.642013669013977,-0.1133631244301796,-0.23585978150367737,0,2000,strong,0,0,42,1.0,0.0,walk
356,7.12,1.0,0.0,0.11520421504974365,0.664432168006897,-0.12788598239421844,-0.272369921207428,0,2000,strong,0,0,42,1.0,0.0,walk
357,7.140000000000001,1.0,0.0,0.11680996417999268,0.6904066801071167,-0.14580480754375458,-0.22965429723262787,0,2000,strong,0,0,42,1.0,0.0,walk
358,7.16,1.0,0.0,0.1170504093170166,0.7204980850219727,-0.1680097132921219,-0.1169901043176651,0,2000,strong,0,0,42,1.0,0.0,walk
359,7.18,1.0,0.0,0.11601054668426514,0.7479100227355957,-0.1983313262462616,-0.007890086621046066,0,2000,strong,0,0,42,1.0,0.0,walk
360,7.2,1.0,0.0,0.11401963233947754,0.7677776217460632,-0.23389309644699097,0.10539001226425171,0,2000,strong,0,0,42,1.0,0.0,walk
361,7.22,1.0,0.0,0.1115865707397461,0.7827802896499634,-0.2717101573944092,0.16038541495800018,0,2000,strong,0,0,42,1.0,0.0,walk
362,7.24,1.0,0.0,0.10895812511444092,0.7950245141983032,-0.31029173731803894,0.17436905205249786,0,2000,strong,0,0,42,1.0,0.0,walk
363,7.26,1.0,0.0,0.10741901397705078,0.7350193858146667,-0.2979491055011749,-0.4245626628398895,0,2000,strong,0,0,42,1.0,0.0,walk
364,7.28,1.0,0.0,0.10676348209381104,0.6950475573539734,-0.23961706459522247,0.23208753764629364,0,2000,strong,0,0,42,1.0,0.0,walk
365,7.3,1.0,0.0,0.10153007507324219,0.6548160314559937,-0.1911199539899826,0.4746992886066437,0,2000,strong,0,0,42,1.0,0.0,walk
366,7.32,1.0,0.0,0.09545385837554932,0.6220487952232361,-0.16089168190956116,0.29436928033828735,0,2000,strong,0,0,42,1.0,0.0,walk
367,7.34,1.0,0.0,0.09132111072540283,0.60204017162323,-0.13404367864131927,0.0650046244263649,0,2000,strong,0,0,42,1.0,0.0,walk
368,7.36,1.0,0.0,0.08981204032897949,0.5884033441543579,-0.11088281869888306,-0.18626545369625092,0,2000,strong,0,0,42,1.0,0.0,walk
369,7.38,1.0,0.0,0.08930599689483643,0.5807250738143921,-0.08360693603754044,-0.1724856048822403,0,2000,strong,0,0,42,1.0,0.0,walk
370,7.4,1.0,0.0,0.08862793445587158,0.5724664330482483,-0.05324278399348259,-0.12997761368751526,0,2000,strong,0,0,42,1.0,0.0,walk
371,7.42,1.0,0.0,0.0881568193435669,0.5721785426139832,-0.026598550379276276,-0.10983318835496902,0,2000,strong,0,0,42,1.0,0.0,walk
372,7.44,1.0,0.0,0.08787071704864502,0.5765501260757446,-0.004748591221868992,-0.12816879153251648,0,2000,strong,0,0,42,1.0,0.0,walk
373,7.46,1.0,0.0,0.08811581134796143,0.5945437550544739,0.010068759322166443,-0.07631662487983704,0,2000,strong,0,0,42,1.0,0.0,walk
374,7.48,1.0,0.0,0.08823037147521973,0.6204618215560913,0.021982451900839806,0.02338782139122486,0,2000,strong,0,0,42,1.0,0.0,walk
375,7.5,1.0,0.0,0.08737099170684814,0.6426520347595215,0.037502460181713104,0.15787963569164276,0,2000,strong,0,0,42,1.0,0.0,walk
376,7.5200000000000005,1.0,0.0,0.08566844463348389,0.6647020578384399,0.0554928183555603,0.24484269320964813,0,2000,strong,0,0,42,1.0,0.0,walk
377,7.54,1.0,0.0,0.08402764797210693,0.6894124746322632,0.07341071218252182,0.24198052287101746,0,2000,strong,0,0,42,1.0,0.0,walk
378,7.5600000000000005,1.0,0.0,0.08311855792999268,0.7146618962287903,0.09402362257242203,0.17485468089580536,0,2000,strong,0,0,42,1.0,0.0,walk
379,7.58,1.0,0.0,0.08338272571563721,0.7388575673103333,0.11906334012746811,0.0672411397099495,0,2000,strong,0,0,42,1.0,0.0,walk
380,7.6000000000000005,1.0,0.0,0.08457911014556885,0.7597330212593079,0.14952540397644043,-0.02733018435537815,0,2000,strong,0,0,42,1.0,0.0,walk
381,7.62,1.0,0.0,0.08607816696166992,0.7760077118873596,0.18437670171260834,-0.10500792413949966,0,2000,strong,0,0,42,1.0,0.0,walk
382,7.640000000000001,1.0,0.0,0.08819735050201416,0.788381040096283,0.2207554429769516,-0.22722044587135315,0,2000,strong,0,0,42,1.0,0.0,walk
383,7.66,1.0,0.0,0.091300368309021,0.7993165254592896,0.2584678530693054,-0.26741206645965576,0,2000,strong,0,0,42,1.0,0.0,walk
384,7.68,1.0,0.0,0.09381210803985596,0.766718864440918,0.2544744610786438,-0.030765855684876442,0,2000,strong,0,0,42,1.0,0.0,walk
385,7.7,1.0,0.0,0.0964440107345581,0.7024782299995422,0.18123096227645874,-0.3687109053134918,0,2000,strong,0,0,42,1.0,0.0,walk
386,7.72,1.0,0.0,0.10145699977874756,0.6641890406608582,0.1424955278635025,-0.38744691014289856,0,2000,strong,0,0,42,1.0,0.0,walk
387,7.74,1.0,0.0,0.10475826263427734,0.6511404514312744,0.1107313260436058,-0.11181698739528656,0,2000,strong,0,0,42,1.0,0.0,walk
388,7.76,1.0,0.0,0.10720646381378174,0.6127182841300964,0.08552294224500656,0.13309137523174286,0,2000,strong,0,0,42,1.0,0.0,walk
389,7.78,1.0,0.0,0.10748612880706787,0.5929155349731445,0.05831858515739441,0.333291232585907,0,2000,strong,0,0,42,1.0,0.0,walk
390,7.8,1.0,0.0,0.10623645782470703,0.5865441560745239,0.03441963717341423,0.39115002751350403,0,2000,strong,0,0,42,1.0,0.0,walk
391,7.82,1.0,0.0,0.10399341583251953,0.5819540619850159,0.014449147507548332,0.42681363224983215,0,2000,strong,0,0,42,1.0,0.0,walk
392,7.84,1.0,0.0,0.10170257091522217,0.5751332640647888,-0.013540329411625862,0.4181569814682007,0,2000,strong,0,0,42,1.0,0.0,walk
393,7.86,1.0,0.0,0.10049211978912354,0.5733605027198792,-0.037050098180770874,0.2225918471813202,0,2000,strong,0,0,42,1.0,0.0,walk
394,7.88,1.0,0.0,0.10089075565338135,0.5808156728744507,-0.05588382109999657,0.012335645966231823,0,2000,strong,0,0,42,1.0,0.0,walk
395,7.9,1.0,0.0,0.10176730155944824,0.5861080288887024,-0.06884638220071793,-0.0019643257837742567,0,2000,strong,0,0,42,1.0,0.0,walk
396,7.92,1.0,0.0,0.10241818428039551,0.5970200896263123,-0.08066757023334503,-0.04336344078183174,0,2000,strong,0,0,42,1.0,0.0,walk
397,7.94,1.0,0.0,0.10349702835083008,0.611473560333252,-0.09382475167512894,-0.15469783544540405,0,2000,strong,0,0,42,1.0,0.0,walk
398,7.96,1.0,0.0,0.10510861873626709,0.628489077091217,-0.10669734328985214,-0.22687985002994537,0,2000,strong,0,0,42,1.0,0.0,walk
399,7.98,1.0,0.0,0.10672914981842041,0.6491444706916809,-0.12306540459394455,-0.23891422152519226,0,2000,strong,0,0,42,1.0,0.0,walk
400,8.0,1.0,0.0,0.10742342472076416,0.6744980216026306,-0.14256197214126587,-0.15306146442890167,0,2000,strong,0,0,42,1.0,0.0,walk
401,8.02,1.0,0.0,0.10672867298126221,0.7018247842788696,-0.16851502656936646,-0.04864664003252983,0,2000,strong,0,0,42,1.0,0.0,walk
402,8.040000000000001,1.0,0.0,0.10507524013519287,0.7229712605476379,-0.2017933875322342,0.04838711768388748,0,2000,strong,0,0,42,1.0,0.0,walk
403,8.06,1.0,0.0,0.1028590202331543,0.7369598746299744,-0.23847520351409912,0.13729292154312134,0,2000,strong,0,0,42,1.0,0.0,walk
404,8.08,1.0,0.0,0.10030972957611084,0.7483261823654175,-0.2767753303050995,0.16795367002487183,0,2000,strong,0,0,42,1.0,0.0,walk
405,8.1,1.0,0.0,0.09766101837158203,0.7571491003036499,-0.31409701704978943,0.1536485254764557,0,2000,strong,0,0,42,1.0,0.0,walk
406,8.120000000000001,1.0,0.0,0.09705305099487305,0.6910786628723145,-0.27841347455978394,-0.12862636148929596,0,2000,strong,0,0,42,1.0,0.0,walk
407,8.14,1.0,0.0,0.09402382373809814,0.6521816253662109,-0.22492805123329163,0.3960477411746979,0,2000,strong,0,0,42,1.0,0.0,walk
408,8.16,1.0,0.0,0.08723700046539307,0.6171050071716309,-0.1850537210702896,0.5488809943199158,0,2000,strong,0,0,42,1.0,0.0,walk
409,8.18,1.0,0.0,0.08087944984436035,0.5914862155914307,-0.16003954410552979,0.286312997341156,0,2000,strong,0,0,42,1.0,0.0,walk
410,8.2,1.0,0.0,0.07712733745574951,0.5747602581977844,-0.13548870384693146,0.016456997022032738,0,2000,strong,0,0,42,1.0,0.0,walk
411,8.22,1.0,0.0,0.07580268383026123,0.5605318546295166,-0.10709729790687561,-0.1865137666463852,0,2000,strong,0,0,42,1.0,0.0,walk
412,8.24,1.0,0.0,0.07567131519317627,0.5537042617797852,-0.0774463564157486,-0.21629729866981506,0,2000,strong,0,0,42,1.0,0.0,walk
413,8.26,1.0,0.0,0.07599437236785889,0.5536584258079529,-0.04792358726263046,-0.20730438828468323,0,2000,strong,0,0,42,1.0,0.0,walk
414,8.28,1.0,0.0,0.07648885250091553,0.5594534277915955,-0.02162211388349533,-0.1928156465291977,0,2000,strong,0,0,42,1.0,0.0,walk
415,8.3,1.0,0.0,0.07714188098907471,0.568929135799408,0.00014431681483983994,-0.17254643142223358,0,2000,strong,0,0,42,1.0,0.0,walk
416,8.32,1.0,0.0,0.07790422439575195,0.5893413424491882,0.015620797872543335,-0.08027715981006622,0,2000,strong,0,0,42,1.0,0.0,walk
417,8.34,1.0,0.0,0.07807016372680664,0.6148096323013306,0.02809498831629753,0.05235372483730316,0,2000,strong,0,0,42,1.0,0.0,walk
418,8.36,1.0,0.0,0.07706606388092041,0.6364709734916687,0.04464266076683998,0.19344761967658997,0,2000,strong,0,0,42,1.0,0.0,walk
419,8.38,1.0,0.0,0.07522881031036377,0.6575716733932495,0.06311654299497604,0.2696543037891388,0,2000,strong,0,0,42,1.0,0.0,walk
420,8.4,1.0,0.0,0.07359015941619873,0.6806209087371826,0.08178776502609253,0.2503299117088318,0,2000,strong,0,0,42,1.0,0.0,walk
421,8.42,1.0,0.0,0.07271933555603027,0.7026320695877075,0.10413412004709244,0.18190999329090118,0,2000,strong,0,0,42,1.0,0.0,walk
422,8.44,1.0,0.0,0.07290101051330566,0.7239933013916016,0.1309242993593216,0.08203771710395813,0,2000,strong,0,0,42,1.0,0.0,walk
423,8.46,1.0,0.0,0.0737687349319458,0.7417196035385132,0.16272900998592377,-0.008173465728759766,0,2000,strong,0,0,42,1.0,0.0,walk
424,8.48,1.0,0.0,0.07502877712249756,0.755146861076355,0.1969885230064392,-0.0996188223361969,0,2000,strong,0,0,42,1.0,0.0,walk
425,8.5,1.0,0.0,0.07708358764648438,0.7669979929924011,0.23289550840854645,-0.20434312522411346,0,2000,strong,0,0,42,1.0,0.0,walk
426,8.52,1.0,0.0,0.07974398136138916,0.7747113704681396,0.2628430128097534,-0.2333889603614807,0,2000,strong,0,0,42,1.0,0.0,walk
427,8.540000000000001,1.0,0.0,0.08157551288604736,0.7313957214355469,0.2124696522951126,-0.11402080208063126,0,2000,strong,0,0,42,1.0,0.0,walk
428,8.56,1.0,0.0,0.08434927463531494,0.6819940805435181,0.15038712322711945,-0.3138641119003296,0,2000,strong,0,0,42,1.0,0.0,walk
429,8.58,1.0,0.0,0.08792614936828613,0.6511604189872742,0.11363423615694046,-0.13565433025360107,0,2000,strong,0,0,42,1.0,0.0,walk
430,8.6,1.0,0.0,0.08914768695831299,0.6361977458000183,0.0857556164264679,0.18301256000995636,0,2000,strong,0,0,42,1.0,0.0,walk
431,8.620000000000001,1.0,0.0,0.0886150598526001,0.6129387617111206,0.05981378257274628,0.3941636085510254,0,2000,strong,0,0,42,1.0,0.0,walk
432,8.64,1.0,0.0,0.08654248714447021,0.5958598852157593,0.03255646675825119,0.4820675849914551,0,2000,strong,0,0,42,1.0,0.0,walk
433,8.66,1.0,0.0,0.08440911769866943,0.5896597504615784,0.007139748428016901,0.40811675786972046,0,2000,strong,0,0,42,1.0,0.0,walk
434,8.68,1.0,0.0,0.08241236209869385,0.5915477275848389,-0.01354930829256773,0.34634166955947876,0,2000,strong,0,0,42,1.0,0.0,walk
435,8.700000000000001,1.0,0.0,0.08137702941894531,0.5877067446708679,-0.03909837827086449,0.24600651860237122,0,2000,strong,0,0,42,1.0,0.0,walk
436,8.72,1.0,0.0,0.08145284652709961,0.5909711122512817,-0.05904470384120941,0.08398240804672241,0,2000,strong,0,0,42,1.0,0.0,walk
437,8.74,1.0,0.0,0.0824122428894043,0.6019641160964966,-0.07497000694274902,-0.043631501495838165,0,2000,strong,0,0,42,1.0,0.0,walk
438,8.76,1.0,0.0,0.08387339115142822,0.614352822303772,-0.08834301680326462,-0.10976072400808334,0,2000,strong,0,0,42,1.0,0.0,walk
439,8.78,1.0,0.0,0.08554196357727051,0.6315207481384277,-0.10079089552164078,-0.17249304056167603,0,2000,strong,0,0,42,1.0,0.0,walk
440,8.8,1.0,0.0,0.08766865730285645,0.6516330242156982,-0.1146249920129776,-0.2612333297729492,0,2000,strong,0,0,42,1.0,0.0,walk
441,8.82,1.0,0.0,0.0900106430053711,0.6738097667694092,-0.12894177436828613,-0.2901831269264221,0,2000,strong,0,0,42,1.0,0.0,walk
442,8.84,1.0,0.0,0.09176409244537354,0.6995109915733337,-0.14704081416130066,-0.24366874992847443,0,2000,strong,0,0,42,1.0,0.0,walk
443,8.86,1.0,0.0,0.09215104579925537,0.7292066812515259,-0.1695406287908554,-0.1317683905363083,0,2000,strong,0,0,42,1.0,0.0,walk
444,8.88,1.0,0.0,0.09124970436096191,0.7565073370933533,-0.19976508617401123,-0.02124754711985588,0,2000,strong,0,0,42,1.0,0.0,walk
445,8.9,1.0,0.0,0.08939850330352783,0.7761671543121338,-0.23493342101573944,0.09192739427089691,0,2000,strong,0,0,42,1.0,0.0,walk
446,8.92,1.0,0.0,0.08704900741577148,0.7905405163764954,-0.2730129361152649,0.1571868658065796,0,2000,strong,0,0,42,1.0,0.0,walk
447,8.94,1.0,0.0,0.0844569206237793,0.8023521304130554,-0.31164786219596863,0.1704716980457306,0,2000,strong,0,0,42,1.0,0.0,walk
448,8.96,1.0,0.0,0.0832287073135376,0.736958384513855,-0.2907737195491791,-0.37515881657600403,0,2000,strong,0,0,42,1.0,0.0,walk
449,8.98,1.0,0.0,0.08216989040374756,0.6989707946777344,-0.2356024831533432,0.22008852660655975,0,2000,strong,0,0,42,1.0,0.0,walk
450,9.0,1.0,0.0,0.07708179950714111,0.6579083204269409,-0.18844816088676453,0.4338187873363495,0,2000,strong,0,0,42,1.0,0.0,walk
451,9.02,1.0,0.0,0.07179296016693115,0.6294128894805908,-0.15883131325244904,0.20932745933532715,0,2000,strong,0,0,42,1.0,0.0,walk
452,9.040000000000001,1.0,0.0,0.06835007667541504,0.6106075644493103,-0.1325383186340332,0.01935684308409691,0,2000,strong,0,0,42,1.0,0.0,walk
453,9.06,1.0,0.0,0.06694638729095459,0.5941948890686035,-0.10675973445177078,-0.17861120402812958,0,2000,strong,0,0,42,1.0,0.0,walk
454,9.08,1.0,0.0,0.06658244132995605,0.5877529382705688,-0.07985825836658478,-0.1941215544939041,0,2000,strong,0,0,42,1.0,0.0,walk
455,9.1,1.0,0.0,0.06621778011322021,0.5825896859169006,-0.05056777596473694,-0.15076863765716553,0,2000,strong,0,0,42,1.0,0.0,walk
456,9.120000000000001,1.0,0.0,0.06595969200134277,0.5836585164070129,-0.02408193051815033,-0.13074859976768494,0,2000,strong,0,0,42,1.0,0.0,walk
457,9.14,1.0,0.0,0.06582212448120117,0.5881807804107666,-0.0015309368027374148,-0.13732308149337769,0,2000,strong,0,0,42,1.0,0.0,walk
458,9.16,1.0,0.0,0.06602334976196289,0.6062924265861511,0.01358131691813469,-0.06574727594852448,0,2000,strong,0,0,42,1.0,0.0,walk
459,9.18,1.0,0.0,0.06594657897949219,0.6338428854942322,0.024432718753814697,0.04954347386956215,0,2000,strong,0,0,42,1.0,0.0,walk
460,9.200000000000001,1.0,0.0,0.06483209133148193,0.657651424407959,0.03936082124710083,0.18622879683971405,0,2000,strong,0,0,42,1.0,0.0,walk
461,9.22,1.0,0.0,0.06283605098724365,0.680229902267456,0.05741604417562485,0.27210280299186707,0,2000,strong,0,0,42,1.0,0.0,walk
462,9.24,1.0,0.0,0.060906291007995605,0.7054888606071472,0.07560060918331146,0.2674056589603424,0,2000,strong,0,0,42,1.0,0.0,walk
463,9.26,1.0,0.0,0.05980634689331055,0.7312014698982239,0.09618517011404037,0.18679557740688324,0,2000,strong,0,0,42,1.0,0.0,walk
464,9.28,1.0,0.0,0.06000995635986328,0.7558060884475708,0.12115766108036041,0.06732743978500366,0,2000,strong,0,0,42,1.0,0.0,walk
465,9.3,1.0,0.0,0.06125044822692871,0.7771623134613037,0.15157699584960938,-0.03984466940164566,0,2000,strong,0,0,42,1.0,0.0,walk
466,9.32,1.0,0.0,0.06291580200195312,0.7941238880157471,0.18618208169937134,-0.12477082759141922,0,2000,strong,0,0,42,1.0,0.0,walk
467,9.34,1.0,0.0,0.06521570682525635,0.8070521950721741,0.2227204442024231,-0.24306407570838928,0,2000,strong,0,0,42,1.0,0.0,walk
468,9.36,1.0,0.0,0.06841468811035156,0.8172645568847656,0.2594042122364044,-0.26758623123168945,0,2000,strong,0,0,42,1.0,0.0,walk
469,9.38,1.0,0.0,0.07076489925384521,0.7752920389175415,0.25401386618614197,-0.035852912813425064,0,2000,strong,0,0,42,1.0,0.0,walk
470,9.4,1.0,0.0,0.07335758209228516,0.7047998905181885,0.1771085113286972,-0.34657859802246094,0,2000,strong,0,0,42,1.0,0.0,walk
471,9.42,1.0,0.0,0.07804679870605469,0.664466381072998,0.13877026736736298,-0.30969345569610596,0,2000,strong,0,0,42,1.0,0.0,walk
472,9.44,1.0,0.0,0.0805431604385376,0.6543400287628174,0.10972248762845993,-0.02240542508661747,0,2000,strong,0,0,42,1.0,0.0,walk
473,9.46,1.0,0.0,0.08231377601623535,0.6145338416099548,0.08493239432573318,0.20026694238185883,0,2000,strong,0,0,42,1.0,0.0,walk
474,9.48,1.0,0.0,0.08214139938354492,0.5943478345870972,0.057865213602781296,0.3658546209335327,0,2000,strong,0,0,42,1.0,0.0,walk
475,9.5,1.0,0.0,0.08088028430938721,0.5870367288589478,0.0334082692861557,0.38174721598625183,0,2000,strong,0,0,42,1.0,0.0,walk
476,9.52,1.0,0.0,0.07884931564331055,0.5814387798309326,0.014097027480602264,0.401069700717926,0,2000,strong,0,0,42,1.0,0.0,walk
477,9.540000000000001,1.0,0.0,0.07689177989959717,0.5736500024795532,-0.01338125765323639,0.3819064497947693,0,2000,strong,0,0,42,1.0,0.0,walk
478,9.56,1.0,0.0,0.07601475715637207,0.5715895295143127,-0.03646527975797653,0.19320696592330933,0,2000,strong,0,0,42,1.0,0.0,walk
479,9.58,1.0,0.0,0.07668197154998779,0.579993724822998,-0.054946575313806534,-0.01832648552954197,0,2000,strong,0,0,42,1.0,0.0,walk
480,9.6,1.0,0.0,0.07789957523345947,0.5848646759986877,-0.06726698577404022,-0.03554040938615799,0,2000,strong,0,0,42,1.0,0.0,walk
481,9.620000000000001,1.0,0.0,0.07880079746246338,0.5953534245491028,-0.07899709045886993,-0.0644628033041954,0,2000,strong,0,0,42,1.0,0.0,walk
482,9.64,1.0,0.0,0.08000123500823975,0.6100460886955261,-0.09253992885351181,-0.1642739474773407,0,2000,strong,0,0,42,1.0,0.0,walk
483,9.66,1.0,0.0,0.08173894882202148,0.627537727355957,-0.1062593087553978,-0.2381453812122345,0,2000,strong,0,0,42,1.0,0.0,walk
484,9.68,1.0,0.0,0.08346700668334961,0.6490147709846497,-0.12275248765945435,-0.24777522683143616,0,2000,strong,0,0,42,1.0,0.0,walk
485,9.700000000000001,1.0,0.0,0.08426547050476074,0.6747420430183411,-0.1423773467540741,-0.1633247286081314,0,2000,strong,0,0,42,1.0,0.0,walk
486,9.72,1.0,0.0,0.08367955684661865,0.7024621963500977,-0.16830332577228546,-0.05955138057470322,0,2000,strong,0,0,42,1.0,0.0,walk
487,9.74,1.0,0.0,0.08215844631195068,0.7237102389335632,-0.20160001516342163,0.03412921354174614,0,2000,strong,0,0,42,1.0,0.0,walk
488,9.76,1.0,0.0,0.08009219169616699,0.7379469871520996,-0.2384771704673767,0.12311981618404388,0,2000,strong,0,0,42,1.0,0.0,walk
489,9.78,1.0,0.0,0.07768857479095459,0.7496414184570312,-0.27623337507247925,0.15353231132030487,0,2000,strong,0,0,42,1.0,0.0,walk
490,9.8,1.0,0.0,0.07512533664703369,0.7582853436470032,-0.31327539682388306,0.15015317499637604,0,2000,strong,0,0,42,1.0,0.0,walk
491,9.82,1.0,0.0,0.07448387145996094,0.6929391622543335,-0.2753969728946686,-0.05469556897878647,0,2000,strong,0,0,42,1.0,0.0,walk
492,9.84,1.0,0.0,0.07110166549682617,0.6521055698394775,-0.22213172912597656,0.3985069692134857,0,2000,strong,0,0,42,1.0,0.0,walk
493,9.86,1.0,0.0,0.06442403793334961,0.620037317276001,-0.1830030083656311,0.507070004940033,0,2000,strong,0,0,42,1.0,0.0,walk
494,9.88,1.0,0.0,0.058515191078186035,0.5953463912010193,-0.15822039544582367,0.24520528316497803,0,2000,strong,0,0,42,1.0,0.0,walk
495,9.9,1.0,0.0,0.05524253845214844,0.5787253379821777,-0.13380317389965057,-0.035616446286439896,0,2000,strong,0,0,42,1.0,0.0,walk
496,9.92,1.0,0.0,0.05439341068267822,0.5643335580825806,-0.10473068803548813,-0.22708743810653687,0,2000,strong,0,0,42,1.0,0.0,walk
497,9.94,1.0,0.0,0.05455732345581055,0.5571118593215942,-0.07482293993234634,-0.23464220762252808,0,2000,strong,0,0,42,1.0,0.0,walk
498,9.96,1.0,0.0,0.05502915382385254,0.5567193627357483,-0.04519478231668472,-0.22109049558639526,0,2000,strong,0,0,42,1.0,0.0,walk
499,9.98,1.0,0.0,0.6674636602401733,0.5625593066215515,-0.019109318032860756,-0.18990644812583923,0,2000,strong,0,0,42,1.0,0.0,walk
500,10.0,1.0,0.0,0.6682997941970825,0.573296070098877,0.0014985292218625546,-0.18370983004570007,0,2000,strong,0,0,42,1.0,0.0,walk
501,10.02,1.0,0.0,0.6690608263015747,0.593558669090271,0.017024924978613853,-0.06476902216672897,0,2000,strong,0,0,42,1.0,0.0,walk
502,10.040000000000001,1.0,0.0,0.6686946153640747,0.6185656189918518,0.03014870546758175,0.12382365763187408,0,2000,strong,0,0,42,1.0,0.0,walk
503,10.06,1.0,0.0,0.6669012308120728,0.6405525207519531,0.04465295001864433,0.27947136759757996,0,2000,strong,0,0,42,1.0,0.0,walk
504,10.08,1.0,0.0,0.6639384031295776,0.6621577739715576,0.06157173216342926,0.40067335963249207,0,2000,strong,0,0,42,1.0,0.0,walk
505,10.1,1.0,0.0,0.6606782674789429,0.6858755350112915,0.07776471972465515,0.4301237463951111,0,2000,strong,0,0,42,1.0,0.0,walk
506,10.120000000000001,1.0,0.0,0.6577249765396118,0.7089426517486572,0.09669601917266846,0.4078550338745117,0,2000,strong,0,0,42,1.0,0.0,walk
507,10.14,1.0,0.0,0.6552630662918091,0.7312032580375671,0.11896172910928726,0.3656662106513977,0,2000,strong,0,0,42,1.0,0.0,walk
508,10.16,1.0,0.0,0.6528464555740356,0.7499314546585083,0.14674977958202362,0.32669925689697266,0,2000,strong,0,0,42,1.0,0.0,walk
509,10.18,1.0,0.0,0.6506296396255493,0.7632758021354675,0.17654871940612793,0.2277955263853073,0,2000,strong,0,0,42,1.0,0.0,walk
510,10.200000000000001,1.0,0.0,0.649706244468689,0.7748846411705017,0.2082197368144989,0.038702160120010376,0,2000,strong,0,0,42,1.0,0.0,walk
511,10.22,1.0,0.0,0.6506110429763794,0.7826471328735352,0.23050762712955475,-0.15726864337921143,0,2000,strong,0,0,42,1.0,0.0,walk
512,10.24,1.0,0.0,0.6516958475112915,0.7222708463668823,0.17758843302726746,-0.040975578129291534,0,2000,strong,0,0,42,1.0,0.0,walk
513,10.26,1.0,0.0,0.6540426015853882,0.6777939796447754,0.12608876824378967,-0.23081114888191223,0,2000,strong,0,0,42,1.0,0.0,walk
514,10.28,1.0,0.0,0.6564973592758179,0.6431782245635986,0.09190735220909119,0.051839012652635574,0,2000,strong,0,0,42,1.0,0.0,walk
515,10.3,1.0,0.0,0.6560834646224976,0.6276476383209229,0.062382686883211136,0.4055315852165222,0,2000,strong,0,0,42,1.0,0.0,walk
516,10.32,1.0,0.0,0.6532093286514282,0.6122123003005981,0.03637748956680298,0.6554811596870422,0,2000,strong,0,0,42,1.0,0.0,walk
517,10.34,1.0,0.0,0.6485565900802612,0.5937796831130981,0.0088523393496871,0.7462033033370972,0,2000,strong,0,0,42,1.0,0.0,walk
518,10.36,1.0,0.0,0.6440850496292114,0.5889171361923218,-0.0172487311065197,0.6357350945472717,0,2000,strong,0,0,42,1.0,0.0,walk
519,10.38,1.0,0.0,0.6401981115341187,0.5900857448577881,-0.039385512471199036,0.5298749804496765,0,2000,strong,0,0,42,1.0,0.0,walk
520,10.4,1.0,0.0,0.6375941038131714,0.5852686762809753,-0.06331049650907516,0.4005371928215027,0,2000,strong,0,0,42,1.0,0.0,walk
521,10.42,1.0,0.0,0.6361349821090698,0.5844098925590515,-0.08192617446184158,0.24646690487861633,0,2000,strong,0,0,42,1.0,0.0,walk
522,10.44,1.0,0.0,0.6351746320724487,0.591282844543457,-0.09847819805145264,0.16979338228702545,0,2000,strong,0,0,42,1.0,0.0,walk
523,10.46,1.0,0.0,0.6346679925918579,0.6018543243408203,-0.11282876878976822,0.06438091397285461,0,2000,strong,0,0,42,1.0,0.0,walk
524,10.48,1.0,0.0,0.6349588632583618,0.6186641454696655,-0.12686645984649658,-0.05980198085308075,0,2000,strong,0,0,42,1.0,0.0,walk
525,10.5,1.0,0.0,0.6362375020980835,0.6394951343536377,-0.14221817255020142,-0.186494842171669,0,2000,strong,0,0,42,1.0,0.0,walk
526,10.52,1.0,0.0,0.6379574537277222,0.6638368964195251,-0.1574973613023758,-0.22067947685718536,0,2000,strong,0,0,42,1.0,0.0,walk
527,10.540000000000001,1.0,0.0,0.639114499092102,0.6928236484527588,-0.1769314557313919,-0.16316452622413635,0,2000,strong,0,0,42,1.0,0.0,walk
528,10.56,1.0,0.0,0.638370156288147,0.7254568934440613,-0.2004440575838089,0.018232055008411407,0,2000,strong,0,0,42,1.0,0.0,walk
529,10.58,1.0,0.0,0.635536789894104,0.7562952041625977,-0.23353929817676544,0.20236541330814362,0,2000,strong,0,0,42,1.0,0.0,walk
530,10.6,1.0,0.0,0.631022572517395,0.779832124710083,-0.27318477630615234,0.37500905990600586,0,2000,strong,0,0,42,1.0,0.0,walk
531,10.620000000000001,1.0,0.0,0.6254705190658569,0.7971945405006409,-0.3176724910736084,0.4750741124153137,0,2000,strong,0,0,42,1.0,0.0,walk
532,10.64,1.0,0.0,0.6199599504470825,0.8127543926239014,-0.3645945191383362,0.40790536999702454,0,2000,strong,0,0,42,1.0,0.0,walk
533,10.66,1.0,0.0,0.6158968210220337,0.8143120408058167,-0.3894210755825043,0.04036536440253258,0,2000,strong,0,0,42,1.0,0.0,walk
534,10.68,1.0,0.0,0.6151264905929565,0.7272750735282898,-0.30798420310020447,0.368403822183609,0,2000,strong,0,0,42,1.0,0.0,walk
535,10.700000000000001,1.0,0.0,0.6076375246047974,0.6823769211769104,-0.2589845061302185,0.7456082701683044,0,2000,strong,0,0,42,1.0,0.0,walk
536,10.72,1.0,0.0,0.598326563835144,0.6452066898345947,-0.22557125985622406,0.664109468460083,0,2000,strong,0,0,42,1.0,0.0,walk
537,10.74,1.0,0.0,0.5905500650405884,0.6145021319389343,-0.19931109249591827,0.4203835129737854,0,2000,strong,0,0,42,1.0,0.0,walk
538,10.76,1.0,0.0,0.5854073762893677,0.5944597721099854,-0.17267347872257233,0.16879652440547943,0,2000,strong,0,0,42,1.0,0.0,walk
539,10.78,1.0,0.0,0.5821362733840942,0.5797806978225708,-0.1426064670085907,0.03039550594985485,0,2000,strong,0,0,42,1.0,0.0,walk
540,10.8,1.0,0.0,0.5800575017929077,0.5732049942016602,-0.11217672377824783,-0.019013000652194023,0,2000,strong,0,0,42,1.0,0.0,walk
541,10.82,1.0,0.0,0.5786725282669067,0.5744985342025757,-0.0851123183965683,-0.021489638835191727,0,2000,strong,0,0,42,1.0,0.0,walk
542,10.84,1.0,0.0,0.577436089515686,0.5829983949661255,-0.06015140935778618,-0.010299990884959698,0,2000,strong,0,0,42,1.0,0.0,walk
543,10.86,1.0,0.0,0.5766137838363647,0.6012593507766724,-0.04160836711525917,0.013651009649038315,0,2000,strong,0,0,42,1.0,0.0,walk
544,10.88,1.0,0.0,0.5758062601089478,0.6264671683311462,-0.02720027230679989,0.1001429334282875,0,2000,strong,0,0,42,1.0,0.0,walk
545,10.9,1.0,0.0,0.5743919610977173,0.6508402228355408,-0.011507154442369938,0.20648841559886932,0,2000,strong,0,0,42,1.0,0.0,walk
546,10.92,1.0,0.0,0.572234034538269,0.6743020415306091,0.00660955673083663,0.3059208393096924,0,2000,strong,0,0,42,1.0,0.0,walk
547,10.94,1.0,0.0,0.5697914361953735,0.6991697549819946,0.025277579203248024,0.3450716435909271,0,2000,strong,0,0,42,1.0,0.0,walk
548,10.96,1.0,0.0,0.5677906274795532,0.7245705127716064,0.04569049924612045,0.30374351143836975,0,2000,strong,0,0,42,1.0,0.0,walk
549,10.98,1.0,0.0,0.5665766000747681,0.7471282482147217,0.06979039311408997,0.22309406101703644,0,2000,strong,0,0,42,1.0,0.0,walk
550,11.0,1.0,0.0,0.5661250352859497,0.766518771648407,0.09741518646478653,0.1296411007642746,0,2000,strong,0,0,42,1.0,0.0,walk
551,11.02,1.0,0.0,0.5661793947219849,0.7803510427474976,0.12873922288417816,0.011154651641845703,0,2000,strong,0,0,42,1.0,0.0,walk
552,11.040000000000001,1.0,0.0,0.5672608613967896,0.7909199595451355,0.16204161942005157,-0.16463671624660492,0,2000,strong,0,0,42,1.0,0.0,walk
553,11.06,1.0,0.0,0.5699654817581177,0.7975347638130188,0.18843254446983337,-0.3383844792842865,0,2000,strong,0,0,42,1.0,0.0,walk
554,11.08,1.0,0.0,0.5730525255203247,0.7606714367866516,0.16711169481277466,-0.3469463586807251,0,2000,strong,0,0,42,1.0,0.0,walk
555,11.1,1.0,0.0,0.5763403177261353,0.6989684700965881,0.09618975222110748,-0.3567149341106415,0,2000,strong,0,0,42,1.0,0.0,walk
556,11.120000000000001,1.0,0.0,0.5798941850662231,0.6680216789245605,0.0642528086900711,-0.12577703595161438,0,2000,strong,0,0,42,1.0,0.0,walk
557,11.14,1.0,0.0,0.580203652381897,0.6640259027481079,0.03950977697968483,0.2583809196949005,0,2000,strong,0,0,42,1.0,0.0,walk
558,11.16,1.0,0.0,0.5782305002212524,0.6390745639801025,0.015687551349401474,0.5869644284248352,0,2000,strong,0,0,42,1.0,0.0,walk
559,11.18,1.0,0.0,0.5743046998977661,0.6229938864707947,-0.012178461998701096,0.7086690068244934,0,2000,strong,0,0,42,1.0,0.0,walk
560,11.200000000000001,1.0,0.0,0.5700632333755493,0.6152035593986511,-0.03835770860314369,0.6522683501243591,0,2000,strong,0,0,42,1.0,0.0,walk
561,11.22,1.0,0.0,0.565851092338562,0.6121925711631775,-0.05822322517633438,0.5956194996833801,0,2000,strong,0,0,42,1.0,0.0,walk
562,11.24,1.0,0.0,0.5622564554214478,0.6049036383628845,-0.08292925357818604,0.5242782831192017,0,2000,strong,0,0,42,1.0,0.0,walk
563,11.26,1.0,0.0,0.5597902536392212,0.599993884563446,-0.10404731333255768,0.37289413809776306,0,2000,strong,0,0,42,1.0,0.0,walk
564,11.28,1.0,0.0,0.558526873588562,0.6050942540168762,-0.11991990357637405,0.1945597380399704,0,2000,strong,0,0,42,1.0,0.0,walk
565,11.3,1.0,0.0,0.5576006174087524,0.6112993955612183,-0.13170784711837769,0.1606600284576416,0,2000,strong,0,0,42,1.0,0.0,walk
566,11.32,1.0,0.0,0.5567651987075806,0.6227771043777466,-0.14452171325683594,0.0820465236902237,0,2000,strong,0,0,42,1.0,0.0,walk
567,11.34,1.0,0.0,0.5568722486495972,0.6396145224571228,-0.15933802723884583,-0.07695391029119492,0,2000,strong,0,0,42,1.0,0.0,walk
568,11.36,1.0,0.0,0.5580543279647827,0.6607442498207092,-0.1745261549949646,-0.1929270327091217,0,2000,strong,0,0,42,1.0,0.0,walk
569,11.38,1.0,0.0,0.5595074892044067,0.6871399879455566,-0.19199849665164948,-0.2114541083574295,0,2000,strong,0,0,42,1.0,0.0,walk
570,11.4,1.0,0.0,0.5597878694534302,0.7175378799438477,-0.2127866894006729,-0.08489424735307693,0,2000,strong,0,0,42,1.0,0.0,walk
571,11.42,1.0,0.0,0.5580152273178101,0.7495840191841125,-0.24094641208648682,0.0909343808889389,0,2000,strong,0,0,42,1.0,0.0,walk
572,11.44,1.0,0.0,0.5546258687973022,0.7750125527381897,-0.2785792946815491,0.2512184679508209,0,2000,strong,0,0,42,1.0,0.0,walk
573,11.46,1.0,0.0,0.5500575304031372,0.7920835018157959,-0.3212680518627167,0.3864859938621521,0,2000,strong,0,0,42,1.0,0.0,walk
574,11.48,1.0,0.0,0.5450936555862427,0.8072251081466675,-0.3673895299434662,0.3906291723251343,0,2000,strong,0,0,42,1.0,0.0,walk
575,11.5,1.0,0.0,0.5408684015274048,0.8198728561401367,-0.41146764159202576,0.24421866238117218,0,2000,strong,0,0,42,1.0,0.0,walk
576,11.52,1.0,0.0,0.5404304265975952,0.738254725933075,-0.35027191042900085,0.018206272274255753,0,2000,strong,0,0,42,1.0,0.0,walk
577,11.540000000000001,1.0,0.0,0.5357152223587036,0.6908537149429321,-0.2894577085971832,0.5716148018836975,0,2000,strong,0,0,42,1.0,0.0,walk
578,11.56,1.0,0.0,0.5271848440170288,0.6499561071395874,-0.2458392232656479,0.7245095372200012,0,2000,strong,0,0,42,1.0,0.0,walk
579,11.58,1.0,0.0,0.51872718334198,0.6162661910057068,-0.21690917015075684,0.5018845796585083,0,2000,strong,0,0,42,1.0,0.0,walk
580,11.6,1.0,0.0,0.5128213167190552,0.592480480670929,-0.19128094613552094,0.2237071692943573,0,2000,strong,0,0,42,1.0,0.0,walk
581,11.620000000000001,1.0,0.0,0.5096155405044556,0.5727347731590271,-0.16166067123413086,-0.013085131533443928,0,2000,strong,0,0,42,1.0,0.0,walk
582,11.64,1.0,0.0,0.5079847574234009,0.5628286600112915,-0.1304144412279129,-0.07373844087123871,0,2000,strong,0,0,42,1.0,0.0,walk
583,11.66,1.0,0.0,0.5070010423660278,0.5604856610298157,-0.10039563477039337,-0.0763498842716217,0,2000,strong,0,0,42,1.0,0.0,walk
584,11.68,1.0,0.0,0.5062280893325806,0.564226508140564,-0.072947658598423,-0.06161833554506302,0,2000,strong,0,0,42,1.0,0.0,walk
585,11.700000000000001,1.0,0.0,0.5054236650466919,0.57569819688797,-0.05121496319770813,-0.008655617944896221,0,2000,strong,0,0,42,1.0,0.0,walk
586,11.72,1.0,0.0,0.5046180486679077,0.5976443290710449,-0.03623991087079048,0.0728686973452568,0,2000,strong,0,0,42,1.0,0.0,walk
587,11.74,1.0,0.0,0.5033911466598511,0.6230234503746033,-0.022952048107981682,0.17666269838809967,0,2000,strong,0,0,42,1.0,0.0,walk
588,11.76,1.0,0.0,0.5013099908828735,0.6450285911560059,-0.00566719938069582,0.28560611605644226,0,2000,strong,0,0,42,1.0,0.0,walk
589,11.78,1.0,0.0,0.4987756013870239,0.6678436398506165,0.012591669335961342,0.3374289572238922,0,2000,strong,0,0,42,1.0,0.0,walk
590,11.8,1.0,0.0,0.49658429622650146,0.6919987797737122,0.031094612553715706,0.31685394048690796,0,2000,strong,0,0,42,1.0,0.0,walk
591,11.82,1.0,0.0,0.4951685667037964,0.7142597436904907,0.05309570953249931,0.24272119998931885,0,2000,strong,0,0,42,1.0,0.0,walk
592,11.84,1.0,0.0,0.49464356899261475,0.7351229190826416,0.07852526754140854,0.16053368151187897,0,2000,strong,0,0,42,1.0,0.0,walk
593,11.86,1.0,0.0,0.49457085132598877,0.7514376044273376,0.10858894884586334,0.08132856339216232,0,2000,strong,0,0,42,1.0,0.0,walk
594,11.88,1.0,0.0,0.4948314428329468,0.7635431885719299,0.14123667776584625,-0.02539488673210144,0,2000,strong,0,0,42,1.0,0.0,walk
595,11.9,1.0,0.0,0.49621784687042236,0.774741530418396,0.17584328353405,-0.18228280544281006,0,2000,strong,0,0,42,1.0,0.0,walk
596,11.92,1.0,0.0,0.499015212059021,0.7743380665779114,0.193666473031044,-0.2412300705909729,0,2000,strong,0,0,42,1.0,0.0,walk
597,11.94,1.0,0.0,0.5020304918289185,0.718075692653656,0.13694709539413452,-0.23092149198055267,0,2000,strong,0,0,42,1.0,0.0,walk
598,11.96,1.0,0.0,0.5059648752212524,0.6945726871490479,0.09916272759437561,-0.35821986198425293,0,2000,strong,0,0,42,1.0,0.0,walk
599,11.98,1.0,0.0,0.5090385675430298,0.6817455291748047,0.0681455135345459,-0.10214763134717941,0,2000,strong,0,0,42,1.0,0.0,walk
600,12.0,1.0,0.0,0.5105377435684204,0.647324800491333,0.04397108033299446,0.24384379386901855,0,2000,strong,0,0,42,1.0,0.0,walk
601,12.02,1.0,0.0,0.5105167627334595,0.6326404213905334,0.013915205374360085,0.3991672098636627,0,2000,strong,0,0,42,1.0,0.0,walk
602,12.040000000000001,1.0,0.0,0.5077682733535767,0.6293875575065613,-0.009979740716516972,0.615696370601654,0,2000,strong,0,0,42,1.0,0.0,walk
603,12.06,1.0,0.0,0.5034500360488892,0.627693772315979,-0.0304779801517725,0.6559463739395142,0,2000,strong,0,0,42,1.0,0.0,walk
604,12.08,1.0,0.0,0.4987567663192749,0.6170570254325867,-0.06095120310783386,0.6851557493209839,0,2000,strong,0,0,42,1.0,0.0,walk
605,12.1,1.0,0.0,0.49473631381988525,0.6235447525978088,-0.08641808480024338,0.5354596972465515,0,2000,strong,0,0,42,1.0,0.0,walk
606,12.120000000000001,1.0,0.0,0.4921773672103882,0.6282180547714233,-0.10566136240959167,0.33156830072402954,0,2000,strong,0,0,42,1.0,0.0,walk
607,12.14,1.0,0.0,0.4898275136947632,0.632079005241394,-0.11774840950965881,0.33102619647979736,0,2000,strong,0,0,42,1.0,0.0,walk
608,12.16,1.0,0.0,0.48756182193756104,0.6439675688743591,-0.13115526735782623,0.21403247117996216,0,2000,strong,0,0,42,1.0,0.0,walk
609,12.18,1.0,0.0,0.48704850673675537,0.6606971025466919,-0.14657288789749146,-0.03803166747093201,0,2000,strong,0,0,42,1.0,0.0,walk
610,12.200000000000001,1.0,0.0,0.48858320713043213,0.684198796749115,-0.15839919447898865,-0.2575317919254303,0,2000,strong,0,0,42,1.0,0.0,walk
611,12.22,1.0,0.0,0.49109065532684326,0.705435037612915,-0.17262089252471924,-0.3090873062610626,0,2000,strong,0,0,42,1.0,0.0,walk
612,12.24,1.0,0.0,0.4929722547531128,0.7328785061836243,-0.18966048955917358,-0.23975542187690735,0,2000,strong,0,0,42,1.0,0.0,walk
613,12.26,1.0,0.0,0.49296772480010986,0.7660729289054871,-0.2105817347764969,-0.07400394231081009,0,2000,strong,0,0,42,1.0,0.0,walk
614,12.280000000000001,1.0,0.0,0.4911750555038452,0.796238124370575,-0.2430412471294403,0.09721359610557556,0,2000,strong,0,0,42,1.0,0.0,walk
615,12.3,1.0,0.0,0.48783886432647705,0.8187894821166992,-0.28135380148887634,0.272335410118103,0,2000,strong,0,0,42,1.0,0.0,walk
616,12.32,1.0,0.0,0.4835604429244995,0.8360844254493713,-0.3242300748825073,0.3565463423728943,0,2000,strong,0,0,42,1.0,0.0,walk
617,12.34,1.0,0.0,0.4791826009750366,0.8532491326332092,-0.3683914840221405,0.3181932866573334,0,2000,strong,0,0,42,1.0,0.0,walk
618,12.36,1.0,0.0,0.47698724269866943,0.7852057218551636,-0.3532314896583557,-0.4831986129283905,0,2000,strong,0,0,42,1.0,0.0,walk
619,12.38,1.0,0.0,0.47622597217559814,0.7413303852081299,-0.29045748710632324,0.26773759722709656,0,2000,strong,0,0,42,1.0,0.0,walk
620,12.4,1.0,0.0,0.4699283838272095,0.6905934810638428,-0.23609283566474915,0.6113909482955933,0,2000,strong,0,0,42,1.0,0.0,walk
621,12.42,1.0,0.0,0.46217215061187744,0.6538559794425964,-0.2003099024295807,0.4864727258682251,0,2000,strong,0,0,42,1.0,0.0,walk
622,12.44,1.0,0.0,0.45559656620025635,0.6269964575767517,-0.17217223346233368,0.31326913833618164,0,2000,strong,0,0,42,1.0,0.0,walk
623,12.46,1.0,0.0,0.4513901472091675,0.6043193340301514,-0.14696384966373444,0.05484911426901817,0,2000,strong,0,0,42,1.0,0.0,walk
624,12.48,1.0,0.0,0.4488719701766968,0.5932366251945496,-0.12059193849563599,-0.02132701501250267,0,2000,strong,0,0,42,1.0,0.0,walk
625,12.5,1.0,0.0,0.44721996784210205,0.584739625453949,-0.09172585606575012,-0.06210377812385559,0,2000,strong,0,0,42,1.0,0.0,walk
626,12.52,1.0,0.0,0.44609153270721436,0.5832769274711609,-0.06332431733608246,-0.05971156805753708,0,2000,strong,0,0,42,1.0,0.0,walk
627,12.540000000000001,1.0,0.0,0.4450603723526001,0.586147665977478,-0.039145953953266144,-0.05646301805973053,0,2000,strong,0,0,42,1.0,0.0,walk
628,12.56,1.0,0.0,0.44426047801971436,0.6055636405944824,-0.024852242320775986,0.03388926759362221,0,2000,strong,0,0,42,1.0,0.0,walk
629,12.58,1.0,0.0,0.4433788061141968,0.6337615847587585,-0.015670238062739372,0.11786404252052307,0,2000,strong,0,0,42,1.0,0.0,walk
630,12.6,1.0,0.0,0.4417167901992798,0.6568913459777832,-0.0006963551859371364,0.23700398206710815,0,2000,strong,0,0,42,1.0,0.0,walk
631,12.620000000000001,1.0,0.0,0.43926703929901123,0.6785633563995361,0.018238963559269905,0.32250726222991943,0,2000,strong,0,0,42,1.0,0.0,walk
632,12.64,1.0,0.0,0.436930775642395,0.7026029825210571,0.03688610717654228,0.3182065188884735,0,2000,strong,0,0,42,1.0,0.0,walk
633,12.66,1.0,0.0,0.4353522062301636,0.7268476486206055,0.057870205491781235,0.24529850482940674,0,2000,strong,0,0,42,1.0,0.0,walk
634,12.68,1.0,0.0,0.4349883794784546,0.7501630187034607,0.08252085000276566,0.12746074795722961,0,2000,strong,0,0,42,1.0,0.0,walk
635,12.700000000000001,1.0,0.0,0.4355818033218384,0.7699161171913147,0.11223367601633072,0.028548464179039,0,2000,strong,0,0,42,1.0,0.0,walk
636,12.72,1.0,0.0,0.43642961978912354,0.7853789329528809,0.14618073403835297,-0.045662350952625275,0,2000,strong,0,0,42,1.0,0.0,walk
637,12.74,1.0,0.0,0.4378472566604614,0.797145426273346,0.18148945271968842,-0.17162424325942993,0,2000,strong,0,0,42,1.0,0.0,walk
638,12.76,1.0,0.0,0.4403573274612427,0.805487334728241,0.2128470540046692,-0.2644454836845398,0,2000,strong,0,0,42,1.0,0.0,walk
639,12.780000000000001,1.0,0.0,0.44293129444122314,0.7729317545890808,0.19497843086719513,-0.28646984696388245,0,2000,strong,0,0,42,1.0,0.0,walk
640,12.8,1.0,0.0,0.4463590383529663,0.7102734446525574,0.12522771954536438,-0.40403202176094055,0,2000,strong,0,0,42,1.0,0.0,walk
641,12.82,1.0,0.0,0.4506932497024536,0.6772852540016174,0.09004486352205276,-0.2259824126958847,0,2000,strong,0,0,42,1.0,0.0,walk
642,12.84,1.0,0.0,0.452046275138855,0.667776346206665,0.06423577666282654,0.1374649852514267,0,2000,strong,0,0,42,1.0,0.0,walk
643,12.86,1.0,0.0,0.45127618312835693,0.6346384882926941,0.03972538188099861,0.48478156328201294,0,2000,strong,0,0,42,1.0,0.0,walk
644,12.88,1.0,0.0,0.4480806589126587,0.6163654327392578,0.011477447114884853,0.6579287052154541,0,2000,strong,0,0,42,1.0,0.0,walk
645,12.9,1.0,0.0,0.4441570043563843,0.6108220219612122,-0.014885117299854755,0.6249535083770752,0,2000,strong,0,0,42,1.0,0.0,walk
646,12.92,1.0,0.0,0.440085768699646,0.6098318099975586,-0.0348331592977047,0.577530562877655,0,2000,strong,0,0,42,1.0,0.0,walk
647,12.94,1.0,0.0,0.43682801723480225,0.6005908250808716,-0.06132345274090767,0.48854607343673706,0,2000,strong,0,0,42,1.0,0.0,walk
648,12.96,1.0,0.0,0.43488848209381104,0.597923994064331,-0.08247549831867218,0.30215850472450256,0,2000,strong,0,0,42,1.0,0.0,walk
649,12.98,1.0,0.0,0.4343448877334595,0.6051030158996582,-0.09989535063505173,0.11867368966341019,0,2000,strong,0,0,42,1.0,0.0,walk
650,13.0,1.0,0.0,0.43432867527008057,0.612133264541626,-0.11241801083087921,0.07207983732223511,0,2000,strong,0,0,42,1.0,0.0,walk
651,13.02,1.0,0.0,0.434381365776062,0.6239017844200134,-0.12424676865339279,0.0030267497058957815,0,2000,strong,0,0,42,1.0,0.0,walk
652,13.040000000000001,1.0,0.0,0.43508732318878174,0.6393104791641235,-0.1386248618364334,-0.12029774487018585,0,2000,strong,0,0,42,1.0,0.0,walk
653,13.06,1.0,0.0,0.4365321397781372,0.6591071486473083,-0.15273040533065796,-0.211165651679039,0,2000,strong,0,0,42,1.0,0.0,walk
654,13.08,1.0,0.0,0.43807780742645264,0.6838140487670898,-0.17003582417964935,-0.22007474303245544,0,2000,strong,0,0,42,1.0,0.0,walk
655,13.1,1.0,0.0,0.4384843111038208,0.7130774259567261,-0.19059835374355316,-0.10112901031970978,0,2000,strong,0,0,42,1.0,0.0,walk
656,13.120000000000001,1.0,0.0,0.43699920177459717,0.7447582483291626,-0.2181093990802765,0.0555666908621788,0,2000,strong,0,0,42,1.0,0.0,walk
657,13.14,1.0,0.0,0.4340118169784546,0.769641637802124,-0.2541610598564148,0.20325443148612976,0,2000,strong,0,0,42,1.0,0.0,walk
658,13.16,1.0,0.0,0.42994678020477295,0.786643922328949,-0.2948768734931946,0.3300590515136719,0,2000,strong,0,0,42,1.0,0.0,walk
659,13.18,1.0,0.0,0.42553627490997314,0.8007802367210388,-0.338661789894104,0.33770427107810974,0,2000,strong,0,0,42,1.0,0.0,walk
660,13.200000000000001,1.0,0.0,0.4216122627258301,0.8126125931739807,-0.38080695271492004,0.23501604795455933,0,2000,strong,0,0,42,1.0,0.0,walk
661,13.22,1.0,0.0,0.42106425762176514,0.7381486892700195,-0.3206368386745453,0.1038641631603241,0,2000,strong,0,0,42,1.0,0.0,walk
662,13.24,1.0,0.0,0.41618943214416504,0.6904129981994629,-0.2647477388381958,0.5686876773834229,0,2000,strong,0,0,42,1.0,0.0,walk
663,13.26,1.0,0.0,0.4080866575241089,0.6541740894317627,-0.22394679486751556,0.6174197196960449,0,2000,strong,0,0,42,1.0,0.0,walk
664,13.280000000000001,1.0,0.0,0.400596022605896,0.6241413354873657,-0.199736550450325,0.4096614718437195,0,2000,strong,0,0,42,1.0,0.0,walk
665,13.3,1.0,0.0,0.39547109603881836,0.6035810708999634,-0.1746080070734024,0.1666402518749237,0,2000,strong,0,0,42,1.0,0.0,walk
666,13.32,1.0,0.0,0.392583966255188,0.5876385569572449,-0.14583860337734222,-0.02964990958571434,0,2000,strong,0,0,42,1.0,0.0,walk
667,13.34,1.0,0.0,0.3908170461654663,0.5772562026977539,-0.11640454083681107,-0.05234284698963165,0,2000,strong,0,0,42,1.0,0.0,walk
668,13.36,1.0,0.0,0.38977038860321045,0.5779907703399658,-0.08764073252677917,-0.08255244791507721,0,2000,strong,0,0,42,1.0,0.0,walk
669,13.38,1.0,0.0,0.3889894485473633,0.5830343961715698,-0.061489805579185486,-0.066966712474823,0,2000,strong,0,0,42,1.0,0.0,walk
670,13.4,1.0,0.0,0.3884073495864868,0.595076322555542,-0.03972778096795082,-0.04718135669827461,0,2000,strong,0,0,42,1.0,0.0,walk
671,13.42,1.0,0.0,0.3880971670150757,0.6173685193061829,-0.02403193898499012,0.009154578670859337,0,2000,strong,0,0,42,1.0,0.0,walk
672,13.44,1.0,0.0,0.38738906383514404,0.6420761346817017,-0.009704227559268475,0.11649194359779358,0,2000,strong,0,0,42,1.0,0.0,walk
673,13.46,1.0,0.0,0.3858821392059326,0.6654418110847473,0.006966284476220608,0.22344210743904114,0,2000,strong,0,0,42,1.0,0.0,walk
674,13.48,1.0,0.0,0.38392698764801025,0.6899228692054749,0.02474168688058853,0.27519556879997253,0,2000,strong,0,0,42,1.0,0.0,walk
675,13.5,1.0,0.0,0.38223111629486084,0.7160443067550659,0.043235503137111664,0.26252418756484985,0,2000,strong,0,0,42,1.0,0.0,walk
676,13.52,1.0,0.0,0.3812737464904785,0.7406922578811646,0.0650060623884201,0.1936689019203186,0,2000,strong,0,0,42,1.0,0.0,walk
677,13.540000000000001,1.0,0.0,0.381198525428772,0.7637659907341003,0.09036321192979813,0.11340352892875671,0,2000,strong,0,0,42,1.0,0.0,walk
678,13.56,1.0,0.0,0.38152599334716797,0.7821576595306396,0.12019792944192886,0.037069499492645264,0,2000,strong,0,0,42,1.0,0.0,walk
679,13.58,1.0,0.0,0.3822406530380249,0.7957382202148438,0.15225118398666382,-0.08016885071992874,0,2000,strong,0,0,42,1.0,0.0,walk
680,13.6,1.0,0.0,0.3842254877090454,0.8085092902183533,0.18678927421569824,-0.2463085800409317,0,2000,strong,0,0,42,1.0,0.0,walk
681,13.620000000000001,1.0,0.0,0.3875385522842407,0.8103685975074768,0.20629043877124786,-0.30205395817756653,0,2000,strong,0,0,42,1.0,0.0,walk
682,13.64,1.0,0.0,0.3904637098312378,0.7388235926628113,0.14605401456356049,-0.2053482085466385,0,2000,strong,0,0,42,1.0,0.0,walk
683,13.66,1.0,0.0,0.39474809169769287,0.7067881226539612,0.10708972811698914,-0.378696471452713,0,2000,strong,0,0,42,1.0,0.0,walk
684,13.68,1.0,0.0,0.39816415309906006,0.6864272356033325,0.07577068358659744,-0.09209096431732178,0,2000,strong,0,0,42,1.0,0.0,walk
685,13.700000000000001,1.0,0.0,0.39929330348968506,0.6524007320404053,0.050026942044496536,0.27461007237434387,0,2000,strong,0,0,42,1.0,0.0,walk
686,13.72,1.0,0.0,0.39809882640838623,0.6355989575386047,0.02374856173992157,0.5090768933296204,0,2000,strong,0,0,42,1.0,0.0,walk
687,13.74,1.0,0.0,0.3948253393173218,0.6212703585624695,-0.002847332041710615,0.6428182721138,0,2000,strong,0,0,42,1.0,0.0,walk
688,13.76,1.0,0.0,0.39079153537750244,0.6149753332138062,-0.02527136728167534,0.6259772777557373,0,2000,strong,0,0,42,1.0,0.0,walk
689,13.780000000000001,1.0,0.0,0.38659489154815674,0.6112798452377319,-0.04939492046833038,0.59926438331604,0,2000,strong,0,0,42,1.0,0.0,walk
690,13.8,1.0,0.0,0.383480429649353,0.606712281703949,-0.0746576264500618,0.4603925347328186,0,2000,strong,0,0,42,1.0,0.0,walk
691,13.82,1.0,0.0,0.3821284770965576,0.6102702021598816,-0.09213428944349289,0.20600160956382751,0,2000,strong,0,0,42,1.0,0.0,walk
692,13.84,1.0,0.0,0.38124239444732666,0.61770099401474,-0.10602656751871109,0.1898941993713379,0,2000,strong,0,0,42,1.0,0.0,walk
693,13.86,1.0,0.0,0.380428671836853,0.6281051635742188,-0.11926549673080444,0.0979313775897026,0,2000,strong,0,0,42,1.0,0.0,walk
694,13.88,1.0,0.0,0.380526065826416,0.6437453031539917,-0.1326967179775238,-0.05891244113445282,0,2000,strong,0,0,42,1.0,0.0,walk
695,13.9,1.0,0.0,0.38185131549835205,0.6627897024154663,-0.14671127498149872,-0.2076442539691925,0,2000,strong,0,0,42,1.0,0.0,walk
696,13.92,1.0,0.0,0.3839160203933716,0.6852001547813416,-0.16190072894096375,-0.2761372923851013,0,2000,strong,0,0,42,1.0,0.0,walk
697,13.94,1.0,0.0,0.3855438232421875,0.7121261954307556,-0.17979854345321655,-0.22286291420459747,0,2000,strong,0,0,42,1.0,0.0,walk
698,13.96,1.0,0.0,0.3854256868362427,0.7435027956962585,-0.2021016776561737,-0.0656667947769165,0,2000,strong,0,0,42,1.0,0.0,walk
699,13.98,1.0,0.0,0.3835923671722412,0.7716560959815979,-0.2345355600118637,0.08895093202590942,0,2000,strong,0,0,42,1.0,0.0,walk
700,14.0,1.0,0.0,0.38049280643463135,0.7925220727920532,-0.2732786536216736,0.22850966453552246,0,2000,strong,0,0,42,1.0,0.0,walk
701,14.02,1.0,0.0,0.37667107582092285,0.807622492313385,-0.31493520736694336,0.30644065141677856,0,2000,strong,0,0,42,1.0,0.0,walk
702,14.040000000000001,1.0,0.0,0.37268948554992676,0.8211484551429749,-0.3579442799091339,0.2832986116409302,0,2000,strong,0,0,42,1.0,0.0,walk
703,14.06,1.0,0.0,0.36965441703796387,0.7950711250305176,-0.36995163559913635,-0.24736830592155457,0,2000,strong,0,0,42,1.0,0.0,walk
704,14.08,1.0,0.0,0.3696631193161011,0.7249628305435181,-0.2944571375846863,0.2526077926158905,0,2000,strong,0,0,42,1.0,0.0,walk
705,14.1,1.0,0.0,0.36346983909606934,0.681562066078186,-0.24374061822891235,0.6073782444000244,0,2000,strong,0,0,42,1.0,0.0,walk
706,14.120000000000001,1.0,0.0,0.35554373264312744,0.6434019207954407,-0.20935608446598053,0.49548834562301636,0,2000,strong,0,0,42,1.0,0.0,walk
707,14.14,1.0,0.0,0.34898698329925537,0.6165711879730225,-0.18159055709838867,0.31136542558670044,0,2000,strong,0,0,42,1.0,0.0,walk
708,14.16,1.0,0.0,0.34478437900543213,0.597514271736145,-0.15539968013763428,0.06383508443832397,0,2000,strong,0,0,42,1.0,0.0,walk
709,14.18,1.0,0.0,0.34235620498657227,0.5892655849456787,-0.12840008735656738,-0.04959561303257942,0,2000,strong,0,0,42,1.0,0.0,walk
710,14.200000000000001,1.0,0.0,0.34066152572631836,0.5814533233642578,-0.09661228209733963,-0.052665065973997116,0,2000,strong,0,0,42,1.0,0.0,walk
711,14.22,1.0,0.0,0.3395192623138428,0.5813059210777283,-0.06963948905467987,-0.04473230615258217,0,2000,strong,0,0,42,1.0,0.0,walk
712,14.24,1.0,0.0,0.3384655714035034,0.5879881381988525,-0.04574739187955856,-0.04531940072774887,0,2000,strong,0,0,42,1.0,0.0,walk
713,14.26,1.0,0.0,0.3380880355834961,0.6055640578269958,-0.029619865119457245,-0.03824764862656593,0,2000,strong,0,0,42,1.0,0.0,walk
714,14.280000000000001,1.0,0.0,0.3380095958709717,0.6328758597373962,-0.016592301428318024,0.028022967278957367,0,2000,strong,0,0,42,1.0,0.0,walk
715,14.3,1.0,0.0,0.33710169792175293,0.6571435928344727,-0.0006965117063373327,0.17014655470848083,0,2000,strong,0,0,42,1.0,0.0,walk
716,14.32,1.0,0.0,0.3351781368255615,0.679966151714325,0.017839333042502403,0.2776500880718231,0,2000,strong,0,0,42,1.0,0.0,walk
717,14.34,1.0,0.0,0.3331502676010132,0.7046811580657959,0.035256098955869675,0.29512566328048706,0,2000,strong,0,0,42,1.0,0.0,walk
718,14.36,1.0,0.0,0.331689715385437,0.7296614646911621,0.05549922212958336,0.2427210509777069,0,2000,strong,0,0,42,1.0,0.0,walk
719,14.38,1.0,0.0,0.3311206102371216,0.7529972791671753,0.07994967699050903,0.15731145441532135,0,2000,strong,0,0,42,1.0,0.0,walk
720,14.4,1.0,0.0,0.3314417600631714,0.7732993960380554,0.10850545763969421,0.05517233535647392,0,2000,strong,0,0,42,1.0,0.0,walk
721,14.42,1.0,0.0,0.3321586847305298,0.7885848879814148,0.140926331281662,-0.03742890805006027,0,2000,strong,0,0,42,1.0,0.0,walk
722,14.44,1.0,0.0,0.3336576223373413,0.8002210855484009,0.17518894374370575,-0.18488962948322296,0,2000,strong,0,0,42,1.0,0.0,walk
723,14.46,1.0,0.0,0.33648836612701416,0.8084845542907715,0.20741859078407288,-0.28363656997680664,0,2000,strong,0,0,42,1.0,0.0,walk
724,14.48,1.0,0.0,0.3392794132232666,0.7648082375526428,0.19939477741718292,-0.20388512313365936,0,2000,strong,0,0,42,1.0,0.0,walk
725,14.5,1.0,0.0,0.34295904636383057,0.7013705968856812,0.13396701216697693,-0.4028327465057373,0,2000,strong,0,0,42,1.0,0.0,walk
726,14.52,1.0,0.0,0.3477126359939575,0.6648092269897461,0.0994105413556099,-0.2788645625114441,0,2000,strong,0,0,42,1.0,0.0,walk
727,14.540000000000001,1.0,0.0,0.34964728355407715,0.6539833545684814,0.07219340652227402,0.07471715658903122,0,2000,strong,0,0,42,1.0,0.0,walk
728,14.56,1.0,0.0,0.34990572929382324,0.6171295642852783,0.04848983883857727,0.39380741119384766,0,2000,strong,0,0,42,1.0,0.0,walk
729,14.58,1.0,0.0,0.34776437282562256,0.5994989275932312,0.022002682089805603,0.5669238567352295,0,2000,strong,0,0,42,1.0,0.0,walk
730,14.6,1.0,0.0,0.3445178270339966,0.5955635905265808,-0.002280772663652897,0.5727823972702026,0,2000,strong,0,0,42,1.0,0.0,walk
731,14.620000000000001,1.0,0.0,0.34088778495788574,0.5918576121330261,-0.021529557183384895,0.5476688742637634,0,2000,strong,0,0,42,1.0,0.0,walk
732,14.64,1.0,0.0,0.33781421184539795,0.5838397741317749,-0.047606710344552994,0.4872874617576599,0,2000,strong,0,0,42,1.0,0.0,walk
733,14.66,1.0,0.0,0.3358215093612671,0.5809847712516785,-0.06849182397127151,0.31925055384635925,0,2000,strong,0,0,42,1.0,0.0,walk
734,14.68,1.0,0.0,0.3352285623550415,0.5888229608535767,-0.08617705851793289,0.1242361068725586,0,2000,strong,0,0,42,1.0,0.0,walk
735,14.700000000000001,1.0,0.0,0.3350578546524048,0.5941224098205566,-0.0989404246211052,0.10189703106880188,0,2000,strong,0,0,42,1.0,0.0,walk
736,14.72,1.0,0.0,0.3348170518875122,0.6044031977653503,-0.11120925843715668,0.039150211960077286,0,2000,strong,0,0,42,1.0,0.0,walk
737,14.74,1.0,0.0,0.3352518081665039,0.6191943287849426,-0.12482357025146484,-0.09894509613513947,0,2000,strong,0,0,42,1.0,0.0,walk
738,14.76,1.0,0.0,0.33650076389312744,0.6375324130058289,-0.1381191909313202,-0.1945662647485733,0,2000,strong,0,0,42,1.0,0.0,walk
739,14.780000000000001,1.0,0.0,0.33799195289611816,0.6600677967071533,-0.15499891340732574,-0.22163301706314087,0,2000,strong,0,0,42,1.0,0.0,walk
740,14.8,1.0,0.0,0.33854496479034424,0.6876897215843201,-0.17474080622196198,-0.12126588821411133,0,2000,strong,0,0,42,1.0,0.0,walk
741,14.82,1.0,0.0,0.33735930919647217,0.7174317836761475,-0.20103499293327332,0.019401641562581062,0,2000,strong,0,0,42,1.0,0.0,walk
742,14.84,1.0,0.0,0.3348270654678345,0.7407543659210205,-0.23597851395606995,0.1497180163860321,0,2000,strong,0,0,42,1.0,0.0,walk
743,14.86,1.0,0.0,0.3313875198364258,0.7572988271713257,-0.27491915225982666,0.2586654722690582,0,2000,strong,0,0,42,1.0,0.0,walk
744,14.88,1.0,0.0,0.3276529312133789,0.7708141803741455,-0.31682148575782776,0.27271410822868347,0,2000,strong,0,0,42,1.0,0.0,walk
745,14.9,1.0,0.0,0.3242000341415405,0.7811968922615051,-0.35728392004966736,0.20422568917274475,0,2000,strong,0,0,42,1.0,0.0,walk
746,14.92,1.0,0.0,0.32307446002960205,0.7138954401016235,-0.3304995894432068,-0.28962165117263794,0,2000,strong,0,0,42,1.0,0.0,walk
747,14.94,1.0,0.0,0.3207639455795288,0.6721434593200684,-0.2683970034122467,0.3900225758552551,0,2000,strong,0,0,42,1.0,0.0,walk
748,14.96,1.0,0.0,0.31337928771972656,0.6328670978546143,-0.22251847386360168,0.6451596617698669,0,2000,strong,0,0,42,1.0,0.0,walk
749,14.98,1.0,0.0,0.305489182472229,0.6031305193901062,-0.19397342205047607,0.4502831697463989,0,2000,strong,0,0,42,1.0,0.0,walk
750,15.0,1.0,0.0,0.2998749017715454,0.5829134583473206,-0.16830165684223175,0.20414899289608002,0,2000,strong,0,0,42,1.0,0.0,walk
751,15.02,1.0,0.0,0.2967658042907715,0.5641910433769226,-0.13907718658447266,-0.027565227821469307,0,2000,strong,0,0,42,1.0,0.0,walk
752,15.040000000000001,1.0,0.0,0.2951481342315674,0.5568324327468872,-0.10961374640464783,-0.09095741808414459,0,2000,strong,0,0,42,1.0,0.0,walk
753,15.06,1.0,0.0,0.2944101095199585,0.5556094646453857,-0.0799388736486435,-0.1234668642282486,0,2000,strong,0,0,42,1.0,0.0,walk
754,15.08,1.0,0.0,0.2942150831222534,0.5612149238586426,-0.052907802164554596,-0.12974309921264648,0,2000,strong,0,0,42,1.0,0.0,walk
755,15.1,1.0,0.0,0.2942148447036743,0.5703551173210144,-0.029849059879779816,-0.1129232794046402,0,2000,strong,0,0,42,1.0,0.0,walk
756,15.120000000000001,1.0,0.0,0.2944067716598511,0.5917258858680725,-0.014426062814891338,-0.035056762397289276,0,2000,strong,0,0,42,1.0,0.0,walk
757,15.14,1.0,0.0,0.29412102699279785,0.6181868314743042,-0.0019196412758901715,0.09323783218860626,0,2000,strong,0,0,42,1.0,0.0,walk
758,15.16,1.0,0.0,0.2927159070968628,0.6404817700386047,0.015179039910435677,0.22978124022483826,0,2000,strong,0,0,42,1.0,0.0,walk
759,15.18,1.0,0.0,0.2905111312866211,0.662196159362793,0.03426983207464218,0.3094782829284668,0,2000,strong,0,0,42,1.0,0.0,walk
760,15.200000000000001,1.0,0.0,0.28848135471343994,0.6855688095092773,0.053417105227708817,0.2961869537830353,0,2000,strong,0,0,42,1.0,0.0,walk
761,15.22,1.0,0.0,0.2871803045272827,0.7075263857841492,0.07595773041248322,0.2275085151195526,0,2000,strong,0,0,42,1.0,0.0,walk
762,15.24,1.0,0.0,0.2868990898132324,0.7283298969268799,0.10205858945846558,0.1283535659313202,0,2000,strong,0,0,42,1.0,0.0,walk
763,15.26,1.0,0.0,0.28732097148895264,0.7447488307952881,0.13336630165576935,0.025820061564445496,0,2000,strong,0,0,42,1.0,0.0,walk
764,15.280000000000001,1.0,0.0,0.28823792934417725,0.7568804621696472,0.1674996167421341,-0.08627913147211075,0,2000,strong,0,0,42,1.0,0.0,walk
765,15.3,1.0,0.0,0.29023540019989014,0.767858624458313,0.203278586268425,-0.2272738814353943,0,2000,strong,0,0,42,1.0,0.0,walk
766,15.32,1.0,0.0,0.29321110248565674,0.7751199007034302,0.23089347779750824,-0.3077180087566376,0,2000,strong,0,0,42,1.0,0.0,walk
767,15.34,1.0,0.0,0.29568982124328613,0.7188305854797363,0.18140505254268646,-0.1314155012369156,0,2000,strong,0,0,42,1.0,0.0,walk
768,15.36,1.0,0.0,0.2991039752960205,0.6770268678665161,0.130625382065773,-0.3439987301826477,0,2000,strong,0,0,42,1.0,0.0,walk
769,15.38,1.0,0.0,0.3024221658706665,0.6409887075424194,0.09600748121738434,-0.06080647557973862,0,2000,strong,0,0,42,1.0,0.0,walk
770,15.4,1.0,0.0,0.3029419183731079,0.6208885312080383,0.06709705293178558,0.2764553725719452,0,2000,strong,0,0,42,1.0,0.0,walk
771,15.42,1.0,0.0,0.30125176906585693,0.6028546094894409,0.04272032529115677,0.5192700028419495,0,2000,strong,0,0,42,1.0,0.0,walk
772,15.44,1.0,0.0,0.2979320287704468,0.5809273719787598,0.016486044973134995,0.6093533039093018,0,2000,strong,0,0,42,1.0,0.0,walk
773,15.46,1.0,0.0,0.2946380376815796,0.5763277411460876,-0.007761552929878235,0.5179317593574524,0,2000,strong,0,0,42,1.0,0.0,walk
774,15.48,1.0,0.0,0.2917344570159912,0.5773105025291443,-0.02903077006340027,0.43519142270088196,0,2000,strong,0,0,42,1.0,0.0,walk
775,15.5,1.0,0.0,0.2899763584136963,0.5724733471870422,-0.052255935966968536,0.3215692937374115,0,2000,strong,0,0,42,1.0,0.0,walk
776,15.52,1.0,0.0,0.28934788703918457,0.5728613138198853,-0.07058360427618027,0.15713874995708466,0,2000,strong,0,0,42,1.0,0.0,walk
777,15.540000000000001,1.0,0.0,0.2892897129058838,0.5817278623580933,-0.08638585358858109,0.07570938020944595,0,2000,strong,0,0,42,1.0,0.0,walk
778,15.56,1.0,0.0,0.28979289531707764,0.5928064584732056,-0.09978298842906952,-0.03022449091076851,0,2000,strong,0,0,42,1.0,0.0,walk
779,15.58,1.0,0.0,0.29084837436676025,0.6084920763969421,-0.11239825934171677,-0.12062954157590866,0,2000,strong,0,0,42,1.0,0.0,walk
780,15.6,1.0,0.0,0.29253554344177246,0.627572238445282,-0.1262223720550537,-0.2183598130941391,0,2000,strong,0,0,42,1.0,0.0,walk
781,15.620000000000001,1.0,0.0,0.2945653200149536,0.6495448350906372,-0.14056183397769928,-0.2570677101612091,0,2000,strong,0,0,42,1.0,0.0,walk
782,15.64,1.0,0.0,0.2961432933807373,0.6755771040916443,-0.15857286751270294,-0.21829822659492493,0,2000,strong,0,0,42,1.0,0.0,walk
783,15.66,1.0,0.0,0.2961956262588501,0.7056824564933777,-0.18022896349430084,-0.08094412088394165,0,2000,strong,0,0,42,1.0,0.0,walk
784,15.68,1.0,0.0,0.2946380376815796,0.733633816242218,-0.21080850064754486,0.054566532373428345,0,2000,strong,0,0,42,1.0,0.0,walk
785,15.700000000000001,1.0,0.0,0.2918410301208496,0.7550103664398193,-0.24684271216392517,0.1843317747116089,0,2000,strong,0,0,42,1.0,0.0,walk
786,15.72,1.0,0.0,0.2883528470993042,0.7703173160552979,-0.28699761629104614,0.2611723840236664,0,2000,strong,0,0,42,1.0,0.0,walk
787,15.74,1.0,0.0,0.2847421169281006,0.783463180065155,-0.32819196581840515,0.24733838438987732,0,2000,strong,0,0,42,1.0,0.0,walk
788,15.76,1.0,0.0,0.2818056344985962,0.7743050456047058,-0.3465704023838043,-0.07863011956214905,0,2000,strong,0,0,42,1.0,0.0,walk
789,15.780000000000001,1.0,0.0,0.2814054489135742,0.6992062926292419,-0.27402952313423157,0.28224116563796997,0,2000,strong,0,0,42,1.0,0.0,walk
790,15.8,1.0,0.0,0.2753225564956665,0.6615599989891052,-0.22767172753810883,0.5746363997459412,0,2000,strong,0,0,42,1.0,0.0,walk
791,15.82,1.0,0.0,0.2679908275604248,0.6301588416099548,-0.19690696895122528,0.4527672529220581,0,2000,strong,0,0,42,1.0,0.0,walk
792,15.84,1.0,0.0,0.262349009513855,0.6029300093650818,-0.17125950753688812,0.2016850709915161,0,2000,strong,0,0,42,1.0,0.0,walk
793,15.860000000000001,1.0,0.0,0.2593952417373657,0.5881534218788147,-0.14564354717731476,-0.03985920175909996,0,2000,strong,0,0,42,1.0,0.0,walk
794,15.88,1.0,0.0,0.2580004930496216,0.5764746069908142,-0.11526622623205185,-0.13729271292686462,0,2000,strong,0,0,42,1.0,0.0,walk
795,15.9,1.0,0.0,0.25735223293304443,0.569592297077179,-0.0846031978726387,-0.13967230916023254,0,2000,strong,0,0,42,1.0,0.0,walk
796,15.92,1.0,0.0,0.256999135017395,0.5712052583694458,-0.05584641173481941,-0.11867490410804749,0,2000,strong,0,0,42,1.0,0.0,walk
797,15.94,1.0,0.0,0.2565382719039917,0.5766859650611877,-0.03070954605937004,-0.08688980340957642,0,2000,strong,0,0,42,1.0,0.0,walk
798,15.96,1.0,0.0,0.25631392002105713,0.5934904217720032,-0.012392599135637283,-0.05572284758090973,0,2000,strong,0,0,42,1.0,0.0,walk
799,15.98,1.0,0.0,0.2563968896865845,0.6198387145996094,0.00011998484842479229,1.4338002074509859e-05,0,2000,strong,0,0,42,1.0,0.0,walk
800,16.0,1.0,0.0,0.2557119131088257,0.6442492604255676,0.016210176050662994,0.14118996262550354,0,2000,strong,0,0,42,1.0,0.0,walk
801,16.02,1.0,0.0,0.25404608249664307,0.667622983455658,0.0346481129527092,0.24804675579071045,0,2000,strong,0,0,42,1.0,0.0,walk
802,16.04,1.0,0.0,0.25210392475128174,0.6931789517402649,0.05306300148367882,0.282138466835022,0,2000,strong,0,0,42,1.0,0.0,walk
803,16.06,1.0,0.0,0.2506263256072998,0.7194594740867615,0.07346323877573013,0.23900826275348663,0,2000,strong,0,0,42,1.0,0.0,walk
804,16.080000000000002,1.0,0.0,0.2500268220901489,0.7436450719833374,0.09778112918138504,0.15470585227012634,0,2000,strong,0,0,42,1.0,0.0,walk
805,16.1,1.0,0.0,0.25022757053375244,0.7649936079978943,0.1262059062719345,0.06690364331007004,0,2000,strong,0,0,42,1.0,0.0,walk
806,16.12,1.0,0.0,0.2509070634841919,0.7811123132705688,0.15840080380439758,-0.03685218095779419,0,2000,strong,0,0,42,1.0,0.0,walk
807,16.14,1.0,0.0,0.2523993253707886,0.7930031418800354,0.19279679656028748,-0.18363693356513977,0,2000,strong,0,0,42,1.0,0.0,walk
808,16.16,1.0,0.0,0.25524580478668213,0.8015432953834534,0.22479502856731415,-0.2803133428096771,0,2000,strong,0,0,42,1.0,0.0,walk
809,16.18,1.0,0.0,0.25797832012176514,0.7585983872413635,0.21784622967243195,-0.15141041576862335,0,2000,strong,0,0,42,1.0,0.0,walk
810,16.2,1.0,0.0,0.261163592338562,0.6925876140594482,0.14516715705394745,-0.3853307366371155,0,2000,strong,0,0,42,1.0,0.0,walk
811,16.22,1.0,0.0,0.26582300662994385,0.653741180896759,0.10916294902563095,-0.2981318235397339,0,2000,strong,0,0,42,1.0,0.0,walk
812,16.240000000000002,1.0,0.0,0.2680445909500122,0.6448994278907776,0.08129085600376129,0.018413685262203217,0,2000,strong,0,0,42,1.0,0.0,walk
813,16.26,1.0,0.0,0.2690800428390503,0.6065993309020996,0.057314712554216385,0.29578089714050293,0,2000,strong,0,0,42,1.0,0.0,walk
814,16.28,1.0,0.0,0.2678142786026001,0.5893855094909668,0.030687814578413963,0.4761449992656708,0,2000,strong,0,0,42,1.0,0.0,walk
815,16.3,1.0,0.0,0.2654116153717041,0.5831832885742188,0.005963853094726801,0.5006120204925537,0,2000,strong,0,0,42,1.0,0.0,walk
816,16.32,1.0,0.0,0.26231229305267334,0.5791067481040955,-0.013205430470407009,0.5028663873672485,0,2000,strong,0,0,42,1.0,0.0,walk
817,16.34,1.0,0.0,0.2594858407974243,0.5717012286186218,-0.039584144949913025,0.46586036682128906,0,2000,strong,0,0,42,1.0,0.0,walk
818,16.36,1.0,0.0,0.25761735439300537,0.5681461691856384,-0.0617331862449646,0.30671101808547974,0,2000,strong,0,0,42,1.0,0.0,walk
819,16.38,1.0,0.0,0.25717461109161377,0.5756849646568298,-0.07975298911333084,0.09803329408168793,0,2000,strong,0,0,42,1.0,0.0,walk
820,16.4,1.0,0.0,0.2572498321533203,0.5797646045684814,-0.09246040135622025,0.0768786370754242,0,2000,strong,0,0,42,1.0,0.0,walk
821,16.42,1.0,0.0,0.2571943998336792,0.59012770652771,-0.10463221371173859,0.017954066395759583,0,2000,strong,0,0,42,1.0,0.0,walk
822,16.44,1.0,0.0,0.25778043270111084,0.6046057343482971,-0.11856523901224136,-0.11521868407726288,0,2000,strong,0,0,42,1.0,0.0,walk
823,16.46,1.0,0.0,0.25920331478118896,0.6227326393127441,-0.1324521154165268,-0.21523350477218628,0,2000,strong,0,0,42,1.0,0.0,walk
824,16.48,1.0,0.0,0.26080918312072754,0.6447417736053467,-0.1493033617734909,-0.23586058616638184,0,2000,strong,0,0,42,1.0,0.0,walk
825,16.5,1.0,0.0,0.26147663593292236,0.6709275245666504,-0.1695549488067627,-0.1389859914779663,0,2000,strong,0,0,42,1.0,0.0,walk
826,16.52,1.0,0.0,0.260517954826355,0.6992880702018738,-0.19619719684123993,-0.01112116314470768,0,2000,strong,0,0,42,1.0,0.0,walk
827,16.54,1.0,0.0,0.25834882259368896,0.7214680314064026,-0.23111088573932648,0.10773986577987671,0,2000,strong,0,0,42,1.0,0.0,walk
828,16.56,1.0,0.0,0.25540077686309814,0.7365891337394714,-0.2699302136898041,0.21059736609458923,0,2000,strong,0,0,42,1.0,0.0,walk
829,16.580000000000002,1.0,0.0,0.2521573305130005,0.7486688494682312,-0.31096526980400085,0.22542902827262878,0,2000,strong,0,0,42,1.0,0.0,walk
830,16.6,1.0,0.0,0.2490788698196411,0.7580152153968811,-0.35094770789146423,0.17321598529815674,0,2000,strong,0,0,42,1.0,0.0,walk
831,16.62,1.0,0.0,0.24826288223266602,0.6903586387634277,-0.3213716447353363,-0.21949049830436707,0,2000,strong,0,0,42,1.0,0.0,walk
832,16.64,1.0,0.0,0.24553382396697998,0.6518467664718628,-0.2588247060775757,0.4103088974952698,0,2000,strong,0,0,42,1.0,0.0,walk
833,16.66,1.0,0.0,0.23806321620941162,0.6146665811538696,-0.21434339880943298,0.6459102630615234,0,2000,strong,0,0,42,1.0,0.0,walk
834,16.68,1.0,0.0,0.23038756847381592,0.5858167409896851,-0.18826159834861755,0.42064371705055237,0,2000,strong,0,0,42,1.0,0.0,walk
835,16.7,1.0,0.0,0.2252119779586792,0.5652558207511902,-0.1617857962846756,0.14086326956748962,0,2000,strong,0,0,42,1.0,0.0,walk
836,16.72,1.0,0.0,0.22277987003326416,0.5490639209747314,-0.13266350328922272,-0.08799894154071808,0,2000,strong,0,0,42,1.0,0.0,walk
837,16.740000000000002,1.0,0.0,0.22181689739227295,0.5427499413490295,-0.10303469747304916,-0.14798904955387115,0,2000,strong,0,0,42,1.0,0.0,walk
838,16.76,1.0,0.0,0.22150957584381104,0.5410354137420654,-0.07238011807203293,-0.16001130640506744,0,2000,strong,0,0,42,1.0,0.0,walk
839,16.78,1.0,0.0,0.22161638736724854,0.5478157997131348,-0.04480643570423126,-0.15800048410892487,0,2000,strong,0,0,42,1.0,0.0,walk
840,16.8,1.0,0.0,0.221868634223938,0.5584794878959656,-0.022863537073135376,-0.1275956779718399,0,2000,strong,0,0,42,1.0,0.0,walk
841,16.82,1.0,0.0,0.22212612628936768,0.5794579982757568,-0.007439238019287586,-0.03444945812225342,0,2000,strong,0,0,42,1.0,0.0,walk
842,16.84,1.0,0.0,0.2218848466873169,0.6055817008018494,0.005172275472432375,0.08560845255851746,0,2000,strong,0,0,42,1.0,0.0,walk
843,16.86,1.0,0.0,0.22057902812957764,0.6271757483482361,0.022073697298765182,0.22037917375564575,0,2000,strong,0,0,42,1.0,0.0,walk
844,16.88,1.0,0.0,0.21848547458648682,0.6479034423828125,0.04133443534374237,0.29390355944633484,0,2000,strong,0,0,42,1.0,0.0,walk
845,16.9,1.0,0.0,0.21661484241485596,0.6704509854316711,0.06026701256632805,0.27661505341529846,0,2000,strong,0,0,42,1.0,0.0,walk
846,16.92,1.0,0.0,0.21552002429962158,0.6913689374923706,0.08278804272413254,0.20363003015518188,0,2000,strong,0,0,42,1.0,0.0,walk
847,16.94,1.0,0.0,0.2154470682144165,0.7116131782531738,0.10907037556171417,0.10601110011339188,0,2000,strong,0,0,42,1.0,0.0,walk
848,16.96,1.0,0.0,0.21603941917419434,0.728061318397522,0.14044272899627686,0.01104080118238926,0,2000,strong,0,0,42,1.0,0.0,walk
849,16.98,1.0,0.0,0.21707701683044434,0.7402492165565491,0.17502248287200928,-0.09094233810901642,0,2000,strong,0,0,42,1.0,0.0,walk
850,17.0,1.0,0.0,0.2190467119216919,0.7514409422874451,0.21141520142555237,-0.2145499438047409,0,2000,strong,0,0,42,1.0,0.0,walk
851,17.02,1.0,0.0,0.2219029664993286,0.7590717673301697,0.23961910605430603,-0.28709763288497925,0,2000,strong,0,0,42,1.0,0.0,walk
852,17.04,1.0,0.0,0.2244035005569458,0.7049553394317627,0.18938252329826355,-0.16317088901996613,0,2000,strong,0,0,42,1.0,0.0,walk
853,17.06,1.0,0.0,0.22807466983795166,0.6624617576599121,0.13912606239318848,-0.35509824752807617,0,2000,strong,0,0,42,1.0,0.0,walk
854,17.080000000000002,1.0,0.0,0.23165595531463623,0.628636360168457,0.10340413451194763,-0.07967469096183777,0,2000,strong,0,0,42,1.0,0.0,walk
855,17.1,1.0,0.0,0.23242175579071045,0.6087131500244141,0.07465760409832001,0.2583988606929779,0,2000,strong,0,0,42,1.0,0.0,walk
856,17.12,1.0,0.0,0.2309802770614624,0.5906862616539001,0.050682470202445984,0.49629732966423035,0,2000,strong,0,0,42,1.0,0.0,walk
857,17.14,1.0,0.0,0.2279418706893921,0.5702975988388062,0.024235127493739128,0.5839991569519043,0,2000,strong,0,0,42,1.0,0.0,walk
858,17.16,1.0,0.0,0.22485554218292236,0.5673760771751404,-0.00022034102585166693,0.4965875744819641,0,2000,strong,0,0,42,1.0,0.0,walk
859,17.18,1.0,0.0,0.2221904993057251,0.5699521899223328,-0.021519841626286507,0.4096977710723877,0,2000,strong,0,0,42,1.0,0.0,walk
860,17.2,1.0,0.0,0.2206798791885376,0.5663617253303528,-0.04506600275635719,0.29381656646728516,0,2000,strong,0,0,42,1.0,0.0,walk
861,17.22,1.0,0.0,0.22029006481170654,0.5695750117301941,-0.06376023590564728,0.13106685876846313,0,2000,strong,0,0,42,1.0,0.0,walk
862,17.240000000000002,1.0,0.0,0.2205514907836914,0.5805280804634094,-0.07992210984230042,0.04082805663347244,0,2000,strong,0,0,42,1.0,0.0,walk
863,17.26,1.0,0.0,0.22133004665374756,0.5933592319488525,-0.09306065738201141,-0.05634579434990883,0,2000,strong,0,0,42,1.0,0.0,walk
864,17.28,1.0,0.0,0.22258639335632324,0.6106926798820496,-0.1056237518787384,-0.1383589208126068,0,2000,strong,0,0,42,1.0,0.0,walk
865,17.3,1.0,0.0,0.22439658641815186,0.6314494013786316,-0.11939473450183868,-0.230464369058609,0,2000,strong,0,0,42,1.0,0.0,walk
866,17.32,1.0,0.0,0.22658240795135498,0.6547250747680664,-0.1340617537498474,-0.27536875009536743,0,2000,strong,0,0,42,1.0,0.0,walk
867,17.34,1.0,0.0,0.2282806634902954,0.6821938753128052,-0.15168088674545288,-0.23166492581367493,0,2000,strong,0,0,42,1.0,0.0,walk
868,17.36,1.0,0.0,0.22848868370056152,0.7132524847984314,-0.17351609468460083,-0.10096845030784607,0,2000,strong,0,0,42,1.0,0.0,walk
869,17.38,1.0,0.0,0.22717654705047607,0.7421369552612305,-0.2037716805934906,0.03086799755692482,0,2000,strong,0,0,42,1.0,0.0,walk
870,17.400000000000002,1.0,0.0,0.22468781471252441,0.7639890313148499,-0.2395433783531189,0.15923799574375153,0,2000,strong,0,0,42,1.0,0.0,walk
871,17.42,1.0,0.0,0.22156357765197754,0.7798970341682434,-0.27881675958633423,0.23137956857681274,0,2000,strong,0,0,42,1.0,0.0,walk
872,17.44,1.0,0.0,0.2182711362838745,0.7936446070671082,-0.3194913864135742,0.22723248600959778,0,2000,strong,0,0,42,1.0,0.0,walk
873,17.46,1.0,0.0,0.2157508134841919,0.7549335956573486,-0.3233281373977661,-0.34796541929244995,0,2000,strong,0,0,42,1.0,0.0,walk
874,17.48,1.0,0.0,0.21555101871490479,0.6995427012443542,-0.25682252645492554,0.22217735648155212,0,2000,strong,0,0,42,1.0,0.0,walk
875,17.5,1.0,0.0,0.20992720127105713,0.6555294394493103,-0.20827963948249817,0.509000301361084,0,2000,strong,0,0,42,1.0,0.0,walk
876,17.52,1.0,0.0,0.20357346534729004,0.6219595074653625,-0.1757287234067917,0.3109840750694275,0,2000,strong,0,0,42,1.0,0.0,walk
877,17.54,1.0,0.0,0.1991971731185913,0.6022466421127319,-0.14870129525661469,0.11481518298387527,0,2000,strong,0,0,42,1.0,0.0,walk
878,17.56,1.0,0.0,0.19672071933746338,0.5848885178565979,-0.12330567091703415,-0.05954925715923309,0,2000,strong,0,0,42,1.0,0.0,walk
879,17.580000000000002,1.0,0.0,0.19536221027374268,0.5772210359573364,-0.09511729329824448,-0.12464246153831482,0,2000,strong,0,0,42,1.0,0.0,walk
880,17.6,1.0,0.0,0.19438707828521729,0.5711434483528137,-0.06527353823184967,-0.11559326201677322,0,2000,strong,0,0,42,1.0,0.0,walk
881,17.62,1.0,0.0,0.19386136531829834,0.5726228356361389,-0.039143357425928116,-0.10260994732379913,0,2000,strong,0,0,42,1.0,0.0,walk
882,17.64,1.0,0.0,0.19353187084197998,0.5782953500747681,-0.01642213575541973,-0.12351956963539124,0,2000,strong,0,0,42,1.0,0.0,walk
883,17.66,1.0,0.0,0.19370877742767334,0.5952426791191101,7.634758367203176e-05,-0.07991238683462143,0,2000,strong,0,0,42,1.0,0.0,walk
884,17.68,1.0,0.0,0.19375646114349365,0.622320830821991,0.012530294246971607,0.033445753157138824,0,2000,strong,0,0,42,1.0,0.0,walk
885,17.7,1.0,0.0,0.19275891780853271,0.6466881632804871,0.02821100689470768,0.1779114305973053,0,2000,strong,0,0,42,1.0,0.0,walk
886,17.72,1.0,0.0,0.19076263904571533,0.6693906784057617,0.046489790081977844,0.2792416214942932,0,2000,strong,0,0,42,1.0,0.0,walk
887,17.740000000000002,1.0,0.0,0.18866097927093506,0.6938722729682922,0.06495881825685501,0.2914027273654938,0,2000,strong,0,0,42,1.0,0.0,walk
888,17.76,1.0,0.0,0.18725991249084473,0.7188723683357239,0.08586619794368744,0.2220451533794403,0,2000,strong,0,0,42,1.0,0.0,walk
889,17.78,1.0,0.0,0.18704378604888916,0.7422567009925842,0.1110728308558464,0.1090831607580185,0,2000,strong,0,0,42,1.0,0.0,walk
890,17.8,1.0,0.0,0.18785512447357178,0.7624439597129822,0.14099068939685822,-0.0023376152385026217,0,2000,strong,0,0,42,1.0,0.0,walk
891,17.82,1.0,0.0,0.18916308879852295,0.7781694531440735,0.1751806139945984,-0.09745445847511292,0,2000,strong,0,0,42,1.0,0.0,walk
892,17.84,1.0,0.0,0.191217303276062,0.7904372811317444,0.21113720536231995,-0.22643662989139557,0,2000,strong,0,0,42,1.0,0.0,walk
893,17.86,1.0,0.0,0.19424140453338623,0.7993329167366028,0.2453165203332901,-0.2722531855106354,0,2000,strong,0,0,42,1.0,0.0,walk
894,17.88,1.0,0.0,0.19668447971343994,0.7570319771766663,0.23362015187740326,-0.21450275182724,0,2000,strong,0,0,42,1.0,0.0,walk
895,17.900000000000002,1.0,0.0,0.20024549961090088,0.6910801529884338,0.1614428013563156,-0.44560596346855164,0,2000,strong,0,0,42,1.0,0.0,walk
896,17.92,1.0,0.0,0.20529568195343018,0.6512181162834167,0.12473537027835846,-0.3174787759780884,0,2000,strong,0,0,42,1.0,0.0,walk
897,17.94,1.0,0.0,0.2076796293258667,0.6399945616722107,0.09814321249723434,0.022370286285877228,0,2000,strong,0,0,42,1.0,0.0,walk
898,17.96,1.0,0.0,0.20862984657287598,0.6045510768890381,0.07450046390295029,0.28944188356399536,0,2000,strong,0,0,42,1.0,0.0,walk
899,17.98,1.0,0.0,0.20734846591949463,0.5856985449790955,0.04697313532233238,0.4702158272266388,0,2000,strong,0,0,42,1.0,0.0,walk
900,18.0,1.0,0.0,0.20507359504699707,0.5809604525566101,0.021861465647816658,0.4681553542613983,0,2000,strong,0,0,42,1.0,0.0,walk
901,18.02,1.0,0.0,0.20225942134857178,0.5796898007392883,0.002704514656215906,0.4569719135761261,0,2000,strong,0,0,42,1.0,0.0,walk
902,18.04,1.0,0.0,0.19992506504058838,0.5729962587356567,-0.024599730968475342,0.4004563093185425,0,2000,strong,0,0,42,1.0,0.0,walk
903,18.06,1.0,0.0,0.19867384433746338,0.572292149066925,-0.04720498248934746,0.23076587915420532,0,2000,strong,0,0,42,1.0,0.0,walk
904,18.080000000000002,1.0,0.0,0.19878828525543213,0.5808022618293762,-0.06541682034730911,0.04483296722173691,0,2000,strong,0,0,42,1.0,0.0,walk
905,18.1,1.0,0.0,0.19944226741790771,0.5877698063850403,-0.07854103296995163,0.008821476250886917,0,2000,strong,0,0,42,1.0,0.0,walk
906,18.12,1.0,0.0,0.19994306564331055,0.6007857918739319,-0.09001234918832779,-0.03235551342368126,0,2000,strong,0,0,42,1.0,0.0,walk
907,18.14,1.0,0.0,0.20085978507995605,0.6173944473266602,-0.10368511080741882,-0.13904476165771484,0,2000,strong,0,0,42,1.0,0.0,walk
908,18.16,1.0,0.0,0.20238077640533447,0.636979341506958,-0.11720117181539536,-0.2179635465145111,0,2000,strong,0,0,42,1.0,0.0,walk
909,18.18,1.0,0.0,0.2038782835006714,0.6607121825218201,-0.13391558825969696,-0.2212585061788559,0,2000,strong,0,0,42,1.0,0.0,walk
910,18.2,1.0,0.0,0.20435774326324463,0.6884967684745789,-0.15431559085845947,-0.1254630982875824,0,2000,strong,0,0,42,1.0,0.0,walk
911,18.22,1.0,0.0,0.2033480405807495,0.718072235584259,-0.18125836551189423,-0.008271231316030025,0,2000,strong,0,0,42,1.0,0.0,walk
912,18.240000000000002,1.0,0.0,0.201257586479187,0.7414143085479736,-0.2152307629585266,0.09914439916610718,0,2000,strong,0,0,42,1.0,0.0,walk
913,18.26,1.0,0.0,0.19850552082061768,0.7574300765991211,-0.2530066668987274,0.19006237387657166,0,2000,strong,0,0,42,1.0,0.0,walk
914,18.28,1.0,0.0,0.19549202919006348,0.770604133605957,-0.29324838519096375,0.2069363296031952,0,2000,strong,0,0,42,1.0,0.0,walk
915,18.3,1.0,0.0,0.19266986846923828,0.7811165452003479,-0.3318489193916321,0.15197613835334778,0,2000,strong,0,0,42,1.0,0.0,walk
916,18.32,1.0,0.0,0.1924365758895874,0.7140969634056091,-0.2876480519771576,-0.03382004052400589,0,2000,strong,0,0,42,1.0,0.0,walk
917,18.34,1.0,0.0,0.18891942501068115,0.6678323745727539,-0.23243093490600586,0.4505760967731476,0,2000,strong,0,0,42,1.0,0.0,walk
918,18.36,1.0,0.0,0.18189990520477295,0.631190299987793,-0.1930173933506012,0.5416101813316345,0,2000,strong,0,0,42,1.0,0.0,walk
919,18.38,1.0,0.0,0.1754816770553589,0.6036853194236755,-0.1666550189256668,0.29837164282798767,0,2000,strong,0,0,42,1.0,0.0,walk
920,18.400000000000002,1.0,0.0,0.17142045497894287,0.5845188498497009,-0.14323951303958893,0.05104278773069382,0,2000,strong,0,0,42,1.0,0.0,walk
921,18.42,1.0,0.0,0.16967236995697021,0.5691760182380676,-0.11444342881441116,-0.1356874406337738,0,2000,strong,0,0,42,1.0,0.0,walk
922,18.44,1.0,0.0,0.16894304752349854,0.5600608587265015,-0.08396672457456589,-0.1492426097393036,0,2000,strong,0,0,42,1.0,0.0,walk
923,18.46,1.0,0.0,0.1686924695968628,0.5594137907028198,-0.05484181270003319,-0.15287329256534576,0,2000,strong,0,0,42,1.0,0.0,walk
924,18.48,1.0,0.0,0.16860449314117432,0.5644490122795105,-0.028839433565735817,-0.1288113296031952,0,2000,strong,0,0,42,1.0,0.0,walk
925,18.5,1.0,0.0,0.16859591007232666,0.5747739672660828,-0.006967737339437008,-0.10422182083129883,0,2000,strong,0,0,42,1.0,0.0,walk
926,18.52,1.0,0.0,0.16884863376617432,0.5955970883369446,0.008002487942576408,-0.04095610976219177,0,2000,strong,0,0,42,1.0,0.0,walk
927,18.54,1.0,0.0,0.1685253381729126,0.6205140352249146,0.021706240251660347,0.09411869943141937,0,2000,strong,0,0,42,1.0,0.0,walk
928,18.56,1.0,0.0,0.1671830415725708,0.6427202224731445,0.03817320615053177,0.2147662490606308,0,2000,strong,0,0,42,1.0,0.0,walk
929,18.580000000000002,1.0,0.0,0.16518938541412354,0.6651251316070557,0.05673091113567352,0.28052380681037903,0,2000,strong,0,0,42,1.0,0.0,walk
930,18.6,1.0,0.0,0.16344153881072998,0.6895437240600586,0.07549653202295303,0.26098158955574036,0,2000,strong,0,0,42,1.0,0.0,walk
931,18.62,1.0,0.0,0.1625128984451294,0.7128394246101379,0.09783903509378433,0.18612554669380188,0,2000,strong,0,0,42,1.0,0.0,walk
932,18.64,1.0,0.0,0.16261136531829834,0.7347580790519714,0.12419567257165909,0.09217691421508789,0,2000,strong,0,0,42,1.0,0.0,walk
933,18.66,1.0,0.0,0.1633204221725464,0.7528462409973145,0.15555712580680847,0.0063214972615242004,0,2000,strong,0,0,42,1.0,0.0,walk
934,18.68,1.0,0.0,0.16444146633148193,0.7658543586730957,0.18972305953502655,-0.09891770780086517,0,2000,strong,0,0,42,1.0,0.0,walk
935,18.7,1.0,0.0,0.16655635833740234,0.7774667143821716,0.22587774693965912,-0.23281621932983398,0,2000,strong,0,0,42,1.0,0.0,walk
936,18.72,1.0,0.0,0.16955173015594482,0.7848638892173767,0.2539503574371338,-0.29421353340148926,0,2000,strong,0,0,42,1.0,0.0,walk
937,18.740000000000002,1.0,0.0,0.17225611209869385,0.736684262752533,0.2041013091802597,-0.19009390473365784,0,2000,strong,0,0,42,1.0,0.0,walk
938,18.76,1.0,0.0,0.1759343147277832,0.6877137422561646,0.14865824580192566,-0.39922988414764404,0,2000,strong,0,0,42,1.0,0.0,walk
939,18.78,1.0,0.0,0.18011415004730225,0.6548707485198975,0.11208242923021317,-0.17620889842510223,0,2000,strong,0,0,42,1.0,0.0,walk
940,18.8,1.0,0.0,0.18158185482025146,0.6371605396270752,0.084322988986969,0.17109329998493195,0,2000,strong,0,0,42,1.0,0.0,walk
941,18.82,1.0,0.0,0.1810239553451538,0.6149042248725891,0.05824502184987068,0.4019480049610138,0,2000,strong,0,0,42,1.0,0.0,walk
942,18.84,1.0,0.0,0.1787348985671997,0.5949488282203674,0.0322064608335495,0.5180565714836121,0,2000,strong,0,0,42,1.0,0.0,walk
943,18.86,1.0,0.0,0.17611396312713623,0.5882794857025146,0.0076990327797830105,0.4637834429740906,0,2000,strong,0,0,42,1.0,0.0,walk
944,18.88,1.0,0.0,0.17355597019195557,0.5895242691040039,-0.013752873055636883,0.40530574321746826,0,2000,strong,0,0,42,1.0,0.0,walk
945,18.900000000000002,1.0,0.0,0.1720048189163208,0.5839462280273438,-0.039030443876981735,0.29767608642578125,0,2000,strong,0,0,42,1.0,0.0,walk
946,18.92,1.0,0.0,0.17163026332855225,0.5852749943733215,-0.05823560059070587,0.12955321371555328,0,2000,strong,0,0,42,1.0,0.0,walk
947,18.94,1.0,0.0,0.17208421230316162,0.5938299894332886,-0.07413125783205032,0.014507615938782692,0,2000,strong,0,0,42,1.0,0.0,walk
948,18.96,1.0,0.0,0.17300069332122803,0.6051162481307983,-0.08751648664474487,-0.05981580168008804,0,2000,strong,0,0,42,1.0,0.0,walk
949,18.98,1.0,0.0,0.17427241802215576,0.6206533312797546,-0.09993329644203186,-0.13817456364631653,0,2000,strong,0,0,42,1.0,0.0,walk
950,19.0,1.0,0.0,0.17612016201019287,0.6394056081771851,-0.11342084407806396,-0.2348211705684662,0,2000,strong,0,0,42,1.0,0.0,walk
951,19.02,1.0,0.0,0.1782609224319458,0.660343587398529,-0.12741321325302124,-0.2686736285686493,0,2000,strong,0,0,42,1.0,0.0,walk
952,19.04,1.0,0.0,0.1798468828201294,0.6849895119667053,-0.14518749713897705,-0.2214507758617401,0,2000,strong,0,0,42,1.0,0.0,walk
953,19.06,1.0,0.0,0.17994868755340576,0.7137733101844788,-0.1670476496219635,-0.09460766613483429,0,2000,strong,0,0,42,1.0,0.0,walk
954,19.080000000000002,1.0,0.0,0.17860782146453857,0.7408943772315979,-0.19710414111614227,0.023364203050732613,0,2000,strong,0,0,42,1.0,0.0,walk
955,19.1,1.0,0.0,0.17624413967132568,0.7609307169914246,-0.23258307576179504,0.13716693222522736,0,2000,strong,0,0,42,1.0,0.0,walk
956,19.12,1.0,0.0,0.17335760593414307,0.7751947641372681,-0.27135396003723145,0.20280495285987854,0,2000,strong,0,0,42,1.0,0.0,walk
957,19.14,1.0,0.0,0.1703711748123169,0.7876692414283752,-0.3105210065841675,0.19398292899131775,0,2000,strong,0,0,42,1.0,0.0,walk
958,19.16,1.0,0.0,0.1678828001022339,0.7630950212478638,-0.31869593262672424,-0.2384987473487854,0,2000,strong,0,0,42,1.0,0.0,walk
959,19.18,1.0,0.0,0.1676158905029297,0.7003598213195801,-0.2540000379085541,0.24755138158798218,0,2000,strong,0,0,42,1.0,0.0,walk
960,19.2,1.0,0.0,0.1618591547012329,0.6599903106689453,-0.2081882357597351,0.515009880065918,0,2000,strong,0,0,42,1.0,0.0,walk
961,19.22,1.0,0.0,0.15544629096984863,0.6283191442489624,-0.17668309807777405,0.3282860517501831,0,2000,strong,0,0,42,1.0,0.0,walk
962,19.240000000000002,1.0,0.0,0.15090250968933105,0.6071810722351074,-0.151253342628479,0.12408755719661713,0,2000,strong,0,0,42,1.0,0.0,walk
963,19.26,1.0,0.0,0.14846408367156982,0.5926840901374817,-0.12536996603012085,-0.07957662642002106,0,2000,strong,0,0,42,1.0,0.0,walk
964,19.28,1.0,0.0,0.14709055423736572,0.5833445191383362,-0.09712672233581543,-0.10681724548339844,0,2000,strong,0,0,42,1.0,0.0,walk
965,19.3,1.0,0.0,0.1461927890777588,0.5791958570480347,-0.06846621632575989,-0.12071451544761658,0,2000,strong,0,0,42,1.0,0.0,walk
966,19.32,1.0,0.0,0.14568078517913818,0.5813628435134888,-0.041933294385671616,-0.09989993274211884,0,2000,strong,0,0,42,1.0,0.0,walk
967,19.34,1.0,0.0,0.14530837535858154,0.5871327519416809,-0.017124569043517113,-0.11453956365585327,0,2000,strong,0,0,42,1.0,0.0,walk
968,19.36,1.0,0.0,0.14561498165130615,0.6056738495826721,-0.000586186011787504,-0.09896565973758698,0,2000,strong,0,0,42,1.0,0.0,walk
969,19.38,1.0,0.0,0.14588677883148193,0.6317769885063171,0.012497068382799625,0.00428175600245595,0,2000,strong,0,0,42,1.0,0.0,walk
970,19.400000000000002,1.0,0.0,0.14526522159576416,0.6558898687362671,0.02803575061261654,0.13830040395259857,0,2000,strong,0,0,42,1.0,0.0,walk
971,19.42,1.0,0.0,0.14369285106658936,0.6786655783653259,0.04669623076915741,0.2400050014257431,0,2000,strong,0,0,42,1.0,0.0,walk
972,19.44,1.0,0.0,0.14189445972442627,0.7035552263259888,0.06536274403333664,0.26835858821868896,0,2000,strong,0,0,42,1.0,0.0,walk
973,19.46,1.0,0.0,0.14067280292510986,0.7293410897254944,0.08608530461788177,0.20829106867313385,0,2000,strong,0,0,42,1.0,0.0,walk
974,19.48,1.0,0.0,0.1405564546585083,0.7532417178153992,0.1107194796204567,0.10202987492084503,0,2000,strong,0,0,42,1.0,0.0,walk
975,19.5,1.0,0.0,0.14139556884765625,0.7744036316871643,0.14000572264194489,0.003063230775296688,0,2000,strong,0,0,42,1.0,0.0,walk
976,19.52,1.0,0.0,0.1426914930343628,0.7903162240982056,0.17319883406162262,-0.09396284818649292,0,2000,strong,0,0,42,1.0,0.0,walk
977,19.54,1.0,0.0,0.14478814601898193,0.8024560809135437,0.20855718851089478,-0.2332470715045929,0,2000,strong,0,0,42,1.0,0.0,walk
978,19.56,1.0,0.0,0.1479572057723999,0.811179518699646,0.242361918091774,-0.2844158113002777,0,2000,strong,0,0,42,1.0,0.0,walk
979,19.580000000000002,1.0,0.0,0.15060436725616455,0.7666884660720825,0.23634804785251617,-0.10579079389572144,0,2000,strong,0,0,42,1.0,0.0,walk
980,19.6,1.0,0.0,0.1536468267440796,0.6974102854728699,0.16262510418891907,-0.37079960107803345,0,2000,strong,0,0,42,1.0,0.0,walk
981,19.62,1.0,0.0,0.1584542989730835,0.6585415601730347,0.12544961273670197,-0.3031493127346039,0,2000,strong,0,0,42,1.0,0.0,walk
982,19.64,1.0,0.0,0.16073131561279297,0.6496564745903015,0.09656509757041931,0.015401405282318592,0,2000,strong,0,0,42,1.0,0.0,walk
983,19.66,1.0,0.0,0.16189801692962646,0.6103092432022095,0.07243406772613525,0.26497119665145874,0,2000,strong,0,0,42,1.0,0.0,walk
984,19.68,1.0,0.0,0.16116082668304443,0.5912898778915405,0.04578607529401779,0.41698938608169556,0,2000,strong,0,0,42,1.0,0.0,walk
985,19.7,1.0,0.0,0.15934860706329346,0.5863819718360901,0.02206755243241787,0.4337765872478485,0,2000,strong,0,0,42,1.0,0.0,walk
986,19.72,1.0,0.0,0.1568664312362671,0.5803467631340027,0.003366944845765829,0.4436776340007782,0,2000,strong,0,0,42,1.0,0.0,walk
987,19.740000000000002,1.0,0.0,0.15457212924957275,0.571497917175293,-0.023334350436925888,0.4150086045265198,0,2000,strong,0,0,42,1.0,0.0,walk
988,19.76,1.0,0.0,0.15327942371368408,0.5691911578178406,-0.04531141743063927,0.23645058274269104,0,2000,strong,0,0,42,1.0,0.0,walk
989,19.78,1.0,0.0,0.15352916717529297,0.5783742070198059,-0.06382831186056137,0.02384263649582863,0,2000,strong,0,0,42,1.0,0.0,walk
990,19.8,1.0,0.0,0.15434908866882324,0.5832955837249756,-0.07613114267587662,0.002505186479538679,0,2000,strong,0,0,42,1.0,0.0,walk
991,19.82,1.0,0.0,0.15490281581878662,0.5934680104255676,-0.08793959021568298,-0.030567586421966553,0,2000,strong,0,0,42,1.0,0.0,walk
992,19.84,1.0,0.0,0.1558617353439331,0.6076103448867798,-0.10202789306640625,-0.1426539123058319,0,2000,strong,0,0,42,1.0,0.0,walk
993,19.86,1.0,0.0,0.15748894214630127,0.6251035332679749,-0.11586894094944,-0.22943733632564545,0,2000,strong,0,0,42,1.0,0.0,walk
994,19.88,1.0,0.0,0.15916550159454346,0.6464645266532898,-0.13258032500743866,-0.2404957413673401,0,2000,strong,0,0,42,1.0,0.0,walk
995,19.900000000000002,1.0,0.0,0.15992426872253418,0.6720963716506958,-0.15208317339420319,-0.15410004556179047,0,2000,strong,0,0,42,1.0,0.0,walk
996,19.92,1.0,0.0,0.15918612480163574,0.7001497149467468,-0.17823652923107147,-0.037084873765707016,0,2000,strong,0,0,42,1.0,0.0,walk
997,19.94,1.0,0.0,0.15738511085510254,0.7218790650367737,-0.21215908229351044,0.06525436043739319,0,2000,strong,0,0,42,1.0,0.0,walk
998,19.96,1.0,0.0,0.1549605131149292,0.7367318868637085,-0.24974626302719116,0.1573597490787506,0,2000,strong,0,0,42,1.0,0.0,walk
999,19.98,1.0,0.0,0.6933199167251587,0.748805046081543,-0.28918078541755676,0.18830683827400208,0,2000,strong,0,0,42,1.0,0.0,walk
1000,20.0,1.0,0.0,0.6904445886611938,0.7586256861686707,-0.3283224105834961,0.18064838647842407,0,2000,strong,0,0,42,1.0,0.0,walk
1001,20.02,1.0,0.0,0.6893445253372192,0.6910121440887451,-0.2901466488838196,-0.16081777215003967,0,2000,strong,0,0,42,1.0,0.0,walk
1002,20.04,1.0,0.0,0.685928225517273,0.6553005576133728,-0.2374841868877411,0.4461570084095001,0,2000,strong,0,0,42,1.0,0.0,walk
1003,20.06,1.0,0.0,0.6786054372787476,0.6196410059928894,-0.1966714859008789,0.6039792895317078,0,2000,strong,0,0,42,1.0,0.0,walk
1004,20.080000000000002,1.0,0.0,0.6716059446334839,0.592445433139801,-0.16998735070228577,0.3471895456314087,0,2000,strong,0,0,42,1.0,0.0,walk
1005,20.1,1.0,0.0,0.6668568849563599,0.5761571526527405,-0.14512737095355988,0.12970054149627686,0,2000,strong,0,0,42,1.0,0.0,walk
1006,20.12,1.0,0.0,0.6642385721206665,0.5604792237281799,-0.11833322048187256,-0.057546764612197876,0,2000,strong,0,0,42,1.0,0.0,walk
1007,20.14,1.0,0.0,0.6628066301345825,0.5547906756401062,-0.0911007896065712,-0.0962742492556572,0,2000,strong,0,0,42,1.0,0.0,walk
1008,20.16,1.0,0.0,0.6619969606399536,0.5547515749931335,-0.0626019686460495,-0.11210143566131592,0,2000,strong,0,0,42,1.0,0.0,walk
1009,20.18,1.0,0.0,0.6615997552871704,0.5612226724624634,-0.0374511294066906,-0.10346949845552444,0,2000,strong,0,0,42,1.0,0.0,walk
1010,20.2,1.0,0.0,0.6612173318862915,0.5705538988113403,-0.01560351625084877,-0.07089554518461227,0,2000,strong,0,0,42,1.0,0.0,walk
1011,20.22,1.0,0.0,0.6608985662460327,0.5925557613372803,-0.001031036488711834,0.026476014405488968,0,2000,strong,0,0,42,1.0,0.0,walk
1012,20.240000000000002,1.0,0.0,0.6598144769668579,0.6185770630836487,0.010851931758224964,0.18417932093143463,0,2000,strong,0,0,42,1.0,0.0,walk
1013,20.26,1.0,0.0,0.6573752164840698,0.6395942568778992,0.025913098827004433,0.34482020139694214,0,2000,strong,0,0,42,1.0,0.0,walk
1014,20.28,1.0,0.0,0.6538108587265015,0.6596975326538086,0.0439390130341053,0.4522005319595337,0,2000,strong,0,0,42,1.0,0.0,walk
1015,20.3,1.0,0.0,0.6502119302749634,0.6814754605293274,0.060960445553064346,0.45369771122932434,0,2000,strong,0,0,42,1.0,0.0,walk
1016,20.32,1.0,0.0,0.6472855806350708,0.7028970718383789,0.08147551119327545,0.3848126232624054,0,2000,strong,0,0,42,1.0,0.0,walk
1017,20.34,1.0,0.0,0.6453491449356079,0.7242431640625,0.10519269853830338,0.28578981757164,0,2000,strong,0,0,42,1.0,0.0,walk
1018,20.36,1.0,0.0,0.6441649198532104,0.7417095899581909,0.13412043452262878,0.17982956767082214,0,2000,strong,0,0,42,1.0,0.0,walk
1019,20.38,1.0,0.0,0.6436768770217896,0.7539495825767517,0.16611117124557495,0.04070667177438736,0,2000,strong,0,0,42,1.0,0.0,walk
1020,20.400000000000002,1.0,0.0,0.6447359323501587,0.7639473676681519,0.19996242225170135,-0.1651252657175064,0,2000,strong,0,0,42,1.0,0.0,walk
1021,20.42,1.0,0.0,0.6476620435714722,0.7695424556732178,0.22293531894683838,-0.37059929966926575,0,2000,strong,0,0,42,1.0,0.0,walk
1022,20.44,1.0,0.0,0.6505762338638306,0.71784907579422,0.1702624261379242,-0.1985177993774414,0,2000,strong,0,0,42,1.0,0.0,walk
1023,20.46,1.0,0.0,0.6532841920852661,0.6721189618110657,0.11730057001113892,-0.22713688015937805,0,2000,strong,0,0,42,1.0,0.0,walk
1024,20.48,1.0,0.0,0.6553341150283813,0.6433790922164917,0.08224951475858688,0.09334613382816315,0,2000,strong,0,0,42,1.0,0.0,walk
1025,20.5,1.0,0.0,0.6539641618728638,0.6322309970855713,0.052371568977832794,0.5003622174263,0,2000,strong,0,0,42,1.0,0.0,walk
1026,20.52,1.0,0.0,0.6500262022018433,0.6157719492912292,0.024636972695589066,0.7495436072349548,0,2000,strong,0,0,42,1.0,0.0,walk
1027,20.54,1.0,0.0,0.6447683572769165,0.5993092656135559,-0.0049417768605053425,0.7925223708152771,0,2000,strong,0,0,42,1.0,0.0,walk
1028,20.56,1.0,0.0,0.6399341821670532,0.5961965322494507,-0.031446654349565506,0.6611899733543396,0,2000,strong,0,0,42,1.0,0.0,walk
1029,20.580000000000002,1.0,0.0,0.6358391046524048,0.5985627770423889,-0.052563656121492386,0.5450172424316406,0,2000,strong,0,0,42,1.0,0.0,walk
1030,20.6,1.0,0.0,0.633156418800354,0.5922638177871704,-0.07718388736248016,0.40845590829849243,0,2000,strong,0,0,42,1.0,0.0,walk
1031,20.62,1.0,0.0,0.6316953897476196,0.5917044878005981,-0.09610601514577866,0.24823212623596191,0,2000,strong,0,0,42,1.0,0.0,walk
1032,20.64,1.0,0.0,0.6309949159622192,0.5989970564842224,-0.11197767406702042,0.13809198141098022,0,2000,strong,0,0,42,1.0,0.0,walk
1033,20.66,1.0,0.0,0.630691647529602,0.6102019548416138,-0.12548597157001495,0.05757325887680054,0,2000,strong,0,0,42,1.0,0.0,walk
1034,20.68,1.0,0.0,0.6309159994125366,0.6262043118476868,-0.13959525525569916,-0.04607170447707176,0,2000,strong,0,0,42,1.0,0.0,walk
1035,20.7,1.0,0.0,0.632067084312439,0.6465039253234863,-0.15588818490505219,-0.17570443451404572,0,2000,strong,0,0,42,1.0,0.0,walk
1036,20.72,1.0,0.0,0.6337476968765259,0.6706010103225708,-0.17194558680057526,-0.22239980101585388,0,2000,strong,0,0,42,1.0,0.0,walk
1037,20.740000000000002,1.0,0.0,0.6349483728408813,0.6998031735420227,-0.19177083671092987,-0.16980408132076263,0,2000,strong,0,0,42,1.0,0.0,walk
1038,20.76,1.0,0.0,0.6342636346817017,0.7327942848205566,-0.2153816521167755,0.009544424712657928,0,2000,strong,0,0,42,1.0,0.0,walk
1039,20.78,1.0,0.0,0.6315373182296753,0.7639858722686768,-0.2488100379705429,0.1893865466117859,0,2000,strong,0,0,42,1.0,0.0,walk
1040,20.8,1.0,0.0,0.6270836591720581,0.787047266960144,-0.2891087234020233,0.3721998631954193,0,2000,strong,0,0,42,1.0,0.0,walk
1041,20.82,1.0,0.0,0.6216038465499878,0.8035635352134705,-0.33450600504875183,0.4688655138015747,0,2000,strong,0,0,42,1.0,0.0,walk
1042,20.84,1.0,0.0,0.6162334680557251,0.8191944360733032,-0.3818747103214264,0.393136590719223,0,2000,strong,0,0,42,1.0,0.0,walk
1043,20.86,1.0,0.0,0.6129885911941528,0.7689886093139648,-0.38105377554893494,-0.40036770701408386,0,2000,strong,0,0,42,1.0,0.0,walk
1044,20.88,1.0,0.0,0.6114932298660278,0.7112576961517334,-0.3046795427799225,0.39191752672195435,0,2000,strong,0,0,42,1.0,0.0,walk
1045,20.900000000000002,1.0,0.0,0.603986382484436,0.6650264859199524,-0.2500239610671997,0.7360926866531372,0,2000,strong,0,0,42,1.0,0.0,walk
1046,20.92,1.0,0.0,0.5952640771865845,0.6316928267478943,-0.2166316956281662,0.5759574174880981,0,2000,strong,0,0,42,1.0,0.0,walk
1047,20.94,1.0,0.0,0.5878740549087524,0.6061310172080994,-0.18807224929332733,0.3979809582233429,0,2000,strong,0,0,42,1.0,0.0,walk
1048,20.96,1.0,0.0,0.5828515291213989,0.5796915292739868,-0.16135957837104797,0.1547156274318695,0,2000,strong,0,0,42,1.0,0.0,walk
1049,20.98,1.0,0.0,0.5798467397689819,0.5728546977043152,-0.134539395570755,0.031100226566195488,0,2000,strong,0,0,42,1.0,0.0,walk
1050,21.0,1.0,0.0,0.57787024974823,0.5678657293319702,-0.10550791770219803,-0.021400265395641327,0,2000,strong,0,0,42,1.0,0.0,walk
1051,21.02,1.0,0.0,0.5768166780471802,0.5680631995201111,-0.07629498094320297,-0.0650986060500145,0,2000,strong,0,0,42,1.0,0.0,walk
1052,21.04,1.0,0.0,0.5758844614028931,0.574218213558197,-0.05122419446706772,-0.036330949515104294,0,2000,strong,0,0,42,1.0,0.0,walk
1053,21.06,1.0,0.0,0.5748049020767212,0.5923696160316467,-0.03554485738277435,0.07523378729820251,0,2000,strong,0,0,42,1.0,0.0,walk
1054,21.080000000000002,1.0,0.0,0.5736504793167114,0.6213276386260986,-0.024941733106970787,0.14829973876476288,0,2000,strong,0,0,42,1.0,0.0,walk
1055,21.1,1.0,0.0,0.5717905759811401,0.6445404291152954,-0.009032711386680603,0.26094457507133484,0,2000,strong,0,0,42,1.0,0.0,walk
1056,21.12,1.0,0.0,0.5690940618515015,0.6661394238471985,0.010820135474205017,0.3532826602458954,0,2000,strong,0,0,42,1.0,0.0,walk
1057,21.14,1.0,0.0,0.566428542137146,0.6898793578147888,0.029539143666625023,0.3574446737766266,0,2000,strong,0,0,42,1.0,0.0,walk
1058,21.16,1.0,0.0,0.5645037889480591,0.7135946154594421,0.05031596124172211,0.28584542870521545,0,2000,strong,0,0,42,1.0,0.0,walk
1059,21.18,1.0,0.0,0.5636829137802124,0.7358866930007935,0.07503627985715866,0.17378315329551697,0,2000,strong,0,0,42,1.0,0.0,walk
1060,21.2,1.0,0.0,0.563825249671936,0.7543898224830627,0.10378626734018326,0.067572683095932,0,2000,strong,0,0,42,1.0,0.0,walk
1061,21.22,1.0,0.0,0.5643612146377563,0.7687739133834839,0.13666290044784546,-0.022488044574856758,0,2000,strong,0,0,42,1.0,0.0,walk
1062,21.240000000000002,1.0,0.0,0.5655494928359985,0.779869019985199,0.1712155044078827,-0.15554367005825043,0,2000,strong,0,0,42,1.0,0.0,walk
1063,21.26,1.0,0.0,0.5679277181625366,0.7869526147842407,0.19784411787986755,-0.2997050881385803,0,2000,strong,0,0,42,1.0,0.0,walk
1064,21.28,1.0,0.0,0.5706511735916138,0.7478629946708679,0.17845144867897034,-0.3301575183868408,0,2000,strong,0,0,42,1.0,0.0,walk
1065,21.3,1.0,0.0,0.5738941431045532,0.6858752369880676,0.10928618907928467,-0.3461344838142395,0,2000,strong,0,0,42,1.0,0.0,walk
1066,21.32,1.0,0.0,0.5773290395736694,0.6554805636405945,0.07708511501550674,-0.10808296501636505,0,2000,strong,0,0,42,1.0,0.0,walk
1067,21.34,1.0,0.0,0.5773502588272095,0.6470389366149902,0.05198570713400841,0.3055254817008972,0,2000,strong,0,0,42,1.0,0.0,walk
1068,21.36,1.0,0.0,0.5752445459365845,0.6215673685073853,0.034232329577207565,0.5027341246604919,0,2000,strong,0,0,42,1.0,0.0,walk
1069,21.38,1.0,0.0,0.5722733736038208,0.6029220223426819,0.003244027029722929,0.6194300651550293,0,2000,strong,0,0,42,1.0,0.0,walk
1070,21.400000000000002,1.0,0.0,0.5687485933303833,0.5952348113059998,-0.02263682149350643,0.5880752205848694,0,2000,strong,0,0,42,1.0,0.0,walk
1071,21.42,1.0,0.0,0.5650910139083862,0.5916303992271423,-0.04251664876937866,0.551294207572937,0,2000,strong,0,0,42,1.0,0.0,walk
1072,21.44,1.0,0.0,0.5617974996566772,0.5868211984634399,-0.06670456379652023,0.49570584297180176,0,2000,strong,0,0,42,1.0,0.0,walk
1073,21.46,1.0,0.0,0.5595465898513794,0.5839537382125854,-0.08745408803224564,0.346051424741745,0,2000,strong,0,0,42,1.0,0.0,walk
1074,21.48,1.0,0.0,0.5585089921951294,0.590786337852478,-0.10355531424283981,0.1706637144088745,0,2000,strong,0,0,42,1.0,0.0,walk
1075,21.5,1.0,0.0,0.5577799081802368,0.5964735150337219,-0.11498963087797165,0.13895031809806824,0,2000,strong,0,0,42,1.0,0.0,walk
1076,21.52,1.0,0.0,0.5572577714920044,0.6078482270240784,-0.12768447399139404,0.04760320484638214,0,2000,strong,0,0,42,1.0,0.0,walk
1077,21.54,1.0,0.0,0.5575581789016724,0.6235985159873962,-0.14151377975940704,-0.08774840086698532,0,2000,strong,0,0,42,1.0,0.0,walk
1078,21.56,1.0,0.0,0.5585907697677612,0.6453752517700195,-0.1555657535791397,-0.1766391396522522,0,2000,strong,0,0,42,1.0,0.0,walk
1079,21.580000000000002,1.0,0.0,0.5600005388259888,0.6702878475189209,-0.17387644946575165,-0.21149171888828278,0,2000,strong,0,0,42,1.0,0.0,walk
1080,21.6,1.0,0.0,0.5604454278945923,0.7004719972610474,-0.19427785277366638,-0.10407305508852005,0,2000,strong,0,0,42,1.0,0.0,walk
1081,21.62,1.0,0.0,0.5589092969894409,0.7327497601509094,-0.2211441546678543,0.07049277424812317,0,2000,strong,0,0,42,1.0,0.0,walk
1082,21.64,1.0,0.0,0.5556970834732056,0.7585932612419128,-0.25703170895576477,0.2362162321805954,0,2000,strong,0,0,42,1.0,0.0,walk
1083,21.66,1.0,0.0,0.5511647462844849,0.7769671678543091,-0.29828575253486633,0.3819575905799866,0,2000,strong,0,0,42,1.0,0.0,walk
1084,21.68,1.0,0.0,0.5461694002151489,0.7927346229553223,-0.34324368834495544,0.3918318748474121,0,2000,strong,0,0,42,1.0,0.0,walk
1085,21.7,1.0,0.0,0.5417717695236206,0.8057607412338257,-0.3870117962360382,0.2680228650569916,0,2000,strong,0,0,42,1.0,0.0,walk
1086,21.72,1.0,0.0,0.5410283803939819,0.7330827116966248,-0.33247101306915283,0.003327243961393833,0,2000,strong,0,0,42,1.0,0.0,walk
1087,21.740000000000002,1.0,0.0,0.5366238355636597,0.6862046718597412,-0.27354276180267334,0.553654134273529,0,2000,strong,0,0,42,1.0,0.0,walk
1088,21.76,1.0,0.0,0.5282131433486938,0.6475805640220642,-0.2328779697418213,0.7024601697921753,0,2000,strong,0,0,42,1.0,0.0,walk
1089,21.78,1.0,0.0,0.519778847694397,0.6134735345840454,-0.2059858739376068,0.5022003054618835,0,2000,strong,0,0,42,1.0,0.0,walk
1090,21.8,1.0,0.0,0.5137215852737427,0.5884867310523987,-0.17964260280132294,0.2352498322725296,0,2000,strong,0,0,42,1.0,0.0,walk
1091,21.82,1.0,0.0,0.510269284248352,0.5705031156539917,-0.14908429980278015,0.007579414173960686,0,2000,strong,0,0,42,1.0,0.0,walk
1092,21.84,1.0,0.0,0.5082412958145142,0.5615370869636536,-0.1199875921010971,-0.03442301228642464,0,2000,strong,0,0,42,1.0,0.0,walk
1093,21.86,1.0,0.0,0.5069504976272583,0.5601128935813904,-0.09034174680709839,-0.0593174584209919,0,2000,strong,0,0,42,1.0,0.0,walk
1094,21.88,1.0,0.0,0.505966067314148,0.565540075302124,-0.06318293511867523,-0.046709172427654266,0,2000,strong,0,0,42,1.0,0.0,walk
1095,21.900000000000002,1.0,0.0,0.5049892663955688,0.5785109400749207,-0.041609540581703186,0.003799041034653783,0,2000,strong,0,0,42,1.0,0.0,walk
1096,21.92,1.0,0.0,0.5042401552200317,0.601911723613739,-0.027181699872016907,0.05507664754986763,0,2000,strong,0,0,42,1.0,0.0,walk
1097,21.94,1.0,0.0,0.5031372308731079,0.6283096075057983,-0.013082383200526237,0.15935462713241577,0,2000,strong,0,0,42,1.0,0.0,walk
1098,21.96,1.0,0.0,0.5012563467025757,0.6512225866317749,0.0037972843274474144,0.2665923833847046,0,2000,strong,0,0,42,1.0,0.0,walk
1099,21.98,1.0,0.0,0.498893141746521,0.6748321652412415,0.022587493062019348,0.3218550980091095,0,2000,strong,0,0,42,1.0,0.0,walk
1100,22.0,1.0,0.0,0.49674904346466064,0.6998253464698792,0.0416296161711216,0.31614255905151367,0,2000,strong,0,0,42,1.0,0.0,walk
1101,22.02,1.0,0.0,0.4953209161758423,0.7229657769203186,0.06418278813362122,0.24205197393894196,0,2000,strong,0,0,42,1.0,0.0,walk
1102,22.04,1.0,0.0,0.49481403827667236,0.7447822690010071,0.08984343707561493,0.15364421904087067,0,2000,strong,0,0,42,1.0,0.0,walk
1103,22.06,1.0,0.0,0.49481379985809326,0.762055516242981,0.12030237913131714,0.06889471411705017,0,2000,strong,0,0,42,1.0,0.0,walk
1104,22.080000000000002,1.0,0.0,0.49522697925567627,0.7743008732795715,0.15326833724975586,-0.050492480397224426,0,2000,strong,0,0,42,1.0,0.0,walk
1105,22.1,1.0,0.0,0.49693024158477783,0.7854365706443787,0.18838763236999512,-0.22297680377960205,0,2000,strong,0,0,42,1.0,0.0,walk
1106,22.12,1.0,0.0,0.5001012086868286,0.7832355499267578,0.20518934726715088,-0.2676437497138977,0,2000,strong,0,0,42,1.0,0.0,walk
1107,22.14,1.0,0.0,0.5031410455703735,0.7150847315788269,0.14723126590251923,-0.23632073402404785,0,2000,strong,0,0,42,1.0,0.0,walk
1108,22.16,1.0,0.0,0.5072613954544067,0.6862226128578186,0.10990441590547562,-0.3406670391559601,0,2000,strong,0,0,42,1.0,0.0,walk
1109,22.18,1.0,0.0,0.5101014375686646,0.6704190969467163,0.07657741010189056,-0.05069293454289436,0,2000,strong,0,0,42,1.0,0.0,walk
1110,22.2,1.0,0.0,0.5110024213790894,0.6342573761940002,0.04959361255168915,0.3062138557434082,0,2000,strong,0,0,42,1.0,0.0,walk
1111,22.22,1.0,0.0,0.5092481374740601,0.6185334324836731,0.020656127482652664,0.5648235082626343,0,2000,strong,0,0,42,1.0,0.0,walk
1112,22.240000000000002,1.0,0.0,0.5055021047592163,0.6111764311790466,-0.007150864228606224,0.6795265674591064,0,2000,strong,0,0,42,1.0,0.0,walk
1113,22.26,1.0,0.0,0.5009082555770874,0.6099624037742615,-0.029546212404966354,0.6795296669006348,0,2000,strong,0,0,42,1.0,0.0,walk
1114,22.28,1.0,0.0,0.49631011486053467,0.6039710640907288,-0.055419787764549255,0.6515645384788513,0,2000,strong,0,0,42,1.0,0.0,walk
1115,22.3,1.0,0.0,0.49270522594451904,0.6017237901687622,-0.07999084144830704,0.5012286305427551,0,2000,strong,0,0,42,1.0,0.0,walk
1116,22.32,1.0,0.0,0.4908536672592163,0.6045481562614441,-0.09893853217363358,0.2588116526603699,0,2000,strong,0,0,42,1.0,0.0,walk
1117,22.34,1.0,0.0,0.48927223682403564,0.6118840575218201,-0.11175849288702011,0.26066482067108154,0,2000,strong,0,0,42,1.0,0.0,walk
1118,22.36,1.0,0.0,0.4877821207046509,0.6218295693397522,-0.12525948882102966,0.15668033063411713,0,2000,strong,0,0,42,1.0,0.0,walk
1119,22.38,1.0,0.0,0.4874206781387329,0.6367062330245972,-0.1391049325466156,-0.021550387144088745,0,2000,strong,0,0,42,1.0,0.0,walk
1120,22.400000000000002,1.0,0.0,0.48849165439605713,0.6555050015449524,-0.1526729315519333,-0.18868346512317657,0,2000,strong,0,0,42,1.0,0.0,walk
1121,22.42,1.0,0.0,0.4903758764266968,0.6787307858467102,-0.1670420914888382,-0.2610311806201935,0,2000,strong,0,0,42,1.0,0.0,walk
1122,22.44,1.0,0.0,0.491848349571228,0.7058940529823303,-0.184936061501503,-0.20592185854911804,0,2000,strong,0,0,42,1.0,0.0,walk
1123,22.46,1.0,0.0,0.49162375926971436,0.7377557158470154,-0.20753900706768036,-0.056099094450473785,0,2000,strong,0,0,42,1.0,0.0,walk
1124,22.48,1.0,0.0,0.48967015743255615,0.7666029334068298,-0.2401113361120224,0.10575802624225616,0,2000,strong,0,0,42,1.0,0.0,walk
1125,22.5,1.0,0.0,0.48628294467926025,0.7873692512512207,-0.2789779603481293,0.2671944200992584,0,2000,strong,0,0,42,1.0,0.0,walk
1126,22.52,1.0,0.0,0.48196518421173096,0.8034910559654236,-0.3215603232383728,0.35747528076171875,0,2000,strong,0,0,42,1.0,0.0,walk
1127,22.54,1.0,0.0,0.477573037147522,0.8188271522521973,-0.3663480281829834,0.3069518804550171,0,2000,strong,0,0,42,1.0,0.0,walk
1128,22.56,1.0,0.0,0.47456252574920654,0.7850149273872375,-0.3710651099681854,-0.3484821915626526,0,2000,strong,0,0,42,1.0,0.0,walk
1129,22.580000000000002,1.0,0.0,0.47436726093292236,0.7227512001991272,-0.29862990975379944,0.2870715856552124,0,2000,strong,0,0,42,1.0,0.0,walk
1130,22.6,1.0,0.0,0.4676300287246704,0.677621603012085,-0.24766488373279572,0.6610654592514038,0,2000,strong,0,0,42,1.0,0.0,walk
1131,22.62,1.0,0.0,0.45926105976104736,0.6399893164634705,-0.21351315081119537,0.5404465794563293,0,2000,strong,0,0,42,1.0,0.0,walk
1132,22.64,1.0,0.0,0.4523566961288452,0.6127101182937622,-0.1848318725824356,0.35789698362350464,0,2000,strong,0,0,42,1.0,0.0,walk
1133,22.66,1.0,0.0,0.4475761651992798,0.5916423797607422,-0.15870392322540283,0.12734271585941315,0,2000,strong,0,0,42,1.0,0.0,walk
1134,22.68,1.0,0.0,0.44452059268951416,0.5820770263671875,-0.1307695209980011,0.016408123075962067,0,2000,strong,0,0,42,1.0,0.0,walk
1135,22.7,1.0,0.0,0.4425092935562134,0.5758105516433716,-0.1010870710015297,-0.02492748387157917,0,2000,strong,0,0,42,1.0,0.0,walk
1136,22.72,1.0,0.0,0.4412339925765991,0.5770134329795837,-0.0739673599600792,-0.03339996188879013,0,2000,strong,0,0,42,1.0,0.0,walk
1137,22.740000000000002,1.0,0.0,0.44019901752471924,0.5835409760475159,-0.049298014491796494,-0.050996825098991394,0,2000,strong,0,0,42,1.0,0.0,walk
1138,22.76,1.0,0.0,0.4397932291030884,0.6034391522407532,-0.033197071403265,-0.019919082522392273,0,2000,strong,0,0,42,1.0,0.0,walk
1139,22.78,1.0,0.0,0.4395235776901245,0.6307602524757385,-0.020879380404949188,0.058745913207530975,0,2000,strong,0,0,42,1.0,0.0,walk
1140,22.8,1.0,0.0,0.4384521245956421,0.6545734405517578,-0.00451988261193037,0.18784961104393005,0,2000,strong,0,0,42,1.0,0.0,walk
1141,22.82,1.0,0.0,0.4364572763442993,0.6770005822181702,0.014679222367703915,0.2914985716342926,0,2000,strong,0,0,42,1.0,0.0,walk
1142,22.84,1.0,0.0,0.4342869520187378,0.7012869119644165,0.03354131057858467,0.31623873114585876,0,2000,strong,0,0,42,1.0,0.0,walk
1143,22.86,1.0,0.0,0.4326697587966919,0.7258279919624329,0.05442970246076584,0.2598622143268585,0,2000,strong,0,0,42,1.0,0.0,walk
1144,22.88,1.0,0.0,0.4320422410964966,0.7483245134353638,0.07904674112796783,0.16027390956878662,0,2000,strong,0,0,42,1.0,0.0,walk
1145,22.900000000000002,1.0,0.0,0.4322730302810669,0.7675450444221497,0.10767778754234314,0.06099647656083107,0,2000,strong,0,0,42,1.0,0.0,walk
1146,22.92,1.0,0.0,0.4328857660293579,0.7818082571029663,0.1403927505016327,-0.03703274205327034,0,2000,strong,0,0,42,1.0,0.0,walk
1147,22.94,1.0,0.0,0.4343773126602173,0.7927373051643372,0.17478086054325104,-0.19494788348674774,0,2000,strong,0,0,42,1.0,0.0,walk
1148,22.96,1.0,0.0,0.4372159242630005,0.8000134229660034,0.20480228960514069,-0.3116939961910248,0,2000,strong,0,0,42,1.0,0.0,walk
1149,22.98,1.0,0.0,0.44029200077056885,0.7677554488182068,0.18928635120391846,-0.33081501722335815,0,2000,strong,0,0,42,1.0,0.0,walk
1150,23.0,1.0,0.0,0.4440358877182007,0.7038867473602295,0.12032992392778397,-0.4405823349952698,0,2000,strong,0,0,42,1.0,0.0,walk
1151,23.02,1.0,0.0,0.44876396656036377,0.6698603630065918,0.08537937700748444,-0.26731806993484497,0,2000,strong,0,0,42,1.0,0.0,walk
1152,23.04,1.0,0.0,0.45042192935943604,0.6619554162025452,0.059416014701128006,0.11456409096717834,0,2000,strong,0,0,42,1.0,0.0,walk
1153,23.06,1.0,0.0,0.4498642683029175,0.630448579788208,0.035499949008226395,0.4580438435077667,0,2000,strong,0,0,42,1.0,0.0,walk
1154,23.080000000000002,1.0,0.0,0.4469341039657593,0.6128531098365784,0.008056027814745903,0.6280385255813599,0,2000,strong,0,0,42,1.0,0.0,walk
1155,23.1,1.0,0.0,0.4431401491165161,0.6086637377738953,-0.016705775633454323,0.6096381545066833,0,2000,strong,0,0,42,1.0,0.0,walk
1156,23.12,1.0,0.0,0.4391127824783325,0.606147825717926,-0.036091070622205734,0.5737297534942627,0,2000,strong,0,0,42,1.0,0.0,walk
1157,23.14,1.0,0.0,0.4357672929763794,0.5970669984817505,-0.06211410090327263,0.5026417970657349,0,2000,strong,0,0,42,1.0,0.0,walk
1158,23.16,1.0,0.0,0.43354332447052,0.5934199690818787,-0.08276484906673431,0.3364933431148529,0,2000,strong,0,0,42,1.0,0.0,walk
1159,23.18,1.0,0.0,0.43267691135406494,0.5992511510848999,-0.10005756467580795,0.15247893333435059,0,2000,strong,0,0,42,1.0,0.0,walk
1160,23.2,1.0,0.0,0.432247519493103,0.6057119369506836,-0.11213816702365875,0.11363732814788818,0,2000,strong,0,0,42,1.0,0.0,walk
1161,23.22,1.0,0.0,0.4319080114364624,0.6172193288803101,-0.12409939616918564,0.03721316531300545,0,2000,strong,0,0,42,1.0,0.0,walk
1162,23.240000000000002,1.0,0.0,0.43241894245147705,0.6327601075172424,-0.13782723248004913,-0.11082819849252701,0,2000,strong,0,0,42,1.0,0.0,walk
1163,23.26,1.0,0.0,0.4338270425796509,0.6515103578567505,-0.15162986516952515,-0.21022537350654602,0,2000,strong,0,0,42,1.0,0.0,walk
1164,23.28,1.0,0.0,0.4353443384170532,0.6752084493637085,-0.1683678776025772,-0.2165507972240448,0,2000,strong,0,0,42,1.0,0.0,walk
1165,23.3,1.0,0.0,0.43569743633270264,0.7033785581588745,-0.18856538832187653,-0.09548751264810562,0,2000,strong,0,0,42,1.0,0.0,walk
1166,23.32,1.0,0.0,0.4341381788253784,0.7338294386863708,-0.21577611565589905,0.06187693774700165,0,2000,strong,0,0,42,1.0,0.0,walk
1167,23.34,1.0,0.0,0.4311023950576782,0.7581719160079956,-0.2517280876636505,0.20500177145004272,0,2000,strong,0,0,42,1.0,0.0,walk
1168,23.36,1.0,0.0,0.42707788944244385,0.7746259570121765,-0.29221221804618835,0.321320503950119,0,2000,strong,0,0,42,1.0,0.0,walk
1169,23.38,1.0,0.0,0.4227250814437866,0.788577139377594,-0.33560481667518616,0.3304700553417206,0,2000,strong,0,0,42,1.0,0.0,walk
1170,23.400000000000002,1.0,0.0,0.4188796281814575,0.7996763586997986,-0.3782901465892792,0.22411930561065674,0,2000,strong,0,0,42,1.0,0.0,walk
1171,23.42,1.0,0.0,0.4182826280593872,0.7306636571884155,-0.33226075768470764,-0.01817159727215767,0,2000,strong,0,0,42,1.0,0.0,walk
1172,23.44,1.0,0.0,0.41414082050323486,0.6844618320465088,-0.2729792892932892,0.5338376760482788,0,2000,strong,0,0,42,1.0,0.0,walk
1173,23.46,1.0,0.0,0.40579521656036377,0.6457472443580627,-0.23185186088085175,0.6916149854660034,0,2000,strong,0,0,42,1.0,0.0,walk
1174,23.48,1.0,0.0,0.39761483669281006,0.6152002215385437,-0.20484617352485657,0.48914268612861633,0,2000,strong,0,0,42,1.0,0.0,walk
1175,23.5,1.0,0.0,0.39186251163482666,0.5927495956420898,-0.17851251363754272,0.19813083112239838,0,2000,strong,0,0,42,1.0,0.0,walk
1176,23.52,1.0,0.0,0.3886762857437134,0.5758906602859497,-0.1494273841381073,-0.014530707150697708,0,2000,strong,0,0,42,1.0,0.0,walk
1177,23.54,1.0,0.0,0.3868626356124878,0.5662906169891357,-0.11862873286008835,-0.05583493411540985,0,2000,strong,0,0,42,1.0,0.0,walk
1178,23.56,1.0,0.0,0.38584041595458984,0.5655600428581238,-0.08980051428079605,-0.08717160671949387,0,2000,strong,0,0,42,1.0,0.0,walk
1179,23.580000000000002,1.0,0.0,0.3852095603942871,0.5719911456108093,-0.06275974214076996,-0.08256155997514725,0,2000,strong,0,0,42,1.0,0.0,walk
1180,23.6,1.0,0.0,0.3848029375076294,0.5838102698326111,-0.040894147008657455,-0.059572674334049225,0,2000,strong,0,0,42,1.0,0.0,walk
1181,23.62,1.0,0.0,0.3845705986022949,0.606514036655426,-0.02532971277832985,0.01063617691397667,0,2000,strong,0,0,42,1.0,0.0,walk
1182,23.64,1.0,0.0,0.38376426696777344,0.6323721408843994,-0.011272072792053223,0.13761107623577118,0,2000,strong,0,0,42,1.0,0.0,walk
1183,23.66,1.0,0.0,0.38203489780426025,0.6549904346466064,0.005289237480610609,0.253991037607193,0,2000,strong,0,0,42,1.0,0.0,walk
1184,23.68,1.0,0.0,0.37982141971588135,0.6775431632995605,0.023826172575354576,0.3016276955604553,0,2000,strong,0,0,42,1.0,0.0,walk
1185,23.7,1.0,0.0,0.3778858184814453,0.7020283341407776,0.042913179844617844,0.28783994913101196,0,2000,strong,0,0,42,1.0,0.0,walk
1186,23.72,1.0,0.0,0.37670958042144775,0.7252079248428345,0.0653788149356842,0.21347570419311523,0,2000,strong,0,0,42,1.0,0.0,walk
1187,23.740000000000002,1.0,0.0,0.37658965587615967,0.7469112277030945,0.090997114777565,0.11025112122297287,0,2000,strong,0,0,42,1.0,0.0,walk
1188,23.76,1.0,0.0,0.3770577907562256,0.764262318611145,0.12168397009372711,0.023094721138477325,0,2000,strong,0,0,42,1.0,0.0,walk
1189,23.78,1.0,0.0,0.377948522567749,0.7767436504364014,0.15472397208213806,-0.0907624363899231,0,2000,strong,0,0,42,1.0,0.0,walk
1190,23.8,1.0,0.0,0.3799959421157837,0.7882705926895142,0.18983539938926697,-0.24579676985740662,0,2000,strong,0,0,42,1.0,0.0,walk
1191,23.82,1.0,0.0,0.38326728343963623,0.7961273193359375,0.21385633945465088,-0.37518298625946045,0,2000,strong,0,0,42,1.0,0.0,walk
1192,23.84,1.0,0.0,0.38595259189605713,0.726241946220398,0.15373706817626953,-0.172133207321167,0,2000,strong,0,0,42,1.0,0.0,walk
1193,23.86,1.0,0.0,0.38971269130706787,0.686366081237793,0.10954999923706055,-0.32878196239471436,0,2000,strong,0,0,42,1.0,0.0,walk
1194,23.88,1.0,0.0,0.39276158809661865,0.6508286595344543,0.07686060667037964,-0.005422433838248253,0,2000,strong,0,0,42,1.0,0.0,walk
1195,23.900000000000002,1.0,0.0,0.3925747871398926,0.6312924027442932,0.05029892548918724,0.38099658489227295,0,2000,strong,0,0,42,1.0,0.0,walk
1196,23.92,1.0,0.0,0.39001786708831787,0.6117098331451416,0.02614985965192318,0.6059045791625977,0,2000,strong,0,0,42,1.0,0.0,walk
1197,23.94,1.0,0.0,0.3860830068588257,0.5884311199188232,0.00018368195742368698,0.6614877581596375,0,2000,strong,0,0,42,1.0,0.0,walk
1198,23.96,1.0,0.0,0.3823890686035156,0.5851768851280212,-0.022824740037322044,0.5434824824333191,0,2000,strong,0,0,42,1.0,0.0,walk
1199,23.98,1.0,0.0,0.3792707920074463,0.5860096216201782,-0.04285809397697449,0.44852206110954285,0,2000,strong,0,0,42,1.0,0.0,walk
1200,24.0,1.0,0.0,0.37754952907562256,0.5789657831192017,-0.06592367589473724,0.3183363974094391,0,2000,strong,0,0,42,1.0,0.0,walk
1201,24.02,1.0,0.0,0.37695157527923584,0.5792092084884644,-0.08273066580295563,0.15865541994571686,0,2000,strong,0,0,42,1.0,0.0,walk
1202,24.04,1.0,0.0,0.37681806087493896,0.5877918004989624,-0.09809787571430206,0.09297915548086166,0,2000,strong,0,0,42,1.0,0.0,walk
1203,24.060000000000002,1.0,0.0,0.3770962953567505,0.5993448495864868,-0.11122194677591324,-0.005394750740379095,0,2000,strong,0,0,42,1.0,0.0,walk
1204,24.080000000000002,1.0,0.0,0.3779181241989136,0.6152417063713074,-0.12415262311697006,-0.09597346931695938,0,2000,strong,0,0,42,1.0,0.0,walk
1205,24.1,1.0,0.0,0.3794287443161011,0.6345512866973877,-0.13879679143428802,-0.20016373693943024,0,2000,strong,0,0,42,1.0,0.0,walk
1206,24.12,1.0,0.0,0.3812633752822876,0.6568170785903931,-0.15362779796123505,-0.2328186333179474,0,2000,strong,0,0,42,1.0,0.0,walk
1207,24.14,1.0,0.0,0.38256847858428955,0.6833643317222595,-0.17220574617385864,-0.18616867065429688,0,2000,strong,0,0,42,1.0,0.0,walk
1208,24.16,1.0,0.0,0.3822510242462158,0.714165449142456,-0.19462113082408905,-0.039517588913440704,0,2000,strong,0,0,42,1.0,0.0,walk
1209,24.18,1.0,0.0,0.38027358055114746,0.7428107261657715,-0.22601476311683655,0.09802669286727905,0,2000,strong,0,0,42,1.0,0.0,walk
1210,24.2,1.0,0.0,0.37701666355133057,0.764525294303894,-0.263550728559494,0.23417088389396667,0,2000,strong,0,0,42,1.0,0.0,walk
1211,24.22,1.0,0.0,0.3730224370956421,0.7803748250007629,-0.30501753091812134,0.312187522649765,0,2000,strong,0,0,42,1.0,0.0,walk
1212,24.240000000000002,1.0,0.0,0.3690081834793091,0.7937033772468567,-0.3480844497680664,0.2791747450828552,0,2000,strong,0,0,42,1.0,0.0,walk
1213,24.26,1.0,0.0,0.3658806085586548,0.798366367816925,-0.38017740845680237,0.08837594091892242,0,2000,strong,0,0,42,1.0,0.0,walk
1214,24.28,1.0,0.0,0.365344762802124,0.7107847929000854,-0.289302796125412,0.30995887517929077,0,2000,strong,0,0,42,1.0,0.0,walk
1215,24.3,1.0,0.0,0.35899341106414795,0.6699151396751404,-0.24396471679210663,0.5805000066757202,0,2000,strong,0,0,42,1.0,0.0,walk
1216,24.32,1.0,0.0,0.35142576694488525,0.6385191082954407,-0.20925544202327728,0.4888077974319458,0,2000,strong,0,0,42,1.0,0.0,walk
1217,24.34,1.0,0.0,0.34562432765960693,0.6090065240859985,-0.1856382042169571,0.2129112035036087,0,2000,strong,0,0,42,1.0,0.0,walk
1218,24.36,1.0,0.0,0.3422670364379883,0.5914269089698792,-0.16120180487632751,0.01369430497288704,0,2000,strong,0,0,42,1.0,0.0,walk
1219,24.38,1.0,0.0,0.3405054807662964,0.5765916109085083,-0.12885327637195587,-0.10068603605031967,0,2000,strong,0,0,42,1.0,0.0,walk
1220,24.400000000000002,1.0,0.0,0.33935248851776123,0.5689375400543213,-0.09864629805088043,-0.09062007069587708,0,2000,strong,0,0,42,1.0,0.0,walk
1221,24.42,1.0,0.0,0.3386615514755249,0.5697189569473267,-0.07143548130989075,-0.08652552217245102,0,2000,strong,0,0,42,1.0,0.0,walk
1222,24.44,1.0,0.0,0.33782708644866943,0.5768910050392151,-0.04689155891537666,-0.03323803097009659,0,2000,strong,0,0,42,1.0,0.0,walk
1223,24.46,1.0,0.0,0.3372194766998291,0.5909802913665771,-0.027302997186779976,-0.01921575702726841,0,2000,strong,0,0,42,1.0,0.0,walk
1224,24.48,1.0,0.0,0.3365737199783325,0.6145411133766174,-0.012001189403235912,0.07209189236164093,0,2000,strong,0,0,42,1.0,0.0,walk
1225,24.5,1.0,0.0,0.33533406257629395,0.6388346552848816,0.0032861088402569294,0.17673149704933167,0,2000,strong,0,0,42,1.0,0.0,walk
1226,24.52,1.0,0.0,0.333412766456604,0.6627644300460815,0.02095640078186989,0.26509445905685425,0,2000,strong,0,0,42,1.0,0.0,walk
1227,24.54,1.0,0.0,0.3313559293746948,0.688522458076477,0.03880123794078827,0.28868287801742554,0,2000,strong,0,0,42,1.0,0.0,walk
1228,24.560000000000002,1.0,0.0,0.32983314990997314,0.7155329585075378,0.058691758662462234,0.2502387762069702,0,2000,strong,0,0,42,1.0,0.0,walk
1229,24.580000000000002,1.0,0.0,0.3290137052536011,0.7392485737800598,0.08325591683387756,0.18491804599761963,0,2000,strong,0,0,42,1.0,0.0,walk
1230,24.6,1.0,0.0,0.32888686656951904,0.7609211206436157,0.11099894344806671,0.10510657727718353,0,2000,strong,0,0,42,1.0,0.0,walk
1231,24.62,1.0,0.0,0.32921016216278076,0.7770107984542847,0.14226272702217102,0.003084565745666623,0,2000,strong,0,0,42,1.0,0.0,walk
1232,24.64,1.0,0.0,0.3303436040878296,0.7893126010894775,0.1755487620830536,-0.14844352006912231,0,2000,strong,0,0,42,1.0,0.0,walk
1233,24.66,1.0,0.0,0.33294808864593506,0.7982109189033508,0.2069011926651001,-0.2685520052909851,0,2000,strong,0,0,42,1.0,0.0,walk
1234,24.68,1.0,0.0,0.3357597589492798,0.7564791440963745,0.1973026990890503,-0.2365926206111908,0,2000,strong,0,0,42,1.0,0.0,walk
1235,24.7,1.0,0.0,0.3395872116088867,0.6929712891578674,0.12945309281349182,-0.4234597384929657,0,2000,strong,0,0,42,1.0,0.0,walk
1236,24.72,1.0,0.0,0.3444327116012573,0.6568641662597656,0.09435807168483734,-0.2809326946735382,0,2000,strong,0,0,42,1.0,0.0,walk
1237,24.740000000000002,1.0,0.0,0.34634101390838623,0.6471562385559082,0.06692908704280853,0.07362708449363708,0,2000,strong,0,0,42,1.0,0.0,walk
1238,24.76,1.0,0.0,0.3465527296066284,0.6108805537223816,0.042719192802906036,0.38756105303764343,0,2000,strong,0,0,42,1.0,0.0,walk
1239,24.78,1.0,0.0,0.3444284200668335,0.593122124671936,0.01569257862865925,0.5603717565536499,0,2000,strong,0,0,42,1.0,0.0,walk
1240,24.8,1.0,0.0,0.34124481678009033,0.589454710483551,-0.00887693464756012,0.5630307197570801,0,2000,strong,0,0,42,1.0,0.0,walk
1241,24.82,1.0,0.0,0.33767008781433105,0.5863394141197205,-0.028447220101952553,0.53941410779953,0,2000,strong,0,0,42,1.0,0.0,walk
1242,24.84,1.0,0.0,0.3346860408782959,0.5788663625717163,-0.054954081773757935,0.47418859601020813,0,2000,strong,0,0,42,1.0,0.0,walk
1243,24.86,1.0,0.0,0.3328148126602173,0.576583743095398,-0.0761149674654007,0.3025345802307129,0,2000,strong,0,0,42,1.0,0.0,walk
1244,24.88,1.0,0.0,0.3323485851287842,0.5846094489097595,-0.09415354579687119,0.11140304803848267,0,2000,strong,0,0,42,1.0,0.0,walk
1245,24.900000000000002,1.0,0.0,0.33226776123046875,0.590046763420105,-0.1069401353597641,0.09251117706298828,0,2000,strong,0,0,42,1.0,0.0,walk
1246,24.92,1.0,0.0,0.3320702314376831,0.6008318662643433,-0.1196528747677803,0.03410720080137253,0,2000,strong,0,0,42,1.0,0.0,walk
1247,24.94,1.0,0.0,0.33252060413360596,0.6157330870628357,-0.13413375616073608,-0.09845113754272461,0,2000,strong,0,0,42,1.0,0.0,walk
1248,24.96,1.0,0.0,0.33377552032470703,0.6342501044273376,-0.14865067601203918,-0.1941862851381302,0,2000,strong,0,0,42,1.0,0.0,walk
1249,24.98,1.0,0.0,0.33516764640808105,0.6575217247009277,-0.16595600545406342,-0.20921540260314941,0,2000,strong,0,0,42,1.0,0.0,walk
1250,25.0,1.0,0.0,0.33553850650787354,0.6850422620773315,-0.1867898851633072,-0.10580126941204071,0,2000,strong,0,0,42,1.0,0.0,walk
1251,25.02,1.0,0.0,0.334192156791687,0.7144988179206848,-0.2144533395767212,0.03147043660283089,0,2000,strong,0,0,42,1.0,0.0,walk
1252,25.04,1.0,0.0,0.3315809965133667,0.7375393509864807,-0.2505643963813782,0.1538095772266388,0,2000,strong,0,0,42,1.0,0.0,walk
1253,25.060000000000002,1.0,0.0,0.32818520069122314,0.7531827092170715,-0.29098039865493774,0.25386685132980347,0,2000,strong,0,0,42,1.0,0.0,walk
1254,25.080000000000002,1.0,0.0,0.32456421852111816,0.7660713195800781,-0.3335874676704407,0.258861780166626,0,2000,strong,0,0,42,1.0,0.0,walk
1255,25.1,1.0,0.0,0.3213233947753906,0.7758755087852478,-0.37524011731147766,0.17770779132843018,0,2000,strong,0,0,42,1.0,0.0,walk
1256,25.12,1.0,0.0,0.32104194164276123,0.7060633897781372,-0.3286004364490509,-0.06771041452884674,0,2000,strong,0,0,42,1.0,0.0,walk
1257,25.14,1.0,0.0,0.317354679107666,0.6616454124450684,-0.26984259486198425,0.4759190082550049,0,2000,strong,0,0,42,1.0,0.0,walk
1258,25.16,1.0,0.0,0.3096659183502197,0.6245822310447693,-0.2279173880815506,0.6342220306396484,0,2000,strong,0,0,42,1.0,0.0,walk
1259,25.18,1.0,0.0,0.30226755142211914,0.595049262046814,-0.2003396451473236,0.39706289768218994,0,2000,strong,0,0,42,1.0,0.0,walk
1260,25.2,1.0,0.0,0.2972705364227295,0.5740292072296143,-0.1727486401796341,0.14445360004901886,0,2000,strong,0,0,42,1.0,0.0,walk
1261,25.22,1.0,0.0,0.2946203947067261,0.5580515265464783,-0.14349429309368134,-0.05854076147079468,0,2000,strong,0,0,42,1.0,0.0,walk
1262,25.240000000000002,1.0,0.0,0.2933070659637451,0.5497406125068665,-0.11311513185501099,-0.10238144546747208,0,2000,strong,0,0,42,1.0,0.0,walk
1263,25.26,1.0,0.0,0.29265308380126953,0.5495091080665588,-0.08279601484537125,-0.11026924848556519,0,2000,strong,0,0,42,1.0,0.0,walk
1264,25.28,1.0,0.0,0.292272686958313,0.555664598941803,-0.056178510189056396,-0.09946531802415848,0,2000,strong,0,0,42,1.0,0.0,walk
1265,25.3,1.0,0.0,0.2919888496398926,0.5671078562736511,-0.034260693937540054,-0.06747347861528397,0,2000,strong,0,0,42,1.0,0.0,walk
1266,25.32,1.0,0.0,0.2918260097503662,0.588961124420166,-0.018910562619566917,0.006279056891798973,0,2000,strong,0,0,42,1.0,0.0,walk
1267,25.34,1.0,0.0,0.291202187538147,0.6147753000259399,-0.005819920916110277,0.12309883534908295,0,2000,strong,0,0,42,1.0,0.0,walk
1268,25.36,1.0,0.0,0.2896287441253662,0.6367012858390808,0.011134680360555649,0.24214401841163635,0,2000,strong,0,0,42,1.0,0.0,walk
1269,25.38,1.0,0.0,0.2874152660369873,0.6583850383758545,0.02989477664232254,0.3053256571292877,0,2000,strong,0,0,42,1.0,0.0,walk
1270,25.400000000000002,1.0,0.0,0.2854421138763428,0.6818609237670898,0.048643775284290314,0.29022932052612305,0,2000,strong,0,0,42,1.0,0.0,walk
1271,25.42,1.0,0.0,0.28428375720977783,0.7036865949630737,0.07077735662460327,0.21055129170417786,0,2000,strong,0,0,42,1.0,0.0,walk
1272,25.44,1.0,0.0,0.2841595411300659,0.7245497703552246,0.09655407816171646,0.11549142748117447,0,2000,strong,0,0,42,1.0,0.0,walk
1273,25.46,1.0,0.0,0.2846107482910156,0.7415533065795898,0.12729187309741974,0.0318283885717392,0,2000,strong,0,0,42,1.0,0.0,walk
1274,25.48,1.0,0.0,0.2854471206665039,0.7541102766990662,0.16072922945022583,-0.07198504358530045,0,2000,strong,0,0,42,1.0,0.0,walk
1275,25.5,1.0,0.0,0.28728604316711426,0.7655292749404907,0.19597645103931427,-0.21007725596427917,0,2000,strong,0,0,42,1.0,0.0,walk
1276,25.52,1.0,0.0,0.2901705503463745,0.7732939124107361,0.22191883623600006,-0.30991679430007935,0,2000,strong,0,0,42,1.0,0.0,walk
1277,25.54,1.0,0.0,0.2929103374481201,0.7195125818252563,0.1736689656972885,-0.19739755988121033,0,2000,strong,0,0,42,1.0,0.0,walk
1278,25.560000000000002,1.0,0.0,0.29645633697509766,0.6742200255393982,0.12245864421129227,-0.34223854541778564,0,2000,strong,0,0,42,1.0,0.0,walk
1279,25.580000000000002,1.0,0.0,0.29974961280822754,0.6398156881332397,0.08890913426876068,-0.05041055753827095,0,2000,strong,0,0,42,1.0,0.0,walk
1280,25.6,1.0,0.0,0.3000814914703369,0.6214926242828369,0.06064433604478836,0.30400484800338745,0,2000,strong,0,0,42,1.0,0.0,walk
1281,25.62,1.0,0.0,0.29816675186157227,0.6026004552841187,0.03656650707125664,0.5434340238571167,0,2000,strong,0,0,42,1.0,0.0,walk
1282,25.64,1.0,0.0,0.29465436935424805,0.5823836326599121,0.010233812965452671,0.6300113797187805,0,2000,strong,0,0,42,1.0,0.0,walk
1283,25.66,1.0,0.0,0.2911524772644043,0.5772424936294556,-0.014280768111348152,0.542643666267395,0,2000,strong,0,0,42,1.0,0.0,walk
1284,25.68,1.0,0.0,0.2880859375,0.5786047577857971,-0.03540905937552452,0.4512696862220764,0,2000,strong,0,0,42,1.0,0.0,walk
1285,25.7,1.0,0.0,0.2861897945404053,0.5744873285293579,-0.0588228777050972,0.3312600553035736,0,2000,strong,0,0,42,1.0,0.0,walk
1286,25.72,1.0,0.0,0.2854827642440796,0.5756664872169495,-0.07747398316860199,0.16730603575706482,0,2000,strong,0,0,42,1.0,0.0,walk
1287,25.740000000000002,1.0,0.0,0.2854795455932617,0.5845819115638733,-0.09297505766153336,0.06802545487880707,0,2000,strong,0,0,42,1.0,0.0,walk
1288,25.76,1.0,0.0,0.2859926223754883,0.5960717797279358,-0.10590031743049622,-0.026801321655511856,0,2000,strong,0,0,42,1.0,0.0,walk
1289,25.78,1.0,0.0,0.28701233863830566,0.6118403673171997,-0.11868304014205933,-0.11394870281219482,0,2000,strong,0,0,42,1.0,0.0,walk
1290,25.8,1.0,0.0,0.28866446018218994,0.6313109397888184,-0.13265618681907654,-0.21576866507530212,0,2000,strong,0,0,42,1.0,0.0,walk
1291,25.82,1.0,0.0,0.29070401191711426,0.6538863778114319,-0.14730633795261383,-0.25877928733825684,0,2000,strong,0,0,42,1.0,0.0,walk
1292,25.84,1.0,0.0,0.2923316955566406,0.6805927753448486,-0.1653892993927002,-0.22456827759742737,0,2000,strong,0,0,42,1.0,0.0,walk
1293,25.86,1.0,0.0,0.2924729585647583,0.7110870480537415,-0.1873837411403656,-0.09071049094200134,0,2000,strong,0,0,42,1.0,0.0,walk
1294,25.88,1.0,0.0,0.2910161018371582,0.7396801114082336,-0.21798300743103027,0.04558451473712921,0,2000,strong,0,0,42,1.0,0.0,walk
1295,25.900000000000002,1.0,0.0,0.2883261442184448,0.7611900568008423,-0.2545247972011566,0.17793825268745422,0,2000,strong,0,0,42,1.0,0.0,walk
1296,25.92,1.0,0.0,0.28491270542144775,0.7767568826675415,-0.29496490955352783,0.25784337520599365,0,2000,strong,0,0,42,1.0,0.0,walk
1297,25.94,1.0,0.0,0.2813761234283447,0.7901917695999146,-0.33654269576072693,0.24170532822608948,0,2000,strong,0,0,42,1.0,0.0,walk
1298,25.96,1.0,0.0,0.27858614921569824,0.7654329538345337,-0.3469727039337158,-0.23078849911689758,0,2000,strong,0,0,42,1.0,0.0,walk
1299,25.98,1.0,0.0,0.2783787250518799,0.7011703252792358,-0.27657419443130493,0.25078466534614563,0,2000,strong,0,0,42,1.0,0.0,walk
1300,26.0,1.0,0.0,0.2723989486694336,0.6584534645080566,-0.2283046841621399,0.5502707958221436,0,2000,strong,0,0,42,1.0,0.0,walk
1301,26.02,1.0,0.0,0.26549220085144043,0.6242978572845459,-0.19503569602966309,0.3809847831726074,0,2000,strong,0,0,42,1.0,0.0,walk
1302,26.04,1.0,0.0,0.26025986671447754,0.6014470458030701,-0.16820451617240906,0.19851574301719666,0,2000,strong,0,0,42,1.0,0.0,walk
1303,26.060000000000002,1.0,0.0,0.2568168640136719,0.5855237245559692,-0.14335021376609802,0.029805943369865417,0,2000,strong,0,0,42,1.0,0.0,walk
1304,26.080000000000002,1.0,0.0,0.25461244583129883,0.5765849947929382,-0.11244871467351913,-0.04854213446378708,0,2000,strong,0,0,42,1.0,0.0,walk
1305,26.1,1.0,0.0,0.25306546688079834,0.5717995166778564,-0.08473911136388779,-0.050684571266174316,0,2000,strong,0,0,42,1.0,0.0,walk
1306,26.12,1.0,0.0,0.2520411014556885,0.5737107992172241,-0.05791856348514557,-0.059648968279361725,0,2000,strong,0,0,42,1.0,0.0,walk
1307,26.14,1.0,0.0,0.2513164281845093,0.5796374678611755,-0.0334356464445591,-0.08819366991519928,0,2000,strong,0,0,42,1.0,0.0,walk
1308,26.16,1.0,0.0,0.25131988525390625,0.5978853702545166,-0.016604820266366005,-0.0723802000284195,0,2000,strong,0,0,42,1.0,0.0,walk
1309,26.18,1.0,0.0,0.2515329122543335,0.6247195601463318,-0.0036557945422828197,0.004442378878593445,0,2000,strong,0,0,42,1.0,0.0,walk
1310,26.2,1.0,0.0,0.2508089542388916,0.6488953232765198,0.013257058337330818,0.1477891355752945,0,2000,strong,0,0,42,1.0,0.0,walk
1311,26.22,1.0,0.0,0.24916696548461914,0.6717714071273804,0.03133423253893852,0.25030088424682617,0,2000,strong,0,0,42,1.0,0.0,walk
1312,26.240000000000002,1.0,0.0,0.24738192558288574,0.6964973211288452,0.05019161477684975,0.26401668787002563,0,2000,strong,0,0,42,1.0,0.0,walk
1313,26.26,1.0,0.0,0.2461233139038086,0.7219782471656799,0.07097987830638885,0.22037258744239807,0,2000,strong,0,0,42,1.0,0.0,walk
1314,26.28,1.0,0.0,0.2458592653274536,0.7455021142959595,0.09576206654310226,0.12098890542984009,0,2000,strong,0,0,42,1.0,0.0,walk
1315,26.3,1.0,0.0,0.24648189544677734,0.7661847472190857,0.12475794553756714,0.023454323410987854,0,2000,strong,0,0,42,1.0,0.0,walk
1316,26.32,1.0,0.0,0.24750447273254395,0.7819942235946655,0.15782682597637177,-0.06633120775222778,0,2000,strong,0,0,42,1.0,0.0,walk
1317,26.34,1.0,0.0,0.24926912784576416,0.7938622832298279,0.19250032305717468,-0.20693185925483704,0,2000,strong,0,0,42,1.0,0.0,walk
1318,26.36,1.0,0.0,0.2522317171096802,0.8027028441429138,0.22572003304958344,-0.2816409170627594,0,2000,strong,0,0,42,1.0,0.0,walk
1319,26.38,1.0,0.0,0.25486862659454346,0.7570728063583374,0.21738728880882263,-0.1643357127904892,0,2000,strong,0,0,42,1.0,0.0,walk
1320,26.400000000000002,1.0,0.0,0.25824201107025146,0.6901018619537354,0.1476001739501953,-0.3832378685474396,0,2000,strong,0,0,42,1.0,0.0,walk
1321,26.42,1.0,0.0,0.26297473907470703,0.6519221067428589,0.11183758080005646,-0.27981001138687134,0,2000,strong,0,0,42,1.0,0.0,walk
1322,26.44,1.0,0.0,0.2649834156036377,0.6421610116958618,0.08359047025442123,0.059408050030469894,0,2000,strong,0,0,42,1.0,0.0,walk
1323,26.46,1.0,0.0,0.26556670665740967,0.6037465333938599,0.05967259034514427,0.34335166215896606,0,2000,strong,0,0,42,1.0,0.0,walk
1324,26.48,1.0,0.0,0.2640376091003418,0.58516526222229,0.03309863433241844,0.5007465481758118,0,2000,strong,0,0,42,1.0,0.0,walk
1325,26.5,1.0,0.0,0.2614551782608032,0.5814090967178345,0.009256092831492424,0.5060770511627197,0,2000,strong,0,0,42,1.0,0.0,walk
1326,26.52,1.0,0.0,0.2584235668182373,0.5764567255973816,-0.01060017291456461,0.4916493892669678,0,2000,strong,0,0,42,1.0,0.0,walk
1327,26.54,1.0,0.0,0.2558252811431885,0.5678020715713501,-0.036409102380275726,0.4352785348892212,0,2000,strong,0,0,42,1.0,0.0,walk
1328,26.560000000000002,1.0,0.0,0.2543027400970459,0.5656163692474365,-0.05772599205374718,0.2605306804180145,0,2000,strong,0,0,42,1.0,0.0,walk
1329,26.580000000000002,1.0,0.0,0.2542240619659424,0.5743074417114258,-0.07558373361825943,0.06328729540109634,0,2000,strong,0,0,42,1.0,0.0,walk
1330,26.6,1.0,0.0,0.2546504735946655,0.5783223509788513,-0.08900170773267746,0.04180078208446503,0,2000,strong,0,0,42,1.0,0.0,walk
1331,26.62,1.0,0.0,0.2548590898513794,0.5883366465568542,-0.10075937211513519,-0.00015994335990399122,0,2000,strong,0,0,42,1.0,0.0,walk
1332,26.64,1.0,0.0,0.25554871559143066,0.6023135781288147,-0.11439908295869827,-0.11956906318664551,0,2000,strong,0,0,42,1.0,0.0,walk
1333,26.66,1.0,0.0,0.25691044330596924,0.6200843453407288,-0.1278710961341858,-0.20312058925628662,0,2000,strong,0,0,42,1.0,0.0,walk
1334,26.68,1.0,0.0,0.25840282440185547,0.6417558193206787,-0.14492814242839813,-0.22416730225086212,0,2000,strong,0,0,42,1.0,0.0,walk
1335,26.7,1.0,0.0,0.25902533531188965,0.6677529811859131,-0.16507156193256378,-0.1361340880393982,0,2000,strong,0,0,42,1.0,0.0,walk
1336,26.72,1.0,0.0,0.25805187225341797,0.6955594420433044,-0.19138994812965393,-0.005031526554375887,0,2000,strong,0,0,42,1.0,0.0,walk
1337,26.740000000000002,1.0,0.0,0.25578486919403076,0.7176675200462341,-0.22565872967243195,0.1155865490436554,0,2000,strong,0,0,42,1.0,0.0,walk
1338,26.76,1.0,0.0,0.2527257204055786,0.7327373623847961,-0.2640618681907654,0.21638476848602295,0,2000,strong,0,0,42,1.0,0.0,walk
1339,26.78,1.0,0.0,0.249420166015625,0.7447640895843506,-0.3048711121082306,0.2282770872116089,0,2000,strong,0,0,42,1.0,0.0,walk
1340,26.8,1.0,0.0,0.24637603759765625,0.7539812326431274,-0.34369710087776184,0.1686173677444458,0,2000,strong,0,0,42,1.0,0.0,walk
1341,26.82,1.0,0.0,0.24541258811950684,0.6860638856887817,-0.31290513277053833,-0.2980917990207672,0,2000,strong,0,0,42,1.0,0.0,walk
1342,26.84,1.0,0.0,0.24293804168701172,0.6499152779579163,-0.2570197880268097,0.3868514895439148,0,2000,strong,0,0,42,1.0,0.0,walk
1343,26.86,1.0,0.0,0.23576927185058594,0.6127011775970459,-0.21237532794475555,0.6167134046554565,0,2000,strong,0,0,42,1.0,0.0,walk
1344,26.88,1.0,0.0,0.22840332984924316,0.5846792459487915,-0.18558360636234283,0.409196138381958,0,2000,strong,0,0,42,1.0,0.0,walk
1345,26.900000000000002,1.0,0.0,0.22319400310516357,0.5644983649253845,-0.158516988158226,0.15993860363960266,0,2000,strong,0,0,42,1.0,0.0,walk
1346,26.92,1.0,0.0,0.22029829025268555,0.5482251644134521,-0.13083259761333466,-0.03077305480837822,0,2000,strong,0,0,42,1.0,0.0,walk
1347,26.94,1.0,0.0,0.21858644485473633,0.5423887372016907,-0.10199156403541565,-0.06617586314678192,0,2000,strong,0,0,42,1.0,0.0,walk
1348,26.96,1.0,0.0,0.21776986122131348,0.5432236790657043,-0.07364626973867416,-0.12227115780115128,0,2000,strong,0,0,42,1.0,0.0,walk
1349,26.98,1.0,0.0,0.21757352352142334,0.5502711534500122,-0.04728621616959572,-0.12452477961778641,0,2000,strong,0,0,42,1.0,0.0,walk
1350,27.0,1.0,0.0,0.21772396564483643,0.5611156821250916,-0.02493656426668167,-0.1310092806816101,0,2000,strong,0,0,42,1.0,0.0,walk
1351,27.02,1.0,0.0,0.21806609630584717,0.583339512348175,-0.009899727068841457,-0.04170888662338257,0,2000,strong,0,0,42,1.0,0.0,walk
1352,27.04,1.0,0.0,0.217931866645813,0.6101330518722534,0.002263646339997649,0.07927308231592178,0,2000,strong,0,0,42,1.0,0.0,walk
1353,27.060000000000002,1.0,0.0,0.21675920486450195,0.6326326131820679,0.01932268775999546,0.20980454981327057,0,2000,strong,0,0,42,1.0,0.0,walk
1354,27.080000000000002,1.0,0.0,0.214738130569458,0.6538169980049133,0.03891008347272873,0.29332783818244934,0,2000,strong,0,0,42,1.0,0.0,walk
1355,27.1,1.0,0.0,0.21284973621368408,0.6765394806861877,0.05817092955112457,0.281531423330307,0,2000,strong,0,0,42,1.0,0.0,walk
1356,27.12,1.0,0.0,0.21174585819244385,0.6976685523986816,0.08084747940301895,0.1994435042142868,0,2000,strong,0,0,42,1.0,0.0,walk
1357,27.14,1.0,0.0,0.21172845363616943,0.7186673283576965,0.10683180391788483,0.10021746158599854,0,2000,strong,0,0,42,1.0,0.0,walk
1358,27.16,1.0,0.0,0.21237802505493164,0.7359240651130676,0.1379038691520691,0.008283564820885658,0,2000,strong,0,0,42,1.0,0.0,walk
1359,27.18,1.0,0.0,0.21348106861114502,0.7485339641571045,0.17185449600219727,-0.09669871628284454,0,2000,strong,0,0,42,1.0,0.0,walk
1360,27.2,1.0,0.0,0.21556544303894043,0.759790301322937,0.20757094025611877,-0.22769439220428467,0,2000,strong,0,0,42,1.0,0.0,walk
1361,27.22,1.0,0.0,0.21856117248535156,0.7672269344329834,0.23684062063694,-0.28721463680267334,0,2000,strong,0,0,42,1.0,0.0,walk
1362,27.240000000000002,1.0,0.0,0.2213689088821411,0.7307682037353516,0.2056191861629486,-0.3230617046356201,0,2000,strong,0,0,42,1.0,0.0,walk
1363,27.26,1.0,0.0,0.2250375747680664,0.6701457500457764,0.13463947176933289,-0.3872447609901428,0,2000,strong,0,0,42,1.0,0.0,walk
1364,27.28,1.0,0.0,0.2293531894683838,0.6419776082038879,0.10190992057323456,-0.1815366894006729,0,2000,strong,0,0,42,1.0,0.0,walk
1365,27.3,1.0,0.0,0.23059070110321045,0.6334109306335449,0.07573318481445312,0.18358886241912842,0,2000,strong,0,0,42,1.0,0.0,walk
1366,27.32,1.0,0.0,0.22984659671783447,0.6066323518753052,0.050187595188617706,0.4414407014846802,0,2000,strong,0,0,42,1.0,0.0,walk
1367,27.34,1.0,0.0,0.22749829292297363,0.5928532481193542,0.023045627400279045,0.5311394929885864,0,2000,strong,0,0,42,1.0,0.0,walk
1368,27.36,1.0,0.0,0.22482407093048096,0.5893984436988831,-0.0013421277981251478,0.4734112620353699,0,2000,strong,0,0,42,1.0,0.0,walk
1369,27.38,1.0,0.0,0.22215485572814941,0.5891547799110413,-0.02039284072816372,0.4266815781593323,0,2000,strong,0,0,42,1.0,0.0,walk
1370,27.400000000000002,1.0,0.0,0.22031950950622559,0.5835292339324951,-0.046080511063337326,0.3305169939994812,0,2000,strong,0,0,42,1.0,0.0,walk
1371,27.42,1.0,0.0,0.2196033000946045,0.5845584869384766,-0.06606235355138779,0.16940823197364807,0,2000,strong,0,0,42,1.0,0.0,walk
1372,27.44,1.0,0.0,0.22015118598937988,0.5946639180183411,-0.08183100074529648,-0.007575710769742727,0,2000,strong,0,0,42,1.0,0.0,walk
1373,27.46,1.0,0.0,0.22121000289916992,0.6044469475746155,-0.09408010542392731,-0.05081341415643692,0,2000,strong,0,0,42,1.0,0.0,walk
1374,27.48,1.0,0.0,0.22222375869750977,0.6186659932136536,-0.1062888652086258,-0.09500106424093246,0,2000,strong,0,0,42,1.0,0.0,walk
1375,27.5,1.0,0.0,0.22369873523712158,0.63656085729599,-0.12056729197502136,-0.19803406298160553,0,2000,strong,0,0,42,1.0,0.0,walk
1376,27.52,1.0,0.0,0.2255859375,0.6572742462158203,-0.1353754699230194,-0.24967284500598907,0,2000,strong,0,0,42,1.0,0.0,walk
1377,27.54,1.0,0.0,0.22706449031829834,0.6823117136955261,-0.15354566276073456,-0.21188843250274658,0,2000,strong,0,0,42,1.0,0.0,walk
1378,27.560000000000002,1.0,0.0,0.2271864414215088,0.7114163637161255,-0.17564304172992706,-0.09641844034194946,0,2000,strong,0,0,42,1.0,0.0,walk
1379,27.580000000000002,1.0,0.0,0.22578036785125732,0.7392786741256714,-0.20544707775115967,0.03721790760755539,0,2000,strong,0,0,42,1.0,0.0,walk
1380,27.6,1.0,0.0,0.22327113151550293,0.7595301270484924,-0.24143041670322418,0.15612101554870605,0,2000,strong,0,0,42,1.0,0.0,walk
1381,27.62,1.0,0.0,0.2201906442642212,0.7744154334068298,-0.2808343172073364,0.22684243321418762,0,2000,strong,0,0,42,1.0,0.0,walk
1382,27.64,1.0,0.0,0.21686959266662598,0.7868232727050781,-0.321020245552063,0.2331748604774475,0,2000,strong,0,0,42,1.0,0.0,walk
1383,27.66,1.0,0.0,0.21399879455566406,0.763921856880188,-0.3320798873901367,-0.19463688135147095,0,2000,strong,0,0,42,1.0,0.0,walk
1384,27.68,1.0,0.0,0.2137742042541504,0.6998063325881958,-0.26548609137535095,0.23773565888404846,0,2000,strong,0,0,42,1.0,0.0,walk
1385,27.7,1.0,0.0,0.208398699760437,0.6607281565666199,-0.2192329466342926,0.5073472857475281,0,2000,strong,0,0,42,1.0,0.0,walk
1386,27.72,1.0,0.0,0.20180094242095947,0.6274735331535339,-0.18492724001407623,0.35294732451438904,0,2000,strong,0,0,42,1.0,0.0,walk
1387,27.740000000000002,1.0,0.0,0.1967933177947998,0.6048575043678284,-0.1594437211751938,0.1753477156162262,0,2000,strong,0,0,42,1.0,0.0,walk
1388,27.76,1.0,0.0,0.19397306442260742,0.5903834104537964,-0.13582563400268555,-0.04381588473916054,0,2000,strong,0,0,42,1.0,0.0,walk
1389,27.78,1.0,0.0,0.19254040718078613,0.5841634273529053,-0.10647387057542801,-0.1285356879234314,0,2000,strong,0,0,42,1.0,0.0,walk
1390,27.8,1.0,0.0,0.1914689540863037,0.5758683681488037,-0.07718600332736969,-0.09046828746795654,0,2000,strong,0,0,42,1.0,0.0,walk
1391,27.82,1.0,0.0,0.19054508209228516,0.575516402721405,-0.048755958676338196,-0.07268548011779785,0,2000,strong,0,0,42,1.0,0.0,walk
1392,27.84,1.0,0.0,0.18981623649597168,0.5820433497428894,-0.02628554403781891,-0.07952472567558289,0,2000,strong,0,0,42,1.0,0.0,walk
1393,27.86,1.0,0.0,0.18985366821289062,0.5983579754829407,-0.009930203668773174,-0.09138388186693192,0,2000,strong,0,0,42,1.0,0.0,walk
1394,27.88,1.0,0.0,0.19028162956237793,0.6257940530776978,0.0030724559910595417,-0.019220106303691864,0,2000,strong,0,0,42,1.0,0.0,walk
1395,27.900000000000002,1.0,0.0,0.18966901302337646,0.6484091877937317,0.019888686016201973,0.13660791516304016,0,2000,strong,0,0,42,1.0,0.0,walk
1396,27.92,1.0,0.0,0.18813633918762207,0.6713905334472656,0.037086792290210724,0.23512522876262665,0,2000,strong,0,0,42,1.0,0.0,walk
1397,27.94,1.0,0.0,0.18641877174377441,0.6963794231414795,0.055035240948200226,0.26014089584350586,0,2000,strong,0,0,42,1.0,0.0,walk
1398,27.96,1.0,0.0,0.18514323234558105,0.7220355868339539,0.07543177157640457,0.22056686878204346,0,2000,strong,0,0,42,1.0,0.0,walk
1399,27.98,1.0,0.0,0.1848151683807373,0.74608314037323,0.09976021200418472,0.12676900625228882,0,2000,strong,0,0,42,1.0,0.0,walk
1400,28.0,1.0,0.0,0.18538641929626465,0.767279326915741,0.12831243872642517,0.03211996704339981,0,2000,strong,0,0,42,1.0,0.0,walk
1401,28.02,1.0,0.0,0.18636047840118408,0.7834440469741821,0.16120368242263794,-0.059306319802999496,0,2000,strong,0,0,42,1.0,0.0,walk
1402,28.04,1.0,0.0,0.18810927867889404,0.7952068448066711,0.19568435847759247,-0.20671586692333221,0,2000,strong,0,0,42,1.0,0.0,walk
1403,28.060000000000002,1.0,0.0,0.19123053550720215,0.8047505021095276,0.2301274687051773,-0.29095458984375,0,2000,strong,0,0,42,1.0,0.0,walk
1404,28.080000000000002,1.0,0.0,0.19394946098327637,0.7696382403373718,0.2272370159626007,-0.05059918016195297,0,2000,strong,0,0,42,1.0,0.0,walk
1405,28.1,1.0,0.0,0.1968691349029541,0.7020524144172668,0.15596915781497955,-0.39000827074050903,0,2000,strong,0,0,42,1.0,0.0,walk
1406,28.12,1.0,0.0,0.2017914056777954,0.6616461277008057,0.11801329255104065,-0.336353600025177,0,2000,strong,0,0,42,1.0,0.0,walk
1407,28.14,1.0,0.0,0.20428740978240967,0.6497585773468018,0.08966550976037979,-0.016084780916571617,0,2000,strong,0,0,42,1.0,0.0,walk
1408,28.16,1.0,0.0,0.2057178020477295,0.6112701892852783,0.06487362086772919,0.23589028418064117,0,2000,strong,0,0,42,1.0,0.0,walk
1409,28.18,1.0,0.0,0.2050180435180664,0.5914645791053772,0.0386032797396183,0.42478397488594055,0,2000,strong,0,0,42,1.0,0.0,walk
1410,28.2,1.0,0.0,0.20305120944976807,0.5846567153930664,0.014734027907252312,0.45980527997016907,0,2000,strong,0,0,42,1.0,0.0,walk
1411,28.22,1.0,0.0,0.20032119750976562,0.5807902812957764,-0.004359975457191467,0.4670361280441284,0,2000,strong,0,0,42,1.0,0.0,walk
1412,28.240000000000002,1.0,0.0,0.19771993160247803,0.5738403797149658,-0.030881084501743317,0.44888365268707275,0,2000,strong,0,0,42,1.0,0.0,walk
1413,28.26,1.0,0.0,0.19613122940063477,0.571200430393219,-0.05334626883268356,0.26952433586120605,0,2000,strong,0,0,42,1.0,0.0,walk
1414,28.28,1.0,0.0,0.19609522819519043,0.5787648558616638,-0.07165787369012833,0.05579662695527077,0,2000,strong,0,0,42,1.0,0.0,walk
1415,28.3,1.0,0.0,0.19656670093536377,0.5838067531585693,-0.08469954878091812,0.03806907683610916,0,2000,strong,0,0,42,1.0,0.0,walk
1416,28.32,1.0,0.0,0.1968698501586914,0.5943220853805542,-0.09724230319261551,-0.009399868547916412,0,2000,strong,0,0,42,1.0,0.0,walk
1417,28.34,1.0,0.0,0.19769537448883057,0.6092210412025452,-0.11094534397125244,-0.1308901160955429,0,2000,strong,0,0,42,1.0,0.0,walk
1418,28.36,1.0,0.0,0.19918513298034668,0.6271932125091553,-0.12447351217269897,-0.21381671726703644,0,2000,strong,0,0,42,1.0,0.0,walk
1419,28.38,1.0,0.0,0.20069503784179688,0.6487541198730469,-0.1409999132156372,-0.22353334724903107,0,2000,strong,0,0,42,1.0,0.0,walk
1420,28.400000000000002,1.0,0.0,0.20120322704315186,0.6746655106544495,-0.1610732525587082,-0.12763968110084534,0,2000,strong,0,0,42,1.0,0.0,walk
1421,28.42,1.0,0.0,0.2001962661743164,0.7027150988578796,-0.1878911405801773,-0.012364420108497143,0,2000,strong,0,0,42,1.0,0.0,walk
1422,28.44,1.0,0.0,0.19813430309295654,0.7248318195343018,-0.22237858176231384,0.09118611365556717,0,2000,strong,0,0,42,1.0,0.0,walk
1423,28.46,1.0,0.0,0.1954585313796997,0.7398743033409119,-0.26069748401641846,0.17747795581817627,0,2000,strong,0,0,42,1.0,0.0,walk
1424,28.48,1.0,0.0,0.19253230094909668,0.7517459392547607,-0.30057916045188904,0.19832929968833923,0,2000,strong,0,0,42,1.0,0.0,walk
1425,28.5,1.0,0.0,0.1897120475769043,0.7608049511909485,-0.33913764357566833,0.154936283826828,0,2000,strong,0,0,42,1.0,0.0,walk
1426,28.52,1.0,0.0,0.18899285793304443,0.6902210712432861,-0.3031052350997925,-0.2767364978790283,0,2000,strong,0,0,42,1.0,0.0,walk
1427,28.54,1.0,0.0,0.18645238876342773,0.6550179719924927,-0.24956095218658447,0.3734636604785919,0,2000,strong,0,0,42,1.0,0.0,walk
1428,28.560000000000002,1.0,0.0,0.17935502529144287,0.6165680885314941,-0.20577025413513184,0.6148428320884705,0,2000,strong,0,0,42,1.0,0.0,walk
1429,28.580000000000002,1.0,0.0,0.1721503734588623,0.5876193642616272,-0.17839448153972626,0.3926839232444763,0,2000,strong,0,0,42,1.0,0.0,walk
1430,28.6,1.0,0.0,0.1670987606048584,0.5670756697654724,-0.15232616662979126,0.14959189295768738,0,2000,strong,0,0,42,1.0,0.0,walk
1431,28.62,1.0,0.0,0.16437554359436035,0.5510335564613342,-0.12400715798139572,-0.06571213901042938,0,2000,strong,0,0,42,1.0,0.0,walk
1432,28.64,1.0,0.0,0.16306781768798828,0.5454812049865723,-0.09709338843822479,-0.10902169346809387,0,2000,strong,0,0,42,1.0,0.0,walk
1433,28.66,1.0,0.0,0.16240882873535156,0.5447994470596313,-0.06768324971199036,-0.12646953761577606,0,2000,strong,0,0,42,1.0,0.0,walk
1434,28.68,1.0,0.0,0.16226601600646973,0.5521000623703003,-0.04169841110706329,-0.13550880551338196,0,2000,strong,0,0,42,1.0,0.0,walk
1435,28.7,1.0,0.0,0.16240596771240234,0.5623533725738525,-0.019684912636876106,-0.12906178832054138,0,2000,strong,0,0,42,1.0,0.0,walk
1436,28.72,1.0,0.0,0.16276895999908447,0.5843231081962585,-0.004619619809091091,-0.04914472624659538,0,2000,strong,0,0,42,1.0,0.0,walk
1437,28.740000000000002,1.0,0.0,0.16261625289916992,0.6110450625419617,0.007784280925989151,0.07950419187545776,0,2000,strong,0,0,42,1.0,0.0,walk
1438,28.76,1.0,0.0,0.16141176223754883,0.6332105398178101,0.024240318685770035,0.20849567651748657,0,2000,strong,0,0,42,1.0,0.0,walk
1439,28.78,1.0,0.0,0.15945494174957275,0.6540890336036682,0.04328443482518196,0.2802775502204895,0,2000,strong,0,0,42,1.0,0.0,walk
1440,28.8,1.0,0.0,0.15767037868499756,0.6768488883972168,0.06231767684221268,0.267423152923584,0,2000,strong,0,0,42,1.0,0.0,walk
1441,28.82,1.0,0.0,0.15670061111450195,0.6981258392333984,0.08455626666545868,0.1865161955356598,0,2000,strong,0,0,42,1.0,0.0,walk
1442,28.84,1.0,0.0,0.15685772895812988,0.7189765572547913,0.11049187928438187,0.08204557001590729,0,2000,strong,0,0,42,1.0,0.0,walk
1443,28.86,1.0,0.0,0.15770554542541504,0.7364245057106018,0.14154373109340668,-0.006555470172315836,0,2000,strong,0,0,42,1.0,0.0,walk
1444,28.88,1.0,0.0,0.15893030166625977,0.749273419380188,0.17567665874958038,-0.09973594546318054,0,2000,strong,0,0,42,1.0,0.0,walk
1445,28.900000000000002,1.0,0.0,0.1610316038131714,0.7606027722358704,0.21143728494644165,-0.22375698387622833,0,2000,strong,0,0,42,1.0,0.0,walk
1446,28.92,1.0,0.0,0.16397631168365479,0.7682680487632751,0.2417495995759964,-0.2662188708782196,0,2000,strong,0,0,42,1.0,0.0,walk
1447,28.94,1.0,0.0,0.16637015342712402,0.7243348360061646,0.21902352571487427,-0.30220508575439453,0,2000,strong,0,0,42,1.0,0.0,walk
1448,28.96,1.0,0.0,0.16994035243988037,0.658609926700592,0.1480512171983719,-0.37878328561782837,0,2000,strong,0,0,42,1.0,0.0,walk
1449,28.98,1.0,0.0,0.17428350448608398,0.624218761920929,0.11561775207519531,-0.1825432926416397,0,2000,strong,0,0,42,1.0,0.0,walk
1450,29.0,1.0,0.0,0.17558026313781738,0.6119828224182129,0.09026838093996048,0.17661496996879578,0,2000,strong,0,0,42,1.0,0.0,walk
1451,29.02,1.0,0.0,0.17501866817474365,0.5828119516372681,0.065464548766613,0.41993391513824463,0,2000,strong,0,0,42,1.0,0.0,walk
1452,29.04,1.0,0.0,0.17296850681304932,0.5685527324676514,0.03856869041919708,0.5041126012802124,0,2000,strong,0,0,42,1.0,0.0,walk
1453,29.060000000000002,1.0,0.0,0.17058134078979492,0.564769446849823,0.014369104988873005,0.44934380054473877,0,2000,strong,0,0,42,1.0,0.0,walk
1454,29.080000000000002,1.0,0.0,0.1681966781616211,0.5648719668388367,-0.004248145502060652,0.3994603753089905,0,2000,strong,0,0,42,1.0,0.0,walk
1455,29.1,1.0,0.0,0.1666262149810791,0.5598658919334412,-0.030083373188972473,0.3076915144920349,0,2000,strong,0,0,42,1.0,0.0,walk
1456,29.12,1.0,0.0,0.16615402698516846,0.5611974596977234,-0.050610266625881195,0.15153062343597412,0,2000,strong,0,0,42,1.0,0.0,walk
1457,29.14,1.0,0.0,0.16700708866119385,0.5718568563461304,-0.06693655252456665,-0.03369390219449997,0,2000,strong,0,0,42,1.0,0.0,walk
1458,29.16,1.0,0.0,0.16836965084075928,0.5815744400024414,-0.07926169782876968,-0.06899194419384003,0,2000,strong,0,0,42,1.0,0.0,walk
1459,29.18,1.0,0.0,0.16951203346252441,0.595526933670044,-0.09115146845579147,-0.09380835294723511,0,2000,strong,0,0,42,1.0,0.0,walk
1460,29.2,1.0,0.0,0.17089271545410156,0.6129570603370667,-0.1050833910703659,-0.1789875030517578,0,2000,strong,0,0,42,1.0,0.0,walk
1461,29.22,1.0,0.0,0.17259740829467773,0.6329764723777771,-0.11981521546840668,-0.2296818345785141,0,2000,strong,0,0,42,1.0,0.0,walk
1462,29.240000000000002,1.0,0.0,0.1739290952682495,0.6571835875511169,-0.13770417869091034,-0.19973261654376984,0,2000,strong,0,0,42,1.0,0.0,walk
1463,29.26,1.0,0.0,0.1740509271621704,0.6854296922683716,-0.15942861139774323,-0.10116153955459595,0,2000,strong,0,0,42,1.0,0.0,walk
1464,29.28,1.0,0.0,0.1727893352508545,0.7129730582237244,-0.18816208839416504,0.01667761243879795,0,2000,strong,0,0,42,1.0,0.0,walk
1465,29.3,1.0,0.0,0.17056238651275635,0.733171284198761,-0.22306926548480988,0.11678153276443481,0,2000,strong,0,0,42,1.0,0.0,walk
1466,29.32,1.0,0.0,0.1678471565246582,0.7473195195198059,-0.26133665442466736,0.1874452531337738,0,2000,strong,0,0,42,1.0,0.0,walk
1467,29.34,1.0,0.0,0.16490352153778076,0.7592406272888184,-0.3010157644748688,0.1962786167860031,0,2000,strong,0,0,42,1.0,0.0,walk
1468,29.36,1.0,0.0,0.16224396228790283,0.7638061046600342,-0.33258888125419617,0.0989324077963829,0,2000,strong,0,0,42,1.0,0.0,walk
1469,29.38,1.0,0.0,0.16197752952575684,0.6868324875831604,-0.2574557960033417,0.1926611065864563,0,2000,strong,0,0,42,1.0,0.0,walk
1470,29.400000000000002,1.0,0.0,0.1567087173461914,0.6467167735099792,-0.21080723404884338,0.4900524616241455,0,2000,strong,0,0,42,1.0,0.0,walk
1471,29.42,1.0,0.0,0.15022540092468262,0.6207196116447449,-0.18055641651153564,0.40811237692832947,0,2000,strong,0,0,42,1.0,0.0,walk
1472,29.44,1.0,0.0,0.1456151008605957,0.5937471985816956,-0.15547966957092285,0.07946706563234329,0,2000,strong,0,0,42,1.0,0.0,walk
1473,29.46,1.0,0.0,0.14359569549560547,0.5785436630249023,-0.12879060208797455,-0.11709839105606079,0,2000,strong,0,0,42,1.0,0.0,walk
1474,29.48,1.0,0.0,0.14306974411010742,0.5631693601608276,-0.09805189073085785,-0.226299449801445,0,2000,strong,0,0,42,1.0,0.0,walk
1475,29.5,1.0,0.0,0.14319396018981934,0.5554748773574829,-0.06772761046886444,-0.21186329424381256,0,2000,strong,0,0,42,1.0,0.0,walk
1476,29.52,1.0,0.0,0.1434159278869629,0.5570310354232788,-0.03977615386247635,-0.1789064258337021,0,2000,strong,0,0,42,1.0,0.0,walk
1477,29.54,1.0,0.0,0.1434311866760254,0.5618895292282104,-0.014971273019909859,-0.12306678295135498,0,2000,strong,0,0,42,1.0,0.0,walk
1478,29.560000000000002,1.0,0.0,0.1431964635848999,0.5768550634384155,0.005169346462935209,-0.055933382362127304,0,2000,strong,0,0,42,1.0,0.0,walk
1479,29.580000000000002,1.0,0.0,0.1429917812347412,0.6018257737159729,0.017400115728378296,0.020250536501407623,0,2000,strong,0,0,42,1.0,0.0,walk
1480,29.6,1.0,0.0,0.14205479621887207,0.6274357438087463,0.03150225803256035,0.15943002700805664,0,2000,strong,0,0,42,1.0,0.0,walk
1481,29.62,1.0,0.0,0.1401817798614502,0.6508634686470032,0.04889581725001335,0.2602697014808655,0,2000,strong,0,0,42,1.0,0.0,walk
1482,29.64,1.0,0.0,0.13804399967193604,0.6759623885154724,0.06716475635766983,0.29023289680480957,0,2000,strong,0,0,42,1.0,0.0,walk
1483,29.66,1.0,0.0,0.13641953468322754,0.7027006149291992,0.08728349208831787,0.24836380779743195,0,2000,strong,0,0,42,1.0,0.0,walk
1484,29.68,1.0,0.0,0.13565599918365479,0.727069616317749,0.11179473996162415,0.16865754127502441,0,2000,strong,0,0,42,1.0,0.0,walk
1485,29.7,1.0,0.0,0.1357557773590088,0.749756395816803,0.1402709186077118,0.08037927746772766,0,2000,strong,0,0,42,1.0,0.0,walk
1486,29.72,1.0,0.0,0.13644123077392578,0.7676361203193665,0.17237724363803864,-0.017958365380764008,0,2000,strong,0,0,42,1.0,0.0,walk
1487,29.740000000000002,1.0,0.0,0.13775694370269775,0.7810108661651611,0.20701022446155548,-0.1394515335559845,0,2000,strong,0,0,42,1.0,0.0,walk
1488,29.76,1.0,0.0,0.14032602310180664,0.7918195128440857,0.2422165870666504,-0.2337711602449417,0,2000,strong,0,0,42,1.0,0.0,walk
1489,29.78,1.0,0.0,0.14285683631896973,0.7590608596801758,0.23734867572784424,-0.04923158884048462,0,2000,strong,0,0,42,1.0,0.0,walk
1490,29.8,1.0,0.0,0.145788311958313,0.6929519176483154,0.16564534604549408,-0.3863465189933777,0,2000,strong,0,0,42,1.0,0.0,walk
1491,29.82,1.0,0.0,0.15072870254516602,0.653046727180481,0.12717297673225403,-0.34361732006073,0,2000,strong,0,0,42,1.0,0.0,walk
1492,29.84,1.0,0.0,0.15341532230377197,0.6396359801292419,0.09534993767738342,-0.03050328604876995,0,2000,strong,0,0,42,1.0,0.0,walk
1493,29.86,1.0,0.0,0.1550450325012207,0.6026772260665894,0.06987324357032776,0.21627257764339447,0,2000,strong,0,0,42,1.0,0.0,walk
1494,29.88,1.0,0.0,0.15443968772888184,0.5821700692176819,0.042090535163879395,0.4194904863834381,0,2000,strong,0,0,42,1.0,0.0,walk
1495,29.900000000000002,1.0,0.0,0.15250301361083984,0.5750603675842285,0.01668139360845089,0.45428797602653503,0,2000,strong,0,0,42,1.0,0.0,walk
1496,29.92,1.0,0.0,0.1497197151184082,0.5737584233283997,-0.003765585832297802,0.46657657623291016,0,2000,strong,0,0,42,1.0,0.0,walk
1497,29.94,1.0,0.0,0.14725971221923828,0.5681053996086121,-0.0322708822786808,0.42221665382385254,0,2000,strong,0,0,42,1.0,0.0,walk
1498,29.96,1.0,0.0,0.14611458778381348,0.5681353807449341,-0.05570857971906662,0.21299101412296295,0,2000,strong,0,0,42,1.0,0.0,walk
1499,29.98,1.0,0.0,0.8643165826797485,0.5766754746437073,-0.0745747908949852,-0.002291188109666109,0,2000,strong,0,0,42,1.0,0.0,walk
1500,30.0,1.0,0.0,0.8653169870376587,0.5824126601219177,-0.08853692561388016,-0.0060035730712115765,0,2000,strong,0,0,42,1.0,0.0,walk
1501,30.02,1.0,0.0,0.8657437562942505,0.5941972732543945,-0.10152978450059891,-0.0038519378285855055,0,2000,strong,0,0,42,1.0,0.0,walk
1502,30.04,1.0,0.0,0.8662444353103638,0.6103991866111755,-0.11658546328544617,-0.08384266495704651,0,2000,strong,0,0,42,1.0,0.0,walk
1503,30.060000000000002,1.0,0.0,0.8670798540115356,0.6297826170921326,-0.13198237121105194,-0.13672077655792236,0,2000,strong,0,0,42,1.0,0.0,walk
1504,30.080000000000002,1.0,0.0,0.8673640489578247,0.6535672545433044,-0.149836003780365,-0.0801716223359108,0,2000,strong,0,0,42,1.0,0.0,walk
1505,30.1,1.0,0.0,0.8658562898635864,0.6813890337944031,-0.1729440689086914,0.0957883670926094,0,2000,strong,0,0,42,1.0,0.0,walk
1506,30.12,1.0,0.0,0.8619552850723267,0.7096933126449585,-0.20465975999832153,0.3079211711883545,0,2000,strong,0,0,42,1.0,0.0,walk
1507,30.14,1.0,0.0,0.8561321496963501,0.7303818464279175,-0.2453848421573639,0.5047842264175415,0,2000,strong,0,0,42,1.0,0.0,walk
1508,30.16,1.0,0.0,0.8488880395889282,0.7436591386795044,-0.29101690649986267,0.6683804988861084,0,2000,strong,0,0,42,1.0,0.0,walk
1509,30.18,1.0,0.0,0.8409234285354614,0.75529944896698,-0.3402406871318817,0.696526825428009,0,2000,strong,0,0,42,1.0,0.0,walk
1510,30.2,1.0,0.0,0.8339477777481079,0.7646864056587219,-0.3892611265182495,0.4768078327178955,0,2000,strong,0,0,42,1.0,0.0,walk
1511,30.22,1.0,0.0,0.8309274911880493,0.7008491158485413,-0.3300934135913849,0.3601022958755493,0,2000,strong,0,0,42,1.0,0.0,walk
1512,30.240000000000002,1.0,0.0,0.8236943483352661,0.6596194505691528,-0.280683696269989,0.7687031030654907,0,2000,strong,0,0,42,1.0,0.0,walk
1513,30.26,1.0,0.0,0.8137170076370239,0.6283440589904785,-0.24864304065704346,0.7997199892997742,0,2000,strong,0,0,42,1.0,0.0,walk
1514,30.28,1.0,0.0,0.804538369178772,0.5983371734619141,-0.2231450080871582,0.5713688135147095,0,2000,strong,0,0,42,1.0,0.0,walk
1515,30.3,1.0,0.0,0.7980796098709106,0.578362762928009,-0.19647611677646637,0.27421462535858154,0,2000,strong,0,0,42,1.0,0.0,walk
1516,30.32,1.0,0.0,0.7943288087844849,0.5645362138748169,-0.16756464540958405,0.04842813313007355,0,2000,strong,0,0,42,1.0,0.0,walk
1517,30.34,1.0,0.0,0.7922617197036743,0.5589735507965088,-0.13544295728206635,-0.044642798602581024,0,2000,strong,0,0,42,1.0,0.0,walk
1518,30.36,1.0,0.0,0.7912546396255493,0.5639320015907288,-0.10791802406311035,-0.07474880665540695,0,2000,strong,0,0,42,1.0,0.0,walk
1519,30.38,1.0,0.0,0.790382981300354,0.5740739703178406,-0.08132161945104599,-0.04500851407647133,0,2000,strong,0,0,42,1.0,0.0,walk
1520,30.400000000000002,1.0,0.0,0.789350152015686,0.5924471020698547,-0.060527652502059937,0.026988627389073372,0,2000,strong,0,0,42,1.0,0.0,walk
1521,30.42,1.0,0.0,0.7882310152053833,0.6169253587722778,-0.04580743610858917,0.09890007227659225,0,2000,strong,0,0,42,1.0,0.0,walk
1522,30.44,1.0,0.0,0.786683201789856,0.6433649063110352,-0.03190407529473305,0.20068521797657013,0,2000,strong,0,0,42,1.0,0.0,walk
1523,30.46,1.0,0.0,0.7843261957168579,0.6672514081001282,-0.015490157529711723,0.31132620573043823,0,2000,strong,0,0,42,1.0,0.0,walk
1524,30.48,1.0,0.0,0.7814832925796509,0.6925903558731079,0.0014704284258186817,0.3730597496032715,0,2000,strong,0,0,42,1.0,0.0,walk
1525,30.5,1.0,0.0,0.7788010835647583,0.719650149345398,0.019206861034035683,0.36621999740600586,0,2000,strong,0,0,42,1.0,0.0,walk
1526,30.52,1.0,0.0,0.7766886949539185,0.7455198168754578,0.039772022515535355,0.31142598390579224,0,2000,strong,0,0,42,1.0,0.0,walk
1527,30.54,1.0,0.0,0.7753616571426392,0.7695205211639404,0.06271868944168091,0.22555357217788696,0,2000,strong,0,0,42,1.0,0.0,walk
1528,30.560000000000002,1.0,0.0,0.7745434045791626,0.7879758477210999,0.09010077267885208,0.12505018711090088,0,2000,strong,0,0,42,1.0,0.0,walk
1529,30.580000000000002,1.0,0.0,0.7745052576065063,0.8008418083190918,0.1191570833325386,-0.0435541495680809,0,2000,strong,0,0,42,1.0,0.0,walk
1530,30.6,1.0,0.0,0.7762433290481567,0.8082722425460815,0.14547142386436462,-0.24594144523143768,0,2000,strong,0,0,42,1.0,0.0,walk
1531,30.62,1.0,0.0,0.7792731523513794,0.7752152681350708,0.13815392553806305,-0.26645416021347046,0,2000,strong,0,0,42,1.0,0.0,walk
1532,30.64,1.0,0.0,0.7827368974685669,0.7145702242851257,0.07728540152311325,-0.33051174879074097,0,2000,strong,0,0,42,1.0,0.0,walk
1533,30.66,1.0,0.0,0.7863742113113403,0.6793911457061768,0.042578164488077164,-0.1837194859981537,0,2000,strong,0,0,42,1.0,0.0,walk
1534,30.68,1.0,0.0,0.7870503664016724,0.6721659302711487,0.014660689048469067,0.16831378638744354,0,2000,strong,0,0,42,1.0,0.0,walk
1535,30.7,1.0,0.0,0.7860442399978638,0.6384209990501404,-0.007903321646153927,0.5468125343322754,0,2000,strong,0,0,42,1.0,0.0,walk
1536,30.72,1.0,0.0,0.782077431678772,0.6206503510475159,-0.032920945435762405,0.7700142860412598,0,2000,strong,0,0,42,1.0,0.0,walk
1537,30.740000000000002,1.0,0.0,0.7769414186477661,0.6149332523345947,-0.06007137894630432,0.7632489204406738,0,2000,strong,0,0,42,1.0,0.0,walk
1538,30.76,1.0,0.0,0.7717105150222778,0.6140477061271667,-0.08078121393918991,0.7010752558708191,0,2000,strong,0,0,42,1.0,0.0,walk
1539,30.78,1.0,0.0,0.7672115564346313,0.6062030792236328,-0.10543889552354813,0.6396796107292175,0,2000,strong,0,0,42,1.0,0.0,walk
1540,30.8,1.0,0.0,0.7636705636978149,0.6016880869865417,-0.12472448498010635,0.4997463524341583,0,2000,strong,0,0,42,1.0,0.0,walk
1541,30.82,1.0,0.0,0.7611395120620728,0.6060599088668823,-0.1430884748697281,0.3539702594280243,0,2000,strong,0,0,42,1.0,0.0,walk
1542,30.84,1.0,0.0,0.7584377527236938,0.6109552383422852,-0.1564263105392456,0.3742292821407318,0,2000,strong,0,0,42,1.0,0.0,walk
1543,30.86,1.0,0.0,0.755712628364563,0.6218656897544861,-0.17048954963684082,0.27022653818130493,0,2000,strong,0,0,42,1.0,0.0,walk
1544,30.88,1.0,0.0,0.7542392015457153,0.6369673013687134,-0.18647156655788422,0.07391265779733658,0,2000,strong,0,0,42,1.0,0.0,walk
1545,30.900000000000002,1.0,0.0,0.7542606592178345,0.6569103598594666,-0.20195209980010986,-0.091400146484375,0,2000,strong,0,0,42,1.0,0.0,walk
1546,30.92,1.0,0.0,0.7552715539932251,0.6825921535491943,-0.2195170819759369,-0.18737201392650604,0,2000,strong,0,0,42,1.0,0.0,walk
1547,30.94,1.0,0.0,0.7556959390640259,0.7129231095314026,-0.24007290601730347,-0.09164892882108688,0,2000,strong,0,0,42,1.0,0.0,walk
1548,30.96,1.0,0.0,0.7541190385818481,0.7457444667816162,-0.26691630482673645,0.07612727582454681,0,2000,strong,0,0,42,1.0,0.0,walk
1549,30.98,1.0,0.0,0.7506743669509888,0.7740349173545837,-0.3049367070198059,0.2549581527709961,0,2000,strong,0,0,42,1.0,0.0,walk
1550,31.0,1.0,0.0,0.7456647157669067,0.7938805818557739,-0.3490605056285858,0.4284432828426361,0,2000,strong,0,0,42,1.0,0.0,walk
1551,31.02,1.0,0.0,0.7399736642837524,0.8083847165107727,-0.3981776535511017,0.4765068292617798,0,2000,strong,0,0,42,1.0,0.0,walk
1552,31.04,1.0,0.0,0.7347885370254517,0.8228456974029541,-0.4484933316707611,0.3457857370376587,0,2000,strong,0,0,42,1.0,0.0,walk
1553,31.060000000000002,1.0,0.0,0.7323070764541626,0.766394317150116,-0.445360004901886,-0.4483565390110016,0,2000,strong,0,0,42,1.0,0.0,walk
1554,31.080000000000002,1.0,0.0,0.7310448884963989,0.7084022760391235,-0.3545641005039215,0.4074288308620453,0,2000,strong,0,0,42,1.0,0.0,walk
1555,31.1,1.0,0.0,0.722488522529602,0.6608385443687439,-0.29461535811424255,0.8629531264305115,0,2000,strong,0,0,42,1.0,0.0,walk
1556,31.12,1.0,0.0,0.7123461961746216,0.6256454586982727,-0.2625128924846649,0.7245765924453735,0,2000,strong,0,0,42,1.0,0.0,walk
1557,31.14,1.0,0.0,0.7037769556045532,0.5945962071418762,-0.2324250489473343,0.46735674142837524,0,2000,strong,0,0,42,1.0,0.0,walk
1558,31.16,1.0,0.0,0.6981731653213501,0.5646143555641174,-0.20133955776691437,0.19371236860752106,0,2000,strong,0,0,42,1.0,0.0,walk
1559,31.18,1.0,0.0,0.6946960687637329,0.5525884032249451,-0.17190879583358765,0.07183098793029785,0,2000,strong,0,0,42,1.0,0.0,walk
1560,31.2,1.0,0.0,0.6927534341812134,0.5480424165725708,-0.1409038007259369,-0.04119613766670227,0,2000,strong,0,0,42,1.0,0.0,walk
1561,31.220000000000002,1.0,0.0,0.6917682886123657,0.551193356513977,-0.10923270881175995,-0.0644054263830185,0,2000,strong,0,0,42,1.0,0.0,walk
1562,31.240000000000002,1.0,0.0,0.690778374671936,0.5578556656837463,-0.08272793143987656,-0.012046515010297298,0,2000,strong,0,0,42,1.0,0.0,walk
1563,31.26,1.0,0.0,0.6891156435012817,0.5797876715660095,-0.0674820989370346,0.16731353104114532,0,2000,strong,0,0,42,1.0,0.0,walk
1564,31.28,1.0,0.0,0.6871968507766724,0.6083653569221497,-0.05832114815711975,0.21953555941581726,0,2000,strong,0,0,42,1.0,0.0,walk
1565,31.3,1.0,0.0,0.6849046945571899,0.631990373134613,-0.042287375777959824,0.296402245759964,0,2000,strong,0,0,42,1.0,0.0,walk
1566,31.32,1.0,0.0,0.6819912195205688,0.652997612953186,-0.02180217206478119,0.37827765941619873,0,2000,strong,0,0,42,1.0,0.0,walk
1567,31.34,1.0,0.0,0.6792589426040649,0.6762738227844238,-0.0029834609013050795,0.3701072931289673,0,2000,strong,0,0,42,1.0,0.0,walk
1568,31.36,1.0,0.0,0.6772347688674927,0.6985397338867188,0.017758727073669434,0.3067876398563385,0,2000,strong,0,0,42,1.0,0.0,walk
1569,31.38,1.0,0.0,0.6762324571609497,0.7196840643882751,0.04170241951942444,0.20315080881118774,0,2000,strong,0,0,42,1.0,0.0,walk
1570,31.400000000000002,1.0,0.0,0.6759997606277466,0.7368850111961365,0.069966621696949,0.10964515060186386,0,2000,strong,0,0,42,1.0,0.0,walk
1571,31.42,1.0,0.0,0.6760770082473755,0.7500177621841431,0.1019255667924881,0.022642824798822403,0,2000,strong,0,0,42,1.0,0.0,walk
1572,31.44,1.0,0.0,0.6767512559890747,0.7602028846740723,0.1356775164604187,-0.10424711555242538,0,2000,strong,0,0,42,1.0,0.0,walk
1573,31.46,1.0,0.0,0.678712010383606,0.7672318816184998,0.1604764610528946,-0.2785158157348633,0,2000,strong,0,0,42,1.0,0.0,walk
1574,31.48,1.0,0.0,0.6814333200454712,0.7350479960441589,0.1422848105430603,-0.3512688875198364,0,2000,strong,0,0,42,1.0,0.0,walk
1575,31.5,1.0,0.0,0.6847773790359497,0.6785103678703308,0.07928618788719177,-0.328921377658844,0,2000,strong,0,0,42,1.0,0.0,walk
1576,31.52,1.0,0.0,0.6878739595413208,0.6504771113395691,0.0512830950319767,-0.06746989488601685,0,2000,strong,0,0,42,1.0,0.0,walk
1577,31.54,1.0,0.0,0.6874619722366333,0.6441203951835632,0.02834377810359001,0.3263157308101654,0,2000,strong,0,0,42,1.0,0.0,walk
1578,31.560000000000002,1.0,0.0,0.6848355531692505,0.6169812679290771,0.006859217770397663,0.6593784093856812,0,2000,strong,0,0,42,1.0,0.0,walk
1579,31.580000000000002,1.0,0.0,0.6804081201553345,0.5981123447418213,-0.024703823029994965,0.7711650133132935,0,2000,strong,0,0,42,1.0,0.0,walk
1580,31.6,1.0,0.0,0.6752973794937134,0.5973065495491028,-0.047178395092487335,0.7414523959159851,0,2000,strong,0,0,42,1.0,0.0,walk
1581,31.62,1.0,0.0,0.6702615022659302,0.598314642906189,-0.06464424729347229,0.6540254950523376,0,2000,strong,0,0,42,1.0,0.0,walk
1582,31.64,1.0,0.0,0.6662408113479614,0.5868237018585205,-0.09247288852930069,0.57295161485672,0,2000,strong,0,0,42,1.0,0.0,walk
1583,31.66,1.0,0.0,0.6633926630020142,0.5893541574478149,-0.11284983158111572,0.40750670433044434,0,2000,strong,0,0,42,1.0,0.0,walk
1584,31.68,1.0,0.0,0.6614943742752075,0.595022976398468,-0.12854886054992676,0.2678794264793396,0,2000,strong,0,0,42,1.0,0.0,walk
1585,31.7,1.0,0.0,0.6598349809646606,0.5977106094360352,-0.14002443850040436,0.23137323558330536,0,2000,strong,0,0,42,1.0,0.0,walk
1586,31.720000000000002,1.0,0.0,0.6583691835403442,0.611351728439331,-0.15250389277935028,0.12622860074043274,0,2000,strong,0,0,42,1.0,0.0,walk
1587,31.740000000000002,1.0,0.0,0.658542275428772,0.629964292049408,-0.1683795154094696,-0.11023780703544617,0,2000,strong,0,0,42,1.0,0.0,walk
1588,31.76,1.0,0.0,0.6602140665054321,0.6545838713645935,-0.18170568346977234,-0.2470121681690216,0,2000,strong,0,0,42,1.0,0.0,walk
1589,31.78,1.0,0.0,0.6621352434158325,0.6795713305473328,-0.1989864706993103,-0.23917129635810852,0,2000,strong,0,0,42,1.0,0.0,walk
1590,31.8,1.0,0.0,0.6625639200210571,0.7108477354049683,-0.21900509297847748,-0.08433882892131805,0,2000,strong,0,0,42,1.0,0.0,walk
1591,31.82,1.0,0.0,0.6607075929641724,0.7451208829879761,-0.2457890510559082,0.11093322932720184,0,2000,strong,0,0,42,1.0,0.0,walk
1592,31.84,1.0,0.0,0.6569739580154419,0.7732053399085999,-0.28274476528167725,0.29467150568962097,0,2000,strong,0,0,42,1.0,0.0,walk
1593,31.86,1.0,0.0,0.6518141031265259,0.7935974597930908,-0.32570716738700867,0.44671064615249634,0,2000,strong,0,0,42,1.0,0.0,walk
1594,31.88,1.0,0.0,0.6462599039077759,0.810310423374176,-0.37291303277015686,0.44256705045700073,0,2000,strong,0,0,42,1.0,0.0,walk
1595,31.900000000000002,1.0,0.0,0.6415597200393677,0.8262321949005127,-0.41856151819229126,0.2792184352874756,0,2000,strong,0,0,42,1.0,0.0,walk
1596,31.92,1.0,0.0,0.640851616859436,0.7433240413665771,-0.35452160239219666,0.08264756202697754,0,2000,strong,0,0,42,1.0,0.0,walk
1597,31.94,1.0,0.0,0.6354223489761353,0.6942356824874878,-0.2956540882587433,0.6510491371154785,0,2000,strong,0,0,42,1.0,0.0,walk
1598,31.96,1.0,0.0,0.626172661781311,0.6517796516418457,-0.2536618709564209,0.7748880386352539,0,2000,strong,0,0,42,1.0,0.0,walk
1599,31.98,1.0,0.0,0.6171661615371704,0.6155601143836975,-0.22329460084438324,0.5426067113876343,0,2000,strong,0,0,42,1.0,0.0,walk
1600,32.0,1.0,0.0,0.6107794046401978,0.5910444259643555,-0.1985933631658554,0.2591429352760315,0,2000,strong,0,0,42,1.0,0.0,walk
1601,32.02,1.0,0.0,0.6071969270706177,0.5702459216117859,-0.16864725947380066,0.015490472316741943,0,2000,strong,0,0,42,1.0,0.0,walk
1602,32.04,1.0,0.0,0.605265736579895,0.5603914260864258,-0.1382702738046646,-0.05301731824874878,0,2000,strong,0,0,42,1.0,0.0,walk
1603,32.06,1.0,0.0,0.6041222810745239,0.5585817694664001,-0.10858174413442612,-0.06615940481424332,0,2000,strong,0,0,42,1.0,0.0,walk
1604,32.08,1.0,0.0,0.6031523942947388,0.5627609491348267,-0.08088333904743195,-0.04409267008304596,0,2000,strong,0,0,42,1.0,0.0,walk
1605,32.1,1.0,0.0,0.6020776033401489,0.5760485529899597,-0.05911491811275482,0.02378772757947445,0,2000,strong,0,0,42,1.0,0.0,walk
1606,32.12,1.0,0.0,0.6009999513626099,0.5984914898872375,-0.04495741054415703,0.09755496680736542,0,2000,strong,0,0,42,1.0,0.0,walk
1607,32.14,1.0,0.0,0.5995947122573853,0.6239804625511169,-0.031782366335392,0.19117875397205353,0,2000,strong,0,0,42,1.0,0.0,walk
1608,32.160000000000004,1.0,0.0,0.5974231958389282,0.6459423899650574,-0.014402320608496666,0.2946140766143799,0,2000,strong,0,0,42,1.0,0.0,walk
1609,32.18,1.0,0.0,0.5947996377944946,0.6687317490577698,0.004398547112941742,0.3500046730041504,0,2000,strong,0,0,42,1.0,0.0,walk
1610,32.2,1.0,0.0,0.5924750566482544,0.6927708983421326,0.0235888808965683,0.32938849925994873,0,2000,strong,0,0,42,1.0,0.0,walk
1611,32.22,1.0,0.0,0.5909491777420044,0.7150753736495972,0.04580484703183174,0.2507304251194,0,2000,strong,0,0,42,1.0,0.0,walk
1612,32.24,1.0,0.0,0.5903221368789673,0.7362203598022461,0.0712805837392807,0.1696012318134308,0,2000,strong,0,0,42,1.0,0.0,walk
1613,32.26,1.0,0.0,0.5901390314102173,0.7525438070297241,0.10138273984193802,0.08827070891857147,0,2000,strong,0,0,42,1.0,0.0,walk
1614,32.28,1.0,0.0,0.5903173685073853,0.7643135190010071,0.13393229246139526,-0.026672037318348885,0,2000,strong,0,0,42,1.0,0.0,walk
1615,32.3,1.0,0.0,0.5917474031448364,0.7724533677101135,0.1674085557460785,-0.16916424036026,0,2000,strong,0,0,42,1.0,0.0,walk
1616,32.32,1.0,0.0,0.5944687128067017,0.7678735256195068,0.17270506918430328,-0.10270563513040543,0,2000,strong,0,0,42,1.0,0.0,walk
1617,32.34,1.0,0.0,0.5965887308120728,0.7199665307998657,0.13039995729923248,-0.21897588670253754,0,2000,strong,0,0,42,1.0,0.0,walk
1618,32.36,1.0,0.0,0.5999976396560669,0.669930100440979,0.08672035485506058,-0.24397504329681396,0,2000,strong,0,0,42,1.0,0.0,walk
1619,32.38,1.0,0.0,0.6022530794143677,0.6352351307868958,0.05359826609492302,0.034656159579753876,0,2000,strong,0,0,42,1.0,0.0,walk
1620,32.4,1.0,0.0,0.6024786233901978,0.6199691891670227,0.026429297402501106,0.32514503598213196,0,2000,strong,0,0,42,1.0,0.0,walk
1621,32.42,1.0,0.0,0.6000634431838989,0.5934125781059265,-0.0011574574746191502,0.6077025532722473,0,2000,strong,0,0,42,1.0,0.0,walk
1622,32.44,1.0,0.0,0.5961376428604126,0.5766037702560425,-0.02644522488117218,0.6690482497215271,0,2000,strong,0,0,42,1.0,0.0,walk
1623,32.46,1.0,0.0,0.5916982889175415,0.5829994082450867,-0.047993142157793045,0.6279928088188171,0,2000,strong,0,0,42,1.0,0.0,walk
1624,32.480000000000004,1.0,0.0,0.5878978967666626,0.5784040689468384,-0.07273142039775848,0.5784327387809753,0,2000,strong,0,0,42,1.0,0.0,walk
1625,32.5,1.0,0.0,0.5851408243179321,0.5793724656105042,-0.09264278411865234,0.4075908958911896,0,2000,strong,0,0,42,1.0,0.0,walk
1626,32.52,1.0,0.0,0.583105206489563,0.5788558125495911,-0.111412912607193,0.33798807859420776,0,2000,strong,0,0,42,1.0,0.0,walk
1627,32.54,1.0,0.0,0.5807124376296997,0.5887876749038696,-0.12582319974899292,0.31257322430610657,0,2000,strong,0,0,42,1.0,0.0,walk
1628,32.56,1.0,0.0,0.5787616968154907,0.6014122366905212,-0.13934668898582458,0.17583250999450684,0,2000,strong,0,0,42,1.0,0.0,walk
1629,32.58,1.0,0.0,0.5782047510147095,0.6180386543273926,-0.15380606055259705,-0.01153323333710432,0,2000,strong,0,0,42,1.0,0.0,walk
1630,32.6,1.0,0.0,0.578839898109436,0.6375259160995483,-0.16763964295387268,-0.13407012820243835,0,2000,strong,0,0,42,1.0,0.0,walk
1631,32.62,1.0,0.0,0.5800830125808716,0.6612392663955688,-0.1834230273962021,-0.20271281898021698,0,2000,strong,0,0,42,1.0,0.0,walk
1632,32.64,1.0,0.0,0.5807024240493774,0.6899591088294983,-0.20252475142478943,-0.12394742667675018,0,2000,strong,0,0,42,1.0,0.0,walk
1633,32.660000000000004,1.0,0.0,0.5796581506729126,0.7204203605651855,-0.22837771475315094,0.01609693095088005,0,2000,strong,0,0,42,1.0,0.0,walk
1634,32.68,1.0,0.0,0.5768848657608032,0.7484774589538574,-0.2633337378501892,0.18452902138233185,0,2000,strong,0,0,42,1.0,0.0,walk
1635,32.7,1.0,0.0,0.5726672410964966,0.7687605619430542,-0.30390867590904236,0.3396346867084503,0,2000,strong,0,0,42,1.0,0.0,walk
1636,32.72,1.0,0.0,0.567794919013977,0.783560574054718,-0.3494666516780853,0.39136773347854614,0,2000,strong,0,0,42,1.0,0.0,walk
1637,32.74,1.0,0.0,0.5632511377334595,0.7979345917701721,-0.39609193801879883,0.294185072183609,0,2000,strong,0,0,42,1.0,0.0,walk
1638,32.76,1.0,0.0,0.5608826875686646,0.7453916072845459,-0.3924558460712433,-0.5110835433006287,0,2000,strong,0,0,42,1.0,0.0,walk
1639,32.78,1.0,0.0,0.5598565340042114,0.6940085291862488,-0.31977707147598267,0.3429716229438782,0,2000,strong,0,0,42,1.0,0.0,walk
1640,32.8,1.0,0.0,0.5527039766311646,0.6505962014198303,-0.2656090557575226,0.701522707939148,0,2000,strong,0,0,42,1.0,0.0,walk
1641,32.82,1.0,0.0,0.543890118598938,0.6150763630867004,-0.23173964023590088,0.5898367166519165,0,2000,strong,0,0,42,1.0,0.0,walk
1642,32.84,1.0,0.0,0.5363036394119263,0.5914448499679565,-0.20197656750679016,0.4193578064441681,0,2000,strong,0,0,42,1.0,0.0,walk
1643,32.86,1.0,0.0,0.5308829545974731,0.5626509189605713,-0.17274418473243713,0.1837386041879654,0,2000,strong,0,0,42,1.0,0.0,walk
1644,32.88,1.0,0.0,0.5276137590408325,0.5575524568557739,-0.1439579427242279,0.048450108617544174,0,2000,strong,0,0,42,1.0,0.0,walk
1645,32.9,1.0,0.0,0.525488018989563,0.5572963953018188,-0.11526276171207428,-0.007212073542177677,0,2000,strong,0,0,42,1.0,0.0,walk
1646,32.92,1.0,0.0,0.5243669748306274,0.5586236715316772,-0.08553210645914078,-0.061239153146743774,0,2000,strong,0,0,42,1.0,0.0,walk
1647,32.94,1.0,0.0,0.5235682725906372,0.569199800491333,-0.06057684123516083,-0.044505950063467026,0,2000,strong,0,0,42,1.0,0.0,walk
1648,32.96,1.0,0.0,0.5228434801101685,0.5905163288116455,-0.04644552618265152,0.051625657826662064,0,2000,strong,0,0,42,1.0,0.0,walk
1649,32.980000000000004,1.0,0.0,0.5219703912734985,0.619832456111908,-0.03499610722064972,0.13747753202915192,0,2000,strong,0,0,42,1.0,0.0,walk
1650,33.0,1.0,0.0,0.5202385187149048,0.6428996920585632,-0.01801861636340618,0.2575623393058777,0,2000,strong,0,0,42,1.0,0.0,walk
1651,33.02,1.0,0.0,0.5176531076431274,0.6642225384712219,0.002238934626802802,0.3501076102256775,0,2000,strong,0,0,42,1.0,0.0,walk
1652,33.04,1.0,0.0,0.515022873878479,0.6875739693641663,0.02145789936184883,0.3631327152252197,0,2000,strong,0,0,42,1.0,0.0,walk
1653,33.06,1.0,0.0,0.5131222009658813,0.7106558680534363,0.04238311946392059,0.28895998001098633,0,2000,strong,0,0,42,1.0,0.0,walk
1654,33.08,1.0,0.0,0.5123664140701294,0.7320623993873596,0.06764267385005951,0.168859601020813,0,2000,strong,0,0,42,1.0,0.0,walk
1655,33.1,1.0,0.0,0.5124608278274536,0.750272810459137,0.09689987450838089,0.07388117909431458,0,2000,strong,0,0,42,1.0,0.0,walk
1656,33.12,1.0,0.0,0.512881875038147,0.7647642493247986,0.1296534240245819,-0.011858533136546612,0,2000,strong,0,0,42,1.0,0.0,walk
1657,33.14,1.0,0.0,0.5140348672866821,0.776001513004303,0.16386620700359344,-0.15426217019557953,0,2000,strong,0,0,42,1.0,0.0,walk
1658,33.160000000000004,1.0,0.0,0.51642906665802,0.783140242099762,0.19077646732330322,-0.29447245597839355,0,2000,strong,0,0,42,1.0,0.0,walk
1659,33.18,1.0,0.0,0.5191055536270142,0.7440240979194641,0.17218348383903503,-0.3216460645198822,0,2000,strong,0,0,42,1.0,0.0,walk
1660,33.2,1.0,0.0,0.5223761796951294,0.6815069913864136,0.10383684188127518,-0.34570565819740295,0,2000,strong,0,0,42,1.0,0.0,walk
1661,33.22,1.0,0.0,0.5258079767227173,0.6489616632461548,0.0736384466290474,-0.10292322188615799,0,2000,strong,0,0,42,1.0,0.0,walk
1662,33.24,1.0,0.0,0.5258175134658813,0.6397057175636292,0.048266876488924026,0.3039771318435669,0,2000,strong,0,0,42,1.0,0.0,walk
1663,33.26,1.0,0.0,0.5249000787734985,0.6123479604721069,0.03181476891040802,0.38791653513908386,0,2000,strong,0,0,42,1.0,0.0,walk
1664,33.28,1.0,0.0,0.5226222276687622,0.5936274528503418,0.0032507204450666904,0.5816045999526978,0,2000,strong,0,0,42,1.0,0.0,walk
1665,33.3,1.0,0.0,0.5193296670913696,0.5862680673599243,-0.023014094680547714,0.5788949728012085,0,2000,strong,0,0,42,1.0,0.0,walk
1666,33.32,1.0,0.0,0.5155702829360962,0.5865234136581421,-0.04290428385138512,0.564145565032959,0,2000,strong,0,0,42,1.0,0.0,walk
1667,33.34,1.0,0.0,0.5121465921401978,0.5822982788085938,-0.0670766681432724,0.5035969614982605,0,2000,strong,0,0,42,1.0,0.0,walk
1668,33.36,1.0,0.0,0.5098448991775513,0.5810570120811462,-0.08752420544624329,0.3491424322128296,0,2000,strong,0,0,42,1.0,0.0,walk
1669,33.38,1.0,0.0,0.5087939500808716,0.5881797075271606,-0.10340443253517151,0.1704641580581665,0,2000,strong,0,0,42,1.0,0.0,walk
1670,33.4,1.0,0.0,0.5081263780593872,0.59530109167099,-0.11484063416719437,0.1371825784444809,0,2000,strong,0,0,42,1.0,0.0,walk
1671,33.42,1.0,0.0,0.5074888467788696,0.6059958338737488,-0.12736432254314423,0.06944936513900757,0,2000,strong,0,0,42,1.0,0.0,walk
1672,33.44,1.0,0.0,0.5076066255569458,0.622778058052063,-0.141209214925766,-0.0691227838397026,0,2000,strong,0,0,42,1.0,0.0,walk
1673,33.46,1.0,0.0,0.5086842775344849,0.6436150074005127,-0.15579578280448914,-0.18115250766277313,0,2000,strong,0,0,42,1.0,0.0,walk
1674,33.480000000000004,1.0,0.0,0.51008141040802,0.6692423820495605,-0.17221307754516602,-0.2111675888299942,0,2000,strong,0,0,42,1.0,0.0,walk
1675,33.5,1.0,0.0,0.510499119758606,0.6986892223358154,-0.19231170415878296,-0.10336193442344666,0,2000,strong,0,0,42,1.0,0.0,walk
1676,33.52,1.0,0.0,0.5089927911758423,0.7305966019630432,-0.21895436942577362,0.061933234333992004,0,2000,strong,0,0,42,1.0,0.0,walk
1677,33.54,1.0,0.0,0.5059276819229126,0.7562689185142517,-0.25448909401893616,0.21644601225852966,0,2000,strong,0,0,42,1.0,0.0,walk
1678,33.56,1.0,0.0,0.5016347169876099,0.7744743824005127,-0.29539066553115845,0.3583966791629791,0,2000,strong,0,0,42,1.0,0.0,walk
1679,33.58,1.0,0.0,0.4968210458755493,0.7900229096412659,-0.33976197242736816,0.37893974781036377,0,2000,strong,0,0,42,1.0,0.0,walk
1680,33.6,1.0,0.0,0.49250519275665283,0.8025267720222473,-0.38403427600860596,0.26357659697532654,0,2000,strong,0,0,42,1.0,0.0,walk
1681,33.62,1.0,0.0,0.49165356159210205,0.7307761907577515,-0.33516451716423035,-0.0042792800813913345,0,2000,strong,0,0,42,1.0,0.0,walk
1682,33.64,1.0,0.0,0.4872208833694458,0.6840187907218933,-0.2776506841182709,0.5615870952606201,0,2000,strong,0,0,42,1.0,0.0,walk
1683,33.660000000000004,1.0,0.0,0.47862398624420166,0.6447239518165588,-0.23631176352500916,0.7282679677009583,0,2000,strong,0,0,42,1.0,0.0,walk
1684,33.68,1.0,0.0,0.46996843814849854,0.6109023690223694,-0.20866438746452332,0.5280757546424866,0,2000,strong,0,0,42,1.0,0.0,walk
1685,33.7,1.0,0.0,0.4637962579727173,0.5872325897216797,-0.18305422365665436,0.23367084562778473,0,2000,strong,0,0,42,1.0,0.0,walk
1686,33.72,1.0,0.0,0.4603778123855591,0.5684406757354736,-0.15306764841079712,-0.00042105134343728423,0,2000,strong,0,0,42,1.0,0.0,walk
1687,33.74,1.0,0.0,0.45853960514068604,0.5601279735565186,-0.12307917326688766,-0.05967098847031593,0,2000,strong,0,0,42,1.0,0.0,walk
1688,33.76,1.0,0.0,0.45747625827789307,0.5593079924583435,-0.09317145496606827,-0.07762701064348221,0,2000,strong,0,0,42,1.0,0.0,walk
1689,33.78,1.0,0.0,0.45672810077667236,0.5641601085662842,-0.06542105227708817,-0.07080712169408798,0,2000,strong,0,0,42,1.0,0.0,walk
1690,33.8,1.0,0.0,0.45605528354644775,0.5770335793495178,-0.04310716316103935,-0.029017146676778793,0,2000,strong,0,0,42,1.0,0.0,walk
1691,33.82,1.0,0.0,0.45557892322540283,0.599373459815979,-0.028772922232747078,0.032401733100414276,0,2000,strong,0,0,42,1.0,0.0,walk
1692,33.84,1.0,0.0,0.45475542545318604,0.6255102753639221,-0.015001039020717144,0.13733868300914764,0,2000,strong,0,0,42,1.0,0.0,walk
1693,33.86,1.0,0.0,0.4530740976333618,0.6480332016944885,0.002778544556349516,0.24938957393169403,0,2000,strong,0,0,42,1.0,0.0,walk
1694,33.88,1.0,0.0,0.4508153200149536,0.6709997057914734,0.021509718149900436,0.3160812556743622,0,2000,strong,0,0,42,1.0,0.0,walk
1695,33.9,1.0,0.0,0.4487694501876831,0.6955163478851318,0.04059242084622383,0.30152568221092224,0,2000,strong,0,0,42,1.0,0.0,walk
1696,33.92,1.0,0.0,0.4474684000015259,0.7184721231460571,0.06285878270864487,0.23115652799606323,0,2000,strong,0,0,42,1.0,0.0,walk
1697,33.94,1.0,0.0,0.44708549976348877,0.7399672269821167,0.08859793841838837,0.14322017133235931,0,2000,strong,0,0,42,1.0,0.0,walk
1698,33.96,1.0,0.0,0.447182297706604,0.757010817527771,0.11932781338691711,0.06308192759752274,0,2000,strong,0,0,42,1.0,0.0,walk
1699,33.980000000000004,1.0,0.0,0.44766008853912354,0.7692598700523376,0.1521843820810318,-0.05098624899983406,0,2000,strong,0,0,42,1.0,0.0,walk
1700,34.0,1.0,0.0,0.4493323564529419,0.7805163264274597,0.18722039461135864,-0.21385829150676727,0,2000,strong,0,0,42,1.0,0.0,walk
1701,34.02,1.0,0.0,0.4523712396621704,0.7828201055526733,0.20791131258010864,-0.2952444851398468,0,2000,strong,0,0,42,1.0,0.0,walk
1702,34.04,1.0,0.0,0.4553338289260864,0.7192819714546204,0.1467784196138382,-0.21670058369636536,0,2000,strong,0,0,42,1.0,0.0,walk
1703,34.06,1.0,0.0,0.45944035053253174,0.6919354796409607,0.10862725973129272,-0.3670320212841034,0,2000,strong,0,0,42,1.0,0.0,walk
1704,34.08,1.0,0.0,0.4625440835952759,0.6739638447761536,0.07669515907764435,-0.08136902749538422,0,2000,strong,0,0,42,1.0,0.0,walk
1705,34.1,1.0,0.0,0.46342241764068604,0.6417819857597351,0.05012249946594238,0.3044721484184265,0,2000,strong,0,0,42,1.0,0.0,walk
1706,34.12,1.0,0.0,0.4618178606033325,0.6283459663391113,0.02296338975429535,0.5423601865768433,0,2000,strong,0,0,42,1.0,0.0,walk
1707,34.14,1.0,0.0,0.45813238620758057,0.6154289245605469,-0.004823192022740841,0.6777675747871399,0,2000,strong,0,0,42,1.0,0.0,walk
1708,34.160000000000004,1.0,0.0,0.453715443611145,0.608869194984436,-0.028627824038267136,0.6631776690483093,0,2000,strong,0,0,42,1.0,0.0,walk
1709,34.18,1.0,0.0,0.4491821527481079,0.6059603691101074,-0.054075438529253006,0.6287676692008972,0,2000,strong,0,0,42,1.0,0.0,walk
1710,34.2,1.0,0.0,0.44567739963531494,0.6028791666030884,-0.07917159050703049,0.48847496509552,0,2000,strong,0,0,42,1.0,0.0,walk
1711,34.22,1.0,0.0,0.44399988651275635,0.6067768931388855,-0.0973600298166275,0.23125658929347992,0,2000,strong,0,0,42,1.0,0.0,walk
1712,34.24,1.0,0.0,0.44285643100738525,0.6134370565414429,-0.11098228394985199,0.20998279750347137,0,2000,strong,0,0,42,1.0,0.0,walk
1713,34.26,1.0,0.0,0.44189131259918213,0.6238663196563721,-0.12448059022426605,0.10996358841657639,0,2000,strong,0,0,42,1.0,0.0,walk
1714,34.28,1.0,0.0,0.4418998956680298,0.6391133666038513,-0.137922003865242,-0.04746811464428902,0,2000,strong,0,0,42,1.0,0.0,walk
1715,34.300000000000004,1.0,0.0,0.44314706325531006,0.6587805151939392,-0.1513461470603943,-0.20333616435527802,0,2000,strong,0,0,42,1.0,0.0,walk
1716,34.32,1.0,0.0,0.44512808322906494,0.6822007298469543,-0.16577376425266266,-0.26582854986190796,0,2000,strong,0,0,42,1.0,0.0,walk
1717,34.34,1.0,0.0,0.44677984714508057,0.7098289132118225,-0.18376637995243073,-0.22772957384586334,0,2000,strong,0,0,42,1.0,0.0,walk
1718,34.36,1.0,0.0,0.44671881198883057,0.7421367168426514,-0.20585213601589203,-0.06866423785686493,0,2000,strong,0,0,42,1.0,0.0,walk
1719,34.38,1.0,0.0,0.4448906183242798,0.7711533308029175,-0.23816946148872375,0.0930531695485115,0,2000,strong,0,0,42,1.0,0.0,walk
1720,34.4,1.0,0.0,0.44162189960479736,0.7920621633529663,-0.27665483951568604,0.2543840706348419,0,2000,strong,0,0,42,1.0,0.0,walk
1721,34.42,1.0,0.0,0.43743765354156494,0.8086112141609192,-0.3187001049518585,0.34338152408599854,0,2000,strong,0,0,42,1.0,0.0,walk
1722,34.44,1.0,0.0,0.43319404125213623,0.8234660029411316,-0.36270439624786377,0.2988649308681488,0,2000,strong,0,0,42,1.0,0.0,walk
1723,34.46,1.0,0.0,0.4303940534591675,0.7777218818664551,-0.36266350746154785,-0.41574418544769287,0,2000,strong,0,0,42,1.0,0.0,walk
1724,34.480000000000004,1.0,0.0,0.42977821826934814,0.7159884572029114,-0.29046952724456787,0.27104321122169495,0,2000,strong,0,0,42,1.0,0.0,walk
1725,34.5,1.0,0.0,0.4235137701034546,0.6714444160461426,-0.236617311835289,0.6109420657157898,0,2000,strong,0,0,42,1.0,0.0,walk
1726,34.52,1.0,0.0,0.4160712957382202,0.6396899819374084,-0.2039296180009842,0.44438493251800537,0,2000,strong,0,0,42,1.0,0.0,walk
1727,34.54,1.0,0.0,0.4097534418106079,0.6156833171844482,-0.17508648335933685,0.32123568654060364,0,2000,strong,0,0,42,1.0,0.0,walk
1728,34.56,1.0,0.0,0.40522944927215576,0.5873820185661316,-0.14527525007724762,0.1084217056632042,0,2000,strong,0,0,42,1.0,0.0,walk
1729,34.58,1.0,0.0,0.40272951126098633,0.5838279128074646,-0.12081234157085419,-0.030847936868667603,0,2000,strong,0,0,42,1.0,0.0,walk
1730,34.6,1.0,0.0,0.401047945022583,0.5781800746917725,-0.09206299483776093,-0.04298814386129379,0,2000,strong,0,0,42,1.0,0.0,walk
1731,34.62,1.0,0.0,0.4001002311706543,0.5771366357803345,-0.06307020038366318,-0.08429433405399323,0,2000,strong,0,0,42,1.0,0.0,walk
1732,34.64,1.0,0.0,0.3993833065032959,0.5845813155174255,-0.039116933941841125,-0.06150076165795326,0,2000,strong,0,0,42,1.0,0.0,walk
1733,34.660000000000004,1.0,0.0,0.39869368076324463,0.6023240089416504,-0.024691184982657433,0.026846205815672874,0,2000,strong,0,0,42,1.0,0.0,walk
1734,34.68,1.0,0.0,0.3980318307876587,0.6320174932479858,-0.014750774018466473,0.10930570960044861,0,2000,strong,0,0,42,1.0,0.0,walk
1735,34.7,1.0,0.0,0.39640021324157715,0.6557520627975464,0.0016965289833024144,0.24847868084907532,0,2000,strong,0,0,42,1.0,0.0,walk
1736,34.72,1.0,0.0,0.39382433891296387,0.6772796511650085,0.02093501389026642,0.34330278635025024,0,2000,strong,0,0,42,1.0,0.0,walk
1737,34.74,1.0,0.0,0.3911769390106201,0.7010901570320129,0.04020019620656967,0.35352879762649536,0,2000,strong,0,0,42,1.0,0.0,walk
1738,34.76,1.0,0.0,0.389382004737854,0.7249566912651062,0.06117010861635208,0.2610088586807251,0,2000,strong,0,0,42,1.0,0.0,walk
1739,34.78,1.0,0.0,0.38891565799713135,0.7477097511291504,0.08663369715213776,0.1292223334312439,0,2000,strong,0,0,42,1.0,0.0,walk
1740,34.800000000000004,1.0,0.0,0.3895561695098877,0.7670534253120422,0.1162688136100769,0.014299910515546799,0,2000,strong,0,0,42,1.0,0.0,walk
1741,34.82,1.0,0.0,0.39064741134643555,0.782410204410553,0.15017971396446228,-0.07110671699047089,0,2000,strong,0,0,42,1.0,0.0,walk
1742,34.84,1.0,0.0,0.39234888553619385,0.7939017415046692,0.185479536652565,-0.19647227227687836,0,2000,strong,0,0,42,1.0,0.0,walk
1743,34.86,1.0,0.0,0.39504897594451904,0.8013176918029785,0.21502450108528137,-0.29269492626190186,0,2000,strong,0,0,42,1.0,0.0,walk
1744,34.88,1.0,0.0,0.3974878787994385,0.7659159898757935,0.1947953850030899,-0.27969929575920105,0,2000,strong,0,0,42,1.0,0.0,walk
1745,34.9,1.0,0.0,0.40061867237091064,0.6984736919403076,0.12319803982973099,-0.3633497357368469,0,2000,strong,0,0,42,1.0,0.0,walk
1746,34.92,1.0,0.0,0.4044696092605591,0.663765013217926,0.08886215090751648,-0.16113169491291046,0,2000,strong,0,0,42,1.0,0.0,walk
1747,34.94,1.0,0.0,0.40525591373443604,0.6542814373970032,0.06318347901105881,0.19590243697166443,0,2000,strong,0,0,42,1.0,0.0,walk
1748,34.96,1.0,0.0,0.40427231788635254,0.6230295300483704,0.0386689193546772,0.4968430995941162,0,2000,strong,0,0,42,1.0,0.0,walk
1749,34.980000000000004,1.0,0.0,0.40113532543182373,0.6063966155052185,0.011073715053498745,0.6427748203277588,0,2000,strong,0,0,42,1.0,0.0,walk
1750,35.0,1.0,0.0,0.39743268489837646,0.5992276668548584,-0.014618903398513794,0.6015262603759766,0,2000,strong,0,0,42,1.0,0.0,walk
1751,35.02,1.0,0.0,0.3936806917190552,0.5975455641746521,-0.034513700753450394,0.5477569103240967,0,2000,strong,0,0,42,1.0,0.0,walk
1752,35.04,1.0,0.0,0.39071476459503174,0.5906838178634644,-0.06082765758037567,0.45827919244766235,0,2000,strong,0,0,42,1.0,0.0,walk
1753,35.06,1.0,0.0,0.38894331455230713,0.5890344977378845,-0.08196225762367249,0.2925443649291992,0,2000,strong,0,0,42,1.0,0.0,walk
1754,35.08,1.0,0.0,0.38851630687713623,0.5958355665206909,-0.09865787625312805,0.10707774013280869,0,2000,strong,0,0,42,1.0,0.0,walk
1755,35.1,1.0,0.0,0.38845527172088623,0.6028058528900146,-0.11127092689275742,0.07966017723083496,0,2000,strong,0,0,42,1.0,0.0,walk
1756,35.12,1.0,0.0,0.38841712474823,0.6157338619232178,-0.12315552681684494,0.0045013828203082085,0,2000,strong,0,0,42,1.0,0.0,walk
1757,35.14,1.0,0.0,0.3892068862915039,0.6332811713218689,-0.1373358815908432,-0.13878308236598969,0,2000,strong,0,0,42,1.0,0.0,walk
1758,35.160000000000004,1.0,0.0,0.39082419872283936,0.6544281244277954,-0.15138627588748932,-0.22986066341400146,0,2000,strong,0,0,42,1.0,0.0,walk
1759,35.18,1.0,0.0,0.3925968408584595,0.6797225475311279,-0.1690119504928589,-0.2453157901763916,0,2000,strong,0,0,42,1.0,0.0,walk
1760,35.2,1.0,0.0,0.39324188232421875,0.7097576260566711,-0.18928436934947968,-0.12828804552555084,0,2000,strong,0,0,42,1.0,0.0,walk
1761,35.22,1.0,0.0,0.391998291015625,0.7411614656448364,-0.21667981147766113,0.03153854236006737,0,2000,strong,0,0,42,1.0,0.0,walk
1762,35.24,1.0,0.0,0.389218807220459,0.7660037875175476,-0.2525724470615387,0.18705607950687408,0,2000,strong,0,0,42,1.0,0.0,walk
1763,35.26,1.0,0.0,0.3854013681411743,0.7828675508499146,-0.29320746660232544,0.3054417073726654,0,2000,strong,0,0,42,1.0,0.0,walk
1764,35.28,1.0,0.0,0.38128650188446045,0.7966466546058655,-0.3364422619342804,0.3125500977039337,0,2000,strong,0,0,42,1.0,0.0,walk
1765,35.300000000000004,1.0,0.0,0.3775829076766968,0.8081187009811401,-0.3787996172904968,0.22067658603191376,0,2000,strong,0,0,42,1.0,0.0,walk
1766,35.32,1.0,0.0,0.37711548805236816,0.7310712337493896,-0.3180212378501892,0.09641177207231522,0,2000,strong,0,0,42,1.0,0.0,walk
1767,35.34,1.0,0.0,0.372328519821167,0.6833309531211853,-0.262645423412323,0.5514077544212341,0,2000,strong,0,0,42,1.0,0.0,walk
1768,35.36,1.0,0.0,0.3643839359283447,0.64639812707901,-0.22440651059150696,0.6097061634063721,0,2000,strong,0,0,42,1.0,0.0,walk
1769,35.38,1.0,0.0,0.35730135440826416,0.6168761253356934,-0.19724757969379425,0.3636670410633087,0,2000,strong,0,0,42,1.0,0.0,walk
1770,35.4,1.0,0.0,0.35273683071136475,0.5964500308036804,-0.1727629452943802,0.10801736265420914,0,2000,strong,0,0,42,1.0,0.0,walk
1771,35.42,1.0,0.0,0.3504340648651123,0.5802080035209656,-0.14305421710014343,-0.07673150300979614,0,2000,strong,0,0,42,1.0,0.0,walk
1772,35.44,1.0,0.0,0.3491547107696533,0.5694957375526428,-0.1110868752002716,-0.09697850793600082,0,2000,strong,0,0,42,1.0,0.0,walk
1773,35.46,1.0,0.0,0.3483368158340454,0.5689146518707275,-0.08166389167308807,-0.0957353487610817,0,2000,strong,0,0,42,1.0,0.0,walk
1774,35.480000000000004,1.0,0.0,0.3477431535720825,0.5744538307189941,-0.05656902864575386,-0.07440558820962906,0,2000,strong,0,0,42,1.0,0.0,walk
1775,35.5,1.0,0.0,0.34717297554016113,0.5858913064002991,-0.03491062670946121,-0.03845009207725525,0,2000,strong,0,0,42,1.0,0.0,walk
1776,35.52,1.0,0.0,0.34682464599609375,0.6074342131614685,-0.020183101296424866,0.021445201709866524,0,2000,strong,0,0,42,1.0,0.0,walk
1777,35.54,1.0,0.0,0.34599626064300537,0.6318789720535278,-0.005997598636895418,0.1366337537765503,0,2000,strong,0,0,42,1.0,0.0,walk
1778,35.56,1.0,0.0,0.34429454803466797,0.6545082926750183,0.010602154769003391,0.24786779284477234,0,2000,strong,0,0,42,1.0,0.0,walk
1779,35.58,1.0,0.0,0.3420581817626953,0.6776003837585449,0.028705783188343048,0.30632835626602173,0,2000,strong,0,0,42,1.0,0.0,walk
1780,35.6,1.0,0.0,0.3401355743408203,0.7022569179534912,0.04731842875480652,0.2803516387939453,0,2000,strong,0,0,42,1.0,0.0,walk
1781,35.62,1.0,0.0,0.3390406370162964,0.7256911396980286,0.06917966902256012,0.20604634284973145,0,2000,strong,0,0,42,1.0,0.0,walk
1782,35.64,1.0,0.0,0.33890700340270996,0.7478736639022827,0.09495275467634201,0.1167389377951622,0,2000,strong,0,0,42,1.0,0.0,walk
1783,35.660000000000004,1.0,0.0,0.339290976524353,0.765711784362793,0.12554794549942017,0.032899048179388046,0,2000,strong,0,0,42,1.0,0.0,walk
1784,35.68,1.0,0.0,0.34007978439331055,0.7785426378250122,0.15870405733585358,-0.08046497404575348,0,2000,strong,0,0,42,1.0,0.0,walk
1785,35.7,1.0,0.0,0.34204792976379395,0.790519118309021,0.1937236785888672,-0.2339334785938263,0,2000,strong,0,0,42,1.0,0.0,walk
1786,35.72,1.0,0.0,0.3452003002166748,0.7985203266143799,0.2176366001367569,-0.35566243529319763,0,2000,strong,0,0,42,1.0,0.0,walk
1787,35.74,1.0,0.0,0.3478658199310303,0.7320343852043152,0.1586747169494629,-0.16406261920928955,0,2000,strong,0,0,42,1.0,0.0,walk
1788,35.76,1.0,0.0,0.3516780138015747,0.6927145719528198,0.114604152739048,-0.3563898205757141,0,2000,strong,0,0,42,1.0,0.0,walk
1789,35.78,1.0,0.0,0.3550281524658203,0.6585878729820251,0.08196195214986801,-0.04243233799934387,0,2000,strong,0,0,42,1.0,0.0,walk
1790,35.800000000000004,1.0,0.0,0.3552696704864502,0.6394761204719543,0.05385896936058998,0.3307441174983978,0,2000,strong,0,0,42,1.0,0.0,walk
1791,35.82,1.0,0.0,0.3530930280685425,0.621648371219635,0.029754938557744026,0.5746259689331055,0,2000,strong,0,0,42,1.0,0.0,walk
1792,35.84,1.0,0.0,0.3493233919143677,0.5989454388618469,0.003494161181151867,0.6533651351928711,0,2000,strong,0,0,42,1.0,0.0,walk
1793,35.86,1.0,0.0,0.3457069396972656,0.5938049554824829,-0.020523151382803917,0.5455195903778076,0,2000,strong,0,0,42,1.0,0.0,walk
1794,35.88,1.0,0.0,0.3425862789154053,0.594814658164978,-0.041417717933654785,0.45434027910232544,0,2000,strong,0,0,42,1.0,0.0,walk
1795,35.9,1.0,0.0,0.34072911739349365,0.5882765054702759,-0.06458640843629837,0.33354783058166504,0,2000,strong,0,0,42,1.0,0.0,walk
1796,35.92,1.0,0.0,0.3400074243545532,0.5881235003471375,-0.08210177719593048,0.17100131511688232,0,2000,strong,0,0,42,1.0,0.0,walk
1797,35.94,1.0,0.0,0.3397367000579834,0.595859944820404,-0.09753350913524628,0.10488171875476837,0,2000,strong,0,0,42,1.0,0.0,walk
1798,35.96,1.0,0.0,0.3399249315261841,0.6068964600563049,-0.11097294837236404,-0.001471931580454111,0,2000,strong,0,0,42,1.0,0.0,walk
1799,35.980000000000004,1.0,0.0,0.34077882766723633,0.6227139830589294,-0.12399981170892715,-0.10453575104475021,0,2000,strong,0,0,42,1.0,0.0,walk
1800,36.0,1.0,0.0,0.34239792823791504,0.6419559717178345,-0.13841986656188965,-0.2132290154695511,0,2000,strong,0,0,42,1.0,0.0,walk
1801,36.02,1.0,0.0,0.3443727493286133,0.6644293665885925,-0.15303514897823334,-0.2484414279460907,0,2000,strong,0,0,42,1.0,0.0,walk
1802,36.04,1.0,0.0,0.3458503484725952,0.6910659670829773,-0.17152012884616852,-0.20488369464874268,0,2000,strong,0,0,42,1.0,0.0,walk
1803,36.06,1.0,0.0,0.3457183837890625,0.7218155264854431,-0.19386066496372223,-0.059615425765514374,0,2000,strong,0,0,42,1.0,0.0,walk
1804,36.08,1.0,0.0,0.3439188003540039,0.7502862215042114,-0.2251599133014679,0.08061274141073227,0,2000,strong,0,0,42,1.0,0.0,walk
1805,36.1,1.0,0.0,0.34082043170928955,0.7716841101646423,-0.2627968490123749,0.22221864759922028,0,2000,strong,0,0,42,1.0,0.0,walk
1806,36.12,1.0,0.0,0.3369736671447754,0.787470281124115,-0.30404722690582275,0.29995888471603394,0,2000,strong,0,0,42,1.0,0.0,walk
1807,36.14,1.0,0.0,0.3330965042114258,0.801009476184845,-0.3468470871448517,0.2685626745223999,0,2000,strong,0,0,42,1.0,0.0,walk
1808,36.160000000000004,1.0,0.0,0.3301198482513428,0.7765117883682251,-0.35863417387008667,-0.2263873815536499,0,2000,strong,0,0,42,1.0,0.0,walk
1809,36.18,1.0,0.0,0.32995665073394775,0.7107993960380554,-0.2874496579170227,0.267619252204895,0,2000,strong,0,0,42,1.0,0.0,walk
1810,36.2,1.0,0.0,0.32369935512542725,0.6679258942604065,-0.23756162822246552,0.5930301547050476,0,2000,strong,0,0,42,1.0,0.0,walk
1811,36.22,1.0,0.0,0.316270112991333,0.6338677406311035,-0.20471890270709991,0.44789186120033264,0,2000,strong,0,0,42,1.0,0.0,walk
1812,36.24,1.0,0.0,0.310535192489624,0.6096751689910889,-0.17819558084011078,0.24047636985778809,0,2000,strong,0,0,42,1.0,0.0,walk
1813,36.26,1.0,0.0,0.3070058822631836,0.5930712223052979,-0.15122094750404358,0.023202266544103622,0,2000,strong,0,0,42,1.0,0.0,walk
1814,36.28,1.0,0.0,0.30485332012176514,0.5821361541748047,-0.1217493936419487,-0.05607403442263603,0,2000,strong,0,0,42,1.0,0.0,walk
1815,36.300000000000004,1.0,0.0,0.30349016189575195,0.5758760571479797,-0.09185269474983215,-0.07703668624162674,0,2000,strong,0,0,42,1.0,0.0,walk
1816,36.32,1.0,0.0,0.3025909662246704,0.5772457718849182,-0.06394971162080765,-0.06336632370948792,0,2000,strong,0,0,42,1.0,0.0,walk
1817,36.34,1.0,0.0,0.3018406629562378,0.5819964408874512,-0.039042215794324875,-0.07994361221790314,0,2000,strong,0,0,42,1.0,0.0,walk
1818,36.36,1.0,0.0,0.30173182487487793,0.600142776966095,-0.022267606109380722,-0.05840766802430153,0,2000,strong,0,0,42,1.0,0.0,walk
1819,36.38,1.0,0.0,0.3017536401748657,0.6264287829399109,-0.009758500382304192,0.02454829029738903,0,2000,strong,0,0,42,1.0,0.0,walk
1820,36.4,1.0,0.0,0.3009498119354248,0.6503584980964661,0.005996910855174065,0.1583583652973175,0,2000,strong,0,0,42,1.0,0.0,walk
1821,36.42,1.0,0.0,0.2991619110107422,0.6730028390884399,0.024729423224925995,0.26733294129371643,0,2000,strong,0,0,42,1.0,0.0,walk
1822,36.44,1.0,0.0,0.2971010208129883,0.6976533532142639,0.04335350915789604,0.30087873339653015,0,2000,strong,0,0,42,1.0,0.0,walk
1823,36.46,1.0,0.0,0.2955281734466553,0.7228479385375977,0.06389139592647552,0.24910134077072144,0,2000,strong,0,0,42,1.0,0.0,walk
1824,36.480000000000004,1.0,0.0,0.29495131969451904,0.7461946606636047,0.08793140947818756,0.15202516317367554,0,2000,strong,0,0,42,1.0,0.0,walk
1825,36.5,1.0,0.0,0.2952693700790405,0.7667694091796875,0.11648204922676086,0.055113691836595535,0,2000,strong,0,0,42,1.0,0.0,walk
1826,36.52,1.0,0.0,0.29601407051086426,0.7821317315101624,0.14913219213485718,-0.04262794926762581,0,2000,strong,0,0,42,1.0,0.0,walk
1827,36.54,1.0,0.0,0.2975975275039673,0.7935221195220947,0.18347157537937164,-0.1953095644712448,0,2000,strong,0,0,42,1.0,0.0,walk
1828,36.56,1.0,0.0,0.30050647258758545,0.8016434907913208,0.2166806012392044,-0.283974289894104,0,2000,strong,0,0,42,1.0,0.0,walk
1829,36.58,1.0,0.0,0.30328428745269775,0.762624979019165,0.2116827368736267,-0.14529727399349213,0,2000,strong,0,0,42,1.0,0.0,walk
1830,36.6,1.0,0.0,0.30660271644592285,0.6988148093223572,0.1430053561925888,-0.38164225220680237,0,2000,strong,0,0,42,1.0,0.0,walk
1831,36.62,1.0,0.0,0.31126296520233154,0.6623504757881165,0.10679838806390762,-0.2940395772457123,0,2000,strong,0,0,42,1.0,0.0,walk
1832,36.64,1.0,0.0,0.31348180770874023,0.6547371745109558,0.07890605181455612,0.021993890404701233,0,2000,strong,0,0,42,1.0,0.0,walk
1833,36.660000000000004,1.0,0.0,0.3144646883010864,0.6177550554275513,0.05455605313181877,0.3054819405078888,0,2000,strong,0,0,42,1.0,0.0,walk
1834,36.68,1.0,0.0,0.3130669593811035,0.5994800329208374,0.027094990015029907,0.5013176202774048,0,2000,strong,0,0,42,1.0,0.0,walk
1835,36.7,1.0,0.0,0.3104318380355835,0.5933058261871338,0.002123277634382248,0.5306612253189087,0,2000,strong,0,0,42,1.0,0.0,walk
1836,36.72,1.0,0.0,0.30698561668395996,0.5889283418655396,-0.017300555482506752,0.5468709468841553,0,2000,strong,0,0,42,1.0,0.0,walk
1837,36.74,1.0,0.0,0.3037160634994507,0.5806938409805298,-0.04368574544787407,0.5163171887397766,0,2000,strong,0,0,42,1.0,0.0,walk
1838,36.76,1.0,0.0,0.301405668258667,0.5775352716445923,-0.0655064806342125,0.34880468249320984,0,2000,strong,0,0,42,1.0,0.0,walk
1839,36.78,1.0,0.0,0.3006385564804077,0.5844284296035767,-0.08362530171871185,0.12904705107212067,0,2000,strong,0,0,42,1.0,0.0,walk
1840,36.800000000000004,1.0,0.0,0.3004223108291626,0.5882861018180847,-0.09535647928714752,0.10117918252944946,0,2000,strong,0,0,42,1.0,0.0,walk
1841,36.82,1.0,0.0,0.30017006397247314,0.5979659557342529,-0.10707025229930878,0.03122766688466072,0,2000,strong,0,0,42,1.0,0.0,walk
1842,36.84,1.0,0.0,0.30067741870880127,0.61202073097229,-0.12055890262126923,-0.11047979444265366,0,2000,strong,0,0,42,1.0,0.0,walk
1843,36.86,1.0,0.0,0.3021738529205322,0.6295382380485535,-0.13432736694812775,-0.22587449848651886,0,2000,strong,0,0,42,1.0,0.0,walk
1844,36.88,1.0,0.0,0.30391812324523926,0.6515504717826843,-0.15022681653499603,-0.24858592450618744,0,2000,strong,0,0,42,1.0,0.0,walk
1845,36.9,1.0,0.0,0.30467867851257324,0.6773002743721008,-0.16962961852550507,-0.1445266157388687,0,2000,strong,0,0,42,1.0,0.0,walk
1846,36.92,1.0,0.0,0.3037073612213135,0.7059512734413147,-0.19572602212429047,-0.004351740702986717,0,2000,strong,0,0,42,1.0,0.0,walk
1847,36.94,1.0,0.0,0.30141496658325195,0.7286356687545776,-0.2301856130361557,0.12332718074321747,0,2000,strong,0,0,42,1.0,0.0,walk
1848,36.96,1.0,0.0,0.29828059673309326,0.7437258958816528,-0.26911261677742004,0.229996457695961,0,2000,strong,0,0,42,1.0,0.0,walk
1849,36.980000000000004,1.0,0.0,0.2947516441345215,0.7561138868331909,-0.3102925419807434,0.25764453411102295,0,2000,strong,0,0,42,1.0,0.0,walk
1850,37.0,1.0,0.0,0.29137909412384033,0.7660823464393616,-0.35094311833381653,0.1971578598022461,0,2000,strong,0,0,42,1.0,0.0,walk
1851,37.02,1.0,0.0,0.29022979736328125,0.7017658352851868,-0.3248785138130188,-0.2722630500793457,0,2000,strong,0,0,42,1.0,0.0,walk
1852,37.04,1.0,0.0,0.2877742052078247,0.6620705127716064,-0.26470139622688293,0.40347757935523987,0,2000,strong,0,0,42,1.0,0.0,walk
1853,37.06,1.0,0.0,0.2802673578262329,0.6235527992248535,-0.2194373458623886,0.6617108583450317,0,2000,strong,0,0,42,1.0,0.0,walk
1854,37.08,1.0,0.0,0.2725118398666382,0.5937119126319885,-0.1900312751531601,0.4280807375907898,0,2000,strong,0,0,42,1.0,0.0,walk
1855,37.1,1.0,0.0,0.2671109437942505,0.5744382739067078,-0.16423439979553223,0.18176108598709106,0,2000,strong,0,0,42,1.0,0.0,walk
1856,37.12,1.0,0.0,0.2641117572784424,0.5566343665122986,-0.1353638768196106,-0.027698269113898277,0,2000,strong,0,0,42,1.0,0.0,walk
1857,37.14,1.0,0.0,0.2625854015350342,0.5507907867431641,-0.10607698559761047,-0.08980558812618256,0,2000,strong,0,0,42,1.0,0.0,walk
1858,37.160000000000004,1.0,0.0,0.26191508769989014,0.5507444739341736,-0.07642922550439835,-0.1265369951725006,0,2000,strong,0,0,42,1.0,0.0,walk
1859,37.18,1.0,0.0,0.26187074184417725,0.5580986738204956,-0.04986603185534477,-0.13905788958072662,0,2000,strong,0,0,42,1.0,0.0,walk
1860,37.2,1.0,0.0,0.2620503902435303,0.5683192014694214,-0.02691347524523735,-0.12577050924301147,0,2000,strong,0,0,42,1.0,0.0,walk
1861,37.22,1.0,0.0,0.26239752769470215,0.5901928544044495,-0.011726454831659794,-0.03923043608665466,0,2000,strong,0,0,42,1.0,0.0,walk
1862,37.24,1.0,0.0,0.262198805809021,0.6168054938316345,0.0011531799100339413,0.09231847524642944,0,2000,strong,0,0,42,1.0,0.0,walk
1863,37.26,1.0,0.0,0.2608219385147095,0.6391112208366394,0.018850522115826607,0.23222526907920837,0,2000,strong,0,0,42,1.0,0.0,walk
1864,37.28,1.0,0.0,0.2585850954055786,0.6605517268180847,0.038358498364686966,0.31372901797294617,0,2000,strong,0,0,42,1.0,0.0,walk
1865,37.300000000000004,1.0,0.0,0.25653862953186035,0.6835589408874512,0.05754467844963074,0.29490047693252563,0,2000,strong,0,0,42,1.0,0.0,walk
1866,37.32,1.0,0.0,0.25529205799102783,0.705025851726532,0.08016972988843918,0.21707692742347717,0,2000,strong,0,0,42,1.0,0.0,walk
1867,37.34,1.0,0.0,0.2551203966140747,0.725706934928894,0.10644381493330002,0.1132546216249466,0,2000,strong,0,0,42,1.0,0.0,walk
1868,37.36,1.0,0.0,0.2556673288345337,0.7425085306167603,0.13762587308883667,0.012907777912914753,0,2000,strong,0,0,42,1.0,0.0,walk
1869,37.38,1.0,0.0,0.25670647621154785,0.7549780011177063,0.17176467180252075,-0.09399659931659698,0,2000,strong,0,0,42,1.0,0.0,walk
1870,37.4,1.0,0.0,0.2587529420852661,0.7663652300834656,0.20779937505722046,-0.22474254667758942,0,2000,strong,0,0,42,1.0,0.0,walk
1871,37.42,1.0,0.0,0.2616879940032959,0.7738786339759827,0.2340754270553589,-0.30512648820877075,0,2000,strong,0,0,42,1.0,0.0,walk
1872,37.44,1.0,0.0,0.2641063928604126,0.7167789936065674,0.18333375453948975,-0.13454245030879974,0,2000,strong,0,0,42,1.0,0.0,walk
1873,37.46,1.0,0.0,0.26734328269958496,0.6742132306098938,0.13184115290641785,-0.32251885533332825,0,2000,strong,0,0,42,1.0,0.0,walk
1874,37.480000000000004,1.0,0.0,0.27058935165405273,0.6416223049163818,0.09663066267967224,-0.0553409680724144,0,2000,strong,0,0,42,1.0,0.0,walk
1875,37.5,1.0,0.0,0.27107763290405273,0.6238210201263428,0.0685703232884407,0.2863385081291199,0,2000,strong,0,0,42,1.0,0.0,walk
1876,37.52,1.0,0.0,0.2694125175476074,0.6052742004394531,0.04407419636845589,0.5201525092124939,0,2000,strong,0,0,42,1.0,0.0,walk
1877,37.54,1.0,0.0,0.2661954164505005,0.5845041275024414,0.01761704869568348,0.6035449504852295,0,2000,strong,0,0,42,1.0,0.0,walk
1878,37.56,1.0,0.0,0.263025164604187,0.5797951221466064,-0.006999981589615345,0.5096673965454102,0,2000,strong,0,0,42,1.0,0.0,walk
1879,37.58,1.0,0.0,0.2602602243423462,0.5811872482299805,-0.0283247921615839,0.42201948165893555,0,2000,strong,0,0,42,1.0,0.0,walk
1880,37.6,1.0,0.0,0.2586486339569092,0.5766980051994324,-0.05187167972326279,0.3073282837867737,0,2000,strong,0,0,42,1.0,0.0,walk
1881,37.62,1.0,0.0,0.2581632137298584,0.5778664946556091,-0.07048526406288147,0.14504429697990417,0,2000,strong,0,0,42,1.0,0.0,walk
1882,37.64,1.0,0.0,0.2583101987838745,0.5873314738273621,-0.08620806038379669,0.05434861779212952,0,2000,strong,0,0,42,1.0,0.0,walk
1883,37.660000000000004,1.0,0.0,0.2590067386627197,0.5991166234016418,-0.10001958161592484,-0.04603775218129158,0,2000,strong,0,0,42,1.0,0.0,walk
1884,37.68,1.0,0.0,0.26020097732543945,0.6152009963989258,-0.11262879520654678,-0.1323614865541458,0,2000,strong,0,0,42,1.0,0.0,walk
1885,37.7,1.0,0.0,0.26201629638671875,0.6349047422409058,-0.12657585740089417,-0.23172849416732788,0,2000,strong,0,0,42,1.0,0.0,walk
1886,37.72,1.0,0.0,0.2641512155532837,0.6575233340263367,-0.14088459312915802,-0.26625344157218933,0,2000,strong,0,0,42,1.0,0.0,walk
1887,37.74,1.0,0.0,0.2658534049987793,0.6837309002876282,-0.15912894904613495,-0.23262780904769897,0,2000,strong,0,0,42,1.0,0.0,walk
1888,37.76,1.0,0.0,0.2660503387451172,0.7144127488136292,-0.1807650476694107,-0.09577950835227966,0,2000,strong,0,0,42,1.0,0.0,walk
1889,37.78,1.0,0.0,0.2646629810333252,0.742702841758728,-0.211120143532753,0.037398625165224075,0,2000,strong,0,0,42,1.0,0.0,walk
1890,37.800000000000004,1.0,0.0,0.2620288133621216,0.764205276966095,-0.24727275967597961,0.1743670552968979,0,2000,strong,0,0,42,1.0,0.0,walk
1891,37.82,1.0,0.0,0.2586725950241089,0.7799522280693054,-0.2870893180370331,0.2528773546218872,0,2000,strong,0,0,42,1.0,0.0,walk
1892,37.84,1.0,0.0,0.2552114725112915,0.792904794216156,-0.3280418813228607,0.23882991075515747,0,2000,strong,0,0,42,1.0,0.0,walk
1893,37.86,1.0,0.0,0.2524449825286865,0.7659437656402588,-0.33786851167678833,-0.24187584221363068,0,2000,strong,0,0,42,1.0,0.0,walk
1894,37.88,1.0,0.0,0.25219571590423584,0.7020549178123474,-0.2686247229576111,0.24693365395069122,0,2000,strong,0,0,42,1.0,0.0,walk
1895,37.9,1.0,0.0,0.24634945392608643,0.6592671275138855,-0.22109293937683105,0.5399219989776611,0,2000,strong,0,0,42,1.0,0.0,walk
1896,37.92,1.0,0.0,0.2396489381790161,0.6261704564094543,-0.18823948502540588,0.3676476776599884,0,2000,strong,0,0,42,1.0,0.0,walk
1897,37.94,1.0,0.0,0.2346729040145874,0.6033803820610046,-0.16057004034519196,0.16410240530967712,0,2000,strong,0,0,42,1.0,0.0,walk
1898,37.96,1.0,0.0,0.23173844814300537,0.5874987840652466,-0.13564997911453247,-0.02668137103319168,0,2000,strong,0,0,42,1.0,0.0,walk
1899,37.980000000000004,1.0,0.0,0.2300649881362915,0.5789820551872253,-0.10730203986167908,-0.09949850291013718,0,2000,strong,0,0,42,1.0,0.0,walk
1900,38.0,1.0,0.0,0.22896134853363037,0.5737679600715637,-0.0775790587067604,-0.10092394798994064,0,2000,strong,0,0,42,1.0,0.0,walk
1901,38.02,1.0,0.0,0.2282348871231079,0.5757077932357788,-0.050991591066122055,-0.08239014446735382,0,2000,strong,0,0,42,1.0,0.0,walk
1902,38.04,1.0,0.0,0.22767877578735352,0.5814731121063232,-0.027220895513892174,-0.10198575258255005,0,2000,strong,0,0,42,1.0,0.0,walk
1903,38.06,1.0,0.0,0.2277517318725586,0.599788248538971,-0.010800765827298164,-0.07703709602355957,0,2000,strong,0,0,42,1.0,0.0,walk
1904,38.08,1.0,0.0,0.22790300846099854,0.6265788078308105,0.0016496027819812298,0.015886640176177025,0,2000,strong,0,0,42,1.0,0.0,walk
1905,38.1,1.0,0.0,0.22710740566253662,0.650428831577301,0.01791711524128914,0.15592406690120697,0,2000,strong,0,0,42,1.0,0.0,walk
1906,38.12,1.0,0.0,0.2252793312072754,0.6728348135948181,0.03645007684826851,0.2657806873321533,0,2000,strong,0,0,42,1.0,0.0,walk
1907,38.14,1.0,0.0,0.22321832180023193,0.6974032521247864,0.05485514923930168,0.2925146222114563,0,2000,strong,0,0,42,1.0,0.0,walk
1908,38.160000000000004,1.0,0.0,0.22175300121307373,0.7222911715507507,0.07534527778625488,0.2301008701324463,0,2000,strong,0,0,42,1.0,0.0,walk
1909,38.18,1.0,0.0,0.22138726711273193,0.7453082799911499,0.10000153630971909,0.12488408386707306,0,2000,strong,0,0,42,1.0,0.0,walk
1910,38.2,1.0,0.0,0.2219923734664917,0.765745222568512,0.12898480892181396,0.02250625193119049,0,2000,strong,0,0,42,1.0,0.0,walk
1911,38.22,1.0,0.0,0.22305333614349365,0.781367838382721,0.16230733692646027,-0.072159543633461,0,2000,strong,0,0,42,1.0,0.0,walk
1912,38.24,1.0,0.0,0.2248988151550293,0.7930866479873657,0.19715753197669983,-0.21337032318115234,0,2000,strong,0,0,42,1.0,0.0,walk
1913,38.26,1.0,0.0,0.22791600227355957,0.8016189336776733,0.23009315133094788,-0.28290238976478577,0,2000,strong,0,0,42,1.0,0.0,walk
1914,38.28,1.0,0.0,0.23060917854309082,0.7570609450340271,0.2232353538274765,-0.15735818445682526,0,2000,strong,0,0,42,1.0,0.0,walk
1915,38.300000000000004,1.0,0.0,0.2339496612548828,0.6901066899299622,0.15139088034629822,-0.3900100290775299,0,2000,strong,0,0,42,1.0,0.0,walk
1916,38.32,1.0,0.0,0.238755464553833,0.6522214412689209,0.11532090604305267,-0.29475003480911255,0,2000,strong,0,0,42,1.0,0.0,walk
1917,38.34,1.0,0.0,0.24100279808044434,0.6438918113708496,0.08781365305185318,0.028099332004785538,0,2000,strong,0,0,42,1.0,0.0,walk
1918,38.36,1.0,0.0,0.24201667308807373,0.6061368584632874,0.06379326432943344,0.3021776080131531,0,2000,strong,0,0,42,1.0,0.0,walk
1919,38.38,1.0,0.0,0.24079537391662598,0.5883645415306091,0.03705944865942001,0.4786286950111389,0,2000,strong,0,0,42,1.0,0.0,walk
1920,38.4,1.0,0.0,0.23845279216766357,0.5829877257347107,0.012226017192006111,0.49519622325897217,0,2000,strong,0,0,42,1.0,0.0,walk
1921,38.42,1.0,0.0,0.2354487180709839,0.5801340937614441,-0.007231094408780336,0.49158617854118347,0,2000,strong,0,0,42,1.0,0.0,walk
1922,38.44,1.0,0.0,0.23269057273864746,0.5730727910995483,-0.03403201699256897,0.4504271149635315,0,2000,strong,0,0,42,1.0,0.0,walk
1923,38.46,1.0,0.0,0.23097467422485352,0.5705887079238892,-0.05663648992776871,0.28238481283187866,0,2000,strong,0,0,42,1.0,0.0,walk
1924,38.480000000000004,1.0,0.0,0.23073983192443848,0.5788540840148926,-0.07507521659135818,0.07467278093099594,0,2000,strong,0,0,42,1.0,0.0,walk
1925,38.5,1.0,0.0,0.2310502529144287,0.5843160152435303,-0.08761163055896759,0.04840395972132683,0,2000,strong,0,0,42,1.0,0.0,walk
1926,38.52,1.0,0.0,0.23120999336242676,0.5952063202857971,-0.09953700006008148,-0.0004582204855978489,0,2000,strong,0,0,42,1.0,0.0,walk
1927,38.54,1.0,0.0,0.23191845417022705,0.6103030443191528,-0.11323504894971848,-0.1239374428987503,0,2000,strong,0,0,42,1.0,0.0,walk
1928,38.56,1.0,0.0,0.23339974880218506,0.6292222142219543,-0.1270010769367218,-0.2199595421552658,0,2000,strong,0,0,42,1.0,0.0,walk
1929,38.58,1.0,0.0,0.23502254486083984,0.6519563794136047,-0.1436091512441635,-0.23745733499526978,0,2000,strong,0,0,42,1.0,0.0,walk
1930,38.6,1.0,0.0,0.23566091060638428,0.6787348985671997,-0.16361792385578156,-0.13845881819725037,0,2000,strong,0,0,42,1.0,0.0,walk
1931,38.62,1.0,0.0,0.2347022294998169,0.7075386643409729,-0.19042648375034332,-0.012456478551030159,0,2000,strong,0,0,42,1.0,0.0,walk
1932,38.64,1.0,0.0,0.23260116577148438,0.7302665710449219,-0.2249591052532196,0.09936057776212692,0,2000,strong,0,0,42,1.0,0.0,walk
1933,38.660000000000004,1.0,0.0,0.2297990322113037,0.7457637190818787,-0.26332342624664307,0.19407141208648682,0,2000,strong,0,0,42,1.0,0.0,walk
1934,38.68,1.0,0.0,0.22671067714691162,0.7583785653114319,-0.3040539622306824,0.21212813258171082,0,2000,strong,0,0,42,1.0,0.0,walk
1935,38.7,1.0,0.0,0.2238142490386963,0.7682722210884094,-0.3420642018318176,0.15538719296455383,0,2000,strong,0,0,42,1.0,0.0,walk
1936,38.72,1.0,0.0,0.22340130805969238,0.6991212964057922,-0.30604907870292664,-0.1513739824295044,0,2000,strong,0,0,42,1.0,0.0,walk
1937,38.74,1.0,0.0,0.22038233280181885,0.6581518054008484,-0.2481382191181183,0.4042968153953552,0,2000,strong,0,0,42,1.0,0.0,walk
1938,38.76,1.0,0.0,0.2133089303970337,0.6214624047279358,-0.20590156316757202,0.5844625234603882,0,2000,strong,0,0,42,1.0,0.0,walk
1939,38.78,1.0,0.0,0.20638000965118408,0.5936560034751892,-0.17941679060459137,0.35451290011405945,0,2000,strong,0,0,42,1.0,0.0,walk
1940,38.800000000000004,1.0,0.0,0.2018425464630127,0.573595404624939,-0.15331768989562988,0.09395582973957062,0,2000,strong,0,0,42,1.0,0.0,walk
1941,38.82,1.0,0.0,0.19968795776367188,0.5574491024017334,-0.12468218058347702,-0.10488741099834442,0,2000,strong,0,0,42,1.0,0.0,walk
1942,38.84,1.0,0.0,0.1987396478652954,0.5496404767036438,-0.09465058892965317,-0.132464200258255,0,2000,strong,0,0,42,1.0,0.0,walk
1943,38.86,1.0,0.0,0.19835543632507324,0.548821210861206,-0.06507321447134018,-0.14479270577430725,0,2000,strong,0,0,42,1.0,0.0,walk
1944,38.88,1.0,0.0,0.19830048084259033,0.5549395680427551,-0.03877386078238487,-0.13777068257331848,0,2000,strong,0,0,42,1.0,0.0,walk
1945,38.9,1.0,0.0,0.19843590259552002,0.5659136772155762,-0.017039690166711807,-0.11456549167633057,0,2000,strong,0,0,42,1.0,0.0,walk
1946,38.92,1.0,0.0,0.19866740703582764,0.5872927308082581,-0.0021557870786637068,-0.026795994490385056,0,2000,strong,0,0,42,1.0,0.0,walk
1947,38.94,1.0,0.0,0.19828569889068604,0.6132481694221497,0.01064419187605381,0.10623909533023834,0,2000,strong,0,0,42,1.0,0.0,walk
1948,38.96,1.0,0.0,0.1968311071395874,0.6355457305908203,0.02727193385362625,0.2335042804479599,0,2000,strong,0,0,42,1.0,0.0,walk
1949,38.980000000000004,1.0,0.0,0.194632887840271,0.6573607325553894,0.04601156339049339,0.30587655305862427,0,2000,strong,0,0,42,1.0,0.0,walk
1950,39.0,1.0,0.0,0.19266188144683838,0.6808249950408936,0.06482058018445969,0.2853684723377228,0,2000,strong,0,0,42,1.0,0.0,walk
1951,39.02,1.0,0.0,0.19151127338409424,0.7026453018188477,0.08723682910203934,0.20658810436725616,0,2000,strong,0,0,42,1.0,0.0,walk
1952,39.04,1.0,0.0,0.19144535064697266,0.7238409519195557,0.11337660253047943,0.10645975172519684,0,2000,strong,0,0,42,1.0,0.0,walk
1953,39.06,1.0,0.0,0.19205784797668457,0.7414221167564392,0.14459942281246185,0.014254171401262283,0,2000,strong,0,0,42,1.0,0.0,walk
1954,39.08,1.0,0.0,0.19312584400177002,0.7542628049850464,0.1788775473833084,-0.09154096990823746,0,2000,strong,0,0,42,1.0,0.0,walk
1955,39.1,1.0,0.0,0.1951678991317749,0.7656760811805725,0.21499575674533844,-0.22144632041454315,0,2000,strong,0,0,42,1.0,0.0,walk
1956,39.12,1.0,0.0,0.19809484481811523,0.7730782628059387,0.2432451993227005,-0.28492650389671326,0,2000,strong,0,0,42,1.0,0.0,walk
1957,39.14,1.0,0.0,0.20081913471221924,0.7287594079971313,0.19801510870456696,-0.20745255053043365,0,2000,strong,0,0,42,1.0,0.0,walk
1958,39.160000000000004,1.0,0.0,0.20441579818725586,0.6789608001708984,0.14112356305122375,-0.3961560130119324,0,2000,strong,0,0,42,1.0,0.0,walk
1959,39.18,1.0,0.0,0.2085576057434082,0.6467970609664917,0.10502556711435318,-0.16756105422973633,0,2000,strong,0,0,42,1.0,0.0,walk
1960,39.2,1.0,0.0,0.20995283126831055,0.6289556622505188,0.07579366862773895,0.20444422960281372,0,2000,strong,0,0,42,1.0,0.0,walk
1961,39.22,1.0,0.0,0.209234356880188,0.6085004806518555,0.05497186630964279,0.42991623282432556,0,2000,strong,0,0,42,1.0,0.0,walk
1962,39.24,1.0,0.0,0.20697009563446045,0.5862072110176086,0.0222165510058403,0.5367562174797058,0,2000,strong,0,0,42,1.0,0.0,walk
1963,39.26,1.0,0.0,0.204095721244812,0.584250807762146,0.0010737639386206865,0.4981873035430908,0,2000,strong,0,0,42,1.0,0.0,walk
1964,39.28,1.0,0.0,0.201147198677063,0.5901229381561279,-0.016243409365415573,0.4237290620803833,0,2000,strong,0,0,42,1.0,0.0,walk
1965,39.300000000000004,1.0,0.0,0.19942951202392578,0.5769491791725159,-0.04576113820075989,0.330582857131958,0,2000,strong,0,0,42,1.0,0.0,walk
1966,39.32,1.0,0.0,0.19887936115264893,0.5846215486526489,-0.06612040102481842,0.1469094455242157,0,2000,strong,0,0,42,1.0,0.0,walk
1967,39.34,1.0,0.0,0.19896352291107178,0.5932800769805908,-0.08240555226802826,0.058473553508520126,0,2000,strong,0,0,42,1.0,0.0,walk
1968,39.36,1.0,0.0,0.19952023029327393,0.6020147204399109,-0.09437420219182968,-0.02187660150229931,0,2000,strong,0,0,42,1.0,0.0,walk
1969,39.38,1.0,0.0,0.2003319263458252,0.619414746761322,-0.10634973645210266,-0.10234527289867401,0,2000,strong,0,0,42,1.0,0.0,walk
1970,39.4,1.0,0.0,0.20226562023162842,0.639583945274353,-0.12152008712291718,-0.2738724648952484,0,2000,strong,0,0,42,1.0,0.0,walk
1971,39.42,1.0,0.0,0.20483160018920898,0.6634908318519592,-0.1345597207546234,-0.31493473052978516,0,2000,strong,0,0,42,1.0,0.0,walk
1972,39.44,1.0,0.0,0.20698440074920654,0.6863341927528381,-0.15333138406276703,-0.27104753255844116,0,2000,strong,0,0,42,1.0,0.0,walk
1973,39.46,1.0,0.0,0.20744478702545166,0.7152814865112305,-0.17496638000011444,-0.11376254260540009,0,2000,strong,0,0,42,1.0,0.0,walk
1974,39.480000000000004,1.0,0.0,0.20625543594360352,0.7433392405509949,-0.2044113278388977,0.020473942160606384,0,2000,strong,0,0,42,1.0,0.0,walk
1975,39.5,1.0,0.0,0.20381569862365723,0.7641709446907043,-0.23978270590305328,0.15549466013908386,0,2000,strong,0,0,42,1.0,0.0,walk
1976,39.52,1.0,0.0,0.20073795318603516,0.7797738313674927,-0.2787337601184845,0.22384336590766907,0,2000,strong,0,0,42,1.0,0.0,walk
1977,39.54,1.0,0.0,0.19759953022003174,0.7917595505714417,-0.31881698966026306,0.20904101431369781,0,2000,strong,0,0,42,1.0,0.0,walk
1978,39.56,1.0,0.0,0.1951538324356079,0.7532775402069092,-0.3202662765979767,-0.338219553232193,0,2000,strong,0,0,42,1.0,0.0,walk
1979,39.58,1.0,0.0,0.19483590126037598,0.6964603066444397,-0.25545036792755127,0.22631467878818512,0,2000,strong,0,0,42,1.0,0.0,walk
1980,39.6,1.0,0.0,0.18922793865203857,0.6550355553627014,-0.20757818222045898,0.5078675746917725,0,2000,strong,0,0,42,1.0,0.0,walk
1981,39.62,1.0,0.0,0.1829911470413208,0.6232897639274597,-0.17493346333503723,0.3075808882713318,0,2000,strong,0,0,42,1.0,0.0,walk
1982,39.64,1.0,0.0,0.17852020263671875,0.6023297905921936,-0.14823314547538757,0.12308914214372635,0,2000,strong,0,0,42,1.0,0.0,walk
1983,39.660000000000004,1.0,0.0,0.17613565921783447,0.5859772562980652,-0.12246737629175186,-0.08745259046554565,0,2000,strong,0,0,42,1.0,0.0,walk
1984,39.68,1.0,0.0,0.17512571811676025,0.5788923501968384,-0.09522323310375214,-0.15839408338069916,0,2000,strong,0,0,42,1.0,0.0,walk
1985,39.7,1.0,0.0,0.17455041408538818,0.5737353563308716,-0.06555171310901642,-0.14400316774845123,0,2000,strong,0,0,42,1.0,0.0,walk
1986,39.72,1.0,0.0,0.17423129081726074,0.5742634534835815,-0.038499388843774796,-0.12000609934329987,0,2000,strong,0,0,42,1.0,0.0,walk
1987,39.74,1.0,0.0,0.17400944232940674,0.5789403915405273,-0.014918814413249493,-0.1330309510231018,0,2000,strong,0,0,42,1.0,0.0,walk
1988,39.76,1.0,0.0,0.17432987689971924,0.5961282253265381,0.0003292146429885179,-0.0918136015534401,0,2000,strong,0,0,42,1.0,0.0,walk
1989,39.78,1.0,0.0,0.17450153827667236,0.6231122016906738,0.012124679982662201,0.026086024940013885,0,2000,strong,0,0,42,1.0,0.0,walk
1990,39.800000000000004,1.0,0.0,0.17356407642364502,0.6466863751411438,0.027777761220932007,0.17367547750473022,0,2000,strong,0,0,42,1.0,0.0,walk
1991,39.82,1.0,0.0,0.17160284519195557,0.6688441634178162,0.04608844593167305,0.277620792388916,0,2000,strong,0,0,42,1.0,0.0,walk
1992,39.84,1.0,0.0,0.16950368881225586,0.6933311223983765,0.06425009667873383,0.29529184103012085,0,2000,strong,0,0,42,1.0,0.0,walk
1993,39.86,1.0,0.0,0.16805732250213623,0.7181044816970825,0.0848182886838913,0.2305830419063568,0,2000,strong,0,0,42,1.0,0.0,walk
1994,39.88,1.0,0.0,0.16778457164764404,0.7411137223243713,0.10970321297645569,0.1150391548871994,0,2000,strong,0,0,42,1.0,0.0,walk
1995,39.9,1.0,0.0,0.16853976249694824,0.7612503170967102,0.13919951021671295,0.004793844651430845,0,2000,strong,0,0,42,1.0,0.0,walk
1996,39.92,1.0,0.0,0.16976594924926758,0.7769178152084351,0.17307767271995544,-0.08640781790018082,0,2000,strong,0,0,42,1.0,0.0,walk
1997,39.94,1.0,0.0,0.17178702354431152,0.788925051689148,0.20863278210163116,-0.2244897335767746,0,2000,strong,0,0,42,1.0,0.0,walk
1998,39.96,1.0,0.0,0.1749051809310913,0.7985890507698059,0.24433685839176178,-0.27501651644706726,0,2000,strong,0,0,42,1.0,0.0,walk
1999,39.980000000000004,1.0,0.0,-0.6244072914123535,0.3333177864551544,0.3659699559211731,0.26277390122413635,0,2000,strong,0,0,42,1.0,0.0,walk
