step,time_s,vx_cmd,vy_cmd,yaw_cmd,vx_actual,vy_actual,yaw_actual,fell,episode_steps,policy,delay_steps,delay_ms,seed,lin_vel_x,lin_vel_y,task
0,0.0,0.0,0.4000000059604645,0.216253399848938,0.5945387482643127,-0.3645583689212799,-1.4217405319213867,0,2000,strong30k,0,0,42,0.0,0.4,walk
1,0.02,0.0,0.4000000059604645,0.22718942165374756,0.6651492118835449,-0.32766076922416687,-1.506245493888855,0,2000,strong30k,0,0,42,0.0,0.4,walk
2,0.04,0.0,0.4000000059604645,0.24201536178588867,0.685732901096344,-0.2612297534942627,-1.24820876121521,0,2000,strong30k,0,0,42,0.0,0.4,walk
3,0.06,0.0,0.4000000059604645,0.24904370307922363,0.6656144857406616,-0.22694934904575348,-0.19016090035438538,0,2000,strong30k,0,0,42,0.0,0.4,walk
4,0.08,0.0,0.4000000059604645,0.2518962621688843,0.6254754066467285,-0.09118302166461945,0.1133127510547638,0,2000,strong30k,0,0,42,0.0,0.4,walk
5,0.1,0.0,0.4000000059604645,0.2505282163619995,0.5892587304115295,-0.0988151952624321,0.3927954435348511,0,2000,strong30k,0,0,42,0.0,0.4,walk
6,0.12,0.0,0.4000000059604645,0.2477647066116333,0.5101404786109924,-0.13137204945087433,0.8155622482299805,0,2000,strong30k,0,0,42,0.0,0.4,walk
7,0.14,0.0,0.4000000059604645,0.2448749542236328,0.5191177129745483,-0.2076064497232437,0.32272449135780334,0,2000,strong30k,0,0,42,0.0,0.4,walk
8,0.16,0.0,0.4000000059604645,0.24580121040344238,0.5696132779121399,-0.27187952399253845,-0.07496081292629242,0,2000,strong30k,0,0,42,0.0,0.4,walk
9,0.18,0.0,0.4000000059604645,0.25040149688720703,0.6135896444320679,-0.3220047354698181,-0.47999951243400574,0,2000,strong30k,0,0,42,0.0,0.4,walk
10,0.2,0.0,0.4000000059604645,0.2566056251525879,0.6417340040206909,-0.34161752462387085,-0.5384843349456787,0,2000,strong30k,0,0,42,0.0,0.4,walk
11,0.22,0.0,0.4000000059604645,0.2638002634048462,0.6836509108543396,-0.3652694523334503,-0.6878510117530823,0,2000,strong30k,0,0,42,0.0,0.4,walk
12,0.24,0.0,0.4000000059604645,0.27047622203826904,0.7330922484397888,-0.39214983582496643,-0.5461091995239258,0,2000,strong30k,0,0,42,0.0,0.4,walk
13,0.26,0.0,0.4000000059604645,0.277948260307312,0.784686267375946,-0.426262766122818,-0.7579385638237,0,2000,strong30k,0,0,42,0.0,0.4,walk
14,0.28,0.0,0.4000000059604645,0.28408563137054443,0.8376887440681458,-0.4407632350921631,-0.5378308892250061,0,2000,strong30k,0,0,42,0.0,0.4,walk
15,0.3,0.0,0.4000000059604645,0.28891825675964355,0.8867068290710449,-0.46415606141090393,-0.5589544773101807,0,2000,strong30k,0,0,42,0.0,0.4,walk
16,0.32,0.0,0.4000000059604645,0.2918335199356079,0.9320544004440308,-0.4903907775878906,-0.4386247992515564,0,2000,strong30k,0,0,42,0.0,0.4,walk
17,0.34,0.0,0.4000000059604645,0.2918943166732788,0.9575883150100708,-0.5365654826164246,-0.07316293567419052,0,2000,strong30k,0,0,42,0.0,0.4,walk
18,0.36,0.0,0.4000000059604645,0.28904950618743896,0.9363023042678833,-0.5354977250099182,0.5297920107841492,0,2000,strong30k,0,0,42,0.0,0.4,walk
19,0.38,0.0,0.4000000059604645,0.28700685501098633,0.7175513505935669,-0.3517940938472748,0.3750952184200287,0,2000,strong30k,0,0,42,0.0,0.4,walk
20,0.4,0.0,0.4000000059604645,0.2827742099761963,0.6066082715988159,-0.23485718667507172,0.26682451367378235,0,2000,strong30k,0,0,42,0.0,0.4,walk
21,0.42,0.0,0.4000000059604645,0.2818814516067505,0.5390926599502563,-0.16905345022678375,-0.23861803114414215,0,2000,strong30k,0,0,42,0.0,0.4,walk
22,0.44,0.0,0.4000000059604645,0.2861520051956177,0.5300272107124329,-0.15576797723770142,-0.7334200143814087,0,2000,strong30k,0,0,42,0.0,0.4,walk
23,0.46,0.0,0.4000000059604645,0.2930670976638794,0.5172359943389893,-0.1420034021139145,-0.8610308766365051,0,2000,strong30k,0,0,42,0.0,0.4,walk
24,0.48,0.0,0.4000000059604645,0.29781997203826904,0.48862674832344055,-0.10841049253940582,-0.480571985244751,0,2000,strong30k,0,0,42,0.0,0.4,walk
25,0.5,0.0,0.4000000059604645,0.2981151342391968,0.4602426588535309,-0.07182440906763077,-0.06668666750192642,0,2000,strong30k,0,0,42,0.0,0.4,walk
26,0.52,0.0,0.4000000059604645,0.29551148414611816,0.4291314482688904,-0.037834230810403824,0.1778443306684494,0,2000,strong30k,0,0,42,0.0,0.4,walk
27,0.54,0.0,0.4000000059604645,0.2896498441696167,0.3895859122276306,-0.006883135065436363,0.46616116166114807,0,2000,strong30k,0,0,42,0.0,0.4,walk
28,0.56,0.0,0.4000000059604645,0.28387653827667236,0.3726319670677185,0.015036557801067829,0.34718504548072815,0,2000,strong30k,0,0,42,0.0,0.4,walk
29,0.58,0.0,0.4000000059604645,0.2782409191131592,0.3555828332901001,0.04287804290652275,0.38630741834640503,0,2000,strong30k,0,0,42,0.0,0.4,walk
30,0.6,0.0,0.4000000059604645,0.27370429039001465,0.35875749588012695,0.06781069189310074,0.28013718128204346,0,2000,strong30k,0,0,42,0.0,0.4,walk
31,0.62,0.0,0.4000000059604645,0.27056729793548584,0.36511746048927307,0.09112557023763657,0.18065853416919708,0,2000,strong30k,0,0,42,0.0,0.4,walk
32,0.64,0.0,0.4000000059604645,0.26839518547058105,0.37187767028808594,0.11205682158470154,0.14823177456855774,0,2000,strong30k,0,0,42,0.0,0.4,walk
33,0.66,0.0,0.4000000059604645,0.2668025493621826,0.3774775266647339,0.13331906497478485,0.13992176949977875,0,2000,strong30k,0,0,42,0.0,0.4,walk
34,0.68,0.0,0.4000000059604645,0.26536083221435547,0.38558050990104675,0.15520571172237396,0.17540371417999268,0,2000,strong30k,0,0,42,0.0,0.4,walk
35,0.7000000000000001,0.0,0.4000000059604645,0.2640368938446045,0.392551451921463,0.1779610961675644,0.19095854461193085,0,2000,strong30k,0,0,42,0.0,0.4,walk
36,0.72,0.0,0.4000000059604645,0.262961745262146,0.40153470635414124,0.2020971179008484,0.19779162108898163,0,2000,strong30k,0,0,42,0.0,0.4,walk
37,0.74,0.0,0.4000000059604645,0.2624928951263428,0.4089827537536621,0.2287713885307312,0.16967374086380005,0,2000,strong30k,0,0,42,0.0,0.4,walk
38,0.76,0.0,0.4000000059604645,0.262554407119751,0.41419386863708496,0.2626970410346985,0.14391563832759857,0,2000,strong30k,0,0,42,0.0,0.4,walk
39,0.78,0.0,0.4000000059604645,0.2627831697463989,0.4141136407852173,0.3041171133518219,0.1283479481935501,0,2000,strong30k,0,0,42,0.0,0.4,walk
40,0.8,0.0,0.4000000059604645,0.26248419284820557,0.4126816391944885,0.35018423199653625,0.14308638870716095,0,2000,strong30k,0,0,42,0.0,0.4,walk
41,0.8200000000000001,0.0,0.4000000059604645,0.2615201473236084,0.41584211587905884,0.3941628932952881,0.18306298553943634,0,2000,strong30k,0,0,42,0.0,0.4,walk
42,0.84,0.0,0.4000000059604645,0.26002466678619385,0.41877004504203796,0.4330981373786926,0.24729837477207184,0,2000,strong30k,0,0,42,0.0,0.4,walk
43,0.86,0.0,0.4000000059604645,0.258447527885437,0.3766941726207733,0.40473106503486633,0.008294419385492802,0,2000,strong30k,0,0,42,0.0,0.4,walk
44,0.88,0.0,0.4000000059604645,0.25932157039642334,0.326483815908432,0.3329041302204132,-0.07668250799179077,0,2000,strong30k,0,0,42,0.0,0.4,walk
45,0.9,0.0,0.4000000059604645,0.2618899345397949,0.2843765616416931,0.28545621037483215,-0.16074001789093018,0,2000,strong30k,0,0,42,0.0,0.4,walk
46,0.92,0.0,0.4000000059604645,0.2645301818847656,0.2478402853012085,0.25186440348625183,-0.06695075333118439,0,2000,strong30k,0,0,42,0.0,0.4,walk
47,0.9400000000000001,0.0,0.4000000059604645,0.26556479930877686,0.22360897064208984,0.2290475070476532,0.14607937633991241,0,2000,strong30k,0,0,42,0.0,0.4,walk
48,0.96,0.0,0.4000000059604645,0.26455914974212646,0.2091471552848816,0.20734117925167084,0.2927144765853882,0,2000,strong30k,0,0,42,0.0,0.4,walk
49,0.98,0.0,0.4000000059604645,0.2635458707809448,0.19380128383636475,0.18221519887447357,0.19594311714172363,0,2000,strong30k,0,0,42,0.0,0.4,walk
50,1.0,0.0,0.4000000059604645,0.26296544075012207,0.18731650710105896,0.1665858030319214,0.1655191332101822,0,2000,strong30k,0,0,42,0.0,0.4,walk
51,1.02,0.0,0.4000000059604645,0.26358747482299805,0.17651589214801788,0.1482488065958023,0.01307770237326622,0,2000,strong30k,0,0,42,0.0,0.4,walk
52,1.04,0.0,0.4000000059604645,0.2639577388763428,0.17665942013263702,0.13727544248104095,0.07329418510198593,0,2000,strong30k,0,0,42,0.0,0.4,walk
53,1.06,0.0,0.4000000059604645,0.2644292116165161,0.16733229160308838,0.12197665870189667,0.019344333559274673,0,2000,strong30k,0,0,42,0.0,0.4,walk
54,1.08,0.0,0.4000000059604645,0.26497089862823486,0.16517122089862823,0.10991666465997696,-0.0080560352653265,0,2000,strong30k,0,0,42,0.0,0.4,walk
55,1.1,0.0,0.4000000059604645,0.26531994342803955,0.16799238324165344,0.10148295760154724,-0.019640695303678513,0,2000,strong30k,0,0,42,0.0,0.4,walk
56,1.12,0.0,0.4000000059604645,0.2656136751174927,0.17240914702415466,0.09271940588951111,-0.051806796342134476,0,2000,strong30k,0,0,42,0.0,0.4,walk
57,1.1400000000000001,0.0,0.4000000059604645,0.26596271991729736,0.17668278515338898,0.08265890181064606,-0.08407630771398544,0,2000,strong30k,0,0,42,0.0,0.4,walk
58,1.16,0.0,0.4000000059604645,0.26632535457611084,0.17912839353084564,0.07194465398788452,-0.10953929275274277,0,2000,strong30k,0,0,42,0.0,0.4,walk
59,1.18,0.0,0.4000000059604645,0.2665550708770752,0.17944498360157013,0.06156028434634209,-0.12069293856620789,0,2000,strong30k,0,0,42,0.0,0.4,walk
60,1.2,0.0,0.4000000059604645,0.2667173147201538,0.17263802886009216,0.049769334495067596,-0.12672393023967743,0,2000,strong30k,0,0,42,0.0,0.4,walk
61,1.22,0.0,0.4000000059604645,0.2666217088699341,0.1622009426355362,0.03755117952823639,-0.1003386527299881,0,2000,strong30k,0,0,42,0.0,0.4,walk
62,1.24,0.0,0.4000000059604645,0.2657318115234375,0.15342944860458374,0.02505277656018734,-0.03457135707139969,0,2000,strong30k,0,0,42,0.0,0.4,walk
63,1.26,0.0,0.4000000059604645,0.2640669345855713,0.1462603062391281,0.011200156062841415,0.025909995660185814,0,2000,strong30k,0,0,42,0.0,0.4,walk
64,1.28,0.0,0.4000000059604645,0.26217782497406006,0.13676781952381134,-0.00199459632858634,0.03261127695441246,0,2000,strong30k,0,0,42,0.0,0.4,walk
65,1.3,0.0,0.4000000059604645,0.2602672576904297,0.12242209166288376,-0.010867715813219547,0.025311172008514404,0,2000,strong30k,0,0,42,0.0,0.4,walk
66,1.32,0.0,0.4000000059604645,0.25861918926239014,0.10394999384880066,-0.010009164921939373,-0.05601165443658829,0,2000,strong30k,0,0,42,0.0,0.4,walk
67,1.34,0.0,0.4000000059604645,0.25913941860198975,0.07265368849039078,0.01825687661767006,-0.10114802420139313,0,2000,strong30k,0,0,42,0.0,0.4,walk
68,1.36,0.0,0.4000000059604645,0.2567359209060669,0.055051784962415695,0.0349288210272789,0.1405438631772995,0,2000,strong30k,0,0,42,0.0,0.4,walk
69,1.3800000000000001,0.0,0.4000000059604645,0.25294172763824463,0.04196932911872864,0.04549024626612663,0.17352403700351715,0,2000,strong30k,0,0,42,0.0,0.4,walk
70,1.4000000000000001,0.0,0.4000000059604645,0.24906396865844727,0.03573567420244217,0.057714857161045074,0.17642958462238312,0,2000,strong30k,0,0,42,0.0,0.4,walk
71,1.42,0.0,0.4000000059604645,0.24552619457244873,0.04120682179927826,0.07096511125564575,0.18510939180850983,0,2000,strong30k,0,0,42,0.0,0.4,walk
72,1.44,0.0,0.4000000059604645,0.24209833145141602,0.055354081094264984,0.08711914718151093,0.20361728966236115,0,2000,strong30k,0,0,42,0.0,0.4,walk
73,1.46,0.0,0.4000000059604645,0.2392733097076416,0.07598906010389328,0.10467412322759628,0.17298583686351776,0,2000,strong30k,0,0,42,0.0,0.4,walk
74,1.48,0.0,0.4000000059604645,0.23693037033081055,0.09933052957057953,0.12378266453742981,0.17143988609313965,0,2000,strong30k,0,0,42,0.0,0.4,walk
75,1.5,0.0,0.4000000059604645,0.23509347438812256,0.12308795750141144,0.14379529654979706,0.1497572660446167,0,2000,strong30k,0,0,42,0.0,0.4,walk
76,1.52,0.0,0.4000000059604645,0.23385632038116455,0.14299553632736206,0.16340185701847076,0.11321233958005905,0,2000,strong30k,0,0,42,0.0,0.4,walk
77,1.54,0.0,0.4000000059604645,0.2331995964050293,0.1627032309770584,0.18410252034664154,0.09334205090999603,0,2000,strong30k,0,0,42,0.0,0.4,walk
78,1.56,0.0,0.4000000059604645,0.23280763626098633,0.18195439875125885,0.20905913412570953,0.10158070921897888,0,2000,strong30k,0,0,42,0.0,0.4,walk
79,1.58,0.0,0.4000000059604645,0.2324080467224121,0.20053191483020782,0.23873823881149292,0.13212257623672485,0,2000,strong30k,0,0,42,0.0,0.4,walk
80,1.6,0.0,0.4000000059604645,0.23188650608062744,0.21734260022640228,0.27174124121665955,0.16515584290027618,0,2000,strong30k,0,0,42,0.0,0.4,walk
81,1.62,0.0,0.4000000059604645,0.23125886917114258,0.23083962500095367,0.30849477648735046,0.18485748767852783,0,2000,strong30k,0,0,42,0.0,0.4,walk
82,1.6400000000000001,0.0,0.4000000059604645,0.2307894229888916,0.23922306299209595,0.3487440347671509,0.1679166853427887,0,2000,strong30k,0,0,42,0.0,0.4,walk
83,1.6600000000000001,0.0,0.4000000059604645,0.23063361644744873,0.24543559551239014,0.39201030135154724,0.15603944659233093,0,2000,strong30k,0,0,42,0.0,0.4,walk
84,1.68,0.0,0.4000000059604645,0.2304598093032837,0.24851630628108978,0.4393594264984131,0.1725640743970871,0,2000,strong30k,0,0,42,0.0,0.4,walk
85,1.7,0.0,0.4000000059604645,0.22959303855895996,0.24805381894111633,0.48928672075271606,0.2499140053987503,0,2000,strong30k,0,0,42,0.0,0.4,walk
86,1.72,0.0,0.4000000059604645,0.2282792329788208,0.24400757253170013,0.5367019176483154,0.2637198269367218,0,2000,strong30k,0,0,42,0.0,0.4,walk
87,1.74,0.0,0.4000000059604645,0.22699403762817383,0.2104780673980713,0.5362063646316528,0.4268571436405182,0,2000,strong30k,0,0,42,0.0,0.4,walk
88,1.76,0.0,0.4000000059604645,0.2253117561340332,0.1756041795015335,0.4439428150653839,0.08515110611915588,0,2000,strong30k,0,0,42,0.0,0.4,walk
89,1.78,0.0,0.4000000059604645,0.22742903232574463,0.14821331202983856,0.380079984664917,-0.07922869175672531,0,2000,strong30k,0,0,42,0.0,0.4,walk
90,1.8,0.0,0.4000000059604645,0.22985506057739258,0.13034284114837646,0.3389040231704712,-0.025603704154491425,0,2000,strong30k,0,0,42,0.0,0.4,walk
91,1.82,0.0,0.4000000059604645,0.23129308223724365,0.12038977444171906,0.3025294542312622,0.07117239385843277,0,2000,strong30k,0,0,42,0.0,0.4,walk
92,1.84,0.0,0.4000000059604645,0.23196327686309814,0.1145036369562149,0.2661013901233673,0.11074165999889374,0,2000,strong30k,0,0,42,0.0,0.4,walk
93,1.86,0.0,0.4000000059604645,0.2327650785446167,0.1113784983754158,0.2297850400209427,0.03708818554878235,0,2000,strong30k,0,0,42,0.0,0.4,walk
94,1.8800000000000001,0.0,0.4000000059604645,0.23395013809204102,0.11713017523288727,0.20327642560005188,-0.012691866606473923,0,2000,strong30k,0,0,42,0.0,0.4,walk
95,1.9000000000000001,0.0,0.4000000059604645,0.2353956699371338,0.118263378739357,0.17762944102287292,-0.03209783881902695,0,2000,strong30k,0,0,42,0.0,0.4,walk
96,1.92,0.0,0.4000000059604645,0.23597657680511475,0.12570832669734955,0.15667591989040375,0.03913351148366928,0,2000,strong30k,0,0,42,0.0,0.4,walk
97,1.94,0.0,0.4000000059604645,0.2362443208694458,0.13156241178512573,0.13331957161426544,0.03909354656934738,0,2000,strong30k,0,0,42,0.0,0.4,walk
98,1.96,0.0,0.4000000059604645,0.2362060546875,0.14539921283721924,0.11493853479623795,0.022520003840327263,0,2000,strong30k,0,0,42,0.0,0.4,walk
99,1.98,0.0,0.4000000059604645,0.23599135875701904,0.1645197868347168,0.10013743489980698,-9.15931595955044e-05,0,2000,strong30k,0,0,42,0.0,0.4,walk
100,2.0,0.0,0.4000000059604645,0.2356719970703125,0.1837574541568756,0.08439706265926361,-0.01929498091340065,0,2000,strong30k,0,0,42,0.0,0.4,walk
101,2.02,0.0,0.4000000059604645,0.23523473739624023,0.20291340351104736,0.06745851784944534,-0.040985532104969025,0,2000,strong30k,0,0,42,0.0,0.4,walk
102,2.04,0.0,0.4000000059604645,0.23454582691192627,0.21950088441371918,0.048996701836586,-0.043210431933403015,0,2000,strong30k,0,0,42,0.0,0.4,walk
103,2.06,0.0,0.4000000059604645,0.2336275577545166,0.23044098913669586,0.028824547305703163,-0.03626905381679535,0,2000,strong30k,0,0,42,0.0,0.4,walk
104,2.08,0.0,0.4000000059604645,0.23236453533172607,0.23749074339866638,0.007284563034772873,-0.0025595996994525194,0,2000,strong30k,0,0,42,0.0,0.4,walk
105,2.1,0.0,0.4000000059604645,0.23040771484375,0.24362947046756744,-0.0153178246691823,0.06848904490470886,0,2000,strong30k,0,0,42,0.0,0.4,walk
106,2.12,0.0,0.4000000059604645,0.2282876968383789,0.24716347455978394,-0.03987131267786026,0.06401191651821136,0,2000,strong30k,0,0,42,0.0,0.4,walk
107,2.14,0.0,0.4000000059604645,0.22648203372955322,0.2503020465373993,-0.06299232691526413,0.012727582827210426,0,2000,strong30k,0,0,42,0.0,0.4,walk
108,2.16,0.0,0.4000000059604645,0.2250896692276001,0.2497681975364685,-0.08226432651281357,-0.057259656488895416,0,2000,strong30k,0,0,42,0.0,0.4,walk
109,2.18,0.0,0.4000000059604645,0.22456824779510498,0.24307803809642792,-0.09143468737602234,-0.1701999455690384,0,2000,strong30k,0,0,42,0.0,0.4,walk
110,2.2,0.0,0.4000000059604645,0.2256174087524414,0.20091426372528076,-0.03956275060772896,-0.0177278034389019,0,2000,strong30k,0,0,42,0.0,0.4,walk
111,2.22,0.0,0.4000000059604645,0.22198045253753662,0.16953128576278687,-0.015842299908399582,0.25515368580818176,0,2000,strong30k,0,0,42,0.0,0.4,walk
112,2.24,0.0,0.4000000059604645,0.2171546220779419,0.14537851512432098,0.0010235841618850827,0.26592040061950684,0,2000,strong30k,0,0,42,0.0,0.4,walk
113,2.2600000000000002,0.0,0.4000000059604645,0.21277427673339844,0.1311858594417572,0.018274104222655296,0.22992192208766937,0,2000,strong30k,0,0,42,0.0,0.4,walk
114,2.2800000000000002,0.0,0.4000000059604645,0.20892393589019775,0.12409500032663345,0.03722042217850685,0.189200758934021,0,2000,strong30k,0,0,42,0.0,0.4,walk
115,2.3000000000000003,0.0,0.4000000059604645,0.20567786693572998,0.12686945497989655,0.058070287108421326,0.15447399020195007,0,2000,strong30k,0,0,42,0.0,0.4,walk
116,2.32,0.0,0.4000000059604645,0.203377366065979,0.1359967142343521,0.07820713520050049,0.08714526146650314,0,2000,strong30k,0,0,42,0.0,0.4,walk
117,2.34,0.0,0.4000000059604645,0.20205926895141602,0.15137027204036713,0.09690716117620468,0.047048524022102356,0,2000,strong30k,0,0,42,0.0,0.4,walk
118,2.36,0.0,0.4000000059604645,0.20141160488128662,0.16746194660663605,0.11516306549310684,0.024212881922721863,0,2000,strong30k,0,0,42,0.0,0.4,walk
119,2.38,0.0,0.4000000059604645,0.20120787620544434,0.1814303994178772,0.13371063768863678,0.020827576518058777,0,2000,strong30k,0,0,42,0.0,0.4,walk
120,2.4,0.0,0.4000000059604645,0.2011854648590088,0.19651085138320923,0.15372918546199799,0.044568076729774475,0,2000,strong30k,0,0,42,0.0,0.4,walk
121,2.42,0.0,0.4000000059604645,0.2010897397994995,0.21057704091072083,0.17746394872665405,0.07869355380535126,0,2000,strong30k,0,0,42,0.0,0.4,walk
122,2.44,0.0,0.4000000059604645,0.20088493824005127,0.22295427322387695,0.20405814051628113,0.11669221520423889,0,2000,strong30k,0,0,42,0.0,0.4,walk
123,2.46,0.0,0.4000000059604645,0.20069396495819092,0.23337699472904205,0.23316815495491028,0.13350237905979156,0,2000,strong30k,0,0,42,0.0,0.4,walk
124,2.48,0.0,0.4000000059604645,0.2007061243057251,0.24031727015972137,0.26594042778015137,0.12560053169727325,0,2000,strong30k,0,0,42,0.0,0.4,walk
125,2.5,0.0,0.4000000059604645,0.2009807825088501,0.24274660646915436,0.30323526263237,0.10944247990846634,0,2000,strong30k,0,0,42,0.0,0.4,walk
126,2.52,0.0,0.4000000059604645,0.2014782428741455,0.24338389933109283,0.34363171458244324,0.10309948027133942,0,2000,strong30k,0,0,42,0.0,0.4,walk
127,2.54,0.0,0.4000000059604645,0.20172297954559326,0.24149349331855774,0.3876435160636902,0.13359656929969788,0,2000,strong30k,0,0,42,0.0,0.4,walk
128,2.56,0.0,0.4000000059604645,0.20122623443603516,0.23834367096424103,0.43242329359054565,0.20734672248363495,0,2000,strong30k,0,0,42,0.0,0.4,walk
129,2.58,0.0,0.4000000059604645,0.20031464099884033,0.23339059948921204,0.47473591566085815,0.22176316380500793,0,2000,strong30k,0,0,42,0.0,0.4,walk
130,2.6,0.0,0.4000000059604645,0.19955337047576904,0.20019932091236115,0.47576773166656494,0.31190523505210876,0,2000,strong30k,0,0,42,0.0,0.4,walk
131,2.62,0.0,0.4000000059604645,0.19922089576721191,0.1684911549091339,0.3931926488876343,0.01220474299043417,0,2000,strong30k,0,0,42,0.0,0.4,walk
132,2.64,0.0,0.4000000059604645,0.20210134983062744,0.14275605976581573,0.33777543902397156,-0.17166469991207123,0,2000,strong30k,0,0,42,0.0,0.4,walk
133,2.66,0.0,0.4000000059604645,0.20530128479003906,0.12344248592853546,0.3037739098072052,-0.10304305702447891,0,2000,strong30k,0,0,42,0.0,0.4,walk
134,2.68,0.0,0.4000000059604645,0.20742857456207275,0.11216552555561066,0.27201032638549805,-0.00026557972887530923,0,2000,strong30k,0,0,42,0.0,0.4,walk
135,2.7,0.0,0.4000000059604645,0.20842313766479492,0.10544414818286896,0.24160277843475342,0.08858126401901245,0,2000,strong30k,0,0,42,0.0,0.4,walk
136,2.72,0.0,0.4000000059604645,0.2093127965927124,0.1004328653216362,0.20960018038749695,0.023047231137752533,0,2000,strong30k,0,0,42,0.0,0.4,walk
137,2.74,0.0,0.4000000059604645,0.21031463146209717,0.10437451303005219,0.18658867478370667,0.005593843758106232,0,2000,strong30k,0,0,42,0.0,0.4,walk
138,2.7600000000000002,0.0,0.4000000059604645,0.21162867546081543,0.1022801622748375,0.16280126571655273,-0.03216557577252388,0,2000,strong30k,0,0,42,0.0,0.4,walk
139,2.7800000000000002,0.0,0.4000000059604645,0.2118844985961914,0.10996545851230621,0.14549683034420013,0.0703616812825203,0,2000,strong30k,0,0,42,0.0,0.4,walk
140,2.8000000000000003,0.0,0.4000000059604645,0.21192491054534912,0.11363709717988968,0.12315814197063446,0.03598020598292351,0,2000,strong30k,0,0,42,0.0,0.4,walk
141,2.82,0.0,0.4000000059604645,0.21172118186950684,0.12362576276063919,0.10641682893037796,0.03065018728375435,0,2000,strong30k,0,0,42,0.0,0.4,walk
142,2.84,0.0,0.4000000059604645,0.21142816543579102,0.13793867826461792,0.09200060367584229,-0.00643387995660305,0,2000,strong30k,0,0,42,0.0,0.4,walk
143,2.86,0.0,0.4000000059604645,0.2110844850540161,0.15216946601867676,0.07729648798704147,-0.02851971983909607,0,2000,strong30k,0,0,42,0.0,0.4,walk
144,2.88,0.0,0.4000000059604645,0.21067607402801514,0.1651085466146469,0.061015110462903976,-0.055532556027173996,0,2000,strong30k,0,0,42,0.0,0.4,walk
145,2.9,0.0,0.4000000059604645,0.21016407012939453,0.1739676594734192,0.04317265748977661,-0.06572341173887253,0,2000,strong30k,0,0,42,0.0,0.4,walk
146,2.92,0.0,0.4000000059604645,0.20953655242919922,0.17688266932964325,0.02336816117167473,-0.06263264268636703,0,2000,strong30k,0,0,42,0.0,0.4,walk
147,2.94,0.0,0.4000000059604645,0.20847737789154053,0.1768711656332016,0.003219626611098647,-0.016211243346333504,0,2000,strong30k,0,0,42,0.0,0.4,walk
148,2.96,0.0,0.4000000059604645,0.20660912990570068,0.1768190860748291,-0.018111195415258408,0.0620075985789299,0,2000,strong30k,0,0,42,0.0,0.4,walk
149,2.98,0.0,0.4000000059604645,0.20437300205230713,0.17481790482997894,-0.04010135680437088,0.07072988897562027,0,2000,strong30k,0,0,42,0.0,0.4,walk
150,3.0,0.0,0.4000000059604645,0.2022991180419922,0.17094732820987701,-0.05962779000401497,0.025639334693551064,0,2000,strong30k,0,0,42,0.0,0.4,walk
151,3.02,0.0,0.4000000059604645,0.20070207118988037,0.16299568116664886,-0.07169575244188309,-0.05716851353645325,0,2000,strong30k,0,0,42,0.0,0.4,walk
152,3.04,0.0,0.4000000059604645,0.20020949840545654,0.13765406608581543,-0.06094324588775635,-0.3905176818370819,0,2000,strong30k,0,0,42,0.0,0.4,walk
153,3.06,0.0,0.4000000059604645,0.20059609413146973,0.11493121832609177,-0.018513521179556847,0.029448239132761955,0,2000,strong30k,0,0,42,0.0,0.4,walk
154,3.08,0.0,0.4000000059604645,0.1967611312866211,0.09368085116147995,0.0015937635907903314,0.23630818724632263,0,2000,strong30k,0,0,42,0.0,0.4,walk
155,3.1,0.0,0.4000000059604645,0.1924229860305786,0.07939723879098892,0.017875084653496742,0.22822219133377075,0,2000,strong30k,0,0,42,0.0,0.4,walk
156,3.12,0.0,0.4000000059604645,0.1880122423171997,0.07509039342403412,0.036169297993183136,0.25234612822532654,0,2000,strong30k,0,0,42,0.0,0.4,walk
157,3.14,0.0,0.4000000059604645,0.1841195821762085,0.08169098943471909,0.05427107959985733,0.21264716982841492,0,2000,strong30k,0,0,42,0.0,0.4,walk
158,3.16,0.0,0.4000000059604645,0.18097805976867676,0.08833286911249161,0.07523483783006668,0.15011565387248993,0,2000,strong30k,0,0,42,0.0,0.4,walk
159,3.18,0.0,0.4000000059604645,0.178999662399292,0.1074342429637909,0.09431231021881104,0.08701634407043457,0,2000,strong30k,0,0,42,0.0,0.4,walk
160,3.2,0.0,0.4000000059604645,0.17788684368133545,0.12741872668266296,0.11250775307416916,0.05261370539665222,0,2000,strong30k,0,0,42,0.0,0.4,walk
161,3.22,0.0,0.4000000059604645,0.17733275890350342,0.14617791771888733,0.13125506043434143,0.038498811423778534,0,2000,strong30k,0,0,42,0.0,0.4,walk
162,3.24,0.0,0.4000000059604645,0.17705082893371582,0.16318917274475098,0.1511017233133316,0.0521932914853096,0,2000,strong30k,0,0,42,0.0,0.4,walk
163,3.2600000000000002,0.0,0.4000000059604645,0.17706847190856934,0.18089187145233154,0.17278873920440674,0.04868891090154648,0,2000,strong30k,0,0,42,0.0,0.4,walk
164,3.2800000000000002,0.0,0.4000000059604645,0.17710864543914795,0.1981152892112732,0.19916895031929016,0.08532267063856125,0,2000,strong30k,0,0,42,0.0,0.4,walk
165,3.3000000000000003,0.0,0.4000000059604645,0.17704463005065918,0.2128928005695343,0.22875449061393738,0.12027161568403244,0,2000,strong30k,0,0,42,0.0,0.4,walk
166,3.3200000000000003,0.0,0.4000000059604645,0.17700982093811035,0.22473426163196564,0.26143166422843933,0.13229911029338837,0,2000,strong30k,0,0,42,0.0,0.4,walk
167,3.34,0.0,0.4000000059604645,0.17716646194458008,0.23086126148700714,0.2988356947898865,0.11510741710662842,0,2000,strong30k,0,0,42,0.0,0.4,walk
168,3.36,0.0,0.4000000059604645,0.1776362657546997,0.23339487612247467,0.3397853374481201,0.09344648569822311,0,2000,strong30k,0,0,42,0.0,0.4,walk
169,3.38,0.0,0.4000000059604645,0.1782463788986206,0.23398295044898987,0.3841049373149872,0.0901915431022644,0,2000,strong30k,0,0,42,0.0,0.4,walk
170,3.4,0.0,0.4000000059604645,0.17830848693847656,0.2323848307132721,0.43148377537727356,0.15239019691944122,0,2000,strong30k,0,0,42,0.0,0.4,walk
171,3.42,0.0,0.4000000059604645,0.17767512798309326,0.2296620011329651,0.47757741808891296,0.21348679065704346,0,2000,strong30k,0,0,42,0.0,0.4,walk
172,3.44,0.0,0.4000000059604645,0.1770862340927124,0.22366788983345032,0.5129382014274597,0.17375199496746063,0,2000,strong30k,0,0,42,0.0,0.4,walk
173,3.46,0.0,0.4000000059604645,0.17605769634246826,0.16829240322113037,0.4313546419143677,0.0610472708940506,0,2000,strong30k,0,0,42,0.0,0.4,walk
174,3.48,0.0,0.4000000059604645,0.17841660976409912,0.14262139797210693,0.3687443435192108,-0.157965287566185,0,2000,strong30k,0,0,42,0.0,0.4,walk
175,3.5,0.0,0.4000000059604645,0.1812342405319214,0.1250603348016739,0.3252880871295929,-0.05111633986234665,0,2000,strong30k,0,0,42,0.0,0.4,walk
176,3.52,0.0,0.4000000059604645,0.1828240156173706,0.1163727268576622,0.2924341559410095,0.05715899541974068,0,2000,strong30k,0,0,42,0.0,0.4,walk
177,3.54,0.0,0.4000000059604645,0.18395960330963135,0.1047140583395958,0.2589101791381836,0.056838441640138626,0,2000,strong30k,0,0,42,0.0,0.4,walk
178,3.56,0.0,0.4000000059604645,0.18513059616088867,0.09908190369606018,0.2265377789735794,0.022450720891356468,0,2000,strong30k,0,0,42,0.0,0.4,walk
179,3.58,0.0,0.4000000059604645,0.18630731105804443,0.09689082205295563,0.19910888373851776,0.007081164978444576,0,2000,strong30k,0,0,42,0.0,0.4,walk
180,3.6,0.0,0.4000000059604645,0.18764972686767578,0.09825208783149719,0.17435407638549805,-0.028496861457824707,0,2000,strong30k,0,0,42,0.0,0.4,walk
181,3.62,0.0,0.4000000059604645,0.18855702877044678,0.10381364822387695,0.15407606959342957,0.014078822918236256,0,2000,strong30k,0,0,42,0.0,0.4,walk
182,3.64,0.0,0.4000000059604645,0.18894779682159424,0.11076582968235016,0.13445065915584564,0.013871418312191963,0,2000,strong30k,0,0,42,0.0,0.4,walk
183,3.66,0.0,0.4000000059604645,0.1891719102859497,0.11881165951490402,0.11516588181257248,-8.63485038280487e-05,0,2000,strong30k,0,0,42,0.0,0.4,walk
184,3.68,0.0,0.4000000059604645,0.18925094604492188,0.13172556459903717,0.09934647381305695,-0.020620401948690414,0,2000,strong30k,0,0,42,0.0,0.4,walk
185,3.7,0.0,0.4000000059604645,0.18922877311706543,0.14717377722263336,0.08458300679922104,-0.04491116851568222,0,2000,strong30k,0,0,42,0.0,0.4,walk
186,3.72,0.0,0.4000000059604645,0.1890653371810913,0.16240912675857544,0.06866566091775894,-0.058547910302877426,0,2000,strong30k,0,0,42,0.0,0.4,walk
187,3.74,0.0,0.4000000059604645,0.18867886066436768,0.17588010430335999,0.05167160928249359,-0.06797288358211517,0,2000,strong30k,0,0,42,0.0,0.4,walk
188,3.7600000000000002,0.0,0.4000000059604645,0.18813908100128174,0.18338888883590698,0.032045189291238785,-0.06835608929395676,0,2000,strong30k,0,0,42,0.0,0.4,walk
189,3.7800000000000002,0.0,0.4000000059604645,0.1873232126235962,0.1861739605665207,0.011412906460464,-0.04167430102825165,0,2000,strong30k,0,0,42,0.0,0.4,walk
190,3.8000000000000003,0.0,0.4000000059604645,0.18574392795562744,0.18893000483512878,-0.00985786784440279,0.036069631576538086,0,2000,strong30k,0,0,42,0.0,0.4,walk
191,3.8200000000000003,0.0,0.4000000059604645,0.1837226152420044,0.1897619515657425,-0.03327907249331474,0.06155618652701378,0,2000,strong30k,0,0,42,0.0,0.4,walk
192,3.84,0.0,0.4000000059604645,0.18173444271087646,0.1896105855703354,-0.05603227764368057,0.03629889339208603,0,2000,strong30k,0,0,42,0.0,0.4,walk
193,3.86,0.0,0.4000000059604645,0.1800241470336914,0.1865471750497818,-0.07395482808351517,-0.023864848539233208,0,2000,strong30k,0,0,42,0.0,0.4,walk
194,3.88,0.0,0.4000000059604645,0.17894220352172852,0.1775934398174286,-0.08156181126832962,-0.11248776316642761,0,2000,strong30k,0,0,42,0.0,0.4,walk
195,3.9,0.0,0.4000000059604645,0.17997825145721436,0.1386832445859909,-0.036085739731788635,-0.11844851821660995,0,2000,strong30k,0,0,42,0.0,0.4,walk
196,3.92,0.0,0.4000000059604645,0.1770002841949463,0.11384739726781845,-0.009935763664543629,0.2042531967163086,0,2000,strong30k,0,0,42,0.0,0.4,walk
197,3.94,0.0,0.4000000059604645,0.1726984977722168,0.09453875571489334,0.007893736474215984,0.22147968411445618,0,2000,strong30k,0,0,42,0.0,0.4,walk
198,3.96,0.0,0.4000000059604645,0.16863691806793213,0.08342684060335159,0.026245273649692535,0.18793758749961853,0,2000,strong30k,0,0,42,0.0,0.4,walk
199,3.98,0.0,0.4000000059604645,0.1652207374572754,0.0825406014919281,0.044785644859075546,0.149636372923851,0,2000,strong30k,0,0,42,0.0,0.4,walk
200,4.0,0.0,0.4000000059604645,0.16223359107971191,0.08989128470420837,0.06583540141582489,0.1329365372657776,0,2000,strong30k,0,0,42,0.0,0.4,walk
201,4.0200000000000005,0.0,0.4000000059604645,0.16012048721313477,0.10556212812662125,0.08643468469381332,0.07759518921375275,0,2000,strong30k,0,0,42,0.0,0.4,walk
202,4.04,0.0,0.4000000059604645,0.15888667106628418,0.12482843548059464,0.10588473081588745,0.04633495956659317,0,2000,strong30k,0,0,42,0.0,0.4,walk
203,4.0600000000000005,0.0,0.4000000059604645,0.15821313858032227,0.14523117244243622,0.12496517598628998,0.03835348039865494,0,2000,strong30k,0,0,42,0.0,0.4,walk
204,4.08,0.0,0.4000000059604645,0.1578836441040039,0.1611383855342865,0.14479273557662964,0.03144465386867523,0,2000,strong30k,0,0,42,0.0,0.4,walk
205,4.1,0.0,0.4000000059604645,0.157842755317688,0.17741017043590546,0.16565902531147003,0.042284559458494186,0,2000,strong30k,0,0,42,0.0,0.4,walk
206,4.12,0.0,0.4000000059604645,0.1578730344772339,0.19340817630290985,0.18971964716911316,0.06525403261184692,0,2000,strong30k,0,0,42,0.0,0.4,walk
207,4.14,0.0,0.4000000059604645,0.15788209438323975,0.2075606882572174,0.21738861501216888,0.09612727165222168,0,2000,strong30k,0,0,42,0.0,0.4,walk
208,4.16,0.0,0.4000000059604645,0.15788674354553223,0.21958139538764954,0.24796569347381592,0.11948244273662567,0,2000,strong30k,0,0,42,0.0,0.4,walk
209,4.18,0.0,0.4000000059604645,0.15803611278533936,0.22739285230636597,0.2826155722141266,0.11344080418348312,0,2000,strong30k,0,0,42,0.0,0.4,walk
210,4.2,0.0,0.4000000059604645,0.15848076343536377,0.23030337691307068,0.32159993052482605,0.09066140651702881,0,2000,strong30k,0,0,42,0.0,0.4,walk
211,4.22,0.0,0.4000000059604645,0.15925860404968262,0.23105104267597198,0.3637489080429077,0.07125367224216461,0,2000,strong30k,0,0,42,0.0,0.4,walk
212,4.24,0.0,0.4000000059604645,0.1598367691040039,0.2287123203277588,0.4099575877189636,0.10078159719705582,0,2000,strong30k,0,0,42,0.0,0.4,walk
213,4.26,0.0,0.4000000059604645,0.15965938568115234,0.22556523978710175,0.45721641182899475,0.18047630786895752,0,2000,strong30k,0,0,42,0.0,0.4,walk
214,4.28,0.0,0.4000000059604645,0.15899765491485596,0.22037695348262787,0.4992983341217041,0.20436817407608032,0,2000,strong30k,0,0,42,0.0,0.4,walk
215,4.3,0.0,0.4000000059604645,0.15766680240631104,0.1806388795375824,0.478291779756546,0.23842182755470276,0,2000,strong30k,0,0,42,0.0,0.4,walk
216,4.32,0.0,0.4000000059604645,0.15788161754608154,0.14966252446174622,0.39349499344825745,-0.06363122165203094,0,2000,strong30k,0,0,42,0.0,0.4,walk
217,4.34,0.0,0.4000000059604645,0.16115081310272217,0.12752516567707062,0.3391305208206177,-0.17578262090682983,0,2000,strong30k,0,0,42,0.0,0.4,walk
218,4.36,0.0,0.4000000059604645,0.16413533687591553,0.11115961521863937,0.3058999180793762,-0.06729678064584732,0,2000,strong30k,0,0,42,0.0,0.4,walk
219,4.38,0.0,0.4000000059604645,0.1660771369934082,0.1003352478146553,0.2746882736682892,0.002135609509423375,0,2000,strong30k,0,0,42,0.0,0.4,walk
220,4.4,0.0,0.4000000059604645,0.16726315021514893,0.09386736899614334,0.24263714253902435,0.0549510195851326,0,2000,strong30k,0,0,42,0.0,0.4,walk
221,4.42,0.0,0.4000000059604645,0.16837966442108154,0.08975429087877274,0.21114183962345123,0.006956200581043959,0,2000,strong30k,0,0,42,0.0,0.4,walk
222,4.44,0.0,0.4000000059604645,0.16978013515472412,0.09434845298528671,0.18640531599521637,-0.03757539018988609,0,2000,strong30k,0,0,42,0.0,0.4,walk
223,4.46,0.0,0.4000000059604645,0.17130720615386963,0.09516288340091705,0.16362664103507996,-0.048040978610515594,0,2000,strong30k,0,0,42,0.0,0.4,walk
224,4.48,0.0,0.4000000059604645,0.17192423343658447,0.10213015228509903,0.1450129896402359,0.023197103291749954,0,2000,strong30k,0,0,42,0.0,0.4,walk
225,4.5,0.0,0.4000000059604645,0.17237937450408936,0.10672810673713684,0.12279192358255386,-0.00374178821220994,0,2000,strong30k,0,0,42,0.0,0.4,walk
226,4.5200000000000005,0.0,0.4000000059604645,0.1725698709487915,0.11808063834905624,0.10623333603143692,-0.007745461538434029,0,2000,strong30k,0,0,42,0.0,0.4,walk
227,4.54,0.0,0.4000000059604645,0.17253446578979492,0.1338530033826828,0.09234967827796936,-0.029208911582827568,0,2000,strong30k,0,0,42,0.0,0.4,walk
228,4.5600000000000005,0.0,0.4000000059604645,0.172407865524292,0.149359330534935,0.07714824378490448,-0.050565749406814575,0,2000,strong30k,0,0,42,0.0,0.4,walk
229,4.58,0.0,0.4000000059604645,0.17212045192718506,0.1638747900724411,0.06084931641817093,-0.06491779536008835,0,2000,strong30k,0,0,42,0.0,0.4,walk
230,4.6000000000000005,0.0,0.4000000059604645,0.17165601253509521,0.17388157546520233,0.042992837727069855,-0.07367769628763199,0,2000,strong30k,0,0,42,0.0,0.4,walk
231,4.62,0.0,0.4000000059604645,0.17103660106658936,0.17787551879882812,0.023051200434565544,-0.06576579809188843,0,2000,strong30k,0,0,42,0.0,0.4,walk
232,4.64,0.0,0.4000000059604645,0.1699429750442505,0.1792525202035904,0.002264823531731963,-0.01606977917253971,0,2000,strong30k,0,0,42,0.0,0.4,walk
233,4.66,0.0,0.4000000059604645,0.1681462526321411,0.1806301474571228,-0.01932600513100624,0.04659105837345123,0,2000,strong30k,0,0,42,0.0,0.4,walk
234,4.68,0.0,0.4000000059604645,0.1661686897277832,0.17939770221710205,-0.041654571890830994,0.0451788492500782,0,2000,strong30k,0,0,42,0.0,0.4,walk
235,4.7,0.0,0.4000000059604645,0.16437125205993652,0.1771986186504364,-0.061632320284843445,0.0022338395938277245,0,2000,strong30k,0,0,42,0.0,0.4,walk
236,4.72,0.0,0.4000000059604645,0.16297972202301025,0.1703532189130783,-0.07492443174123764,-0.06671220809221268,0,2000,strong30k,0,0,42,0.0,0.4,walk
237,4.74,0.0,0.4000000059604645,0.1628577709197998,0.13617323338985443,-0.05033113807439804,-0.5212451219558716,0,2000,strong30k,0,0,42,0.0,0.4,walk
238,4.76,0.0,0.4000000059604645,0.1623682975769043,0.1121680736541748,-0.016215696930885315,0.09986362606287003,0,2000,strong30k,0,0,42,0.0,0.4,walk
239,4.78,0.0,0.4000000059604645,0.1579047441482544,0.09021097421646118,0.005531926639378071,0.30257275700569153,0,2000,strong30k,0,0,42,0.0,0.4,walk
240,4.8,0.0,0.4000000059604645,0.1529090404510498,0.07881507277488708,0.022617410868406296,0.28168874979019165,0,2000,strong30k,0,0,42,0.0,0.4,walk
241,4.82,0.0,0.4000000059604645,0.1485588550567627,0.07311650365591049,0.0387108251452446,0.21086665987968445,0,2000,strong30k,0,0,42,0.0,0.4,walk
242,4.84,0.0,0.4000000059604645,0.1449359655380249,0.07785698771476746,0.059311360120773315,0.1720891147851944,0,2000,strong30k,0,0,42,0.0,0.4,walk
243,4.86,0.0,0.4000000059604645,0.14246118068695068,0.09397093206644058,0.07841458171606064,0.0811205729842186,0,2000,strong30k,0,0,42,0.0,0.4,walk
244,4.88,0.0,0.4000000059604645,0.1412144899368286,0.11566577106714249,0.09760873764753342,0.02778846211731434,0,2000,strong30k,0,0,42,0.0,0.4,walk
245,4.9,0.0,0.4000000059604645,0.14070439338684082,0.13707759976387024,0.11631123721599579,0.0026023867540061474,0,2000,strong30k,0,0,42,0.0,0.4,walk
246,4.92,0.0,0.4000000059604645,0.14071118831634521,0.1504981964826584,0.13722588121891022,-0.027594413608312607,0,2000,strong30k,0,0,42,0.0,0.4,walk
247,4.94,0.0,0.4000000059604645,0.14091956615447998,0.17062951624393463,0.15657317638397217,0.010249704122543335,0,2000,strong30k,0,0,42,0.0,0.4,walk
248,4.96,0.0,0.4000000059604645,0.1412646770477295,0.18659457564353943,0.177199125289917,0.02157115377485752,0,2000,strong30k,0,0,42,0.0,0.4,walk
249,4.98,0.0,0.4000000059604645,0.14164340496063232,0.20063157379627228,0.202826127409935,0.04926160350441933,0,2000,strong30k,0,0,42,0.0,0.4,walk
250,5.0,0.0,0.4000000059604645,0.14196598529815674,0.21265512704849243,0.2322055548429489,0.08294160664081573,0,2000,strong30k,0,0,42,0.0,0.4,walk
251,5.0200000000000005,0.0,0.4000000059604645,0.14229440689086914,0.22208929061889648,0.26483461260795593,0.10332966595888138,0,2000,strong30k,0,0,42,0.0,0.4,walk
252,5.04,0.0,0.4000000059604645,0.14277660846710205,0.2258920520544052,0.3023868501186371,0.08649217337369919,0,2000,strong30k,0,0,42,0.0,0.4,walk
253,5.0600000000000005,0.0,0.4000000059604645,0.14353561401367188,0.22635242342948914,0.3434522747993469,0.06997806578874588,0,2000,strong30k,0,0,42,0.0,0.4,walk
254,5.08,0.0,0.4000000059604645,0.14442741870880127,0.2247440665960312,0.3880040943622589,0.06231803074479103,0,2000,strong30k,0,0,42,0.0,0.4,walk
255,5.1000000000000005,0.0,0.4000000059604645,0.1447659730911255,0.222073495388031,0.43542492389678955,0.12873786687850952,0,2000,strong30k,0,0,42,0.0,0.4,walk
256,5.12,0.0,0.4000000059604645,0.14440131187438965,0.21857917308807373,0.4811246991157532,0.1928127408027649,0,2000,strong30k,0,0,42,0.0,0.4,walk
257,5.14,0.0,0.4000000059604645,0.14397454261779785,0.20608371496200562,0.5100782513618469,0.24246832728385925,0,2000,strong30k,0,0,42,0.0,0.4,walk
258,5.16,0.0,0.4000000059604645,0.14245867729187012,0.15963245928287506,0.42547494173049927,0.11291705816984177,0,2000,strong30k,0,0,42,0.0,0.4,walk
259,5.18,0.0,0.4000000059604645,0.14489495754241943,0.13576965034008026,0.3660721778869629,-0.18154376745224,0,2000,strong30k,0,0,42,0.0,0.4,walk
260,5.2,0.0,0.4000000059604645,0.1483154296875,0.11206219345331192,0.327120304107666,-0.12561175227165222,0,2000,strong30k,0,0,42,0.0,0.4,walk
261,5.22,0.0,0.4000000059604645,0.1507192850112915,0.10147412866353989,0.29485586285591125,-0.03445817157626152,0,2000,strong30k,0,0,42,0.0,0.4,walk
262,5.24,0.0,0.4000000059604645,0.152197003364563,0.09246941655874252,0.26243266463279724,0.04002342000603676,0,2000,strong30k,0,0,42,0.0,0.4,walk
263,5.26,0.0,0.4000000059604645,0.15366363525390625,0.08737525343894958,0.2279687523841858,-0.023929882794618607,0,2000,strong30k,0,0,42,0.0,0.4,walk
264,5.28,0.0,0.4000000059604645,0.15535986423492432,0.08870471268892288,0.20128503441810608,-0.05561413615942001,0,2000,strong30k,0,0,42,0.0,0.4,walk
265,5.3,0.0,0.4000000059604645,0.15725910663604736,0.08826572448015213,0.17666903138160706,-0.07979300618171692,0,2000,strong30k,0,0,42,0.0,0.4,walk
266,5.32,0.0,0.4000000059604645,0.15810251235961914,0.09479324519634247,0.1578565537929535,0.03174564242362976,0,2000,strong30k,0,0,42,0.0,0.4,walk
267,5.34,0.0,0.4000000059604645,0.15850698947906494,0.10111558437347412,0.1356515884399414,0.01109609380364418,0,2000,strong30k,0,0,42,0.0,0.4,walk
268,5.36,0.0,0.4000000059604645,0.15869677066802979,0.11085408926010132,0.11673865467309952,0.005959794390946627,0,2000,strong30k,0,0,42,0.0,0.4,walk
269,5.38,0.0,0.4000000059604645,0.15863573551177979,0.125601127743721,0.10147317498922348,-0.009434112347662449,0,2000,strong30k,0,0,42,0.0,0.4,walk
270,5.4,0.0,0.4000000059604645,0.15845894813537598,0.14173947274684906,0.08654588460922241,-0.03154115751385689,0,2000,strong30k,0,0,42,0.0,0.4,walk
271,5.42,0.0,0.4000000059604645,0.1582087278366089,0.15711483359336853,0.07077973335981369,-0.05689581111073494,0,2000,strong30k,0,0,42,0.0,0.4,walk
272,5.44,0.0,0.4000000059604645,0.15782630443572998,0.1699407547712326,0.05319880321621895,-0.07168011367321014,0,2000,strong30k,0,0,42,0.0,0.4,walk
273,5.46,0.0,0.4000000059604645,0.15732622146606445,0.17674976587295532,0.03427092358469963,-0.07871686667203903,0,2000,strong30k,0,0,42,0.0,0.4,walk
274,5.48,0.0,0.4000000059604645,0.15661025047302246,0.17903506755828857,0.014027116820216179,-0.05792752653360367,0,2000,strong30k,0,0,42,0.0,0.4,walk
275,5.5,0.0,0.4000000059604645,0.15522527694702148,0.18095733225345612,-0.007024457212537527,0.014091410674154758,0,2000,strong30k,0,0,42,0.0,0.4,walk
276,5.5200000000000005,0.0,0.4000000059604645,0.15347087383270264,0.18167470395565033,-0.02988532744348049,0.029503533616662025,0,2000,strong30k,0,0,42,0.0,0.4,walk
277,5.54,0.0,0.4000000059604645,0.15182888507843018,0.18057912588119507,-0.05185029283165932,0.0038630072958767414,0,2000,strong30k,0,0,42,0.0,0.4,walk
278,5.5600000000000005,0.0,0.4000000059604645,0.15037989616394043,0.17669588327407837,-0.06976614892482758,-0.04306739568710327,0,2000,strong30k,0,0,42,0.0,0.4,walk
279,5.58,0.0,0.4000000059604645,0.14947831630706787,0.16727736592292786,-0.07674681395292282,-0.1275186389684677,0,2000,strong30k,0,0,42,0.0,0.4,walk
280,5.6000000000000005,0.0,0.4000000059604645,0.15055179595947266,0.1285439133644104,-0.029481250792741776,-0.09174377471208572,0,2000,strong30k,0,0,42,0.0,0.4,walk
281,5.62,0.0,0.4000000059604645,0.1476985216140747,0.10358334332704544,-0.005608202423900366,0.16376546025276184,0,2000,strong30k,0,0,42,0.0,0.4,walk
282,5.64,0.0,0.4000000059604645,0.14389610290527344,0.08526810258626938,0.011715427972376347,0.1673857569694519,0,2000,strong30k,0,0,42,0.0,0.4,walk
283,5.66,0.0,0.4000000059604645,0.14041924476623535,0.07621089369058609,0.02984664961695671,0.1366487741470337,0,2000,strong30k,0,0,42,0.0,0.4,walk
284,5.68,0.0,0.4000000059604645,0.1374591588973999,0.07574538141489029,0.0484175831079483,0.11104554682970047,0,2000,strong30k,0,0,42,0.0,0.4,walk
285,5.7,0.0,0.4000000059604645,0.1348419189453125,0.08427891135215759,0.06913631409406662,0.10750853270292282,0,2000,strong30k,0,0,42,0.0,0.4,walk
286,5.72,0.0,0.4000000059604645,0.13297736644744873,0.09971555322408676,0.08938979357481003,0.059345368295907974,0,2000,strong30k,0,0,42,0.0,0.4,walk
287,5.74,0.0,0.4000000059604645,0.13184499740600586,0.11934544891119003,0.10888704657554626,0.04751656576991081,0,2000,strong30k,0,0,42,0.0,0.4,walk
288,5.76,0.0,0.4000000059604645,0.13114678859710693,0.13879594206809998,0.12817884981632233,0.042416028678417206,0,2000,strong30k,0,0,42,0.0,0.4,walk
289,5.78,0.0,0.4000000059604645,0.13077843189239502,0.15521256625652313,0.14760532975196838,0.038224730640649796,0,2000,strong30k,0,0,42,0.0,0.4,walk
290,5.8,0.0,0.4000000059604645,0.13069117069244385,0.1713908314704895,0.16838723421096802,0.04725530743598938,0,2000,strong30k,0,0,42,0.0,0.4,walk
291,5.82,0.0,0.4000000059604645,0.13070690631866455,0.1868787705898285,0.19286052882671356,0.06335027515888214,0,2000,strong30k,0,0,42,0.0,0.4,walk
292,5.84,0.0,0.4000000059604645,0.1307767629623413,0.20112815499305725,0.22063909471035004,0.08811166137456894,0,2000,strong30k,0,0,42,0.0,0.4,walk
293,5.86,0.0,0.4000000059604645,0.13087832927703857,0.2135295420885086,0.25149446725845337,0.10814204066991806,0,2000,strong30k,0,0,42,0.0,0.4,walk
294,5.88,0.0,0.4000000059604645,0.13116025924682617,0.2216353714466095,0.28639763593673706,0.09667407721281052,0,2000,strong30k,0,0,42,0.0,0.4,walk
295,5.9,0.0,0.4000000059604645,0.1317892074584961,0.22496595978736877,0.32534661889076233,0.07009023427963257,0,2000,strong30k,0,0,42,0.0,0.4,walk
296,5.92,0.0,0.4000000059604645,0.13278818130493164,0.22608549892902374,0.3674628734588623,0.04895993694663048,0,2000,strong30k,0,0,42,0.0,0.4,walk
297,5.94,0.0,0.4000000059604645,0.13359522819519043,0.22401288151741028,0.41366341710090637,0.07874105125665665,0,2000,strong30k,0,0,42,0.0,0.4,walk
298,5.96,0.0,0.4000000059604645,0.13363862037658691,0.22084835171699524,0.4609607756137848,0.16031509637832642,0,2000,strong30k,0,0,42,0.0,0.4,walk
299,5.98,0.0,0.4000000059604645,0.1331421136856079,0.21558380126953125,0.5026334524154663,0.19182585179805756,0,2000,strong30k,0,0,42,0.0,0.4,walk
300,6.0,0.0,0.4000000059604645,0.13184010982513428,0.1760859489440918,0.4814719557762146,0.24005088210105896,0,2000,strong30k,0,0,42,0.0,0.4,walk
301,6.0200000000000005,0.0,0.4000000059604645,0.1321241855621338,0.14478375017642975,0.3950791656970978,-0.07120338827371597,0,2000,strong30k,0,0,42,0.0,0.4,walk
302,6.04,0.0,0.4000000059604645,0.1354743242263794,0.12328831851482391,0.34230533242225647,-0.184323251247406,0,2000,strong30k,0,0,42,0.0,0.4,walk
303,6.0600000000000005,0.0,0.4000000059604645,0.13864994049072266,0.10642607510089874,0.30942201614379883,-0.0928356721997261,0,2000,strong30k,0,0,42,0.0,0.4,walk
304,6.08,0.0,0.4000000059604645,0.1408987045288086,0.09520363807678223,0.27721795439720154,-0.026727667078375816,0,2000,strong30k,0,0,42,0.0,0.4,walk
305,6.1000000000000005,0.0,0.4000000059604645,0.14238834381103516,0.08859287202358246,0.2452445924282074,0.028814714401960373,0,2000,strong30k,0,0,42,0.0,0.4,walk
306,6.12,0.0,0.4000000059604645,0.14377641677856445,0.08448805660009384,0.21371620893478394,-0.016147563233971596,0,2000,strong30k,0,0,42,0.0,0.4,walk
307,6.140000000000001,0.0,0.4000000059604645,0.14536786079406738,0.08915873616933823,0.18899548053741455,-0.05114293843507767,0,2000,strong30k,0,0,42,0.0,0.4,walk
308,6.16,0.0,0.4000000059604645,0.1470506191253662,0.09024365991353989,0.16584117710590363,-0.06162722781300545,0,2000,strong30k,0,0,42,0.0,0.4,walk
309,6.18,0.0,0.4000000059604645,0.14779269695281982,0.09736771881580353,0.14708364009857178,0.014159453101456165,0,2000,strong30k,0,0,42,0.0,0.4,walk
310,6.2,0.0,0.4000000059604645,0.14829862117767334,0.10236416012048721,0.12514623999595642,-0.00697356928139925,0,2000,strong30k,0,0,42,0.0,0.4,walk
311,6.22,0.0,0.4000000059604645,0.14854168891906738,0.11380776762962341,0.10814317315816879,-0.011844259686768055,0,2000,strong30k,0,0,42,0.0,0.4,walk
312,6.24,0.0,0.4000000059604645,0.1485508680343628,0.12964077293872833,0.09407218545675278,-0.031545039266347885,0,2000,strong30k,0,0,42,0.0,0.4,walk
313,6.26,0.0,0.4000000059604645,0.14843106269836426,0.14541786909103394,0.07943009585142136,-0.05096781253814697,0,2000,strong30k,0,0,42,0.0,0.4,walk
314,6.28,0.0,0.4000000059604645,0.1481943130493164,0.16001872718334198,0.0630212053656578,-0.07063521444797516,0,2000,strong30k,0,0,42,0.0,0.4,walk
315,6.3,0.0,0.4000000059604645,0.14779651165008545,0.17022836208343506,0.04500696808099747,-0.08020167797803879,0,2000,strong30k,0,0,42,0.0,0.4,walk
316,6.32,0.0,0.4000000059604645,0.14725041389465332,0.17421036958694458,0.02507605217397213,-0.0731191486120224,0,2000,strong30k,0,0,42,0.0,0.4,walk
317,6.34,0.0,0.4000000059604645,0.14622223377227783,0.1757068932056427,0.0047321561723947525,-0.022171111777424812,0,2000,strong30k,0,0,42,0.0,0.4,walk
318,6.36,0.0,0.4000000059604645,0.1445368528366089,0.17678168416023254,-0.016981417313218117,0.03662952408194542,0,2000,strong30k,0,0,42,0.0,0.4,walk
319,6.38,0.0,0.4000000059604645,0.14274048805236816,0.17569105327129364,-0.03965122625231743,0.02669500559568405,0,2000,strong30k,0,0,42,0.0,0.4,walk
320,6.4,0.0,0.4000000059604645,0.14112555980682373,0.1735859513282776,-0.05973748490214348,-0.013031882233917713,0,2000,strong30k,0,0,42,0.0,0.4,walk
321,6.42,0.0,0.4000000059604645,0.13980817794799805,0.1671552062034607,-0.07134103775024414,-0.06724004447460175,0,2000,strong30k,0,0,42,0.0,0.4,walk
322,6.44,0.0,0.4000000059604645,0.13965141773223877,0.13249145448207855,-0.04792306199669838,-0.47584113478660583,0,2000,strong30k,0,0,42,0.0,0.4,walk
323,6.46,0.0,0.4000000059604645,0.13889062404632568,0.10871269553899765,-0.012068779207766056,0.10894166678190231,0,2000,strong30k,0,0,42,0.0,0.4,walk
324,6.48,0.0,0.4000000059604645,0.1345151662826538,0.08778407424688339,0.008482811041176319,0.2841428518295288,0,2000,strong30k,0,0,42,0.0,0.4,walk
325,6.5,0.0,0.4000000059604645,0.12980329990386963,0.0767040029168129,0.02522035501897335,0.25009939074516296,0,2000,strong30k,0,0,42,0.0,0.4,walk
326,6.5200000000000005,0.0,0.4000000059604645,0.12580466270446777,0.07119512557983398,0.04181887209415436,0.17675279080867767,0,2000,strong30k,0,0,42,0.0,0.4,walk
327,6.54,0.0,0.4000000059604645,0.12255859375,0.07636044174432755,0.06227325648069382,0.13595826923847198,0,2000,strong30k,0,0,42,0.0,0.4,walk
328,6.5600000000000005,0.0,0.4000000059604645,0.12040853500366211,0.0924282893538475,0.08147037774324417,0.054036688059568405,0,2000,strong30k,0,0,42,0.0,0.4,walk
329,6.58,0.0,0.4000000059604645,0.11934304237365723,0.11348587274551392,0.10078601539134979,0.011250368319451809,0,2000,strong30k,0,0,42,0.0,0.4,walk
330,6.6000000000000005,0.0,0.4000000059604645,0.11895811557769775,0.13454197347164154,0.11951719224452972,-0.00724005326628685,0,2000,strong30k,0,0,42,0.0,0.4,walk
331,6.62,0.0,0.4000000059604645,0.11907124519348145,0.14775976538658142,0.1403181105852127,-0.03612992540001869,0,2000,strong30k,0,0,42,0.0,0.4,walk
332,6.640000000000001,0.0,0.4000000059604645,0.1193917989730835,0.16740058362483978,0.1595231592655182,0.0017906212015077472,0,2000,strong30k,0,0,42,0.0,0.4,walk
333,6.66,0.0,0.4000000059604645,0.11979901790618896,0.1829598844051361,0.18048863112926483,0.017472945153713226,0,2000,strong30k,0,0,42,0.0,0.4,walk
334,6.68,0.0,0.4000000059604645,0.12020742893218994,0.19673384726047516,0.20630261301994324,0.04850339889526367,0,2000,strong30k,0,0,42,0.0,0.4,walk
335,6.7,0.0,0.4000000059604645,0.12054479122161865,0.20841902494430542,0.23584775626659393,0.08166002482175827,0,2000,strong30k,0,0,42,0.0,0.4,walk
336,6.72,0.0,0.4000000059604645,0.12093734741210938,0.21761201322078705,0.268653929233551,0.09480209648609161,0,2000,strong30k,0,0,42,0.0,0.4,walk
337,6.74,0.0,0.4000000059604645,0.12150931358337402,0.22133071720600128,0.30652114748954773,0.07653967291116714,0,2000,strong30k,0,0,42,0.0,0.4,walk
338,6.76,0.0,0.4000000059604645,0.1224207878112793,0.2216406911611557,0.3477010130882263,0.05153082683682442,0,2000,strong30k,0,0,42,0.0,0.4,walk
339,6.78,0.0,0.4000000059604645,0.12353217601776123,0.2200753092765808,0.39246678352355957,0.04089514538645744,0,2000,strong30k,0,0,42,0.0,0.4,walk
340,6.8,0.0,0.4000000059604645,0.12408685684204102,0.21721670031547546,0.440053790807724,0.10982144623994827,0,2000,strong30k,0,0,42,0.0,0.4,walk
341,6.82,0.0,0.4000000059604645,0.12390732765197754,0.2133377492427826,0.48639997839927673,0.17569775879383087,0,2000,strong30k,0,0,42,0.0,0.4,walk
342,6.84,0.0,0.4000000059604645,0.12355518341064453,0.19938544929027557,0.513867974281311,0.26073116064071655,0,2000,strong30k,0,0,42,0.0,0.4,walk
343,6.86,0.0,0.4000000059604645,0.12202513217926025,0.15549813210964203,0.42838019132614136,0.10522028803825378,0,2000,strong30k,0,0,42,0.0,0.4,walk
344,6.88,0.0,0.4000000059604645,0.12457394599914551,0.13087420165538788,0.36985334753990173,-0.1983022689819336,0,2000,strong30k,0,0,42,0.0,0.4,walk
345,6.9,0.0,0.4000000059604645,0.12829864025115967,0.10862916707992554,0.33019012212753296,-0.1622115671634674,0,2000,strong30k,0,0,42,0.0,0.4,walk
346,6.92,0.0,0.4000000059604645,0.1310800313949585,0.09732986986637115,0.2977958619594574,-0.06756675243377686,0,2000,strong30k,0,0,42,0.0,0.4,walk
347,6.94,0.0,0.4000000059604645,0.1329411268234253,0.08865687251091003,0.26519715785980225,0.002615301636978984,0,2000,strong30k,0,0,42,0.0,0.4,walk
348,6.96,0.0,0.4000000059604645,0.13478517532348633,0.08336668461561203,0.23092390596866608,-0.05846539884805679,0,2000,strong30k,0,0,42,0.0,0.4,walk
349,6.98,0.0,0.4000000059604645,0.13680219650268555,0.0841255858540535,0.20403583347797394,-0.08212893456220627,0,2000,strong30k,0,0,42,0.0,0.4,walk
350,7.0,0.0,0.4000000059604645,0.1388225555419922,0.08398463577032089,0.1797240674495697,-0.08534584194421768,0,2000,strong30k,0,0,42,0.0,0.4,walk
351,7.0200000000000005,0.0,0.4000000059604645,0.13972890377044678,0.09058066457509995,0.16067130863666534,0.022944316267967224,0,2000,strong30k,0,0,42,0.0,0.4,walk
352,7.04,0.0,0.4000000059604645,0.14016449451446533,0.09710706770420074,0.13783526420593262,0.011044666171073914,0,2000,strong30k,0,0,42,0.0,0.4,walk
353,7.0600000000000005,0.0,0.4000000059604645,0.14036595821380615,0.10687322169542313,0.11879686266183853,0.006307773292064667,0,2000,strong30k,0,0,42,0.0,0.4,walk
354,7.08,0.0,0.4000000059604645,0.14025485515594482,0.12205933779478073,0.10394828766584396,-0.003798265242949128,0,2000,strong30k,0,0,42,0.0,0.4,walk
355,7.1000000000000005,0.0,0.4000000059604645,0.14004075527191162,0.13783162832260132,0.08903404325246811,-0.03171701356768608,0,2000,strong30k,0,0,42,0.0,0.4,walk
356,7.12,0.0,0.4000000059604645,0.13976538181304932,0.15320079028606415,0.07318295538425446,-0.056597065180540085,0,2000,strong30k,0,0,42,0.0,0.4,walk
357,7.140000000000001,0.0,0.4000000059604645,0.13934266567230225,0.16582751274108887,0.05608159676194191,-0.07082130014896393,0,2000,strong30k,0,0,42,0.0,0.4,walk
358,7.16,0.0,0.4000000059604645,0.13881492614746094,0.1722548007965088,0.03687267750501633,-0.07729975879192352,0,2000,strong30k,0,0,42,0.0,0.4,walk
359,7.18,0.0,0.4000000059604645,0.13807237148284912,0.17422330379486084,0.01658083125948906,-0.05576571822166443,0,2000,strong30k,0,0,42,0.0,0.4,walk
360,7.2,0.0,0.4000000059604645,0.136671781539917,0.17599958181381226,-0.004427209496498108,0.011638754047453403,0,2000,strong30k,0,0,42,0.0,0.4,walk
361,7.22,0.0,0.4000000059604645,0.13496816158294678,0.1762077808380127,-0.027278250083327293,0.023559898138046265,0,2000,strong30k,0,0,42,0.0,0.4,walk
362,7.24,0.0,0.4000000059604645,0.13337361812591553,0.1750323623418808,-0.049148861318826675,-0.0024286615662276745,0,2000,strong30k,0,0,42,0.0,0.4,walk
363,7.26,0.0,0.4000000059604645,0.1319674253463745,0.17060846090316772,-0.06680850684642792,-0.04534698277711868,0,2000,strong30k,0,0,42,0.0,0.4,walk
364,7.28,0.0,0.4000000059604645,0.13103151321411133,0.16121114790439606,-0.07330583035945892,-0.11758054047822952,0,2000,strong30k,0,0,42,0.0,0.4,walk
365,7.3,0.0,0.4000000059604645,0.13189661502838135,0.12551341950893402,-0.02874007634818554,-0.058910008519887924,0,2000,strong30k,0,0,42,0.0,0.4,walk
366,7.32,0.0,0.4000000059604645,0.1290827989578247,0.0990724191069603,-0.0030914705712348223,0.15982787311077118,0,2000,strong30k,0,0,42,0.0,0.4,walk
367,7.34,0.0,0.4000000059604645,0.12542486190795898,0.08182691782712936,0.014337997883558273,0.14710383117198944,0,2000,strong30k,0,0,42,0.0,0.4,walk
368,7.36,0.0,0.4000000059604645,0.12222111225128174,0.07294604182243347,0.0322132371366024,0.1042717844247818,0,2000,strong30k,0,0,42,0.0,0.4,walk
369,7.38,0.0,0.4000000059604645,0.11955010890960693,0.07371318340301514,0.05055855214595795,0.0860719233751297,0,2000,strong30k,0,0,42,0.0,0.4,walk
370,7.4,0.0,0.4000000059604645,0.11722099781036377,0.08249831199645996,0.07128778100013733,0.07904735207557678,0,2000,strong30k,0,0,42,0.0,0.4,walk
371,7.42,0.0,0.4000000059604645,0.11558818817138672,0.09796352684497833,0.09145355969667435,0.044053059071302414,0,2000,strong30k,0,0,42,0.0,0.4,walk
372,7.44,0.0,0.4000000059604645,0.11455583572387695,0.1166180819272995,0.11114533245563507,0.036596011370420456,0,2000,strong30k,0,0,42,0.0,0.4,walk
373,7.46,0.0,0.4000000059604645,0.11396324634552002,0.1361090987920761,0.13036933541297913,0.032832562923431396,0,2000,strong30k,0,0,42,0.0,0.4,walk
374,7.48,0.0,0.4000000059604645,0.1136941909790039,0.1522928923368454,0.14960157871246338,0.029798053205013275,0,2000,strong30k,0,0,42,0.0,0.4,walk
375,7.5,0.0,0.4000000059604645,0.11374390125274658,0.16834643483161926,0.17026552557945251,0.03238024190068245,0,2000,strong30k,0,0,42,0.0,0.4,walk
376,7.5200000000000005,0.0,0.4000000059604645,0.11386656761169434,0.1837543547153473,0.19488964974880219,0.05671766400337219,0,2000,strong30k,0,0,42,0.0,0.4,walk
377,7.54,0.0,0.4000000059604645,0.11398124694824219,0.197807177901268,0.2229074239730835,0.08357913047075272,0,2000,strong30k,0,0,42,0.0,0.4,walk
378,7.5600000000000005,0.0,0.4000000059604645,0.11412239074707031,0.21033141016960144,0.25371992588043213,0.10409527271986008,0,2000,strong30k,0,0,42,0.0,0.4,walk
379,7.58,0.0,0.4000000059604645,0.11447322368621826,0.21876217424869537,0.28860294818878174,0.08711561560630798,0,2000,strong30k,0,0,42,0.0,0.4,walk
380,7.6000000000000005,0.0,0.4000000059604645,0.11519289016723633,0.22246383130550385,0.32762470841407776,0.060958340764045715,0,2000,strong30k,0,0,42,0.0,0.4,walk
381,7.62,0.0,0.4000000059604645,0.11631548404693604,0.22391091287136078,0.36974066495895386,0.03474632278084755,0,2000,strong30k,0,0,42,0.0,0.4,walk
382,7.640000000000001,0.0,0.4000000059604645,0.11727142333984375,0.22234930098056793,0.4159889221191406,0.06551119685173035,0,2000,strong30k,0,0,42,0.0,0.4,walk
383,7.66,0.0,0.4000000059604645,0.1174154281616211,0.219347283244133,0.46322429180145264,0.1528479903936386,0,2000,strong30k,0,0,42,0.0,0.4,walk
384,7.68,0.0,0.4000000059604645,0.11699187755584717,0.21408310532569885,0.5044854879379272,0.18539145588874817,0,2000,strong30k,0,0,42,0.0,0.4,walk
385,7.7,0.0,0.4000000059604645,0.11576259136199951,0.17393375933170319,0.48171812295913696,0.2301643341779709,0,2000,strong30k,0,0,42,0.0,0.4,walk
386,7.72,0.0,0.4000000059604645,0.116202712059021,0.14395681023597717,0.3970825970172882,-0.09608989208936691,0,2000,strong30k,0,0,42,0.0,0.4,walk
387,7.74,0.0,0.4000000059604645,0.11972558498382568,0.12159407138824463,0.3439243733882904,-0.19849365949630737,0,2000,strong30k,0,0,42,0.0,0.4,walk
388,7.76,0.0,0.4000000059604645,0.1230459213256836,0.10483444482088089,0.3105704188346863,-0.10605213791131973,0,2000,strong30k,0,0,42,0.0,0.4,walk
389,7.78,0.0,0.4000000059604645,0.12536001205444336,0.09336894005537033,0.2781081795692444,-0.03388115391135216,0,2000,strong30k,0,0,42,0.0,0.4,walk
390,7.8,0.0,0.4000000059604645,0.12690770626068115,0.08686872571706772,0.245927631855011,0.019121114164590836,0,2000,strong30k,0,0,42,0.0,0.4,walk
391,7.82,0.0,0.4000000059604645,0.12839210033416748,0.08283796161413193,0.21431386470794678,-0.028765924274921417,0,2000,strong30k,0,0,42,0.0,0.4,walk
392,7.84,0.0,0.4000000059604645,0.13010334968566895,0.08760321140289307,0.1894068568944931,-0.0675746500492096,0,2000,strong30k,0,0,42,0.0,0.4,walk
393,7.86,0.0,0.4000000059604645,0.13188421726226807,0.08864371478557587,0.16607224941253662,-0.07122202217578888,0,2000,strong30k,0,0,42,0.0,0.4,walk
394,7.88,0.0,0.4000000059604645,0.13269221782684326,0.09535405784845352,0.14700937271118164,0.006882539484649897,0,2000,strong30k,0,0,42,0.0,0.4,walk
395,7.9,0.0,0.4000000059604645,0.1332775354385376,0.10064902901649475,0.12491655349731445,-0.017109479755163193,0,2000,strong30k,0,0,42,0.0,0.4,walk
396,7.92,0.0,0.4000000059604645,0.13359355926513672,0.11235541105270386,0.10810766369104385,-0.01866653934121132,0,2000,strong30k,0,0,42,0.0,0.4,walk
397,7.94,0.0,0.4000000059604645,0.1336686611175537,0.12824495136737823,0.0938258245587349,-0.03912516310811043,0,2000,strong30k,0,0,42,0.0,0.4,walk
398,7.96,0.0,0.4000000059604645,0.13361632823944092,0.14422525465488434,0.07911407202482224,-0.0582217238843441,0,2000,strong30k,0,0,42,0.0,0.4,walk
399,7.98,0.0,0.4000000059604645,0.13344824314117432,0.1587873250246048,0.06260727345943451,-0.08101154863834381,0,2000,strong30k,0,0,42,0.0,0.4,walk
400,8.0,0.0,0.4000000059604645,0.13311254978179932,0.16877178847789764,0.044446635991334915,-0.08613750338554382,0,2000,strong30k,0,0,42,0.0,0.4,walk
401,8.02,0.0,0.4000000059604645,0.13260650634765625,0.1727260798215866,0.024452675133943558,-0.07773349434137344,0,2000,strong30k,0,0,42,0.0,0.4,walk
402,8.040000000000001,0.0,0.4000000059604645,0.13161349296569824,0.1742570698261261,0.00397084653377533,-0.027065210044384003,0,2000,strong30k,0,0,42,0.0,0.4,walk
403,8.06,0.0,0.4000000059604645,0.1299835443496704,0.1752607822418213,-0.01788141392171383,0.02958585135638714,0,2000,strong30k,0,0,42,0.0,0.4,walk
404,8.08,0.0,0.4000000059604645,0.12827575206756592,0.1741279512643814,-0.04061991721391678,0.01729714684188366,0,2000,strong30k,0,0,42,0.0,0.4,walk
405,8.1,0.0,0.4000000059604645,0.1267545223236084,0.17189089953899384,-0.06053629517555237,-0.02097467891871929,0,2000,strong30k,0,0,42,0.0,0.4,walk
406,8.120000000000001,0.0,0.4000000059604645,0.12549352645874023,0.1651649922132492,-0.07356781512498856,-0.06658182293176651,0,2000,strong30k,0,0,42,0.0,0.4,walk
407,8.14,0.0,0.4000000059604645,0.12543344497680664,0.12924595177173615,-0.04707501083612442,-0.4535263776779175,0,2000,strong30k,0,0,42,0.0,0.4,walk
408,8.16,0.0,0.4000000059604645,0.12467765808105469,0.10918930172920227,-0.013181323185563087,0.0801331102848053,0,2000,strong30k,0,0,42,0.0,0.4,walk
409,8.18,0.0,0.4000000059604645,0.12078368663787842,0.0876256451010704,0.007875065319240093,0.22017847001552582,0,2000,strong30k,0,0,42,0.0,0.4,walk
410,8.2,0.0,0.4000000059604645,0.11663663387298584,0.07625391334295273,0.025012550875544548,0.19625288248062134,0,2000,strong30k,0,0,42,0.0,0.4,walk
411,8.22,0.0,0.4000000059604645,0.11305224895477295,0.07122604548931122,0.04209819436073303,0.14509646594524384,0,2000,strong30k,0,0,42,0.0,0.4,walk
412,8.24,0.0,0.4000000059604645,0.11001443862915039,0.07679971307516098,0.062358103692531586,0.12764275074005127,0,2000,strong30k,0,0,42,0.0,0.4,walk
413,8.26,0.0,0.4000000059604645,0.1078486442565918,0.08929020911455154,0.08270378410816193,0.0509057380259037,0,2000,strong30k,0,0,42,0.0,0.4,walk
414,8.28,0.0,0.4000000059604645,0.10677206516265869,0.10983415693044662,0.10174667090177536,0.01471037045121193,0,2000,strong30k,0,0,42,0.0,0.4,walk
415,8.3,0.0,0.4000000059604645,0.10630655288696289,0.1292225420475006,0.1203693300485611,-0.0012274447362869978,0,2000,strong30k,0,0,42,0.0,0.4,walk
416,8.32,0.0,0.4000000059604645,0.10625958442687988,0.14390651881694794,0.14032159745693207,-0.01546609215438366,0,2000,strong30k,0,0,42,0.0,0.4,walk
417,8.34,0.0,0.4000000059604645,0.1063605546951294,0.16140711307525635,0.1598179042339325,0.02276918664574623,0,2000,strong30k,0,0,42,0.0,0.4,walk
418,8.36,0.0,0.4000000059604645,0.10664856433868408,0.17690742015838623,0.18103499710559845,0.019874515011906624,0,2000,strong30k,0,0,42,0.0,0.4,walk
419,8.38,0.0,0.4000000059604645,0.1070030927658081,0.19151072204113007,0.20710617303848267,0.05275306850671768,0,2000,strong30k,0,0,42,0.0,0.4,walk
420,8.4,0.0,0.4000000059604645,0.10732626914978027,0.20359444618225098,0.2365027666091919,0.08037446439266205,0,2000,strong30k,0,0,42,0.0,0.4,walk
421,8.42,0.0,0.4000000059604645,0.10773015022277832,0.2135133296251297,0.26918825507164,0.09250634908676147,0,2000,strong30k,0,0,42,0.0,0.4,walk
422,8.44,0.0,0.4000000059604645,0.10838460922241211,0.21765442192554474,0.3068515956401825,0.06631235033273697,0,2000,strong30k,0,0,42,0.0,0.4,walk
423,8.46,0.0,0.4000000059604645,0.10940992832183838,0.21851779520511627,0.3479149043560028,0.0421908013522625,0,2000,strong30k,0,0,42,0.0,0.4,walk
424,8.48,0.0,0.4000000059604645,0.11062932014465332,0.21715191006660461,0.392438679933548,0.03089437447488308,0,2000,strong30k,0,0,42,0.0,0.4,walk
425,8.5,0.0,0.4000000059604645,0.1113046407699585,0.21455352008342743,0.44011929631233215,0.09956172108650208,0,2000,strong30k,0,0,42,0.0,0.4,walk
426,8.52,0.0,0.4000000059604645,0.11121046543121338,0.2108665406703949,0.48680946230888367,0.17134490609169006,0,2000,strong30k,0,0,42,0.0,0.4,walk
427,8.540000000000001,0.0,0.4000000059604645,0.11090230941772461,0.19803744554519653,0.5151211619377136,0.25092801451683044,0,2000,strong30k,0,0,42,0.0,0.4,walk
428,8.56,0.0,0.4000000059604645,0.10937654972076416,0.15295077860355377,0.4292997717857361,0.10101527720689774,0,2000,strong30k,0,0,42,0.0,0.4,walk
429,8.58,0.0,0.4000000059604645,0.11193561553955078,0.12852482497692108,0.3709124028682709,-0.2018612176179886,0,2000,strong30k,0,0,42,0.0,0.4,walk
430,8.6,0.0,0.4000000059604645,0.11570441722869873,0.10475973039865494,0.3319058120250702,-0.16918252408504486,0,2000,strong30k,0,0,42,0.0,0.4,walk
431,8.620000000000001,0.0,0.4000000059604645,0.11854791641235352,0.0926993191242218,0.29985755681991577,-0.07856130599975586,0,2000,strong30k,0,0,42,0.0,0.4,walk
432,8.64,0.0,0.4000000059604645,0.12043917179107666,0.08296598494052887,0.2671697437763214,-0.0011146939359605312,0,2000,strong30k,0,0,42,0.0,0.4,walk
433,8.66,0.0,0.4000000059604645,0.12229514122009277,0.07758186012506485,0.232496976852417,-0.06345339864492416,0,2000,strong30k,0,0,42,0.0,0.4,walk
434,8.68,0.0,0.4000000059604645,0.12434709072113037,0.07866973429918289,0.20563797652721405,-0.0882091373205185,0,2000,strong30k,0,0,42,0.0,0.4,walk
435,8.700000000000001,0.0,0.4000000059604645,0.12652945518493652,0.07780031114816666,0.18087613582611084,-0.1056477501988411,0,2000,strong30k,0,0,42,0.0,0.4,walk
436,8.72,0.0,0.4000000059604645,0.12760770320892334,0.08412108570337296,0.16214390099048615,0.007199390791356564,0,2000,strong30k,0,0,42,0.0,0.4,walk
437,8.74,0.0,0.4000000059604645,0.1281822919845581,0.08973153680562973,0.1396900862455368,-0.0016269482439383864,0,2000,strong30k,0,0,42,0.0,0.4,walk
438,8.76,0.0,0.4000000059604645,0.1285010576248169,0.09927196800708771,0.12076205015182495,-0.003775133518502116,0,2000,strong30k,0,0,42,0.0,0.4,walk
439,8.78,0.0,0.4000000059604645,0.12854743003845215,0.11396659910678864,0.10580496490001678,-0.020488856360316277,0,2000,strong30k,0,0,42,0.0,0.4,walk
440,8.8,0.0,0.4000000059604645,0.1284778118133545,0.12952390313148499,0.09098915010690689,-0.042490217834711075,0,2000,strong30k,0,0,42,0.0,0.4,walk
441,8.82,0.0,0.4000000059604645,0.12832200527191162,0.14432619512081146,0.0753326565027237,-0.06706061959266663,0,2000,strong30k,0,0,42,0.0,0.4,walk
442,8.84,0.0,0.4000000059604645,0.1280226707458496,0.1563904881477356,0.05825371667742729,-0.08123478293418884,0,2000,strong30k,0,0,42,0.0,0.4,walk
443,8.86,0.0,0.4000000059604645,0.12760722637176514,0.16216729581356049,0.039330095052719116,-0.08633533120155334,0,2000,strong30k,0,0,42,0.0,0.4,walk
444,8.88,0.0,0.4000000059604645,0.12696349620819092,0.16348394751548767,0.019432345405220985,-0.0662025585770607,0,2000,strong30k,0,0,42,0.0,0.4,walk
445,8.9,0.0,0.4000000059604645,0.12567150592803955,0.1644439846277237,-0.0011967089958488941,0.0017305150395259261,0,2000,strong30k,0,0,42,0.0,0.4,walk
446,8.92,0.0,0.4000000059604645,0.12402474880218506,0.16420923173427582,-0.023607559502124786,0.01732233539223671,0,2000,strong30k,0,0,42,0.0,0.4,walk
447,8.94,0.0,0.4000000059604645,0.12248873710632324,0.16246743500232697,-0.045448385179042816,-0.007062322460114956,0,2000,strong30k,0,0,42,0.0,0.4,walk
448,8.96,0.0,0.4000000059604645,0.12113845348358154,0.15785986185073853,-0.06245631352066994,-0.05235191434621811,0,2000,strong30k,0,0,42,0.0,0.4,walk
449,8.98,0.0,0.4000000059604645,0.12021124362945557,0.14779257774353027,-0.06907650828361511,-0.11682432144880295,0,2000,strong30k,0,0,42,0.0,0.4,walk
450,9.0,0.0,0.4000000059604645,0.12118649482727051,0.10982935130596161,-0.022574130445718765,-0.09623489528894424,0,2000,strong30k,0,0,42,0.0,0.4,walk
451,9.02,0.0,0.4000000059604645,0.11845648288726807,0.08619475364685059,0.00022345873003359884,0.14596818387508392,0,2000,strong30k,0,0,42,0.0,0.4,walk
452,9.040000000000001,0.0,0.4000000059604645,0.11492908000946045,0.06991628557443619,0.01785079762339592,0.13840335607528687,0,2000,strong30k,0,0,42,0.0,0.4,walk
453,9.06,0.0,0.4000000059604645,0.11176323890686035,0.061725467443466187,0.035451583564281464,0.10490239411592484,0,2000,strong30k,0,0,42,0.0,0.4,walk
454,9.08,0.0,0.4000000059604645,0.10913383960723877,0.0630846917629242,0.05385015159845352,0.07908911257982254,0,2000,strong30k,0,0,42,0.0,0.4,walk
455,9.1,0.0,0.4000000059604645,0.1068190336227417,0.07236038893461227,0.0748433992266655,0.0757894441485405,0,2000,strong30k,0,0,42,0.0,0.4,walk
456,9.120000000000001,0.0,0.4000000059604645,0.10522592067718506,0.08907772600650787,0.09504818916320801,0.03614189103245735,0,2000,strong30k,0,0,42,0.0,0.4,walk
457,9.14,0.0,0.4000000059604645,0.1042630672454834,0.1088387742638588,0.11466392129659653,0.03308361768722534,0,2000,strong30k,0,0,42,0.0,0.4,walk
458,9.16,0.0,0.4000000059604645,0.10369443893432617,0.12838855385780334,0.13416244089603424,0.031319499015808105,0,2000,strong30k,0,0,42,0.0,0.4,walk
459,9.18,0.0,0.4000000059604645,0.1034085750579834,0.14511442184448242,0.15365071594715118,0.03214838728308678,0,2000,strong30k,0,0,42,0.0,0.4,walk
460,9.200000000000001,0.0,0.4000000059604645,0.10340619087219238,0.16119341552257538,0.17444372177124023,0.038539040833711624,0,2000,strong30k,0,0,42,0.0,0.4,walk
461,9.22,0.0,0.4000000059604645,0.1035240888595581,0.17684964835643768,0.1988777071237564,0.05378244072198868,0,2000,strong30k,0,0,42,0.0,0.4,walk
462,9.24,0.0,0.4000000059604645,0.1036980152130127,0.19093984365463257,0.2270304262638092,0.07803130149841309,0,2000,strong30k,0,0,42,0.0,0.4,walk
463,9.26,0.0,0.4000000059604645,0.10390603542327881,0.20325134694576263,0.25819626450538635,0.09846431016921997,0,2000,strong30k,0,0,42,0.0,0.4,walk
464,9.28,0.0,0.4000000059604645,0.10429394245147705,0.21137164533138275,0.29347535967826843,0.08541321754455566,0,2000,strong30k,0,0,42,0.0,0.4,walk
465,9.3,0.0,0.4000000059604645,0.1050412654876709,0.21468104422092438,0.3327772319316864,0.05756751447916031,0,2000,strong30k,0,0,42,0.0,0.4,walk
466,9.32,0.0,0.4000000059604645,0.10622560977935791,0.21565133333206177,0.37505418062210083,0.02754981815814972,0,2000,strong30k,0,0,42,0.0,0.4,walk
467,9.34,0.0,0.4000000059604645,0.10728418827056885,0.21333377063274384,0.42177629470825195,0.05407026410102844,0,2000,strong30k,0,0,42,0.0,0.4,walk
468,9.36,0.0,0.4000000059604645,0.10756516456604004,0.20991326868534088,0.46955692768096924,0.14101389050483704,0,2000,strong30k,0,0,42,0.0,0.4,walk
469,9.38,0.0,0.4000000059604645,0.10721325874328613,0.20451781153678894,0.5102781653404236,0.18409450352191925,0,2000,strong30k,0,0,42,0.0,0.4,walk
470,9.4,0.0,0.4000000059604645,0.10621678829193115,0.1695667803287506,0.48581334948539734,0.10837770998477936,0,2000,strong30k,0,0,42,0.0,0.4,walk
471,9.42,0.0,0.4000000059604645,0.10729598999023438,0.1365147978067398,0.39721357822418213,-0.13207590579986572,0,2000,strong30k,0,0,42,0.0,0.4,walk
472,9.44,0.0,0.4000000059604645,0.1110917329788208,0.11783956736326218,0.3460904359817505,-0.21234706044197083,0,2000,strong30k,0,0,42,0.0,0.4,walk
473,9.46,0.0,0.4000000059604645,0.11428117752075195,0.1040683463215828,0.3114871382713318,-0.08471644669771194,0,2000,strong30k,0,0,42,0.0,0.4,walk
474,9.48,0.0,0.4000000059604645,0.11642336845397949,0.09457963705062866,0.27887412905693054,-0.023334801197052002,0,2000,strong30k,0,0,42,0.0,0.4,walk
475,9.5,0.0,0.4000000059604645,0.11793577671051025,0.08856137841939926,0.24577364325523376,0.01955757476389408,0,2000,strong30k,0,0,42,0.0,0.4,walk
476,9.52,0.0,0.4000000059604645,0.11934912204742432,0.08521299064159393,0.21402238309383392,-0.019385244697332382,0,2000,strong30k,0,0,42,0.0,0.4,walk
477,9.540000000000001,0.0,0.4000000059604645,0.12094652652740479,0.0897798016667366,0.18899784982204437,-0.053615033626556396,0,2000,strong30k,0,0,42,0.0,0.4,walk
478,9.56,0.0,0.4000000059604645,0.12259078025817871,0.09149879217147827,0.16534726321697235,-0.05889537185430527,0,2000,strong30k,0,0,42,0.0,0.4,walk
479,9.58,0.0,0.4000000059604645,0.12330067157745361,0.09897758811712265,0.1458624303340912,0.016116617247462273,0,2000,strong30k,0,0,42,0.0,0.4,walk
480,9.6,0.0,0.4000000059604645,0.12386000156402588,0.10507871955633163,0.12369568645954132,-0.019476888701319695,0,2000,strong30k,0,0,42,0.0,0.4,walk
481,9.620000000000001,0.0,0.4000000059604645,0.12422037124633789,0.11742960661649704,0.10741356760263443,-0.030642956495285034,0,2000,strong30k,0,0,42,0.0,0.4,walk
482,9.64,0.0,0.4000000059604645,0.12443101406097412,0.1332128345966339,0.09313315153121948,-0.0542517714202404,0,2000,strong30k,0,0,42,0.0,0.4,walk
483,9.66,0.0,0.4000000059604645,0.12451171875,0.14903780817985535,0.07820195704698563,-0.07053141295909882,0,2000,strong30k,0,0,42,0.0,0.4,walk
484,9.68,0.0,0.4000000059604645,0.12442421913146973,0.16382797062397003,0.0619560144841671,-0.08877922594547272,0,2000,strong30k,0,0,42,0.0,0.4,walk
485,9.700000000000001,0.0,0.4000000059604645,0.12415409088134766,0.1739935725927353,0.04369837045669556,-0.09383075684309006,0,2000,strong30k,0,0,42,0.0,0.4,walk
486,9.72,0.0,0.4000000059604645,0.12368416786193848,0.17842166125774384,0.023641999810934067,-0.08121023327112198,0,2000,strong30k,0,0,42,0.0,0.4,walk
487,9.74,0.0,0.4000000059604645,0.12271249294281006,0.18027843534946442,0.003058343194425106,-0.030632061883807182,0,2000,strong30k,0,0,42,0.0,0.4,walk
488,9.76,0.0,0.4000000059604645,0.12113034725189209,0.18146401643753052,-0.01901550218462944,0.02489037811756134,0,2000,strong30k,0,0,42,0.0,0.4,walk
489,9.78,0.0,0.4000000059604645,0.1194756031036377,0.18057093024253845,-0.0419151745736599,0.013612519018352032,0,2000,strong30k,0,0,42,0.0,0.4,walk
490,9.8,0.0,0.4000000059604645,0.1179729700088501,0.17857049405574799,-0.06210320442914963,-0.02141059748828411,0,2000,strong30k,0,0,42,0.0,0.4,walk
491,9.82,0.0,0.4000000059604645,0.11671125888824463,0.17238284647464752,-0.074467733502388,-0.06615487486124039,0,2000,strong30k,0,0,42,0.0,0.4,walk
492,9.84,0.0,0.4000000059604645,0.11669743061065674,0.13379213213920593,-0.04481527581810951,-0.43940168619155884,0,2000,strong30k,0,0,42,0.0,0.4,walk
493,9.86,0.0,0.4000000059604645,0.11577916145324707,0.11551259458065033,-0.013861606828868389,0.08576449006795883,0,2000,strong30k,0,0,42,0.0,0.4,walk
494,9.88,0.0,0.4000000059604645,0.11192023754119873,0.09414786845445633,0.007022639270871878,0.2099979817867279,0,2000,strong30k,0,0,42,0.0,0.4,walk
495,9.9,0.0,0.4000000059604645,0.10797727108001709,0.08237142115831375,0.023983702063560486,0.17496128380298615,0,2000,strong30k,0,0,42,0.0,0.4,walk
496,9.92,0.0,0.4000000059604645,0.10456693172454834,0.07776276767253876,0.04131285101175308,0.13323305547237396,0,2000,strong30k,0,0,42,0.0,0.4,walk
497,9.94,0.0,0.4000000059604645,0.10170018672943115,0.0839436948299408,0.06159842386841774,0.1047944724559784,0,2000,strong30k,0,0,42,0.0,0.4,walk
498,9.96,0.0,0.4000000059604645,0.09968745708465576,0.09572913497686386,0.08252941817045212,0.037832386791706085,0,2000,strong30k,0,0,42,0.0,0.4,walk
499,9.98,0.0,0.4000000059604645,0.7106188535690308,0.11575442552566528,0.10172862559556961,4.433170397533104e-05,0,2000,strong30k,0,0,42,0.0,0.4,walk
500,10.0,0.0,0.4000000059604645,0.7103177309036255,0.13515691459178925,0.11880012601613998,-0.00563383661210537,0,2000,strong30k,0,0,42,0.0,0.4,walk
501,10.02,0.0,0.4000000059604645,0.7101441621780396,0.14911703765392303,0.13742950558662415,0.019214488565921783,0,2000,strong30k,0,0,42,0.0,0.4,walk
502,10.040000000000001,0.0,0.4000000059604645,0.7097502946853638,0.1654110997915268,0.15597611665725708,0.08930949121713638,0,2000,strong30k,0,0,42,0.0,0.4,walk
503,10.06,0.0,0.4000000059604645,0.7091981172561646,0.1812199354171753,0.17574666440486908,0.12753498554229736,0,2000,strong30k,0,0,42,0.0,0.4,walk
504,10.08,0.0,0.4000000059604645,0.7081414461135864,0.19653064012527466,0.20110712945461273,0.22095851600170135,0,2000,strong30k,0,0,42,0.0,0.4,walk
505,10.1,0.0,0.4000000059604645,0.7063535451889038,0.2104664295911789,0.2296587973833084,0.317693829536438,0,2000,strong30k,0,0,42,0.0,0.4,walk
506,10.120000000000001,0.0,0.4000000059604645,0.7039247751235962,0.22247640788555145,0.2609921395778656,0.40356144309043884,0,2000,strong30k,0,0,42,0.0,0.4,walk
507,10.14,0.0,0.4000000059604645,0.700900673866272,0.2294314205646515,0.29732537269592285,0.4677077829837799,0,2000,strong30k,0,0,42,0.0,0.4,walk
508,10.16,0.0,0.4000000059604645,0.6970158815383911,0.2350875437259674,0.3380562663078308,0.5759766697883606,0,2000,strong30k,0,0,42,0.0,0.4,walk
509,10.18,0.0,0.4000000059604645,0.6919609308242798,0.23909294605255127,0.3815433382987976,0.6980393528938293,0,2000,strong30k,0,0,42,0.0,0.4,walk
510,10.200000000000001,0.0,0.4000000059604645,0.6855531930923462,0.24219229817390442,0.42688217759132385,0.8028990626335144,0,2000,strong30k,0,0,42,0.0,0.4,walk
511,10.22,0.0,0.4000000059604645,0.6787697076797485,0.24263709783554077,0.4686492383480072,0.7716249823570251,0,2000,strong30k,0,0,42,0.0,0.4,walk
512,10.24,0.0,0.4000000059604645,0.6737073659896851,0.23225480318069458,0.5039466023445129,0.5610613226890564,0,2000,strong30k,0,0,42,0.0,0.4,walk
513,10.26,0.0,0.4000000059604645,0.6695281267166138,0.1854512095451355,0.42206576466560364,0.5147296190261841,0,2000,strong30k,0,0,42,0.0,0.4,walk
514,10.28,0.0,0.4000000059604645,0.6678866147994995,0.15493585169315338,0.3564866781234741,0.2098601907491684,0,2000,strong30k,0,0,42,0.0,0.4,walk
515,10.3,0.0,0.4000000059604645,0.6673499345779419,0.129416361451149,0.3129419684410095,0.285226047039032,0,2000,strong30k,0,0,42,0.0,0.4,walk
516,10.32,0.0,0.4000000059604645,0.6656802892684937,0.12532077729701996,0.2787908613681793,0.3770815432071686,0,2000,strong30k,0,0,42,0.0,0.4,walk
517,10.34,0.0,0.4000000059604645,0.663164496421814,0.1161097064614296,0.24765270948410034,0.45822426676750183,0,2000,strong30k,0,0,42,0.0,0.4,walk
518,10.36,0.0,0.4000000059604645,0.6609615087509155,0.10965151339769363,0.21322786808013916,0.3252478837966919,0,2000,strong30k,0,0,42,0.0,0.4,walk
519,10.38,0.0,0.4000000059604645,0.6596072912216187,0.10944439470767975,0.1878570318222046,0.22902598977088928,0,2000,strong30k,0,0,42,0.0,0.4,walk
520,10.4,0.0,0.4000000059604645,0.6589354276657104,0.10485187917947769,0.16382621228694916,0.16220517456531525,0,2000,strong30k,0,0,42,0.0,0.4,walk
521,10.42,0.0,0.4000000059604645,0.6575318574905396,0.10898271203041077,0.14757773280143738,0.23962447047233582,0,2000,strong30k,0,0,42,0.0,0.4,walk
522,10.44,0.0,0.4000000059604645,0.6560620069503784,0.11162072420120239,0.12643617391586304,0.18644338846206665,0,2000,strong30k,0,0,42,0.0,0.4,walk
523,10.46,0.0,0.4000000059604645,0.654662013053894,0.1170261949300766,0.10824429243803024,0.15911146998405457,0,2000,strong30k,0,0,42,0.0,0.4,walk
524,10.48,0.0,0.4000000059604645,0.653274655342102,0.12964528799057007,0.09392479062080383,0.11355442553758621,0,2000,strong30k,0,0,42,0.0,0.4,walk
525,10.5,0.0,0.4000000059604645,0.6521137952804565,0.1444878727197647,0.07911168038845062,0.061463192105293274,0,2000,strong30k,0,0,42,0.0,0.4,walk
526,10.52,0.0,0.4000000059604645,0.651107668876648,0.15974104404449463,0.06307163834571838,0.025466712191700935,0,2000,strong30k,0,0,42,0.0,0.4,walk
527,10.540000000000001,0.0,0.4000000059604645,0.6501113176345825,0.17340326309204102,0.04549592733383179,0.007129904814064503,0,2000,strong30k,0,0,42,0.0,0.4,walk
528,10.56,0.0,0.4000000059604645,0.648898720741272,0.18235866725444794,0.026848791167140007,0.024696897715330124,0,2000,strong30k,0,0,42,0.0,0.4,walk
529,10.58,0.0,0.4000000059604645,0.6472536325454712,0.18580473959445953,0.006987568456679583,0.07283962517976761,0,2000,strong30k,0,0,42,0.0,0.4,walk
530,10.6,0.0,0.4000000059604645,0.6445611715316772,0.18907132744789124,-0.013027570210397243,0.17961867153644562,0,2000,strong30k,0,0,42,0.0,0.4,walk
531,10.620000000000001,0.0,0.4000000059604645,0.6405626535415649,0.19037967920303345,-0.03476351127028465,0.28201624751091003,0,2000,strong30k,0,0,42,0.0,0.4,walk
532,10.64,0.0,0.4000000059604645,0.6361044645309448,0.1884908229112625,-0.05712457746267319,0.2760116159915924,0,2000,strong30k,0,0,42,0.0,0.4,walk
533,10.66,0.0,0.4000000059604645,0.632379412651062,0.18277248740196228,-0.07616940885782242,0.12568002939224243,0,2000,strong30k,0,0,42,0.0,0.4,walk
534,10.68,0.0,0.4000000059604645,0.630984902381897,0.17074497044086456,-0.08409343659877777,-0.20568880438804626,0,2000,strong30k,0,0,42,0.0,0.4,walk
535,10.700000000000001,0.0,0.4000000059604645,0.6324769258499146,0.12930192053318024,-0.05345742031931877,-0.3385741412639618,0,2000,strong30k,0,0,42,0.0,0.4,walk
536,10.72,0.0,0.4000000059604645,0.6289287805557251,0.11181697994470596,-0.02203509770333767,0.4448130428791046,0,2000,strong30k,0,0,42,0.0,0.4,walk
537,10.74,0.0,0.4000000059604645,0.6214157342910767,0.08416315168142319,-0.004486067686229944,0.5860428810119629,0,2000,strong30k,0,0,42,0.0,0.4,walk
538,10.76,0.0,0.4000000059604645,0.6134463548660278,0.06662705540657043,0.012815547175705433,0.6009116172790527,0,2000,strong30k,0,0,42,0.0,0.4,walk
539,10.78,0.0,0.4000000059604645,0.6056939363479614,0.06008719652891159,0.03080480545759201,0.5974703431129456,0,2000,strong30k,0,0,42,0.0,0.4,walk
540,10.8,0.0,0.4000000059604645,0.5985690355300903,0.06312050670385361,0.053215548396110535,0.5202948451042175,0,2000,strong30k,0,0,42,0.0,0.4,walk
541,10.82,0.0,0.4000000059604645,0.592854380607605,0.08132287114858627,0.07287146896123886,0.42856794595718384,0,2000,strong30k,0,0,42,0.0,0.4,walk
542,10.84,0.0,0.4000000059604645,0.5886150598526001,0.10345820337533951,0.0918351411819458,0.31448376178741455,0,2000,strong30k,0,0,42,0.0,0.4,walk
543,10.86,0.0,0.4000000059604645,0.585513710975647,0.1279703825712204,0.11106900125741959,0.2682904601097107,0,2000,strong30k,0,0,42,0.0,0.4,walk
544,10.88,0.0,0.4000000059604645,0.5831567049026489,0.1445741504430771,0.13206322491168976,0.20679371058940887,0,2000,strong30k,0,0,42,0.0,0.4,walk
545,10.9,0.0,0.4000000059604645,0.581339955329895,0.16548068821430206,0.15291252732276917,0.21835064888000488,0,2000,strong30k,0,0,42,0.0,0.4,walk
546,10.92,0.0,0.4000000059604645,0.5796416997909546,0.1856129914522171,0.17553925514221191,0.24252864718437195,0,2000,strong30k,0,0,42,0.0,0.4,walk
547,10.94,0.0,0.4000000059604645,0.5778366327285767,0.2012718915939331,0.20308583974838257,0.278793066740036,0,2000,strong30k,0,0,42,0.0,0.4,walk
548,10.96,0.0,0.4000000059604645,0.5758503675460815,0.21416160464286804,0.2330569177865982,0.3311292231082916,0,2000,strong30k,0,0,42,0.0,0.4,walk
549,10.98,0.0,0.4000000059604645,0.573639988899231,0.22075650095939636,0.26725679636001587,0.3657853305339813,0,2000,strong30k,0,0,42,0.0,0.4,walk
550,11.0,0.0,0.4000000059604645,0.5711792707443237,0.22232210636138916,0.30608931183815,0.40036407113075256,0,2000,strong30k,0,0,42,0.0,0.4,walk
551,11.02,0.0,0.4000000059604645,0.5683256387710571,0.22126972675323486,0.34843870997428894,0.4499984383583069,0,2000,strong30k,0,0,42,0.0,0.4,walk
552,11.040000000000001,0.0,0.4000000059604645,0.5647889375686646,0.21800421178340912,0.3935275077819824,0.5113540291786194,0,2000,strong30k,0,0,42,0.0,0.4,walk
553,11.06,0.0,0.4000000059604645,0.5605794191360474,0.2139938324689865,0.4383428394794464,0.5521969795227051,0,2000,strong30k,0,0,42,0.0,0.4,walk
554,11.08,0.0,0.4000000059604645,0.5570269823074341,0.20699772238731384,0.47910717129707336,0.4068280756473541,0,2000,strong30k,0,0,42,0.0,0.4,walk
555,11.1,0.0,0.4000000059604645,0.5547899007797241,0.17319399118423462,0.4526336193084717,0.20000715553760529,0,2000,strong30k,0,0,42,0.0,0.4,walk
556,11.120000000000001,0.0,0.4000000059604645,0.5534719228744507,0.13990427553653717,0.37125495076179504,0.22057625651359558,0,2000,strong30k,0,0,42,0.0,0.4,walk
557,11.14,0.0,0.4000000059604645,0.5534569025039673,0.12317726016044617,0.31317177414894104,0.17294727265834808,0,2000,strong30k,0,0,42,0.0,0.4,walk
558,11.16,0.0,0.4000000059604645,0.5528196096420288,0.11597159504890442,0.2786060869693756,0.3040293753147125,0,2000,strong30k,0,0,42,0.0,0.4,walk
559,11.18,0.0,0.4000000059604645,0.5511490106582642,0.11058634519577026,0.2470250278711319,0.36832380294799805,0,2000,strong30k,0,0,42,0.0,0.4,walk
560,11.200000000000001,0.0,0.4000000059604645,0.549092173576355,0.10849171876907349,0.21545425057411194,0.3680081367492676,0,2000,strong30k,0,0,42,0.0,0.4,walk
561,11.22,0.0,0.4000000059604645,0.5473548173904419,0.10715574771165848,0.18463478982448578,0.27973201870918274,0,2000,strong30k,0,0,42,0.0,0.4,walk
562,11.24,0.0,0.4000000059604645,0.546211838722229,0.11375440657138824,0.160775825381279,0.20368152856826782,0,2000,strong30k,0,0,42,0.0,0.4,walk
563,11.26,0.0,0.4000000059604645,0.545779824256897,0.11540313810110092,0.1376425176858902,0.1269201636314392,0,2000,strong30k,0,0,42,0.0,0.4,walk
564,11.28,0.0,0.4000000059604645,0.5446244478225708,0.12440060824155807,0.12021055072546005,0.20045849680900574,0,2000,strong30k,0,0,42,0.0,0.4,walk
565,11.3,0.0,0.4000000059604645,0.5433217287063599,0.12968342006206512,0.09955186396837234,0.16331377625465393,0,2000,strong30k,0,0,42,0.0,0.4,walk
566,11.32,0.0,0.4000000059604645,0.5419687032699585,0.14235451817512512,0.08325889706611633,0.13475176692008972,0,2000,strong30k,0,0,42,0.0,0.4,walk
567,11.34,0.0,0.4000000059604645,0.5406337976455688,0.15961484611034393,0.06881603598594666,0.09282718598842621,0,2000,strong30k,0,0,42,0.0,0.4,walk
568,11.36,0.0,0.4000000059604645,0.5393608808517456,0.17756322026252747,0.05308669060468674,0.05919428914785385,0,2000,strong30k,0,0,42,0.0,0.4,walk
569,11.38,0.0,0.4000000059604645,0.5381146669387817,0.19485750794410706,0.03528868779540062,0.030841052532196045,0,2000,strong30k,0,0,42,0.0,0.4,walk
570,11.4,0.0,0.4000000059604645,0.5367623567581177,0.2097286581993103,0.016313225030899048,0.021677520126104355,0,2000,strong30k,0,0,42,0.0,0.4,walk
571,11.42,0.0,0.4000000059604645,0.5352681875228882,0.2191689908504486,-0.00509543577209115,0.0368242971599102,0,2000,strong30k,0,0,42,0.0,0.4,walk
572,11.44,0.0,0.4000000059604645,0.5331927537918091,0.22639168798923492,-0.026009509339928627,0.10013118386268616,0,2000,strong30k,0,0,42,0.0,0.4,walk
573,11.46,0.0,0.4000000059604645,0.5300291776657104,0.2323078215122223,-0.048320259898900986,0.20430435240268707,0,2000,strong30k,0,0,42,0.0,0.4,walk
574,11.48,0.0,0.4000000059604645,0.5263727903366089,0.23472930490970612,-0.07296440005302429,0.21484309434890747,0,2000,strong30k,0,0,42,0.0,0.4,walk
575,11.5,0.0,0.4000000059604645,0.5230981111526489,0.2365015596151352,-0.09521030634641647,0.11587894707918167,0,2000,strong30k,0,0,42,0.0,0.4,walk
576,11.52,0.0,0.4000000059604645,0.5213128328323364,0.23195403814315796,-0.11182719469070435,-0.11224474757909775,0,2000,strong30k,0,0,42,0.0,0.4,walk
577,11.540000000000001,0.0,0.4000000059604645,0.5218819379806519,0.20640020072460175,-0.09663943201303482,-0.5323497653007507,0,2000,strong30k,0,0,42,0.0,0.4,walk
578,11.56,0.0,0.4000000059604645,0.522919774055481,0.17975036799907684,-0.05389260873198509,0.07465451210737228,0,2000,strong30k,0,0,42,0.0,0.4,walk
579,11.58,0.0,0.4000000059604645,0.5179029703140259,0.1502992808818817,-0.033555395901203156,0.4198724925518036,0,2000,strong30k,0,0,42,0.0,0.4,walk
580,11.6,0.0,0.4000000059604645,0.5112143754959106,0.1255224198102951,-0.016276948153972626,0.512118935585022,0,2000,strong30k,0,0,42,0.0,0.4,walk
581,11.620000000000001,0.0,0.4000000059604645,0.5037771463394165,0.11108013242483139,0.0030846362933516502,0.5711492896080017,0,2000,strong30k,0,0,42,0.0,0.4,walk
582,11.64,0.0,0.4000000059604645,0.49670183658599854,0.1077018603682518,0.02257804572582245,0.5255309343338013,0,2000,strong30k,0,0,42,0.0,0.4,walk
583,11.66,0.0,0.4000000059604645,0.49069154262542725,0.10829766094684601,0.044021524488925934,0.4146828055381775,0,2000,strong30k,0,0,42,0.0,0.4,walk
584,11.68,0.0,0.4000000059604645,0.4862867593765259,0.12477012723684311,0.06186531111598015,0.31263917684555054,0,2000,strong30k,0,0,42,0.0,0.4,walk
585,11.700000000000001,0.0,0.4000000059604645,0.48318254947662354,0.14357925951480865,0.0800153911113739,0.22631190717220306,0,2000,strong30k,0,0,42,0.0,0.4,walk
586,11.72,0.0,0.4000000059604645,0.481052041053772,0.16196762025356293,0.09877926111221313,0.16942475736141205,0,2000,strong30k,0,0,42,0.0,0.4,walk
587,11.74,0.0,0.4000000059604645,0.47953903675079346,0.18180634081363678,0.11736450344324112,0.17278726398944855,0,2000,strong30k,0,0,42,0.0,0.4,walk
588,11.76,0.0,0.4000000059604645,0.4783231019973755,0.19964803755283356,0.13864021003246307,0.16879062354564667,0,2000,strong30k,0,0,42,0.0,0.4,walk
589,11.78,0.0,0.4000000059604645,0.4771016836166382,0.2156403362751007,0.16433025896549225,0.20773449540138245,0,2000,strong30k,0,0,42,0.0,0.4,walk
590,11.8,0.0,0.4000000059604645,0.47570717334747314,0.22909986972808838,0.19216011464595795,0.2527358829975128,0,2000,strong30k,0,0,42,0.0,0.4,walk
591,11.82,0.0,0.4000000059604645,0.4742635488510132,0.23906481266021729,0.2222108393907547,0.275657057762146,0,2000,strong30k,0,0,42,0.0,0.4,walk
592,11.84,0.0,0.4000000059604645,0.47279369831085205,0.24305996298789978,0.25710952281951904,0.28824880719184875,0,2000,strong30k,0,0,42,0.0,0.4,walk
593,11.86,0.0,0.4000000059604645,0.47117745876312256,0.24375516176223755,0.2959652841091156,0.318310409784317,0,2000,strong30k,0,0,42,0.0,0.4,walk
594,11.88,0.0,0.4000000059604645,0.46908819675445557,0.24334853887557983,0.3377983868122101,0.3784875273704529,0,2000,strong30k,0,0,42,0.0,0.4,walk
595,11.9,0.0,0.4000000059604645,0.4661635160446167,0.24136488139629364,0.3813733756542206,0.4413648247718811,0,2000,strong30k,0,0,42,0.0,0.4,walk
596,11.92,0.0,0.4000000059604645,0.46283113956451416,0.23776507377624512,0.42322051525115967,0.4497648775577545,0,2000,strong30k,0,0,42,0.0,0.4,walk
597,11.94,0.0,0.4000000059604645,0.46043694019317627,0.23009082674980164,0.4622485637664795,0.27979061007499695,0,2000,strong30k,0,0,42,0.0,0.4,walk
598,11.96,0.0,0.4000000059604645,0.45965754985809326,0.19668610394001007,0.42089927196502686,0.0004921429790556431,0,2000,strong30k,0,0,42,0.0,0.4,walk
599,11.98,0.0,0.4000000059604645,0.45998871326446533,0.15852144360542297,0.3404453992843628,0.08024584501981735,0,2000,strong30k,0,0,42,0.0,0.4,walk
600,12.0,0.0,0.4000000059604645,0.4610506296157837,0.14185041189193726,0.29183435440063477,0.11908192187547684,0,2000,strong30k,0,0,42,0.0,0.4,walk
601,12.02,0.0,0.4000000059604645,0.46057188510894775,0.1328868716955185,0.2623066306114197,0.30583930015563965,0,2000,strong30k,0,0,42,0.0,0.4,walk
602,12.040000000000001,0.0,0.4000000059604645,0.45900118350982666,0.12552665174007416,0.2321692556142807,0.3455624580383301,0,2000,strong30k,0,0,42,0.0,0.4,walk
603,12.06,0.0,0.4000000059604645,0.45713865756988525,0.12221492826938629,0.20262785255908966,0.33892154693603516,0,2000,strong30k,0,0,42,0.0,0.4,walk
604,12.08,0.0,0.4000000059604645,0.4555317163467407,0.12038222700357437,0.17369794845581055,0.26072049140930176,0,2000,strong30k,0,0,42,0.0,0.4,walk
605,12.1,0.0,0.4000000059604645,0.45449864864349365,0.1260988414287567,0.15122176706790924,0.18096157908439636,0,2000,strong30k,0,0,42,0.0,0.4,walk
606,12.120000000000001,0.0,0.4000000059604645,0.4541212320327759,0.1265774965286255,0.12952038645744324,0.10818120837211609,0,2000,strong30k,0,0,42,0.0,0.4,walk
607,12.14,0.0,0.4000000059604645,0.4532054662704468,0.13345244526863098,0.11298592388629913,0.1594223827123642,0,2000,strong30k,0,0,42,0.0,0.4,walk
608,12.16,0.0,0.4000000059604645,0.45219671726226807,0.13930173218250275,0.0940474420785904,0.11976208537817001,0,2000,strong30k,0,0,42,0.0,0.4,walk
609,12.18,0.0,0.4000000059604645,0.4512273073196411,0.15155020356178284,0.07830934226512909,0.07994204759597778,0,2000,strong30k,0,0,42,0.0,0.4,walk
610,12.200000000000001,0.0,0.4000000059604645,0.45029962062835693,0.16755595803260803,0.06423024088144302,0.041173629462718964,0,2000,strong30k,0,0,42,0.0,0.4,walk
611,12.22,0.0,0.4000000059604645,0.44946181774139404,0.18335629999637604,0.04822765290737152,0.005190510302782059,0,2000,strong30k,0,0,42,0.0,0.4,walk
612,12.24,0.0,0.4000000059604645,0.4486480951309204,0.19765640795230865,0.030248591676354408,-0.019350603222846985,0,2000,strong30k,0,0,42,0.0,0.4,walk
613,12.26,0.0,0.4000000059604645,0.44776666164398193,0.20700997114181519,0.010446351021528244,-0.02236592210829258,0,2000,strong30k,0,0,42,0.0,0.4,walk
614,12.280000000000001,0.0,0.4000000059604645,0.4465886354446411,0.21219471096992493,-0.010241779498755932,0.011812821961939335,0,2000,strong30k,0,0,42,0.0,0.4,walk
615,12.3,0.0,0.4000000059604645,0.4445129632949829,0.2161252200603485,-0.031044024974107742,0.10361452400684357,0,2000,strong30k,0,0,42,0.0,0.4,walk
616,12.32,0.0,0.4000000059604645,0.44146788120269775,0.21857823431491852,-0.053871504962444305,0.18203464150428772,0,2000,strong30k,0,0,42,0.0,0.4,walk
617,12.34,0.0,0.4000000059604645,0.4381667375564575,0.2189880758523941,-0.07667592167854309,0.15894247591495514,0,2000,strong30k,0,0,42,0.0,0.4,walk
618,12.36,0.0,0.4000000059604645,0.4353712797164917,0.21579867601394653,-0.09516235440969467,0.056051936000585556,0,2000,strong30k,0,0,42,0.0,0.4,walk
619,12.38,0.0,0.4000000059604645,0.43418610095977783,0.2071637213230133,-0.10310038179159164,-0.16728822886943817,0,2000,strong30k,0,0,42,0.0,0.4,walk
620,12.4,0.0,0.4000000059604645,0.43586528301239014,0.16135792434215546,-0.06080474704504013,-0.3518546223640442,0,2000,strong30k,0,0,42,0.0,0.4,walk
621,12.42,0.0,0.4000000059604645,0.43281090259552,0.14236027002334595,-0.032285936176776886,0.33086174726486206,0,2000,strong30k,0,0,42,0.0,0.4,walk
622,12.44,0.0,0.4000000059604645,0.4265401363372803,0.1162499189376831,-0.013457659631967545,0.4507695436477661,0,2000,strong30k,0,0,42,0.0,0.4,walk
623,12.46,0.0,0.4000000059604645,0.41993963718414307,0.10143560916185379,0.004893031902611256,0.4628790020942688,0,2000,strong30k,0,0,42,0.0,0.4,walk
624,12.48,0.0,0.4000000059604645,0.41378939151763916,0.09589534252882004,0.023647213354706764,0.4262843430042267,0,2000,strong30k,0,0,42,0.0,0.4,walk
625,12.5,0.0,0.4000000059604645,0.40821290016174316,0.10022343695163727,0.046244338154792786,0.37549951672554016,0,2000,strong30k,0,0,42,0.0,0.4,walk
626,12.52,0.0,0.4000000059604645,0.40392255783081055,0.11694759130477905,0.06657282263040543,0.27780449390411377,0,2000,strong30k,0,0,42,0.0,0.4,walk
627,12.540000000000001,0.0,0.4000000059604645,0.4009770154953003,0.13999995589256287,0.08524114638566971,0.20351585745811462,0,2000,strong30k,0,0,42,0.0,0.4,walk
628,12.56,0.0,0.4000000059604645,0.39891016483306885,0.1634034812450409,0.10386348515748978,0.1721288561820984,0,2000,strong30k,0,0,42,0.0,0.4,walk
629,12.58,0.0,0.4000000059604645,0.3973696231842041,0.17996425926685333,0.12502966821193695,0.1381569504737854,0,2000,strong30k,0,0,42,0.0,0.4,walk
630,12.6,0.0,0.4000000059604645,0.39616191387176514,0.1989925503730774,0.14653682708740234,0.15825985372066498,0,2000,strong30k,0,0,42,0.0,0.4,walk
631,12.620000000000001,0.0,0.4000000059604645,0.3951014280319214,0.21786673367023468,0.16986092925071716,0.16875329613685608,0,2000,strong30k,0,0,42,0.0,0.4,walk
632,12.64,0.0,0.4000000059604645,0.39405810832977295,0.23327726125717163,0.19721567630767822,0.19859951734542847,0,2000,strong30k,0,0,42,0.0,0.4,walk
633,12.66,0.0,0.4000000059604645,0.39295685291290283,0.24553439021110535,0.22730162739753723,0.23211461305618286,0,2000,strong30k,0,0,42,0.0,0.4,walk
634,12.68,0.0,0.4000000059604645,0.3918646574020386,0.25265559554100037,0.2610943615436554,0.2448374629020691,0,2000,strong30k,0,0,42,0.0,0.4,walk
635,12.700000000000001,0.0,0.4000000059604645,0.3907684087753296,0.25517526268959045,0.29953789710998535,0.25679585337638855,0,2000,strong30k,0,0,42,0.0,0.4,walk
636,12.72,0.0,0.4000000059604645,0.38952481746673584,0.2552642524242401,0.3414585590362549,0.28194189071655273,0,2000,strong30k,0,0,42,0.0,0.4,walk
637,12.74,0.0,0.4000000059604645,0.3877633810043335,0.253126859664917,0.3865243196487427,0.3310748040676117,0,2000,strong30k,0,0,42,0.0,0.4,walk
638,12.76,0.0,0.4000000059604645,0.38530421257019043,0.25079768896102905,0.43146976828575134,0.387028306722641,0,2000,strong30k,0,0,42,0.0,0.4,walk
639,12.780000000000001,0.0,0.4000000059604645,0.38303327560424805,0.24534820020198822,0.4728347659111023,0.3126673102378845,0,2000,strong30k,0,0,42,0.0,0.4,walk
640,12.8,0.0,0.4000000059604645,0.3817319869995117,0.21190747618675232,0.4504445195198059,0.0836007222533226,0,2000,strong30k,0,0,42,0.0,0.4,walk
641,12.82,0.0,0.4000000059604645,0.3818620443344116,0.1747758537530899,0.3713928163051605,0.07552473992109299,0,2000,strong30k,0,0,42,0.0,0.4,walk
642,12.84,0.0,0.4000000059604645,0.3834751844406128,0.15404905378818512,0.31372469663619995,0.0017622271552681923,0,2000,strong30k,0,0,42,0.0,0.4,walk
643,12.86,0.0,0.4000000059604645,0.3845221996307373,0.14342793822288513,0.2789286971092224,0.14502638578414917,0,2000,strong30k,0,0,42,0.0,0.4,walk
644,12.88,0.0,0.4000000059604645,0.38417279720306396,0.1360059380531311,0.24796949326992035,0.25541117787361145,0,2000,strong30k,0,0,42,0.0,0.4,walk
645,12.9,0.0,0.4000000059604645,0.3830132484436035,0.13297544419765472,0.21660789847373962,0.29400745034217834,0,2000,strong30k,0,0,42,0.0,0.4,walk
646,12.92,0.0,0.4000000059604645,0.38194191455841064,0.13072218000888824,0.18563541769981384,0.22011347115039825,0,2000,strong30k,0,0,42,0.0,0.4,walk
647,12.94,0.0,0.4000000059604645,0.3813709020614624,0.1361822485923767,0.16206754744052887,0.15265187621116638,0,2000,strong30k,0,0,42,0.0,0.4,walk
648,12.96,0.0,0.4000000059604645,0.38148367404937744,0.13688074052333832,0.1388719081878662,0.0770682767033577,0,2000,strong30k,0,0,42,0.0,0.4,walk
649,12.98,0.0,0.4000000059604645,0.38081371784210205,0.14539432525634766,0.12201552838087082,0.15834370255470276,0,2000,strong30k,0,0,42,0.0,0.4,walk
650,13.0,0.0,0.4000000059604645,0.38006293773651123,0.1501556932926178,0.1012302041053772,0.10674501955509186,0,2000,strong30k,0,0,42,0.0,0.4,walk
651,13.02,0.0,0.4000000059604645,0.37933349609375,0.162064328789711,0.08496488630771637,0.0722791999578476,0,2000,strong30k,0,0,42,0.0,0.4,walk
652,13.040000000000001,0.0,0.4000000059604645,0.37862586975097656,0.17790314555168152,0.07093627750873566,0.034166935831308365,0,2000,strong30k,0,0,42,0.0,0.4,walk
653,13.06,0.0,0.4000000059604645,0.37793660163879395,0.19434264302253723,0.05573301017284393,0.002056323690339923,0,2000,strong30k,0,0,42,0.0,0.4,walk
654,13.08,0.0,0.4000000059604645,0.37725257873535156,0.2101326733827591,0.0384332649409771,-0.02497689053416252,0,2000,strong30k,0,0,42,0.0,0.4,walk
655,13.1,0.0,0.4000000059604645,0.3764563798904419,0.22303161025047302,0.01959894970059395,-0.03430973365902901,0,2000,strong30k,0,0,42,0.0,0.4,walk
656,13.120000000000001,0.0,0.4000000059604645,0.3754887580871582,0.23034946620464325,-0.00098090257961303,-0.020046688616275787,0,2000,strong30k,0,0,42,0.0,0.4,walk
657,13.14,0.0,0.4000000059604645,0.37395191192626953,0.23527032136917114,-0.021939512342214584,0.042584218084812164,0,2000,strong30k,0,0,42,0.0,0.4,walk
658,13.16,0.0,0.4000000059604645,0.3714362382888794,0.23944000899791718,-0.04418839141726494,0.13541299104690552,0,2000,strong30k,0,0,42,0.0,0.4,walk
659,13.18,0.0,0.4000000059604645,0.36854100227355957,0.24070149660110474,-0.06802435219287872,0.13946489989757538,0,2000,strong30k,0,0,42,0.0,0.4,walk
660,13.200000000000001,0.0,0.4000000059604645,0.3659271001815796,0.24109575152397156,-0.08886649459600449,0.06580016016960144,0,2000,strong30k,0,0,42,0.0,0.4,walk
661,13.22,0.0,0.4000000059604645,0.3642113208770752,0.23559659719467163,-0.10469301789999008,-0.07937520742416382,0,2000,strong30k,0,0,42,0.0,0.4,walk
662,13.24,0.0,0.4000000059604645,0.36431849002838135,0.20795439183712006,-0.08835010975599289,-0.5289326906204224,0,2000,strong30k,0,0,42,0.0,0.4,walk
663,13.26,0.0,0.4000000059604645,0.3650931119918823,0.18239104747772217,-0.04485815390944481,0.05690889060497284,0,2000,strong30k,0,0,42,0.0,0.4,walk
664,13.280000000000001,0.0,0.4000000059604645,0.36057090759277344,0.15541337430477142,-0.02438260056078434,0.3380712866783142,0,2000,strong30k,0,0,42,0.0,0.4,walk
665,13.3,0.0,0.4000000059604645,0.35490918159484863,0.13434725999832153,-0.0075980788096785545,0.3898128867149353,0,2000,strong30k,0,0,42,0.0,0.4,walk
666,13.32,0.0,0.4000000059604645,0.3488117456436157,0.12304534763097763,0.011644365265965462,0.4210132956504822,0,2000,strong30k,0,0,42,0.0,0.4,walk
667,13.34,0.0,0.4000000059604645,0.34319746494293213,0.12201636284589767,0.031106894835829735,0.3782607913017273,0,2000,strong30k,0,0,42,0.0,0.4,walk
668,13.36,0.0,0.4000000059604645,0.3385331630706787,0.12398253381252289,0.052610281854867935,0.28402429819107056,0,2000,strong30k,0,0,42,0.0,0.4,walk
669,13.38,0.0,0.4000000059604645,0.3353465795516968,0.140915185213089,0.0712192952632904,0.19829276204109192,0,2000,strong30k,0,0,42,0.0,0.4,walk
670,13.4,0.0,0.4000000059604645,0.3332737684249878,0.1587626338005066,0.08954720199108124,0.13049298524856567,0,2000,strong30k,0,0,42,0.0,0.4,walk
671,13.42,0.0,0.4000000059604645,0.33198821544647217,0.1755840927362442,0.10855235904455185,0.09347526729106903,0,2000,strong30k,0,0,42,0.0,0.4,walk
672,13.44,0.0,0.4000000059604645,0.3311278820037842,0.19361594319343567,0.12743376195430756,0.11000294983386993,0,2000,strong30k,0,0,42,0.0,0.4,walk
673,13.46,0.0,0.4000000059604645,0.3305191993713379,0.21039025485515594,0.14881636202335358,0.10783326625823975,0,2000,strong30k,0,0,42,0.0,0.4,walk
674,13.48,0.0,0.4000000059604645,0.3299301862716675,0.22613665461540222,0.1747671365737915,0.14152029156684875,0,2000,strong30k,0,0,42,0.0,0.4,walk
675,13.5,0.0,0.4000000059604645,0.3292423486709595,0.23962590098381042,0.20312869548797607,0.17927351593971252,0,2000,strong30k,0,0,42,0.0,0.4,walk
676,13.52,0.0,0.4000000059604645,0.3285411596298218,0.2504257559776306,0.23405438661575317,0.19982507824897766,0,2000,strong30k,0,0,42,0.0,0.4,walk
677,13.540000000000001,0.0,0.4000000059604645,0.32793331146240234,0.2555934190750122,0.2696019113063812,0.19723030924797058,0,2000,strong30k,0,0,42,0.0,0.4,walk
678,13.56,0.0,0.4000000059604645,0.32733380794525146,0.25751402974128723,0.30903351306915283,0.21293151378631592,0,2000,strong30k,0,0,42,0.0,0.4,walk
679,13.58,0.0,0.4000000059604645,0.32649052143096924,0.2579762041568756,0.3514418303966522,0.2438873052597046,0,2000,strong30k,0,0,42,0.0,0.4,walk
680,13.6,0.0,0.4000000059604645,0.3249528408050537,0.2571035921573639,0.3962197005748749,0.3044467270374298,0,2000,strong30k,0,0,42,0.0,0.4,walk
681,13.620000000000001,0.0,0.4000000059604645,0.32288360595703125,0.25457707047462463,0.43929123878479004,0.3345741629600525,0,2000,strong30k,0,0,42,0.0,0.4,walk
682,13.64,0.0,0.4000000059604645,0.321366548538208,0.24797704815864563,0.4777320325374603,0.22477063536643982,0,2000,strong30k,0,0,42,0.0,0.4,walk
683,13.66,0.0,0.4000000059604645,0.3205832242965698,0.20446725189685822,0.42278459668159485,0.10061873495578766,0,2000,strong30k,0,0,42,0.0,0.4,walk
684,13.68,0.0,0.4000000059604645,0.3215322494506836,0.16830472648143768,0.352161169052124,-0.04172143712639809,0,2000,strong30k,0,0,42,0.0,0.4,walk
685,13.700000000000001,0.0,0.4000000059604645,0.32359564304351807,0.14828498661518097,0.3062118887901306,0.015782639384269714,0,2000,strong30k,0,0,42,0.0,0.4,walk
686,13.72,0.0,0.4000000059604645,0.32428455352783203,0.1411363184452057,0.2753653824329376,0.16475477814674377,0,2000,strong30k,0,0,42,0.0,0.4,walk
687,13.74,0.0,0.4000000059604645,0.32421576976776123,0.13061881065368652,0.2444780319929123,0.19106164574623108,0,2000,strong30k,0,0,42,0.0,0.4,walk
688,13.76,0.0,0.4000000059604645,0.324047327041626,0.12463095784187317,0.21380281448364258,0.1629122793674469,0,2000,strong30k,0,0,42,0.0,0.4,walk
689,13.780000000000001,0.0,0.4000000059604645,0.3238793611526489,0.12321855872869492,0.18793906271457672,0.13619571924209595,0,2000,strong30k,0,0,42,0.0,0.4,walk
690,13.8,0.0,0.4000000059604645,0.32404839992523193,0.12501026690006256,0.16448943316936493,0.07510609924793243,0,2000,strong30k,0,0,42,0.0,0.4,walk
691,13.82,0.0,0.4000000059604645,0.32409536838531494,0.12905898690223694,0.14517377316951752,0.09031451493501663,0,2000,strong30k,0,0,42,0.0,0.4,walk
692,13.84,0.0,0.4000000059604645,0.3237558603286743,0.13454635441303253,0.12686733901500702,0.08610401302576065,0,2000,strong30k,0,0,42,0.0,0.4,walk
693,13.86,0.0,0.4000000059604645,0.32336366176605225,0.14135442674160004,0.10844255983829498,0.061286911368370056,0,2000,strong30k,0,0,42,0.0,0.4,walk
694,13.88,0.0,0.4000000059604645,0.3229238986968994,0.15299968421459198,0.09286468476057053,0.029416799545288086,0,2000,strong30k,0,0,42,0.0,0.4,walk
695,13.9,0.0,0.4000000059604645,0.3225257396697998,0.16752320528030396,0.07860107719898224,-0.009369667619466782,0,2000,strong30k,0,0,42,0.0,0.4,walk
696,13.92,0.0,0.4000000059604645,0.3221038579940796,0.18168297410011292,0.06328587979078293,-0.030870839953422546,0,2000,strong30k,0,0,42,0.0,0.4,walk
697,13.94,0.0,0.4000000059604645,0.3215484619140625,0.19465871155261993,0.04620136693120003,-0.045959144830703735,0,2000,strong30k,0,0,42,0.0,0.4,walk
698,13.96,0.0,0.4000000059604645,0.3208359479904175,0.20262491703033447,0.026911456137895584,-0.042699746787548065,0,2000,strong30k,0,0,42,0.0,0.4,walk
699,13.98,0.0,0.4000000059604645,0.31985020637512207,0.2057390809059143,0.00748795922845602,-0.020749136805534363,0,2000,strong30k,0,0,42,0.0,0.4,walk
700,14.0,0.0,0.4000000059604645,0.31808412075042725,0.20826122164726257,-0.013154441490769386,0.0657084584236145,0,2000,strong30k,0,0,42,0.0,0.4,walk
701,14.02,0.0,0.4000000059604645,0.31550848484039307,0.21010379493236542,-0.03551213815808296,0.12586189806461334,0,2000,strong30k,0,0,42,0.0,0.4,walk
702,14.040000000000001,0.0,0.4000000059604645,0.3127857446670532,0.20989887416362762,-0.05810758098959923,0.10703212767839432,0,2000,strong30k,0,0,42,0.0,0.4,walk
703,14.06,0.0,0.4000000059604645,0.3104208707809448,0.20681171119213104,-0.0753992423415184,0.029248367995023727,0,2000,strong30k,0,0,42,0.0,0.4,walk
704,14.08,0.0,0.4000000059604645,0.3091038465499878,0.1976756900548935,-0.082920141518116,-0.12054790556430817,0,2000,strong30k,0,0,42,0.0,0.4,walk
705,14.1,0.0,0.4000000059604645,0.31024670600891113,0.15215539932250977,-0.04625711590051651,-0.41910600662231445,0,2000,strong30k,0,0,42,0.0,0.4,walk
706,14.120000000000001,0.0,0.4000000059604645,0.30800020694732666,0.1337122768163681,-0.015209469012916088,0.2511921525001526,0,2000,strong30k,0,0,42,0.0,0.4,walk
707,14.14,0.0,0.4000000059604645,0.30253028869628906,0.11058249324560165,0.003713799174875021,0.3682858943939209,0,2000,strong30k,0,0,42,0.0,0.4,walk
708,14.16,0.0,0.4000000059604645,0.2968146800994873,0.0968160480260849,0.02071145363152027,0.35977357625961304,0,2000,strong30k,0,0,42,0.0,0.4,walk
709,14.18,0.0,0.4000000059604645,0.2916806936264038,0.09411708265542984,0.038785118609666824,0.3214970827102661,0,2000,strong30k,0,0,42,0.0,0.4,walk
710,14.200000000000001,0.0,0.4000000059604645,0.28711581230163574,0.0990961492061615,0.06066768988966942,0.2676078975200653,0,2000,strong30k,0,0,42,0.0,0.4,walk
711,14.22,0.0,0.4000000059604645,0.2837564945220947,0.11663588136434555,0.08094486594200134,0.18936124444007874,0,2000,strong30k,0,0,42,0.0,0.4,walk
712,14.24,0.0,0.4000000059604645,0.281577467918396,0.13861718773841858,0.10002562403678894,0.1272393763065338,0,2000,strong30k,0,0,42,0.0,0.4,walk
713,14.26,0.0,0.4000000059604645,0.2802048921585083,0.16185316443443298,0.11866208165884018,0.107447549700737,0,2000,strong30k,0,0,42,0.0,0.4,walk
714,14.280000000000001,0.0,0.4000000059604645,0.27925074100494385,0.17696844041347504,0.1399187296628952,0.07892044633626938,0,2000,strong30k,0,0,42,0.0,0.4,walk
715,14.3,0.0,0.4000000059604645,0.27861034870147705,0.1953844279050827,0.16141673922538757,0.10122456401586533,0,2000,strong30k,0,0,42,0.0,0.4,walk
716,14.32,0.0,0.4000000059604645,0.2781107425689697,0.21376800537109375,0.18451757729053497,0.11471772193908691,0,2000,strong30k,0,0,42,0.0,0.4,walk
717,14.34,0.0,0.4000000059604645,0.2776505947113037,0.22885726392269135,0.21214868128299713,0.14145830273628235,0,2000,strong30k,0,0,42,0.0,0.4,walk
718,14.36,0.0,0.4000000059604645,0.2771495580673218,0.2408897578716278,0.24311737716197968,0.1737595796585083,0,2000,strong30k,0,0,42,0.0,0.4,walk
719,14.38,0.0,0.4000000059604645,0.27668654918670654,0.24804916977882385,0.2780974507331848,0.18006867170333862,0,2000,strong30k,0,0,42,0.0,0.4,walk
720,14.4,0.0,0.4000000059604645,0.27633750438690186,0.2507094740867615,0.3175012469291687,0.17725691199302673,0,2000,strong30k,0,0,42,0.0,0.4,walk
721,14.42,0.0,0.4000000059604645,0.27605199813842773,0.2510361075401306,0.36021673679351807,0.1827571839094162,0,2000,strong30k,0,0,42,0.0,0.4,walk
722,14.44,0.0,0.4000000059604645,0.2753807306289673,0.2484004944562912,0.40659889578819275,0.22187092900276184,0,2000,strong30k,0,0,42,0.0,0.4,walk
723,14.46,0.0,0.4000000059604645,0.2739986181259155,0.245580792427063,0.4533800184726715,0.2861174941062927,0,2000,strong30k,0,0,42,0.0,0.4,walk
724,14.48,0.0,0.4000000059604645,0.2725621461868286,0.23986567556858063,0.49660524725914,0.2534005641937256,0,2000,strong30k,0,0,42,0.0,0.4,walk
725,14.5,0.0,0.4000000059604645,0.27115607261657715,0.20261482894420624,0.4705504775047302,0.1333068162202835,0,2000,strong30k,0,0,42,0.0,0.4,walk
726,14.52,0.0,0.4000000059604645,0.27137696743011475,0.16624660789966583,0.3854605555534363,-0.005210486240684986,0,2000,strong30k,0,0,42,0.0,0.4,walk
727,14.540000000000001,0.0,0.4000000059604645,0.2738133668899536,0.1450679749250412,0.33092495799064636,-0.07248032093048096,0,2000,strong30k,0,0,42,0.0,0.4,walk
728,14.56,0.0,0.4000000059604645,0.2755635976791382,0.13230189681053162,0.29696401953697205,0.06790224462747574,0,2000,strong30k,0,0,42,0.0,0.4,walk
729,14.58,0.0,0.4000000059604645,0.2760934829711914,0.1235291138291359,0.26560044288635254,0.146396666765213,0,2000,strong30k,0,0,42,0.0,0.4,walk
730,14.6,0.0,0.4000000059604645,0.2761155366897583,0.11770809441804886,0.23343147337436676,0.1647646725177765,0,2000,strong30k,0,0,42,0.0,0.4,walk
731,14.620000000000001,0.0,0.4000000059604645,0.2762167453765869,0.11452201008796692,0.20321737229824066,0.10693879425525665,0,2000,strong30k,0,0,42,0.0,0.4,walk
732,14.64,0.0,0.4000000059604645,0.2767881155014038,0.11882869154214859,0.1791875809431076,0.04172908142209053,0,2000,strong30k,0,0,42,0.0,0.4,walk
733,14.66,0.0,0.4000000059604645,0.27763116359710693,0.12048831582069397,0.1568860113620758,0.017265254631638527,0,2000,strong30k,0,0,42,0.0,0.4,walk
734,14.68,0.0,0.4000000059604645,0.2777000665664673,0.12708991765975952,0.13867230713367462,0.07929368317127228,0,2000,strong30k,0,0,42,0.0,0.4,walk
735,14.700000000000001,0.0,0.4000000059604645,0.2776784896850586,0.13177917897701263,0.11774958670139313,0.038700368255376816,0,2000,strong30k,0,0,42,0.0,0.4,walk
736,14.72,0.0,0.4000000059604645,0.27749550342559814,0.14324963092803955,0.10170596837997437,0.027958963066339493,0,2000,strong30k,0,0,42,0.0,0.4,walk
737,14.74,0.0,0.4000000059604645,0.27714967727661133,0.15892371535301208,0.08772431313991547,0.0018593359272927046,0,2000,strong30k,0,0,42,0.0,0.4,walk
738,14.76,0.0,0.4000000059604645,0.27672290802001953,0.17523345351219177,0.0728343278169632,-0.020191971212625504,0,2000,strong30k,0,0,42,0.0,0.4,walk
739,14.780000000000001,0.0,0.4000000059604645,0.27621328830718994,0.19012786448001862,0.05604266747832298,-0.04223276674747467,0,2000,strong30k,0,0,42,0.0,0.4,walk
740,14.8,0.0,0.4000000059604645,0.27551841735839844,0.201601043343544,0.03827608749270439,-0.04567647725343704,0,2000,strong30k,0,0,42,0.0,0.4,walk
741,14.82,0.0,0.4000000059604645,0.2746683359146118,0.20728902518749237,0.018017549067735672,-0.039017900824546814,0,2000,strong30k,0,0,42,0.0,0.4,walk
742,14.84,0.0,0.4000000059604645,0.27332937717437744,0.21067598462104797,-0.002065732143819332,0.014549225568771362,0,2000,strong30k,0,0,42,0.0,0.4,walk
743,14.86,0.0,0.4000000059604645,0.27116966247558594,0.21379998326301575,-0.02385546825826168,0.09048151969909668,0,2000,strong30k,0,0,42,0.0,0.4,walk
744,14.88,0.0,0.4000000059604645,0.26879608631134033,0.21401770412921906,-0.04655111953616142,0.08386190235614777,0,2000,strong30k,0,0,42,0.0,0.4,walk
745,14.9,0.0,0.4000000059604645,0.26667582988739014,0.21334588527679443,-0.067210353910923,0.030038978904485703,0,2000,strong30k,0,0,42,0.0,0.4,walk
746,14.92,0.0,0.4000000059604645,0.2651587724685669,0.20713794231414795,-0.08133616298437119,-0.07133711874485016,0,2000,strong30k,0,0,42,0.0,0.4,walk
747,14.94,0.0,0.4000000059604645,0.26498842239379883,0.1818830668926239,-0.06979341059923172,-0.4499611258506775,0,2000,strong30k,0,0,42,0.0,0.4,walk
748,14.96,0.0,0.4000000059604645,0.2656461000442505,0.1556432843208313,-0.026428503915667534,0.029774915426969528,0,2000,strong30k,0,0,42,0.0,0.4,walk
749,14.98,0.0,0.4000000059604645,0.26159775257110596,0.12944535911083221,-0.006201912648975849,0.26684534549713135,0,2000,strong30k,0,0,42,0.0,0.4,walk
750,15.0,0.0,0.4000000059604645,0.2568472623825073,0.11106762290000916,0.009595882147550583,0.28138551115989685,0,2000,strong30k,0,0,42,0.0,0.4,walk
751,15.02,0.0,0.4000000059604645,0.251778244972229,0.10174723714590073,0.028286047279834747,0.319388210773468,0,2000,strong30k,0,0,42,0.0,0.4,walk
752,15.040000000000001,0.0,0.4000000059604645,0.24722588062286377,0.10348773002624512,0.04638050124049187,0.2735617756843567,0,2000,strong30k,0,0,42,0.0,0.4,walk
753,15.06,0.0,0.4000000059604645,0.24348247051239014,0.10600028187036514,0.06730182468891144,0.20363271236419678,0,2000,strong30k,0,0,42,0.0,0.4,walk
754,15.08,0.0,0.4000000059604645,0.24102795124053955,0.12293139845132828,0.08586327731609344,0.12815812230110168,0,2000,strong30k,0,0,42,0.0,0.4,walk
755,15.1,0.0,0.4000000059604645,0.2395113706588745,0.14088785648345947,0.10389641672372818,0.08684203028678894,0,2000,strong30k,0,0,42,0.0,0.4,walk
756,15.120000000000001,0.0,0.4000000059604645,0.23863160610198975,0.15829028189182281,0.1222376897931099,0.062296994030475616,0,2000,strong30k,0,0,42,0.0,0.4,walk
757,15.14,0.0,0.4000000059604645,0.23808825016021729,0.17478466033935547,0.14149175584316254,0.07808788120746613,0,2000,strong30k,0,0,42,0.0,0.4,walk
758,15.16,0.0,0.4000000059604645,0.2378290891647339,0.19156096875667572,0.16295155882835388,0.07333092391490936,0,2000,strong30k,0,0,42,0.0,0.4,walk
759,15.18,0.0,0.4000000059604645,0.23758471012115479,0.20750205218791962,0.18909412622451782,0.1102791354060173,0,2000,strong30k,0,0,42,0.0,0.4,walk
760,15.200000000000001,0.0,0.4000000059604645,0.23724114894866943,0.22091101109981537,0.2179587334394455,0.14554966986179352,0,2000,strong30k,0,0,42,0.0,0.4,walk
761,15.22,0.0,0.4000000059604645,0.23693883419036865,0.23138581216335297,0.24974533915519714,0.1572834551334381,0,2000,strong30k,0,0,42,0.0,0.4,walk
762,15.24,0.0,0.4000000059604645,0.23681652545928955,0.23621591925621033,0.2862662971019745,0.14446456730365753,0,2000,strong30k,0,0,42,0.0,0.4,walk
763,15.26,0.0,0.4000000059604645,0.23688268661499023,0.23760606348514557,0.3265094459056854,0.13904601335525513,0,2000,strong30k,0,0,42,0.0,0.4,walk
764,15.280000000000001,0.0,0.4000000059604645,0.23692762851715088,0.2375166267156601,0.3699345588684082,0.15183161199092865,0,2000,strong30k,0,0,42,0.0,0.4,walk
765,15.3,0.0,0.4000000059604645,0.23636269569396973,0.23527298867702484,0.4162481427192688,0.2123449444770813,0,2000,strong30k,0,0,42,0.0,0.4,walk
766,15.32,0.0,0.4000000059604645,0.23515594005584717,0.23176489770412445,0.46120643615722656,0.26350289583206177,0,2000,strong30k,0,0,42,0.0,0.4,walk
767,15.34,0.0,0.4000000059604645,0.2341536283493042,0.22476407885551453,0.4986231327056885,0.19869783520698547,0,2000,strong30k,0,0,42,0.0,0.4,walk
768,15.36,0.0,0.4000000059604645,0.2329956293106079,0.1727524995803833,0.4284000098705292,0.16519741714000702,0,2000,strong30k,0,0,42,0.0,0.4,walk
769,15.38,0.0,0.4000000059604645,0.23458588123321533,0.1447664350271225,0.3640277683734894,-0.10640309751033783,0,2000,strong30k,0,0,42,0.0,0.4,walk
770,15.4,0.0,0.4000000059604645,0.23710405826568604,0.12593623995780945,0.3193822205066681,-0.030906977131962776,0,2000,strong30k,0,0,42,0.0,0.4,walk
771,15.42,0.0,0.4000000059604645,0.23846781253814697,0.11934707313776016,0.28737661242485046,0.0753471702337265,0,2000,strong30k,0,0,42,0.0,0.4,walk
772,15.44,0.0,0.4000000059604645,0.23930227756500244,0.10731599479913712,0.25471124053001404,0.09727100282907486,0,2000,strong30k,0,0,42,0.0,0.4,walk
773,15.46,0.0,0.4000000059604645,0.2401336431503296,0.10127339512109756,0.22219139337539673,0.05877161771059036,0,2000,strong30k,0,0,42,0.0,0.4,walk
774,15.48,0.0,0.4000000059604645,0.24089229106903076,0.09943342208862305,0.19632062315940857,0.04753934592008591,0,2000,strong30k,0,0,42,0.0,0.4,walk
775,15.5,0.0,0.4000000059604645,0.24178612232208252,0.10027612000703812,0.17196819186210632,0.0111188730224967,0,2000,strong30k,0,0,42,0.0,0.4,walk
776,15.52,0.0,0.4000000059604645,0.24230945110321045,0.1055803894996643,0.15246187150478363,0.04903029650449753,0,2000,strong30k,0,0,42,0.0,0.4,walk
777,15.540000000000001,0.0,0.4000000059604645,0.24241280555725098,0.11189904063940048,0.13282155990600586,0.03994680568575859,0,2000,strong30k,0,0,42,0.0,0.4,walk
778,15.56,0.0,0.4000000059604645,0.24239766597747803,0.11881770193576813,0.11376581341028214,0.02500748448073864,0,2000,strong30k,0,0,42,0.0,0.4,walk
779,15.58,0.0,0.4000000059604645,0.24222195148468018,0.13075506687164307,0.098361536860466,0.00427398132160306,0,2000,strong30k,0,0,42,0.0,0.4,walk
780,15.6,0.0,0.4000000059604645,0.24201905727386475,0.1447097659111023,0.083807572722435,-0.028932172805070877,0,2000,strong30k,0,0,42,0.0,0.4,walk
781,15.620000000000001,0.0,0.4000000059604645,0.24172937870025635,0.15938520431518555,0.06790738552808762,-0.04474187642335892,0,2000,strong30k,0,0,42,0.0,0.4,walk
782,15.64,0.0,0.4000000059604645,0.24122440814971924,0.1721043586730957,0.05109967291355133,-0.0556892454624176,0,2000,strong30k,0,0,42,0.0,0.4,walk
783,15.66,0.0,0.4000000059604645,0.24056661128997803,0.17903479933738708,0.03188890963792801,-0.05451538413763046,0,2000,strong30k,0,0,42,0.0,0.4,walk
784,15.68,0.0,0.4000000059604645,0.23966312408447266,0.18116194009780884,0.01125453319400549,-0.031115977093577385,0,2000,strong30k,0,0,42,0.0,0.4,walk
785,15.700000000000001,0.0,0.4000000059604645,0.23801028728485107,0.18308646976947784,-0.009798438288271427,0.04475909471511841,0,2000,strong30k,0,0,42,0.0,0.4,walk
786,15.72,0.0,0.4000000059604645,0.23573529720306396,0.1832813173532486,-0.032510120421648026,0.09105198085308075,0,2000,strong30k,0,0,42,0.0,0.4,walk
787,15.74,0.0,0.4000000059604645,0.23337805271148682,0.18240927159786224,-0.05523411184549332,0.07090496271848679,0,2000,strong30k,0,0,42,0.0,0.4,walk
788,15.76,0.0,0.4000000059604645,0.23132860660552979,0.1786145120859146,-0.0731593668460846,0.0014482527039945126,0,2000,strong30k,0,0,42,0.0,0.4,walk
789,15.780000000000001,0.0,0.4000000059604645,0.23011600971221924,0.169053316116333,-0.08077262341976166,-0.11468534171581268,0,2000,strong30k,0,0,42,0.0,0.4,walk
790,15.8,0.0,0.4000000059604645,0.2312086820602417,0.12657734751701355,-0.03823482617735863,-0.2401520013809204,0,2000,strong30k,0,0,42,0.0,0.4,walk
791,15.82,0.0,0.4000000059604645,0.22842943668365479,0.10780087858438492,-0.012251218780875206,0.23916855454444885,0,2000,strong30k,0,0,42,0.0,0.4,walk
792,15.84,0.0,0.4000000059604645,0.2235172986984253,0.08751429617404938,0.007286935579031706,0.2983221411705017,0,2000,strong30k,0,0,42,0.0,0.4,walk
793,15.860000000000001,0.0,0.4000000059604645,0.21862387657165527,0.07637559622526169,0.025068338960409164,0.27260610461235046,0,2000,strong30k,0,0,42,0.0,0.4,walk
794,15.88,0.0,0.4000000059604645,0.214424729347229,0.07599933445453644,0.042859237641096115,0.23239567875862122,0,2000,strong30k,0,0,42,0.0,0.4,walk
795,15.9,0.0,0.4000000059604645,0.2107149362564087,0.08261944353580475,0.06525975465774536,0.18838778138160706,0,2000,strong30k,0,0,42,0.0,0.4,walk
796,15.92,0.0,0.4000000059604645,0.20811474323272705,0.10092020779848099,0.08574850112199783,0.12159454822540283,0,2000,strong30k,0,0,42,0.0,0.4,walk
797,15.94,0.0,0.4000000059604645,0.20649933815002441,0.12156438082456589,0.10534585267305374,0.076317697763443,0,2000,strong30k,0,0,42,0.0,0.4,walk
798,15.96,0.0,0.4000000059604645,0.20558631420135498,0.1436414122581482,0.12426456063985825,0.06340895593166351,0,2000,strong30k,0,0,42,0.0,0.4,walk
799,15.98,0.0,0.4000000059604645,0.20503270626068115,0.15917903184890747,0.1447935402393341,0.0474640391767025,0,2000,strong30k,0,0,42,0.0,0.4,walk
800,16.0,0.0,0.4000000059604645,0.20480716228485107,0.17614197731018066,0.16612377762794495,0.05747777968645096,0,2000,strong30k,0,0,42,0.0,0.4,walk
801,16.02,0.0,0.4000000059604645,0.2047196626663208,0.19381624460220337,0.189533531665802,0.07775754481554031,0,2000,strong30k,0,0,42,0.0,0.4,walk
802,16.04,0.0,0.4000000059604645,0.20458900928497314,0.20861844718456268,0.21735715866088867,0.11191330850124359,0,2000,strong30k,0,0,42,0.0,0.4,walk
803,16.06,0.0,0.4000000059604645,0.20441055297851562,0.2204575538635254,0.24826130270957947,0.14043208956718445,0,2000,strong30k,0,0,42,0.0,0.4,walk
804,16.080000000000002,0.0,0.4000000059604645,0.20430338382720947,0.22782230377197266,0.2831272482872009,0.14345431327819824,0,2000,strong30k,0,0,42,0.0,0.4,walk
805,16.1,0.0,0.4000000059604645,0.2043825387954712,0.23014457523822784,0.3225265145301819,0.12986822426319122,0,2000,strong30k,0,0,42,0.0,0.4,walk
806,16.12,0.0,0.4000000059604645,0.20470619201660156,0.2304038554430008,0.3650731146335602,0.11806705594062805,0,2000,strong30k,0,0,42,0.0,0.4,walk
807,16.14,0.0,0.4000000059604645,0.2047656774520874,0.22746267914772034,0.41166964173316956,0.15023432672023773,0,2000,strong30k,0,0,42,0.0,0.4,walk
808,16.16,0.0,0.4000000059604645,0.20410192012786865,0.22400163114070892,0.4589538872241974,0.2231713831424713,0,2000,strong30k,0,0,42,0.0,0.4,walk
809,16.18,0.0,0.4000000059604645,0.20315420627593994,0.21821582317352295,0.5007838010787964,0.21817129850387573,0,2000,strong30k,0,0,42,0.0,0.4,walk
810,16.2,0.0,0.4000000059604645,0.2018345594406128,0.18106244504451752,0.4749411940574646,0.14101839065551758,0,2000,strong30k,0,0,42,0.0,0.4,walk
811,16.22,0.0,0.4000000059604645,0.20223844051361084,0.14685091376304626,0.3882197439670563,-0.052698764950037,0,2000,strong30k,0,0,42,0.0,0.4,walk
812,16.240000000000002,0.0,0.4000000059604645,0.20510756969451904,0.12752601504325867,0.33549320697784424,-0.11949826776981354,0,2000,strong30k,0,0,42,0.0,0.4,walk
813,16.26,0.0,0.4000000059604645,0.20738661289215088,0.1140274852514267,0.30242791771888733,0.006258077919483185,0,2000,strong30k,0,0,42,0.0,0.4,walk
814,16.28,0.0,0.4000000059604645,0.20868384838104248,0.1044827550649643,0.26949694752693176,0.06042683124542236,0,2000,strong30k,0,0,42,0.0,0.4,walk
815,16.3,0.0,0.4000000059604645,0.20945656299591064,0.0983051136136055,0.2385670244693756,0.08964639902114868,0,2000,strong30k,0,0,42,0.0,0.4,walk
816,16.32,0.0,0.4000000059604645,0.21027600765228271,0.09455551952123642,0.20784902572631836,0.03482577204704285,0,2000,strong30k,0,0,42,0.0,0.4,walk
817,16.34,0.0,0.4000000059604645,0.21140968799591064,0.09923217445611954,0.1831953376531601,-0.009867792949080467,0,2000,strong30k,0,0,42,0.0,0.4,walk
818,16.36,0.0,0.4000000059604645,0.21269071102142334,0.10079655051231384,0.16045667231082916,-0.027772963047027588,0,2000,strong30k,0,0,42,0.0,0.4,walk
819,16.38,0.0,0.4000000059604645,0.21311211585998535,0.10755796730518341,0.14150871336460114,0.044515497982501984,0,2000,strong30k,0,0,42,0.0,0.4,walk
820,16.4,0.0,0.4000000059604645,0.21335089206695557,0.11290344595909119,0.12014733254909515,0.013994612731039524,0,2000,strong30k,0,0,42,0.0,0.4,walk
821,16.42,0.0,0.4000000059604645,0.21335995197296143,0.1245373860001564,0.10375376790761948,0.008305872790515423,0,2000,strong30k,0,0,42,0.0,0.4,walk
822,16.44,0.0,0.4000000059604645,0.21317541599273682,0.14066185057163239,0.08972854167222977,-0.01580885797739029,0,2000,strong30k,0,0,42,0.0,0.4,walk
823,16.46,0.0,0.4000000059604645,0.2128612995147705,0.1567620038986206,0.07486405968666077,-0.03280892223119736,0,2000,strong30k,0,0,42,0.0,0.4,walk
824,16.48,0.0,0.4000000059604645,0.21245062351226807,0.1718006581068039,0.05822920426726341,-0.056623198091983795,0,2000,strong30k,0,0,42,0.0,0.4,walk
825,16.5,0.0,0.4000000059604645,0.2118915319442749,0.18283924460411072,0.03999688848853111,-0.06570658832788467,0,2000,strong30k,0,0,42,0.0,0.4,walk
826,16.52,0.0,0.4000000059604645,0.21119725704193115,0.18773199617862701,0.019819650799036026,-0.05578179657459259,0,2000,strong30k,0,0,42,0.0,0.4,walk
827,16.54,0.0,0.4000000059604645,0.20998871326446533,0.19037532806396484,-0.0006551778642460704,-0.0030587755609303713,0,2000,strong30k,0,0,42,0.0,0.4,walk
828,16.56,0.0,0.4000000059604645,0.20801889896392822,0.19240936636924744,-0.02280750870704651,0.06907086074352264,0,2000,strong30k,0,0,42,0.0,0.4,walk
829,16.580000000000002,0.0,0.4000000059604645,0.20586037635803223,0.19202309846878052,-0.04544278234243393,0.060758523643016815,0,2000,strong30k,0,0,42,0.0,0.4,walk
830,16.6,0.0,0.4000000059604645,0.20395171642303467,0.1908159703016281,-0.06574223190546036,0.006166116800159216,0,2000,strong30k,0,0,42,0.0,0.4,walk
831,16.62,0.0,0.4000000059604645,0.2025662660598755,0.18409210443496704,-0.0792655274271965,-0.07258665561676025,0,2000,strong30k,0,0,42,0.0,0.4,walk
832,16.64,0.0,0.4000000059604645,0.20250070095062256,0.1511392742395401,-0.056846775114536285,-0.5423697233200073,0,2000,strong30k,0,0,42,0.0,0.4,walk
833,16.66,0.0,0.4000000059604645,0.2021850347518921,0.12525595724582672,-0.019649574533104897,0.10853932052850723,0,2000,strong30k,0,0,42,0.0,0.4,walk
834,16.68,0.0,0.4000000059604645,0.19747328758239746,0.10176701843738556,0.0017012947937473655,0.3327549993991852,0,2000,strong30k,0,0,42,0.0,0.4,walk
835,16.7,0.0,0.4000000059604645,0.192177414894104,0.08899768441915512,0.0185429397970438,0.3167286217212677,0,2000,strong30k,0,0,42,0.0,0.4,walk
836,16.72,0.0,0.4000000059604645,0.18740475177764893,0.08157870173454285,0.03551514446735382,0.25451788306236267,0,2000,strong30k,0,0,42,0.0,0.4,walk
837,16.740000000000002,0.0,0.4000000059604645,0.18342304229736328,0.08533278852701187,0.055919099599123,0.20807142555713654,0,2000,strong30k,0,0,42,0.0,0.4,walk
838,16.76,0.0,0.4000000059604645,0.1805945634841919,0.09891898185014725,0.07536511868238449,0.1115763783454895,0,2000,strong30k,0,0,42,0.0,0.4,walk
839,16.78,0.0,0.4000000059604645,0.17904460430145264,0.12000413984060287,0.0945279598236084,0.05364777892827988,0,2000,strong30k,0,0,42,0.0,0.4,walk
840,16.8,0.0,0.4000000059604645,0.1782822608947754,0.14072154462337494,0.11323859542608261,0.022428426891565323,0,2000,strong30k,0,0,42,0.0,0.4,walk
841,16.82,0.0,0.4000000059604645,0.17811214923858643,0.15417757630348206,0.1339370459318161,-0.012189596891403198,0,2000,strong30k,0,0,42,0.0,0.4,walk
842,16.84,0.0,0.4000000059604645,0.17813587188720703,0.17399747669696808,0.1532541662454605,0.03046949952840805,0,2000,strong30k,0,0,42,0.0,0.4,walk
843,16.86,0.0,0.4000000059604645,0.1782902479171753,0.1898229867219925,0.1743272840976715,0.0370781272649765,0,2000,strong30k,0,0,42,0.0,0.4,walk
844,16.88,0.0,0.4000000059604645,0.17846906185150146,0.20416732132434845,0.19998109340667725,0.07067231833934784,0,2000,strong30k,0,0,42,0.0,0.4,walk
845,16.9,0.0,0.4000000059604645,0.17856264114379883,0.21611271798610687,0.22922629117965698,0.10441379249095917,0,2000,strong30k,0,0,42,0.0,0.4,walk
846,16.92,0.0,0.4000000059604645,0.17868340015411377,0.22522492706775665,0.2616543471813202,0.12198417633771896,0,2000,strong30k,0,0,42,0.0,0.4,walk
847,16.94,0.0,0.4000000059604645,0.17893636226654053,0.22884570062160492,0.29908430576324463,0.11073631793260574,0,2000,strong30k,0,0,42,0.0,0.4,walk
848,16.96,0.0,0.4000000059604645,0.17940521240234375,0.22898489236831665,0.3400692343711853,0.09980486333370209,0,2000,strong30k,0,0,42,0.0,0.4,walk
849,16.98,0.0,0.4000000059604645,0.17992877960205078,0.2273915559053421,0.38444462418556213,0.10187669098377228,0,2000,strong30k,0,0,42,0.0,0.4,walk
850,17.0,0.0,0.4000000059604645,0.17987358570098877,0.2243940532207489,0.43148645758628845,0.16401055455207825,0,2000,strong30k,0,0,42,0.0,0.4,walk
851,17.02,0.0,0.4000000059604645,0.17919766902923584,0.22051294147968292,0.47693899273872375,0.21617460250854492,0,2000,strong30k,0,0,42,0.0,0.4,walk
852,17.04,0.0,0.4000000059604645,0.17860543727874756,0.20707161724567413,0.5061172246932983,0.2530936002731323,0,2000,strong30k,0,0,42,0.0,0.4,walk
853,17.06,0.0,0.4000000059604645,0.1769545078277588,0.1617061346769333,0.4227505922317505,0.13749830424785614,0,2000,strong30k,0,0,42,0.0,0.4,walk
854,17.080000000000002,0.0,0.4000000059604645,0.17903351783752441,0.13733191788196564,0.3620300590991974,-0.14103835821151733,0,2000,strong30k,0,0,42,0.0,0.4,walk
855,17.1,0.0,0.4000000059604645,0.18217623233795166,0.11463389545679092,0.3233383595943451,-0.1051577478647232,0,2000,strong30k,0,0,42,0.0,0.4,walk
856,17.12,0.0,0.4000000059604645,0.18439090251922607,0.1039949357509613,0.2917575538158417,-0.019218331202864647,0,2000,strong30k,0,0,42,0.0,0.4,walk
857,17.14,0.0,0.4000000059604645,0.1856926679611206,0.09556055068969727,0.2593194544315338,0.05486876517534256,0,2000,strong30k,0,0,42,0.0,0.4,walk
858,17.16,0.0,0.4000000059604645,0.18699371814727783,0.09092846512794495,0.22559216618537903,-0.012219900265336037,0,2000,strong30k,0,0,42,0.0,0.4,walk
859,17.18,0.0,0.4000000059604645,0.1885601282119751,0.09207001328468323,0.19861064851284027,-0.044480614364147186,0,2000,strong30k,0,0,42,0.0,0.4,walk
860,17.2,0.0,0.4000000059604645,0.19036376476287842,0.09164228290319443,0.1746245175600052,-0.06920835375785828,0,2000,strong30k,0,0,42,0.0,0.4,walk
861,17.22,0.0,0.4000000059604645,0.19113504886627197,0.09769029915332794,0.15610656142234802,0.03391754999756813,0,2000,strong30k,0,0,42,0.0,0.4,walk
862,17.240000000000002,0.0,0.4000000059604645,0.19136440753936768,0.10337043553590775,0.13392284512519836,0.030387822538614273,0,2000,strong30k,0,0,42,0.0,0.4,walk
863,17.26,0.0,0.4000000059604645,0.19134557247161865,0.11218063533306122,0.11467616260051727,0.029932184144854546,0,2000,strong30k,0,0,42,0.0,0.4,walk
864,17.28,0.0,0.4000000059604645,0.19104468822479248,0.12694814801216125,0.09973634034395218,0.012111787684261799,0,2000,strong30k,0,0,42,0.0,0.4,walk
865,17.3,0.0,0.4000000059604645,0.1906949281692505,0.14321056008338928,0.0851982831954956,-0.02091374807059765,0,2000,strong30k,0,0,42,0.0,0.4,walk
866,17.32,0.0,0.4000000059604645,0.1903320550918579,0.1583040952682495,0.06966417282819748,-0.048211004585027695,0,2000,strong30k,0,0,42,0.0,0.4,walk
867,17.34,0.0,0.4000000059604645,0.1898735761642456,0.1711941957473755,0.052429333329200745,-0.06738537549972534,0,2000,strong30k,0,0,42,0.0,0.4,walk
868,17.36,0.0,0.4000000059604645,0.189353346824646,0.1779743880033493,0.033173784613609314,-0.07557925581932068,0,2000,strong30k,0,0,42,0.0,0.4,walk
869,17.38,0.0,0.4000000059604645,0.1886047124862671,0.18038782477378845,0.01312222983688116,-0.05406121909618378,0,2000,strong30k,0,0,42,0.0,0.4,walk
870,17.400000000000002,0.0,0.4000000059604645,0.18716156482696533,0.1821170151233673,-0.007436198648065329,0.02057729661464691,0,2000,strong30k,0,0,42,0.0,0.4,walk
871,17.42,0.0,0.4000000059604645,0.18524086475372314,0.18246370553970337,-0.029886728152632713,0.05118180811405182,0,2000,strong30k,0,0,42,0.0,0.4,walk
872,17.44,0.0,0.4000000059604645,0.18334758281707764,0.18114995956420898,-0.05189497396349907,0.022538892924785614,0,2000,strong30k,0,0,42,0.0,0.4,walk
873,17.46,0.0,0.4000000059604645,0.1816800832748413,0.17678885161876678,-0.0692058801651001,-0.025047248229384422,0,2000,strong30k,0,0,42,0.0,0.4,walk
874,17.48,0.0,0.4000000059604645,0.18067467212677002,0.1668918877840042,-0.07682354748249054,-0.12471140921115875,0,2000,strong30k,0,0,42,0.0,0.4,walk
875,17.5,0.0,0.4000000059604645,0.18185818195343018,0.12788410484790802,-0.029856126755475998,-0.11303435266017914,0,2000,strong30k,0,0,42,0.0,0.4,walk
876,17.52,0.0,0.4000000059604645,0.17894387245178223,0.10369314253330231,-0.006811222527176142,0.18066436052322388,0,2000,strong30k,0,0,42,0.0,0.4,walk
877,17.54,0.0,0.4000000059604645,0.17492401599884033,0.08511950820684433,0.01055057905614376,0.19373278319835663,0,2000,strong30k,0,0,42,0.0,0.4,walk
878,17.56,0.0,0.4000000059604645,0.1711190938949585,0.0757535919547081,0.028319697827100754,0.17286720871925354,0,2000,strong30k,0,0,42,0.0,0.4,walk
879,17.580000000000002,0.0,0.4000000059604645,0.1678394079208374,0.07510356605052948,0.04674825072288513,0.14432764053344727,0,2000,strong30k,0,0,42,0.0,0.4,walk
880,17.6,0.0,0.4000000059604645,0.1648949384689331,0.08331210911273956,0.06793244928121567,0.1382599174976349,0,2000,strong30k,0,0,42,0.0,0.4,walk
881,17.62,0.0,0.4000000059604645,0.16275131702423096,0.09936036169528961,0.08812804520130157,0.0852215588092804,0,2000,strong30k,0,0,42,0.0,0.4,walk
882,17.64,0.0,0.4000000059604645,0.16138076782226562,0.1191939190030098,0.10750508308410645,0.06711815297603607,0,2000,strong30k,0,0,42,0.0,0.4,walk
883,17.66,0.0,0.4000000059604645,0.1605130434036255,0.13935540616512299,0.1266845017671585,0.057958170771598816,0,2000,strong30k,0,0,42,0.0,0.4,walk
884,17.68,0.0,0.4000000059604645,0.16000306606292725,0.15556760132312775,0.1463075876235962,0.04992351680994034,0,2000,strong30k,0,0,42,0.0,0.4,walk
885,17.7,0.0,0.4000000059604645,0.15980064868927002,0.17214736342430115,0.16714496910572052,0.057094838470220566,0,2000,strong30k,0,0,42,0.0,0.4,walk
886,17.72,0.0,0.4000000059604645,0.15971648693084717,0.1882341057062149,0.1915367692708969,0.07266905903816223,0,2000,strong30k,0,0,42,0.0,0.4,walk
887,17.740000000000002,0.0,0.4000000059604645,0.15966343879699707,0.2027587592601776,0.21945950388908386,0.09982569515705109,0,2000,strong30k,0,0,42,0.0,0.4,walk
888,17.76,0.0,0.4000000059604645,0.15964090824127197,0.2152031809091568,0.2501888871192932,0.11950581520795822,0,2000,strong30k,0,0,42,0.0,0.4,walk
889,17.78,0.0,0.4000000059604645,0.1597665548324585,0.22344902157783508,0.28491440415382385,0.11462234705686569,0,2000,strong30k,0,0,42,0.0,0.4,walk
890,17.8,0.0,0.4000000059604645,0.16017043590545654,0.22677485644817352,0.32381075620651245,0.09359028935432434,0,2000,strong30k,0,0,42,0.0,0.4,walk
891,17.82,0.0,0.4000000059604645,0.16088402271270752,0.22804269194602966,0.3657628893852234,0.07824509590864182,0,2000,strong30k,0,0,42,0.0,0.4,walk
892,17.84,0.0,0.4000000059604645,0.16136515140533447,0.22611138224601746,0.4117482006549835,0.11066285520792007,0,2000,strong30k,0,0,42,0.0,0.4,walk
893,17.86,0.0,0.4000000059604645,0.1610879898071289,0.22295230627059937,0.45862480998039246,0.18968842923641205,0,2000,strong30k,0,0,42,0.0,0.4,walk
894,17.88,0.0,0.4000000059604645,0.1603783369064331,0.21745464205741882,0.5003360509872437,0.20468807220458984,0,2000,strong30k,0,0,42,0.0,0.4,walk
895,17.900000000000002,0.0,0.4000000059604645,0.15914702415466309,0.1782693862915039,0.47709450125694275,0.19831344485282898,0,2000,strong30k,0,0,42,0.0,0.4,walk
896,17.92,0.0,0.4000000059604645,0.15960824489593506,0.14672476053237915,0.39248302578926086,-0.07182827591896057,0,2000,strong30k,0,0,42,0.0,0.4,walk
897,17.94,0.0,0.4000000059604645,0.16289293766021729,0.12495733797550201,0.33872345089912415,-0.1661372184753418,0,2000,strong30k,0,0,42,0.0,0.4,walk
898,17.96,0.0,0.4000000059604645,0.16579711437225342,0.11020832508802414,0.3056251108646393,-0.056130215525627136,0,2000,strong30k,0,0,42,0.0,0.4,walk
899,17.98,0.0,0.4000000059604645,0.16761457920074463,0.09990737587213516,0.2736819088459015,0.015331652015447617,0,2000,strong30k,0,0,42,0.0,0.4,walk
900,18.0,0.0,0.4000000059604645,0.16873657703399658,0.09400530159473419,0.24073390662670135,0.06025739014148712,0,2000,strong30k,0,0,42,0.0,0.4,walk
901,18.02,0.0,0.4000000059604645,0.16982996463775635,0.09039661288261414,0.20988105237483978,0.010211962275207043,0,2000,strong30k,0,0,42,0.0,0.4,walk
902,18.04,0.0,0.4000000059604645,0.17120587825775146,0.09547042101621628,0.18531687557697296,-0.03779172524809837,0,2000,strong30k,0,0,42,0.0,0.4,walk
903,18.06,0.0,0.4000000059604645,0.17272913455963135,0.0967654436826706,0.16204605996608734,-0.04975958913564682,0,2000,strong30k,0,0,42,0.0,0.4,walk
904,18.080000000000002,0.0,0.4000000059604645,0.17334234714508057,0.10342824459075928,0.14308954775333405,0.0242278091609478,0,2000,strong30k,0,0,42,0.0,0.4,walk
905,18.1,0.0,0.4000000059604645,0.17376172542572021,0.1084277331829071,0.12121579051017761,-0.0015115293208509684,0,2000,strong30k,0,0,42,0.0,0.4,walk
906,18.12,0.0,0.4000000059604645,0.1739422082901001,0.12004785239696503,0.10441100597381592,-0.0073976097628474236,0,2000,strong30k,0,0,42,0.0,0.4,walk
907,18.14,0.0,0.4000000059604645,0.17388451099395752,0.13582146167755127,0.09034893661737442,-0.027124419808387756,0,2000,strong30k,0,0,42,0.0,0.4,walk
908,18.16,0.0,0.4000000059604645,0.17369353771209717,0.15156146883964539,0.07544109225273132,-0.04546213895082474,0,2000,strong30k,0,0,42,0.0,0.4,walk
909,18.18,0.0,0.4000000059604645,0.17336690425872803,0.16611047089099884,0.05887813866138458,-0.06417470425367355,0,2000,strong30k,0,0,42,0.0,0.4,walk
910,18.2,0.0,0.4000000059604645,0.17286944389343262,0.17625834047794342,0.04057549685239792,-0.07199005037546158,0,2000,strong30k,0,0,42,0.0,0.4,walk
911,18.22,0.0,0.4000000059604645,0.17223656177520752,0.18027254939079285,0.020281681790947914,-0.06589408218860626,0,2000,strong30k,0,0,42,0.0,0.4,walk
912,18.240000000000002,0.0,0.4000000059604645,0.17110931873321533,0.18180084228515625,-0.0001261082652490586,-0.011639891192317009,0,2000,strong30k,0,0,42,0.0,0.4,walk
913,18.26,0.0,0.4000000059604645,0.16926634311676025,0.18321844935417175,-0.021774662658572197,0.0507473461329937,0,2000,strong30k,0,0,42,0.0,0.4,walk
914,18.28,0.0,0.4000000059604645,0.16731774806976318,0.18204157054424286,-0.044637538492679596,0.038177330046892166,0,2000,strong30k,0,0,42,0.0,0.4,walk
915,18.3,0.0,0.4000000059604645,0.165596604347229,0.1801556795835495,-0.06489376723766327,-0.008765598759055138,0,2000,strong30k,0,0,42,0.0,0.4,walk
916,18.32,0.0,0.4000000059604645,0.1642857789993286,0.1732407957315445,-0.07792676985263824,-0.07176212966442108,0,2000,strong30k,0,0,42,0.0,0.4,walk
917,18.34,0.0,0.4000000059604645,0.164251446723938,0.13739454746246338,-0.05125890299677849,-0.5193544030189514,0,2000,strong30k,0,0,42,0.0,0.4,walk
918,18.36,0.0,0.4000000059604645,0.16363275051116943,0.1134454756975174,-0.01805686764419079,0.10441403090953827,0,2000,strong30k,0,0,42,0.0,0.4,walk
919,18.38,0.0,0.4000000059604645,0.15907776355743408,0.09151369333267212,0.0034734406508505344,0.31516528129577637,0,2000,strong30k,0,0,42,0.0,0.4,walk
920,18.400000000000002,0.0,0.4000000059604645,0.15394771099090576,0.08059953898191452,0.020473504438996315,0.2989411950111389,0,2000,strong30k,0,0,42,0.0,0.4,walk
921,18.42,0.0,0.4000000059604645,0.14947474002838135,0.07393546402454376,0.036986302584409714,0.22030234336853027,0,2000,strong30k,0,0,42,0.0,0.4,walk
922,18.44,0.0,0.4000000059604645,0.14578258991241455,0.07894574850797653,0.05775237828493118,0.1773768663406372,0,2000,strong30k,0,0,42,0.0,0.4,walk
923,18.46,0.0,0.4000000059604645,0.14328086376190186,0.09546565264463425,0.07668478041887283,0.08012229204177856,0,2000,strong30k,0,0,42,0.0,0.4,walk
924,18.48,0.0,0.4000000059604645,0.14203059673309326,0.1175166592001915,0.09567596018314362,0.02752752974629402,0,2000,strong30k,0,0,42,0.0,0.4,walk
925,18.5,0.0,0.4000000059604645,0.14151394367218018,0.1386258453130722,0.11441254615783691,0.0026123393326997757,0,2000,strong30k,0,0,42,0.0,0.4,walk
926,18.52,0.0,0.4000000059604645,0.141548752784729,0.15207327902317047,0.1353958249092102,-0.031977083534002304,0,2000,strong30k,0,0,42,0.0,0.4,walk
927,18.54,0.0,0.4000000059604645,0.14175665378570557,0.17221768200397491,0.1547774076461792,0.01166190579533577,0,2000,strong30k,0,0,42,0.0,0.4,walk
928,18.56,0.0,0.4000000059604645,0.14208662509918213,0.18795718252658844,0.17559480667114258,0.020443066954612732,0,2000,strong30k,0,0,42,0.0,0.4,walk
929,18.580000000000002,0.0,0.4000000059604645,0.14245033264160156,0.20189325511455536,0.20110775530338287,0.05132050812244415,0,2000,strong30k,0,0,42,0.0,0.4,walk
930,18.6,0.0,0.4000000059604645,0.14275610446929932,0.21362106502056122,0.23027707636356354,0.08303547650575638,0,2000,strong30k,0,0,42,0.0,0.4,walk
931,18.62,0.0,0.4000000059604645,0.14308464527130127,0.22267496585845947,0.2627180814743042,0.10277927666902542,0,2000,strong30k,0,0,42,0.0,0.4,walk
932,18.64,0.0,0.4000000059604645,0.14353787899017334,0.2262466996908188,0.30018261075019836,0.09056159853935242,0,2000,strong30k,0,0,42,0.0,0.4,walk
933,18.66,0.0,0.4000000059604645,0.1442502737045288,0.2263813018798828,0.3410401940345764,0.07367035001516342,0,2000,strong30k,0,0,42,0.0,0.4,walk
934,18.68,0.0,0.4000000059604645,0.14507615566253662,0.2247147262096405,0.3853710889816284,0.07064206153154373,0,2000,strong30k,0,0,42,0.0,0.4,walk
935,18.7,0.0,0.4000000059604645,0.1453481912612915,0.22164955735206604,0.43247362971305847,0.13280925154685974,0,2000,strong30k,0,0,42,0.0,0.4,walk
936,18.72,0.0,0.4000000059604645,0.1449660062789917,0.21783064305782318,0.4780673682689667,0.19136181473731995,0,2000,strong30k,0,0,42,0.0,0.4,walk
937,18.740000000000002,0.0,0.4000000059604645,0.14457738399505615,0.2053341418504715,0.507371187210083,0.23306012153625488,0,2000,strong30k,0,0,42,0.0,0.4,walk
938,18.76,0.0,0.4000000059604645,0.14309489727020264,0.15911707282066345,0.42284250259399414,0.11204848438501358,0,2000,strong30k,0,0,42,0.0,0.4,walk
939,18.78,0.0,0.4000000059604645,0.14545953273773193,0.134626105427742,0.3632364571094513,-0.16913987696170807,0,2000,strong30k,0,0,42,0.0,0.4,walk
940,18.8,0.0,0.4000000059604645,0.14886200428009033,0.1112746149301529,0.32540133595466614,-0.1258372813463211,0,2000,strong30k,0,0,42,0.0,0.4,walk
941,18.82,0.0,0.4000000059604645,0.15127527713775635,0.10069555789232254,0.2931578755378723,-0.03691296651959419,0,2000,strong30k,0,0,42,0.0,0.4,walk
942,18.84,0.0,0.4000000059604645,0.1527622938156128,0.09191139042377472,0.2610521912574768,0.036227695643901825,0,2000,strong30k,0,0,42,0.0,0.4,walk
943,18.86,0.0,0.4000000059604645,0.15427541732788086,0.08680670708417892,0.22618195414543152,-0.030465800315141678,0,2000,strong30k,0,0,42,0.0,0.4,walk
944,18.88,0.0,0.4000000059604645,0.15603578090667725,0.08850651234388351,0.19931277632713318,-0.05967891961336136,0,2000,strong30k,0,0,42,0.0,0.4,walk
945,18.900000000000002,0.0,0.4000000059604645,0.15798842906951904,0.0878743976354599,0.17462211847305298,-0.0842442587018013,0,2000,strong30k,0,0,42,0.0,0.4,walk
946,18.92,0.0,0.4000000059604645,0.1588815450668335,0.09439363330602646,0.1558731198310852,0.026366526260972023,0,2000,strong30k,0,0,42,0.0,0.4,walk
947,18.94,0.0,0.4000000059604645,0.15927493572235107,0.10052493959665298,0.13394393026828766,0.014347671531140804,0,2000,strong30k,0,0,42,0.0,0.4,walk
948,18.96,0.0,0.4000000059604645,0.15946030616760254,0.1099126935005188,0.11482072621583939,0.00562569685280323,0,2000,strong30k,0,0,42,0.0,0.4,walk
949,18.98,0.0,0.4000000059604645,0.15939462184906006,0.12488403916358948,0.09983423352241516,-0.010615736246109009,0,2000,strong30k,0,0,42,0.0,0.4,walk
950,19.0,0.0,0.4000000059604645,0.15922880172729492,0.14070375263690948,0.08495680242776871,-0.03526967391371727,0,2000,strong30k,0,0,42,0.0,0.4,walk
951,19.02,0.0,0.4000000059604645,0.15899264812469482,0.15601052343845367,0.06894980370998383,-0.05926115810871124,0,2000,strong30k,0,0,42,0.0,0.4,walk
952,19.04,0.0,0.4000000059604645,0.1586158275604248,0.1687922328710556,0.05155863240361214,-0.0745168998837471,0,2000,strong30k,0,0,42,0.0,0.4,walk
953,19.06,0.0,0.4000000059604645,0.15812575817108154,0.17541565001010895,0.03222229704260826,-0.07899342477321625,0,2000,strong30k,0,0,42,0.0,0.4,walk
954,19.080000000000002,0.0,0.4000000059604645,0.15739476680755615,0.1774439662694931,0.012052047066390514,-0.05421329289674759,0,2000,strong30k,0,0,42,0.0,0.4,walk
955,19.1,0.0,0.4000000059604645,0.15596354007720947,0.17943927645683289,-0.008902858011424541,0.018297113478183746,0,2000,strong30k,0,0,42,0.0,0.4,walk
956,19.12,0.0,0.4000000059604645,0.15416765213012695,0.17982646822929382,-0.03190169110894203,0.0345451720058918,0,2000,strong30k,0,0,42,0.0,0.4,walk
957,19.14,0.0,0.4000000059604645,0.15245449542999268,0.1787433922290802,-0.05386611446738243,0.009367004036903381,0,2000,strong30k,0,0,42,0.0,0.4,walk
958,19.16,0.0,0.4000000059604645,0.15094482898712158,0.17435723543167114,-0.0718422532081604,-0.037711095064878464,0,2000,strong30k,0,0,42,0.0,0.4,walk
959,19.18,0.0,0.4000000059604645,0.14999103546142578,0.1648634821176529,-0.07946671545505524,-0.12271956354379654,0,2000,strong30k,0,0,42,0.0,0.4,walk
960,19.2,0.0,0.4000000059604645,0.15095829963684082,0.1291877180337906,-0.03395051509141922,-0.06610297411680222,0,2000,strong30k,0,0,42,0.0,0.4,walk
961,19.22,0.0,0.4000000059604645,0.1481379270553589,0.10197124630212784,-0.008051976561546326,0.16068550944328308,0,2000,strong30k,0,0,42,0.0,0.4,walk
962,19.240000000000002,0.0,0.4000000059604645,0.14441287517547607,0.08420947939157486,0.009320431388914585,0.1562976837158203,0,2000,strong30k,0,0,42,0.0,0.4,walk
963,19.26,0.0,0.4000000059604645,0.1410437822341919,0.07500018179416656,0.027295520529150963,0.12646694481372833,0,2000,strong30k,0,0,42,0.0,0.4,walk
964,19.28,0.0,0.4000000059604645,0.13816297054290771,0.0752820149064064,0.046051837503910065,0.10748452693223953,0,2000,strong30k,0,0,42,0.0,0.4,walk
965,19.3,0.0,0.4000000059604645,0.1355830430984497,0.08301053196191788,0.06698048114776611,0.10251300036907196,0,2000,strong30k,0,0,42,0.0,0.4,walk
966,19.32,0.0,0.4000000059604645,0.1337602138519287,0.09828819334506989,0.0869586169719696,0.0573570616543293,0,2000,strong30k,0,0,42,0.0,0.4,walk
967,19.34,0.0,0.4000000059604645,0.1326080560684204,0.11723116040229797,0.10636112093925476,0.04829717427492142,0,2000,strong30k,0,0,42,0.0,0.4,walk
968,19.36,0.0,0.4000000059604645,0.13189613819122314,0.1372680366039276,0.12545084953308105,0.043860696256160736,0,2000,strong30k,0,0,42,0.0,0.4,walk
969,19.38,0.0,0.4000000059604645,0.13148176670074463,0.15300065279006958,0.14505881071090698,0.04379976913332939,0,2000,strong30k,0,0,42,0.0,0.4,walk
970,19.400000000000002,0.0,0.4000000059604645,0.1313878297805786,0.1698080152273178,0.16555140912532806,0.04479924589395523,0,2000,strong30k,0,0,42,0.0,0.4,walk
971,19.42,0.0,0.4000000059604645,0.13138282299041748,0.18574324250221252,0.1900915503501892,0.06741897016763687,0,2000,strong30k,0,0,42,0.0,0.4,walk
972,19.44,0.0,0.4000000059604645,0.1313718557357788,0.20021025836467743,0.2179926484823227,0.09529098868370056,0,2000,strong30k,0,0,42,0.0,0.4,walk
973,19.46,0.0,0.4000000059604645,0.13141083717346191,0.21273915469646454,0.2486201822757721,0.11134760081768036,0,2000,strong30k,0,0,42,0.0,0.4,walk
974,19.48,0.0,0.4000000059604645,0.13164174556732178,0.22143873572349548,0.28320103883743286,0.10157667100429535,0,2000,strong30k,0,0,42,0.0,0.4,walk
975,19.5,0.0,0.4000000059604645,0.1321958303451538,0.22513052821159363,0.321975439786911,0.07576349377632141,0,2000,strong30k,0,0,42,0.0,0.4,walk
976,19.52,0.0,0.4000000059604645,0.13312196731567383,0.22678101062774658,0.36364030838012695,0.05470392107963562,0,2000,strong30k,0,0,42,0.0,0.4,walk
977,19.54,0.0,0.4000000059604645,0.1338815689086914,0.2251368910074234,0.40938788652420044,0.08230116963386536,0,2000,strong30k,0,0,42,0.0,0.4,walk
978,19.56,0.0,0.4000000059604645,0.1338897943496704,0.22205694019794464,0.4562108814716339,0.1635294258594513,0,2000,strong30k,0,0,42,0.0,0.4,walk
979,19.580000000000002,0.0,0.4000000059604645,0.1333678960800171,0.2166983038187027,0.4980841875076294,0.1926872432231903,0,2000,strong30k,0,0,42,0.0,0.4,walk
980,19.6,0.0,0.4000000059604645,0.13212823867797852,0.1767479032278061,0.47857797145843506,0.28413307666778564,0,2000,strong30k,0,0,42,0.0,0.4,walk
981,19.62,0.0,0.4000000059604645,0.13218915462493896,0.14675118029117584,0.3932510018348694,-0.06395450234413147,0,2000,strong30k,0,0,42,0.0,0.4,walk
982,19.64,0.0,0.4000000059604645,0.13549363613128662,0.12349847704172134,0.3388601541519165,-0.18074913322925568,0,2000,strong30k,0,0,42,0.0,0.4,walk
983,19.66,0.0,0.4000000059604645,0.138741135597229,0.10672493278980255,0.30554261803627014,-0.097685307264328,0,2000,strong30k,0,0,42,0.0,0.4,walk
984,19.68,0.0,0.4000000059604645,0.14096128940582275,0.09534892439842224,0.27370476722717285,-0.01899554207921028,0,2000,strong30k,0,0,42,0.0,0.4,walk
985,19.7,0.0,0.4000000059604645,0.14238274097442627,0.08931480348110199,0.24181637167930603,0.03280029818415642,0,2000,strong30k,0,0,42,0.0,0.4,walk
986,19.72,0.0,0.4000000059604645,0.14376795291900635,0.08527082204818726,0.20959895849227905,-0.017721176147460938,0,2000,strong30k,0,0,42,0.0,0.4,walk
987,19.740000000000002,0.0,0.4000000059604645,0.14537107944488525,0.09028492122888565,0.18518328666687012,-0.05565003305673599,0,2000,strong30k,0,0,42,0.0,0.4,walk
988,19.76,0.0,0.4000000059604645,0.14711391925811768,0.09128153324127197,0.16134126484394073,-0.06803972274065018,0,2000,strong30k,0,0,42,0.0,0.4,walk
989,19.78,0.0,0.4000000059604645,0.14788663387298584,0.09839882701635361,0.1431065946817398,0.011072454042732716,0,2000,strong30k,0,0,42,0.0,0.4,walk
990,19.8,0.0,0.4000000059604645,0.1484518051147461,0.10326529294252396,0.12103286385536194,-0.01430355291813612,0,2000,strong30k,0,0,42,0.0,0.4,walk
991,19.82,0.0,0.4000000059604645,0.14876437187194824,0.11486256867647171,0.10359859466552734,-0.01777799427509308,0,2000,strong30k,0,0,42,0.0,0.4,walk
992,19.84,0.0,0.4000000059604645,0.14878571033477783,0.13087981939315796,0.08960142731666565,-0.03408653289079666,0,2000,strong30k,0,0,42,0.0,0.4,walk
993,19.86,0.0,0.4000000059604645,0.14869916439056396,0.14655524492263794,0.07495864480733871,-0.05673304200172424,0,2000,strong30k,0,0,42,0.0,0.4,walk
994,19.88,0.0,0.4000000059604645,0.1485081911087036,0.16116660833358765,0.05818438157439232,-0.0739714652299881,0,2000,strong30k,0,0,42,0.0,0.4,walk
995,19.900000000000002,0.0,0.4000000059604645,0.14810287952423096,0.1716381162405014,0.04012211412191391,-0.08208388835191727,0,2000,strong30k,0,0,42,0.0,0.4,walk
996,19.92,0.0,0.4000000059604645,0.14754045009613037,0.17534340918064117,0.019819216802716255,-0.07009857147932053,0,2000,strong30k,0,0,42,0.0,0.4,walk
997,19.94,0.0,0.4000000059604645,0.1464383602142334,0.1769876331090927,-0.0012722824467346072,-0.014407032169401646,0,2000,strong30k,0,0,42,0.0,0.4,walk
998,19.96,0.0,0.4000000059604645,0.1446319818496704,0.1781231164932251,-0.023148778825998306,0.048786912113428116,0,2000,strong30k,0,0,42,0.0,0.4,walk
999,19.98,0.0,0.4000000059604645,0.6838828325271606,0.17636369168758392,-0.046076491475105286,0.03403840214014053,0,2000,strong30k,0,0,42,0.0,0.4,walk
1000,20.0,0.0,0.4000000059604645,0.6821771860122681,0.174325093626976,-0.06620877236127853,0.0030055884271860123,0,2000,strong30k,0,0,42,0.0,0.4,walk
1001,20.02,0.0,0.4000000059604645,0.6806174516677856,0.16782046854496002,-0.07918106764554977,-0.035048168152570724,0,2000,strong30k,0,0,42,0.0,0.4,walk
1002,20.04,0.0,0.4000000059604645,0.6805073022842407,0.13304264843463898,-0.05419768765568733,-0.4666432738304138,0,2000,strong30k,0,0,42,0.0,0.4,walk
1003,20.06,0.0,0.4000000059604645,0.6798659563064575,0.11139074712991714,-0.02062508650124073,0.08965922892093658,0,2000,strong30k,0,0,42,0.0,0.4,walk
1004,20.080000000000002,0.0,0.4000000059604645,0.675601601600647,0.09031769633293152,-0.0005532943760044873,0.28167015314102173,0,2000,strong30k,0,0,42,0.0,0.4,walk
1005,20.1,0.0,0.4000000059604645,0.6706548929214478,0.07927043735980988,0.016084345057606697,0.29353412985801697,0,2000,strong30k,0,0,42,0.0,0.4,walk
1006,20.12,0.0,0.4000000059604645,0.6659320592880249,0.07476815581321716,0.03251921758055687,0.27237066626548767,0,2000,strong30k,0,0,42,0.0,0.4,walk
1007,20.14,0.0,0.4000000059604645,0.6614915132522583,0.08144769817590714,0.05163335055112839,0.2820015847682953,0,2000,strong30k,0,0,42,0.0,0.4,walk
1008,20.16,0.0,0.4000000059604645,0.6576977968215942,0.09502603113651276,0.07003173232078552,0.226393461227417,0,2000,strong30k,0,0,42,0.0,0.4,walk
1009,20.18,0.0,0.4000000059604645,0.6548761129379272,0.11738674342632294,0.08764240145683289,0.19818101823329926,0,2000,strong30k,0,0,42,0.0,0.4,walk
1010,20.2,0.0,0.4000000059604645,0.6525541543960571,0.13935662806034088,0.10559161007404327,0.19181238114833832,0,2000,strong30k,0,0,42,0.0,0.4,walk
1011,20.22,0.0,0.4000000059604645,0.6505392789840698,0.15713024139404297,0.12524725496768951,0.18626923859119415,0,2000,strong30k,0,0,42,0.0,0.4,walk
1012,20.240000000000002,0.0,0.4000000059604645,0.6485511064529419,0.17771071195602417,0.14435532689094543,0.23845693469047546,0,2000,strong30k,0,0,42,0.0,0.4,walk
1013,20.26,0.0,0.4000000059604645,0.646520733833313,0.19594451785087585,0.16547854244709015,0.2622449994087219,0,2000,strong30k,0,0,42,0.0,0.4,walk
1014,20.28,0.0,0.4000000059604645,0.6443735361099243,0.2119871973991394,0.19096146523952484,0.3056440055370331,0,2000,strong30k,0,0,42,0.0,0.4,walk
1015,20.3,0.0,0.4000000059604645,0.6420084238052368,0.22536592185497284,0.21965602040290833,0.35434404015541077,0,2000,strong30k,0,0,42,0.0,0.4,walk
1016,20.32,0.0,0.4000000059604645,0.639431357383728,0.23530688881874084,0.2513630986213684,0.4011518359184265,0,2000,strong30k,0,0,42,0.0,0.4,walk
1017,20.34,0.0,0.4000000059604645,0.6365317106246948,0.23961211740970612,0.2882899343967438,0.44196817278862,0,2000,strong30k,0,0,42,0.0,0.4,walk
1018,20.36,0.0,0.4000000059604645,0.6331018209457397,0.24161411821842194,0.3291515111923218,0.5118595361709595,0,2000,strong30k,0,0,42,0.0,0.4,walk
1019,20.38,0.0,0.4000000059604645,0.6289111375808716,0.24159148335456848,0.3724835216999054,0.5819212198257446,0,2000,strong30k,0,0,42,0.0,0.4,walk
1020,20.400000000000002,0.0,0.4000000059604645,0.6238762140274048,0.2401495724916458,0.41644006967544556,0.6374770402908325,0,2000,strong30k,0,0,42,0.0,0.4,walk
1021,20.42,0.0,0.4000000059604645,0.6191533803939819,0.23590919375419617,0.45717793703079224,0.5281749367713928,0,2000,strong30k,0,0,42,0.0,0.4,walk
1022,20.44,0.0,0.4000000059604645,0.6163312196731567,0.20376066863536835,0.4693908095359802,0.5073421001434326,0,2000,strong30k,0,0,42,0.0,0.4,walk
1023,20.46,0.0,0.4000000059604645,0.6137043237686157,0.17116662859916687,0.38846156001091003,0.38118866086006165,0,2000,strong30k,0,0,42,0.0,0.4,walk
1024,20.48,0.0,0.4000000059604645,0.6124991178512573,0.14501012861728668,0.322929710149765,0.24341852962970734,0,2000,strong30k,0,0,42,0.0,0.4,walk
1025,20.5,0.0,0.4000000059604645,0.6116753816604614,0.12851035594940186,0.2809673249721527,0.29656553268432617,0,2000,strong30k,0,0,42,0.0,0.4,walk
1026,20.52,0.0,0.4000000059604645,0.6099101305007935,0.12008903920650482,0.24731406569480896,0.41585081815719604,0,2000,strong30k,0,0,42,0.0,0.4,walk
1027,20.54,0.0,0.4000000059604645,0.6068457365036011,0.11722315102815628,0.21617935597896576,0.5063468217849731,0,2000,strong30k,0,0,42,0.0,0.4,walk
1028,20.56,0.0,0.4000000059604645,0.6040917634963989,0.11384433507919312,0.1834598332643509,0.36620622873306274,0,2000,strong30k,0,0,42,0.0,0.4,walk
1029,20.580000000000002,0.0,0.4000000059604645,0.6021009683609009,0.12100984156131744,0.15967977046966553,0.28602463006973267,0,2000,strong30k,0,0,42,0.0,0.4,walk
1030,20.6,0.0,0.4000000059604645,0.601340651512146,0.11754713207483292,0.13583998382091522,0.15089654922485352,0,2000,strong30k,0,0,42,0.0,0.4,walk
1031,20.62,0.0,0.4000000059604645,0.6000689268112183,0.12814749777317047,0.11894015967845917,0.2155902236700058,0,2000,strong30k,0,0,42,0.0,0.4,walk
1032,20.64,0.0,0.4000000059604645,0.5988789796829224,0.1299295872449875,0.09645254909992218,0.167750746011734,0,2000,strong30k,0,0,42,0.0,0.4,walk
1033,20.66,0.0,0.4000000059604645,0.5975559949874878,0.13843074440956116,0.07869779318571091,0.15226179361343384,0,2000,strong30k,0,0,42,0.0,0.4,walk
1034,20.68,0.0,0.4000000059604645,0.5961641073226929,0.15328800678253174,0.06439968943595886,0.10817939788103104,0,2000,strong30k,0,0,42,0.0,0.4,walk
1035,20.7,0.0,0.4000000059604645,0.594887375831604,0.1691533625125885,0.04843340069055557,0.06964128464460373,0,2000,strong30k,0,0,42,0.0,0.4,walk
1036,20.72,0.0,0.4000000059604645,0.5936461687088013,0.18545658886432648,0.03069823421537876,0.039543554186820984,0,2000,strong30k,0,0,42,0.0,0.4,walk
1037,20.740000000000002,0.0,0.4000000059604645,0.5923687219619751,0.19997049868106842,0.010852335020899773,0.02046985924243927,0,2000,strong30k,0,0,42,0.0,0.4,walk
1038,20.76,0.0,0.4000000059604645,0.5909408330917358,0.20951016247272491,-0.010793300345540047,0.03251098096370697,0,2000,strong30k,0,0,42,0.0,0.4,walk
1039,20.78,0.0,0.4000000059604645,0.5890923738479614,0.2143162339925766,-0.03380410373210907,0.0805133581161499,0,2000,strong30k,0,0,42,0.0,0.4,walk
1040,20.8,0.0,0.4000000059604645,0.5861407518386841,0.2182908058166504,-0.05700738728046417,0.1934897005558014,0,2000,strong30k,0,0,42,0.0,0.4,walk
1041,20.82,0.0,0.4000000059604645,0.5822080373764038,0.21939986944198608,-0.08282806724309921,0.2589273452758789,0,2000,strong30k,0,0,42,0.0,0.4,walk
1042,20.84,0.0,0.4000000059604645,0.578260064125061,0.21846580505371094,-0.10882587730884552,0.20562991499900818,0,2000,strong30k,0,0,42,0.0,0.4,walk
1043,20.86,0.0,0.4000000059604645,0.5754071474075317,0.21363922953605652,-0.12988270819187164,0.015910111367702484,0,2000,strong30k,0,0,42,0.0,0.4,walk
1044,20.88,0.0,0.4000000059604645,0.5751219987869263,0.20329050719738007,-0.13879217207431793,-0.31310194730758667,0,2000,strong30k,0,0,42,0.0,0.4,walk
1045,20.900000000000002,0.0,0.4000000059604645,0.577661395072937,0.16305819153785706,-0.0856589525938034,-0.06360306590795517,0,2000,strong30k,0,0,42,0.0,0.4,walk
1046,20.92,0.0,0.4000000059604645,0.5734959840774536,0.13921695947647095,-0.06264723837375641,0.3798358738422394,0,2000,strong30k,0,0,42,0.0,0.4,walk
1047,20.94,0.0,0.4000000059604645,0.5669528245925903,0.11165369302034378,-0.042661793529987335,0.49234917759895325,0,2000,strong30k,0,0,42,0.0,0.4,walk
1048,20.96,0.0,0.4000000059604645,0.5597485303878784,0.09451085329055786,-0.021696308627724648,0.5475088953971863,0,2000,strong30k,0,0,42,0.0,0.4,walk
1049,20.98,0.0,0.4000000059604645,0.552707314491272,0.08664516359567642,-0.0013454967411234975,0.5319033861160278,0,2000,strong30k,0,0,42,0.0,0.4,walk
1050,21.0,0.0,0.4000000059604645,0.5461689233779907,0.08880394697189331,0.02162070758640766,0.47704237699508667,0,2000,strong30k,0,0,42,0.0,0.4,walk
1051,21.02,0.0,0.4000000059604645,0.5409475564956665,0.10364408046007156,0.04172763228416443,0.38096189498901367,0,2000,strong30k,0,0,42,0.0,0.4,walk
1052,21.04,0.0,0.4000000059604645,0.5370527505874634,0.12314730882644653,0.06072498485445976,0.2910901606082916,0,2000,strong30k,0,0,42,0.0,0.4,walk
1053,21.06,0.0,0.4000000059604645,0.5341171026229858,0.14583584666252136,0.07951831072568893,0.2534745931625366,0,2000,strong30k,0,0,42,0.0,0.4,walk
1054,21.080000000000002,0.0,0.4000000059604645,0.5318471193313599,0.16344709694385529,0.0988437682390213,0.2153519243001938,0,2000,strong30k,0,0,42,0.0,0.4,walk
1055,21.1,0.0,0.4000000059604645,0.5300718545913696,0.1811523735523224,0.11953263729810715,0.20987153053283691,0,2000,strong30k,0,0,42,0.0,0.4,walk
1056,21.12,0.0,0.4000000059604645,0.5284539461135864,0.19836197793483734,0.14314958453178406,0.22606657445430756,0,2000,strong30k,0,0,42,0.0,0.4,walk
1057,21.14,0.0,0.4000000059604645,0.5267964601516724,0.21295994520187378,0.16964440047740936,0.2608111798763275,0,2000,strong30k,0,0,42,0.0,0.4,walk
1058,21.16,0.0,0.4000000059604645,0.525049090385437,0.22491902112960815,0.19784997403621674,0.29652130603790283,0,2000,strong30k,0,0,42,0.0,0.4,walk
1059,21.18,0.0,0.4000000059604645,0.5232404470443726,0.23154059052467346,0.22965845465660095,0.3186604082584381,0,2000,strong30k,0,0,42,0.0,0.4,walk
1060,21.2,0.0,0.4000000059604645,0.5212827920913696,0.23310522735118866,0.2662106156349182,0.3464977443218231,0,2000,strong30k,0,0,42,0.0,0.4,walk
1061,21.22,0.0,0.4000000059604645,0.518952488899231,0.23322956264019012,0.3059866428375244,0.3995339274406433,0,2000,strong30k,0,0,42,0.0,0.4,walk
1062,21.240000000000002,0.0,0.4000000059604645,0.5159045457839966,0.2314910590648651,0.3484129309654236,0.46451884508132935,0,2000,strong30k,0,0,42,0.0,0.4,walk
1063,21.26,0.0,0.4000000059604645,0.5120726823806763,0.2281097024679184,0.3910697102546692,0.5189739465713501,0,2000,strong30k,0,0,42,0.0,0.4,walk
1064,21.28,0.0,0.4000000059604645,0.5085994005203247,0.2222316414117813,0.42983660101890564,0.41074398159980774,0,2000,strong30k,0,0,42,0.0,0.4,walk
1065,21.3,0.0,0.4000000059604645,0.5066109895706177,0.18883872032165527,0.4292720854282379,0.3283012807369232,0,2000,strong30k,0,0,42,0.0,0.4,walk
1066,21.32,0.0,0.4000000059604645,0.5049995183944702,0.15884920954704285,0.354778528213501,0.255265474319458,0,2000,strong30k,0,0,42,0.0,0.4,walk
1067,21.34,0.0,0.4000000059604645,0.505146861076355,0.13488128781318665,0.2980607748031616,0.10796530544757843,0,2000,strong30k,0,0,42,0.0,0.4,walk
1068,21.36,0.0,0.4000000059604645,0.5056947469711304,0.12078903615474701,0.26313892006874084,0.16676220297813416,0,2000,strong30k,0,0,42,0.0,0.4,walk
1069,21.38,0.0,0.4000000059604645,0.5052310228347778,0.11417421698570251,0.2337961494922638,0.27111881971359253,0,2000,strong30k,0,0,42,0.0,0.4,walk
1070,21.400000000000002,0.0,0.4000000059604645,0.5037823915481567,0.11084350943565369,0.20541556179523468,0.3368005156517029,0,2000,strong30k,0,0,42,0.0,0.4,walk
1071,21.42,0.0,0.4000000059604645,0.5023699998855591,0.10910431295633316,0.17559032142162323,0.2563968002796173,0,2000,strong30k,0,0,42,0.0,0.4,walk
1072,21.44,0.0,0.4000000059604645,0.5013853311538696,0.1155780553817749,0.15300577878952026,0.19503001868724823,0,2000,strong30k,0,0,42,0.0,0.4,walk
1073,21.46,0.0,0.4000000059604645,0.5010319948196411,0.11696380376815796,0.13077327609062195,0.12247887253761292,0,2000,strong30k,0,0,42,0.0,0.4,walk
1074,21.48,0.0,0.4000000059604645,0.4998971223831177,0.1258421242237091,0.11423081159591675,0.20207515358924866,0,2000,strong30k,0,0,42,0.0,0.4,walk
1075,21.5,0.0,0.4000000059604645,0.49859869480133057,0.13077400624752045,0.09350526332855225,0.171564981341362,0,2000,strong30k,0,0,42,0.0,0.4,walk
1076,21.52,0.0,0.4000000059604645,0.4971679449081421,0.1421162337064743,0.07689867913722992,0.14669431746006012,0,2000,strong30k,0,0,42,0.0,0.4,walk
1077,21.54,0.0,0.4000000059604645,0.49574053287506104,0.15825709700584412,0.0630587786436081,0.10122731328010559,0,2000,strong30k,0,0,42,0.0,0.4,walk
1078,21.56,0.0,0.4000000059604645,0.49439537525177,0.1751328408718109,0.04811890050768852,0.06645170599222183,0,2000,strong30k,0,0,42,0.0,0.4,walk
1079,21.580000000000002,0.0,0.4000000059604645,0.49311506748199463,0.1916148066520691,0.030795572325587273,0.032890450209379196,0,2000,strong30k,0,0,42,0.0,0.4,walk
1080,21.6,0.0,0.4000000059604645,0.49180328845977783,0.20538905262947083,0.011801831424236298,0.016230393201112747,0,2000,strong30k,0,0,42,0.0,0.4,walk
1081,21.62,0.0,0.4000000059604645,0.4903908967971802,0.21375249326229095,-0.008993539027869701,0.02525298297405243,0,2000,strong30k,0,0,42,0.0,0.4,walk
1082,21.64,0.0,0.4000000059604645,0.4884887933731079,0.21950450539588928,-0.03011469356715679,0.08063703775405884,0,2000,strong30k,0,0,42,0.0,0.4,walk
1083,21.66,0.0,0.4000000059604645,0.48551714420318604,0.22478346526622772,-0.0522620752453804,0.18392793834209442,0,2000,strong30k,0,0,42,0.0,0.4,walk
1084,21.68,0.0,0.4000000059604645,0.4819730520248413,0.22685135900974274,-0.07634343206882477,0.20362819731235504,0,2000,strong30k,0,0,42,0.0,0.4,walk
1085,21.7,0.0,0.4000000059604645,0.4787360429763794,0.2274082750082016,-0.09854414314031601,0.12011285126209259,0,2000,strong30k,0,0,42,0.0,0.4,walk
1086,21.72,0.0,0.4000000059604645,0.47675979137420654,0.22223027050495148,-0.11548901349306107,-0.07615750283002853,0,2000,strong30k,0,0,42,0.0,0.4,walk
1087,21.740000000000002,0.0,0.4000000059604645,0.4768897294998169,0.2048681527376175,-0.1125551238656044,-0.39604854583740234,0,2000,strong30k,0,0,42,0.0,0.4,walk
1088,21.76,0.0,0.4000000059604645,0.4781914949417114,0.17439469695091248,-0.06180894374847412,0.046983618289232254,0,2000,strong30k,0,0,42,0.0,0.4,walk
1089,21.78,0.0,0.4000000059604645,0.47364914417266846,0.14573800563812256,-0.03983527049422264,0.3737940192222595,0,2000,strong30k,0,0,42,0.0,0.4,walk
1090,21.8,0.0,0.4000000059604645,0.4673691987991333,0.12094461172819138,-0.021534647792577744,0.4570777416229248,0,2000,strong30k,0,0,42,0.0,0.4,walk
1091,21.82,0.0,0.4000000059604645,0.4605189561843872,0.10869570076465607,-0.002236135769635439,0.5155407190322876,0,2000,strong30k,0,0,42,0.0,0.4,walk
1092,21.84,0.0,0.4000000059604645,0.45402252674102783,0.10397891700267792,0.01679416000843048,0.46893739700317383,0,2000,strong30k,0,0,42,0.0,0.4,walk
1093,21.86,0.0,0.4000000059604645,0.4484144449234009,0.10526728630065918,0.038213953375816345,0.3879585266113281,0,2000,strong30k,0,0,42,0.0,0.4,walk
1094,21.88,0.0,0.4000000059604645,0.4442101716995239,0.12104703485965729,0.057302746921777725,0.2884763479232788,0,2000,strong30k,0,0,42,0.0,0.4,walk
1095,21.900000000000002,0.0,0.4000000059604645,0.44139182567596436,0.14021283388137817,0.07543846219778061,0.19851551949977875,0,2000,strong30k,0,0,42,0.0,0.4,walk
1096,21.92,0.0,0.4000000059604645,0.43949854373931885,0.15956279635429382,0.09453373402357101,0.16045236587524414,0,2000,strong30k,0,0,42,0.0,0.4,walk
1097,21.94,0.0,0.4000000059604645,0.43822968006134033,0.17654410004615784,0.11447647958993912,0.1370936781167984,0,2000,strong30k,0,0,42,0.0,0.4,walk
1098,21.96,0.0,0.4000000059604645,0.43725693225860596,0.19446033239364624,0.1366366297006607,0.15027110278606415,0,2000,strong30k,0,0,42,0.0,0.4,walk
1099,21.98,0.0,0.4000000059604645,0.4361330270767212,0.21128568053245544,0.16264301538467407,0.20004180073738098,0,2000,strong30k,0,0,42,0.0,0.4,walk
1100,22.0,0.0,0.4000000059604645,0.4348527193069458,0.2248818427324295,0.19069862365722656,0.23556411266326904,0,2000,strong30k,0,0,42,0.0,0.4,walk
1101,22.02,0.0,0.4000000059604645,0.43353378772735596,0.2360038459300995,0.22107554972171783,0.26234662532806396,0,2000,strong30k,0,0,42,0.0,0.4,walk
1102,22.04,0.0,0.4000000059604645,0.43220317363739014,0.24070070683956146,0.256493479013443,0.26827001571655273,0,2000,strong30k,0,0,42,0.0,0.4,walk
1103,22.06,0.0,0.4000000059604645,0.4307972192764282,0.24265874922275543,0.29569342732429504,0.29202747344970703,0,2000,strong30k,0,0,42,0.0,0.4,walk
1104,22.080000000000002,0.0,0.4000000059604645,0.42908167839050293,0.24318918585777283,0.33777591586112976,0.33035147190093994,0,2000,strong30k,0,0,42,0.0,0.4,walk
1105,22.1,0.0,0.4000000059604645,0.4266449213027954,0.2418222427368164,0.38188228011131287,0.39520758390426636,0,2000,strong30k,0,0,42,0.0,0.4,walk
1106,22.12,0.0,0.4000000059604645,0.42369019985198975,0.2386169284582138,0.4248286187648773,0.417696475982666,0,2000,strong30k,0,0,42,0.0,0.4,walk
1107,22.14,0.0,0.4000000059604645,0.4214695692062378,0.2315186858177185,0.4637994170188904,0.2791363000869751,0,2000,strong30k,0,0,42,0.0,0.4,walk
1108,22.16,0.0,0.4000000059604645,0.42053472995758057,0.1977894902229309,0.4246509075164795,0.02101549506187439,0,2000,strong30k,0,0,42,0.0,0.4,walk
1109,22.18,0.0,0.4000000059604645,0.42098379135131836,0.1612219512462616,0.34222251176834106,0.046128638088703156,0,2000,strong30k,0,0,42,0.0,0.4,walk
1110,22.2,0.0,0.4000000059604645,0.4224740266799927,0.14477553963661194,0.2944287657737732,0.07600653171539307,0,2000,strong30k,0,0,42,0.0,0.4,walk
1111,22.22,0.0,0.4000000059604645,0.42245686054229736,0.1373509019613266,0.2646643817424774,0.255536824464798,0,2000,strong30k,0,0,42,0.0,0.4,walk
1112,22.240000000000002,0.0,0.4000000059604645,0.4213463068008423,0.13119977712631226,0.23352128267288208,0.2974512279033661,0,2000,strong30k,0,0,42,0.0,0.4,walk
1113,22.26,0.0,0.4000000059604645,0.4199784994125366,0.1272459626197815,0.20325584709644318,0.29577457904815674,0,2000,strong30k,0,0,42,0.0,0.4,walk
1114,22.28,0.0,0.4000000059604645,0.41875970363616943,0.12610800564289093,0.17434342205524445,0.23312883079051971,0,2000,strong30k,0,0,42,0.0,0.4,walk
1115,22.3,0.0,0.4000000059604645,0.41811418533325195,0.13227204978466034,0.15130549669265747,0.1468350887298584,0,2000,strong30k,0,0,42,0.0,0.4,walk
1116,22.32,0.0,0.4000000059604645,0.41786468029022217,0.13449838757514954,0.13023234903812408,0.1065572053194046,0,2000,strong30k,0,0,42,0.0,0.4,walk
1117,22.34,0.0,0.4000000059604645,0.4170795679092407,0.14094337821006775,0.11268839240074158,0.1457582265138626,0,2000,strong30k,0,0,42,0.0,0.4,walk
1118,22.36,0.0,0.4000000059604645,0.416256308555603,0.14755578339099884,0.09347405284643173,0.1036672294139862,0,2000,strong30k,0,0,42,0.0,0.4,walk
1119,22.38,0.0,0.4000000059604645,0.41543710231781006,0.16030177474021912,0.07773946225643158,0.06919858604669571,0,2000,strong30k,0,0,42,0.0,0.4,walk
1120,22.400000000000002,0.0,0.4000000059604645,0.41460859775543213,0.1768275648355484,0.063696950674057,0.033475976437330246,0,2000,strong30k,0,0,42,0.0,0.4,walk
1121,22.42,0.0,0.4000000059604645,0.41381824016571045,0.19334425032138824,0.04782013222575188,0.0017715757712721825,0,2000,strong30k,0,0,42,0.0,0.4,walk
1122,22.44,0.0,0.4000000059604645,0.4130140542984009,0.20841407775878906,0.02990572899580002,-0.021658509969711304,0,2000,strong30k,0,0,42,0.0,0.4,walk
1123,22.46,0.0,0.4000000059604645,0.41211116313934326,0.2184949368238449,0.010093584656715393,-0.02321958728134632,0,2000,strong30k,0,0,42,0.0,0.4,walk
1124,22.48,0.0,0.4000000059604645,0.41090714931488037,0.22436203062534332,-0.010765698738396168,0.010229984298348427,0,2000,strong30k,0,0,42,0.0,0.4,walk
1125,22.5,0.0,0.4000000059604645,0.4088324308395386,0.22902368009090424,-0.03191410005092621,0.09936410188674927,0,2000,strong30k,0,0,42,0.0,0.4,walk
1126,22.52,0.0,0.4000000059604645,0.4059171676635742,0.23198333382606506,-0.05522926151752472,0.16461648046970367,0,2000,strong30k,0,0,42,0.0,0.4,walk
1127,22.54,0.0,0.4000000059604645,0.4028632640838623,0.23292356729507446,-0.07856182008981705,0.13787490129470825,0,2000,strong30k,0,0,42,0.0,0.4,walk
1128,22.56,0.0,0.4000000059604645,0.40030038356781006,0.23093323409557343,-0.09759180247783661,0.03862122446298599,0,2000,strong30k,0,0,42,0.0,0.4,walk
1129,22.580000000000002,0.0,0.4000000059604645,0.3992084264755249,0.22311708331108093,-0.10636680573225021,-0.16888180375099182,0,2000,strong30k,0,0,42,0.0,0.4,walk
1130,22.6,0.0,0.4000000059604645,0.4006587266921997,0.1784648299217224,-0.060994669795036316,-0.23129597306251526,0,2000,strong30k,0,0,42,0.0,0.4,walk
1131,22.62,0.0,0.4000000059604645,0.397161602973938,0.15769889950752258,-0.03484473377466202,0.3507847487926483,0,2000,strong30k,0,0,42,0.0,0.4,walk
1132,22.64,0.0,0.4000000059604645,0.39087116718292236,0.13192176818847656,-0.015237834304571152,0.4484652876853943,0,2000,strong30k,0,0,42,0.0,0.4,walk
1133,22.66,0.0,0.4000000059604645,0.3844451904296875,0.11640048772096634,0.004057231359183788,0.43227359652519226,0,2000,strong30k,0,0,42,0.0,0.4,walk
1134,22.68,0.0,0.4000000059604645,0.37867534160614014,0.11088493466377258,0.0229331087321043,0.383517861366272,0,2000,strong30k,0,0,42,0.0,0.4,walk
1135,22.7,0.0,0.4000000059604645,0.3735922574996948,0.11419839411973953,0.04569993540644646,0.31486332416534424,0,2000,strong30k,0,0,42,0.0,0.4,walk
1136,22.72,0.0,0.4000000059604645,0.36985695362091064,0.1302335262298584,0.06662225723266602,0.22466188669204712,0,2000,strong30k,0,0,42,0.0,0.4,walk
1137,22.740000000000002,0.0,0.4000000059604645,0.36738669872283936,0.15045422315597534,0.0857429951429367,0.151149183511734,0,2000,strong30k,0,0,42,0.0,0.4,walk
1138,22.76,0.0,0.4000000059604645,0.36579465866088867,0.17244549095630646,0.10457199066877365,0.12522345781326294,0,2000,strong30k,0,0,42,0.0,0.4,walk
1139,22.78,0.0,0.4000000059604645,0.3646737337112427,0.18798129260540009,0.12537479400634766,0.0995829775929451,0,2000,strong30k,0,0,42,0.0,0.4,walk
1140,22.8,0.0,0.4000000059604645,0.36386632919311523,0.20569922029972076,0.14692606031894684,0.11719982326030731,0,2000,strong30k,0,0,42,0.0,0.4,walk
1141,22.82,0.0,0.4000000059604645,0.3631267547607422,0.22386203706264496,0.17004092037677765,0.14371055364608765,0,2000,strong30k,0,0,42,0.0,0.4,walk
1142,22.84,0.0,0.4000000059604645,0.36227333545684814,0.23877039551734924,0.19719135761260986,0.18527254462242126,0,2000,strong30k,0,0,42,0.0,0.4,walk
1143,22.86,0.0,0.4000000059604645,0.3613227605819702,0.25049281120300293,0.22713196277618408,0.21694190800189972,0,2000,strong30k,0,0,42,0.0,0.4,walk
1144,22.88,0.0,0.4000000059604645,0.3604304790496826,0.25759732723236084,0.260763943195343,0.22480550408363342,0,2000,strong30k,0,0,42,0.0,0.4,walk
1145,22.900000000000002,0.0,0.4000000059604645,0.3595668077468872,0.2600359618663788,0.29929792881011963,0.2324630618095398,0,2000,strong30k,0,0,42,0.0,0.4,walk
1146,22.92,0.0,0.4000000059604645,0.3586329221725464,0.2604960799217224,0.3411025106906891,0.25055596232414246,0,2000,strong30k,0,0,42,0.0,0.4,walk
1147,22.94,0.0,0.4000000059604645,0.3572148084640503,0.25843745470046997,0.3861408829689026,0.2946271300315857,0,2000,strong30k,0,0,42,0.0,0.4,walk
1148,22.96,0.0,0.4000000059604645,0.3550986051559448,0.25626036524772644,0.4310823976993561,0.3519386947154999,0,2000,strong30k,0,0,42,0.0,0.4,walk
1149,22.98,0.0,0.4000000059604645,0.3530973196029663,0.2514847218990326,0.472371369600296,0.29058319330215454,0,2000,strong30k,0,0,42,0.0,0.4,walk
1150,23.0,0.0,0.4000000059604645,0.351855993270874,0.21748322248458862,0.4486435055732727,0.07940158247947693,0,2000,strong30k,0,0,42,0.0,0.4,walk
1151,23.02,0.0,0.4000000059604645,0.3521597385406494,0.1805209368467331,0.3685947060585022,0.036850880831480026,0,2000,strong30k,0,0,42,0.0,0.4,walk
1152,23.04,0.0,0.4000000059604645,0.35402095317840576,0.15864235162734985,0.3122555911540985,-0.020212912932038307,0,2000,strong30k,0,0,42,0.0,0.4,walk
1153,23.06,0.0,0.4000000059604645,0.3553394079208374,0.14639143645763397,0.27882590889930725,0.10584215819835663,0,2000,strong30k,0,0,42,0.0,0.4,walk
1154,23.080000000000002,0.0,0.4000000059604645,0.3553429841995239,0.13806487619876862,0.2477450668811798,0.21290169656276703,0,2000,strong30k,0,0,42,0.0,0.4,walk
1155,23.1,0.0,0.4000000059604645,0.35453474521636963,0.1339392066001892,0.21693535149097443,0.2542498707771301,0,2000,strong30k,0,0,42,0.0,0.4,walk
1156,23.12,0.0,0.4000000059604645,0.3538461923599243,0.13052688539028168,0.18625319004058838,0.17932674288749695,0,2000,strong30k,0,0,42,0.0,0.4,walk
1157,23.14,0.0,0.4000000059604645,0.35355186462402344,0.13544908165931702,0.1631113439798355,0.12887927889823914,0,2000,strong30k,0,0,42,0.0,0.4,walk
1158,23.16,0.0,0.4000000059604645,0.3538992404937744,0.13542254269123077,0.14014413952827454,0.052572205662727356,0,2000,strong30k,0,0,42,0.0,0.4,walk
1159,23.18,0.0,0.4000000059604645,0.3534514904022217,0.14360074698925018,0.12328340113162994,0.13712605834007263,0,2000,strong30k,0,0,42,0.0,0.4,walk
1160,23.2,0.0,0.4000000059604645,0.35287439823150635,0.1480269581079483,0.10267449170351028,0.09006556123495102,0,2000,strong30k,0,0,42,0.0,0.4,walk
1161,23.22,0.0,0.4000000059604645,0.3522874116897583,0.1593826413154602,0.08642327785491943,0.058719322085380554,0,2000,strong30k,0,0,42,0.0,0.4,walk
1162,23.240000000000002,0.0,0.4000000059604645,0.35168397426605225,0.17468616366386414,0.07247557491064072,0.023356841877102852,0,2000,strong30k,0,0,42,0.0,0.4,walk
1163,23.26,0.0,0.4000000059604645,0.35106122493743896,0.19034019112586975,0.05745382979512215,-0.00393503624945879,0,2000,strong30k,0,0,42,0.0,0.4,walk
1164,23.28,0.0,0.4000000059604645,0.3504054546356201,0.20537780225276947,0.040471356362104416,-0.028977304697036743,0,2000,strong30k,0,0,42,0.0,0.4,walk
1165,23.3,0.0,0.4000000059604645,0.3496330976486206,0.21709561347961426,0.021617282181978226,-0.038265421986579895,0,2000,strong30k,0,0,42,0.0,0.4,walk
1166,23.32,0.0,0.4000000059604645,0.34869706630706787,0.2232384830713272,0.0016126176342368126,-0.026344479992985725,0,2000,strong30k,0,0,42,0.0,0.4,walk
1167,23.34,0.0,0.4000000059604645,0.3472445011138916,0.2267882227897644,-0.019126448780298233,0.030667968094348907,0,2000,strong30k,0,0,42,0.0,0.4,walk
1168,23.36,0.0,0.4000000059604645,0.344851016998291,0.23008881509304047,-0.04115165397524834,0.12121336162090302,0,2000,strong30k,0,0,42,0.0,0.4,walk
1169,23.38,0.0,0.4000000059604645,0.34205830097198486,0.23095759749412537,-0.06478504091501236,0.1262701451778412,0,2000,strong30k,0,0,42,0.0,0.4,walk
1170,23.400000000000002,0.0,0.4000000059604645,0.3395477533340454,0.23036795854568481,-0.0859326645731926,0.05987054854631424,0,2000,strong30k,0,0,42,0.0,0.4,walk
1171,23.42,0.0,0.4000000059604645,0.33785510063171387,0.2242089956998825,-0.10122881084680557,-0.07455448061227798,0,2000,strong30k,0,0,42,0.0,0.4,walk
1172,23.44,0.0,0.4000000059604645,0.3378678560256958,0.19927941262722015,-0.08797241747379303,-0.4792194962501526,0,2000,strong30k,0,0,42,0.0,0.4,walk
1173,23.46,0.0,0.4000000059604645,0.33852362632751465,0.1718348115682602,-0.042864687740802765,0.06548287719488144,0,2000,strong30k,0,0,42,0.0,0.4,walk
1174,23.48,0.0,0.4000000059604645,0.3339618444442749,0.1455574631690979,-0.02248045988380909,0.3383415937423706,0,2000,strong30k,0,0,42,0.0,0.4,walk
1175,23.5,0.0,0.4000000059604645,0.32837772369384766,0.12552663683891296,-0.005020283628255129,0.3725529909133911,0,2000,strong30k,0,0,42,0.0,0.4,walk
1176,23.52,0.0,0.4000000059604645,0.32251477241516113,0.11549802124500275,0.013844888657331467,0.39450037479400635,0,2000,strong30k,0,0,42,0.0,0.4,walk
1177,23.54,0.0,0.4000000059604645,0.3172250986099243,0.11641290783882141,0.0324602946639061,0.3446347415447235,0,2000,strong30k,0,0,42,0.0,0.4,walk
1178,23.56,0.0,0.4000000059604645,0.3129091262817383,0.11898370087146759,0.05369069427251816,0.25305667519569397,0,2000,strong30k,0,0,42,0.0,0.4,walk
1179,23.580000000000002,0.0,0.4000000059604645,0.31005120277404785,0.13637475669384003,0.0723530724644661,0.16502392292022705,0,2000,strong30k,0,0,42,0.0,0.4,walk
1180,23.6,0.0,0.4000000059604645,0.30829179286956787,0.15505316853523254,0.0902705267071724,0.10538415610790253,0,2000,strong30k,0,0,42,0.0,0.4,walk
1181,23.62,0.0,0.4000000059604645,0.30724966526031494,0.17310506105422974,0.10899102687835693,0.07808417081832886,0,2000,strong30k,0,0,42,0.0,0.4,walk
1182,23.64,0.0,0.4000000059604645,0.30656182765960693,0.1902746856212616,0.12847110629081726,0.09221914410591125,0,2000,strong30k,0,0,42,0.0,0.4,walk
1183,23.66,0.0,0.4000000059604645,0.3061389923095703,0.2077551633119583,0.14991065859794617,0.0924282819032669,0,2000,strong30k,0,0,42,0.0,0.4,walk
1184,23.68,0.0,0.4000000059604645,0.3056931495666504,0.22424620389938354,0.17577916383743286,0.13234615325927734,0,2000,strong30k,0,0,42,0.0,0.4,walk
1185,23.7,0.0,0.4000000059604645,0.30511605739593506,0.2379201352596283,0.20428499579429626,0.17027738690376282,0,2000,strong30k,0,0,42,0.0,0.4,walk
1186,23.72,0.0,0.4000000059604645,0.3045305013656616,0.24867652356624603,0.23558829724788666,0.1898748278617859,0,2000,strong30k,0,0,42,0.0,0.4,walk
1187,23.740000000000002,0.0,0.4000000059604645,0.3040410280227661,0.2538861036300659,0.2714853584766388,0.18542037904262543,0,2000,strong30k,0,0,42,0.0,0.4,walk
1188,23.76,0.0,0.4000000059604645,0.30360329151153564,0.25588709115982056,0.3111919164657593,0.19409368932247162,0,2000,strong30k,0,0,42,0.0,0.4,walk
1189,23.78,0.0,0.4000000059604645,0.3029961585998535,0.2563096284866333,0.3540666401386261,0.21876370906829834,0,2000,strong30k,0,0,42,0.0,0.4,walk
1190,23.8,0.0,0.4000000059604645,0.30172157287597656,0.25492581725120544,0.39939433336257935,0.27918925881385803,0,2000,strong30k,0,0,42,0.0,0.4,walk
1191,23.82,0.0,0.4000000059604645,0.29988837242126465,0.25224173069000244,0.4430290460586548,0.3142852783203125,0,2000,strong30k,0,0,42,0.0,0.4,walk
1192,23.84,0.0,0.4000000059604645,0.29854071140289307,0.2458624690771103,0.4806658625602722,0.2116384506225586,0,2000,strong30k,0,0,42,0.0,0.4,walk
1193,23.86,0.0,0.4000000059604645,0.29783666133880615,0.19954226911067963,0.4223373830318451,0.0939505398273468,0,2000,strong30k,0,0,42,0.0,0.4,walk
1194,23.88,0.0,0.4000000059604645,0.299121618270874,0.16514462232589722,0.3528252840042114,-0.0718131884932518,0,2000,strong30k,0,0,42,0.0,0.4,walk
1195,23.900000000000002,0.0,0.4000000059604645,0.3012770414352417,0.14553609490394592,0.30783790349960327,0.014081872999668121,0,2000,strong30k,0,0,42,0.0,0.4,walk
1196,23.92,0.0,0.4000000059604645,0.3020508289337158,0.13903126120567322,0.2759929299354553,0.15082095563411713,0,2000,strong30k,0,0,42,0.0,0.4,walk
1197,23.94,0.0,0.4000000059604645,0.30207347869873047,0.1280304193496704,0.24430495500564575,0.18509861826896667,0,2000,strong30k,0,0,42,0.0,0.4,walk
1198,23.96,0.0,0.4000000059604645,0.3020601272583008,0.12208128720521927,0.2131776660680771,0.14513760805130005,0,2000,strong30k,0,0,42,0.0,0.4,walk
1199,23.98,0.0,0.4000000059604645,0.30207860469818115,0.12067226320505142,0.18694056570529938,0.11776353418827057,0,2000,strong30k,0,0,42,0.0,0.4,walk
1200,24.0,0.0,0.4000000059604645,0.30238664150238037,0.12216800451278687,0.16331826150417328,0.0632588341832161,0,2000,strong30k,0,0,42,0.0,0.4,walk
1201,24.02,0.0,0.4000000059604645,0.3025064468383789,0.12684351205825806,0.1436205804347992,0.08323385566473007,0,2000,strong30k,0,0,42,0.0,0.4,walk
1202,24.04,0.0,0.4000000059604645,0.3023151159286499,0.1328752636909485,0.12449534982442856,0.07268298417329788,0,2000,strong30k,0,0,42,0.0,0.4,walk
1203,24.060000000000002,0.0,0.4000000059604645,0.3020038604736328,0.14018003642559052,0.10643981397151947,0.05256490409374237,0,2000,strong30k,0,0,42,0.0,0.4,walk
1204,24.080000000000002,0.0,0.4000000059604645,0.30171656608581543,0.15262117981910706,0.09043321758508682,0.012726719491183758,0,2000,strong30k,0,0,42,0.0,0.4,walk
1205,24.1,0.0,0.4000000059604645,0.30137646198272705,0.1668645143508911,0.07563592493534088,-0.008183998987078667,0,2000,strong30k,0,0,42,0.0,0.4,walk
1206,24.12,0.0,0.4000000059604645,0.30090880393981934,0.18133418262004852,0.060518160462379456,-0.02921072579920292,0,2000,strong30k,0,0,42,0.0,0.4,walk
1207,24.14,0.0,0.4000000059604645,0.3003288507461548,0.19420471787452698,0.04305454343557358,-0.04467380791902542,0,2000,strong30k,0,0,42,0.0,0.4,walk
1208,24.16,0.0,0.4000000059604645,0.29958605766296387,0.20224174857139587,0.02392912283539772,-0.04457730054855347,0,2000,strong30k,0,0,42,0.0,0.4,walk
1209,24.18,0.0,0.4000000059604645,0.2986114025115967,0.2056323140859604,0.0034877932630479336,-0.024341288954019547,0,2000,strong30k,0,0,42,0.0,0.4,walk
1210,24.2,0.0,0.4000000059604645,0.2968766689300537,0.20818769931793213,-0.017670242115855217,0.060356371104717255,0,2000,strong30k,0,0,42,0.0,0.4,walk
1211,24.22,0.0,0.4000000059604645,0.29435575008392334,0.2103152722120285,-0.04065313562750816,0.12054966390132904,0,2000,strong30k,0,0,42,0.0,0.4,walk
1212,24.240000000000002,0.0,0.4000000059604645,0.29178082942962646,0.20987005531787872,-0.06389538943767548,0.09015044569969177,0,2000,strong30k,0,0,42,0.0,0.4,walk
1213,24.26,0.0,0.4000000059604645,0.28960299491882324,0.20705637335777283,-0.08281992375850677,0.014986552298069,0,2000,strong30k,0,0,42,0.0,0.4,walk
1214,24.28,0.0,0.4000000059604645,0.2883789539337158,0.19817835092544556,-0.09149782359600067,-0.11784391850233078,0,2000,strong30k,0,0,42,0.0,0.4,walk
1215,24.3,0.0,0.4000000059604645,0.2895243167877197,0.15282042324543,-0.0499727688729763,-0.36213403940200806,0,2000,strong30k,0,0,42,0.0,0.4,walk
1216,24.32,0.0,0.4000000059604645,0.2870345115661621,0.1341787427663803,-0.020888522267341614,0.2572181224822998,0,2000,strong30k,0,0,42,0.0,0.4,walk
1217,24.34,0.0,0.4000000059604645,0.28158509731292725,0.11057568341493607,-0.001108279568143189,0.3593115508556366,0,2000,strong30k,0,0,42,0.0,0.4,walk
1218,24.36,0.0,0.4000000059604645,0.276081919670105,0.09713040292263031,0.016546044498682022,0.3326088488101959,0,2000,strong30k,0,0,42,0.0,0.4,walk
1219,24.38,0.0,0.4000000059604645,0.2711803913116455,0.09435494244098663,0.03430431708693504,0.3064206838607788,0,2000,strong30k,0,0,42,0.0,0.4,walk
1220,24.400000000000002,0.0,0.4000000059604645,0.2668170928955078,0.09862242639064789,0.05684147775173187,0.2410239577293396,0,2000,strong30k,0,0,42,0.0,0.4,walk
1221,24.42,0.0,0.4000000059604645,0.263705849647522,0.11646728962659836,0.07761327177286148,0.16872848570346832,0,2000,strong30k,0,0,42,0.0,0.4,walk
1222,24.44,0.0,0.4000000059604645,0.26170194149017334,0.13703319430351257,0.09660828113555908,0.10679323226213455,0,2000,strong30k,0,0,42,0.0,0.4,walk
1223,24.46,0.0,0.4000000059604645,0.26049351692199707,0.15974494814872742,0.11502232402563095,0.09351150691509247,0,2000,strong30k,0,0,42,0.0,0.4,walk
1224,24.48,0.0,0.4000000059604645,0.2596956491470337,0.17431654036045074,0.13613414764404297,0.06164437532424927,0,2000,strong30k,0,0,42,0.0,0.4,walk
1225,24.5,0.0,0.4000000059604645,0.2592489719390869,0.19266638159751892,0.15770982205867767,0.0793563723564148,0,2000,strong30k,0,0,42,0.0,0.4,walk
1226,24.52,0.0,0.4000000059604645,0.2589609622955322,0.21138866245746613,0.18037422001361847,0.09770141541957855,0,2000,strong30k,0,0,42,0.0,0.4,walk
1227,24.54,0.0,0.4000000059604645,0.2586219310760498,0.22659698128700256,0.20780587196350098,0.13458633422851562,0,2000,strong30k,0,0,42,0.0,0.4,walk
1228,24.560000000000002,0.0,0.4000000059604645,0.25819456577301025,0.23844993114471436,0.23855513334274292,0.16558928787708282,0,2000,strong30k,0,0,42,0.0,0.4,walk
1229,24.580000000000002,0.0,0.4000000059604645,0.25789105892181396,0.24550864100456238,0.2729686498641968,0.1625729352235794,0,2000,strong30k,0,0,42,0.0,0.4,walk
1230,24.6,0.0,0.4000000059604645,0.2577016353607178,0.24820341169834137,0.3119862675666809,0.16447865962982178,0,2000,strong30k,0,0,42,0.0,0.4,walk
1231,24.62,0.0,0.4000000059604645,0.25762081146240234,0.2480856329202652,0.35427719354629517,0.16052575409412384,0,2000,strong30k,0,0,42,0.0,0.4,walk
1232,24.64,0.0,0.4000000059604645,0.2572178840637207,0.24513237178325653,0.4003841280937195,0.196915864944458,0,2000,strong30k,0,0,42,0.0,0.4,walk
1233,24.66,0.0,0.4000000059604645,0.2561272382736206,0.24200253188610077,0.44691112637519836,0.2591060400009155,0,2000,strong30k,0,0,42,0.0,0.4,walk
1234,24.68,0.0,0.4000000059604645,0.2548856735229492,0.2363898605108261,0.48955869674682617,0.24454645812511444,0,2000,strong30k,0,0,42,0.0,0.4,walk
1235,24.7,0.0,0.4000000059604645,0.25369906425476074,0.20158575475215912,0.46654850244522095,0.09719483554363251,0,2000,strong30k,0,0,42,0.0,0.4,walk
1236,24.72,0.0,0.4000000059604645,0.2542918920516968,0.16625185310840607,0.38306209444999695,-0.03570443391799927,0,2000,strong30k,0,0,42,0.0,0.4,walk
1237,24.740000000000002,0.0,0.4000000059604645,0.25702333450317383,0.1457185298204422,0.32780811190605164,-0.1038857027888298,0,2000,strong30k,0,0,42,0.0,0.4,walk
1238,24.76,0.0,0.4000000059604645,0.2590787410736084,0.13430070877075195,0.29396945238113403,0.036940742284059525,0,2000,strong30k,0,0,42,0.0,0.4,walk
1239,24.78,0.0,0.4000000059604645,0.25986313819885254,0.12660261988639832,0.2631698548793793,0.12282075732946396,0,2000,strong30k,0,0,42,0.0,0.4,walk
1240,24.8,0.0,0.4000000059604645,0.2600066661834717,0.12104865163564682,0.2306077927350998,0.15862447023391724,0,2000,strong30k,0,0,42,0.0,0.4,walk
1241,24.82,0.0,0.4000000059604645,0.2601799964904785,0.11816255748271942,0.20010758936405182,0.10156320035457611,0,2000,strong30k,0,0,42,0.0,0.4,walk
1242,24.84,0.0,0.4000000059604645,0.26073944568634033,0.12284903973340988,0.17584756016731262,0.04668520390987396,0,2000,strong30k,0,0,42,0.0,0.4,walk
1243,24.86,0.0,0.4000000059604645,0.26152050495147705,0.12451855093240738,0.15320613980293274,0.02068301849067211,0,2000,strong30k,0,0,42,0.0,0.4,walk
1244,24.88,0.0,0.4000000059604645,0.2615247964859009,0.13161678612232208,0.13492459058761597,0.08659432828426361,0,2000,strong30k,0,0,42,0.0,0.4,walk
1245,24.900000000000002,0.0,0.4000000059604645,0.2614469528198242,0.1368132382631302,0.1135312169790268,0.04295600950717926,0,2000,strong30k,0,0,42,0.0,0.4,walk
1246,24.92,0.0,0.4000000059604645,0.2612394094467163,0.14866888523101807,0.09801210463047028,0.027408942580223083,0,2000,strong30k,0,0,42,0.0,0.4,walk
1247,24.94,0.0,0.4000000059604645,0.2609412670135498,0.16401167213916779,0.08364056050777435,-0.0068801771849393845,0,2000,strong30k,0,0,42,0.0,0.4,walk
1248,24.96,0.0,0.4000000059604645,0.2605823278427124,0.17995774745941162,0.06938065588474274,-0.02868257649242878,0,2000,strong30k,0,0,42,0.0,0.4,walk
1249,24.98,0.0,0.4000000059604645,0.2601451873779297,0.19479236006736755,0.05230388790369034,-0.0535501167178154,0,2000,strong30k,0,0,42,0.0,0.4,walk
1250,25.0,0.0,0.4000000059604645,0.25955986976623535,0.20609617233276367,0.03429816663265228,-0.058688435703516006,0,2000,strong30k,0,0,42,0.0,0.4,walk
1251,25.02,0.0,0.4000000059604645,0.25880610942840576,0.21174028515815735,0.013911827467381954,-0.04838485270738602,0,2000,strong30k,0,0,42,0.0,0.4,walk
1252,25.04,0.0,0.4000000059604645,0.2575347423553467,0.21486128866672516,-0.006554534193128347,0.008310077711939812,0,2000,strong30k,0,0,42,0.0,0.4,walk
1253,25.060000000000002,0.0,0.4000000059604645,0.2554394006729126,0.2174014151096344,-0.02839900366961956,0.0844980999827385,0,2000,strong30k,0,0,42,0.0,0.4,walk
1254,25.080000000000002,0.0,0.4000000059604645,0.2531161308288574,0.21742162108421326,-0.05154148116707802,0.08062304556369781,0,2000,strong30k,0,0,42,0.0,0.4,walk
1255,25.1,0.0,0.4000000059604645,0.2509913444519043,0.21670196950435638,-0.0719006210565567,0.03031770884990692,0,2000,strong30k,0,0,42,0.0,0.4,walk
1256,25.12,0.0,0.4000000059604645,0.2494598627090454,0.21078284084796906,-0.08660014718770981,-0.07044434547424316,0,2000,strong30k,0,0,42,0.0,0.4,walk
1257,25.14,0.0,0.4000000059604645,0.24930095672607422,0.18166975677013397,-0.06879420578479767,-0.5045592784881592,0,2000,strong30k,0,0,42,0.0,0.4,walk
1258,25.16,0.0,0.4000000059604645,0.24963271617889404,0.15808390080928802,-0.02745491825044155,0.06730950623750687,0,2000,strong30k,0,0,42,0.0,0.4,walk
1259,25.18,0.0,0.4000000059604645,0.2453160285949707,0.1329687088727951,-0.006924889050424099,0.2844196557998657,0,2000,strong30k,0,0,42,0.0,0.4,walk
1260,25.2,0.0,0.4000000059604645,0.24046766757965088,0.11600096523761749,0.009285381995141506,0.2818133533000946,0,2000,strong30k,0,0,42,0.0,0.4,walk
1261,25.22,0.0,0.4000000059604645,0.23555278778076172,0.10859371721744537,0.02753303386271,0.30236196517944336,0,2000,strong30k,0,0,42,0.0,0.4,walk
1262,25.240000000000002,0.0,0.4000000059604645,0.23116600513458252,0.10985799133777618,0.04729849472641945,0.2526155710220337,0,2000,strong30k,0,0,42,0.0,0.4,walk
1263,25.26,0.0,0.4000000059604645,0.22774291038513184,0.11423816531896591,0.06847455352544785,0.16669434309005737,0,2000,strong30k,0,0,42,0.0,0.4,walk
1264,25.28,0.0,0.4000000059604645,0.22562932968139648,0.13155971467494965,0.08758454769849777,0.10015220195055008,0,2000,strong30k,0,0,42,0.0,0.4,walk
1265,25.3,0.0,0.4000000059604645,0.2244044542312622,0.1495583951473236,0.1058451309800148,0.0587632842361927,0,2000,strong30k,0,0,42,0.0,0.4,walk
1266,25.32,0.0,0.4000000059604645,0.22375810146331787,0.16536247730255127,0.12508459389209747,0.03897009417414665,0,2000,strong30k,0,0,42,0.0,0.4,walk
1267,25.34,0.0,0.4000000059604645,0.22338902950286865,0.18246929347515106,0.14440585672855377,0.06259343028068542,0,2000,strong30k,0,0,42,0.0,0.4,walk
1268,25.36,0.0,0.4000000059604645,0.2232905626296997,0.19931499660015106,0.1655607968568802,0.05764394998550415,0,2000,strong30k,0,0,42,0.0,0.4,walk
1269,25.38,0.0,0.4000000059604645,0.22320342063903809,0.21527457237243652,0.19147273898124695,0.09794121980667114,0,2000,strong30k,0,0,42,0.0,0.4,walk
1270,25.400000000000002,0.0,0.4000000059604645,0.22300851345062256,0.22851024568080902,0.22053119540214539,0.1323530524969101,0,2000,strong30k,0,0,42,0.0,0.4,walk
1271,25.42,0.0,0.4000000059604645,0.22288203239440918,0.23926480114459991,0.252423495054245,0.14291827380657196,0,2000,strong30k,0,0,42,0.0,0.4,walk
1272,25.44,0.0,0.4000000059604645,0.22293365001678467,0.24456623196601868,0.2892427444458008,0.1298692524433136,0,2000,strong30k,0,0,42,0.0,0.4,walk
1273,25.46,0.0,0.4000000059604645,0.22318029403686523,0.24633252620697021,0.329749196767807,0.12232048064470291,0,2000,strong30k,0,0,42,0.0,0.4,walk
1274,25.48,0.0,0.4000000059604645,0.2234104871749878,0.24657432734966278,0.3733537495136261,0.13413891196250916,0,2000,strong30k,0,0,42,0.0,0.4,walk
1275,25.5,0.0,0.4000000059604645,0.22300410270690918,0.24513812363147736,0.41958290338516235,0.19914790987968445,0,2000,strong30k,0,0,42,0.0,0.4,walk
1276,25.52,0.0,0.4000000059604645,0.22195005416870117,0.2423044741153717,0.46441107988357544,0.24787677824497223,0,2000,strong30k,0,0,42,0.0,0.4,walk
1277,25.54,0.0,0.4000000059604645,0.2211167812347412,0.23614798486232758,0.5009067058563232,0.18426834046840668,0,2000,strong30k,0,0,42,0.0,0.4,walk
1278,25.560000000000002,0.0,0.4000000059604645,0.22025561332702637,0.18217425048351288,0.4240880012512207,0.09117165207862854,0,2000,strong30k,0,0,42,0.0,0.4,walk
1279,25.580000000000002,0.0,0.4000000059604645,0.22239446640014648,0.15401092171669006,0.35991448163986206,-0.1372257024049759,0,2000,strong30k,0,0,42,0.0,0.4,walk
1280,25.6,0.0,0.4000000059604645,0.2250688076019287,0.13646098971366882,0.3170449137687683,-0.03180890530347824,0,2000,strong30k,0,0,42,0.0,0.4,walk
1281,25.62,0.0,0.4000000059604645,0.22640299797058105,0.12960872054100037,0.2847108840942383,0.09075508266687393,0,2000,strong30k,0,0,42,0.0,0.4,walk
1282,25.64,0.0,0.4000000059604645,0.22713661193847656,0.11816436052322388,0.25170427560806274,0.10822556167840958,0,2000,strong30k,0,0,42,0.0,0.4,walk
1283,25.66,0.0,0.4000000059604645,0.22782516479492188,0.11216803640127182,0.21987949311733246,0.07398587465286255,0,2000,strong30k,0,0,42,0.0,0.4,walk
1284,25.68,0.0,0.4000000059604645,0.22850966453552246,0.11016077548265457,0.19313731789588928,0.05528010055422783,0,2000,strong30k,0,0,42,0.0,0.4,walk
1285,25.7,0.0,0.4000000059604645,0.2294074296951294,0.11070004105567932,0.16884636878967285,0.013346320018172264,0,2000,strong30k,0,0,42,0.0,0.4,walk
1286,25.72,0.0,0.4000000059604645,0.22990715503692627,0.11563048511743546,0.1492941826581955,0.0523688942193985,0,2000,strong30k,0,0,42,0.0,0.4,walk
1287,25.740000000000002,0.0,0.4000000059604645,0.22999203205108643,0.12140916287899017,0.12993785738945007,0.04137343540787697,0,2000,strong30k,0,0,42,0.0,0.4,walk
1288,25.76,0.0,0.4000000059604645,0.22998523712158203,0.1283286213874817,0.11121498048305511,0.020831935107707977,0,2000,strong30k,0,0,42,0.0,0.4,walk
1289,25.78,0.0,0.4000000059604645,0.22991538047790527,0.1400720477104187,0.09552768617868423,-0.008570220321416855,0,2000,strong30k,0,0,42,0.0,0.4,walk
1290,25.8,0.0,0.4000000059604645,0.22981655597686768,0.15421661734580994,0.08079364895820618,-0.03686125576496124,0,2000,strong30k,0,0,42,0.0,0.4,walk
1291,25.82,0.0,0.4000000059604645,0.22961294651031494,0.16834664344787598,0.06531462073326111,-0.05473024398088455,0,2000,strong30k,0,0,42,0.0,0.4,walk
1292,25.84,0.0,0.4000000059604645,0.22924578189849854,0.18084856867790222,0.04821721464395523,-0.06822332739830017,0,2000,strong30k,0,0,42,0.0,0.4,walk
1293,25.86,0.0,0.4000000059604645,0.228735089302063,0.1875118464231491,0.028953496366739273,-0.06853540986776352,0,2000,strong30k,0,0,42,0.0,0.4,walk
1294,25.88,0.0,0.4000000059604645,0.2279648780822754,0.18945930898189545,0.008397013880312443,-0.04282220080494881,0,2000,strong30k,0,0,42,0.0,0.4,walk
1295,25.900000000000002,0.0,0.4000000059604645,0.22638952732086182,0.19118349254131317,-0.012558660469949245,0.04265648126602173,0,2000,strong30k,0,0,42,0.0,0.4,walk
1296,25.92,0.0,0.4000000059604645,0.22418606281280518,0.19168010354042053,-0.03541509434580803,0.08467771112918854,0,2000,strong30k,0,0,42,0.0,0.4,walk
1297,25.94,0.0,0.4000000059604645,0.2219247817993164,0.1905314177274704,-0.057723961770534515,0.06288796663284302,0,2000,strong30k,0,0,42,0.0,0.4,walk
1298,25.96,0.0,0.4000000059604645,0.21994400024414062,0.18650522828102112,-0.07578501105308533,-0.0007660716073587537,0,2000,strong30k,0,0,42,0.0,0.4,walk
1299,25.98,0.0,0.4000000059604645,0.2187347412109375,0.17689749598503113,-0.08303818851709366,-0.10753050446510315,0,2000,strong30k,0,0,42,0.0,0.4,walk
1300,26.0,0.0,0.4000000059604645,0.21979939937591553,0.135343998670578,-0.03688475862145424,-0.18367737531661987,0,2000,strong30k,0,0,42,0.0,0.4,walk
1301,26.02,0.0,0.4000000059604645,0.21684348583221436,0.11477597802877426,-0.01251593604683876,0.22409173846244812,0,2000,strong30k,0,0,42,0.0,0.4,walk
1302,26.04,0.0,0.4000000059604645,0.2122424840927124,0.09479357302188873,0.005940822884440422,0.2600139379501343,0,2000,strong30k,0,0,42,0.0,0.4,walk
1303,26.060000000000002,0.0,0.4000000059604645,0.20774531364440918,0.08474325388669968,0.024196453392505646,0.23632507026195526,0,2000,strong30k,0,0,42,0.0,0.4,walk
1304,26.080000000000002,0.0,0.4000000059604645,0.20389008522033691,0.084210604429245,0.041816163808107376,0.19822248816490173,0,2000,strong30k,0,0,42,0.0,0.4,walk
1305,26.1,0.0,0.4000000059604645,0.20048964023590088,0.09149786829948425,0.06380219757556915,0.16877613961696625,0,2000,strong30k,0,0,42,0.0,0.4,walk
1306,26.12,0.0,0.4000000059604645,0.1981121301651001,0.1089133769273758,0.0839381143450737,0.10162804275751114,0,2000,strong30k,0,0,42,0.0,0.4,walk
1307,26.14,0.0,0.4000000059604645,0.19665753841400146,0.130183607339859,0.1031242311000824,0.07127679884433746,0,2000,strong30k,0,0,42,0.0,0.4,walk
1308,26.16,0.0,0.4000000059604645,0.19578826427459717,0.1513630896806717,0.12220286577939987,0.05969015508890152,0,2000,strong30k,0,0,42,0.0,0.4,walk
1309,26.18,0.0,0.4000000059604645,0.1952611207962036,0.16762471199035645,0.1424877941608429,0.04912899062037468,0,2000,strong30k,0,0,42,0.0,0.4,walk
1310,26.2,0.0,0.4000000059604645,0.195062518119812,0.18484872579574585,0.16353224217891693,0.05454191192984581,0,2000,strong30k,0,0,42,0.0,0.4,walk
1311,26.22,0.0,0.4000000059604645,0.19497835636138916,0.20253115892410278,0.1871834695339203,0.07865973562002182,0,2000,strong30k,0,0,42,0.0,0.4,walk
1312,26.240000000000002,0.0,0.4000000059604645,0.19485783576965332,0.21745839715003967,0.2148825228214264,0.1096014678478241,0,2000,strong30k,0,0,42,0.0,0.4,walk
1313,26.26,0.0,0.4000000059604645,0.19471216201782227,0.22987471520900726,0.24565793573856354,0.13624072074890137,0,2000,strong30k,0,0,42,0.0,0.4,walk
1314,26.28,0.0,0.4000000059604645,0.19466853141784668,0.2380952686071396,0.28033095598220825,0.13489028811454773,0,2000,strong30k,0,0,42,0.0,0.4,walk
1315,26.3,0.0,0.4000000059604645,0.19485914707183838,0.2412569522857666,0.31941312551498413,0.11649320274591446,0,2000,strong30k,0,0,42,0.0,0.4,walk
1316,26.32,0.0,0.4000000059604645,0.19530367851257324,0.24230916798114777,0.361601859331131,0.10623156279325485,0,2000,strong30k,0,0,42,0.0,0.4,walk
1317,26.34,0.0,0.4000000059604645,0.1954953670501709,0.2403590977191925,0.40772780776023865,0.13715998828411102,0,2000,strong30k,0,0,42,0.0,0.4,walk
1318,26.36,0.0,0.4000000059604645,0.19492554664611816,0.23766091465950012,0.4544948935508728,0.21591328084468842,0,2000,strong30k,0,0,42,0.0,0.4,walk
1319,26.38,0.0,0.4000000059604645,0.19401037693023682,0.2323332279920578,0.4970758557319641,0.2159048467874527,0,2000,strong30k,0,0,42,0.0,0.4,walk
1320,26.400000000000002,0.0,0.4000000059604645,0.19277524948120117,0.19317854940891266,0.47367751598358154,0.185199573636055,0,2000,strong30k,0,0,42,0.0,0.4,walk
1321,26.42,0.0,0.4000000059604645,0.19315028190612793,0.1601218581199646,0.3898283839225769,-0.04711354151368141,0,2000,strong30k,0,0,42,0.0,0.4,walk
1322,26.44,0.0,0.4000000059604645,0.19620370864868164,0.1379348784685135,0.33654066920280457,-0.14964616298675537,0,2000,strong30k,0,0,42,0.0,0.4,walk
1323,26.46,0.0,0.4000000059604645,0.1988389492034912,0.12297160923480988,0.30217620730400085,-0.026772592216730118,0,2000,strong30k,0,0,42,0.0,0.4,walk
1324,26.48,0.0,0.4000000059604645,0.2003878355026245,0.11301986128091812,0.2698596715927124,0.048298660665750504,0,2000,strong30k,0,0,42,0.0,0.4,walk
1325,26.5,0.0,0.4000000059604645,0.20121264457702637,0.10714106261730194,0.2380571961402893,0.09594453871250153,0,2000,strong30k,0,0,42,0.0,0.4,walk
1326,26.52,0.0,0.4000000059604645,0.20198118686676025,0.10358838737010956,0.20683100819587708,0.04364590346813202,0,2000,strong30k,0,0,42,0.0,0.4,walk
1327,26.54,0.0,0.4000000059604645,0.20306873321533203,0.10849225521087646,0.1824599653482437,-0.004935225006192923,0,2000,strong30k,0,0,42,0.0,0.4,walk
1328,26.560000000000002,0.0,0.4000000059604645,0.2043304443359375,0.10951152443885803,0.1593683809041977,-0.01886541023850441,0,2000,strong30k,0,0,42,0.0,0.4,walk
1329,26.580000000000002,0.0,0.4000000059604645,0.20470190048217773,0.11673349887132645,0.14094525575637817,0.05073043331503868,0,2000,strong30k,0,0,42,0.0,0.4,walk
1330,26.6,0.0,0.4000000059604645,0.2049415111541748,0.12174209952354431,0.1193157434463501,0.016053274273872375,0,2000,strong30k,0,0,42,0.0,0.4,walk
1331,26.62,0.0,0.4000000059604645,0.20497453212738037,0.1331101953983307,0.10271095484495163,0.007191557437181473,0,2000,strong30k,0,0,42,0.0,0.4,walk
1332,26.64,0.0,0.4000000059604645,0.2048196792602539,0.1488291472196579,0.08873750269412994,-0.01621340587735176,0,2000,strong30k,0,0,42,0.0,0.4,walk
1333,26.66,0.0,0.4000000059604645,0.20456719398498535,0.16461840271949768,0.07383999973535538,-0.038274236023426056,0,2000,strong30k,0,0,42,0.0,0.4,walk
1334,26.68,0.0,0.4000000059604645,0.20421552658081055,0.17942211031913757,0.057179227471351624,-0.05965495854616165,0,2000,strong30k,0,0,42,0.0,0.4,walk
1335,26.7,0.0,0.4000000059604645,0.20370447635650635,0.190250426530838,0.038864534348249435,-0.06777837872505188,0,2000,strong30k,0,0,42,0.0,0.4,walk
1336,26.72,0.0,0.4000000059604645,0.20303404331207275,0.19497135281562805,0.018664032220840454,-0.05790247023105621,0,2000,strong30k,0,0,42,0.0,0.4,walk
1337,26.740000000000002,0.0,0.4000000059604645,0.20185339450836182,0.19743981957435608,-0.001963662914931774,-0.0033360859379172325,0,2000,strong30k,0,0,42,0.0,0.4,walk
1338,26.76,0.0,0.4000000059604645,0.19994080066680908,0.19946396350860596,-0.023968011140823364,0.06336499750614166,0,2000,strong30k,0,0,42,0.0,0.4,walk
1339,26.78,0.0,0.4000000059604645,0.19787395000457764,0.1988891214132309,-0.04702141880989075,0.05515444278717041,0,2000,strong30k,0,0,42,0.0,0.4,walk
1340,26.8,0.0,0.4000000059604645,0.19601202011108398,0.19743119180202484,-0.06724684685468674,0.00817488320171833,0,2000,strong30k,0,0,42,0.0,0.4,walk
1341,26.82,0.0,0.4000000059604645,0.19457530975341797,0.19118335843086243,-0.080278679728508,-0.0653061717748642,0,2000,strong30k,0,0,42,0.0,0.4,walk
1342,26.84,0.0,0.4000000059604645,0.1945333480834961,0.1554144322872162,-0.055059198290109634,-0.5357352495193481,0,2000,strong30k,0,0,42,0.0,0.4,walk
1343,26.86,0.0,0.4000000059604645,0.19402682781219482,0.1296902745962143,-0.020773520693182945,0.10974312573671341,0,2000,strong30k,0,0,42,0.0,0.4,walk
1344,26.88,0.0,0.4000000059604645,0.18931400775909424,0.10647188872098923,0.0007227940368466079,0.3373587429523468,0,2000,strong30k,0,0,42,0.0,0.4,walk
1345,26.900000000000002,0.0,0.4000000059604645,0.18390893936157227,0.0937112420797348,0.01780298352241516,0.32869377732276917,0,2000,strong30k,0,0,42,0.0,0.4,walk
1346,26.92,0.0,0.4000000059604645,0.17911911010742188,0.0855758860707283,0.03429725021123886,0.25004273653030396,0,2000,strong30k,0,0,42,0.0,0.4,walk
1347,26.94,0.0,0.4000000059604645,0.1751246452331543,0.08890125900506973,0.0549517460167408,0.2079898566007614,0,2000,strong30k,0,0,42,0.0,0.4,walk
1348,26.96,0.0,0.4000000059604645,0.17235243320465088,0.10439687967300415,0.07374051958322525,0.10573571175336838,0,2000,strong30k,0,0,42,0.0,0.4,walk
1349,26.98,0.0,0.4000000059604645,0.17089462280273438,0.12579873204231262,0.0924893170595169,0.046845246106386185,0,2000,strong30k,0,0,42,0.0,0.4,walk
1350,27.0,0.0,0.4000000059604645,0.1702355146408081,0.147090882062912,0.11098743230104446,0.01467482652515173,0,2000,strong30k,0,0,42,0.0,0.4,walk
1351,27.02,0.0,0.4000000059604645,0.17017590999603271,0.15991157293319702,0.13222438097000122,-0.02401682361960411,0,2000,strong30k,0,0,42,0.0,0.4,walk
1352,27.04,0.0,0.4000000059604645,0.17030107975006104,0.18040773272514343,0.15152089297771454,0.0216628797352314,0,2000,strong30k,0,0,42,0.0,0.4,walk
1353,27.060000000000002,0.0,0.4000000059604645,0.17052435874938965,0.19600455462932587,0.1722768247127533,0.031581293791532516,0,2000,strong30k,0,0,42,0.0,0.4,walk
1354,27.080000000000002,0.0,0.4000000059604645,0.1707620620727539,0.20973341166973114,0.1977243572473526,0.06408872455358505,0,2000,strong30k,0,0,42,0.0,0.4,walk
1355,27.1,0.0,0.4000000059604645,0.17094576358795166,0.22108222544193268,0.22676987946033478,0.09336580336093903,0,2000,strong30k,0,0,42,0.0,0.4,walk
1356,27.12,0.0,0.4000000059604645,0.17116308212280273,0.22995026409626007,0.2589446008205414,0.11401291191577911,0,2000,strong30k,0,0,42,0.0,0.4,walk
1357,27.14,0.0,0.4000000059604645,0.17149245738983154,0.23315702378749847,0.29624924063682556,0.10169689357280731,0,2000,strong30k,0,0,42,0.0,0.4,walk
1358,27.16,0.0,0.4000000059604645,0.17203950881958008,0.23305344581604004,0.336954265832901,0.09066329151391983,0,2000,strong30k,0,0,42,0.0,0.4,walk
1359,27.18,0.0,0.4000000059604645,0.17266499996185303,0.23127338290214539,0.38099727034568787,0.09081915020942688,0,2000,strong30k,0,0,42,0.0,0.4,walk
1360,27.2,0.0,0.4000000059604645,0.1727449893951416,0.22812382876873016,0.4277620017528534,0.1508340835571289,0,2000,strong30k,0,0,42,0.0,0.4,walk
1361,27.22,0.0,0.4000000059604645,0.17219746112823486,0.22418665885925293,0.4730824828147888,0.20735521614551544,0,2000,strong30k,0,0,42,0.0,0.4,walk
1362,27.240000000000002,0.0,0.4000000059604645,0.17170500755310059,0.21222980320453644,0.5031935572624207,0.22948408126831055,0,2000,strong30k,0,0,42,0.0,0.4,walk
1363,27.26,0.0,0.4000000059604645,0.17069268226623535,0.16635417938232422,0.42084211111068726,0.0943976566195488,0,2000,strong30k,0,0,42,0.0,0.4,walk
1364,27.28,0.0,0.4000000059604645,0.1731349229812622,0.14216287434101105,0.36073893308639526,-0.14787977933883667,0,2000,strong30k,0,0,42,0.0,0.4,walk
1365,27.3,0.0,0.4000000059604645,0.17626667022705078,0.1188540831208229,0.32320523262023926,-0.09400193393230438,0,2000,strong30k,0,0,42,0.0,0.4,walk
1366,27.32,0.0,0.4000000059604645,0.17830753326416016,0.10913620889186859,0.2908572554588318,8.998438715934753e-06,0,2000,strong30k,0,0,42,0.0,0.4,walk
1367,27.34,0.0,0.4000000059604645,0.17923498153686523,0.10189532488584518,0.2584758400917053,0.09785313159227371,0,2000,strong30k,0,0,42,0.0,0.4,walk
1368,27.36,0.0,0.4000000059604645,0.18017113208770752,0.09873468428850174,0.22331728041172028,0.01987125724554062,0,2000,strong30k,0,0,42,0.0,0.4,walk
1369,27.38,0.0,0.4000000059604645,0.18147826194763184,0.10197976231575012,0.19639015197753906,-0.028844552114605904,0,2000,strong30k,0,0,42,0.0,0.4,walk
1370,27.400000000000002,0.0,0.4000000059604645,0.18324923515319824,0.10081051290035248,0.17181114852428436,-0.07674466073513031,0,2000,strong30k,0,0,42,0.0,0.4,walk
1371,27.42,0.0,0.4000000059604645,0.184059739112854,0.10653585195541382,0.15310879051685333,0.035720765590667725,0,2000,strong30k,0,0,42,0.0,0.4,walk
1372,27.44,0.0,0.4000000059604645,0.18427228927612305,0.11359120160341263,0.13221698999404907,0.03478018194437027,0,2000,strong30k,0,0,42,0.0,0.4,walk
1373,27.46,0.0,0.4000000059604645,0.18434178829193115,0.1232268363237381,0.11227856576442719,0.015488979406654835,0,2000,strong30k,0,0,42,0.0,0.4,walk
1374,27.48,0.0,0.4000000059604645,0.18418192863464355,0.1388813704252243,0.09734074026346207,-0.004213628359138966,0,2000,strong30k,0,0,42,0.0,0.4,walk
1375,27.5,0.0,0.4000000059604645,0.18398189544677734,0.1553126573562622,0.0828646719455719,-0.034705787897109985,0,2000,strong30k,0,0,42,0.0,0.4,walk
1376,27.52,0.0,0.4000000059604645,0.18375098705291748,0.17069804668426514,0.06699700653553009,-0.05789709463715553,0,2000,strong30k,0,0,42,0.0,0.4,walk
1377,27.54,0.0,0.4000000059604645,0.18339848518371582,0.18419313430786133,0.049635227769613266,-0.07618827372789383,0,2000,strong30k,0,0,42,0.0,0.4,walk
1378,27.560000000000002,0.0,0.4000000059604645,0.18294596672058105,0.19146643579006195,0.03021964430809021,-0.08107496798038483,0,2000,strong30k,0,0,42,0.0,0.4,walk
1379,27.580000000000002,0.0,0.4000000059604645,0.18223488330841064,0.19447475671768188,0.010414937511086464,-0.05650405213236809,0,2000,strong30k,0,0,42,0.0,0.4,walk
1380,27.6,0.0,0.4000000059604645,0.1807861328125,0.1970207691192627,-0.010338099673390388,0.02100301906466484,0,2000,strong30k,0,0,42,0.0,0.4,walk
1381,27.62,0.0,0.4000000059604645,0.17893731594085693,0.1972419172525406,-0.03349021077156067,0.042246196419000626,0,2000,strong30k,0,0,42,0.0,0.4,walk
1382,27.64,0.0,0.4000000059604645,0.177168607711792,0.19642870128154755,-0.055414829403162,0.010756898671388626,0,2000,strong30k,0,0,42,0.0,0.4,walk
1383,27.66,0.0,0.4000000059604645,0.17562031745910645,0.1922602653503418,-0.07207786291837692,-0.03670867532491684,0,2000,strong30k,0,0,42,0.0,0.4,walk
1384,27.68,0.0,0.4000000059604645,0.1746835708618164,0.1826166808605194,-0.07995378226041794,-0.13001632690429688,0,2000,strong30k,0,0,42,0.0,0.4,walk
1385,27.7,0.0,0.4000000059604645,0.1759045124053955,0.14452624320983887,-0.033990707248449326,-0.1016589030623436,0,2000,strong30k,0,0,42,0.0,0.4,walk
1386,27.72,0.0,0.4000000059604645,0.17310547828674316,0.11767227202653885,-0.008827862329781055,0.17100492119789124,0,2000,strong30k,0,0,42,0.0,0.4,walk
1387,27.740000000000002,0.0,0.4000000059604645,0.1691979169845581,0.09890342503786087,0.00850367359817028,0.18153223395347595,0,2000,strong30k,0,0,42,0.0,0.4,walk
1388,27.76,0.0,0.4000000059604645,0.1654953956604004,0.08874118328094482,0.025735512375831604,0.1622956395149231,0,2000,strong30k,0,0,42,0.0,0.4,walk
1389,27.78,0.0,0.4000000059604645,0.1623060703277588,0.0884305015206337,0.043892085552215576,0.13717184960842133,0,2000,strong30k,0,0,42,0.0,0.4,walk
1390,27.8,0.0,0.4000000059604645,0.15942645072937012,0.09616663306951523,0.06474361568689346,0.13370484113693237,0,2000,strong30k,0,0,42,0.0,0.4,walk
1391,27.82,0.0,0.4000000059604645,0.15731501579284668,0.11157334595918655,0.08484252542257309,0.08274950087070465,0,2000,strong30k,0,0,42,0.0,0.4,walk
1392,27.84,0.0,0.4000000059604645,0.15593743324279785,0.1310083121061325,0.10380308330059052,0.06905984878540039,0,2000,strong30k,0,0,42,0.0,0.4,walk
1393,27.86,0.0,0.4000000059604645,0.15508294105529785,0.15131276845932007,0.12260600179433823,0.05446011573076248,0,2000,strong30k,0,0,42,0.0,0.4,walk
1394,27.88,0.0,0.4000000059604645,0.15459942817687988,0.16735397279262543,0.14216867089271545,0.049075864255428314,0,2000,strong30k,0,0,42,0.0,0.4,walk
1395,27.900000000000002,0.0,0.4000000059604645,0.15444529056549072,0.18393480777740479,0.1629161238670349,0.05067167431116104,0,2000,strong30k,0,0,42,0.0,0.4,walk
1396,27.92,0.0,0.4000000059604645,0.1544114351272583,0.20024462044239044,0.18746842443943024,0.06749102473258972,0,2000,strong30k,0,0,42,0.0,0.4,walk
1397,27.94,0.0,0.4000000059604645,0.15436768531799316,0.2151714414358139,0.21520072221755981,0.10035304725170135,0,2000,strong30k,0,0,42,0.0,0.4,walk
1398,27.96,0.0,0.4000000059604645,0.15435445308685303,0.22777803242206573,0.24562972784042358,0.11572103202342987,0,2000,strong30k,0,0,42,0.0,0.4,walk
1399,27.98,0.0,0.4000000059604645,0.1545342206954956,0.23655115067958832,0.27993565797805786,0.10767842829227448,0,2000,strong30k,0,0,42,0.0,0.4,walk
1400,28.0,0.0,0.4000000059604645,0.15500736236572266,0.24043551087379456,0.3185942471027374,0.08538869768381119,0,2000,strong30k,0,0,42,0.0,0.4,walk
1401,28.02,0.0,0.4000000059604645,0.15581393241882324,0.24234290421009064,0.36011481285095215,0.06613937020301819,0,2000,strong30k,0,0,42,0.0,0.4,walk
1402,28.04,0.0,0.4000000059604645,0.15640056133270264,0.24121469259262085,0.4057377576828003,0.09928213804960251,0,2000,strong30k,0,0,42,0.0,0.4,walk
1403,28.060000000000002,0.0,0.4000000059604645,0.15624523162841797,0.2388913482427597,0.45210450887680054,0.1760532706975937,0,2000,strong30k,0,0,42,0.0,0.4,walk
1404,28.080000000000002,0.0,0.4000000059604645,0.1556549072265625,0.2340470850467682,0.4943978488445282,0.19553643465042114,0,2000,strong30k,0,0,42,0.0,0.4,walk
1405,28.1,0.0,0.4000000059604645,0.15446138381958008,0.1933414191007614,0.47468113899230957,0.2783295810222626,0,2000,strong30k,0,0,42,0.0,0.4,walk
1406,28.12,0.0,0.4000000059604645,0.15452539920806885,0.16145311295986176,0.3899857997894287,-0.04980507865548134,0,2000,strong30k,0,0,42,0.0,0.4,walk
1407,28.14,0.0,0.4000000059604645,0.15775728225708008,0.13759833574295044,0.3371751010417938,-0.17491966485977173,0,2000,strong30k,0,0,42,0.0,0.4,walk
1408,28.16,0.0,0.4000000059604645,0.16077780723571777,0.12035340815782547,0.30230265855789185,-0.07336215674877167,0,2000,strong30k,0,0,42,0.0,0.4,walk
1409,28.18,0.0,0.4000000059604645,0.16277790069580078,0.10954482108354568,0.27078232169151306,0.0018503814935684204,0,2000,strong30k,0,0,42,0.0,0.4,walk
1410,28.2,0.0,0.4000000059604645,0.16395020484924316,0.10330507159233093,0.23952385783195496,0.058048516511917114,0,2000,strong30k,0,0,42,0.0,0.4,walk
1411,28.22,0.0,0.4000000059604645,0.16512393951416016,0.09936147928237915,0.20746268332004547,-0.00210670568048954,0,2000,strong30k,0,0,42,0.0,0.4,walk
1412,28.240000000000002,0.0,0.4000000059604645,0.1665956974029541,0.10413610190153122,0.18329600989818573,-0.043038565665483475,0,2000,strong30k,0,0,42,0.0,0.4,walk
1413,28.26,0.0,0.4000000059604645,0.16821527481079102,0.10476985573768616,0.159934863448143,-0.054920732975006104,0,2000,strong30k,0,0,42,0.0,0.4,walk
1414,28.28,0.0,0.4000000059604645,0.16884207725524902,0.11201483011245728,0.1411239504814148,0.028779011219739914,0,2000,strong30k,0,0,42,0.0,0.4,walk
1415,28.3,0.0,0.4000000059604645,0.16927897930145264,0.11652544140815735,0.119422048330307,-0.0013447613455355167,0,2000,strong30k,0,0,42,0.0,0.4,walk
1416,28.32,0.0,0.4000000059604645,0.16947758197784424,0.12792745232582092,0.1024838238954544,-0.009919983334839344,0,2000,strong30k,0,0,42,0.0,0.4,walk
1417,28.34,0.0,0.4000000059604645,0.16944897174835205,0.14349764585494995,0.08786164969205856,-0.028179245069622993,0,2000,strong30k,0,0,42,0.0,0.4,walk
1418,28.36,0.0,0.4000000059604645,0.169258713722229,0.15943554043769836,0.07303563505411148,-0.04658237844705582,0,2000,strong30k,0,0,42,0.0,0.4,walk
1419,28.38,0.0,0.4000000059604645,0.16898763179779053,0.17377887666225433,0.05645705386996269,-0.0699249655008316,0,2000,strong30k,0,0,42,0.0,0.4,walk
1420,28.400000000000002,0.0,0.4000000059604645,0.16855955123901367,0.18433187901973724,0.038609493523836136,-0.07974976301193237,0,2000,strong30k,0,0,42,0.0,0.4,walk
1421,28.42,0.0,0.4000000059604645,0.16803109645843506,0.18846777081489563,0.018383929505944252,-0.07578219473361969,0,2000,strong30k,0,0,42,0.0,0.4,walk
1422,28.44,0.0,0.4000000059604645,0.167047381401062,0.1906372755765915,-0.0025242208503186703,-0.026920124888420105,0,2000,strong30k,0,0,42,0.0,0.4,walk
1423,28.46,0.0,0.4000000059604645,0.16533339023590088,0.19239749014377594,-0.024480512365698814,0.04090380668640137,0,2000,strong30k,0,0,42,0.0,0.4,walk
1424,28.48,0.0,0.4000000059604645,0.16344761848449707,0.19121672213077545,-0.04752062261104584,0.03712852671742439,0,2000,strong30k,0,0,42,0.0,0.4,walk
1425,28.5,0.0,0.4000000059604645,0.16175568103790283,0.18886712193489075,-0.06823653727769852,-0.005279495846480131,0,2000,strong30k,0,0,42,0.0,0.4,walk
1426,28.52,0.0,0.4000000059604645,0.16039109230041504,0.18207645416259766,-0.08026524633169174,-0.06634124368429184,0,2000,strong30k,0,0,42,0.0,0.4,walk
1427,28.54,0.0,0.4000000059604645,0.1602846384048462,0.1441597044467926,-0.05234573036432266,-0.4959643483161926,0,2000,strong30k,0,0,42,0.0,0.4,walk
1428,28.560000000000002,0.0,0.4000000059604645,0.15958547592163086,0.12320414930582047,-0.020067784935235977,0.09923408925533295,0,2000,strong30k,0,0,42,0.0,0.4,walk
1429,28.580000000000002,0.0,0.4000000059604645,0.15523087978363037,0.09984929859638214,0.001504468615166843,0.2780473232269287,0,2000,strong30k,0,0,42,0.0,0.4,walk
1430,28.6,0.0,0.4000000059604645,0.15053629875183105,0.08750304579734802,0.018303483724594116,0.25389665365219116,0,2000,strong30k,0,0,42,0.0,0.4,walk
1431,28.62,0.0,0.4000000059604645,0.1463453769683838,0.08133358508348465,0.0356159433722496,0.20580579340457916,0,2000,strong30k,0,0,42,0.0,0.4,walk
1432,28.64,0.0,0.4000000059604645,0.14278626441955566,0.08640491962432861,0.05582955479621887,0.1702103614807129,0,2000,strong30k,0,0,42,0.0,0.4,walk
1433,28.66,0.0,0.4000000059604645,0.1402496099472046,0.0990932434797287,0.07594815641641617,0.08093547821044922,0,2000,strong30k,0,0,42,0.0,0.4,walk
1434,28.68,0.0,0.4000000059604645,0.13895845413208008,0.12026001513004303,0.09457895904779434,0.030691945925354958,0,2000,strong30k,0,0,42,0.0,0.4,walk
1435,28.7,0.0,0.4000000059604645,0.1384117603302002,0.13974212110042572,0.11283713579177856,0.004086654167622328,0,2000,strong30k,0,0,42,0.0,0.4,walk
1436,28.72,0.0,0.4000000059604645,0.138336181640625,0.15482734143733978,0.13286930322647095,-0.014288533478975296,0,2000,strong30k,0,0,42,0.0,0.4,walk
1437,28.740000000000002,0.0,0.4000000059604645,0.1383754014968872,0.17276474833488464,0.15254320204257965,0.02632417343556881,0,2000,strong30k,0,0,42,0.0,0.4,walk
1438,28.76,0.0,0.4000000059604645,0.1386188268661499,0.18923014402389526,0.1732230931520462,0.02508847415447235,0,2000,strong30k,0,0,42,0.0,0.4,walk
1439,28.78,0.0,0.4000000059604645,0.13892626762390137,0.20383810997009277,0.1988147795200348,0.057043273001909256,0,2000,strong30k,0,0,42,0.0,0.4,walk
1440,28.8,0.0,0.4000000059604645,0.13918757438659668,0.21576732397079468,0.22803646326065063,0.08650189638137817,0,2000,strong30k,0,0,42,0.0,0.4,walk
1441,28.82,0.0,0.4000000059604645,0.13949346542358398,0.22501681745052338,0.26045405864715576,0.10241960734128952,0,2000,strong30k,0,0,42,0.0,0.4,walk
1442,28.84,0.0,0.4000000059604645,0.13997423648834229,0.22892272472381592,0.2976263165473938,0.08553848415613174,0,2000,strong30k,0,0,42,0.0,0.4,walk
1443,28.86,0.0,0.4000000059604645,0.14073610305786133,0.2294016033411026,0.3382197320461273,0.0680641382932663,0,2000,strong30k,0,0,42,0.0,0.4,walk
1444,28.88,0.0,0.4000000059604645,0.1416252851486206,0.22797541320323944,0.3821747601032257,0.06387290358543396,0,2000,strong30k,0,0,42,0.0,0.4,walk
1445,28.900000000000002,0.0,0.4000000059604645,0.1419767141342163,0.22494038939476013,0.4290831983089447,0.12427174299955368,0,2000,strong30k,0,0,42,0.0,0.4,walk
1446,28.92,0.0,0.4000000059604645,0.14167416095733643,0.2211022675037384,0.4746147692203522,0.18361937999725342,0,2000,strong30k,0,0,42,0.0,0.4,walk
1447,28.94,0.0,0.4000000059604645,0.14138829708099365,0.20865732431411743,0.5046557784080505,0.22184722125530243,0,2000,strong30k,0,0,42,0.0,0.4,walk
1448,28.96,0.0,0.4000000059604645,0.14061999320983887,0.1640307605266571,0.423642098903656,0.0663907527923584,0,2000,strong30k,0,0,42,0.0,0.4,walk
1449,28.98,0.0,0.4000000059604645,0.14348077774047852,0.13967615365982056,0.36395519971847534,-0.196272075176239,0,2000,strong30k,0,0,42,0.0,0.4,walk
1450,29.0,0.0,0.4000000059604645,0.14698171615600586,0.11530030518770218,0.32526445388793945,-0.11879636347293854,0,2000,strong30k,0,0,42,0.0,0.4,walk
1451,29.02,0.0,0.4000000059604645,0.14925694465637207,0.10577736049890518,0.2928205728530884,-0.017858430743217468,0,2000,strong30k,0,0,42,0.0,0.4,walk
1452,29.04,0.0,0.4000000059604645,0.1503126621246338,0.09853974729776382,0.26122385263442993,0.09401296079158783,0,2000,strong30k,0,0,42,0.0,0.4,walk
1453,29.060000000000002,0.0,0.4000000059604645,0.15131831169128418,0.09493831545114517,0.22539128363132477,0.014029640704393387,0,2000,strong30k,0,0,42,0.0,0.4,walk
1454,29.080000000000002,0.0,0.4000000059604645,0.15273141860961914,0.0985196903347969,0.19857008755207062,-0.04070035740733147,0,2000,strong30k,0,0,42,0.0,0.4,walk
1455,29.1,0.0,0.4000000059604645,0.15459084510803223,0.09642811864614487,0.17354266345500946,-0.08185404539108276,0,2000,strong30k,0,0,42,0.0,0.4,walk
1456,29.12,0.0,0.4000000059604645,0.15545082092285156,0.10216660797595978,0.15495827794075012,0.031853485852479935,0,2000,strong30k,0,0,42,0.0,0.4,walk
1457,29.14,0.0,0.4000000059604645,0.15580463409423828,0.1090933158993721,0.1331973373889923,0.02019585482776165,0,2000,strong30k,0,0,42,0.0,0.4,walk
1458,29.16,0.0,0.4000000059604645,0.15599822998046875,0.11893852800130844,0.11378417909145355,0.0065981484949588776,0,2000,strong30k,0,0,42,0.0,0.4,walk
1459,29.18,0.0,0.4000000059604645,0.15595543384552002,0.13466434180736542,0.09903218597173691,-0.012779446318745613,0,2000,strong30k,0,0,42,0.0,0.4,walk
1460,29.2,0.0,0.4000000059604645,0.15584659576416016,0.15126186609268188,0.0842859148979187,-0.040816064924001694,0,2000,strong30k,0,0,42,0.0,0.4,walk
1461,29.22,0.0,0.4000000059604645,0.15572047233581543,0.16698254644870758,0.06807903945446014,-0.06962943822145462,0,2000,strong30k,0,0,42,0.0,0.4,walk
1462,29.240000000000002,0.0,0.4000000059604645,0.15548288822174072,0.17998626828193665,0.05050746724009514,-0.08588454127311707,0,2000,strong30k,0,0,42,0.0,0.4,walk
1463,29.26,0.0,0.4000000059604645,0.1551215648651123,0.18706806004047394,0.031267423182725906,-0.08837249130010605,0,2000,strong30k,0,0,42,0.0,0.4,walk
1464,29.28,0.0,0.4000000059604645,0.15449285507202148,0.18955354392528534,0.011174595914781094,-0.06411947309970856,0,2000,strong30k,0,0,42,0.0,0.4,walk
1465,29.3,0.0,0.4000000059604645,0.15317106246948242,0.19155247509479523,-0.009641729295253754,0.007960692048072815,0,2000,strong30k,0,0,42,0.0,0.4,walk
1466,29.32,0.0,0.4000000059604645,0.15151000022888184,0.19172567129135132,-0.03222706541419029,0.022317059338092804,0,2000,strong30k,0,0,42,0.0,0.4,walk
1467,29.34,0.0,0.4000000059604645,0.149918794631958,0.1904594898223877,-0.05352065712213516,-4.2217609006911516e-05,0,2000,strong30k,0,0,42,0.0,0.4,walk
1468,29.36,0.0,0.4000000059604645,0.14848017692565918,0.18638251721858978,-0.07032376527786255,-0.04567277431488037,0,2000,strong30k,0,0,42,0.0,0.4,walk
1469,29.38,0.0,0.4000000059604645,0.14756011962890625,0.1766815483570099,-0.07685378193855286,-0.12625262141227722,0,2000,strong30k,0,0,42,0.0,0.4,walk
1470,29.400000000000002,0.0,0.4000000059604645,0.1487041711807251,0.14240029454231262,-0.03130065277218819,-0.09255560487508774,0,2000,strong30k,0,0,42,0.0,0.4,walk
1471,29.42,0.0,0.4000000059604645,0.14607834815979004,0.11613987386226654,-0.005813899450004101,0.1549527794122696,0,2000,strong30k,0,0,42,0.0,0.4,walk
1472,29.44,0.0,0.4000000059604645,0.14232158660888672,0.09829423576593399,0.01134189497679472,0.16590763628482819,0,2000,strong30k,0,0,42,0.0,0.4,walk
1473,29.46,0.0,0.4000000059604645,0.13886332511901855,0.08866389840841293,0.028917213901877403,0.13839276134967804,0,2000,strong30k,0,0,42,0.0,0.4,walk
1474,29.48,0.0,0.4000000059604645,0.13583028316497803,0.0882902443408966,0.04766174033284187,0.12418372929096222,0,2000,strong30k,0,0,42,0.0,0.4,walk
1475,29.5,0.0,0.4000000059604645,0.13317382335662842,0.09514591842889786,0.06859668344259262,0.10927265882492065,0,2000,strong30k,0,0,42,0.0,0.4,walk
1476,29.52,0.0,0.4000000059604645,0.1312999725341797,0.1088172197341919,0.08915568888187408,0.06360961496829987,0,2000,strong30k,0,0,42,0.0,0.4,walk
1477,29.54,0.0,0.4000000059604645,0.13013184070587158,0.12645527720451355,0.10869738459587097,0.046620238572359085,0,2000,strong30k,0,0,42,0.0,0.4,walk
1478,29.560000000000002,0.0,0.4000000059604645,0.12947261333465576,0.14540459215641022,0.12788178026676178,0.03538142144680023,0,2000,strong30k,0,0,42,0.0,0.4,walk
1479,29.580000000000002,0.0,0.4000000059604645,0.12918472290039062,0.16095280647277832,0.14708054065704346,0.0318705178797245,0,2000,strong30k,0,0,42,0.0,0.4,walk
1480,29.6,0.0,0.4000000059604645,0.12921690940856934,0.17700204253196716,0.16780827939510345,0.03311842307448387,0,2000,strong30k,0,0,42,0.0,0.4,walk
1481,29.62,0.0,0.4000000059604645,0.12933886051177979,0.19281812012195587,0.19254586100578308,0.05582277849316597,0,2000,strong30k,0,0,42,0.0,0.4,walk
1482,29.64,0.0,0.4000000059604645,0.12942218780517578,0.20747630298137665,0.22054454684257507,0.08886054903268814,0,2000,strong30k,0,0,42,0.0,0.4,walk
1483,29.66,0.0,0.4000000059604645,0.12951374053955078,0.2204148918390274,0.25123971700668335,0.10773807764053345,0,2000,strong30k,0,0,42,0.0,0.4,walk
1484,29.68,0.0,0.4000000059604645,0.12979650497436523,0.22944533824920654,0.2858023941516876,0.09618555754423141,0,2000,strong30k,0,0,42,0.0,0.4,walk
1485,29.7,0.0,0.4000000059604645,0.13041973114013672,0.23369093239307404,0.3245463967323303,0.06968703120946884,0,2000,strong30k,0,0,42,0.0,0.4,walk
1486,29.72,0.0,0.4000000059604645,0.13141226768493652,0.2359452247619629,0.36635467410087585,0.0482192225754261,0,2000,strong30k,0,0,42,0.0,0.4,walk
1487,29.740000000000002,0.0,0.4000000059604645,0.13220477104187012,0.23540574312210083,0.4121359884738922,0.08235858380794525,0,2000,strong30k,0,0,42,0.0,0.4,walk
1488,29.76,0.0,0.4000000059604645,0.1321791410446167,0.23325452208518982,0.4580058157444,0.16969385743141174,0,2000,strong30k,0,0,42,0.0,0.4,walk
1489,29.78,0.0,0.4000000059604645,0.13163256645202637,0.22850708663463593,0.49981755018234253,0.190715491771698,0,2000,strong30k,0,0,42,0.0,0.4,walk
1490,29.8,0.0,0.4000000059604645,0.13046622276306152,0.18775835633277893,0.4797675609588623,0.268263578414917,0,2000,strong30k,0,0,42,0.0,0.4,walk
1491,29.82,0.0,0.4000000059604645,0.1307159662246704,0.15677425265312195,0.39413997530937195,-0.07657822221517563,0,2000,strong30k,0,0,42,0.0,0.4,walk
1492,29.84,0.0,0.4000000059604645,0.13418889045715332,0.13322678208351135,0.34028542041778564,-0.19953735172748566,0,2000,strong30k,0,0,42,0.0,0.4,walk
1493,29.86,0.0,0.4000000059604645,0.13750815391540527,0.11579158157110214,0.30684059858322144,-0.10071452707052231,0,2000,strong30k,0,0,42,0.0,0.4,walk
1494,29.88,0.0,0.4000000059604645,0.139754056930542,0.10457020998001099,0.27524545788764954,-0.02148074097931385,0,2000,strong30k,0,0,42,0.0,0.4,walk
1495,29.900000000000002,0.0,0.4000000059604645,0.14108800888061523,0.09858734160661697,0.2437639981508255,0.043091148138046265,0,2000,strong30k,0,0,42,0.0,0.4,walk
1496,29.92,0.0,0.4000000059604645,0.1423490047454834,0.09443041682243347,0.21264830231666565,-0.012462545186281204,0,2000,strong30k,0,0,42,0.0,0.4,walk
1497,29.94,0.0,0.4000000059604645,0.14391911029815674,0.0988178625702858,0.187752828001976,-0.055322371423244476,0,2000,strong30k,0,0,42,0.0,0.4,walk
1498,29.96,0.0,0.4000000059604645,0.14559602737426758,0.09913115948438644,0.16479966044425964,-0.05893124267458916,0,2000,strong30k,0,0,42,0.0,0.4,walk
1499,29.98,0.0,0.4000000059604645,0.8639642000198364,0.10601798444986343,0.14600029587745667,0.01449187844991684,0,2000,strong30k,0,0,42,0.0,0.4,walk
1500,30.0,0.0,0.4000000059604645,0.8644615411758423,0.11092039942741394,0.12461085617542267,-0.0022398275323212147,0,2000,strong30k,0,0,42,0.0,0.4,walk
1501,30.02,0.0,0.4000000059604645,0.8645793199539185,0.12295584380626678,0.1074242889881134,0.006805156357586384,0,2000,strong30k,0,0,42,0.0,0.4,walk
1502,30.04,0.0,0.4000000059604645,0.8642159700393677,0.13874639570713043,0.0935426577925682,0.018027164041996002,0,2000,strong30k,0,0,42,0.0,0.4,walk
1503,30.060000000000002,0.0,0.4000000059604645,0.8634978532791138,0.15472546219825745,0.07765654474496841,0.01803474873304367,0,2000,strong30k,0,0,42,0.0,0.4,walk
1504,30.080000000000002,0.0,0.4000000059604645,0.8622356653213501,0.16873140633106232,0.059930626302957535,0.05687195435166359,0,2000,strong30k,0,0,42,0.0,0.4,walk
1505,30.1,0.0,0.4000000059604645,0.860232949256897,0.1781887710094452,0.04062185436487198,0.11419465392827988,0,2000,strong30k,0,0,42,0.0,0.4,walk
1506,30.12,0.0,0.4000000059604645,0.8573976755142212,0.18176516890525818,0.020068826153874397,0.20167899131774902,0,2000,strong30k,0,0,42,0.0,0.4,walk
1507,30.14,0.0,0.4000000059604645,0.8531752824783325,0.1822015345096588,-0.0012795381480827928,0.35462886095046997,0,2000,strong30k,0,0,42,0.0,0.4,walk
1508,30.16,0.0,0.4000000059604645,0.8470975160598755,0.18244272470474243,-0.02344396896660328,0.5231641530990601,0,2000,strong30k,0,0,42,0.0,0.4,walk
1509,30.18,0.0,0.4000000059604645,0.8397356271743774,0.17923706769943237,-0.048046212643384933,0.6149585247039795,0,2000,strong30k,0,0,42,0.0,0.4,walk
1510,30.2,0.0,0.4000000059604645,0.8321682214736938,0.17368954420089722,-0.06972642987966537,0.544174075126648,0,2000,strong30k,0,0,42,0.0,0.4,walk
1511,30.22,0.0,0.4000000059604645,0.8264380693435669,0.16299927234649658,-0.08114894479513168,0.2295387238264084,0,2000,strong30k,0,0,42,0.0,0.4,walk
1512,30.240000000000002,0.0,0.4000000059604645,0.8239227533340454,0.12440799176692963,-0.05646735429763794,-0.10950491577386856,0,2000,strong30k,0,0,42,0.0,0.4,walk
1513,30.26,0.0,0.4000000059604645,0.8189607858657837,0.10722210258245468,-0.025341685861349106,0.5316101908683777,0,2000,strong30k,0,0,42,0.0,0.4,walk
1514,30.28,0.0,0.4000000059604645,0.8107677698135376,0.08466824889183044,-0.007844094187021255,0.6171570420265198,0,2000,strong30k,0,0,42,0.0,0.4,walk
1515,30.3,0.0,0.4000000059604645,0.8026911020278931,0.07083288580179214,0.009790747426450253,0.5834681391716003,0,2000,strong30k,0,0,42,0.0,0.4,walk
1516,30.32,0.0,0.4000000059604645,0.7951613664627075,0.06682589650154114,0.029772639274597168,0.5484403967857361,0,2000,strong30k,0,0,42,0.0,0.4,walk
1517,30.34,0.0,0.4000000059604645,0.7884308099746704,0.0728474110364914,0.05206291377544403,0.4800526201725006,0,2000,strong30k,0,0,42,0.0,0.4,walk
1518,30.36,0.0,0.4000000059604645,0.7830859422683716,0.08981375396251678,0.07227600365877151,0.3755623698234558,0,2000,strong30k,0,0,42,0.0,0.4,walk
1519,30.38,0.0,0.4000000059604645,0.7792030572891235,0.11408404260873795,0.09098999202251434,0.28940707445144653,0,2000,strong30k,0,0,42,0.0,0.4,walk
1520,30.400000000000002,0.0,0.4000000059604645,0.7762042284011841,0.1391046643257141,0.10954547673463821,0.2591773271560669,0,2000,strong30k,0,0,42,0.0,0.4,walk
1521,30.42,0.0,0.4000000059604645,0.7735821008682251,0.1570715606212616,0.13017967343330383,0.2530674934387207,0,2000,strong30k,0,0,42,0.0,0.4,walk
1522,30.44,0.0,0.4000000059604645,0.7709294557571411,0.17863962054252625,0.15026342868804932,0.316723495721817,0,2000,strong30k,0,0,42,0.0,0.4,walk
1523,30.46,0.0,0.4000000059604645,0.7681041955947876,0.19843538105487823,0.17212185263633728,0.35076484084129333,0,2000,strong30k,0,0,42,0.0,0.4,walk
1524,30.48,0.0,0.4000000059604645,0.7651034593582153,0.21485169231891632,0.19818952679634094,0.3974522650241852,0,2000,strong30k,0,0,42,0.0,0.4,walk
1525,30.5,0.0,0.4000000059604645,0.7618609666824341,0.2283862978219986,0.22723564505577087,0.45133915543556213,0,2000,strong30k,0,0,42,0.0,0.4,walk
1526,30.52,0.0,0.4000000059604645,0.7584024667739868,0.2368292510509491,0.259846955537796,0.4954504072666168,0,2000,strong30k,0,0,42,0.0,0.4,walk
1527,30.54,0.0,0.4000000059604645,0.7545672655105591,0.23977382481098175,0.29793402552604675,0.5475280284881592,0,2000,strong30k,0,0,42,0.0,0.4,walk
1528,30.560000000000002,0.0,0.4000000059604645,0.7500535249710083,0.23983164131641388,0.33995237946510315,0.6297817826271057,0,2000,strong30k,0,0,42,0.0,0.4,walk
1529,30.580000000000002,0.0,0.4000000059604645,0.744629979133606,0.2381429672241211,0.3840312361717224,0.708226203918457,0,2000,strong30k,0,0,42,0.0,0.4,walk
1530,30.6,0.0,0.4000000059604645,0.7384730577468872,0.2352171093225479,0.4277270436286926,0.7372418642044067,0,2000,strong30k,0,0,42,0.0,0.4,walk
1531,30.62,0.0,0.4000000059604645,0.7331396341323853,0.22918842732906342,0.4672992527484894,0.5620557069778442,0,2000,strong30k,0,0,42,0.0,0.4,walk
1532,30.64,0.0,0.4000000059604645,0.7297087907791138,0.1985737830400467,0.44467464089393616,0.27936092019081116,0,2000,strong30k,0,0,42,0.0,0.4,walk
1533,30.66,0.0,0.4000000059604645,0.7273217439651489,0.16468079388141632,0.3638252317905426,0.3551546037197113,0,2000,strong30k,0,0,42,0.0,0.4,walk
1534,30.68,0.0,0.4000000059604645,0.7259098291397095,0.146405428647995,0.3013753890991211,0.3064740002155304,0,2000,strong30k,0,0,42,0.0,0.4,walk
1535,30.7,0.0,0.4000000059604645,0.7240344285964966,0.13954341411590576,0.26308563351631165,0.43290525674819946,0,2000,strong30k,0,0,42,0.0,0.4,walk
1536,30.72,0.0,0.4000000059604645,0.7208238840103149,0.13510456681251526,0.23135440051555634,0.5497121810913086,0,2000,strong30k,0,0,42,0.0,0.4,walk
1537,30.740000000000002,0.0,0.4000000059604645,0.7169533967971802,0.13431675732135773,0.19916294515132904,0.5565131306648254,0,2000,strong30k,0,0,42,0.0,0.4,walk
1538,30.76,0.0,0.4000000059604645,0.7135053873062134,0.1333879977464676,0.1670950949192047,0.4460734724998474,0,2000,strong30k,0,0,42,0.0,0.4,walk
1539,30.78,0.0,0.4000000059604645,0.7109824419021606,0.14070577919483185,0.14267005026340485,0.33211249113082886,0,2000,strong30k,0,0,42,0.0,0.4,walk
1540,30.8,0.0,0.4000000059604645,0.7095390558242798,0.14262959361076355,0.1192251443862915,0.2160106748342514,0,2000,strong30k,0,0,42,0.0,0.4,walk
1541,30.82,0.0,0.4000000059604645,0.7076464891433716,0.15209490060806274,0.1020742654800415,0.2699770927429199,0,2000,strong30k,0,0,42,0.0,0.4,walk
1542,30.84,0.0,0.4000000059604645,0.7058426141738892,0.15599553287029266,0.08133041858673096,0.21264605224132538,0,2000,strong30k,0,0,42,0.0,0.4,walk
1543,30.86,0.0,0.4000000059604645,0.7041727304458618,0.16750165820121765,0.0641390010714531,0.1657828390598297,0,2000,strong30k,0,0,42,0.0,0.4,walk
1544,30.88,0.0,0.4000000059604645,0.7026439905166626,0.18400901556015015,0.04995003715157509,0.11268147826194763,0,2000,strong30k,0,0,42,0.0,0.4,walk
1545,30.900000000000002,0.0,0.4000000059604645,0.7013241052627563,0.20204724371433258,0.03391578048467636,0.06556984782218933,0,2000,strong30k,0,0,42,0.0,0.4,walk
1546,30.92,0.0,0.4000000059604645,0.7001363039016724,0.22023385763168335,0.015315178781747818,0.033105939626693726,0,2000,strong30k,0,0,42,0.0,0.4,walk
1547,30.94,0.0,0.4000000059604645,0.6988588571548462,0.23744051158428192,-0.00406304094940424,0.020681925117969513,0,2000,strong30k,0,0,42,0.0,0.4,walk
1548,30.96,0.0,0.4000000059604645,0.6974025964736938,0.24980738759040833,-0.02565850503742695,0.039053671061992645,0,2000,strong30k,0,0,42,0.0,0.4,walk
1549,30.98,0.0,0.4000000059604645,0.6953727006912231,0.25853586196899414,-0.04798899590969086,0.10586033016443253,0,2000,strong30k,0,0,42,0.0,0.4,walk
1550,31.0,0.0,0.4000000059604645,0.6920596361160278,0.2660161256790161,-0.07122877985239029,0.23040001094341278,0,2000,strong30k,0,0,42,0.0,0.4,walk
1551,31.02,0.0,0.4000000059604645,0.6878634691238403,0.2694443464279175,-0.09728921204805374,0.28350701928138733,0,2000,strong30k,0,0,42,0.0,0.4,walk
1552,31.04,0.0,0.4000000059604645,0.6837788820266724,0.27182987332344055,-0.12347886711359024,0.21032360196113586,0,2000,strong30k,0,0,42,0.0,0.4,walk
1553,31.060000000000002,0.0,0.4000000059604645,0.6811200380325317,0.2697718143463135,-0.1453397125005722,-0.022023333236575127,0,2000,strong30k,0,0,42,0.0,0.4,walk
1554,31.080000000000002,0.0,0.4000000059604645,0.6812101602554321,0.2617276608943939,-0.15312273800373077,-0.3448317050933838,0,2000,strong30k,0,0,42,0.0,0.4,walk
1555,31.1,0.0,0.4000000059604645,0.6836229562759399,0.2208440899848938,-0.10015091300010681,-0.0015923258615657687,0,2000,strong30k,0,0,42,0.0,0.4,walk
1556,31.12,0.0,0.4000000059604645,0.6789599657058716,0.1863156110048294,-0.07497085630893707,0.4349827170372009,0,2000,strong30k,0,0,42,0.0,0.4,walk
1557,31.14,0.0,0.4000000059604645,0.6717511415481567,0.15462306141853333,-0.054919950664043427,0.5668368339538574,0,2000,strong30k,0,0,42,0.0,0.4,walk
1558,31.16,0.0,0.4000000059604645,0.6637026071548462,0.13386176526546478,-0.03415514901280403,0.6421924233436584,0,2000,strong30k,0,0,42,0.0,0.4,walk
1559,31.18,0.0,0.4000000059604645,0.6556693315505981,0.12268441170454025,-0.013913999311625957,0.6260525584220886,0,2000,strong30k,0,0,42,0.0,0.4,walk
1560,31.2,0.0,0.4000000059604645,0.6482316255569458,0.12177319824695587,0.007787578273564577,0.5658303499221802,0,2000,strong30k,0,0,42,0.0,0.4,walk
1561,31.220000000000002,0.0,0.4000000059604645,0.6422640085220337,0.13363544642925262,0.02598806656897068,0.4437311589717865,0,2000,strong30k,0,0,42,0.0,0.4,walk
1562,31.240000000000002,0.0,0.4000000059604645,0.6378337144851685,0.15289150178432465,0.043509308248758316,0.3419826328754425,0,2000,strong30k,0,0,42,0.0,0.4,walk
1563,31.26,0.0,0.4000000059604645,0.6344271898269653,0.17614221572875977,0.061504095792770386,0.2945943772792816,0,2000,strong30k,0,0,42,0.0,0.4,walk
1564,31.28,0.0,0.4000000059604645,0.6317030191421509,0.19389429688453674,0.0807051956653595,0.2626948356628418,0,2000,strong30k,0,0,42,0.0,0.4,walk
1565,31.3,0.0,0.4000000059604645,0.629400372505188,0.21326659619808197,0.1005740538239479,0.26677167415618896,0,2000,strong30k,0,0,42,0.0,0.4,walk
1566,31.32,0.0,0.4000000059604645,0.627116322517395,0.23028720915317535,0.12444792687892914,0.29001280665397644,0,2000,strong30k,0,0,42,0.0,0.4,walk
1567,31.34,0.0,0.4000000059604645,0.6248136758804321,0.24473188817501068,0.15015704929828644,0.3194723129272461,0,2000,strong30k,0,0,42,0.0,0.4,walk
1568,31.36,0.0,0.4000000059604645,0.6225014925003052,0.2568359971046448,0.1771559864282608,0.3491760790348053,0,2000,strong30k,0,0,42,0.0,0.4,walk
1569,31.38,0.0,0.4000000059604645,0.6201730966567993,0.26364532113075256,0.20793384313583374,0.36813855171203613,0,2000,strong30k,0,0,42,0.0,0.4,walk
1570,31.400000000000002,0.0,0.4000000059604645,0.6176692247390747,0.26571738719940186,0.24346135556697845,0.4008242189884186,0,2000,strong30k,0,0,42,0.0,0.4,walk
1571,31.42,0.0,0.4000000059604645,0.6146012544631958,0.266827255487442,0.2819468080997467,0.47923651337623596,0,2000,strong30k,0,0,42,0.0,0.4,walk
1572,31.44,0.0,0.4000000059604645,0.6105724573135376,0.2660944163799286,0.32242533564567566,0.5649370551109314,0,2000,strong30k,0,0,42,0.0,0.4,walk
1573,31.46,0.0,0.4000000059604645,0.6057120561599731,0.2634236216545105,0.3621825873851776,0.6095979809761047,0,2000,strong30k,0,0,42,0.0,0.4,walk
1574,31.48,0.0,0.4000000059604645,0.6014410257339478,0.25779005885124207,0.3985770046710968,0.46440669894218445,0,2000,strong30k,0,0,42,0.0,0.4,walk
1575,31.5,0.0,0.4000000059604645,0.5993472337722778,0.22723327577114105,0.409170538187027,0.3858012855052948,0,2000,strong30k,0,0,42,0.0,0.4,walk
1576,31.52,0.0,0.4000000059604645,0.5977002382278442,0.19010119140148163,0.3378085494041443,0.3481599986553192,0,2000,strong30k,0,0,42,0.0,0.4,walk
1577,31.54,0.0,0.4000000059604645,0.5972315073013306,0.16150477528572083,0.27958640456199646,0.1603957861661911,0,2000,strong30k,0,0,42,0.0,0.4,walk
1578,31.560000000000002,0.0,0.4000000059604645,0.5970746278762817,0.14365285634994507,0.24388156831264496,0.24400317668914795,0,2000,strong30k,0,0,42,0.0,0.4,walk
1579,31.580000000000002,0.0,0.4000000059604645,0.5958811044692993,0.1381818652153015,0.2140006572008133,0.3502466082572937,0,2000,strong30k,0,0,42,0.0,0.4,walk
1580,31.6,0.0,0.4000000059604645,0.5934344530105591,0.13597561419010162,0.18685582280158997,0.45176079869270325,0,2000,strong30k,0,0,42,0.0,0.4,walk
1581,31.62,0.0,0.4000000059604645,0.5909959077835083,0.13423274457454681,0.15740522742271423,0.3450792133808136,0,2000,strong30k,0,0,42,0.0,0.4,walk
1582,31.64,0.0,0.4000000059604645,0.5891228914260864,0.1432824283838272,0.13636073470115662,0.2731519043445587,0,2000,strong30k,0,0,42,0.0,0.4,walk
1583,31.66,0.0,0.4000000059604645,0.5882660150527954,0.14175254106521606,0.11363697797060013,0.1585419625043869,0,2000,strong30k,0,0,42,0.0,0.4,walk
1584,31.68,0.0,0.4000000059604645,0.5867520570755005,0.15256357192993164,0.098671093583107,0.23929475247859955,0,2000,strong30k,0,0,42,0.0,0.4,walk
1585,31.7,0.0,0.4000000059604645,0.5852924585342407,0.15552881360054016,0.07755415886640549,0.18400463461875916,0,2000,strong30k,0,0,42,0.0,0.4,walk
1586,31.720000000000002,0.0,0.4000000059604645,0.5837031602859497,0.16498637199401855,0.06122244894504547,0.1686505377292633,0,2000,strong30k,0,0,42,0.0,0.4,walk
1587,31.740000000000002,0.0,0.4000000059604645,0.5820890665054321,0.17991453409194946,0.04750022292137146,0.1193324476480484,0,2000,strong30k,0,0,42,0.0,0.4,walk
1588,31.76,0.0,0.4000000059604645,0.5805894136428833,0.19531244039535522,0.03179840371012688,0.0837705135345459,0,2000,strong30k,0,0,42,0.0,0.4,walk
1589,31.78,0.0,0.4000000059604645,0.5791317224502563,0.21102283895015717,0.014781231991946697,0.05135931074619293,0,2000,strong30k,0,0,42,0.0,0.4,walk
1590,31.8,0.0,0.4000000059604645,0.5776878595352173,0.2240716964006424,-0.004721140488982201,0.031711190938949585,0,2000,strong30k,0,0,42,0.0,0.4,walk
1591,31.82,0.0,0.4000000059604645,0.5761662721633911,0.23215657472610474,-0.026156965643167496,0.041706718504428864,0,2000,strong30k,0,0,42,0.0,0.4,walk
1592,31.84,0.0,0.4000000059604645,0.5740963220596313,0.2376016229391098,-0.047720879316329956,0.09998271614313126,0,2000,strong30k,0,0,42,0.0,0.4,walk
1593,31.86,0.0,0.4000000059604645,0.5708523988723755,0.24198058247566223,-0.07032685726881027,0.21638868749141693,0,2000,strong30k,0,0,42,0.0,0.4,walk
1594,31.88,0.0,0.4000000059604645,0.5668812990188599,0.24300509691238403,-0.09483817219734192,0.2510799169540405,0,2000,strong30k,0,0,42,0.0,0.4,walk
1595,31.900000000000002,0.0,0.4000000059604645,0.5631715059280396,0.2420051395893097,-0.11799167841672897,0.16356630623340607,0,2000,strong30k,0,0,42,0.0,0.4,walk
1596,31.92,0.0,0.4000000059604645,0.5609351396560669,0.23595668375492096,-0.13412591814994812,-0.07287897169589996,0,2000,strong30k,0,0,42,0.0,0.4,walk
1597,31.94,0.0,0.4000000059604645,0.5611258745193481,0.22085601091384888,-0.13575950264930725,-0.33440327644348145,0,2000,strong30k,0,0,42,0.0,0.4,walk
1598,31.96,0.0,0.4000000059604645,0.5624819993972778,0.18657150864601135,-0.0801907554268837,0.03998734802007675,0,2000,strong30k,0,0,42,0.0,0.4,walk
1599,31.98,0.0,0.4000000059604645,0.5579425096511841,0.15751761198043823,-0.057498183101415634,0.38865914940834045,0,2000,strong30k,0,0,42,0.0,0.4,walk
1600,32.0,0.0,0.4000000059604645,0.5513664484024048,0.1316768079996109,-0.03821011632680893,0.4994989335536957,0,2000,strong30k,0,0,42,0.0,0.4,walk
1601,32.02,0.0,0.4000000059604645,0.5441309213638306,0.11699642241001129,-0.017964079976081848,0.5530044436454773,0,2000,strong30k,0,0,42,0.0,0.4,walk
1602,32.04,0.0,0.4000000059604645,0.5371042490005493,0.1128263995051384,0.0018376667285338044,0.5389966368675232,0,2000,strong30k,0,0,42,0.0,0.4,walk
1603,32.06,0.0,0.4000000059604645,0.530765175819397,0.11434517800807953,0.02320869080722332,0.4614814519882202,0,2000,strong30k,0,0,42,0.0,0.4,walk
1604,32.08,0.0,0.4000000059604645,0.5258861780166626,0.1310030221939087,0.04187112674117088,0.3595985770225525,0,2000,strong30k,0,0,42,0.0,0.4,walk
1605,32.1,0.0,0.4000000059604645,0.5223022699356079,0.15016549825668335,0.06023290753364563,0.2736382782459259,0,2000,strong30k,0,0,42,0.0,0.4,walk
1606,32.12,0.0,0.4000000059604645,0.5196186304092407,0.17296159267425537,0.07880301773548126,0.23932716250419617,0,2000,strong30k,0,0,42,0.0,0.4,walk
1607,32.14,0.0,0.4000000059604645,0.5175262689590454,0.19048482179641724,0.09826880693435669,0.22126446664333344,0,2000,strong30k,0,0,42,0.0,0.4,walk
1608,32.160000000000004,0.0,0.4000000059604645,0.5157986879348755,0.20806603133678436,0.12073274701833725,0.21410469710826874,0,2000,strong30k,0,0,42,0.0,0.4,walk
1609,32.18,0.0,0.4000000059604645,0.5141364336013794,0.22513268887996674,0.14675574004650116,0.24198800325393677,0,2000,strong30k,0,0,42,0.0,0.4,walk
1610,32.2,0.0,0.4000000059604645,0.5124169588088989,0.2398436814546585,0.1744411736726761,0.27557411789894104,0,2000,strong30k,0,0,42,0.0,0.4,walk
1611,32.22,0.0,0.4000000059604645,0.5106483697891235,0.25170478224754333,0.20429857075214386,0.3036218583583832,0,2000,strong30k,0,0,42,0.0,0.4,walk
1612,32.24,0.0,0.4000000059604645,0.508855938911438,0.25708040595054626,0.23877619206905365,0.31234410405158997,0,2000,strong30k,0,0,42,0.0,0.4,walk
1613,32.26,0.0,0.4000000059604645,0.5069113969802856,0.25960391759872437,0.2769751250743866,0.3465890884399414,0,2000,strong30k,0,0,42,0.0,0.4,walk
1614,32.28,0.0,0.4000000059604645,0.5044900178909302,0.26109758019447327,0.3177778124809265,0.40424761176109314,0,2000,strong30k,0,0,42,0.0,0.4,walk
1615,32.3,0.0,0.4000000059604645,0.5012141466140747,0.2604270875453949,0.36053210496902466,0.47758376598358154,0,2000,strong30k,0,0,42,0.0,0.4,walk
1616,32.32,0.0,0.4000000059604645,0.4974480867385864,0.25764381885528564,0.4018471837043762,0.48346516489982605,0,2000,strong30k,0,0,42,0.0,0.4,walk
1617,32.34,0.0,0.4000000059604645,0.4947463274002075,0.2514285147190094,0.4397418797016144,0.29903510212898254,0,2000,strong30k,0,0,42,0.0,0.4,walk
1618,32.36,0.0,0.4000000059604645,0.4934345483779907,0.21774958074092865,0.4061490297317505,0.086915522813797,0,2000,strong30k,0,0,42,0.0,0.4,walk
1619,32.38,0.0,0.4000000059604645,0.49316275119781494,0.17713622748851776,0.3293476104736328,0.13285130262374878,0,2000,strong30k,0,0,42,0.0,0.4,walk
1620,32.4,0.0,0.4000000059604645,0.49395573139190674,0.1578063815832138,0.2787244915962219,0.12317365407943726,0,2000,strong30k,0,0,42,0.0,0.4,walk
1621,32.42,0.0,0.4000000059604645,0.493597149848938,0.14929653704166412,0.24939285218715668,0.2906615138053894,0,2000,strong30k,0,0,42,0.0,0.4,walk
1622,32.44,0.0,0.4000000059604645,0.49202072620391846,0.1418176293373108,0.21982677280902863,0.3615056872367859,0,2000,strong30k,0,0,42,0.0,0.4,walk
1623,32.46,0.0,0.4000000059604645,0.49009573459625244,0.13956157863140106,0.1907932609319687,0.3440498113632202,0,2000,strong30k,0,0,42,0.0,0.4,walk
1624,32.480000000000004,0.0,0.4000000059604645,0.4884282350540161,0.13856932520866394,0.16150863468647003,0.27122461795806885,0,2000,strong30k,0,0,42,0.0,0.4,walk
1625,32.5,0.0,0.4000000059604645,0.4872957468032837,0.14488328993320465,0.13940726220607758,0.19237291812896729,0,2000,strong30k,0,0,42,0.0,0.4,walk
1626,32.52,0.0,0.4000000059604645,0.4868875741958618,0.14668694138526917,0.11766484379768372,0.11240502446889877,0,2000,strong30k,0,0,42,0.0,0.4,walk
1627,32.54,0.0,0.4000000059604645,0.4858943223953247,0.15441922843456268,0.10081922262907028,0.17466263473033905,0,2000,strong30k,0,0,42,0.0,0.4,walk
1628,32.56,0.0,0.4000000059604645,0.4847952127456665,0.16111725568771362,0.08199569582939148,0.12717898190021515,0,2000,strong30k,0,0,42,0.0,0.4,walk
1629,32.58,0.0,0.4000000059604645,0.4836999177932739,0.17362205684185028,0.06595227122306824,0.09869959205389023,0,2000,strong30k,0,0,42,0.0,0.4,walk
1630,32.6,0.0,0.4000000059604645,0.48262131214141846,0.19059444963932037,0.05147521197795868,0.057645075023174286,0,2000,strong30k,0,0,42,0.0,0.4,walk
1631,32.62,0.0,0.4000000059604645,0.4815589189529419,0.20846602320671082,0.03545330837368965,0.029448356479406357,0,2000,strong30k,0,0,42,0.0,0.4,walk
1632,32.64,0.0,0.4000000059604645,0.48054325580596924,0.2246529906988144,0.016590546816587448,-0.0015380922704935074,0,2000,strong30k,0,0,42,0.0,0.4,walk
1633,32.660000000000004,0.0,0.4000000059604645,0.4794360399246216,0.2368312031030655,-0.0035287407226860523,-0.001857076771557331,0,2000,strong30k,0,0,42,0.0,0.4,walk
1634,32.68,0.0,0.4000000059604645,0.4780336618423462,0.24409380555152893,-0.025246649980545044,0.03338024392724037,0,2000,strong30k,0,0,42,0.0,0.4,walk
1635,32.7,0.0,0.4000000059604645,0.47572195529937744,0.25044476985931396,-0.046950191259384155,0.12484569102525711,0,2000,strong30k,0,0,42,0.0,0.4,walk
1636,32.72,0.0,0.4000000059604645,0.4724694490432739,0.2546071410179138,-0.07090183347463608,0.20255401730537415,0,2000,strong30k,0,0,42,0.0,0.4,walk
1637,32.74,0.0,0.4000000059604645,0.4690171480178833,0.25661784410476685,-0.09467390179634094,0.17294101417064667,0,2000,strong30k,0,0,42,0.0,0.4,walk
1638,32.76,0.0,0.4000000059604645,0.46621620655059814,0.255726158618927,-0.11438067257404327,0.04497349262237549,0,2000,strong30k,0,0,42,0.0,0.4,walk
1639,32.78,0.0,0.4000000059604645,0.46525633335113525,0.24838055670261383,-0.12355867773294449,-0.2040565013885498,0,2000,strong30k,0,0,42,0.0,0.4,walk
1640,32.8,0.0,0.4000000059604645,0.46687376499176025,0.20055119693279266,-0.07539559155702591,-0.2276923805475235,0,2000,strong30k,0,0,42,0.0,0.4,walk
1641,32.82,0.0,0.4000000059604645,0.46293795108795166,0.17953266203403473,-0.04865126311779022,0.4093024432659149,0,2000,strong30k,0,0,42,0.0,0.4,walk
1642,32.84,0.0,0.4000000059604645,0.4560586214065552,0.15109317004680634,-0.028380634263157845,0.5057557225227356,0,2000,strong30k,0,0,42,0.0,0.4,walk
1643,32.86,0.0,0.4000000059604645,0.449043869972229,0.13453301787376404,-0.009095476008951664,0.4913828372955322,0,2000,strong30k,0,0,42,0.0,0.4,walk
1644,32.88,0.0,0.4000000059604645,0.4427424669265747,0.12682431936264038,0.011015976779162884,0.4266212582588196,0,2000,strong30k,0,0,42,0.0,0.4,walk
1645,32.9,0.0,0.4000000059604645,0.4372366666793823,0.13001084327697754,0.03383898362517357,0.3563994765281677,0,2000,strong30k,0,0,42,0.0,0.4,walk
1646,32.92,0.0,0.4000000059604645,0.4331742525100708,0.145671546459198,0.05468442291021347,0.24821385741233826,0,2000,strong30k,0,0,42,0.0,0.4,walk
1647,32.94,0.0,0.4000000059604645,0.43052804470062256,0.1673600822687149,0.07372934371232986,0.17137210071086884,0,2000,strong30k,0,0,42,0.0,0.4,walk
1648,32.96,0.0,0.4000000059604645,0.4287078380584717,0.1889934539794922,0.09292549639940262,0.14694203436374664,0,2000,strong30k,0,0,42,0.0,0.4,walk
1649,32.980000000000004,0.0,0.4000000059604645,0.42733144760131836,0.20508834719657898,0.11383538693189621,0.1257573515176773,0,2000,strong30k,0,0,42,0.0,0.4,walk
1650,33.0,0.0,0.4000000059604645,0.42618298530578613,0.22310681641101837,0.13520126044750214,0.1551622748374939,0,2000,strong30k,0,0,42,0.0,0.4,walk
1651,33.02,0.0,0.4000000059604645,0.4250684976577759,0.24112775921821594,0.15826772153377533,0.1775791347026825,0,2000,strong30k,0,0,42,0.0,0.4,walk
1652,33.04,0.0,0.4000000059604645,0.42388391494750977,0.2555467486381531,0.18514645099639893,0.2148766815662384,0,2000,strong30k,0,0,42,0.0,0.4,walk
1653,33.06,0.0,0.4000000059604645,0.4226040840148926,0.26733583211898804,0.21453100442886353,0.25115683674812317,0,2000,strong30k,0,0,42,0.0,0.4,walk
1654,33.08,0.0,0.4000000059604645,0.42133820056915283,0.2742491662502289,0.24759237468242645,0.262736976146698,0,2000,strong30k,0,0,42,0.0,0.4,walk
1655,33.1,0.0,0.4000000059604645,0.4200800657272339,0.27679547667503357,0.28538650274276733,0.27325543761253357,0,2000,strong30k,0,0,42,0.0,0.4,walk
1656,33.12,0.0,0.4000000059604645,0.4186406135559082,0.2773512601852417,0.32673296332359314,0.30417075753211975,0,2000,strong30k,0,0,42,0.0,0.4,walk
1657,33.14,0.0,0.4000000059604645,0.4166111946105957,0.2758059501647949,0.37097519636154175,0.3557203710079193,0,2000,strong30k,0,0,42,0.0,0.4,walk
1658,33.160000000000004,0.0,0.4000000059604645,0.4138683080673218,0.2745031416416168,0.41488122940063477,0.4078981280326843,0,2000,strong30k,0,0,42,0.0,0.4,walk
1659,33.18,0.0,0.4000000059604645,0.411382794380188,0.2703845798969269,0.45482808351516724,0.32324376702308655,0,2000,strong30k,0,0,42,0.0,0.4,walk
1660,33.2,0.0,0.4000000059604645,0.40983259677886963,0.23340636491775513,0.43481072783470154,0.16764339804649353,0,2000,strong30k,0,0,42,0.0,0.4,walk
1661,33.22,0.0,0.4000000059604645,0.4095340967178345,0.1964411437511444,0.3577360212802887,0.11731208860874176,0,2000,strong30k,0,0,42,0.0,0.4,walk
1662,33.24,0.0,0.4000000059604645,0.41084325313568115,0.1726132184267044,0.3004080355167389,0.02346264198422432,0,2000,strong30k,0,0,42,0.0,0.4,walk
1663,33.26,0.0,0.4000000059604645,0.41188883781433105,0.15776091814041138,0.2670268714427948,0.13816364109516144,0,2000,strong30k,0,0,42,0.0,0.4,walk
1664,33.28,0.0,0.4000000059604645,0.4116288423538208,0.14775820076465607,0.23786602914333344,0.2530193030834198,0,2000,strong30k,0,0,42,0.0,0.4,walk
1665,33.3,0.0,0.4000000059604645,0.4103754758834839,0.14339566230773926,0.20859506726264954,0.3083248436450958,0,2000,strong30k,0,0,42,0.0,0.4,walk
1666,33.32,0.0,0.4000000059604645,0.4091353416442871,0.14055411517620087,0.1787469983100891,0.23314517736434937,0,2000,strong30k,0,0,42,0.0,0.4,walk
1667,33.34,0.0,0.4000000059604645,0.4084280729293823,0.14573441445827484,0.1557798981666565,0.1627366691827774,0,2000,strong30k,0,0,42,0.0,0.4,walk
1668,33.36,0.0,0.4000000059604645,0.4084981679916382,0.14594662189483643,0.1333063840866089,0.07674527913331985,0,2000,strong30k,0,0,42,0.0,0.4,walk
1669,33.38,0.0,0.4000000059604645,0.4078044891357422,0.15419809520244598,0.11700178682804108,0.16142138838768005,0,2000,strong30k,0,0,42,0.0,0.4,walk
1670,33.4,0.0,0.4000000059604645,0.40700578689575195,0.1572420746088028,0.09663089364767075,0.11553144454956055,0,2000,strong30k,0,0,42,0.0,0.4,walk
1671,33.42,0.0,0.4000000059604645,0.4061542749404907,0.1685522347688675,0.08086971193552017,0.08814465999603271,0,2000,strong30k,0,0,42,0.0,0.4,walk
1672,33.44,0.0,0.4000000059604645,0.4052780866622925,0.18377268314361572,0.0670466423034668,0.05262598395347595,0,2000,strong30k,0,0,42,0.0,0.4,walk
1673,33.46,0.0,0.4000000059604645,0.4044041633605957,0.1998574435710907,0.05248093977570534,0.020138416439294815,0,2000,strong30k,0,0,42,0.0,0.4,walk
1674,33.480000000000004,0.0,0.4000000059604645,0.4035665988922119,0.21495984494686127,0.03532235696911812,-0.010930981487035751,0,2000,strong30k,0,0,42,0.0,0.4,walk
1675,33.5,0.0,0.4000000059604645,0.4026646614074707,0.22737182676792145,0.01647726260125637,-0.023515498265624046,0,2000,strong30k,0,0,42,0.0,0.4,walk
1676,33.52,0.0,0.4000000059604645,0.4016331434249878,0.23431618511676788,-0.004100025165826082,-0.01522195152938366,0,2000,strong30k,0,0,42,0.0,0.4,walk
1677,33.54,0.0,0.4000000059604645,0.40006113052368164,0.23862595856189728,-0.024932371452450752,0.045750778168439865,0,2000,strong30k,0,0,42,0.0,0.4,walk
1678,33.56,0.0,0.4000000059604645,0.3974602222442627,0.24252451956272125,-0.04671834781765938,0.14286097884178162,0,2000,strong30k,0,0,42,0.0,0.4,walk
1679,33.58,0.0,0.4000000059604645,0.39442455768585205,0.24338668584823608,-0.07092539966106415,0.15511877834796906,0,2000,strong30k,0,0,42,0.0,0.4,walk
1680,33.6,0.0,0.4000000059604645,0.3916788101196289,0.2432839274406433,-0.09254593402147293,0.07765553146600723,0,2000,strong30k,0,0,42,0.0,0.4,walk
1681,33.62,0.0,0.4000000059604645,0.38989806175231934,0.23769162595272064,-0.10803168267011642,-0.07010532915592194,0,2000,strong30k,0,0,42,0.0,0.4,walk
1682,33.64,0.0,0.4000000059604645,0.38988935947418213,0.21815349161624908,-0.10256750881671906,-0.39376041293144226,0,2000,strong30k,0,0,42,0.0,0.4,walk
1683,33.660000000000004,0.0,0.4000000059604645,0.39115917682647705,0.18726934492588043,-0.05291320011019707,0.012288587167859077,0,2000,strong30k,0,0,42,0.0,0.4,walk
1684,33.68,0.0,0.4000000059604645,0.38700222969055176,0.1591990739107132,-0.031997133046388626,0.3275996148586273,0,2000,strong30k,0,0,42,0.0,0.4,walk
1685,33.7,0.0,0.4000000059604645,0.3812711238861084,0.13517773151397705,-0.014259960502386093,0.3977962136268616,0,2000,strong30k,0,0,42,0.0,0.4,walk
1686,33.72,0.0,0.4000000059604645,0.3750479221343994,0.12379899621009827,0.004500730894505978,0.4488410949707031,0,2000,strong30k,0,0,42,0.0,0.4,walk
1687,33.74,0.0,0.4000000059604645,0.3692368268966675,0.11977110058069229,0.023646147921681404,0.3991500437259674,0,2000,strong30k,0,0,42,0.0,0.4,walk
1688,33.76,0.0,0.4000000059604645,0.36433374881744385,0.12190885096788406,0.04447675868868828,0.3205682337284088,0,2000,strong30k,0,0,42,0.0,0.4,walk
1689,33.78,0.0,0.4000000059604645,0.36070406436920166,0.13673950731754303,0.0636676698923111,0.23417696356773376,0,2000,strong30k,0,0,42,0.0,0.4,walk
1690,33.8,0.0,0.4000000059604645,0.3583395481109619,0.15495726466178894,0.08163124322891235,0.1558782458305359,0,2000,strong30k,0,0,42,0.0,0.4,walk
1691,33.82,0.0,0.4000000059604645,0.3568519353866577,0.17363789677619934,0.10004705935716629,0.12175606936216354,0,2000,strong30k,0,0,42,0.0,0.4,walk
1692,33.84,0.0,0.4000000059604645,0.35595452785491943,0.19037245213985443,0.11949875205755234,0.10351251810789108,0,2000,strong30k,0,0,42,0.0,0.4,walk
1693,33.86,0.0,0.4000000059604645,0.3553125858306885,0.20747774839401245,0.14188310503959656,0.12043556571006775,0,2000,strong30k,0,0,42,0.0,0.4,walk
1694,33.88,0.0,0.4000000059604645,0.35455942153930664,0.22379696369171143,0.16808025538921356,0.1601506918668747,0,2000,strong30k,0,0,42,0.0,0.4,walk
1695,33.9,0.0,0.4000000059604645,0.35365724563598633,0.23777179419994354,0.19635821878910065,0.2006702572107315,0,2000,strong30k,0,0,42,0.0,0.4,walk
1696,33.92,0.0,0.4000000059604645,0.3527275323867798,0.24896717071533203,0.2271827757358551,0.22066476941108704,0,2000,strong30k,0,0,42,0.0,0.4,walk
1697,33.94,0.0,0.4000000059604645,0.35186803340911865,0.2540479302406311,0.26296406984329224,0.21850360929965973,0,2000,strong30k,0,0,42,0.0,0.4,walk
1698,33.96,0.0,0.4000000059604645,0.35103166103363037,0.25656718015670776,0.3023764193058014,0.23359261453151703,0,2000,strong30k,0,0,42,0.0,0.4,walk
1699,33.980000000000004,0.0,0.4000000059604645,0.35000622272491455,0.2573496103286743,0.3447510600090027,0.25729605555534363,0,2000,strong30k,0,0,42,0.0,0.4,walk
1700,34.0,0.0,0.4000000059604645,0.3483414649963379,0.2562327980995178,0.3896149694919586,0.3161476254463196,0,2000,strong30k,0,0,42,0.0,0.4,walk
1701,34.02,0.0,0.4000000059604645,0.3461250066757202,0.25343528389930725,0.433173805475235,0.34941911697387695,0,2000,strong30k,0,0,42,0.0,0.4,walk
1702,34.04,0.0,0.4000000059604645,0.34441184997558594,0.24710026383399963,0.4725354015827179,0.24501341581344604,0,2000,strong30k,0,0,42,0.0,0.4,walk
1703,34.06,0.0,0.4000000059604645,0.343730092048645,0.2117002308368683,0.4334712028503418,-0.00854042824357748,0,2000,strong30k,0,0,42,0.0,0.4,walk
1704,34.08,0.0,0.4000000059604645,0.3447014093399048,0.17348426580429077,0.3493258059024811,-0.01913544163107872,0,2000,strong30k,0,0,42,0.0,0.4,walk
1705,34.1,0.0,0.4000000059604645,0.3468058109283447,0.15563063323497772,0.30225905776023865,0.01950651779770851,0,2000,strong30k,0,0,42,0.0,0.4,walk
1706,34.12,0.0,0.4000000059604645,0.34740889072418213,0.14646275341510773,0.27271389961242676,0.19246631860733032,0,2000,strong30k,0,0,42,0.0,0.4,walk
1707,34.14,0.0,0.4000000059604645,0.3469526767730713,0.13877223432064056,0.24139298498630524,0.22907167673110962,0,2000,strong30k,0,0,42,0.0,0.4,walk
1708,34.160000000000004,0.0,0.4000000059604645,0.3462028503417969,0.1336129754781723,0.21104738116264343,0.23215268552303314,0,2000,strong30k,0,0,42,0.0,0.4,walk
1709,34.18,0.0,0.4000000059604645,0.345556378364563,0.13150286674499512,0.18207721412181854,0.1770203709602356,0,2000,strong30k,0,0,42,0.0,0.4,walk
1710,34.2,0.0,0.4000000059604645,0.34539926052093506,0.13671673834323883,0.15868248045444489,0.10263484716415405,0,2000,strong30k,0,0,42,0.0,0.4,walk
1711,34.22,0.0,0.4000000059604645,0.3455439805984497,0.13860927522182465,0.13750465214252472,0.07134170830249786,0,2000,strong30k,0,0,42,0.0,0.4,walk
1712,34.24,0.0,0.4000000059604645,0.3451106548309326,0.14463654160499573,0.11981314420700073,0.11231047660112381,0,2000,strong30k,0,0,42,0.0,0.4,walk
1713,34.26,0.0,0.4000000059604645,0.34461069107055664,0.15107865631580353,0.10052160173654556,0.07224713265895844,0,2000,strong30k,0,0,42,0.0,0.4,walk
1714,34.28,0.0,0.4000000059604645,0.34407103061676025,0.16349752247333527,0.08480475097894669,0.04440835490822792,0,2000,strong30k,0,0,42,0.0,0.4,walk
1715,34.300000000000004,0.0,0.4000000059604645,0.343487024307251,0.17961736023426056,0.07072664797306061,0.010806219652295113,0,2000,strong30k,0,0,42,0.0,0.4,walk
1716,34.32,0.0,0.4000000059604645,0.34290528297424316,0.19570611417293549,0.05510004609823227,-0.018067048862576485,0,2000,strong30k,0,0,42,0.0,0.4,walk
1717,34.34,0.0,0.4000000059604645,0.34228265285491943,0.21020065248012543,0.0374833308160305,-0.040860407054424286,0,2000,strong30k,0,0,42,0.0,0.4,walk
1718,34.36,0.0,0.4000000059604645,0.3415578603744507,0.21947792172431946,0.017927855253219604,-0.04257122054696083,0,2000,strong30k,0,0,42,0.0,0.4,walk
1719,34.38,0.0,0.4000000059604645,0.3405400514602661,0.2244609296321869,-0.0026938358787447214,-0.011209864169359207,0,2000,strong30k,0,0,42,0.0,0.4,walk
1720,34.4,0.0,0.4000000059604645,0.3386809825897217,0.22827200591564178,-0.02362149767577648,0.07463636994361877,0,2000,strong30k,0,0,42,0.0,0.4,walk
1721,34.42,0.0,0.4000000059604645,0.3360708951950073,0.2306201159954071,-0.04664160683751106,0.13181428611278534,0,2000,strong30k,0,0,42,0.0,0.4,walk
1722,34.44,0.0,0.4000000059604645,0.3333582878112793,0.23112967610359192,-0.06941603869199753,0.10649029165506363,0,2000,strong30k,0,0,42,0.0,0.4,walk
1723,34.46,0.0,0.4000000059604645,0.3310476541519165,0.22887861728668213,-0.08779585361480713,0.02109711244702339,0,2000,strong30k,0,0,42,0.0,0.4,walk
1724,34.480000000000004,0.0,0.4000000059604645,0.32991111278533936,0.22056633234024048,-0.09652947634458542,-0.14299020171165466,0,2000,strong30k,0,0,42,0.0,0.4,walk
1725,34.5,0.0,0.4000000059604645,0.33116698265075684,0.17569807171821594,-0.05215124040842056,-0.23319798707962036,0,2000,strong30k,0,0,42,0.0,0.4,walk
1726,34.52,0.0,0.4000000059604645,0.32787907123565674,0.15476682782173157,-0.024696147069334984,0.3128668963909149,0,2000,strong30k,0,0,42,0.0,0.4,walk
1727,34.54,0.0,0.4000000059604645,0.3220958709716797,0.13058173656463623,-0.005734852980822325,0.38786011934280396,0,2000,strong30k,0,0,42,0.0,0.4,walk
1728,34.56,0.0,0.4000000059604645,0.316325306892395,0.11672544479370117,0.012664719484746456,0.3623531460762024,0,2000,strong30k,0,0,42,0.0,0.4,walk
1729,34.58,0.0,0.4000000059604645,0.3112611770629883,0.11314398050308228,0.03131335601210594,0.31408941745758057,0,2000,strong30k,0,0,42,0.0,0.4,walk
1730,34.6,0.0,0.4000000059604645,0.3068438768386841,0.11744247376918793,0.053587254136800766,0.25068724155426025,0,2000,strong30k,0,0,42,0.0,0.4,walk
1731,34.62,0.0,0.4000000059604645,0.3036935329437256,0.13428227603435516,0.07419049739837646,0.17014923691749573,0,2000,strong30k,0,0,42,0.0,0.4,walk
1732,34.64,0.0,0.4000000059604645,0.30169057846069336,0.15484826266765594,0.09328213334083557,0.11086593568325043,0,2000,strong30k,0,0,42,0.0,0.4,walk
1733,34.660000000000004,0.0,0.4000000059604645,0.3004481792449951,0.17677153646945953,0.112147256731987,0.0955318734049797,0,2000,strong30k,0,0,42,0.0,0.4,walk
1734,34.68,0.0,0.4000000059604645,0.2995873689651489,0.19217555224895477,0.13294503092765808,0.07710576802492142,0,2000,strong30k,0,0,42,0.0,0.4,walk
1735,34.7,0.0,0.4000000059604645,0.2990093231201172,0.2099894881248474,0.15443064272403717,0.0962696447968483,0,2000,strong30k,0,0,42,0.0,0.4,walk
1736,34.72,0.0,0.4000000059604645,0.29849398136138916,0.22832287847995758,0.17769169807434082,0.12325772643089294,0,2000,strong30k,0,0,42,0.0,0.4,walk
1737,34.74,0.0,0.4000000059604645,0.29785799980163574,0.24345827102661133,0.20514391362667084,0.1655290126800537,0,2000,strong30k,0,0,42,0.0,0.4,walk
1738,34.76,0.0,0.4000000059604645,0.2971409559249878,0.255350261926651,0.2355494499206543,0.19387228786945343,0,2000,strong30k,0,0,42,0.0,0.4,walk
1739,34.78,0.0,0.4000000059604645,0.29651784896850586,0.2629048824310303,0.26978665590286255,0.1969866007566452,0,2000,strong30k,0,0,42,0.0,0.4,walk
1740,34.800000000000004,0.0,0.4000000059604645,0.2959977388381958,0.2657216787338257,0.3088415861129761,0.19548161327838898,0,2000,strong30k,0,0,42,0.0,0.4,walk
1741,34.82,0.0,0.4000000059604645,0.29553544521331787,0.2664441168308258,0.3509727716445923,0.1993541717529297,0,2000,strong30k,0,0,42,0.0,0.4,walk
1742,34.84,0.0,0.4000000059604645,0.29466772079467773,0.264380544424057,0.3966628909111023,0.23728971183300018,0,2000,strong30k,0,0,42,0.0,0.4,walk
1743,34.86,0.0,0.4000000059604645,0.2931474447250366,0.26217585802078247,0.44228455424308777,0.2932288348674774,0,2000,strong30k,0,0,42,0.0,0.4,walk
1744,34.88,0.0,0.4000000059604645,0.2916752099990845,0.2577242851257324,0.48426419496536255,0.2460099458694458,0,2000,strong30k,0,0,42,0.0,0.4,walk
1745,34.9,0.0,0.4000000059604645,0.29060912132263184,0.22015100717544556,0.45708757638931274,0.0932261198759079,0,2000,strong30k,0,0,42,0.0,0.4,walk
1746,34.92,0.0,0.4000000059604645,0.29096734523773193,0.18198512494564056,0.37283822894096375,0.007521599531173706,0,2000,strong30k,0,0,42,0.0,0.4,walk
1747,34.94,0.0,0.4000000059604645,0.2932502031326294,0.15979982912540436,0.31827765703201294,-0.06019187718629837,0,2000,strong30k,0,0,42,0.0,0.4,walk
1748,34.96,0.0,0.4000000059604645,0.29495787620544434,0.14413560926914215,0.2858167588710785,0.07262840121984482,0,2000,strong30k,0,0,42,0.0,0.4,walk
1749,34.980000000000004,0.0,0.4000000059604645,0.2954599857330322,0.1339026242494583,0.2558165490627289,0.15313678979873657,0,2000,strong30k,0,0,42,0.0,0.4,walk
1750,35.0,0.0,0.4000000059604645,0.2952064275741577,0.1284857988357544,0.22468113899230957,0.19340252876281738,0,2000,strong30k,0,0,42,0.0,0.4,walk
1751,35.02,0.0,0.4000000059604645,0.29511570930480957,0.12370146065950394,0.19359898567199707,0.11758549511432648,0,2000,strong30k,0,0,42,0.0,0.4,walk
1752,35.04,0.0,0.4000000059604645,0.2954059839248657,0.12729457020759583,0.17063909769058228,0.07294101268053055,0,2000,strong30k,0,0,42,0.0,0.4,walk
1753,35.06,0.0,0.4000000059604645,0.29621922969818115,0.1266864836215973,0.14778180420398712,0.010098438709974289,0,2000,strong30k,0,0,42,0.0,0.4,walk
1754,35.08,0.0,0.4000000059604645,0.29610252380371094,0.13440993428230286,0.1309048980474472,0.1068393737077713,0,2000,strong30k,0,0,42,0.0,0.4,walk
1755,35.1,0.0,0.4000000059604645,0.2957988977432251,0.1387166529893875,0.10996723175048828,0.06382517516613007,0,2000,strong30k,0,0,42,0.0,0.4,walk
1756,35.12,0.0,0.4000000059604645,0.29543066024780273,0.15010854601860046,0.09371844679117203,0.0386209562420845,0,2000,strong30k,0,0,42,0.0,0.4,walk
1757,35.14,0.0,0.4000000059604645,0.29501211643218994,0.1654910147190094,0.07956411689519882,0.00287299114279449,0,2000,strong30k,0,0,42,0.0,0.4,walk
1758,35.160000000000004,0.0,0.4000000059604645,0.29455506801605225,0.18104250729084015,0.0647883340716362,-0.020937729626893997,0,2000,strong30k,0,0,42,0.0,0.4,walk
1759,35.18,0.0,0.4000000059604645,0.2940455675125122,0.19554802775382996,0.048062846064567566,-0.04309391230344772,0,2000,strong30k,0,0,42,0.0,0.4,walk
1760,35.2,0.0,0.4000000059604645,0.2933835983276367,0.2067675143480301,0.029569286853075027,-0.04894668236374855,0,2000,strong30k,0,0,42,0.0,0.4,walk
1761,35.22,0.0,0.4000000059604645,0.2925446033477783,0.21219882369041443,0.00916768703609705,-0.03761318325996399,0,2000,strong30k,0,0,42,0.0,0.4,walk
1762,35.24,0.0,0.4000000059604645,0.29117727279663086,0.21533234417438507,-0.011516368016600609,0.019227424636483192,0,2000,strong30k,0,0,42,0.0,0.4,walk
1763,35.26,0.0,0.4000000059604645,0.28893959522247314,0.21816758811473846,-0.03357675299048424,0.101911760866642,0,2000,strong30k,0,0,42,0.0,0.4,walk
1764,35.28,0.0,0.4000000059604645,0.28637897968292236,0.21861819922924042,-0.057081468403339386,0.1046796515583992,0,2000,strong30k,0,0,42,0.0,0.4,walk
1765,35.300000000000004,0.0,0.4000000059604645,0.28408026695251465,0.21771736443042755,-0.07802285999059677,0.04163496196269989,0,2000,strong30k,0,0,42,0.0,0.4,walk
1766,35.32,0.0,0.4000000059604645,0.28247523307800293,0.21122020483016968,-0.09280216693878174,-0.07158920168876648,0,2000,strong30k,0,0,42,0.0,0.4,walk
1767,35.34,0.0,0.4000000059604645,0.2823270559310913,0.18468689918518066,-0.07809391617774963,-0.47033408284187317,0,2000,strong30k,0,0,42,0.0,0.4,walk
1768,35.36,0.0,0.4000000059604645,0.2828251123428345,0.15931637585163116,-0.035230763256549835,0.06124565005302429,0,2000,strong30k,0,0,42,0.0,0.4,walk
1769,35.38,0.0,0.4000000059604645,0.27846264839172363,0.13384626805782318,-0.014089221134781837,0.30334916710853577,0,2000,strong30k,0,0,42,0.0,0.4,walk
1770,35.4,0.0,0.4000000059604645,0.2733597755432129,0.11520537734031677,0.0021033810917288065,0.31589409708976746,0,2000,strong30k,0,0,42,0.0,0.4,walk
1771,35.42,0.0,0.4000000059604645,0.26804864406585693,0.10675185918807983,0.021493542939424515,0.3429231643676758,0,2000,strong30k,0,0,42,0.0,0.4,walk
1772,35.44,0.0,0.4000000059604645,0.26330137252807617,0.10794167220592499,0.040231626480817795,0.28941333293914795,0,2000,strong30k,0,0,42,0.0,0.4,walk
1773,35.46,0.0,0.4000000059604645,0.2594970464706421,0.11133546382188797,0.062120407819747925,0.20639348030090332,0,2000,strong30k,0,0,42,0.0,0.4,walk
1774,35.480000000000004,0.0,0.4000000059604645,0.2570458650588989,0.12816280126571655,0.080998495221138,0.12703773379325867,0,2000,strong30k,0,0,42,0.0,0.4,walk
1775,35.5,0.0,0.4000000059604645,0.25558745861053467,0.14635635912418365,0.0990578904747963,0.07900754362344742,0,2000,strong30k,0,0,42,0.0,0.4,walk
1776,35.52,0.0,0.4000000059604645,0.2547651529312134,0.16324830055236816,0.11787991970777512,0.05824904143810272,0,2000,strong30k,0,0,42,0.0,0.4,walk
1777,35.54,0.0,0.4000000059604645,0.2542691230773926,0.17983543872833252,0.1374102085828781,0.0733204036951065,0,2000,strong30k,0,0,42,0.0,0.4,walk
1778,35.56,0.0,0.4000000059604645,0.2540571689605713,0.19697263836860657,0.15871679782867432,0.07173370569944382,0,2000,strong30k,0,0,42,0.0,0.4,walk
1779,35.58,0.0,0.4000000059604645,0.2538113594055176,0.21299749612808228,0.18499884009361267,0.11378733068704605,0,2000,strong30k,0,0,42,0.0,0.4,walk
1780,35.6,0.0,0.4000000059604645,0.253440260887146,0.22651246190071106,0.21387679874897003,0.15002106130123138,0,2000,strong30k,0,0,42,0.0,0.4,walk
1781,35.62,0.0,0.4000000059604645,0.2530862092971802,0.23719583451747894,0.24570412933826447,0.16622762382030487,0,2000,strong30k,0,0,42,0.0,0.4,walk
1782,35.64,0.0,0.4000000059604645,0.252871036529541,0.2422320395708084,0.2822425067424774,0.15598519146442413,0,2000,strong30k,0,0,42,0.0,0.4,walk
1783,35.660000000000004,0.0,0.4000000059604645,0.2528061866760254,0.24389684200286865,0.32245030999183655,0.15332692861557007,0,2000,strong30k,0,0,42,0.0,0.4,walk
1784,35.68,0.0,0.4000000059604645,0.2526918649673462,0.24387846887111664,0.3658697307109833,0.1672637164592743,0,2000,strong30k,0,0,42,0.0,0.4,walk
1785,35.7,0.0,0.4000000059604645,0.25196540355682373,0.24201250076293945,0.411990225315094,0.2273397147655487,0,2000,strong30k,0,0,42,0.0,0.4,walk
1786,35.72,0.0,0.4000000059604645,0.25063157081604004,0.23895302414894104,0.4565272629261017,0.2730286121368408,0,2000,strong30k,0,0,42,0.0,0.4,walk
1787,35.74,0.0,0.4000000059604645,0.24958205223083496,0.23238444328308105,0.493161141872406,0.19886232912540436,0,2000,strong30k,0,0,42,0.0,0.4,walk
1788,35.76,0.0,0.4000000059604645,0.24844002723693848,0.17879654467105865,0.4171910285949707,0.18497681617736816,0,2000,strong30k,0,0,42,0.0,0.4,walk
1789,35.78,0.0,0.4000000059604645,0.25005650520324707,0.15133903920650482,0.35604390501976013,-0.10647236555814743,0,2000,strong30k,0,0,42,0.0,0.4,walk
1790,35.800000000000004,0.0,0.4000000059604645,0.2524787187576294,0.13440415263175964,0.31320399045944214,-0.01831832528114319,0,2000,strong30k,0,0,42,0.0,0.4,walk
1791,35.82,0.0,0.4000000059604645,0.253648042678833,0.1279771327972412,0.27992552518844604,0.10067301988601685,0,2000,strong30k,0,0,42,0.0,0.4,walk
1792,35.84,0.0,0.4000000059604645,0.25429606437683105,0.11574505269527435,0.247236967086792,0.12048152089118958,0,2000,strong30k,0,0,42,0.0,0.4,walk
1793,35.86,0.0,0.4000000059604645,0.2549065351486206,0.10952187329530716,0.21559536457061768,0.08202517777681351,0,2000,strong30k,0,0,42,0.0,0.4,walk
1794,35.88,0.0,0.4000000059604645,0.2554917335510254,0.10804454982280731,0.18980498611927032,0.06777901947498322,0,2000,strong30k,0,0,42,0.0,0.4,walk
1795,35.9,0.0,0.4000000059604645,0.25626277923583984,0.10799775272607803,0.1655852496623993,0.027552854269742966,0,2000,strong30k,0,0,42,0.0,0.4,walk
1796,35.92,0.0,0.4000000059604645,0.25656306743621826,0.11399738490581512,0.14632506668567657,0.07389523833990097,0,2000,strong30k,0,0,42,0.0,0.4,walk
1797,35.94,0.0,0.4000000059604645,0.2565408945083618,0.12000612169504166,0.12682968378067017,0.04926493391394615,0,2000,strong30k,0,0,42,0.0,0.4,walk
1798,35.96,0.0,0.4000000059604645,0.2564506530761719,0.12763868272304535,0.10822923481464386,0.029157795011997223,0,2000,strong30k,0,0,42,0.0,0.4,walk
1799,35.980000000000004,0.0,0.4000000059604645,0.25628936290740967,0.13973774015903473,0.09273997694253922,0.0020353347063064575,0,2000,strong30k,0,0,42,0.0,0.4,walk
1800,36.0,0.0,0.4000000059604645,0.25610601902008057,0.15398703515529633,0.07775019109249115,-0.02742946147918701,0,2000,strong30k,0,0,42,0.0,0.4,walk
1801,36.02,0.0,0.4000000059604645,0.2557929754257202,0.16866452991962433,0.06237151101231575,-0.0418422594666481,0,2000,strong30k,0,0,42,0.0,0.4,walk
1802,36.04,0.0,0.4000000059604645,0.2553011178970337,0.1818271428346634,0.045240044593811035,-0.05462409555912018,0,2000,strong30k,0,0,42,0.0,0.4,walk
1803,36.06,0.0,0.4000000059604645,0.254632830619812,0.18954035639762878,0.02598094381392002,-0.052831459790468216,0,2000,strong30k,0,0,42,0.0,0.4,walk
1804,36.08,0.0,0.4000000059604645,0.2537335157394409,0.19225861132144928,0.005147725809365511,-0.030363548547029495,0,2000,strong30k,0,0,42,0.0,0.4,walk
1805,36.1,0.0,0.4000000059604645,0.2520560026168823,0.19484427571296692,-0.016066769137978554,0.053448036313056946,0,2000,strong30k,0,0,42,0.0,0.4,walk
1806,36.12,0.0,0.4000000059604645,0.24970662593841553,0.19620941579341888,-0.03933949023485184,0.1010592132806778,0,2000,strong30k,0,0,42,0.0,0.4,walk
1807,36.14,0.0,0.4000000059604645,0.2472853660583496,0.19582362473011017,-0.06220458820462227,0.07855591922998428,0,2000,strong30k,0,0,42,0.0,0.4,walk
1808,36.160000000000004,0.0,0.4000000059604645,0.24520504474639893,0.19277840852737427,-0.08091390132904053,0.005693188402801752,0,2000,strong30k,0,0,42,0.0,0.4,walk
1809,36.18,0.0,0.4000000059604645,0.2439810037612915,0.18381404876708984,-0.08891235291957855,-0.11307261884212494,0,2000,strong30k,0,0,42,0.0,0.4,walk
1810,36.2,0.0,0.4000000059604645,0.24496233463287354,0.14226071536540985,-0.04486614093184471,-0.19094936549663544,0,2000,strong30k,0,0,42,0.0,0.4,walk
1811,36.22,0.0,0.4000000059604645,0.2419208288192749,0.12151581048965454,-0.018029283732175827,0.25392240285873413,0,2000,strong30k,0,0,42,0.0,0.4,walk
1812,36.24,0.0,0.4000000059604645,0.2369239330291748,0.10051941126585007,0.0010066005634143949,0.3046177923679352,0,2000,strong30k,0,0,42,0.0,0.4,walk
1813,36.26,0.0,0.4000000059604645,0.23201310634613037,0.08896911889314651,0.019401689991354942,0.272198349237442,0,2000,strong30k,0,0,42,0.0,0.4,walk
1814,36.28,0.0,0.4000000059604645,0.22781145572662354,0.0874825268983841,0.038136761635541916,0.23038490116596222,0,2000,strong30k,0,0,42,0.0,0.4,walk
1815,36.300000000000004,0.0,0.4000000059604645,0.22412633895874023,0.09382693469524384,0.06060411408543587,0.18883411586284637,0,2000,strong30k,0,0,42,0.0,0.4,walk
1816,36.32,0.0,0.4000000059604645,0.22158193588256836,0.11058259755373001,0.0813366025686264,0.11028718948364258,0,2000,strong30k,0,0,42,0.0,0.4,walk
1817,36.34,0.0,0.4000000059604645,0.22005581855773926,0.13107071816921234,0.10082585364580154,0.07161786407232285,0,2000,strong30k,0,0,42,0.0,0.4,walk
1818,36.36,0.0,0.4000000059604645,0.21917724609375,0.15202045440673828,0.11998486518859863,0.05874451622366905,0,2000,strong30k,0,0,42,0.0,0.4,walk
1819,36.38,0.0,0.4000000059604645,0.21864604949951172,0.1676332950592041,0.14043395221233368,0.048843663185834885,0,2000,strong30k,0,0,42,0.0,0.4,walk
1820,36.4,0.0,0.4000000059604645,0.21839892864227295,0.1844412386417389,0.16161270439624786,0.061339832842350006,0,2000,strong30k,0,0,42,0.0,0.4,walk
1821,36.42,0.0,0.4000000059604645,0.21828806400299072,0.20145869255065918,0.18507921695709229,0.07889401167631149,0,2000,strong30k,0,0,42,0.0,0.4,walk
1822,36.44,0.0,0.4000000059604645,0.21812593936920166,0.21618641912937164,0.21275368332862854,0.11736699938774109,0,2000,strong30k,0,0,42,0.0,0.4,walk
1823,36.46,0.0,0.4000000059604645,0.21791434288024902,0.22778303921222687,0.24363283812999725,0.14168879389762878,0,2000,strong30k,0,0,42,0.0,0.4,walk
1824,36.480000000000004,0.0,0.4000000059604645,0.2177978754043579,0.23576168715953827,0.27792203426361084,0.14635805785655975,0,2000,strong30k,0,0,42,0.0,0.4,walk
1825,36.5,0.0,0.4000000059604645,0.21786057949066162,0.23837880790233612,0.31710267066955566,0.13298064470291138,0,2000,strong30k,0,0,42,0.0,0.4,walk
1826,36.52,0.0,0.4000000059604645,0.21813881397247314,0.2391701638698578,0.35928112268447876,0.12656551599502563,0,2000,strong30k,0,0,42,0.0,0.4,walk
1827,36.54,0.0,0.4000000059604645,0.2181183099746704,0.23664602637290955,0.40555837750434875,0.15845246613025665,0,2000,strong30k,0,0,42,0.0,0.4,walk
1828,36.56,0.0,0.4000000059604645,0.2173631191253662,0.23369194567203522,0.452352374792099,0.23251742124557495,0,2000,strong30k,0,0,42,0.0,0.4,walk
1829,36.58,0.0,0.4000000059604645,0.21632254123687744,0.2284151315689087,0.4942170977592468,0.22776798903942108,0,2000,strong30k,0,0,42,0.0,0.4,walk
1830,36.6,0.0,0.4000000059604645,0.2151660919189453,0.19401492178440094,0.47117388248443604,0.09911735355854034,0,2000,strong30k,0,0,42,0.0,0.4,walk
1831,36.62,0.0,0.4000000059604645,0.21584761142730713,0.15943285822868347,0.38573765754699707,-0.06703557074069977,0,2000,strong30k,0,0,42,0.0,0.4,walk
1832,36.64,0.0,0.4000000059604645,0.21886169910430908,0.13893122971057892,0.3308527171611786,-0.13280969858169556,0,2000,strong30k,0,0,42,0.0,0.4,walk
1833,36.660000000000004,0.0,0.4000000059604645,0.22130799293518066,0.12611708045005798,0.2976396679878235,-0.0007863994687795639,0,2000,strong30k,0,0,42,0.0,0.4,walk
1834,36.68,0.0,0.4000000059604645,0.2225130796432495,0.11709326505661011,0.2661501467227936,0.08792769908905029,0,2000,strong30k,0,0,42,0.0,0.4,walk
1835,36.7,0.0,0.4000000059604645,0.2230072021484375,0.11159561574459076,0.23432134091854095,0.12691621482372284,0,2000,strong30k,0,0,42,0.0,0.4,walk
1836,36.72,0.0,0.4000000059604645,0.22346174716949463,0.10794930160045624,0.20343507826328278,0.08093391358852386,0,2000,strong30k,0,0,42,0.0,0.4,walk
1837,36.74,0.0,0.4000000059604645,0.22422480583190918,0.11245884001255035,0.1789642721414566,0.030005130916833878,0,2000,strong30k,0,0,42,0.0,0.4,walk
1838,36.76,0.0,0.4000000059604645,0.22519469261169434,0.11413633078336716,0.1564209759235382,0.006274816580116749,0,2000,strong30k,0,0,42,0.0,0.4,walk
1839,36.78,0.0,0.4000000059604645,0.22536170482635498,0.120934396982193,0.13796059787273407,0.0711587518453598,0,2000,strong30k,0,0,42,0.0,0.4,walk
1840,36.800000000000004,0.0,0.4000000059604645,0.22539281845092773,0.12623503804206848,0.11705022305250168,0.03434399887919426,0,2000,strong30k,0,0,42,0.0,0.4,walk
1841,36.82,0.0,0.4000000059604645,0.225319504737854,0.13781100511550903,0.10057102888822556,0.013929842971265316,0,2000,strong30k,0,0,42,0.0,0.4,walk
1842,36.84,0.0,0.4000000059604645,0.22513747215270996,0.15349064767360687,0.0866246372461319,-0.01520917471498251,0,2000,strong30k,0,0,42,0.0,0.4,walk
1843,36.86,0.0,0.4000000059604645,0.22488975524902344,0.16929541528224945,0.07185883820056915,-0.03868192434310913,0,2000,strong30k,0,0,42,0.0,0.4,walk
1844,36.88,0.0,0.4000000059604645,0.22456276416778564,0.18392319977283478,0.055178750306367874,-0.06086346507072449,0,2000,strong30k,0,0,42,0.0,0.4,walk
1845,36.9,0.0,0.4000000059604645,0.2240673303604126,0.1947518289089203,0.03692829981446266,-0.06672199070453644,0,2000,strong30k,0,0,42,0.0,0.4,walk
1846,36.92,0.0,0.4000000059604645,0.22339069843292236,0.19965359568595886,0.016789786517620087,-0.05488978326320648,0,2000,strong30k,0,0,42,0.0,0.4,walk
1847,36.94,0.0,0.4000000059604645,0.22217822074890137,0.2023772895336151,-0.0038018859922885895,0.002375524491071701,0,2000,strong30k,0,0,42,0.0,0.4,walk
1848,36.96,0.0,0.4000000059604645,0.22020161151885986,0.20462244749069214,-0.02583335153758526,0.07159841805696487,0,2000,strong30k,0,0,42,0.0,0.4,walk
1849,36.980000000000004,0.0,0.4000000059604645,0.21805429458618164,0.20437252521514893,-0.049044087529182434,0.06458449363708496,0,2000,strong30k,0,0,42,0.0,0.4,walk
1850,37.0,0.0,0.4000000059604645,0.21611344814300537,0.20328094065189362,-0.06959964334964752,0.016841784119606018,0,2000,strong30k,0,0,42,0.0,0.4,walk
1851,37.02,0.0,0.4000000059604645,0.21464025974273682,0.1972770392894745,-0.08357332646846771,-0.0653766319155693,0,2000,strong30k,0,0,42,0.0,0.4,walk
1852,37.04,0.0,0.4000000059604645,0.2145777940750122,0.1632540374994278,-0.059314385056495667,-0.5468899011611938,0,2000,strong30k,0,0,42,0.0,0.4,walk
1853,37.06,0.0,0.4000000059604645,0.21422314643859863,0.1363801211118698,-0.02304590865969658,0.10888319462537766,0,2000,strong30k,0,0,42,0.0,0.4,walk
1854,37.08,0.0,0.4000000059604645,0.20949947834014893,0.11242973059415817,-0.001535253133624792,0.3353726267814636,0,2000,strong30k,0,0,42,0.0,0.4,walk
1855,37.1,0.0,0.4000000059604645,0.20411479473114014,0.09872659295797348,0.01522961724549532,0.32849350571632385,0,2000,strong30k,0,0,42,0.0,0.4,walk
1856,37.12,0.0,0.4000000059604645,0.19924044609069824,0.09028670191764832,0.032519590109586716,0.2631109356880188,0,2000,strong30k,0,0,42,0.0,0.4,walk
1857,37.14,0.0,0.4000000059604645,0.19511771202087402,0.09275074303150177,0.05278265103697777,0.22003251314163208,0,2000,strong30k,0,0,42,0.0,0.4,walk
1858,37.160000000000004,0.0,0.4000000059604645,0.1921837329864502,0.10675059258937836,0.07204067707061768,0.12221603095531464,0,2000,strong30k,0,0,42,0.0,0.4,walk
1859,37.18,0.0,0.4000000059604645,0.1905430555343628,0.12760581076145172,0.09074677526950836,0.06480476260185242,0,2000,strong30k,0,0,42,0.0,0.4,walk
1860,37.2,0.0,0.4000000059604645,0.18974339962005615,0.1486130654811859,0.10918170213699341,0.02601580321788788,0,2000,strong30k,0,0,42,0.0,0.4,walk
1861,37.22,0.0,0.4000000059604645,0.189538836479187,0.16191813349723816,0.13021309673786163,-0.007659703493118286,0,2000,strong30k,0,0,42,0.0,0.4,walk
1862,37.24,0.0,0.4000000059604645,0.18954169750213623,0.1823863536119461,0.14965620636940002,0.030237354338169098,0,2000,strong30k,0,0,42,0.0,0.4,walk
1863,37.26,0.0,0.4000000059604645,0.18965482711791992,0.19889360666275024,0.17057731747627258,0.04564741626381874,0,2000,strong30k,0,0,42,0.0,0.4,walk
1864,37.28,0.0,0.4000000059604645,0.18975043296813965,0.21293309330940247,0.1960812360048294,0.07934097945690155,0,2000,strong30k,0,0,42,0.0,0.4,walk
1865,37.300000000000004,0.0,0.4000000059604645,0.1897958517074585,0.22467154264450073,0.2250625193119049,0.10760578513145447,0,2000,strong30k,0,0,42,0.0,0.4,walk
1866,37.32,0.0,0.4000000059604645,0.18987953662872314,0.23378415405750275,0.25731343030929565,0.12784717977046967,0,2000,strong30k,0,0,42,0.0,0.4,walk
1867,37.34,0.0,0.4000000059604645,0.19009923934936523,0.23721721768379211,0.2947336435317993,0.1131267249584198,0,2000,strong30k,0,0,42,0.0,0.4,walk
1868,37.36,0.0,0.4000000059604645,0.1905292272567749,0.2374410778284073,0.33547770977020264,0.10520397871732712,0,2000,strong30k,0,0,42,0.0,0.4,walk
1869,37.38,0.0,0.4000000059604645,0.19097936153411865,0.23565693199634552,0.3797774314880371,0.11092060804367065,0,2000,strong30k,0,0,42,0.0,0.4,walk
1870,37.4,0.0,0.4000000059604645,0.190851092338562,0.23267611861228943,0.4265359044075012,0.1713813990354538,0,2000,strong30k,0,0,42,0.0,0.4,walk
1871,37.42,0.0,0.4000000059604645,0.19011914730072021,0.2288004457950592,0.4716939926147461,0.22123464941978455,0,2000,strong30k,0,0,42,0.0,0.4,walk
1872,37.44,0.0,0.4000000059604645,0.18954145908355713,0.21643848717212677,0.5024898648262024,0.2345934808254242,0,2000,strong30k,0,0,42,0.0,0.4,walk
1873,37.46,0.0,0.4000000059604645,0.18852198123931885,0.1708412766456604,0.42171502113342285,0.10187739133834839,0,2000,strong30k,0,0,42,0.0,0.4,walk
1874,37.480000000000004,0.0,0.4000000059604645,0.19089913368225098,0.14596202969551086,0.3609451353549957,-0.14970743656158447,0,2000,strong30k,0,0,42,0.0,0.4,walk
1875,37.5,0.0,0.4000000059604645,0.19393980503082275,0.12190653383731842,0.32054653763771057,-0.07703690975904465,0,2000,strong30k,0,0,42,0.0,0.4,walk
1876,37.52,0.0,0.4000000059604645,0.19579660892486572,0.113365538418293,0.28854840993881226,0.022848427295684814,0,2000,strong30k,0,0,42,0.0,0.4,walk
1877,37.54,0.0,0.4000000059604645,0.19651556015014648,0.10580030828714371,0.25715309381484985,0.12616077065467834,0,2000,strong30k,0,0,42,0.0,0.4,walk
1878,37.56,0.0,0.4000000059604645,0.19726300239562988,0.10196872800588608,0.22169198095798492,0.03863358125090599,0,2000,strong30k,0,0,42,0.0,0.4,walk
1879,37.58,0.0,0.4000000059604645,0.1984407901763916,0.10495469719171524,0.19529885053634644,-0.01480833999812603,0,2000,strong30k,0,0,42,0.0,0.4,walk
1880,37.6,0.0,0.4000000059604645,0.20008790493011475,0.10256641358137131,0.1703864485025406,-0.05965106189250946,0,2000,strong30k,0,0,42,0.0,0.4,walk
1881,37.62,0.0,0.4000000059604645,0.20075809955596924,0.10842784494161606,0.15202827751636505,0.05162566527724266,0,2000,strong30k,0,0,42,0.0,0.4,walk
1882,37.64,0.0,0.4000000059604645,0.20092880725860596,0.11482774466276169,0.1305115967988968,0.03825923800468445,0,2000,strong30k,0,0,42,0.0,0.4,walk
1883,37.660000000000004,0.0,0.4000000059604645,0.20094633102416992,0.12399967759847641,0.1112612709403038,0.024159424006938934,0,2000,strong30k,0,0,42,0.0,0.4,walk
1884,37.68,0.0,0.4000000059604645,0.2007352113723755,0.13916432857513428,0.09658025205135345,0.004187826532870531,0,2000,strong30k,0,0,42,0.0,0.4,walk
1885,37.7,0.0,0.4000000059604645,0.20046448707580566,0.1554180383682251,0.08178896456956863,-0.024704275652766228,0,2000,strong30k,0,0,42,0.0,0.4,walk
1886,37.72,0.0,0.4000000059604645,0.20018517971038818,0.17091289162635803,0.0655636414885521,-0.054581914097070694,0,2000,strong30k,0,0,42,0.0,0.4,walk
1887,37.74,0.0,0.4000000059604645,0.199815034866333,0.18374979496002197,0.04792218282818794,-0.07230398803949356,0,2000,strong30k,0,0,42,0.0,0.4,walk
1888,37.76,0.0,0.4000000059604645,0.19932544231414795,0.19072672724723816,0.02860211580991745,-0.07403668761253357,0,2000,strong30k,0,0,42,0.0,0.4,walk
1889,37.78,0.0,0.4000000059604645,0.19856441020965576,0.1930086463689804,0.00831303745508194,-0.04813472554087639,0,2000,strong30k,0,0,42,0.0,0.4,walk
1890,37.800000000000004,0.0,0.4000000059604645,0.19707226753234863,0.19495946168899536,-0.012689439579844475,0.028162412345409393,0,2000,strong30k,0,0,42,0.0,0.4,walk
1891,37.82,0.0,0.4000000059604645,0.1951514482498169,0.19509898126125336,-0.035567883402109146,0.05039367452263832,0,2000,strong30k,0,0,42,0.0,0.4,walk
1892,37.84,0.0,0.4000000059604645,0.19325506687164307,0.19369755685329437,-0.057113733142614365,0.02970193699002266,0,2000,strong30k,0,0,42,0.0,0.4,walk
1893,37.86,0.0,0.4000000059604645,0.19156861305236816,0.18924647569656372,-0.07552319020032883,-0.025519095361232758,0,2000,strong30k,0,0,42,0.0,0.4,walk
1894,37.88,0.0,0.4000000059604645,0.19061803817749023,0.17969758808612823,-0.08224581182003021,-0.13724485039710999,0,2000,strong30k,0,0,42,0.0,0.4,walk
1895,37.9,0.0,0.4000000059604645,0.1918482780456543,0.1397094875574112,-0.033376988023519516,-0.11586564779281616,0,2000,strong30k,0,0,42,0.0,0.4,walk
1896,37.92,0.0,0.4000000059604645,0.18899250030517578,0.11569595336914062,-0.01160329021513462,0.16977530717849731,0,2000,strong30k,0,0,42,0.0,0.4,walk
1897,37.94,0.0,0.4000000059604645,0.18511760234832764,0.096354179084301,0.006117410957813263,0.18187850713729858,0,2000,strong30k,0,0,42,0.0,0.4,walk
1898,37.96,0.0,0.4000000059604645,0.18143010139465332,0.0873437151312828,0.024013981223106384,0.1668723076581955,0,2000,strong30k,0,0,42,0.0,0.4,walk
1899,37.980000000000004,0.0,0.4000000059604645,0.17813324928283691,0.08637154847383499,0.042641669511795044,0.15058869123458862,0,2000,strong30k,0,0,42,0.0,0.4,walk
1900,38.0,0.0,0.4000000059604645,0.17510128021240234,0.09424194693565369,0.06422257423400879,0.1491534560918808,0,2000,strong30k,0,0,42,0.0,0.4,walk
1901,38.02,0.0,0.4000000059604645,0.1728590726852417,0.10948625206947327,0.0841386467218399,0.094020314514637,0,2000,strong30k,0,0,42,0.0,0.4,walk
1902,38.04,0.0,0.4000000059604645,0.17139017581939697,0.13039463758468628,0.10316554456949234,0.08321777731180191,0,2000,strong30k,0,0,42,0.0,0.4,walk
1903,38.06,0.0,0.4000000059604645,0.17039859294891357,0.14996831119060516,0.1222681775689125,0.06880328804254532,0,2000,strong30k,0,0,42,0.0,0.4,walk
1904,38.08,0.0,0.4000000059604645,0.16976535320281982,0.16704778373241425,0.14184609055519104,0.06516295671463013,0,2000,strong30k,0,0,42,0.0,0.4,walk
1905,38.1,0.0,0.4000000059604645,0.16945898532867432,0.1837446242570877,0.16265247762203217,0.06568001210689545,0,2000,strong30k,0,0,42,0.0,0.4,walk
1906,38.12,0.0,0.4000000059604645,0.1693260669708252,0.20036213099956512,0.18704773485660553,0.07444322854280472,0,2000,strong30k,0,0,42,0.0,0.4,walk
1907,38.14,0.0,0.4000000059604645,0.1692335605621338,0.21545304358005524,0.21492965519428253,0.1041668951511383,0,2000,strong30k,0,0,42,0.0,0.4,walk
1908,38.160000000000004,0.0,0.4000000059604645,0.1691877841949463,0.22827200591564178,0.24541877210140228,0.11894002556800842,0,2000,strong30k,0,0,42,0.0,0.4,walk
1909,38.18,0.0,0.4000000059604645,0.16931450366973877,0.23735077679157257,0.27986493706703186,0.11684010922908783,0,2000,strong30k,0,0,42,0.0,0.4,walk
1910,38.2,0.0,0.4000000059604645,0.1696850061416626,0.24149441719055176,0.31849977374076843,0.09885924309492111,0,2000,strong30k,0,0,42,0.0,0.4,walk
1911,38.22,0.0,0.4000000059604645,0.17032718658447266,0.24334067106246948,0.3601698875427246,0.08621516078710556,0,2000,strong30k,0,0,42,0.0,0.4,walk
1912,38.24,0.0,0.4000000059604645,0.17072951793670654,0.24189019203186035,0.40599822998046875,0.11626631021499634,0,2000,strong30k,0,0,42,0.0,0.4,walk
1913,38.26,0.0,0.4000000059604645,0.17040038108825684,0.23920807242393494,0.4519711136817932,0.1893940418958664,0,2000,strong30k,0,0,42,0.0,0.4,walk
1914,38.28,0.0,0.4000000059604645,0.16968905925750732,0.23400577902793884,0.4945850968360901,0.2010316401720047,0,2000,strong30k,0,0,42,0.0,0.4,walk
1915,38.300000000000004,0.0,0.4000000059604645,0.16846776008605957,0.19352276623249054,0.4750048518180847,0.28788915276527405,0,2000,strong30k,0,0,42,0.0,0.4,walk
1916,38.32,0.0,0.4000000059604645,0.168410062789917,0.16156239807605743,0.39097440242767334,-0.039977531880140305,0,2000,strong30k,0,0,42,0.0,0.4,walk
1917,38.34,0.0,0.4000000059604645,0.1715681552886963,0.1371150016784668,0.33597344160079956,-0.1718519628047943,0,2000,strong30k,0,0,42,0.0,0.4,walk
1918,38.36,0.0,0.4000000059604645,0.17462778091430664,0.12083976715803146,0.30156707763671875,-0.06968262791633606,0,2000,strong30k,0,0,42,0.0,0.4,walk
1919,38.38,0.0,0.4000000059604645,0.1764770746231079,0.11065831780433655,0.2706602215766907,0.028111975640058517,0,2000,strong30k,0,0,42,0.0,0.4,walk
1920,38.4,0.0,0.4000000059604645,0.1774144172668457,0.10508580505847931,0.23884741961956024,0.08692111074924469,0,2000,strong30k,0,0,42,0.0,0.4,walk
1921,38.42,0.0,0.4000000059604645,0.1782916784286499,0.10188600420951843,0.20754213631153107,0.031212367117404938,0,2000,strong30k,0,0,42,0.0,0.4,walk
1922,38.44,0.0,0.4000000059604645,0.1795274019241333,0.10732883960008621,0.1833658665418625,-0.02123401127755642,0,2000,strong30k,0,0,42,0.0,0.4,walk
1923,38.46,0.0,0.4000000059604645,0.18097496032714844,0.1085917130112648,0.1603163480758667,-0.03777949512004852,0,2000,strong30k,0,0,42,0.0,0.4,walk
1924,38.480000000000004,0.0,0.4000000059604645,0.1814793348312378,0.11631382256746292,0.14195331931114197,0.03882833570241928,0,2000,strong30k,0,0,42,0.0,0.4,walk
1925,38.5,0.0,0.4000000059604645,0.18183457851409912,0.12116961181163788,0.12007021903991699,0.007702835835516453,0,2000,strong30k,0,0,42,0.0,0.4,walk
1926,38.52,0.0,0.4000000059604645,0.1819918155670166,0.13299007713794708,0.103106789290905,-0.0031179003417491913,0,2000,strong30k,0,0,42,0.0,0.4,walk
1927,38.54,0.0,0.4000000059604645,0.18193113803863525,0.1492023915052414,0.08934013545513153,-0.023771166801452637,0,2000,strong30k,0,0,42,0.0,0.4,walk
1928,38.56,0.0,0.4000000059604645,0.18175137042999268,0.16538526117801666,0.07452211529016495,-0.04350348562002182,0,2000,strong30k,0,0,42,0.0,0.4,walk
1929,38.58,0.0,0.4000000059604645,0.18146300315856934,0.18048767745494843,0.05780772492289543,-0.06422674655914307,0,2000,strong30k,0,0,42,0.0,0.4,walk
1930,38.6,0.0,0.4000000059604645,0.18099915981292725,0.19150961935520172,0.03944319114089012,-0.07109178602695465,0,2000,strong30k,0,0,42,0.0,0.4,walk
1931,38.62,0.0,0.4000000059604645,0.1803673505783081,0.19648000597953796,0.019270243123173714,-0.06256650388240814,0,2000,strong30k,0,0,42,0.0,0.4,walk
1932,38.64,0.0,0.4000000059604645,0.1792382001876831,0.1989906132221222,-0.001355291809886694,-0.009543483145534992,0,2000,strong30k,0,0,42,0.0,0.4,walk
1933,38.660000000000004,0.0,0.4000000059604645,0.17741477489471436,0.20099897682666779,-0.02339472621679306,0.053184784948825836,0,2000,strong30k,0,0,42,0.0,0.4,walk
1934,38.68,0.0,0.4000000059604645,0.1754835844039917,0.20039129257202148,-0.04644147679209709,0.0419631265103817,0,2000,strong30k,0,0,42,0.0,0.4,walk
1935,38.7,0.0,0.4000000059604645,0.17374873161315918,0.1989353746175766,-0.066706582903862,0.00014183588791638613,0,2000,strong30k,0,0,42,0.0,0.4,walk
1936,38.72,0.0,0.4000000059604645,0.1723562479019165,0.19272857904434204,-0.0797966942191124,-0.0625663474202156,0,2000,strong30k,0,0,42,0.0,0.4,walk
1937,38.74,0.0,0.4000000059604645,0.17220115661621094,0.15762116014957428,-0.05486388877034187,-0.5257070064544678,0,2000,strong30k,0,0,42,0.0,0.4,walk
1938,38.76,0.0,0.4000000059604645,0.17174243927001953,0.1310681402683258,-0.020128166303038597,0.09850699454545975,0,2000,strong30k,0,0,42,0.0,0.4,walk
1939,38.78,0.0,0.4000000059604645,0.16723191738128662,0.10756413638591766,0.0015644719824194908,0.31009936332702637,0,2000,strong30k,0,0,42,0.0,0.4,walk
1940,38.800000000000004,0.0,0.4000000059604645,0.1621321439743042,0.09508316218852997,0.01865290477871895,0.2963690161705017,0,2000,strong30k,0,0,42,0.0,0.4,walk
1941,38.82,0.0,0.4000000059604645,0.15765488147735596,0.08731231838464737,0.03541930392384529,0.22060434520244598,0,2000,strong30k,0,0,42,0.0,0.4,walk
1942,38.84,0.0,0.4000000059604645,0.15392351150512695,0.09059571474790573,0.05623675137758255,0.18161937594413757,0,2000,strong30k,0,0,42,0.0,0.4,walk
1943,38.86,0.0,0.4000000059604645,0.15137851238250732,0.10608019679784775,0.07482074201107025,0.083974689245224,0,2000,strong30k,0,0,42,0.0,0.4,walk
1944,38.88,0.0,0.4000000059604645,0.1500720977783203,0.1271689236164093,0.09383533149957657,0.03374719247221947,0,2000,strong30k,0,0,42,0.0,0.4,walk
1945,38.9,0.0,0.4000000059604645,0.1495124101638794,0.1483583152294159,0.11242402344942093,0.0057975901290774345,0,2000,strong30k,0,0,42,0.0,0.4,walk
1946,38.92,0.0,0.4000000059604645,0.14950907230377197,0.16131693124771118,0.13369926810264587,-0.028988869860768318,0,2000,strong30k,0,0,42,0.0,0.4,walk
1947,38.94,0.0,0.4000000059604645,0.14968109130859375,0.18190371990203857,0.15292471647262573,0.016101565212011337,0,2000,strong30k,0,0,42,0.0,0.4,walk
1948,38.96,0.0,0.4000000059604645,0.14995503425598145,0.19756896793842316,0.1735885739326477,0.0273323692381382,0,2000,strong30k,0,0,42,0.0,0.4,walk
1949,38.980000000000004,0.0,0.4000000059604645,0.1502518653869629,0.21128064393997192,0.19900527596473694,0.058137085288763046,0,2000,strong30k,0,0,42,0.0,0.4,walk
1950,39.0,0.0,0.4000000059604645,0.15049338340759277,0.22266073524951935,0.2282620072364807,0.08828817307949066,0,2000,strong30k,0,0,42,0.0,0.4,walk
1951,39.02,0.0,0.4000000059604645,0.15080296993255615,0.2316540628671646,0.26055973768234253,0.10264566540718079,0,2000,strong30k,0,0,42,0.0,0.4,walk
1952,39.04,0.0,0.4000000059604645,0.1512662172317505,0.23531588912010193,0.2979891300201416,0.08947638422250748,0,2000,strong30k,0,0,42,0.0,0.4,walk
1953,39.06,0.0,0.4000000059604645,0.15197527408599854,0.23537683486938477,0.33886438608169556,0.07421118021011353,0,2000,strong30k,0,0,42,0.0,0.4,walk
1954,39.08,0.0,0.4000000059604645,0.15280067920684814,0.23377354443073273,0.3830348253250122,0.0713561475276947,0,2000,strong30k,0,0,42,0.0,0.4,walk
1955,39.1,0.0,0.4000000059604645,0.15303850173950195,0.23093709349632263,0.4299113154411316,0.13994188606739044,0,2000,strong30k,0,0,42,0.0,0.4,walk
1956,39.12,0.0,0.4000000059604645,0.15257668495178223,0.2270318567752838,0.4755227267742157,0.19703234732151031,0,2000,strong30k,0,0,42,0.0,0.4,walk
1957,39.14,0.0,0.4000000059604645,0.15217328071594238,0.21516232192516327,0.5056771636009216,0.2249043732881546,0,2000,strong30k,0,0,42,0.0,0.4,walk
1958,39.160000000000004,0.0,0.4000000059604645,0.15127325057983398,0.16932182013988495,0.42289525270462036,0.07694651186466217,0,2000,strong30k,0,0,42,0.0,0.4,walk
1959,39.18,0.0,0.4000000059604645,0.1539311408996582,0.1448581963777542,0.36298489570617676,-0.17380297183990479,0,2000,strong30k,0,0,42,0.0,0.4,walk
1960,39.2,0.0,0.4000000059604645,0.15723204612731934,0.12047983705997467,0.3245255649089813,-0.10833161324262619,0,2000,strong30k,0,0,42,0.0,0.4,walk
1961,39.22,0.0,0.4000000059604645,0.1594327688217163,0.11035802960395813,0.2918981611728668,-0.01565186120569706,0,2000,strong30k,0,0,42,0.0,0.4,walk
1962,39.24,0.0,0.4000000059604645,0.1604595184326172,0.10313025116920471,0.2613341510295868,0.0890364795923233,0,2000,strong30k,0,0,42,0.0,0.4,walk
1963,39.26,0.0,0.4000000059604645,0.1614605188369751,0.09954504668712616,0.22474132478237152,0.010480023920536041,0,2000,strong30k,0,0,42,0.0,0.4,walk
1964,39.28,0.0,0.4000000059604645,0.16285288333892822,0.10278981178998947,0.19816473126411438,-0.03964605927467346,0,2000,strong30k,0,0,42,0.0,0.4,walk
1965,39.300000000000004,0.0,0.4000000059604645,0.1647331714630127,0.10091820359230042,0.17379041016101837,-0.08716455101966858,0,2000,strong30k,0,0,42,0.0,0.4,walk
1966,39.32,0.0,0.4000000059604645,0.16564929485321045,0.1067124456167221,0.15501077473163605,0.024931322783231735,0,2000,strong30k,0,0,42,0.0,0.4,walk
1967,39.34,0.0,0.4000000059604645,0.16602885723114014,0.11347953230142593,0.1326930671930313,0.01821763813495636,0,2000,strong30k,0,0,42,0.0,0.4,walk
1968,39.36,0.0,0.4000000059604645,0.1661984920501709,0.12295246124267578,0.11394800245761871,0.007935554720461369,0,2000,strong30k,0,0,42,0.0,0.4,walk
1969,39.38,0.0,0.4000000059604645,0.16615748405456543,0.13848592340946198,0.09865684062242508,-0.014108655974268913,0,2000,strong30k,0,0,42,0.0,0.4,walk
1970,39.4,0.0,0.4000000059604645,0.16602230072021484,0.1547887623310089,0.08363189548254013,-0.03621639683842659,0,2000,strong30k,0,0,42,0.0,0.4,walk
1971,39.42,0.0,0.4000000059604645,0.16581714153289795,0.17045581340789795,0.06762285530567169,-0.06518234312534332,0,2000,strong30k,0,0,42,0.0,0.4,walk
1972,39.44,0.0,0.4000000059604645,0.1655024290084839,0.18309134244918823,0.05068115517497063,-0.080547034740448,0,2000,strong30k,0,0,42,0.0,0.4,walk
1973,39.46,0.0,0.4000000059604645,0.1650785207748413,0.1899934858083725,0.031658027321100235,-0.08242950588464737,0,2000,strong30k,0,0,42,0.0,0.4,walk
1974,39.480000000000004,0.0,0.4000000059604645,0.16441571712493896,0.19253306090831757,0.01130843348801136,-0.06384924054145813,0,2000,strong30k,0,0,42,0.0,0.4,walk
1975,39.5,0.0,0.4000000059604645,0.1630793809890747,0.19445087015628815,-0.009374082088470459,0.006077981553971767,0,2000,strong30k,0,0,42,0.0,0.4,walk
1976,39.52,0.0,0.4000000059604645,0.16135084629058838,0.19472353160381317,-0.03169967234134674,0.03019808419048786,0,2000,strong30k,0,0,42,0.0,0.4,walk
1977,39.54,0.0,0.4000000059604645,0.15965235233306885,0.19308845698833466,-0.05333695560693741,0.011942698620259762,0,2000,strong30k,0,0,42,0.0,0.4,walk
1978,39.56,0.0,0.4000000059604645,0.15814244747161865,0.1889120191335678,-0.07138893008232117,-0.04120811074972153,0,2000,strong30k,0,0,42,0.0,0.4,walk
1979,39.58,0.0,0.4000000059604645,0.15724647045135498,0.17945900559425354,-0.0788271501660347,-0.1285322606563568,0,2000,strong30k,0,0,42,0.0,0.4,walk
1980,39.6,0.0,0.4000000059604645,0.15831375122070312,0.1423811912536621,-0.03192218020558357,-0.07364600896835327,0,2000,strong30k,0,0,42,0.0,0.4,walk
1981,39.62,0.0,0.4000000059604645,0.1554509401321411,0.11515819281339645,-0.007827645167708397,0.16459466516971588,0,2000,strong30k,0,0,42,0.0,0.4,walk
1982,39.64,0.0,0.4000000059604645,0.15163612365722656,0.09674239903688431,0.009498958475887775,0.16613416373729706,0,2000,strong30k,0,0,42,0.0,0.4,walk
1983,39.660000000000004,0.0,0.4000000059604645,0.14819037914276123,0.08755914866924286,0.026928624138236046,0.13588306307792664,0,2000,strong30k,0,0,42,0.0,0.4,walk
1984,39.68,0.0,0.4000000059604645,0.14523553848266602,0.08772790431976318,0.04557628184556961,0.11600016057491302,0,2000,strong30k,0,0,42,0.0,0.4,walk
1985,39.7,0.0,0.4000000059604645,0.14259040355682373,0.0955095887184143,0.06590036302804947,0.1080661416053772,0,2000,strong30k,0,0,42,0.0,0.4,walk
1986,39.72,0.0,0.4000000059604645,0.14076364040374756,0.11076469719409943,0.0860690027475357,0.055421873927116394,0,2000,strong30k,0,0,42,0.0,0.4,walk
1987,39.74,0.0,0.4000000059604645,0.1396334171295166,0.12966297566890717,0.10520977526903152,0.04425967112183571,0,2000,strong30k,0,0,42,0.0,0.4,walk
1988,39.76,0.0,0.4000000059604645,0.1389549970626831,0.14980453252792358,0.12414930015802383,0.04070284217596054,0,2000,strong30k,0,0,42,0.0,0.4,walk
1989,39.78,0.0,0.4000000059604645,0.13857555389404297,0.16574811935424805,0.14336732029914856,0.040703389793634415,0,2000,strong30k,0,0,42,0.0,0.4,walk
1990,39.800000000000004,0.0,0.4000000059604645,0.13848483562469482,0.18288369476795197,0.16388513147830963,0.045844804495573044,0,2000,strong30k,0,0,42,0.0,0.4,walk
1991,39.82,0.0,0.4000000059604645,0.1384955644607544,0.1992570012807846,0.1880960613489151,0.06626765429973602,0,2000,strong30k,0,0,42,0.0,0.4,walk
1992,39.84,0.0,0.4000000059604645,0.13848841190338135,0.2143821269273758,0.21582944691181183,0.09804170578718185,0,2000,strong30k,0,0,42,0.0,0.4,walk
1993,39.86,0.0,0.4000000059604645,0.13850295543670654,0.22727975249290466,0.2464694231748581,0.11379454284906387,0,2000,strong30k,0,0,42,0.0,0.4,walk
1994,39.88,0.0,0.4000000059604645,0.1387115716934204,0.2362385243177414,0.28103959560394287,0.10370375216007233,0,2000,strong30k,0,0,42,0.0,0.4,walk
1995,39.9,0.0,0.4000000059604645,0.13925516605377197,0.24031803011894226,0.31962019205093384,0.07629436999559402,0,2000,strong30k,0,0,42,0.0,0.4,walk
1996,39.92,0.0,0.4000000059604645,0.14016973972320557,0.2425273209810257,0.361158162355423,0.05564232915639877,0,2000,strong30k,0,0,42,0.0,0.4,walk
1997,39.94,0.0,0.4000000059604645,0.1408979892730713,0.24152341485023499,0.40670937299728394,0.08447558432817459,0,2000,strong30k,0,0,42,0.0,0.4,walk
1998,39.96,0.0,0.4000000059604645,0.14084899425506592,0.23942364752292633,0.4530654847621918,0.17063625156879425,0,2000,strong30k,0,0,42,0.0,0.4,walk
1999,39.980000000000004,0.0,0.4000000059604645,-0.6244072914123535,0.3333177864551544,0.3659699559211731,0.26277390122413635,0,2000,strong30k,0,0,42,0.0,0.4,walk
