step,time_s,vx_cmd,vy_cmd,yaw_cmd,vx_actual,vy_actual,yaw_actual,fell,episode_steps,policy,delay_steps,delay_ms,seed,lin_vel_x,lin_vel_y,task
0,0.0,1.0,0.0,-1.029843807220459,0.2352195531129837,-0.4236326515674591,-0.5528627634048462,0,2000,strong30k,4,80,42,1.0,0.0,walk
1,0.02,1.0,0.0,-1.023942470550537,0.17722196877002716,-0.4323995113372803,-0.49084973335266113,0,2000,strong30k,4,80,42,1.0,0.0,walk
2,0.04,1.0,0.0,-1.019819736480713,0.14614160358905792,-0.4367612898349762,-0.3763413429260254,0,2000,strong30k,4,80,42,1.0,0.0,walk
3,0.06,1.0,0.0,-1.0149420499801636,0.10748413950204849,-0.3993462324142456,-0.6003719568252563,0,2000,strong30k,4,80,42,1.0,0.0,walk
4,0.08,1.0,0.0,-1.0087382793426514,0.05529138445854187,-0.3742169141769409,-0.5571954250335693,0,2000,strong30k,4,80,42,1.0,0.0,walk
5,0.1,1.0,0.0,-1.0085655450820923,0.06000563129782677,-0.31565946340560913,0.35399317741394043,0,2000,strong30k,4,80,42,1.0,0.0,walk
6,0.12,1.0,0.0,-1.0108246803283691,0.03698470816016197,-0.31813374161720276,0.2330792248249054,0,2000,strong30k,4,80,42,1.0,0.0,walk
7,0.14,1.0,0.0,-1.0115596055984497,0.006129607558250427,-0.37000590562820435,0.22487479448318481,0,2000,strong30k,4,80,42,1.0,0.0,walk
8,0.16,1.0,0.0,-1.0107479095458984,0.05719427764415741,-0.4092428684234619,-0.0004427097737789154,0,2000,strong30k,4,80,42,1.0,0.0,walk
9,0.18,1.0,0.0,-1.0044878721237183,0.0894930362701416,-0.4492645561695099,-0.4829978942871094,0,2000,strong30k,4,80,42,1.0,0.0,walk
10,0.2,1.0,0.0,-0.9969851970672607,0.1613505482673645,-0.48812007904052734,-0.4726860523223877,0,2000,strong30k,4,80,42,1.0,0.0,walk
11,0.22,1.0,0.0,-0.9939830303192139,0.26007166504859924,-0.5076525211334229,-0.019776590168476105,0,2000,strong30k,4,80,42,1.0,0.0,walk
12,0.24,1.0,0.0,-0.992889404296875,0.33481013774871826,-0.5324414968490601,-0.12906084954738617,0,2000,strong30k,4,80,42,1.0,0.0,walk
13,0.26,1.0,0.0,-0.9899682998657227,0.38443470001220703,-0.5543819069862366,-0.3589330315589905,0,2000,strong30k,4,80,42,1.0,0.0,walk
14,0.28,1.0,0.0,-0.9862468242645264,0.4027916491031647,-0.5679735541343689,-0.37110352516174316,0,2000,strong30k,4,80,42,1.0,0.0,walk
15,0.3,1.0,0.0,-0.9830490946769714,0.42757123708724976,-0.5914648771286011,-0.23909777402877808,0,2000,strong30k,4,80,42,1.0,0.0,walk
16,0.32,1.0,0.0,-0.9800983667373657,0.46816888451576233,-0.6169025301933289,-0.3481748104095459,0,2000,strong30k,4,80,42,1.0,0.0,walk
17,0.34,1.0,0.0,-0.97678142786026,0.5032491087913513,-0.6472682356834412,-0.48662248253822327,0,2000,strong30k,4,80,42,1.0,0.0,walk
18,0.36,1.0,0.0,-0.9721144437789917,0.549671471118927,-0.6864188313484192,-0.644345760345459,0,2000,strong30k,4,80,42,1.0,0.0,walk
19,0.38,1.0,0.0,-0.967079758644104,0.6087703704833984,-0.7202765941619873,-0.7789885401725769,0,2000,strong30k,4,80,42,1.0,0.0,walk
20,0.4,1.0,0.0,-0.9615232348442078,0.6532078385353088,-0.7675737142562866,-0.8620694875717163,0,2000,strong30k,4,80,42,1.0,0.0,walk
21,0.42,1.0,0.0,-0.9533783197402954,0.6417722702026367,-0.8036646246910095,-1.351717472076416,0,2000,strong30k,4,80,42,1.0,0.0,walk
22,0.44,1.0,0.0,-0.946992039680481,0.5972862839698792,-0.6510401368141174,-0.10038889199495316,0,2000,strong30k,4,80,42,1.0,0.0,walk
23,0.46,1.0,0.0,-0.948899507522583,0.5546599626541138,-0.5345251560211182,0.28182682394981384,0,2000,strong30k,4,80,42,1.0,0.0,walk
24,0.48,1.0,0.0,-0.9506497383117676,0.5424718260765076,-0.4569626748561859,-0.07215428352355957,0,2000,strong30k,4,80,42,1.0,0.0,walk
25,0.5,1.0,0.0,-0.9479804635047913,0.5514100790023804,-0.40883463621139526,-0.7005886435508728,0,2000,strong30k,4,80,42,1.0,0.0,walk
26,0.52,1.0,0.0,-0.9399470090866089,0.5742976665496826,-0.38174331188201904,-1.357734203338623,0,2000,strong30k,4,80,42,1.0,0.0,walk
27,0.54,1.0,0.0,-0.9294443130493164,0.5913264751434326,-0.34769684076309204,-1.2879184484481812,0,2000,strong30k,4,80,42,1.0,0.0,walk
28,0.56,1.0,0.0,-0.9221993088722229,0.6063598394393921,-0.31301963329315186,-0.7161314487457275,0,2000,strong30k,4,80,42,1.0,0.0,walk
29,0.58,1.0,0.0,-0.9205855131149292,0.5978291034698486,-0.2884569764137268,-0.17477820813655853,0,2000,strong30k,4,80,42,1.0,0.0,walk
30,0.6,1.0,0.0,-0.9236508011817932,0.5761795043945312,-0.26982054114341736,0.19858621060848236,0,2000,strong30k,4,80,42,1.0,0.0,walk
31,0.62,1.0,0.0,-0.9285399913787842,0.5522972941398621,-0.2534281015396118,0.23939624428749084,0,2000,strong30k,4,80,42,1.0,0.0,walk
32,0.64,1.0,0.0,-0.9312853217124939,0.5551465153694153,-0.24214282631874084,-0.033385299146175385,0,2000,strong30k,4,80,42,1.0,0.0,walk
33,0.66,1.0,0.0,-0.9306495189666748,0.5663039684295654,-0.22606316208839417,-0.3232737183570862,0,2000,strong30k,4,80,42,1.0,0.0,walk
34,0.68,1.0,0.0,-0.926470160484314,0.5826842188835144,-0.20852912962436676,-0.6433082818984985,0,2000,strong30k,4,80,42,1.0,0.0,walk
35,0.7000000000000001,1.0,0.0,-0.9209360480308533,0.6229328513145447,-0.18815849721431732,-0.5690940022468567,0,2000,strong30k,4,80,42,1.0,0.0,walk
36,0.72,1.0,0.0,-0.9156476855278015,0.6749484539031982,-0.16974471509456635,-0.5078686475753784,0,2000,strong30k,4,80,42,1.0,0.0,walk
37,0.74,1.0,0.0,-0.9113781452178955,0.7349686622619629,-0.1521839201450348,-0.315934419631958,0,2000,strong30k,4,80,42,1.0,0.0,walk
38,0.76,1.0,0.0,-0.9087617993354797,0.7954677939414978,-0.13493119180202484,-0.13552120327949524,0,2000,strong30k,4,80,42,1.0,0.0,walk
39,0.78,1.0,0.0,-0.9071118831634521,0.8558115363121033,-0.12118697166442871,-0.03912288695573807,0,2000,strong30k,4,80,42,1.0,0.0,walk
40,0.8,1.0,0.0,-0.9058789014816284,0.915847897529602,-0.10888471454381943,0.03130514547228813,0,2000,strong30k,4,80,42,1.0,0.0,walk
41,0.8200000000000001,1.0,0.0,-0.9047617316246033,0.9720269441604614,-0.09099656343460083,0.007625804282724857,0,2000,strong30k,4,80,42,1.0,0.0,walk
42,0.84,1.0,0.0,-0.9036078453063965,1.0264744758605957,-0.06727883964776993,-0.06491556763648987,0,2000,strong30k,4,80,42,1.0,0.0,walk
43,0.86,1.0,0.0,-0.9016153216362,1.0759559869766235,-0.04367436096072197,-0.226382777094841,0,2000,strong30k,4,80,42,1.0,0.0,walk
44,0.88,1.0,0.0,-0.9010292291641235,0.9985076189041138,-0.10025808960199356,0.5803092122077942,0,2000,strong30k,4,80,42,1.0,0.0,walk
45,0.9,1.0,0.0,-0.9003369808197021,0.8838449120521545,-0.16932491958141327,-0.3693661391735077,0,2000,strong30k,4,80,42,1.0,0.0,walk
46,0.92,1.0,0.0,-0.8947681784629822,0.7791491150856018,-0.22143949568271637,-0.37734946608543396,0,2000,strong30k,4,80,42,1.0,0.0,walk
47,0.9400000000000001,1.0,0.0,-0.8900704979896545,0.7031006813049316,-0.2543901205062866,-0.10926667600870132,0,2000,strong30k,4,80,42,1.0,0.0,walk
48,0.96,1.0,0.0,-0.8875216245651245,0.6550607681274414,-0.2824377119541168,0.10943716764450073,0,2000,strong30k,4,80,42,1.0,0.0,walk
49,0.98,1.0,0.0,-0.8859905004501343,0.6313230395317078,-0.3052224814891815,0.11832630634307861,0,2000,strong30k,4,80,42,1.0,0.0,walk
50,1.0,1.0,0.0,-0.8853554725646973,0.6268483996391296,-0.3255713880062103,0.12871326506137848,0,2000,strong30k,4,80,42,1.0,0.0,walk
51,1.02,1.0,0.0,-0.8834389448165894,0.6186222434043884,-0.3490969240665436,-0.11126632243394852,0,2000,strong30k,4,80,42,1.0,0.0,walk
52,1.04,1.0,0.0,-0.8793147802352905,0.611433744430542,-0.3656722903251648,-0.31782183051109314,0,2000,strong30k,4,80,42,1.0,0.0,walk
53,1.06,1.0,0.0,-0.8733245134353638,0.6042819023132324,-0.3836447298526764,-0.5254954099655151,0,2000,strong30k,4,80,42,1.0,0.0,walk
54,1.08,1.0,0.0,-0.866195023059845,0.6099230647087097,-0.39724040031433105,-0.6303814649581909,0,2000,strong30k,4,80,42,1.0,0.0,walk
55,1.1,1.0,0.0,-0.8585482835769653,0.625181257724762,-0.40781599283218384,-0.669575035572052,0,2000,strong30k,4,80,42,1.0,0.0,walk
56,1.12,1.0,0.0,-0.8518177270889282,0.6534411311149597,-0.41839757561683655,-0.542213499546051,0,2000,strong30k,4,80,42,1.0,0.0,walk
57,1.1400000000000001,1.0,0.0,-0.8459268808364868,0.6881229281425476,-0.4346967041492462,-0.5735599994659424,0,2000,strong30k,4,80,42,1.0,0.0,walk
58,1.16,1.0,0.0,-0.8396938443183899,0.7225427627563477,-0.457413911819458,-0.687419056892395,0,2000,strong30k,4,80,42,1.0,0.0,walk
59,1.18,1.0,0.0,-0.8331007957458496,0.7538495659828186,-0.4840608835220337,-0.7398583889007568,0,2000,strong30k,4,80,42,1.0,0.0,walk
60,1.2,1.0,0.0,-0.8272075653076172,0.785663902759552,-0.5124111771583557,-0.6915661096572876,0,2000,strong30k,4,80,42,1.0,0.0,walk
61,1.22,1.0,0.0,-0.8230457305908203,0.8155388832092285,-0.5443693995475769,-0.5898908376693726,0,2000,strong30k,4,80,42,1.0,0.0,walk
62,1.24,1.0,0.0,-0.8191177248954773,0.8333351016044617,-0.5933515429496765,-0.5988132357597351,0,2000,strong30k,4,80,42,1.0,0.0,walk
63,1.26,1.0,0.0,-0.8121084570884705,0.8252211213111877,-0.6344664692878723,-0.7720444202423096,0,2000,strong30k,4,80,42,1.0,0.0,walk
64,1.28,1.0,0.0,-0.8045589923858643,0.7350723147392273,-0.5512539148330688,-0.31971853971481323,0,2000,strong30k,4,80,42,1.0,0.0,walk
65,1.3,1.0,0.0,-0.8031173944473267,0.669304370880127,-0.4489763081073761,0.021628158167004585,0,2000,strong30k,4,80,42,1.0,0.0,walk
66,1.32,1.0,0.0,-0.8015763759613037,0.6376906037330627,-0.3713075816631317,-0.3327767848968506,0,2000,strong30k,4,80,42,1.0,0.0,walk
67,1.34,1.0,0.0,-0.7960249185562134,0.6355265378952026,-0.3140283226966858,-0.889103889465332,0,2000,strong30k,4,80,42,1.0,0.0,walk
68,1.36,1.0,0.0,-0.7855739593505859,0.6571466326713562,-0.2734033763408661,-1.3597030639648438,0,2000,strong30k,4,80,42,1.0,0.0,walk
69,1.3800000000000001,1.0,0.0,-0.7753278017044067,0.6791083216667175,-0.24471309781074524,-1.1167305707931519,0,2000,strong30k,4,80,42,1.0,0.0,walk
70,1.4000000000000001,1.0,0.0,-0.7697018384933472,0.6779842376708984,-0.2183990180492401,-0.5487166047096252,0,2000,strong30k,4,80,42,1.0,0.0,walk
71,1.42,1.0,0.0,-0.7698076963424683,0.6553042531013489,-0.1915055364370346,-0.03711516037583351,0,2000,strong30k,4,80,42,1.0,0.0,walk
72,1.44,1.0,0.0,-0.7726207971572876,0.6251855492591858,-0.17209474742412567,0.12207871675491333,0,2000,strong30k,4,80,42,1.0,0.0,walk
73,1.46,1.0,0.0,-0.7762766480445862,0.5878243446350098,-0.15177804231643677,0.1331821084022522,0,2000,strong30k,4,80,42,1.0,0.0,walk
74,1.48,1.0,0.0,-0.7790286540985107,0.5744563937187195,-0.13463935256004333,0.011591986753046513,0,2000,strong30k,4,80,42,1.0,0.0,walk
75,1.5,1.0,0.0,-0.7790622711181641,0.5759684443473816,-0.12314232438802719,-0.24970245361328125,0,2000,strong30k,4,80,42,1.0,0.0,walk
76,1.52,1.0,0.0,-0.7764575481414795,0.5760087370872498,-0.10922940820455551,-0.4102494716644287,0,2000,strong30k,4,80,42,1.0,0.0,walk
77,1.54,1.0,0.0,-0.7727422118186951,0.5944997072219849,-0.09655445069074631,-0.4187096953392029,0,2000,strong30k,4,80,42,1.0,0.0,walk
78,1.56,1.0,0.0,-0.7697610259056091,0.6219035387039185,-0.08210653811693192,-0.2621716260910034,0,2000,strong30k,4,80,42,1.0,0.0,walk
79,1.58,1.0,0.0,-0.7677634358406067,0.6610210537910461,-0.07304327934980392,-0.15299229323863983,0,2000,strong30k,4,80,42,1.0,0.0,walk
80,1.6,1.0,0.0,-0.7662546634674072,0.7020487189292908,-0.0662485733628273,-0.09934476763010025,0,2000,strong30k,4,80,42,1.0,0.0,walk
81,1.62,1.0,0.0,-0.7644774913787842,0.7420502305030823,-0.0604916550219059,-0.1266956627368927,0,2000,strong30k,4,80,42,1.0,0.0,walk
82,1.6400000000000001,1.0,0.0,-0.7623484134674072,0.7843136191368103,-0.05249930918216705,-0.11633884906768799,0,2000,strong30k,4,80,42,1.0,0.0,walk
83,1.6600000000000001,1.0,0.0,-0.7601749897003174,0.827785074710846,-0.04298779368400574,-0.08161914348602295,0,2000,strong30k,4,80,42,1.0,0.0,walk
84,1.68,1.0,0.0,-0.7580212354660034,0.8713279366493225,-0.030163755640387535,-0.048567596822977066,0,2000,strong30k,4,80,42,1.0,0.0,walk
85,1.7,1.0,0.0,-0.7566599249839783,0.9111444354057312,-0.012467839755117893,0.02281859517097473,0,2000,strong30k,4,80,42,1.0,0.0,walk
86,1.72,1.0,0.0,-0.7562848329544067,0.9458180069923401,0.005161324981600046,0.04665466025471687,0,2000,strong30k,4,80,42,1.0,0.0,walk
87,1.74,1.0,0.0,-0.7557712197303772,0.9721950888633728,0.019304245710372925,-0.0522516705095768,0,2000,strong30k,4,80,42,1.0,0.0,walk
88,1.76,1.0,0.0,-0.7543342113494873,0.9154812693595886,0.01472174096852541,0.4954003393650055,0,2000,strong30k,4,80,42,1.0,0.0,walk
89,1.78,1.0,0.0,-0.7531906962394714,0.8355457782745361,-0.03923304006457329,-0.3619970679283142,0,2000,strong30k,4,80,42,1.0,0.0,walk
90,1.8,1.0,0.0,-0.7454113364219666,0.7557985186576843,-0.07464992254972458,-0.708599865436554,0,2000,strong30k,4,80,42,1.0,0.0,walk
91,1.82,1.0,0.0,-0.7353190779685974,0.7044463157653809,-0.09814351797103882,-0.7000730037689209,0,2000,strong30k,4,80,42,1.0,0.0,walk
92,1.84,1.0,0.0,-0.7269126176834106,0.6914119124412537,-0.11200391501188278,-0.43735796213150024,0,2000,strong30k,4,80,42,1.0,0.0,walk
93,1.86,1.0,0.0,-0.7225667834281921,0.6982419490814209,-0.11768553406000137,-0.029346734285354614,0,2000,strong30k,4,80,42,1.0,0.0,walk
94,1.8800000000000001,1.0,0.0,-0.7219699621200562,0.7124307155609131,-0.12881390750408173,0.19136250019073486,0,2000,strong30k,4,80,42,1.0,0.0,walk
95,1.9000000000000001,1.0,0.0,-0.7211514115333557,0.7182188034057617,-0.14901356399059296,-0.009931342676281929,0,2000,strong30k,4,80,42,1.0,0.0,walk
96,1.92,1.0,0.0,-0.7185666561126709,0.7244061231613159,-0.1650620996952057,-0.21435147523880005,0,2000,strong30k,4,80,42,1.0,0.0,walk
97,1.94,1.0,0.0,-0.7143459320068359,0.7302849292755127,-0.17953023314476013,-0.4059561491012573,0,2000,strong30k,4,80,42,1.0,0.0,walk
98,1.96,1.0,0.0,-0.708844780921936,0.7412562370300293,-0.18806973099708557,-0.5520443320274353,0,2000,strong30k,4,80,42,1.0,0.0,walk
99,1.98,1.0,0.0,-0.7022290229797363,0.7565698027610779,-0.19975894689559937,-0.6511049866676331,0,2000,strong30k,4,80,42,1.0,0.0,walk
100,2.0,1.0,0.0,-0.6959997415542603,0.7800256013870239,-0.21165691316127777,-0.5712987184524536,0,2000,strong30k,4,80,42,1.0,0.0,walk
101,2.02,1.0,0.0,-0.6902297139167786,0.816173255443573,-0.22931784391403198,-0.617661714553833,0,2000,strong30k,4,80,42,1.0,0.0,walk
102,2.04,1.0,0.0,-0.6837874054908752,0.8556777834892273,-0.25268736481666565,-0.728492259979248,0,2000,strong30k,4,80,42,1.0,0.0,walk
103,2.06,1.0,0.0,-0.6776140332221985,0.8977717757225037,-0.27095022797584534,-0.7065075635910034,0,2000,strong30k,4,80,42,1.0,0.0,walk
104,2.08,1.0,0.0,-0.6728292107582092,0.9412171840667725,-0.2928220331668854,-0.615014910697937,0,2000,strong30k,4,80,42,1.0,0.0,walk
105,2.1,1.0,0.0,-0.669148862361908,0.974767804145813,-0.3247571587562561,-0.509901762008667,0,2000,strong30k,4,80,42,1.0,0.0,walk
106,2.12,1.0,0.0,-0.6646258234977722,0.9957466125488281,-0.36057525873184204,-0.5186269879341125,0,2000,strong30k,4,80,42,1.0,0.0,walk
107,2.14,1.0,0.0,-0.6596971154212952,1.0026699304580688,-0.3860144019126892,-0.45009246468544006,0,2000,strong30k,4,80,42,1.0,0.0,walk
108,2.16,1.0,0.0,-0.6541465520858765,0.9144579172134399,-0.32952404022216797,-0.42523452639579773,0,2000,strong30k,4,80,42,1.0,0.0,walk
109,2.18,1.0,0.0,-0.6524526476860046,0.8294111490249634,-0.249042347073555,-0.010169192217290401,0,2000,strong30k,4,80,42,1.0,0.0,walk
110,2.2,1.0,0.0,-0.6518276333808899,0.7727578282356262,-0.18517914414405823,-0.27529680728912354,0,2000,strong30k,4,80,42,1.0,0.0,walk
111,2.22,1.0,0.0,-0.6482977271080017,0.7462471127510071,-0.1379229575395584,-0.7606804966926575,0,2000,strong30k,4,80,42,1.0,0.0,walk
112,2.24,1.0,0.0,-0.6400228142738342,0.7485883235931396,-0.09394937753677368,-1.2205699682235718,0,2000,strong30k,4,80,42,1.0,0.0,walk
113,2.2600000000000002,1.0,0.0,-0.6301611065864563,0.7604098320007324,-0.06713861227035522,-1.2305442094802856,0,2000,strong30k,4,80,42,1.0,0.0,walk
114,2.2800000000000002,1.0,0.0,-0.6212673187255859,0.7571736574172974,-0.04234439507126808,-1.0157321691513062,0,2000,strong30k,4,80,42,1.0,0.0,walk
115,2.3000000000000003,1.0,0.0,-0.6156135201454163,0.7332228422164917,-0.012268435209989548,-0.6234303116798401,0,2000,strong30k,4,80,42,1.0,0.0,walk
116,2.32,1.0,0.0,-0.613244891166687,0.7025213241577148,0.01722107268869877,-0.2895720601081848,0,2000,strong30k,4,80,42,1.0,0.0,walk
117,2.34,1.0,0.0,-0.6138924956321716,0.6752539873123169,0.0413498617708683,-0.02263980731368065,0,2000,strong30k,4,80,42,1.0,0.0,walk
118,2.36,1.0,0.0,-0.6160922050476074,0.671115517616272,0.056383166462183,0.06297550350427628,0,2000,strong30k,4,80,42,1.0,0.0,walk
119,2.38,1.0,0.0,-0.6170220971107483,0.6824921369552612,0.06466568261384964,-0.10183756798505783,0,2000,strong30k,4,80,42,1.0,0.0,walk
120,2.4,1.0,0.0,-0.6161867380142212,0.6938937306404114,0.07698672264814377,-0.1836906522512436,0,2000,strong30k,4,80,42,1.0,0.0,walk
121,2.42,1.0,0.0,-0.6148124933242798,0.722795307636261,0.09241282939910889,-0.16328972578048706,0,2000,strong30k,4,80,42,1.0,0.0,walk
122,2.44,1.0,0.0,-0.6143268346786499,0.7598587274551392,0.1140953078866005,0.003105169627815485,0,2000,strong30k,4,80,42,1.0,0.0,walk
123,2.46,1.0,0.0,-0.6143871545791626,0.8022581934928894,0.13253071904182434,0.034146662801504135,0,2000,strong30k,4,80,42,1.0,0.0,walk
124,2.48,1.0,0.0,-0.614189863204956,0.8457365036010742,0.14991812407970428,0.021203000098466873,0,2000,strong30k,4,80,42,1.0,0.0,walk
125,2.5,1.0,0.0,-0.6127855181694031,0.886580228805542,0.16669730842113495,-0.08557388931512833,0,2000,strong30k,4,80,42,1.0,0.0,walk
126,2.52,1.0,0.0,-0.6098784804344177,0.9262542724609375,0.18729780614376068,-0.16543516516685486,0,2000,strong30k,4,80,42,1.0,0.0,walk
127,2.54,1.0,0.0,-0.6059855222702026,0.9595443606376648,0.21568068861961365,-0.21877554059028625,0,2000,strong30k,4,80,42,1.0,0.0,walk
128,2.56,1.0,0.0,-0.6028308868408203,0.9853140711784363,0.2538789212703705,-0.15187829732894897,0,2000,strong30k,4,80,42,1.0,0.0,walk
129,2.58,1.0,0.0,-0.6009985208511353,1.0070958137512207,0.28967586159706116,-0.09905174374580383,0,2000,strong30k,4,80,42,1.0,0.0,walk
130,2.6,1.0,0.0,-0.599947988986969,1.0239824056625366,0.31815341114997864,-0.023940950632095337,0,2000,strong30k,4,80,42,1.0,0.0,walk
131,2.62,1.0,0.0,-0.6019401550292969,0.9065898656845093,0.23540127277374268,-0.11951076984405518,0,2000,strong30k,4,80,42,1.0,0.0,walk
132,2.64,1.0,0.0,-0.5971471667289734,0.8209928870201111,0.16235902905464172,-0.4681713581085205,0,2000,strong30k,4,80,42,1.0,0.0,walk
133,2.66,1.0,0.0,-0.5902343988418579,0.7475367188453674,0.10569831728935242,-0.3841252028942108,0,2000,strong30k,4,80,42,1.0,0.0,walk
134,2.68,1.0,0.0,-0.5848537087440491,0.7129302620887756,0.061987344175577164,-0.1661139279603958,0,2000,strong30k,4,80,42,1.0,0.0,walk
135,2.7,1.0,0.0,-0.5823093056678772,0.7130382061004639,0.03362778201699257,0.0860275849699974,0,2000,strong30k,4,80,42,1.0,0.0,walk
136,2.72,1.0,0.0,-0.5822774767875671,0.7134340405464172,0.012776878662407398,0.26159363985061646,0,2000,strong30k,4,80,42,1.0,0.0,walk
137,2.74,1.0,0.0,-0.5823156237602234,0.7077489495277405,-0.012545435689389706,0.09032806009054184,0,2000,strong30k,4,80,42,1.0,0.0,walk
138,2.7600000000000002,1.0,0.0,-0.5799468755722046,0.7041939496994019,-0.03386376053094864,-0.22796441614627838,0,2000,strong30k,4,80,42,1.0,0.0,walk
139,2.7800000000000002,1.0,0.0,-0.5758376121520996,0.7022050619125366,-0.04895078018307686,-0.3589949309825897,0,2000,strong30k,4,80,42,1.0,0.0,walk
140,2.8000000000000003,1.0,0.0,-0.5700794458389282,0.7005161643028259,-0.06601351499557495,-0.5671724081039429,0,2000,strong30k,4,80,42,1.0,0.0,walk
141,2.82,1.0,0.0,-0.5632988214492798,0.7125339508056641,-0.07140984386205673,-0.6608150601387024,0,2000,strong30k,4,80,42,1.0,0.0,walk
142,2.84,1.0,0.0,-0.5564843416213989,0.7316860556602478,-0.07939182221889496,-0.6323707103729248,0,2000,strong30k,4,80,42,1.0,0.0,walk
143,2.86,1.0,0.0,-0.550464391708374,0.7565640807151794,-0.09240127354860306,-0.5352593660354614,0,2000,strong30k,4,80,42,1.0,0.0,walk
144,2.88,1.0,0.0,-0.5455687046051025,0.7965456247329712,-0.1063520759344101,-0.48883184790611267,0,2000,strong30k,4,80,42,1.0,0.0,walk
145,2.9,1.0,0.0,-0.5409377813339233,0.8354700207710266,-0.12684550881385803,-0.5282273292541504,0,2000,strong30k,4,80,42,1.0,0.0,walk
146,2.92,1.0,0.0,-0.5369495153427124,0.8768308758735657,-0.14401711523532867,-0.505228579044342,0,2000,strong30k,4,80,42,1.0,0.0,walk
147,2.94,1.0,0.0,-0.533932089805603,0.9171390533447266,-0.1662117838859558,-0.4677109718322754,0,2000,strong30k,4,80,42,1.0,0.0,walk
148,2.96,1.0,0.0,-0.5311342477798462,0.9491699934005737,-0.19574852287769318,-0.4499400854110718,0,2000,strong30k,4,80,42,1.0,0.0,walk
149,2.98,1.0,0.0,-0.5267400741577148,0.9703198075294495,-0.22865229845046997,-0.5271399617195129,0,2000,strong30k,4,80,42,1.0,0.0,walk
150,3.0,1.0,0.0,-0.5215808153152466,0.9830480813980103,-0.25360557436943054,-0.479987233877182,0,2000,strong30k,4,80,42,1.0,0.0,walk
151,3.02,1.0,0.0,-0.5161484479904175,0.9108209609985352,-0.22072620689868927,-0.5505432486534119,0,2000,strong30k,4,80,42,1.0,0.0,walk
152,3.04,1.0,0.0,-0.5138500928878784,0.8340564370155334,-0.15457011759281158,-0.03031739965081215,0,2000,strong30k,4,80,42,1.0,0.0,walk
153,3.06,1.0,0.0,-0.5140477418899536,0.7764725685119629,-0.10151059180498123,-0.15332423150539398,0,2000,strong30k,4,80,42,1.0,0.0,walk
154,3.08,1.0,0.0,-0.5123039484024048,0.7439224123954773,-0.06100296601653099,-0.5662858486175537,0,2000,strong30k,4,80,42,1.0,0.0,walk
155,3.1,1.0,0.0,-0.5063604116439819,0.7350627779960632,-0.02738516591489315,-1.0083339214324951,0,2000,strong30k,4,80,42,1.0,0.0,walk
156,3.12,1.0,0.0,-0.4974013566970825,0.7455356121063232,-0.0026174660306423903,-1.2122949361801147,0,2000,strong30k,4,80,42,1.0,0.0,walk
157,3.14,1.0,0.0,-0.48817145824432373,0.7410604953765869,0.023225294426083565,-1.0724221467971802,0,2000,strong30k,4,80,42,1.0,0.0,walk
158,3.16,1.0,0.0,-0.48114466667175293,0.7231780290603638,0.05253879353404045,-0.763798713684082,0,2000,strong30k,4,80,42,1.0,0.0,walk
159,3.18,1.0,0.0,-0.4774879217147827,0.7011420726776123,0.07913946360349655,-0.37583133578300476,0,2000,strong30k,4,80,42,1.0,0.0,walk
160,3.2,1.0,0.0,-0.47725677490234375,0.6868923902511597,0.10026630014181137,-0.06613641232252121,0,2000,strong30k,4,80,42,1.0,0.0,walk
161,3.22,1.0,0.0,-0.4789334535598755,0.695035994052887,0.11254022270441055,0.07976841926574707,0,2000,strong30k,4,80,42,1.0,0.0,walk
162,3.24,1.0,0.0,-0.48040497303009033,0.7143304347991943,0.11929114162921906,0.03213483840227127,0,2000,strong30k,4,80,42,1.0,0.0,walk
163,3.2600000000000002,1.0,0.0,-0.4811497926712036,0.7364339232444763,0.12942983210086823,0.021328184753656387,0,2000,strong30k,4,80,42,1.0,0.0,walk
164,3.2800000000000002,1.0,0.0,-0.4818481206893921,0.7639046311378479,0.14621244370937347,0.04062146693468094,0,2000,strong30k,4,80,42,1.0,0.0,walk
165,3.3000000000000003,1.0,0.0,-0.4826456308364868,0.8006455898284912,0.16666851937770844,0.08671940863132477,0,2000,strong30k,4,80,42,1.0,0.0,walk
166,3.3200000000000003,1.0,0.0,-0.48337113857269287,0.8441511988639832,0.18419316411018372,0.09848719835281372,0,2000,strong30k,4,80,42,1.0,0.0,walk
167,3.34,1.0,0.0,-0.4834078550338745,0.8882586359977722,0.20055966079235077,0.031981322914361954,0,2000,strong30k,4,80,42,1.0,0.0,walk
168,3.36,1.0,0.0,-0.4819270372390747,0.9310659170150757,0.2181330770254135,-0.07244330644607544,0,2000,strong30k,4,80,42,1.0,0.0,walk
169,3.38,1.0,0.0,-0.4788171052932739,0.9676949977874756,0.2415449172258377,-0.17404812574386597,0,2000,strong30k,4,80,42,1.0,0.0,walk
170,3.4,1.0,0.0,-0.4751478433609009,0.9952073693275452,0.2752383351325989,-0.21119555830955505,0,2000,strong30k,4,80,42,1.0,0.0,walk
171,3.42,1.0,0.0,-0.4723320007324219,1.015061378479004,0.313429057598114,-0.1648237258195877,0,2000,strong30k,4,80,42,1.0,0.0,walk
172,3.44,1.0,0.0,-0.47048377990722656,1.0341955423355103,0.3481398820877075,-0.13210687041282654,0,2000,strong30k,4,80,42,1.0,0.0,walk
173,3.46,1.0,0.0,-0.47142910957336426,0.9442828893661499,0.3021501302719116,0.10729606449604034,0,2000,strong30k,4,80,42,1.0,0.0,walk
174,3.48,1.0,0.0,-0.46833813190460205,0.8545610904693604,0.2202719897031784,-0.45907726883888245,0,2000,strong30k,4,80,42,1.0,0.0,walk
175,3.5,1.0,0.0,-0.46164703369140625,0.768675684928894,0.15465287864208221,-0.42640918493270874,0,2000,strong30k,4,80,42,1.0,0.0,walk
176,3.52,1.0,0.0,-0.4558337926864624,0.7124691605567932,0.103144571185112,-0.1766955554485321,0,2000,strong30k,4,80,42,1.0,0.0,walk
177,3.54,1.0,0.0,-0.453230619430542,0.6961125731468201,0.06484390795230865,0.12835612893104553,0,2000,strong30k,4,80,42,1.0,0.0,walk
178,3.56,1.0,0.0,-0.4535278081893921,0.6951515674591064,0.03994365036487579,0.33953505754470825,0,2000,strong30k,4,80,42,1.0,0.0,walk
179,3.58,1.0,0.0,-0.4550708532333374,0.6966032981872559,0.013440405018627644,0.30511629581451416,0,2000,strong30k,4,80,42,1.0,0.0,walk
180,3.6,1.0,0.0,-0.4550873041152954,0.6952459216117859,-0.011318809352815151,0.04596119001507759,0,2000,strong30k,4,80,42,1.0,0.0,walk
181,3.62,1.0,0.0,-0.4528541564941406,0.6905726790428162,-0.029341304674744606,-0.20812150835990906,0,2000,strong30k,4,80,42,1.0,0.0,walk
182,3.64,1.0,0.0,-0.4483720064163208,0.6867478489875793,-0.045712463557720184,-0.4630005955696106,0,2000,strong30k,4,80,42,1.0,0.0,walk
183,3.66,1.0,0.0,-0.4420968294143677,0.6933737397193909,-0.05317241698503494,-0.6222270131111145,0,2000,strong30k,4,80,42,1.0,0.0,walk
184,3.68,1.0,0.0,-0.4349476099014282,0.7097997069358826,-0.05911589041352272,-0.6780259609222412,0,2000,strong30k,4,80,42,1.0,0.0,walk
185,3.7,1.0,0.0,-0.42867612838745117,0.7350611090660095,-0.06709782779216766,-0.5321547389030457,0,2000,strong30k,4,80,42,1.0,0.0,walk
186,3.72,1.0,0.0,-0.4236963987350464,0.7714406847953796,-0.08108974248170853,-0.4754686951637268,0,2000,strong30k,4,80,42,1.0,0.0,walk
187,3.74,1.0,0.0,-0.41920602321624756,0.8098849654197693,-0.10115943849086761,-0.4808661937713623,0,2000,strong30k,4,80,42,1.0,0.0,walk
188,3.7600000000000002,1.0,0.0,-0.4154919385910034,0.8481574654579163,-0.11937197297811508,-0.4326569437980652,0,2000,strong30k,4,80,42,1.0,0.0,walk
189,3.7800000000000002,1.0,0.0,-0.4131249189376831,0.8886033892631531,-0.13948526978492737,-0.3597802221775055,0,2000,strong30k,4,80,42,1.0,0.0,walk
190,3.8000000000000003,1.0,0.0,-0.41147923469543457,0.9255518317222595,-0.1674056202173233,-0.3566031754016876,0,2000,strong30k,4,80,42,1.0,0.0,walk
191,3.8200000000000003,1.0,0.0,-0.40866005420684814,0.9539282917976379,-0.20222118496894836,-0.45579180121421814,0,2000,strong30k,4,80,42,1.0,0.0,walk
192,3.84,1.0,0.0,-0.40375006198883057,0.973395049571991,-0.234093576669693,-0.5460541844367981,0,2000,strong30k,4,80,42,1.0,0.0,walk
193,3.86,1.0,0.0,-0.398675799369812,0.9811155796051025,-0.25614720582962036,-0.46904993057250977,0,2000,strong30k,4,80,42,1.0,0.0,walk
194,3.88,1.0,0.0,-0.3930274248123169,0.8912236094474792,-0.1968790739774704,-0.37596380710601807,0,2000,strong30k,4,80,42,1.0,0.0,walk
195,3.9,1.0,0.0,-0.39175844192504883,0.8223975896835327,-0.13705521821975708,-0.08407238125801086,0,2000,strong30k,4,80,42,1.0,0.0,walk
196,3.92,1.0,0.0,-0.3914288282394409,0.7767088413238525,-0.0910286232829094,-0.3251529932022095,0,2000,strong30k,4,80,42,1.0,0.0,walk
197,3.94,1.0,0.0,-0.38844096660614014,0.755689799785614,-0.05267486348748207,-0.6988683342933655,0,2000,strong30k,4,80,42,1.0,0.0,walk
198,3.96,1.0,0.0,-0.38129937648773193,0.7571106553077698,-0.018770547583699226,-1.0763741731643677,0,2000,strong30k,4,80,42,1.0,0.0,walk
199,3.98,1.0,0.0,-0.372994065284729,0.7658116817474365,0.005556411109864712,-1.0476402044296265,0,2000,strong30k,4,80,42,1.0,0.0,walk
200,4.0,1.0,0.0,-0.3655909299850464,0.759577214717865,0.030839819461107254,-0.8596673607826233,0,2000,strong30k,4,80,42,1.0,0.0,walk
201,4.0200000000000005,1.0,0.0,-0.36121106147766113,0.7385540008544922,0.059928931295871735,-0.48744162917137146,0,2000,strong30k,4,80,42,1.0,0.0,walk
202,4.04,1.0,0.0,-0.35969507694244385,0.721985936164856,0.0841059684753418,-0.1970854252576828,0,2000,strong30k,4,80,42,1.0,0.0,walk
203,4.0600000000000005,1.0,0.0,-0.3605300188064575,0.7129414677619934,0.10150501132011414,0.013560432009398937,0,2000,strong30k,4,80,42,1.0,0.0,walk
204,4.08,1.0,0.0,-0.36230695247650146,0.7223864197731018,0.1123688817024231,0.04932031035423279,0,2000,strong30k,4,80,42,1.0,0.0,walk
205,4.1,1.0,0.0,-0.36334002017974854,0.7440510392189026,0.11951512843370438,-0.00031432800460606813,0,2000,strong30k,4,80,42,1.0,0.0,walk
206,4.12,1.0,0.0,-0.3638479709625244,0.7640670537948608,0.13208958506584167,0.02046552300453186,0,2000,strong30k,4,80,42,1.0,0.0,walk
207,4.14,1.0,0.0,-0.364335298538208,0.7992820143699646,0.14735031127929688,0.05068659037351608,0,2000,strong30k,4,80,42,1.0,0.0,walk
208,4.16,1.0,0.0,-0.3653377294540405,0.8378223776817322,0.16848504543304443,0.13532543182373047,0,2000,strong30k,4,80,42,1.0,0.0,walk
209,4.18,1.0,0.0,-0.3662756681442261,0.8825824856758118,0.18552306294441223,0.11881193518638611,0,2000,strong30k,4,80,42,1.0,0.0,walk
210,4.2,1.0,0.0,-0.36636483669281006,0.9293078780174255,0.2013452649116516,0.07126849889755249,0,2000,strong30k,4,80,42,1.0,0.0,walk
211,4.22,1.0,0.0,-0.3646937608718872,0.9707815647125244,0.21934068202972412,-0.07970930635929108,0,2000,strong30k,4,80,42,1.0,0.0,walk
212,4.24,1.0,0.0,-0.3613797426223755,1.0046422481536865,0.2467208355665207,-0.19033820927143097,0,2000,strong30k,4,80,42,1.0,0.0,walk
213,4.26,1.0,0.0,-0.3583148717880249,1.0280691385269165,0.2834485173225403,-0.1743309199810028,0,2000,strong30k,4,80,42,1.0,0.0,walk
214,4.28,1.0,0.0,-0.35618722438812256,1.049301028251648,0.31901031732559204,-0.1490045189857483,0,2000,strong30k,4,80,42,1.0,0.0,walk
215,4.3,1.0,0.0,-0.3545854091644287,1.0128045082092285,0.314854234457016,0.4421192407608032,0,2000,strong30k,4,80,42,1.0,0.0,walk
216,4.32,1.0,0.0,-0.35515642166137695,0.9137428998947144,0.23847134411334991,-0.29343563318252563,0,2000,strong30k,4,80,42,1.0,0.0,walk
217,4.34,1.0,0.0,-0.3498176336288452,0.8248151540756226,0.16918450593948364,-0.4093249440193176,0,2000,strong30k,4,80,42,1.0,0.0,walk
218,4.36,1.0,0.0,-0.3441349267959595,0.7510502934455872,0.11246272176504135,-0.19236499071121216,0,2000,strong30k,4,80,42,1.0,0.0,walk
219,4.38,1.0,0.0,-0.34086644649505615,0.7155459523200989,0.06642687320709229,0.07073792815208435,0,2000,strong30k,4,80,42,1.0,0.0,walk
220,4.4,1.0,0.0,-0.34026408195495605,0.7091492414474487,0.03796683996915817,0.2625129818916321,0,2000,strong30k,4,80,42,1.0,0.0,walk
221,4.42,1.0,0.0,-0.3413151502609253,0.7110918760299683,0.013535738922655582,0.2946835160255432,0,2000,strong30k,4,80,42,1.0,0.0,walk
222,4.44,1.0,0.0,-0.3415743112564087,0.7122313380241394,-0.0128055764362216,0.12457932531833649,0,2000,strong30k,4,80,42,1.0,0.0,walk
223,4.46,1.0,0.0,-0.3401646614074707,0.7048958539962769,-0.030690239742398262,-0.07781216502189636,0,2000,strong30k,4,80,42,1.0,0.0,walk
224,4.48,1.0,0.0,-0.33682847023010254,0.6952403783798218,-0.049487367272377014,-0.31703320145606995,0,2000,strong30k,4,80,42,1.0,0.0,walk
225,4.5,1.0,0.0,-0.33201849460601807,0.6991012096405029,-0.06011246144771576,-0.46071410179138184,0,2000,strong30k,4,80,42,1.0,0.0,walk
226,4.5200000000000005,1.0,0.0,-0.32592666149139404,0.7087489366531372,-0.06680949777364731,-0.5886712074279785,0,2000,strong30k,4,80,42,1.0,0.0,walk
227,4.54,1.0,0.0,-0.3202245235443115,0.7346628904342651,-0.07084739208221436,-0.4798418879508972,0,2000,strong30k,4,80,42,1.0,0.0,walk
228,4.5600000000000005,1.0,0.0,-0.3155125379562378,0.7650535106658936,-0.08331011235713959,-0.4361919164657593,0,2000,strong30k,4,80,42,1.0,0.0,walk
229,4.58,1.0,0.0,-0.31154727935791016,0.803618848323822,-0.1010061651468277,-0.40295374393463135,0,2000,strong30k,4,80,42,1.0,0.0,walk
230,4.6000000000000005,1.0,0.0,-0.30815589427948,0.8407635688781738,-0.12147493660449982,-0.38594692945480347,0,2000,strong30k,4,80,42,1.0,0.0,walk
231,4.62,1.0,0.0,-0.30590975284576416,0.8804509043693542,-0.14129193127155304,-0.3098543882369995,0,2000,strong30k,4,80,42,1.0,0.0,walk
232,4.64,1.0,0.0,-0.30486631393432617,0.9188154935836792,-0.16633014380931854,-0.26937562227249146,0,2000,strong30k,4,80,42,1.0,0.0,walk
233,4.66,1.0,0.0,-0.30381476879119873,0.9513543844223022,-0.1994771510362625,-0.3117869794368744,0,2000,strong30k,4,80,42,1.0,0.0,walk
234,4.68,1.0,0.0,-0.30054330825805664,0.9742128849029541,-0.23665809631347656,-0.4555404484272003,0,2000,strong30k,4,80,42,1.0,0.0,walk
235,4.7,1.0,0.0,-0.2956995964050293,0.9880077242851257,-0.26577994227409363,-0.4878074526786804,0,2000,strong30k,4,80,42,1.0,0.0,walk
236,4.72,1.0,0.0,-0.2908196449279785,0.9324657917022705,-0.2465914934873581,-0.7783379554748535,0,2000,strong30k,4,80,42,1.0,0.0,walk
237,4.74,1.0,0.0,-0.2876015901565552,0.8599557280540466,-0.17857933044433594,-0.07172726839780807,0,2000,strong30k,4,80,42,1.0,0.0,walk
238,4.76,1.0,0.0,-0.2882169485092163,0.801352322101593,-0.12341546267271042,-0.08219221979379654,0,2000,strong30k,4,80,42,1.0,0.0,walk
239,4.78,1.0,0.0,-0.28792476654052734,0.7688431143760681,-0.08148504048585892,-0.39810657501220703,0,2000,strong30k,4,80,42,1.0,0.0,walk
240,4.8,1.0,0.0,-0.28398311138153076,0.762100100517273,-0.046233583241701126,-0.8006364703178406,0,2000,strong30k,4,80,42,1.0,0.0,walk
241,4.82,1.0,0.0,-0.2768833637237549,0.7739825248718262,-0.02390260621905327,-1.0478042364120483,0,2000,strong30k,4,80,42,1.0,0.0,walk
242,4.84,1.0,0.0,-0.2690889835357666,0.7720338702201843,0.003527715103700757,-0.9406565427780151,0,2000,strong30k,4,80,42,1.0,0.0,walk
243,4.86,1.0,0.0,-0.2630733251571655,0.755635142326355,0.03625040873885155,-0.6903045177459717,0,2000,strong30k,4,80,42,1.0,0.0,walk
244,4.88,1.0,0.0,-0.25996482372283936,0.735993504524231,0.06483690440654755,-0.3320883512496948,0,2000,strong30k,4,80,42,1.0,0.0,walk
245,4.9,1.0,0.0,-0.2598775625228882,0.7237687706947327,0.08748921751976013,-0.052199944853782654,0,2000,strong30k,4,80,42,1.0,0.0,walk
246,4.92,1.0,0.0,-0.2618614435195923,0.7321485877037048,0.10085811465978622,0.12823054194450378,0,2000,strong30k,4,80,42,1.0,0.0,walk
247,4.94,1.0,0.0,-0.26390087604522705,0.7548091411590576,0.10703731328248978,0.1061604917049408,0,2000,strong30k,4,80,42,1.0,0.0,walk
248,4.96,1.0,0.0,-0.26556408405303955,0.7784816026687622,0.1164480671286583,0.12798398733139038,0,2000,strong30k,4,80,42,1.0,0.0,walk
249,4.98,1.0,0.0,-0.26739585399627686,0.8091015815734863,0.13133342564105988,0.15504615008831024,0,2000,strong30k,4,80,42,1.0,0.0,walk
250,5.0,1.0,0.0,-0.2694413661956787,0.8459818363189697,0.15027186274528503,0.21354228258132935,0,2000,strong30k,4,80,42,1.0,0.0,walk
251,5.0200000000000005,1.0,0.0,-0.27111029624938965,0.8890417218208313,0.1657963991165161,0.1637856811285019,0,2000,strong30k,4,80,42,1.0,0.0,walk
252,5.04,1.0,0.0,-0.2717207670211792,0.934990644454956,0.1806243360042572,0.08365429192781448,0,2000,strong30k,4,80,42,1.0,0.0,walk
253,5.0600000000000005,1.0,0.0,-0.2708054780960083,0.9805564284324646,0.1972164660692215,-0.00972840003669262,0,2000,strong30k,4,80,42,1.0,0.0,walk
254,5.08,1.0,0.0,-0.26848304271698,1.0187358856201172,0.2197847068309784,-0.08690810948610306,0,2000,strong30k,4,80,42,1.0,0.0,walk
255,5.1000000000000005,1.0,0.0,-0.26588189601898193,1.0454323291778564,0.25193893909454346,-0.10759781301021576,0,2000,strong30k,4,80,42,1.0,0.0,walk
256,5.12,1.0,0.0,-0.2641865015029907,1.0635024309158325,0.2869478166103363,-0.0845756083726883,0,2000,strong30k,4,80,42,1.0,0.0,walk
257,5.14,1.0,0.0,-0.2628328800201416,1.0751255750656128,0.31559279561042786,-0.0904369056224823,0,2000,strong30k,4,80,42,1.0,0.0,walk
258,5.16,1.0,0.0,-0.26394951343536377,0.9615636467933655,0.2467838078737259,-0.1569860726594925,0,2000,strong30k,4,80,42,1.0,0.0,walk
259,5.18,1.0,0.0,-0.2595912218093872,0.8622335195541382,0.17355969548225403,-0.45314347743988037,0,2000,strong30k,4,80,42,1.0,0.0,walk
260,5.2,1.0,0.0,-0.25363588333129883,0.7778627276420593,0.11303389072418213,-0.23774725198745728,0,2000,strong30k,4,80,42,1.0,0.0,walk
261,5.22,1.0,0.0,-0.24980008602142334,0.7278864979743958,0.06522046029567719,0.05780339986085892,0,2000,strong30k,4,80,42,1.0,0.0,walk
262,5.24,1.0,0.0,-0.24971294403076172,0.7266626358032227,0.03276268392801285,0.35838866233825684,0,2000,strong30k,4,80,42,1.0,0.0,walk
263,5.26,1.0,0.0,-0.2520514726638794,0.7266390323638916,0.008715247735381126,0.5039328336715698,0,2000,strong30k,4,80,42,1.0,0.0,walk
264,5.28,1.0,0.0,-0.2541835308074951,0.7194541692733765,-0.017896652221679688,0.30488139390945435,0,2000,strong30k,4,80,42,1.0,0.0,walk
265,5.3,1.0,0.0,-0.2537425756454468,0.7139679193496704,-0.04047802835702896,-0.021212425082921982,0,2000,strong30k,4,80,42,1.0,0.0,walk
266,5.32,1.0,0.0,-0.25153017044067383,0.7092453241348267,-0.05543779581785202,-0.15865597128868103,0,2000,strong30k,4,80,42,1.0,0.0,walk
267,5.34,1.0,0.0,-0.24728655815124512,0.7030593156814575,-0.07369577139616013,-0.42606884241104126,0,2000,strong30k,4,80,42,1.0,0.0,walk
268,5.36,1.0,0.0,-0.24167335033416748,0.7142073512077332,-0.07887253165245056,-0.5279443264007568,0,2000,strong30k,4,80,42,1.0,0.0,walk
269,5.38,1.0,0.0,-0.2358788251876831,0.7331178188323975,-0.08496623486280441,-0.5155166387557983,0,2000,strong30k,4,80,42,1.0,0.0,walk
270,5.4,1.0,0.0,-0.2309941053390503,0.7580899596214294,-0.09624513983726501,-0.39167410135269165,0,2000,strong30k,4,80,42,1.0,0.0,walk
271,5.42,1.0,0.0,-0.22756540775299072,0.798496663570404,-0.10951868444681168,-0.3111035227775574,0,2000,strong30k,4,80,42,1.0,0.0,walk
272,5.44,1.0,0.0,-0.22463488578796387,0.8391784429550171,-0.13058587908744812,-0.333558052778244,0,2000,strong30k,4,80,42,1.0,0.0,walk
273,5.46,1.0,0.0,-0.2222217321395874,0.880000650882721,-0.15107254683971405,-0.3268587589263916,0,2000,strong30k,4,80,42,1.0,0.0,walk
274,5.48,1.0,0.0,-0.2209392786026001,0.9217093586921692,-0.17326800525188446,-0.25987133383750916,0,2000,strong30k,4,80,42,1.0,0.0,walk
275,5.5,1.0,0.0,-0.22037243843078613,0.9585017561912537,-0.20396111905574799,-0.2410668283700943,0,2000,strong30k,4,80,42,1.0,0.0,walk
276,5.5200000000000005,1.0,0.0,-0.21860647201538086,0.9859655499458313,-0.24135620892047882,-0.3291226029396057,0,2000,strong30k,4,80,42,1.0,0.0,walk
277,5.54,1.0,0.0,-0.21493899822235107,1.0055903196334839,-0.27551648020744324,-0.41935116052627563,0,2000,strong30k,4,80,42,1.0,0.0,walk
278,5.5600000000000005,1.0,0.0,-0.21106243133544922,1.0123587846755981,-0.29971548914909363,-0.3639090657234192,0,2000,strong30k,4,80,42,1.0,0.0,walk
279,5.58,1.0,0.0,-0.2063213586807251,0.8986960053443909,-0.225808247923851,-0.18599900603294373,0,2000,strong30k,4,80,42,1.0,0.0,walk
280,5.6000000000000005,1.0,0.0,-0.20698463916778564,0.8237638473510742,-0.16023309528827667,0.0915323942899704,0,2000,strong30k,4,80,42,1.0,0.0,walk
281,5.62,1.0,0.0,-0.208160400390625,0.7754526138305664,-0.11157885193824768,-0.18078774213790894,0,2000,strong30k,4,80,42,1.0,0.0,walk
282,5.64,1.0,0.0,-0.2062760591506958,0.7516804933547974,-0.07284500449895859,-0.5937203168869019,0,2000,strong30k,4,80,42,1.0,0.0,walk
283,5.66,1.0,0.0,-0.20007741451263428,0.7523290514945984,-0.040877651423215866,-0.9830594062805176,0,2000,strong30k,4,80,42,1.0,0.0,walk
284,5.68,1.0,0.0,-0.19268548488616943,0.758804440498352,-0.018113836646080017,-0.9380578994750977,0,2000,strong30k,4,80,42,1.0,0.0,walk
285,5.7,1.0,0.0,-0.18658101558685303,0.7487141489982605,0.006999505218118429,-0.7122494578361511,0,2000,strong30k,4,80,42,1.0,0.0,walk
286,5.72,1.0,0.0,-0.1838005781173706,0.7273948192596436,0.036235563457012177,-0.3214307725429535,0,2000,strong30k,4,80,42,1.0,0.0,walk
287,5.74,1.0,0.0,-0.18393003940582275,0.7101972699165344,0.060289300978183746,-0.04130397364497185,0,2000,strong30k,4,80,42,1.0,0.0,walk
288,5.76,1.0,0.0,-0.18599271774291992,0.699519693851471,0.07820478081703186,0.11385372281074524,0,2000,strong30k,4,80,42,1.0,0.0,walk
289,5.78,1.0,0.0,-0.18859529495239258,0.707925021648407,0.08879800140857697,0.13490259647369385,0,2000,strong30k,4,80,42,1.0,0.0,walk
290,5.8,1.0,0.0,-0.19001758098602295,0.7275591492652893,0.09650054574012756,0.025528522208333015,0,2000,strong30k,4,80,42,1.0,0.0,walk
291,5.82,1.0,0.0,-0.19069671630859375,0.744857132434845,0.11044260859489441,0.03707017004489899,0,2000,strong30k,4,80,42,1.0,0.0,walk
292,5.84,1.0,0.0,-0.19119775295257568,0.7755218148231506,0.12751926481723785,0.040015045553445816,0,2000,strong30k,4,80,42,1.0,0.0,walk
293,5.86,1.0,0.0,-0.1922086477279663,0.8123902678489685,0.14825862646102905,0.15622341632843018,0,2000,strong30k,4,80,42,1.0,0.0,walk
294,5.88,1.0,0.0,-0.19355857372283936,0.8552969098091125,0.16467933356761932,0.18699266016483307,0,2000,strong30k,4,80,42,1.0,0.0,walk
295,5.9,1.0,0.0,-0.19427835941314697,0.900367796421051,0.17911763489246368,0.13681405782699585,0,2000,strong30k,4,80,42,1.0,0.0,walk
296,5.92,1.0,0.0,-0.19334709644317627,0.940841019153595,0.19608470797538757,0.004398789256811142,0,2000,strong30k,4,80,42,1.0,0.0,walk
297,5.94,1.0,0.0,-0.19089436531066895,0.973222553730011,0.2217710316181183,-0.09758198261260986,0,2000,strong30k,4,80,42,1.0,0.0,walk
298,5.96,1.0,0.0,-0.18875479698181152,0.9951829314231873,0.25712189078330994,-0.07283097505569458,0,2000,strong30k,4,80,42,1.0,0.0,walk
299,5.98,1.0,0.0,-0.1877422332763672,1.0141555070877075,0.2910570800304413,-0.03664454445242882,0,2000,strong30k,4,80,42,1.0,0.0,walk
300,6.0,1.0,0.0,-0.18716299533843994,1.0214834213256836,0.31215882301330566,-0.0033431192860007286,0,2000,strong30k,4,80,42,1.0,0.0,walk
301,6.0200000000000005,1.0,0.0,-0.18851065635681152,0.8995233774185181,0.23043200373649597,-0.21539676189422607,0,2000,strong30k,4,80,42,1.0,0.0,walk
302,6.04,1.0,0.0,-0.18350088596343994,0.8139261603355408,0.16225579380989075,-0.43963325023651123,0,2000,strong30k,4,80,42,1.0,0.0,walk
303,6.0600000000000005,1.0,0.0,-0.17752289772033691,0.7402383685112,0.10791528970003128,-0.22176679968833923,0,2000,strong30k,4,80,42,1.0,0.0,walk
304,6.08,1.0,0.0,-0.1741572618484497,0.7039899826049805,0.0654376968741417,0.07720719277858734,0,2000,strong30k,4,80,42,1.0,0.0,walk
305,6.1000000000000005,1.0,0.0,-0.17425858974456787,0.7064621448516846,0.03690288960933685,0.3528710603713989,0,2000,strong30k,4,80,42,1.0,0.0,walk
306,6.12,1.0,0.0,-0.1768103837966919,0.7071212530136108,0.015191519632935524,0.5048298835754395,0,2000,strong30k,4,80,42,1.0,0.0,walk
307,6.140000000000001,1.0,0.0,-0.17914879322052002,0.6999106407165527,-0.009496098384261131,0.3152620792388916,0,2000,strong30k,4,80,42,1.0,0.0,walk
308,6.16,1.0,0.0,-0.17889511585235596,0.6930520534515381,-0.029395386576652527,-0.02237633615732193,0,2000,strong30k,4,80,42,1.0,0.0,walk
309,6.18,1.0,0.0,-0.17656481266021729,0.6866983771324158,-0.043686483055353165,-0.19614282250404358,0,2000,strong30k,4,80,42,1.0,0.0,walk
310,6.2,1.0,0.0,-0.1721564531326294,0.6814931631088257,-0.059492260217666626,-0.43835198879241943,0,2000,strong30k,4,80,42,1.0,0.0,walk
311,6.22,1.0,0.0,-0.16655981540679932,0.6922951936721802,-0.06372949481010437,-0.5347918272018433,0,2000,strong30k,4,80,42,1.0,0.0,walk
312,6.24,1.0,0.0,-0.16097772121429443,0.7109255790710449,-0.07004332542419434,-0.4956689774990082,0,2000,strong30k,4,80,42,1.0,0.0,walk
313,6.26,1.0,0.0,-0.1563330888748169,0.7359381318092346,-0.08235032111406326,-0.38607412576675415,0,2000,strong30k,4,80,42,1.0,0.0,walk
314,6.28,1.0,0.0,-0.15306222438812256,0.7767479419708252,-0.09608675539493561,-0.306749552488327,0,2000,strong30k,4,80,42,1.0,0.0,walk
315,6.3,1.0,0.0,-0.15034759044647217,0.8153431415557861,-0.11763888597488403,-0.3139583468437195,0,2000,strong30k,4,80,42,1.0,0.0,walk
316,6.32,1.0,0.0,-0.14846789836883545,0.8559838533401489,-0.13733386993408203,-0.2719704508781433,0,2000,strong30k,4,80,42,1.0,0.0,walk
317,6.34,1.0,0.0,-0.14778172969818115,0.8953896760940552,-0.16071829199790955,-0.20684997737407684,0,2000,strong30k,4,80,42,1.0,0.0,walk
318,6.36,1.0,0.0,-0.1476651430130005,0.928860604763031,-0.1915401816368103,-0.1932346671819687,0,2000,strong30k,4,80,42,1.0,0.0,walk
319,6.38,1.0,0.0,-0.1460477113723755,0.953268826007843,-0.22824819386005402,-0.3086618185043335,0,2000,strong30k,4,80,42,1.0,0.0,walk
320,6.4,1.0,0.0,-0.14255058765411377,0.971298336982727,-0.2598750591278076,-0.4014473557472229,0,2000,strong30k,4,80,42,1.0,0.0,walk
321,6.42,1.0,0.0,-0.1391160488128662,0.9801002740859985,-0.2860121428966522,-0.3040424883365631,0,2000,strong30k,4,80,42,1.0,0.0,walk
322,6.44,1.0,0.0,-0.1347806453704834,0.8732531070709229,-0.2135200798511505,-0.19563862681388855,0,2000,strong30k,4,80,42,1.0,0.0,walk
323,6.46,1.0,0.0,-0.13550913333892822,0.8048563003540039,-0.15247078239917755,0.08203542232513428,0,2000,strong30k,4,80,42,1.0,0.0,walk
324,6.48,1.0,0.0,-0.13726341724395752,0.7591968178749084,-0.10566946864128113,-0.13773506879806519,0,2000,strong30k,4,80,42,1.0,0.0,walk
325,6.5,1.0,0.0,-0.13600897789001465,0.7382931709289551,-0.07007939368486404,-0.5500558614730835,0,2000,strong30k,4,80,42,1.0,0.0,walk
326,6.5200000000000005,1.0,0.0,-0.13062620162963867,0.7375643253326416,-0.03935479372739792,-0.911048948764801,0,2000,strong30k,4,80,42,1.0,0.0,walk
327,6.54,1.0,0.0,-0.12346494197845459,0.7442727088928223,-0.016373340040445328,-0.9322464466094971,0,2000,strong30k,4,80,42,1.0,0.0,walk
328,6.5600000000000005,1.0,0.0,-0.11729693412780762,0.7340660095214844,0.011652207002043724,-0.7217797636985779,0,2000,strong30k,4,80,42,1.0,0.0,walk
329,6.58,1.0,0.0,-0.11395728588104248,0.7172033190727234,0.04208216816186905,-0.37388017773628235,0,2000,strong30k,4,80,42,1.0,0.0,walk
330,6.6000000000000005,1.0,0.0,-0.113503098487854,0.7052909731864929,0.06621946394443512,-0.0777948722243309,0,2000,strong30k,4,80,42,1.0,0.0,walk
331,6.62,1.0,0.0,-0.11513257026672363,0.7037941217422485,0.08397924900054932,0.09036896377801895,0,2000,strong30k,4,80,42,1.0,0.0,walk
332,6.640000000000001,1.0,0.0,-0.1174997091293335,0.7198465466499329,0.09492495656013489,0.15220896899700165,0,2000,strong30k,4,80,42,1.0,0.0,walk
333,6.66,1.0,0.0,-0.11945319175720215,0.7434657216072083,0.10393579304218292,0.13252896070480347,0,2000,strong30k,4,80,42,1.0,0.0,walk
334,6.68,1.0,0.0,-0.12124848365783691,0.7683351635932922,0.11824531853199005,0.17184536159038544,0,2000,strong30k,4,80,42,1.0,0.0,walk
335,6.7,1.0,0.0,-0.1229633092880249,0.8004754185676575,0.13612772524356842,0.16443786025047302,0,2000,strong30k,4,80,42,1.0,0.0,walk
336,6.72,1.0,0.0,-0.12470018863677979,0.8383968472480774,0.15610389411449432,0.20637677609920502,0,2000,strong30k,4,80,42,1.0,0.0,walk
337,6.74,1.0,0.0,-0.12615597248077393,0.8817792534828186,0.17231696844100952,0.18742740154266357,0,2000,strong30k,4,80,42,1.0,0.0,walk
338,6.76,1.0,0.0,-0.1264725923538208,0.9270815253257751,0.18757538497447968,0.10807253420352936,0,2000,strong30k,4,80,42,1.0,0.0,walk
339,6.78,1.0,0.0,-0.12508857250213623,0.9661903381347656,0.20754602551460266,-0.02089928276836872,0,2000,strong30k,4,80,42,1.0,0.0,walk
340,6.8,1.0,0.0,-0.12289237976074219,0.9938189387321472,0.2380574643611908,-0.06781025230884552,0,2000,strong30k,4,80,42,1.0,0.0,walk
341,6.82,1.0,0.0,-0.1215740442276001,1.011733889579773,0.2732663154602051,-0.029400605708360672,0,2000,strong30k,4,80,42,1.0,0.0,walk
342,6.84,1.0,0.0,-0.12096941471099854,1.029563069343567,0.3043804168701172,-0.04326649010181427,0,2000,strong30k,4,80,42,1.0,0.0,walk
343,6.86,1.0,0.0,-0.12229359149932861,0.9419956207275391,0.2608102858066559,0.0919826328754425,0,2000,strong30k,4,80,42,1.0,0.0,walk
344,6.88,1.0,0.0,-0.1191093921661377,0.8530091047286987,0.18536588549613953,-0.4850841462612152,0,2000,strong30k,4,80,42,1.0,0.0,walk
345,6.9,1.0,0.0,-0.11276876926422119,0.7694638967514038,0.12518328428268433,-0.3394222855567932,0,2000,strong30k,4,80,42,1.0,0.0,walk
346,6.92,1.0,0.0,-0.10825955867767334,0.7122386693954468,0.07570616900920868,0.0016264058649539948,0,2000,strong30k,4,80,42,1.0,0.0,walk
347,6.94,1.0,0.0,-0.10769021511077881,0.6953504085540771,0.038244739174842834,0.34361976385116577,0,2000,strong30k,4,80,42,1.0,0.0,walk
348,6.96,1.0,0.0,-0.11009752750396729,0.695336639881134,0.012705927714705467,0.5443160533905029,0,2000,strong30k,4,80,42,1.0,0.0,walk
349,6.98,1.0,0.0,-0.11363840103149414,0.6966180801391602,-0.012552409432828426,0.5011864900588989,0,2000,strong30k,4,80,42,1.0,0.0,walk
350,7.0,1.0,0.0,-0.11548328399658203,0.6940045356750488,-0.03487898036837578,0.2180352509021759,0,2000,strong30k,4,80,42,1.0,0.0,walk
351,7.0200000000000005,1.0,0.0,-0.11478054523468018,0.6864762902259827,-0.0505361407995224,-0.06581777334213257,0,2000,strong30k,4,80,42,1.0,0.0,walk
352,7.04,1.0,0.0,-0.11151671409606934,0.67934250831604,-0.06538242846727371,-0.3436833620071411,0,2000,strong30k,4,80,42,1.0,0.0,walk
353,7.0600000000000005,1.0,0.0,-0.10623610019683838,0.6834779977798462,-0.07202816009521484,-0.5206174254417419,0,2000,strong30k,4,80,42,1.0,0.0,walk
354,7.08,1.0,0.0,-0.10001170635223389,0.6995359659194946,-0.07636132091283798,-0.5779839158058167,0,2000,strong30k,4,80,42,1.0,0.0,walk
355,7.1000000000000005,1.0,0.0,-0.09470105171203613,0.7243301868438721,-0.08328305184841156,-0.426840603351593,0,2000,strong30k,4,80,42,1.0,0.0,walk
356,7.12,1.0,0.0,-0.09088623523712158,0.760704517364502,-0.09672942012548447,-0.3430357575416565,0,2000,strong30k,4,80,42,1.0,0.0,walk
357,7.140000000000001,1.0,0.0,-0.08781778812408447,0.7997002601623535,-0.11693742871284485,-0.32134944200515747,0,2000,strong30k,4,80,42,1.0,0.0,walk
358,7.16,1.0,0.0,-0.08570289611816406,0.838165283203125,-0.13722044229507446,-0.2561281621456146,0,2000,strong30k,4,80,42,1.0,0.0,walk
359,7.18,1.0,0.0,-0.08500254154205322,0.8782578706741333,-0.15968205034732819,-0.1729775071144104,0,2000,strong30k,4,80,42,1.0,0.0,walk
360,7.2,1.0,0.0,-0.08531761169433594,0.9150842428207397,-0.18878582119941711,-0.13923092186450958,0,2000,strong30k,4,80,42,1.0,0.0,walk
361,7.22,1.0,0.0,-0.08510208129882812,0.9446365833282471,-0.22526469826698303,-0.21395815908908844,0,2000,strong30k,4,80,42,1.0,0.0,walk
362,7.24,1.0,0.0,-0.08257770538330078,0.9657195210456848,-0.26313942670822144,-0.36031007766723633,0,2000,strong30k,4,80,42,1.0,0.0,walk
363,7.26,1.0,0.0,-0.07891666889190674,0.9783030152320862,-0.29306885600090027,-0.3691209554672241,0,2000,strong30k,4,80,42,1.0,0.0,walk
364,7.28,1.0,0.0,-0.07464110851287842,0.9087265133857727,-0.25975367426872253,-0.4646211266517639,0,2000,strong30k,4,80,42,1.0,0.0,walk
365,7.3,1.0,0.0,-0.07374262809753418,0.832015335559845,-0.19180229306221008,0.08866569399833679,0,2000,strong30k,4,80,42,1.0,0.0,walk
366,7.32,1.0,0.0,-0.07611286640167236,0.7735771536827087,-0.13782581686973572,0.02729557640850544,0,2000,strong30k,4,80,42,1.0,0.0,walk
367,7.34,1.0,0.0,-0.07678663730621338,0.7419383525848389,-0.09822520613670349,-0.3396560251712799,0,2000,strong30k,4,80,42,1.0,0.0,walk
368,7.36,1.0,0.0,-0.07345473766326904,0.7362368106842041,-0.06532905250787735,-0.7424629926681519,0,2000,strong30k,4,80,42,1.0,0.0,walk
369,7.38,1.0,0.0,-0.0673600435256958,0.7453162670135498,-0.0430111289024353,-0.9041785001754761,0,2000,strong30k,4,80,42,1.0,0.0,walk
370,7.4,1.0,0.0,-0.061124205589294434,0.7406127452850342,-0.015596083365380764,-0.7776071429252625,0,2000,strong30k,4,80,42,1.0,0.0,walk
371,7.42,1.0,0.0,-0.05701649188995361,0.7247176170349121,0.01612384244799614,-0.4860561192035675,0,2000,strong30k,4,80,42,1.0,0.0,walk
372,7.44,1.0,0.0,-0.05569875240325928,0.7094393968582153,0.044710423797369,-0.17129525542259216,0,2000,strong30k,4,80,42,1.0,0.0,walk
373,7.46,1.0,0.0,-0.056798577308654785,0.7017764449119568,0.06676165759563446,0.0384029820561409,0,2000,strong30k,4,80,42,1.0,0.0,walk
374,7.48,1.0,0.0,-0.05916094779968262,0.7159070372581482,0.08021140843629837,0.14903032779693604,0,2000,strong30k,4,80,42,1.0,0.0,walk
375,7.5,1.0,0.0,-0.06132304668426514,0.7400369644165039,0.08756028860807419,0.13519731163978577,0,2000,strong30k,4,80,42,1.0,0.0,walk
376,7.5200000000000005,1.0,0.0,-0.0632638931274414,0.7637577652931213,0.09947235882282257,0.17626632750034332,0,2000,strong30k,4,80,42,1.0,0.0,walk
377,7.54,1.0,0.0,-0.0653386116027832,0.7945666313171387,0.11468320339918137,0.19954296946525574,0,2000,strong30k,4,80,42,1.0,0.0,walk
378,7.5600000000000005,1.0,0.0,-0.06750524044036865,0.8317105174064636,0.13364072144031525,0.2340056300163269,0,2000,strong30k,4,80,42,1.0,0.0,walk
379,7.58,1.0,0.0,-0.06946945190429688,0.87582927942276,0.14949166774749756,0.2219279706478119,0,2000,strong30k,4,80,42,1.0,0.0,walk
380,7.6000000000000005,1.0,0.0,-0.0704808235168457,0.9213505983352661,0.16374114155769348,0.14896449446678162,0,2000,strong30k,4,80,42,1.0,0.0,walk
381,7.62,1.0,0.0,-0.06989681720733643,0.9651007652282715,0.18013158440589905,0.046690985560417175,0,2000,strong30k,4,80,42,1.0,0.0,walk
382,7.640000000000001,1.0,0.0,-0.06808483600616455,0.998798668384552,0.2050725668668747,-0.0305347703397274,0,2000,strong30k,4,80,42,1.0,0.0,walk
383,7.66,1.0,0.0,-0.06672728061676025,1.0200327634811401,0.23837538063526154,-0.011578558012843132,0,2000,strong30k,4,80,42,1.0,0.0,walk
384,7.68,1.0,0.0,-0.06633651256561279,1.0379278659820557,0.26988348364830017,0.000918189063668251,0,2000,strong30k,4,80,42,1.0,0.0,walk
385,7.7,1.0,0.0,-0.06605160236358643,1.003369688987732,0.2637179493904114,0.48116543889045715,0,2000,strong30k,4,80,42,1.0,0.0,walk
386,7.72,1.0,0.0,-0.06698620319366455,0.9055188298225403,0.19454170763492584,-0.2687076926231384,0,2000,strong30k,4,80,42,1.0,0.0,walk
387,7.74,1.0,0.0,-0.0620037317276001,0.81866055727005,0.13015276193618774,-0.3765447735786438,0,2000,strong30k,4,80,42,1.0,0.0,walk
388,7.76,1.0,0.0,-0.056937217712402344,0.7460368871688843,0.07761671394109726,-0.08357670903205872,0,2000,strong30k,4,80,42,1.0,0.0,walk
389,7.78,1.0,0.0,-0.05509757995605469,0.7113867998123169,0.03731021285057068,0.23662561178207397,0,2000,strong30k,4,80,42,1.0,0.0,walk
390,7.8,1.0,0.0,-0.05617058277130127,0.7048966288566589,0.009053404442965984,0.4338405430316925,0,2000,strong30k,4,80,42,1.0,0.0,walk
391,7.82,1.0,0.0,-0.05881321430206299,0.7073791027069092,-0.01493232324719429,0.45296114683151245,0,2000,strong30k,4,80,42,1.0,0.0,walk
392,7.84,1.0,0.0,-0.06061971187591553,0.7078111171722412,-0.038759078830480576,0.27381280064582825,0,2000,strong30k,4,80,42,1.0,0.0,walk
393,7.86,1.0,0.0,-0.06054890155792236,0.7002514004707336,-0.05437939241528511,0.039529621601104736,0,2000,strong30k,4,80,42,1.0,0.0,walk
394,7.88,1.0,0.0,-0.05831408500671387,0.6879398226737976,-0.07154081761837006,-0.21100200712680817,0,2000,strong30k,4,80,42,1.0,0.0,walk
395,7.9,1.0,0.0,-0.05443894863128662,0.6886147856712341,-0.08262700587511063,-0.35809147357940674,0,2000,strong30k,4,80,42,1.0,0.0,walk
396,7.92,1.0,0.0,-0.04934585094451904,0.6990001201629639,-0.08672132343053818,-0.48103761672973633,0,2000,strong30k,4,80,42,1.0,0.0,walk
397,7.94,1.0,0.0,-0.044559597969055176,0.7248495817184448,-0.09196394681930542,-0.38604795932769775,0,2000,strong30k,4,80,42,1.0,0.0,walk
398,7.96,1.0,0.0,-0.04093480110168457,0.7556219100952148,-0.10314489901065826,-0.3155987858772278,0,2000,strong30k,4,80,42,1.0,0.0,walk
399,7.98,1.0,0.0,-0.03815662860870361,0.7941474318504333,-0.12088541686534882,-0.27412378787994385,0,2000,strong30k,4,80,42,1.0,0.0,walk
400,8.0,1.0,0.0,-0.0361177921295166,0.8317216038703918,-0.1414126753807068,-0.24165713787078857,0,2000,strong30k,4,80,42,1.0,0.0,walk
401,8.02,1.0,0.0,-0.03518569469451904,0.8710482716560364,-0.16258767247200012,-0.1762104332447052,0,2000,strong30k,4,80,42,1.0,0.0,walk
402,8.040000000000001,1.0,0.0,-0.03552734851837158,0.9092875719070435,-0.1884499341249466,-0.11555294692516327,0,2000,strong30k,4,80,42,1.0,0.0,walk
403,8.06,1.0,0.0,-0.03613293170928955,0.9423791170120239,-0.22260934114456177,-0.14158733189105988,0,2000,strong30k,4,80,42,1.0,0.0,walk
404,8.08,1.0,0.0,-0.034772515296936035,0.9666823148727417,-0.26272737979888916,-0.2872942090034485,0,2000,strong30k,4,80,42,1.0,0.0,walk
405,8.1,1.0,0.0,-0.03143155574798584,0.9828005433082581,-0.2969249486923218,-0.3773137331008911,0,2000,strong30k,4,80,42,1.0,0.0,walk
406,8.120000000000001,1.0,0.0,-0.028452515602111816,0.9805479645729065,-0.3168303370475769,-0.4158257842063904,0,2000,strong30k,4,80,42,1.0,0.0,walk
407,8.14,1.0,0.0,-0.024505138397216797,0.887039840221405,-0.23405125737190247,-0.15625137090682983,0,2000,strong30k,4,80,42,1.0,0.0,walk
408,8.16,1.0,0.0,-0.025327205657958984,0.8255127668380737,-0.17195361852645874,0.07352456450462341,0,2000,strong30k,4,80,42,1.0,0.0,walk
409,8.18,1.0,0.0,-0.026958346366882324,0.7905415892601013,-0.12488052248954773,-0.14516492187976837,0,2000,strong30k,4,80,42,1.0,0.0,walk
410,8.2,1.0,0.0,-0.025634050369262695,0.7785750031471252,-0.09075522422790527,-0.5391885638237,0,2000,strong30k,4,80,42,1.0,0.0,walk
411,8.22,1.0,0.0,-0.020637035369873047,0.7886401414871216,-0.06324710696935654,-0.8501126170158386,0,2000,strong30k,4,80,42,1.0,0.0,walk
412,8.24,1.0,0.0,-0.015926480293273926,0.7873975038528442,-0.036330658942461014,-0.6370427012443542,0,2000,strong30k,4,80,42,1.0,0.0,walk
413,8.26,1.0,0.0,-0.011533856391906738,0.7754108905792236,-0.006805432960391045,-0.6010916829109192,0,2000,strong30k,4,80,42,1.0,0.0,walk
414,8.28,1.0,0.0,-0.00943303108215332,0.7570232152938843,0.024645932018756866,-0.2309764325618744,0,2000,strong30k,4,80,42,1.0,0.0,walk
415,8.3,1.0,0.0,-0.00961148738861084,0.7415958046913147,0.05213683098554611,-0.1133098378777504,0,2000,strong30k,4,80,42,1.0,0.0,walk
416,8.32,1.0,0.0,-0.011446595191955566,0.7524889707565308,0.06888226419687271,0.13857924938201904,0,2000,strong30k,4,80,42,1.0,0.0,walk
417,8.34,1.0,0.0,-0.013827919960021973,0.7659075260162354,0.07855399698019028,0.09923464059829712,0,2000,strong30k,4,80,42,1.0,0.0,walk
418,8.36,1.0,0.0,-0.015384554862976074,0.7927377820014954,0.08427736163139343,0.15010228753089905,0,2000,strong30k,4,80,42,1.0,0.0,walk
419,8.38,1.0,0.0,-0.017429590225219727,0.8153761029243469,0.09834183752536774,0.20352119207382202,0,2000,strong30k,4,80,42,1.0,0.0,walk
420,8.4,1.0,0.0,-0.019230961799621582,0.8503850102424622,0.11522141844034195,0.14555303752422333,0,2000,strong30k,4,80,42,1.0,0.0,walk
421,8.42,1.0,0.0,-0.0211869478225708,0.8981143832206726,0.13067419826984406,0.2792437672615051,0,2000,strong30k,4,80,42,1.0,0.0,walk
422,8.44,1.0,0.0,-0.02344965934753418,0.944743812084198,0.14513641595840454,0.28619444370269775,0,2000,strong30k,4,80,42,1.0,0.0,walk
423,8.46,1.0,0.0,-0.024752497673034668,0.9939561486244202,0.15865369141101837,0.2213161736726761,0,2000,strong30k,4,80,42,1.0,0.0,walk
424,8.48,1.0,0.0,-0.02457427978515625,1.0334826707839966,0.17677123844623566,0.10328623652458191,0,2000,strong30k,4,80,42,1.0,0.0,walk
425,8.5,1.0,0.0,-0.023566484451293945,1.0620838403701782,0.20502585172653198,0.023697905242443085,0,2000,strong30k,4,80,42,1.0,0.0,walk
426,8.52,1.0,0.0,-0.022983908653259277,1.0780127048492432,0.23680874705314636,-0.0071562305092811584,0,2000,strong30k,4,80,42,1.0,0.0,walk
427,8.540000000000001,1.0,0.0,-0.022347092628479004,1.0835511684417725,0.25828826427459717,-0.0345257893204689,0,2000,strong30k,4,80,42,1.0,0.0,walk
428,8.56,1.0,0.0,-0.023368000984191895,0.9624923467636108,0.19366693496704102,-0.18497465550899506,0,2000,strong30k,4,80,42,1.0,0.0,walk
429,8.58,1.0,0.0,-0.01901113986968994,0.8697549104690552,0.12579944729804993,-0.42390602827072144,0,2000,strong30k,4,80,42,1.0,0.0,walk
430,8.6,1.0,0.0,-0.013796687126159668,0.7915607690811157,0.07261943072080612,-0.13407529890537262,0,2000,strong30k,4,80,42,1.0,0.0,walk
431,8.620000000000001,1.0,0.0,-0.0110701322555542,0.7420785427093506,0.029183469712734222,0.17367371916770935,0,2000,strong30k,4,80,42,1.0,0.0,walk
432,8.64,1.0,0.0,-0.012220263481140137,0.74242103099823,-0.000680895522236824,0.4760711193084717,0,2000,strong30k,4,80,42,1.0,0.0,walk
433,8.66,1.0,0.0,-0.015550732612609863,0.7440118789672852,-0.025339698418974876,0.5779017806053162,0,2000,strong30k,4,80,42,1.0,0.0,walk
434,8.68,1.0,0.0,-0.01862657070159912,0.7390487790107727,-0.05091142654418945,0.408989816904068,0,2000,strong30k,4,80,42,1.0,0.0,walk
435,8.700000000000001,1.0,0.0,-0.019368290901184082,0.7327054738998413,-0.07114500552415848,0.10587707906961441,0,2000,strong30k,4,80,42,1.0,0.0,walk
436,8.72,1.0,0.0,-0.018314003944396973,0.7288723587989807,-0.0835542231798172,-0.05362066626548767,0,2000,strong30k,4,80,42,1.0,0.0,walk
437,8.74,1.0,0.0,-0.015395760536193848,0.7253859639167786,-0.09896596521139145,-0.2834309935569763,0,2000,strong30k,4,80,42,1.0,0.0,walk
438,8.76,1.0,0.0,-0.010910630226135254,0.7360873818397522,-0.10370135307312012,-0.4329449236392975,0,2000,strong30k,4,80,42,1.0,0.0,walk
439,8.78,1.0,0.0,-0.006079435348510742,0.7581953406333923,-0.10784266889095306,-0.4222017228603363,0,2000,strong30k,4,80,42,1.0,0.0,walk
440,8.8,1.0,0.0,-0.0019243955612182617,0.7843931913375854,-0.11896669119596481,-0.33338284492492676,0,2000,strong30k,4,80,42,1.0,0.0,walk
441,8.82,1.0,0.0,0.0009154081344604492,0.8264472484588623,-0.1320774257183075,-0.2568838894367218,0,2000,strong30k,4,80,42,1.0,0.0,walk
442,8.84,1.0,0.0,0.003260016441345215,0.8677010536193848,-0.1536090075969696,-0.2675951421260834,0,2000,strong30k,4,80,42,1.0,0.0,walk
443,8.86,1.0,0.0,0.004844307899475098,0.9094622135162354,-0.17409202456474304,-0.22910906374454498,0,2000,strong30k,4,80,42,1.0,0.0,walk
444,8.88,1.0,0.0,0.005145430564880371,0.9519243836402893,-0.19805003702640533,-0.15405511856079102,0,2000,strong30k,4,80,42,1.0,0.0,walk
445,8.9,1.0,0.0,0.004587769508361816,0.9901055693626404,-0.23028120398521423,-0.10770915448665619,0,2000,strong30k,4,80,42,1.0,0.0,walk
446,8.92,1.0,0.0,0.005001544952392578,1.019106388092041,-0.26928141713142395,-0.1825050562620163,0,2000,strong30k,4,80,42,1.0,0.0,walk
447,8.94,1.0,0.0,0.0072220563888549805,1.0403542518615723,-0.3060629367828369,-0.2749605178833008,0,2000,strong30k,4,80,42,1.0,0.0,walk
448,8.96,1.0,0.0,0.009650111198425293,1.0525609254837036,-0.3362804651260376,-0.21288610994815826,0,2000,strong30k,4,80,42,1.0,0.0,walk
449,8.98,1.0,0.0,0.013895511627197266,0.9332565069198608,-0.25603142380714417,-0.1864425390958786,0,2000,strong30k,4,80,42,1.0,0.0,walk
450,9.0,1.0,0.0,0.013054966926574707,0.851039469242096,-0.18561699986457825,0.12189385294914246,0,2000,strong30k,4,80,42,1.0,0.0,walk
451,9.02,1.0,0.0,0.011134505271911621,0.7957203388214111,-0.13353152573108673,-0.0994311198592186,0,2000,strong30k,4,80,42,1.0,0.0,walk
452,9.040000000000001,1.0,0.0,0.011983036994934082,0.7684152722358704,-0.09400831162929535,-0.5022529363632202,0,2000,strong30k,4,80,42,1.0,0.0,walk
453,9.06,1.0,0.0,0.016992807388305664,0.7645476460456848,-0.06246805563569069,-0.8834035992622375,0,2000,strong30k,4,80,42,1.0,0.0,walk
454,9.08,1.0,0.0,0.023676276206970215,0.769324541091919,-0.04018182307481766,-0.8947579264640808,0,2000,strong30k,4,80,42,1.0,0.0,walk
455,9.1,1.0,0.0,0.02906012535095215,0.7587195038795471,-0.012369167059659958,-0.6425510048866272,0,2000,strong30k,4,80,42,1.0,0.0,walk
456,9.120000000000001,1.0,0.0,0.03141045570373535,0.738135814666748,0.018357010558247566,-0.2860867381095886,0,2000,strong30k,4,80,42,1.0,0.0,walk
457,9.14,1.0,0.0,0.030839204788208008,0.718761146068573,0.04423335939645767,0.0035100411623716354,0,2000,strong30k,4,80,42,1.0,0.0,walk
458,9.16,1.0,0.0,0.028221726417541504,0.7090820074081421,0.06418102234601974,0.1609303504228592,0,2000,strong30k,4,80,42,1.0,0.0,walk
459,9.18,1.0,0.0,0.025079846382141113,0.7202017903327942,0.07679605484008789,0.1897270828485489,0,2000,strong30k,4,80,42,1.0,0.0,walk
460,9.200000000000001,1.0,0.0,0.02269721031188965,0.7420422434806824,0.08566433191299438,0.14495615661144257,0,2000,strong30k,4,80,42,1.0,0.0,walk
461,9.22,1.0,0.0,0.02073347568511963,0.7645044326782227,0.09880676865577698,0.1689668893814087,0,2000,strong30k,4,80,42,1.0,0.0,walk
462,9.24,1.0,0.0,0.018933892250061035,0.7939117550849915,0.11534830927848816,0.16646970808506012,0,2000,strong30k,4,80,42,1.0,0.0,walk
463,9.26,1.0,0.0,0.016878485679626465,0.8299694657325745,0.13553635776042938,0.24130776524543762,0,2000,strong30k,4,80,42,1.0,0.0,walk
464,9.28,1.0,0.0,0.014774441719055176,0.8712100386619568,0.1518053114414215,0.24517160654067993,0,2000,strong30k,4,80,42,1.0,0.0,walk
465,9.3,1.0,0.0,0.013354897499084473,0.9169750809669495,0.16509592533111572,0.22017185389995575,0,2000,strong30k,4,80,42,1.0,0.0,walk
466,9.32,1.0,0.0,0.01314842700958252,0.9588930606842041,0.1809951215982437,0.13746526837348938,0,2000,strong30k,4,80,42,1.0,0.0,walk
467,9.34,1.0,0.0,0.014196515083312988,0.9899700880050659,0.20489642024040222,0.04336092621088028,0,2000,strong30k,4,80,42,1.0,0.0,walk
468,9.36,1.0,0.0,0.014873743057250977,1.0086605548858643,0.23814283311367035,0.05746611952781677,0,2000,strong30k,4,80,42,1.0,0.0,walk
469,9.38,1.0,0.0,0.014578700065612793,1.0237406492233276,0.2693042457103729,0.06509830057621002,0,2000,strong30k,4,80,42,1.0,0.0,walk
470,9.4,1.0,0.0,0.01412808895111084,0.994147002696991,0.2704527676105499,0.41800880432128906,0,2000,strong30k,4,80,42,1.0,0.0,walk
471,9.42,1.0,0.0,0.012821316719055176,0.8953036665916443,0.19356615841388702,-0.24525466561317444,0,2000,strong30k,4,80,42,1.0,0.0,walk
472,9.44,1.0,0.0,0.01755988597869873,0.8112162947654724,0.12834367156028748,-0.35733741521835327,0,2000,strong30k,4,80,42,1.0,0.0,walk
473,9.46,1.0,0.0,0.022461295127868652,0.7420371174812317,0.07653103768825531,-0.05487659201025963,0,2000,strong30k,4,80,42,1.0,0.0,walk
474,9.48,1.0,0.0,0.02377009391784668,0.712735116481781,0.037281595170497894,0.2982994318008423,0,2000,strong30k,4,80,42,1.0,0.0,walk
475,9.5,1.0,0.0,0.021964311599731445,0.7071582078933716,0.008669278584420681,0.508399486541748,0,2000,strong30k,4,80,42,1.0,0.0,walk
476,9.52,1.0,0.0,0.018527865409851074,0.7114225029945374,-0.015354864299297333,0.5307762622833252,0,2000,strong30k,4,80,42,1.0,0.0,walk
477,9.540000000000001,1.0,0.0,0.01599264144897461,0.7116896510124207,-0.03785455599427223,0.3342115879058838,0,2000,strong30k,4,80,42,1.0,0.0,walk
478,9.56,1.0,0.0,0.015580296516418457,0.7060502171516418,-0.052691444754600525,0.0634404793381691,0,2000,strong30k,4,80,42,1.0,0.0,walk
479,9.58,1.0,0.0,0.017337918281555176,0.6949718594551086,-0.06838714331388474,-0.16239194571971893,0,2000,strong30k,4,80,42,1.0,0.0,walk
480,9.6,1.0,0.0,0.020996451377868652,0.6937780976295471,-0.08029639720916748,-0.3465726375579834,0,2000,strong30k,4,80,42,1.0,0.0,walk
481,9.620000000000001,1.0,0.0,0.025867104530334473,0.7060906291007996,-0.08277540653944016,-0.4533481299877167,0,2000,strong30k,4,80,42,1.0,0.0,walk
482,9.64,1.0,0.0,0.03050994873046875,0.7321884632110596,-0.08920852094888687,-0.3817509710788727,0,2000,strong30k,4,80,42,1.0,0.0,walk
483,9.66,1.0,0.0,0.03393292427062988,0.7640698552131653,-0.09952200204133987,-0.2930038571357727,0,2000,strong30k,4,80,42,1.0,0.0,walk
484,9.68,1.0,0.0,0.036495327949523926,0.803360641002655,-0.11648416519165039,-0.25281044840812683,0,2000,strong30k,4,80,42,1.0,0.0,walk
485,9.700000000000001,1.0,0.0,0.03828251361846924,0.842401385307312,-0.13588903844356537,-0.21449731290340424,0,2000,strong30k,4,80,42,1.0,0.0,walk
486,9.72,1.0,0.0,0.03899180889129639,0.8830482363700867,-0.15665337443351746,-0.15631930530071259,0,2000,strong30k,4,80,42,1.0,0.0,walk
487,9.74,1.0,0.0,0.03850710391998291,0.9226124286651611,-0.18175069987773895,-0.09971451014280319,0,2000,strong30k,4,80,42,1.0,0.0,walk
488,9.76,1.0,0.0,0.037766337394714355,0.9571039080619812,-0.2150612622499466,-0.11799998581409454,0,2000,strong30k,4,80,42,1.0,0.0,walk
489,9.78,1.0,0.0,0.03885066509246826,0.9827939867973328,-0.2540814280509949,-0.24889029562473297,0,2000,strong30k,4,80,42,1.0,0.0,walk
490,9.8,1.0,0.0,0.04171347618103027,1.0008761882781982,-0.28792449831962585,-0.32552382349967957,0,2000,strong30k,4,80,42,1.0,0.0,walk
491,9.82,1.0,0.0,0.0442814826965332,1.0097744464874268,-0.3164657652378082,-0.23521342873573303,0,2000,strong30k,4,80,42,1.0,0.0,walk
492,9.84,1.0,0.0,0.04790210723876953,0.8955202698707581,-0.23201119899749756,-0.07069932669401169,0,2000,strong30k,4,80,42,1.0,0.0,walk
493,9.86,1.0,0.0,0.04614460468292236,0.8252041935920715,-0.1691589206457138,0.14013369381427765,0,2000,strong30k,4,80,42,1.0,0.0,walk
494,9.88,1.0,0.0,0.043883562088012695,0.7791323065757751,-0.12534120678901672,-0.09308262169361115,0,2000,strong30k,4,80,42,1.0,0.0,walk
495,9.9,1.0,0.0,0.044703006744384766,0.7604914307594299,-0.09025802463293076,-0.4999862611293793,0,2000,strong30k,4,80,42,1.0,0.0,walk
496,9.92,1.0,0.0,0.04920625686645508,0.7608612775802612,-0.06291614472866058,-0.8000838160514832,0,2000,strong30k,4,80,42,1.0,0.0,walk
497,9.94,1.0,0.0,0.05476963520050049,0.7596390247344971,-0.03816794604063034,-0.7694928050041199,0,2000,strong30k,4,80,42,1.0,0.0,walk
498,9.96,1.0,0.0,0.05969834327697754,0.748177707195282,-0.007437888532876968,-0.6226786375045776,0,2000,strong30k,4,80,42,1.0,0.0,walk
499,9.98,1.0,0.0,-1.0242434740066528,0.7329350113868713,0.02347748726606369,-0.29898643493652344,0,2000,strong30k,4,80,42,1.0,0.0,walk
500,10.0,1.0,0.0,-1.0240293741226196,0.7174891829490662,0.05002542585134506,-0.10698889940977097,0,2000,strong30k,4,80,42,1.0,0.0,walk
501,10.02,1.0,0.0,-1.025823712348938,0.7266176342964172,0.06789807975292206,0.1337892711162567,0,2000,strong30k,4,80,42,1.0,0.0,walk
502,10.040000000000001,1.0,0.0,-1.0283032655715942,0.7434485554695129,0.07953205704689026,0.14354611933231354,0,2000,strong30k,4,80,42,1.0,0.0,walk
503,10.06,1.0,0.0,-1.0305477380752563,0.7708325982093811,0.08743500709533691,0.2162647843360901,0,2000,strong30k,4,80,42,1.0,0.0,walk
504,10.08,1.0,0.0,-1.0332542657852173,0.7977043986320496,0.10403836518526077,0.24870595335960388,0,2000,strong30k,4,80,42,1.0,0.0,walk
505,10.1,1.0,0.0,-1.035415768623352,0.8332642316818237,0.12335686385631561,0.17001117765903473,0,2000,strong30k,4,80,42,1.0,0.0,walk
506,10.120000000000001,1.0,0.0,-1.0369864702224731,0.8781874179840088,0.1427224725484848,0.172456294298172,0,2000,strong30k,4,80,42,1.0,0.0,walk
507,10.14,1.0,0.0,-1.0377708673477173,0.924694836139679,0.16150642931461334,0.0856548547744751,0,2000,strong30k,4,80,42,1.0,0.0,walk
508,10.16,1.0,0.0,-1.0362993478775024,0.9712130427360535,0.17878864705562592,-0.11102517694234848,0,2000,strong30k,4,80,42,1.0,0.0,walk
509,10.18,1.0,0.0,-1.0319844484329224,1.0081381797790527,0.20453833043575287,-0.3522164523601532,0,2000,strong30k,4,80,42,1.0,0.0,walk
510,10.200000000000001,1.0,0.0,-1.025732159614563,1.0339559316635132,0.2418699562549591,-0.5176147818565369,0,2000,strong30k,4,80,42,1.0,0.0,walk
511,10.22,1.0,0.0,-1.0191899538040161,1.0494486093521118,0.2852441668510437,-0.5920230746269226,0,2000,strong30k,4,80,42,1.0,0.0,walk
512,10.24,1.0,0.0,-1.0125056505203247,1.0517325401306152,0.3165554106235504,-0.5304455161094666,0,2000,strong30k,4,80,42,1.0,0.0,walk
513,10.26,1.0,0.0,-1.0098754167556763,0.9209845662117004,0.24807094037532806,-0.4359965920448303,0,2000,strong30k,4,80,42,1.0,0.0,walk
514,10.28,1.0,0.0,-1.0035167932510376,0.8296424746513367,0.1792299896478653,-0.56001877784729,0,2000,strong30k,4,80,42,1.0,0.0,walk
515,10.3,1.0,0.0,-0.9968539476394653,0.7609313726425171,0.12587088346481323,-0.35496601462364197,0,2000,strong30k,4,80,42,1.0,0.0,walk
516,10.32,1.0,0.0,-0.9921985864639282,0.7218036651611328,0.07998721301555634,-0.08194126188755035,0,2000,strong30k,4,80,42,1.0,0.0,walk
517,10.34,1.0,0.0,-0.9905191659927368,0.7244898080825806,0.050478074699640274,0.14544817805290222,0,2000,strong30k,4,80,42,1.0,0.0,walk
518,10.36,1.0,0.0,-0.9902397394180298,0.7241491079330444,0.02754729799926281,0.17811517417430878,0,2000,strong30k,4,80,42,1.0,0.0,walk
519,10.38,1.0,0.0,-0.9890319108963013,0.7205721735954285,0.0023062964901328087,-0.04890348017215729,0,2000,strong30k,4,80,42,1.0,0.0,walk
520,10.4,1.0,0.0,-0.9854604005813599,0.7168818116188049,-0.015391165390610695,-0.3044610321521759,0,2000,strong30k,4,80,42,1.0,0.0,walk
521,10.42,1.0,0.0,-0.9806448221206665,0.715592622756958,-0.02473587542772293,-0.4041680693626404,0,2000,strong30k,4,80,42,1.0,0.0,walk
522,10.44,1.0,0.0,-0.9746919870376587,0.7138724327087402,-0.03773466870188713,-0.5701301693916321,0,2000,strong30k,4,80,42,1.0,0.0,walk
523,10.46,1.0,0.0,-0.9675480127334595,0.7226817011833191,-0.04201315715909004,-0.7089046239852905,0,2000,strong30k,4,80,42,1.0,0.0,walk
524,10.48,1.0,0.0,-0.9600416421890259,0.7408331632614136,-0.044057853519916534,-0.7030369639396667,0,2000,strong30k,4,80,42,1.0,0.0,walk
525,10.5,1.0,0.0,-0.9527841806411743,0.7625777125358582,-0.054032303392887115,-0.66066575050354,0,2000,strong30k,4,80,42,1.0,0.0,walk
526,10.52,1.0,0.0,-0.9464255571365356,0.80149906873703,-0.06235887110233307,-0.6296385526657104,0,2000,strong30k,4,80,42,1.0,0.0,walk
527,10.540000000000001,1.0,0.0,-0.9400221109390259,0.8372972011566162,-0.07767768949270248,-0.7052858471870422,0,2000,strong30k,4,80,42,1.0,0.0,walk
528,10.56,1.0,0.0,-0.9338995218276978,0.8756757378578186,-0.08877691626548767,-0.7024695873260498,0,2000,strong30k,4,80,42,1.0,0.0,walk
529,10.58,1.0,0.0,-0.9285799264907837,0.9161689281463623,-0.10325513035058975,-0.6911956667900085,0,2000,strong30k,4,80,42,1.0,0.0,walk
530,10.6,1.0,0.0,-0.9234873056411743,0.951457142829895,-0.124909907579422,-0.6975895166397095,0,2000,strong30k,4,80,42,1.0,0.0,walk
531,10.620000000000001,1.0,0.0,-0.916906476020813,0.9770329594612122,-0.149470716714859,-0.7779499888420105,0,2000,strong30k,4,80,42,1.0,0.0,walk
532,10.64,1.0,0.0,-0.909401535987854,0.9922667741775513,-0.1663551777601242,-0.692692756652832,0,2000,strong30k,4,80,42,1.0,0.0,walk
533,10.66,1.0,0.0,-0.9039503335952759,0.9969564080238342,-0.1723928153514862,-0.38391947746276855,0,2000,strong30k,4,80,42,1.0,0.0,walk
534,10.68,1.0,0.0,-0.8981610536575317,0.8942584991455078,-0.11946000903844833,-0.4927704334259033,0,2000,strong30k,4,80,42,1.0,0.0,walk
535,10.700000000000001,1.0,0.0,-0.8944355249404907,0.8266230225563049,-0.06723681092262268,-0.4078834056854248,0,2000,strong30k,4,80,42,1.0,0.0,walk
536,10.72,1.0,0.0,-0.8907829523086548,0.7891899347305298,-0.02351812645792961,-0.6659948825836182,0,2000,strong30k,4,80,42,1.0,0.0,walk
537,10.74,1.0,0.0,-0.884217381477356,0.7753512859344482,0.012224781326949596,-1.066685676574707,0,2000,strong30k,4,80,42,1.0,0.0,walk
538,10.76,1.0,0.0,-0.8736735582351685,0.7827304005622864,0.04703245311975479,-1.3975729942321777,0,2000,strong30k,4,80,42,1.0,0.0,walk
539,10.78,1.0,0.0,-0.8627783060073853,0.7936903238296509,0.0731600895524025,-1.2716810703277588,0,2000,strong30k,4,80,42,1.0,0.0,walk
540,10.8,1.0,0.0,-0.8531986474990845,0.7863582372665405,0.0981564074754715,-1.0751309394836426,0,2000,strong30k,4,80,42,1.0,0.0,walk
541,10.82,1.0,0.0,-0.846375584602356,0.7641800045967102,0.12665818631649017,-0.7235753536224365,0,2000,strong30k,4,80,42,1.0,0.0,walk
542,10.84,1.0,0.0,-0.8425279855728149,0.7486255764961243,0.15046711266040802,-0.4101050794124603,0,2000,strong30k,4,80,42,1.0,0.0,walk
543,10.86,1.0,0.0,-0.8411189317703247,0.7425088882446289,0.16752220690250397,-0.19823920726776123,0,2000,strong30k,4,80,42,1.0,0.0,walk
544,10.88,1.0,0.0,-0.8406940698623657,0.7514693140983582,0.179869145154953,-0.16109660267829895,0,2000,strong30k,4,80,42,1.0,0.0,walk
545,10.9,1.0,0.0,-0.8399678468704224,0.7706654667854309,0.1906193196773529,-0.14356975257396698,0,2000,strong30k,4,80,42,1.0,0.0,walk
546,10.92,1.0,0.0,-0.8392015695571899,0.792783796787262,0.20558211207389832,-0.08017370104789734,0,2000,strong30k,4,80,42,1.0,0.0,walk
547,10.94,1.0,0.0,-0.8388353586196899,0.8302373886108398,0.2241690456867218,-0.020515862852334976,0,2000,strong30k,4,80,42,1.0,0.0,walk
548,10.96,1.0,0.0,-0.839218258857727,0.8745187520980835,0.24759328365325928,0.08714596927165985,0,2000,strong30k,4,80,42,1.0,0.0,walk
549,10.98,1.0,0.0,-0.8394962549209595,0.9205344915390015,0.2677905559539795,0.04590743035078049,0,2000,strong30k,4,80,42,1.0,0.0,walk
550,11.0,1.0,0.0,-0.8383580446243286,0.967039942741394,0.28671833872795105,-0.06610924005508423,0,2000,strong30k,4,80,42,1.0,0.0,walk
551,11.02,1.0,0.0,-0.834732174873352,1.0069292783737183,0.30923792719841003,-0.2899995446205139,0,2000,strong30k,4,80,42,1.0,0.0,walk
552,11.040000000000001,1.0,0.0,-0.8290296792984009,1.0397425889968872,0.3437774181365967,-0.4372677206993103,0,2000,strong30k,4,80,42,1.0,0.0,walk
553,11.06,1.0,0.0,-0.8235775232315063,1.0643410682678223,0.3886549174785614,-0.39805054664611816,0,2000,strong30k,4,80,42,1.0,0.0,walk
554,11.08,1.0,0.0,-0.8193570375442505,1.0875009298324585,0.43096280097961426,-0.3128686547279358,0,2000,strong30k,4,80,42,1.0,0.0,walk
555,11.1,1.0,0.0,-0.8190017938613892,0.9860342144966125,0.3890836536884308,0.17568008601665497,0,2000,strong30k,4,80,42,1.0,0.0,walk
556,11.120000000000001,1.0,0.0,-0.8153444528579712,0.8942831158638,0.2869442105293274,-0.5572076439857483,0,2000,strong30k,4,80,42,1.0,0.0,walk
557,11.14,1.0,0.0,-0.8076883554458618,0.8027275204658508,0.20583830773830414,-0.5385326147079468,0,2000,strong30k,4,80,42,1.0,0.0,walk
558,11.16,1.0,0.0,-0.8008610010147095,0.7367318272590637,0.1458156704902649,-0.27037227153778076,0,2000,strong30k,4,80,42,1.0,0.0,walk
559,11.18,1.0,0.0,-0.7971187829971313,0.7079294323921204,0.09891563653945923,0.019698375836014748,0,2000,strong30k,4,80,42,1.0,0.0,walk
560,11.200000000000001,1.0,0.0,-0.7961407899856567,0.6999930739402771,0.06760600954294205,0.2286636233329773,0,2000,strong30k,4,80,42,1.0,0.0,walk
561,11.22,1.0,0.0,-0.7966595888137817,0.7007426619529724,0.037770990282297134,0.2247835397720337,0,2000,strong30k,4,80,42,1.0,0.0,walk
562,11.24,1.0,0.0,-0.795477032661438,0.6961920857429504,0.00915116909891367,-0.06843286752700806,0,2000,strong30k,4,80,42,1.0,0.0,walk
563,11.26,1.0,0.0,-0.7918893098831177,0.6944901347160339,-0.009005965664982796,-0.3298451602458954,0,2000,strong30k,4,80,42,1.0,0.0,walk
564,11.28,1.0,0.0,-0.7864042520523071,0.6929745674133301,-0.025207342579960823,-0.5375900268554688,0,2000,strong30k,4,80,42,1.0,0.0,walk
565,11.3,1.0,0.0,-0.7790318727493286,0.6957442760467529,-0.034522321075201035,-0.7410391569137573,0,2000,strong30k,4,80,42,1.0,0.0,walk
566,11.32,1.0,0.0,-0.7703338861465454,0.7100479602813721,-0.04241935536265373,-0.8348604440689087,0,2000,strong30k,4,80,42,1.0,0.0,walk
567,11.34,1.0,0.0,-0.7625833749771118,0.735342800617218,-0.05083313211798668,-0.6543213129043579,0,2000,strong30k,4,80,42,1.0,0.0,walk
568,11.36,1.0,0.0,-0.7561274766921997,0.7721449732780457,-0.06397072970867157,-0.6264408826828003,0,2000,strong30k,4,80,42,1.0,0.0,walk
569,11.38,1.0,0.0,-0.7498828172683716,0.8076527118682861,-0.0831139087677002,-0.6551415920257568,0,2000,strong30k,4,80,42,1.0,0.0,walk
570,11.4,1.0,0.0,-0.7444664239883423,0.8421438336372375,-0.0983954519033432,-0.588781476020813,0,2000,strong30k,4,80,42,1.0,0.0,walk
571,11.42,1.0,0.0,-0.7402254343032837,0.8809797763824463,-0.11618208885192871,-0.549484133720398,0,2000,strong30k,4,80,42,1.0,0.0,walk
572,11.44,1.0,0.0,-0.7366925477981567,0.9195910096168518,-0.1412111073732376,-0.5411056280136108,0,2000,strong30k,4,80,42,1.0,0.0,walk
573,11.46,1.0,0.0,-0.7321373224258423,0.9504212737083435,-0.17432774603366852,-0.6331279873847961,0,2000,strong30k,4,80,42,1.0,0.0,walk
574,11.48,1.0,0.0,-0.7255598306655884,0.968808650970459,-0.20436374843120575,-0.6852831840515137,0,2000,strong30k,4,80,42,1.0,0.0,walk
575,11.5,1.0,0.0,-0.7192078828811646,0.9751511812210083,-0.21725426614284515,-0.49449068307876587,0,2000,strong30k,4,80,42,1.0,0.0,walk
576,11.52,1.0,0.0,-0.7131019830703735,0.8788595199584961,-0.16847269237041473,-0.4345911145210266,0,2000,strong30k,4,80,42,1.0,0.0,walk
577,11.540000000000001,1.0,0.0,-0.7103015184402466,0.8114790320396423,-0.11220578849315643,-0.20210422575473785,0,2000,strong30k,4,80,42,1.0,0.0,walk
578,11.56,1.0,0.0,-0.7081571817398071,0.7699942588806152,-0.0687541589140892,-0.4660296142101288,0,2000,strong30k,4,80,42,1.0,0.0,walk
579,11.58,1.0,0.0,-0.7032138109207153,0.7532081007957458,-0.03466539829969406,-0.8743604421615601,0,2000,strong30k,4,80,42,1.0,0.0,walk
580,11.6,1.0,0.0,-0.6943365335464478,0.7582299113273621,-0.0024728267453610897,-1.2250758409500122,0,2000,strong30k,4,80,42,1.0,0.0,walk
581,11.620000000000001,1.0,0.0,-0.6847363710403442,0.7678340673446655,0.022267526015639305,-1.1711735725402832,0,2000,strong30k,4,80,42,1.0,0.0,walk
582,11.64,1.0,0.0,-0.6762925386428833,0.7619389295578003,0.0431821271777153,-0.9688366055488586,0,2000,strong30k,4,80,42,1.0,0.0,walk
583,11.66,1.0,0.0,-0.6708332300186157,0.7389349341392517,0.069047711789608,-0.6087627410888672,0,2000,strong30k,4,80,42,1.0,0.0,walk
584,11.68,1.0,0.0,-0.6683226823806763,0.7187790870666504,0.09075399488210678,-0.3046942949295044,0,2000,strong30k,4,80,42,1.0,0.0,walk
585,11.700000000000001,1.0,0.0,-0.6682935953140259,0.7060076594352722,0.10624819993972778,-0.07968710362911224,0,2000,strong30k,4,80,42,1.0,0.0,walk
586,11.72,1.0,0.0,-0.6692529916763306,0.7120032906532288,0.115624338388443,-0.04267507791519165,0,2000,strong30k,4,80,42,1.0,0.0,walk
587,11.74,1.0,0.0,-0.6694236993789673,0.7282393574714661,0.12184382230043411,-0.10399354994297028,0,2000,strong30k,4,80,42,1.0,0.0,walk
588,11.76,1.0,0.0,-0.668951153755188,0.7458840608596802,0.13342078030109406,-0.09325196593999863,0,2000,strong30k,4,80,42,1.0,0.0,walk
589,11.78,1.0,0.0,-0.6684962511062622,0.7780742049217224,0.14816869795322418,-0.056852493435144424,0,2000,strong30k,4,80,42,1.0,0.0,walk
590,11.8,1.0,0.0,-0.6686002016067505,0.8167855739593506,0.16810056567192078,0.03954320400953293,0,2000,strong30k,4,80,42,1.0,0.0,walk
591,11.82,1.0,0.0,-0.6689406633377075,0.8608041405677795,0.18518881499767303,0.05682315677404404,0,2000,strong30k,4,80,42,1.0,0.0,walk
592,11.84,1.0,0.0,-0.6685901880264282,0.9051800966262817,0.20027251541614532,-0.010537042282521725,0,2000,strong30k,4,80,42,1.0,0.0,walk
593,11.86,1.0,0.0,-0.6665092706680298,0.9471032023429871,0.21557486057281494,-0.14877915382385254,0,2000,strong30k,4,80,42,1.0,0.0,walk
594,11.88,1.0,0.0,-0.6626492738723755,0.985219419002533,0.23768270015716553,-0.26382482051849365,0,2000,strong30k,4,80,42,1.0,0.0,walk
595,11.9,1.0,0.0,-0.6581994295120239,1.0168893337249756,0.2694266140460968,-0.2950490713119507,0,2000,strong30k,4,80,42,1.0,0.0,walk
596,11.92,1.0,0.0,-0.6546007394790649,1.042829990386963,0.30560171604156494,-0.23892800509929657,0,2000,strong30k,4,80,42,1.0,0.0,walk
597,11.94,1.0,0.0,-0.6519018411636353,1.0642648935317993,0.3381090760231018,-0.21579322218894958,0,2000,strong30k,4,80,42,1.0,0.0,walk
598,11.96,1.0,0.0,-0.6521269083023071,0.9679247140884399,0.28952258825302124,0.044672511518001556,0,2000,strong30k,4,80,42,1.0,0.0,walk
599,11.98,1.0,0.0,-0.6485525369644165,0.8706712126731873,0.20787519216537476,-0.485427588224411,0,2000,strong30k,4,80,42,1.0,0.0,walk
600,12.0,1.0,0.0,-0.6411391496658325,0.7821298837661743,0.14295446872711182,-0.5245713591575623,0,2000,strong30k,4,80,42,1.0,0.0,walk
601,12.02,1.0,0.0,-0.6339899301528931,0.7235162258148193,0.09372792392969131,-0.3173176944255829,0,2000,strong30k,4,80,42,1.0,0.0,walk
602,12.040000000000001,1.0,0.0,-0.6298314332962036,0.7056242823600769,0.05667206645011902,-0.009413037449121475,0,2000,strong30k,4,80,42,1.0,0.0,walk
603,12.06,1.0,0.0,-0.6289898157119751,0.7052844762802124,0.03447496518492699,0.24808771908283234,0,2000,strong30k,4,80,42,1.0,0.0,walk
604,12.08,1.0,0.0,-0.6298490762710571,0.7077230215072632,0.010014574974775314,0.2551841735839844,0,2000,strong30k,4,80,42,1.0,0.0,walk
605,12.1,1.0,0.0,-0.6294785737991333,0.7079914212226868,-0.013537086546421051,0.01764066331088543,0,2000,strong30k,4,80,42,1.0,0.0,walk
606,12.120000000000001,1.0,0.0,-0.6269627809524536,0.7043188810348511,-0.03269350528717041,-0.23220105469226837,0,2000,strong30k,4,80,42,1.0,0.0,walk
607,12.14,1.0,0.0,-0.6221667528152466,0.7032583355903625,-0.050147224217653275,-0.4964357614517212,0,2000,strong30k,4,80,42,1.0,0.0,walk
608,12.16,1.0,0.0,-0.6155272722244263,0.7118626832962036,-0.05762261152267456,-0.6628601551055908,0,2000,strong30k,4,80,42,1.0,0.0,walk
609,12.18,1.0,0.0,-0.6078230142593384,0.7296516299247742,-0.06476325541734695,-0.7399582862854004,0,2000,strong30k,4,80,42,1.0,0.0,walk
610,12.200000000000001,1.0,0.0,-0.6009489297866821,0.7556682825088501,-0.07338036596775055,-0.5895649194717407,0,2000,strong30k,4,80,42,1.0,0.0,walk
611,12.22,1.0,0.0,-0.595349907875061,0.7917616963386536,-0.08755023777484894,-0.5443636178970337,0,2000,strong30k,4,80,42,1.0,0.0,walk
612,12.24,1.0,0.0,-0.5901376008987427,0.8299192190170288,-0.1086871474981308,-0.5618703365325928,0,2000,strong30k,4,80,42,1.0,0.0,walk
613,12.26,1.0,0.0,-0.58552086353302,0.8684436082839966,-0.12704530358314514,-0.5380350351333618,0,2000,strong30k,4,80,42,1.0,0.0,walk
614,12.280000000000001,1.0,0.0,-0.5820556879043579,0.9108239412307739,-0.14718493819236755,-0.4865211844444275,0,2000,strong30k,4,80,42,1.0,0.0,walk
615,12.3,1.0,0.0,-0.5790911912918091,0.9477749466896057,-0.1755383312702179,-0.48755744099617004,0,2000,strong30k,4,80,42,1.0,0.0,walk
616,12.32,1.0,0.0,-0.5746747255325317,0.9747378826141357,-0.20969060063362122,-0.5847092866897583,0,2000,strong30k,4,80,42,1.0,0.0,walk
617,12.34,1.0,0.0,-0.5687524080276489,0.9919894933700562,-0.23848310112953186,-0.5867108702659607,0,2000,strong30k,4,80,42,1.0,0.0,walk
618,12.36,1.0,0.0,-0.5635048151016235,0.9751113057136536,-0.25719815492630005,-0.5988187789916992,0,2000,strong30k,4,80,42,1.0,0.0,walk
619,12.38,1.0,0.0,-0.5580464601516724,0.884424090385437,-0.17426668107509613,-0.24557895958423615,0,2000,strong30k,4,80,42,1.0,0.0,walk
620,12.4,1.0,0.0,-0.5569754838943481,0.8188410997390747,-0.11729664355516434,-0.11818412691354752,0,2000,strong30k,4,80,42,1.0,0.0,walk
621,12.42,1.0,0.0,-0.5556188821792603,0.7802069187164307,-0.07462786883115768,-0.46398159861564636,0,2000,strong30k,4,80,42,1.0,0.0,walk
622,12.44,1.0,0.0,-0.5509210824966431,0.7648811340332031,-0.03713938966393471,-0.875930905342102,0,2000,strong30k,4,80,42,1.0,0.0,walk
623,12.46,1.0,0.0,-0.5423566102981567,0.7746490836143494,-0.006580753717571497,-1.2077574729919434,0,2000,strong30k,4,80,42,1.0,0.0,walk
624,12.48,1.0,0.0,-0.5338670015335083,0.7741198539733887,0.020771874114871025,-1.0243500471115112,0,2000,strong30k,4,80,42,1.0,0.0,walk
625,12.5,1.0,0.0,-0.526279091835022,0.7639374136924744,0.046859122812747955,-0.8928883671760559,0,2000,strong30k,4,80,42,1.0,0.0,walk
626,12.52,1.0,0.0,-0.5214687585830688,0.7396372556686401,0.07477331906557083,-0.5047155618667603,0,2000,strong30k,4,80,42,1.0,0.0,walk
627,12.540000000000001,1.0,0.0,-0.5197082757949829,0.7174462080001831,0.0996372178196907,-0.25716692209243774,0,2000,strong30k,4,80,42,1.0,0.0,walk
628,12.56,1.0,0.0,-0.5203539133071899,0.7182155847549438,0.1152823269367218,0.010485162027180195,0,2000,strong30k,4,80,42,1.0,0.0,walk
629,12.58,1.0,0.0,-0.5217114686965942,0.7277332544326782,0.12470248341560364,-0.019539525732398033,0,2000,strong30k,4,80,42,1.0,0.0,walk
630,12.6,1.0,0.0,-0.5221039056777954,0.7515334486961365,0.12994925677776337,-0.01942739449441433,0,2000,strong30k,4,80,42,1.0,0.0,walk
631,12.620000000000001,1.0,0.0,-0.5222426652908325,0.7712846398353577,0.14388729631900787,-0.02896745689213276,0,2000,strong30k,4,80,42,1.0,0.0,walk
632,12.64,1.0,0.0,-0.5224663019180298,0.808268666267395,0.16157110035419464,0.025805018842220306,0,2000,strong30k,4,80,42,1.0,0.0,walk
633,12.66,1.0,0.0,-0.5231496095657349,0.8529611825942993,0.17984282970428467,0.11672212183475494,0,2000,strong30k,4,80,42,1.0,0.0,walk
634,12.68,1.0,0.0,-0.5238786935806274,0.8993411660194397,0.1967901587486267,0.1079581007361412,0,2000,strong30k,4,80,42,1.0,0.0,walk
635,12.700000000000001,1.0,0.0,-0.5237237215042114,0.9458516240119934,0.21371158957481384,0.047814927995204926,0,2000,strong30k,4,80,42,1.0,0.0,walk
636,12.72,1.0,0.0,-0.5218015909194946,0.9862533807754517,0.23286782205104828,-0.09925564378499985,0,2000,strong30k,4,80,42,1.0,0.0,walk
637,12.74,1.0,0.0,-0.5182176828384399,1.0199369192123413,0.2609957754611969,-0.21352581679821014,0,2000,strong30k,4,80,42,1.0,0.0,walk
638,12.76,1.0,0.0,-0.514743447303772,1.0416415929794312,0.2992039620876312,-0.22589682042598724,0,2000,strong30k,4,80,42,1.0,0.0,walk
639,12.780000000000001,1.0,0.0,-0.5120612382888794,1.0613324642181396,0.33576691150665283,-0.1970885992050171,0,2000,strong30k,4,80,42,1.0,0.0,walk
640,12.8,1.0,0.0,-0.5108786821365356,0.9911705851554871,0.3253152370452881,0.5274240970611572,0,2000,strong30k,4,80,42,1.0,0.0,walk
641,12.82,1.0,0.0,-0.5099412202835083,0.9046052694320679,0.23937641084194183,-0.4007156789302826,0,2000,strong30k,4,80,42,1.0,0.0,walk
642,12.84,1.0,0.0,-0.5037218332290649,0.8144490122795105,0.16872185468673706,-0.4648556411266327,0,2000,strong30k,4,80,42,1.0,0.0,walk
643,12.86,1.0,0.0,-0.49743950366973877,0.7440859079360962,0.11091377586126328,-0.232862651348114,0,2000,strong30k,4,80,42,1.0,0.0,walk
644,12.88,1.0,0.0,-0.49401581287384033,0.7147938013076782,0.06513896584510803,0.06483998149633408,0,2000,strong30k,4,80,42,1.0,0.0,walk
645,12.9,1.0,0.0,-0.4933072328567505,0.7088884115219116,0.03688132017850876,0.25370827317237854,0,2000,strong30k,4,80,42,1.0,0.0,walk
646,12.92,1.0,0.0,-0.494543194770813,0.7148751020431519,0.010127884335815907,0.3148733079433441,0,2000,strong30k,4,80,42,1.0,0.0,walk
647,12.94,1.0,0.0,-0.49465906620025635,0.7130928635597229,-0.017367124557495117,0.09249517321586609,0,2000,strong30k,4,80,42,1.0,0.0,walk
648,12.96,1.0,0.0,-0.49286091327667236,0.7122728824615479,-0.03452484682202339,-0.1346968710422516,0,2000,strong30k,4,80,42,1.0,0.0,walk
649,12.98,1.0,0.0,-0.48901665210723877,0.7090091705322266,-0.050458237528800964,-0.3919680714607239,0,2000,strong30k,4,80,42,1.0,0.0,walk
650,13.0,1.0,0.0,-0.4832102060317993,0.7135634422302246,-0.05846274271607399,-0.5840132236480713,0,2000,strong30k,4,80,42,1.0,0.0,walk
651,13.02,1.0,0.0,-0.47590744495391846,0.7287958860397339,-0.0643652155995369,-0.7090280055999756,0,2000,strong30k,4,80,42,1.0,0.0,walk
652,13.040000000000001,1.0,0.0,-0.46925270557403564,0.752159595489502,-0.06924062222242355,-0.5552245378494263,0,2000,strong30k,4,80,42,1.0,0.0,walk
653,13.06,1.0,0.0,-0.46385347843170166,0.7900977730751038,-0.08133619278669357,-0.519037127494812,0,2000,strong30k,4,80,42,1.0,0.0,walk
654,13.08,1.0,0.0,-0.4587823152542114,0.8272354006767273,-0.10259142518043518,-0.5149600505828857,0,2000,strong30k,4,80,42,1.0,0.0,walk
655,13.1,1.0,0.0,-0.4547034502029419,0.8632420301437378,-0.1197739914059639,-0.44028612971305847,0,2000,strong30k,4,80,42,1.0,0.0,walk
656,13.120000000000001,1.0,0.0,-0.45192110538482666,0.9041864275932312,-0.13914689421653748,-0.382306843996048,0,2000,strong30k,4,80,42,1.0,0.0,walk
657,13.14,1.0,0.0,-0.4500633478164673,0.9440103769302368,-0.16484510898590088,-0.36469751596450806,0,2000,strong30k,4,80,42,1.0,0.0,walk
658,13.16,1.0,0.0,-0.44758474826812744,0.9778190851211548,-0.1989288330078125,-0.4483594298362732,0,2000,strong30k,4,80,42,1.0,0.0,walk
659,13.18,1.0,0.0,-0.4427891969680786,1.0010290145874023,-0.23354271054267883,-0.5613086819648743,0,2000,strong30k,4,80,42,1.0,0.0,walk
660,13.200000000000001,1.0,0.0,-0.4373213052749634,1.011576771736145,-0.25873318314552307,-0.5091766715049744,0,2000,strong30k,4,80,42,1.0,0.0,walk
661,13.22,1.0,0.0,-0.431559681892395,0.9321871399879456,-0.21582168340682983,-0.4482554495334625,0,2000,strong30k,4,80,42,1.0,0.0,walk
662,13.24,1.0,0.0,-0.4291740655899048,0.8517186641693115,-0.15124185383319855,-0.09909390658140182,0,2000,strong30k,4,80,42,1.0,0.0,walk
663,13.26,1.0,0.0,-0.4285823106765747,0.7970090508460999,-0.10151402652263641,-0.2763279974460602,0,2000,strong30k,4,80,42,1.0,0.0,walk
664,13.280000000000001,1.0,0.0,-0.42587196826934814,0.7705820202827454,-0.06255680322647095,-0.658570408821106,0,2000,strong30k,4,80,42,1.0,0.0,walk
665,13.3,1.0,0.0,-0.41902315616607666,0.7713430523872375,-0.0272584967315197,-1.0616419315338135,0,2000,strong30k,4,80,42,1.0,0.0,walk
666,13.32,1.0,0.0,-0.41051971912384033,0.7823766469955444,-0.002764867851510644,-1.097737193107605,0,2000,strong30k,4,80,42,1.0,0.0,walk
667,13.34,1.0,0.0,-0.40252840518951416,0.7800438404083252,0.02142619714140892,-0.9390295743942261,0,2000,strong30k,4,80,42,1.0,0.0,walk
668,13.36,1.0,0.0,-0.3971935510635376,0.7597793936729431,0.0502917654812336,-0.6013428568840027,0,2000,strong30k,4,80,42,1.0,0.0,walk
669,13.38,1.0,0.0,-0.39482367038726807,0.7388959527015686,0.0763411819934845,-0.2833227813243866,0,2000,strong30k,4,80,42,1.0,0.0,walk
670,13.4,1.0,0.0,-0.3951793909072876,0.7257675528526306,0.09608349204063416,-0.032029587775468826,0,2000,strong30k,4,80,42,1.0,0.0,walk
671,13.42,1.0,0.0,-0.3969780206680298,0.7325976490974426,0.10744231939315796,0.06019531935453415,0,2000,strong30k,4,80,42,1.0,0.0,walk
672,13.44,1.0,0.0,-0.3980756998062134,0.7516208291053772,0.11354126036167145,-0.01986563950777054,0,2000,strong30k,4,80,42,1.0,0.0,walk
673,13.46,1.0,0.0,-0.3983951807022095,0.7708114385604858,0.12478780746459961,-0.006895760074257851,0,2000,strong30k,4,80,42,1.0,0.0,walk
674,13.48,1.0,0.0,-0.39872562885284424,0.803345263004303,0.1398128867149353,0.01968315802514553,0,2000,strong30k,4,80,42,1.0,0.0,walk
675,13.5,1.0,0.0,-0.3997117280960083,0.8433251976966858,0.16022980213165283,0.13931521773338318,0,2000,strong30k,4,80,42,1.0,0.0,walk
676,13.52,1.0,0.0,-0.4009634256362915,0.8873805999755859,0.17761588096618652,0.1465061902999878,0,2000,strong30k,4,80,42,1.0,0.0,walk
677,13.540000000000001,1.0,0.0,-0.4016815423965454,0.9343135356903076,0.19315890967845917,0.121190644800663,0,2000,strong30k,4,80,42,1.0,0.0,walk
678,13.56,1.0,0.0,-0.4008437395095825,0.9769711494445801,0.20921677350997925,-0.019897937774658203,0,2000,strong30k,4,80,42,1.0,0.0,walk
679,13.58,1.0,0.0,-0.39805853366851807,1.0138369798660278,0.23171135783195496,-0.15991094708442688,0,2000,strong30k,4,80,42,1.0,0.0,walk
680,13.6,1.0,0.0,-0.3945971727371216,1.041608214378357,0.264849990606308,-0.20493564009666443,0,2000,strong30k,4,80,42,1.0,0.0,walk
681,13.620000000000001,1.0,0.0,-0.3919159173965454,1.0623871088027954,0.3013102114200592,-0.1735716313123703,0,2000,strong30k,4,80,42,1.0,0.0,walk
682,13.64,1.0,0.0,-0.3897496461868286,1.0773260593414307,0.3325008451938629,-0.16478419303894043,0,2000,strong30k,4,80,42,1.0,0.0,walk
683,13.66,1.0,0.0,-0.39074575901031494,0.9597882032394409,0.2641698122024536,-0.14849144220352173,0,2000,strong30k,4,80,42,1.0,0.0,walk
684,13.68,1.0,0.0,-0.38626110553741455,0.864197313785553,0.1845846176147461,-0.4643914997577667,0,2000,strong30k,4,80,42,1.0,0.0,walk
685,13.700000000000001,1.0,0.0,-0.3800088167190552,0.7809404730796814,0.12316170334815979,-0.3127730190753937,0,2000,strong30k,4,80,42,1.0,0.0,walk
686,13.72,1.0,0.0,-0.3753238916397095,0.7295774221420288,0.07336124777793884,-0.05606595426797867,0,2000,strong30k,4,80,42,1.0,0.0,walk
687,13.74,1.0,0.0,-0.3739973306655884,0.7238270044326782,0.039411261677742004,0.23050934076309204,0,2000,strong30k,4,80,42,1.0,0.0,walk
688,13.76,1.0,0.0,-0.3752943277359009,0.7224208116531372,0.014936381950974464,0.41512832045555115,0,2000,strong30k,4,80,42,1.0,0.0,walk
689,13.780000000000001,1.0,0.0,-0.37695324420928955,0.7167288064956665,-0.011005906388163567,0.2738780677318573,0,2000,strong30k,4,80,42,1.0,0.0,walk
690,13.8,1.0,0.0,-0.37631332874298096,0.7115316987037659,-0.03376074507832527,-0.04668682441115379,0,2000,strong30k,4,80,42,1.0,0.0,walk
691,13.82,1.0,0.0,-0.3739544153213501,0.7079606652259827,-0.0487002357840538,-0.1831388920545578,0,2000,strong30k,4,80,42,1.0,0.0,walk
692,13.84,1.0,0.0,-0.36947405338287354,0.7029067277908325,-0.06821546703577042,-0.45702943205833435,0,2000,strong30k,4,80,42,1.0,0.0,walk
693,13.86,1.0,0.0,-0.3634854555130005,0.7142859101295471,-0.07337307184934616,-0.5818019509315491,0,2000,strong30k,4,80,42,1.0,0.0,walk
694,13.88,1.0,0.0,-0.3570457696914673,0.73350590467453,-0.08071190863847733,-0.5939561128616333,0,2000,strong30k,4,80,42,1.0,0.0,walk
695,13.9,1.0,0.0,-0.35142576694488525,0.7582094073295593,-0.09200823307037354,-0.46945711970329285,0,2000,strong30k,4,80,42,1.0,0.0,walk
696,13.92,1.0,0.0,-0.3472357988357544,0.7986195087432861,-0.10533563047647476,-0.3889906406402588,0,2000,strong30k,4,80,42,1.0,0.0,walk
697,13.94,1.0,0.0,-0.34354937076568604,0.8378942012786865,-0.12675847113132477,-0.40612152218818665,0,2000,strong30k,4,80,42,1.0,0.0,walk
698,13.96,1.0,0.0,-0.3405410051345825,0.8776455521583557,-0.14616964757442474,-0.3803960978984833,0,2000,strong30k,4,80,42,1.0,0.0,walk
699,13.98,1.0,0.0,-0.3386770486831665,0.9191904664039612,-0.16811150312423706,-0.32927441596984863,0,2000,strong30k,4,80,42,1.0,0.0,walk
700,14.0,1.0,0.0,-0.33738863468170166,0.9556151032447815,-0.1983155757188797,-0.3162170946598053,0,2000,strong30k,4,80,42,1.0,0.0,walk
701,14.02,1.0,0.0,-0.3346620798110962,0.9824045300483704,-0.235012948513031,-0.4244104325771332,0,2000,strong30k,4,80,42,1.0,0.0,walk
702,14.040000000000001,1.0,0.0,-0.33009636402130127,1.0008968114852905,-0.2669588029384613,-0.4914689064025879,0,2000,strong30k,4,80,42,1.0,0.0,walk
703,14.06,1.0,0.0,-0.32559072971343994,1.0055402517318726,-0.2862311899662018,-0.40185049176216125,0,2000,strong30k,4,80,42,1.0,0.0,walk
704,14.08,1.0,0.0,-0.32057011127471924,0.8901617527008057,-0.2059817761182785,-0.16004276275634766,0,2000,strong30k,4,80,42,1.0,0.0,walk
705,14.1,1.0,0.0,-0.32083284854888916,0.8177812099456787,-0.14380452036857605,0.02012096345424652,0,2000,strong30k,4,80,42,1.0,0.0,walk
706,14.120000000000001,1.0,0.0,-0.32116472721099854,0.7728296518325806,-0.09767811745405197,-0.29065650701522827,0,2000,strong30k,4,80,42,1.0,0.0,walk
707,14.14,1.0,0.0,-0.3181649446487427,0.7532091736793518,-0.06015520915389061,-0.7142795920372009,0,2000,strong30k,4,80,42,1.0,0.0,walk
708,14.16,1.0,0.0,-0.3108731508255005,0.7558102011680603,-0.02892412431538105,-1.0761871337890625,0,2000,strong30k,4,80,42,1.0,0.0,walk
709,14.18,1.0,0.0,-0.30287182331085205,0.7621875405311584,-0.004325102083384991,-0.9777528047561646,0,2000,strong30k,4,80,42,1.0,0.0,walk
710,14.200000000000001,1.0,0.0,-0.2963367700576782,0.7523535490036011,0.020493660122156143,-0.7468317151069641,0,2000,strong30k,4,80,42,1.0,0.0,walk
711,14.22,1.0,0.0,-0.29322683811187744,0.7294614315032959,0.04928997531533241,-0.34146103262901306,0,2000,strong30k,4,80,42,1.0,0.0,walk
712,14.24,1.0,0.0,-0.29304516315460205,0.7119534015655518,0.07255811244249344,-0.07350203394889832,0,2000,strong30k,4,80,42,1.0,0.0,walk
713,14.26,1.0,0.0,-0.29483282566070557,0.702788233757019,0.08949387818574905,0.0929681658744812,0,2000,strong30k,4,80,42,1.0,0.0,walk
714,14.280000000000001,1.0,0.0,-0.29702770709991455,0.7104253172874451,0.1002897247672081,0.07810080796480179,0,2000,strong30k,4,80,42,1.0,0.0,walk
715,14.3,1.0,0.0,-0.2981811761856079,0.7304654121398926,0.1088445633649826,0.019047966226935387,0,2000,strong30k,4,80,42,1.0,0.0,walk
716,14.32,1.0,0.0,-0.2986060380935669,0.7480821013450623,0.12249691784381866,0.0033211857080459595,0,2000,strong30k,4,80,42,1.0,0.0,walk
717,14.34,1.0,0.0,-0.29881298542022705,0.7810708284378052,0.13880041241645813,0.02614438720047474,0,2000,strong30k,4,80,42,1.0,0.0,walk
718,14.36,1.0,0.0,-0.2995220422744751,0.8183905482292175,0.15991294384002686,0.11780942231416702,0,2000,strong30k,4,80,42,1.0,0.0,walk
719,14.38,1.0,0.0,-0.300573468208313,0.862784206867218,0.17729586362838745,0.1619190275669098,0,2000,strong30k,4,80,42,1.0,0.0,walk
720,14.4,1.0,0.0,-0.3010803461074829,0.9081077575683594,0.19257165491580963,0.1177159920334816,0,2000,strong30k,4,80,42,1.0,0.0,walk
721,14.42,1.0,0.0,-0.29979193210601807,0.9471955895423889,0.20943717658519745,-0.04075638949871063,0,2000,strong30k,4,80,42,1.0,0.0,walk
722,14.44,1.0,0.0,-0.29673635959625244,0.978482186794281,0.235781729221344,-0.15996751189231873,0,2000,strong30k,4,80,42,1.0,0.0,walk
723,14.46,1.0,0.0,-0.29389488697052,0.9999631643295288,0.27226120233535767,-0.14989463984966278,0,2000,strong30k,4,80,42,1.0,0.0,walk
724,14.48,1.0,0.0,-0.29213058948516846,1.0198014974594116,0.3072926104068756,-0.09923762083053589,0,2000,strong30k,4,80,42,1.0,0.0,walk
725,14.5,1.0,0.0,-0.2910343408584595,1.01924729347229,0.3191262483596802,0.08792424947023392,0,2000,strong30k,4,80,42,1.0,0.0,walk
726,14.52,1.0,0.0,-0.2919965982437134,0.8989959359169006,0.23775778710842133,-0.28285133838653564,0,2000,strong30k,4,80,42,1.0,0.0,walk
727,14.540000000000001,1.0,0.0,-0.2865101099014282,0.8125600814819336,0.16762606799602509,-0.46018341183662415,0,2000,strong30k,4,80,42,1.0,0.0,walk
728,14.56,1.0,0.0,-0.28032028675079346,0.7421844601631165,0.1129966601729393,-0.2496977001428604,0,2000,strong30k,4,80,42,1.0,0.0,walk
729,14.58,1.0,0.0,-0.2767406702041626,0.7088266611099243,0.07088984549045563,0.052947841584682465,0,2000,strong30k,4,80,42,1.0,0.0,walk
730,14.6,1.0,0.0,-0.2764049768447876,0.7117804288864136,0.042910385876894,0.2998407483100891,0,2000,strong30k,4,80,42,1.0,0.0,walk
731,14.620000000000001,1.0,0.0,-0.2784157991409302,0.7119630575180054,0.021809212863445282,0.4459086060523987,0,2000,strong30k,4,80,42,1.0,0.0,walk
732,14.64,1.0,0.0,-0.2801128625869751,0.7061054706573486,-0.003226622473448515,0.24446558952331543,0,2000,strong30k,4,80,42,1.0,0.0,walk
733,14.66,1.0,0.0,-0.2791687250137329,0.6979102492332458,-0.02385024167597294,-0.08816365897655487,0,2000,strong30k,4,80,42,1.0,0.0,walk
734,14.68,1.0,0.0,-0.27620232105255127,0.6915629506111145,-0.03879568725824356,-0.26001986861228943,0,2000,strong30k,4,80,42,1.0,0.0,walk
735,14.700000000000001,1.0,0.0,-0.2713080644607544,0.6884630918502808,-0.05499397963285446,-0.47570645809173584,0,2000,strong30k,4,80,42,1.0,0.0,walk
736,14.72,1.0,0.0,-0.2652980089187622,0.6993247866630554,-0.059244539588689804,-0.5804504752159119,0,2000,strong30k,4,80,42,1.0,0.0,walk
737,14.74,1.0,0.0,-0.2594205141067505,0.7193491458892822,-0.06581459939479828,-0.5202498435974121,0,2000,strong30k,4,80,42,1.0,0.0,walk
738,14.76,1.0,0.0,-0.2544790506362915,0.7434295415878296,-0.0796932503581047,-0.4183441996574402,0,2000,strong30k,4,80,42,1.0,0.0,walk
739,14.780000000000001,1.0,0.0,-0.25099384784698486,0.7844079732894897,-0.0927676409482956,-0.32582393288612366,0,2000,strong30k,4,80,42,1.0,0.0,walk
740,14.8,1.0,0.0,-0.2480168342590332,0.8236377239227295,-0.11446025222539902,-0.3500962257385254,0,2000,strong30k,4,80,42,1.0,0.0,walk
741,14.82,1.0,0.0,-0.24579882621765137,0.8652982711791992,-0.13376475870609283,-0.3146555423736572,0,2000,strong30k,4,80,42,1.0,0.0,walk
742,14.84,1.0,0.0,-0.24467194080352783,0.9054903388023376,-0.15715661644935608,-0.2650492787361145,0,2000,strong30k,4,80,42,1.0,0.0,walk
743,14.86,1.0,0.0,-0.24393832683563232,0.938877284526825,-0.18786224722862244,-0.256551057100296,0,2000,strong30k,4,80,42,1.0,0.0,walk
744,14.88,1.0,0.0,-0.24158430099487305,0.9626379013061523,-0.2236117124557495,-0.36510297656059265,0,2000,strong30k,4,80,42,1.0,0.0,walk
745,14.9,1.0,0.0,-0.23763680458068848,0.9796015620231628,-0.25372064113616943,-0.42444130778312683,0,2000,strong30k,4,80,42,1.0,0.0,walk
746,14.92,1.0,0.0,-0.23394322395324707,0.9613355398178101,-0.27673229575157166,-0.546358585357666,0,2000,strong30k,4,80,42,1.0,0.0,walk
747,14.94,1.0,0.0,-0.22943103313446045,0.8698017001152039,-0.1903282105922699,-0.14762736856937408,0,2000,strong30k,4,80,42,1.0,0.0,walk
748,14.96,1.0,0.0,-0.2300201654434204,0.8068763613700867,-0.13283070921897888,-0.0012028329074382782,0,2000,strong30k,4,80,42,1.0,0.0,walk
749,14.98,1.0,0.0,-0.23074722290039062,0.7675912380218506,-0.09122104197740555,-0.26509273052215576,0,2000,strong30k,4,80,42,1.0,0.0,walk
750,15.0,1.0,0.0,-0.22807085514068604,0.7518125772476196,-0.05623997375369072,-0.6925576329231262,0,2000,strong30k,4,80,42,1.0,0.0,walk
751,15.02,1.0,0.0,-0.221488356590271,0.7592682242393494,-0.02944452315568924,-1.0027958154678345,0,2000,strong30k,4,80,42,1.0,0.0,walk
752,15.040000000000001,1.0,0.0,-0.2145448923110962,0.7575567364692688,-0.001930034370161593,-0.8650267720222473,0,2000,strong30k,4,80,42,1.0,0.0,walk
753,15.06,1.0,0.0,-0.20841968059539795,0.7453708052635193,0.026888299733400345,-0.7322797179222107,0,2000,strong30k,4,80,42,1.0,0.0,walk
754,15.08,1.0,0.0,-0.2050931453704834,0.7265210747718811,0.05614062398672104,-0.3372138440608978,0,2000,strong30k,4,80,42,1.0,0.0,walk
755,15.1,1.0,0.0,-0.20454978942871094,0.7111308574676514,0.08091174066066742,-0.1378045380115509,0,2000,strong30k,4,80,42,1.0,0.0,walk
756,15.120000000000001,1.0,0.0,-0.20600521564483643,0.7183468341827393,0.09700039029121399,0.09960657358169556,0,2000,strong30k,4,80,42,1.0,0.0,walk
757,15.14,1.0,0.0,-0.20801806449890137,0.7329866886138916,0.10675772279500961,0.07545845210552216,0,2000,strong30k,4,80,42,1.0,0.0,walk
758,15.16,1.0,0.0,-0.2094324827194214,0.7599978446960449,0.11360069364309311,0.12310761958360672,0,2000,strong30k,4,80,42,1.0,0.0,walk
759,15.18,1.0,0.0,-0.21085548400878906,0.7817793488502502,0.12794743478298187,0.10962489992380142,0,2000,strong30k,4,80,42,1.0,0.0,walk
760,15.200000000000001,1.0,0.0,-0.21208477020263672,0.8178572058677673,0.1458951085805893,0.12051622569561005,0,2000,strong30k,4,80,42,1.0,0.0,walk
761,15.22,1.0,0.0,-0.21343493461608887,0.8625283241271973,0.16252501308918,0.1942860335111618,0,2000,strong30k,4,80,42,1.0,0.0,walk
762,15.24,1.0,0.0,-0.21479260921478271,0.9092071652412415,0.17851965129375458,0.19982211291790009,0,2000,strong30k,4,80,42,1.0,0.0,walk
763,15.26,1.0,0.0,-0.2152094841003418,0.956678032875061,0.1946294903755188,0.13481095433235168,0,2000,strong30k,4,80,42,1.0,0.0,walk
764,15.280000000000001,1.0,0.0,-0.21396803855895996,0.9943012595176697,0.21568651497364044,-0.005638498347252607,0,2000,strong30k,4,80,42,1.0,0.0,walk
765,15.3,1.0,0.0,-0.2118208408355713,1.0218074321746826,0.2474609613418579,-0.07793664187192917,0,2000,strong30k,4,80,42,1.0,0.0,walk
766,15.32,1.0,0.0,-0.21012139320373535,1.03830087184906,0.28316858410835266,-0.09815620630979538,0,2000,strong30k,4,80,42,1.0,0.0,walk
767,15.34,1.0,0.0,-0.20860803127288818,1.0526639223098755,0.31477853655815125,-0.1221088096499443,0,2000,strong30k,4,80,42,1.0,0.0,walk
768,15.36,1.0,0.0,-0.209436297416687,0.9476633667945862,0.2543928325176239,-0.02478506974875927,0,2000,strong30k,4,80,42,1.0,0.0,walk
769,15.38,1.0,0.0,-0.20575451850891113,0.8580759763717651,0.18208903074264526,-0.4418010115623474,0,2000,strong30k,4,80,42,1.0,0.0,walk
770,15.4,1.0,0.0,-0.20000100135803223,0.7759236693382263,0.12120053172111511,-0.24811126291751862,0,2000,strong30k,4,80,42,1.0,0.0,walk
771,15.42,1.0,0.0,-0.19607317447662354,0.7209742069244385,0.07106361538171768,0.04571479558944702,0,2000,strong30k,4,80,42,1.0,0.0,walk
772,15.44,1.0,0.0,-0.19582843780517578,0.7113666534423828,0.034211110323667526,0.3500654995441437,0,2000,strong30k,4,80,42,1.0,0.0,walk
773,15.46,1.0,0.0,-0.19813799858093262,0.7112258672714233,0.008815746754407883,0.5037391185760498,0,2000,strong30k,4,80,42,1.0,0.0,walk
774,15.48,1.0,0.0,-0.2007286548614502,0.7080461978912354,-0.01730160042643547,0.3637472689151764,0,2000,strong30k,4,80,42,1.0,0.0,walk
775,15.5,1.0,0.0,-0.20107698440551758,0.7049691081047058,-0.040051352232694626,0.05471270531415939,0,2000,strong30k,4,80,42,1.0,0.0,walk
776,15.52,1.0,0.0,-0.19949495792388916,0.699834942817688,-0.05417899787425995,-0.11423667520284653,0,2000,strong30k,4,80,42,1.0,0.0,walk
777,15.540000000000001,1.0,0.0,-0.19573986530303955,0.693950355052948,-0.07160360366106033,-0.3888283669948578,0,2000,strong30k,4,80,42,1.0,0.0,walk
778,15.56,1.0,0.0,-0.19043481349945068,0.7036222219467163,-0.07651157677173615,-0.5125171542167664,0,2000,strong30k,4,80,42,1.0,0.0,walk
779,15.58,1.0,0.0,-0.18454110622406006,0.7211217880249023,-0.08302412182092667,-0.5474989414215088,0,2000,strong30k,4,80,42,1.0,0.0,walk
780,15.6,1.0,0.0,-0.17947793006896973,0.7459726929664612,-0.09235404431819916,-0.4127723276615143,0,2000,strong30k,4,80,42,1.0,0.0,walk
781,15.620000000000001,1.0,0.0,-0.17579185962677002,0.7849141955375671,-0.10607154667377472,-0.34194880723953247,0,2000,strong30k,4,80,42,1.0,0.0,walk
782,15.64,1.0,0.0,-0.17270123958587646,0.8255612850189209,-0.12714633345603943,-0.3420603275299072,0,2000,strong30k,4,80,42,1.0,0.0,walk
783,15.66,1.0,0.0,-0.17028450965881348,0.865471601486206,-0.14765240252017975,-0.31140902638435364,0,2000,strong30k,4,80,42,1.0,0.0,walk
784,15.68,1.0,0.0,-0.16915297508239746,0.9066426753997803,-0.17002595961093903,-0.23713411390781403,0,2000,strong30k,4,80,42,1.0,0.0,walk
785,15.700000000000001,1.0,0.0,-0.16885530948638916,0.9430192112922668,-0.20074881613254547,-0.20475894212722778,0,2000,strong30k,4,80,42,1.0,0.0,walk
786,15.72,1.0,0.0,-0.167594313621521,0.9709482789039612,-0.2383260577917099,-0.29044556617736816,0,2000,strong30k,4,80,42,1.0,0.0,walk
787,15.74,1.0,0.0,-0.16429102420806885,0.9913342595100403,-0.2740991711616516,-0.40066495537757874,0,2000,strong30k,4,80,42,1.0,0.0,walk
788,15.76,1.0,0.0,-0.16048920154571533,1.0014265775680542,-0.30193498730659485,-0.35847291350364685,0,2000,strong30k,4,80,42,1.0,0.0,walk
789,15.780000000000001,1.0,0.0,-0.1555788516998291,0.9102082252502441,-0.23510688543319702,-0.3174492120742798,0,2000,strong30k,4,80,42,1.0,0.0,walk
790,15.8,1.0,0.0,-0.1552525758743286,0.8391318917274475,-0.16892671585083008,0.048516590148210526,0,2000,strong30k,4,80,42,1.0,0.0,walk
791,15.82,1.0,0.0,-0.15659260749816895,0.7937179803848267,-0.12007707357406616,-0.12981319427490234,0,2000,strong30k,4,80,42,1.0,0.0,walk
792,15.84,1.0,0.0,-0.1555103063583374,0.7718413472175598,-0.08093088865280151,-0.5177100300788879,0,2000,strong30k,4,80,42,1.0,0.0,walk
793,15.860000000000001,1.0,0.0,-0.15025067329406738,0.7729802131652832,-0.048318780958652496,-0.9090237617492676,0,2000,strong30k,4,80,42,1.0,0.0,walk
794,15.88,1.0,0.0,-0.14325261116027832,0.7825201153755188,-0.024173252284526825,-0.9308723211288452,0,2000,strong30k,4,80,42,1.0,0.0,walk
795,15.9,1.0,0.0,-0.13707804679870605,0.7757208943367004,0.0032223695889115334,-0.7390345335006714,0,2000,strong30k,4,80,42,1.0,0.0,walk
796,15.92,1.0,0.0,-0.1337592601776123,0.7570427060127258,0.034019917249679565,-0.39229342341423035,0,2000,strong30k,4,80,42,1.0,0.0,walk
797,15.94,1.0,0.0,-0.13324403762817383,0.740277111530304,0.059720706194639206,-0.1106603741645813,0,2000,strong30k,4,80,42,1.0,0.0,walk
798,15.96,1.0,0.0,-0.13498544692993164,0.733264684677124,0.07819735258817673,0.09547892212867737,0,2000,strong30k,4,80,42,1.0,0.0,walk
799,15.98,1.0,0.0,-0.13763225078582764,0.7442188262939453,0.08938600867986679,0.14615800976753235,0,2000,strong30k,4,80,42,1.0,0.0,walk
800,16.0,1.0,0.0,-0.1396934986114502,0.766753613948822,0.09607039391994476,0.11603466421365738,0,2000,strong30k,4,80,42,1.0,0.0,walk
801,16.02,1.0,0.0,-0.14136481285095215,0.7871397733688354,0.10850164294242859,0.13491453230381012,0,2000,strong30k,4,80,42,1.0,0.0,walk
802,16.04,1.0,0.0,-0.1429452896118164,0.8199558258056641,0.12382310628890991,0.14718887209892273,0,2000,strong30k,4,80,42,1.0,0.0,walk
803,16.06,1.0,0.0,-0.14479565620422363,0.8570518493652344,0.14361472427845,0.21342937648296356,0,2000,strong30k,4,80,42,1.0,0.0,walk
804,16.080000000000002,1.0,0.0,-0.14648127555847168,0.8993320465087891,0.1595708131790161,0.1890956610441208,0,2000,strong30k,4,80,42,1.0,0.0,walk
805,16.1,1.0,0.0,-0.14729857444763184,0.9452296495437622,0.1743081659078598,0.14568862318992615,0,2000,strong30k,4,80,42,1.0,0.0,walk
806,16.12,1.0,0.0,-0.14656853675842285,0.9866905212402344,0.19117732346057892,0.022343238815665245,0,2000,strong30k,4,80,42,1.0,0.0,walk
807,16.14,1.0,0.0,-0.14439713954925537,1.0193915367126465,0.21658504009246826,-0.0704672634601593,0,2000,strong30k,4,80,42,1.0,0.0,walk
808,16.16,1.0,0.0,-0.14260423183441162,1.0396586656570435,0.2508513927459717,-0.056067898869514465,0,2000,strong30k,4,80,42,1.0,0.0,walk
809,16.18,1.0,0.0,-0.14169394969940186,1.0570012331008911,0.2831260859966278,-0.0551159605383873,0,2000,strong30k,4,80,42,1.0,0.0,walk
810,16.2,1.0,0.0,-0.14129245281219482,0.9939581155776978,0.2756022810935974,0.5420352220535278,0,2000,strong30k,4,80,42,1.0,0.0,walk
811,16.22,1.0,0.0,-0.14067387580871582,0.9036913514137268,0.19577202200889587,-0.38919809460639954,0,2000,strong30k,4,80,42,1.0,0.0,walk
812,16.240000000000002,1.0,0.0,-0.13494479656219482,0.8147895932197571,0.129950612783432,-0.3987005650997162,0,2000,strong30k,4,80,42,1.0,0.0,walk
813,16.26,1.0,0.0,-0.12979960441589355,0.7456388473510742,0.07721197605133057,-0.08567938953638077,0,2000,strong30k,4,80,42,1.0,0.0,walk
814,16.28,1.0,0.0,-0.1279888153076172,0.716572642326355,0.03466370329260826,0.2299901843070984,0,2000,strong30k,4,80,42,1.0,0.0,walk
815,16.3,1.0,0.0,-0.12913072109222412,0.7125269770622253,0.007639816962182522,0.4460667371749878,0,2000,strong30k,4,80,42,1.0,0.0,walk
816,16.32,1.0,0.0,-0.13218331336975098,0.7176796197891235,-0.017336346209049225,0.49447596073150635,0,2000,strong30k,4,80,42,1.0,0.0,walk
817,16.34,1.0,0.0,-0.1340317726135254,0.7154538631439209,-0.04389462247490883,0.25231635570526123,0,2000,strong30k,4,80,42,1.0,0.0,walk
818,16.36,1.0,0.0,-0.13367676734924316,0.7096955180168152,-0.060038451105356216,0.0021488629281520844,0,2000,strong30k,4,80,42,1.0,0.0,walk
819,16.38,1.0,0.0,-0.13107025623321533,0.7030745148658752,-0.07538024336099625,-0.25977757573127747,0,2000,strong30k,4,80,42,1.0,0.0,walk
820,16.4,1.0,0.0,-0.12664437294006348,0.7068185210227966,-0.0814342200756073,-0.4395694136619568,0,2000,strong30k,4,80,42,1.0,0.0,walk
821,16.42,1.0,0.0,-0.12074291706085205,0.7196346521377563,-0.08678396046161652,-0.5606610178947449,0,2000,strong30k,4,80,42,1.0,0.0,walk
822,16.44,1.0,0.0,-0.11553311347961426,0.7435551285743713,-0.09055288881063461,-0.40508055686950684,0,2000,strong30k,4,80,42,1.0,0.0,walk
823,16.46,1.0,0.0,-0.111641526222229,0.7797269821166992,-0.10266571491956711,-0.3607576787471771,0,2000,strong30k,4,80,42,1.0,0.0,walk
824,16.48,1.0,0.0,-0.10815131664276123,0.8178682327270508,-0.12343811243772507,-0.35495853424072266,0,2000,strong30k,4,80,42,1.0,0.0,walk
825,16.5,1.0,0.0,-0.10554981231689453,0.8544317483901978,-0.14327339828014374,-0.2838975787162781,0,2000,strong30k,4,80,42,1.0,0.0,walk
826,16.52,1.0,0.0,-0.10433149337768555,0.894179105758667,-0.1648305058479309,-0.20304922759532928,0,2000,strong30k,4,80,42,1.0,0.0,walk
827,16.54,1.0,0.0,-0.10439586639404297,0.9325763583183289,-0.19201195240020752,-0.14728038012981415,0,2000,strong30k,4,80,42,1.0,0.0,walk
828,16.56,1.0,0.0,-0.10448813438415527,0.9661373496055603,-0.2272380143404007,-0.19870752096176147,0,2000,strong30k,4,80,42,1.0,0.0,walk
829,16.580000000000002,1.0,0.0,-0.10232460498809814,0.9902377724647522,-0.2672669589519501,-0.34909942746162415,0,2000,strong30k,4,80,42,1.0,0.0,walk
830,16.6,1.0,0.0,-0.09851217269897461,1.005172848701477,-0.29928654432296753,-0.39303824305534363,0,2000,strong30k,4,80,42,1.0,0.0,walk
831,16.62,1.0,0.0,-0.09484207630157471,0.9490622282028198,-0.28231433033943176,-0.8032802939414978,0,2000,strong30k,4,80,42,1.0,0.0,walk
832,16.64,1.0,0.0,-0.09224116802215576,0.8707072138786316,-0.21688590943813324,0.027424952015280724,0,2000,strong30k,4,80,42,1.0,0.0,walk
833,16.66,1.0,0.0,-0.09413063526153564,0.8020618557929993,-0.1571725457906723,0.06314782798290253,0,2000,strong30k,4,80,42,1.0,0.0,walk
834,16.68,1.0,0.0,-0.09508538246154785,0.7619997262954712,-0.1125219464302063,-0.2801610827445984,0,2000,strong30k,4,80,42,1.0,0.0,walk
835,16.7,1.0,0.0,-0.09213566780090332,0.7499580383300781,-0.07724720239639282,-0.7264254689216614,0,2000,strong30k,4,80,42,1.0,0.0,walk
836,16.72,1.0,0.0,-0.08644509315490723,0.7582122683525085,-0.05436200648546219,-0.8891036510467529,0,2000,strong30k,4,80,42,1.0,0.0,walk
837,16.740000000000002,1.0,0.0,-0.0803828239440918,0.7554715275764465,-0.02766871452331543,-0.7848156690597534,0,2000,strong30k,4,80,42,1.0,0.0,walk
838,16.76,1.0,0.0,-0.07546937465667725,0.7394866943359375,0.0052130091935396194,-0.6090638041496277,0,2000,strong30k,4,80,42,1.0,0.0,walk
839,16.78,1.0,0.0,-0.07314097881317139,0.718811571598053,0.03640911728143692,-0.26824894547462463,0,2000,strong30k,4,80,42,1.0,0.0,walk
840,16.8,1.0,0.0,-0.07341504096984863,0.7068392038345337,0.05995303764939308,-0.041329123079776764,0,2000,strong30k,4,80,42,1.0,0.0,walk
841,16.82,1.0,0.0,-0.07560575008392334,0.7172838449478149,0.07524535059928894,0.15372219681739807,0,2000,strong30k,4,80,42,1.0,0.0,walk
842,16.84,1.0,0.0,-0.07782566547393799,0.7392586469650269,0.0817776769399643,0.11758775264024734,0,2000,strong30k,4,80,42,1.0,0.0,walk
843,16.86,1.0,0.0,-0.07953619956970215,0.7616115212440491,0.09131301939487457,0.14446033537387848,0,2000,strong30k,4,80,42,1.0,0.0,walk
844,16.88,1.0,0.0,-0.0814964771270752,0.7910482883453369,0.10611619800329208,0.18493635952472687,0,2000,strong30k,4,80,42,1.0,0.0,walk
845,16.9,1.0,0.0,-0.08382678031921387,0.8279320597648621,0.1248568519949913,0.23922213912010193,0,2000,strong30k,4,80,42,1.0,0.0,walk
846,16.92,1.0,0.0,-0.08594131469726562,0.8734966516494751,0.13899457454681396,0.23644523322582245,0,2000,strong30k,4,80,42,1.0,0.0,walk
847,16.94,1.0,0.0,-0.0874779224395752,0.919282853603363,0.15334926545619965,0.19422166049480438,0,2000,strong30k,4,80,42,1.0,0.0,walk
848,16.96,1.0,0.0,-0.08762407302856445,0.9642034769058228,0.16800270974636078,0.0938531681895256,0,2000,strong30k,4,80,42,1.0,0.0,walk
849,16.98,1.0,0.0,-0.08638536930084229,1.002328634262085,0.18830513954162598,0.02154853567481041,0,2000,strong30k,4,80,42,1.0,0.0,walk
850,17.0,1.0,0.0,-0.08487248420715332,1.0284476280212402,0.21815724670886993,-0.003923472017049789,0,2000,strong30k,4,80,42,1.0,0.0,walk
851,17.02,1.0,0.0,-0.08430147171020508,1.0456455945968628,0.25093212723731995,0.025400016456842422,0,2000,strong30k,4,80,42,1.0,0.0,walk
852,17.04,1.0,0.0,-0.08406627178192139,1.0561165809631348,0.27782052755355835,0.008724112063646317,0,2000,strong30k,4,80,42,1.0,0.0,walk
853,17.06,1.0,0.0,-0.08560729026794434,0.9524341225624084,0.22389043867588043,-0.005091029219329357,0,2000,strong30k,4,80,42,1.0,0.0,walk
854,17.080000000000002,1.0,0.0,-0.08220648765563965,0.8590080142021179,0.15144161880016327,-0.4133357107639313,0,2000,strong30k,4,80,42,1.0,0.0,walk
855,17.1,1.0,0.0,-0.07662439346313477,0.774154782295227,0.09376070648431778,-0.21816180646419525,0,2000,strong30k,4,80,42,1.0,0.0,walk
856,17.12,1.0,0.0,-0.07301592826843262,0.7191930413246155,0.047121088951826096,0.08417341113090515,0,2000,strong30k,4,80,42,1.0,0.0,walk
857,17.14,1.0,0.0,-0.07328236103057861,0.7167429327964783,0.015339166857302189,0.3981230556964874,0,2000,strong30k,4,80,42,1.0,0.0,walk
858,17.16,1.0,0.0,-0.07615232467651367,0.7175201773643494,-0.008137062191963196,0.5661221146583557,0,2000,strong30k,4,80,42,1.0,0.0,walk
859,17.18,1.0,0.0,-0.07920718193054199,0.712446928024292,-0.033636078238487244,0.41105586290359497,0,2000,strong30k,4,80,42,1.0,0.0,walk
860,17.2,1.0,0.0,-0.07985913753509521,0.7072102427482605,-0.05585281550884247,0.08552142977714539,0,2000,strong30k,4,80,42,1.0,0.0,walk
861,17.22,1.0,0.0,-0.07860755920410156,0.7033707499504089,-0.06904169917106628,-0.07489194720983505,0,2000,strong30k,4,80,42,1.0,0.0,walk
862,17.240000000000002,1.0,0.0,-0.07521450519561768,0.6967657208442688,-0.08633007109165192,-0.33825889229774475,0,2000,strong30k,4,80,42,1.0,0.0,walk
863,17.26,1.0,0.0,-0.07038307189941406,0.7065612077713013,-0.09014827013015747,-0.4601292908191681,0,2000,strong30k,4,80,42,1.0,0.0,walk
864,17.28,1.0,0.0,-0.06513261795043945,0.7246500253677368,-0.09640184044837952,-0.4671415388584137,0,2000,strong30k,4,80,42,1.0,0.0,walk
865,17.3,1.0,0.0,-0.060765981674194336,0.7481476068496704,-0.10672468692064285,-0.3414549231529236,0,2000,strong30k,4,80,42,1.0,0.0,walk
866,17.32,1.0,0.0,-0.05785393714904785,0.7889614105224609,-0.11989542841911316,-0.2614308297634125,0,2000,strong30k,4,80,42,1.0,0.0,walk
867,17.34,1.0,0.0,-0.055410027503967285,0.828808605670929,-0.1416580080986023,-0.2773992419242859,0,2000,strong30k,4,80,42,1.0,0.0,walk
868,17.36,1.0,0.0,-0.05361771583557129,0.8684790134429932,-0.16176064312458038,-0.25120171904563904,0,2000,strong30k,4,80,42,1.0,0.0,walk
869,17.38,1.0,0.0,-0.05304408073425293,0.9091493487358093,-0.18476665019989014,-0.1790822297334671,0,2000,strong30k,4,80,42,1.0,0.0,walk
870,17.400000000000002,1.0,0.0,-0.053342461585998535,0.9455987811088562,-0.2158273309469223,-0.1382836401462555,0,2000,strong30k,4,80,42,1.0,0.0,walk
871,17.42,1.0,0.0,-0.05281186103820801,0.9737329483032227,-0.25417953729629517,-0.21433721482753754,0,2000,strong30k,4,80,42,1.0,0.0,walk
872,17.44,1.0,0.0,-0.0502469539642334,0.9951104521751404,-0.29149407148361206,-0.3354605734348297,0,2000,strong30k,4,80,42,1.0,0.0,walk
873,17.46,1.0,0.0,-0.04704725742340088,1.0073702335357666,-0.321333110332489,-0.3058266043663025,0,2000,strong30k,4,80,42,1.0,0.0,walk
874,17.48,1.0,0.0,-0.04270052909851074,0.9139847159385681,-0.26618635654449463,-0.2867271304130554,0,2000,strong30k,4,80,42,1.0,0.0,walk
875,17.5,1.0,0.0,-0.04285609722137451,0.8340559601783752,-0.195649191737175,0.1292269229888916,0,2000,strong30k,4,80,42,1.0,0.0,walk
876,17.52,1.0,0.0,-0.04522585868835449,0.7796548008918762,-0.1425704061985016,0.005703957751393318,0,2000,strong30k,4,80,42,1.0,0.0,walk
877,17.54,1.0,0.0,-0.045365333557128906,0.7495095729827881,-0.10169616341590881,-0.3978595435619354,0,2000,strong30k,4,80,42,1.0,0.0,walk
878,17.56,1.0,0.0,-0.041300058364868164,0.7450370788574219,-0.06928917020559311,-0.8024776577949524,0,2000,strong30k,4,80,42,1.0,0.0,walk
879,17.580000000000002,1.0,0.0,-0.03485679626464844,0.751066267490387,-0.04700476676225662,-0.9025285840034485,0,2000,strong30k,4,80,42,1.0,0.0,walk
880,17.6,1.0,0.0,-0.028896570205688477,0.742653489112854,-0.01844744011759758,-0.7267240881919861,0,2000,strong30k,4,80,42,1.0,0.0,walk
881,17.62,1.0,0.0,-0.025544047355651855,0.724304735660553,0.013371474109590054,-0.39361095428466797,0,2000,strong30k,4,80,42,1.0,0.0,walk
882,17.64,1.0,0.0,-0.025125503540039062,0.7073425650596619,0.04027092456817627,-0.08478143811225891,0,2000,strong30k,4,80,42,1.0,0.0,walk
883,17.66,1.0,0.0,-0.02698373794555664,0.6980631947517395,0.06060255691409111,0.10674125701189041,0,2000,strong30k,4,80,42,1.0,0.0,walk
884,17.68,1.0,0.0,-0.02977609634399414,0.7083770632743835,0.07346442341804504,0.17732463777065277,0,2000,strong30k,4,80,42,1.0,0.0,walk
885,17.7,1.0,0.0,-0.031969666481018066,0.7292556762695312,0.08155041933059692,0.12779846787452698,0,2000,strong30k,4,80,42,1.0,0.0,walk
886,17.72,1.0,0.0,-0.033864498138427734,0.751308023929596,0.09478124231100082,0.1719249039888382,0,2000,strong30k,4,80,42,1.0,0.0,walk
887,17.740000000000002,1.0,0.0,-0.03580820560455322,0.7804727554321289,0.11078525334596634,0.1800699234008789,0,2000,strong30k,4,80,42,1.0,0.0,walk
888,17.76,1.0,0.0,-0.037879347801208496,0.8161142468452454,0.12989060580730438,0.23662333190441132,0,2000,strong30k,4,80,42,1.0,0.0,walk
889,17.78,1.0,0.0,-0.039891600608825684,0.8568710088729858,0.14584967494010925,0.23285822570323944,0,2000,strong30k,4,80,42,1.0,0.0,walk
890,17.8,1.0,0.0,-0.04103052616119385,0.9009774923324585,0.16018787026405334,0.16821497678756714,0,2000,strong30k,4,80,42,1.0,0.0,walk
891,17.82,1.0,0.0,-0.04072701930999756,0.9434168338775635,0.17667999863624573,0.07826557010412216,0,2000,strong30k,4,80,42,1.0,0.0,walk
892,17.84,1.0,0.0,-0.03925490379333496,0.9758437871932983,0.20109820365905762,0.00446931179612875,0,2000,strong30k,4,80,42,1.0,0.0,walk
893,17.86,1.0,0.0,-0.03821158409118652,0.9966064691543579,0.23403982818126678,0.026849515736103058,0,2000,strong30k,4,80,42,1.0,0.0,walk
894,17.88,1.0,0.0,-0.0382155179977417,1.0136101245880127,0.26556894183158875,0.045582421123981476,0,2000,strong30k,4,80,42,1.0,0.0,walk
895,17.900000000000002,1.0,0.0,-0.03836965560913086,1.0191982984542847,0.2836594879627228,0.03419401869177818,0,2000,strong30k,4,80,42,1.0,0.0,walk
896,17.92,1.0,0.0,-0.03982901573181152,0.89827561378479,0.20547112822532654,-0.21532535552978516,0,2000,strong30k,4,80,42,1.0,0.0,walk
897,17.94,1.0,0.0,-0.035016417503356934,0.8129587173461914,0.1405210644006729,-0.42009174823760986,0,2000,strong30k,4,80,42,1.0,0.0,walk
898,17.96,1.0,0.0,-0.029443860054016113,0.7401395440101624,0.08817893266677856,-0.1426296979188919,0,2000,strong30k,4,80,42,1.0,0.0,walk
899,17.98,1.0,0.0,-0.027140378952026367,0.7050632238388062,0.04715646803379059,0.2032892256975174,0,2000,strong30k,4,80,42,1.0,0.0,walk
900,18.0,1.0,0.0,-0.028571367263793945,0.7088068127632141,0.019085723906755447,0.48511046171188354,0,2000,strong30k,4,80,42,1.0,0.0,walk
901,18.02,1.0,0.0,-0.0322493314743042,0.7098339200019836,-0.0028835171833634377,0.6036953330039978,0,2000,strong30k,4,80,42,1.0,0.0,walk
902,18.04,1.0,0.0,-0.03543663024902344,0.7024899125099182,-0.026996104046702385,0.3903000056743622,0,2000,strong30k,4,80,42,1.0,0.0,walk
903,18.06,1.0,0.0,-0.03587210178375244,0.694591224193573,-0.04619520902633667,0.03981729596853256,0,2000,strong30k,4,80,42,1.0,0.0,walk
904,18.080000000000002,1.0,0.0,-0.03404796123504639,0.6871019601821899,-0.05973490700125694,-0.14987270534038544,0,2000,strong30k,4,80,42,1.0,0.0,walk
905,18.1,1.0,0.0,-0.030126214027404785,0.6816689968109131,-0.07436881959438324,-0.3863857090473175,0,2000,strong30k,4,80,42,1.0,0.0,walk
906,18.12,1.0,0.0,-0.025008797645568848,0.692405104637146,-0.07806834578514099,-0.4840766191482544,0,2000,strong30k,4,80,42,1.0,0.0,walk
907,18.14,1.0,0.0,-0.019932031631469727,0.7116518616676331,-0.08375922590494156,-0.4436566233634949,0,2000,strong30k,4,80,42,1.0,0.0,walk
908,18.16,1.0,0.0,-0.015806913375854492,0.737204372882843,-0.09593557566404343,-0.33496972918510437,0,2000,strong30k,4,80,42,1.0,0.0,walk
909,18.18,1.0,0.0,-0.01305079460144043,0.7784376740455627,-0.11024702340364456,-0.2557692527770996,0,2000,strong30k,4,80,42,1.0,0.0,walk
910,18.2,1.0,0.0,-0.010870218276977539,0.8180795907974243,-0.1320696622133255,-0.2582106590270996,0,2000,strong30k,4,80,42,1.0,0.0,walk
911,18.22,1.0,0.0,-0.009547829627990723,0.8591895699501038,-0.15254348516464233,-0.21413078904151917,0,2000,strong30k,4,80,42,1.0,0.0,walk
912,18.240000000000002,1.0,0.0,-0.00946354866027832,0.8986589312553406,-0.17687104642391205,-0.1402808129787445,0,2000,strong30k,4,80,42,1.0,0.0,walk
913,18.26,1.0,0.0,-0.010069847106933594,0.9323074221611023,-0.20884934067726135,-0.11315780133008957,0,2000,strong30k,4,80,42,1.0,0.0,walk
914,18.28,1.0,0.0,-0.009322881698608398,0.9573431611061096,-0.2468152791261673,-0.2224145531654358,0,2000,strong30k,4,80,42,1.0,0.0,walk
915,18.3,1.0,0.0,-0.006697654724121094,0.9759190082550049,-0.2814790904521942,-0.32425618171691895,0,2000,strong30k,4,80,42,1.0,0.0,walk
916,18.32,1.0,0.0,-0.003956198692321777,0.9857488870620728,-0.30929237604141235,-0.25505509972572327,0,2000,strong30k,4,80,42,1.0,0.0,walk
917,18.34,1.0,0.0,4.0650367736816406e-05,0.8881773948669434,-0.2387998402118683,-0.20251016318798065,0,2000,strong30k,4,80,42,1.0,0.0,walk
918,18.36,1.0,0.0,-0.0009201765060424805,0.8182047009468079,-0.17499561607837677,0.12688705325126648,0,2000,strong30k,4,80,42,1.0,0.0,walk
919,18.38,1.0,0.0,-0.003386259078979492,0.7708358764648438,-0.12835104763507843,-0.04372059181332588,0,2000,strong30k,4,80,42,1.0,0.0,walk
920,18.400000000000002,1.0,0.0,-0.0032235383987426758,0.7469528317451477,-0.09190717339515686,-0.4324057996273041,0,2000,strong30k,4,80,42,1.0,0.0,walk
921,18.42,1.0,0.0,0.0008405447006225586,0.7454067468643188,-0.06027018651366234,-0.7748389840126038,0,2000,strong30k,4,80,42,1.0,0.0,walk
922,18.44,1.0,0.0,0.006621956825256348,0.7503730058670044,-0.03731107339262962,-0.808272123336792,0,2000,strong30k,4,80,42,1.0,0.0,walk
923,18.46,1.0,0.0,0.011535286903381348,0.741111695766449,-0.008539837785065174,-0.6150727868080139,0,2000,strong30k,4,80,42,1.0,0.0,walk
924,18.48,1.0,0.0,0.013861656188964844,0.7258240580558777,0.02252768725156784,-0.2939786911010742,0,2000,strong30k,4,80,42,1.0,0.0,walk
925,18.5,1.0,0.0,0.01379251480102539,0.7138538956642151,0.04797302186489105,-0.05372118949890137,0,2000,strong30k,4,80,42,1.0,0.0,walk
926,18.52,1.0,0.0,0.01205432415008545,0.7129300832748413,0.06712107360363007,0.09265018254518509,0,2000,strong30k,4,80,42,1.0,0.0,walk
927,18.54,1.0,0.0,0.009725332260131836,0.7286083698272705,0.07962961494922638,0.14061576128005981,0,2000,strong30k,4,80,42,1.0,0.0,walk
928,18.56,1.0,0.0,0.0077779293060302734,0.7526658177375793,0.08970512449741364,0.13500605523586273,0,2000,strong30k,4,80,42,1.0,0.0,walk
929,18.580000000000002,1.0,0.0,0.005702018737792969,0.7777101993560791,0.10400036722421646,0.21269795298576355,0,2000,strong30k,4,80,42,1.0,0.0,walk
930,18.6,1.0,0.0,0.00365293025970459,0.8093849420547485,0.12013210356235504,0.19943340122699738,0,2000,strong30k,4,80,42,1.0,0.0,walk
931,18.62,1.0,0.0,0.0013926029205322266,0.8485117554664612,0.13942885398864746,0.2750580906867981,0,2000,strong30k,4,80,42,1.0,0.0,walk
932,18.64,1.0,0.0,-0.0006948709487915039,0.8913848996162415,0.1551438719034195,0.24200767278671265,0,2000,strong30k,4,80,42,1.0,0.0,walk
933,18.66,1.0,0.0,-0.0015245676040649414,0.9372141361236572,0.16913676261901855,0.16157278418540955,0,2000,strong30k,4,80,42,1.0,0.0,walk
934,18.68,1.0,0.0,-0.0007864236831665039,0.9762944579124451,0.1879211813211441,0.05178174003958702,0,2000,strong30k,4,80,42,1.0,0.0,walk
935,18.7,1.0,0.0,0.0006355047225952148,1.0027694702148438,0.21785452961921692,-0.004618138540536165,0,2000,strong30k,4,80,42,1.0,0.0,walk
936,18.72,1.0,0.0,0.0012662410736083984,1.0205817222595215,0.25127309560775757,0.02215716242790222,0,2000,strong30k,4,80,42,1.0,0.0,walk
937,18.740000000000002,1.0,0.0,0.0013381242752075195,1.033541202545166,0.27918845415115356,0.031215224415063858,0,2000,strong30k,4,80,42,1.0,0.0,walk
938,18.76,1.0,0.0,-0.00019121170043945312,0.9439953565597534,0.2320527881383896,0.10002679377794266,0,2000,strong30k,4,80,42,1.0,0.0,walk
939,18.78,1.0,0.0,0.0019783973693847656,0.8609841465950012,0.15905068814754486,-0.3419821858406067,0,2000,strong30k,4,80,42,1.0,0.0,walk
940,18.8,1.0,0.0,0.00727236270904541,0.7837742567062378,0.10051858425140381,-0.27515414357185364,0,2000,strong30k,4,80,42,1.0,0.0,walk
941,18.82,1.0,0.0,0.011550664901733398,0.7317500114440918,0.05692918226122856,0.0023799859918653965,0,2000,strong30k,4,80,42,1.0,0.0,walk
942,18.84,1.0,0.0,0.012002229690551758,0.7282919883728027,0.02537005953490734,0.34035995602607727,0,2000,strong30k,4,80,42,1.0,0.0,walk
943,18.86,1.0,0.0,0.009582996368408203,0.7277963161468506,0.0019943302031606436,0.5328428745269775,0,2000,strong30k,4,80,42,1.0,0.0,walk
944,18.88,1.0,0.0,0.006836533546447754,0.7211025357246399,-0.023956751450896263,0.3958874046802521,0,2000,strong30k,4,80,42,1.0,0.0,walk
945,18.900000000000002,1.0,0.0,0.006142854690551758,0.7145609259605408,-0.04690663889050484,0.11398359388113022,0,2000,strong30k,4,80,42,1.0,0.0,walk
946,18.92,1.0,0.0,0.007107734680175781,0.7077292799949646,-0.05989355221390724,-0.03770853206515312,0,2000,strong30k,4,80,42,1.0,0.0,walk
947,18.94,1.0,0.0,0.010121345520019531,0.6976766586303711,-0.07764117419719696,-0.29063621163368225,0,2000,strong30k,4,80,42,1.0,0.0,walk
948,18.96,1.0,0.0,0.014528274536132812,0.7047637701034546,-0.08118937909603119,-0.4178452789783478,0,2000,strong30k,4,80,42,1.0,0.0,walk
949,18.98,1.0,0.0,0.019512414932250977,0.7197486758232117,-0.08723651617765427,-0.4429727792739868,0,2000,strong30k,4,80,42,1.0,0.0,walk
950,19.0,1.0,0.0,0.023726701736450195,0.7429136037826538,-0.09647398442029953,-0.32565146684646606,0,2000,strong30k,4,80,42,1.0,0.0,walk
951,19.02,1.0,0.0,0.026543378829956055,0.7822834253311157,-0.10904887318611145,-0.24026016891002655,0,2000,strong30k,4,80,42,1.0,0.0,walk
952,19.04,1.0,0.0,0.028647899627685547,0.819782555103302,-0.12998083233833313,-0.22347567975521088,0,2000,strong30k,4,80,42,1.0,0.0,walk
953,19.06,1.0,0.0,0.02991962432861328,0.8576915860176086,-0.14954255521297455,-0.18740856647491455,0,2000,strong30k,4,80,42,1.0,0.0,walk
954,19.080000000000002,1.0,0.0,0.030051827430725098,0.8971158266067505,-0.17234836518764496,-0.12822729349136353,0,2000,strong30k,4,80,42,1.0,0.0,walk
955,19.1,1.0,0.0,0.02922666072845459,0.9333612322807312,-0.20168830454349518,-0.08436203002929688,0,2000,strong30k,4,80,42,1.0,0.0,walk
956,19.12,1.0,0.0,0.02883744239807129,0.9620723128318787,-0.2390645146369934,-0.13783670961856842,0,2000,strong30k,4,80,42,1.0,0.0,walk
957,19.14,1.0,0.0,0.030523061752319336,0.9838290810585022,-0.27800387144088745,-0.27341073751449585,0,2000,strong30k,4,80,42,1.0,0.0,walk
958,19.16,1.0,0.0,0.03327655792236328,0.9967445135116577,-0.30967095494270325,-0.28396815061569214,0,2000,strong30k,4,80,42,1.0,0.0,walk
959,19.18,1.0,0.0,0.03692209720611572,0.9235951900482178,-0.2727232575416565,-0.4147534668445587,0,2000,strong30k,4,80,42,1.0,0.0,walk
960,19.2,1.0,0.0,0.03724026679992676,0.8442443609237671,-0.20045457780361176,0.12706196308135986,0,2000,strong30k,4,80,42,1.0,0.0,walk
961,19.22,1.0,0.0,0.03429913520812988,0.785792350769043,-0.14679494500160217,0.08405227959156036,0,2000,strong30k,4,80,42,1.0,0.0,walk
962,19.240000000000002,1.0,0.0,0.03300189971923828,0.7532463073730469,-0.10637876391410828,-0.2822340130805969,0,2000,strong30k,4,80,42,1.0,0.0,walk
963,19.26,1.0,0.0,0.03589820861816406,0.7467396259307861,-0.07478295266628265,-0.7102110385894775,0,2000,strong30k,4,80,42,1.0,0.0,walk
964,19.28,1.0,0.0,0.04163944721221924,0.7542847394943237,-0.05297581106424332,-0.8714425563812256,0,2000,strong30k,4,80,42,1.0,0.0,walk
965,19.3,1.0,0.0,0.04742026329040527,0.7487491965293884,-0.02449507638812065,-0.7311930060386658,0,2000,strong30k,4,80,42,1.0,0.0,walk
966,19.32,1.0,0.0,0.05095779895782471,0.7333564162254333,0.008265706710517406,-0.43366503715515137,0,2000,strong30k,4,80,42,1.0,0.0,walk
967,19.34,1.0,0.0,0.05177295207977295,0.7184258103370667,0.03718942403793335,-0.13168440759181976,0,2000,strong30k,4,80,42,1.0,0.0,walk
968,19.36,1.0,0.0,0.050254106521606445,0.7114253640174866,0.059300895780324936,0.07045082747936249,0,2000,strong30k,4,80,42,1.0,0.0,walk
969,19.38,1.0,0.0,0.047655463218688965,0.7259276509284973,0.0723554715514183,0.1622508317232132,0,2000,strong30k,4,80,42,1.0,0.0,walk
970,19.400000000000002,1.0,0.0,0.04536557197570801,0.7500660419464111,0.07977575808763504,0.14822816848754883,0,2000,strong30k,4,80,42,1.0,0.0,walk
971,19.42,1.0,0.0,0.04320955276489258,0.7736245393753052,0.09174218028783798,0.19701296091079712,0,2000,strong30k,4,80,42,1.0,0.0,walk
972,19.44,1.0,0.0,0.04097282886505127,0.8046747446060181,0.10627090185880661,0.211422860622406,0,2000,strong30k,4,80,42,1.0,0.0,walk
973,19.46,1.0,0.0,0.03852248191833496,0.8424704074859619,0.12461133301258087,0.2743968963623047,0,2000,strong30k,4,80,42,1.0,0.0,walk
974,19.48,1.0,0.0,0.036185503005981445,0.88531494140625,0.1399819403886795,0.25423383712768555,0,2000,strong30k,4,80,42,1.0,0.0,walk
975,19.5,1.0,0.0,0.03471493721008301,0.9324712753295898,0.1532653272151947,0.21075931191444397,0,2000,strong30k,4,80,42,1.0,0.0,walk
976,19.52,1.0,0.0,0.03460705280303955,0.9770867824554443,0.16875426471233368,0.1189156249165535,0,2000,strong30k,4,80,42,1.0,0.0,walk
977,19.54,1.0,0.0,0.03569364547729492,1.0104596614837646,0.1926160454750061,0.03757920116186142,0,2000,strong30k,4,80,42,1.0,0.0,walk
978,19.56,1.0,0.0,0.036277055740356445,1.030800461769104,0.2247331291437149,0.05694377049803734,0,2000,strong30k,4,80,42,1.0,0.0,walk
979,19.580000000000002,1.0,0.0,0.03603029251098633,1.047469139099121,0.2540762722492218,0.04388170689344406,0,2000,strong30k,4,80,42,1.0,0.0,walk
980,19.6,1.0,0.0,0.035637855529785156,0.991648256778717,0.24910445511341095,0.5731933116912842,0,2000,strong30k,4,80,42,1.0,0.0,walk
981,19.62,1.0,0.0,0.035491228103637695,0.9007495045661926,0.1733677089214325,-0.36155933141708374,0,2000,strong30k,4,80,42,1.0,0.0,walk
982,19.64,1.0,0.0,0.040900230407714844,0.8118942975997925,0.10926859080791473,-0.3775108754634857,0,2000,strong30k,4,80,42,1.0,0.0,walk
983,19.66,1.0,0.0,0.04579639434814453,0.7402859330177307,0.058795858174562454,-0.041308607906103134,0,2000,strong30k,4,80,42,1.0,0.0,walk
984,19.68,1.0,0.0,0.04694700241088867,0.7097256183624268,0.019419526681303978,0.3125847578048706,0,2000,strong30k,4,80,42,1.0,0.0,walk
985,19.7,1.0,0.0,0.04474365711212158,0.7037575840950012,-0.007274320349097252,0.5742096304893494,0,2000,strong30k,4,80,42,1.0,0.0,walk
986,19.72,1.0,0.0,0.040364623069763184,0.7074822187423706,-0.031406622380018234,0.648053765296936,0,2000,strong30k,4,80,42,1.0,0.0,walk
987,19.740000000000002,1.0,0.0,0.03706479072570801,0.7055652737617493,-0.05799219012260437,0.37929674983024597,0,2000,strong30k,4,80,42,1.0,0.0,walk
988,19.76,1.0,0.0,0.03638017177581787,0.6993513107299805,-0.07377639412879944,0.091342031955719,0,2000,strong30k,4,80,42,1.0,0.0,walk
989,19.78,1.0,0.0,0.03817582130432129,0.6908463835716248,-0.08819112926721573,-0.18356864154338837,0,2000,strong30k,4,80,42,1.0,0.0,walk
990,19.8,1.0,0.0,0.04197728633880615,0.6903780102729797,-0.09519197046756744,-0.3753090798854828,0,2000,strong30k,4,80,42,1.0,0.0,walk
991,19.82,1.0,0.0,0.046974897384643555,0.7003493905067444,-0.09915561974048615,-0.4583550989627838,0,2000,strong30k,4,80,42,1.0,0.0,walk
992,19.84,1.0,0.0,0.0513763427734375,0.7259857654571533,-0.10384343564510345,-0.3377249240875244,0,2000,strong30k,4,80,42,1.0,0.0,walk
993,19.86,1.0,0.0,0.054641127586364746,0.7586455941200256,-0.11719753593206406,-0.301255464553833,0,2000,strong30k,4,80,42,1.0,0.0,walk
994,19.88,1.0,0.0,0.05754256248474121,0.7973516583442688,-0.13733208179473877,-0.30168673396110535,0,2000,strong30k,4,80,42,1.0,0.0,walk
995,19.900000000000002,1.0,0.0,0.059766530990600586,0.8355006575584412,-0.15789709985256195,-0.24628448486328125,0,2000,strong30k,4,80,42,1.0,0.0,walk
996,19.92,1.0,0.0,0.06063985824584961,0.8747080564498901,-0.17993444204330444,-0.1581520140171051,0,2000,strong30k,4,80,42,1.0,0.0,walk
997,19.94,1.0,0.0,0.06003010272979736,0.9123664498329163,-0.2070797234773636,-0.07582633942365646,0,2000,strong30k,4,80,42,1.0,0.0,walk
998,19.96,1.0,0.0,0.05895066261291504,0.9454279541969299,-0.24232643842697144,-0.0843101516366005,0,2000,strong30k,4,80,42,1.0,0.0,walk
999,19.98,1.0,0.0,1.2362512350082397,0.969054639339447,-0.28399667143821716,-0.21756964921951294,0,2000,strong30k,4,80,42,1.0,0.0,walk
1000,20.0,1.0,0.0,1.2388731241226196,0.9850594997406006,-0.32032495737075806,-0.30448856949806213,0,2000,strong30k,4,80,42,1.0,0.0,walk
1001,20.02,1.0,0.0,1.2411540746688843,0.9916243553161621,-0.3505460023880005,-0.20591099560260773,0,2000,strong30k,4,80,42,1.0,0.0,walk
1002,20.04,1.0,0.0,1.2445529699325562,0.8738930225372314,-0.2597487270832062,-0.053746938705444336,0,2000,strong30k,4,80,42,1.0,0.0,walk
1003,20.06,1.0,0.0,1.242611289024353,0.8061975240707397,-0.192890465259552,0.13152381777763367,0,2000,strong30k,4,80,42,1.0,0.0,walk
1004,20.080000000000002,1.0,0.0,1.2403970956802368,0.7635639905929565,-0.148153156042099,-0.07905540615320206,0,2000,strong30k,4,80,42,1.0,0.0,walk
1005,20.1,1.0,0.0,1.2409073114395142,0.7464649081230164,-0.11304797232151031,-0.451476514339447,0,2000,strong30k,4,80,42,1.0,0.0,walk
1006,20.12,1.0,0.0,1.2447558641433716,0.7466621398925781,-0.09001825749874115,-0.7185521125793457,0,2000,strong30k,4,80,42,1.0,0.0,walk
1007,20.14,1.0,0.0,1.24954092502594,0.7456563115119934,-0.0686713233590126,-0.6844748258590698,0,2000,strong30k,4,80,42,1.0,0.0,walk
1008,20.16,1.0,0.0,1.2531977891921997,0.7355931997299194,-0.03960815817117691,-0.4617065489292145,0,2000,strong30k,4,80,42,1.0,0.0,walk
1009,20.18,1.0,0.0,1.2538319826126099,0.7238256335258484,-0.010367504321038723,-0.06255149096250534,0,2000,strong30k,4,80,42,1.0,0.0,walk
1010,20.2,1.0,0.0,1.2513591051101685,0.7132910490036011,0.012670709751546383,0.19244824349880219,0,2000,strong30k,4,80,42,1.0,0.0,walk
1011,20.22,1.0,0.0,1.2461689710617065,0.7275044322013855,0.02442650869488716,0.5029255151748657,0,2000,strong30k,4,80,42,1.0,0.0,walk
1012,20.240000000000002,1.0,0.0,1.2396832704544067,0.7463876605033875,0.029675843194127083,0.5666681528091431,0,2000,strong30k,4,80,42,1.0,0.0,walk
1013,20.26,1.0,0.0,1.2326370477676392,0.7735183835029602,0.03111005760729313,0.7172322869300842,0,2000,strong30k,4,80,42,1.0,0.0,walk
1014,20.28,1.0,0.0,1.224763035774231,0.8010552525520325,0.03758915141224861,0.7640551328659058,0,2000,strong30k,4,80,42,1.0,0.0,walk
1015,20.3,1.0,0.0,1.217192530632019,0.8346872925758362,0.04621453955769539,0.7172096967697144,0,2000,strong30k,4,80,42,1.0,0.0,walk
1016,20.32,1.0,0.0,1.209941029548645,0.8766420483589172,0.05569525435566902,0.7450793385505676,0,2000,strong30k,4,80,42,1.0,0.0,walk
1017,20.34,1.0,0.0,1.203109860420227,0.9229708909988403,0.06286410987377167,0.7142608165740967,0,2000,strong30k,4,80,42,1.0,0.0,walk
1018,20.36,1.0,0.0,1.1969870328903198,0.9744401574134827,0.06873180717229843,0.7153216600418091,0,2000,strong30k,4,80,42,1.0,0.0,walk
1019,20.38,1.0,0.0,1.1913169622421265,1.0174684524536133,0.07669071108102798,0.7093110084533691,0,2000,strong30k,4,80,42,1.0,0.0,walk
1020,20.400000000000002,1.0,0.0,1.1852692365646362,1.0440356731414795,0.09026128053665161,0.7288179397583008,0,2000,strong30k,4,80,42,1.0,0.0,walk
1021,20.42,1.0,0.0,1.1787029504776,1.0537387132644653,0.10277926921844482,0.6422243714332581,0,2000,strong30k,4,80,42,1.0,0.0,walk
1022,20.44,1.0,0.0,1.1737960577011108,1.049882411956787,0.1015147715806961,0.30922600626945496,0,2000,strong30k,4,80,42,1.0,0.0,walk
1023,20.46,1.0,0.0,1.1699622869491577,0.9547477960586548,0.0449693500995636,0.3011700510978699,0,2000,strong30k,4,80,42,1.0,0.0,walk
1024,20.48,1.0,0.0,1.169744610786438,0.865712583065033,-0.010630110278725624,-0.0017332229763269424,0,2000,strong30k,4,80,42,1.0,0.0,walk
1025,20.5,1.0,0.0,1.17162024974823,0.794044017791748,-0.056269656866788864,0.17529511451721191,0,2000,strong30k,4,80,42,1.0,0.0,walk
1026,20.52,1.0,0.0,1.1711512804031372,0.757991373538971,-0.08816608786582947,0.5393247604370117,0,2000,strong30k,4,80,42,1.0,0.0,walk
1027,20.54,1.0,0.0,1.1664456129074097,0.7711137533187866,-0.11247574537992477,0.9171243906021118,0,2000,strong30k,4,80,42,1.0,0.0,walk
1028,20.56,1.0,0.0,1.1582618951797485,0.7853213548660278,-0.1295534074306488,1.1409932374954224,0,2000,strong30k,4,80,42,1.0,0.0,walk
1029,20.580000000000002,1.0,0.0,1.1487094163894653,0.7866551280021667,-0.15646296739578247,1.0949268341064453,0,2000,strong30k,4,80,42,1.0,0.0,walk
1030,20.6,1.0,0.0,1.1409307718276978,0.7789934873580933,-0.18180987238883972,0.7590471506118774,0,2000,strong30k,4,80,42,1.0,0.0,walk
1031,20.62,1.0,0.0,1.1358920335769653,0.7692073583602905,-0.2021932601928711,0.4946952164173126,0,2000,strong30k,4,80,42,1.0,0.0,walk
1032,20.64,1.0,0.0,1.1335679292678833,0.7652567625045776,-0.22134214639663696,0.21386268734931946,0,2000,strong30k,4,80,42,1.0,0.0,walk
1033,20.66,1.0,0.0,1.133055329322815,0.7782089114189148,-0.22814634442329407,0.051771875470876694,0,2000,strong30k,4,80,42,1.0,0.0,walk
1034,20.68,1.0,0.0,1.1334220170974731,0.8029382824897766,-0.23762555420398712,-0.024458229541778564,0,2000,strong30k,4,80,42,1.0,0.0,walk
1035,20.7,1.0,0.0,1.1339765787124634,0.8377586007118225,-0.251524955034256,-0.02877163141965866,0,2000,strong30k,4,80,42,1.0,0.0,walk
1036,20.72,1.0,0.0,1.1335893869400024,0.8821743726730347,-0.2713856101036072,0.06821130216121674,0,2000,strong30k,4,80,42,1.0,0.0,walk
1037,20.740000000000002,1.0,0.0,1.1328293085098267,0.9354327917098999,-0.3034980595111847,0.023624327033758163,0,2000,strong30k,4,80,42,1.0,0.0,walk
1038,20.76,1.0,0.0,1.1312838792800903,0.9857495427131653,-0.33401229977607727,0.08477255702018738,0,2000,strong30k,4,80,42,1.0,0.0,walk
1039,20.78,1.0,0.0,1.1282883882522583,1.0319474935531616,-0.3681534230709076,0.21629345417022705,0,2000,strong30k,4,80,42,1.0,0.0,walk
1040,20.8,1.0,0.0,1.1239773035049438,1.0699554681777954,-0.4099368155002594,0.3471135199069977,0,2000,strong30k,4,80,42,1.0,0.0,walk
1041,20.82,1.0,0.0,1.1198440790176392,1.0984015464782715,-0.46091389656066895,0.3526633083820343,0,2000,strong30k,4,80,42,1.0,0.0,walk
1042,20.84,1.0,0.0,1.11636221408844,1.1243985891342163,-0.5146633386611938,0.2944963574409485,0,2000,strong30k,4,80,42,1.0,0.0,walk
1043,20.86,1.0,0.0,1.1164485216140747,1.0246403217315674,-0.46127650141716003,-0.34635135531425476,0,2000,strong30k,4,80,42,1.0,0.0,walk
1044,20.88,1.0,0.0,1.1150308847427368,0.9306455254554749,-0.3492046892642975,0.3895910680294037,0,2000,strong30k,4,80,42,1.0,0.0,walk
1045,20.900000000000002,1.0,0.0,1.1092878580093384,0.843230128288269,-0.262713223695755,0.4141028821468353,0,2000,strong30k,4,80,42,1.0,0.0,walk
1046,20.92,1.0,0.0,1.1052356958389282,0.7904075384140015,-0.2107926607131958,-0.01883346401154995,0,2000,strong30k,4,80,42,1.0,0.0,walk
1047,20.94,1.0,0.0,1.1057783365249634,0.7637456059455872,-0.1778101921081543,-0.48345494270324707,0,2000,strong30k,4,80,42,1.0,0.0,walk
1048,20.96,1.0,0.0,1.1086593866348267,0.754924476146698,-0.1594885289669037,-0.506309449672699,0,2000,strong30k,4,80,42,1.0,0.0,walk
1049,20.98,1.0,0.0,1.1098471879959106,0.7415006756782532,-0.12917162477970123,-0.1636648327112198,0,2000,strong30k,4,80,42,1.0,0.0,walk
1050,21.0,1.0,0.0,1.1070176362991333,0.724310576915741,-0.09305441379547119,0.2572357654571533,0,2000,strong30k,4,80,42,1.0,0.0,walk
1051,21.02,1.0,0.0,1.1004549264907837,0.7025038599967957,-0.0641513243317604,0.5848299860954285,0,2000,strong30k,4,80,42,1.0,0.0,walk
1052,21.04,1.0,0.0,1.0924698114395142,0.6843256950378418,-0.043600354343652725,0.5936158895492554,0,2000,strong30k,4,80,42,1.0,0.0,walk
1053,21.06,1.0,0.0,1.0853902101516724,0.6920873522758484,-0.027761755511164665,0.5172603130340576,0,2000,strong30k,4,80,42,1.0,0.0,walk
1054,21.080000000000002,1.0,0.0,1.0803500413894653,0.7110947966575623,-0.017249831929802895,0.3661511540412903,0,2000,strong30k,4,80,42,1.0,0.0,walk
1055,21.1,1.0,0.0,1.0762969255447388,0.7266458868980408,-0.0022175076883286238,0.3643094599246979,0,2000,strong30k,4,80,42,1.0,0.0,walk
1056,21.12,1.0,0.0,1.072383999824524,0.750342845916748,0.013253170065581799,0.36809083819389343,0,2000,strong30k,4,80,42,1.0,0.0,walk
1057,21.14,1.0,0.0,1.0677801370620728,0.782978355884552,0.030184360221028328,0.5200343728065491,0,2000,strong30k,4,80,42,1.0,0.0,walk
1058,21.16,1.0,0.0,1.0621920824050903,0.8268296718597412,0.04134548455476761,0.6421592235565186,0,2000,strong30k,4,80,42,1.0,0.0,walk
1059,21.18,1.0,0.0,1.0560141801834106,0.8733957409858704,0.0516720749437809,0.71572345495224,0,2000,strong30k,4,80,42,1.0,0.0,walk
1060,21.2,1.0,0.0,1.0501757860183716,0.922433078289032,0.05879705399274826,0.7104755640029907,0,2000,strong30k,4,80,42,1.0,0.0,walk
1061,21.22,1.0,0.0,1.0448981523513794,0.9618992209434509,0.07046724110841751,0.6857427358627319,0,2000,strong30k,4,80,42,1.0,0.0,walk
1062,21.240000000000002,1.0,0.0,1.039725422859192,0.9847660660743713,0.0897432193160057,0.6305967569351196,0,2000,strong30k,4,80,42,1.0,0.0,walk
1063,21.26,1.0,0.0,1.033776879310608,0.9967654943466187,0.11138161271810532,0.6171237826347351,0,2000,strong30k,4,80,42,1.0,0.0,walk
1064,21.28,1.0,0.0,1.0276957750320435,0.9943656325340271,0.11578141897916794,0.47893738746643066,0,2000,strong30k,4,80,42,1.0,0.0,walk
1065,21.3,1.0,0.0,1.0226885080337524,0.907254695892334,0.06953602284193039,0.259968101978302,0,2000,strong30k,4,80,42,1.0,0.0,walk
1066,21.32,1.0,0.0,1.0226727724075317,0.8246306777000427,0.01854710839688778,-0.05770620331168175,0,2000,strong30k,4,80,42,1.0,0.0,walk
1067,21.34,1.0,0.0,1.02422297000885,0.7522779107093811,-0.02868982031941414,0.14276014268398285,0,2000,strong30k,4,80,42,1.0,0.0,walk
1068,21.36,1.0,0.0,1.0237008333206177,0.7075507640838623,-0.0644155964255333,0.4797198474407196,0,2000,strong30k,4,80,42,1.0,0.0,walk
1069,21.38,1.0,0.0,1.0194975137710571,0.7110454440116882,-0.08930566161870956,0.7786203026771545,0,2000,strong30k,4,80,42,1.0,0.0,walk
1070,21.400000000000002,1.0,0.0,1.01278555393219,0.7201372385025024,-0.10529766976833344,0.9518773555755615,0,2000,strong30k,4,80,42,1.0,0.0,walk
1071,21.42,1.0,0.0,1.0051199197769165,0.7201950550079346,-0.12302616983652115,0.9303397536277771,0,2000,strong30k,4,80,42,1.0,0.0,walk
1072,21.44,1.0,0.0,0.9986110925674438,0.7162120342254639,-0.14023244380950928,0.6877420544624329,0,2000,strong30k,4,80,42,1.0,0.0,walk
1073,21.46,1.0,0.0,0.994094967842102,0.7077827453613281,-0.15424655377864838,0.4762963056564331,0,2000,strong30k,4,80,42,1.0,0.0,walk
1074,21.48,1.0,0.0,0.9916969537734985,0.701270580291748,-0.1699216216802597,0.25039005279541016,0,2000,strong30k,4,80,42,1.0,0.0,walk
1075,21.5,1.0,0.0,0.9907442331314087,0.7078533172607422,-0.1758471131324768,0.11067502200603485,0,2000,strong30k,4,80,42,1.0,0.0,walk
1076,21.52,1.0,0.0,0.99067223072052,0.7259387969970703,-0.1815284639596939,0.01895127445459366,0,2000,strong30k,4,80,42,1.0,0.0,walk
1077,21.54,1.0,0.0,0.9909592866897583,0.7545437216758728,-0.1902383267879486,-0.003562390571460128,0,2000,strong30k,4,80,42,1.0,0.0,walk
1078,21.56,1.0,0.0,0.9909864664077759,0.7960121631622314,-0.2039545625448227,-0.003449780400842428,0,2000,strong30k,4,80,42,1.0,0.0,walk
1079,21.580000000000002,1.0,0.0,0.9911290407180786,0.8394641280174255,-0.22639809548854828,-0.04831663519144058,0,2000,strong30k,4,80,42,1.0,0.0,walk
1080,21.6,1.0,0.0,0.9910584688186646,0.8835384249687195,-0.24941284954547882,-0.04681779816746712,0,2000,strong30k,4,80,42,1.0,0.0,walk
1081,21.62,1.0,0.0,0.9898110628128052,0.9269599914550781,-0.27391311526298523,0.06672923266887665,0,2000,strong30k,4,80,42,1.0,0.0,walk
1082,21.64,1.0,0.0,0.9869872331619263,0.9669044613838196,-0.30404338240623474,0.1976790875196457,0,2000,strong30k,4,80,42,1.0,0.0,walk
1083,21.66,1.0,0.0,0.9831939935684204,1.0016674995422363,-0.34188026189804077,0.2844458818435669,0,2000,strong30k,4,80,42,1.0,0.0,walk
1084,21.68,1.0,0.0,0.9798570871353149,1.0305742025375366,-0.38697555661201477,0.2771996557712555,0,2000,strong30k,4,80,42,1.0,0.0,walk
1085,21.7,1.0,0.0,0.976810097694397,1.051465392112732,-0.43145987391471863,0.29774782061576843,0,2000,strong30k,4,80,42,1.0,0.0,walk
1086,21.72,1.0,0.0,0.9747267961502075,0.9848989844322205,-0.41684088110923767,-0.30362245440483093,0,2000,strong30k,4,80,42,1.0,0.0,walk
1087,21.740000000000002,1.0,0.0,0.9729586839675903,0.8918054103851318,-0.3174373209476471,0.498290091753006,0,2000,strong30k,4,80,42,1.0,0.0,walk
1088,21.76,1.0,0.0,0.9653397798538208,0.8149659037590027,-0.25052350759506226,0.6048383116722107,0,2000,strong30k,4,80,42,1.0,0.0,walk
1089,21.78,1.0,0.0,0.9590989351272583,0.7665702700614929,-0.20960555970668793,0.18693828582763672,0,2000,strong30k,4,80,42,1.0,0.0,walk
1090,21.8,1.0,0.0,0.9579726457595825,0.7446423172950745,-0.18213951587677002,-0.349433571100235,0,2000,strong30k,4,80,42,1.0,0.0,walk
1091,21.82,1.0,0.0,0.9603086709976196,0.739990234375,-0.1622595638036728,-0.505739688873291,0,2000,strong30k,4,80,42,1.0,0.0,walk
1092,21.84,1.0,0.0,0.9621554613113403,0.7287520170211792,-0.13237428665161133,-0.2843998670578003,0,2000,strong30k,4,80,42,1.0,0.0,walk
1093,21.86,1.0,0.0,0.961220383644104,0.713641881942749,-0.09701216220855713,0.028880517929792404,0,2000,strong30k,4,80,42,1.0,0.0,walk
1094,21.88,1.0,0.0,0.957187294960022,0.6969426870346069,-0.06658319383859634,0.3484344780445099,0,2000,strong30k,4,80,42,1.0,0.0,walk
1095,21.900000000000002,1.0,0.0,0.9517899751663208,0.6862452626228333,-0.045395880937576294,0.38084352016448975,0,2000,strong30k,4,80,42,1.0,0.0,walk
1096,21.92,1.0,0.0,0.9462786912918091,0.6980697512626648,-0.031444087624549866,0.44541752338409424,0,2000,strong30k,4,80,42,1.0,0.0,walk
1097,21.94,1.0,0.0,0.9416576623916626,0.717745840549469,-0.023049307987093925,0.36401963233947754,0,2000,strong30k,4,80,42,1.0,0.0,walk
1098,21.96,1.0,0.0,0.9375268220901489,0.7375776171684265,-0.011957455426454544,0.4112561345100403,0,2000,strong30k,4,80,42,1.0,0.0,walk
1099,21.98,1.0,0.0,0.9330888986587524,0.7595049142837524,0.0036695515736937523,0.4334135353565216,0,2000,strong30k,4,80,42,1.0,0.0,walk
1100,22.0,1.0,0.0,0.9281493425369263,0.7933254241943359,0.019435500726103783,0.5368333458900452,0,2000,strong30k,4,80,42,1.0,0.0,walk
1101,22.02,1.0,0.0,0.9226809740066528,0.8370147943496704,0.03036600723862648,0.6111068725585938,0,2000,strong30k,4,80,42,1.0,0.0,walk
1102,22.04,1.0,0.0,0.917181134223938,0.8867854475975037,0.03834369778633118,0.6386173367500305,0,2000,strong30k,4,80,42,1.0,0.0,walk
1103,22.06,1.0,0.0,0.9124184846878052,0.9357941150665283,0.04594152793288231,0.5951066017150879,0,2000,strong30k,4,80,42,1.0,0.0,walk
1104,22.080000000000002,1.0,0.0,0.9083777666091919,0.9727242588996887,0.059524551033973694,0.5531063675880432,0,2000,strong30k,4,80,42,1.0,0.0,walk
1105,22.1,1.0,0.0,0.9039343595504761,0.9950766563415527,0.08013220131397247,0.549220085144043,0,2000,strong30k,4,80,42,1.0,0.0,walk
1106,22.12,1.0,0.0,0.8987373113632202,1.0096240043640137,0.0978623777627945,0.5146639943122864,0,2000,strong30k,4,80,42,1.0,0.0,walk
1107,22.14,1.0,0.0,0.893907904624939,1.0072963237762451,0.09930086135864258,0.3932734727859497,0,2000,strong30k,4,80,42,1.0,0.0,walk
1108,22.16,1.0,0.0,0.8898588418960571,0.9058471918106079,0.05769522488117218,0.214695543050766,0,2000,strong30k,4,80,42,1.0,0.0,walk
1109,22.18,1.0,0.0,0.8904644250869751,0.8237267732620239,0.006069887429475784,-0.062278423458337784,0,2000,strong30k,4,80,42,1.0,0.0,walk
1110,22.2,1.0,0.0,0.8927394151687622,0.751255214214325,-0.032533880323171616,0.13857732713222504,0,2000,strong30k,4,80,42,1.0,0.0,walk
1111,22.22,1.0,0.0,0.8926416635513306,0.7131751775741577,-0.06223905086517334,0.4639627933502197,0,2000,strong30k,4,80,42,1.0,0.0,walk
1112,22.240000000000002,1.0,0.0,0.8886948823928833,0.7201442718505859,-0.08298037946224213,0.7877534031867981,0,2000,strong30k,4,80,42,1.0,0.0,walk
1113,22.26,1.0,0.0,0.8817611932754517,0.7300074100494385,-0.09884865581989288,0.9901288747787476,0,2000,strong30k,4,80,42,1.0,0.0,walk
1114,22.28,1.0,0.0,0.873731255531311,0.7289008498191833,-0.11850732564926147,0.9408259391784668,0,2000,strong30k,4,80,42,1.0,0.0,walk
1115,22.3,1.0,0.0,0.8674854040145874,0.7229505181312561,-0.13783656060695648,0.6241795420646667,0,2000,strong30k,4,80,42,1.0,0.0,walk
1116,22.32,1.0,0.0,0.8636409044265747,0.7158499956130981,-0.15230080485343933,0.3987317681312561,0,2000,strong30k,4,80,42,1.0,0.0,walk
1117,22.34,1.0,0.0,0.8620239496231079,0.7135070562362671,-0.1673470437526703,0.16148541867733002,0,2000,strong30k,4,80,42,1.0,0.0,walk
1118,22.36,1.0,0.0,0.8619586229324341,0.7248973250389099,-0.17173521220684052,0.005714540369808674,0,2000,strong30k,4,80,42,1.0,0.0,walk
1119,22.38,1.0,0.0,0.8628746271133423,0.7456913590431213,-0.18056342005729675,-0.08041061460971832,0,2000,strong30k,4,80,42,1.0,0.0,walk
1120,22.400000000000002,1.0,0.0,0.8637715578079224,0.7761244773864746,-0.1903894543647766,-0.05810805782675743,0,2000,strong30k,4,80,42,1.0,0.0,walk
1121,22.42,1.0,0.0,0.8641947507858276,0.8195989727973938,-0.20674903690814972,-0.05350705236196518,0,2000,strong30k,4,80,42,1.0,0.0,walk
1122,22.44,1.0,0.0,0.8646954298019409,0.8634006381034851,-0.2322036325931549,-0.09157457202672958,0,2000,strong30k,4,80,42,1.0,0.0,walk
1123,22.46,1.0,0.0,0.8647929430007935,0.9089363813400269,-0.25756457448005676,-0.07372085750102997,0,2000,strong30k,4,80,42,1.0,0.0,walk
1124,22.48,1.0,0.0,0.8633967638015747,0.9517066478729248,-0.2849704325199127,0.0765705481171608,0,2000,strong30k,4,80,42,1.0,0.0,walk
1125,22.5,1.0,0.0,0.8602596521377563,0.9859824776649475,-0.31725332140922546,0.23102432489395142,0,2000,strong30k,4,80,42,1.0,0.0,walk
1126,22.52,1.0,0.0,0.8568202257156372,1.0186700820922852,-0.3600403368473053,0.2412850558757782,0,2000,strong30k,4,80,42,1.0,0.0,walk
1127,22.54,1.0,0.0,0.8540183305740356,1.0428826808929443,-0.40528249740600586,0.2569877505302429,0,2000,strong30k,4,80,42,1.0,0.0,walk
1128,22.56,1.0,0.0,0.8512483835220337,1.0596024990081787,-0.4491240084171295,0.23897039890289307,0,2000,strong30k,4,80,42,1.0,0.0,walk
1129,22.580000000000002,1.0,0.0,0.8522332906723022,0.9481345415115356,-0.3680034875869751,-0.09229396283626556,0,2000,strong30k,4,80,42,1.0,0.0,walk
1130,22.6,1.0,0.0,0.8492666482925415,0.861703634262085,-0.2840547263622284,0.3754008710384369,0,2000,strong30k,4,80,42,1.0,0.0,walk
1131,22.62,1.0,0.0,0.8435145616531372,0.8009653091430664,-0.22442466020584106,0.3131902813911438,0,2000,strong30k,4,80,42,1.0,0.0,walk
1132,22.64,1.0,0.0,0.8402615785598755,0.7611278891563416,-0.18593767285346985,-0.125535249710083,0,2000,strong30k,4,80,42,1.0,0.0,walk
1133,22.66,1.0,0.0,0.8412524461746216,0.7467311024665833,-0.1577422171831131,-0.48960503935813904,0,2000,strong30k,4,80,42,1.0,0.0,walk
1134,22.68,1.0,0.0,0.8439842462539673,0.7440836429595947,-0.13564030826091766,-0.47710540890693665,0,2000,strong30k,4,80,42,1.0,0.0,walk
1135,22.7,1.0,0.0,0.8450242280960083,0.7340685129165649,-0.10596858710050583,-0.18394695222377777,0,2000,strong30k,4,80,42,1.0,0.0,walk
1136,22.72,1.0,0.0,0.8426641225814819,0.7189874649047852,-0.07176440209150314,0.17437376081943512,0,2000,strong30k,4,80,42,1.0,0.0,walk
1137,22.740000000000002,1.0,0.0,0.8377798795700073,0.7059654593467712,-0.04571029543876648,0.39376890659332275,0,2000,strong30k,4,80,42,1.0,0.0,walk
1138,22.76,1.0,0.0,0.8320568799972534,0.7013121843338013,-0.025005286559462547,0.40776878595352173,0,2000,strong30k,4,80,42,1.0,0.0,walk
1139,22.78,1.0,0.0,0.8267616033554077,0.7159210443496704,-0.011263139545917511,0.40503332018852234,0,2000,strong30k,4,80,42,1.0,0.0,walk
1140,22.8,1.0,0.0,0.8226629495620728,0.7384915351867676,-0.0019831915851682425,0.31886380910873413,0,2000,strong30k,4,80,42,1.0,0.0,walk
1141,22.82,1.0,0.0,0.8190404176712036,0.7599206566810608,0.011574847623705864,0.3566942512989044,0,2000,strong30k,4,80,42,1.0,0.0,walk
1142,22.84,1.0,0.0,0.8151155710220337,0.7876622676849365,0.02807113714516163,0.40753626823425293,0,2000,strong30k,4,80,42,1.0,0.0,walk
1143,22.86,1.0,0.0,0.8106194734573364,0.8228440284729004,0.04441089555621147,0.4984961748123169,0,2000,strong30k,4,80,42,1.0,0.0,walk
1144,22.88,1.0,0.0,0.8055492639541626,0.8676921725273132,0.056162383407354355,0.5870352983474731,0,2000,strong30k,4,80,42,1.0,0.0,walk
1145,22.900000000000002,1.0,0.0,0.8007498979568481,0.9166710376739502,0.06363978981971741,0.565975546836853,0,2000,strong30k,4,80,42,1.0,0.0,walk
1146,22.92,1.0,0.0,0.7968026399612427,0.9625094532966614,0.07350211590528488,0.5300595760345459,0,2000,strong30k,4,80,42,1.0,0.0,walk
1147,22.94,1.0,0.0,0.7934533357620239,0.9920384287834167,0.09071941673755646,0.46165063977241516,0,2000,strong30k,4,80,42,1.0,0.0,walk
1148,22.96,1.0,0.0,0.7894078493118286,1.0092109441757202,0.11335594207048416,0.46996721625328064,0,2000,strong30k,4,80,42,1.0,0.0,walk
1149,22.98,1.0,0.0,0.7848502397537231,1.0164531469345093,0.12764348089694977,0.43622612953186035,0,2000,strong30k,4,80,42,1.0,0.0,walk
1150,23.0,1.0,0.0,0.7809888124465942,0.9516200423240662,0.10367663204669952,0.4904429316520691,0,2000,strong30k,4,80,42,1.0,0.0,walk
1151,23.02,1.0,0.0,0.7799984216690063,0.8686953783035278,0.047886669635772705,-0.13164988160133362,0,2000,strong30k,4,80,42,1.0,0.0,walk
1152,23.04,1.0,0.0,0.7831276655197144,0.786446213722229,-0.00040241656824946404,-0.12351510673761368,0,2000,strong30k,4,80,42,1.0,0.0,walk
1153,23.06,1.0,0.0,0.7856303453445435,0.7281203269958496,-0.04088527336716652,0.19115301966667175,0,2000,strong30k,4,80,42,1.0,0.0,walk
1154,23.080000000000002,1.0,0.0,0.7842143774032593,0.7166857123374939,-0.06585454195737839,0.5617760419845581,0,2000,strong30k,4,80,42,1.0,0.0,walk
1155,23.1,1.0,0.0,0.779384970664978,0.7203948497772217,-0.08276879787445068,0.8296663165092468,0,2000,strong30k,4,80,42,1.0,0.0,walk
1156,23.12,1.0,0.0,0.7727214097976685,0.7224022746086121,-0.10154922306537628,0.866934597492218,0,2000,strong30k,4,80,42,1.0,0.0,walk
1157,23.14,1.0,0.0,0.766759991645813,0.7191184759140015,-0.12216273695230484,0.6658281683921814,0,2000,strong30k,4,80,42,1.0,0.0,walk
1158,23.16,1.0,0.0,0.7625740766525269,0.7103340029716492,-0.1366957426071167,0.4425279498100281,0,2000,strong30k,4,80,42,1.0,0.0,walk
1159,23.18,1.0,0.0,0.7609316110610962,0.6994436979293823,-0.15230044722557068,0.15789367258548737,0,2000,strong30k,4,80,42,1.0,0.0,walk
1160,23.2,1.0,0.0,0.7611035108566284,0.7025294303894043,-0.15752658247947693,-0.003870487678796053,0,2000,strong30k,4,80,42,1.0,0.0,walk
1161,23.22,1.0,0.0,0.7623745203018188,0.7185616493225098,-0.16120631992816925,-0.10374579578638077,0,2000,strong30k,4,80,42,1.0,0.0,walk
1162,23.240000000000002,1.0,0.0,0.7637687921524048,0.7427460551261902,-0.17024275660514832,-0.07375968247652054,0,2000,strong30k,4,80,42,1.0,0.0,walk
1163,23.26,1.0,0.0,0.7642232179641724,0.7821440696716309,-0.18241767585277557,-0.02105986699461937,0,2000,strong30k,4,80,42,1.0,0.0,walk
1164,23.28,1.0,0.0,0.7641688585281372,0.822932243347168,-0.20406708121299744,0.0006139188189990819,0,2000,strong30k,4,80,42,1.0,0.0,walk
1165,23.3,1.0,0.0,0.7635456323623657,0.8638193607330322,-0.22767378389835358,0.014997913502156734,0,2000,strong30k,4,80,42,1.0,0.0,walk
1166,23.32,1.0,0.0,0.7619634866714478,0.9043609499931335,-0.25300291180610657,0.07817946374416351,0,2000,strong30k,4,80,42,1.0,0.0,walk
1167,23.34,1.0,0.0,0.7591210603713989,0.9427606463432312,-0.2826376259326935,0.16939228773117065,0,2000,strong30k,4,80,42,1.0,0.0,walk
1168,23.36,1.0,0.0,0.7557235956192017,0.9765486121177673,-0.3201461136341095,0.1933622658252716,0,2000,strong30k,4,80,42,1.0,0.0,walk
1169,23.38,1.0,0.0,0.7533608675003052,1.0042458772659302,-0.3649779260158539,0.13662822544574738,0,2000,strong30k,4,80,42,1.0,0.0,walk
1170,23.400000000000002,1.0,0.0,0.7519432306289673,1.0239572525024414,-0.4086010456085205,0.1196485385298729,0,2000,strong30k,4,80,42,1.0,0.0,walk
1171,23.42,1.0,0.0,0.7500733137130737,1.0335177183151245,-0.43972012400627136,0.15774217247962952,0,2000,strong30k,4,80,42,1.0,0.0,walk
1172,23.44,1.0,0.0,0.750768780708313,0.9011962413787842,-0.334765762090683,0.22872070968151093,0,2000,strong30k,4,80,42,1.0,0.0,walk
1173,23.46,1.0,0.0,0.745336651802063,0.8255443572998047,-0.2627694606781006,0.4893386960029602,0,2000,strong30k,4,80,42,1.0,0.0,walk
1174,23.48,1.0,0.0,0.739460825920105,0.7754784226417542,-0.21567454934120178,0.22508978843688965,0,2000,strong30k,4,80,42,1.0,0.0,walk
1175,23.5,1.0,0.0,0.7375417947769165,0.7528150677680969,-0.1840512454509735,-0.2549673914909363,0,2000,strong30k,4,80,42,1.0,0.0,walk
1176,23.52,1.0,0.0,0.7391761541366577,0.7437151074409485,-0.16075551509857178,-0.4824685752391815,0,2000,strong30k,4,80,42,1.0,0.0,walk
1177,23.54,1.0,0.0,0.741740345954895,0.7370038032531738,-0.1345398873090744,-0.43992745876312256,0,2000,strong30k,4,80,42,1.0,0.0,walk
1178,23.56,1.0,0.0,0.7425202131271362,0.7237844467163086,-0.09880136698484421,-0.17267942428588867,0,2000,strong30k,4,80,42,1.0,0.0,walk
1179,23.580000000000002,1.0,0.0,0.7410513162612915,0.7126781344413757,-0.06699688732624054,0.07124294340610504,0,2000,strong30k,4,80,42,1.0,0.0,walk
1180,23.6,1.0,0.0,0.737801194190979,0.7005341053009033,-0.04189825803041458,0.21076318621635437,0,2000,strong30k,4,80,42,1.0,0.0,walk
1181,23.62,1.0,0.0,0.7337151765823364,0.7114900350570679,-0.025785718113183975,0.3102908730506897,0,2000,strong30k,4,80,42,1.0,0.0,walk
1182,23.64,1.0,0.0,0.7297555208206177,0.7295657992362976,-0.015451520681381226,0.32351335883140564,0,2000,strong30k,4,80,42,1.0,0.0,walk
1183,23.66,1.0,0.0,0.7257868051528931,0.7520236372947693,-0.004641164094209671,0.392782598733902,0,2000,strong30k,4,80,42,1.0,0.0,walk
1184,23.68,1.0,0.0,0.721133828163147,0.7818743586540222,0.009297500364482403,0.4855271875858307,0,2000,strong30k,4,80,42,1.0,0.0,walk
1185,23.7,1.0,0.0,0.715985894203186,0.8130923509597778,0.024567579850554466,0.5358457565307617,0,2000,strong30k,4,80,42,1.0,0.0,walk
1186,23.72,1.0,0.0,0.7106848955154419,0.852627694606781,0.036884721368551254,0.5675141215324402,0,2000,strong30k,4,80,42,1.0,0.0,walk
1187,23.740000000000002,1.0,0.0,0.7057186365127563,0.8962021470069885,0.046165015548467636,0.54046231508255,0,2000,strong30k,4,80,42,1.0,0.0,walk
1188,23.76,1.0,0.0,0.7018920183181763,0.944908618927002,0.05341779440641403,0.47441762685775757,0,2000,strong30k,4,80,42,1.0,0.0,walk
1189,23.78,1.0,0.0,0.6989008188247681,0.9872956275939941,0.06578487902879715,0.4475780129432678,0,2000,strong30k,4,80,42,1.0,0.0,walk
1190,23.8,1.0,0.0,0.695661187171936,1.0137310028076172,0.08539999276399612,0.45145919919013977,0,2000,strong30k,4,80,42,1.0,0.0,walk
1191,23.82,1.0,0.0,0.6913210153579712,1.0294189453125,0.10517656803131104,0.4606846272945404,0,2000,strong30k,4,80,42,1.0,0.0,walk
1192,23.84,1.0,0.0,0.6871680021286011,1.0296107530593872,0.11092187464237213,0.3524167537689209,0,2000,strong30k,4,80,42,1.0,0.0,walk
1193,23.86,1.0,0.0,0.6834255456924438,0.9354882836341858,0.0640382468700409,0.1598164439201355,0,2000,strong30k,4,80,42,1.0,0.0,walk
1194,23.88,1.0,0.0,0.6849628686904907,0.8450749516487122,0.009984857402741909,-0.1940307915210724,0,2000,strong30k,4,80,42,1.0,0.0,walk
1195,23.900000000000002,1.0,0.0,0.6884385347366333,0.7674696445465088,-0.03267039731144905,0.0012409612536430359,0,2000,strong30k,4,80,42,1.0,0.0,walk
1196,23.92,1.0,0.0,0.6896368265151978,0.72142493724823,-0.0645424872636795,0.32978472113609314,0,2000,strong30k,4,80,42,1.0,0.0,walk
1197,23.94,1.0,0.0,0.6868370771408081,0.7233072519302368,-0.08560074120759964,0.6697050929069519,0,2000,strong30k,4,80,42,1.0,0.0,walk
1198,23.96,1.0,0.0,0.6810418367385864,0.7302957773208618,-0.10179443657398224,0.875252902507782,0,2000,strong30k,4,80,42,1.0,0.0,walk
1199,23.98,1.0,0.0,0.6741763353347778,0.7275341749191284,-0.1208229511976242,0.8343153595924377,0,2000,strong30k,4,80,42,1.0,0.0,walk
1200,24.0,1.0,0.0,0.6688772439956665,0.721481204032898,-0.13924235105514526,0.5506770014762878,0,2000,strong30k,4,80,42,1.0,0.0,walk
1201,24.02,1.0,0.0,0.6657544374465942,0.7141095399856567,-0.15294107794761658,0.3365134298801422,0,2000,strong30k,4,80,42,1.0,0.0,walk
1202,24.04,1.0,0.0,0.6648784875869751,0.7098618149757385,-0.16836512088775635,0.09247051924467087,0,2000,strong30k,4,80,42,1.0,0.0,walk
1203,24.060000000000002,1.0,0.0,0.6656066179275513,0.7199812531471252,-0.17352767288684845,-0.06059723347425461,0,2000,strong30k,4,80,42,1.0,0.0,walk
1204,24.080000000000002,1.0,0.0,0.6671751737594604,0.7401852011680603,-0.1802448183298111,-0.13220718502998352,0,2000,strong30k,4,80,42,1.0,0.0,walk
1205,24.1,1.0,0.0,0.6685341596603394,0.768584668636322,-0.19012296199798584,-0.08309659361839294,0,2000,strong30k,4,80,42,1.0,0.0,walk
1206,24.12,1.0,0.0,0.6690877676010132,0.8101370334625244,-0.20595887303352356,-0.04908324033021927,0,2000,strong30k,4,80,42,1.0,0.0,walk
1207,24.14,1.0,0.0,0.6694561243057251,0.8526358604431152,-0.23082329332828522,-0.07790787518024445,0,2000,strong30k,4,80,42,1.0,0.0,walk
1208,24.16,1.0,0.0,0.6694215536117554,0.8962093591690063,-0.25596925616264343,-0.06866040825843811,0,2000,strong30k,4,80,42,1.0,0.0,walk
1209,24.18,1.0,0.0,0.6681848764419556,0.9388037919998169,-0.2829801142215729,0.030425043776631355,0,2000,strong30k,4,80,42,1.0,0.0,walk
1210,24.2,1.0,0.0,0.6656633615493774,0.976333737373352,-0.31696251034736633,0.1361526995897293,0,2000,strong30k,4,80,42,1.0,0.0,walk
1211,24.22,1.0,0.0,0.6630128622055054,1.0065947771072388,-0.35935747623443604,0.15915454924106598,0,2000,strong30k,4,80,42,1.0,0.0,walk
1212,24.240000000000002,1.0,0.0,0.661331295967102,1.0301975011825562,-0.40495049953460693,0.11807535588741302,0,2000,strong30k,4,80,42,1.0,0.0,walk
1213,24.26,1.0,0.0,0.6598836183547974,1.0460646152496338,-0.4477536976337433,0.1283860206604004,0,2000,strong30k,4,80,42,1.0,0.0,walk
1214,24.28,1.0,0.0,0.6611486673355103,0.9442970156669617,-0.3773222863674164,-0.06407876312732697,0,2000,strong30k,4,80,42,1.0,0.0,walk
1215,24.3,1.0,0.0,0.6584047079086304,0.8585771322250366,-0.2894035279750824,0.3688598871231079,0,2000,strong30k,4,80,42,1.0,0.0,walk
1216,24.32,1.0,0.0,0.6529852151870728,0.7947593331336975,-0.22889401018619537,0.2711436152458191,0,2000,strong30k,4,80,42,1.0,0.0,walk
1217,24.34,1.0,0.0,0.65013587474823,0.7598331570625305,-0.188478484749794,-0.16622860729694366,0,2000,strong30k,4,80,42,1.0,0.0,walk
1218,24.36,1.0,0.0,0.6517599821090698,0.7494804859161377,-0.15784765779972076,-0.559307336807251,0,2000,strong30k,4,80,42,1.0,0.0,walk
1219,24.38,1.0,0.0,0.6553565263748169,0.749355673789978,-0.1356646567583084,-0.5664762854576111,0,2000,strong30k,4,80,42,1.0,0.0,walk
1220,24.400000000000002,1.0,0.0,0.6573606729507446,0.7395963668823242,-0.10574159026145935,-0.28077298402786255,0,2000,strong30k,4,80,42,1.0,0.0,walk
1221,24.42,1.0,0.0,0.656011700630188,0.7228138446807861,-0.07118063420057297,0.06950293481349945,0,2000,strong30k,4,80,42,1.0,0.0,walk
1222,24.44,1.0,0.0,0.6522961854934692,0.7070611119270325,-0.04512400925159454,0.27885133028030396,0,2000,strong30k,4,80,42,1.0,0.0,walk
1223,24.46,1.0,0.0,0.6473320722579956,0.6995135545730591,-0.02488112263381481,0.36144986748695374,0,2000,strong30k,4,80,42,1.0,0.0,walk
1224,24.48,1.0,0.0,0.6426438093185425,0.7124481797218323,-0.010733100585639477,0.3267853558063507,0,2000,strong30k,4,80,42,1.0,0.0,walk
1225,24.5,1.0,0.0,0.639135479927063,0.7350515127182007,-0.0014331883285194635,0.2745894193649292,0,2000,strong30k,4,80,42,1.0,0.0,walk
1226,24.52,1.0,0.0,0.6358045339584351,0.7551358342170715,0.013121531344950199,0.32688719034194946,0,2000,strong30k,4,80,42,1.0,0.0,walk
1227,24.54,1.0,0.0,0.6324876546859741,0.7824312448501587,0.02903246134519577,0.3277965784072876,0,2000,strong30k,4,80,42,1.0,0.0,walk
1228,24.560000000000002,1.0,0.0,0.6285625696182251,0.8180158138275146,0.04692361503839493,0.45633044838905334,0,2000,strong30k,4,80,42,1.0,0.0,walk
1229,24.580000000000002,1.0,0.0,0.6242252588272095,0.8591938018798828,0.05957882106304169,0.479006826877594,0,2000,strong30k,4,80,42,1.0,0.0,walk
1230,24.6,1.0,0.0,0.6204367876052856,0.9076705574989319,0.06784672290086746,0.4708373248577118,0,2000,strong30k,4,80,42,1.0,0.0,walk
1231,24.62,1.0,0.0,0.6174076795578003,0.952564001083374,0.07897596061229706,0.43713802099227905,0,2000,strong30k,4,80,42,1.0,0.0,walk
1232,24.64,1.0,0.0,0.6150861978530884,0.9838805794715881,0.09716866165399551,0.3628895878791809,0,2000,strong30k,4,80,42,1.0,0.0,walk
1233,24.66,1.0,0.0,0.6122328042984009,1.0024101734161377,0.1214943528175354,0.3686743676662445,0,2000,strong30k,4,80,42,1.0,0.0,walk
1234,24.68,1.0,0.0,0.608582615852356,1.012834072113037,0.14116378128528595,0.3849286139011383,0,2000,strong30k,4,80,42,1.0,0.0,walk
1235,24.7,1.0,0.0,0.6048537492752075,0.9593296647071838,0.12234912067651749,0.5876337289810181,0,2000,strong30k,4,80,42,1.0,0.0,walk
1236,24.72,1.0,0.0,0.6033822298049927,0.8740812540054321,0.06131676211953163,-0.1509394645690918,0,2000,strong30k,4,80,42,1.0,0.0,walk
1237,24.740000000000002,1.0,0.0,0.6067832708358765,0.7910180687904358,0.008615355007350445,-0.16286517679691315,0,2000,strong30k,4,80,42,1.0,0.0,walk
1238,24.76,1.0,0.0,0.609627366065979,0.727583646774292,-0.03026536852121353,0.16146287322044373,0,2000,strong30k,4,80,42,1.0,0.0,walk
1239,24.78,1.0,0.0,0.6083723306655884,0.7117376923561096,-0.05707594007253647,0.5529580116271973,0,2000,strong30k,4,80,42,1.0,0.0,walk
1240,24.8,1.0,0.0,0.6037372350692749,0.7114973664283752,-0.07702597230672836,0.8137203454971313,0,2000,strong30k,4,80,42,1.0,0.0,walk
1241,24.82,1.0,0.0,0.5973471403121948,0.7128101587295532,-0.09601644426584244,0.8349388837814331,0,2000,strong30k,4,80,42,1.0,0.0,walk
1242,24.84,1.0,0.0,0.5919700860977173,0.7089599370956421,-0.11579278856515884,0.5930448770523071,0,2000,strong30k,4,80,42,1.0,0.0,walk
1243,24.86,1.0,0.0,0.5885850191116333,0.7044619917869568,-0.12940050661563873,0.3620852828025818,0,2000,strong30k,4,80,42,1.0,0.0,walk
1244,24.88,1.0,0.0,0.5877801179885864,0.6927759647369385,-0.1461074948310852,0.08593638986349106,0,2000,strong30k,4,80,42,1.0,0.0,walk
1245,24.900000000000002,1.0,0.0,0.5889240503311157,0.6934949159622192,-0.15293288230895996,-0.09594740718603134,0,2000,strong30k,4,80,42,1.0,0.0,walk
1246,24.92,1.0,0.0,0.5909589529037476,0.7066614627838135,-0.15659824013710022,-0.1541207879781723,0,2000,strong30k,4,80,42,1.0,0.0,walk
1247,24.94,1.0,0.0,0.5928136110305786,0.7297300696372986,-0.16591395437717438,-0.10657555609941483,0,2000,strong30k,4,80,42,1.0,0.0,walk
1248,24.96,1.0,0.0,0.5935002565383911,0.7666940093040466,-0.17705745995044708,-0.037200212478637695,0,2000,strong30k,4,80,42,1.0,0.0,walk
1249,24.98,1.0,0.0,0.5938462018966675,0.807250440120697,-0.1978025585412979,-0.05681357905268669,0,2000,strong30k,4,80,42,1.0,0.0,walk
1250,25.0,1.0,0.0,0.5939456224441528,0.8480310440063477,-0.22003373503684998,-0.06296523660421371,0,2000,strong30k,4,80,42,1.0,0.0,walk
1251,25.02,1.0,0.0,0.5932101011276245,0.8887776136398315,-0.24384689331054688,-0.008212274871766567,0,2000,strong30k,4,80,42,1.0,0.0,walk
1252,25.04,1.0,0.0,0.5911544561386108,0.9278469681739807,-0.27185603976249695,0.09057465195655823,0,2000,strong30k,4,80,42,1.0,0.0,walk
1253,25.060000000000002,1.0,0.0,0.5883790254592896,0.9618455767631531,-0.3080592751502991,0.12805260717868805,0,2000,strong30k,4,80,42,1.0,0.0,walk
1254,25.080000000000002,1.0,0.0,0.5865641832351685,0.9887099862098694,-0.3519509732723236,0.07260805368423462,0,2000,strong30k,4,80,42,1.0,0.0,walk
1255,25.1,1.0,0.0,0.5859013795852661,1.0074044466018677,-0.39431798458099365,0.034944772720336914,0,2000,strong30k,4,80,42,1.0,0.0,walk
1256,25.12,1.0,0.0,0.5849291086196899,1.0174707174301147,-0.4265618920326233,0.07581524550914764,0,2000,strong30k,4,80,42,1.0,0.0,walk
1257,25.14,1.0,0.0,0.5862759351730347,0.8937529921531677,-0.3317565321922302,0.07763436436653137,0,2000,strong30k,4,80,42,1.0,0.0,walk
1258,25.16,1.0,0.0,0.5821810960769653,0.8214484453201294,-0.2573132812976837,0.3653094172477722,0,2000,strong30k,4,80,42,1.0,0.0,walk
1259,25.18,1.0,0.0,0.5772451162338257,0.7707080841064453,-0.2086646556854248,0.1584564596414566,0,2000,strong30k,4,80,42,1.0,0.0,walk
1260,25.2,1.0,0.0,0.5756658315658569,0.7471932768821716,-0.17377713322639465,-0.28109967708587646,0,2000,strong30k,4,80,42,1.0,0.0,walk
1261,25.22,1.0,0.0,0.5775326490402222,0.7398421168327332,-0.14909125864505768,-0.5257517695426941,0,2000,strong30k,4,80,42,1.0,0.0,walk
1262,25.240000000000002,1.0,0.0,0.5806530714035034,0.735039472579956,-0.12575218081474304,-0.5137778520584106,0,2000,strong30k,4,80,42,1.0,0.0,walk
1263,25.26,1.0,0.0,0.5821799039840698,0.7223734855651855,-0.09067244827747345,-0.2545638680458069,0,2000,strong30k,4,80,42,1.0,0.0,walk
1264,25.28,1.0,0.0,0.5814100503921509,0.7111201286315918,-0.0586911179125309,0.001921460498124361,0,2000,strong30k,4,80,42,1.0,0.0,walk
1265,25.3,1.0,0.0,0.5787211656570435,0.6979615092277527,-0.03344576060771942,0.16360953450202942,0,2000,strong30k,4,80,42,1.0,0.0,walk
1266,25.32,1.0,0.0,0.5749949216842651,0.706369936466217,-0.015824411064386368,0.27350711822509766,0,2000,strong30k,4,80,42,1.0,0.0,walk
1267,25.34,1.0,0.0,0.5713454484939575,0.72474205493927,-0.004863294307142496,0.2819880247116089,0,2000,strong30k,4,80,42,1.0,0.0,walk
1268,25.36,1.0,0.0,0.5677951574325562,0.7473310828208923,0.006643890868872404,0.3367440104484558,0,2000,strong30k,4,80,42,1.0,0.0,walk
1269,25.38,1.0,0.0,0.5635107755661011,0.7771073579788208,0.020801065489649773,0.44868379831314087,0,2000,strong30k,4,80,42,1.0,0.0,walk
1270,25.400000000000002,1.0,0.0,0.5589553117752075,0.8068357110023499,0.03573606163263321,0.45333266258239746,0,2000,strong30k,4,80,42,1.0,0.0,walk
1271,25.42,1.0,0.0,0.5542742013931274,0.8463661670684814,0.04923031106591225,0.5126545429229736,0,2000,strong30k,4,80,42,1.0,0.0,walk
1272,25.44,1.0,0.0,0.5500384569168091,0.8869954347610474,0.05941665545105934,0.43999356031417847,0,2000,strong30k,4,80,42,1.0,0.0,walk
1273,25.46,1.0,0.0,0.5472029447555542,0.935644268989563,0.0679328441619873,0.37835046648979187,0,2000,strong30k,4,80,42,1.0,0.0,walk
1274,25.48,1.0,0.0,0.5450319051742554,0.9789429903030396,0.08287614583969116,0.3784519135951996,0,2000,strong30k,4,80,42,1.0,0.0,walk
1275,25.5,1.0,0.0,0.5426570177078247,1.00568425655365,0.10441010445356369,0.3704778552055359,0,2000,strong30k,4,80,42,1.0,0.0,walk
1276,25.52,1.0,0.0,0.539199709892273,1.0221034288406372,0.1270255297422409,0.39405137300491333,0,2000,strong30k,4,80,42,1.0,0.0,walk
1277,25.54,1.0,0.0,0.535671591758728,1.026285171508789,0.13744382560253143,0.30747976899147034,0,2000,strong30k,4,80,42,1.0,0.0,walk
1278,25.560000000000002,1.0,0.0,0.532401442527771,0.9393535256385803,0.09677714854478836,0.20067790150642395,0,2000,strong30k,4,80,42,1.0,0.0,walk
1279,25.580000000000002,1.0,0.0,0.533650279045105,0.849776566028595,0.03755205124616623,-0.22828932106494904,0,2000,strong30k,4,80,42,1.0,0.0,walk
1280,25.6,1.0,0.0,0.5376585721969604,0.7712134122848511,-0.008293095976114273,-0.07403761148452759,0,2000,strong30k,4,80,42,1.0,0.0,walk
1281,25.62,1.0,0.0,0.5396343469619751,0.7228796482086182,-0.04246991127729416,0.2699558138847351,0,2000,strong30k,4,80,42,1.0,0.0,walk
1282,25.64,1.0,0.0,0.5374146699905396,0.723443329334259,-0.065819151699543,0.6228145956993103,0,2000,strong30k,4,80,42,1.0,0.0,walk
1283,25.66,1.0,0.0,0.5321668386459351,0.7302327752113342,-0.08406170457601547,0.8236581683158875,0,2000,strong30k,4,80,42,1.0,0.0,walk
1284,25.68,1.0,0.0,0.5259851217269897,0.7284571528434753,-0.10474526137113571,0.764729917049408,0,2000,strong30k,4,80,42,1.0,0.0,walk
1285,25.7,1.0,0.0,0.5215688943862915,0.7225082516670227,-0.12460711598396301,0.46425706148147583,0,2000,strong30k,4,80,42,1.0,0.0,walk
1286,25.72,1.0,0.0,0.5195561647415161,0.714680552482605,-0.13859277963638306,0.22301626205444336,0,2000,strong30k,4,80,42,1.0,0.0,walk
1287,25.740000000000002,1.0,0.0,0.5198107957839966,0.709335446357727,-0.15270595252513885,-0.014940211549401283,0,2000,strong30k,4,80,42,1.0,0.0,walk
1288,25.76,1.0,0.0,0.521668553352356,0.7183407545089722,-0.15726236999034882,-0.1670939326286316,0,2000,strong30k,4,80,42,1.0,0.0,walk
1289,25.78,1.0,0.0,0.5242186784744263,0.7381325364112854,-0.16266830265522003,-0.21378958225250244,0,2000,strong30k,4,80,42,1.0,0.0,walk
1290,25.8,1.0,0.0,0.5262871980667114,0.7635685205459595,-0.17302992939949036,-0.13447342813014984,0,2000,strong30k,4,80,42,1.0,0.0,walk
1291,25.82,1.0,0.0,0.5272871255874634,0.8045251369476318,-0.18785372376441956,-0.08279861509799957,0,2000,strong30k,4,80,42,1.0,0.0,walk
1292,25.84,1.0,0.0,0.5278681516647339,0.8472087979316711,-0.2109132558107376,-0.08659949153661728,0,2000,strong30k,4,80,42,1.0,0.0,walk
1293,25.86,1.0,0.0,0.5278745889663696,0.8892739415168762,-0.23515117168426514,-0.06855835020542145,0,2000,strong30k,4,80,42,1.0,0.0,walk
1294,25.88,1.0,0.0,0.526697039604187,0.931256890296936,-0.2616962790489197,0.015732992440462112,0,2000,strong30k,4,80,42,1.0,0.0,walk
1295,25.900000000000002,1.0,0.0,0.5243788957595825,0.9690648913383484,-0.2952090799808502,0.09774348884820938,0,2000,strong30k,4,80,42,1.0,0.0,walk
1296,25.92,1.0,0.0,0.5221651792526245,0.9992071390151978,-0.3372341990470886,0.09800034761428833,0,2000,strong30k,4,80,42,1.0,0.0,walk
1297,25.94,1.0,0.0,0.5212198495864868,1.0226852893829346,-0.3819504678249359,0.031245417892932892,0,2000,strong30k,4,80,42,1.0,0.0,walk
1298,25.96,1.0,0.0,0.5207163095474243,1.0383559465408325,-0.4225902259349823,0.03488350659608841,0,2000,strong30k,4,80,42,1.0,0.0,walk
1299,25.98,1.0,0.0,0.5222536325454712,0.9420239329338074,-0.35791176557540894,-0.21402011811733246,0,2000,strong30k,4,80,42,1.0,0.0,walk
1300,26.0,1.0,0.0,0.5199047327041626,0.8611528873443604,-0.27346354722976685,0.38486289978027344,0,2000,strong30k,4,80,42,1.0,0.0,walk
1301,26.02,1.0,0.0,0.5144342184066772,0.7977505326271057,-0.21445636451244354,0.31269916892051697,0,2000,strong30k,4,80,42,1.0,0.0,walk
1302,26.04,1.0,0.0,0.511245846748352,0.7621530294418335,-0.17324689030647278,-0.10930760204792023,0,2000,strong30k,4,80,42,1.0,0.0,walk
1303,26.060000000000002,1.0,0.0,0.5125447511672974,0.7516241073608398,-0.1429116129875183,-0.5353491902351379,0,2000,strong30k,4,80,42,1.0,0.0,walk
1304,26.080000000000002,1.0,0.0,0.5161792039871216,0.7541202306747437,-0.12197788804769516,-0.5965846180915833,0,2000,strong30k,4,80,42,1.0,0.0,walk
1305,26.1,1.0,0.0,0.5187002420425415,0.744731068611145,-0.09040730446577072,-0.34896695613861084,0,2000,strong30k,4,80,42,1.0,0.0,walk
1306,26.12,1.0,0.0,0.5183888673782349,0.7281742691993713,-0.055243272334337234,-0.038015030324459076,0,2000,strong30k,4,80,42,1.0,0.0,walk
1307,26.14,1.0,0.0,0.515595555305481,0.7116624116897583,-0.025695666670799255,0.2008996605873108,0,2000,strong30k,4,80,42,1.0,0.0,walk
1308,26.16,1.0,0.0,0.5115967988967896,0.7036951184272766,-0.004274176433682442,0.2571202218532562,0,2000,strong30k,4,80,42,1.0,0.0,walk
1309,26.18,1.0,0.0,0.5076433420181274,0.7173504829406738,0.010351614095270634,0.278368204832077,0,2000,strong30k,4,80,42,1.0,0.0,walk
1310,26.2,1.0,0.0,0.5047069787979126,0.7386344075202942,0.019934391602873802,0.20649567246437073,0,2000,strong30k,4,80,42,1.0,0.0,walk
1311,26.22,1.0,0.0,0.5019949674606323,0.7588714361190796,0.03407176211476326,0.2765641510486603,0,2000,strong30k,4,80,42,1.0,0.0,walk
1312,26.240000000000002,1.0,0.0,0.4990142583847046,0.7855679392814636,0.05060465261340141,0.295012503862381,0,2000,strong30k,4,80,42,1.0,0.0,walk
1313,26.26,1.0,0.0,0.495508074760437,0.8214704990386963,0.06790502369403839,0.40284088253974915,0,2000,strong30k,4,80,42,1.0,0.0,walk
1314,26.28,1.0,0.0,0.4916168451309204,0.8642570972442627,0.08018746972084045,0.44601643085479736,0,2000,strong30k,4,80,42,1.0,0.0,walk
1315,26.3,1.0,0.0,0.48817765712738037,0.9123241901397705,0.09035739302635193,0.4280247986316681,0,2000,strong30k,4,80,42,1.0,0.0,walk
1316,26.32,1.0,0.0,0.48568737506866455,0.9575074911117554,0.10184524208307266,0.38052046298980713,0,2000,strong30k,4,80,42,1.0,0.0,walk
1317,26.34,1.0,0.0,0.48396146297454834,0.98931884765625,0.12135163694620132,0.3174815773963928,0,2000,strong30k,4,80,42,1.0,0.0,walk
1318,26.36,1.0,0.0,0.48161256313323975,1.008518099784851,0.14784201979637146,0.3291216492652893,0,2000,strong30k,4,80,42,1.0,0.0,walk
1319,26.38,1.0,0.0,0.47851812839508057,1.0194778442382812,0.17023316025733948,0.3254255950450897,0,2000,strong30k,4,80,42,1.0,0.0,walk
1320,26.400000000000002,1.0,0.0,0.47537291049957275,0.9614812135696411,0.16322903335094452,0.6131337285041809,0,2000,strong30k,4,80,42,1.0,0.0,walk
1321,26.42,1.0,0.0,0.4739753007888794,0.8787959218025208,0.08942064642906189,-0.1852092742919922,0,2000,strong30k,4,80,42,1.0,0.0,walk
1322,26.44,1.0,0.0,0.4776970148086548,0.7953462600708008,0.0343407467007637,-0.2048930525779724,0,2000,strong30k,4,80,42,1.0,0.0,walk
1323,26.46,1.0,0.0,0.480979323387146,0.7302536368370056,-0.0057802461087703705,0.12512114644050598,0,2000,strong30k,4,80,42,1.0,0.0,walk
1324,26.48,1.0,0.0,0.4801245927810669,0.7129170298576355,-0.03584916889667511,0.5096079111099243,0,2000,strong30k,4,80,42,1.0,0.0,walk
1325,26.5,1.0,0.0,0.47734153270721436,0.7078450322151184,-0.05000642314553261,0.2933633625507355,0,2000,strong30k,4,80,42,1.0,0.0,walk
1326,26.52,1.0,0.0,0.4785834550857544,0.696117639541626,-0.06488935649394989,-0.023851454257965088,0,2000,strong30k,4,80,42,1.0,0.0,walk
1327,26.54,1.0,0.0,0.48039329051971436,0.6822418570518494,-0.08295155316591263,0.022751182317733765,0,2000,strong30k,4,80,42,1.0,0.0,walk
1328,26.560000000000002,1.0,0.0,0.4811588525772095,0.6791108250617981,-0.09654359519481659,0.06537017226219177,0,2000,strong30k,4,80,42,1.0,0.0,walk
1329,26.580000000000002,1.0,0.0,0.4820610284805298,0.6716564297676086,-0.11166147142648697,0.015558116137981415,0,2000,strong30k,4,80,42,1.0,0.0,walk
1330,26.6,1.0,0.0,0.48302996158599854,0.6754321455955505,-0.11602793633937836,-0.011691518127918243,0,2000,strong30k,4,80,42,1.0,0.0,walk
1331,26.62,1.0,0.0,0.48349034786224365,0.6884958744049072,-0.11990588158369064,0.05096058547496796,0,2000,strong30k,4,80,42,1.0,0.0,walk
1332,26.64,1.0,0.0,0.4833420515060425,0.7043302059173584,-0.12682144343852997,0.0711832046508789,0,2000,strong30k,4,80,42,1.0,0.0,walk
1333,26.66,1.0,0.0,0.4828604459762573,0.7409799098968506,-0.13523638248443604,0.013493052683770657,0,2000,strong30k,4,80,42,1.0,0.0,walk
1334,26.68,1.0,0.0,0.483235239982605,0.773245096206665,-0.1538574993610382,-0.09054574370384216,0,2000,strong30k,4,80,42,1.0,0.0,walk
1335,26.7,1.0,0.0,0.4837387800216675,0.8032805919647217,-0.17147284746170044,-0.11429508775472641,0,2000,strong30k,4,80,42,1.0,0.0,walk
1336,26.72,1.0,0.0,0.4835284948348999,0.8381364345550537,-0.1927262842655182,-0.07311122119426727,0,2000,strong30k,4,80,42,1.0,0.0,walk
1337,26.740000000000002,1.0,0.0,0.482141375541687,0.8711342811584473,-0.22022229433059692,0.010550874285399914,0,2000,strong30k,4,80,42,1.0,0.0,walk
1338,26.76,1.0,0.0,0.47976481914520264,0.9005141258239746,-0.25615355372428894,0.11297158151865005,0,2000,strong30k,4,80,42,1.0,0.0,walk
1339,26.78,1.0,0.0,0.47798073291778564,0.9244388937950134,-0.29934605956077576,0.09426745772361755,0,2000,strong30k,4,80,42,1.0,0.0,walk
1340,26.8,1.0,0.0,0.4770408868789673,0.9418983459472656,-0.34040939807891846,0.08652378618717194,0,2000,strong30k,4,80,42,1.0,0.0,walk
1341,26.82,1.0,0.0,0.4753609895706177,0.9567986726760864,-0.37880241870880127,0.17656898498535156,0,2000,strong30k,4,80,42,1.0,0.0,walk
1342,26.84,1.0,0.0,0.47521936893463135,0.8735916614532471,-0.3288429379463196,-0.04839038476347923,0,2000,strong30k,4,80,42,1.0,0.0,walk
1343,26.86,1.0,0.0,0.4717813730239868,0.8035216331481934,-0.25501570105552673,0.43968141078948975,0,2000,strong30k,4,80,42,1.0,0.0,walk
1344,26.88,1.0,0.0,0.46544182300567627,0.7502678036689758,-0.19887468218803406,0.38411855697631836,0,2000,strong30k,4,80,42,1.0,0.0,walk
1345,26.900000000000002,1.0,0.0,0.46138250827789307,0.7213585376739502,-0.16321618854999542,-0.017414256930351257,0,2000,strong30k,4,80,42,1.0,0.0,walk
1346,26.92,1.0,0.0,0.46155059337615967,0.7130188345909119,-0.13458409905433655,-0.40969935059547424,0,2000,strong30k,4,80,42,1.0,0.0,walk
1347,26.94,1.0,0.0,0.4642297029495239,0.7129645943641663,-0.11577961593866348,-0.5380745530128479,0,2000,strong30k,4,80,42,1.0,0.0,walk
1348,26.96,1.0,0.0,0.4667931795120239,0.7023954391479492,-0.08668666332960129,-0.3975276052951813,0,2000,strong30k,4,80,42,1.0,0.0,walk
1349,26.98,1.0,0.0,0.46710288524627686,0.6876135468482971,-0.053600188344717026,-0.10777198523283005,0,2000,strong30k,4,80,42,1.0,0.0,walk
1350,27.0,1.0,0.0,0.4651297330856323,0.6762444972991943,-0.026444777846336365,0.12555831670761108,0,2000,strong30k,4,80,42,1.0,0.0,walk
1351,27.02,1.0,0.0,0.46169841289520264,0.6729562282562256,-0.006314538884907961,0.2332371175289154,0,2000,strong30k,4,80,42,1.0,0.0,walk
1352,27.04,1.0,0.0,0.4579411745071411,0.6865611672401428,0.007051925174891949,0.27598869800567627,0,2000,strong30k,4,80,42,1.0,0.0,walk
1353,27.060000000000002,1.0,0.0,0.45477449893951416,0.7094117403030396,0.015661701560020447,0.25559425354003906,0,2000,strong30k,4,80,42,1.0,0.0,walk
1354,27.080000000000002,1.0,0.0,0.45181190967559814,0.7297298908233643,0.02905992418527603,0.28828734159469604,0,2000,strong30k,4,80,42,1.0,0.0,walk
1355,27.1,1.0,0.0,0.44886982440948486,0.7566698789596558,0.04531608894467354,0.2957206964492798,0,2000,strong30k,4,80,42,1.0,0.0,walk
1356,27.12,1.0,0.0,0.4456368684768677,0.7884519100189209,0.06316584348678589,0.3674381375312805,0,2000,strong30k,4,80,42,1.0,0.0,walk
1357,27.14,1.0,0.0,0.44236671924591064,0.8279610872268677,0.07641174644231796,0.3845946490764618,0,2000,strong30k,4,80,42,1.0,0.0,walk
1358,27.16,1.0,0.0,0.43972456455230713,0.8730461001396179,0.08754483610391617,0.3642497658729553,0,2000,strong30k,4,80,42,1.0,0.0,walk
1359,27.18,1.0,0.0,0.4379831552505493,0.9134982824325562,0.10263239592313766,0.31763824820518494,0,2000,strong30k,4,80,42,1.0,0.0,walk
1360,27.2,1.0,0.0,0.43650543689727783,0.9404612183570862,0.1264195293188095,0.29663312435150146,0,2000,strong30k,4,80,42,1.0,0.0,walk
1361,27.22,1.0,0.0,0.4340587854385376,0.9557264447212219,0.1527296006679535,0.3227693438529968,0,2000,strong30k,4,80,42,1.0,0.0,walk
1362,27.240000000000002,1.0,0.0,0.4312540292739868,0.9661016464233398,0.17418092489242554,0.26699507236480713,0,2000,strong30k,4,80,42,1.0,0.0,walk
1363,27.26,1.0,0.0,0.42869293689727783,0.9101041555404663,0.15440315008163452,0.47478386759757996,0,2000,strong30k,4,80,42,1.0,0.0,walk
1364,27.28,1.0,0.0,0.42779219150543213,0.8405080437660217,0.09247618913650513,-0.15260590612888336,0,2000,strong30k,4,80,42,1.0,0.0,walk
1365,27.3,1.0,0.0,0.4318186044692993,0.7682253122329712,0.03954790532588959,-0.23408502340316772,0,2000,strong30k,4,80,42,1.0,0.0,walk
1366,27.32,1.0,0.0,0.4357520341873169,0.7177422642707825,0.0013301949948072433,0.05324038863182068,0,2000,strong30k,4,80,42,1.0,0.0,walk
1367,27.34,1.0,0.0,0.4354459047317505,0.7128673791885376,-0.02613527700304985,0.4720313847064972,0,2000,strong30k,4,80,42,1.0,0.0,walk
1368,27.36,1.0,0.0,0.4314063787460327,0.7174554467201233,-0.046716902405023575,0.7522685527801514,0,2000,strong30k,4,80,42,1.0,0.0,walk
1369,27.38,1.0,0.0,0.4256528615951538,0.7192108631134033,-0.06850244849920273,0.7478687763214111,0,2000,strong30k,4,80,42,1.0,0.0,walk
1370,27.400000000000002,1.0,0.0,0.42130088806152344,0.7171776294708252,-0.0911075621843338,0.4710654616355896,0,2000,strong30k,4,80,42,1.0,0.0,walk
1371,27.42,1.0,0.0,0.4191476106643677,0.711128830909729,-0.10454079508781433,0.2370002269744873,0,2000,strong30k,4,80,42,1.0,0.0,walk
1372,27.44,1.0,0.0,0.41955339908599854,0.7017952799797058,-0.12011194974184036,-0.0434068888425827,0,2000,strong30k,4,80,42,1.0,0.0,walk
1373,27.46,1.0,0.0,0.42170774936676025,0.7067340016365051,-0.12374581396579742,-0.1996603012084961,0,2000,strong30k,4,80,42,1.0,0.0,walk
1374,27.48,1.0,0.0,0.42492711544036865,0.720601499080658,-0.12842577695846558,-0.28514569997787476,0,2000,strong30k,4,80,42,1.0,0.0,walk
1375,27.5,1.0,0.0,0.42773735523223877,0.7445130348205566,-0.13610228896141052,-0.19750791788101196,0,2000,strong30k,4,80,42,1.0,0.0,walk
1376,27.52,1.0,0.0,0.42930567264556885,0.7828472256660461,-0.14801542460918427,-0.13050423562526703,0,2000,strong30k,4,80,42,1.0,0.0,walk
1377,27.54,1.0,0.0,0.4304090738296509,0.8234579563140869,-0.16930705308914185,-0.12545451521873474,0,2000,strong30k,4,80,42,1.0,0.0,walk
1378,27.560000000000002,1.0,0.0,0.43081390857696533,0.864457905292511,-0.18991680443286896,-0.09301219880580902,0,2000,strong30k,4,80,42,1.0,0.0,walk
1379,27.580000000000002,1.0,0.0,0.4300884008407593,0.9061921834945679,-0.21359440684318542,-0.02262929640710354,0,2000,strong30k,4,80,42,1.0,0.0,walk
1380,27.6,1.0,0.0,0.4282020330429077,0.9453140497207642,-0.24313893914222717,0.05013897269964218,0,2000,strong30k,4,80,42,1.0,0.0,walk
1381,27.62,1.0,0.0,0.4261314868927002,0.9772530198097229,-0.28081682324409485,0.058527883142232895,0,2000,strong30k,4,80,42,1.0,0.0,walk
1382,27.64,1.0,0.0,0.4254955053329468,1.0022779703140259,-0.32320070266723633,-0.029079820960760117,0,2000,strong30k,4,80,42,1.0,0.0,walk
1383,27.66,1.0,0.0,0.42579329013824463,1.0191181898117065,-0.36146944761276245,-0.05044429749250412,0,2000,strong30k,4,80,42,1.0,0.0,walk
1384,27.68,1.0,0.0,0.4264463186264038,0.9521828293800354,-0.34176546335220337,-0.6136157512664795,0,2000,strong30k,4,80,42,1.0,0.0,walk
1385,27.7,1.0,0.0,0.42669856548309326,0.8763951063156128,-0.2642197608947754,0.2164202332496643,0,2000,strong30k,4,80,42,1.0,0.0,walk
1386,27.72,1.0,0.0,0.42234063148498535,0.8101921677589417,-0.2017044574022293,0.27855366468429565,0,2000,strong30k,4,80,42,1.0,0.0,walk
1387,27.740000000000002,1.0,0.0,0.41886770725250244,0.7698721885681152,-0.15818046033382416,-0.050656311213970184,0,2000,strong30k,4,80,42,1.0,0.0,walk
1388,27.76,1.0,0.0,0.4193384647369385,0.7555912137031555,-0.1265282928943634,-0.4692368507385254,0,2000,strong30k,4,80,42,1.0,0.0,walk
1389,27.78,1.0,0.0,0.4227384328842163,0.7609999775886536,-0.10598539561033249,-0.6426792144775391,0,2000,strong30k,4,80,42,1.0,0.0,walk
1390,27.8,1.0,0.0,0.42627501487731934,0.7536411881446838,-0.07722999155521393,-0.5006411671638489,0,2000,strong30k,4,80,42,1.0,0.0,walk
1391,27.82,1.0,0.0,0.4277561902999878,0.7401220202445984,-0.042168207466602325,-0.2371731549501419,0,2000,strong30k,4,80,42,1.0,0.0,walk
1392,27.84,1.0,0.0,0.4264702796936035,0.7250775694847107,-0.009370820596814156,0.06996582448482513,0,2000,strong30k,4,80,42,1.0,0.0,walk
1393,27.86,1.0,0.0,0.42335641384124756,0.7180576324462891,0.013396176509559155,0.20106369256973267,0,2000,strong30k,4,80,42,1.0,0.0,walk
1394,27.88,1.0,0.0,0.41948604583740234,0.7316389679908752,0.028184276074171066,0.28291434049606323,0,2000,strong30k,4,80,42,1.0,0.0,walk
1395,27.900000000000002,1.0,0.0,0.4161449670791626,0.7579455375671387,0.03571700677275658,0.25958251953125,0,2000,strong30k,4,80,42,1.0,0.0,walk
1396,27.92,1.0,0.0,0.41295909881591797,0.7795846462249756,0.04783732444047928,0.30447378754615784,0,2000,strong30k,4,80,42,1.0,0.0,walk
1397,27.94,1.0,0.0,0.4095100164413452,0.8092924356460571,0.06344548612833023,0.33361440896987915,0,2000,strong30k,4,80,42,1.0,0.0,walk
1398,27.96,1.0,0.0,0.4056347608566284,0.8460353016853333,0.08053570985794067,0.420912504196167,0,2000,strong30k,4,80,42,1.0,0.0,walk
1399,27.98,1.0,0.0,0.40184009075164795,0.8907333612442017,0.09246776252985,0.4069395661354065,0,2000,strong30k,4,80,42,1.0,0.0,walk
1400,28.0,1.0,0.0,0.39878809452056885,0.9385854005813599,0.10378973931074142,0.3654841184616089,0,2000,strong30k,4,80,42,1.0,0.0,walk
1401,28.02,1.0,0.0,0.39707279205322266,0.9853388071060181,0.116250179708004,0.2777864634990692,0,2000,strong30k,4,80,42,1.0,0.0,walk
1402,28.04,1.0,0.0,0.3963003158569336,1.019634485244751,0.13706842064857483,0.2243470549583435,0,2000,strong30k,4,80,42,1.0,0.0,walk
1403,28.060000000000002,1.0,0.0,0.3948320150375366,1.03916597366333,0.16457292437553406,0.2416076809167862,0,2000,strong30k,4,80,42,1.0,0.0,walk
1404,28.080000000000002,1.0,0.0,0.39266836643218994,1.0547372102737427,0.1891230046749115,0.19949544966220856,0,2000,strong30k,4,80,42,1.0,0.0,walk
1405,28.1,1.0,0.0,0.3905874490737915,0.989150881767273,0.17627274990081787,0.6083989143371582,0,2000,strong30k,4,80,42,1.0,0.0,walk
1406,28.12,1.0,0.0,0.3900531530380249,0.9013924598693848,0.10715040564537048,-0.27802205085754395,0,2000,strong30k,4,80,42,1.0,0.0,walk
1407,28.14,1.0,0.0,0.39466559886932373,0.8124232888221741,0.050555143505334854,-0.2900239825248718,0,2000,strong30k,4,80,42,1.0,0.0,walk
1408,28.16,1.0,0.0,0.3987795114517212,0.7416529655456543,0.005903598852455616,0.05825895816087723,0,2000,strong30k,4,80,42,1.0,0.0,walk
1409,28.18,1.0,0.0,0.3987998962402344,0.7125047445297241,-0.028891097754240036,0.4404659867286682,0,2000,strong30k,4,80,42,1.0,0.0,walk
1410,28.2,1.0,0.0,0.39547789096832275,0.7112999558448792,-0.05299641564488411,0.6874822974205017,0,2000,strong30k,4,80,42,1.0,0.0,walk
1411,28.22,1.0,0.0,0.38982343673706055,0.7191850543022156,-0.07515766471624374,0.7824602127075195,0,2000,strong30k,4,80,42,1.0,0.0,walk
1412,28.240000000000002,1.0,0.0,0.3847731351852417,0.7161258459091187,-0.09764685481786728,0.5876875519752502,0,2000,strong30k,4,80,42,1.0,0.0,walk
1413,28.26,1.0,0.0,0.3819296360015869,0.7088899612426758,-0.11288436502218246,0.2914500832557678,0,2000,strong30k,4,80,42,1.0,0.0,walk
1414,28.28,1.0,0.0,0.3816835880279541,0.6992686986923218,-0.1263377070426941,0.017747506499290466,0,2000,strong30k,4,80,42,1.0,0.0,walk
1415,28.3,1.0,0.0,0.38377952575683594,0.7004153728485107,-0.13304193317890167,-0.2227863073348999,0,2000,strong30k,4,80,42,1.0,0.0,walk
1416,28.32,1.0,0.0,0.3876214027404785,0.7153749465942383,-0.13667835295200348,-0.35669243335723877,0,2000,strong30k,4,80,42,1.0,0.0,walk
1417,28.34,1.0,0.0,0.3911609649658203,0.7384281754493713,-0.14167740941047668,-0.2548759877681732,0,2000,strong30k,4,80,42,1.0,0.0,walk
1418,28.36,1.0,0.0,0.3933238983154297,0.7752359509468079,-0.15199677646160126,-0.1828637421131134,0,2000,strong30k,4,80,42,1.0,0.0,walk
1419,28.38,1.0,0.0,0.39504146575927734,0.8133594393730164,-0.17418506741523743,-0.16961443424224854,0,2000,strong30k,4,80,42,1.0,0.0,walk
1420,28.400000000000002,1.0,0.0,0.39575791358947754,0.8515525460243225,-0.19613920152187347,-0.08563406765460968,0,2000,strong30k,4,80,42,1.0,0.0,walk
1421,28.42,1.0,0.0,0.39516520500183105,0.8911474347114563,-0.22116735577583313,-0.02107842266559601,0,2000,strong30k,4,80,42,1.0,0.0,walk
1422,28.44,1.0,0.0,0.39329636096954346,0.9295366406440735,-0.2505381107330322,0.05403066426515579,0,2000,strong30k,4,80,42,1.0,0.0,walk
1423,28.46,1.0,0.0,0.3909991979598999,0.9626431465148926,-0.28831321001052856,0.05255141854286194,0,2000,strong30k,4,80,42,1.0,0.0,walk
1424,28.48,1.0,0.0,0.39017045497894287,0.9873310327529907,-0.33280491828918457,-0.037679631263017654,0,2000,strong30k,4,80,42,1.0,0.0,walk
1425,28.5,1.0,0.0,0.3907080888748169,1.0041632652282715,-0.3737426996231079,-0.08611856400966644,0,2000,strong30k,4,80,42,1.0,0.0,walk
1426,28.52,1.0,0.0,0.39080166816711426,1.0120559930801392,-0.40580615401268005,-0.0068020205944776535,0,2000,strong30k,4,80,42,1.0,0.0,walk
1427,28.54,1.0,0.0,0.39293932914733887,0.886675238609314,-0.3086244761943817,0.014685891568660736,0,2000,strong30k,4,80,42,1.0,0.0,walk
1428,28.560000000000002,1.0,0.0,0.38975322246551514,0.8155516386032104,-0.23721736669540405,0.2623668909072876,0,2000,strong30k,4,80,42,1.0,0.0,walk
1429,28.580000000000002,1.0,0.0,0.3860750198364258,0.7697986960411072,-0.1877135932445526,0.02441263012588024,0,2000,strong30k,4,80,42,1.0,0.0,walk
1430,28.6,1.0,0.0,0.385745644569397,0.7508083581924438,-0.1521138995885849,-0.40226587653160095,0,2000,strong30k,4,80,42,1.0,0.0,walk
1431,28.62,1.0,0.0,0.3889279365539551,0.747094452381134,-0.12662282586097717,-0.6572650671005249,0,2000,strong30k,4,80,42,1.0,0.0,walk
1432,28.64,1.0,0.0,0.39335501194000244,0.7445178627967834,-0.10090400278568268,-0.6469470262527466,0,2000,strong30k,4,80,42,1.0,0.0,walk
1433,28.66,1.0,0.0,0.3960672616958618,0.7322540879249573,-0.06572141498327255,-0.3652730882167816,0,2000,strong30k,4,80,42,1.0,0.0,walk
1434,28.68,1.0,0.0,0.3963848352432251,0.7200123071670532,-0.03357823193073273,-0.10868749022483826,0,2000,strong30k,4,80,42,1.0,0.0,walk
1435,28.7,1.0,0.0,0.394429087638855,0.7077950239181519,-0.007654162589460611,0.11297549307346344,0,2000,strong30k,4,80,42,1.0,0.0,walk
1436,28.72,1.0,0.0,0.3912748098373413,0.7156057357788086,0.00974760390818119,0.20590154826641083,0,2000,strong30k,4,80,42,1.0,0.0,walk
1437,28.740000000000002,1.0,0.0,0.3879725933074951,0.7347152829170227,0.021498706191778183,0.26112663745880127,0,2000,strong30k,4,80,42,1.0,0.0,walk
1438,28.76,1.0,0.0,0.38459789752960205,0.7576050162315369,0.03289418667554855,0.30435433983802795,0,2000,strong30k,4,80,42,1.0,0.0,walk
1439,28.78,1.0,0.0,0.3808366060256958,0.7879205942153931,0.046595409512519836,0.37883731722831726,0,2000,strong30k,4,80,42,1.0,0.0,walk
1440,28.8,1.0,0.0,0.37675702571868896,0.8197525143623352,0.06261211633682251,0.41506820917129517,0,2000,strong30k,4,80,42,1.0,0.0,walk
1441,28.82,1.0,0.0,0.3727571964263916,0.8576709628105164,0.07759783416986465,0.41014912724494934,0,2000,strong30k,4,80,42,1.0,0.0,walk
1442,28.84,1.0,0.0,0.3694213628768921,0.9002289772033691,0.08941180258989334,0.3595718741416931,0,2000,strong30k,4,80,42,1.0,0.0,walk
1443,28.86,1.0,0.0,0.36734914779663086,0.9471809267997742,0.0999591052532196,0.2908453643321991,0,2000,strong30k,4,80,42,1.0,0.0,walk
1444,28.88,1.0,0.0,0.3662377595901489,0.9891377091407776,0.11559242010116577,0.2590879499912262,0,2000,strong30k,4,80,42,1.0,0.0,walk
1445,28.900000000000002,1.0,0.0,0.3650972843170166,1.015901803970337,0.13956080377101898,0.2517589330673218,0,2000,strong30k,4,80,42,1.0,0.0,walk
1446,28.92,1.0,0.0,0.36285126209259033,1.033185601234436,0.16510692238807678,0.28006070852279663,0,2000,strong30k,4,80,42,1.0,0.0,walk
1447,28.94,1.0,0.0,0.36036217212677,1.0382150411605835,0.17991112172603607,0.24230673909187317,0,2000,strong30k,4,80,42,1.0,0.0,walk
1448,28.96,1.0,0.0,0.3577519655227661,0.9457525610923767,0.13377639651298523,0.08390945196151733,0,2000,strong30k,4,80,42,1.0,0.0,walk
1449,28.98,1.0,0.0,0.36041319370269775,0.8562823534011841,0.0698358565568924,-0.35850828886032104,0,2000,strong30k,4,80,42,1.0,0.0,walk
1450,29.0,1.0,0.0,0.3652240037918091,0.7745221853256226,0.020799923688173294,-0.12557291984558105,0,2000,strong30k,4,80,42,1.0,0.0,walk
1451,29.02,1.0,0.0,0.3674558401107788,0.7208655476570129,-0.01658586785197258,0.2602939009666443,0,2000,strong30k,4,80,42,1.0,0.0,walk
1452,29.04,1.0,0.0,0.3652634620666504,0.7219069004058838,-0.043342337012290955,0.620522141456604,0,2000,strong30k,4,80,42,1.0,0.0,walk
1453,29.060000000000002,1.0,0.0,0.3599356412887573,0.7250257134437561,-0.06362299621105194,0.827880859375,0,2000,strong30k,4,80,42,1.0,0.0,walk
1454,29.080000000000002,1.0,0.0,0.3541426658630371,0.7188597917556763,-0.08595414459705353,0.6952304840087891,0,2000,strong30k,4,80,42,1.0,0.0,walk
1455,29.1,1.0,0.0,0.3508504629135132,0.7103161811828613,-0.10645896941423416,0.3254441022872925,0,2000,strong30k,4,80,42,1.0,0.0,walk
1456,29.12,1.0,0.0,0.34994828701019287,0.7041075825691223,-0.11886130273342133,0.12345994263887405,0,2000,strong30k,4,80,42,1.0,0.0,walk
1457,29.14,1.0,0.0,0.3513592481613159,0.696629524230957,-0.13443225622177124,-0.13462790846824646,0,2000,strong30k,4,80,42,1.0,0.0,walk
1458,29.16,1.0,0.0,0.35445427894592285,0.7049791812896729,-0.13778460025787354,-0.29192811250686646,0,2000,strong30k,4,80,42,1.0,0.0,walk
1459,29.18,1.0,0.0,0.3580172061920166,0.7232710123062134,-0.14362312853336334,-0.292217493057251,0,2000,strong30k,4,80,42,1.0,0.0,walk
1460,29.2,1.0,0.0,0.36066412925720215,0.7479982972145081,-0.15389573574066162,-0.17177899181842804,0,2000,strong30k,4,80,42,1.0,0.0,walk
1461,29.22,1.0,0.0,0.3618563413619995,0.7888497710227966,-0.16807636618614197,-0.09202747792005539,0,2000,strong30k,4,80,42,1.0,0.0,walk
1462,29.240000000000002,1.0,0.0,0.36258256435394287,0.8298513293266296,-0.19109909236431122,-0.104762002825737,0,2000,strong30k,4,80,42,1.0,0.0,walk
1463,29.26,1.0,0.0,0.36278235912323,0.8702762126922607,-0.21411888301372528,-0.09161162376403809,0,2000,strong30k,4,80,42,1.0,0.0,walk
1464,29.28,1.0,0.0,0.36185967922210693,0.9112809896469116,-0.2393561601638794,-0.021440638229250908,0,2000,strong30k,4,80,42,1.0,0.0,walk
1465,29.3,1.0,0.0,0.35995447635650635,0.9482650756835938,-0.2722398042678833,0.04011877626180649,0,2000,strong30k,4,80,42,1.0,0.0,walk
1466,29.32,1.0,0.0,0.35829007625579834,0.9772279262542725,-0.3132498562335968,0.02276180125772953,0,2000,strong30k,4,80,42,1.0,0.0,walk
1467,29.34,1.0,0.0,0.3582233190536499,0.9994163513183594,-0.356518030166626,-0.0790606141090393,0,2000,strong30k,4,80,42,1.0,0.0,walk
1468,29.36,1.0,0.0,0.35896897315979004,1.0131316184997559,-0.39429140090942383,-0.0952313244342804,0,2000,strong30k,4,80,42,1.0,0.0,walk
1469,29.38,1.0,0.0,0.361416220664978,0.9199776649475098,-0.34550586342811584,-0.32029980421066284,0,2000,strong30k,4,80,42,1.0,0.0,walk
1470,29.400000000000002,1.0,0.0,0.36007046699523926,0.8455935120582581,-0.26357510685920715,0.2812029719352722,0,2000,strong30k,4,80,42,1.0,0.0,walk
1471,29.42,1.0,0.0,0.3554917573928833,0.7844621539115906,-0.20442283153533936,0.23255200684070587,0,2000,strong30k,4,80,42,1.0,0.0,walk
1472,29.44,1.0,0.0,0.3529778718948364,0.751162588596344,-0.161269411444664,-0.16762501001358032,0,2000,strong30k,4,80,42,1.0,0.0,walk
1473,29.46,1.0,0.0,0.3548048734664917,0.7419147491455078,-0.13020695745944977,-0.5900555849075317,0,2000,strong30k,4,80,42,1.0,0.0,walk
1474,29.48,1.0,0.0,0.35905659198760986,0.7465360164642334,-0.10860303789377213,-0.6763163805007935,0,2000,strong30k,4,80,42,1.0,0.0,walk
1475,29.5,1.0,0.0,0.36241137981414795,0.7377803325653076,-0.07748143374919891,-0.4464764893054962,0,2000,strong30k,4,80,42,1.0,0.0,walk
1476,29.52,1.0,0.0,0.3632153272628784,0.7202564477920532,-0.04304666817188263,-0.1600736677646637,0,2000,strong30k,4,80,42,1.0,0.0,walk
1477,29.54,1.0,0.0,0.3614708185195923,0.7028323411941528,-0.013921172358095646,0.11103621125221252,0,2000,strong30k,4,80,42,1.0,0.0,walk
1478,29.560000000000002,1.0,0.0,0.35817527770996094,0.6938444972038269,0.0080263651907444,0.19386816024780273,0,2000,strong30k,4,80,42,1.0,0.0,walk
1479,29.580000000000002,1.0,0.0,0.3545447587966919,0.7075625658035278,0.023253893479704857,0.25960198044776917,0,2000,strong30k,4,80,42,1.0,0.0,walk
1480,29.6,1.0,0.0,0.35164082050323486,0.7286595702171326,0.032449230551719666,0.20140226185321808,0,2000,strong30k,4,80,42,1.0,0.0,walk
1481,29.62,1.0,0.0,0.3490716218948364,0.7492290735244751,0.04548356309533119,0.2578563988208771,0,2000,strong30k,4,80,42,1.0,0.0,walk
1482,29.64,1.0,0.0,0.3463064432144165,0.7757750153541565,0.06172299385070801,0.27034538984298706,0,2000,strong30k,4,80,42,1.0,0.0,walk
1483,29.66,1.0,0.0,0.34328246116638184,0.8102057576179504,0.0798785388469696,0.3342420756816864,0,2000,strong30k,4,80,42,1.0,0.0,walk
1484,29.68,1.0,0.0,0.3400644063949585,0.8531901240348816,0.09334999322891235,0.3783425986766815,0,2000,strong30k,4,80,42,1.0,0.0,walk
1485,29.7,1.0,0.0,0.33724844455718994,0.900082528591156,0.10422217100858688,0.3645259737968445,0,2000,strong30k,4,80,42,1.0,0.0,walk
1486,29.72,1.0,0.0,0.33543694019317627,0.9447649717330933,0.11787369847297668,0.3047809302806854,0,2000,strong30k,4,80,42,1.0,0.0,walk
1487,29.740000000000002,1.0,0.0,0.334558367729187,0.977169930934906,0.13843905925750732,0.23357200622558594,0,2000,strong30k,4,80,42,1.0,0.0,walk
1488,29.76,1.0,0.0,0.33318960666656494,0.9970163702964783,0.16690050065517426,0.24337317049503326,0,2000,strong30k,4,80,42,1.0,0.0,walk
1489,29.78,1.0,0.0,0.3309990167617798,1.0115333795547485,0.19245384633541107,0.22258539497852325,0,2000,strong30k,4,80,42,1.0,0.0,walk
1490,29.8,1.0,0.0,0.3289453983306885,0.9837571382522583,0.20446796715259552,0.37714022397994995,0,2000,strong30k,4,80,42,1.0,0.0,walk
1491,29.82,1.0,0.0,0.3270167112350464,0.8865973949432373,0.1260407716035843,-0.12804007530212402,0,2000,strong30k,4,80,42,1.0,0.0,walk
1492,29.84,1.0,0.0,0.3308258056640625,0.8067150712013245,0.06919558346271515,-0.26680493354797363,0,2000,strong30k,4,80,42,1.0,0.0,walk
1493,29.86,1.0,0.0,0.3350412845611572,0.7403216361999512,0.02502547577023506,0.030728138983249664,0,2000,strong30k,4,80,42,1.0,0.0,walk
1494,29.88,1.0,0.0,0.33555328845977783,0.7134805917739868,-0.010007880628108978,0.40401673316955566,0,2000,strong30k,4,80,42,1.0,0.0,walk
1495,29.900000000000002,1.0,0.0,0.3323899507522583,0.7120915651321411,-0.03440657630562782,0.6900082230567932,0,2000,strong30k,4,80,42,1.0,0.0,walk
1496,29.92,1.0,0.0,0.3267695903778076,0.7188242673873901,-0.05583811551332474,0.7963690757751465,0,2000,strong30k,4,80,42,1.0,0.0,walk
1497,29.94,1.0,0.0,0.3216441869735718,0.7166186571121216,-0.0762401819229126,0.5866645574569702,0,2000,strong30k,4,80,42,1.0,0.0,walk
1498,29.96,1.0,0.0,0.3190711736679077,0.7140308618545532,-0.0905461311340332,0.23689326643943787,0,2000,strong30k,4,80,42,1.0,0.0,walk
1499,29.98,1.0,0.0,1.0288156270980835,0.704319179058075,-0.10293743014335632,0.03505435585975647,0,2000,strong30k,4,80,42,1.0,0.0,walk
1500,30.0,1.0,0.0,1.0310813188552856,0.6985198259353638,-0.11475979536771774,-0.22855287790298462,0,2000,strong30k,4,80,42,1.0,0.0,walk
1501,30.02,1.0,0.0,1.0347486734390259,0.7136470675468445,-0.1152636706829071,-0.3330928087234497,0,2000,strong30k,4,80,42,1.0,0.0,walk
1502,30.04,1.0,0.0,1.0385810136795044,0.7369158864021301,-0.12334548681974411,-0.3182613253593445,0,2000,strong30k,4,80,42,1.0,0.0,walk
1503,30.060000000000002,1.0,0.0,1.041145920753479,0.7692331075668335,-0.13194714486598969,-0.1997852623462677,0,2000,strong30k,4,80,42,1.0,0.0,walk
1504,30.080000000000002,1.0,0.0,1.0428882837295532,0.8091151714324951,-0.14929328858852386,-0.16520869731903076,0,2000,strong30k,4,80,42,1.0,0.0,walk
1505,30.1,1.0,0.0,1.0437952280044556,0.8499934673309326,-0.16973519325256348,-0.10888118296861649,0,2000,strong30k,4,80,42,1.0,0.0,walk
1506,30.12,1.0,0.0,1.043369174003601,0.8918702602386475,-0.19233517348766327,-0.022298337891697884,0,2000,strong30k,4,80,42,1.0,0.0,walk
1507,30.14,1.0,0.0,1.0414737462997437,0.9337097406387329,-0.220414400100708,0.0739421620965004,0,2000,strong30k,4,80,42,1.0,0.0,walk
1508,30.16,1.0,0.0,1.0384703874588013,0.9693480730056763,-0.2571216821670532,0.17568504810333252,0,2000,strong30k,4,80,42,1.0,0.0,walk
1509,30.18,1.0,0.0,1.0357719659805298,0.995090663433075,-0.3019072711467743,0.20916756987571716,0,2000,strong30k,4,80,42,1.0,0.0,walk
1510,30.2,1.0,0.0,1.0331298112869263,1.0137836933135986,-0.346163272857666,0.28184348344802856,0,2000,strong30k,4,80,42,1.0,0.0,walk
1511,30.22,1.0,0.0,1.0292640924453735,1.0236623287200928,-0.3826570510864258,0.39420729875564575,0,2000,strong30k,4,80,42,1.0,0.0,walk
1512,30.240000000000002,1.0,0.0,1.028201699256897,0.914946973323822,-0.30116337537765503,0.21855497360229492,0,2000,strong30k,4,80,42,1.0,0.0,walk
1513,30.26,1.0,0.0,1.0233360528945923,0.8440300822257996,-0.23136158287525177,0.4319314956665039,0,2000,strong30k,4,80,42,1.0,0.0,walk
1514,30.28,1.0,0.0,1.0180879831314087,0.795032799243927,-0.18415793776512146,0.17532649636268616,0,2000,strong30k,4,80,42,1.0,0.0,walk
1515,30.3,1.0,0.0,1.0165454149246216,0.7708560824394226,-0.15071673691272736,-0.29527080059051514,0,2000,strong30k,4,80,42,1.0,0.0,walk
1516,30.32,1.0,0.0,1.0187159776687622,0.7619701027870178,-0.1267307549715042,-0.5463004112243652,0,2000,strong30k,4,80,42,1.0,0.0,walk
1517,30.34,1.0,0.0,1.02178156375885,0.7561585307121277,-0.10094042867422104,-0.46906980872154236,0,2000,strong30k,4,80,42,1.0,0.0,walk
1518,30.36,1.0,0.0,1.0227113962173462,0.7450428009033203,-0.06753333657979965,-0.15778358280658722,0,2000,strong30k,4,80,42,1.0,0.0,walk
1519,30.38,1.0,0.0,1.0207258462905884,0.7355906367301941,-0.037673819810152054,0.15046194195747375,0,2000,strong30k,4,80,42,1.0,0.0,walk
1520,30.400000000000002,1.0,0.0,1.0162936449050903,0.7282489538192749,-0.015580415725708008,0.35980677604675293,0,2000,strong30k,4,80,42,1.0,0.0,walk
1521,30.42,1.0,0.0,1.0107616186141968,0.7424260377883911,-0.0026415144093334675,0.4549257159233093,0,2000,strong30k,4,80,42,1.0,0.0,walk
1522,30.44,1.0,0.0,1.0052586793899536,0.7638084292411804,0.005625726655125618,0.47594153881073,0,2000,strong30k,4,80,42,1.0,0.0,walk
1523,30.46,1.0,0.0,0.9997965097427368,0.7880969047546387,0.014576186425983906,0.5209234356880188,0,2000,strong30k,4,80,42,1.0,0.0,walk
1524,30.48,1.0,0.0,0.9938234090805054,0.8210455775260925,0.026187816634774208,0.6072330474853516,0,2000,strong30k,4,80,42,1.0,0.0,walk
1525,30.5,1.0,0.0,0.9874135255813599,0.8560951352119446,0.038388483226299286,0.6543619632720947,0,2000,strong30k,4,80,42,1.0,0.0,walk
1526,30.52,1.0,0.0,0.9810155630111694,0.898479163646698,0.04764067009091377,0.6666231155395508,0,2000,strong30k,4,80,42,1.0,0.0,walk
1527,30.54,1.0,0.0,0.9751452207565308,0.944586992263794,0.05456502363085747,0.627234697341919,0,2000,strong30k,4,80,42,1.0,0.0,walk
1528,30.560000000000002,1.0,0.0,0.9704076051712036,0.994295060634613,0.06055604666471481,0.5676851272583008,0,2000,strong30k,4,80,42,1.0,0.0,walk
1529,30.580000000000002,1.0,0.0,0.9664396047592163,1.0355209112167358,0.07156044244766235,0.5378550291061401,0,2000,strong30k,4,80,42,1.0,0.0,walk
1530,30.6,1.0,0.0,0.9620729684829712,1.059541940689087,0.08912830799818039,0.5409267544746399,0,2000,strong30k,4,80,42,1.0,0.0,walk
1531,30.62,1.0,0.0,0.9570225477218628,1.0695096254348755,0.10462122410535812,0.5289142727851868,0,2000,strong30k,4,80,42,1.0,0.0,walk
1532,30.64,1.0,0.0,0.9529353380203247,1.0426169633865356,0.11208847910165787,0.4339179992675781,0,2000,strong30k,4,80,42,1.0,0.0,walk
1533,30.66,1.0,0.0,0.9498316049575806,0.9405088424682617,0.04015188664197922,0.033522505313158035,0,2000,strong30k,4,80,42,1.0,0.0,walk
1534,30.68,1.0,0.0,0.9518932104110718,0.8515036702156067,-0.009053211659193039,-0.12996326386928558,0,2000,strong30k,4,80,42,1.0,0.0,walk
1535,30.7,1.0,0.0,0.9544583559036255,0.7810680270195007,-0.04835551977157593,0.16834045946598053,0,2000,strong30k,4,80,42,1.0,0.0,walk
1536,30.72,1.0,0.0,0.9536780118942261,0.7564569115638733,-0.07734200358390808,0.5366697311401367,0,2000,strong30k,4,80,42,1.0,0.0,walk
1537,30.740000000000002,1.0,0.0,0.9486430883407593,0.7561160922050476,-0.0991949662566185,0.9146078824996948,0,2000,strong30k,4,80,42,1.0,0.0,walk
1538,30.76,1.0,0.0,0.9415143728256226,0.7575420141220093,-0.11977159231901169,0.947076678276062,0,2000,strong30k,4,80,42,1.0,0.0,walk
1539,30.78,1.0,0.0,0.9348784685134888,0.7513050436973572,-0.13821440935134888,0.749033510684967,0,2000,strong30k,4,80,42,1.0,0.0,walk
1540,30.8,1.0,0.0,0.9296003580093384,0.7513076066970825,-0.153224378824234,0.5469865798950195,0,2000,strong30k,4,80,42,1.0,0.0,walk
1541,30.82,1.0,0.0,0.9262655973434448,0.7397381663322449,-0.17380300164222717,0.38356226682662964,0,2000,strong30k,4,80,42,1.0,0.0,walk
1542,30.84,1.0,0.0,0.9248687028884888,0.7364943623542786,-0.18906916677951813,0.16580550372600555,0,2000,strong30k,4,80,42,1.0,0.0,walk
1543,30.86,1.0,0.0,0.9242862462997437,0.7548133730888367,-0.19453443586826324,0.10264812409877777,0,2000,strong30k,4,80,42,1.0,0.0,walk
1544,30.88,1.0,0.0,0.9243737459182739,0.7800864577293396,-0.20893573760986328,0.019820338115096092,0,2000,strong30k,4,80,42,1.0,0.0,walk
1545,30.900000000000002,1.0,0.0,0.9237111806869507,0.8195894360542297,-0.21926747262477875,0.11540384590625763,0,2000,strong30k,4,80,42,1.0,0.0,walk
1546,30.92,1.0,0.0,0.922516942024231,0.8594858050346375,-0.24233293533325195,0.11003169417381287,0,2000,strong30k,4,80,42,1.0,0.0,walk
1547,30.94,1.0,0.0,0.9213100671768188,0.9013571739196777,-0.26956772804260254,0.055623989552259445,0,2000,strong30k,4,80,42,1.0,0.0,walk
1548,30.96,1.0,0.0,0.9199401140213013,0.9447521567344666,-0.29697123169898987,0.029689481481909752,0,2000,strong30k,4,80,42,1.0,0.0,walk
1549,30.98,1.0,0.0,0.9176648855209351,0.9868392944335938,-0.3272252380847931,0.11912763118743896,0,2000,strong30k,4,80,42,1.0,0.0,walk
1550,31.0,1.0,0.0,0.9145933389663696,1.0235979557037354,-0.3661253750324249,0.1892872452735901,0,2000,strong30k,4,80,42,1.0,0.0,walk
1551,31.02,1.0,0.0,0.9119652509689331,1.054132103919983,-0.4131077527999878,0.18015818297863007,0,2000,strong30k,4,80,42,1.0,0.0,walk
1552,31.04,1.0,0.0,0.9099146127700806,1.076685905456543,-0.461304634809494,0.1945139467716217,0,2000,strong30k,4,80,42,1.0,0.0,walk
1553,31.060000000000002,1.0,0.0,0.9075533151626587,1.0569815635681152,-0.45527583360671997,-0.3580583333969116,0,2000,strong30k,4,80,42,1.0,0.0,walk
1554,31.080000000000002,1.0,0.0,0.9086467027664185,0.9356979727745056,-0.35990631580352783,0.2342056930065155,0,2000,strong30k,4,80,42,1.0,0.0,walk
1555,31.1,1.0,0.0,0.902929425239563,0.8523922562599182,-0.2792046368122101,0.5360499620437622,0,2000,strong30k,4,80,42,1.0,0.0,walk
1556,31.12,1.0,0.0,0.8968394994735718,0.7948078513145447,-0.22586293518543243,0.23882639408111572,0,2000,strong30k,4,80,42,1.0,0.0,walk
1557,31.14,1.0,0.0,0.8948689699172974,0.7663431167602539,-0.19323526322841644,-0.26109573245048523,0,2000,strong30k,4,80,42,1.0,0.0,walk
1558,31.16,1.0,0.0,0.8964382410049438,0.7590565085411072,-0.17346973717212677,-0.451727032661438,0,2000,strong30k,4,80,42,1.0,0.0,walk
1559,31.18,1.0,0.0,0.8965908288955688,0.7465611696243286,-0.14436432719230652,-0.10954106599092484,0,2000,strong30k,4,80,42,1.0,0.0,walk
1560,31.2,1.0,0.0,0.8949357271194458,0.7284292578697205,-0.10968101024627686,0.05180487781763077,0,2000,strong30k,4,80,42,1.0,0.0,walk
1561,31.220000000000002,1.0,0.0,0.8903270959854126,0.7071923017501831,-0.07624492049217224,0.39127543568611145,0,2000,strong30k,4,80,42,1.0,0.0,walk
1562,31.240000000000002,1.0,0.0,0.8846310377120972,0.6909294128417969,-0.05308550223708153,0.35909855365753174,0,2000,strong30k,4,80,42,1.0,0.0,walk
1563,31.26,1.0,0.0,0.8791805505752563,0.6952590346336365,-0.03622784838080406,0.3927026391029358,0,2000,strong30k,4,80,42,1.0,0.0,walk
1564,31.28,1.0,0.0,0.8750277757644653,0.7061471939086914,-0.024759558960795403,0.25172626972198486,0,2000,strong30k,4,80,42,1.0,0.0,walk
1565,31.3,1.0,0.0,0.8721450567245483,0.723395824432373,-0.01445151399821043,0.2630411386489868,0,2000,strong30k,4,80,42,1.0,0.0,walk
1566,31.32,1.0,0.0,0.8689495325088501,0.7426608204841614,-0.00046644292888231575,0.31153416633605957,0,2000,strong30k,4,80,42,1.0,0.0,walk
1567,31.34,1.0,0.0,0.8654133081436157,0.7749344110488892,0.013934829272329807,0.3716500997543335,0,2000,strong30k,4,80,42,1.0,0.0,walk
1568,31.36,1.0,0.0,0.8609992265701294,0.8196225762367249,0.025433702394366264,0.5445185899734497,0,2000,strong30k,4,80,42,1.0,0.0,walk
1569,31.38,1.0,0.0,0.8556679487228394,0.8658669590950012,0.035489972680807114,0.6355140209197998,0,2000,strong30k,4,80,42,1.0,0.0,walk
1570,31.400000000000002,1.0,0.0,0.8505245447158813,0.9144023060798645,0.041755158454179764,0.6379290819168091,0,2000,strong30k,4,80,42,1.0,0.0,walk
1571,31.42,1.0,0.0,0.8460558652877808,0.9544395208358765,0.051295433193445206,0.5900722742080688,0,2000,strong30k,4,80,42,1.0,0.0,walk
1572,31.44,1.0,0.0,0.8420203924179077,0.9826762676239014,0.06851135939359665,0.5351213216781616,0,2000,strong30k,4,80,42,1.0,0.0,walk
1573,31.46,1.0,0.0,0.8371986150741577,0.9976431727409363,0.09001239389181137,0.545979380607605,0,2000,strong30k,4,80,42,1.0,0.0,walk
1574,31.48,1.0,0.0,0.8318086862564087,1.0025227069854736,0.10317935794591904,0.5270504951477051,0,2000,strong30k,4,80,42,1.0,0.0,walk
1575,31.5,1.0,0.0,0.8271802663803101,0.9409114122390747,0.08538451790809631,0.4722963273525238,0,2000,strong30k,4,80,42,1.0,0.0,walk
1576,31.52,1.0,0.0,0.8254917860031128,0.856387197971344,0.03166862577199936,-0.03629990294575691,0,2000,strong30k,4,80,42,1.0,0.0,walk
1577,31.54,1.0,0.0,0.827741265296936,0.7758476138114929,-0.015307788737118244,-0.0333104133605957,0,2000,strong30k,4,80,42,1.0,0.0,walk
1578,31.560000000000002,1.0,0.0,0.829569935798645,0.7197719812393188,-0.05367498844861984,0.24273213744163513,0,2000,strong30k,4,80,42,1.0,0.0,walk
1579,31.580000000000002,1.0,0.0,0.8277283906936646,0.7135816216468811,-0.07578025758266449,0.5938394069671631,0,2000,strong30k,4,80,42,1.0,0.0,walk
1580,31.6,1.0,0.0,0.8225935697555542,0.7212623357772827,-0.0934501513838768,0.8554651141166687,0,2000,strong30k,4,80,42,1.0,0.0,walk
1581,31.62,1.0,0.0,0.8156496286392212,0.726125180721283,-0.11181528866291046,0.900466799736023,0,2000,strong30k,4,80,42,1.0,0.0,walk
1582,31.64,1.0,0.0,0.8091789484024048,0.7270334362983704,-0.1303945928812027,0.7097223401069641,0,2000,strong30k,4,80,42,1.0,0.0,walk
1583,31.66,1.0,0.0,0.8044360876083374,0.721900224685669,-0.14427527785301208,0.4958844780921936,0,2000,strong30k,4,80,42,1.0,0.0,walk
1584,31.68,1.0,0.0,0.8022791147232056,0.7141824960708618,-0.15977030992507935,0.20779955387115479,0,2000,strong30k,4,80,42,1.0,0.0,walk
1585,31.7,1.0,0.0,0.8019164800643921,0.7196218371391296,-0.16466166079044342,0.04993017017841339,0,2000,strong30k,4,80,42,1.0,0.0,walk
1586,31.720000000000002,1.0,0.0,0.8027464151382446,0.7364123463630676,-0.16970500349998474,-0.07306792587041855,0,2000,strong30k,4,80,42,1.0,0.0,walk
1587,31.740000000000002,1.0,0.0,0.8039618730545044,0.7622052431106567,-0.17774125933647156,-0.07644813507795334,0,2000,strong30k,4,80,42,1.0,0.0,walk
1588,31.76,1.0,0.0,0.8044677972793579,0.8016061782836914,-0.1890854686498642,-0.034308720380067825,0,2000,strong30k,4,80,42,1.0,0.0,walk
1589,31.78,1.0,0.0,0.804777979850769,0.8436214923858643,-0.21033857762813568,-0.05331941694021225,0,2000,strong30k,4,80,42,1.0,0.0,walk
1590,31.8,1.0,0.0,0.8047565221786499,0.8864973187446594,-0.23279817402362823,-0.047930195927619934,0,2000,strong30k,4,80,42,1.0,0.0,walk
1591,31.82,1.0,0.0,0.8036824464797974,0.9297026991844177,-0.25680992007255554,0.03675038367509842,0,2000,strong30k,4,80,42,1.0,0.0,walk
1592,31.84,1.0,0.0,0.8012861013412476,0.9709435701370239,-0.2865322530269623,0.13709594309329987,0,2000,strong30k,4,80,42,1.0,0.0,walk
1593,31.86,1.0,0.0,0.7982739210128784,1.0070855617523193,-0.32366621494293213,0.18058514595031738,0,2000,strong30k,4,80,42,1.0,0.0,walk
1594,31.88,1.0,0.0,0.7960165739059448,1.0366703271865845,-0.36750486493110657,0.1573856770992279,0,2000,strong30k,4,80,42,1.0,0.0,walk
1595,31.900000000000002,1.0,0.0,0.794216513633728,1.0581181049346924,-0.4104364514350891,0.1812768280506134,0,2000,strong30k,4,80,42,1.0,0.0,walk
1596,31.92,1.0,0.0,0.7920223474502563,1.0165411233901978,-0.4066573679447174,-0.36546817421913147,0,2000,strong30k,4,80,42,1.0,0.0,walk
1597,31.94,1.0,0.0,0.7923249006271362,0.9118272066116333,-0.3160499334335327,0.2741279602050781,0,2000,strong30k,4,80,42,1.0,0.0,walk
1598,31.96,1.0,0.0,0.7869318723678589,0.8348973393440247,-0.24413681030273438,0.4235704243183136,0,2000,strong30k,4,80,42,1.0,0.0,walk
1599,31.98,1.0,0.0,0.7820297479629517,0.784104585647583,-0.1953631341457367,0.07985039800405502,0,2000,strong30k,4,80,42,1.0,0.0,walk
1600,32.0,1.0,0.0,0.7813645601272583,0.7608913779258728,-0.1640084832906723,-0.3852897882461548,0,2000,strong30k,4,80,42,1.0,0.0,walk
1601,32.02,1.0,0.0,0.7843178510665894,0.7580903768539429,-0.1445009857416153,-0.610847532749176,0,2000,strong30k,4,80,42,1.0,0.0,walk
1602,32.04,1.0,0.0,0.7876595258712769,0.7510204911231995,-0.11692385375499725,-0.4658311903476715,0,2000,strong30k,4,80,42,1.0,0.0,walk
1603,32.06,1.0,0.0,0.78815758228302,0.737342894077301,-0.08205041289329529,-0.10606656968593597,0,2000,strong30k,4,80,42,1.0,0.0,walk
1604,32.08,1.0,0.0,0.7850407361984253,0.7226275205612183,-0.04754377156496048,0.2510591745376587,0,2000,strong30k,4,80,42,1.0,0.0,walk
1605,32.1,1.0,0.0,0.7797385454177856,0.7139869332313538,-0.025948934257030487,0.43445712327957153,0,2000,strong30k,4,80,42,1.0,0.0,walk
1606,32.12,1.0,0.0,0.7740906476974487,0.7174128293991089,-0.011348509229719639,0.40367406606674194,0,2000,strong30k,4,80,42,1.0,0.0,walk
1607,32.14,1.0,0.0,0.7694684267044067,0.7390746474266052,-0.0016820220043882728,0.380013108253479,0,2000,strong30k,4,80,42,1.0,0.0,walk
1608,32.160000000000004,1.0,0.0,0.7651532888412476,0.758950412273407,0.011345292441546917,0.3924606740474701,0,2000,strong30k,4,80,42,1.0,0.0,walk
1609,32.18,1.0,0.0,0.7609180212020874,0.7850574851036072,0.026374638080596924,0.3962582051753998,0,2000,strong30k,4,80,42,1.0,0.0,walk
1610,32.2,1.0,0.0,0.7559458017349243,0.8180645108222961,0.0448862724006176,0.5557157397270203,0,2000,strong30k,4,80,42,1.0,0.0,walk
1611,32.22,1.0,0.0,0.7507678270339966,0.8551345467567444,0.05818486213684082,0.5184684991836548,0,2000,strong30k,4,80,42,1.0,0.0,walk
1612,32.24,1.0,0.0,0.746374249458313,0.9008347988128662,0.06791610270738602,0.48554372787475586,0,2000,strong30k,4,80,42,1.0,0.0,walk
1613,32.26,1.0,0.0,0.7430669069290161,0.9492979049682617,0.07688827812671661,0.43454843759536743,0,2000,strong30k,4,80,42,1.0,0.0,walk
1614,32.28,1.0,0.0,0.7404962778091431,0.9879855513572693,0.09182722866535187,0.40766680240631104,0,2000,strong30k,4,80,42,1.0,0.0,walk
1615,32.3,1.0,0.0,0.7374488115310669,1.0110758543014526,0.11425121128559113,0.4203410744667053,0,2000,strong30k,4,80,42,1.0,0.0,walk
1616,32.32,1.0,0.0,0.7333861589431763,1.027073621749878,0.13555535674095154,0.41609060764312744,0,2000,strong30k,4,80,42,1.0,0.0,walk
1617,32.34,1.0,0.0,0.7295519113540649,1.0290305614471436,0.14130736887454987,0.30031052231788635,0,2000,strong30k,4,80,42,1.0,0.0,walk
1618,32.36,1.0,0.0,0.725951075553894,0.9277607798576355,0.08872565627098083,0.09910192340612411,0,2000,strong30k,4,80,42,1.0,0.0,walk
1619,32.38,1.0,0.0,0.7279058694839478,0.8393921256065369,0.03216923400759697,-0.20528608560562134,0,2000,strong30k,4,80,42,1.0,0.0,walk
1620,32.4,1.0,0.0,0.7314049005508423,0.7608781456947327,-0.014307311736047268,0.017765752971172333,0,2000,strong30k,4,80,42,1.0,0.0,walk
1621,32.42,1.0,0.0,0.7321807146072388,0.7153661847114563,-0.04922299087047577,0.38316038250923157,0,2000,strong30k,4,80,42,1.0,0.0,walk
1622,32.44,1.0,0.0,0.7288271188735962,0.7167844772338867,-0.07342135906219482,0.7171899676322937,0,2000,strong30k,4,80,42,1.0,0.0,walk
1623,32.46,1.0,0.0,0.722610592842102,0.7225560545921326,-0.09178995341062546,0.9087297916412354,0,2000,strong30k,4,80,42,1.0,0.0,walk
1624,32.480000000000004,1.0,0.0,0.7156325578689575,0.7190130949020386,-0.11178357154130936,0.8345156908035278,0,2000,strong30k,4,80,42,1.0,0.0,walk
1625,32.5,1.0,0.0,0.7104655504226685,0.710792601108551,-0.1300419569015503,0.5307157039642334,0,2000,strong30k,4,80,42,1.0,0.0,walk
1626,32.52,1.0,0.0,0.7076922655105591,0.7000573873519897,-0.14364618062973022,0.2924329340457916,0,2000,strong30k,4,80,42,1.0,0.0,walk
1627,32.54,1.0,0.0,0.7072302103042603,0.6930437088012695,-0.1579005867242813,0.049863070249557495,0,2000,strong30k,4,80,42,1.0,0.0,walk
1628,32.56,1.0,0.0,0.7083359956741333,0.7024713754653931,-0.1621885746717453,-0.09998789429664612,0,2000,strong30k,4,80,42,1.0,0.0,walk
1629,32.58,1.0,0.0,0.7102216482162476,0.7235146164894104,-0.16829384863376617,-0.16050153970718384,0,2000,strong30k,4,80,42,1.0,0.0,walk
1630,32.6,1.0,0.0,0.7118426561355591,0.7503196001052856,-0.17895378172397614,-0.10250364243984222,0,2000,strong30k,4,80,42,1.0,0.0,walk
1631,32.62,1.0,0.0,0.712387204170227,0.7921382188796997,-0.19367335736751556,-0.03738902881741524,0,2000,strong30k,4,80,42,1.0,0.0,walk
1632,32.64,1.0,0.0,0.7125064134597778,0.8338427543640137,-0.21811893582344055,-0.03664141520857811,0,2000,strong30k,4,80,42,1.0,0.0,walk
1633,32.660000000000004,1.0,0.0,0.7118877172470093,0.8744044899940491,-0.24296247959136963,0.004060875158756971,0,2000,strong30k,4,80,42,1.0,0.0,walk
1634,32.68,1.0,0.0,0.7099589109420776,0.9140763878822327,-0.27013668417930603,0.09750007092952728,0,2000,strong30k,4,80,42,1.0,0.0,walk
1635,32.7,1.0,0.0,0.7068637609481812,0.9498973488807678,-0.30388301610946655,0.17733892798423767,0,2000,strong30k,4,80,42,1.0,0.0,walk
1636,32.72,1.0,0.0,0.703844428062439,0.9786639213562012,-0.34628182649612427,0.17572413384914398,0,2000,strong30k,4,80,42,1.0,0.0,walk
1637,32.74,1.0,0.0,0.7020338773727417,1.0013396739959717,-0.39207637310028076,0.1123790293931961,0,2000,strong30k,4,80,42,1.0,0.0,walk
1638,32.76,1.0,0.0,0.7006899118423462,1.0165073871612549,-0.4345833659172058,0.11006483435630798,0,2000,strong30k,4,80,42,1.0,0.0,walk
1639,32.78,1.0,0.0,0.7013791799545288,0.9183672070503235,-0.38575732707977295,-0.2688761055469513,0,2000,strong30k,4,80,42,1.0,0.0,walk
1640,32.8,1.0,0.0,0.6987634897232056,0.8473466634750366,-0.2956766188144684,0.4173303544521332,0,2000,strong30k,4,80,42,1.0,0.0,walk
1641,32.82,1.0,0.0,0.6924341917037964,0.784228503704071,-0.23480285704135895,0.40300828218460083,0,2000,strong30k,4,80,42,1.0,0.0,walk
1642,32.84,1.0,0.0,0.6881598234176636,0.7468402981758118,-0.1950295865535736,-0.013561759144067764,0,2000,strong30k,4,80,42,1.0,0.0,walk
1643,32.86,1.0,0.0,0.688287615776062,0.7345102429389954,-0.16617661714553833,-0.42322099208831787,0,2000,strong30k,4,80,42,1.0,0.0,walk
1644,32.88,1.0,0.0,0.6908324956893921,0.7371062636375427,-0.1450534611940384,-0.49366047978401184,0,2000,strong30k,4,80,42,1.0,0.0,walk
1645,32.9,1.0,0.0,0.692388653755188,0.7263249754905701,-0.11398989707231522,-0.2544972896575928,0,2000,strong30k,4,80,42,1.0,0.0,walk
1646,32.92,1.0,0.0,0.6911627054214478,0.7104455828666687,-0.0798366367816925,0.049256227910518646,0,2000,strong30k,4,80,42,1.0,0.0,walk
1647,32.94,1.0,0.0,0.6876014471054077,0.6959916949272156,-0.049910273402929306,0.2735820412635803,0,2000,strong30k,4,80,42,1.0,0.0,walk
1648,32.96,1.0,0.0,0.6830843687057495,0.6886269450187683,-0.028507230803370476,0.2899792194366455,0,2000,strong30k,4,80,42,1.0,0.0,walk
1649,32.980000000000004,1.0,0.0,0.6786080598831177,0.7054391503334045,-0.013417685404419899,0.3480301797389984,0,2000,strong30k,4,80,42,1.0,0.0,walk
1650,33.0,1.0,0.0,0.6748260259628296,0.7288298606872559,-0.005502128042280674,0.3130074441432953,0,2000,strong30k,4,80,42,1.0,0.0,walk
1651,33.02,1.0,0.0,0.6712774038314819,0.7480807900428772,0.007217553909868002,0.3561525344848633,0,2000,strong30k,4,80,42,1.0,0.0,walk
1652,33.04,1.0,0.0,0.6674119234085083,0.7736191153526306,0.023901164531707764,0.392505019903183,0,2000,strong30k,4,80,42,1.0,0.0,walk
1653,33.06,1.0,0.0,0.6632152795791626,0.8068645000457764,0.040219370275735855,0.4483878016471863,0,2000,strong30k,4,80,42,1.0,0.0,walk
1654,33.08,1.0,0.0,0.6588956117630005,0.8508502840995789,0.05137085169553757,0.4961281716823578,0,2000,strong30k,4,80,42,1.0,0.0,walk
1655,33.1,1.0,0.0,0.6548482179641724,0.8998259902000427,0.06059793010354042,0.4965406060218811,0,2000,strong30k,4,80,42,1.0,0.0,walk
1656,33.12,1.0,0.0,0.6517437696456909,0.9452517032623291,0.07107435911893845,0.4323161840438843,0,2000,strong30k,4,80,42,1.0,0.0,walk
1657,33.14,1.0,0.0,0.6492956876754761,0.9782803058624268,0.08938145637512207,0.39015233516693115,0,2000,strong30k,4,80,42,1.0,0.0,walk
1658,33.160000000000004,1.0,0.0,0.6461023092269897,0.9975615739822388,0.11293810606002808,0.40087229013442993,0,2000,strong30k,4,80,42,1.0,0.0,walk
1659,33.18,1.0,0.0,0.6422809362411499,1.0074589252471924,0.1320728361606598,0.396494597196579,0,2000,strong30k,4,80,42,1.0,0.0,walk
1660,33.2,1.0,0.0,0.6386185884475708,0.9580752849578857,0.12632812559604645,0.5867552161216736,0,2000,strong30k,4,80,42,1.0,0.0,walk
1661,33.22,1.0,0.0,0.6366711854934692,0.8718398809432983,0.05812189355492592,-0.0954328328371048,0,2000,strong30k,4,80,42,1.0,0.0,walk
1662,33.24,1.0,0.0,0.6395877599716187,0.7884347438812256,0.0068963379599153996,-0.13077953457832336,0,2000,strong30k,4,80,42,1.0,0.0,walk
1663,33.26,1.0,0.0,0.6421738862991333,0.7238315939903259,-0.03340420499444008,0.1837257444858551,0,2000,strong30k,4,80,42,1.0,0.0,walk
1664,33.28,1.0,0.0,0.6408621072769165,0.7073217630386353,-0.059509892016649246,0.5574442148208618,0,2000,strong30k,4,80,42,1.0,0.0,walk
1665,33.3,1.0,0.0,0.6360753774642944,0.7072181701660156,-0.07712440937757492,0.8315457701683044,0,2000,strong30k,4,80,42,1.0,0.0,walk
1666,33.32,1.0,0.0,0.6308871507644653,0.7091777920722961,-0.09421693533658981,0.7207365036010742,0,2000,strong30k,4,80,42,1.0,0.0,walk
1667,33.34,1.0,0.0,0.626247763633728,0.7037512063980103,-0.11271904408931732,0.5523940324783325,0,2000,strong30k,4,80,42,1.0,0.0,walk
1668,33.36,1.0,0.0,0.6229754686355591,0.7036120891571045,-0.12627504765987396,0.3561616837978363,0,2000,strong30k,4,80,42,1.0,0.0,walk
1669,33.38,1.0,0.0,0.6218804121017456,0.6947144269943237,-0.14270149171352386,0.1361548751592636,0,2000,strong30k,4,80,42,1.0,0.0,walk
1670,33.4,1.0,0.0,0.6225610971450806,0.6958197951316833,-0.15247951447963715,-0.03950272500514984,0,2000,strong30k,4,80,42,1.0,0.0,walk
1671,33.42,1.0,0.0,0.6237562894821167,0.7128224968910217,-0.15415267646312714,-0.056398555636405945,0,2000,strong30k,4,80,42,1.0,0.0,walk
1672,33.44,1.0,0.0,0.6246157884597778,0.7269677519798279,-0.16262918710708618,-0.0014289661776274443,0,2000,strong30k,4,80,42,1.0,0.0,walk
1673,33.46,1.0,0.0,0.6248377561569214,0.7702231407165527,-0.1719178855419159,-0.05608156695961952,0,2000,strong30k,4,80,42,1.0,0.0,walk
1674,33.480000000000004,1.0,0.0,0.625217080116272,0.8096901774406433,-0.1910421997308731,-0.04453849792480469,0,2000,strong30k,4,80,42,1.0,0.0,walk
1675,33.5,1.0,0.0,0.6255427598953247,0.8480814099311829,-0.2130235731601715,-0.10515908151865005,0,2000,strong30k,4,80,42,1.0,0.0,walk
1676,33.52,1.0,0.0,0.6249653100967407,0.8929322957992554,-0.23638644814491272,-0.03291158378124237,0,2000,strong30k,4,80,42,1.0,0.0,walk
1677,33.54,1.0,0.0,0.6237841844558716,0.9332818388938904,-0.2677876651287079,-0.010868484154343605,0,2000,strong30k,4,80,42,1.0,0.0,walk
1678,33.56,1.0,0.0,0.6217392683029175,0.9669833183288574,-0.3024972081184387,0.0972704291343689,0,2000,strong30k,4,80,42,1.0,0.0,walk
1679,33.58,1.0,0.0,0.6198059320449829,0.991335391998291,-0.3444969952106476,0.1446514129638672,0,2000,strong30k,4,80,42,1.0,0.0,walk
1680,33.6,1.0,0.0,0.618270993232727,1.0115289688110352,-0.3865887522697449,0.1310032159090042,0,2000,strong30k,4,80,42,1.0,0.0,walk
1681,33.62,1.0,0.0,0.6164447069168091,1.0245020389556885,-0.42138996720314026,0.1435466706752777,0,2000,strong30k,4,80,42,1.0,0.0,walk
1682,33.64,1.0,0.0,0.6175123453140259,0.9058325886726379,-0.3276526927947998,0.06627082079648972,0,2000,strong30k,4,80,42,1.0,0.0,walk
1683,33.660000000000004,1.0,0.0,0.6135786771774292,0.8333804607391357,-0.2530772387981415,0.36578428745269775,0,2000,strong30k,4,80,42,1.0,0.0,walk
1684,33.68,1.0,0.0,0.6087201833724976,0.7831094264984131,-0.20073144137859344,0.14347752928733826,0,2000,strong30k,4,80,42,1.0,0.0,walk
1685,33.7,1.0,0.0,0.6072403192520142,0.75727379322052,-0.1663394421339035,-0.3016825318336487,0,2000,strong30k,4,80,42,1.0,0.0,walk
1686,33.72,1.0,0.0,0.6092542409896851,0.7476173043251038,-0.1405598223209381,-0.5442992448806763,0,2000,strong30k,4,80,42,1.0,0.0,walk
1687,33.74,1.0,0.0,0.6123517751693726,0.7415084838867188,-0.11687351018190384,-0.5128250122070312,0,2000,strong30k,4,80,42,1.0,0.0,walk
1688,33.76,1.0,0.0,0.6138967275619507,0.7279438376426697,-0.08190105855464935,-0.2588709592819214,0,2000,strong30k,4,80,42,1.0,0.0,walk
1689,33.78,1.0,0.0,0.6130954027175903,0.7174323797225952,-0.051085807383060455,0.015085665509104729,0,2000,strong30k,4,80,42,1.0,0.0,walk
1690,33.8,1.0,0.0,0.6102167367935181,0.7049097418785095,-0.025433864444494247,0.1858515739440918,0,2000,strong30k,4,80,42,1.0,0.0,walk
1691,33.82,1.0,0.0,0.6064215898513794,0.7130483984947205,-0.008522397838532925,0.27534204721450806,0,2000,strong30k,4,80,42,1.0,0.0,walk
1692,33.84,1.0,0.0,0.6025620698928833,0.731004536151886,0.0038578654639422894,0.312391996383667,0,2000,strong30k,4,80,42,1.0,0.0,walk
1693,33.86,1.0,0.0,0.5988041162490845,0.7554025650024414,0.014348616823554039,0.3492320775985718,0,2000,strong30k,4,80,42,1.0,0.0,walk
1694,33.88,1.0,0.0,0.5944794416427612,0.7876631617546082,0.028571221977472305,0.4526696801185608,0,2000,strong30k,4,80,42,1.0,0.0,walk
1695,33.9,1.0,0.0,0.589692234992981,0.8195327520370483,0.04406428709626198,0.4918482303619385,0,2000,strong30k,4,80,42,1.0,0.0,walk
1696,33.92,1.0,0.0,0.5849336385726929,0.8591779470443726,0.057228684425354004,0.5070677399635315,0,2000,strong30k,4,80,42,1.0,0.0,walk
1697,33.94,1.0,0.0,0.5805572271347046,0.9029404520988464,0.06827951222658157,0.4824962615966797,0,2000,strong30k,4,80,42,1.0,0.0,walk
1698,33.96,1.0,0.0,0.5773965120315552,0.9507771134376526,0.07772661745548248,0.39926666021347046,0,2000,strong30k,4,80,42,1.0,0.0,walk
1699,33.980000000000004,1.0,0.0,0.5751415491104126,0.9938618540763855,0.0921662300825119,0.3801537752151489,0,2000,strong30k,4,80,42,1.0,0.0,walk
1700,34.0,1.0,0.0,0.5726639032363892,1.0192174911499023,0.11443478614091873,0.37128469347953796,0,2000,strong30k,4,80,42,1.0,0.0,walk
1701,34.02,1.0,0.0,0.5692073106765747,1.0344445705413818,0.1379319131374359,0.37659281492233276,0,2000,strong30k,4,80,42,1.0,0.0,walk
1702,34.04,1.0,0.0,0.5659009218215942,1.0364917516708374,0.14742837846279144,0.2667953073978424,0,2000,strong30k,4,80,42,1.0,0.0,walk
1703,34.06,1.0,0.0,0.5627447366714478,0.9349868297576904,0.09664223343133926,0.09176987409591675,0,2000,strong30k,4,80,42,1.0,0.0,walk
1704,34.08,1.0,0.0,0.5650378465652466,0.8460121154785156,0.039163753390312195,-0.2621220350265503,0,2000,strong30k,4,80,42,1.0,0.0,walk
1705,34.1,1.0,0.0,0.5691515207290649,0.7672536373138428,-0.008734013885259628,-0.031103704124689102,0,2000,strong30k,4,80,42,1.0,0.0,walk
1706,34.12,1.0,0.0,0.5704668760299683,0.7197036743164062,-0.04537661746144295,0.3361589312553406,0,2000,strong30k,4,80,42,1.0,0.0,walk
1707,34.14,1.0,0.0,0.567700982093811,0.7194837331771851,-0.06644700467586517,0.6697047352790833,0,2000,strong30k,4,80,42,1.0,0.0,walk
1708,34.160000000000004,1.0,0.0,0.5639628171920776,0.7267565131187439,-0.08235730230808258,0.6449790596961975,0,2000,strong30k,4,80,42,1.0,0.0,walk
1709,34.18,1.0,0.0,0.5591338872909546,0.722136914730072,-0.10182327032089233,0.6654230952262878,0,2000,strong30k,4,80,42,1.0,0.0,walk
1710,34.2,1.0,0.0,0.5554028749465942,0.7158798575401306,-0.12224707007408142,0.41088753938674927,0,2000,strong30k,4,80,42,1.0,0.0,walk
1711,34.22,1.0,0.0,0.5535699129104614,0.7091604471206665,-0.1363769769668579,0.2273980677127838,0,2000,strong30k,4,80,42,1.0,0.0,walk
1712,34.24,1.0,0.0,0.5536562204360962,0.7066006064414978,-0.15283916890621185,0.0178246907889843,0,2000,strong30k,4,80,42,1.0,0.0,walk
1713,34.26,1.0,0.0,0.5547212362289429,0.7211498618125916,-0.15334001183509827,-0.07476222515106201,0,2000,strong30k,4,80,42,1.0,0.0,walk
1714,34.28,1.0,0.0,0.5561450719833374,0.7324556112289429,-0.1580171138048172,-0.08898429572582245,0,2000,strong30k,4,80,42,1.0,0.0,walk
1715,34.300000000000004,1.0,0.0,0.5578771829605103,0.7640050649642944,-0.16793249547481537,-0.17612873017787933,0,2000,strong30k,4,80,42,1.0,0.0,walk
1716,34.32,1.0,0.0,0.5588117837905884,0.8050424456596375,-0.17920546233654022,-0.052044518291950226,0,2000,strong30k,4,80,42,1.0,0.0,walk
1717,34.34,1.0,0.0,0.5595153570175171,0.8444022536277771,-0.20306533575057983,-0.12931068241596222,0,2000,strong30k,4,80,42,1.0,0.0,walk
1718,34.36,1.0,0.0,0.5595611333847046,0.8899469971656799,-0.2269626259803772,-0.07803650200366974,0,2000,strong30k,4,80,42,1.0,0.0,walk
1719,34.38,1.0,0.0,0.5589777231216431,0.9315140843391418,-0.2572792172431946,-0.061932727694511414,0,2000,strong30k,4,80,42,1.0,0.0,walk
1720,34.4,1.0,0.0,0.5571318864822388,0.9675355553627014,-0.2899998724460602,0.08224654197692871,0,2000,strong30k,4,80,42,1.0,0.0,walk
1721,34.42,1.0,0.0,0.5547715425491333,0.9936326742172241,-0.3315139412879944,0.16529801487922668,0,2000,strong30k,4,80,42,1.0,0.0,walk
1722,34.44,1.0,0.0,0.5531078577041626,1.0169804096221924,-0.3762536644935608,0.1065785363316536,0,2000,strong30k,4,80,42,1.0,0.0,walk
1723,34.46,1.0,0.0,0.5519810914993286,1.0344289541244507,-0.41863229870796204,0.07765330374240875,0,2000,strong30k,4,80,42,1.0,0.0,walk
1724,34.480000000000004,1.0,0.0,0.553308367729187,0.9403635859489441,-0.3557787537574768,-0.253193736076355,0,2000,strong30k,4,80,42,1.0,0.0,walk
1725,34.5,1.0,0.0,0.5510329008102417,0.865329921245575,-0.2718273997306824,0.3720236122608185,0,2000,strong30k,4,80,42,1.0,0.0,walk
1726,34.52,1.0,0.0,0.5456501245498657,0.804396390914917,-0.2123098373413086,0.30082187056541443,0,2000,strong30k,4,80,42,1.0,0.0,walk
1727,34.54,1.0,0.0,0.5424593687057495,0.768925666809082,-0.17088021337985992,-0.11185075342655182,0,2000,strong30k,4,80,42,1.0,0.0,walk
1728,34.56,1.0,0.0,0.5436803102493286,0.7571994662284851,-0.13981571793556213,-0.5218908190727234,0,2000,strong30k,4,80,42,1.0,0.0,walk
1729,34.58,1.0,0.0,0.547183632850647,0.758219301700592,-0.11889847368001938,-0.5842919945716858,0,2000,strong30k,4,80,42,1.0,0.0,walk
1730,34.6,1.0,0.0,0.5496517419815063,0.7478668689727783,-0.08725566416978836,-0.34489086270332336,0,2000,strong30k,4,80,42,1.0,0.0,walk
1731,34.62,1.0,0.0,0.5491815805435181,0.732324481010437,-0.052585065364837646,-0.01684049889445305,0,2000,strong30k,4,80,42,1.0,0.0,walk
1732,34.64,1.0,0.0,0.5461937189102173,0.717018187046051,-0.02399253472685814,0.2174868881702423,0,2000,strong30k,4,80,42,1.0,0.0,walk
1733,34.660000000000004,1.0,0.0,0.541958212852478,0.7090036273002625,-0.002692576264962554,0.28274300694465637,0,2000,strong30k,4,80,42,1.0,0.0,walk
1734,34.68,1.0,0.0,0.5377370119094849,0.722886860370636,0.011913113296031952,0.3013075590133667,0,2000,strong30k,4,80,42,1.0,0.0,walk
1735,34.7,1.0,0.0,0.5344687700271606,0.7462042570114136,0.02086889185011387,0.24824368953704834,0,2000,strong30k,4,80,42,1.0,0.0,walk
1736,34.72,1.0,0.0,0.5314596891403198,0.7669196724891663,0.03429270163178444,0.29883748292922974,0,2000,strong30k,4,80,42,1.0,0.0,walk
1737,34.74,1.0,0.0,0.5283352136611938,0.7949626445770264,0.05061076581478119,0.30888617038726807,0,2000,strong30k,4,80,42,1.0,0.0,walk
1738,34.76,1.0,0.0,0.5247150659561157,0.8311281204223633,0.06842959672212601,0.4152359366416931,0,2000,strong30k,4,80,42,1.0,0.0,walk
1739,34.78,1.0,0.0,0.5208121538162231,0.8742882013320923,0.08087653666734695,0.44040101766586304,0,2000,strong30k,4,80,42,1.0,0.0,walk
1740,34.800000000000004,1.0,0.0,0.5174123048782349,0.9227569699287415,0.09063771367073059,0.4265108108520508,0,2000,strong30k,4,80,42,1.0,0.0,walk
1741,34.82,1.0,0.0,0.5149646997451782,0.9675794243812561,0.10270942002534866,0.37069058418273926,0,2000,strong30k,4,80,42,1.0,0.0,walk
1742,34.84,1.0,0.0,0.5133148431777954,0.9987701177597046,0.12225189059972763,0.3029554486274719,0,2000,strong30k,4,80,42,1.0,0.0,walk
1743,34.86,1.0,0.0,0.5110193490982056,1.0170241594314575,0.1484435498714447,0.3153006434440613,0,2000,strong30k,4,80,42,1.0,0.0,walk
1744,34.88,1.0,0.0,0.5080004930496216,1.0268648862838745,0.16914786398410797,0.3274982273578644,0,2000,strong30k,4,80,42,1.0,0.0,walk
1745,34.9,1.0,0.0,0.5047842264175415,0.964756965637207,0.14347457885742188,0.5921184420585632,0,2000,strong30k,4,80,42,1.0,0.0,walk
1746,34.92,1.0,0.0,0.5040398836135864,0.8779110908508301,0.08163999766111374,-0.24541234970092773,0,2000,strong30k,4,80,42,1.0,0.0,walk
1747,34.94,1.0,0.0,0.5081280469894409,0.7931055426597595,0.02865125611424446,-0.22236040234565735,0,2000,strong30k,4,80,42,1.0,0.0,walk
1748,34.96,1.0,0.0,0.5115445852279663,0.7281566262245178,-0.012933745980262756,0.11361606419086456,0,2000,strong30k,4,80,42,1.0,0.0,walk
1749,34.980000000000004,1.0,0.0,0.5107227563858032,0.7134614586830139,-0.04163099452853203,0.510418713092804,0,2000,strong30k,4,80,42,1.0,0.0,walk
1750,35.0,1.0,0.0,0.5065995454788208,0.7130904197692871,-0.06136597320437431,0.7471159100532532,0,2000,strong30k,4,80,42,1.0,0.0,walk
1751,35.02,1.0,0.0,0.5010086297988892,0.7121593952178955,-0.08175702393054962,0.7431005239486694,0,2000,strong30k,4,80,42,1.0,0.0,walk
1752,35.04,1.0,0.0,0.4966825246810913,0.706953227519989,-0.10264202207326889,0.48903751373291016,0,2000,strong30k,4,80,42,1.0,0.0,walk
1753,35.06,1.0,0.0,0.49392521381378174,0.7010427117347717,-0.11579743772745132,0.3304510712623596,0,2000,strong30k,4,80,42,1.0,0.0,walk
1754,35.08,1.0,0.0,0.4934955835342407,0.687473475933075,-0.1342359036207199,0.04888126254081726,0,2000,strong30k,4,80,42,1.0,0.0,walk
1755,35.1,1.0,0.0,0.49484527111053467,0.689911425113678,-0.14084464311599731,-0.11052259802818298,0,2000,strong30k,4,80,42,1.0,0.0,walk
1756,35.12,1.0,0.0,0.49708712100982666,0.7025073766708374,-0.14547184109687805,-0.17728060483932495,0,2000,strong30k,4,80,42,1.0,0.0,walk
1757,35.14,1.0,0.0,0.4990297555923462,0.7249002456665039,-0.15416762232780457,-0.10345858335494995,0,2000,strong30k,4,80,42,1.0,0.0,walk
1758,35.160000000000004,1.0,0.0,0.49983060359954834,0.7621777057647705,-0.16545115411281586,-0.05242004990577698,0,2000,strong30k,4,80,42,1.0,0.0,walk
1759,35.18,1.0,0.0,0.5002864599227905,0.8016110062599182,-0.18593132495880127,-0.06303190439939499,0,2000,strong30k,4,80,42,1.0,0.0,walk
1760,35.2,1.0,0.0,0.5004695653915405,0.8397659659385681,-0.20793239772319794,-0.07403434813022614,0,2000,strong30k,4,80,42,1.0,0.0,walk
1761,35.22,1.0,0.0,0.4998890161514282,0.8796184062957764,-0.23115524649620056,-0.03287632018327713,0,2000,strong30k,4,80,42,1.0,0.0,walk
1762,35.24,1.0,0.0,0.49807918071746826,0.9176912307739258,-0.2590659260749817,0.05778258293867111,0,2000,strong30k,4,80,42,1.0,0.0,walk
1763,35.26,1.0,0.0,0.49566924571990967,0.9506676197052002,-0.2954285740852356,0.0814797431230545,0,2000,strong30k,4,80,42,1.0,0.0,walk
1764,35.28,1.0,0.0,0.49432647228240967,0.9767035841941833,-0.33909809589385986,0.019219471141695976,0,2000,strong30k,4,80,42,1.0,0.0,walk
1765,35.300000000000004,1.0,0.0,0.49426114559173584,0.993595540523529,-0.3802368640899658,-0.025448627769947052,0,2000,strong30k,4,80,42,1.0,0.0,walk
1766,35.32,1.0,0.0,0.4938246011734009,1.0026392936706543,-0.4124465882778168,0.031334929168224335,0,2000,strong30k,4,80,42,1.0,0.0,walk
1767,35.34,1.0,0.0,0.4955030679702759,0.884294331073761,-0.3232354521751404,0.019158853217959404,0,2000,strong30k,4,80,42,1.0,0.0,walk
1768,35.36,1.0,0.0,0.4919799566268921,0.8118023872375488,-0.2516803741455078,0.34194815158843994,0,2000,strong30k,4,80,42,1.0,0.0,walk
1769,35.38,1.0,0.0,0.4873164892196655,0.7618246078491211,-0.19866910576820374,0.14922106266021729,0,2000,strong30k,4,80,42,1.0,0.0,walk
1770,35.4,1.0,0.0,0.48582565784454346,0.738839864730835,-0.16316917538642883,-0.2921026945114136,0,2000,strong30k,4,80,42,1.0,0.0,walk
1771,35.42,1.0,0.0,0.4878906011581421,0.7331605553627014,-0.13880443572998047,-0.5494810342788696,0,2000,strong30k,4,80,42,1.0,0.0,walk
1772,35.44,1.0,0.0,0.491451621055603,0.7299808263778687,-0.1151704266667366,-0.5726547837257385,0,2000,strong30k,4,80,42,1.0,0.0,walk
1773,35.46,1.0,0.0,0.4936333894729614,0.7174869775772095,-0.08034664392471313,-0.32853496074676514,0,2000,strong30k,4,80,42,1.0,0.0,walk
1774,35.480000000000004,1.0,0.0,0.49369943141937256,0.7054033875465393,-0.04985038563609123,-0.08423604816198349,0,2000,strong30k,4,80,42,1.0,0.0,walk
1775,35.5,1.0,0.0,0.4914480447769165,0.6932636499404907,-0.024347875267267227,0.15163609385490417,0,2000,strong30k,4,80,42,1.0,0.0,walk
1776,35.52,1.0,0.0,0.48808062076568604,0.6990416646003723,-0.007456514518707991,0.22320562601089478,0,2000,strong30k,4,80,42,1.0,0.0,walk
1777,35.54,1.0,0.0,0.48446547985076904,0.7174750566482544,0.00466181943193078,0.31353244185447693,0,2000,strong30k,4,80,42,1.0,0.0,walk
1778,35.56,1.0,0.0,0.4807058572769165,0.7386085391044617,0.016205042600631714,0.34102165699005127,0,2000,strong30k,4,80,42,1.0,0.0,walk
1779,35.58,1.0,0.0,0.4765254259109497,0.768703281879425,0.029357172548770905,0.4348462224006653,0,2000,strong30k,4,80,42,1.0,0.0,walk
1780,35.6,1.0,0.0,0.47199904918670654,0.7966018319129944,0.04547977074980736,0.45548635721206665,0,2000,strong30k,4,80,42,1.0,0.0,walk
1781,35.62,1.0,0.0,0.4676326513290405,0.8330731391906738,0.06004072353243828,0.45400089025497437,0,2000,strong30k,4,80,42,1.0,0.0,walk
1782,35.64,1.0,0.0,0.46386826038360596,0.8737954497337341,0.0715441182255745,0.4093515872955322,0,2000,strong30k,4,80,42,1.0,0.0,walk
1783,35.660000000000004,1.0,0.0,0.4613152742385864,0.9199523329734802,0.08189447969198227,0.3364269435405731,0,2000,strong30k,4,80,42,1.0,0.0,walk
1784,35.68,1.0,0.0,0.4597095251083374,0.961479902267456,0.09678710997104645,0.30547159910202026,0,2000,strong30k,4,80,42,1.0,0.0,walk
1785,35.7,1.0,0.0,0.4581202268600464,0.987885057926178,0.11988409608602524,0.298248827457428,0,2000,strong30k,4,80,42,1.0,0.0,walk
1786,35.72,1.0,0.0,0.4554246664047241,1.004786491394043,0.1440412998199463,0.3307439982891083,0,2000,strong30k,4,80,42,1.0,0.0,walk
1787,35.74,1.0,0.0,0.45254290103912354,1.0108479261398315,0.15897460281848907,0.2705782651901245,0,2000,strong30k,4,80,42,1.0,0.0,walk
1788,35.76,1.0,0.0,0.4496513605117798,0.9361311197280884,0.12557119131088257,0.2175101339817047,0,2000,strong30k,4,80,42,1.0,0.0,walk
1789,35.78,1.0,0.0,0.4512227773666382,0.8471042513847351,0.06404523551464081,-0.30427002906799316,0,2000,strong30k,4,80,42,1.0,0.0,walk
1790,35.800000000000004,1.0,0.0,0.45596253871917725,0.7645270824432373,0.015585989691317081,-0.17623887956142426,0,2000,strong30k,4,80,42,1.0,0.0,walk
1791,35.82,1.0,0.0,0.45904695987701416,0.7111894488334656,-0.023662468418478966,0.16604678332805634,0,2000,strong30k,4,80,42,1.0,0.0,walk
1792,35.84,1.0,0.0,0.4576982259750366,0.7074621915817261,-0.04915845766663551,0.5637036561965942,0,2000,strong30k,4,80,42,1.0,0.0,walk
1793,35.86,1.0,0.0,0.4528242349624634,0.713507890701294,-0.06822653859853745,0.8168512582778931,0,2000,strong30k,4,80,42,1.0,0.0,walk
1794,35.88,1.0,0.0,0.4466606378555298,0.7123651504516602,-0.08910967409610748,0.7749541997909546,0,2000,strong30k,4,80,42,1.0,0.0,walk
1795,35.9,1.0,0.0,0.44219911098480225,0.7073325514793396,-0.10946612060070038,0.4707903265953064,0,2000,strong30k,4,80,42,1.0,0.0,walk
1796,35.92,1.0,0.0,0.4401463270187378,0.6995176076889038,-0.12294860184192657,0.21595002710819244,0,2000,strong30k,4,80,42,1.0,0.0,walk
1797,35.94,1.0,0.0,0.44073593616485596,0.6910085678100586,-0.13813400268554688,-0.06521464139223099,0,2000,strong30k,4,80,42,1.0,0.0,walk
1798,35.96,1.0,0.0,0.44317519664764404,0.698224663734436,-0.14094702899456024,-0.23447571694850922,0,2000,strong30k,4,80,42,1.0,0.0,walk
1799,35.980000000000004,1.0,0.0,0.4463995695114136,0.7150237560272217,-0.147129625082016,-0.2741936445236206,0,2000,strong30k,4,80,42,1.0,0.0,walk
1800,36.0,1.0,0.0,0.44900739192962646,0.738290548324585,-0.15660497546195984,-0.17775852978229523,0,2000,strong30k,4,80,42,1.0,0.0,walk
1801,36.02,1.0,0.0,0.4502629041671753,0.7774022817611694,-0.17077112197875977,-0.0936083048582077,0,2000,strong30k,4,80,42,1.0,0.0,walk
1802,36.04,1.0,0.0,0.45091307163238525,0.8186025023460388,-0.19339370727539062,-0.08877260982990265,0,2000,strong30k,4,80,42,1.0,0.0,walk
1803,36.06,1.0,0.0,0.45094573497772217,0.8597316145896912,-0.21688838303089142,-0.06574989855289459,0,2000,strong30k,4,80,42,1.0,0.0,walk
1804,36.08,1.0,0.0,0.4497877359390259,0.9014116525650024,-0.2428635060787201,0.011685306206345558,0,2000,strong30k,4,80,42,1.0,0.0,walk
1805,36.1,1.0,0.0,0.4475136995315552,0.9381973743438721,-0.27495047450065613,0.08648784458637238,0,2000,strong30k,4,80,42,1.0,0.0,walk
1806,36.12,1.0,0.0,0.4453026056289673,0.9678070545196533,-0.3158654570579529,0.08053898066282272,0,2000,strong30k,4,80,42,1.0,0.0,walk
1807,36.14,1.0,0.0,0.4444371461868286,0.9915047883987427,-0.36010900139808655,0.004749402403831482,0,2000,strong30k,4,80,42,1.0,0.0,walk
1808,36.160000000000004,1.0,0.0,0.44445765018463135,1.0068905353546143,-0.399949312210083,-0.03870244324207306,0,2000,strong30k,4,80,42,1.0,0.0,walk
1809,36.18,1.0,0.0,0.44606125354766846,0.9248108267784119,-0.36480244994163513,-0.3694453239440918,0,2000,strong30k,4,80,42,1.0,0.0,walk
1810,36.2,1.0,0.0,0.44525110721588135,0.8489012718200684,-0.2780112326145172,0.25745296478271484,0,2000,strong30k,4,80,42,1.0,0.0,walk
1811,36.22,1.0,0.0,0.44054949283599854,0.785782516002655,-0.21503768861293793,0.2775166630744934,0,2000,strong30k,4,80,42,1.0,0.0,walk
1812,36.24,1.0,0.0,0.43738043308258057,0.7494047284126282,-0.17057667672634125,-0.09706487506628036,0,2000,strong30k,4,80,42,1.0,0.0,walk
1813,36.26,1.0,0.0,0.43838274478912354,0.7378994822502136,-0.1394781470298767,-0.507789134979248,0,2000,strong30k,4,80,42,1.0,0.0,walk
1814,36.28,1.0,0.0,0.4421035051345825,0.7413334250450134,-0.11855728179216385,-0.6333134770393372,0,2000,strong30k,4,80,42,1.0,0.0,walk
1815,36.300000000000004,1.0,0.0,0.4452558755874634,0.7334679365158081,-0.08808588981628418,-0.4280177354812622,0,2000,strong30k,4,80,42,1.0,0.0,walk
1816,36.32,1.0,0.0,0.44589483737945557,0.7170628309249878,-0.05363551154732704,-0.13678985834121704,0,2000,strong30k,4,80,42,1.0,0.0,walk
1817,36.34,1.0,0.0,0.443914532661438,0.6999719142913818,-0.023084234446287155,0.13835188746452332,0,2000,strong30k,4,80,42,1.0,0.0,walk
1818,36.36,1.0,0.0,0.4403473138809204,0.6904875040054321,0.0005202816100791097,0.22469428181648254,0,2000,strong30k,4,80,42,1.0,0.0,walk
1819,36.38,1.0,0.0,0.436426043510437,0.7038960456848145,0.01600339449942112,0.28401967883110046,0,2000,strong30k,4,80,42,1.0,0.0,walk
1820,36.4,1.0,0.0,0.43321335315704346,0.7254419326782227,0.025387872010469437,0.23529359698295593,0,2000,strong30k,4,80,42,1.0,0.0,walk
1821,36.42,1.0,0.0,0.43034231662750244,0.745956301689148,0.03829353675246239,0.28175246715545654,0,2000,strong30k,4,80,42,1.0,0.0,walk
1822,36.44,1.0,0.0,0.42736077308654785,0.7715582251548767,0.05454541742801666,0.2877294421195984,0,2000,strong30k,4,80,42,1.0,0.0,walk
1823,36.46,1.0,0.0,0.4241088628768921,0.8060575127601624,0.0725477784872055,0.3593542277812958,0,2000,strong30k,4,80,42,1.0,0.0,walk
1824,36.480000000000004,1.0,0.0,0.4206697940826416,0.8485441207885742,0.08578039705753326,0.3963550329208374,0,2000,strong30k,4,80,42,1.0,0.0,walk
1825,36.5,1.0,0.0,0.41758060455322266,0.8959207534790039,0.09748759865760803,0.3936585783958435,0,2000,strong30k,4,80,42,1.0,0.0,walk
1826,36.52,1.0,0.0,0.4154174327850342,0.9415450692176819,0.1096932515501976,0.3390154242515564,0,2000,strong30k,4,80,42,1.0,0.0,walk
1827,36.54,1.0,0.0,0.4141343832015991,0.9748938083648682,0.12949350476264954,0.2754494249820709,0,2000,strong30k,4,80,42,1.0,0.0,walk
1828,36.56,1.0,0.0,0.4123358726501465,0.9948807954788208,0.15695826709270477,0.2830512225627899,0,2000,strong30k,4,80,42,1.0,0.0,walk
1829,36.58,1.0,0.0,0.40973198413848877,1.009242057800293,0.18146616220474243,0.26043108105659485,0,2000,strong30k,4,80,42,1.0,0.0,walk
1830,36.6,1.0,0.0,0.40724968910217285,0.9756367206573486,0.1963939219713211,0.4195477366447449,0,2000,strong30k,4,80,42,1.0,0.0,walk
1831,36.62,1.0,0.0,0.4054676294326782,0.8839740753173828,0.11300830543041229,-0.1578219085931778,0,2000,strong30k,4,80,42,1.0,0.0,walk
1832,36.64,1.0,0.0,0.4092212915420532,0.8030263185501099,0.059778887778520584,-0.26277828216552734,0,2000,strong30k,4,80,42,1.0,0.0,walk
1833,36.660000000000004,1.0,0.0,0.4131578207015991,0.7377809882164001,0.01684555411338806,0.04971747845411301,0,2000,strong30k,4,80,42,1.0,0.0,walk
1834,36.68,1.0,0.0,0.4132331609725952,0.7096331715583801,-0.01556091383099556,0.43450719118118286,0,2000,strong30k,4,80,42,1.0,0.0,walk
1835,36.7,1.0,0.0,0.40948569774627686,0.7086346745491028,-0.040253493934869766,0.7560970187187195,0,2000,strong30k,4,80,42,1.0,0.0,walk
1836,36.72,1.0,0.0,0.4031757116317749,0.7160866856575012,-0.06113935261964798,0.8575180768966675,0,2000,strong30k,4,80,42,1.0,0.0,walk
1837,36.74,1.0,0.0,0.3975142240524292,0.7123681306838989,-0.08138246089220047,0.6279352903366089,0,2000,strong30k,4,80,42,1.0,0.0,walk
1838,36.76,1.0,0.0,0.3945012092590332,0.7106819748878479,-0.09534236043691635,0.2688630521297455,0,2000,strong30k,4,80,42,1.0,0.0,walk
1839,36.78,1.0,0.0,0.3939632177352905,0.7024135589599609,-0.10995044559240341,0.07906617969274521,0,2000,strong30k,4,80,42,1.0,0.0,walk
1840,36.800000000000004,1.0,0.0,0.39584100246429443,0.6962593793869019,-0.11922097206115723,-0.1946054995059967,0,2000,strong30k,4,80,42,1.0,0.0,walk
1841,36.82,1.0,0.0,0.3990210294723511,0.7107188701629639,-0.11819754540920258,-0.26850447058677673,0,2000,strong30k,4,80,42,1.0,0.0,walk
1842,36.84,1.0,0.0,0.4024437665939331,0.732821524143219,-0.12778325378894806,-0.2808390259742737,0,2000,strong30k,4,80,42,1.0,0.0,walk
1843,36.86,1.0,0.0,0.40468668937683105,0.7677268385887146,-0.13464711606502533,-0.17236776649951935,0,2000,strong30k,4,80,42,1.0,0.0,walk
1844,36.88,1.0,0.0,0.40649306774139404,0.8062886595726013,-0.15461383759975433,-0.1888105422258377,0,2000,strong30k,4,80,42,1.0,0.0,walk
1845,36.9,1.0,0.0,0.407718300819397,0.8460454940795898,-0.17462588846683502,-0.14414231479167938,0,2000,strong30k,4,80,42,1.0,0.0,walk
1846,36.92,1.0,0.0,0.4077746868133545,0.885381817817688,-0.19697856903076172,-0.06083893030881882,0,2000,strong30k,4,80,42,1.0,0.0,walk
1847,36.94,1.0,0.0,0.4064534902572632,0.9289833307266235,-0.22208091616630554,-0.0008410606533288956,0,2000,strong30k,4,80,42,1.0,0.0,walk
1848,36.96,1.0,0.0,0.40459156036376953,0.9659289717674255,-0.25551003217697144,0.026793155819177628,0,2000,strong30k,4,80,42,1.0,0.0,walk
1849,36.980000000000004,1.0,0.0,0.40377485752105713,0.9955831170082092,-0.2962843179702759,-0.033474333584308624,0,2000,strong30k,4,80,42,1.0,0.0,walk
1850,37.0,1.0,0.0,0.4040720462799072,1.0166902542114258,-0.33591681718826294,-0.04924355447292328,0,2000,strong30k,4,80,42,1.0,0.0,walk
1851,37.02,1.0,0.0,0.40393733978271484,1.027978777885437,-0.371951699256897,0.02857489511370659,0,2000,strong30k,4,80,42,1.0,0.0,walk
1852,37.04,1.0,0.0,0.40556108951568604,0.9242737889289856,-0.2979799509048462,-0.04677801579236984,0,2000,strong30k,4,80,42,1.0,0.0,walk
1853,37.06,1.0,0.0,0.40286314487457275,0.8452147245407104,-0.22705839574337006,0.2841202914714813,0,2000,strong30k,4,80,42,1.0,0.0,walk
1854,37.08,1.0,0.0,0.39857637882232666,0.7904216647148132,-0.1769138127565384,0.12156486511230469,0,2000,strong30k,4,80,42,1.0,0.0,walk
1855,37.1,1.0,0.0,0.39720332622528076,0.7635642290115356,-0.1396326720714569,-0.30875930190086365,0,2000,strong30k,4,80,42,1.0,0.0,walk
1856,37.12,1.0,0.0,0.3999415636062622,0.759692370891571,-0.1123555526137352,-0.6367492079734802,0,2000,strong30k,4,80,42,1.0,0.0,walk
1857,37.14,1.0,0.0,0.4039626121520996,0.7606949210166931,-0.0891280472278595,-0.6043027639389038,0,2000,strong30k,4,80,42,1.0,0.0,walk
1858,37.160000000000004,1.0,0.0,0.40667760372161865,0.7506008744239807,-0.05904131010174751,-0.37762895226478577,0,2000,strong30k,4,80,42,1.0,0.0,walk
1859,37.18,1.0,0.0,0.4066784381866455,0.7358602285385132,-0.02711360715329647,-0.06283870339393616,0,2000,strong30k,4,80,42,1.0,0.0,walk
1860,37.2,1.0,0.0,0.4045621156692505,0.7239000201225281,-0.000859367020893842,0.11869174242019653,0,2000,strong30k,4,80,42,1.0,0.0,walk
1861,37.22,1.0,0.0,0.40114283561706543,0.7266613841056824,0.017816277220845222,0.24181070923805237,0,2000,strong30k,4,80,42,1.0,0.0,walk
1862,37.24,1.0,0.0,0.397707462310791,0.7437332272529602,0.03036150150001049,0.22654548287391663,0,2000,strong30k,4,80,42,1.0,0.0,walk
1863,37.26,1.0,0.0,0.39484894275665283,0.7705186009407043,0.039620935916900635,0.2559623718261719,0,2000,strong30k,4,80,42,1.0,0.0,walk
1864,37.28,1.0,0.0,0.39179563522338867,0.7951921820640564,0.05387559533119202,0.3056970238685608,0,2000,strong30k,4,80,42,1.0,0.0,walk
1865,37.300000000000004,1.0,0.0,0.3886749744415283,0.8276366591453552,0.0707392692565918,0.3180146813392639,0,2000,strong30k,4,80,42,1.0,0.0,walk
1866,37.32,1.0,0.0,0.38514721393585205,0.867760181427002,0.08783288300037384,0.40415167808532715,0,2000,strong30k,4,80,42,1.0,0.0,walk
1867,37.34,1.0,0.0,0.38162386417388916,0.9122639298439026,0.10007277131080627,0.3999496102333069,0,2000,strong30k,4,80,42,1.0,0.0,walk
1868,37.36,1.0,0.0,0.3790137767791748,0.9613400101661682,0.10981151461601257,0.35674628615379333,0,2000,strong30k,4,80,42,1.0,0.0,walk
1869,37.38,1.0,0.0,0.3776048421859741,1.00221848487854,0.12471887469291687,0.2652982473373413,0,2000,strong30k,4,80,42,1.0,0.0,walk
1870,37.4,1.0,0.0,0.37670958042144775,1.0285987854003906,0.14931179583072662,0.2056945264339447,0,2000,strong30k,4,80,42,1.0,0.0,walk
1871,37.42,1.0,0.0,0.37503159046173096,1.0458033084869385,0.17601926624774933,0.21441085636615753,0,2000,strong30k,4,80,42,1.0,0.0,walk
1872,37.44,1.0,0.0,0.3731541633605957,1.0521163940429688,0.19064727425575256,0.17017880082130432,0,2000,strong30k,4,80,42,1.0,0.0,walk
1873,37.46,1.0,0.0,0.3708364963531494,0.9492855668067932,0.14088889956474304,0.008453951217234135,0,2000,strong30k,4,80,42,1.0,0.0,walk
1874,37.480000000000004,1.0,0.0,0.3739055395126343,0.8588374257087708,0.07883431017398834,-0.3744538426399231,0,2000,strong30k,4,80,42,1.0,0.0,walk
1875,37.5,1.0,0.0,0.37873244285583496,0.7787348628044128,0.029186435043811798,-0.12042216956615448,0,2000,strong30k,4,80,42,1.0,0.0,walk
1876,37.52,1.0,0.0,0.3810187578201294,0.7262077331542969,-0.011806925758719444,0.2503811717033386,0,2000,strong30k,4,80,42,1.0,0.0,walk
1877,37.54,1.0,0.0,0.3791348934173584,0.7237218618392944,-0.04034322127699852,0.6058573722839355,0,2000,strong30k,4,80,42,1.0,0.0,walk
1878,37.56,1.0,0.0,0.3743319511413574,0.726267397403717,-0.060921285301446915,0.7718825936317444,0,2000,strong30k,4,80,42,1.0,0.0,walk
1879,37.58,1.0,0.0,0.3691755533218384,0.7215728163719177,-0.08218438923358917,0.624254047870636,0,2000,strong30k,4,80,42,1.0,0.0,walk
1880,37.6,1.0,0.0,0.366191029548645,0.7129471302032471,-0.10188212245702744,0.32997217774391174,0,2000,strong30k,4,80,42,1.0,0.0,walk
1881,37.62,1.0,0.0,0.3651667833328247,0.7031365633010864,-0.11420967429876328,0.14669162034988403,0,2000,strong30k,4,80,42,1.0,0.0,walk
1882,37.64,1.0,0.0,0.36627304553985596,0.6936811208724976,-0.1296231597661972,-0.10454438626766205,0,2000,strong30k,4,80,42,1.0,0.0,walk
1883,37.660000000000004,1.0,0.0,0.3692570924758911,0.7025246024131775,-0.13438443839550018,-0.29208022356033325,0,2000,strong30k,4,80,42,1.0,0.0,walk
1884,37.68,1.0,0.0,0.3728814125061035,0.7220947742462158,-0.13924305140972137,-0.3004167973995209,0,2000,strong30k,4,80,42,1.0,0.0,walk
1885,37.7,1.0,0.0,0.3758312463760376,0.7473359704017639,-0.1492457538843155,-0.21432022750377655,0,2000,strong30k,4,80,42,1.0,0.0,walk
1886,37.72,1.0,0.0,0.3774327039718628,0.7870994210243225,-0.1628781259059906,-0.12933818995952606,0,2000,strong30k,4,80,42,1.0,0.0,walk
1887,37.74,1.0,0.0,0.37848007678985596,0.8258477449417114,-0.18571583926677704,-0.12145283818244934,0,2000,strong30k,4,80,42,1.0,0.0,walk
1888,37.76,1.0,0.0,0.37864649295806885,0.8639006614685059,-0.2082201987504959,-0.06318280845880508,0,2000,strong30k,4,80,42,1.0,0.0,walk
1889,37.78,1.0,0.0,0.3773994445800781,0.903315544128418,-0.2336023449897766,0.0214838907122612,0,2000,strong30k,4,80,42,1.0,0.0,walk
1890,37.800000000000004,1.0,0.0,0.3750966787338257,0.9411346912384033,-0.2667074501514435,0.06719080358743668,0,2000,strong30k,4,80,42,1.0,0.0,walk
1891,37.82,1.0,0.0,0.37322473526000977,0.9701595902442932,-0.30857405066490173,0.03185279294848442,0,2000,strong30k,4,80,42,1.0,0.0,walk
1892,37.84,1.0,0.0,0.37302982807159424,0.9915179014205933,-0.35208144783973694,-0.06359782814979553,0,2000,strong30k,4,80,42,1.0,0.0,walk
1893,37.86,1.0,0.0,0.3735389709472656,1.0043941736221313,-0.3900512456893921,-0.062205806374549866,0,2000,strong30k,4,80,42,1.0,0.0,walk
1894,37.88,1.0,0.0,0.3752279281616211,0.9130755662918091,-0.3498585820198059,-0.4655885696411133,0,2000,strong30k,4,80,42,1.0,0.0,walk
1895,37.9,1.0,0.0,0.37440037727355957,0.8418784737586975,-0.2700122892856598,0.24855276942253113,0,2000,strong30k,4,80,42,1.0,0.0,walk
1896,37.92,1.0,0.0,0.36995232105255127,0.7787315249443054,-0.20568683743476868,0.2460092306137085,0,2000,strong30k,4,80,42,1.0,0.0,walk
1897,37.94,1.0,0.0,0.3671438694000244,0.7426223754882812,-0.16301581263542175,-0.12352100014686584,0,2000,strong30k,4,80,42,1.0,0.0,walk
1898,37.96,1.0,0.0,0.36850106716156006,0.7330845594406128,-0.1302400529384613,-0.5394290685653687,0,2000,strong30k,4,80,42,1.0,0.0,walk
1899,37.980000000000004,1.0,0.0,0.37237393856048584,0.738974928855896,-0.11176155507564545,-0.657951831817627,0,2000,strong30k,4,80,42,1.0,0.0,walk
1900,38.0,1.0,0.0,0.3757990598678589,0.7300196290016174,-0.08201809972524643,-0.47279495000839233,0,2000,strong30k,4,80,42,1.0,0.0,walk
1901,38.02,1.0,0.0,0.37691986560821533,0.7131358981132507,-0.04728768765926361,-0.19510048627853394,0,2000,strong30k,4,80,42,1.0,0.0,walk
1902,38.04,1.0,0.0,0.37541115283966064,0.6962140798568726,-0.016665291041135788,0.09023567289113998,0,2000,strong30k,4,80,42,1.0,0.0,walk
1903,38.06,1.0,0.0,0.372153639793396,0.6867803931236267,0.0065487767569720745,0.19669677317142487,0,2000,strong30k,4,80,42,1.0,0.0,walk
1904,38.08,1.0,0.0,0.36839497089385986,0.7001304626464844,0.021920086815953255,0.26470863819122314,0,2000,strong30k,4,80,42,1.0,0.0,walk
1905,38.1,1.0,0.0,0.36532294750213623,0.7225178480148315,0.030379274860024452,0.2220684438943863,0,2000,strong30k,4,80,42,1.0,0.0,walk
1906,38.12,1.0,0.0,0.3624833822250366,0.7419206500053406,0.043318718671798706,0.2716197371482849,0,2000,strong30k,4,80,42,1.0,0.0,walk
1907,38.14,1.0,0.0,0.359499454498291,0.7677464485168457,0.05926614627242088,0.27591413259506226,0,2000,strong30k,4,80,42,1.0,0.0,walk
1908,38.160000000000004,1.0,0.0,0.35625505447387695,0.8008930087089539,0.07653088122606277,0.35301467776298523,0,2000,strong30k,4,80,42,1.0,0.0,walk
1909,38.18,1.0,0.0,0.35299408435821533,0.8425443172454834,0.08872094005346298,0.3660300076007843,0,2000,strong30k,4,80,42,1.0,0.0,walk
1910,38.2,1.0,0.0,0.35030949115753174,0.8887848258018494,0.09995787590742111,0.3405536413192749,0,2000,strong30k,4,80,42,1.0,0.0,walk
1911,38.22,1.0,0.0,0.34869229793548584,0.9335521459579468,0.11310001462697983,0.28179022669792175,0,2000,strong30k,4,80,42,1.0,0.0,walk
1912,38.24,1.0,0.0,0.347842812538147,0.9671125411987305,0.13377903401851654,0.24411018192768097,0,2000,strong30k,4,80,42,1.0,0.0,walk
1913,38.26,1.0,0.0,0.3463093042373657,0.9868494272232056,0.16147944331169128,0.2668089270591736,0,2000,strong30k,4,80,42,1.0,0.0,walk
1914,38.28,1.0,0.0,0.3439011573791504,1.0013349056243896,0.1863541454076767,0.24817785620689392,0,2000,strong30k,4,80,42,1.0,0.0,walk
1915,38.300000000000004,1.0,0.0,0.3417915105819702,1.0024141073226929,0.19432216882705688,0.17808318138122559,0,2000,strong30k,4,80,42,1.0,0.0,walk
1916,38.32,1.0,0.0,0.3395850658416748,0.8887954950332642,0.12840957939624786,-0.13295871019363403,0,2000,strong30k,4,80,42,1.0,0.0,walk
1917,38.34,1.0,0.0,0.3434816598892212,0.8068147301673889,0.07016626745462418,-0.31770139932632446,0,2000,strong30k,4,80,42,1.0,0.0,walk
1918,38.36,1.0,0.0,0.3480111360549927,0.7364128232002258,0.024823084473609924,-0.019455699250102043,0,2000,strong30k,4,80,42,1.0,0.0,walk
1919,38.38,1.0,0.0,0.3488703966140747,0.704230785369873,-0.00947096198797226,0.36416706442832947,0,2000,strong30k,4,80,42,1.0,0.0,walk
1920,38.4,1.0,0.0,0.34573566913604736,0.7103244662284851,-0.03376283124089241,0.6703194379806519,0,2000,strong30k,4,80,42,1.0,0.0,walk
1921,38.42,1.0,0.0,0.33994269371032715,0.7147549986839294,-0.05310296639800072,0.8356478214263916,0,2000,strong30k,4,80,42,1.0,0.0,walk
1922,38.44,1.0,0.0,0.33416712284088135,0.7092487812042236,-0.07536588609218597,0.6581752300262451,0,2000,strong30k,4,80,42,1.0,0.0,walk
1923,38.46,1.0,0.0,0.3311879634857178,0.7015292048454285,-0.09369084239006042,0.2800427973270416,0,2000,strong30k,4,80,42,1.0,0.0,walk
1924,38.480000000000004,1.0,0.0,0.33091604709625244,0.6936419010162354,-0.10611853003501892,0.03673846274614334,0,2000,strong30k,4,80,42,1.0,0.0,walk
1925,38.5,1.0,0.0,0.3329979181289673,0.6886704564094543,-0.11879096925258636,-0.20319484174251556,0,2000,strong30k,4,80,42,1.0,0.0,walk
1926,38.52,1.0,0.0,0.3363637924194336,0.6994914412498474,-0.12071260809898376,-0.31664228439331055,0,2000,strong30k,4,80,42,1.0,0.0,walk
1927,38.54,1.0,0.0,0.3399791717529297,0.7199335694313049,-0.12613196671009064,-0.3116591274738312,0,2000,strong30k,4,80,42,1.0,0.0,walk
1928,38.56,1.0,0.0,0.3428856134414673,0.7457913160324097,-0.13772062957286835,-0.22728127241134644,0,2000,strong30k,4,80,42,1.0,0.0,walk
1929,38.58,1.0,0.0,0.3446098566055298,0.7888996601104736,-0.1521102637052536,-0.16395451128482819,0,2000,strong30k,4,80,42,1.0,0.0,walk
1930,38.6,1.0,0.0,0.3459775447845459,0.8315762281417847,-0.17529919743537903,-0.17991672456264496,0,2000,strong30k,4,80,42,1.0,0.0,walk
1931,38.62,1.0,0.0,0.3464869260787964,0.8742066025733948,-0.1974843591451645,-0.12104763835668564,0,2000,strong30k,4,80,42,1.0,0.0,walk
1932,38.64,1.0,0.0,0.34559011459350586,0.9146293997764587,-0.22352327406406403,-0.01964380592107773,0,2000,strong30k,4,80,42,1.0,0.0,walk
1933,38.660000000000004,1.0,0.0,0.3436504602432251,0.9495465755462646,-0.2568426728248596,0.05336713418364525,0,2000,strong30k,4,80,42,1.0,0.0,walk
1934,38.68,1.0,0.0,0.3424173593521118,0.9759418964385986,-0.29756927490234375,0.004311907105147839,0,2000,strong30k,4,80,42,1.0,0.0,walk
1935,38.7,1.0,0.0,0.3425716161727905,0.9964418411254883,-0.3370175063610077,-0.07302112132310867,0,2000,strong30k,4,80,42,1.0,0.0,walk
1936,38.72,1.0,0.0,0.3429441452026367,1.0088320970535278,-0.37185660004615784,-0.05116279795765877,0,2000,strong30k,4,80,42,1.0,0.0,walk
1937,38.74,1.0,0.0,0.34554922580718994,0.9064459204673767,-0.29808393120765686,-0.13734328746795654,0,2000,strong30k,4,80,42,1.0,0.0,walk
1938,38.76,1.0,0.0,0.3435933589935303,0.833434522151947,-0.22475112974643707,0.24684344232082367,0,2000,strong30k,4,80,42,1.0,0.0,walk
1939,38.78,1.0,0.0,0.3395315408706665,0.7796683311462402,-0.17333799600601196,0.13373170793056488,0,2000,strong30k,4,80,42,1.0,0.0,walk
1940,38.800000000000004,1.0,0.0,0.337915301322937,0.7525408267974854,-0.1366586536169052,-0.262315034866333,0,2000,strong30k,4,80,42,1.0,0.0,walk
1941,38.82,1.0,0.0,0.3404346704483032,0.7469944357872009,-0.10689634829759598,-0.6260770559310913,0,2000,strong30k,4,80,42,1.0,0.0,walk
1942,38.84,1.0,0.0,0.3447076082229614,0.7496654391288757,-0.08406920731067657,-0.6379215121269226,0,2000,strong30k,4,80,42,1.0,0.0,walk
1943,38.86,1.0,0.0,0.34776175022125244,0.7401055693626404,-0.05302809178829193,-0.40839770436286926,0,2000,strong30k,4,80,42,1.0,0.0,walk
1944,38.88,1.0,0.0,0.34800994396209717,0.724920392036438,-0.019549310207366943,-0.09218531847000122,0,2000,strong30k,4,80,42,1.0,0.0,walk
1945,38.9,1.0,0.0,0.34603798389434814,0.7127854824066162,0.0076462081633508205,0.11288158595561981,0,2000,strong30k,4,80,42,1.0,0.0,walk
1946,38.92,1.0,0.0,0.3428192138671875,0.7124254703521729,0.02709886245429516,0.21372303366661072,0,2000,strong30k,4,80,42,1.0,0.0,walk
1947,38.94,1.0,0.0,0.33954858779907227,0.7292749285697937,0.04036733880639076,0.2194732129573822,0,2000,strong30k,4,80,42,1.0,0.0,walk
1948,38.96,1.0,0.0,0.3367995023727417,0.7537111043930054,0.05104494094848633,0.22827863693237305,0,2000,strong30k,4,80,42,1.0,0.0,walk
1949,38.980000000000004,1.0,0.0,0.33405637741088867,0.7766924500465393,0.06537994742393494,0.26911261677742004,0,2000,strong30k,4,80,42,1.0,0.0,walk
1950,39.0,1.0,0.0,0.33128607273101807,0.8075438141822815,0.08233097195625305,0.2880629301071167,0,2000,strong30k,4,80,42,1.0,0.0,walk
1951,39.02,1.0,0.0,0.32806098461151123,0.8456500768661499,0.10092240571975708,0.37377071380615234,0,2000,strong30k,4,80,42,1.0,0.0,walk
1952,39.04,1.0,0.0,0.3248271942138672,0.8882152438163757,0.11511755734682083,0.3671168088912964,0,2000,strong30k,4,80,42,1.0,0.0,walk
1953,39.06,1.0,0.0,0.3225034475326538,0.9359732866287231,0.12654903531074524,0.325825035572052,0,2000,strong30k,4,80,42,1.0,0.0,walk
1954,39.08,1.0,0.0,0.3213416337966919,0.9765803813934326,0.1428404003381729,0.24652837216854095,0,2000,strong30k,4,80,42,1.0,0.0,walk
1955,39.1,1.0,0.0,0.3207143545150757,1.0025887489318848,0.16850058734416962,0.18696844577789307,0,2000,strong30k,4,80,42,1.0,0.0,walk
1956,39.12,1.0,0.0,0.31921327114105225,1.0198086500167847,0.19744955003261566,0.21727271378040314,0,2000,strong30k,4,80,42,1.0,0.0,walk
1957,39.14,1.0,0.0,0.3170970678329468,1.0262045860290527,0.21478576958179474,0.2202587127685547,0,2000,strong30k,4,80,42,1.0,0.0,walk
1958,39.160000000000004,1.0,0.0,0.3143261671066284,0.9344407916069031,0.16284871101379395,0.09944302588701248,0,2000,strong30k,4,80,42,1.0,0.0,walk
1959,39.18,1.0,0.0,0.31669485569000244,0.846743643283844,0.09978672116994858,-0.3481120765209198,0,2000,strong30k,4,80,42,1.0,0.0,walk
1960,39.2,1.0,0.0,0.321325421333313,0.7681501507759094,0.047395575791597366,-0.12544019520282745,0,2000,strong30k,4,80,42,1.0,0.0,walk
1961,39.22,1.0,0.0,0.3234837055206299,0.7166401743888855,0.006521525327116251,0.2533091604709625,0,2000,strong30k,4,80,42,1.0,0.0,walk
1962,39.24,1.0,0.0,0.32137608528137207,0.7132100462913513,-0.021377313882112503,0.5984781384468079,0,2000,strong30k,4,80,42,1.0,0.0,walk
1963,39.26,1.0,0.0,0.3165452480316162,0.7155992984771729,-0.042089954018592834,0.7609001994132996,0,2000,strong30k,4,80,42,1.0,0.0,walk
1964,39.28,1.0,0.0,0.31135332584381104,0.7116349935531616,-0.06377372145652771,0.6379268765449524,0,2000,strong30k,4,80,42,1.0,0.0,walk
1965,39.300000000000004,1.0,0.0,0.308247447013855,0.7046966552734375,-0.08310244232416153,0.33375534415245056,0,2000,strong30k,4,80,42,1.0,0.0,walk
1966,39.32,1.0,0.0,0.3073263168334961,0.6955064535140991,-0.09555883705615997,0.12652713060379028,0,2000,strong30k,4,80,42,1.0,0.0,walk
1967,39.34,1.0,0.0,0.30869507789611816,0.6858982443809509,-0.11110913008451462,-0.13706417381763458,0,2000,strong30k,4,80,42,1.0,0.0,walk
1968,39.36,1.0,0.0,0.31181979179382324,0.6918119788169861,-0.1148073822259903,-0.2977134585380554,0,2000,strong30k,4,80,42,1.0,0.0,walk
1969,39.38,1.0,0.0,0.31553351879119873,0.7094223499298096,-0.12047062069177628,-0.32039788365364075,0,2000,strong30k,4,80,42,1.0,0.0,walk
1970,39.4,1.0,0.0,0.3186328411102295,0.7346544861793518,-0.12896659970283508,-0.23725222051143646,0,2000,strong30k,4,80,42,1.0,0.0,walk
1971,39.42,1.0,0.0,0.3204087018966675,0.7733494639396667,-0.1433287113904953,-0.1390516310930252,0,2000,strong30k,4,80,42,1.0,0.0,walk
1972,39.44,1.0,0.0,0.32148969173431396,0.8143255114555359,-0.16413149237632751,-0.12814129889011383,0,2000,strong30k,4,80,42,1.0,0.0,walk
1973,39.46,1.0,0.0,0.3221055269241333,0.8544193506240845,-0.18674209713935852,-0.12946678698062897,0,2000,strong30k,4,80,42,1.0,0.0,walk
1974,39.480000000000004,1.0,0.0,0.321438193321228,0.8945286273956299,-0.211379736661911,-0.02200154773890972,0,2000,strong30k,4,80,42,1.0,0.0,walk
1975,39.5,1.0,0.0,0.319372296333313,0.9271122217178345,-0.24056173861026764,0.08416484296321869,0,2000,strong30k,4,80,42,1.0,0.0,walk
1976,39.52,1.0,0.0,0.3173079490661621,0.9601374268531799,-0.27968302369117737,0.02458578534424305,0,2000,strong30k,4,80,42,1.0,0.0,walk
1977,39.54,1.0,0.0,0.3170522451400757,0.9835503101348877,-0.32175853848457336,-0.0691346600651741,0,2000,strong30k,4,80,42,1.0,0.0,walk
1978,39.56,1.0,0.0,0.31790411472320557,0.9956287145614624,-0.357689768075943,-0.13100534677505493,0,2000,strong30k,4,80,42,1.0,0.0,walk
1979,39.58,1.0,0.0,0.31987571716308594,0.9398106336593628,-0.33262500166893005,-0.4464726150035858,0,2000,strong30k,4,80,42,1.0,0.0,walk
1980,39.6,1.0,0.0,0.32069575786590576,0.8560731410980225,-0.25426560640335083,0.16698114573955536,0,2000,strong30k,4,80,42,1.0,0.0,walk
1981,39.62,1.0,0.0,0.3163794279098511,0.7942201495170593,-0.1933223158121109,0.32076919078826904,0,2000,strong30k,4,80,42,1.0,0.0,walk
1982,39.64,1.0,0.0,0.3125511407852173,0.7513884902000427,-0.15096384286880493,-0.008510500192642212,0,2000,strong30k,4,80,42,1.0,0.0,walk
1983,39.660000000000004,1.0,0.0,0.3128308057785034,0.7389687299728394,-0.12045184522867203,-0.4689825475215912,0,2000,strong30k,4,80,42,1.0,0.0,walk
1984,39.68,1.0,0.0,0.3162175416946411,0.7439643144607544,-0.1009843498468399,-0.6262536644935608,0,2000,strong30k,4,80,42,1.0,0.0,walk
1985,39.7,1.0,0.0,0.3194119930267334,0.7382725477218628,-0.07220170646905899,-0.4753512144088745,0,2000,strong30k,4,80,42,1.0,0.0,walk
1986,39.72,1.0,0.0,0.3211461305618286,0.7236830592155457,-0.03744715452194214,-0.28682711720466614,0,2000,strong30k,4,80,42,1.0,0.0,walk
1987,39.74,1.0,0.0,0.32061636447906494,0.7093717455863953,-0.006311487406492233,-0.0014129307819530368,0,2000,strong30k,4,80,42,1.0,0.0,walk
1988,39.76,1.0,0.0,0.3184943199157715,0.7006828188896179,0.017410824075341225,0.07727811485528946,0,2000,strong30k,4,80,42,1.0,0.0,walk
1989,39.78,1.0,0.0,0.31567370891571045,0.7172370553016663,0.03246218338608742,0.2024441659450531,0,2000,strong30k,4,80,42,1.0,0.0,walk
1990,39.800000000000004,1.0,0.0,0.31304991245269775,0.7360494136810303,0.041152141988277435,0.17318744957447052,0,2000,strong30k,4,80,42,1.0,0.0,walk
1991,39.82,1.0,0.0,0.3106940984725952,0.7586767673492432,0.0516427680850029,0.245220348238945,0,2000,strong30k,4,80,42,1.0,0.0,walk
1992,39.84,1.0,0.0,0.3078194856643677,0.7867333292961121,0.06637027114629745,0.29639893770217896,0,2000,strong30k,4,80,42,1.0,0.0,walk
1993,39.86,1.0,0.0,0.30465638637542725,0.8220288157463074,0.08338356763124466,0.3311839699745178,0,2000,strong30k,4,80,42,1.0,0.0,walk
1994,39.88,1.0,0.0,0.3014284372329712,0.8664828538894653,0.09616205841302872,0.3848572373390198,0,2000,strong30k,4,80,42,1.0,0.0,walk
1995,39.9,1.0,0.0,0.2984353303909302,0.9130163192749023,0.1082213819026947,0.3794035315513611,0,2000,strong30k,4,80,42,1.0,0.0,walk
1996,39.92,1.0,0.0,0.2965027093887329,0.9585542678833008,0.1207134872674942,0.3012411296367645,0,2000,strong30k,4,80,42,1.0,0.0,walk
1997,39.94,1.0,0.0,0.2956545352935791,0.992717981338501,0.1403336375951767,0.2247752547264099,0,2000,strong30k,4,80,42,1.0,0.0,walk
1998,39.96,1.0,0.0,0.2944307327270508,1.013902187347412,0.16797281801700592,0.22434592247009277,0,2000,strong30k,4,80,42,1.0,0.0,walk
1999,39.980000000000004,1.0,0.0,-1.3177984952926636,-0.4408535361289978,0.5005143284797668,-0.3741647005081177,0,2000,strong30k,4,80,42,1.0,0.0,walk
