step,time_s,vx_cmd,vy_cmd,yaw_cmd,vx_actual,vy_actual,yaw_actual,fell,episode_steps,policy,delay_steps,delay_ms,seed,lin_vel_x,lin_vel_y,task
0,0.0,0.800000011920929,0.30000001192092896,0.2152717113494873,0.5671578645706177,-0.36684563755989075,-1.498332142829895,0,2000,v2a_u08,0,0,42,0.8,0.3,walk_queue_ablation
1,0.02,0.800000011920929,0.30000001192092896,0.2278742790222168,0.6142797470092773,-0.3141811490058899,-1.643301248550415,0,2000,v2a_u08,0,0,42,0.8,0.3,walk_queue_ablation
2,0.04,0.800000011920929,0.30000001192092896,0.2420649528503418,0.6560052037239075,-0.2896786034107208,-1.6462972164154053,0,2000,v2a_u08,0,0,42,0.8,0.3,walk_queue_ablation
3,0.06,0.800000011920929,0.30000001192092896,0.2514575719833374,0.6817954778671265,-0.28524139523506165,-0.14223894476890564,0,2000,v2a_u08,0,0,42,0.8,0.3,walk_queue_ablation
4,0.08,0.800000011920929,0.30000001192092896,0.25339388847351074,0.6131471395492554,-0.20454338192939758,0.3732512891292572,0,2000,v2a_u08,0,0,42,0.8,0.3,walk_queue_ablation
5,0.1,0.800000011920929,0.30000001192092896,0.2484738826751709,0.5704109072685242,-0.22422930598258972,0.900310218334198,0,2000,v2a_u08,0,0,42,0.8,0.3,walk_queue_ablation
6,0.12,0.800000011920929,0.30000001192092896,0.24499011039733887,0.5254517197608948,-0.24060620367527008,0.805323600769043,0,2000,v2a_u08,0,0,42,0.8,0.3,walk_queue_ablation
7,0.14,0.800000011920929,0.30000001192092896,0.24475061893463135,0.5212988257408142,-0.336140513420105,-0.2275410145521164,0,2000,v2a_u08,0,0,42,0.8,0.3,walk_queue_ablation
8,0.16,0.800000011920929,0.30000001192092896,0.2516317367553711,0.6168021559715271,-0.43534204363822937,-0.4140186607837677,0,2000,v2a_u08,0,0,42,0.8,0.3,walk_queue_ablation
9,0.18,0.800000011920929,0.30000001192092896,0.2525256872177124,0.6651442050933838,-0.4665187895298004,0.23942649364471436,0,2000,v2a_u08,0,0,42,0.8,0.3,walk_queue_ablation
10,0.2,0.800000011920929,0.30000001192092896,0.25147688388824463,0.708544135093689,-0.5096681118011475,0.314624160528183,0,2000,v2a_u08,0,0,42,0.8,0.3,walk_queue_ablation
11,0.22,0.800000011920929,0.30000001192092896,0.2532620429992676,0.7527511715888977,-0.5633355379104614,-0.12143071740865707,0,2000,v2a_u08,0,0,42,0.8,0.3,walk_queue_ablation
12,0.24,0.800000011920929,0.30000001192092896,0.2560933828353882,0.8036714196205139,-0.5674328207969666,-0.27714627981185913,0,2000,v2a_u08,0,0,42,0.8,0.3,walk_queue_ablation
13,0.26,0.800000011920929,0.30000001192092896,0.2581062316894531,0.841230571269989,-0.5623201727867126,-0.3053209185600281,0,2000,v2a_u08,0,0,42,0.8,0.3,walk_queue_ablation
14,0.28,0.800000011920929,0.30000001192092896,0.2616814374923706,0.899871289730072,-0.5493850708007812,-0.6336274743080139,0,2000,v2a_u08,0,0,42,0.8,0.3,walk_queue_ablation
15,0.3,0.800000011920929,0.30000001192092896,0.266476035118103,0.9289075136184692,-0.5536909699440002,-0.7293455600738525,0,2000,v2a_u08,0,0,42,0.8,0.3,walk_queue_ablation
16,0.32,0.800000011920929,0.30000001192092896,0.26913368701934814,0.9604052305221558,-0.5677423477172852,-0.3926429748535156,0,2000,v2a_u08,0,0,42,0.8,0.3,walk_queue_ablation
17,0.34,0.800000011920929,0.30000001192092896,0.2692357301712036,0.9500892758369446,-0.571180522441864,0.10816515982151031,0,2000,v2a_u08,0,0,42,0.8,0.3,walk_queue_ablation
18,0.36,0.800000011920929,0.30000001192092896,0.2689783573150635,0.785627543926239,-0.498708575963974,0.19670546054840088,0,2000,v2a_u08,0,0,42,0.8,0.3,walk_queue_ablation
19,0.38,0.800000011920929,0.30000001192092896,0.2674790620803833,0.6504980325698853,-0.3925321102142334,0.11854386329650879,0,2000,v2a_u08,0,0,42,0.8,0.3,walk_queue_ablation
20,0.4,0.800000011920929,0.30000001192092896,0.2668036222457886,0.5606883764266968,-0.30476194620132446,-0.16770410537719727,0,2000,v2a_u08,0,0,42,0.8,0.3,walk_queue_ablation
21,0.42,0.800000011920929,0.30000001192092896,0.27011024951934814,0.5261908769607544,-0.25130435824394226,-0.545934796333313,0,2000,v2a_u08,0,0,42,0.8,0.3,walk_queue_ablation
22,0.44,0.800000011920929,0.30000001192092896,0.27383530139923096,0.503993034362793,-0.1955157369375229,-0.49110013246536255,0,2000,v2a_u08,0,0,42,0.8,0.3,walk_queue_ablation
23,0.46,0.800000011920929,0.30000001192092896,0.27432382106781006,0.48072847723960876,-0.15361015498638153,-0.19993045926094055,0,2000,v2a_u08,0,0,42,0.8,0.3,walk_queue_ablation
24,0.48,0.800000011920929,0.30000001192092896,0.2709096670150757,0.4489253759384155,-0.12573228776454926,0.14091616868972778,0,2000,v2a_u08,0,0,42,0.8,0.3,walk_queue_ablation
25,0.5,0.800000011920929,0.30000001192092896,0.2673497200012207,0.45184725522994995,-0.1157783716917038,0.09133201837539673,0,2000,v2a_u08,0,0,42,0.8,0.3,walk_queue_ablation
26,0.52,0.800000011920929,0.30000001192092896,0.26405251026153564,0.4576660096645355,-0.11606085300445557,0.0008535864180885255,0,2000,v2a_u08,0,0,42,0.8,0.3,walk_queue_ablation
27,0.54,0.800000011920929,0.30000001192092896,0.261081337928772,0.47559794783592224,-0.10956607758998871,0.027256418019533157,0,2000,v2a_u08,0,0,42,0.8,0.3,walk_queue_ablation
28,0.56,0.800000011920929,0.30000001192092896,0.26020753383636475,0.49096640944480896,-0.10256455838680267,-0.17567186057567596,0,2000,v2a_u08,0,0,42,0.8,0.3,walk_queue_ablation
29,0.58,0.800000011920929,0.30000001192092896,0.2605246305465698,0.5113388299942017,-0.09048934280872345,-0.13481460511684418,0,2000,v2a_u08,0,0,42,0.8,0.3,walk_queue_ablation
30,0.6,0.800000011920929,0.30000001192092896,0.26044976711273193,0.5354940891265869,-0.0784764215350151,-0.027858741581439972,0,2000,v2a_u08,0,0,42,0.8,0.3,walk_queue_ablation
31,0.62,0.800000011920929,0.30000001192092896,0.25940966606140137,0.5547308921813965,-0.06566629558801651,0.0803336426615715,0,2000,v2a_u08,0,0,42,0.8,0.3,walk_queue_ablation
32,0.64,0.800000011920929,0.30000001192092896,0.25785934925079346,0.570018470287323,-0.05152612552046776,0.1017945259809494,0,2000,v2a_u08,0,0,42,0.8,0.3,walk_queue_ablation
33,0.66,0.800000011920929,0.30000001192092896,0.2562650442123413,0.5911394953727722,-0.035825252532958984,0.1124318465590477,0,2000,v2a_u08,0,0,42,0.8,0.3,walk_queue_ablation
34,0.68,0.800000011920929,0.30000001192092896,0.25531065464019775,0.6172662377357483,-0.02005288004875183,0.049442190676927567,0,2000,v2a_u08,0,0,42,0.8,0.3,walk_queue_ablation
35,0.7000000000000001,0.800000011920929,0.30000001192092896,0.25555121898651123,0.6451547145843506,-0.002291552722454071,-0.028515422716736794,0,2000,v2a_u08,0,0,42,0.8,0.3,walk_queue_ablation
36,0.72,0.800000011920929,0.30000001192092896,0.257060170173645,0.675415575504303,0.018301820382475853,-0.10726232081651688,0,2000,v2a_u08,0,0,42,0.8,0.3,walk_queue_ablation
37,0.74,0.800000011920929,0.30000001192092896,0.25933051109313965,0.7057309150695801,0.04504763334989548,-0.15019384026527405,0,2000,v2a_u08,0,0,42,0.8,0.3,walk_queue_ablation
38,0.76,0.800000011920929,0.30000001192092896,0.2617853879928589,0.7395439147949219,0.0734417736530304,-0.13166049122810364,0,2000,v2a_u08,0,0,42,0.8,0.3,walk_queue_ablation
39,0.78,0.800000011920929,0.30000001192092896,0.2636615037918091,0.7780452370643616,0.10102164000272751,-0.03293972462415695,0,2000,v2a_u08,0,0,42,0.8,0.3,walk_queue_ablation
40,0.8,0.800000011920929,0.30000001192092896,0.2642766237258911,0.8165238499641418,0.12999336421489716,0.11066006869077682,0,2000,v2a_u08,0,0,42,0.8,0.3,walk_queue_ablation
41,0.8200000000000001,0.800000011920929,0.30000001192092896,0.26342499256134033,0.8536079525947571,0.16146758198738098,0.2282344102859497,0,2000,v2a_u08,0,0,42,0.8,0.3,walk_queue_ablation
42,0.84,0.800000011920929,0.30000001192092896,0.26175153255462646,0.891033411026001,0.19496320188045502,0.26957476139068604,0,2000,v2a_u08,0,0,42,0.8,0.3,walk_queue_ablation
43,0.86,0.800000011920929,0.30000001192092896,0.26038670539855957,0.9234600067138672,0.22867940366268158,0.20914392173290253,0,2000,v2a_u08,0,0,42,0.8,0.3,walk_queue_ablation
44,0.88,0.800000011920929,0.30000001192092896,0.2599552869796753,0.8941837549209595,0.22732730209827423,0.5941702723503113,0,2000,v2a_u08,0,0,42,0.8,0.3,walk_queue_ablation
45,0.9,0.800000011920929,0.30000001192092896,0.25964856147766113,0.8189031481742859,0.1710009127855301,-0.2675863802433014,0,2000,v2a_u08,0,0,42,0.8,0.3,walk_queue_ablation
46,0.92,0.800000011920929,0.30000001192092896,0.26492559909820557,0.7584136128425598,0.12617912888526917,-0.43247920274734497,0,2000,v2a_u08,0,0,42,0.8,0.3,walk_queue_ablation
47,0.9400000000000001,0.800000011920929,0.30000001192092896,0.2702672481536865,0.7059511542320251,0.09166921675205231,-0.22477540373802185,0,2000,v2a_u08,0,0,42,0.8,0.3,walk_queue_ablation
48,0.96,0.800000011920929,0.30000001192092896,0.2732217311859131,0.6522432565689087,0.0632740706205368,0.10303065925836563,0,2000,v2a_u08,0,0,42,0.8,0.3,walk_queue_ablation
49,0.98,0.800000011920929,0.30000001192092896,0.2726602554321289,0.6149738430976868,0.04086770489811897,0.4012429714202881,0,2000,v2a_u08,0,0,42,0.8,0.3,walk_queue_ablation
50,1.0,0.800000011920929,0.30000001192092896,0.27020490169525146,0.5795781016349792,0.01923459582030773,0.54270339012146,0,2000,v2a_u08,0,0,42,0.8,0.3,walk_queue_ablation
51,1.02,0.800000011920929,0.30000001192092896,0.26717638969421387,0.5511665940284729,3.9070120692485943e-05,0.49855250120162964,0,2000,v2a_u08,0,0,42,0.8,0.3,walk_queue_ablation
52,1.04,0.800000011920929,0.30000001192092896,0.2647327184677124,0.5303221344947815,-0.018144730478525162,0.359464168548584,0,2000,v2a_u08,0,0,42,0.8,0.3,walk_queue_ablation
53,1.06,0.800000011920929,0.30000001192092896,0.26356422901153564,0.5214367508888245,-0.033325400203466415,0.20074407756328583,0,2000,v2a_u08,0,0,42,0.8,0.3,walk_queue_ablation
54,1.08,0.800000011920929,0.30000001192092896,0.2633321285247803,0.5233821272850037,-0.0448007807135582,0.07560024410486221,0,2000,v2a_u08,0,0,42,0.8,0.3,walk_queue_ablation
55,1.1,0.800000011920929,0.30000001192092896,0.26350629329681396,0.5284470915794373,-0.0516367144882679,0.0018871151842176914,0,2000,v2a_u08,0,0,42,0.8,0.3,walk_queue_ablation
56,1.12,0.800000011920929,0.30000001192092896,0.2640221118927002,0.5351057052612305,-0.059740569442510605,-0.07090368866920471,0,2000,v2a_u08,0,0,42,0.8,0.3,walk_queue_ablation
57,1.1400000000000001,0.800000011920929,0.30000001192092896,0.2648211717605591,0.5415387749671936,-0.07018594443798065,-0.12421704083681107,0,2000,v2a_u08,0,0,42,0.8,0.3,walk_queue_ablation
58,1.16,0.800000011920929,0.30000001192092896,0.2654076814651489,0.5499746799468994,-0.08347491919994354,-0.11986536532640457,0,2000,v2a_u08,0,0,42,0.8,0.3,walk_queue_ablation
59,1.18,0.800000011920929,0.30000001192092896,0.26560330390930176,0.5607356429100037,-0.10136185586452484,-0.1244494765996933,0,2000,v2a_u08,0,0,42,0.8,0.3,walk_queue_ablation
60,1.2,0.800000011920929,0.30000001192092896,0.26512789726257324,0.5700636506080627,-0.12440565228462219,-0.07455107569694519,0,2000,v2a_u08,0,0,42,0.8,0.3,walk_queue_ablation
61,1.22,0.800000011920929,0.30000001192092896,0.2637910842895508,0.5772688388824463,-0.15253598988056183,-0.014271248131990433,0,2000,v2a_u08,0,0,42,0.8,0.3,walk_queue_ablation
62,1.24,0.800000011920929,0.30000001192092896,0.2622894048690796,0.5795836448669434,-0.184986874461174,0.008029093034565449,0,2000,v2a_u08,0,0,42,0.8,0.3,walk_queue_ablation
63,1.26,0.800000011920929,0.30000001192092896,0.260949969291687,0.5769709348678589,-0.21696777641773224,0.034922562539577484,0,2000,v2a_u08,0,0,42,0.8,0.3,walk_queue_ablation
64,1.28,0.800000011920929,0.30000001192092896,0.25894224643707275,0.5705597996711731,-0.24544711410999298,0.1115582138299942,0,2000,v2a_u08,0,0,42,0.8,0.3,walk_queue_ablation
65,1.3,0.800000011920929,0.30000001192092896,0.25585925579071045,0.558686375617981,-0.26431775093078613,0.17499949038028717,0,2000,v2a_u08,0,0,42,0.8,0.3,walk_queue_ablation
66,1.32,0.800000011920929,0.30000001192092896,0.2525287866592407,0.5084666609764099,-0.21330316364765167,0.2164587527513504,0,2000,v2a_u08,0,0,42,0.8,0.3,walk_queue_ablation
67,1.34,0.800000011920929,0.30000001192092896,0.2448669672012329,0.49802419543266296,-0.17220203578472137,0.6592316627502441,0,2000,v2a_u08,0,0,42,0.8,0.3,walk_queue_ablation
68,1.36,0.800000011920929,0.30000001192092896,0.235762357711792,0.47558867931365967,-0.144178569316864,0.48965558409690857,0,2000,v2a_u08,0,0,42,0.8,0.3,walk_queue_ablation
69,1.3800000000000001,0.800000011920929,0.30000001192092896,0.22983014583587646,0.46577873826026917,-0.11795517057180405,0.1364108920097351,0,2000,v2a_u08,0,0,42,0.8,0.3,walk_queue_ablation
70,1.4000000000000001,0.800000011920929,0.30000001192092896,0.22707784175872803,0.4657045304775238,-0.08829107135534286,-0.08790461719036102,0,2000,v2a_u08,0,0,42,0.8,0.3,walk_queue_ablation
71,1.42,0.800000011920929,0.30000001192092896,0.22678494453430176,0.4737214744091034,-0.057664256542921066,-0.27514371275901794,0,2000,v2a_u08,0,0,42,0.8,0.3,walk_queue_ablation
72,1.44,0.800000011920929,0.30000001192092896,0.22772908210754395,0.49004653096199036,-0.027101341634988785,-0.29274460673332214,0,2000,v2a_u08,0,0,42,0.8,0.3,walk_queue_ablation
73,1.46,0.800000011920929,0.30000001192092896,0.22942936420440674,0.5140079855918884,0.00294222473166883,-0.34495478868484497,0,2000,v2a_u08,0,0,42,0.8,0.3,walk_queue_ablation
74,1.48,0.800000011920929,0.30000001192092896,0.23270928859710693,0.5338956713676453,0.025656186044216156,-0.46611300110816956,0,2000,v2a_u08,0,0,42,0.8,0.3,walk_queue_ablation
75,1.5,0.800000011920929,0.30000001192092896,0.23697161674499512,0.5528448224067688,0.047255739569664,-0.45199573040008545,0,2000,v2a_u08,0,0,42,0.8,0.3,walk_queue_ablation
76,1.52,0.800000011920929,0.30000001192092896,0.2409762144088745,0.5737007260322571,0.06495853513479233,-0.3443717956542969,0,2000,v2a_u08,0,0,42,0.8,0.3,walk_queue_ablation
77,1.54,0.800000011920929,0.30000001192092896,0.24391520023345947,0.5935449600219727,0.08477751910686493,-0.21962186694145203,0,2000,v2a_u08,0,0,42,0.8,0.3,walk_queue_ablation
78,1.56,0.800000011920929,0.30000001192092896,0.2459331750869751,0.6138582825660706,0.10846596956253052,-0.11270187795162201,0,2000,v2a_u08,0,0,42,0.8,0.3,walk_queue_ablation
79,1.58,0.800000011920929,0.30000001192092896,0.2473210096359253,0.6383892893791199,0.1346757411956787,-0.02547542005777359,0,2000,v2a_u08,0,0,42,0.8,0.3,walk_queue_ablation
80,1.6,0.800000011920929,0.30000001192092896,0.24810898303985596,0.6651690602302551,0.16426488757133484,0.06793380528688431,0,2000,v2a_u08,0,0,42,0.8,0.3,walk_queue_ablation
81,1.62,0.800000011920929,0.30000001192092896,0.248030424118042,0.6928011775016785,0.19707739353179932,0.17824386060237885,0,2000,v2a_u08,0,0,42,0.8,0.3,walk_queue_ablation
82,1.6400000000000001,0.800000011920929,0.30000001192092896,0.24718701839447021,0.7239505648612976,0.22878076136112213,0.2522527873516083,0,2000,v2a_u08,0,0,42,0.8,0.3,walk_queue_ablation
83,1.6600000000000001,0.800000011920929,0.30000001192092896,0.24583709239959717,0.7564473748207092,0.2622072696685791,0.30702120065689087,0,2000,v2a_u08,0,0,42,0.8,0.3,walk_queue_ablation
84,1.68,0.800000011920929,0.30000001192092896,0.24326515197753906,0.7871467471122742,0.30404239892959595,0.3993377983570099,0,2000,v2a_u08,0,0,42,0.8,0.3,walk_queue_ablation
85,1.7,0.800000011920929,0.30000001192092896,0.23960530757904053,0.8199856877326965,0.3488084375858307,0.4811115860939026,0,2000,v2a_u08,0,0,42,0.8,0.3,walk_queue_ablation
86,1.72,0.800000011920929,0.30000001192092896,0.2358483076095581,0.8485968708992004,0.39251944422721863,0.45417651534080505,0,2000,v2a_u08,0,0,42,0.8,0.3,walk_queue_ablation
87,1.74,0.800000011920929,0.30000001192092896,0.23193001747131348,0.7623381018638611,0.3236762285232544,0.105989471077919,0,2000,v2a_u08,0,0,42,0.8,0.3,walk_queue_ablation
88,1.76,0.800000011920929,0.30000001192092896,0.2344127893447876,0.6987661719322205,0.2601305842399597,-0.3127043843269348,0,2000,v2a_u08,0,0,42,0.8,0.3,walk_queue_ablation
89,1.78,0.800000011920929,0.30000001192092896,0.23860955238342285,0.653383731842041,0.21598635613918304,-0.2163981795310974,0,2000,v2a_u08,0,0,42,0.8,0.3,walk_queue_ablation
90,1.8,0.800000011920929,0.30000001192092896,0.24105525016784668,0.6178781986236572,0.18356478214263916,0.07732196897268295,0,2000,v2a_u08,0,0,42,0.8,0.3,walk_queue_ablation
91,1.82,0.800000011920929,0.30000001192092896,0.24052679538726807,0.5874216556549072,0.15484048426151276,0.38139620423316956,0,2000,v2a_u08,0,0,42,0.8,0.3,walk_queue_ablation
92,1.84,0.800000011920929,0.30000001192092896,0.23757362365722656,0.5570409893989563,0.12467595934867859,0.5763289332389832,0,2000,v2a_u08,0,0,42,0.8,0.3,walk_queue_ablation
93,1.86,0.800000011920929,0.30000001192092896,0.23411452770233154,0.5254049897193909,0.09168471395969391,0.562755286693573,0,2000,v2a_u08,0,0,42,0.8,0.3,walk_queue_ablation
94,1.8800000000000001,0.800000011920929,0.30000001192092896,0.23090672492980957,0.5009118318557739,0.06369918584823608,0.4853874742984772,0,2000,v2a_u08,0,0,42,0.8,0.3,walk_queue_ablation
95,1.9000000000000001,0.800000011920929,0.30000001192092896,0.22863996028900146,0.48187026381492615,0.03761851042509079,0.3328225612640381,0,2000,v2a_u08,0,0,42,0.8,0.3,walk_queue_ablation
96,1.92,0.800000011920929,0.30000001192092896,0.22772181034088135,0.4767663776874542,0.01511477492749691,0.14570747315883636,0,2000,v2a_u08,0,0,42,0.8,0.3,walk_queue_ablation
97,1.94,0.800000011920929,0.30000001192092896,0.22826147079467773,0.48066478967666626,0.0015768592711538076,-0.03346738964319229,0,2000,v2a_u08,0,0,42,0.8,0.3,walk_queue_ablation
98,1.96,0.800000011920929,0.30000001192092896,0.22976160049438477,0.48984494805336,-0.008016424253582954,-0.14460831880569458,0,2000,v2a_u08,0,0,42,0.8,0.3,walk_queue_ablation
99,1.98,0.800000011920929,0.30000001192092896,0.2318563461303711,0.5019599199295044,-0.016504112631082535,-0.22495466470718384,0,2000,v2a_u08,0,0,42,0.8,0.3,walk_queue_ablation
100,2.0,0.800000011920929,0.30000001192092896,0.23429572582244873,0.5150319337844849,-0.025203267112374306,-0.2790454924106598,0,2000,v2a_u08,0,0,42,0.8,0.3,walk_queue_ablation
101,2.02,0.800000011920929,0.30000001192092896,0.23656952381134033,0.531586766242981,-0.03551696985960007,-0.28495436906814575,0,2000,v2a_u08,0,0,42,0.8,0.3,walk_queue_ablation
102,2.04,0.800000011920929,0.30000001192092896,0.23831963539123535,0.5487703084945679,-0.049508728086948395,-0.2643393576145172,0,2000,v2a_u08,0,0,42,0.8,0.3,walk_queue_ablation
103,2.06,0.800000011920929,0.30000001192092896,0.23918938636779785,0.5639398694038391,-0.06826096028089523,-0.19320853054523468,0,2000,v2a_u08,0,0,42,0.8,0.3,walk_queue_ablation
104,2.08,0.800000011920929,0.30000001192092896,0.23899519443511963,0.576633632183075,-0.09162694215774536,-0.10646678507328033,0,2000,v2a_u08,0,0,42,0.8,0.3,walk_queue_ablation
105,2.1,0.800000011920929,0.30000001192092896,0.23839032649993896,0.5841563940048218,-0.1183517798781395,-0.06076601892709732,0,2000,v2a_u08,0,0,42,0.8,0.3,walk_queue_ablation
106,2.12,0.800000011920929,0.30000001192092896,0.23773419857025146,0.5854525566101074,-0.144211545586586,-0.017192469909787178,0,2000,v2a_u08,0,0,42,0.8,0.3,walk_queue_ablation
107,2.14,0.800000011920929,0.30000001192092896,0.23618245124816895,0.5826342105865479,-0.16641487181186676,0.08229448646306992,0,2000,v2a_u08,0,0,42,0.8,0.3,walk_queue_ablation
108,2.16,0.800000011920929,0.30000001192092896,0.23316717147827148,0.5773391127586365,-0.17402835190296173,0.24022182822227478,0,2000,v2a_u08,0,0,42,0.8,0.3,walk_queue_ablation
109,2.18,0.800000011920929,0.30000001192092896,0.22960340976715088,0.5299872159957886,-0.1122608482837677,0.43253210186958313,0,2000,v2a_u08,0,0,42,0.8,0.3,walk_queue_ablation
110,2.2,0.800000011920929,0.30000001192092896,0.22231614589691162,0.5124564170837402,-0.09160280972719193,0.47041383385658264,0,2000,v2a_u08,0,0,42,0.8,0.3,walk_queue_ablation
111,2.22,0.800000011920929,0.30000001192092896,0.21589040756225586,0.4878852665424347,-0.0724368542432785,0.16406001150608063,0,2000,v2a_u08,0,0,42,0.8,0.3,walk_queue_ablation
112,2.24,0.800000011920929,0.30000001192092896,0.2129654884338379,0.4747149646282196,-0.05039048194885254,-0.1417751908302307,0,2000,v2a_u08,0,0,42,0.8,0.3,walk_queue_ablation
113,2.2600000000000002,0.800000011920929,0.30000001192092896,0.2127368450164795,0.47385144233703613,-0.02563093788921833,-0.3094489276409149,0,2000,v2a_u08,0,0,42,0.8,0.3,walk_queue_ablation
114,2.2800000000000002,0.800000011920929,0.30000001192092896,0.2141786813735962,0.48341894149780273,0.0014803691301494837,-0.3892819881439209,0,2000,v2a_u08,0,0,42,0.8,0.3,walk_queue_ablation
115,2.3000000000000003,0.800000011920929,0.30000001192092896,0.21628987789154053,0.5006303787231445,0.027171917259693146,-0.3911585211753845,0,2000,v2a_u08,0,0,42,0.8,0.3,walk_queue_ablation
116,2.32,0.800000011920929,0.30000001192092896,0.2188551425933838,0.5221181511878967,0.05269855633378029,-0.40052366256713867,0,2000,v2a_u08,0,0,42,0.8,0.3,walk_queue_ablation
117,2.34,0.800000011920929,0.30000001192092896,0.2224133014678955,0.5420244932174683,0.07321609556674957,-0.45560067892074585,0,2000,v2a_u08,0,0,42,0.8,0.3,walk_queue_ablation
118,2.36,0.800000011920929,0.30000001192092896,0.22636139392852783,0.5649088621139526,0.0919642373919487,-0.39254826307296753,0,2000,v2a_u08,0,0,42,0.8,0.3,walk_queue_ablation
119,2.38,0.800000011920929,0.30000001192092896,0.22974836826324463,0.5873458385467529,0.10774006694555283,-0.27339059114456177,0,2000,v2a_u08,0,0,42,0.8,0.3,walk_queue_ablation
120,2.4,0.800000011920929,0.30000001192092896,0.23189425468444824,0.6117329001426697,0.1274210661649704,-0.12839943170547485,0,2000,v2a_u08,0,0,42,0.8,0.3,walk_queue_ablation
121,2.42,0.800000011920929,0.30000001192092896,0.23304212093353271,0.6372963786125183,0.1508733481168747,-0.019278591498732567,0,2000,v2a_u08,0,0,42,0.8,0.3,walk_queue_ablation
122,2.44,0.800000011920929,0.30000001192092896,0.23351943492889404,0.6672596335411072,0.1769900918006897,0.07144220918416977,0,2000,v2a_u08,0,0,42,0.8,0.3,walk_queue_ablation
123,2.46,0.800000011920929,0.30000001192092896,0.23332691192626953,0.697613000869751,0.20683851838111877,0.16209878027439117,0,2000,v2a_u08,0,0,42,0.8,0.3,walk_queue_ablation
124,2.48,0.800000011920929,0.30000001192092896,0.2324988842010498,0.7301415801048279,0.2380109280347824,0.2351575791835785,0,2000,v2a_u08,0,0,42,0.8,0.3,walk_queue_ablation
125,2.5,0.800000011920929,0.30000001192092896,0.23132789134979248,0.7655046582221985,0.26803267002105713,0.27443552017211914,0,2000,v2a_u08,0,0,42,0.8,0.3,walk_queue_ablation
126,2.52,0.800000011920929,0.30000001192092896,0.22971093654632568,0.7989436984062195,0.3030405044555664,0.31491371989250183,0,2000,v2a_u08,0,0,42,0.8,0.3,walk_queue_ablation
127,2.54,0.800000011920929,0.30000001192092896,0.22682082653045654,0.8333726525306702,0.3458828926086426,0.4148814082145691,0,2000,v2a_u08,0,0,42,0.8,0.3,walk_queue_ablation
128,2.56,0.800000011920929,0.30000001192092896,0.22308218479156494,0.8674498200416565,0.39024269580841064,0.47664228081703186,0,2000,v2a_u08,0,0,42,0.8,0.3,walk_queue_ablation
129,2.58,0.800000011920929,0.30000001192092896,0.21959435939788818,0.8453770279884338,0.38670721650123596,0.8993527889251709,0,2000,v2a_u08,0,0,42,0.8,0.3,walk_queue_ablation
130,2.6,0.800000011920929,0.30000001192092896,0.21612334251403809,0.7744812369346619,0.33029383420944214,-0.03421953693032265,0,2000,v2a_u08,0,0,42,0.8,0.3,walk_queue_ablation
131,2.62,0.800000011920929,0.30000001192092896,0.21987652778625488,0.7133482098579407,0.2753658592700958,-0.3669820725917816,0,2000,v2a_u08,0,0,42,0.8,0.3,walk_queue_ablation
132,2.64,0.800000011920929,0.30000001192092896,0.22428953647613525,0.6686835885047913,0.22328168153762817,-0.18994802236557007,0,2000,v2a_u08,0,0,42,0.8,0.3,walk_queue_ablation
133,2.66,0.800000011920929,0.30000001192092896,0.22659659385681152,0.6208542585372925,0.1792002171278,0.14329181611537933,0,2000,v2a_u08,0,0,42,0.8,0.3,walk_queue_ablation
134,2.68,0.800000011920929,0.30000001192092896,0.22550427913665771,0.5954533815383911,0.1437351256608963,0.38408613204956055,0,2000,v2a_u08,0,0,42,0.8,0.3,walk_queue_ablation
135,2.7,0.800000011920929,0.30000001192092896,0.22256648540496826,0.5651758313179016,0.11449120938777924,0.5961136221885681,0,2000,v2a_u08,0,0,42,0.8,0.3,walk_queue_ablation
136,2.72,0.800000011920929,0.30000001192092896,0.21940255165100098,0.5371004343032837,0.08755640685558319,0.5096263289451599,0,2000,v2a_u08,0,0,42,0.8,0.3,walk_queue_ablation
137,2.74,0.800000011920929,0.30000001192092896,0.21709227561950684,0.5168290734291077,0.06081389635801315,0.35526159405708313,0,2000,v2a_u08,0,0,42,0.8,0.3,walk_queue_ablation
138,2.7600000000000002,0.800000011920929,0.30000001192092896,0.2162160873413086,0.5000244975090027,0.0392417386174202,0.2101469486951828,0,2000,v2a_u08,0,0,42,0.8,0.3,walk_queue_ablation
139,2.7800000000000002,0.800000011920929,0.30000001192092896,0.21619117259979248,0.5039350986480713,0.02121821790933609,0.05804744362831116,0,2000,v2a_u08,0,0,42,0.8,0.3,walk_queue_ablation
140,2.8000000000000003,0.800000011920929,0.30000001192092896,0.2170170545578003,0.5110511779785156,0.011568636633455753,-0.06049010902643204,0,2000,v2a_u08,0,0,42,0.8,0.3,walk_queue_ablation
141,2.82,0.800000011920929,0.30000001192092896,0.2185574769973755,0.5204286575317383,0.002884963760152459,-0.1625870317220688,0,2000,v2a_u08,0,0,42,0.8,0.3,walk_queue_ablation
142,2.84,0.800000011920929,0.30000001192092896,0.2205897569656372,0.5300443172454834,-0.0057586729526519775,-0.22896148264408112,0,2000,v2a_u08,0,0,42,0.8,0.3,walk_queue_ablation
143,2.86,0.800000011920929,0.30000001192092896,0.22253775596618652,0.5419377684593201,-0.015771470963954926,-0.2370927780866623,0,2000,v2a_u08,0,0,42,0.8,0.3,walk_queue_ablation
144,2.88,0.800000011920929,0.30000001192092896,0.22420334815979004,0.5570648908615112,-0.029731126502156258,-0.25225141644477844,0,2000,v2a_u08,0,0,42,0.8,0.3,walk_queue_ablation
145,2.9,0.800000011920929,0.30000001192092896,0.2253265380859375,0.571917712688446,-0.047700706869363785,-0.2157539278268814,0,2000,v2a_u08,0,0,42,0.8,0.3,walk_queue_ablation
146,2.92,0.800000011920929,0.30000001192092896,0.22550857067108154,0.5855023860931396,-0.07026372849941254,-0.1422441452741623,0,2000,v2a_u08,0,0,42,0.8,0.3,walk_queue_ablation
147,2.94,0.800000011920929,0.30000001192092896,0.22495007514953613,0.5944362282752991,-0.09760976582765579,-0.07383472472429276,0,2000,v2a_u08,0,0,42,0.8,0.3,walk_queue_ablation
148,2.96,0.800000011920929,0.30000001192092896,0.22439992427825928,0.5981080532073975,-0.12615853548049927,-0.037439975887537,0,2000,v2a_u08,0,0,42,0.8,0.3,walk_queue_ablation
149,2.98,0.800000011920929,0.30000001192092896,0.2232978343963623,0.5960314273834229,-0.1514606922864914,0.051310036331415176,0,2000,v2a_u08,0,0,42,0.8,0.3,walk_queue_ablation
150,3.0,0.800000011920929,0.30000001192092896,0.22080957889556885,0.5890128016471863,-0.16649015247821808,0.17762014269828796,0,2000,v2a_u08,0,0,42,0.8,0.3,walk_queue_ablation
151,3.02,0.800000011920929,0.30000001192092896,0.2178727388381958,0.5404124855995178,-0.1283065527677536,0.16113726794719696,0,2000,v2a_u08,0,0,42,0.8,0.3,walk_queue_ablation
152,3.04,0.800000011920929,0.30000001192092896,0.2116849422454834,0.5247980356216431,-0.09256051480770111,0.5412524938583374,0,2000,v2a_u08,0,0,42,0.8,0.3,walk_queue_ablation
153,3.06,0.800000011920929,0.30000001192092896,0.20385384559631348,0.49839043617248535,-0.0695098415017128,0.3758380115032196,0,2000,v2a_u08,0,0,42,0.8,0.3,walk_queue_ablation
154,3.08,0.800000011920929,0.30000001192092896,0.1987539529800415,0.48431625962257385,-0.05001310259103775,0.044537484645843506,0,2000,v2a_u08,0,0,42,0.8,0.3,walk_queue_ablation
155,3.1,0.800000011920929,0.30000001192092896,0.19664394855499268,0.4775822162628174,-0.02539566159248352,-0.17636260390281677,0,2000,v2a_u08,0,0,42,0.8,0.3,walk_queue_ablation
156,3.12,0.800000011920929,0.30000001192092896,0.19701361656188965,0.48045408725738525,-0.00048074289225041866,-0.3487096428871155,0,2000,v2a_u08,0,0,42,0.8,0.3,walk_queue_ablation
157,3.14,0.800000011920929,0.30000001192092896,0.19835591316223145,0.4940253496170044,0.025736745446920395,-0.3282179832458496,0,2000,v2a_u08,0,0,42,0.8,0.3,walk_queue_ablation
158,3.16,0.800000011920929,0.30000001192092896,0.20022904872894287,0.5170724391937256,0.05163015052676201,-0.36245450377464294,0,2000,v2a_u08,0,0,42,0.8,0.3,walk_queue_ablation
159,3.18,0.800000011920929,0.30000001192092896,0.20339739322662354,0.5378774404525757,0.07163915783166885,-0.4562321901321411,0,2000,v2a_u08,0,0,42,0.8,0.3,walk_queue_ablation
160,3.2,0.800000011920929,0.30000001192092896,0.20726585388183594,0.5565057992935181,0.09279880672693253,-0.42532530426979065,0,2000,v2a_u08,0,0,42,0.8,0.3,walk_queue_ablation
161,3.22,0.800000011920929,0.30000001192092896,0.21114099025726318,0.5772957801818848,0.1092887669801712,-0.35789042711257935,0,2000,v2a_u08,0,0,42,0.8,0.3,walk_queue_ablation
162,3.24,0.800000011920929,0.30000001192092896,0.21407866477966309,0.5983341932296753,0.12732131779193878,-0.21535316109657288,0,2000,v2a_u08,0,0,42,0.8,0.3,walk_queue_ablation
163,3.2600000000000002,0.800000011920929,0.30000001192092896,0.215867280960083,0.6200467348098755,0.14926041662693024,-0.09041793644428253,0,2000,v2a_u08,0,0,42,0.8,0.3,walk_queue_ablation
164,3.2800000000000002,0.800000011920929,0.30000001192092896,0.21693718433380127,0.6450994610786438,0.17401067912578583,-0.004745461978018284,0,2000,v2a_u08,0,0,42,0.8,0.3,walk_queue_ablation
165,3.3000000000000003,0.800000011920929,0.30000001192092896,0.21747970581054688,0.6726600527763367,0.2019883543252945,0.07951964437961578,0,2000,v2a_u08,0,0,42,0.8,0.3,walk_queue_ablation
166,3.3200000000000003,0.800000011920929,0.30000001192092896,0.2172757387161255,0.7009828090667725,0.2335163950920105,0.18253901600837708,0,2000,v2a_u08,0,0,42,0.8,0.3,walk_queue_ablation
167,3.34,0.800000011920929,0.30000001192092896,0.2164825201034546,0.7317970991134644,0.2649745047092438,0.23394162952899933,0,2000,v2a_u08,0,0,42,0.8,0.3,walk_queue_ablation
168,3.36,0.800000011920929,0.30000001192092896,0.2154022455215454,0.7645309567451477,0.29751667380332947,0.2747679352760315,0,2000,v2a_u08,0,0,42,0.8,0.3,walk_queue_ablation
169,3.38,0.800000011920929,0.30000001192092896,0.21326041221618652,0.7950047254562378,0.3384309709072113,0.35517987608909607,0,2000,v2a_u08,0,0,42,0.8,0.3,walk_queue_ablation
170,3.4,0.800000011920929,0.30000001192092896,0.20990562438964844,0.8286786079406738,0.3842305839061737,0.45178836584091187,0,2000,v2a_u08,0,0,42,0.8,0.3,walk_queue_ablation
171,3.42,0.800000011920929,0.30000001192092896,0.20620644092559814,0.8586496114730835,0.4297912120819092,0.4599071145057678,0,2000,v2a_u08,0,0,42,0.8,0.3,walk_queue_ablation
172,3.44,0.800000011920929,0.30000001192092896,0.20202958583831787,0.7768185138702393,0.3745240569114685,0.3362499475479126,0,2000,v2a_u08,0,0,42,0.8,0.3,walk_queue_ablation
173,3.46,0.800000011920929,0.30000001192092896,0.2032933235168457,0.7151117920875549,0.3058012127876282,-0.25128278136253357,0,2000,v2a_u08,0,0,42,0.8,0.3,walk_queue_ablation
174,3.48,0.800000011920929,0.30000001192092896,0.20746874809265137,0.6622100472450256,0.25378936529159546,-0.2684536278247833,0,2000,v2a_u08,0,0,42,0.8,0.3,walk_queue_ablation
175,3.5,0.800000011920929,0.30000001192092896,0.21082401275634766,0.6237189769744873,0.21448709070682526,-0.0509050115942955,0,2000,v2a_u08,0,0,42,0.8,0.3,walk_queue_ablation
176,3.52,0.800000011920929,0.30000001192092896,0.21161365509033203,0.5917550921440125,0.18240800499916077,0.25484851002693176,0,2000,v2a_u08,0,0,42,0.8,0.3,walk_queue_ablation
177,3.54,0.800000011920929,0.30000001192092896,0.20958244800567627,0.561659038066864,0.15244147181510925,0.5065121650695801,0,2000,v2a_u08,0,0,42,0.8,0.3,walk_queue_ablation
178,3.56,0.800000011920929,0.30000001192092896,0.20652759075164795,0.5306743383407593,0.11933130025863647,0.5436142683029175,0,2000,v2a_u08,0,0,42,0.8,0.3,walk_queue_ablation
179,3.58,0.800000011920929,0.30000001192092896,0.20342230796813965,0.5028294324874878,0.09073607623577118,0.4921383261680603,0,2000,v2a_u08,0,0,42,0.8,0.3,walk_queue_ablation
180,3.6,0.800000011920929,0.30000001192092896,0.20108067989349365,0.4806646704673767,0.06332778185606003,0.34651610255241394,0,2000,v2a_u08,0,0,42,0.8,0.3,walk_queue_ablation
181,3.62,0.800000011920929,0.30000001192092896,0.20011162757873535,0.47317367792129517,0.0398031622171402,0.153921440243721,0,2000,v2a_u08,0,0,42,0.8,0.3,walk_queue_ablation
182,3.64,0.800000011920929,0.30000001192092896,0.20078182220458984,0.47577762603759766,0.025624070316553116,-0.04791715368628502,0,2000,v2a_u08,0,0,42,0.8,0.3,walk_queue_ablation
183,3.66,0.800000011920929,0.30000001192092896,0.20241522789001465,0.48263755440711975,0.016162950545549393,-0.14971622824668884,0,2000,v2a_u08,0,0,42,0.8,0.3,walk_queue_ablation
184,3.68,0.800000011920929,0.30000001192092896,0.20453941822052002,0.49246862530708313,0.007627293933182955,-0.22352728247642517,0,2000,v2a_u08,0,0,42,0.8,0.3,walk_queue_ablation
185,3.7,0.800000011920929,0.30000001192092896,0.20701372623443604,0.5034937858581543,-0.001232705544680357,-0.282539963722229,0,2000,v2a_u08,0,0,42,0.8,0.3,walk_queue_ablation
186,3.72,0.800000011920929,0.30000001192092896,0.20939791202545166,0.5181358456611633,-0.011416933499276638,-0.29523351788520813,0,2000,v2a_u08,0,0,42,0.8,0.3,walk_queue_ablation
187,3.74,0.800000011920929,0.30000001192092896,0.21134662628173828,0.5338125824928284,-0.02475759945809841,-0.2849148213863373,0,2000,v2a_u08,0,0,42,0.8,0.3,walk_queue_ablation
188,3.7600000000000002,0.800000011920929,0.30000001192092896,0.21251773834228516,0.5475219488143921,-0.04282243177294731,-0.2221546322107315,0,2000,v2a_u08,0,0,42,0.8,0.3,walk_queue_ablation
189,3.7800000000000002,0.800000011920929,0.30000001192092896,0.21263086795806885,0.5591544508934021,-0.06516572833061218,-0.1347811073064804,0,2000,v2a_u08,0,0,42,0.8,0.3,walk_queue_ablation
190,3.8000000000000003,0.800000011920929,0.30000001192092896,0.21219873428344727,0.5661747455596924,-0.09104888141155243,-0.07919491082429886,0,2000,v2a_u08,0,0,42,0.8,0.3,walk_queue_ablation
191,3.8200000000000003,0.800000011920929,0.30000001192092896,0.21173155307769775,0.5674647688865662,-0.11654515564441681,-0.04270213097333908,0,2000,v2a_u08,0,0,42,0.8,0.3,walk_queue_ablation
192,3.84,0.800000011920929,0.30000001192092896,0.21051859855651855,0.5645099878311157,-0.13937482237815857,0.05039048194885254,0,2000,v2a_u08,0,0,42,0.8,0.3,walk_queue_ablation
193,3.86,0.800000011920929,0.30000001192092896,0.20792102813720703,0.5585679411888123,-0.1502135992050171,0.19657589495182037,0,2000,v2a_u08,0,0,42,0.8,0.3,walk_queue_ablation
194,3.88,0.800000011920929,0.30000001192092896,0.2045738697052002,0.5171248912811279,-0.10068248957395554,0.37542724609375,0,2000,v2a_u08,0,0,42,0.8,0.3,walk_queue_ablation
195,3.9,0.800000011920929,0.30000001192092896,0.19754862785339355,0.5001813769340515,-0.07563094794750214,0.5032761693000793,0,2000,v2a_u08,0,0,42,0.8,0.3,walk_queue_ablation
196,3.92,0.800000011920929,0.30000001192092896,0.1906672716140747,0.47835204005241394,-0.05644017457962036,0.2292623072862625,0,2000,v2a_u08,0,0,42,0.8,0.3,walk_queue_ablation
197,3.94,0.800000011920929,0.30000001192092896,0.1871715784072876,0.4669509828090668,-0.035547416657209396,-0.09387195110321045,0,2000,v2a_u08,0,0,42,0.8,0.3,walk_queue_ablation
198,3.96,0.800000011920929,0.30000001192092896,0.18646740913391113,0.465636670589447,-0.01138844434171915,-0.27130621671676636,0,2000,v2a_u08,0,0,42,0.8,0.3,walk_queue_ablation
199,3.98,0.800000011920929,0.30000001192092896,0.18764662742614746,0.4750053286552429,0.013855653814971447,-0.38265758752822876,0,2000,v2a_u08,0,0,42,0.8,0.3,walk_queue_ablation
200,4.0,0.800000011920929,0.30000001192092896,0.18982648849487305,0.4930928647518158,0.03896559029817581,-0.4035969078540802,0,2000,v2a_u08,0,0,42,0.8,0.3,walk_queue_ablation
201,4.0200000000000005,0.800000011920929,0.30000001192092896,0.1924206018447876,0.5159838199615479,0.06468440592288971,-0.4025977849960327,0,2000,v2a_u08,0,0,42,0.8,0.3,walk_queue_ablation
202,4.04,0.800000011920929,0.30000001192092896,0.1959972381591797,0.5364748239517212,0.08586122840642929,-0.4683256149291992,0,2000,v2a_u08,0,0,42,0.8,0.3,walk_queue_ablation
203,4.0600000000000005,0.800000011920929,0.30000001192092896,0.20012664794921875,0.5595788359642029,0.10542390495538712,-0.4232485592365265,0,2000,v2a_u08,0,0,42,0.8,0.3,walk_queue_ablation
204,4.08,0.800000011920929,0.30000001192092896,0.2037825584411621,0.5823859572410583,0.1214832291007042,-0.30128592252731323,0,2000,v2a_u08,0,0,42,0.8,0.3,walk_queue_ablation
205,4.1,0.800000011920929,0.30000001192092896,0.2061786651611328,0.6058648824691772,0.14055666327476501,-0.15055032074451447,0,2000,v2a_u08,0,0,42,0.8,0.3,walk_queue_ablation
206,4.12,0.800000011920929,0.30000001192092896,0.20751500129699707,0.6302798390388489,0.16311724483966827,-0.03643272817134857,0,2000,v2a_u08,0,0,42,0.8,0.3,walk_queue_ablation
207,4.14,0.800000011920929,0.30000001192092896,0.20814752578735352,0.6590790152549744,0.18909208476543427,0.054378166794776917,0,2000,v2a_u08,0,0,42,0.8,0.3,walk_queue_ablation
208,4.16,0.800000011920929,0.30000001192092896,0.2081223726272583,0.6890511512756348,0.21918120980262756,0.14455489814281464,0,2000,v2a_u08,0,0,42,0.8,0.3,walk_queue_ablation
209,4.18,0.800000011920929,0.30000001192092896,0.20741331577301025,0.7208434343338013,0.25102725625038147,0.2245350182056427,0,2000,v2a_u08,0,0,42,0.8,0.3,walk_queue_ablation
210,4.2,0.800000011920929,0.30000001192092896,0.20632469654083252,0.7555863857269287,0.28172966837882996,0.2675950825214386,0,2000,v2a_u08,0,0,42,0.8,0.3,walk_queue_ablation
211,4.22,0.800000011920929,0.30000001192092896,0.20483183860778809,0.78825843334198,0.31705185770988464,0.3038763105869293,0,2000,v2a_u08,0,0,42,0.8,0.3,walk_queue_ablation
212,4.24,0.800000011920929,0.30000001192092896,0.20210480690002441,0.8214554786682129,0.36060357093811035,0.3992549777030945,0,2000,v2a_u08,0,0,42,0.8,0.3,walk_queue_ablation
213,4.26,0.800000011920929,0.30000001192092896,0.19847464561462402,0.8549052476882935,0.4056517481803894,0.4690012037754059,0,2000,v2a_u08,0,0,42,0.8,0.3,walk_queue_ablation
214,4.28,0.800000011920929,0.30000001192092896,0.19500505924224854,0.8423030972480774,0.39939844608306885,0.8749662041664124,0,2000,v2a_u08,0,0,42,0.8,0.3,walk_queue_ablation
215,4.3,0.800000011920929,0.30000001192092896,0.19106626510620117,0.763295590877533,0.3485221564769745,0.0035039421636611223,0,2000,v2a_u08,0,0,42,0.8,0.3,walk_queue_ablation
216,4.32,0.800000011920929,0.30000001192092896,0.19471561908721924,0.7030435800552368,0.2918893098831177,-0.3724019527435303,0,2000,v2a_u08,0,0,42,0.8,0.3,walk_queue_ablation
217,4.34,0.800000011920929,0.30000001192092896,0.19938528537750244,0.6590103507041931,0.2372838705778122,-0.2332119643688202,0,2000,v2a_u08,0,0,42,0.8,0.3,walk_queue_ablation
218,4.36,0.800000011920929,0.30000001192092896,0.20206975936889648,0.6124882698059082,0.19201526045799255,0.10528364032506943,0,2000,v2a_u08,0,0,42,0.8,0.3,walk_queue_ablation
219,4.38,0.800000011920929,0.30000001192092896,0.2013263702392578,0.5875293612480164,0.1552906036376953,0.35075026750564575,0,2000,v2a_u08,0,0,42,0.8,0.3,walk_queue_ablation
220,4.4,0.800000011920929,0.30000001192092896,0.1985722780227661,0.56019526720047,0.12533600628376007,0.5809237360954285,0,2000,v2a_u08,0,0,42,0.8,0.3,walk_queue_ablation
221,4.42,0.800000011920929,0.30000001192092896,0.19551479816436768,0.5345247387886047,0.09848923981189728,0.49782007932662964,0,2000,v2a_u08,0,0,42,0.8,0.3,walk_queue_ablation
222,4.44,0.800000011920929,0.30000001192092896,0.19323253631591797,0.5152938961982727,0.07077553123235703,0.3546406924724579,0,2000,v2a_u08,0,0,42,0.8,0.3,walk_queue_ablation
223,4.46,0.800000011920929,0.30000001192092896,0.19242870807647705,0.49607521295547485,0.04851583391427994,0.21472692489624023,0,2000,v2a_u08,0,0,42,0.8,0.3,walk_queue_ablation
224,4.48,0.800000011920929,0.30000001192092896,0.19237864017486572,0.49969518184661865,0.030685506761074066,0.05987249314785004,0,2000,v2a_u08,0,0,42,0.8,0.3,walk_queue_ablation
225,4.5,0.800000011920929,0.30000001192092896,0.19328975677490234,0.5063108801841736,0.020766373723745346,-0.0676208958029747,0,2000,v2a_u08,0,0,42,0.8,0.3,walk_queue_ablation
226,4.5200000000000005,0.800000011920929,0.30000001192092896,0.19489610195159912,0.514972448348999,0.01198453176766634,-0.16454266011714935,0,2000,v2a_u08,0,0,42,0.8,0.3,walk_queue_ablation
227,4.54,0.800000011920929,0.30000001192092896,0.19697344303131104,0.5237747430801392,0.0035841409116983414,-0.2320823222398758,0,2000,v2a_u08,0,0,42,0.8,0.3,walk_queue_ablation
228,4.5600000000000005,0.800000011920929,0.30000001192092896,0.19900155067443848,0.5349041223526001,-0.006122234743088484,-0.245939239859581,0,2000,v2a_u08,0,0,42,0.8,0.3,walk_queue_ablation
229,4.58,0.800000011920929,0.30000001192092896,0.2008228302001953,0.5495018362998962,-0.0197556484490633,-0.2681407332420349,0,2000,v2a_u08,0,0,42,0.8,0.3,walk_queue_ablation
230,4.6000000000000005,0.800000011920929,0.30000001192092896,0.20217645168304443,0.563998281955719,-0.037102796137332916,-0.23911172151565552,0,2000,v2a_u08,0,0,42,0.8,0.3,walk_queue_ablation
231,4.62,0.800000011920929,0.30000001192092896,0.20263254642486572,0.5775967240333557,-0.05893935263156891,-0.16877499222755432,0,2000,v2a_u08,0,0,42,0.8,0.3,walk_queue_ablation
232,4.64,0.800000011920929,0.30000001192092896,0.20231831073760986,0.5866363048553467,-0.08554007112979889,-0.09873620420694351,0,2000,v2a_u08,0,0,42,0.8,0.3,walk_queue_ablation
233,4.66,0.800000011920929,0.30000001192092896,0.20199334621429443,0.5907210111618042,-0.1135261133313179,-0.06035088747739792,0,2000,v2a_u08,0,0,42,0.8,0.3,walk_queue_ablation
234,4.68,0.800000011920929,0.30000001192092896,0.20113277435302734,0.5887965559959412,-0.1381060779094696,0.02746531553566456,0,2000,v2a_u08,0,0,42,0.8,0.3,walk_queue_ablation
235,4.7,0.800000011920929,0.30000001192092896,0.19886183738708496,0.5818395018577576,-0.15346091985702515,0.1575697511434555,0,2000,v2a_u08,0,0,42,0.8,0.3,walk_queue_ablation
236,4.72,0.800000011920929,0.30000001192092896,0.1959925889968872,0.5316227078437805,-0.11530879139900208,0.10792653262615204,0,2000,v2a_u08,0,0,42,0.8,0.3,walk_queue_ablation
237,4.74,0.800000011920929,0.30000001192092896,0.19010436534881592,0.5173327326774597,-0.08119557052850723,0.520900547504425,0,2000,v2a_u08,0,0,42,0.8,0.3,walk_queue_ablation
238,4.76,0.800000011920929,0.30000001192092896,0.18241095542907715,0.4913954436779022,-0.05980321019887924,0.3629293739795685,0,2000,v2a_u08,0,0,42,0.8,0.3,walk_queue_ablation
239,4.78,0.800000011920929,0.30000001192092896,0.17757010459899902,0.4777444303035736,-0.04005662724375725,0.014264662750065327,0,2000,v2a_u08,0,0,42,0.8,0.3,walk_queue_ablation
240,4.8,0.800000011920929,0.30000001192092896,0.17572689056396484,0.4719856381416321,-0.01562569849193096,-0.19758310914039612,0,2000,v2a_u08,0,0,42,0.8,0.3,walk_queue_ablation
241,4.82,0.800000011920929,0.30000001192092896,0.17624139785766602,0.47508490085601807,0.010246646590530872,-0.3739739954471588,0,2000,v2a_u08,0,0,42,0.8,0.3,walk_queue_ablation
242,4.84,0.800000011920929,0.30000001192092896,0.17802250385284424,0.48808348178863525,0.0364096499979496,-0.38284623622894287,0,2000,v2a_u08,0,0,42,0.8,0.3,walk_queue_ablation
243,4.86,0.800000011920929,0.30000001192092896,0.18030917644500732,0.511641263961792,0.0619293712079525,-0.3888232707977295,0,2000,v2a_u08,0,0,42,0.8,0.3,walk_queue_ablation
244,4.88,0.800000011920929,0.30000001192092896,0.18358027935028076,0.5318938493728638,0.08214589953422546,-0.46170175075531006,0,2000,v2a_u08,0,0,42,0.8,0.3,walk_queue_ablation
245,4.9,0.800000011920929,0.30000001192092896,0.18757987022399902,0.5518739819526672,0.10226546227931976,-0.4425610899925232,0,2000,v2a_u08,0,0,42,0.8,0.3,walk_queue_ablation
246,4.92,0.800000011920929,0.30000001192092896,0.1914886236190796,0.5720020532608032,0.11900699883699417,-0.35166195034980774,0,2000,v2a_u08,0,0,42,0.8,0.3,walk_queue_ablation
247,4.94,0.800000011920929,0.30000001192092896,0.1943424940109253,0.5928400754928589,0.13690601289272308,-0.20617139339447021,0,2000,v2a_u08,0,0,42,0.8,0.3,walk_queue_ablation
248,4.96,0.800000011920929,0.30000001192092896,0.19610846042633057,0.6145033836364746,0.1584576815366745,-0.08890359103679657,0,2000,v2a_u08,0,0,42,0.8,0.3,walk_queue_ablation
249,4.98,0.800000011920929,0.30000001192092896,0.19711363315582275,0.6391645073890686,0.18380561470985413,0.003681034781038761,0,2000,v2a_u08,0,0,42,0.8,0.3,walk_queue_ablation
250,5.0,0.800000011920929,0.30000001192092896,0.1975651979446411,0.6670038104057312,0.2124490588903427,0.08913912624120712,0,2000,v2a_u08,0,0,42,0.8,0.3,walk_queue_ablation
251,5.0200000000000005,0.800000011920929,0.30000001192092896,0.19731295108795166,0.695422887802124,0.2446640133857727,0.18547067046165466,0,2000,v2a_u08,0,0,42,0.8,0.3,walk_queue_ablation
252,5.04,0.800000011920929,0.30000001192092896,0.19650840759277344,0.7257983684539795,0.27651265263557434,0.23539121448993683,0,2000,v2a_u08,0,0,42,0.8,0.3,walk_queue_ablation
253,5.0600000000000005,0.800000011920929,0.30000001192092896,0.19546878337860107,0.7579048275947571,0.309646338224411,0.26810193061828613,0,2000,v2a_u08,0,0,42,0.8,0.3,walk_queue_ablation
254,5.08,0.800000011920929,0.30000001192092896,0.19343960285186768,0.78757244348526,0.3511725962162018,0.3444056212902069,0,2000,v2a_u08,0,0,42,0.8,0.3,walk_queue_ablation
255,5.1000000000000005,0.800000011920929,0.30000001192092896,0.19022786617279053,0.8203104734420776,0.3973575830459595,0.4429590106010437,0,2000,v2a_u08,0,0,42,0.8,0.3,walk_queue_ablation
256,5.12,0.800000011920929,0.30000001192092896,0.18658161163330078,0.8494603633880615,0.4433181583881378,0.4637524485588074,0,2000,v2a_u08,0,0,42,0.8,0.3,walk_queue_ablation
257,5.14,0.800000011920929,0.30000001192092896,0.18232619762420654,0.7673748135566711,0.38707417249679565,0.38216790556907654,0,2000,v2a_u08,0,0,42,0.8,0.3,walk_queue_ablation
258,5.16,0.800000011920929,0.30000001192092896,0.18336021900177002,0.7078288793563843,0.31589099764823914,-0.2351798564195633,0,2000,v2a_u08,0,0,42,0.8,0.3,walk_queue_ablation
259,5.18,0.800000011920929,0.30000001192092896,0.1874021291732788,0.6559540629386902,0.26301124691963196,-0.26590919494628906,0,2000,v2a_u08,0,0,42,0.8,0.3,walk_queue_ablation
260,5.2,0.800000011920929,0.30000001192092896,0.1908780336380005,0.6170310974121094,0.2230154424905777,-0.07274322211742401,0,2000,v2a_u08,0,0,42,0.8,0.3,walk_queue_ablation
261,5.22,0.800000011920929,0.30000001192092896,0.19186139106750488,0.5843335390090942,0.19003155827522278,0.2345283180475235,0,2000,v2a_u08,0,0,42,0.8,0.3,walk_queue_ablation
262,5.24,0.800000011920929,0.30000001192092896,0.1899493932723999,0.5547493696212769,0.15921945869922638,0.4922545552253723,0,2000,v2a_u08,0,0,42,0.8,0.3,walk_queue_ablation
263,5.26,0.800000011920929,0.30000001192092896,0.18701350688934326,0.524161696434021,0.12510566413402557,0.5269784927368164,0,2000,v2a_u08,0,0,42,0.8,0.3,walk_queue_ablation
264,5.28,0.800000011920929,0.30000001192092896,0.18403375148773193,0.49664443731307983,0.09617400169372559,0.47999414801597595,0,2000,v2a_u08,0,0,42,0.8,0.3,walk_queue_ablation
265,5.3,0.800000011920929,0.30000001192092896,0.18177270889282227,0.47468167543411255,0.06843031197786331,0.34173622727394104,0,2000,v2a_u08,0,0,42,0.8,0.3,walk_queue_ablation
266,5.32,0.800000011920929,0.30000001192092896,0.18084216117858887,0.4669794738292694,0.04427894577383995,0.15374378859996796,0,2000,v2a_u08,0,0,42,0.8,0.3,walk_queue_ablation
267,5.34,0.800000011920929,0.30000001192092896,0.18156230449676514,0.4687056541442871,0.02958426997065544,-0.050249435007572174,0,2000,v2a_u08,0,0,42,0.8,0.3,walk_queue_ablation
268,5.36,0.800000011920929,0.30000001192092896,0.1832033395767212,0.4749181866645813,0.019972246140241623,-0.14745526015758514,0,2000,v2a_u08,0,0,42,0.8,0.3,walk_queue_ablation
269,5.38,0.800000011920929,0.30000001192092896,0.18532884120941162,0.4841603934764862,0.011202932335436344,-0.22364264726638794,0,2000,v2a_u08,0,0,42,0.8,0.3,walk_queue_ablation
270,5.4,0.800000011920929,0.30000001192092896,0.18784093856811523,0.49476200342178345,0.0022930381819605827,-0.2868141531944275,0,2000,v2a_u08,0,0,42,0.8,0.3,walk_queue_ablation
271,5.42,0.800000011920929,0.30000001192092896,0.19031250476837158,0.5091342926025391,-0.007834129966795444,-0.30429762601852417,0,2000,v2a_u08,0,0,42,0.8,0.3,walk_queue_ablation
272,5.44,0.800000011920929,0.30000001192092896,0.1923891305923462,0.5245776176452637,-0.020965829491615295,-0.2984354496002197,0,2000,v2a_u08,0,0,42,0.8,0.3,walk_queue_ablation
273,5.46,0.800000011920929,0.30000001192092896,0.19371819496154785,0.5380255579948425,-0.038716260343790054,-0.2378017157316208,0,2000,v2a_u08,0,0,42,0.8,0.3,walk_queue_ablation
274,5.48,0.800000011920929,0.30000001192092896,0.19400525093078613,0.5494351983070374,-0.06076113134622574,-0.15150335431098938,0,2000,v2a_u08,0,0,42,0.8,0.3,walk_queue_ablation
275,5.5,0.800000011920929,0.30000001192092896,0.19370317459106445,0.5563971996307373,-0.0864657461643219,-0.09174443781375885,0,2000,v2a_u08,0,0,42,0.8,0.3,walk_queue_ablation
276,5.5200000000000005,0.800000011920929,0.30000001192092896,0.19335401058197021,0.5577285885810852,-0.1119987741112709,-0.05608326941728592,0,2000,v2a_u08,0,0,42,0.8,0.3,walk_queue_ablation
277,5.54,0.800000011920929,0.30000001192092896,0.19230449199676514,0.5547771453857422,-0.1342543214559555,0.03433860093355179,0,2000,v2a_u08,0,0,42,0.8,0.3,walk_queue_ablation
278,5.5600000000000005,0.800000011920929,0.30000001192092896,0.1898965835571289,0.548398494720459,-0.14608590304851532,0.17695970833301544,0,2000,v2a_u08,0,0,42,0.8,0.3,walk_queue_ablation
279,5.58,0.800000011920929,0.30000001192092896,0.18669533729553223,0.5086299180984497,-0.09803637862205505,0.3600650727748871,0,2000,v2a_u08,0,0,42,0.8,0.3,walk_queue_ablation
280,5.6000000000000005,0.800000011920929,0.30000001192092896,0.17986071109771729,0.49207794666290283,-0.07250186800956726,0.48611676692962646,0,2000,v2a_u08,0,0,42,0.8,0.3,walk_queue_ablation
281,5.62,0.800000011920929,0.30000001192092896,0.17311298847198486,0.47111859917640686,-0.054430462419986725,0.21880032122135162,0,2000,v2a_u08,0,0,42,0.8,0.3,walk_queue_ablation
282,5.64,0.800000011920929,0.30000001192092896,0.16969895362854004,0.46020016074180603,-0.03288637846708298,-0.1068340539932251,0,2000,v2a_u08,0,0,42,0.8,0.3,walk_queue_ablation
283,5.66,0.800000011920929,0.30000001192092896,0.1691734790802002,0.45935454964637756,-0.008651338517665863,-0.2960081696510315,0,2000,v2a_u08,0,0,42,0.8,0.3,walk_queue_ablation
284,5.68,0.800000011920929,0.30000001192092896,0.17058336734771729,0.46805471181869507,0.01714826561510563,-0.40790244936943054,0,2000,v2a_u08,0,0,42,0.8,0.3,walk_queue_ablation
285,5.7,0.800000011920929,0.30000001192092896,0.17295372486114502,0.486369788646698,0.042034026235342026,-0.42010238766670227,0,2000,v2a_u08,0,0,42,0.8,0.3,walk_queue_ablation
286,5.72,0.800000011920929,0.30000001192092896,0.17568910121917725,0.5094380974769592,0.06736422330141068,-0.4160085618495941,0,2000,v2a_u08,0,0,42,0.8,0.3,walk_queue_ablation
287,5.74,0.800000011920929,0.30000001192092896,0.17934966087341309,0.5299059152603149,0.08843546360731125,-0.4760335087776184,0,2000,v2a_u08,0,0,42,0.8,0.3,walk_queue_ablation
288,5.76,0.800000011920929,0.30000001192092896,0.1835024356842041,0.5525280833244324,0.10794096440076828,-0.4278630018234253,0,2000,v2a_u08,0,0,42,0.8,0.3,walk_queue_ablation
289,5.78,0.800000011920929,0.30000001192092896,0.18713891506195068,0.5757503509521484,0.12405019253492355,-0.300456702709198,0,2000,v2a_u08,0,0,42,0.8,0.3,walk_queue_ablation
290,5.8,0.800000011920929,0.30000001192092896,0.1895667314529419,0.5995890498161316,0.1425141841173172,-0.15673349797725677,0,2000,v2a_u08,0,0,42,0.8,0.3,walk_queue_ablation
291,5.82,0.800000011920929,0.30000001192092896,0.1909102201461792,0.6244340538978577,0.1650877743959427,-0.03606300801038742,0,2000,v2a_u08,0,0,42,0.8,0.3,walk_queue_ablation
292,5.84,0.800000011920929,0.30000001192092896,0.19149518013000488,0.6535598635673523,0.19080521166324615,0.0607326440513134,0,2000,v2a_u08,0,0,42,0.8,0.3,walk_queue_ablation
293,5.86,0.800000011920929,0.30000001192092896,0.19137942790985107,0.6836912035942078,0.22066466510295868,0.15419024229049683,0,2000,v2a_u08,0,0,42,0.8,0.3,walk_queue_ablation
294,5.88,0.800000011920929,0.30000001192092896,0.19054830074310303,0.7155387997627258,0.25259077548980713,0.2366309016942978,0,2000,v2a_u08,0,0,42,0.8,0.3,walk_queue_ablation
295,5.9,0.800000011920929,0.30000001192092896,0.18933546543121338,0.7502628564834595,0.28310054540634155,0.27696114778518677,0,2000,v2a_u08,0,0,42,0.8,0.3,walk_queue_ablation
296,5.92,0.800000011920929,0.30000001192092896,0.18780064582824707,0.7832090854644775,0.3182125985622406,0.3080712556838989,0,2000,v2a_u08,0,0,42,0.8,0.3,walk_queue_ablation
297,5.94,0.800000011920929,0.30000001192092896,0.18510878086090088,0.8162983655929565,0.3617006540298462,0.39805880188941956,0,2000,v2a_u08,0,0,42,0.8,0.3,walk_queue_ablation
298,5.96,0.800000011920929,0.30000001192092896,0.18152546882629395,0.8500632643699646,0.40700700879096985,0.4649280607700348,0,2000,v2a_u08,0,0,42,0.8,0.3,walk_queue_ablation
299,5.98,0.800000011920929,0.30000001192092896,0.17811274528503418,0.8371776938438416,0.39975863695144653,0.8587455153465271,0,2000,v2a_u08,0,0,42,0.8,0.3,walk_queue_ablation
300,6.0,0.800000011920929,0.30000001192092896,0.17436516284942627,0.7580810189247131,0.3502996265888214,-0.01533957663923502,0,2000,v2a_u08,0,0,42,0.8,0.3,walk_queue_ablation
301,6.0200000000000005,0.800000011920929,0.30000001192092896,0.17807543277740479,0.6987327337265015,0.29360538721084595,-0.36581555008888245,0,2000,v2a_u08,0,0,42,0.8,0.3,walk_queue_ablation
302,6.04,0.800000011920929,0.30000001192092896,0.18259084224700928,0.6555746793746948,0.2389744222164154,-0.2103085219860077,0,2000,v2a_u08,0,0,42,0.8,0.3,walk_queue_ablation
303,6.0600000000000005,0.800000011920929,0.30000001192092896,0.185158371925354,0.6087231636047363,0.19368301331996918,0.11664511263370514,0,2000,v2a_u08,0,0,42,0.8,0.3,walk_queue_ablation
304,6.08,0.800000011920929,0.30000001192092896,0.18428218364715576,0.5848024487495422,0.15682953596115112,0.3623455762863159,0,2000,v2a_u08,0,0,42,0.8,0.3,walk_queue_ablation
305,6.1000000000000005,0.800000011920929,0.30000001192092896,0.18140292167663574,0.5579512715339661,0.12673087418079376,0.5926718711853027,0,2000,v2a_u08,0,0,42,0.8,0.3,walk_queue_ablation
306,6.12,0.800000011920929,0.30000001192092896,0.1783123016357422,0.5332140326499939,0.09942910075187683,0.496306449174881,0,2000,v2a_u08,0,0,42,0.8,0.3,walk_queue_ablation
307,6.140000000000001,0.800000011920929,0.30000001192092896,0.17606210708618164,0.5152420997619629,0.07148813456296921,0.34879839420318604,0,2000,v2a_u08,0,0,42,0.8,0.3,walk_queue_ablation
308,6.16,0.800000011920929,0.30000001192092896,0.17531859874725342,0.49647045135498047,0.048806145787239075,0.20737193524837494,0,2000,v2a_u08,0,0,42,0.8,0.3,walk_queue_ablation
309,6.18,0.800000011920929,0.30000001192092896,0.17533254623413086,0.5013068318367004,0.03059597872197628,0.05187302455306053,0,2000,v2a_u08,0,0,42,0.8,0.3,walk_queue_ablation
310,6.2,0.800000011920929,0.30000001192092896,0.1763629913330078,0.5085651874542236,0.020303035154938698,-0.08128996938467026,0,2000,v2a_u08,0,0,42,0.8,0.3,walk_queue_ablation
311,6.22,0.800000011920929,0.30000001192092896,0.17811763286590576,0.518040657043457,0.011315179988741875,-0.17892636358737946,0,2000,v2a_u08,0,0,42,0.8,0.3,walk_queue_ablation
312,6.24,0.800000011920929,0.30000001192092896,0.1803227663040161,0.5276201367378235,0.0026427654083818197,-0.2423672378063202,0,2000,v2a_u08,0,0,42,0.8,0.3,walk_queue_ablation
313,6.26,0.800000011920929,0.30000001192092896,0.18242454528808594,0.5397728085517883,-0.007177027408033609,-0.25124725699424744,0,2000,v2a_u08,0,0,42,0.8,0.3,walk_queue_ablation
314,6.28,0.800000011920929,0.30000001192092896,0.18429970741271973,0.5554032325744629,-0.021027427166700363,-0.27336493134498596,0,2000,v2a_u08,0,0,42,0.8,0.3,walk_queue_ablation
315,6.3,0.800000011920929,0.30000001192092896,0.18569672107696533,0.5707235336303711,-0.03859604150056839,-0.24324078857898712,0,2000,v2a_u08,0,0,42,0.8,0.3,walk_queue_ablation
316,6.32,0.800000011920929,0.30000001192092896,0.18618357181549072,0.5851064324378967,-0.06062408536672592,-0.1720409095287323,0,2000,v2a_u08,0,0,42,0.8,0.3,walk_queue_ablation
317,6.34,0.800000011920929,0.30000001192092896,0.18591153621673584,0.5947222113609314,-0.08738434314727783,-0.10380712896585464,0,2000,v2a_u08,0,0,42,0.8,0.3,walk_queue_ablation
318,6.36,0.800000011920929,0.30000001192092896,0.18565404415130615,0.5992648601531982,-0.11545836925506592,-0.0665644109249115,0,2000,v2a_u08,0,0,42,0.8,0.3,walk_queue_ablation
319,6.38,0.800000011920929,0.30000001192092896,0.1848609447479248,0.5975982546806335,-0.1400299370288849,0.022448016330599785,0,2000,v2a_u08,0,0,42,0.8,0.3,walk_queue_ablation
320,6.4,0.800000011920929,0.30000001192092896,0.18260633945465088,0.5911678671836853,-0.15438511967658997,0.17198261618614197,0,2000,v2a_u08,0,0,42,0.8,0.3,walk_queue_ablation
321,6.42,0.800000011920929,0.30000001192092896,0.17974495887756348,0.5441554188728333,-0.11410898715257645,0.2122698277235031,0,2000,v2a_u08,0,0,42,0.8,0.3,walk_queue_ablation
322,6.44,0.800000011920929,0.30000001192092896,0.17359650135040283,0.5252955555915833,-0.07949253916740417,0.5197710990905762,0,2000,v2a_u08,0,0,42,0.8,0.3,walk_queue_ablation
323,6.46,0.800000011920929,0.30000001192092896,0.16608965396881104,0.4984910786151886,-0.05591524764895439,0.3300967514514923,0,2000,v2a_u08,0,0,42,0.8,0.3,walk_queue_ablation
324,6.48,0.800000011920929,0.30000001192092896,0.16158342361450195,0.4822445213794708,-0.0360722616314888,-0.031538646668195724,0,2000,v2a_u08,0,0,42,0.8,0.3,walk_queue_ablation
325,6.5,0.800000011920929,0.30000001192092896,0.16016161441802979,0.47582125663757324,-0.012939653359353542,-0.2274330109357834,0,2000,v2a_u08,0,0,42,0.8,0.3,walk_queue_ablation
326,6.5200000000000005,0.800000011920929,0.30000001192092896,0.1607210636138916,0.4797760844230652,0.011733287945389748,-0.3579486906528473,0,2000,v2a_u08,0,0,42,0.8,0.3,walk_queue_ablation
327,6.54,0.800000011920929,0.30000001192092896,0.16240966320037842,0.4930098354816437,0.03755515441298485,-0.37796875834465027,0,2000,v2a_u08,0,0,42,0.8,0.3,walk_queue_ablation
328,6.5600000000000005,0.800000011920929,0.30000001192092896,0.16468441486358643,0.5152520537376404,0.06307259947061539,-0.39165952801704407,0,2000,v2a_u08,0,0,42,0.8,0.3,walk_queue_ablation
329,6.58,0.800000011920929,0.30000001192092896,0.1678612232208252,0.5360075831413269,0.08395762741565704,-0.446254163980484,0,2000,v2a_u08,0,0,42,0.8,0.3,walk_queue_ablation
330,6.6000000000000005,0.800000011920929,0.30000001192092896,0.17167842388153076,0.5567803382873535,0.10446986556053162,-0.4270574450492859,0,2000,v2a_u08,0,0,42,0.8,0.3,walk_queue_ablation
331,6.62,0.800000011920929,0.30000001192092896,0.1754845380783081,0.577132523059845,0.12046115100383759,-0.3475044071674347,0,2000,v2a_u08,0,0,42,0.8,0.3,walk_queue_ablation
332,6.640000000000001,0.800000011920929,0.30000001192092896,0.17824327945709229,0.5974571704864502,0.13790085911750793,-0.19538576900959015,0,2000,v2a_u08,0,0,42,0.8,0.3,walk_queue_ablation
333,6.66,0.800000011920929,0.30000001192092896,0.1798696517944336,0.6197216510772705,0.15905682742595673,-0.07720974832773209,0,2000,v2a_u08,0,0,42,0.8,0.3,walk_queue_ablation
334,6.68,0.800000011920929,0.30000001192092896,0.18083727359771729,0.6443019509315491,0.1844489723443985,0.0031502265483140945,0,2000,v2a_u08,0,0,42,0.8,0.3,walk_queue_ablation
335,6.7,0.800000011920929,0.30000001192092896,0.18131566047668457,0.6718728542327881,0.21359515190124512,0.08526486903429031,0,2000,v2a_u08,0,0,42,0.8,0.3,walk_queue_ablation
336,6.72,0.800000011920929,0.30000001192092896,0.18111705780029297,0.7002872228622437,0.24530120193958282,0.17580828070640564,0,2000,v2a_u08,0,0,42,0.8,0.3,walk_queue_ablation
337,6.74,0.800000011920929,0.30000001192092896,0.18043720722198486,0.7311897277832031,0.2768617868423462,0.2237211912870407,0,2000,v2a_u08,0,0,42,0.8,0.3,walk_queue_ablation
338,6.76,0.800000011920929,0.30000001192092896,0.1794964075088501,0.763473629951477,0.31071266531944275,0.2578505277633667,0,2000,v2a_u08,0,0,42,0.8,0.3,walk_queue_ablation
339,6.78,0.800000011920929,0.30000001192092896,0.17752599716186523,0.7932713627815247,0.35194098949432373,0.33666369318962097,0,2000,v2a_u08,0,0,42,0.8,0.3,walk_queue_ablation
340,6.8,0.800000011920929,0.30000001192092896,0.17441332340240479,0.8262701034545898,0.398771733045578,0.4331268072128296,0,2000,v2a_u08,0,0,42,0.8,0.3,walk_queue_ablation
341,6.82,0.800000011920929,0.30000001192092896,0.17084980010986328,0.8560034036636353,0.44472742080688477,0.45326724648475647,0,2000,v2a_u08,0,0,42,0.8,0.3,walk_queue_ablation
342,6.84,0.800000011920929,0.30000001192092896,0.1667088270187378,0.7723709940910339,0.38607171177864075,0.33993852138519287,0,2000,v2a_u08,0,0,42,0.8,0.3,walk_queue_ablation
343,6.86,0.800000011920929,0.30000001192092896,0.16804730892181396,0.710295557975769,0.3140430748462677,-0.2554844915866852,0,2000,v2a_u08,0,0,42,0.8,0.3,walk_queue_ablation
344,6.88,0.800000011920929,0.30000001192092896,0.17223107814788818,0.6586087942123413,0.2608102858066559,-0.2609545886516571,0,2000,v2a_u08,0,0,42,0.8,0.3,walk_queue_ablation
345,6.9,0.800000011920929,0.30000001192092896,0.17563855648040771,0.6206525564193726,0.22304902970790863,-0.06131192296743393,0,2000,v2a_u08,0,0,42,0.8,0.3,walk_queue_ablation
346,6.92,0.800000011920929,0.30000001192092896,0.1766207218170166,0.5881790518760681,0.19099608063697815,0.23430678248405457,0,2000,v2a_u08,0,0,42,0.8,0.3,walk_queue_ablation
347,6.94,0.800000011920929,0.30000001192092896,0.17476558685302734,0.5583450198173523,0.1611907035112381,0.4866921305656433,0,2000,v2a_u08,0,0,42,0.8,0.3,walk_queue_ablation
348,6.96,0.800000011920929,0.30000001192092896,0.17194926738739014,0.5280702114105225,0.12733614444732666,0.5172428488731384,0,2000,v2a_u08,0,0,42,0.8,0.3,walk_queue_ablation
349,6.98,0.800000011920929,0.30000001192092896,0.1690748929977417,0.5000640153884888,0.09855359047651291,0.46992629766464233,0,2000,v2a_u08,0,0,42,0.8,0.3,walk_queue_ablation
350,7.0,0.800000011920929,0.30000001192092896,0.16689658164978027,0.47857561707496643,0.071027010679245,0.32995733618736267,0,2000,v2a_u08,0,0,42,0.8,0.3,walk_queue_ablation
351,7.0200000000000005,0.800000011920929,0.30000001192092896,0.16610383987426758,0.47065266966819763,0.04664637893438339,0.13764835894107819,0,2000,v2a_u08,0,0,42,0.8,0.3,walk_queue_ablation
352,7.04,0.800000011920929,0.30000001192092896,0.1669309139251709,0.4721578061580658,0.0322018601000309,-0.061517659574747086,0,2000,v2a_u08,0,0,42,0.8,0.3,walk_queue_ablation
353,7.0600000000000005,0.800000011920929,0.30000001192092896,0.16864287853240967,0.47826483845710754,0.02269485779106617,-0.1546383500099182,0,2000,v2a_u08,0,0,42,0.8,0.3,walk_queue_ablation
354,7.08,0.800000011920929,0.30000001192092896,0.17083895206451416,0.4878118634223938,0.014113298617303371,-0.2316122204065323,0,2000,v2a_u08,0,0,42,0.8,0.3,walk_queue_ablation
355,7.1000000000000005,0.800000011920929,0.30000001192092896,0.1733623743057251,0.4987371265888214,0.005421324633061886,-0.28503572940826416,0,2000,v2a_u08,0,0,42,0.8,0.3,walk_queue_ablation
356,7.12,0.800000011920929,0.30000001192092896,0.17578637599945068,0.5135312676429749,-0.0046376753598451614,-0.2994542717933655,0,2000,v2a_u08,0,0,42,0.8,0.3,walk_queue_ablation
357,7.140000000000001,0.800000011920929,0.30000001192092896,0.1778029203414917,0.5294918417930603,-0.01765088550746441,-0.2932530641555786,0,2000,v2a_u08,0,0,42,0.8,0.3,walk_queue_ablation
358,7.16,0.800000011920929,0.30000001192092896,0.17909753322601318,0.5432969331741333,-0.03529433161020279,-0.23635613918304443,0,2000,v2a_u08,0,0,42,0.8,0.3,walk_queue_ablation
359,7.18,0.800000011920929,0.30000001192092896,0.1793684959411621,0.5549778342247009,-0.057034652680158615,-0.1501208394765854,0,2000,v2a_u08,0,0,42,0.8,0.3,walk_queue_ablation
360,7.2,0.800000011920929,0.30000001192092896,0.17907118797302246,0.5622135400772095,-0.08252506703138351,-0.09342624247074127,0,2000,v2a_u08,0,0,42,0.8,0.3,walk_queue_ablation
361,7.22,0.800000011920929,0.30000001192092896,0.1787562370300293,0.564056932926178,-0.107512928545475,-0.06030067428946495,0,2000,v2a_u08,0,0,42,0.8,0.3,walk_queue_ablation
362,7.24,0.800000011920929,0.30000001192092896,0.17776620388031006,0.5612364411354065,-0.13002175092697144,0.030590517446398735,0,2000,v2a_u08,0,0,42,0.8,0.3,walk_queue_ablation
363,7.26,0.800000011920929,0.30000001192092896,0.17535459995269775,0.555528998374939,-0.14045582711696625,0.18209195137023926,0,2000,v2a_u08,0,0,42,0.8,0.3,walk_queue_ablation
364,7.28,0.800000011920929,0.30000001192092896,0.17212677001953125,0.5142050385475159,-0.09275071322917938,0.3667384684085846,0,2000,v2a_u08,0,0,42,0.8,0.3,walk_queue_ablation
365,7.3,0.800000011920929,0.30000001192092896,0.16524922847747803,0.49661654233932495,-0.06654427945613861,0.48095303773880005,0,2000,v2a_u08,0,0,42,0.8,0.3,walk_queue_ablation
366,7.32,0.800000011920929,0.30000001192092896,0.1586015224456787,0.47508108615875244,-0.05020381510257721,0.2118241935968399,0,2000,v2a_u08,0,0,42,0.8,0.3,walk_queue_ablation
367,7.34,0.800000011920929,0.30000001192092896,0.15525567531585693,0.4641299843788147,-0.028703339397907257,-0.11390403658151627,0,2000,v2a_u08,0,0,42,0.8,0.3,walk_queue_ablation
368,7.36,0.800000011920929,0.30000001192092896,0.15476906299591064,0.46219661831855774,-0.004264060873538256,-0.30964553356170654,0,2000,v2a_u08,0,0,42,0.8,0.3,walk_queue_ablation
369,7.38,0.800000011920929,0.30000001192092896,0.15643680095672607,0.47059985995292664,0.020816495642066002,-0.4343518018722534,0,2000,v2a_u08,0,0,42,0.8,0.3,walk_queue_ablation
370,7.4,0.800000011920929,0.30000001192092896,0.15896737575531006,0.48993316292762756,0.045580606907606125,-0.4246230125427246,0,2000,v2a_u08,0,0,42,0.8,0.3,walk_queue_ablation
371,7.42,0.800000011920929,0.30000001192092896,0.16166651248931885,0.5132910013198853,0.07121165841817856,-0.41106411814689636,0,2000,v2a_u08,0,0,42,0.8,0.3,walk_queue_ablation
372,7.44,0.800000011920929,0.30000001192092896,0.16531014442443848,0.5338667035102844,0.09250912815332413,-0.4796546697616577,0,2000,v2a_u08,0,0,42,0.8,0.3,walk_queue_ablation
373,7.46,0.800000011920929,0.30000001192092896,0.16952288150787354,0.5555020570755005,0.11178898066282272,-0.4314851760864258,0,2000,v2a_u08,0,0,42,0.8,0.3,walk_queue_ablation
374,7.48,0.800000011920929,0.30000001192092896,0.17318379878997803,0.5792210698127747,0.12788227200508118,-0.30088624358177185,0,2000,v2a_u08,0,0,42,0.8,0.3,walk_queue_ablation
375,7.5,0.800000011920929,0.30000001192092896,0.1756274700164795,0.6033065915107727,0.14645931124687195,-0.15763527154922485,0,2000,v2a_u08,0,0,42,0.8,0.3,walk_queue_ablation
376,7.5200000000000005,0.800000011920929,0.30000001192092896,0.17699813842773438,0.6272804141044617,0.16958194971084595,-0.03860557824373245,0,2000,v2a_u08,0,0,42,0.8,0.3,walk_queue_ablation
377,7.54,0.800000011920929,0.30000001192092896,0.17758584022521973,0.6563283205032349,0.195499986410141,0.06028088182210922,0,2000,v2a_u08,0,0,42,0.8,0.3,walk_queue_ablation
378,7.5600000000000005,0.800000011920929,0.30000001192092896,0.17748737335205078,0.6865081787109375,0.22536371648311615,0.1516929566860199,0,2000,v2a_u08,0,0,42,0.8,0.3,walk_queue_ablation
379,7.58,0.800000011920929,0.30000001192092896,0.1766735315322876,0.7182313203811646,0.25740328431129456,0.23546335101127625,0,2000,v2a_u08,0,0,42,0.8,0.3,walk_queue_ablation
380,7.6000000000000005,0.800000011920929,0.30000001192092896,0.17548513412475586,0.7525662183761597,0.2881096601486206,0.273470938205719,0,2000,v2a_u08,0,0,42,0.8,0.3,walk_queue_ablation
381,7.62,0.800000011920929,0.30000001192092896,0.17401409149169922,0.7851390838623047,0.32349124550819397,0.2979479432106018,0,2000,v2a_u08,0,0,42,0.8,0.3,walk_queue_ablation
382,7.640000000000001,0.800000011920929,0.30000001192092896,0.17139828205108643,0.8181602358818054,0.36742928624153137,0.3897198736667633,0,2000,v2a_u08,0,0,42,0.8,0.3,walk_queue_ablation
383,7.66,0.800000011920929,0.30000001192092896,0.16786348819732666,0.8519279956817627,0.4131830036640167,0.46236076951026917,0,2000,v2a_u08,0,0,42,0.8,0.3,walk_queue_ablation
384,7.68,0.800000011920929,0.30000001192092896,0.16445207595825195,0.8380295038223267,0.40631264448165894,0.8699790239334106,0,2000,v2a_u08,0,0,42,0.8,0.3,walk_queue_ablation
385,7.7,0.800000011920929,0.30000001192092896,0.16059565544128418,0.7593152523040771,0.35474836826324463,0.003024457488209009,0,2000,v2a_u08,0,0,42,0.8,0.3,walk_queue_ablation
386,7.72,0.800000011920929,0.30000001192092896,0.1641981601715088,0.6999104619026184,0.2977493405342102,-0.36106687784194946,0,2000,v2a_u08,0,0,42,0.8,0.3,walk_queue_ablation
387,7.74,0.800000011920929,0.30000001192092896,0.16873347759246826,0.6563806533813477,0.2433263212442398,-0.21600687503814697,0,2000,v2a_u08,0,0,42,0.8,0.3,walk_queue_ablation
388,7.76,0.800000011920929,0.30000001192092896,0.17143523693084717,0.6090209484100342,0.19776014983654022,0.09902893006801605,0,2000,v2a_u08,0,0,42,0.8,0.3,walk_queue_ablation
389,7.78,0.800000011920929,0.30000001192092896,0.17069494724273682,0.5851243138313293,0.16104961931705475,0.3485472500324249,0,2000,v2a_u08,0,0,42,0.8,0.3,walk_queue_ablation
390,7.8,0.800000011920929,0.30000001192092896,0.1679697036743164,0.5575941205024719,0.13116554915905,0.577855110168457,0,2000,v2a_u08,0,0,42,0.8,0.3,walk_queue_ablation
391,7.82,0.800000011920929,0.30000001192092896,0.16496992111206055,0.5324555039405823,0.10384318232536316,0.48930037021636963,0,2000,v2a_u08,0,0,42,0.8,0.3,walk_queue_ablation
392,7.84,0.800000011920929,0.30000001192092896,0.16277360916137695,0.5135793685913086,0.07579474151134491,0.3451217710971832,0,2000,v2a_u08,0,0,42,0.8,0.3,walk_queue_ablation
393,7.86,0.800000011920929,0.30000001192092896,0.16208291053771973,0.49467551708221436,0.053124479949474335,0.19928088784217834,0,2000,v2a_u08,0,0,42,0.8,0.3,walk_queue_ablation
394,7.88,0.800000011920929,0.30000001192092896,0.16216504573822021,0.4992505609989166,0.034955888986587524,0.0440971665084362,0,2000,v2a_u08,0,0,42,0.8,0.3,walk_queue_ablation
395,7.9,0.800000011920929,0.30000001192092896,0.1632709503173828,0.5059440732002258,0.02473779022693634,-0.08906495571136475,0,2000,v2a_u08,0,0,42,0.8,0.3,walk_queue_ablation
396,7.92,0.800000011920929,0.30000001192092896,0.16510343551635742,0.5152032375335693,0.01591423526406288,-0.18703967332839966,0,2000,v2a_u08,0,0,42,0.8,0.3,walk_queue_ablation
397,7.94,0.800000011920929,0.30000001192092896,0.1673952341079712,0.5243040919303894,0.007373628672212362,-0.25066259503364563,0,2000,v2a_u08,0,0,42,0.8,0.3,walk_queue_ablation
398,7.96,0.800000011920929,0.30000001192092896,0.16957533359527588,0.5361573100090027,-0.0022357392590492964,-0.25816866755485535,0,2000,v2a_u08,0,0,42,0.8,0.3,walk_queue_ablation
399,7.98,0.800000011920929,0.30000001192092896,0.17152798175811768,0.5514221787452698,-0.015761416405439377,-0.2809452712535858,0,2000,v2a_u08,0,0,42,0.8,0.3,walk_queue_ablation
400,8.0,0.800000011920929,0.30000001192092896,0.17301344871520996,0.5665073394775391,-0.03291383013129234,-0.2519230544567108,0,2000,v2a_u08,0,0,42,0.8,0.3,walk_queue_ablation
401,8.02,0.800000011920929,0.30000001192092896,0.1736009120941162,0.5805960297584534,-0.05450168997049332,-0.18155963718891144,0,2000,v2a_u08,0,0,42,0.8,0.3,walk_queue_ablation
402,8.040000000000001,0.800000011920929,0.30000001192092896,0.17341279983520508,0.5900377035140991,-0.0807395875453949,-0.11144519597291946,0,2000,v2a_u08,0,0,42,0.8,0.3,walk_queue_ablation
403,8.06,0.800000011920929,0.30000001192092896,0.17321956157684326,0.5945271849632263,-0.10861491411924362,-0.07507630437612534,0,2000,v2a_u08,0,0,42,0.8,0.3,walk_queue_ablation
404,8.08,0.800000011920929,0.30000001192092896,0.1725318431854248,0.592755138874054,-0.13288846611976624,0.01268499344587326,0,2000,v2a_u08,0,0,42,0.8,0.3,walk_queue_ablation
405,8.1,0.800000011920929,0.30000001192092896,0.1703932285308838,0.5863514542579651,-0.14667817950248718,0.15926159918308258,0,2000,v2a_u08,0,0,42,0.8,0.3,walk_queue_ablation
406,8.120000000000001,0.800000011920929,0.30000001192092896,0.16763269901275635,0.5368930697441101,-0.10811906307935715,0.1345169097185135,0,2000,v2a_u08,0,0,42,0.8,0.3,walk_queue_ablation
407,8.14,0.800000011920929,0.30000001192092896,0.1618419885635376,0.5210012197494507,-0.07449602335691452,0.4983220398426056,0,2000,v2a_u08,0,0,42,0.8,0.3,walk_queue_ablation
408,8.16,0.800000011920929,0.30000001192092896,0.15448057651519775,0.4951398968696594,-0.0537710003554821,0.323840856552124,0,2000,v2a_u08,0,0,42,0.8,0.3,walk_queue_ablation
409,8.18,0.800000011920929,0.30000001192092896,0.15001189708709717,0.48094692826271057,-0.03360706940293312,-0.025096403434872627,0,2000,v2a_u08,0,0,42,0.8,0.3,walk_queue_ablation
410,8.2,0.800000011920929,0.30000001192092896,0.14852499961853027,0.4749670922756195,-0.009721128270030022,-0.23182255029678345,0,2000,v2a_u08,0,0,42,0.8,0.3,walk_queue_ablation
411,8.22,0.800000011920929,0.30000001192092896,0.14930570125579834,0.4778191149234772,0.016346538439393044,-0.3929787278175354,0,2000,v2a_u08,0,0,42,0.8,0.3,walk_queue_ablation
412,8.24,0.800000011920929,0.30000001192092896,0.15129494667053223,0.49066412448883057,0.04193604737520218,-0.40262195467948914,0,2000,v2a_u08,0,0,42,0.8,0.3,walk_queue_ablation
413,8.26,0.800000011920929,0.30000001192092896,0.15369760990142822,0.514087975025177,0.06685834378004074,-0.3977269232273102,0,2000,v2a_u08,0,0,42,0.8,0.3,walk_queue_ablation
414,8.28,0.800000011920929,0.30000001192092896,0.15701115131378174,0.5338072180747986,0.08727894723415375,-0.4645455777645111,0,2000,v2a_u08,0,0,42,0.8,0.3,walk_queue_ablation
415,8.3,0.800000011920929,0.30000001192092896,0.16101062297821045,0.553538978099823,0.10754692554473877,-0.4440692961215973,0,2000,v2a_u08,0,0,42,0.8,0.3,walk_queue_ablation
416,8.32,0.800000011920929,0.30000001192092896,0.16491806507110596,0.5737000107765198,0.12394911795854568,-0.35263851284980774,0,2000,v2a_u08,0,0,42,0.8,0.3,walk_queue_ablation
417,8.34,0.800000011920929,0.30000001192092896,0.167741060256958,0.5952731370925903,0.14164844155311584,-0.20329119265079498,0,2000,v2a_u08,0,0,42,0.8,0.3,walk_queue_ablation
418,8.36,0.800000011920929,0.30000001192092896,0.16949069499969482,0.6173090934753418,0.16298049688339233,-0.08865369111299515,0,2000,v2a_u08,0,0,42,0.8,0.3,walk_queue_ablation
419,8.38,0.800000011920929,0.30000001192092896,0.17049384117126465,0.6421276330947876,0.1882932037115097,0.004111950751394033,0,2000,v2a_u08,0,0,42,0.8,0.3,walk_queue_ablation
420,8.4,0.800000011920929,0.30000001192092896,0.17091763019561768,0.6703075170516968,0.21678867936134338,0.09226107597351074,0,2000,v2a_u08,0,0,42,0.8,0.3,walk_queue_ablation
421,8.42,0.800000011920929,0.30000001192092896,0.17065465450286865,0.6991719007492065,0.24899765849113464,0.18361277878284454,0,2000,v2a_u08,0,0,42,0.8,0.3,walk_queue_ablation
422,8.44,0.800000011920929,0.30000001192092896,0.16988599300384521,0.7303413152694702,0.2809855043888092,0.232740119099617,0,2000,v2a_u08,0,0,42,0.8,0.3,walk_queue_ablation
423,8.46,0.800000011920929,0.30000001192092896,0.168908953666687,0.7625584602355957,0.3142964243888855,0.26150789856910706,0,2000,v2a_u08,0,0,42,0.8,0.3,walk_queue_ablation
424,8.48,0.800000011920929,0.30000001192092896,0.16697585582733154,0.792374312877655,0.35613390803337097,0.3344598710536957,0,2000,v2a_u08,0,0,42,0.8,0.3,walk_queue_ablation
425,8.5,0.800000011920929,0.30000001192092896,0.16389524936676025,0.825290322303772,0.4025881886482239,0.43162789940834045,0,2000,v2a_u08,0,0,42,0.8,0.3,walk_queue_ablation
426,8.52,0.800000011920929,0.30000001192092896,0.160375714302063,0.8548693656921387,0.4486008584499359,0.4517746865749359,0,2000,v2a_u08,0,0,42,0.8,0.3,walk_queue_ablation
427,8.540000000000001,0.800000011920929,0.30000001192092896,0.15620601177215576,0.7715998888015747,0.3901222050189972,0.3336791694164276,0,2000,v2a_u08,0,0,42,0.8,0.3,walk_queue_ablation
428,8.56,0.800000011920929,0.30000001192092896,0.15757763385772705,0.7109155654907227,0.3171685039997101,-0.26222848892211914,0,2000,v2a_u08,0,0,42,0.8,0.3,walk_queue_ablation
429,8.58,0.800000011920929,0.30000001192092896,0.16176056861877441,0.6600350737571716,0.2644796669483185,-0.26083290576934814,0,2000,v2a_u08,0,0,42,0.8,0.3,walk_queue_ablation
430,8.6,0.800000011920929,0.30000001192092896,0.16512906551361084,0.6216509342193604,0.22612015902996063,-0.051873449236154556,0,2000,v2a_u08,0,0,42,0.8,0.3,walk_queue_ablation
431,8.620000000000001,0.800000011920929,0.30000001192092896,0.1659555435180664,0.5889127850532532,0.193595752120018,0.24849075078964233,0,2000,v2a_u08,0,0,42,0.8,0.3,walk_queue_ablation
432,8.64,0.800000011920929,0.30000001192092896,0.16398441791534424,0.5591184496879578,0.16259172558784485,0.4937419593334198,0,2000,v2a_u08,0,0,42,0.8,0.3,walk_queue_ablation
433,8.66,0.800000011920929,0.30000001192092896,0.1611095666885376,0.5285379886627197,0.1278633028268814,0.5207838416099548,0,2000,v2a_u08,0,0,42,0.8,0.3,walk_queue_ablation
434,8.68,0.800000011920929,0.30000001192092896,0.15822267532348633,0.5014090538024902,0.09885270148515701,0.4675404727458954,0,2000,v2a_u08,0,0,42,0.8,0.3,walk_queue_ablation
435,8.700000000000001,0.800000011920929,0.30000001192092896,0.15609776973724365,0.47992444038391113,0.07093355804681778,0.32653141021728516,0,2000,v2a_u08,0,0,42,0.8,0.3,walk_queue_ablation
436,8.72,0.800000011920929,0.30000001192092896,0.15534758567810059,0.4721164107322693,0.04639198258519173,0.13587719202041626,0,2000,v2a_u08,0,0,42,0.8,0.3,walk_queue_ablation
437,8.74,0.800000011920929,0.30000001192092896,0.15617907047271729,0.4739517569541931,0.031636547297239304,-0.06007612496614456,0,2000,v2a_u08,0,0,42,0.8,0.3,walk_queue_ablation
438,8.76,0.800000011920929,0.30000001192092896,0.15793824195861816,0.4803503155708313,0.021728239953517914,-0.16120314598083496,0,2000,v2a_u08,0,0,42,0.8,0.3,walk_queue_ablation
439,8.78,0.800000011920929,0.30000001192092896,0.16020989418029785,0.4901067912578583,0.012924625538289547,-0.23794057965278625,0,2000,v2a_u08,0,0,42,0.8,0.3,walk_queue_ablation
440,8.8,0.800000011920929,0.30000001192092896,0.16282439231872559,0.5013496279716492,0.004021892324090004,-0.29396212100982666,0,2000,v2a_u08,0,0,42,0.8,0.3,walk_queue_ablation
441,8.82,0.800000011920929,0.30000001192092896,0.165352463722229,0.5164811611175537,-0.006216180976480246,-0.30865946412086487,0,2000,v2a_u08,0,0,42,0.8,0.3,walk_queue_ablation
442,8.84,0.800000011920929,0.30000001192092896,0.16746628284454346,0.5328609943389893,-0.019441725686192513,-0.30199745297431946,0,2000,v2a_u08,0,0,42,0.8,0.3,walk_queue_ablation
443,8.86,0.800000011920929,0.30000001192092896,0.1688324213027954,0.5471518039703369,-0.03727412223815918,-0.24181659519672394,0,2000,v2a_u08,0,0,42,0.8,0.3,walk_queue_ablation
444,8.88,0.800000011920929,0.30000001192092896,0.16915106773376465,0.55930095911026,-0.0592401921749115,-0.1543741524219513,0,2000,v2a_u08,0,0,42,0.8,0.3,walk_queue_ablation
445,8.9,0.800000011920929,0.30000001192092896,0.16888928413391113,0.5670340061187744,-0.08504725992679596,-0.09729029983282089,0,2000,v2a_u08,0,0,42,0.8,0.3,walk_queue_ablation
446,8.92,0.800000011920929,0.30000001192092896,0.16862666606903076,0.5690439939498901,-0.1105123907327652,-0.06560340523719788,0,2000,v2a_u08,0,0,42,0.8,0.3,walk_queue_ablation
447,8.94,0.800000011920929,0.30000001192092896,0.16768157482147217,0.5664972066879272,-0.13313746452331543,0.02676336094737053,0,2000,v2a_u08,0,0,42,0.8,0.3,walk_queue_ablation
448,8.96,0.800000011920929,0.30000001192092896,0.1652916669845581,0.5615792870521545,-0.1424255073070526,0.19021162390708923,0,2000,v2a_u08,0,0,42,0.8,0.3,walk_queue_ablation
449,8.98,0.800000011920929,0.30000001192092896,0.16233348846435547,0.5204551815986633,-0.09068908542394638,0.36425942182540894,0,2000,v2a_u08,0,0,42,0.8,0.3,walk_queue_ablation
450,9.0,0.800000011920929,0.30000001192092896,0.15574562549591064,0.5033040046691895,-0.06664688885211945,0.43876928091049194,0,2000,v2a_u08,0,0,42,0.8,0.3,walk_queue_ablation
451,9.02,0.800000011920929,0.30000001192092896,0.1495143175125122,0.48100316524505615,-0.04577380418777466,0.15619085729122162,0,2000,v2a_u08,0,0,42,0.8,0.3,walk_queue_ablation
452,9.040000000000001,0.800000011920929,0.30000001192092896,0.14672231674194336,0.46881261467933655,-0.026228995993733406,-0.16368016600608826,0,2000,v2a_u08,0,0,42,0.8,0.3,walk_queue_ablation
453,9.06,0.800000011920929,0.30000001192092896,0.14653551578521729,0.4668170213699341,-0.0010499309282749891,-0.3189578950405121,0,2000,v2a_u08,0,0,42,0.8,0.3,walk_queue_ablation
454,9.08,0.800000011920929,0.30000001192092896,0.14816725254058838,0.4759969115257263,0.02283995784819126,-0.4244369566440582,0,2000,v2a_u08,0,0,42,0.8,0.3,walk_queue_ablation
455,9.1,0.800000011920929,0.30000001192092896,0.15065300464630127,0.49254530668258667,0.04848029837012291,-0.43112248182296753,0,2000,v2a_u08,0,0,42,0.8,0.3,walk_queue_ablation
456,9.120000000000001,0.800000011920929,0.30000001192092896,0.153550386428833,0.514394223690033,0.07375732064247131,-0.4306420683860779,0,2000,v2a_u08,0,0,42,0.8,0.3,walk_queue_ablation
457,9.14,0.800000011920929,0.30000001192092896,0.15724360942840576,0.5351022481918335,0.09472775459289551,-0.46960124373435974,0,2000,v2a_u08,0,0,42,0.8,0.3,walk_queue_ablation
458,9.16,0.800000011920929,0.30000001192092896,0.1613452434539795,0.5580752491950989,0.11386945098638535,-0.42057710886001587,0,2000,v2a_u08,0,0,42,0.8,0.3,walk_queue_ablation
459,9.18,0.800000011920929,0.30000001192092896,0.1649717092514038,0.5804629921913147,0.12919928133487701,-0.29892879724502563,0,2000,v2a_u08,0,0,42,0.8,0.3,walk_queue_ablation
460,9.200000000000001,0.800000011920929,0.30000001192092896,0.16728663444519043,0.604035496711731,0.14782993495464325,-0.1407521665096283,0,2000,v2a_u08,0,0,42,0.8,0.3,walk_queue_ablation
461,9.22,0.800000011920929,0.30000001192092896,0.16850674152374268,0.6290937066078186,0.17059889435768127,-0.026316871866583824,0,2000,v2a_u08,0,0,42,0.8,0.3,walk_queue_ablation
462,9.24,0.800000011920929,0.30000001192092896,0.16905570030212402,0.6585037112236023,0.19662918150424957,0.06300997734069824,0,2000,v2a_u08,0,0,42,0.8,0.3,walk_queue_ablation
463,9.26,0.800000011920929,0.30000001192092896,0.1689624786376953,0.6885001063346863,0.22622428834438324,0.15019482374191284,0,2000,v2a_u08,0,0,42,0.8,0.3,walk_queue_ablation
464,9.28,0.800000011920929,0.30000001192092896,0.1681908369064331,0.7205129861831665,0.25816747546195984,0.23150645196437836,0,2000,v2a_u08,0,0,42,0.8,0.3,walk_queue_ablation
465,9.3,0.800000011920929,0.30000001192092896,0.1670893430709839,0.7551754117012024,0.28858518600463867,0.2640538215637207,0,2000,v2a_u08,0,0,42,0.8,0.3,walk_queue_ablation
466,9.32,0.800000011920929,0.30000001192092896,0.16564488410949707,0.7877659797668457,0.3248685598373413,0.29465046525001526,0,2000,v2a_u08,0,0,42,0.8,0.3,walk_queue_ablation
467,9.34,0.800000011920929,0.30000001192092896,0.1630457639694214,0.8210961222648621,0.368842750787735,0.38554897904396057,0,2000,v2a_u08,0,0,42,0.8,0.3,walk_queue_ablation
468,9.36,0.800000011920929,0.30000001192092896,0.15957021713256836,0.8549163937568665,0.41462525725364685,0.4580634534358978,0,2000,v2a_u08,0,0,42,0.8,0.3,walk_queue_ablation
469,9.38,0.800000011920929,0.30000001192092896,0.15603601932525635,0.8239688873291016,0.4112687110900879,0.8992758393287659,0,2000,v2a_u08,0,0,42,0.8,0.3,walk_queue_ablation
470,9.4,0.800000011920929,0.30000001192092896,0.15284979343414307,0.750758171081543,0.3461412191390991,-0.017792921513319016,0,2000,v2a_u08,0,0,42,0.8,0.3,walk_queue_ablation
471,9.42,0.800000011920929,0.30000001192092896,0.1557697057723999,0.6933304071426392,0.2880532145500183,-0.2566045820713043,0,2000,v2a_u08,0,0,42,0.8,0.3,walk_queue_ablation
472,9.44,0.800000011920929,0.30000001192092896,0.15962374210357666,0.650039553642273,0.23643141984939575,-0.1488867998123169,0,2000,v2a_u08,0,0,42,0.8,0.3,walk_queue_ablation
473,9.46,0.800000011920929,0.30000001192092896,0.16156184673309326,0.6061632633209229,0.19546054303646088,0.15764150023460388,0,2000,v2a_u08,0,0,42,0.8,0.3,walk_queue_ablation
474,9.48,0.800000011920929,0.30000001192092896,0.16025030612945557,0.5827051997184753,0.16243961453437805,0.40588808059692383,0,2000,v2a_u08,0,0,42,0.8,0.3,walk_queue_ablation
475,9.5,0.800000011920929,0.30000001192092896,0.1575300693511963,0.5516237616539001,0.13121052086353302,0.5546662211418152,0,2000,v2a_u08,0,0,42,0.8,0.3,walk_queue_ablation
476,9.52,0.800000011920929,0.30000001192092896,0.15450167655944824,0.5245426297187805,0.10370361059904099,0.49055343866348267,0,2000,v2a_u08,0,0,42,0.8,0.3,walk_queue_ablation
477,9.540000000000001,0.800000011920929,0.30000001192092896,0.1523503065109253,0.49982017278671265,0.07392590492963791,0.34273746609687805,0,2000,v2a_u08,0,0,42,0.8,0.3,walk_queue_ablation
478,9.56,0.800000011920929,0.30000001192092896,0.15158593654632568,0.48434147238731384,0.04898088797926903,0.1834677904844284,0,2000,v2a_u08,0,0,42,0.8,0.3,walk_queue_ablation
479,9.58,0.800000011920929,0.30000001192092896,0.15196502208709717,0.486935555934906,0.029674503952264786,0.010177790187299252,0,2000,v2a_u08,0,0,42,0.8,0.3,walk_queue_ablation
480,9.6,0.800000011920929,0.30000001192092896,0.15343201160430908,0.4941672086715698,0.018956268206238747,-0.13009555637836456,0,2000,v2a_u08,0,0,42,0.8,0.3,walk_queue_ablation
481,9.620000000000001,0.800000011920929,0.30000001192092896,0.15568315982818604,0.5048137307167053,0.009871224872767925,-0.2274831235408783,0,2000,v2a_u08,0,0,42,0.8,0.3,walk_queue_ablation
482,9.64,0.800000011920929,0.30000001192092896,0.158339262008667,0.5162102580070496,0.0015438090777024627,-0.2844102084636688,0,2000,v2a_u08,0,0,42,0.8,0.3,walk_queue_ablation
483,9.66,0.800000011920929,0.30000001192092896,0.16090154647827148,0.530061662197113,-0.008012217469513416,-0.29490387439727783,0,2000,v2a_u08,0,0,42,0.8,0.3,walk_queue_ablation
484,9.68,0.800000011920929,0.30000001192092896,0.16321218013763428,0.5457361340522766,-0.021116267889738083,-0.3119176924228668,0,2000,v2a_u08,0,0,42,0.8,0.3,walk_queue_ablation
485,9.700000000000001,0.800000011920929,0.30000001192092896,0.16495203971862793,0.5618026256561279,-0.0379423163831234,-0.2722241282463074,0,2000,v2a_u08,0,0,42,0.8,0.3,walk_queue_ablation
486,9.72,0.800000011920929,0.30000001192092896,0.16575145721435547,0.5753757357597351,-0.05949350446462631,-0.19877994060516357,0,2000,v2a_u08,0,0,42,0.8,0.3,walk_queue_ablation
487,9.74,0.800000011920929,0.30000001192092896,0.1656588315963745,0.5849867463111877,-0.0852484479546547,-0.11763489246368408,0,2000,v2a_u08,0,0,42,0.8,0.3,walk_queue_ablation
488,9.76,0.800000011920929,0.30000001192092896,0.16549158096313477,0.5889617204666138,-0.11279770731925964,-0.08332375437021255,0,2000,v2a_u08,0,0,42,0.8,0.3,walk_queue_ablation
489,9.78,0.800000011920929,0.30000001192092896,0.1648651361465454,0.5866819620132446,-0.1371593475341797,0.0003643233794718981,0,2000,v2a_u08,0,0,42,0.8,0.3,walk_queue_ablation
490,9.8,0.800000011920929,0.30000001192092896,0.16285455226898193,0.5798497796058655,-0.15219774842262268,0.13863582909107208,0,2000,v2a_u08,0,0,42,0.8,0.3,walk_queue_ablation
491,9.82,0.800000011920929,0.30000001192092896,0.16018319129943848,0.5322325229644775,-0.11310645937919617,0.15728305280208588,0,2000,v2a_u08,0,0,42,0.8,0.3,walk_queue_ablation
492,9.84,0.800000011920929,0.30000001192092896,0.15429341793060303,0.5154982209205627,-0.07969537377357483,0.5038537979125977,0,2000,v2a_u08,0,0,42,0.8,0.3,walk_queue_ablation
493,9.86,0.800000011920929,0.30000001192092896,0.14695847034454346,0.4901178181171417,-0.059337105602025986,0.31845465302467346,0,2000,v2a_u08,0,0,42,0.8,0.3,walk_queue_ablation
494,9.88,0.800000011920929,0.30000001192092896,0.1426006555557251,0.47607919573783875,-0.0396646223962307,-0.03539610281586647,0,2000,v2a_u08,0,0,42,0.8,0.3,walk_queue_ablation
495,9.9,0.800000011920929,0.30000001192092896,0.14128708839416504,0.469955712556839,-0.015024063177406788,-0.2486373782157898,0,2000,v2a_u08,0,0,42,0.8,0.3,walk_queue_ablation
496,9.92,0.800000011920929,0.30000001192092896,0.1422441005706787,0.4730638265609741,0.011034907773137093,-0.4076036810874939,0,2000,v2a_u08,0,0,42,0.8,0.3,walk_queue_ablation
497,9.94,0.800000011920929,0.30000001192092896,0.14437580108642578,0.4868512749671936,0.037039048969745636,-0.4120679497718811,0,2000,v2a_u08,0,0,42,0.8,0.3,walk_queue_ablation
498,9.96,0.800000011920929,0.30000001192092896,0.14689159393310547,0.5101874470710754,0.0624011792242527,-0.40870967507362366,0,2000,v2a_u08,0,0,42,0.8,0.3,walk_queue_ablation
499,9.98,0.800000011920929,0.30000001192092896,0.7621926069259644,0.5305992364883423,0.08295249193906784,-0.46978768706321716,0,2000,v2a_u08,0,0,42,0.8,0.3,walk_queue_ablation
500,10.0,0.800000011920929,0.30000001192092896,0.7663041353225708,0.5516730546951294,0.10187531262636185,-0.4443880617618561,0,2000,v2a_u08,0,0,42,0.8,0.3,walk_queue_ablation
501,10.02,0.800000011920929,0.30000001192092896,0.7700363397598267,0.5720793604850769,0.11813695728778839,-0.31769344210624695,0,2000,v2a_u08,0,0,42,0.8,0.3,walk_queue_ablation
502,10.040000000000001,0.800000011920929,0.30000001192092896,0.7723904848098755,0.593278706073761,0.13548777997493744,-0.14307193458080292,0,2000,v2a_u08,0,0,42,0.8,0.3,walk_queue_ablation
503,10.06,0.800000011920929,0.30000001192092896,0.7734180688858032,0.6156105399131775,0.15590836107730865,-0.0059280977584421635,0,2000,v2a_u08,0,0,42,0.8,0.3,walk_queue_ablation
504,10.08,0.800000011920929,0.30000001192092896,0.7734183073043823,0.6414631605148315,0.17939876019954681,0.11515665054321289,0,2000,v2a_u08,0,0,42,0.8,0.3,walk_queue_ablation
505,10.1,0.800000011920929,0.30000001192092896,0.772598385810852,0.6698666214942932,0.20533952116966248,0.2267661839723587,0,2000,v2a_u08,0,0,42,0.8,0.3,walk_queue_ablation
506,10.120000000000001,0.800000011920929,0.30000001192092896,0.7708030939102173,0.6994990110397339,0.23492972552776337,0.34654635190963745,0,2000,v2a_u08,0,0,42,0.8,0.3,walk_queue_ablation
507,10.14,0.800000011920929,0.30000001192092896,0.7682372331619263,0.7327102422714233,0.2629692554473877,0.4236997663974762,0,2000,v2a_u08,0,0,42,0.8,0.3,walk_queue_ablation
508,10.16,0.800000011920929,0.30000001192092896,0.7650009393692017,0.7675799131393433,0.2919831871986389,0.5028529167175293,0,2000,v2a_u08,0,0,42,0.8,0.3,walk_queue_ablation
509,10.18,0.800000011920929,0.30000001192092896,0.760222315788269,0.7998358607292175,0.32875707745552063,0.6323139071464539,0,2000,v2a_u08,0,0,42,0.8,0.3,walk_queue_ablation
510,10.200000000000001,0.800000011920929,0.30000001192092896,0.7540198564529419,0.8338640928268433,0.3687041699886322,0.7129957675933838,0,2000,v2a_u08,0,0,42,0.8,0.3,walk_queue_ablation
511,10.22,0.800000011920929,0.30000001192092896,0.7481259107589722,0.8648495078086853,0.4085552990436554,0.6099105477333069,0,2000,v2a_u08,0,0,42,0.8,0.3,walk_queue_ablation
512,10.24,0.800000011920929,0.30000001192092896,0.7430027723312378,0.7948145866394043,0.3726181387901306,0.40139710903167725,0,2000,v2a_u08,0,0,42,0.8,0.3,walk_queue_ablation
513,10.26,0.800000011920929,0.30000001192092896,0.7433325052261353,0.72816401720047,0.29736119508743286,-0.21592094004154205,0,2000,v2a_u08,0,0,42,0.8,0.3,walk_queue_ablation
514,10.28,0.800000011920929,0.30000001192092896,0.7469199895858765,0.6713271737098694,0.24471499025821686,-0.22042909264564514,0,2000,v2a_u08,0,0,42,0.8,0.3,walk_queue_ablation
515,10.3,0.800000011920929,0.30000001192092896,0.7494722604751587,0.6291376948356628,0.20285721123218536,0.06126900017261505,0,2000,v2a_u08,0,0,42,0.8,0.3,walk_queue_ablation
516,10.32,0.800000011920929,0.30000001192092896,0.7487195730209351,0.5950014591217041,0.16697008907794952,0.43720635771751404,0,2000,v2a_u08,0,0,42,0.8,0.3,walk_queue_ablation
517,10.34,0.800000011920929,0.30000001192092896,0.7449222803115845,0.5626831650733948,0.13543783128261566,0.6785755157470703,0,2000,v2a_u08,0,0,42,0.8,0.3,walk_queue_ablation
518,10.36,0.800000011920929,0.30000001192092896,0.7403870820999146,0.5300746560096741,0.10359862446784973,0.6804823875427246,0,2000,v2a_u08,0,0,42,0.8,0.3,walk_queue_ablation
519,10.38,0.800000011920929,0.30000001192092896,0.7358556985855103,0.5031670331954956,0.07809551060199738,0.6417223215103149,0,2000,v2a_u08,0,0,42,0.8,0.3,walk_queue_ablation
520,10.4,0.800000011920929,0.30000001192092896,0.7320781946182251,0.47976040840148926,0.05162423104047775,0.49532973766326904,0,2000,v2a_u08,0,0,42,0.8,0.3,walk_queue_ablation
521,10.42,0.800000011920929,0.30000001192092896,0.7295423746109009,0.4719174802303314,0.02807936817407608,0.3092685043811798,0,2000,v2a_u08,0,0,42,0.8,0.3,walk_queue_ablation
522,10.44,0.800000011920929,0.30000001192092896,0.7286030054092407,0.4735347628593445,0.01396467350423336,0.1100955680012703,0,2000,v2a_u08,0,0,42,0.8,0.3,walk_queue_ablation
523,10.46,0.800000011920929,0.30000001192092896,0.7286504507064819,0.47923415899276733,0.004344375338405371,0.0023223955649882555,0,2000,v2a_u08,0,0,42,0.8,0.3,walk_queue_ablation
524,10.48,0.800000011920929,0.30000001192092896,0.7292753458023071,0.4886018931865692,-0.0052143060602247715,-0.08344196528196335,0,2000,v2a_u08,0,0,42,0.8,0.3,walk_queue_ablation
525,10.5,0.800000011920929,0.30000001192092896,0.7303587198257446,0.5000855922698975,-0.014617294073104858,-0.15747509896755219,0,2000,v2a_u08,0,0,42,0.8,0.3,walk_queue_ablation
526,10.52,0.800000011920929,0.30000001192092896,0.7314103841781616,0.5142697095870972,-0.02535729669034481,-0.16989147663116455,0,2000,v2a_u08,0,0,42,0.8,0.3,walk_queue_ablation
527,10.540000000000001,0.800000011920929,0.30000001192092896,0.7318531274795532,0.5279111266136169,-0.040082864463329315,-0.12431107461452484,0,2000,v2a_u08,0,0,42,0.8,0.3,walk_queue_ablation
528,10.56,0.800000011920929,0.30000001192092896,0.7310856580734253,0.5400314927101135,-0.06018544360995293,-0.008042543195188046,0,2000,v2a_u08,0,0,42,0.8,0.3,walk_queue_ablation
529,10.58,0.800000011920929,0.30000001192092896,0.7288740873336792,0.5500771403312683,-0.08548582345247269,0.11304459720849991,0,2000,v2a_u08,0,0,42,0.8,0.3,walk_queue_ablation
530,10.6,0.800000011920929,0.30000001192092896,0.7259396314620972,0.5538869500160217,-0.11496845632791519,0.1958771049976349,0,2000,v2a_u08,0,0,42,0.8,0.3,walk_queue_ablation
531,10.620000000000001,0.800000011920929,0.30000001192092896,0.7224746942520142,0.553292453289032,-0.1441790759563446,0.26944634318351746,0,2000,v2a_u08,0,0,42,0.8,0.3,walk_queue_ablation
532,10.64,0.800000011920929,0.30000001192092896,0.7182170152664185,0.5514809489250183,-0.17034919559955597,0.3123551607131958,0,2000,v2a_u08,0,0,42,0.8,0.3,walk_queue_ablation
533,10.66,0.800000011920929,0.30000001192092896,0.7139168977737427,0.5439587235450745,-0.18953853845596313,0.2164616882801056,0,2000,v2a_u08,0,0,42,0.8,0.3,walk_queue_ablation
534,10.68,0.800000011920929,0.30000001192092896,0.7102192640304565,0.5076019763946533,-0.13975517451763153,0.4885863959789276,0,2000,v2a_u08,0,0,42,0.8,0.3,walk_queue_ablation
535,10.700000000000001,0.800000011920929,0.30000001192092896,0.7006694078445435,0.4907976984977722,-0.11392765492200851,0.8302651643753052,0,2000,v2a_u08,0,0,42,0.8,0.3,walk_queue_ablation
536,10.72,0.800000011920929,0.30000001192092896,0.6901642084121704,0.4637067914009094,-0.09438339620828629,0.6278715133666992,0,2000,v2a_u08,0,0,42,0.8,0.3,walk_queue_ablation
537,10.74,0.800000011920929,0.30000001192092896,0.682747483253479,0.45072421431541443,-0.07252413034439087,0.30995815992355347,0,2000,v2a_u08,0,0,42,0.8,0.3,walk_queue_ablation
538,10.76,0.800000011920929,0.30000001192092896,0.6782270669937134,0.4517446756362915,-0.048943065106868744,0.10520289093255997,0,2000,v2a_u08,0,0,42,0.8,0.3,walk_queue_ablation
539,10.78,0.800000011920929,0.30000001192092896,0.6762105226516724,0.46193331480026245,-0.023519057780504227,-0.09430719912052155,0,2000,v2a_u08,0,0,42,0.8,0.3,walk_queue_ablation
540,10.8,0.800000011920929,0.30000001192092896,0.6758311986923218,0.4792860746383667,0.0037115304730832577,-0.18181675672531128,0,2000,v2a_u08,0,0,42,0.8,0.3,walk_queue_ablation
541,10.82,0.800000011920929,0.30000001192092896,0.6769610643386841,0.5040081739425659,0.029211053624749184,-0.2934611141681671,0,2000,v2a_u08,0,0,42,0.8,0.3,walk_queue_ablation
542,10.84,0.800000011920929,0.30000001192092896,0.6799017190933228,0.5276508331298828,0.05051412805914879,-0.4066934585571289,0,2000,v2a_u08,0,0,42,0.8,0.3,walk_queue_ablation
543,10.86,0.800000011920929,0.30000001192092896,0.683623194694519,0.5529900193214417,0.07138601690530777,-0.3698275685310364,0,2000,v2a_u08,0,0,42,0.8,0.3,walk_queue_ablation
544,10.88,0.800000011920929,0.30000001192092896,0.6868788003921509,0.5767067670822144,0.09015699476003647,-0.25885793566703796,0,2000,v2a_u08,0,0,42,0.8,0.3,walk_queue_ablation
545,10.9,0.800000011920929,0.30000001192092896,0.6889349222183228,0.6001237034797668,0.11153734475374222,-0.11584597080945969,0,2000,v2a_u08,0,0,42,0.8,0.3,walk_queue_ablation
546,10.92,0.800000011920929,0.30000001192092896,0.6900674104690552,0.6245686411857605,0.1346752941608429,-0.014821805991232395,0,2000,v2a_u08,0,0,42,0.8,0.3,walk_queue_ablation
547,10.94,0.800000011920929,0.30000001192092896,0.6905909776687622,0.6512824892997742,0.1600121259689331,0.0714191198348999,0,2000,v2a_u08,0,0,42,0.8,0.3,walk_queue_ablation
548,10.96,0.800000011920929,0.30000001192092896,0.6903327703475952,0.6789859533309937,0.18938931822776794,0.18097767233848572,0,2000,v2a_u08,0,0,42,0.8,0.3,walk_queue_ablation
549,10.98,0.800000011920929,0.30000001192092896,0.6891583204269409,0.710483729839325,0.22019951045513153,0.2871251106262207,0,2000,v2a_u08,0,0,42,0.8,0.3,walk_queue_ablation
550,11.0,0.800000011920929,0.30000001192092896,0.6871980428695679,0.7463101148605347,0.2495458424091339,0.3759559094905853,0,2000,v2a_u08,0,0,42,0.8,0.3,walk_queue_ablation
551,11.02,0.800000011920929,0.30000001192092896,0.6842163801193237,0.7809008359909058,0.28324395418167114,0.46902701258659363,0,2000,v2a_u08,0,0,42,0.8,0.3,walk_queue_ablation
552,11.040000000000001,0.800000011920929,0.30000001192092896,0.6795614957809448,0.8158220648765564,0.3229871094226837,0.5876246690750122,0,2000,v2a_u08,0,0,42,0.8,0.3,walk_queue_ablation
553,11.06,0.800000011920929,0.30000001192092896,0.6740933656692505,0.8497939109802246,0.36426904797554016,0.6126431226730347,0,2000,v2a_u08,0,0,42,0.8,0.3,walk_queue_ablation
554,11.08,0.800000011920929,0.30000001192092896,0.6694842576980591,0.8276965022087097,0.36961808800697327,0.8755542039871216,0,2000,v2a_u08,0,0,42,0.8,0.3,walk_queue_ablation
555,11.1,0.800000011920929,0.30000001192092896,0.6666220426559448,0.7561240196228027,0.30550485849380493,-0.07321696728467941,0,2000,v2a_u08,0,0,42,0.8,0.3,walk_queue_ablation
556,11.120000000000001,0.800000011920929,0.30000001192092896,0.6699734926223755,0.697762131690979,0.25289663672447205,-0.2983856201171875,0,2000,v2a_u08,0,0,42,0.8,0.3,walk_queue_ablation
557,11.14,0.800000011920929,0.30000001192092896,0.6737958192825317,0.6546503901481628,0.206996887922287,-0.10801427066326141,0,2000,v2a_u08,0,0,42,0.8,0.3,walk_queue_ablation
558,11.16,0.800000011920929,0.30000001192092896,0.6748420000076294,0.6130827069282532,0.16562841832637787,0.28295546770095825,0,2000,v2a_u08,0,0,42,0.8,0.3,walk_queue_ablation
559,11.18,0.800000011920929,0.30000001192092896,0.6719576120376587,0.5839577913284302,0.1306592971086502,0.610299825668335,0,2000,v2a_u08,0,0,42,0.8,0.3,walk_queue_ablation
560,11.200000000000001,0.800000011920929,0.30000001192092896,0.6675018072128296,0.5528254508972168,0.09896279126405716,0.7058854699134827,0,2000,v2a_u08,0,0,42,0.8,0.3,walk_queue_ablation
561,11.22,0.800000011920929,0.30000001192092896,0.6629317998886108,0.5242327451705933,0.07419760525226593,0.6535993814468384,0,2000,v2a_u08,0,0,42,0.8,0.3,walk_queue_ablation
562,11.24,0.800000011920929,0.30000001192092896,0.6590501070022583,0.4982288181781769,0.04820146784186363,0.5371367931365967,0,2000,v2a_u08,0,0,42,0.8,0.3,walk_queue_ablation
563,11.26,0.800000011920929,0.30000001192092896,0.6562608480453491,0.48488765954971313,0.025401104241609573,0.38747596740722656,0,2000,v2a_u08,0,0,42,0.8,0.3,walk_queue_ablation
564,11.28,0.800000011920929,0.30000001192092896,0.6546655893325806,0.484923392534256,0.007642493117600679,0.20403379201889038,0,2000,v2a_u08,0,0,42,0.8,0.3,walk_queue_ablation
565,11.3,0.800000011920929,0.30000001192092896,0.6541177034378052,0.49015018343925476,-0.0032180834095925093,0.07452826201915741,0,2000,v2a_u08,0,0,42,0.8,0.3,walk_queue_ablation
566,11.32,0.800000011920929,0.30000001192092896,0.6542855501174927,0.4998214840888977,-0.011774103157222271,-0.026529422029852867,0,2000,v2a_u08,0,0,42,0.8,0.3,walk_queue_ablation
567,11.34,0.800000011920929,0.30000001192092896,0.6550189256668091,0.5106585025787354,-0.020550493150949478,-0.10803718864917755,0,2000,v2a_u08,0,0,42,0.8,0.3,walk_queue_ablation
568,11.36,0.800000011920929,0.30000001192092896,0.6559089422225952,0.5235195755958557,-0.03016720712184906,-0.1439339816570282,0,2000,v2a_u08,0,0,42,0.8,0.3,walk_queue_ablation
569,11.38,0.800000011920929,0.30000001192092896,0.6565147638320923,0.5379530191421509,-0.04326016083359718,-0.1392272710800171,0,2000,v2a_u08,0,0,42,0.8,0.3,walk_queue_ablation
570,11.4,0.800000011920929,0.30000001192092896,0.6562203168869019,0.5513464212417603,-0.061331599950790405,-0.05386323854327202,0,2000,v2a_u08,0,0,42,0.8,0.3,walk_queue_ablation
571,11.42,0.800000011920929,0.30000001192092896,0.6546670198440552,0.563595712184906,-0.08473408967256546,0.04519437253475189,0,2000,v2a_u08,0,0,42,0.8,0.3,walk_queue_ablation
572,11.44,0.800000011920929,0.30000001192092896,0.6522034406661987,0.5710229873657227,-0.11302252113819122,0.13284273445606232,0,2000,v2a_u08,0,0,42,0.8,0.3,walk_queue_ablation
573,11.46,0.800000011920929,0.30000001192092896,0.6494585275650024,0.5729804039001465,-0.1429637223482132,0.19098593294620514,0,2000,v2a_u08,0,0,42,0.8,0.3,walk_queue_ablation
574,11.48,0.800000011920929,0.30000001192092896,0.6459692716598511,0.5718379616737366,-0.17030861973762512,0.2699650526046753,0,2000,v2a_u08,0,0,42,0.8,0.3,walk_queue_ablation
575,11.5,0.800000011920929,0.30000001192092896,0.6416653394699097,0.5674914717674255,-0.19492614269256592,0.2846603989601135,0,2000,v2a_u08,0,0,42,0.8,0.3,walk_queue_ablation
576,11.52,0.800000011920929,0.30000001192092896,0.6379481554031372,0.5214677453041077,-0.16388541460037231,0.0723671019077301,0,2000,v2a_u08,0,0,42,0.8,0.3,walk_queue_ablation
577,11.540000000000001,0.800000011920929,0.30000001192092896,0.6306079626083374,0.5060995221138,-0.12485371530056,0.771255612373352,0,2000,v2a_u08,0,0,42,0.8,0.3,walk_queue_ablation
578,11.56,0.800000011920929,0.30000001192092896,0.6202977895736694,0.4795631170272827,-0.10528837144374847,0.6532221436500549,0,2000,v2a_u08,0,0,42,0.8,0.3,walk_queue_ablation
579,11.58,0.800000011920929,0.30000001192092896,0.6123348474502563,0.4614621102809906,-0.08285806328058243,0.35239681601524353,0,2000,v2a_u08,0,0,42,0.8,0.3,walk_queue_ablation
580,11.6,0.800000011920929,0.30000001192092896,0.6071759462356567,0.45517536997795105,-0.05744822695851326,0.14490818977355957,0,2000,v2a_u08,0,0,42,0.8,0.3,walk_queue_ablation
581,11.620000000000001,0.800000011920929,0.30000001192092896,0.6048070192337036,0.46022599935531616,-0.03214540332555771,-0.10600215941667557,0,2000,v2a_u08,0,0,42,0.8,0.3,walk_queue_ablation
582,11.64,0.800000011920929,0.30000001192092896,0.604108452796936,0.47258123755455017,-0.004030766896903515,-0.1659269779920578,0,2000,v2a_u08,0,0,42,0.8,0.3,walk_queue_ablation
583,11.66,0.800000011920929,0.30000001192092896,0.6049104928970337,0.4981129765510559,0.020828813314437866,-0.2800803780555725,0,2000,v2a_u08,0,0,42,0.8,0.3,walk_queue_ablation
584,11.68,0.800000011920929,0.30000001192092896,0.607282280921936,0.5217324495315552,0.042042795568704605,-0.37534299492836,0,2000,v2a_u08,0,0,42,0.8,0.3,walk_queue_ablation
585,11.700000000000001,0.800000011920929,0.30000001192092896,0.6107112169265747,0.5441278219223022,0.06263840198516846,-0.3908271789550781,0,2000,v2a_u08,0,0,42,0.8,0.3,walk_queue_ablation
586,11.72,0.800000011920929,0.30000001192092896,0.6140974760055542,0.5669587254524231,0.08193469792604446,-0.2955954372882843,0,2000,v2a_u08,0,0,42,0.8,0.3,walk_queue_ablation
587,11.74,0.800000011920929,0.30000001192092896,0.6163779497146606,0.5890130400657654,0.10166482627391815,-0.15197595953941345,0,2000,v2a_u08,0,0,42,0.8,0.3,walk_queue_ablation
588,11.76,0.800000011920929,0.30000001192092896,0.6176961660385132,0.6104143857955933,0.12370724231004715,-0.05056534335017204,0,2000,v2a_u08,0,0,42,0.8,0.3,walk_queue_ablation
589,11.78,0.800000011920929,0.30000001192092896,0.6184636354446411,0.6334006786346436,0.14827068150043488,0.02387160435318947,0,2000,v2a_u08,0,0,42,0.8,0.3,walk_queue_ablation
590,11.8,0.800000011920929,0.30000001192092896,0.6187249422073364,0.659020721912384,0.17592979967594147,0.11506323516368866,0,2000,v2a_u08,0,0,42,0.8,0.3,walk_queue_ablation
591,11.82,0.800000011920929,0.30000001192092896,0.6181832551956177,0.6864018440246582,0.20739440619945526,0.21998067200183868,0,2000,v2a_u08,0,0,42,0.8,0.3,walk_queue_ablation
592,11.84,0.800000011920929,0.30000001192092896,0.6167994737625122,0.7184475660324097,0.23844514787197113,0.3136131763458252,0,2000,v2a_u08,0,0,42,0.8,0.3,walk_queue_ablation
593,11.86,0.800000011920929,0.30000001192092896,0.6145507097244263,0.7534021139144897,0.26992252469062805,0.41208627820014954,0,2000,v2a_u08,0,0,42,0.8,0.3,walk_queue_ablation
594,11.88,0.800000011920929,0.30000001192092896,0.6108843088150024,0.7854968309402466,0.30803921818733215,0.5180943608283997,0,2000,v2a_u08,0,0,42,0.8,0.3,walk_queue_ablation
595,11.9,0.800000011920929,0.30000001192092896,0.605798602104187,0.8193783760070801,0.3499228358268738,0.6129573583602905,0,2000,v2a_u08,0,0,42,0.8,0.3,walk_queue_ablation
596,11.92,0.800000011920929,0.30000001192092896,0.6007951498031616,0.8489152789115906,0.39104530215263367,0.5342463254928589,0,2000,v2a_u08,0,0,42,0.8,0.3,walk_queue_ablation
597,11.94,0.800000011920929,0.30000001192092896,0.5964938402175903,0.7795410752296448,0.3463776409626007,0.2644464671611786,0,2000,v2a_u08,0,0,42,0.8,0.3,walk_queue_ablation
598,11.96,0.800000011920929,0.30000001192092896,0.5979424715042114,0.7139250636100769,0.2799975275993347,-0.2900957465171814,0,2000,v2a_u08,0,0,42,0.8,0.3,walk_queue_ablation
599,11.98,0.800000011920929,0.30000001192092896,0.6019812822341919,0.6612597107887268,0.23093590140342712,-0.2363104671239853,0,2000,v2a_u08,0,0,42,0.8,0.3,walk_queue_ablation
600,12.0,0.800000011920929,0.30000001192092896,0.6044641733169556,0.6221179366111755,0.1908303201198578,0.07362765073776245,0,2000,v2a_u08,0,0,42,0.8,0.3,walk_queue_ablation
601,12.02,0.800000011920929,0.30000001192092896,0.6035982370376587,0.5904889106750488,0.15518634021282196,0.44569382071495056,0,2000,v2a_u08,0,0,42,0.8,0.3,walk_queue_ablation
602,12.040000000000001,0.800000011920929,0.30000001192092896,0.59978187084198,0.5607775449752808,0.12354793399572372,0.6718888878822327,0,2000,v2a_u08,0,0,42,0.8,0.3,walk_queue_ablation
603,12.06,0.800000011920929,0.30000001192092896,0.5953088998794556,0.5287896394729614,0.09173663705587387,0.6713171601295471,0,2000,v2a_u08,0,0,42,0.8,0.3,walk_queue_ablation
604,12.08,0.800000011920929,0.30000001192092896,0.5909610986709595,0.5029469728469849,0.0656111091375351,0.618018627166748,0,2000,v2a_u08,0,0,42,0.8,0.3,walk_queue_ablation
605,12.1,0.800000011920929,0.30000001192092896,0.5874859094619751,0.48205098509788513,0.03950558230280876,0.46246033906936646,0,2000,v2a_u08,0,0,42,0.8,0.3,walk_queue_ablation
606,12.120000000000001,0.800000011920929,0.30000001192092896,0.5853191614151001,0.4751359522342682,0.016926052048802376,0.27728503942489624,0,2000,v2a_u08,0,0,42,0.8,0.3,walk_queue_ablation
607,12.14,0.800000011920929,0.30000001192092896,0.584626317024231,0.4777378439903259,0.0029457123018801212,0.09485951066017151,0,2000,v2a_u08,0,0,42,0.8,0.3,walk_queue_ablation
608,12.16,0.800000011920929,0.30000001192092896,0.5848253965377808,0.48523932695388794,-0.006156966555863619,-0.011219573207199574,0,2000,v2a_u08,0,0,42,0.8,0.3,walk_queue_ablation
609,12.18,0.800000011920929,0.30000001192092896,0.5856441259384155,0.49573275446891785,-0.015246471390128136,-0.1028480976819992,0,2000,v2a_u08,0,0,42,0.8,0.3,walk_queue_ablation
610,12.200000000000001,0.800000011920929,0.30000001192092896,0.5869284868240356,0.5074461698532104,-0.024445228278636932,-0.17248283326625824,0,2000,v2a_u08,0,0,42,0.8,0.3,walk_queue_ablation
611,12.22,0.800000011920929,0.30000001192092896,0.588119626045227,0.5218570232391357,-0.03504246473312378,-0.18004611134529114,0,2000,v2a_u08,0,0,42,0.8,0.3,walk_queue_ablation
612,12.24,0.800000011920929,0.30000001192092896,0.5887049436569214,0.5362594723701477,-0.049836866557598114,-0.14078539609909058,0,2000,v2a_u08,0,0,42,0.8,0.3,walk_queue_ablation
613,12.26,0.800000011920929,0.30000001192092896,0.5881620645523071,0.5491524338722229,-0.0698428750038147,-0.03798120096325874,0,2000,v2a_u08,0,0,42,0.8,0.3,walk_queue_ablation
614,12.280000000000001,0.800000011920929,0.30000001192092896,0.5863524675369263,0.5600207448005676,-0.09502192586660385,0.0621655248105526,0,2000,v2a_u08,0,0,42,0.8,0.3,walk_queue_ablation
615,12.3,0.800000011920929,0.30000001192092896,0.5840502977371216,0.5649085640907288,-0.12407026439905167,0.1226765587925911,0,2000,v2a_u08,0,0,42,0.8,0.3,walk_queue_ablation
616,12.32,0.800000011920929,0.30000001192092896,0.5813866853713989,0.5649214386940002,-0.15261785686016083,0.18890757858753204,0,2000,v2a_u08,0,0,42,0.8,0.3,walk_queue_ablation
617,12.34,0.800000011920929,0.30000001192092896,0.57787024974823,0.5630630254745483,-0.17820638418197632,0.24733148515224457,0,2000,v2a_u08,0,0,42,0.8,0.3,walk_queue_ablation
618,12.36,0.800000011920929,0.30000001192092896,0.5739239454269409,0.5562060475349426,-0.19380362331867218,0.23625867068767548,0,2000,v2a_u08,0,0,42,0.8,0.3,walk_queue_ablation
619,12.38,0.800000011920929,0.30000001192092896,0.570224404335022,0.5174717903137207,-0.13855822384357452,0.4595434367656708,0,2000,v2a_u08,0,0,42,0.8,0.3,walk_queue_ablation
620,12.4,0.800000011920929,0.30000001192092896,0.561468243598938,0.4987845718860626,-0.11355465650558472,0.7158105373382568,0,2000,v2a_u08,0,0,42,0.8,0.3,walk_queue_ablation
621,12.42,0.800000011920929,0.30000001192092896,0.552280068397522,0.47067415714263916,-0.09309270232915878,0.4799934923648834,0,2000,v2a_u08,0,0,42,0.8,0.3,walk_queue_ablation
622,12.44,0.800000011920929,0.30000001192092896,0.5462280511856079,0.45722317695617676,-0.07194184511899948,0.1763959676027298,0,2000,v2a_u08,0,0,42,0.8,0.3,walk_queue_ablation
623,12.46,0.800000011920929,0.30000001192092896,0.5429009199142456,0.4573988914489746,-0.047330696135759354,-0.004622424952685833,0,2000,v2a_u08,0,0,42,0.8,0.3,walk_queue_ablation
624,12.48,0.800000011920929,0.30000001192092896,0.5417503118515015,0.46812620759010315,-0.022677592933177948,-0.1615566611289978,0,2000,v2a_u08,0,0,42,0.8,0.3,walk_queue_ablation
625,12.5,0.800000011920929,0.30000001192092896,0.5418564081192017,0.4849695563316345,0.004448958672583103,-0.22301754355430603,0,2000,v2a_u08,0,0,42,0.8,0.3,walk_queue_ablation
626,12.52,0.800000011920929,0.30000001192092896,0.5432535409927368,0.5086628198623657,0.02970035746693611,-0.31427204608917236,0,2000,v2a_u08,0,0,42,0.8,0.3,walk_queue_ablation
627,12.540000000000001,0.800000011920929,0.30000001192092896,0.5462702512741089,0.5309796929359436,0.05191543698310852,-0.4119029641151428,0,2000,v2a_u08,0,0,42,0.8,0.3,walk_queue_ablation
628,12.56,0.800000011920929,0.30000001192092896,0.5499683618545532,0.5557605624198914,0.07115467637777328,-0.3675523102283478,0,2000,v2a_u08,0,0,42,0.8,0.3,walk_queue_ablation
629,12.58,0.800000011920929,0.30000001192092896,0.553197979927063,0.5788761973381042,0.0883474349975586,-0.25684255361557007,0,2000,v2a_u08,0,0,42,0.8,0.3,walk_queue_ablation
630,12.6,0.800000011920929,0.30000001192092896,0.5551794767379761,0.6019011735916138,0.10888689011335373,-0.11082883179187775,0,2000,v2a_u08,0,0,42,0.8,0.3,walk_queue_ablation
631,12.620000000000001,0.800000011920929,0.30000001192092896,0.5562306642532349,0.6256760358810425,0.13226374983787537,-0.011302120052278042,0,2000,v2a_u08,0,0,42,0.8,0.3,walk_queue_ablation
632,12.64,0.800000011920929,0.30000001192092896,0.5567704439163208,0.6528985500335693,0.15757262706756592,0.066790871322155,0,2000,v2a_u08,0,0,42,0.8,0.3,walk_queue_ablation
633,12.66,0.800000011920929,0.30000001192092896,0.5565441846847534,0.6810171008110046,0.1875990480184555,0.1730789989233017,0,2000,v2a_u08,0,0,42,0.8,0.3,walk_queue_ablation
634,12.68,0.800000011920929,0.30000001192092896,0.5555101633071899,0.7125049829483032,0.21868854761123657,0.2647660970687866,0,2000,v2a_u08,0,0,42,0.8,0.3,walk_queue_ablation
635,12.700000000000001,0.800000011920929,0.30000001192092896,0.5538188219070435,0.747969388961792,0.24791844189167023,0.34500065445899963,0,2000,v2a_u08,0,0,42,0.8,0.3,walk_queue_ablation
636,12.72,0.800000011920929,0.30000001192092896,0.551183819770813,0.7816113233566284,0.28156328201293945,0.429834246635437,0,2000,v2a_u08,0,0,42,0.8,0.3,walk_queue_ablation
637,12.74,0.800000011920929,0.30000001192092896,0.546981692314148,0.8155997395515442,0.32222652435302734,0.5393412709236145,0,2000,v2a_u08,0,0,42,0.8,0.3,walk_queue_ablation
638,12.76,0.800000011920929,0.30000001192092896,0.5420552492141724,0.8489695191383362,0.363902747631073,0.5646784901618958,0,2000,v2a_u08,0,0,42,0.8,0.3,walk_queue_ablation
639,12.780000000000001,0.800000011920929,0.30000001192092896,0.5380440950393677,0.8456498980522156,0.36619699001312256,0.8049032092094421,0,2000,v2a_u08,0,0,42,0.8,0.3,walk_queue_ablation
640,12.8,0.800000011920929,0.30000001192092896,0.5345896482467651,0.7689234018325806,0.3103255033493042,-0.025415891781449318,0,2000,v2a_u08,0,0,42,0.8,0.3,walk_queue_ablation
641,12.82,0.800000011920929,0.30000001192092896,0.5382190942764282,0.6998451352119446,0.25603628158569336,-0.3486150801181793,0,2000,v2a_u08,0,0,42,0.8,0.3,walk_queue_ablation
642,12.84,0.800000011920929,0.30000001192092896,0.5423082113265991,0.6592402458190918,0.21069969236850739,-0.1650223582983017,0,2000,v2a_u08,0,0,42,0.8,0.3,walk_queue_ablation
643,12.86,0.800000011920929,0.30000001192092896,0.5444561243057251,0.6232077479362488,0.167876198887825,0.14085833728313446,0,2000,v2a_u08,0,0,42,0.8,0.3,walk_queue_ablation
644,12.88,0.800000011920929,0.30000001192092896,0.5431605577468872,0.592187225818634,0.13665646314620972,0.4649910628795624,0,2000,v2a_u08,0,0,42,0.8,0.3,walk_queue_ablation
645,12.9,0.800000011920929,0.30000001192092896,0.5396212339401245,0.5633217096328735,0.10685145854949951,0.6630110740661621,0,2000,v2a_u08,0,0,42,0.8,0.3,walk_queue_ablation
646,12.92,0.800000011920929,0.30000001192092896,0.535415768623352,0.5299248695373535,0.08008383214473724,0.6477142572402954,0,2000,v2a_u08,0,0,42,0.8,0.3,walk_queue_ablation
647,12.94,0.800000011920929,0.30000001192092896,0.5321279764175415,0.5059229135513306,0.04705771058797836,0.4453069567680359,0,2000,v2a_u08,0,0,42,0.8,0.3,walk_queue_ablation
648,12.96,0.800000011920929,0.30000001192092896,0.5294822454452515,0.48528411984443665,0.02582130767405033,0.4251622259616852,0,2000,v2a_u08,0,0,42,0.8,0.3,walk_queue_ablation
649,12.98,0.800000011920929,0.30000001192092896,0.5280555486679077,0.48512208461761475,0.012926239520311356,0.16636762022972107,0,2000,v2a_u08,0,0,42,0.8,0.3,walk_queue_ablation
650,13.0,0.800000011920929,0.30000001192092896,0.5271784067153931,0.4981781542301178,0.003512732218950987,0.11422904580831528,0,2000,v2a_u08,0,0,42,0.8,0.3,walk_queue_ablation
651,13.02,0.800000011920929,0.30000001192092896,0.5267835855484009,0.5008751153945923,-0.009437312372028828,0.014965303242206573,0,2000,v2a_u08,0,0,42,0.8,0.3,walk_queue_ablation
652,13.040000000000001,0.800000011920929,0.30000001192092896,0.527370810508728,0.5159186720848083,-0.017511438578367233,-0.12697170674800873,0,2000,v2a_u08,0,0,42,0.8,0.3,walk_queue_ablation
653,13.06,0.800000011920929,0.30000001192092896,0.5286604166030884,0.5260025858879089,-0.032217949628829956,-0.17534026503562927,0,2000,v2a_u08,0,0,42,0.8,0.3,walk_queue_ablation
654,13.08,0.800000011920929,0.30000001192092896,0.5293642282485962,0.5381522178649902,-0.043572504073381424,-0.14081703126430511,0,2000,v2a_u08,0,0,42,0.8,0.3,walk_queue_ablation
655,13.1,0.800000011920929,0.30000001192092896,0.5290111303329468,0.5545780658721924,-0.06150461733341217,-0.06048402935266495,0,2000,v2a_u08,0,0,42,0.8,0.3,walk_queue_ablation
656,13.120000000000001,0.800000011920929,0.30000001192092896,0.5277525186538696,0.5675133466720581,-0.08561594039201736,-0.009245913475751877,0,2000,v2a_u08,0,0,42,0.8,0.3,walk_queue_ablation
657,13.14,0.800000011920929,0.30000001192092896,0.5257664918899536,0.577488362789154,-0.11367473751306534,0.08264455199241638,0,2000,v2a_u08,0,0,42,0.8,0.3,walk_queue_ablation
658,13.16,0.800000011920929,0.30000001192092896,0.5235234498977661,0.5806978940963745,-0.14318206906318665,0.13367047905921936,0,2000,v2a_u08,0,0,42,0.8,0.3,walk_queue_ablation
659,13.18,0.800000011920929,0.30000001192092896,0.5206235647201538,0.5804258584976196,-0.1702205389738083,0.21177498996257782,0,2000,v2a_u08,0,0,42,0.8,0.3,walk_queue_ablation
660,13.200000000000001,0.800000011920929,0.30000001192092896,0.5169416666030884,0.5761928558349609,-0.19185857474803925,0.21537551283836365,0,2000,v2a_u08,0,0,42,0.8,0.3,walk_queue_ablation
661,13.22,0.800000011920929,0.30000001192092896,0.5137401819229126,0.5294756293296814,-0.1551632136106491,0.13425076007843018,0,2000,v2a_u08,0,0,42,0.8,0.3,walk_queue_ablation
662,13.24,0.800000011920929,0.30000001192092896,0.5064636468887329,0.5171600580215454,-0.1192329004406929,0.7077656984329224,0,2000,v2a_u08,0,0,42,0.8,0.3,walk_queue_ablation
663,13.26,0.800000011920929,0.30000001192092896,0.49669015407562256,0.4905698299407959,-0.0986848920583725,0.5946877598762512,0,2000,v2a_u08,0,0,42,0.8,0.3,walk_queue_ablation
664,13.280000000000001,0.800000011920929,0.30000001192092896,0.4895380735397339,0.474261999130249,-0.07989402115345001,0.26349711418151855,0,2000,v2a_u08,0,0,42,0.8,0.3,walk_queue_ablation
665,13.3,0.800000011920929,0.30000001192092896,0.48544251918792725,0.4674774706363678,-0.053807131946086884,0.024365149438381195,0,2000,v2a_u08,0,0,42,0.8,0.3,walk_queue_ablation
666,13.32,0.800000011920929,0.30000001192092896,0.4840165376663208,0.46943601965904236,-0.027038635686039925,-0.19265538454055786,0,2000,v2a_u08,0,0,42,0.8,0.3,walk_queue_ablation
667,13.34,0.800000011920929,0.30000001192092896,0.4842795133590698,0.4805721342563629,0.0003944953787140548,-0.25564947724342346,0,2000,v2a_u08,0,0,42,0.8,0.3,walk_queue_ablation
668,13.36,0.800000011920929,0.30000001192092896,0.48567426204681396,0.5064089894294739,0.02608087658882141,-0.3189457654953003,0,2000,v2a_u08,0,0,42,0.8,0.3,walk_queue_ablation
669,13.38,0.800000011920929,0.30000001192092896,0.48850810527801514,0.5284406542778015,0.04742832109332085,-0.42301177978515625,0,2000,v2a_u08,0,0,42,0.8,0.3,walk_queue_ablation
670,13.4,0.800000011920929,0.30000001192092896,0.4922891855239868,0.5497570037841797,0.06882263720035553,-0.416770339012146,0,2000,v2a_u08,0,0,42,0.8,0.3,walk_queue_ablation
671,13.42,0.800000011920929,0.30000001192092896,0.49598729610443115,0.5712224841117859,0.0870274230837822,-0.32533472776412964,0,2000,v2a_u08,0,0,42,0.8,0.3,walk_queue_ablation
672,13.44,0.800000011920929,0.30000001192092896,0.4985452890396118,0.5933809876441956,0.1063535287976265,-0.17538480460643768,0,2000,v2a_u08,0,0,42,0.8,0.3,walk_queue_ablation
673,13.46,0.800000011920929,0.30000001192092896,0.500097393989563,0.6150419116020203,0.128013014793396,-0.0693744570016861,0,2000,v2a_u08,0,0,42,0.8,0.3,walk_queue_ablation
674,13.48,0.800000011920929,0.30000001192092896,0.5009852647781372,0.6390702724456787,0.15265744924545288,0.0183910820633173,0,2000,v2a_u08,0,0,42,0.8,0.3,walk_queue_ablation
675,13.5,0.800000011920929,0.30000001192092896,0.5012603998184204,0.6662205457687378,0.18022528290748596,0.1137797087430954,0,2000,v2a_u08,0,0,42,0.8,0.3,walk_queue_ablation
676,13.52,0.800000011920929,0.30000001192092896,0.500712513923645,0.6948896646499634,0.21122604608535767,0.2219659984111786,0,2000,v2a_u08,0,0,42,0.8,0.3,walk_queue_ablation
677,13.540000000000001,0.800000011920929,0.30000001192092896,0.4993818998336792,0.7270976305007935,0.24180461466312408,0.3008497655391693,0,2000,v2a_u08,0,0,42,0.8,0.3,walk_queue_ablation
678,13.56,0.800000011920929,0.30000001192092896,0.4973982572555542,0.7618074417114258,0.273254930973053,0.37657538056373596,0,2000,v2a_u08,0,0,42,0.8,0.3,walk_queue_ablation
679,13.58,0.800000011920929,0.30000001192092896,0.49413907527923584,0.793874204158783,0.3116898834705353,0.4723208546638489,0,2000,v2a_u08,0,0,42,0.8,0.3,walk_queue_ablation
680,13.6,0.800000011920929,0.30000001192092896,0.48959195613861084,0.8272802233695984,0.3539449870586395,0.561656653881073,0,2000,v2a_u08,0,0,42,0.8,0.3,walk_queue_ablation
681,13.620000000000001,0.800000011920929,0.30000001192092896,0.484991192817688,0.8569145202636719,0.3961981534957886,0.5135429501533508,0,2000,v2a_u08,0,0,42,0.8,0.3,walk_queue_ablation
682,13.64,0.800000011920929,0.30000001192092896,0.48066627979278564,0.7814868092536926,0.34731799364089966,0.29833245277404785,0,2000,v2a_u08,0,0,42,0.8,0.3,walk_queue_ablation
683,13.66,0.800000011920929,0.30000001192092896,0.48216283321380615,0.718702495098114,0.28068068623542786,-0.2809036076068878,0,2000,v2a_u08,0,0,42,0.8,0.3,walk_queue_ablation
684,13.68,0.800000011920929,0.30000001192092896,0.48640549182891846,0.6663764119148254,0.2315312922000885,-0.2538115680217743,0,2000,v2a_u08,0,0,42,0.8,0.3,walk_queue_ablation
685,13.700000000000001,0.800000011920929,0.30000001192092896,0.489282488822937,0.62722247838974,0.19237051904201508,0.03165478631854057,0,2000,v2a_u08,0,0,42,0.8,0.3,walk_queue_ablation
686,13.72,0.800000011920929,0.30000001192092896,0.4890199899673462,0.5939909219741821,0.15706555545330048,0.3864346146583557,0,2000,v2a_u08,0,0,42,0.8,0.3,walk_queue_ablation
687,13.74,0.800000011920929,0.30000001192092896,0.4858001470565796,0.5642513632774353,0.12594053149223328,0.625908613204956,0,2000,v2a_u08,0,0,42,0.8,0.3,walk_queue_ablation
688,13.76,0.800000011920929,0.30000001192092896,0.48174846172332764,0.5320778489112854,0.09397650510072708,0.6429829597473145,0,2000,v2a_u08,0,0,42,0.8,0.3,walk_queue_ablation
689,13.780000000000001,0.800000011920929,0.30000001192092896,0.4777792692184448,0.5051553845405579,0.06676436215639114,0.5873469114303589,0,2000,v2a_u08,0,0,42,0.8,0.3,walk_queue_ablation
690,13.8,0.800000011920929,0.30000001192092896,0.4746021032333374,0.4844016134738922,0.04096083715558052,0.43677106499671936,0,2000,v2a_u08,0,0,42,0.8,0.3,walk_queue_ablation
691,13.82,0.800000011920929,0.30000001192092896,0.47277700901031494,0.47669848799705505,0.018136978149414062,0.24012646079063416,0,2000,v2a_u08,0,0,42,0.8,0.3,walk_queue_ablation
692,13.84,0.800000011920929,0.30000001192092896,0.47251594066619873,0.4803687036037445,0.004504623357206583,0.045845404267311096,0,2000,v2a_u08,0,0,42,0.8,0.3,walk_queue_ablation
693,13.86,0.800000011920929,0.30000001192092896,0.47318780422210693,0.488596111536026,-0.004844594281166792,-0.056645411998033524,0,2000,v2a_u08,0,0,42,0.8,0.3,walk_queue_ablation
694,13.88,0.800000011920929,0.30000001192092896,0.47442710399627686,0.4986784756183624,-0.014042137190699577,-0.142462819814682,0,2000,v2a_u08,0,0,42,0.8,0.3,walk_queue_ablation
695,13.9,0.800000011920929,0.30000001192092896,0.47610461711883545,0.5101133584976196,-0.02355179749429226,-0.20905108749866486,0,2000,v2a_u08,0,0,42,0.8,0.3,walk_queue_ablation
696,13.92,0.800000011920929,0.30000001192092896,0.4776815176010132,0.5242725014686584,-0.034876395016908646,-0.21305939555168152,0,2000,v2a_u08,0,0,42,0.8,0.3,walk_queue_ablation
697,13.94,0.800000011920929,0.30000001192092896,0.478584885597229,0.539085328578949,-0.04948118329048157,-0.17150484025478363,0,2000,v2a_u08,0,0,42,0.8,0.3,walk_queue_ablation
698,13.96,0.800000011920929,0.30000001192092896,0.4784151315689087,0.5524956583976746,-0.06940381228923798,-0.07979129999876022,0,2000,v2a_u08,0,0,42,0.8,0.3,walk_queue_ablation
699,13.98,0.800000011920929,0.30000001192092896,0.4770725965499878,0.5638962984085083,-0.09427475929260254,0.011417980305850506,0,2000,v2a_u08,0,0,42,0.8,0.3,walk_queue_ablation
700,14.0,0.800000011920929,0.30000001192092896,0.4752253293991089,0.5697919130325317,-0.12282895296812057,0.0721082091331482,0,2000,v2a_u08,0,0,42,0.8,0.3,walk_queue_ablation
701,14.02,0.800000011920929,0.30000001192092896,0.47316205501556396,0.5702948570251465,-0.1510172337293625,0.12504728138446808,0,2000,v2a_u08,0,0,42,0.8,0.3,walk_queue_ablation
702,14.040000000000001,0.800000011920929,0.30000001192092896,0.47030889987945557,0.5685091018676758,-0.17596256732940674,0.1916188895702362,0,2000,v2a_u08,0,0,42,0.8,0.3,walk_queue_ablation
703,14.06,0.800000011920929,0.30000001192092896,0.4667116403579712,0.5622590184211731,-0.19056980311870575,0.2401796579360962,0,2000,v2a_u08,0,0,42,0.8,0.3,walk_queue_ablation
704,14.08,0.800000011920929,0.30000001192092896,0.46300971508026123,0.5220367312431335,-0.13330864906311035,0.46848738193511963,0,2000,v2a_u08,0,0,42,0.8,0.3,walk_queue_ablation
705,14.1,0.800000011920929,0.30000001192092896,0.4545708894729614,0.5034322738647461,-0.10739214718341827,0.6575092673301697,0,2000,v2a_u08,0,0,42,0.8,0.3,walk_queue_ablation
706,14.120000000000001,0.800000011920929,0.30000001192092896,0.4460793733596802,0.4772791564464569,-0.08906357735395432,0.40157559514045715,0,2000,v2a_u08,0,0,42,0.8,0.3,walk_queue_ablation
707,14.14,0.800000011920929,0.30000001192092896,0.44099199771881104,0.46288955211639404,-0.06633272022008896,0.07197247445583344,0,2000,v2a_u08,0,0,42,0.8,0.3,walk_queue_ablation
708,14.16,0.800000011920929,0.30000001192092896,0.4386855363845825,0.46271657943725586,-0.04167196527123451,-0.10875146836042404,0,2000,v2a_u08,0,0,42,0.8,0.3,walk_queue_ablation
709,14.18,0.800000011920929,0.30000001192092896,0.4384976625442505,0.471927285194397,-0.01573575846850872,-0.25532326102256775,0,2000,v2a_u08,0,0,42,0.8,0.3,walk_queue_ablation
710,14.200000000000001,0.800000011920929,0.30000001192092896,0.43951141834259033,0.4887634217739105,0.011287890374660492,-0.3013444244861603,0,2000,v2a_u08,0,0,42,0.8,0.3,walk_queue_ablation
711,14.22,0.800000011920929,0.30000001192092896,0.44142210483551025,0.5117942690849304,0.037181150168180466,-0.3500453531742096,0,2000,v2a_u08,0,0,42,0.8,0.3,walk_queue_ablation
712,14.24,0.800000011920929,0.30000001192092896,0.44468700885772705,0.5336143970489502,0.05872097238898277,-0.435322642326355,0,2000,v2a_u08,0,0,42,0.8,0.3,walk_queue_ablation
713,14.26,0.800000011920929,0.30000001192092896,0.44854533672332764,0.5580885410308838,0.07835336029529572,-0.38585907220840454,0,2000,v2a_u08,0,0,42,0.8,0.3,walk_queue_ablation
714,14.280000000000001,0.800000011920929,0.30000001192092896,0.45185554027557373,0.5803382396697998,0.09582880139350891,-0.26609304547309875,0,2000,v2a_u08,0,0,42,0.8,0.3,walk_queue_ablation
715,14.3,0.800000011920929,0.30000001192092896,0.45396506786346436,0.6036496758460999,0.11544498056173325,-0.12523934245109558,0,2000,v2a_u08,0,0,42,0.8,0.3,walk_queue_ablation
716,14.32,0.800000011920929,0.30000001192092896,0.45512282848358154,0.6274905204772949,0.13836638629436493,-0.019044777378439903,0,2000,v2a_u08,0,0,42,0.8,0.3,walk_queue_ablation
717,14.34,0.800000011920929,0.30000001192092896,0.45564496517181396,0.6554070711135864,0.163715198636055,0.06824507564306259,0,2000,v2a_u08,0,0,42,0.8,0.3,walk_queue_ablation
718,14.36,0.800000011920929,0.30000001192092896,0.4554861783981323,0.6839123964309692,0.19319899380207062,0.1625131368637085,0,2000,v2a_u08,0,0,42,0.8,0.3,walk_queue_ablation
719,14.38,0.800000011920929,0.30000001192092896,0.45453941822052,0.7154138088226318,0.22445262968540192,0.25840815901756287,0,2000,v2a_u08,0,0,42,0.8,0.3,walk_queue_ablation
720,14.4,0.800000011920929,0.30000001192092896,0.4529658555984497,0.7508156895637512,0.2541455924510956,0.327973335981369,0,2000,v2a_u08,0,0,42,0.8,0.3,walk_queue_ablation
721,14.42,0.800000011920929,0.30000001192092896,0.4506722688674927,0.7844367027282715,0.2880285978317261,0.39007389545440674,0,2000,v2a_u08,0,0,42,0.8,0.3,walk_queue_ablation
722,14.44,0.800000011920929,0.30000001192092896,0.4469674825668335,0.81828773021698,0.32902589440345764,0.4960661232471466,0,2000,v2a_u08,0,0,42,0.8,0.3,walk_queue_ablation
723,14.46,0.800000011920929,0.30000001192092896,0.44239509105682373,0.8515231609344482,0.3716863691806793,0.5439773797988892,0,2000,v2a_u08,0,0,42,0.8,0.3,walk_queue_ablation
724,14.48,0.800000011920929,0.30000001192092896,0.43858444690704346,0.8513699173927307,0.3839873671531677,0.7500408887863159,0,2000,v2a_u08,0,0,42,0.8,0.3,walk_queue_ablation
725,14.5,0.800000011920929,0.30000001192092896,0.4350365400314331,0.7626720666885376,0.315201997756958,0.003107624128460884,0,2000,v2a_u08,0,0,42,0.8,0.3,walk_queue_ablation
726,14.52,0.800000011920929,0.30000001192092896,0.43821465969085693,0.703818678855896,0.2600795328617096,-0.3345802426338196,0,2000,v2a_u08,0,0,42,0.8,0.3,walk_queue_ablation
727,14.540000000000001,0.800000011920929,0.30000001192092896,0.4430018663406372,0.6576119065284729,0.21607252955436707,-0.26155298948287964,0,2000,v2a_u08,0,0,42,0.8,0.3,walk_queue_ablation
728,14.56,0.800000011920929,0.30000001192092896,0.44566595554351807,0.6217699646949768,0.17684713006019592,0.08693598210811615,0,2000,v2a_u08,0,0,42,0.8,0.3,walk_queue_ablation
729,14.58,0.800000011920929,0.30000001192092896,0.4447852373123169,0.5932132601737976,0.14609171450138092,0.4333968460559845,0,2000,v2a_u08,0,0,42,0.8,0.3,walk_queue_ablation
730,14.6,0.800000011920929,0.30000001192092896,0.4419509172439575,0.5666185617446899,0.11494739353656769,0.5581831932067871,0,2000,v2a_u08,0,0,42,0.8,0.3,walk_queue_ablation
731,14.620000000000001,0.800000011920929,0.30000001192092896,0.4382981061935425,0.5351391434669495,0.08779299259185791,0.605930745601654,0,2000,v2a_u08,0,0,42,0.8,0.3,walk_queue_ablation
732,14.64,0.800000011920929,0.30000001192092896,0.43488848209381104,0.5064089894294739,0.05804361775517464,0.5028265714645386,0,2000,v2a_u08,0,0,42,0.8,0.3,walk_queue_ablation
733,14.66,0.800000011920929,0.30000001192092896,0.43231260776519775,0.4906914532184601,0.033883556723594666,0.37700825929641724,0,2000,v2a_u08,0,0,42,0.8,0.3,walk_queue_ablation
734,14.68,0.800000011920929,0.30000001192092896,0.4310067892074585,0.4870128929615021,0.015683604404330254,0.17282046377658844,0,2000,v2a_u08,0,0,42,0.8,0.3,walk_queue_ablation
735,14.700000000000001,0.800000011920929,0.30000001192092896,0.4307745695114136,0.49133923649787903,0.004420379176735878,0.05343743413686752,0,2000,v2a_u08,0,0,42,0.8,0.3,walk_queue_ablation
736,14.72,0.800000011920929,0.30000001192092896,0.43109118938446045,0.4999675452709198,-0.004813053645193577,-0.033428631722927094,0,2000,v2a_u08,0,0,42,0.8,0.3,walk_queue_ablation
737,14.74,0.800000011920929,0.30000001192092896,0.43191707134246826,0.5109184384346008,-0.013634825125336647,-0.1188807487487793,0,2000,v2a_u08,0,0,42,0.8,0.3,walk_queue_ablation
738,14.76,0.800000011920929,0.30000001192092896,0.43311893939971924,0.5239364504814148,-0.023973669856786728,-0.1782183051109314,0,2000,v2a_u08,0,0,42,0.8,0.3,walk_queue_ablation
739,14.780000000000001,0.800000011920929,0.30000001192092896,0.4342130422592163,0.5390864014625549,-0.03671063110232353,-0.18967849016189575,0,2000,v2a_u08,0,0,42,0.8,0.3,walk_queue_ablation
740,14.8,0.800000011920929,0.30000001192092896,0.43467962741851807,0.554104208946228,-0.05381972715258598,-0.14222803711891174,0,2000,v2a_u08,0,0,42,0.8,0.3,walk_queue_ablation
741,14.82,0.800000011920929,0.30000001192092896,0.4341388940811157,0.5677130222320557,-0.07594799995422363,-0.062146928161382675,0,2000,v2a_u08,0,0,42,0.8,0.3,walk_queue_ablation
742,14.84,0.800000011920929,0.30000001192092896,0.4326821565628052,0.5780377984046936,-0.10257881879806519,0.01881694234907627,0,2000,v2a_u08,0,0,42,0.8,0.3,walk_queue_ablation
743,14.86,0.800000011920929,0.30000001192092896,0.43118059635162354,0.5827217102050781,-0.13158130645751953,0.0478416308760643,0,2000,v2a_u08,0,0,42,0.8,0.3,walk_queue_ablation
744,14.88,0.800000011920929,0.30000001192092896,0.42924487590789795,0.5828000903129578,-0.15803635120391846,0.1221790462732315,0,2000,v2a_u08,0,0,42,0.8,0.3,walk_queue_ablation
745,14.9,0.800000011920929,0.30000001192092896,0.4262584447860718,0.5785778164863586,-0.17904028296470642,0.17279207706451416,0,2000,v2a_u08,0,0,42,0.8,0.3,walk_queue_ablation
746,14.92,0.800000011920929,0.30000001192092896,0.4229687452316284,0.5325412154197693,-0.1450795829296112,0.0006125196814537048,0,2000,v2a_u08,0,0,42,0.8,0.3,walk_queue_ablation
747,14.94,0.800000011920929,0.30000001192092896,0.416972279548645,0.5185034871101379,-0.10907713323831558,0.6216146945953369,0,2000,v2a_u08,0,0,42,0.8,0.3,walk_queue_ablation
748,14.96,0.800000011920929,0.30000001192092896,0.4079679250717163,0.49161067605018616,-0.08846785873174667,0.528213381767273,0,2000,v2a_u08,0,0,42,0.8,0.3,walk_queue_ablation
749,14.98,0.800000011920929,0.30000001192092896,0.40138792991638184,0.4754659831523895,-0.06495799124240875,0.2021472156047821,0,2000,v2a_u08,0,0,42,0.8,0.3,walk_queue_ablation
750,15.0,0.800000011920929,0.30000001192092896,0.39766108989715576,0.4678162932395935,-0.04198240116238594,-0.013774807564914227,0,2000,v2a_u08,0,0,42,0.8,0.3,walk_queue_ablation
751,15.02,0.800000011920929,0.30000001192092896,0.39642906188964844,0.47080910205841064,-0.016102485358715057,-0.21360927820205688,0,2000,v2a_u08,0,0,42,0.8,0.3,walk_queue_ablation
752,15.040000000000001,0.800000011920929,0.30000001192092896,0.3968614339828491,0.48097294569015503,0.010789233259856701,-0.27871280908584595,0,2000,v2a_u08,0,0,42,0.8,0.3,walk_queue_ablation
753,15.06,0.800000011920929,0.30000001192092896,0.39840102195739746,0.5042187571525574,0.03708401322364807,-0.33475297689437866,0,2000,v2a_u08,0,0,42,0.8,0.3,walk_queue_ablation
754,15.08,0.800000011920929,0.30000001192092896,0.4011572599411011,0.5258036255836487,0.05775384604930878,-0.415041446685791,0,2000,v2a_u08,0,0,42,0.8,0.3,walk_queue_ablation
755,15.1,0.800000011920929,0.30000001192092896,0.4048525094985962,0.5484308004379272,0.0797765776515007,-0.42655181884765625,0,2000,v2a_u08,0,0,42,0.8,0.3,walk_queue_ablation
756,15.120000000000001,0.800000011920929,0.30000001192092896,0.40864789485931396,0.5707805156707764,0.09680649638175964,-0.34090548753738403,0,2000,v2a_u08,0,0,42,0.8,0.3,walk_queue_ablation
757,15.14,0.800000011920929,0.30000001192092896,0.4113730192184448,0.5915658473968506,0.11526637524366379,-0.1888662427663803,0,2000,v2a_u08,0,0,42,0.8,0.3,walk_queue_ablation
758,15.16,0.800000011920929,0.30000001192092896,0.4129866361618042,0.6139681935310364,0.13690447807312012,-0.07906723022460938,0,2000,v2a_u08,0,0,42,0.8,0.3,walk_queue_ablation
759,15.18,0.800000011920929,0.30000001192092896,0.4139977693557739,0.6381087899208069,0.16223134100437164,-0.0021489406935870647,0,2000,v2a_u08,0,0,42,0.8,0.3,walk_queue_ablation
760,15.200000000000001,0.800000011920929,0.30000001192092896,0.41456151008605957,0.6655296087265015,0.19075673818588257,0.08320093899965286,0,2000,v2a_u08,0,0,42,0.8,0.3,walk_queue_ablation
761,15.22,0.800000011920929,0.30000001192092896,0.41421496868133545,0.6946266889572144,0.22269098460674286,0.20229338109493256,0,2000,v2a_u08,0,0,42,0.8,0.3,walk_queue_ablation
762,15.24,0.800000011920929,0.30000001192092896,0.4131585359573364,0.7268896102905273,0.2534247040748596,0.27147722244262695,0,2000,v2a_u08,0,0,42,0.8,0.3,walk_queue_ablation
763,15.26,0.800000011920929,0.30000001192092896,0.4115060567855835,0.7605041265487671,0.28472912311553955,0.34178033471107483,0,2000,v2a_u08,0,0,42,0.8,0.3,walk_queue_ablation
764,15.280000000000001,0.800000011920929,0.30000001192092896,0.4085785150527954,0.7917708158493042,0.3241448402404785,0.43543681502342224,0,2000,v2a_u08,0,0,42,0.8,0.3,walk_queue_ablation
765,15.3,0.800000011920929,0.30000001192092896,0.40441298484802246,0.8261601328849792,0.36858052015304565,0.5252691507339478,0,2000,v2a_u08,0,0,42,0.8,0.3,walk_queue_ablation
766,15.32,0.800000011920929,0.30000001192092896,0.4000833034515381,0.8568804860115051,0.4130123555660248,0.5042596459388733,0,2000,v2a_u08,0,0,42,0.8,0.3,walk_queue_ablation
767,15.34,0.800000011920929,0.30000001192092896,0.39567649364471436,0.7772909998893738,0.3606421649456024,0.32120952010154724,0,2000,v2a_u08,0,0,42,0.8,0.3,walk_queue_ablation
768,15.36,0.800000011920929,0.30000001192092896,0.397025465965271,0.7143924236297607,0.29264721274375916,-0.25012078881263733,0,2000,v2a_u08,0,0,42,0.8,0.3,walk_queue_ablation
769,15.38,0.800000011920929,0.30000001192092896,0.40105676651000977,0.6621278524398804,0.24233953654766083,-0.2356089949607849,0,2000,v2a_u08,0,0,42,0.8,0.3,walk_queue_ablation
770,15.4,0.800000011920929,0.30000001192092896,0.4039616584777832,0.622957170009613,0.20191910862922668,0.0203867144882679,0,2000,v2a_u08,0,0,42,0.8,0.3,walk_queue_ablation
771,15.42,0.800000011920929,0.30000001192092896,0.4038442373275757,0.5906813144683838,0.1683627814054489,0.36434173583984375,0,2000,v2a_u08,0,0,42,0.8,0.3,walk_queue_ablation
772,15.44,0.800000011920929,0.30000001192092896,0.4009004831314087,0.5602914690971375,0.13732749223709106,0.5918946266174316,0,2000,v2a_u08,0,0,42,0.8,0.3,walk_queue_ablation
773,15.46,0.800000011920929,0.30000001192092896,0.3971966505050659,0.5266282558441162,0.10430828481912613,0.6045758128166199,0,2000,v2a_u08,0,0,42,0.8,0.3,walk_queue_ablation
774,15.48,0.800000011920929,0.30000001192092896,0.39360713958740234,0.49722206592559814,0.07656195014715195,0.5489085912704468,0,2000,v2a_u08,0,0,42,0.8,0.3,walk_queue_ablation
775,15.5,0.800000011920929,0.30000001192092896,0.3907737731933594,0.475752055644989,0.049599722027778625,0.4062007963657379,0,2000,v2a_u08,0,0,42,0.8,0.3,walk_queue_ablation
776,15.52,0.800000011920929,0.30000001192092896,0.3893158435821533,0.4691082239151001,0.025826934725046158,0.20047253370285034,0,2000,v2a_u08,0,0,42,0.8,0.3,walk_queue_ablation
777,15.540000000000001,0.800000011920929,0.30000001192092896,0.3894619941711426,0.47217291593551636,0.012472324073314667,0.009197041392326355,0,2000,v2a_u08,0,0,42,0.8,0.3,walk_queue_ablation
778,15.56,0.800000011920929,0.30000001192092896,0.3906444311141968,0.4791525602340698,0.0031046895310282707,-0.10899405181407928,0,2000,v2a_u08,0,0,42,0.8,0.3,walk_queue_ablation
779,15.58,0.800000011920929,0.30000001192092896,0.3924102783203125,0.48952943086624146,-0.005304062273353338,-0.19258245825767517,0,2000,v2a_u08,0,0,42,0.8,0.3,walk_queue_ablation
780,15.6,0.800000011920929,0.30000001192092896,0.39457380771636963,0.5007461905479431,-0.014600099064409733,-0.2510567605495453,0,2000,v2a_u08,0,0,42,0.8,0.3,walk_queue_ablation
781,15.620000000000001,0.800000011920929,0.30000001192092896,0.39655745029449463,0.5143416523933411,-0.02536664344370365,-0.2518291175365448,0,2000,v2a_u08,0,0,42,0.8,0.3,walk_queue_ablation
782,15.64,0.800000011920929,0.30000001192092896,0.39794063568115234,0.5290307402610779,-0.03963513672351837,-0.22226059436798096,0,2000,v2a_u08,0,0,42,0.8,0.3,walk_queue_ablation
783,15.66,0.800000011920929,0.30000001192092896,0.39839673042297363,0.5414610505104065,-0.059163790196180344,-0.14062559604644775,0,2000,v2a_u08,0,0,42,0.8,0.3,walk_queue_ablation
784,15.68,0.800000011920929,0.30000001192092896,0.3976083993911743,0.5522509217262268,-0.08275920897722244,-0.039076440036296844,0,2000,v2a_u08,0,0,42,0.8,0.3,walk_queue_ablation
785,15.700000000000001,0.800000011920929,0.30000001192092896,0.39619529247283936,0.5580638647079468,-0.11023198813199997,0.025487711653113365,0,2000,v2a_u08,0,0,42,0.8,0.3,walk_queue_ablation
786,15.72,0.800000011920929,0.30000001192092896,0.39462709426879883,0.5580825805664062,-0.13751298189163208,0.07037835568189621,0,2000,v2a_u08,0,0,42,0.8,0.3,walk_queue_ablation
787,15.74,0.800000011920929,0.30000001192092896,0.39228665828704834,0.5552002191543579,-0.16141989827156067,0.1494542360305786,0,2000,v2a_u08,0,0,42,0.8,0.3,walk_queue_ablation
788,15.76,0.800000011920929,0.30000001192092896,0.38899195194244385,0.5479861497879028,-0.1754058301448822,0.2252293825149536,0,2000,v2a_u08,0,0,42,0.8,0.3,walk_queue_ablation
789,15.780000000000001,0.800000011920929,0.30000001192092896,0.38530075550079346,0.5104026794433594,-0.12414387613534927,0.414707213640213,0,2000,v2a_u08,0,0,42,0.8,0.3,walk_queue_ablation
790,15.8,0.800000011920929,0.30000001192092896,0.37748193740844727,0.49220672249794006,-0.09636989235877991,0.6075670123100281,0,2000,v2a_u08,0,0,42,0.8,0.3,walk_queue_ablation
791,15.82,0.800000011920929,0.30000001192092896,0.3693279027938843,0.46734359860420227,-0.08034763485193253,0.3717171549797058,0,2000,v2a_u08,0,0,42,0.8,0.3,walk_queue_ablation
792,15.84,0.800000011920929,0.30000001192092896,0.3643527030944824,0.45606130361557007,-0.060056984424591064,0.06827794015407562,0,2000,v2a_u08,0,0,42,0.8,0.3,walk_queue_ablation
793,15.860000000000001,0.800000011920929,0.30000001192092896,0.36199450492858887,0.4572802782058716,-0.036543332040309906,-0.11271874606609344,0,2000,v2a_u08,0,0,42,0.8,0.3,walk_queue_ablation
794,15.88,0.800000011920929,0.30000001192092896,0.3619086742401123,0.46681278944015503,-0.011088532395660877,-0.2772574722766876,0,2000,v2a_u08,0,0,42,0.8,0.3,walk_queue_ablation
795,15.9,0.800000011920929,0.30000001192092896,0.36315882205963135,0.4848281443119049,0.014884483069181442,-0.3207833468914032,0,2000,v2a_u08,0,0,42,0.8,0.3,walk_queue_ablation
796,15.92,0.800000011920929,0.30000001192092896,0.36501777172088623,0.5094854831695557,0.04041454941034317,-0.3385801315307617,0,2000,v2a_u08,0,0,42,0.8,0.3,walk_queue_ablation
797,15.94,0.800000011920929,0.30000001192092896,0.3681776523590088,0.531715989112854,0.061583567410707474,-0.43598711490631104,0,2000,v2a_u08,0,0,42,0.8,0.3,walk_queue_ablation
798,15.96,0.800000011920929,0.30000001192092896,0.37209463119506836,0.5561917424201965,0.0804632306098938,-0.39761918783187866,0,2000,v2a_u08,0,0,42,0.8,0.3,walk_queue_ablation
799,15.98,0.800000011920929,0.30000001192092896,0.375430703163147,0.5788049697875977,0.09720709174871445,-0.26622119545936584,0,2000,v2a_u08,0,0,42,0.8,0.3,walk_queue_ablation
800,16.0,0.800000011920929,0.30000001192092896,0.3775143623352051,0.6036106944084167,0.11630430817604065,-0.12781383097171783,0,2000,v2a_u08,0,0,42,0.8,0.3,walk_queue_ablation
801,16.02,0.800000011920929,0.30000001192092896,0.3787621259689331,0.6269036531448364,0.13885988295078278,-0.034735433757305145,0,2000,v2a_u08,0,0,42,0.8,0.3,walk_queue_ablation
802,16.04,0.800000011920929,0.30000001192092896,0.37938928604125977,0.6547535061836243,0.16503001749515533,0.05651243031024933,0,2000,v2a_u08,0,0,42,0.8,0.3,walk_queue_ablation
803,16.06,0.800000011920929,0.30000001192092896,0.37936437129974365,0.6840757131576538,0.1941581666469574,0.14568153023719788,0,2000,v2a_u08,0,0,42,0.8,0.3,walk_queue_ablation
804,16.080000000000002,0.800000011920929,0.30000001192092896,0.37861764430999756,0.7161215543746948,0.22529032826423645,0.23664677143096924,0,2000,v2a_u08,0,0,42,0.8,0.3,walk_queue_ablation
805,16.1,0.800000011920929,0.30000001192092896,0.37724852561950684,0.7519238591194153,0.2550688683986664,0.30679404735565186,0,2000,v2a_u08,0,0,42,0.8,0.3,walk_queue_ablation
806,16.12,0.800000011920929,0.30000001192092896,0.3752337694168091,0.7856582403182983,0.28824955224990845,0.3602241575717926,0,2000,v2a_u08,0,0,42,0.8,0.3,walk_queue_ablation
807,16.14,0.800000011920929,0.30000001192092896,0.37187206745147705,0.8195039629936218,0.3294943571090698,0.4619170129299164,0,2000,v2a_u08,0,0,42,0.8,0.3,walk_queue_ablation
808,16.16,0.800000011920929,0.30000001192092896,0.3676704168319702,0.8537517189979553,0.37275150418281555,0.5101388692855835,0,2000,v2a_u08,0,0,42,0.8,0.3,walk_queue_ablation
809,16.18,0.800000011920929,0.30000001192092896,0.3641597032546997,0.8488463163375854,0.3807857930660248,0.7994975447654724,0,2000,v2a_u08,0,0,42,0.8,0.3,walk_queue_ablation
810,16.2,0.800000011920929,0.30000001192092896,0.36062848567962646,0.7658132314682007,0.31702807545661926,-0.010402265004813671,0,2000,v2a_u08,0,0,42,0.8,0.3,walk_queue_ablation
811,16.22,0.800000011920929,0.30000001192092896,0.36393117904663086,0.6992699503898621,0.261828750371933,-0.34823381900787354,0,2000,v2a_u08,0,0,42,0.8,0.3,walk_queue_ablation
812,16.240000000000002,0.800000011920929,0.30000001192092896,0.3687077760696411,0.6558625102043152,0.21679368615150452,-0.2698144018650055,0,2000,v2a_u08,0,0,42,0.8,0.3,walk_queue_ablation
813,16.26,0.800000011920929,0.30000001192092896,0.3716270923614502,0.6227225661277771,0.17709413170814514,0.04743325710296631,0,2000,v2a_u08,0,0,42,0.8,0.3,walk_queue_ablation
814,16.28,0.800000011920929,0.30000001192092896,0.37111198902130127,0.5921556949615479,0.1479237973690033,0.40660277009010315,0,2000,v2a_u08,0,0,42,0.8,0.3,walk_queue_ablation
815,16.3,0.800000011920929,0.30000001192092896,0.36860525608062744,0.567779541015625,0.11700344830751419,0.5279082655906677,0,2000,v2a_u08,0,0,42,0.8,0.3,walk_queue_ablation
816,16.32,0.800000011920929,0.30000001192092896,0.3651503324508667,0.5338169932365417,0.08794524520635605,0.6027252674102783,0,2000,v2a_u08,0,0,42,0.8,0.3,walk_queue_ablation
817,16.34,0.800000011920929,0.30000001192092896,0.3619191646575928,0.5034869909286499,0.057540684938430786,0.47333237528800964,0,2000,v2a_u08,0,0,42,0.8,0.3,walk_queue_ablation
818,16.36,0.800000011920929,0.30000001192092896,0.3593454360961914,0.4896864891052246,0.034125156700611115,0.3798503875732422,0,2000,v2a_u08,0,0,42,0.8,0.3,walk_queue_ablation
819,16.38,0.800000011920929,0.30000001192092896,0.35827159881591797,0.4866671562194824,0.015061401762068272,0.13908426463603973,0,2000,v2a_u08,0,0,42,0.8,0.3,walk_queue_ablation
820,16.4,0.800000011920929,0.30000001192092896,0.35816729068756104,0.49122440814971924,0.00497673824429512,0.04865168780088425,0,2000,v2a_u08,0,0,42,0.8,0.3,walk_queue_ablation
821,16.42,0.800000011920929,0.30000001192092896,0.3588186502456665,0.5017126798629761,-0.006448355037719011,-0.08077441155910492,0,2000,v2a_u08,0,0,42,0.8,0.3,walk_queue_ablation
822,16.44,0.800000011920929,0.30000001192092896,0.3600196838378906,0.5114756226539612,-0.014807676896452904,-0.14470109343528748,0,2000,v2a_u08,0,0,42,0.8,0.3,walk_queue_ablation
823,16.46,0.800000011920929,0.30000001192092896,0.36147212982177734,0.5242342352867126,-0.023182708770036697,-0.21303924918174744,0,2000,v2a_u08,0,0,42,0.8,0.3,walk_queue_ablation
824,16.48,0.800000011920929,0.30000001192092896,0.36278843879699707,0.5409865379333496,-0.037129830569028854,-0.19905321300029755,0,2000,v2a_u08,0,0,42,0.8,0.3,walk_queue_ablation
825,16.5,0.800000011920929,0.30000001192092896,0.3633514642715454,0.5560178160667419,-0.05596651881933212,-0.15749084949493408,0,2000,v2a_u08,0,0,42,0.8,0.3,walk_queue_ablation
826,16.52,0.800000011920929,0.30000001192092896,0.36308372020721436,0.572945237159729,-0.0783085972070694,-0.10878747701644897,0,2000,v2a_u08,0,0,42,0.8,0.3,walk_queue_ablation
827,16.54,0.800000011920929,0.30000001192092896,0.36226367950439453,0.5824494361877441,-0.10703741014003754,-0.033355165272951126,0,2000,v2a_u08,0,0,42,0.8,0.3,walk_queue_ablation
828,16.56,0.800000011920929,0.30000001192092896,0.36096668243408203,0.5864932537078857,-0.13542540371418,0.026432260870933533,0,2000,v2a_u08,0,0,42,0.8,0.3,walk_queue_ablation
829,16.580000000000002,0.800000011920929,0.30000001192092896,0.35920464992523193,0.5857993364334106,-0.16154322028160095,0.09996582567691803,0,2000,v2a_u08,0,0,42,0.8,0.3,walk_queue_ablation
830,16.6,0.800000011920929,0.30000001192092896,0.3566476106643677,0.5778178572654724,-0.17965920269489288,0.137141153216362,0,2000,v2a_u08,0,0,42,0.8,0.3,walk_queue_ablation
831,16.62,0.800000011920929,0.30000001192092896,0.35373353958129883,0.5292972922325134,-0.1434812694787979,0.08769561350345612,0,2000,v2a_u08,0,0,42,0.8,0.3,walk_queue_ablation
832,16.64,0.800000011920929,0.30000001192092896,0.34729278087615967,0.5167690515518188,-0.1074143648147583,0.6187343001365662,0,2000,v2a_u08,0,0,42,0.8,0.3,walk_queue_ablation
833,16.66,0.800000011920929,0.30000001192092896,0.33853578567504883,0.4905954897403717,-0.08592302352190018,0.48342758417129517,0,2000,v2a_u08,0,0,42,0.8,0.3,walk_queue_ablation
834,16.68,0.800000011920929,0.30000001192092896,0.3324998617172241,0.4763321578502655,-0.06671181321144104,0.13633258640766144,0,2000,v2a_u08,0,0,42,0.8,0.3,walk_queue_ablation
835,16.7,0.800000011920929,0.30000001192092896,0.32963263988494873,0.4694827198982239,-0.041707318276166916,-0.10599138587713242,0,2000,v2a_u08,0,0,42,0.8,0.3,walk_queue_ablation
836,16.72,0.800000011920929,0.30000001192092896,0.32937073707580566,0.47001221776008606,-0.014567042700946331,-0.3073929250240326,0,2000,v2a_u08,0,0,42,0.8,0.3,walk_queue_ablation
837,16.740000000000002,0.800000011920929,0.30000001192092896,0.33055949211120605,0.48210573196411133,0.012240780517458916,-0.3320322632789612,0,2000,v2a_u08,0,0,42,0.8,0.3,walk_queue_ablation
838,16.76,0.800000011920929,0.30000001192092896,0.33254265785217285,0.506158709526062,0.03799682483077049,-0.3745868504047394,0,2000,v2a_u08,0,0,42,0.8,0.3,walk_queue_ablation
839,16.78,0.800000011920929,0.30000001192092896,0.3357454538345337,0.5271279811859131,0.05935763195157051,-0.46058881282806396,0,2000,v2a_u08,0,0,42,0.8,0.3,walk_queue_ablation
840,16.8,0.800000011920929,0.30000001192092896,0.3397257328033447,0.5477752089500427,0.08079937845468521,-0.44044768810272217,0,2000,v2a_u08,0,0,42,0.8,0.3,walk_queue_ablation
841,16.82,0.800000011920929,0.30000001192092896,0.3436623811721802,0.5689161419868469,0.09851595759391785,-0.35645222663879395,0,2000,v2a_u08,0,0,42,0.8,0.3,walk_queue_ablation
842,16.84,0.800000011920929,0.30000001192092896,0.34655964374542236,0.5909757018089294,0.11669012904167175,-0.21042904257774353,0,2000,v2a_u08,0,0,42,0.8,0.3,walk_queue_ablation
843,16.86,0.800000011920929,0.30000001192092896,0.3483039140701294,0.6134140491485596,0.1381635218858719,-0.08527261018753052,0,2000,v2a_u08,0,0,42,0.8,0.3,walk_queue_ablation
844,16.88,0.800000011920929,0.30000001192092896,0.3492685556411743,0.6381891369819641,0.16255412995815277,0.007854854688048363,0,2000,v2a_u08,0,0,42,0.8,0.3,walk_queue_ablation
845,16.9,0.800000011920929,0.30000001192092896,0.3496361970901489,0.6662936806678772,0.19005431234836578,0.10055194795131683,0,2000,v2a_u08,0,0,42,0.8,0.3,walk_queue_ablation
846,16.92,0.800000011920929,0.30000001192092896,0.34920167922973633,0.6954472661018372,0.22119908034801483,0.20753023028373718,0,2000,v2a_u08,0,0,42,0.8,0.3,walk_queue_ablation
847,16.94,0.800000011920929,0.30000001192092896,0.34805965423583984,0.7274367213249207,0.2521713376045227,0.27529627084732056,0,2000,v2a_u08,0,0,42,0.8,0.3,walk_queue_ablation
848,16.96,0.800000011920929,0.30000001192092896,0.34644627571105957,0.7619758248329163,0.2836436927318573,0.33413052558898926,0,2000,v2a_u08,0,0,42,0.8,0.3,walk_queue_ablation
849,16.98,0.800000011920929,0.30000001192092896,0.3437565565109253,0.7935439944267273,0.3224450647830963,0.4129381477832794,0,2000,v2a_u08,0,0,42,0.8,0.3,walk_queue_ablation
850,17.0,0.800000011920929,0.30000001192092896,0.3397715091705322,0.8284889459609985,0.36596691608428955,0.5098747611045837,0,2000,v2a_u08,0,0,42,0.8,0.3,walk_queue_ablation
851,17.02,0.800000011920929,0.30000001192092896,0.3355863094329834,0.858781099319458,0.40917837619781494,0.49308887124061584,0,2000,v2a_u08,0,0,42,0.8,0.3,walk_queue_ablation
852,17.04,0.800000011920929,0.30000001192092896,0.3311959505081177,0.7886659502983093,0.36875903606414795,0.3337922692298889,0,2000,v2a_u08,0,0,42,0.8,0.3,walk_queue_ablation
853,17.06,0.800000011920929,0.30000001192092896,0.3321136236190796,0.7185855507850647,0.2929884195327759,-0.26890164613723755,0,2000,v2a_u08,0,0,42,0.8,0.3,walk_queue_ablation
854,17.080000000000002,0.800000011920929,0.30000001192092896,0.3363765478134155,0.6633880138397217,0.24092383682727814,-0.2839958667755127,0,2000,v2a_u08,0,0,42,0.8,0.3,walk_queue_ablation
855,17.1,0.800000011920929,0.30000001192092896,0.3398042917251587,0.6212420463562012,0.20408375561237335,-0.04586208239197731,0,2000,v2a_u08,0,0,42,0.8,0.3,walk_queue_ablation
856,17.12,0.800000011920929,0.30000001192092896,0.3402947187423706,0.5877477526664734,0.16471679508686066,0.32454177737236023,0,2000,v2a_u08,0,0,42,0.8,0.3,walk_queue_ablation
857,17.14,0.800000011920929,0.30000001192092896,0.3374530076980591,0.5594614148139954,0.13735336065292358,0.6010946035385132,0,2000,v2a_u08,0,0,42,0.8,0.3,walk_queue_ablation
858,17.16,0.800000011920929,0.30000001192092896,0.3337228298187256,0.5270137786865234,0.1055714413523674,0.6124496459960938,0,2000,v2a_u08,0,0,42,0.8,0.3,walk_queue_ablation
859,17.18,0.800000011920929,0.30000001192092896,0.32988178730010986,0.49996164441108704,0.0786081925034523,0.5688318014144897,0,2000,v2a_u08,0,0,42,0.8,0.3,walk_queue_ablation
860,17.2,0.800000011920929,0.30000001192092896,0.32692229747772217,0.47550806403160095,0.05168810859322548,0.4162866473197937,0,2000,v2a_u08,0,0,42,0.8,0.3,walk_queue_ablation
861,17.22,0.800000011920929,0.30000001192092896,0.3254023790359497,0.4684376120567322,0.02795501984655857,0.20314769446849823,0,2000,v2a_u08,0,0,42,0.8,0.3,walk_queue_ablation
862,17.240000000000002,0.800000011920929,0.30000001192092896,0.3254739046096802,0.470142126083374,0.013105160556733608,0.013684629462659359,0,2000,v2a_u08,0,0,42,0.8,0.3,walk_queue_ablation
863,17.26,0.800000011920929,0.30000001192092896,0.326595664024353,0.4755011200904846,0.003333583241328597,-0.10509370267391205,0,2000,v2a_u08,0,0,42,0.8,0.3,walk_queue_ablation
864,17.28,0.800000011920929,0.30000001192092896,0.3283485174179077,0.48688870668411255,-0.006237502209842205,-0.1940801441669464,0,2000,v2a_u08,0,0,42,0.8,0.3,walk_queue_ablation
865,17.3,0.800000011920929,0.30000001192092896,0.3305387496948242,0.49746501445770264,-0.016217852011322975,-0.25352123379707336,0,2000,v2a_u08,0,0,42,0.8,0.3,walk_queue_ablation
866,17.32,0.800000011920929,0.30000001192092896,0.332629919052124,0.512669563293457,-0.027284277603030205,-0.2648279368877411,0,2000,v2a_u08,0,0,42,0.8,0.3,walk_queue_ablation
867,17.34,0.800000011920929,0.30000001192092896,0.3342040777206421,0.5280285477638245,-0.04161641001701355,-0.24022223055362701,0,2000,v2a_u08,0,0,42,0.8,0.3,walk_queue_ablation
868,17.36,0.800000011920929,0.30000001192092896,0.3348037004470825,0.5417330265045166,-0.0604855902493,-0.15953350067138672,0,2000,v2a_u08,0,0,42,0.8,0.3,walk_queue_ablation
869,17.38,0.800000011920929,0.30000001192092896,0.3342958688735962,0.55324786901474,-0.08423559367656708,-0.07241006940603256,0,2000,v2a_u08,0,0,42,0.8,0.3,walk_queue_ablation
870,17.400000000000002,0.800000011920929,0.30000001192092896,0.3332720994949341,0.5596935749053955,-0.1114874854683876,-0.01696658320724964,0,2000,v2a_u08,0,0,42,0.8,0.3,walk_queue_ablation
871,17.42,0.800000011920929,0.30000001192092896,0.33213651180267334,0.5603389739990234,-0.1386854499578476,0.025497563183307648,0,2000,v2a_u08,0,0,42,0.8,0.3,walk_queue_ablation
872,17.44,0.800000011920929,0.30000001192092896,0.33023107051849365,0.5570422410964966,-0.16277824342250824,0.1095786914229393,0,2000,v2a_u08,0,0,42,0.8,0.3,walk_queue_ablation
873,17.46,0.800000011920929,0.30000001192092896,0.3271982669830322,0.5503056049346924,-0.17579028010368347,0.21337318420410156,0,2000,v2a_u08,0,0,42,0.8,0.3,walk_queue_ablation
874,17.48,0.800000011920929,0.30000001192092896,0.3239527940750122,0.5107761025428772,-0.12186119705438614,0.3452056050300598,0,2000,v2a_u08,0,0,42,0.8,0.3,walk_queue_ablation
875,17.5,0.800000011920929,0.30000001192092896,0.3169856071472168,0.4935978353023529,-0.09657779335975647,0.5104385018348694,0,2000,v2a_u08,0,0,42,0.8,0.3,walk_queue_ablation
876,17.52,0.800000011920929,0.30000001192092896,0.3097721338272095,0.4707013964653015,-0.07708767056465149,0.27956855297088623,0,2000,v2a_u08,0,0,42,0.8,0.3,walk_queue_ablation
877,17.54,0.800000011920929,0.30000001192092896,0.30563366413116455,0.45820608735084534,-0.05336903780698776,-0.015965934842824936,0,2000,v2a_u08,0,0,42,0.8,0.3,walk_queue_ablation
878,17.56,0.800000011920929,0.30000001192092896,0.30417299270629883,0.45621901750564575,-0.028913697227835655,-0.1949160099029541,0,2000,v2a_u08,0,0,42,0.8,0.3,walk_queue_ablation
879,17.580000000000002,0.800000011920929,0.30000001192092896,0.3046935796737671,0.46508780121803284,-0.0035884836688637733,-0.31691041588783264,0,2000,v2a_u08,0,0,42,0.8,0.3,walk_queue_ablation
880,17.6,0.800000011920929,0.30000001192092896,0.3062812089920044,0.4838457703590393,0.02149118110537529,-0.34848058223724365,0,2000,v2a_u08,0,0,42,0.8,0.3,walk_queue_ablation
881,17.62,0.800000011920929,0.30000001192092896,0.30847978591918945,0.5065281987190247,0.04771247133612633,-0.3718246817588806,0,2000,v2a_u08,0,0,42,0.8,0.3,walk_queue_ablation
882,17.64,0.800000011920929,0.30000001192092896,0.31189191341400146,0.5282902717590332,0.06850135326385498,-0.4492345452308655,0,2000,v2a_u08,0,0,42,0.8,0.3,walk_queue_ablation
883,17.66,0.800000011920929,0.30000001192092896,0.31579363346099854,0.552863597869873,0.08829526603221893,-0.39020252227783203,0,2000,v2a_u08,0,0,42,0.8,0.3,walk_queue_ablation
884,17.68,0.800000011920929,0.30000001192092896,0.31914961338043213,0.577409029006958,0.10499461740255356,-0.2706127166748047,0,2000,v2a_u08,0,0,42,0.8,0.3,walk_queue_ablation
885,17.7,0.800000011920929,0.30000001192092896,0.3212916851043701,0.6010263562202454,0.12458068877458572,-0.1276005208492279,0,2000,v2a_u08,0,0,42,0.8,0.3,walk_queue_ablation
886,17.72,0.800000011920929,0.30000001192092896,0.32239091396331787,0.6248974204063416,0.14768315851688385,-0.013187890872359276,0,2000,v2a_u08,0,0,42,0.8,0.3,walk_queue_ablation
887,17.740000000000002,0.800000011920929,0.30000001192092896,0.32281363010406494,0.6535627841949463,0.17277981340885162,0.07587708532810211,0,2000,v2a_u08,0,0,42,0.8,0.3,walk_queue_ablation
888,17.76,0.800000011920929,0.30000001192092896,0.3226051330566406,0.6827494502067566,0.2022106945514679,0.16277624666690826,0,2000,v2a_u08,0,0,42,0.8,0.3,walk_queue_ablation
889,17.78,0.800000011920929,0.30000001192092896,0.3216557502746582,0.714375913143158,0.23372694849967957,0.2516866624355316,0,2000,v2a_u08,0,0,42,0.8,0.3,walk_queue_ablation
890,17.8,0.800000011920929,0.30000001192092896,0.320192813873291,0.7497012615203857,0.2636975347995758,0.3081322908401489,0,2000,v2a_u08,0,0,42,0.8,0.3,walk_queue_ablation
891,17.82,0.800000011920929,0.30000001192092896,0.31820809841156006,0.7835671901702881,0.2979150116443634,0.3583138883113861,0,2000,v2a_u08,0,0,42,0.8,0.3,walk_queue_ablation
892,17.84,0.800000011920929,0.30000001192092896,0.3149068355560303,0.8174857497215271,0.339958518743515,0.458257794380188,0,2000,v2a_u08,0,0,42,0.8,0.3,walk_queue_ablation
893,17.86,0.800000011920929,0.30000001192092896,0.31076669692993164,0.8511180877685547,0.38316547870635986,0.5089462995529175,0,2000,v2a_u08,0,0,42,0.8,0.3,walk_queue_ablation
894,17.88,0.800000011920929,0.30000001192092896,0.3072211742401123,0.8456298112869263,0.3875579833984375,0.8110767602920532,0,2000,v2a_u08,0,0,42,0.8,0.3,walk_queue_ablation
895,17.900000000000002,0.800000011920929,0.30000001192092896,0.30369293689727783,0.7607812881469727,0.3238551616668701,-0.017766030505299568,0,2000,v2a_u08,0,0,42,0.8,0.3,walk_queue_ablation
896,17.92,0.800000011920929,0.30000001192092896,0.3070410490036011,0.697503387928009,0.26848891377449036,-0.3518145978450775,0,2000,v2a_u08,0,0,42,0.8,0.3,walk_queue_ablation
897,17.94,0.800000011920929,0.30000001192092896,0.3120194673538208,0.6534191370010376,0.22407220304012299,-0.2871560752391815,0,2000,v2a_u08,0,0,42,0.8,0.3,walk_queue_ablation
898,17.96,0.800000011920929,0.30000001192092896,0.3150758743286133,0.6189754009246826,0.1845908761024475,0.041315656155347824,0,2000,v2a_u08,0,0,42,0.8,0.3,walk_queue_ablation
899,17.98,0.800000011920929,0.30000001192092896,0.3145965337753296,0.5898601412773132,0.15515169501304626,0.39739394187927246,0,2000,v2a_u08,0,0,42,0.8,0.3,walk_queue_ablation
900,18.0,0.800000011920929,0.30000001192092896,0.31218981742858887,0.5652602910995483,0.12356679886579514,0.5160237550735474,0,2000,v2a_u08,0,0,42,0.8,0.3,walk_queue_ablation
901,18.02,0.800000011920929,0.30000001192092896,0.30885350704193115,0.533251166343689,0.09524790197610855,0.581000804901123,0,2000,v2a_u08,0,0,42,0.8,0.3,walk_queue_ablation
902,18.04,0.800000011920929,0.30000001192092896,0.3057955503463745,0.5048659443855286,0.06449604034423828,0.45397356152534485,0,2000,v2a_u08,0,0,42,0.8,0.3,walk_queue_ablation
903,18.06,0.800000011920929,0.30000001192092896,0.30355024337768555,0.4898371696472168,0.04016204550862312,0.3511739671230316,0,2000,v2a_u08,0,0,42,0.8,0.3,walk_queue_ablation
904,18.080000000000002,0.800000011920929,0.30000001192092896,0.30267977714538574,0.48599502444267273,0.021101320162415504,0.1275574415922165,0,2000,v2a_u08,0,0,42,0.8,0.3,walk_queue_ablation
905,18.1,0.800000011920929,0.30000001192092896,0.30276620388031006,0.49073511362075806,0.00998720433562994,0.029269278049468994,0,2000,v2a_u08,0,0,42,0.8,0.3,walk_queue_ablation
906,18.12,0.800000011920929,0.30000001192092896,0.3033745288848877,0.499727725982666,0.00028505612863227725,-0.06288646161556244,0,2000,v2a_u08,0,0,42,0.8,0.3,walk_queue_ablation
907,18.14,0.800000011920929,0.30000001192092896,0.3044940233230591,0.5110794305801392,-0.008570708334445953,-0.14652900397777557,0,2000,v2a_u08,0,0,42,0.8,0.3,walk_queue_ablation
908,18.16,0.800000011920929,0.30000001192092896,0.3060002326965332,0.5246794819831848,-0.01897558756172657,-0.20783764123916626,0,2000,v2a_u08,0,0,42,0.8,0.3,walk_queue_ablation
909,18.18,0.800000011920929,0.30000001192092896,0.30746495723724365,0.5407269597053528,-0.03168778866529465,-0.22860968112945557,0,2000,v2a_u08,0,0,42,0.8,0.3,walk_queue_ablation
910,18.2,0.800000011920929,0.30000001192092896,0.30840790271759033,0.5569398999214172,-0.048553336411714554,-0.19525779783725739,0,2000,v2a_u08,0,0,42,0.8,0.3,walk_queue_ablation
911,18.22,0.800000011920929,0.30000001192092896,0.3084458112716675,0.5713857412338257,-0.07008178532123566,-0.12291491031646729,0,2000,v2a_u08,0,0,42,0.8,0.3,walk_queue_ablation
912,18.240000000000002,0.800000011920929,0.30000001192092896,0.3075789213180542,0.5828847885131836,-0.09599922597408295,-0.04198531061410904,0,2000,v2a_u08,0,0,42,0.8,0.3,walk_queue_ablation
913,18.26,0.800000011920929,0.30000001192092896,0.3066976070404053,0.588636040687561,-0.12436673790216446,-0.02030263841152191,0,2000,v2a_u08,0,0,42,0.8,0.3,walk_queue_ablation
914,18.28,0.800000011920929,0.30000001192092896,0.3054560422897339,0.58933025598526,-0.14985662698745728,0.05685248225927353,0,2000,v2a_u08,0,0,42,0.8,0.3,walk_queue_ablation
915,18.3,0.800000011920929,0.30000001192092896,0.30306005477905273,0.5847866535186768,-0.16915017366409302,0.13828253746032715,0,2000,v2a_u08,0,0,42,0.8,0.3,walk_queue_ablation
916,18.32,0.800000011920929,0.30000001192092896,0.3002203702926636,0.5349715352058411,-0.13190430402755737,-0.024293506518006325,0,2000,v2a_u08,0,0,42,0.8,0.3,walk_queue_ablation
917,18.34,0.800000011920929,0.30000001192092896,0.29462873935699463,0.522024929523468,-0.09622328728437424,0.565729022026062,0,2000,v2a_u08,0,0,42,0.8,0.3,walk_queue_ablation
918,18.36,0.800000011920929,0.30000001192092896,0.2862447500228882,0.4970681071281433,-0.07455623894929886,0.4745578169822693,0,2000,v2a_u08,0,0,42,0.8,0.3,walk_queue_ablation
919,18.38,0.800000011920929,0.30000001192092896,0.2802518606185913,0.4807223677635193,-0.05391889065504074,0.1271723061800003,0,2000,v2a_u08,0,0,42,0.8,0.3,walk_queue_ablation
920,18.400000000000002,0.800000011920929,0.30000001192092896,0.27734553813934326,0.47232291102409363,-0.030360987409949303,-0.10011769831180573,0,2000,v2a_u08,0,0,42,0.8,0.3,walk_queue_ablation
921,18.42,0.800000011920929,0.30000001192092896,0.2768293619155884,0.473980188369751,-0.00577801838517189,-0.2793998420238495,0,2000,v2a_u08,0,0,42,0.8,0.3,walk_queue_ablation
922,18.44,0.800000011920929,0.30000001192092896,0.2778078317642212,0.4865429997444153,0.019353093579411507,-0.3223108649253845,0,2000,v2a_u08,0,0,42,0.8,0.3,walk_queue_ablation
923,18.46,0.800000011920929,0.30000001192092896,0.279582142829895,0.5113478899002075,0.045619167387485504,-0.35293450951576233,0,2000,v2a_u08,0,0,42,0.8,0.3,walk_queue_ablation
924,18.48,0.800000011920929,0.30000001192092896,0.28245794773101807,0.5320945978164673,0.0676330029964447,-0.4321630597114563,0,2000,v2a_u08,0,0,42,0.8,0.3,walk_queue_ablation
925,18.5,0.800000011920929,0.30000001192092896,0.28625738620758057,0.5522435307502747,0.08840008080005646,-0.4389547109603882,0,2000,v2a_u08,0,0,42,0.8,0.3,walk_queue_ablation
926,18.52,0.800000011920929,0.30000001192092896,0.2902045249938965,0.5732784271240234,0.1057104766368866,-0.36097395420074463,0,2000,v2a_u08,0,0,42,0.8,0.3,walk_queue_ablation
927,18.54,0.800000011920929,0.30000001192092896,0.2931387424468994,0.5932100415229797,0.12417550384998322,-0.21685928106307983,0,2000,v2a_u08,0,0,42,0.8,0.3,walk_queue_ablation
928,18.56,0.800000011920929,0.30000001192092896,0.2950681447982788,0.6142346858978271,0.14551591873168945,-0.10966212302446365,0,2000,v2a_u08,0,0,42,0.8,0.3,walk_queue_ablation
929,18.580000000000002,0.800000011920929,0.30000001192092896,0.29632699489593506,0.638583779335022,0.170088991522789,-0.021498285233974457,0,2000,v2a_u08,0,0,42,0.8,0.3,walk_queue_ablation
930,18.6,0.800000011920929,0.30000001192092896,0.29699742794036865,0.6667974591255188,0.19898740947246552,0.06936047971248627,0,2000,v2a_u08,0,0,42,0.8,0.3,walk_queue_ablation
931,18.62,0.800000011920929,0.30000001192092896,0.29693281650543213,0.6960151195526123,0.23124022781848907,0.1686820089817047,0,2000,v2a_u08,0,0,42,0.8,0.3,walk_queue_ablation
932,18.64,0.800000011920929,0.30000001192092896,0.2962132692337036,0.7273234128952026,0.26338618993759155,0.23782561719417572,0,2000,v2a_u08,0,0,42,0.8,0.3,walk_queue_ablation
933,18.66,0.800000011920929,0.30000001192092896,0.29499828815460205,0.7602325081825256,0.29620596766471863,0.2952946722507477,0,2000,v2a_u08,0,0,42,0.8,0.3,walk_queue_ablation
934,18.68,0.800000011920929,0.30000001192092896,0.2926734685897827,0.7906944155693054,0.33652621507644653,0.3779115676879883,0,2000,v2a_u08,0,0,42,0.8,0.3,walk_queue_ablation
935,18.7,0.800000011920929,0.30000001192092896,0.2891005277633667,0.824066698551178,0.38121551275253296,0.47737401723861694,0,2000,v2a_u08,0,0,42,0.8,0.3,walk_queue_ablation
936,18.72,0.800000011920929,0.30000001192092896,0.2851647138595581,0.8542200326919556,0.42557138204574585,0.4830065369606018,0,2000,v2a_u08,0,0,42,0.8,0.3,walk_queue_ablation
937,18.740000000000002,0.800000011920929,0.30000001192092896,0.28075122833251953,0.774145245552063,0.36996662616729736,0.34048545360565186,0,2000,v2a_u08,0,0,42,0.8,0.3,walk_queue_ablation
938,18.76,0.800000011920929,0.30000001192092896,0.28196561336517334,0.713190495967865,0.301548033952713,-0.25264453887939453,0,2000,v2a_u08,0,0,42,0.8,0.3,walk_queue_ablation
939,18.78,0.800000011920929,0.30000001192092896,0.28613781929016113,0.6603774428367615,0.2502252161502838,-0.2676299512386322,0,2000,v2a_u08,0,0,42,0.8,0.3,walk_queue_ablation
940,18.8,0.800000011920929,0.30000001192092896,0.2894144058227539,0.6218729019165039,0.21082766354084015,-0.03727089241147041,0,2000,v2a_u08,0,0,42,0.8,0.3,walk_queue_ablation
941,18.82,0.800000011920929,0.30000001192092896,0.2899867296218872,0.5889922976493835,0.1778992861509323,0.28637364506721497,0,2000,v2a_u08,0,0,42,0.8,0.3,walk_queue_ablation
942,18.84,0.800000011920929,0.30000001192092896,0.28768467903137207,0.5579961538314819,0.1469969004392624,0.5318353772163391,0,2000,v2a_u08,0,0,42,0.8,0.3,walk_queue_ablation
943,18.86,0.800000011920929,0.30000001192092896,0.2843809127807617,0.5258790254592896,0.11364995688199997,0.5699577331542969,0,2000,v2a_u08,0,0,42,0.8,0.3,walk_queue_ablation
944,18.88,0.800000011920929,0.30000001192092896,0.2810295820236206,0.4971020519733429,0.08517132699489594,0.51717209815979,0,2000,v2a_u08,0,0,42,0.8,0.3,walk_queue_ablation
945,18.900000000000002,0.800000011920929,0.30000001192092896,0.27845072746276855,0.4748450815677643,0.05768992751836777,0.3717030882835388,0,2000,v2a_u08,0,0,42,0.8,0.3,walk_queue_ablation
946,18.92,0.800000011920929,0.30000001192092896,0.27723634243011475,0.46697795391082764,0.0343761146068573,0.178799569606781,0,2000,v2a_u08,0,0,42,0.8,0.3,walk_queue_ablation
947,18.94,0.800000011920929,0.30000001192092896,0.27767670154571533,0.46955716609954834,0.020189490169286728,-0.025891728699207306,0,2000,v2a_u08,0,0,42,0.8,0.3,walk_queue_ablation
948,18.96,0.800000011920929,0.30000001192092896,0.2791241407394409,0.47613897919654846,0.010845424607396126,-0.13237884640693665,0,2000,v2a_u08,0,0,42,0.8,0.3,walk_queue_ablation
949,18.98,0.800000011920929,0.30000001192092896,0.2811170816421509,0.48572880029678345,0.0021380570251494646,-0.2127554565668106,0,2000,v2a_u08,0,0,42,0.8,0.3,walk_queue_ablation
950,19.0,0.800000011920929,0.30000001192092896,0.2835022211074829,0.49625805020332336,-0.0068290261551737785,-0.2749568819999695,0,2000,v2a_u08,0,0,42,0.8,0.3,walk_queue_ablation
951,19.02,0.800000011920929,0.30000001192092896,0.2857935428619385,0.5101900100708008,-0.01720467209815979,-0.285778284072876,0,2000,v2a_u08,0,0,42,0.8,0.3,walk_queue_ablation
952,19.04,0.800000011920929,0.30000001192092896,0.28758764266967773,0.5249136090278625,-0.030943458899855614,-0.26619842648506165,0,2000,v2a_u08,0,0,42,0.8,0.3,walk_queue_ablation
953,19.06,0.800000011920929,0.30000001192092896,0.2885010242462158,0.5377298593521118,-0.049273815006017685,-0.19350169599056244,0,2000,v2a_u08,0,0,42,0.8,0.3,walk_queue_ablation
954,19.080000000000002,0.800000011920929,0.30000001192092896,0.28830432891845703,0.548622727394104,-0.07213806360960007,-0.10258682072162628,0,2000,v2a_u08,0,0,42,0.8,0.3,walk_queue_ablation
955,19.1,0.800000011920929,0.30000001192092896,0.2875276803970337,0.5545337796211243,-0.09892073273658752,-0.04189702868461609,0,2000,v2a_u08,0,0,42,0.8,0.3,walk_queue_ablation
956,19.12,0.800000011920929,0.30000001192092896,0.286615252494812,0.5549318790435791,-0.12522639334201813,0.0028691093903034925,0,2000,v2a_u08,0,0,42,0.8,0.3,walk_queue_ablation
957,19.14,0.800000011920929,0.30000001192092896,0.2849482297897339,0.5515335202217102,-0.14829641580581665,0.08902061730623245,0,2000,v2a_u08,0,0,42,0.8,0.3,walk_queue_ablation
958,19.16,0.800000011920929,0.30000001192092896,0.28207504749298096,0.5440067648887634,-0.16132241487503052,0.2044263780117035,0,2000,v2a_u08,0,0,42,0.8,0.3,walk_queue_ablation
959,19.18,0.800000011920929,0.30000001192092896,0.2785729169845581,0.5060979723930359,-0.11258049309253693,0.3876263201236725,0,2000,v2a_u08,0,0,42,0.8,0.3,walk_queue_ablation
960,19.2,0.800000011920929,0.30000001192092896,0.27134740352630615,0.4893398880958557,-0.0872039943933487,0.5374280214309692,0,2000,v2a_u08,0,0,42,0.8,0.3,walk_queue_ablation
961,19.22,0.800000011920929,0.30000001192092896,0.2639341354370117,0.46837905049324036,-0.06806410849094391,0.30249783396720886,0,2000,v2a_u08,0,0,42,0.8,0.3,walk_queue_ablation
962,19.240000000000002,0.800000011920929,0.30000001192092896,0.2595418691635132,0.4568004906177521,-0.04747152701020241,-0.00022500008344650269,0,2000,v2a_u08,0,0,42,0.8,0.3,walk_queue_ablation
963,19.26,0.800000011920929,0.30000001192092896,0.25805485248565674,0.45598262548446655,-0.023536715656518936,-0.20501025021076202,0,2000,v2a_u08,0,0,42,0.8,0.3,walk_queue_ablation
964,19.28,0.800000011920929,0.30000001192092896,0.2587181329727173,0.4654194116592407,0.001606515608727932,-0.3365887403488159,0,2000,v2a_u08,0,0,42,0.8,0.3,walk_queue_ablation
965,19.3,0.800000011920929,0.30000001192092896,0.2605322599411011,0.48507925868034363,0.026365024968981743,-0.3689660429954529,0,2000,v2a_u08,0,0,42,0.8,0.3,walk_queue_ablation
966,19.32,0.800000011920929,0.30000001192092896,0.2628132104873657,0.5084828734397888,0.05253332853317261,-0.3784494400024414,0,2000,v2a_u08,0,0,42,0.8,0.3,walk_queue_ablation
967,19.34,0.800000011920929,0.30000001192092896,0.26629602909088135,0.5295773148536682,0.07353745400905609,-0.4675382971763611,0,2000,v2a_u08,0,0,42,0.8,0.3,walk_queue_ablation
968,19.36,0.800000011920929,0.30000001192092896,0.2704380750656128,0.5523301959037781,0.0932609811425209,-0.4239540100097656,0,2000,v2a_u08,0,0,42,0.8,0.3,walk_queue_ablation
969,19.38,0.800000011920929,0.30000001192092896,0.2740727663040161,0.5761504173278809,0.1093287244439125,-0.297702431678772,0,2000,v2a_u08,0,0,42,0.8,0.3,walk_queue_ablation
970,19.400000000000002,0.800000011920929,0.30000001192092896,0.27649474143981934,0.5999794006347656,0.1283988505601883,-0.1563691347837448,0,2000,v2a_u08,0,0,42,0.8,0.3,walk_queue_ablation
971,19.42,0.800000011920929,0.30000001192092896,0.2779111862182617,0.624209463596344,0.15100741386413574,-0.04444901645183563,0,2000,v2a_u08,0,0,42,0.8,0.3,walk_queue_ablation
972,19.44,0.800000011920929,0.30000001192092896,0.27861666679382324,0.6528819799423218,0.1768244206905365,0.049773357808589935,0,2000,v2a_u08,0,0,42,0.8,0.3,walk_queue_ablation
973,19.46,0.800000011920929,0.30000001192092896,0.2786118984222412,0.682680606842041,0.20636318624019623,0.14607924222946167,0,2000,v2a_u08,0,0,42,0.8,0.3,walk_queue_ablation
974,19.48,0.800000011920929,0.30000001192092896,0.27784109115600586,0.7148371934890747,0.2377721518278122,0.23586517572402954,0,2000,v2a_u08,0,0,42,0.8,0.3,walk_queue_ablation
975,19.5,0.800000011920929,0.30000001192092896,0.27655553817749023,0.7501916885375977,0.26722365617752075,0.29210159182548523,0,2000,v2a_u08,0,0,42,0.8,0.3,walk_queue_ablation
976,19.52,0.800000011920929,0.30000001192092896,0.27477502822875977,0.783679723739624,0.30160707235336304,0.3352910876274109,0,2000,v2a_u08,0,0,42,0.8,0.3,walk_queue_ablation
977,19.54,0.800000011920929,0.30000001192092896,0.2717374563217163,0.8177235126495361,0.3442315459251404,0.4298393130302429,0,2000,v2a_u08,0,0,42,0.8,0.3,walk_queue_ablation
978,19.56,0.800000011920929,0.30000001192092896,0.26788580417633057,0.8519861698150635,0.38745900988578796,0.4849081039428711,0,2000,v2a_u08,0,0,42,0.8,0.3,walk_queue_ablation
979,19.580000000000002,0.800000011920929,0.30000001192092896,0.26445066928863525,0.8477763533592224,0.38603031635284424,0.8272175788879395,0,2000,v2a_u08,0,0,42,0.8,0.3,walk_queue_ablation
980,19.6,0.800000011920929,0.30000001192092896,0.2605525255203247,0.7646324634552002,0.32934001088142395,-0.018562981858849525,0,2000,v2a_u08,0,0,42,0.8,0.3,walk_queue_ablation
981,19.62,0.800000011920929,0.30000001192092896,0.26424503326416016,0.6984981894493103,0.272699773311615,-0.3851613998413086,0,2000,v2a_u08,0,0,42,0.8,0.3,walk_queue_ablation
982,19.64,0.800000011920929,0.30000001192092896,0.26968443393707275,0.6551492810249329,0.22668898105621338,-0.33538955450057983,0,2000,v2a_u08,0,0,42,0.8,0.3,walk_queue_ablation
983,19.66,0.800000011920929,0.30000001192092896,0.2732999324798584,0.616395890712738,0.18497788906097412,0.003902267664670944,0,2000,v2a_u08,0,0,42,0.8,0.3,walk_queue_ablation
984,19.68,0.800000011920929,0.30000001192092896,0.27320289611816406,0.5883384943008423,0.15393058955669403,0.3535326421260834,0,2000,v2a_u08,0,0,42,0.8,0.3,walk_queue_ablation
985,19.7,0.800000011920929,0.30000001192092896,0.2708864212036133,0.5661019086837769,0.12334474176168442,0.5275629162788391,0,2000,v2a_u08,0,0,42,0.8,0.3,walk_queue_ablation
986,19.72,0.800000011920929,0.30000001192092896,0.26759397983551025,0.5349182486534119,0.0954459086060524,0.5718730688095093,0,2000,v2a_u08,0,0,42,0.8,0.3,walk_queue_ablation
987,19.740000000000002,0.800000011920929,0.30000001192092896,0.26464712619781494,0.5078526139259338,0.06508547067642212,0.4416149854660034,0,2000,v2a_u08,0,0,42,0.8,0.3,walk_queue_ablation
988,19.76,0.800000011920929,0.30000001192092896,0.2626901865005493,0.48957133293151855,0.041285447776317596,0.3352324962615967,0,2000,v2a_u08,0,0,42,0.8,0.3,walk_queue_ablation
989,19.78,0.800000011920929,0.30000001192092896,0.26197850704193115,0.48802468180656433,0.023130163550376892,0.1065232902765274,0,2000,v2a_u08,0,0,42,0.8,0.3,walk_queue_ablation
990,19.8,0.800000011920929,0.30000001192092896,0.2622748613357544,0.4935014247894287,0.012650791555643082,0.00667478097602725,0,2000,v2a_u08,0,0,42,0.8,0.3,walk_queue_ablation
991,19.82,0.800000011920929,0.30000001192092896,0.2632070779800415,0.502403199672699,0.003091211663559079,-0.09948130697011948,0,2000,v2a_u08,0,0,42,0.8,0.3,walk_queue_ablation
992,19.84,0.800000011920929,0.30000001192092896,0.2646481990814209,0.5127550959587097,-0.005534909665584564,-0.17445354163646698,0,2000,v2a_u08,0,0,42,0.8,0.3,walk_queue_ablation
993,19.86,0.800000011920929,0.30000001192092896,0.2663412094116211,0.5253952145576477,-0.01580856367945671,-0.22394953668117523,0,2000,v2a_u08,0,0,42,0.8,0.3,walk_queue_ablation
994,19.88,0.800000011920929,0.30000001192092896,0.2679232358932495,0.5407038927078247,-0.029003707692027092,-0.24074657261371613,0,2000,v2a_u08,0,0,42,0.8,0.3,walk_queue_ablation
995,19.900000000000002,0.800000011920929,0.30000001192092896,0.2689838409423828,0.5561740398406982,-0.04618655517697334,-0.20846235752105713,0,2000,v2a_u08,0,0,42,0.8,0.3,walk_queue_ablation
996,19.92,0.800000011920929,0.30000001192092896,0.26913630962371826,0.5703573226928711,-0.068138487637043,-0.13605573773384094,0,2000,v2a_u08,0,0,42,0.8,0.3,walk_queue_ablation
997,19.94,0.800000011920929,0.30000001192092896,0.26839613914489746,0.5810943245887756,-0.09467899054288864,-0.05539824068546295,0,2000,v2a_u08,0,0,42,0.8,0.3,walk_queue_ablation
998,19.96,0.800000011920929,0.30000001192092896,0.2676215171813965,0.5865464806556702,-0.12321706116199493,-0.026166854426264763,0,2000,v2a_u08,0,0,42,0.8,0.3,walk_queue_ablation
999,19.98,0.800000011920929,0.30000001192092896,0.8075796365737915,0.5861518383026123,-0.1488385796546936,0.05517866462469101,0,2000,v2a_u08,0,0,42,0.8,0.3,walk_queue_ablation
1000,20.0,0.800000011920929,0.30000001192092896,0.8051592111587524,0.5812939405441284,-0.1666165143251419,0.15354397892951965,0,2000,v2a_u08,0,0,42,0.8,0.3,walk_queue_ablation
1001,20.02,0.800000011920929,0.30000001192092896,0.802228569984436,0.5332395434379578,-0.1311013400554657,0.035660602152347565,0,2000,v2a_u08,0,0,42,0.8,0.3,walk_queue_ablation
1002,20.04,0.800000011920929,0.30000001192092896,0.7964392900466919,0.5214155912399292,-0.09487990289926529,0.5654299855232239,0,2000,v2a_u08,0,0,42,0.8,0.3,walk_queue_ablation
1003,20.06,0.800000011920929,0.30000001192092896,0.7881079912185669,0.49714669585227966,-0.07406094670295715,0.4616311192512512,0,2000,v2a_u08,0,0,42,0.8,0.3,walk_queue_ablation
1004,20.080000000000002,0.800000011920929,0.30000001192092896,0.7821859121322632,0.48109057545661926,-0.05381305515766144,0.12312818318605423,0,2000,v2a_u08,0,0,42,0.8,0.3,walk_queue_ablation
1005,20.1,0.800000011920929,0.30000001192092896,0.7792905569076538,0.4740939140319824,-0.031019410118460655,-0.09859473258256912,0,2000,v2a_u08,0,0,42,0.8,0.3,walk_queue_ablation
1006,20.12,0.800000011920929,0.30000001192092896,0.7787128686904907,0.47517773509025574,-0.0057482002303004265,-0.26998406648635864,0,2000,v2a_u08,0,0,42,0.8,0.3,walk_queue_ablation
1007,20.14,0.800000011920929,0.30000001192092896,0.779739260673523,0.48665300011634827,0.018801268190145493,-0.3246358633041382,0,2000,v2a_u08,0,0,42,0.8,0.3,walk_queue_ablation
1008,20.16,0.800000011920929,0.30000001192092896,0.7814253568649292,0.5111421942710876,0.04334897920489311,-0.3296366035938263,0,2000,v2a_u08,0,0,42,0.8,0.3,walk_queue_ablation
1009,20.18,0.800000011920929,0.30000001192092896,0.7840279340744019,0.5317152142524719,0.06355433911085129,-0.39443349838256836,0,2000,v2a_u08,0,0,42,0.8,0.3,walk_queue_ablation
1010,20.2,0.800000011920929,0.30000001192092896,0.7872940301895142,0.553726077079773,0.08436517417430878,-0.3705065846443176,0,2000,v2a_u08,0,0,42,0.8,0.3,walk_queue_ablation
1011,20.22,0.800000011920929,0.30000001192092896,0.7905451059341431,0.5760237574577332,0.1012793630361557,-0.2849411368370056,0,2000,v2a_u08,0,0,42,0.8,0.3,walk_queue_ablation
1012,20.240000000000002,0.800000011920929,0.30000001192092896,0.7926400899887085,0.5981754660606384,0.119491346180439,-0.12172830104827881,0,2000,v2a_u08,0,0,42,0.8,0.3,walk_queue_ablation
1013,20.26,0.800000011920929,0.30000001192092896,0.793519139289856,0.6204079389572144,0.14000481367111206,0.003558928379788995,0,2000,v2a_u08,0,0,42,0.8,0.3,walk_queue_ablation
1014,20.28,0.800000011920929,0.30000001192092896,0.7936064004898071,0.6443437933921814,0.16353115439414978,0.09739778935909271,0,2000,v2a_u08,0,0,42,0.8,0.3,walk_queue_ablation
1015,20.3,0.800000011920929,0.30000001192092896,0.7930306196212769,0.6711124777793884,0.18978913128376007,0.19560135900974274,0,2000,v2a_u08,0,0,42,0.8,0.3,walk_queue_ablation
1016,20.32,0.800000011920929,0.30000001192092896,0.7916179895401001,0.6990590691566467,0.21952106058597565,0.30341750383377075,0,2000,v2a_u08,0,0,42,0.8,0.3,walk_queue_ablation
1017,20.34,0.800000011920929,0.30000001192092896,0.7894178628921509,0.7306591272354126,0.24857477843761444,0.3850433826446533,0,2000,v2a_u08,0,0,42,0.8,0.3,walk_queue_ablation
1018,20.36,0.800000011920929,0.30000001192092896,0.7864671945571899,0.7656245827674866,0.27838730812072754,0.47841382026672363,0,2000,v2a_u08,0,0,42,0.8,0.3,walk_queue_ablation
1019,20.38,0.800000011920929,0.30000001192092896,0.7820464372634888,0.7971148490905762,0.314436674118042,0.5810242891311646,0,2000,v2a_u08,0,0,42,0.8,0.3,walk_queue_ablation
1020,20.400000000000002,0.800000011920929,0.30000001192092896,0.7763930559158325,0.8300483226776123,0.3542468547821045,0.6473876237869263,0,2000,v2a_u08,0,0,42,0.8,0.3,walk_queue_ablation
1021,20.42,0.800000011920929,0.30000001192092896,0.7711068391799927,0.8587958812713623,0.39399483799934387,0.5373482704162598,0,2000,v2a_u08,0,0,42,0.8,0.3,walk_queue_ablation
1022,20.44,0.800000011920929,0.30000001192092896,0.7669352293014526,0.8031446933746338,0.3640078008174896,0.48068666458129883,0,2000,v2a_u08,0,0,42,0.8,0.3,walk_queue_ablation
1023,20.46,0.800000011920929,0.30000001192092896,0.7669121026992798,0.742332935333252,0.2999575734138489,-0.1961895078420639,0,2000,v2a_u08,0,0,42,0.8,0.3,walk_queue_ablation
1024,20.48,0.800000011920929,0.30000001192092896,0.7704368829727173,0.6857076287269592,0.24675893783569336,-0.2270350605249405,0,2000,v2a_u08,0,0,42,0.8,0.3,walk_queue_ablation
1025,20.5,0.800000011920929,0.30000001192092896,0.7729696035385132,0.6426248550415039,0.20095065236091614,0.05561148375272751,0,2000,v2a_u08,0,0,42,0.8,0.3,walk_queue_ablation
1026,20.52,0.800000011920929,0.30000001192092896,0.7724372148513794,0.6059780716896057,0.15879833698272705,0.42235755920410156,0,2000,v2a_u08,0,0,42,0.8,0.3,walk_queue_ablation
1027,20.54,0.800000011920929,0.30000001192092896,0.7688168287277222,0.5738943815231323,0.12409733980894089,0.6629712581634521,0,2000,v2a_u08,0,0,42,0.8,0.3,walk_queue_ablation
1028,20.56,0.800000011920929,0.30000001192092896,0.7642642259597778,0.5416976809501648,0.09234430640935898,0.6946589946746826,0,2000,v2a_u08,0,0,42,0.8,0.3,walk_queue_ablation
1029,20.580000000000002,0.800000011920929,0.30000001192092896,0.7596472501754761,0.5165848135948181,0.06777612864971161,0.6582419872283936,0,2000,v2a_u08,0,0,42,0.8,0.3,walk_queue_ablation
1030,20.6,0.800000011920929,0.30000001192092896,0.7556654214859009,0.49663129448890686,0.04315749555826187,0.5198620557785034,0,2000,v2a_u08,0,0,42,0.8,0.3,walk_queue_ablation
1031,20.62,0.800000011920929,0.30000001192092896,0.752907395362854,0.48754990100860596,0.020941007882356644,0.3454402685165405,0,2000,v2a_u08,0,0,42,0.8,0.3,walk_queue_ablation
1032,20.64,0.800000011920929,0.30000001192092896,0.7515085935592651,0.4887831211090088,0.006816442124545574,0.16739773750305176,0,2000,v2a_u08,0,0,42,0.8,0.3,walk_queue_ablation
1033,20.66,0.800000011920929,0.30000001192092896,0.7510143518447876,0.4947008788585663,-0.0023623197339475155,0.0524890311062336,0,2000,v2a_u08,0,0,42,0.8,0.3,walk_queue_ablation
1034,20.68,0.800000011920929,0.30000001192092896,0.7512425184249878,0.5030403733253479,-0.0117623470723629,-0.050784267485141754,0,2000,v2a_u08,0,0,42,0.8,0.3,walk_queue_ablation
1035,20.7,0.800000011920929,0.30000001192092896,0.7519968748092651,0.5132339596748352,-0.021381236612796783,-0.12664082646369934,0,2000,v2a_u08,0,0,42,0.8,0.3,walk_queue_ablation
1036,20.72,0.800000011920929,0.30000001192092896,0.7526837587356567,0.5265076160430908,-0.03259854018688202,-0.1357952207326889,0,2000,v2a_u08,0,0,42,0.8,0.3,walk_queue_ablation
1037,20.740000000000002,0.800000011920929,0.30000001192092896,0.7527719736099243,0.5396466255187988,-0.04829395189881325,-0.09361997246742249,0,2000,v2a_u08,0,0,42,0.8,0.3,walk_queue_ablation
1038,20.76,0.800000011920929,0.30000001192092896,0.751684308052063,0.5510313510894775,-0.06946611404418945,0.02014300413429737,0,2000,v2a_u08,0,0,42,0.8,0.3,walk_queue_ablation
1039,20.78,0.800000011920929,0.30000001192092896,0.749191403388977,0.5603922605514526,-0.09590558707714081,0.13908134400844574,0,2000,v2a_u08,0,0,42,0.8,0.3,walk_queue_ablation
1040,20.8,0.800000011920929,0.30000001192092896,0.7461048364639282,0.5635688900947571,-0.12651656568050385,0.2122165560722351,0,2000,v2a_u08,0,0,42,0.8,0.3,walk_queue_ablation
1041,20.82,0.800000011920929,0.30000001192092896,0.7424758672714233,0.5630016922950745,-0.15657365322113037,0.2886044383049011,0,2000,v2a_u08,0,0,42,0.8,0.3,walk_queue_ablation
1042,20.84,0.800000011920929,0.30000001192092896,0.7380205392837524,0.5611668229103088,-0.18357622623443604,0.3271377682685852,0,2000,v2a_u08,0,0,42,0.8,0.3,walk_queue_ablation
1043,20.86,0.800000011920929,0.30000001192092896,0.7337108850479126,0.5537987351417542,-0.20228026807308197,0.21624964475631714,0,2000,v2a_u08,0,0,42,0.8,0.3,walk_queue_ablation
1044,20.88,0.800000011920929,0.30000001192092896,0.729951024055481,0.5179368257522583,-0.14833272993564606,0.5307620167732239,0,2000,v2a_u08,0,0,42,0.8,0.3,walk_queue_ablation
1045,20.900000000000002,0.800000011920929,0.30000001192092896,0.7202211618423462,0.49870285391807556,-0.12021645158529282,0.828938364982605,0,2000,v2a_u08,0,0,42,0.8,0.3,walk_queue_ablation
1046,20.92,0.800000011920929,0.30000001192092896,0.7096904516220093,0.4705677330493927,-0.10321396589279175,0.6305944323539734,0,2000,v2a_u08,0,0,42,0.8,0.3,walk_queue_ablation
1047,20.94,0.800000011920929,0.30000001192092896,0.7020784616470337,0.45707932114601135,-0.08173144608736038,0.34353411197662354,0,2000,v2a_u08,0,0,42,0.8,0.3,walk_queue_ablation
1048,20.96,0.800000011920929,0.30000001192092896,0.6972519159317017,0.45796826481819153,-0.05812001973390579,0.14143924415111542,0,2000,v2a_u08,0,0,42,0.8,0.3,walk_queue_ablation
1049,20.98,0.800000011920929,0.30000001192092896,0.6947506666183472,0.4679928123950958,-0.031730711460113525,-0.040364574640989304,0,2000,v2a_u08,0,0,42,0.8,0.3,walk_queue_ablation
1050,21.0,0.800000011920929,0.30000001192092896,0.6939979791641235,0.4843500554561615,-0.006387089379131794,-0.15291091799736023,0,2000,v2a_u08,0,0,42,0.8,0.3,walk_queue_ablation
1051,21.02,0.800000011920929,0.30000001192092896,0.6949399709701538,0.5088808536529541,0.018193494528532028,-0.2725866436958313,0,2000,v2a_u08,0,0,42,0.8,0.3,walk_queue_ablation
1052,21.04,0.800000011920929,0.30000001192092896,0.6976255178451538,0.5313913822174072,0.03993590176105499,-0.3779456615447998,0,2000,v2a_u08,0,0,42,0.8,0.3,walk_queue_ablation
1053,21.06,0.800000011920929,0.30000001192092896,0.7011944055557251,0.5562660098075867,0.06148098409175873,-0.35991355776786804,0,2000,v2a_u08,0,0,42,0.8,0.3,walk_queue_ablation
1054,21.080000000000002,0.800000011920929,0.30000001192092896,0.7044504880905151,0.5802688002586365,0.07995587587356567,-0.2595565915107727,0,2000,v2a_u08,0,0,42,0.8,0.3,walk_queue_ablation
1055,21.1,0.800000011920929,0.30000001192092896,0.7064892053604126,0.6046239733695984,0.100367471575737,-0.11190091073513031,0,2000,v2a_u08,0,0,42,0.8,0.3,walk_queue_ablation
1056,21.12,0.800000011920929,0.30000001192092896,0.7075949907302856,0.6291035413742065,0.12333378940820694,-0.014604023657739162,0,2000,v2a_u08,0,0,42,0.8,0.3,walk_queue_ablation
1057,21.14,0.800000011920929,0.30000001192092896,0.7081245183944702,0.654914379119873,0.14807742834091187,0.07148581743240356,0,2000,v2a_u08,0,0,42,0.8,0.3,walk_queue_ablation
1058,21.16,0.800000011920929,0.30000001192092896,0.7077871561050415,0.6814352869987488,0.1768161505460739,0.19233766198158264,0,2000,v2a_u08,0,0,42,0.8,0.3,walk_queue_ablation
1059,21.18,0.800000011920929,0.30000001192092896,0.7064980268478394,0.7121988534927368,0.2066473513841629,0.2946363091468811,0,2000,v2a_u08,0,0,42,0.8,0.3,walk_queue_ablation
1060,21.2,0.800000011920929,0.30000001192092896,0.7043882608413696,0.748589277267456,0.23573622107505798,0.3907701373100281,0,2000,v2a_u08,0,0,42,0.8,0.3,walk_queue_ablation
1061,21.22,0.800000011920929,0.30000001192092896,0.7011903524398804,0.7839513421058655,0.2681173086166382,0.49508896470069885,0,2000,v2a_u08,0,0,42,0.8,0.3,walk_queue_ablation
1062,21.240000000000002,0.800000011920929,0.30000001192092896,0.6962343454360962,0.8180288076400757,0.3064429759979248,0.6197654604911804,0,2000,v2a_u08,0,0,42,0.8,0.3,walk_queue_ablation
1063,21.26,0.800000011920929,0.30000001192092896,0.6905027627944946,0.8514713048934937,0.34548163414001465,0.627630352973938,0,2000,v2a_u08,0,0,42,0.8,0.3,walk_queue_ablation
1064,21.28,0.800000011920929,0.30000001192092896,0.686073899269104,0.8502618670463562,0.35535046458244324,0.7813311815261841,0,2000,v2a_u08,0,0,42,0.8,0.3,walk_queue_ablation
1065,21.3,0.800000011920929,0.30000001192092896,0.6829026937484741,0.7720931768417358,0.294672429561615,-0.026921821758151054,0,2000,v2a_u08,0,0,42,0.8,0.3,walk_queue_ablation
1066,21.32,0.800000011920929,0.30000001192092896,0.6860774755477905,0.7071124911308289,0.24409835040569305,-0.3212413787841797,0,2000,v2a_u08,0,0,42,0.8,0.3,walk_queue_ablation
1067,21.34,0.800000011920929,0.30000001192092896,0.6902068853378296,0.6630693674087524,0.20259208977222443,-0.18773099780082703,0,2000,v2a_u08,0,0,42,0.8,0.3,walk_queue_ablation
1068,21.36,0.800000011920929,0.30000001192092896,0.6922670602798462,0.6305037140846252,0.16127197444438934,0.14028400182724,0,2000,v2a_u08,0,0,42,0.8,0.3,walk_queue_ablation
1069,21.38,0.800000011920929,0.30000001192092896,0.6908131837844849,0.5983235239982605,0.13042426109313965,0.5120133757591248,0,2000,v2a_u08,0,0,42,0.8,0.3,walk_queue_ablation
1070,21.400000000000002,0.800000011920929,0.30000001192092896,0.6873151063919067,0.5711764693260193,0.09930194914340973,0.6195515394210815,0,2000,v2a_u08,0,0,42,0.8,0.3,walk_queue_ablation
1071,21.42,0.800000011920929,0.30000001192092896,0.6829222440719604,0.5365660190582275,0.07138115167617798,0.70524001121521,0,2000,v2a_u08,0,0,42,0.8,0.3,walk_queue_ablation
1072,21.44,0.800000011920929,0.30000001192092896,0.6786304712295532,0.5068284869194031,0.04242647439241409,0.5889948606491089,0,2000,v2a_u08,0,0,42,0.8,0.3,walk_queue_ablation
1073,21.46,0.800000011920929,0.30000001192092896,0.6749621629714966,0.495643675327301,0.0201003048568964,0.4742339849472046,0,2000,v2a_u08,0,0,42,0.8,0.3,walk_queue_ablation
1074,21.48,0.800000011920929,0.30000001192092896,0.6727787256240845,0.4929710626602173,0.0018269999418407679,0.25639471411705017,0,2000,v2a_u08,0,0,42,0.8,0.3,walk_queue_ablation
1075,21.5,0.800000011920929,0.30000001192092896,0.6715480089187622,0.49826672673225403,-0.008899323642253876,0.15735723078250885,0,2000,v2a_u08,0,0,42,0.8,0.3,walk_queue_ablation
1076,21.52,0.800000011920929,0.30000001192092896,0.6708739995956421,0.5076304078102112,-0.0175061896443367,0.05645810440182686,0,2000,v2a_u08,0,0,42,0.8,0.3,walk_queue_ablation
1077,21.54,0.800000011920929,0.30000001192092896,0.670899510383606,0.519172191619873,-0.026898782700300217,-0.04882102459669113,0,2000,v2a_u08,0,0,42,0.8,0.3,walk_queue_ablation
1078,21.56,0.800000011920929,0.30000001192092896,0.6714125871658325,0.5330862402915955,-0.03724251687526703,-0.11756548285484314,0,2000,v2a_u08,0,0,42,0.8,0.3,walk_queue_ablation
1079,21.580000000000002,0.800000011920929,0.30000001192092896,0.6718097925186157,0.548395037651062,-0.050021640956401825,-0.12314870953559875,0,2000,v2a_u08,0,0,42,0.8,0.3,walk_queue_ablation
1080,21.6,0.800000011920929,0.30000001192092896,0.6714760065078735,0.5630086660385132,-0.06820212304592133,-0.05818610265851021,0,2000,v2a_u08,0,0,42,0.8,0.3,walk_queue_ablation
1081,21.62,0.800000011920929,0.30000001192092896,0.6699200868606567,0.5764833092689514,-0.09157606214284897,0.048370808362960815,0,2000,v2a_u08,0,0,42,0.8,0.3,walk_queue_ablation
1082,21.64,0.800000011920929,0.30000001192092896,0.6673494577407837,0.5860522389411926,-0.11990836262702942,0.14116674661636353,0,2000,v2a_u08,0,0,42,0.8,0.3,walk_queue_ablation
1083,21.66,0.800000011920929,0.30000001192092896,0.6645649671554565,0.5896649956703186,-0.1503189355134964,0.1878264844417572,0,2000,v2a_u08,0,0,42,0.8,0.3,walk_queue_ablation
1084,21.68,0.800000011920929,0.30000001192092896,0.6611195802688599,0.590292751789093,-0.1785808652639389,0.26713886857032776,0,2000,v2a_u08,0,0,42,0.8,0.3,walk_queue_ablation
1085,21.7,0.800000011920929,0.30000001192092896,0.6568742990493774,0.5880118608474731,-0.20098209381103516,0.2638857066631317,0,2000,v2a_u08,0,0,42,0.8,0.3,walk_queue_ablation
1086,21.72,0.800000011920929,0.30000001192092896,0.6532591581344604,0.5416483879089355,-0.17089971899986267,0.13164886832237244,0,2000,v2a_u08,0,0,42,0.8,0.3,walk_queue_ablation
1087,21.740000000000002,0.800000011920929,0.30000001192092896,0.6457182168960571,0.5284883379936218,-0.13171102106571198,0.7614783048629761,0,2000,v2a_u08,0,0,42,0.8,0.3,walk_queue_ablation
1088,21.76,0.800000011920929,0.30000001192092896,0.635344386100769,0.4997824728488922,-0.11110629886388779,0.6715247631072998,0,2000,v2a_u08,0,0,42,0.8,0.3,walk_queue_ablation
1089,21.78,0.800000011920929,0.30000001192092896,0.6272178888320923,0.481908917427063,-0.08956457674503326,0.36773163080215454,0,2000,v2a_u08,0,0,42,0.8,0.3,walk_queue_ablation
1090,21.8,0.800000011920929,0.30000001192092896,0.6220518350601196,0.47347763180732727,-0.06453057378530502,0.12640124559402466,0,2000,v2a_u08,0,0,42,0.8,0.3,walk_queue_ablation
1091,21.82,0.800000011920929,0.30000001192092896,0.619775652885437,0.47482830286026,-0.038381386548280716,-0.11276572197675705,0,2000,v2a_u08,0,0,42,0.8,0.3,walk_queue_ablation
1092,21.84,0.800000011920929,0.30000001192092896,0.6191614866256714,0.4844081401824951,-0.010175705887377262,-0.17225049436092377,0,2000,v2a_u08,0,0,42,0.8,0.3,walk_queue_ablation
1093,21.86,0.800000011920929,0.30000001192092896,0.6199249029159546,0.5086303949356079,0.016364410519599915,-0.28107815980911255,0,2000,v2a_u08,0,0,42,0.8,0.3,walk_queue_ablation
1094,21.88,0.800000011920929,0.30000001192092896,0.6224707365036011,0.5328777432441711,0.03758987411856651,-0.40208274126052856,0,2000,v2a_u08,0,0,42,0.8,0.3,walk_queue_ablation
1095,21.900000000000002,0.800000011920929,0.30000001192092896,0.6259802579879761,0.5554566383361816,0.0602470263838768,-0.39176490902900696,0,2000,v2a_u08,0,0,42,0.8,0.3,walk_queue_ablation
1096,21.92,0.800000011920929,0.30000001192092896,0.6294506788253784,0.5794974565505981,0.07915262877941132,-0.30721738934516907,0,2000,v2a_u08,0,0,42,0.8,0.3,walk_queue_ablation
1097,21.94,0.800000011920929,0.30000001192092896,0.6318506002426147,0.6017985343933105,0.09882256388664246,-0.16152548789978027,0,2000,v2a_u08,0,0,42,0.8,0.3,walk_queue_ablation
1098,21.96,0.800000011920929,0.30000001192092896,0.6332672834396362,0.623824954032898,0.12053923308849335,-0.057781461626291275,0,2000,v2a_u08,0,0,42,0.8,0.3,walk_queue_ablation
1099,21.98,0.800000011920929,0.30000001192092896,0.6340740919113159,0.648115336894989,0.14495447278022766,0.020644135773181915,0,2000,v2a_u08,0,0,42,0.8,0.3,walk_queue_ablation
1100,22.0,0.800000011920929,0.30000001192092896,0.6343580484390259,0.6753942966461182,0.1724470555782318,0.1095067486166954,0,2000,v2a_u08,0,0,42,0.8,0.3,walk_queue_ablation
1101,22.02,0.800000011920929,0.30000001192092896,0.633827805519104,0.7044637799263,0.20352928340435028,0.22226427495479584,0,2000,v2a_u08,0,0,42,0.8,0.3,walk_queue_ablation
1102,22.04,0.800000011920929,0.30000001192092896,0.6324304342269897,0.7374414205551147,0.23414179682731628,0.3110940456390381,0,2000,v2a_u08,0,0,42,0.8,0.3,walk_queue_ablation
1103,22.06,0.800000011920929,0.30000001192092896,0.6302541494369507,0.7729913592338562,0.2651006281375885,0.4010135531425476,0,2000,v2a_u08,0,0,42,0.8,0.3,walk_queue_ablation
1104,22.080000000000002,0.800000011920929,0.30000001192092896,0.6265555620193481,0.8059969544410706,0.30304598808288574,0.5159284472465515,0,2000,v2a_u08,0,0,42,0.8,0.3,walk_queue_ablation
1105,22.1,0.800000011920929,0.30000001192092896,0.6214293241500854,0.8405455350875854,0.3443537950515747,0.609135627746582,0,2000,v2a_u08,0,0,42,0.8,0.3,walk_queue_ablation
1106,22.12,0.800000011920929,0.30000001192092896,0.6164056062698364,0.8709102272987366,0.3857288360595703,0.5357518792152405,0,2000,v2a_u08,0,0,42,0.8,0.3,walk_queue_ablation
1107,22.14,0.800000011920929,0.30000001192092896,0.6119023561477661,0.7950494885444641,0.3365291357040405,0.2898281514644623,0,2000,v2a_u08,0,0,42,0.8,0.3,walk_queue_ablation
1108,22.16,0.800000011920929,0.30000001192092896,0.613533616065979,0.7304659485816956,0.27186498045921326,-0.31147149205207825,0,2000,v2a_u08,0,0,42,0.8,0.3,walk_queue_ablation
1109,22.18,0.800000011920929,0.30000001192092896,0.617845892906189,0.6758973002433777,0.22229310870170593,-0.26167839765548706,0,2000,v2a_u08,0,0,42,0.8,0.3,walk_queue_ablation
1110,22.2,0.800000011920929,0.30000001192092896,0.6205710172653198,0.6349157691001892,0.1811535358428955,0.05886455252766609,0,2000,v2a_u08,0,0,42,0.8,0.3,walk_queue_ablation
1111,22.22,0.800000011920929,0.30000001192092896,0.6198021173477173,0.6010136008262634,0.14574088156223297,0.4434520900249481,0,2000,v2a_u08,0,0,42,0.8,0.3,walk_queue_ablation
1112,22.240000000000002,0.800000011920929,0.30000001192092896,0.6161171197891235,0.5699196457862854,0.11408505588769913,0.656387209892273,0,2000,v2a_u08,0,0,42,0.8,0.3,walk_queue_ablation
1113,22.26,0.800000011920929,0.30000001192092896,0.6117879152297974,0.537213146686554,0.08329770714044571,0.6607279181480408,0,2000,v2a_u08,0,0,42,0.8,0.3,walk_queue_ablation
1114,22.28,0.800000011920929,0.30000001192092896,0.6075457334518433,0.5100547075271606,0.05866626277565956,0.611952006816864,0,2000,v2a_u08,0,0,42,0.8,0.3,walk_queue_ablation
1115,22.3,0.800000011920929,0.30000001192092896,0.6041361093521118,0.4878319799900055,0.03350074961781502,0.45777156949043274,0,2000,v2a_u08,0,0,42,0.8,0.3,walk_queue_ablation
1116,22.32,0.800000011920929,0.30000001192092896,0.6020280122756958,0.47956007719039917,0.011553697288036346,0.2738534212112427,0,2000,v2a_u08,0,0,42,0.8,0.3,walk_queue_ablation
1117,22.34,0.800000011920929,0.30000001192092896,0.6013869047164917,0.48084867000579834,-0.0020952264312654734,0.09208124876022339,0,2000,v2a_u08,0,0,42,0.8,0.3,walk_queue_ablation
1118,22.36,0.800000011920929,0.30000001192092896,0.6015552282333374,0.4871145188808441,-0.0107645895332098,-0.005569085944443941,0,2000,v2a_u08,0,0,42,0.8,0.3,walk_queue_ablation
1119,22.38,0.800000011920929,0.30000001192092896,0.6023105382919312,0.49599432945251465,-0.019682008773088455,-0.09645549207925797,0,2000,v2a_u08,0,0,42,0.8,0.3,walk_queue_ablation
1120,22.400000000000002,0.800000011920929,0.30000001192092896,0.6035152673721313,0.506263017654419,-0.02877809852361679,-0.16442663967609406,0,2000,v2a_u08,0,0,42,0.8,0.3,walk_queue_ablation
1121,22.42,0.800000011920929,0.30000001192092896,0.6045669317245483,0.5190259218215942,-0.03948850557208061,-0.16405582427978516,0,2000,v2a_u08,0,0,42,0.8,0.3,walk_queue_ablation
1122,22.44,0.800000011920929,0.30000001192092896,0.604972243309021,0.5321605205535889,-0.05445636063814163,-0.12401805818080902,0,2000,v2a_u08,0,0,42,0.8,0.3,walk_queue_ablation
1123,22.46,0.800000011920929,0.30000001192092896,0.6042681932449341,0.5437624454498291,-0.07493262737989426,-0.021893033757805824,0,2000,v2a_u08,0,0,42,0.8,0.3,walk_queue_ablation
1124,22.48,0.800000011920929,0.30000001192092896,0.6022807359695435,0.5535570979118347,-0.10033294558525085,0.0800531879067421,0,2000,v2a_u08,0,0,42,0.8,0.3,walk_queue_ablation
1125,22.5,0.800000011920929,0.30000001192092896,0.5997711420059204,0.5575534105300903,-0.12958812713623047,0.14348238706588745,0,2000,v2a_u08,0,0,42,0.8,0.3,walk_queue_ablation
1126,22.52,0.800000011920929,0.30000001192092896,0.5969053506851196,0.5570701956748962,-0.1585686206817627,0.2070232331752777,0,2000,v2a_u08,0,0,42,0.8,0.3,walk_queue_ablation
1127,22.54,0.800000011920929,0.30000001192092896,0.5932365655899048,0.5552948117256165,-0.18466725945472717,0.259682834148407,0,2000,v2a_u08,0,0,42,0.8,0.3,walk_queue_ablation
1128,22.56,0.800000011920929,0.30000001192092896,0.5892010927200317,0.5480759143829346,-0.202107235789299,0.23569181561470032,0,2000,v2a_u08,0,0,42,0.8,0.3,walk_queue_ablation
1129,22.580000000000002,0.800000011920929,0.30000001192092896,0.5852612257003784,0.5113717913627625,-0.15030057728290558,0.5101731419563293,0,2000,v2a_u08,0,0,42,0.8,0.3,walk_queue_ablation
1130,22.6,0.800000011920929,0.30000001192092896,0.5758835077285767,0.4926091432571411,-0.12390922755002975,0.7908450961112976,0,2000,v2a_u08,0,0,42,0.8,0.3,walk_queue_ablation
1131,22.62,0.800000011920929,0.30000001192092896,0.565961480140686,0.466187059879303,-0.10448113083839417,0.548673689365387,0,2000,v2a_u08,0,0,42,0.8,0.3,walk_queue_ablation
1132,22.64,0.800000011920929,0.30000001192092896,0.5594154596328735,0.45351845026016235,-0.08214068412780762,0.2187330573797226,0,2000,v2a_u08,0,0,42,0.8,0.3,walk_queue_ablation
1133,22.66,0.800000011920929,0.30000001192092896,0.5558222532272339,0.45460325479507446,-0.0571633018553257,0.011978319846093655,0,2000,v2a_u08,0,0,42,0.8,0.3,walk_queue_ablation
1134,22.68,0.800000011920929,0.30000001192092896,0.5546728372573853,0.4655648171901703,-0.03200291097164154,-0.168501079082489,0,2000,v2a_u08,0,0,42,0.8,0.3,walk_queue_ablation
1135,22.7,0.800000011920929,0.30000001192092896,0.5549415349960327,0.4828646183013916,-0.00417069997638464,-0.2392926812171936,0,2000,v2a_u08,0,0,42,0.8,0.3,walk_queue_ablation
1136,22.72,0.800000011920929,0.30000001192092896,0.5565308332443237,0.5068025588989258,0.0219138003885746,-0.3306852877140045,0,2000,v2a_u08,0,0,42,0.8,0.3,walk_queue_ablation
1137,22.740000000000002,0.800000011920929,0.30000001192092896,0.5597611665725708,0.5292152762413025,0.043556101620197296,-0.43160560727119446,0,2000,v2a_u08,0,0,42,0.8,0.3,walk_queue_ablation
1138,22.76,0.800000011920929,0.30000001192092896,0.563637375831604,0.554484486579895,0.06391951441764832,-0.38294118642807007,0,2000,v2a_u08,0,0,42,0.8,0.3,walk_queue_ablation
1139,22.78,0.800000011920929,0.30000001192092896,0.5669420957565308,0.5776208639144897,0.08230229467153549,-0.2646559774875641,0,2000,v2a_u08,0,0,42,0.8,0.3,walk_queue_ablation
1140,22.8,0.800000011920929,0.30000001192092896,0.5690222978591919,0.6002353429794312,0.1027044728398323,-0.1200319230556488,0,2000,v2a_u08,0,0,42,0.8,0.3,walk_queue_ablation
1141,22.82,0.800000011920929,0.30000001192092896,0.5701624155044556,0.6233455538749695,0.12542466819286346,-0.017120281234383583,0,2000,v2a_u08,0,0,42,0.8,0.3,walk_queue_ablation
1142,22.84,0.800000011920929,0.30000001192092896,0.5706990957260132,0.6500882506370544,0.15039651095867157,0.06728585064411163,0,2000,v2a_u08,0,0,42,0.8,0.3,walk_queue_ablation
1143,22.86,0.800000011920929,0.30000001192092896,0.5705400705337524,0.677643358707428,0.1794748306274414,0.16545364260673523,0,2000,v2a_u08,0,0,42,0.8,0.3,walk_queue_ablation
1144,22.88,0.800000011920929,0.30000001192092896,0.5695308446884155,0.7085447907447815,0.21025176346302032,0.2664013206958771,0,2000,v2a_u08,0,0,42,0.8,0.3,walk_queue_ablation
1145,22.900000000000002,0.800000011920929,0.30000001192092896,0.5678006410598755,0.7440749406814575,0.23947887122631073,0.3470386564731598,0,2000,v2a_u08,0,0,42,0.8,0.3,walk_queue_ablation
1146,22.92,0.800000011920929,0.30000001192092896,0.5651732683181763,0.7782179713249207,0.2729795575141907,0.43125152587890625,0,2000,v2a_u08,0,0,42,0.8,0.3,walk_queue_ablation
1147,22.94,0.800000011920929,0.30000001192092896,0.5609704256057739,0.8118277192115784,0.31274592876434326,0.5441800951957703,0,2000,v2a_u08,0,0,42,0.8,0.3,walk_queue_ablation
1148,22.96,0.800000011920929,0.30000001192092896,0.5559529066085815,0.8453536629676819,0.35410669445991516,0.5733330845832825,0,2000,v2a_u08,0,0,42,0.8,0.3,walk_queue_ablation
1149,22.98,0.800000011920929,0.30000001192092896,0.5519448518753052,0.8673070073127747,0.3896080553531647,0.4391087293624878,0,2000,v2a_u08,0,0,42,0.8,0.3,walk_queue_ablation
1150,23.0,0.800000011920929,0.30000001192092896,0.5497604608535767,0.7610471248626709,0.29516857862472534,-0.13282331824302673,0,2000,v2a_u08,0,0,42,0.8,0.3,walk_queue_ablation
1151,23.02,0.800000011920929,0.30000001192092896,0.5535217523574829,0.6988771557807922,0.2384035885334015,-0.31489038467407227,0,2000,v2a_u08,0,0,42,0.8,0.3,walk_queue_ablation
1152,23.04,0.800000011920929,0.30000001192092896,0.5564733743667603,0.6518809795379639,0.19610890746116638,-0.0034966859966516495,0,2000,v2a_u08,0,0,42,0.8,0.3,walk_queue_ablation
1153,23.06,0.800000011920929,0.30000001192092896,0.5567618608474731,0.6133549809455872,0.163013756275177,0.31196314096450806,0,2000,v2a_u08,0,0,42,0.8,0.3,walk_queue_ablation
1154,23.080000000000002,0.800000011920929,0.30000001192092896,0.553982138633728,0.5845885872840881,0.1334465742111206,0.5770246386528015,0,2000,v2a_u08,0,0,42,0.8,0.3,walk_queue_ablation
1155,23.1,0.800000011920929,0.30000001192092896,0.5497368574142456,0.546066403388977,0.10406271368265152,0.6813135147094727,0,2000,v2a_u08,0,0,42,0.8,0.3,walk_queue_ablation
1156,23.12,0.800000011920929,0.30000001192092896,0.5455359220504761,0.5154094099998474,0.07341324537992477,0.614495038986206,0,2000,v2a_u08,0,0,42,0.8,0.3,walk_queue_ablation
1157,23.14,0.800000011920929,0.30000001192092896,0.5421930551528931,0.4914444088935852,0.04657072201371193,0.4786152243614197,0,2000,v2a_u08,0,0,42,0.8,0.3,walk_queue_ablation
1158,23.16,0.800000011920929,0.30000001192092896,0.5397144556045532,0.481892466545105,0.024559440091252327,0.31845372915267944,0,2000,v2a_u08,0,0,42,0.8,0.3,walk_queue_ablation
1159,23.18,0.800000011920929,0.30000001192092896,0.5385087728500366,0.4819350838661194,0.0029220907017588615,0.17472192645072937,0,2000,v2a_u08,0,0,42,0.8,0.3,walk_queue_ablation
1160,23.2,0.800000011920929,0.30000001192092896,0.5384975671768188,0.4875260293483734,-0.00881157722324133,0.0015391750494018197,0,2000,v2a_u08,0,0,42,0.8,0.3,walk_queue_ablation
1161,23.22,0.800000011920929,0.30000001192092896,0.5394459962844849,0.4973732531070709,-0.01714876852929592,-0.10783687978982925,0,2000,v2a_u08,0,0,42,0.8,0.3,walk_queue_ablation
1162,23.240000000000002,0.800000011920929,0.30000001192092896,0.5409787893295288,0.5087437033653259,-0.026285754516720772,-0.18191392719745636,0,2000,v2a_u08,0,0,42,0.8,0.3,walk_queue_ablation
1163,23.26,0.800000011920929,0.30000001192092896,0.5425227880477905,0.5220891237258911,-0.036232978105545044,-0.19596374034881592,0,2000,v2a_u08,0,0,42,0.8,0.3,walk_queue_ablation
1164,23.28,0.800000011920929,0.30000001192092896,0.5435205698013306,0.5380080938339233,-0.04909241572022438,-0.17088359594345093,0,2000,v2a_u08,0,0,42,0.8,0.3,walk_queue_ablation
1165,23.3,0.800000011920929,0.30000001192092896,0.5435315370559692,0.552784264087677,-0.0668988823890686,-0.09094417840242386,0,2000,v2a_u08,0,0,42,0.8,0.3,walk_queue_ablation
1166,23.32,0.800000011920929,0.30000001192092896,0.5422977209091187,0.5646795034408569,-0.09012775123119354,0.011476246640086174,0,2000,v2a_u08,0,0,42,0.8,0.3,walk_queue_ablation
1167,23.34,0.800000011920929,0.30000001192092896,0.5401417016983032,0.5724859833717346,-0.11769084632396698,0.0938015729188919,0,2000,v2a_u08,0,0,42,0.8,0.3,walk_queue_ablation
1168,23.36,0.800000011920929,0.30000001192092896,0.5378240346908569,0.5734742879867554,-0.147096186876297,0.13972166180610657,0,2000,v2a_u08,0,0,42,0.8,0.3,walk_queue_ablation
1169,23.38,0.800000011920929,0.30000001192092896,0.5349069833755493,0.572209358215332,-0.1743386834859848,0.20890454947948456,0,2000,v2a_u08,0,0,42,0.8,0.3,walk_queue_ablation
1170,23.400000000000002,0.800000011920929,0.30000001192092896,0.5311399698257446,0.5665879249572754,-0.19614237546920776,0.22697514295578003,0,2000,v2a_u08,0,0,42,0.8,0.3,walk_queue_ablation
1171,23.42,0.800000011920929,0.30000001192092896,0.5278664827346802,0.5200443267822266,-0.15962223708629608,0.16120406985282898,0,2000,v2a_u08,0,0,42,0.8,0.3,walk_queue_ablation
1172,23.44,0.800000011920929,0.30000001192092896,0.5204101800918579,0.5085388422012329,-0.12496970593929291,0.7187447547912598,0,2000,v2a_u08,0,0,42,0.8,0.3,walk_queue_ablation
1173,23.46,0.800000011920929,0.30000001192092896,0.510576605796814,0.48093855381011963,-0.10414386540651321,0.5993116497993469,0,2000,v2a_u08,0,0,42,0.8,0.3,walk_queue_ablation
1174,23.48,0.800000011920929,0.30000001192092896,0.5033575296401978,0.465187668800354,-0.0828104317188263,0.2655574381351471,0,2000,v2a_u08,0,0,42,0.8,0.3,walk_queue_ablation
1175,23.5,0.800000011920929,0.30000001192092896,0.4991992712020874,0.4594936668872833,-0.05723678320646286,0.039053186774253845,0,2000,v2a_u08,0,0,42,0.8,0.3,walk_queue_ablation
1176,23.52,0.800000011920929,0.30000001192092896,0.49766790866851807,0.4641507863998413,-0.0319509394466877,-0.1752476841211319,0,2000,v2a_u08,0,0,42,0.8,0.3,walk_queue_ablation
1177,23.54,0.800000011920929,0.30000001192092896,0.49764811992645264,0.47783100605010986,-0.004543924238532782,-0.22156372666358948,0,2000,v2a_u08,0,0,42,0.8,0.3,walk_queue_ablation
1178,23.56,0.800000011920929,0.30000001192092896,0.49886929988861084,0.503549337387085,0.021782709285616875,-0.3139099180698395,0,2000,v2a_u08,0,0,42,0.8,0.3,walk_queue_ablation
1179,23.580000000000002,0.800000011920929,0.30000001192092896,0.501686692237854,0.527673602104187,0.04249135032296181,-0.41552919149398804,0,2000,v2a_u08,0,0,42,0.8,0.3,walk_queue_ablation
1180,23.6,0.800000011920929,0.30000001192092896,0.5053099393844604,0.5501235127449036,0.06442930549383163,-0.395927757024765,0,2000,v2a_u08,0,0,42,0.8,0.3,walk_queue_ablation
1181,23.62,0.800000011920929,0.30000001192092896,0.5088757276535034,0.5736174583435059,0.0823625847697258,-0.3167222738265991,0,2000,v2a_u08,0,0,42,0.8,0.3,walk_queue_ablation
1182,23.64,0.800000011920929,0.30000001192092896,0.5113669633865356,0.5955594182014465,0.10139138996601105,-0.16774185001850128,0,2000,v2a_u08,0,0,42,0.8,0.3,walk_queue_ablation
1183,23.66,0.800000011920929,0.30000001192092896,0.5127571821212769,0.6178992390632629,0.12335401773452759,-0.05180355906486511,0,2000,v2a_u08,0,0,42,0.8,0.3,walk_queue_ablation
1184,23.68,0.800000011920929,0.30000001192092896,0.5135370492935181,0.6430069804191589,0.1474689096212387,0.024414120241999626,0,2000,v2a_u08,0,0,42,0.8,0.3,walk_queue_ablation
1185,23.7,0.800000011920929,0.30000001192092896,0.5138212442398071,0.6704352498054504,0.17531943321228027,0.11094625294208527,0,2000,v2a_u08,0,0,42,0.8,0.3,walk_queue_ablation
1186,23.72,0.800000011920929,0.30000001192092896,0.5132776498794556,0.6997931003570557,0.20667636394500732,0.22204984724521637,0,2000,v2a_u08,0,0,42,0.8,0.3,walk_queue_ablation
1187,23.740000000000002,0.800000011920929,0.30000001192092896,0.5119630098342896,0.7330545783042908,0.23719727993011475,0.2975701689720154,0,2000,v2a_u08,0,0,42,0.8,0.3,walk_queue_ablation
1188,23.76,0.800000011920929,0.30000001192092896,0.5099929571151733,0.7686253190040588,0.26845040917396545,0.3774966299533844,0,2000,v2a_u08,0,0,42,0.8,0.3,walk_queue_ablation
1189,23.78,0.800000011920929,0.30000001192092896,0.5066119432449341,0.8015456199645996,0.3070848882198334,0.4834519922733307,0,2000,v2a_u08,0,0,42,0.8,0.3,walk_queue_ablation
1190,23.8,0.800000011920929,0.30000001192092896,0.5019482374191284,0.8358863592147827,0.349147230386734,0.5659739375114441,0,2000,v2a_u08,0,0,42,0.8,0.3,walk_queue_ablation
1191,23.82,0.800000011920929,0.30000001192092896,0.49740278720855713,0.8658038973808289,0.39097702503204346,0.4982560873031616,0,2000,v2a_u08,0,0,42,0.8,0.3,walk_queue_ablation
1192,23.84,0.800000011920929,0.30000001192092896,0.493038535118103,0.7872992157936096,0.3344489336013794,0.24936087429523468,0,2000,v2a_u08,0,0,42,0.8,0.3,walk_queue_ablation
1193,23.86,0.800000011920929,0.30000001192092896,0.4946833848953247,0.7183709740638733,0.26832613348960876,-0.2963695824146271,0,2000,v2a_u08,0,0,42,0.8,0.3,walk_queue_ablation
1194,23.88,0.800000011920929,0.30000001192092896,0.49873459339141846,0.6650118827819824,0.21833734214305878,-0.22217205166816711,0,2000,v2a_u08,0,0,42,0.8,0.3,walk_queue_ablation
1195,23.900000000000002,0.800000011920929,0.30000001192092896,0.501022458076477,0.6262310743331909,0.17924335598945618,0.10256803035736084,0,2000,v2a_u08,0,0,42,0.8,0.3,walk_queue_ablation
1196,23.92,0.800000011920929,0.30000001192092896,0.5000776052474976,0.5928564667701721,0.14566582441329956,0.4494333267211914,0,2000,v2a_u08,0,0,42,0.8,0.3,walk_queue_ablation
1197,23.94,0.800000011920929,0.30000001192092896,0.4962679147720337,0.5628249049186707,0.11545873433351517,0.6675960421562195,0,2000,v2a_u08,0,0,42,0.8,0.3,walk_queue_ablation
1198,23.96,0.800000011920929,0.30000001192092896,0.4918581247329712,0.5293430089950562,0.08468988537788391,0.6667114496231079,0,2000,v2a_u08,0,0,42,0.8,0.3,walk_queue_ablation
1199,23.98,0.800000011920929,0.30000001192092896,0.4876817464828491,0.5031682848930359,0.058560699224472046,0.5876464247703552,0,2000,v2a_u08,0,0,42,0.8,0.3,walk_queue_ablation
1200,24.0,0.800000011920929,0.30000001192092896,0.4845219850540161,0.482339471578598,0.03253492712974548,0.42179930210113525,0,2000,v2a_u08,0,0,42,0.8,0.3,walk_queue_ablation
1201,24.02,0.800000011920929,0.30000001192092896,0.4828106164932251,0.4750555157661438,0.01018190011382103,0.22547462582588196,0,2000,v2a_u08,0,0,42,0.8,0.3,walk_queue_ablation
1202,24.04,0.800000011920929,0.30000001192092896,0.4825998544692993,0.4787451922893524,-0.0038363116327673197,0.04420306161046028,0,2000,v2a_u08,0,0,42,0.8,0.3,walk_queue_ablation
1203,24.060000000000002,0.800000011920929,0.30000001192092896,0.48327934741973877,0.48711127042770386,-0.013024715706706047,-0.05996587127447128,0,2000,v2a_u08,0,0,42,0.8,0.3,walk_queue_ablation
1204,24.080000000000002,0.800000011920929,0.30000001192092896,0.48454058170318604,0.498663067817688,-0.022179987281560898,-0.14521069824695587,0,2000,v2a_u08,0,0,42,0.8,0.3,walk_queue_ablation
1205,24.1,0.800000011920929,0.30000001192092896,0.4861971139907837,0.5107503533363342,-0.03170030936598778,-0.2056158035993576,0,2000,v2a_u08,0,0,42,0.8,0.3,walk_queue_ablation
1206,24.12,0.800000011920929,0.30000001192092896,0.4876478910446167,0.525752604007721,-0.042718205600976944,-0.20252437889575958,0,2000,v2a_u08,0,0,42,0.8,0.3,walk_queue_ablation
1207,24.14,0.800000011920929,0.30000001192092896,0.48846328258514404,0.5406030416488647,-0.05809836834669113,-0.16525939106941223,0,2000,v2a_u08,0,0,42,0.8,0.3,walk_queue_ablation
1208,24.16,0.800000011920929,0.30000001192092896,0.4881798028945923,0.5534537434577942,-0.0786113515496254,-0.06745930761098862,0,2000,v2a_u08,0,0,42,0.8,0.3,walk_queue_ablation
1209,24.18,0.800000011920929,0.30000001192092896,0.48666679859161377,0.5641056299209595,-0.10441805422306061,0.02808375656604767,0,2000,v2a_u08,0,0,42,0.8,0.3,walk_queue_ablation
1210,24.2,0.800000011920929,0.30000001192092896,0.484735369682312,0.568532407283783,-0.13389772176742554,0.08237271010875702,0,2000,v2a_u08,0,0,42,0.8,0.3,walk_queue_ablation
1211,24.22,0.800000011920929,0.30000001192092896,0.4825183153152466,0.5679369568824768,-0.16254021227359772,0.14453373849391937,0,2000,v2a_u08,0,0,42,0.8,0.3,walk_queue_ablation
1212,24.240000000000002,0.800000011920929,0.30000001192092896,0.4794110059738159,0.5646618008613586,-0.18837743997573853,0.2116524875164032,0,2000,v2a_u08,0,0,42,0.8,0.3,walk_queue_ablation
1213,24.26,0.800000011920929,0.30000001192092896,0.4756418466567993,0.5569232106208801,-0.20261363685131073,0.25124961137771606,0,2000,v2a_u08,0,0,42,0.8,0.3,walk_queue_ablation
1214,24.28,0.800000011920929,0.30000001192092896,0.47156822681427,0.5170039534568787,-0.14259019494056702,0.5377418994903564,0,2000,v2a_u08,0,0,42,0.8,0.3,walk_queue_ablation
1215,24.3,0.800000011920929,0.30000001192092896,0.462605357170105,0.49780020117759705,-0.11898650228977203,0.6882503032684326,0,2000,v2a_u08,0,0,42,0.8,0.3,walk_queue_ablation
1216,24.32,0.800000011920929,0.30000001192092896,0.4538956880569458,0.47059130668640137,-0.0987166315317154,0.40915894508361816,0,2000,v2a_u08,0,0,42,0.8,0.3,walk_queue_ablation
1217,24.34,0.800000011920929,0.30000001192092896,0.44880831241607666,0.45731914043426514,-0.0748586505651474,0.06453812122344971,0,2000,v2a_u08,0,0,42,0.8,0.3,walk_queue_ablation
1218,24.36,0.800000011920929,0.30000001192092896,0.4466665983200073,0.4586322009563446,-0.04965982586145401,-0.1204947680234909,0,2000,v2a_u08,0,0,42,0.8,0.3,walk_queue_ablation
1219,24.38,0.800000011920929,0.30000001192092896,0.44653522968292236,0.4700426757335663,-0.023260515183210373,-0.24761737883090973,0,2000,v2a_u08,0,0,42,0.8,0.3,walk_queue_ablation
1220,24.400000000000002,0.800000011920929,0.30000001192092896,0.44743573665618896,0.4867548644542694,0.004773823078721762,-0.29074060916900635,0,2000,v2a_u08,0,0,42,0.8,0.3,walk_queue_ablation
1221,24.42,0.800000011920929,0.30000001192092896,0.44937312602996826,0.5092365741729736,0.0308696236461401,-0.3544638454914093,0,2000,v2a_u08,0,0,42,0.8,0.3,walk_queue_ablation
1222,24.44,0.800000011920929,0.30000001192092896,0.4527164697647095,0.5298225283622742,0.05221765488386154,-0.4337840676307678,0,2000,v2a_u08,0,0,42,0.8,0.3,walk_queue_ablation
1223,24.46,0.800000011920929,0.30000001192092896,0.4565674066543579,0.5541293025016785,0.07142972201108932,-0.3752865791320801,0,2000,v2a_u08,0,0,42,0.8,0.3,walk_queue_ablation
1224,24.48,0.800000011920929,0.30000001192092896,0.45983946323394775,0.5759198069572449,0.08880981802940369,-0.2612541913986206,0,2000,v2a_u08,0,0,42,0.8,0.3,walk_queue_ablation
1225,24.5,0.800000011920929,0.30000001192092896,0.4619079828262329,0.5990884304046631,0.10886195302009583,-0.11882639676332474,0,2000,v2a_u08,0,0,42,0.8,0.3,walk_queue_ablation
1226,24.52,0.800000011920929,0.30000001192092896,0.46304309368133545,0.6235143542289734,0.1318455934524536,-0.014935070648789406,0,2000,v2a_u08,0,0,42,0.8,0.3,walk_queue_ablation
1227,24.54,0.800000011920929,0.30000001192092896,0.4635268449783325,0.6517951488494873,0.15754428505897522,0.0764404907822609,0,2000,v2a_u08,0,0,42,0.8,0.3,walk_queue_ablation
1228,24.560000000000002,0.800000011920929,0.30000001192092896,0.463281512260437,0.6802587509155273,0.18732067942619324,0.17317984998226166,0,2000,v2a_u08,0,0,42,0.8,0.3,walk_queue_ablation
1229,24.580000000000002,0.800000011920929,0.30000001192092896,0.4622863531112671,0.7115572690963745,0.21854297816753387,0.26152411103248596,0,2000,v2a_u08,0,0,42,0.8,0.3,walk_queue_ablation
1230,24.6,0.800000011920929,0.30000001192092896,0.4606887102127075,0.7467473745346069,0.2479502409696579,0.3302389681339264,0,2000,v2a_u08,0,0,42,0.8,0.3,walk_queue_ablation
1231,24.62,0.800000011920929,0.30000001192092896,0.45832788944244385,0.780098557472229,0.2823151648044586,0.39908137917518616,0,2000,v2a_u08,0,0,42,0.8,0.3,walk_queue_ablation
1232,24.64,0.800000011920929,0.30000001192092896,0.4545212984085083,0.8137385845184326,0.32318487763404846,0.5053573846817017,0,2000,v2a_u08,0,0,42,0.8,0.3,walk_queue_ablation
1233,24.66,0.800000011920929,0.30000001192092896,0.44993388652801514,0.8472787141799927,0.36530306935310364,0.543147087097168,0,2000,v2a_u08,0,0,42,0.8,0.3,walk_queue_ablation
1234,24.68,0.800000011920929,0.30000001192092896,0.4461621046066284,0.8440563678741455,0.375759482383728,0.7850598096847534,0,2000,v2a_u08,0,0,42,0.8,0.3,walk_queue_ablation
1235,24.7,0.800000011920929,0.30000001192092896,0.4425915479660034,0.7626526951789856,0.3111327886581421,-0.015674155205488205,0,2000,v2a_u08,0,0,42,0.8,0.3,walk_queue_ablation
1236,24.72,0.800000011920929,0.30000001192092896,0.4459754228591919,0.6979585886001587,0.257492333650589,-0.3654768764972687,0,2000,v2a_u08,0,0,42,0.8,0.3,walk_queue_ablation
1237,24.740000000000002,0.800000011920929,0.30000001192092896,0.4510539770126343,0.6539159417152405,0.21413598954677582,-0.3008537292480469,0,2000,v2a_u08,0,0,42,0.8,0.3,walk_queue_ablation
1238,24.76,0.800000011920929,0.30000001192092896,0.45405495166778564,0.6216645240783691,0.17436370253562927,0.05258346349000931,0,2000,v2a_u08,0,0,42,0.8,0.3,walk_queue_ablation
1239,24.78,0.800000011920929,0.30000001192092896,0.453389048576355,0.5901783108711243,0.14444933831691742,0.4396534562110901,0,2000,v2a_u08,0,0,42,0.8,0.3,walk_queue_ablation
1240,24.8,0.800000011920929,0.30000001192092896,0.4505993127822876,0.5665712356567383,0.11282698810100555,0.5475162863731384,0,2000,v2a_u08,0,0,42,0.8,0.3,walk_queue_ablation
1241,24.82,0.800000011920929,0.30000001192092896,0.4468432664871216,0.5333832502365112,0.08521190285682678,0.635521411895752,0,2000,v2a_u08,0,0,42,0.8,0.3,walk_queue_ablation
1242,24.84,0.800000011920929,0.30000001192092896,0.4431570768356323,0.5042098760604858,0.05566458776593208,0.5235603451728821,0,2000,v2a_u08,0,0,42,0.8,0.3,walk_queue_ablation
1243,24.86,0.800000011920929,0.30000001192092896,0.4401642084121704,0.48966312408447266,0.0318695567548275,0.42424583435058594,0,2000,v2a_u08,0,0,42,0.8,0.3,walk_queue_ablation
1244,24.88,0.800000011920929,0.30000001192092896,0.43867313861846924,0.48506468534469604,0.013865313492715359,0.1798589676618576,0,2000,v2a_u08,0,0,42,0.8,0.3,walk_queue_ablation
1245,24.900000000000002,0.800000011920929,0.30000001192092896,0.43815600872039795,0.48864200711250305,0.0029282704927027225,0.09458670020103455,0,2000,v2a_u08,0,0,42,0.8,0.3,walk_queue_ablation
1246,24.92,0.800000011920929,0.30000001192092896,0.43804752826690674,0.49672451615333557,-0.0065696751698851585,0.007930116727948189,0,2000,v2a_u08,0,0,42,0.8,0.3,walk_queue_ablation
1247,24.94,0.800000011920929,0.30000001192092896,0.43853724002838135,0.5078240633010864,-0.015583516098558903,-0.0929160937666893,0,2000,v2a_u08,0,0,42,0.8,0.3,walk_queue_ablation
1248,24.96,0.800000011920929,0.30000001192092896,0.43958580493927,0.5211361050605774,-0.025895101949572563,-0.1712786704301834,0,2000,v2a_u08,0,0,42,0.8,0.3,walk_queue_ablation
1249,24.98,0.800000011920929,0.30000001192092896,0.44062888622283936,0.5365912318229675,-0.038279421627521515,-0.18767112493515015,0,2000,v2a_u08,0,0,42,0.8,0.3,walk_queue_ablation
1250,25.0,0.800000011920929,0.30000001192092896,0.44110405445098877,0.551644504070282,-0.055291883647441864,-0.14497096836566925,0,2000,v2a_u08,0,0,42,0.8,0.3,walk_queue_ablation
1251,25.02,0.800000011920929,0.30000001192092896,0.4405900239944458,0.5655099153518677,-0.07722441852092743,-0.06518496572971344,0,2000,v2a_u08,0,0,42,0.8,0.3,walk_queue_ablation
1252,25.04,0.800000011920929,0.30000001192092896,0.4391542673110962,0.5760059356689453,-0.10387058556079865,0.017653046175837517,0,2000,v2a_u08,0,0,42,0.8,0.3,walk_queue_ablation
1253,25.060000000000002,0.800000011920929,0.30000001192092896,0.43764984607696533,0.5807375907897949,-0.13286344707012177,0.04739091545343399,0,2000,v2a_u08,0,0,42,0.8,0.3,walk_queue_ablation
1254,25.080000000000002,0.800000011920929,0.30000001192092896,0.435672402381897,0.5809107422828674,-0.15932582318782806,0.12774546444416046,0,2000,v2a_u08,0,0,42,0.8,0.3,walk_queue_ablation
1255,25.1,0.800000011920929,0.30000001192092896,0.4326096773147583,0.5774267911911011,-0.18199995160102844,0.1865062415599823,0,2000,v2a_u08,0,0,42,0.8,0.3,walk_queue_ablation
1256,25.12,0.800000011920929,0.30000001192092896,0.42932355403900146,0.5297245979309082,-0.14673587679862976,-0.005331750959157944,0,2000,v2a_u08,0,0,42,0.8,0.3,walk_queue_ablation
1257,25.14,0.800000011920929,0.30000001192092896,0.42312538623809814,0.5153475403785706,-0.10984192043542862,0.6532979011535645,0,2000,v2a_u08,0,0,42,0.8,0.3,walk_queue_ablation
1258,25.16,0.800000011920929,0.30000001192092896,0.41388213634490967,0.4901188313961029,-0.08953797072172165,0.5554532408714294,0,2000,v2a_u08,0,0,42,0.8,0.3,walk_queue_ablation
1259,25.18,0.800000011920929,0.30000001192092896,0.4071660041809082,0.4732051491737366,-0.06740783900022507,0.2024897038936615,0,2000,v2a_u08,0,0,42,0.8,0.3,walk_queue_ablation
1260,25.2,0.800000011920929,0.30000001192092896,0.40337657928466797,0.46538931131362915,-0.042520251125097275,-0.00400362117215991,0,2000,v2a_u08,0,0,42,0.8,0.3,walk_queue_ablation
1261,25.22,0.800000011920929,0.30000001192092896,0.4020646810531616,0.4696185290813446,-0.01649298705160618,-0.2038143128156662,0,2000,v2a_u08,0,0,42,0.8,0.3,walk_queue_ablation
1262,25.240000000000002,0.800000011920929,0.30000001192092896,0.40247642993927,0.4811626076698303,0.010034711100161076,-0.2824092209339142,0,2000,v2a_u08,0,0,42,0.8,0.3,walk_queue_ablation
1263,25.26,0.800000011920929,0.30000001192092896,0.40397047996520996,0.5066913366317749,0.0368870310485363,-0.3251391053199768,0,2000,v2a_u08,0,0,42,0.8,0.3,walk_queue_ablation
1264,25.28,0.800000011920929,0.30000001192092896,0.40661776065826416,0.5271536111831665,0.057784490287303925,-0.40586787462234497,0,2000,v2a_u08,0,0,42,0.8,0.3,walk_queue_ablation
1265,25.3,0.800000011920929,0.30000001192092896,0.4102550745010376,0.5493434071540833,0.07894827425479889,-0.4230007529258728,0,2000,v2a_u08,0,0,42,0.8,0.3,walk_queue_ablation
1266,25.32,0.800000011920929,0.30000001192092896,0.4139951467514038,0.5708435773849487,0.09840728342533112,-0.3412110209465027,0,2000,v2a_u08,0,0,42,0.8,0.3,walk_queue_ablation
1267,25.34,0.800000011920929,0.30000001192092896,0.41686952114105225,0.5920531749725342,0.11724460870027542,-0.21103504300117493,0,2000,v2a_u08,0,0,42,0.8,0.3,walk_queue_ablation
1268,25.36,0.800000011920929,0.30000001192092896,0.4186478853225708,0.6140737533569336,0.13940295577049255,-0.08550487458705902,0,2000,v2a_u08,0,0,42,0.8,0.3,walk_queue_ablation
1269,25.38,0.800000011920929,0.30000001192092896,0.4196368455886841,0.6384245157241821,0.1648433953523636,0.004893090110272169,0,2000,v2a_u08,0,0,42,0.8,0.3,walk_queue_ablation
1270,25.400000000000002,0.800000011920929,0.30000001192092896,0.4201403856277466,0.6647252440452576,0.1923779398202896,0.08940999209880829,0,2000,v2a_u08,0,0,42,0.8,0.3,walk_queue_ablation
1271,25.42,0.800000011920929,0.30000001192092896,0.41979193687438965,0.6923395991325378,0.22482283413410187,0.19941657781600952,0,2000,v2a_u08,0,0,42,0.8,0.3,walk_queue_ablation
1272,25.44,0.800000011920929,0.30000001192092896,0.41871774196624756,0.7248101234436035,0.25645604729652405,0.27109459042549133,0,2000,v2a_u08,0,0,42,0.8,0.3,walk_queue_ablation
1273,25.46,0.800000011920929,0.30000001192092896,0.4171494245529175,0.7588649988174438,0.2887943983078003,0.3321888744831085,0,2000,v2a_u08,0,0,42,0.8,0.3,walk_queue_ablation
1274,25.48,0.800000011920929,0.30000001192092896,0.41433870792388916,0.7896103262901306,0.32921600341796875,0.4312256872653961,0,2000,v2a_u08,0,0,42,0.8,0.3,walk_queue_ablation
1275,25.5,0.800000011920929,0.30000001192092896,0.41012299060821533,0.8233253359794617,0.37370193004608154,0.5332458019256592,0,2000,v2a_u08,0,0,42,0.8,0.3,walk_queue_ablation
1276,25.52,0.800000011920929,0.30000001192092896,0.40570175647735596,0.852878749370575,0.41754764318466187,0.5088894367218018,0,2000,v2a_u08,0,0,42,0.8,0.3,walk_queue_ablation
1277,25.54,0.800000011920929,0.30000001192092896,0.40086042881011963,0.7770345211029053,0.36286452412605286,0.3590315580368042,0,2000,v2a_u08,0,0,42,0.8,0.3,walk_queue_ablation
1278,25.560000000000002,0.800000011920929,0.30000001192092896,0.4019111394882202,0.7122724652290344,0.2899323105812073,-0.2277461439371109,0,2000,v2a_u08,0,0,42,0.8,0.3,walk_queue_ablation
1279,25.580000000000002,0.800000011920929,0.30000001192092896,0.40551459789276123,0.6622588634490967,0.2384493499994278,-0.1878311187028885,0,2000,v2a_u08,0,0,42,0.8,0.3,walk_queue_ablation
1280,25.6,0.800000011920929,0.30000001192092896,0.4078749418258667,0.625190258026123,0.19865944981575012,0.07026681303977966,0,2000,v2a_u08,0,0,42,0.8,0.3,walk_queue_ablation
1281,25.62,0.800000011920929,0.30000001192092896,0.4073752164840698,0.5934895277023315,0.1664779931306839,0.3867228329181671,0,2000,v2a_u08,0,0,42,0.8,0.3,walk_queue_ablation
1282,25.64,0.800000011920929,0.30000001192092896,0.4042607545852661,0.5623922944068909,0.13699109852313995,0.6059141159057617,0,2000,v2a_u08,0,0,42,0.8,0.3,walk_queue_ablation
1283,25.66,0.800000011920929,0.30000001192092896,0.40049922466278076,0.5266808271408081,0.10416532307863235,0.5997768044471741,0,2000,v2a_u08,0,0,42,0.8,0.3,walk_queue_ablation
1284,25.68,0.800000011920929,0.30000001192092896,0.3968846797943115,0.49678218364715576,0.07578133046627045,0.5435596704483032,0,2000,v2a_u08,0,0,42,0.8,0.3,walk_queue_ablation
1285,25.7,0.800000011920929,0.30000001192092896,0.39410459995269775,0.47530898451805115,0.04849565401673317,0.3946404755115509,0,2000,v2a_u08,0,0,42,0.8,0.3,walk_queue_ablation
1286,25.72,0.800000011920929,0.30000001192092896,0.392697811126709,0.46958982944488525,0.025061696767807007,0.18952910602092743,0,2000,v2a_u08,0,0,42,0.8,0.3,walk_queue_ablation
1287,25.740000000000002,0.800000011920929,0.30000001192092896,0.3929530382156372,0.4723830223083496,0.0106213903054595,0.0019065742380917072,0,2000,v2a_u08,0,0,42,0.8,0.3,walk_queue_ablation
1288,25.76,0.800000011920929,0.30000001192092896,0.39418935775756836,0.48083680868148804,0.0012940388405695558,-0.11396364867687225,0,2000,v2a_u08,0,0,42,0.8,0.3,walk_queue_ablation
1289,25.78,0.800000011920929,0.30000001192092896,0.39605188369750977,0.4915783703327179,-0.007467593066394329,-0.19772636890411377,0,2000,v2a_u08,0,0,42,0.8,0.3,walk_queue_ablation
1290,25.8,0.800000011920929,0.30000001192092896,0.3982830047607422,0.5030853748321533,-0.01627701334655285,-0.25552937388420105,0,2000,v2a_u08,0,0,42,0.8,0.3,walk_queue_ablation
1291,25.82,0.800000011920929,0.30000001192092896,0.4003242254257202,0.517975389957428,-0.026539146900177002,-0.2546793520450592,0,2000,v2a_u08,0,0,42,0.8,0.3,walk_queue_ablation
1292,25.84,0.800000011920929,0.30000001192092896,0.4017333984375,0.5334748029708862,-0.04062078148126602,-0.22082187235355377,0,2000,v2a_u08,0,0,42,0.8,0.3,walk_queue_ablation
1293,25.86,0.800000011920929,0.30000001192092896,0.40211641788482666,0.5470568537712097,-0.059770602732896805,-0.13430726528167725,0,2000,v2a_u08,0,0,42,0.8,0.3,walk_queue_ablation
1294,25.88,0.800000011920929,0.30000001192092896,0.40128540992736816,0.5581503510475159,-0.08368752151727676,-0.035607751458883286,0,2000,v2a_u08,0,0,42,0.8,0.3,walk_queue_ablation
1295,25.900000000000002,0.800000011920929,0.30000001192092896,0.39986932277679443,0.5640426874160767,-0.11124762892723083,0.02843271568417549,0,2000,v2a_u08,0,0,42,0.8,0.3,walk_queue_ablation
1296,25.92,0.800000011920929,0.30000001192092896,0.39823639392852783,0.5640367269515991,-0.13852211833000183,0.08144327998161316,0,2000,v2a_u08,0,0,42,0.8,0.3,walk_queue_ablation
1297,25.94,0.800000011920929,0.30000001192092896,0.3957432508468628,0.5611403584480286,-0.1626901924610138,0.16644982993602753,0,2000,v2a_u08,0,0,42,0.8,0.3,walk_queue_ablation
1298,25.96,0.800000011920929,0.30000001192092896,0.39225971698760986,0.554309606552124,-0.17595691978931427,0.245856374502182,0,2000,v2a_u08,0,0,42,0.8,0.3,walk_queue_ablation
1299,25.98,0.800000011920929,0.30000001192092896,0.38856375217437744,0.516366183757782,-0.1214987263083458,0.45753735303878784,0,2000,v2a_u08,0,0,42,0.8,0.3,walk_queue_ablation
1300,26.0,0.800000011920929,0.30000001192092896,0.3805781602859497,0.4976937472820282,-0.09824224561452866,0.5880109071731567,0,2000,v2a_u08,0,0,42,0.8,0.3,walk_queue_ablation
1301,26.02,0.800000011920929,0.30000001192092896,0.3728482723236084,0.47327470779418945,-0.07812032848596573,0.3101072907447815,0,2000,v2a_u08,0,0,42,0.8,0.3,walk_queue_ablation
1302,26.04,0.800000011920929,0.30000001192092896,0.3684157133102417,0.46090832352638245,-0.05550624430179596,0.012347901239991188,0,2000,v2a_u08,0,0,42,0.8,0.3,walk_queue_ablation
1303,26.060000000000002,0.800000011920929,0.30000001192092896,0.36670053005218506,0.46201345324516296,-0.03143666684627533,-0.16942407190799713,0,2000,v2a_u08,0,0,42,0.8,0.3,walk_queue_ablation
1304,26.080000000000002,0.800000011920929,0.30000001192092896,0.3670978546142578,0.47238969802856445,-0.007360018324106932,-0.3039001226425171,0,2000,v2a_u08,0,0,42,0.8,0.3,walk_queue_ablation
1305,26.1,0.800000011920929,0.30000001192092896,0.3684505224227905,0.49054813385009766,0.020819809287786484,-0.32186922430992126,0,2000,v2a_u08,0,0,42,0.8,0.3,walk_queue_ablation
1306,26.12,0.800000011920929,0.30000001192092896,0.37050938606262207,0.5132983326911926,0.045831311494112015,-0.3656100630760193,0,2000,v2a_u08,0,0,42,0.8,0.3,walk_queue_ablation
1307,26.14,0.800000011920929,0.30000001192092896,0.37383294105529785,0.5357176065444946,0.06621578335762024,-0.43934863805770874,0,2000,v2a_u08,0,0,42,0.8,0.3,walk_queue_ablation
1308,26.16,0.800000011920929,0.30000001192092896,0.3777061700820923,0.5594385862350464,0.08533243834972382,-0.387177437543869,0,2000,v2a_u08,0,0,42,0.8,0.3,walk_queue_ablation
1309,26.18,0.800000011920929,0.30000001192092896,0.3810180425643921,0.5832553505897522,0.10188421607017517,-0.2659001052379608,0,2000,v2a_u08,0,0,42,0.8,0.3,walk_queue_ablation
1310,26.2,0.800000011920929,0.30000001192092896,0.3830908536911011,0.6079649329185486,0.1213718131184578,-0.1197652518749237,0,2000,v2a_u08,0,0,42,0.8,0.3,walk_queue_ablation
1311,26.22,0.800000011920929,0.30000001192092896,0.384161114692688,0.6337812542915344,0.14444677531719208,-0.010366539470851421,0,2000,v2a_u08,0,0,42,0.8,0.3,walk_queue_ablation
1312,26.240000000000002,0.800000011920929,0.30000001192092896,0.3846029043197632,0.6629404425621033,0.1695833057165146,0.07607237249612808,0,2000,v2a_u08,0,0,42,0.8,0.3,walk_queue_ablation
1313,26.26,0.800000011920929,0.30000001192092896,0.38433849811553955,0.6923654675483704,0.19928863644599915,0.17171573638916016,0,2000,v2a_u08,0,0,42,0.8,0.3,walk_queue_ablation
1314,26.28,0.800000011920929,0.30000001192092896,0.3833273649215698,0.7252799868583679,0.23006461560726166,0.2584465444087982,0,2000,v2a_u08,0,0,42,0.8,0.3,walk_queue_ablation
1315,26.3,0.800000011920929,0.30000001192092896,0.3818434476852417,0.7617830038070679,0.2594749629497528,0.31209608912467957,0,2000,v2a_u08,0,0,42,0.8,0.3,walk_queue_ablation
1316,26.32,0.800000011920929,0.30000001192092896,0.3797529935836792,0.7963880896568298,0.29387590289115906,0.36770302057266235,0,2000,v2a_u08,0,0,42,0.8,0.3,walk_queue_ablation
1317,26.34,0.800000011920929,0.30000001192092896,0.3762974739074707,0.8315468430519104,0.3354352116584778,0.4691423177719116,0,2000,v2a_u08,0,0,42,0.8,0.3,walk_queue_ablation
1318,26.36,0.800000011920929,0.30000001192092896,0.37206923961639404,0.8659870028495789,0.3782755136489868,0.5086392760276794,0,2000,v2a_u08,0,0,42,0.8,0.3,walk_queue_ablation
1319,26.38,0.800000011920929,0.30000001192092896,0.36811649799346924,0.8294677138328552,0.3785019516944885,0.9000340700149536,0,2000,v2a_u08,0,0,42,0.8,0.3,walk_queue_ablation
1320,26.400000000000002,0.800000011920929,0.30000001192092896,0.36541688442230225,0.7549600005149841,0.3060697019100189,-0.057815078645944595,0,2000,v2a_u08,0,0,42,0.8,0.3,walk_queue_ablation
1321,26.42,0.800000011920929,0.30000001192092896,0.3684457540512085,0.696688175201416,0.2509371340274811,-0.25817883014678955,0,2000,v2a_u08,0,0,42,0.8,0.3,walk_queue_ablation
1322,26.44,0.800000011920929,0.30000001192092896,0.3722888231277466,0.6522364020347595,0.20523378252983093,-0.11189548671245575,0,2000,v2a_u08,0,0,42,0.8,0.3,walk_queue_ablation
1323,26.46,0.800000011920929,0.30000001192092896,0.3734039068222046,0.6132280230522156,0.165985569357872,0.2545512616634369,0,2000,v2a_u08,0,0,42,0.8,0.3,walk_queue_ablation
1324,26.48,0.800000011920929,0.30000001192092896,0.3711007833480835,0.585741400718689,0.1355779767036438,0.5387676358222961,0,2000,v2a_u08,0,0,42,0.8,0.3,walk_queue_ablation
1325,26.5,0.800000011920929,0.30000001192092896,0.3675936460494995,0.5547035932540894,0.10403816401958466,0.6055536866188049,0,2000,v2a_u08,0,0,42,0.8,0.3,walk_queue_ablation
1326,26.52,0.800000011920929,0.30000001192092896,0.3638579845428467,0.5246303081512451,0.078426793217659,0.5767478942871094,0,2000,v2a_u08,0,0,42,0.8,0.3,walk_queue_ablation
1327,26.54,0.800000011920929,0.30000001192092896,0.36094462871551514,0.49486860632896423,0.04933507367968559,0.4297094941139221,0,2000,v2a_u08,0,0,42,0.8,0.3,walk_queue_ablation
1328,26.560000000000002,0.800000011920929,0.30000001192092896,0.35931241512298584,0.4826052486896515,0.024637751281261444,0.25933295488357544,0,2000,v2a_u08,0,0,42,0.8,0.3,walk_queue_ablation
1329,26.580000000000002,0.800000011920929,0.30000001192092896,0.3590583801269531,0.48265475034713745,0.006566781550645828,0.07165999710559845,0,2000,v2a_u08,0,0,42,0.8,0.3,walk_queue_ablation
1330,26.6,0.800000011920929,0.30000001192092896,0.3598494529724121,0.4895514249801636,-0.0044244881719350815,-0.05863760784268379,0,2000,v2a_u08,0,0,42,0.8,0.3,walk_queue_ablation
1331,26.62,0.800000011920929,0.30000001192092896,0.36129963397979736,0.5004116892814636,-0.01378372497856617,-0.14326557517051697,0,2000,v2a_u08,0,0,42,0.8,0.3,walk_queue_ablation
1332,26.64,0.800000011920929,0.30000001192092896,0.36312365531921387,0.5134252309799194,-0.02254493534564972,-0.20882046222686768,0,2000,v2a_u08,0,0,42,0.8,0.3,walk_queue_ablation
1333,26.66,0.800000011920929,0.30000001192092896,0.3650333881378174,0.528195321559906,-0.032943371683359146,-0.23729366064071655,0,2000,v2a_u08,0,0,42,0.8,0.3,walk_queue_ablation
1334,26.68,0.800000011920929,0.30000001192092896,0.3666280508041382,0.5439439415931702,-0.04665008559823036,-0.23362860083580017,0,2000,v2a_u08,0,0,42,0.8,0.3,walk_queue_ablation
1335,26.7,0.800000011920929,0.30000001192092896,0.36740124225616455,0.5596386790275574,-0.06481628865003586,-0.16693460941314697,0,2000,v2a_u08,0,0,42,0.8,0.3,walk_queue_ablation
1336,26.72,0.800000011920929,0.30000001192092896,0.3670614957809448,0.572880744934082,-0.08817604929208755,-0.08302664756774902,0,2000,v2a_u08,0,0,42,0.8,0.3,walk_queue_ablation
1337,26.740000000000002,0.800000011920929,0.30000001192092896,0.36583149433135986,0.5818890929222107,-0.11600761115550995,-0.0021452615037560463,0,2000,v2a_u08,0,0,42,0.8,0.3,walk_queue_ablation
1338,26.76,0.800000011920929,0.30000001192092896,0.3644990921020508,0.5844811797142029,-0.14573387801647186,0.03784465789794922,0,2000,v2a_u08,0,0,42,0.8,0.3,walk_queue_ablation
1339,26.78,0.800000011920929,0.30000001192092896,0.3625912666320801,0.582197904586792,-0.17266157269477844,0.12210620939731598,0,2000,v2a_u08,0,0,42,0.8,0.3,walk_queue_ablation
1340,26.8,0.800000011920929,0.30000001192092896,0.3595634698867798,0.5752242207527161,-0.19230663776397705,0.19090765714645386,0,2000,v2a_u08,0,0,42,0.8,0.3,walk_queue_ablation
1341,26.82,0.800000011920929,0.30000001192092896,0.35661399364471436,0.5282704830169678,-0.15020999312400818,0.16809412837028503,0,2000,v2a_u08,0,0,42,0.8,0.3,walk_queue_ablation
1342,26.84,0.800000011920929,0.30000001192092896,0.3500504493713379,0.5139706134796143,-0.11544930934906006,0.5976465940475464,0,2000,v2a_u08,0,0,42,0.8,0.3,walk_queue_ablation
1343,26.86,0.800000011920929,0.30000001192092896,0.34146320819854736,0.48820552229881287,-0.09445521980524063,0.4692593216896057,0,2000,v2a_u08,0,0,42,0.8,0.3,walk_queue_ablation
1344,26.88,0.800000011920929,0.30000001192092896,0.33556318283081055,0.47175872325897217,-0.07261481136083603,0.13304224610328674,0,2000,v2a_u08,0,0,42,0.8,0.3,walk_queue_ablation
1345,26.900000000000002,0.800000011920929,0.30000001192092896,0.3326352834701538,0.4644714891910553,-0.04787396267056465,-0.09155520796775818,0,2000,v2a_u08,0,0,42,0.8,0.3,walk_queue_ablation
1346,26.92,0.800000011920929,0.30000001192092896,0.3321232795715332,0.4673537313938141,-0.02118600532412529,-0.2656976580619812,0,2000,v2a_u08,0,0,42,0.8,0.3,walk_queue_ablation
1347,26.94,0.800000011920929,0.30000001192092896,0.33299529552459717,0.4817257225513458,0.005121380090713501,-0.30202800035476685,0,2000,v2a_u08,0,0,42,0.8,0.3,walk_queue_ablation
1348,26.96,0.800000011920929,0.30000001192092896,0.3346288204193115,0.5058773756027222,0.031457655131816864,-0.33915242552757263,0,2000,v2a_u08,0,0,42,0.8,0.3,walk_queue_ablation
1349,26.98,0.800000011920929,0.30000001192092896,0.33761680126190186,0.5271544456481934,0.05235490947961807,-0.4410407543182373,0,2000,v2a_u08,0,0,42,0.8,0.3,walk_queue_ablation
1350,27.0,0.800000011920929,0.30000001192092896,0.3414114713668823,0.5486031174659729,0.07349463552236557,-0.4178697466850281,0,2000,v2a_u08,0,0,42,0.8,0.3,walk_queue_ablation
1351,27.02,0.800000011920929,0.30000001192092896,0.3450887203216553,0.5709166526794434,0.09060845524072647,-0.32992497086524963,0,2000,v2a_u08,0,0,42,0.8,0.3,walk_queue_ablation
1352,27.04,0.800000011920929,0.30000001192092896,0.3477264642715454,0.5929674506187439,0.10921774804592133,-0.18931210041046143,0,2000,v2a_u08,0,0,42,0.8,0.3,walk_queue_ablation
1353,27.060000000000002,0.800000011920929,0.30000001192092896,0.3493391275405884,0.6152468919754028,0.13083700835704803,-0.07764236629009247,0,2000,v2a_u08,0,0,42,0.8,0.3,walk_queue_ablation
1354,27.080000000000002,0.800000011920929,0.30000001192092896,0.35026276111602783,0.6404242515563965,0.15548691153526306,0.01053770910948515,0,2000,v2a_u08,0,0,42,0.8,0.3,walk_queue_ablation
1355,27.1,0.800000011920929,0.30000001192092896,0.3506251573562622,0.6684331297874451,0.18328380584716797,0.09999215602874756,0,2000,v2a_u08,0,0,42,0.8,0.3,walk_queue_ablation
1356,27.12,0.800000011920929,0.30000001192092896,0.35023951530456543,0.6975669264793396,0.21446171402931213,0.20051512122154236,0,2000,v2a_u08,0,0,42,0.8,0.3,walk_queue_ablation
1357,27.14,0.800000011920929,0.30000001192092896,0.3491694927215576,0.7299712300300598,0.24516528844833374,0.2700023949146271,0,2000,v2a_u08,0,0,42,0.8,0.3,walk_queue_ablation
1358,27.16,0.800000011920929,0.30000001192092896,0.34757888317108154,0.7646233439445496,0.27670297026634216,0.33356213569641113,0,2000,v2a_u08,0,0,42,0.8,0.3,walk_queue_ablation
1359,27.18,0.800000011920929,0.30000001192092896,0.34482860565185547,0.7967742681503296,0.3156633675098419,0.4205065369606018,0,2000,v2a_u08,0,0,42,0.8,0.3,walk_queue_ablation
1360,27.2,0.800000011920929,0.30000001192092896,0.3408304452896118,0.8310988545417786,0.3587767779827118,0.5119611024856567,0,2000,v2a_u08,0,0,42,0.8,0.3,walk_queue_ablation
1361,27.22,0.800000011920929,0.30000001192092896,0.33668458461761475,0.8613240122795105,0.40110138058662415,0.4818480908870697,0,2000,v2a_u08,0,0,42,0.8,0.3,walk_queue_ablation
1362,27.240000000000002,0.800000011920929,0.30000001192092896,0.3324768543243408,0.7826989889144897,0.35001152753829956,0.31307029724121094,0,2000,v2a_u08,0,0,42,0.8,0.3,walk_queue_ablation
1363,27.26,0.800000011920929,0.30000001192092896,0.3339517116546631,0.720047652721405,0.28393903374671936,-0.2977061867713928,0,2000,v2a_u08,0,0,42,0.8,0.3,walk_queue_ablation
1364,27.28,0.800000011920929,0.30000001192092896,0.3384711742401123,0.6653993725776672,0.23330509662628174,-0.28827041387557983,0,2000,v2a_u08,0,0,42,0.8,0.3,walk_queue_ablation
1365,27.3,0.800000011920929,0.30000001192092896,0.3416621685028076,0.6271848678588867,0.19502343237400055,-0.007573246955871582,0,2000,v2a_u08,0,0,42,0.8,0.3,walk_queue_ablation
1366,27.32,0.800000011920929,0.30000001192092896,0.34185028076171875,0.5934732556343079,0.1618528962135315,0.33276769518852234,0,2000,v2a_u08,0,0,42,0.8,0.3,walk_queue_ablation
1367,27.34,0.800000011920929,0.30000001192092896,0.33912408351898193,0.5617838501930237,0.1315905898809433,0.568770170211792,0,2000,v2a_u08,0,0,42,0.8,0.3,walk_queue_ablation
1368,27.36,0.800000011920929,0.30000001192092896,0.33548665046691895,0.5310396552085876,0.0997864231467247,0.5969698429107666,0,2000,v2a_u08,0,0,42,0.8,0.3,walk_queue_ablation
1369,27.38,0.800000011920929,0.30000001192092896,0.33187901973724365,0.5033604502677917,0.07244308292865753,0.5452470779418945,0,2000,v2a_u08,0,0,42,0.8,0.3,walk_queue_ablation
1370,27.400000000000002,0.800000011920929,0.30000001192092896,0.32907068729400635,0.48284924030303955,0.04639897868037224,0.39213716983795166,0,2000,v2a_u08,0,0,42,0.8,0.3,walk_queue_ablation
1371,27.42,0.800000011920929,0.30000001192092896,0.32771754264831543,0.4745578169822693,0.023381758481264114,0.19401538372039795,0,2000,v2a_u08,0,0,42,0.8,0.3,walk_queue_ablation
1372,27.44,0.800000011920929,0.30000001192092896,0.3279672861099243,0.47715064883232117,0.009220954962074757,-6.423285230994225e-05,0,2000,v2a_u08,0,0,42,0.8,0.3,walk_queue_ablation
1373,27.46,0.800000011920929,0.30000001192092896,0.32899045944213867,0.48545926809310913,0.000585431233048439,-0.08628639578819275,0,2000,v2a_u08,0,0,42,0.8,0.3,walk_queue_ablation
1374,27.48,0.800000011920929,0.30000001192092896,0.3305870294570923,0.4964362382888794,-0.008379370905458927,-0.17935810983181,0,2000,v2a_u08,0,0,42,0.8,0.3,walk_queue_ablation
1375,27.5,0.800000011920929,0.30000001192092896,0.33263468742370605,0.5080024003982544,-0.017515849322080612,-0.24079295992851257,0,2000,v2a_u08,0,0,42,0.8,0.3,walk_queue_ablation
1376,27.52,0.800000011920929,0.30000001192092896,0.3344912528991699,0.5229881405830383,-0.028024738654494286,-0.2405935823917389,0,2000,v2a_u08,0,0,42,0.8,0.3,walk_queue_ablation
1377,27.54,0.800000011920929,0.30000001192092896,0.33580076694488525,0.5384173393249512,-0.0424465611577034,-0.218257874250412,0,2000,v2a_u08,0,0,42,0.8,0.3,walk_queue_ablation
1378,27.560000000000002,0.800000011920929,0.30000001192092896,0.33622753620147705,0.5517429709434509,-0.06170599162578583,-0.14577804505825043,0,2000,v2a_u08,0,0,42,0.8,0.3,walk_queue_ablation
1379,27.580000000000002,0.800000011920929,0.30000001192092896,0.33555400371551514,0.5632131099700928,-0.08556468784809113,-0.057026393711566925,0,2000,v2a_u08,0,0,42,0.8,0.3,walk_queue_ablation
1380,27.6,0.800000011920929,0.30000001192092896,0.33440256118774414,0.5694373250007629,-0.11324337869882584,-0.0038494691252708435,0,2000,v2a_u08,0,0,42,0.8,0.3,walk_queue_ablation
1381,27.62,0.800000011920929,0.30000001192092896,0.33315038681030273,0.5702135562896729,-0.14056186378002167,0.03993070870637894,0,2000,v2a_u08,0,0,42,0.8,0.3,walk_queue_ablation
1382,27.64,0.800000011920929,0.30000001192092896,0.33110833168029785,0.5675828456878662,-0.1646847277879715,0.12363089621067047,0,2000,v2a_u08,0,0,42,0.8,0.3,walk_queue_ablation
1383,27.66,0.800000011920929,0.30000001192092896,0.3279561996459961,0.560932993888855,-0.17761929333209991,0.2273557186126709,0,2000,v2a_u08,0,0,42,0.8,0.3,walk_queue_ablation
1384,27.68,0.800000011920929,0.30000001192092896,0.3245832920074463,0.520348072052002,-0.12241578847169876,0.3630199134349823,0,2000,v2a_u08,0,0,42,0.8,0.3,walk_queue_ablation
1385,27.7,0.800000011920929,0.30000001192092896,0.317499041557312,0.5019623637199402,-0.09683756530284882,0.5109317898750305,0,2000,v2a_u08,0,0,42,0.8,0.3,walk_queue_ablation
1386,27.72,0.800000011920929,0.30000001192092896,0.31025803089141846,0.47920265793800354,-0.07638566195964813,0.29519128799438477,0,2000,v2a_u08,0,0,42,0.8,0.3,walk_queue_ablation
1387,27.740000000000002,0.800000011920929,0.30000001192092896,0.3059574365615845,0.46734631061553955,-0.05612996220588684,0.005055250599980354,0,2000,v2a_u08,0,0,42,0.8,0.3,walk_queue_ablation
1388,27.76,0.800000011920929,0.30000001192092896,0.3042346239089966,0.46546557545661926,-0.029814360663294792,-0.1823163777589798,0,2000,v2a_u08,0,0,42,0.8,0.3,walk_queue_ablation
1389,27.78,0.800000011920929,0.30000001192092896,0.3047451972961426,0.4730672538280487,-0.0035799252800643444,-0.321524977684021,0,2000,v2a_u08,0,0,42,0.8,0.3,walk_queue_ablation
1390,27.8,0.800000011920929,0.30000001192092896,0.306247353553772,0.4916020631790161,0.021422578021883965,-0.32992690801620483,0,2000,v2a_u08,0,0,42,0.8,0.3,walk_queue_ablation
1391,27.82,0.800000011920929,0.30000001192092896,0.3082047700881958,0.5139478445053101,0.04805764555931091,-0.3542304039001465,0,2000,v2a_u08,0,0,42,0.8,0.3,walk_queue_ablation
1392,27.84,0.800000011920929,0.30000001192092896,0.31156420707702637,0.5340807437896729,0.06899189203977585,-0.4584774971008301,0,2000,v2a_u08,0,0,42,0.8,0.3,walk_queue_ablation
1393,27.86,0.800000011920929,0.30000001192092896,0.31558406352996826,0.555009126663208,0.08908841013908386,-0.40653717517852783,0,2000,v2a_u08,0,0,42,0.8,0.3,walk_queue_ablation
1394,27.88,0.800000011920929,0.30000001192092896,0.3191889524459839,0.5788623690605164,0.10561615228652954,-0.2987518608570099,0,2000,v2a_u08,0,0,42,0.8,0.3,walk_queue_ablation
1395,27.900000000000002,0.800000011920929,0.30000001192092896,0.32166993618011475,0.6038212180137634,0.12515471875667572,-0.1612406075000763,0,2000,v2a_u08,0,0,42,0.8,0.3,walk_queue_ablation
1396,27.92,0.800000011920929,0.30000001192092896,0.32310283184051514,0.6279310584068298,0.14907397329807281,-0.04284055531024933,0,2000,v2a_u08,0,0,42,0.8,0.3,walk_queue_ablation
1397,27.94,0.800000011920929,0.30000001192092896,0.32379448413848877,0.6570922136306763,0.1746433526277542,0.05371209979057312,0,2000,v2a_u08,0,0,42,0.8,0.3,walk_queue_ablation
1398,27.96,0.800000011920929,0.30000001192092896,0.32375526428222656,0.6868985891342163,0.20435117185115814,0.15005667507648468,0,2000,v2a_u08,0,0,42,0.8,0.3,walk_queue_ablation
1399,27.98,0.800000011920929,0.30000001192092896,0.3229285478591919,0.718711793422699,0.23596520721912384,0.2433476746082306,0,2000,v2a_u08,0,0,42,0.8,0.3,walk_queue_ablation
1400,28.0,0.800000011920929,0.30000001192092896,0.3215787410736084,0.7535704374313354,0.2661835551261902,0.29778921604156494,0,2000,v2a_u08,0,0,42,0.8,0.3,walk_queue_ablation
1401,28.02,0.800000011920929,0.30000001192092896,0.31972575187683105,0.7867517471313477,0.3009456694126129,0.34342408180236816,0,2000,v2a_u08,0,0,42,0.8,0.3,walk_queue_ablation
1402,28.04,0.800000011920929,0.30000001192092896,0.316524863243103,0.8209477663040161,0.34345927834510803,0.44968289136886597,0,2000,v2a_u08,0,0,42,0.8,0.3,walk_queue_ablation
1403,28.060000000000002,0.800000011920929,0.30000001192092896,0.31241273880004883,0.8551158308982849,0.3874792456626892,0.509951114654541,0,2000,v2a_u08,0,0,42,0.8,0.3,walk_queue_ablation
1404,28.080000000000002,0.800000011920929,0.30000001192092896,0.3085935115814209,0.8330221772193909,0.3877938687801361,0.8891381025314331,0,2000,v2a_u08,0,0,42,0.8,0.3,walk_queue_ablation
1405,28.1,0.800000011920929,0.30000001192092896,0.30529046058654785,0.7602295875549316,0.32584846019744873,-0.021813251078128815,0,2000,v2a_u08,0,0,42,0.8,0.3,walk_queue_ablation
1406,28.12,0.800000011920929,0.30000001192092896,0.30844998359680176,0.7013097405433655,0.2713012397289276,-0.2925136685371399,0,2000,v2a_u08,0,0,42,0.8,0.3,walk_queue_ablation
1407,28.14,0.800000011920929,0.30000001192092896,0.31238579750061035,0.6578176021575928,0.22133195400238037,-0.14794300496578217,0,2000,v2a_u08,0,0,42,0.8,0.3,walk_queue_ablation
1408,28.16,0.800000011920929,0.30000001192092896,0.3141974210739136,0.6138229966163635,0.17978927493095398,0.18223769962787628,0,2000,v2a_u08,0,0,42,0.8,0.3,walk_queue_ablation
1409,28.18,0.800000011920929,0.30000001192092896,0.31268227100372314,0.5882723927497864,0.14626933634281158,0.43946605920791626,0,2000,v2a_u08,0,0,42,0.8,0.3,walk_queue_ablation
1410,28.2,0.800000011920929,0.30000001192092896,0.3095264434814453,0.557026743888855,0.1159556582570076,0.6067880392074585,0,2000,v2a_u08,0,0,42,0.8,0.3,walk_queue_ablation
1411,28.22,0.800000011920929,0.30000001192092896,0.30605852603912354,0.5282943248748779,0.08876550197601318,0.5424299240112305,0,2000,v2a_u08,0,0,42,0.8,0.3,walk_queue_ablation
1412,28.240000000000002,0.800000011920929,0.30000001192092896,0.3034050464630127,0.5042002201080322,0.06040971353650093,0.39738476276397705,0,2000,v2a_u08,0,0,42,0.8,0.3,walk_queue_ablation
1413,28.26,0.800000011920929,0.30000001192092896,0.30203723907470703,0.4890221953392029,0.037571489810943604,0.2482714056968689,0,2000,v2a_u08,0,0,42,0.8,0.3,walk_queue_ablation
1414,28.28,0.800000011920929,0.30000001192092896,0.30174732208251953,0.4916556179523468,0.018724137917160988,0.07732115685939789,0,2000,v2a_u08,0,0,42,0.8,0.3,walk_queue_ablation
1415,28.3,0.800000011920929,0.30000001192092896,0.30254411697387695,0.4983970522880554,0.00820731557905674,-0.06351424753665924,0,2000,v2a_u08,0,0,42,0.8,0.3,walk_queue_ablation
1416,28.32,0.800000011920929,0.30000001192092896,0.3041175603866577,0.5082610845565796,-0.0007727103657089174,-0.16359156370162964,0,2000,v2a_u08,0,0,42,0.8,0.3,walk_queue_ablation
1417,28.34,0.800000011920929,0.30000001192092896,0.30615413188934326,0.5191919207572937,-0.009286973625421524,-0.23019418120384216,0,2000,v2a_u08,0,0,42,0.8,0.3,walk_queue_ablation
1418,28.36,0.800000011920929,0.30000001192092896,0.3081763982772827,0.5321140885353088,-0.019217893481254578,-0.24566134810447693,0,2000,v2a_u08,0,0,42,0.8,0.3,walk_queue_ablation
1419,28.38,0.800000011920929,0.30000001192092896,0.30988407135009766,0.5472960472106934,-0.03284545987844467,-0.24886885285377502,0,2000,v2a_u08,0,0,42,0.8,0.3,walk_queue_ablation
1420,28.400000000000002,0.800000011920929,0.30000001192092896,0.3108917474746704,0.5628049373626709,-0.05053364112973213,-0.19697442650794983,0,2000,v2a_u08,0,0,42,0.8,0.3,walk_queue_ablation
1421,28.42,0.800000011920929,0.30000001192092896,0.31088554859161377,0.5764372944831848,-0.07300462573766708,-0.11882854998111725,0,2000,v2a_u08,0,0,42,0.8,0.3,walk_queue_ablation
1422,28.44,0.800000011920929,0.30000001192092896,0.3100450038909912,0.5856096744537354,-0.0999496579170227,-0.04174131155014038,0,2000,v2a_u08,0,0,42,0.8,0.3,walk_queue_ablation
1423,28.46,0.800000011920929,0.30000001192092896,0.30911552906036377,0.5890592932701111,-0.1285618394613266,-0.0006282308604568243,0,2000,v2a_u08,0,0,42,0.8,0.3,walk_queue_ablation
1424,28.48,0.800000011920929,0.30000001192092896,0.3076249361038208,0.5868667364120483,-0.15426306426525116,0.08492575585842133,0,2000,v2a_u08,0,0,42,0.8,0.3,walk_queue_ablation
1425,28.5,0.800000011920929,0.30000001192092896,0.30488502979278564,0.5804327726364136,-0.17065156996250153,0.17971882224082947,0,2000,v2a_u08,0,0,42,0.8,0.3,walk_queue_ablation
1426,28.52,0.800000011920929,0.30000001192092896,0.301985502243042,0.5321627259254456,-0.13042183220386505,0.15056627988815308,0,2000,v2a_u08,0,0,42,0.8,0.3,walk_queue_ablation
1427,28.54,0.800000011920929,0.30000001192092896,0.2957274913787842,0.5172739028930664,-0.09702877700328827,0.5682875514030457,0,2000,v2a_u08,0,0,42,0.8,0.3,walk_queue_ablation
1428,28.560000000000002,0.800000011920929,0.30000001192092896,0.28737330436706543,0.4918811321258545,-0.0763377770781517,0.4497460424900055,0,2000,v2a_u08,0,0,42,0.8,0.3,walk_queue_ablation
1429,28.580000000000002,0.800000011920929,0.30000001192092896,0.2817506790161133,0.47670355439186096,-0.056186988949775696,0.09355324506759644,0,2000,v2a_u08,0,0,42,0.8,0.3,walk_queue_ablation
1430,28.6,0.800000011920929,0.30000001192092896,0.2791646718978882,0.46951720118522644,-0.03132037818431854,-0.11678211390972137,0,2000,v2a_u08,0,0,42,0.8,0.3,walk_queue_ablation
1431,28.62,0.800000011920929,0.30000001192092896,0.27890896797180176,0.47184044122695923,-0.00582119869068265,-0.2941146194934845,0,2000,v2a_u08,0,0,42,0.8,0.3,walk_queue_ablation
1432,28.64,0.800000011920929,0.30000001192092896,0.28011155128479004,0.48568716645240784,0.019463909789919853,-0.33341366052627563,0,2000,v2a_u08,0,0,42,0.8,0.3,walk_queue_ablation
1433,28.66,0.800000011920929,0.30000001192092896,0.2819737195968628,0.5094291567802429,0.045463528484106064,-0.3546259105205536,0,2000,v2a_u08,0,0,42,0.8,0.3,walk_queue_ablation
1434,28.68,0.800000011920929,0.30000001192092896,0.2850494384765625,0.5306708812713623,0.06624545902013779,-0.4468684494495392,0,2000,v2a_u08,0,0,42,0.8,0.3,walk_queue_ablation
1435,28.7,0.800000011920929,0.30000001192092896,0.28889966011047363,0.5521834492683411,0.08692920953035355,-0.423781156539917,0,2000,v2a_u08,0,0,42,0.8,0.3,walk_queue_ablation
1436,28.72,0.800000011920929,0.30000001192092896,0.2926795482635498,0.5737747550010681,0.10384375602006912,-0.33869391679763794,0,2000,v2a_u08,0,0,42,0.8,0.3,walk_queue_ablation
1437,28.740000000000002,0.800000011920929,0.30000001192092896,0.2953677177429199,0.5954194068908691,0.12217051535844803,-0.18866604566574097,0,2000,v2a_u08,0,0,42,0.8,0.3,walk_queue_ablation
1438,28.76,0.800000011920929,0.30000001192092896,0.29693281650543213,0.6168243885040283,0.14379948377609253,-0.07026954740285873,0,2000,v2a_u08,0,0,42,0.8,0.3,walk_queue_ablation
1439,28.78,0.800000011920929,0.30000001192092896,0.29781877994537354,0.641313374042511,0.16853147745132446,0.012899081222712994,0,2000,v2a_u08,0,0,42,0.8,0.3,walk_queue_ablation
1440,28.8,0.800000011920929,0.30000001192092896,0.2982112169265747,0.6691319346427917,0.19652995467185974,0.09457582980394363,0,2000,v2a_u08,0,0,42,0.8,0.3,walk_queue_ablation
1441,28.82,0.800000011920929,0.30000001192092896,0.2978854179382324,0.6981269121170044,0.2282932698726654,0.19438612461090088,0,2000,v2a_u08,0,0,42,0.8,0.3,walk_queue_ablation
1442,28.84,0.800000011920929,0.30000001192092896,0.29694032669067383,0.7299607992172241,0.2596348226070404,0.254867821931839,0,2000,v2a_u08,0,0,42,0.8,0.3,walk_queue_ablation
1443,28.86,0.800000011920929,0.30000001192092896,0.29558587074279785,0.7635766863822937,0.2920103371143341,0.30657145380973816,0,2000,v2a_u08,0,0,42,0.8,0.3,walk_queue_ablation
1444,28.88,0.800000011920929,0.30000001192092896,0.29310083389282227,0.7946297526359558,0.3321932852268219,0.39136964082717896,0,2000,v2a_u08,0,0,42,0.8,0.3,walk_queue_ablation
1445,28.900000000000002,0.800000011920929,0.30000001192092896,0.28939247131347656,0.8280847072601318,0.37669798731803894,0.48492342233657837,0,2000,v2a_u08,0,0,42,0.8,0.3,walk_queue_ablation
1446,28.92,0.800000011920929,0.30000001192092896,0.2854468822479248,0.8572147488594055,0.4203431308269501,0.4731101393699646,0,2000,v2a_u08,0,0,42,0.8,0.3,walk_queue_ablation
1447,28.94,0.800000011920929,0.30000001192092896,0.281221866607666,0.7752201557159424,0.367032527923584,0.34867000579833984,0,2000,v2a_u08,0,0,42,0.8,0.3,walk_queue_ablation
1448,28.96,0.800000011920929,0.30000001192092896,0.28249216079711914,0.7139452695846558,0.29747748374938965,-0.2670358717441559,0,2000,v2a_u08,0,0,42,0.8,0.3,walk_queue_ablation
1449,28.98,0.800000011920929,0.30000001192092896,0.28668880462646484,0.6607170104980469,0.2467370480298996,-0.2684565484523773,0,2000,v2a_u08,0,0,42,0.8,0.3,walk_queue_ablation
1450,29.0,0.800000011920929,0.30000001192092896,0.2899630069732666,0.6207402348518372,0.20661762356758118,-0.02704472467303276,0,2000,v2a_u08,0,0,42,0.8,0.3,walk_queue_ablation
1451,29.02,0.800000011920929,0.30000001192092896,0.2904123067855835,0.587805986404419,0.17329035699367523,0.30019086599349976,0,2000,v2a_u08,0,0,42,0.8,0.3,walk_queue_ablation
1452,29.04,0.800000011920929,0.30000001192092896,0.2880136966705322,0.5571781396865845,0.1426917463541031,0.542547345161438,0,2000,v2a_u08,0,0,42,0.8,0.3,walk_queue_ablation
1453,29.060000000000002,0.800000011920929,0.30000001192092896,0.28466784954071045,0.5254629850387573,0.10982926189899445,0.5730568170547485,0,2000,v2a_u08,0,0,42,0.8,0.3,walk_queue_ablation
1454,29.080000000000002,0.800000011920929,0.30000001192092896,0.2813156843185425,0.49816498160362244,0.08237413316965103,0.5203641653060913,0,2000,v2a_u08,0,0,42,0.8,0.3,walk_queue_ablation
1455,29.1,0.800000011920929,0.30000001192092896,0.2787768840789795,0.4767705798149109,0.05532092973589897,0.3694691061973572,0,2000,v2a_u08,0,0,42,0.8,0.3,walk_queue_ablation
1456,29.12,0.800000011920929,0.30000001192092896,0.27766895294189453,0.4691358208656311,0.03202317655086517,0.17142829298973083,0,2000,v2a_u08,0,0,42,0.8,0.3,walk_queue_ablation
1457,29.14,0.800000011920929,0.30000001192092896,0.278159499168396,0.4712269902229309,0.018184928223490715,-0.021318834275007248,0,2000,v2a_u08,0,0,42,0.8,0.3,walk_queue_ablation
1458,29.16,0.800000011920929,0.30000001192092896,0.2795487642288208,0.47810012102127075,0.008966946043074131,-0.12306059896945953,0,2000,v2a_u08,0,0,42,0.8,0.3,walk_queue_ablation
1459,29.18,0.800000011920929,0.30000001192092896,0.28145599365234375,0.48757460713386536,0.00023808737751096487,-0.20121799409389496,0,2000,v2a_u08,0,0,42,0.8,0.3,walk_queue_ablation
1460,29.2,0.800000011920929,0.30000001192092896,0.28372907638549805,0.49826809763908386,-0.008845416828989983,-0.26139989495277405,0,2000,v2a_u08,0,0,42,0.8,0.3,walk_queue_ablation
1461,29.22,0.800000011920929,0.30000001192092896,0.28588783740997314,0.5123522281646729,-0.019401924684643745,-0.27053311467170715,0,2000,v2a_u08,0,0,42,0.8,0.3,walk_queue_ablation
1462,29.240000000000002,0.800000011920929,0.30000001192092896,0.2875477075576782,0.5272117853164673,-0.033385008573532104,-0.2523207664489746,0,2000,v2a_u08,0,0,42,0.8,0.3,walk_queue_ablation
1463,29.26,0.800000011920929,0.30000001192092896,0.288344144821167,0.5401713848114014,-0.05202998220920563,-0.18119432032108307,0,2000,v2a_u08,0,0,42,0.8,0.3,walk_queue_ablation
1464,29.28,0.800000011920929,0.30000001192092896,0.2880403995513916,0.5511597394943237,-0.07521902769804001,-0.09168228507041931,0,2000,v2a_u08,0,0,42,0.8,0.3,walk_queue_ablation
1465,29.3,0.800000011920929,0.30000001192092896,0.2872028350830078,0.5573792457580566,-0.10213487595319748,-0.03629930317401886,0,2000,v2a_u08,0,0,42,0.8,0.3,walk_queue_ablation
1466,29.32,0.800000011920929,0.30000001192092896,0.2862892150878906,0.5579249262809753,-0.12877561151981354,0.0035383161157369614,0,2000,v2a_u08,0,0,42,0.8,0.3,walk_queue_ablation
1467,29.34,0.800000011920929,0.30000001192092896,0.28463172912597656,0.5547173619270325,-0.15216121077537537,0.08920398354530334,0,2000,v2a_u08,0,0,42,0.8,0.3,walk_queue_ablation
1468,29.36,0.800000011920929,0.30000001192092896,0.2817617654800415,0.5475560426712036,-0.16487736999988556,0.20603345334529877,0,2000,v2a_u08,0,0,42,0.8,0.3,walk_queue_ablation
1469,29.38,0.800000011920929,0.30000001192092896,0.27829861640930176,0.5085597634315491,-0.11454165726900101,0.3837074637413025,0,2000,v2a_u08,0,0,42,0.8,0.3,walk_queue_ablation
1470,29.400000000000002,0.800000011920929,0.30000001192092896,0.2711617946624756,0.4913298785686493,-0.08883088082075119,0.5155659914016724,0,2000,v2a_u08,0,0,42,0.8,0.3,walk_queue_ablation
1471,29.42,0.800000011920929,0.30000001192092896,0.26395630836486816,0.4702579081058502,-0.068924181163311,0.2882312536239624,0,2000,v2a_u08,0,0,42,0.8,0.3,walk_queue_ablation
1472,29.44,0.800000011920929,0.30000001192092896,0.2597450017929077,0.4581451117992401,-0.04686114192008972,-0.012340070679783821,0,2000,v2a_u08,0,0,42,0.8,0.3,walk_queue_ablation
1473,29.46,0.800000011920929,0.30000001192092896,0.2583029270172119,0.4565982222557068,-0.023425858467817307,-0.19914878904819489,0,2000,v2a_u08,0,0,42,0.8,0.3,walk_queue_ablation
1474,29.48,0.800000011920929,0.30000001192092896,0.25886642932891846,0.4663063883781433,0.0013101319782435894,-0.3208428621292114,0,2000,v2a_u08,0,0,42,0.8,0.3,walk_queue_ablation
1475,29.5,0.800000011920929,0.30000001192092896,0.260425329208374,0.4859510064125061,0.02605692483484745,-0.3438303470611572,0,2000,v2a_u08,0,0,42,0.8,0.3,walk_queue_ablation
1476,29.52,0.800000011920929,0.30000001192092896,0.2624979019165039,0.5085852146148682,0.05212380737066269,-0.36249247193336487,0,2000,v2a_u08,0,0,42,0.8,0.3,walk_queue_ablation
1477,29.54,0.800000011920929,0.30000001192092896,0.26583099365234375,0.5296165347099304,0.07247860729694366,-0.4513207972049713,0,2000,v2a_u08,0,0,42,0.8,0.3,walk_queue_ablation
1478,29.560000000000002,0.800000011920929,0.30000001192092896,0.2697608470916748,0.5517017841339111,0.09377846866846085,-0.40313369035720825,0,2000,v2a_u08,0,0,42,0.8,0.3,walk_queue_ablation
1479,29.580000000000002,0.800000011920929,0.30000001192092896,0.27338874340057373,0.5751441717147827,0.10892824083566666,-0.30602678656578064,0,2000,v2a_u08,0,0,42,0.8,0.3,walk_queue_ablation
1480,29.6,0.800000011920929,0.30000001192092896,0.27592718601226807,0.5987498164176941,0.12749506533145905,-0.1634981334209442,0,2000,v2a_u08,0,0,42,0.8,0.3,walk_queue_ablation
1481,29.62,0.800000011920929,0.30000001192092896,0.2773839235305786,0.6235030293464661,0.150538831949234,-0.04869748651981354,0,2000,v2a_u08,0,0,42,0.8,0.3,walk_queue_ablation
1482,29.64,0.800000011920929,0.30000001192092896,0.2781604528427124,0.6528082489967346,0.17644928395748138,0.03969138115644455,0,2000,v2a_u08,0,0,42,0.8,0.3,walk_queue_ablation
1483,29.66,0.800000011920929,0.30000001192092896,0.2783036231994629,0.6824586391448975,0.2064582258462906,0.1318274736404419,0,2000,v2a_u08,0,0,42,0.8,0.3,walk_queue_ablation
1484,29.68,0.800000011920929,0.30000001192092896,0.2775585651397705,0.7143189907073975,0.23850460350513458,0.23461571335792542,0,2000,v2a_u08,0,0,42,0.8,0.3,walk_queue_ablation
1485,29.7,0.800000011920929,0.30000001192092896,0.27632951736450195,0.7494642734527588,0.268574059009552,0.2831059694290161,0,2000,v2a_u08,0,0,42,0.8,0.3,walk_queue_ablation
1486,29.72,0.800000011920929,0.30000001192092896,0.2746126651763916,0.7822725176811218,0.3032315671443939,0.33170968294143677,0,2000,v2a_u08,0,0,42,0.8,0.3,walk_queue_ablation
1487,29.740000000000002,0.800000011920929,0.30000001192092896,0.27153754234313965,0.8158502578735352,0.345897912979126,0.4366033971309662,0,2000,v2a_u08,0,0,42,0.8,0.3,walk_queue_ablation
1488,29.76,0.800000011920929,0.30000001192092896,0.26762890815734863,0.8496333360671997,0.3896898329257965,0.4877842664718628,0,2000,v2a_u08,0,0,42,0.8,0.3,walk_queue_ablation
1489,29.78,0.800000011920929,0.30000001192092896,0.2641184329986572,0.8343220353126526,0.3848731517791748,0.8987693786621094,0,2000,v2a_u08,0,0,42,0.8,0.3,walk_queue_ablation
1490,29.8,0.800000011920929,0.30000001192092896,0.2603853940963745,0.7636277079582214,0.33426541090011597,-0.00429126899689436,0,2000,v2a_u08,0,0,42,0.8,0.3,walk_queue_ablation
1491,29.82,0.800000011920929,0.30000001192092896,0.26406073570251465,0.6993656158447266,0.2797620892524719,-0.36832869052886963,0,2000,v2a_u08,0,0,42,0.8,0.3,walk_queue_ablation
1492,29.84,0.800000011920929,0.30000001192092896,0.268481969833374,0.6578414440155029,0.22733166813850403,-0.2095949947834015,0,2000,v2a_u08,0,0,42,0.8,0.3,walk_queue_ablation
1493,29.86,0.800000011920929,0.30000001192092896,0.27113795280456543,0.6137732267379761,0.1827705204486847,0.09665714204311371,0,2000,v2a_u08,0,0,42,0.8,0.3,walk_queue_ablation
1494,29.88,0.800000011920929,0.30000001192092896,0.27040183544158936,0.5886107683181763,0.1480514258146286,0.3633692264556885,0,2000,v2a_u08,0,0,42,0.8,0.3,walk_queue_ablation
1495,29.900000000000002,0.800000011920929,0.30000001192092896,0.2676236629486084,0.5607007145881653,0.11932586133480072,0.595044732093811,0,2000,v2a_u08,0,0,42,0.8,0.3,walk_queue_ablation
1496,29.92,0.800000011920929,0.30000001192092896,0.2643369436264038,0.5310142636299133,0.09119512140750885,0.5411238074302673,0,2000,v2a_u08,0,0,42,0.8,0.3,walk_queue_ablation
1497,29.94,0.800000011920929,0.30000001192092896,0.2617610692977905,0.5081955194473267,0.06283882260322571,0.3820505142211914,0,2000,v2a_u08,0,0,42,0.8,0.3,walk_queue_ablation
1498,29.96,0.800000011920929,0.30000001192092896,0.2604835033416748,0.49132078886032104,0.04160423204302788,0.25660520792007446,0,2000,v2a_u08,0,0,42,0.8,0.3,walk_queue_ablation
1499,29.98,0.800000011920929,0.30000001192092896,0.9778090715408325,0.4965966045856476,0.023428283631801605,0.07732000946998596,0,2000,v2a_u08,0,0,42,0.8,0.3,walk_queue_ablation
1500,30.0,0.800000011920929,0.30000001192092896,0.9784771203994751,0.5041876435279846,0.013065428473055363,-0.04233190417289734,0,2000,v2a_u08,0,0,42,0.8,0.3,walk_queue_ablation
1501,30.02,0.800000011920929,0.30000001192092896,0.9797574281692505,0.514746904373169,0.004465291276574135,-0.12942014634609222,0,2000,v2a_u08,0,0,42,0.8,0.3,walk_queue_ablation
1502,30.04,0.800000011920929,0.30000001192092896,0.9813977479934692,0.5254642963409424,-0.004535972140729427,-0.18620982766151428,0,2000,v2a_u08,0,0,42,0.8,0.3,walk_queue_ablation
1503,30.060000000000002,0.800000011920929,0.30000001192092896,0.9828826189041138,0.5393405556678772,-0.015603242442011833,-0.18869096040725708,0,2000,v2a_u08,0,0,42,0.8,0.3,walk_queue_ablation
1504,30.080000000000002,0.800000011920929,0.30000001192092896,0.983718991279602,0.5558403730392456,-0.03048418089747429,-0.1509772539138794,0,2000,v2a_u08,0,0,42,0.8,0.3,walk_queue_ablation
1505,30.1,0.800000011920929,0.30000001192092896,0.98334801197052,0.5712420344352722,-0.05030560493469238,-0.03975161910057068,0,2000,v2a_u08,0,0,42,0.8,0.3,walk_queue_ablation
1506,30.12,0.800000011920929,0.30000001192092896,0.9813395738601685,0.5859116911888123,-0.07591427117586136,0.10222411155700684,0,2000,v2a_u08,0,0,42,0.8,0.3,walk_queue_ablation
1507,30.14,0.800000011920929,0.30000001192092896,0.9780107736587524,0.5931625962257385,-0.10720492899417877,0.242634117603302,0,2000,v2a_u08,0,0,42,0.8,0.3,walk_queue_ablation
1508,30.16,0.800000011920929,0.30000001192092896,0.9736844301223755,0.5938815474510193,-0.13973799347877502,0.39281153678894043,0,2000,v2a_u08,0,0,42,0.8,0.3,walk_queue_ablation
1509,30.18,0.800000011920929,0.30000001192092896,0.9677249193191528,0.5906637907028198,-0.16993223130702972,0.5480513572692871,0,2000,v2a_u08,0,0,42,0.8,0.3,walk_queue_ablation
1510,30.2,0.800000011920929,0.30000001192092896,0.9607383012771606,0.5838328003883362,-0.19291110336780548,0.552625298500061,0,2000,v2a_u08,0,0,42,0.8,0.3,walk_queue_ablation
1511,30.22,0.800000011920929,0.30000001192092896,0.9551612138748169,0.5456463098526001,-0.1494491994380951,0.5799455642700195,0,2000,v2a_u08,0,0,42,0.8,0.3,walk_queue_ablation
1512,30.240000000000002,0.800000011920929,0.30000001192092896,0.9457317590713501,0.5304930806159973,-0.12522929906845093,0.8108538389205933,0,2000,v2a_u08,0,0,42,0.8,0.3,walk_queue_ablation
1513,30.26,0.800000011920929,0.30000001192092896,0.935498833656311,0.5016503930091858,-0.11082443594932556,0.6221909523010254,0,2000,v2a_u08,0,0,42,0.8,0.3,walk_queue_ablation
1514,30.28,0.800000011920929,0.30000001192092896,0.9278246164321899,0.48284006118774414,-0.09124425053596497,0.33387279510498047,0,2000,v2a_u08,0,0,42,0.8,0.3,walk_queue_ablation
1515,30.3,0.800000011920929,0.30000001192092896,0.9227310419082642,0.47768697142601013,-0.06865265965461731,0.1529405415058136,0,2000,v2a_u08,0,0,42,0.8,0.3,walk_queue_ablation
1516,30.32,0.800000011920929,0.30000001192092896,0.9198213815689087,0.4826653301715851,-0.045601893216371536,-0.01290527731180191,0,2000,v2a_u08,0,0,42,0.8,0.3,walk_queue_ablation
1517,30.34,0.800000011920929,0.30000001192092896,0.918336033821106,0.4941084086894989,-0.020199254155158997,-0.09490013122558594,0,2000,v2a_u08,0,0,42,0.8,0.3,walk_queue_ablation
1518,30.36,0.800000011920929,0.30000001192092896,0.9183813333511353,0.5157753825187683,0.0032334409188479185,-0.20996993780136108,0,2000,v2a_u08,0,0,42,0.8,0.3,walk_queue_ablation
1519,30.38,0.800000011920929,0.30000001192092896,0.9202076196670532,0.5386220216751099,0.02314203605055809,-0.323129266500473,0,2000,v2a_u08,0,0,42,0.8,0.3,walk_queue_ablation
1520,30.400000000000002,0.800000011920929,0.30000001192092896,0.9229804277420044,0.5652735829353333,0.04153759032487869,-0.310343861579895,0,2000,v2a_u08,0,0,42,0.8,0.3,walk_queue_ablation
1521,30.42,0.800000011920929,0.30000001192092896,0.9256702661514282,0.5905784368515015,0.05725272372364998,-0.23522397875785828,0,2000,v2a_u08,0,0,42,0.8,0.3,walk_queue_ablation
1522,30.44,0.800000011920929,0.30000001192092896,0.9273382425308228,0.6141455769538879,0.0749998539686203,-0.09350553154945374,0,2000,v2a_u08,0,0,42,0.8,0.3,walk_queue_ablation
1523,30.46,0.800000011920929,0.30000001192092896,0.9280544519424438,0.6374958753585815,0.09518224745988846,0.0037569969426840544,0,2000,v2a_u08,0,0,42,0.8,0.3,walk_queue_ablation
1524,30.48,0.800000011920929,0.30000001192092896,0.9282494783401489,0.6626307964324951,0.11730406433343887,0.07381394505500793,0,2000,v2a_u08,0,0,42,0.8,0.3,walk_queue_ablation
1525,30.5,0.800000011920929,0.30000001192092896,0.9280511140823364,0.6896466612815857,0.14133800566196442,0.14553911983966827,0,2000,v2a_u08,0,0,42,0.8,0.3,walk_queue_ablation
1526,30.52,0.800000011920929,0.30000001192092896,0.9271756410598755,0.7190716862678528,0.16869109869003296,0.2460310310125351,0,2000,v2a_u08,0,0,42,0.8,0.3,walk_queue_ablation
1527,30.54,0.800000011920929,0.30000001192092896,0.925484299659729,0.7541249394416809,0.19535687565803528,0.3420414924621582,0,2000,v2a_u08,0,0,42,0.8,0.3,walk_queue_ablation
1528,30.560000000000002,0.800000011920929,0.30000001192092896,0.9226671457290649,0.7931415438652039,0.22231344878673553,0.4706428050994873,0,2000,v2a_u08,0,0,42,0.8,0.3,walk_queue_ablation
1529,30.580000000000002,0.800000011920929,0.30000001192092896,0.9181085824966431,0.8296619653701782,0.25384044647216797,0.6066008806228638,0,2000,v2a_u08,0,0,42,0.8,0.3,walk_queue_ablation
1530,30.6,0.800000011920929,0.30000001192092896,0.9121295213699341,0.8657590746879578,0.28810200095176697,0.6706440448760986,0,2000,v2a_u08,0,0,42,0.8,0.3,walk_queue_ablation
1531,30.62,0.800000011920929,0.30000001192092896,0.9067651033401489,0.896839439868927,0.3233144283294678,0.5223366022109985,0,2000,v2a_u08,0,0,42,0.8,0.3,walk_queue_ablation
1532,30.64,0.800000011920929,0.30000001192092896,0.9028602838516235,0.8468967080116272,0.30217283964157104,0.48050743341445923,0,2000,v2a_u08,0,0,42,0.8,0.3,walk_queue_ablation
1533,30.66,0.800000011920929,0.30000001192092896,0.9030691385269165,0.7776216864585876,0.23974429070949554,-0.2570754289627075,0,2000,v2a_u08,0,0,42,0.8,0.3,walk_queue_ablation
1534,30.68,0.800000011920929,0.30000001192092896,0.9072424173355103,0.7179975509643555,0.19168543815612793,-0.29278433322906494,0,2000,v2a_u08,0,0,42,0.8,0.3,walk_queue_ablation
1535,30.7,0.800000011920929,0.30000001192092896,0.9103060960769653,0.6723328828811646,0.15140996873378754,0.03688368573784828,0,2000,v2a_u08,0,0,42,0.8,0.3,walk_queue_ablation
1536,30.72,0.800000011920929,0.30000001192092896,0.9097729921340942,0.6325967907905579,0.11179227381944656,0.4586932361125946,0,2000,v2a_u08,0,0,42,0.8,0.3,walk_queue_ablation
1537,30.740000000000002,0.800000011920929,0.30000001192092896,0.9058762788772583,0.5975332260131836,0.0786457508802414,0.7103938460350037,0,2000,v2a_u08,0,0,42,0.8,0.3,walk_queue_ablation
1538,30.76,0.800000011920929,0.30000001192092896,0.9010087251663208,0.5658921003341675,0.04918105527758598,0.7304163575172424,0,2000,v2a_u08,0,0,42,0.8,0.3,walk_queue_ablation
1539,30.78,0.800000011920929,0.30000001192092896,0.8959413766860962,0.5414494276046753,0.027006477117538452,0.7177094221115112,0,2000,v2a_u08,0,0,42,0.8,0.3,walk_queue_ablation
1540,30.8,0.800000011920929,0.30000001192092896,0.8913203477859497,0.5221889019012451,0.004815993830561638,0.5911551713943481,0,2000,v2a_u08,0,0,42,0.8,0.3,walk_queue_ablation
1541,30.82,0.800000011920929,0.30000001192092896,0.8877474069595337,0.5150012373924255,-0.01510405633598566,0.4261276423931122,0,2000,v2a_u08,0,0,42,0.8,0.3,walk_queue_ablation
1542,30.84,0.800000011920929,0.30000001192092896,0.8855205774307251,0.5148959755897522,-0.02887440100312233,0.2526242136955261,0,2000,v2a_u08,0,0,42,0.8,0.3,walk_queue_ablation
1543,30.86,0.800000011920929,0.30000001192092896,0.8840409517288208,0.520928144454956,-0.03808723762631416,0.1541549265384674,0,2000,v2a_u08,0,0,42,0.8,0.3,walk_queue_ablation
1544,30.88,0.800000011920929,0.30000001192092896,0.8832179307937622,0.5300003886222839,-0.048028986901044846,0.0477067306637764,0,2000,v2a_u08,0,0,42,0.8,0.3,walk_queue_ablation
1545,30.900000000000002,0.800000011920929,0.30000001192092896,0.8830019235610962,0.5411144495010376,-0.058810122311115265,-0.03984516113996506,0,2000,v2a_u08,0,0,42,0.8,0.3,walk_queue_ablation
1546,30.92,0.800000011920929,0.30000001192092896,0.8827553987503052,0.5545732378959656,-0.071597620844841,-0.047812074422836304,0,2000,v2a_u08,0,0,42,0.8,0.3,walk_queue_ablation
1547,30.94,0.800000011920929,0.30000001192092896,0.8818265199661255,0.5675157904624939,-0.08936534076929092,0.003640508046373725,0,2000,v2a_u08,0,0,42,0.8,0.3,walk_queue_ablation
1548,30.96,0.800000011920929,0.30000001192092896,0.8796979188919067,0.5783095955848694,-0.11381105333566666,0.11836206912994385,0,2000,v2a_u08,0,0,42,0.8,0.3,walk_queue_ablation
1549,30.98,0.800000011920929,0.30000001192092896,0.8762298822402954,0.5857744812965393,-0.14397895336151123,0.23597441613674164,0,2000,v2a_u08,0,0,42,0.8,0.3,walk_queue_ablation
1550,31.0,0.800000011920929,0.30000001192092896,0.8722463846206665,0.5870374441146851,-0.1781616359949112,0.313721626996994,0,2000,v2a_u08,0,0,42,0.8,0.3,walk_queue_ablation
1551,31.02,0.800000011920929,0.30000001192092896,0.8675051927566528,0.5859396457672119,-0.21127918362617493,0.4000681936740875,0,2000,v2a_u08,0,0,42,0.8,0.3,walk_queue_ablation
1552,31.04,0.800000011920929,0.30000001192092896,0.862068772315979,0.5840122103691101,-0.24140486121177673,0.3902475833892822,0,2000,v2a_u08,0,0,42,0.8,0.3,walk_queue_ablation
1553,31.060000000000002,0.800000011920929,0.30000001192092896,0.8576093912124634,0.5764336585998535,-0.2610403001308441,0.18995748460292816,0,2000,v2a_u08,0,0,42,0.8,0.3,walk_queue_ablation
1554,31.080000000000002,0.800000011920929,0.30000001192092896,0.8537322282791138,0.5387846231460571,-0.1920074075460434,0.631223201751709,0,2000,v2a_u08,0,0,42,0.8,0.3,walk_queue_ablation
1555,31.1,0.800000011920929,0.30000001192092896,0.8429461717605591,0.5187314748764038,-0.16544537246227264,0.9006417989730835,0,2000,v2a_u08,0,0,42,0.8,0.3,walk_queue_ablation
1556,31.12,0.800000011920929,0.30000001192092896,0.8318067789077759,0.48493045568466187,-0.14156579971313477,0.6811896562576294,0,2000,v2a_u08,0,0,42,0.8,0.3,walk_queue_ablation
1557,31.14,0.800000011920929,0.30000001192092896,0.8238435983657837,0.46862974762916565,-0.11768057197332382,0.39296022057533264,0,2000,v2a_u08,0,0,42,0.8,0.3,walk_queue_ablation
1558,31.16,0.800000011920929,0.30000001192092896,0.8185240030288696,0.4699447751045227,-0.09251116216182709,0.20321936905384064,0,2000,v2a_u08,0,0,42,0.8,0.3,walk_queue_ablation
1559,31.18,0.800000011920929,0.30000001192092896,0.8155666589736938,0.4800708293914795,-0.06583666801452637,0.004153527319431305,0,2000,v2a_u08,0,0,42,0.8,0.3,walk_queue_ablation
1560,31.2,0.800000011920929,0.30000001192092896,0.8142939805984497,0.49629634618759155,-0.03649879992008209,-0.10208390653133392,0,2000,v2a_u08,0,0,42,0.8,0.3,walk_queue_ablation
1561,31.220000000000002,0.800000011920929,0.30000001192092896,0.8149057626724243,0.5204141736030579,-0.010463536716997623,-0.2479906529188156,0,2000,v2a_u08,0,0,42,0.8,0.3,walk_queue_ablation
1562,31.240000000000002,0.800000011920929,0.30000001192092896,0.817578911781311,0.5451673269271851,0.010804659686982632,-0.36968639492988586,0,2000,v2a_u08,0,0,42,0.8,0.3,walk_queue_ablation
1563,31.26,0.800000011920929,0.30000001192092896,0.8208490610122681,0.5725281238555908,0.03134644031524658,-0.30392909049987793,0,2000,v2a_u08,0,0,42,0.8,0.3,walk_queue_ablation
1564,31.28,0.800000011920929,0.30000001192092896,0.8235145807266235,0.5934434533119202,0.05137591063976288,-0.20510809123516083,0,2000,v2a_u08,0,0,42,0.8,0.3,walk_queue_ablation
1565,31.3,0.800000011920929,0.30000001192092896,0.8251820802688599,0.6143935322761536,0.07297184318304062,-0.08575762808322906,0,2000,v2a_u08,0,0,42,0.8,0.3,walk_queue_ablation
1566,31.32,0.800000011920929,0.30000001192092896,0.8262063264846802,0.6366429328918457,0.09648606181144714,-0.009871828369796276,0,2000,v2a_u08,0,0,42,0.8,0.3,walk_queue_ablation
1567,31.34,0.800000011920929,0.30000001192092896,0.8267942667007446,0.6613898277282715,0.12211060523986816,0.0655146986246109,0,2000,v2a_u08,0,0,42,0.8,0.3,walk_queue_ablation
1568,31.36,0.800000011920929,0.30000001192092896,0.8266521692276001,0.6869922280311584,0.15181508660316467,0.17078056931495667,0,2000,v2a_u08,0,0,42,0.8,0.3,walk_queue_ablation
1569,31.38,0.800000011920929,0.30000001192092896,0.8255563974380493,0.717194139957428,0.18225644528865814,0.2856709957122803,0,2000,v2a_u08,0,0,42,0.8,0.3,walk_queue_ablation
1570,31.400000000000002,0.800000011920929,0.30000001192092896,0.8234840631484985,0.7523919939994812,0.21115104854106903,0.3967442810535431,0,2000,v2a_u08,0,0,42,0.8,0.3,walk_queue_ablation
1571,31.42,0.800000011920929,0.30000001192092896,0.820111870765686,0.7867302298545837,0.24399131536483765,0.5131734609603882,0,2000,v2a_u08,0,0,42,0.8,0.3,walk_queue_ablation
1572,31.44,0.800000011920929,0.30000001192092896,0.8149353265762329,0.8202846050262451,0.2814182639122009,0.637039303779602,0,2000,v2a_u08,0,0,42,0.8,0.3,walk_queue_ablation
1573,31.46,0.800000011920929,0.30000001192092896,0.8091264963150024,0.8537155389785767,0.32097190618515015,0.6328847408294678,0,2000,v2a_u08,0,0,42,0.8,0.3,walk_queue_ablation
1574,31.48,0.800000011920929,0.30000001192092896,0.8047400712966919,0.8516520857810974,0.3282869756221771,0.7457245588302612,0,2000,v2a_u08,0,0,42,0.8,0.3,walk_queue_ablation
1575,31.5,0.800000011920929,0.30000001192092896,0.801864743232727,0.775473952293396,0.27354443073272705,-0.07697243988513947,0,2000,v2a_u08,0,0,42,0.8,0.3,walk_queue_ablation
1576,31.52,0.800000011920929,0.30000001192092896,0.8055912256240845,0.7134175896644592,0.22555390000343323,-0.3767085671424866,0,2000,v2a_u08,0,0,42,0.8,0.3,walk_queue_ablation
1577,31.54,0.800000011920929,0.30000001192092896,0.8101574182510376,0.670756995677948,0.18516753613948822,-0.2132575660943985,0,2000,v2a_u08,0,0,42,0.8,0.3,walk_queue_ablation
1578,31.560000000000002,0.800000011920929,0.30000001192092896,0.8122164011001587,0.6361495852470398,0.14362753927707672,0.1769525706768036,0,2000,v2a_u08,0,0,42,0.8,0.3,walk_queue_ablation
1579,31.580000000000002,0.800000011920929,0.30000001192092896,0.8103405237197876,0.6024832129478455,0.11120504885911942,0.5646741390228271,0,2000,v2a_u08,0,0,42,0.8,0.3,walk_queue_ablation
1580,31.6,0.800000011920929,0.30000001192092896,0.8062425851821899,0.574946939945221,0.08002639561891556,0.6838157773017883,0,2000,v2a_u08,0,0,42,0.8,0.3,walk_queue_ablation
1581,31.62,0.800000011920929,0.30000001192092896,0.8013468980789185,0.5446776747703552,0.054079633206129074,0.7376703023910522,0,2000,v2a_u08,0,0,42,0.8,0.3,walk_queue_ablation
1582,31.64,0.800000011920929,0.30000001192092896,0.7966181039810181,0.5186980366706848,0.027654999867081642,0.6348276138305664,0,2000,v2a_u08,0,0,42,0.8,0.3,walk_queue_ablation
1583,31.66,0.800000011920929,0.30000001192092896,0.7925969362258911,0.504802405834198,0.006531769409775734,0.5205642580986023,0,2000,v2a_u08,0,0,42,0.8,0.3,walk_queue_ablation
1584,31.68,0.800000011920929,0.30000001192092896,0.7898141145706177,0.5026028752326965,-0.009666653349995613,0.318266898393631,0,2000,v2a_u08,0,0,42,0.8,0.3,walk_queue_ablation
1585,31.7,0.800000011920929,0.30000001192092896,0.7879863977432251,0.506683349609375,-0.02067054994404316,0.21527381241321564,0,2000,v2a_u08,0,0,42,0.8,0.3,walk_queue_ablation
1586,31.720000000000002,0.800000011920929,0.30000001192092896,0.7866908311843872,0.514613926410675,-0.029492534697055817,0.11719702184200287,0,2000,v2a_u08,0,0,42,0.8,0.3,walk_queue_ablation
1587,31.740000000000002,0.800000011920929,0.30000001192092896,0.7860895395278931,0.525260329246521,-0.03867792338132858,0.007992515340447426,0,2000,v2a_u08,0,0,42,0.8,0.3,walk_queue_ablation
1588,31.76,0.800000011920929,0.30000001192092896,0.7860532999038696,0.5384524464607239,-0.04897037148475647,-0.07157576084136963,0,2000,v2a_u08,0,0,42,0.8,0.3,walk_queue_ablation
1589,31.78,0.800000011920929,0.30000001192092896,0.7859393358230591,0.5527245998382568,-0.06201348081231117,-0.07368738204240799,0,2000,v2a_u08,0,0,42,0.8,0.3,walk_queue_ablation
1590,31.8,0.800000011920929,0.30000001192092896,0.7850271463394165,0.5660643577575684,-0.08039787411689758,0.0005401009693741798,0,2000,v2a_u08,0,0,42,0.8,0.3,walk_queue_ablation
1591,31.82,0.800000011920929,0.30000001192092896,0.7828809022903442,0.5790063142776489,-0.10452787578105927,0.1068275049328804,0,2000,v2a_u08,0,0,42,0.8,0.3,walk_queue_ablation
1592,31.84,0.800000011920929,0.30000001192092896,0.7798062562942505,0.5877302289009094,-0.13370250165462494,0.19423125684261322,0,2000,v2a_u08,0,0,42,0.8,0.3,walk_queue_ablation
1593,31.86,0.800000011920929,0.30000001192092896,0.7764559984207153,0.5911911129951477,-0.16483135521411896,0.252189576625824,0,2000,v2a_u08,0,0,42,0.8,0.3,walk_queue_ablation
1594,31.88,0.800000011920929,0.30000001192092896,0.7723261117935181,0.5923627614974976,-0.19375759363174438,0.32692328095436096,0,2000,v2a_u08,0,0,42,0.8,0.3,walk_queue_ablation
1595,31.900000000000002,0.800000011920929,0.30000001192092896,0.7676597833633423,0.5909536480903625,-0.21865017712116241,0.29298093914985657,0,2000,v2a_u08,0,0,42,0.8,0.3,walk_queue_ablation
1596,31.92,0.800000011920929,0.30000001192092896,0.7640215158462524,0.544184684753418,-0.18749015033245087,0.1286487877368927,0,2000,v2a_u08,0,0,42,0.8,0.3,walk_queue_ablation
1597,31.94,0.800000011920929,0.30000001192092896,0.7559100389480591,0.5280697345733643,-0.14520496129989624,0.848493218421936,0,2000,v2a_u08,0,0,42,0.8,0.3,walk_queue_ablation
1598,31.96,0.800000011920929,0.30000001192092896,0.7447367906570435,0.5002843141555786,-0.1258537620306015,0.7459947466850281,0,2000,v2a_u08,0,0,42,0.8,0.3,walk_queue_ablation
1599,31.98,0.800000011920929,0.30000001192092896,0.7358208894729614,0.480610728263855,-0.10460733622312546,0.4499408006668091,0,2000,v2a_u08,0,0,42,0.8,0.3,walk_queue_ablation
1600,32.0,0.800000011920929,0.30000001192092896,0.7298117876052856,0.47204655408859253,-0.07828199863433838,0.21739810705184937,0,2000,v2a_u08,0,0,42,0.8,0.3,walk_queue_ablation
1601,32.02,0.800000011920929,0.30000001192092896,0.7267166376113892,0.475869745016098,-0.0523654967546463,-0.032690148800611496,0,2000,v2a_u08,0,0,42,0.8,0.3,walk_queue_ablation
1602,32.04,0.800000011920929,0.30000001192092896,0.7253624200820923,0.48750442266464233,-0.023315634578466415,-0.1089472696185112,0,2000,v2a_u08,0,0,42,0.8,0.3,walk_queue_ablation
1603,32.06,0.800000011920929,0.30000001192092896,0.7257910966873169,0.512900710105896,0.0022830762900412083,-0.25761860609054565,0,2000,v2a_u08,0,0,42,0.8,0.3,walk_queue_ablation
1604,32.08,0.800000011920929,0.30000001192092896,0.728007435798645,0.536722719669342,0.02426222898066044,-0.36250022053718567,0,2000,v2a_u08,0,0,42,0.8,0.3,walk_queue_ablation
1605,32.1,0.800000011920929,0.30000001192092896,0.7313300371170044,0.5585850477218628,0.0460529550909996,-0.37968334555625916,0,2000,v2a_u08,0,0,42,0.8,0.3,walk_queue_ablation
1606,32.12,0.800000011920929,0.30000001192092896,0.7347055673599243,0.5818681716918945,0.06600014865398407,-0.29863324761390686,0,2000,v2a_u08,0,0,42,0.8,0.3,walk_queue_ablation
1607,32.14,0.800000011920929,0.30000001192092896,0.7371340990066528,0.6037561297416687,0.08638633787631989,-0.16955123841762543,0,2000,v2a_u08,0,0,42,0.8,0.3,walk_queue_ablation
1608,32.160000000000004,0.800000011920929,0.30000001192092896,0.7386366128921509,0.6253195405006409,0.10884945094585419,-0.06601618975400925,0,2000,v2a_u08,0,0,42,0.8,0.3,walk_queue_ablation
1609,32.18,0.800000011920929,0.30000001192092896,0.7395321130752563,0.6485126614570618,0.13351945579051971,0.01376597210764885,0,2000,v2a_u08,0,0,42,0.8,0.3,walk_queue_ablation
1610,32.2,0.800000011920929,0.30000001192092896,0.7398611307144165,0.6743288636207581,0.1609177589416504,0.10997208207845688,0,2000,v2a_u08,0,0,42,0.8,0.3,walk_queue_ablation
1611,32.22,0.800000011920929,0.30000001192092896,0.7393227815628052,0.701969563961029,0.19195787608623505,0.2222747802734375,0,2000,v2a_u08,0,0,42,0.8,0.3,walk_queue_ablation
1612,32.24,0.800000011920929,0.30000001192092896,0.7378798723220825,0.7342735528945923,0.22249726951122284,0.3209128677845001,0,2000,v2a_u08,0,0,42,0.8,0.3,walk_queue_ablation
1613,32.26,0.800000011920929,0.30000001192092896,0.7354756593704224,0.7696099877357483,0.25293493270874023,0.42945122718811035,0,2000,v2a_u08,0,0,42,0.8,0.3,walk_queue_ablation
1614,32.28,0.800000011920929,0.30000001192092896,0.7314459085464478,0.8030648231506348,0.29052284359931946,0.5553955435752869,0,2000,v2a_u08,0,0,42,0.8,0.3,walk_queue_ablation
1615,32.3,0.800000011920929,0.30000001192092896,0.7258955240249634,0.8372220993041992,0.3308136463165283,0.6500303149223328,0,2000,v2a_u08,0,0,42,0.8,0.3,walk_queue_ablation
1616,32.32,0.800000011920929,0.30000001192092896,0.7205601930618286,0.8672769665718079,0.37097856402397156,0.5517098903656006,0,2000,v2a_u08,0,0,42,0.8,0.3,walk_queue_ablation
1617,32.34,0.800000011920929,0.30000001192092896,0.7161437273025513,0.7985440492630005,0.32678133249282837,0.2617771029472351,0,2000,v2a_u08,0,0,42,0.8,0.3,walk_queue_ablation
1618,32.36,0.800000011920929,0.30000001192092896,0.7177268266677856,0.7301750779151917,0.2629464268684387,-0.3080885410308838,0,2000,v2a_u08,0,0,42,0.8,0.3,walk_queue_ablation
1619,32.38,0.800000011920929,0.30000001192092896,0.7220603227615356,0.6764605641365051,0.213999405503273,-0.25917917490005493,0,2000,v2a_u08,0,0,42,0.8,0.3,walk_queue_ablation
1620,32.4,0.800000011920929,0.30000001192092896,0.7246071100234985,0.6354430913925171,0.17383155226707458,0.09051422774791718,0,2000,v2a_u08,0,0,42,0.8,0.3,walk_queue_ablation
1621,32.42,0.800000011920929,0.30000001192092896,0.7234150171279907,0.6018761992454529,0.13776721060276031,0.5048986673355103,0,2000,v2a_u08,0,0,42,0.8,0.3,walk_queue_ablation
1622,32.44,0.800000011920929,0.30000001192092896,0.7190834283828735,0.5706020593643188,0.10594527423381805,0.7277202606201172,0,2000,v2a_u08,0,0,42,0.8,0.3,walk_queue_ablation
1623,32.46,0.800000011920929,0.30000001192092896,0.7141748666763306,0.536709725856781,0.07550919055938721,0.7188550233840942,0,2000,v2a_u08,0,0,42,0.8,0.3,walk_queue_ablation
1624,32.480000000000004,0.800000011920929,0.30000001192092896,0.7094842195510864,0.509634792804718,0.050821419805288315,0.6552948355674744,0,2000,v2a_u08,0,0,42,0.8,0.3,walk_queue_ablation
1625,32.5,0.800000011920929,0.30000001192092896,0.7057067155838013,0.48760977387428284,0.026001891121268272,0.497186541557312,0,2000,v2a_u08,0,0,42,0.8,0.3,walk_queue_ablation
1626,32.52,0.800000011920929,0.30000001192092896,0.7032333612442017,0.4796685576438904,0.00451199384406209,0.3114059567451477,0,2000,v2a_u08,0,0,42,0.8,0.3,walk_queue_ablation
1627,32.54,0.800000011920929,0.30000001192092896,0.7021976709365845,0.48187360167503357,-0.008780954405665398,0.13067412376403809,0,2000,v2a_u08,0,0,42,0.8,0.3,walk_queue_ablation
1628,32.56,0.800000011920929,0.30000001192092896,0.7020379304885864,0.488625168800354,-0.017408141866326332,0.025840964168310165,0,2000,v2a_u08,0,0,42,0.8,0.3,walk_queue_ablation
1629,32.58,0.800000011920929,0.30000001192092896,0.7025052309036255,0.49809157848358154,-0.02627648040652275,-0.06930522620677948,0,2000,v2a_u08,0,0,42,0.8,0.3,walk_queue_ablation
1630,32.6,0.800000011920929,0.30000001192092896,0.7034598588943481,0.5088647603988647,-0.035416129976511,-0.14219078421592712,0,2000,v2a_u08,0,0,42,0.8,0.3,walk_queue_ablation
1631,32.62,0.800000011920929,0.30000001192092896,0.7043005228042603,0.5223280787467957,-0.04616108164191246,-0.1469123661518097,0,2000,v2a_u08,0,0,42,0.8,0.3,walk_queue_ablation
1632,32.64,0.800000011920929,0.30000001192092896,0.7044645547866821,0.5354325771331787,-0.06156013533473015,-0.09746010601520538,0,2000,v2a_u08,0,0,42,0.8,0.3,walk_queue_ablation
1633,32.660000000000004,0.800000011920929,0.30000001192092896,0.7033954858779907,0.5469426512718201,-0.08253084868192673,0.018726754933595657,0,2000,v2a_u08,0,0,42,0.8,0.3,walk_queue_ablation
1634,32.68,0.800000011920929,0.30000001192092896,0.7009397745132446,0.5562793612480164,-0.10886958986520767,0.132515549659729,0,2000,v2a_u08,0,0,42,0.8,0.3,walk_queue_ablation
1635,32.7,0.800000011920929,0.30000001192092896,0.6979566812515259,0.5595583319664001,-0.13929276168346405,0.19903738796710968,0,2000,v2a_u08,0,0,42,0.8,0.3,walk_queue_ablation
1636,32.72,0.800000011920929,0.30000001192092896,0.6944819688796997,0.558687686920166,-0.1689557135105133,0.2730017304420471,0,2000,v2a_u08,0,0,42,0.8,0.3,walk_queue_ablation
1637,32.74,0.800000011920929,0.30000001192092896,0.6901742219924927,0.556464672088623,-0.19533054530620575,0.3131589889526367,0,2000,v2a_u08,0,0,42,0.8,0.3,walk_queue_ablation
1638,32.76,0.800000011920929,0.30000001192092896,0.6859155893325806,0.5486385822296143,-0.21288269758224487,0.2268649786710739,0,2000,v2a_u08,0,0,42,0.8,0.3,walk_queue_ablation
1639,32.78,0.800000011920929,0.30000001192092896,0.6819149255752563,0.5102461576461792,-0.15302221477031708,0.5879625082015991,0,2000,v2a_u08,0,0,42,0.8,0.3,walk_queue_ablation
1640,32.8,0.800000011920929,0.30000001192092896,0.6717435121536255,0.49375084042549133,-0.1296524554491043,0.8339541554450989,0,2000,v2a_u08,0,0,42,0.8,0.3,walk_queue_ablation
1641,32.82,0.800000011920929,0.30000001192092896,0.6614242792129517,0.4662449061870575,-0.10904937982559204,0.5855517983436584,0,2000,v2a_u08,0,0,42,0.8,0.3,walk_queue_ablation
1642,32.84,0.800000011920929,0.30000001192092896,0.6545339822769165,0.45384135842323303,-0.08682075887918472,0.2545096278190613,0,2000,v2a_u08,0,0,42,0.8,0.3,walk_queue_ablation
1643,32.86,0.800000011920929,0.30000001192092896,0.6506015062332153,0.45569908618927,-0.06249459087848663,0.05201609805226326,0,2000,v2a_u08,0,0,42,0.8,0.3,walk_queue_ablation
1644,32.88,0.800000011920929,0.30000001192092896,0.6490556001663208,0.46670928597450256,-0.03711210936307907,-0.12867969274520874,0,2000,v2a_u08,0,0,42,0.8,0.3,walk_queue_ablation
1645,32.9,0.800000011920929,0.30000001192092896,0.648999810218811,0.4851655066013336,-0.009652454406023026,-0.20463056862354279,0,2000,v2a_u08,0,0,42,0.8,0.3,walk_queue_ablation
1646,32.92,0.800000011920929,0.30000001192092896,0.6503640413284302,0.5102254152297974,0.015856821089982986,-0.30717921257019043,0,2000,v2a_u08,0,0,42,0.8,0.3,walk_queue_ablation
1647,32.94,0.800000011920929,0.30000001192092896,0.653443455696106,0.5331114530563354,0.03679458051919937,-0.409426748752594,0,2000,v2a_u08,0,0,42,0.8,0.3,walk_queue_ablation
1648,32.96,0.800000011920929,0.30000001192092896,0.6570302248001099,0.558341920375824,0.0573088563978672,-0.34293508529663086,0,2000,v2a_u08,0,0,42,0.8,0.3,walk_queue_ablation
1649,32.980000000000004,0.800000011920929,0.30000001192092896,0.6599942445755005,0.5810027718544006,0.07556778937578201,-0.23189452290534973,0,2000,v2a_u08,0,0,42,0.8,0.3,walk_queue_ablation
1650,33.0,0.800000011920929,0.30000001192092896,0.6618262529373169,0.6035746335983276,0.09624204784631729,-0.09832415729761124,0,2000,v2a_u08,0,0,42,0.8,0.3,walk_queue_ablation
1651,33.02,0.800000011920929,0.30000001192092896,0.6628190279006958,0.6271945238113403,0.11927198618650436,-0.0035375552251935005,0,2000,v2a_u08,0,0,42,0.8,0.3,walk_queue_ablation
1652,33.04,0.800000011920929,0.30000001192092896,0.6632381677627563,0.653876006603241,0.14462660253047943,0.08077482879161835,0,2000,v2a_u08,0,0,42,0.8,0.3,walk_queue_ablation
1653,33.06,0.800000011920929,0.30000001192092896,0.6629387140274048,0.6814190745353699,0.17396073043346405,0.18138328194618225,0,2000,v2a_u08,0,0,42,0.8,0.3,walk_queue_ablation
1654,33.08,0.800000011920929,0.30000001192092896,0.6617857217788696,0.7127219438552856,0.20461450517177582,0.2829146087169647,0,2000,v2a_u08,0,0,42,0.8,0.3,walk_queue_ablation
1655,33.1,0.800000011920929,0.30000001192092896,0.6598416566848755,0.7486871480941772,0.23363061249256134,0.3723296523094177,0,2000,v2a_u08,0,0,42,0.8,0.3,walk_queue_ablation
1656,33.12,0.800000011920929,0.30000001192092896,0.6568561792373657,0.7833554744720459,0.26679179072380066,0.46811142563819885,0,2000,v2a_u08,0,0,42,0.8,0.3,walk_queue_ablation
1657,33.14,0.800000011920929,0.30000001192092896,0.6521855592727661,0.8178249597549438,0.30601266026496887,0.5893825888633728,0,2000,v2a_u08,0,0,42,0.8,0.3,walk_queue_ablation
1658,33.160000000000004,0.800000011920929,0.30000001192092896,0.6467996835708618,0.8511399030685425,0.3462277948856354,0.5984053611755371,0,2000,v2a_u08,0,0,42,0.8,0.3,walk_queue_ablation
1659,33.18,0.800000011920929,0.30000001192092896,0.6426483392715454,0.847709596157074,0.34936049580574036,0.7787085175514221,0,2000,v2a_u08,0,0,42,0.8,0.3,walk_queue_ablation
1660,33.2,0.800000011920929,0.30000001192092896,0.6398912668228149,0.7694272994995117,0.2934749722480774,-0.113306924700737,0,2000,v2a_u08,0,0,42,0.8,0.3,walk_queue_ablation
1661,33.22,0.800000011920929,0.30000001192092896,0.6439472436904907,0.7048487663269043,0.24357293546199799,-0.3947710692882538,0,2000,v2a_u08,0,0,42,0.8,0.3,walk_queue_ablation
1662,33.24,0.800000011920929,0.30000001192092896,0.6485110521316528,0.6602969169616699,0.20057722926139832,-0.2048313319683075,0,2000,v2a_u08,0,0,42,0.8,0.3,walk_queue_ablation
1663,33.26,0.800000011920929,0.30000001192092896,0.650589108467102,0.622884213924408,0.15858182311058044,0.17363165318965912,0,2000,v2a_u08,0,0,42,0.8,0.3,walk_queue_ablation
1664,33.28,0.800000011920929,0.30000001192092896,0.6487394571304321,0.5916390419006348,0.1259050965309143,0.5380914211273193,0,2000,v2a_u08,0,0,42,0.8,0.3,walk_queue_ablation
1665,33.3,0.800000011920929,0.30000001192092896,0.6447631120681763,0.5637428164482117,0.0955396443605423,0.677640438079834,0,2000,v2a_u08,0,0,42,0.8,0.3,walk_queue_ablation
1666,33.32,0.800000011920929,0.30000001192092896,0.6401745080947876,0.5318360924720764,0.06861136108636856,0.6982871890068054,0,2000,v2a_u08,0,0,42,0.8,0.3,walk_queue_ablation
1667,33.34,0.800000011920929,0.30000001192092896,0.6360121965408325,0.5053920745849609,0.04198407009243965,0.5636886954307556,0,2000,v2a_u08,0,0,42,0.8,0.3,walk_queue_ablation
1668,33.36,0.800000011920929,0.30000001192092896,0.6327840089797974,0.49157530069351196,0.021164197474718094,0.43354594707489014,0,2000,v2a_u08,0,0,42,0.8,0.3,walk_queue_ablation
1669,33.38,0.800000011920929,0.30000001192092896,0.6308523416519165,0.49008214473724365,0.0034165293909609318,0.23657041788101196,0,2000,v2a_u08,0,0,42,0.8,0.3,walk_queue_ablation
1670,33.4,0.800000011920929,0.30000001192092896,0.6298424005508423,0.49571487307548523,-0.006920755375176668,0.12871253490447998,0,2000,v2a_u08,0,0,42,0.8,0.3,walk_queue_ablation
1671,33.42,0.800000011920929,0.30000001192092896,0.6294723749160767,0.5048800706863403,-0.015550719574093819,0.023517752066254616,0,2000,v2a_u08,0,0,42,0.8,0.3,walk_queue_ablation
1672,33.44,0.800000011920929,0.30000001192092896,0.6297799348831177,0.5156881809234619,-0.024726154282689095,-0.07287660241127014,0,2000,v2a_u08,0,0,42,0.8,0.3,walk_queue_ablation
1673,33.46,0.800000011920929,0.30000001192092896,0.630412220954895,0.5285786986351013,-0.034817907959222794,-0.1238640546798706,0,2000,v2a_u08,0,0,42,0.8,0.3,walk_queue_ablation
1674,33.480000000000004,0.800000011920929,0.30000001192092896,0.6308275461196899,0.5430095195770264,-0.047867704182863235,-0.12328869104385376,0,2000,v2a_u08,0,0,42,0.8,0.3,walk_queue_ablation
1675,33.5,0.800000011920929,0.30000001192092896,0.6304594278335571,0.5565537214279175,-0.0660247728228569,-0.053753748536109924,0,2000,v2a_u08,0,0,42,0.8,0.3,walk_queue_ablation
1676,33.52,0.800000011920929,0.30000001192092896,0.6288849115371704,0.5692614316940308,-0.08936963230371475,0.04610179737210274,0,2000,v2a_u08,0,0,42,0.8,0.3,walk_queue_ablation
1677,33.54,0.800000011920929,0.30000001192092896,0.6264206171035767,0.5776732563972473,-0.11768188327550888,0.12670916318893433,0,2000,v2a_u08,0,0,42,0.8,0.3,walk_queue_ablation
1678,33.56,0.800000011920929,0.30000001192092896,0.6238018274307251,0.5806819796562195,-0.14784221351146698,0.17268265783786774,0,2000,v2a_u08,0,0,42,0.8,0.3,walk_queue_ablation
1679,33.58,0.800000011920929,0.30000001192092896,0.6205364465713501,0.5805359482765198,-0.17570063471794128,0.24834904074668884,0,2000,v2a_u08,0,0,42,0.8,0.3,walk_queue_ablation
1680,33.6,0.800000011920929,0.30000001192092896,0.616437554359436,0.5772950649261475,-0.19964763522148132,0.2638739049434662,0,2000,v2a_u08,0,0,42,0.8,0.3,walk_queue_ablation
1681,33.62,0.800000011920929,0.30000001192092896,0.6128603219985962,0.5291700959205627,-0.16653715074062347,0.034573595970869064,0,2000,v2a_u08,0,0,42,0.8,0.3,walk_queue_ablation
1682,33.64,0.800000011920929,0.30000001192092896,0.6058388948440552,0.5170172452926636,-0.13080424070358276,0.7333906292915344,0,2000,v2a_u08,0,0,42,0.8,0.3,walk_queue_ablation
1683,33.660000000000004,0.800000011920929,0.30000001192092896,0.5957885980606079,0.4898712933063507,-0.10892301052808762,0.6391876339912415,0,2000,v2a_u08,0,0,42,0.8,0.3,walk_queue_ablation
1684,33.68,0.800000011920929,0.30000001192092896,0.5878831148147583,0.4718317985534668,-0.08708907663822174,0.35253971815109253,0,2000,v2a_u08,0,0,42,0.8,0.3,walk_queue_ablation
1685,33.7,0.800000011920929,0.30000001192092896,0.5826507806777954,0.46390867233276367,-0.06085537374019623,0.14093288779258728,0,2000,v2a_u08,0,0,42,0.8,0.3,walk_queue_ablation
1686,33.72,0.800000011920929,0.30000001192092896,0.5803214311599731,0.4671296775341034,-0.03498027101159096,-0.11649921536445618,0,2000,v2a_u08,0,0,42,0.8,0.3,walk_queue_ablation
1687,33.74,0.800000011920929,0.30000001192092896,0.5798097848892212,0.47769895195961,-0.006758750881999731,-0.18609102070331573,0,2000,v2a_u08,0,0,42,0.8,0.3,walk_queue_ablation
1688,33.76,0.800000011920929,0.30000001192092896,0.580729603767395,0.5021252632141113,0.018865201622247696,-0.2885732352733612,0,2000,v2a_u08,0,0,42,0.8,0.3,walk_queue_ablation
1689,33.78,0.800000011920929,0.30000001192092896,0.5831724405288696,0.5250895619392395,0.040610577911138535,-0.38661929965019226,0,2000,v2a_u08,0,0,42,0.8,0.3,walk_queue_ablation
1690,33.8,0.800000011920929,0.30000001192092896,0.5866791009902954,0.5473865270614624,0.06221215799450874,-0.40148866176605225,0,2000,v2a_u08,0,0,42,0.8,0.3,walk_queue_ablation
1691,33.82,0.800000011920929,0.30000001192092896,0.5902124643325806,0.5704003572463989,0.08176809549331665,-0.31081509590148926,0,2000,v2a_u08,0,0,42,0.8,0.3,walk_queue_ablation
1692,33.84,0.800000011920929,0.30000001192092896,0.5926553010940552,0.5928701758384705,0.10124864429235458,-0.16444022953510284,0,2000,v2a_u08,0,0,42,0.8,0.3,walk_queue_ablation
1693,33.86,0.800000011920929,0.30000001192092896,0.5940910577774048,0.614031970500946,0.12325066328048706,-0.05994393303990364,0,2000,v2a_u08,0,0,42,0.8,0.3,walk_queue_ablation
1694,33.88,0.800000011920929,0.30000001192092896,0.5949345827102661,0.6369906663894653,0.1478615403175354,0.016662292182445526,0,2000,v2a_u08,0,0,42,0.8,0.3,walk_queue_ablation
1695,33.9,0.800000011920929,0.30000001192092896,0.595276951789856,0.6630532145500183,0.1754532754421234,0.1043379083275795,0,2000,v2a_u08,0,0,42,0.8,0.3,walk_queue_ablation
1696,33.92,0.800000011920929,0.30000001192092896,0.5948306322097778,0.6909741759300232,0.20705385506153107,0.21090398728847504,0,2000,v2a_u08,0,0,42,0.8,0.3,walk_queue_ablation
1697,33.94,0.800000011920929,0.30000001192092896,0.5935479402542114,0.7229321599006653,0.23832732439041138,0.30161052942276,0,2000,v2a_u08,0,0,42,0.8,0.3,walk_queue_ablation
1698,33.96,0.800000011920929,0.30000001192092896,0.5914441347122192,0.7575910091400146,0.26991143822669983,0.39462944865226746,0,2000,v2a_u08,0,0,42,0.8,0.3,walk_queue_ablation
1699,33.980000000000004,0.800000011920929,0.30000001192092896,0.5878969430923462,0.7893964648246765,0.30837365984916687,0.5027420520782471,0,2000,v2a_u08,0,0,42,0.8,0.3,walk_queue_ablation
1700,34.0,0.800000011920929,0.30000001192092896,0.5829044580459595,0.8231872916221619,0.3506644666194916,0.6021961569786072,0,2000,v2a_u08,0,0,42,0.8,0.3,walk_queue_ablation
1701,34.02,0.800000011920929,0.30000001192092896,0.5779010057449341,0.8527644276618958,0.39272746443748474,0.5424244403839111,0,2000,v2a_u08,0,0,42,0.8,0.3,walk_queue_ablation
1702,34.04,0.800000011920929,0.30000001192092896,0.5734106302261353,0.7848512530326843,0.34967923164367676,0.30718252062797546,0,2000,v2a_u08,0,0,42,0.8,0.3,walk_queue_ablation
1703,34.06,0.800000011920929,0.30000001192092896,0.5745869874954224,0.7166072130203247,0.2821071147918701,-0.2722892761230469,0,2000,v2a_u08,0,0,42,0.8,0.3,walk_queue_ablation
1704,34.08,0.800000011920929,0.30000001192092896,0.5787235498428345,0.6630709171295166,0.23173287510871887,-0.2552518844604492,0,2000,v2a_u08,0,0,42,0.8,0.3,walk_queue_ablation
1705,34.1,0.800000011920929,0.30000001192092896,0.5814892053604126,0.6230098605155945,0.19005389511585236,0.04457123577594757,0,2000,v2a_u08,0,0,42,0.8,0.3,walk_queue_ablation
1706,34.12,0.800000011920929,0.30000001192092896,0.5809251070022583,0.5902674794197083,0.15447714924812317,0.4209360182285309,0,2000,v2a_u08,0,0,42,0.8,0.3,walk_queue_ablation
1707,34.14,0.800000011920929,0.30000001192092896,0.5773264169692993,0.5601992011070251,0.12304377555847168,0.6543983817100525,0,2000,v2a_u08,0,0,42,0.8,0.3,walk_queue_ablation
1708,34.160000000000004,0.800000011920929,0.30000001192092896,0.5729752779006958,0.5273312926292419,0.09170185029506683,0.6678605675697327,0,2000,v2a_u08,0,0,42,0.8,0.3,walk_queue_ablation
1709,34.18,0.800000011920929,0.30000001192092896,0.5687204599380493,0.5008572936058044,0.06585283577442169,0.6095728874206543,0,2000,v2a_u08,0,0,42,0.8,0.3,walk_queue_ablation
1710,34.2,0.800000011920929,0.30000001192092896,0.5653663873672485,0.47873586416244507,0.03980297967791557,0.45423394441604614,0,2000,v2a_u08,0,0,42,0.8,0.3,walk_queue_ablation
1711,34.22,0.800000011920929,0.30000001192092896,0.5632883310317993,0.47046536207199097,0.01738680526614189,0.27336522936820984,0,2000,v2a_u08,0,0,42,0.8,0.3,walk_queue_ablation
1712,34.24,0.800000011920929,0.30000001192092896,0.562696099281311,0.47241389751434326,0.003419675398617983,0.085115946829319,0,2000,v2a_u08,0,0,42,0.8,0.3,walk_queue_ablation
1713,34.26,0.800000011920929,0.30000001192092896,0.563055157661438,0.4789193272590637,-0.0055439528077840805,-0.02593526802957058,0,2000,v2a_u08,0,0,42,0.8,0.3,walk_queue_ablation
1714,34.28,0.800000011920929,0.30000001192092896,0.5640255212783813,0.48823562264442444,-0.014374424703419209,-0.11519162356853485,0,2000,v2a_u08,0,0,42,0.8,0.3,walk_queue_ablation
1715,34.300000000000004,0.800000011920929,0.30000001192092896,0.5654445886611938,0.49876776337623596,-0.023300746455788612,-0.184406578540802,0,2000,v2a_u08,0,0,42,0.8,0.3,walk_queue_ablation
1716,34.32,0.800000011920929,0.30000001192092896,0.5667649507522583,0.5123243927955627,-0.03372223675251007,-0.19256150722503662,0,2000,v2a_u08,0,0,42,0.8,0.3,walk_queue_ablation
1717,34.34,0.800000011920929,0.30000001192092896,0.5674973726272583,0.5258936285972595,-0.048272762447595596,-0.15636129677295685,0,2000,v2a_u08,0,0,42,0.8,0.3,walk_queue_ablation
1718,34.36,0.800000011920929,0.30000001192092896,0.5671197175979614,0.5377622246742249,-0.06799058616161346,-0.053674500435590744,0,2000,v2a_u08,0,0,42,0.8,0.3,walk_queue_ablation
1719,34.38,0.800000011920929,0.30000001192092896,0.5654484033584595,0.5478124618530273,-0.09283482283353806,0.048846639692783356,0,2000,v2a_u08,0,0,42,0.8,0.3,walk_queue_ablation
1720,34.4,0.800000011920929,0.30000001192092896,0.5632435083389282,0.5519381165504456,-0.12184568494558334,0.11356477439403534,0,2000,v2a_u08,0,0,42,0.8,0.3,walk_queue_ablation
1721,34.42,0.800000011920929,0.30000001192092896,0.5606914758682251,0.5511531829833984,-0.1502373367547989,0.17873485386371613,0,2000,v2a_u08,0,0,42,0.8,0.3,walk_queue_ablation
1722,34.44,0.800000011920929,0.30000001192092896,0.5572892427444458,0.548480749130249,-0.17549031972885132,0.24085859954357147,0,2000,v2a_u08,0,0,42,0.8,0.3,walk_queue_ablation
1723,34.46,0.800000011920929,0.30000001192092896,0.5533877611160278,0.5403432846069336,-0.1924753338098526,0.23141352832317352,0,2000,v2a_u08,0,0,42,0.8,0.3,walk_queue_ablation
1724,34.480000000000004,0.800000011920929,0.30000001192092896,0.5495525598526001,0.5035339593887329,-0.14120492339134216,0.48920154571533203,0,2000,v2a_u08,0,0,42,0.8,0.3,walk_queue_ablation
1725,34.5,0.800000011920929,0.30000001192092896,0.5405179262161255,0.485870897769928,-0.11552152782678604,0.7520209550857544,0,2000,v2a_u08,0,0,42,0.8,0.3,walk_queue_ablation
1726,34.52,0.800000011920929,0.30000001192092896,0.5309673547744751,0.4597214460372925,-0.09580589830875397,0.5104484558105469,0,2000,v2a_u08,0,0,42,0.8,0.3,walk_queue_ablation
1727,34.54,0.800000011920929,0.30000001192092896,0.5248352289199829,0.44731467962265015,-0.0726890116930008,0.1712770313024521,0,2000,v2a_u08,0,0,42,0.8,0.3,walk_queue_ablation
1728,34.56,0.800000011920929,0.30000001192092896,0.5216628313064575,0.44899100065231323,-0.050849441438913345,-0.027144096791744232,0,2000,v2a_u08,0,0,42,0.8,0.3,walk_queue_ablation
1729,34.58,0.800000011920929,0.30000001192092896,0.5207329988479614,0.4608299434185028,-0.024250153452157974,-0.17862975597381592,0,2000,v2a_u08,0,0,42,0.8,0.3,walk_queue_ablation
1730,34.6,0.800000011920929,0.30000001192092896,0.5210801362991333,0.47865810990333557,0.0031106991227716208,-0.24544599652290344,0,2000,v2a_u08,0,0,42,0.8,0.3,walk_queue_ablation
1731,34.62,0.800000011920929,0.30000001192092896,0.5227266550064087,0.5023277401924133,0.02879980392754078,-0.33432286977767944,0,2000,v2a_u08,0,0,42,0.8,0.3,walk_queue_ablation
1732,34.64,0.800000011920929,0.30000001192092896,0.5259591341018677,0.5250921845436096,0.04964645951986313,-0.4258795380592346,0,2000,v2a_u08,0,0,42,0.8,0.3,walk_queue_ablation
1733,34.660000000000004,0.800000011920929,0.30000001192092896,0.5297213792800903,0.5502429008483887,0.06978912651538849,-0.3688044250011444,0,2000,v2a_u08,0,0,42,0.8,0.3,walk_queue_ablation
1734,34.68,0.800000011920929,0.30000001192092896,0.5329195261001587,0.5734996795654297,0.08793186396360397,-0.25610193610191345,0,2000,v2a_u08,0,0,42,0.8,0.3,walk_queue_ablation
1735,34.7,0.800000011920929,0.30000001192092896,0.5349279642105103,0.5960960388183594,0.10805553942918777,-0.1117757260799408,0,2000,v2a_u08,0,0,42,0.8,0.3,walk_queue_ablation
1736,34.72,0.800000011920929,0.30000001192092896,0.5358916521072388,0.6204124093055725,0.13112372159957886,0.002769606653600931,0,2000,v2a_u08,0,0,42,0.8,0.3,walk_queue_ablation
1737,34.74,0.800000011920929,0.30000001192092896,0.5362735986709595,0.6477477550506592,0.15608541667461395,0.0791437104344368,0,2000,v2a_u08,0,0,42,0.8,0.3,walk_queue_ablation
1738,34.76,0.800000011920929,0.30000001192092896,0.5360594987869263,0.6754131317138672,0.18554195761680603,0.16828463971614838,0,2000,v2a_u08,0,0,42,0.8,0.3,walk_queue_ablation
1739,34.78,0.800000011920929,0.30000001192092896,0.5350195169448853,0.7064862251281738,0.216685950756073,0.2666236162185669,0,2000,v2a_u08,0,0,42,0.8,0.3,walk_queue_ablation
1740,34.800000000000004,0.800000011920929,0.30000001192092896,0.5333462953567505,0.7420013546943665,0.24589088559150696,0.33732694387435913,0,2000,v2a_u08,0,0,42,0.8,0.3,walk_queue_ablation
1741,34.82,0.800000011920929,0.30000001192092896,0.530838131904602,0.7760044932365417,0.27958908677101135,0.4160209000110626,0,2000,v2a_u08,0,0,42,0.8,0.3,walk_queue_ablation
1742,34.84,0.800000011920929,0.30000001192092896,0.5267740488052368,0.8101608753204346,0.31998392939567566,0.531439483165741,0,2000,v2a_u08,0,0,42,0.8,0.3,walk_queue_ablation
1743,34.86,0.800000011920929,0.30000001192092896,0.5219069719314575,0.8433998227119446,0.3614656329154968,0.5615991353988647,0,2000,v2a_u08,0,0,42,0.8,0.3,walk_queue_ablation
1744,34.88,0.800000011920929,0.30000001192092896,0.5179659128189087,0.8437246084213257,0.37538373470306396,0.7293423414230347,0,2000,v2a_u08,0,0,42,0.8,0.3,walk_queue_ablation
1745,34.9,0.800000011920929,0.30000001192092896,0.5147963762283325,0.7597728371620178,0.3056771159172058,-0.050135109573602676,0,2000,v2a_u08,0,0,42,0.8,0.3,walk_queue_ablation
1746,34.92,0.800000011920929,0.30000001192092896,0.5182524919509888,0.6943440437316895,0.25140631198883057,-0.35386574268341064,0,2000,v2a_u08,0,0,42,0.8,0.3,walk_queue_ablation
1747,34.94,0.800000011920929,0.30000001192092896,0.5226961374282837,0.6496480703353882,0.20896197855472565,-0.21852841973304749,0,2000,v2a_u08,0,0,42,0.8,0.3,walk_queue_ablation
1748,34.96,0.800000011920929,0.30000001192092896,0.5250416994094849,0.6164584755897522,0.17036771774291992,0.11776460707187653,0,2000,v2a_u08,0,0,42,0.8,0.3,walk_queue_ablation
1749,34.980000000000004,0.800000011920929,0.30000001192092896,0.5237427949905396,0.5858071446418762,0.14098133146762848,0.4840708374977112,0,2000,v2a_u08,0,0,42,0.8,0.3,walk_queue_ablation
1750,35.0,0.800000011920929,0.30000001192092896,0.5204168558120728,0.557346761226654,0.11051176488399506,0.6037071943283081,0,2000,v2a_u08,0,0,42,0.8,0.3,walk_queue_ablation
1751,35.02,0.800000011920929,0.30000001192092896,0.5163465738296509,0.5233770608901978,0.08114103972911835,0.6547479033470154,0,2000,v2a_u08,0,0,42,0.8,0.3,walk_queue_ablation
1752,35.04,0.800000011920929,0.30000001192092896,0.5125771760940552,0.4954186975955963,0.05202898010611534,0.5231837630271912,0,2000,v2a_u08,0,0,42,0.8,0.3,walk_queue_ablation
1753,35.06,0.800000011920929,0.30000001192092896,0.5095897912979126,0.48241913318634033,0.029000964015722275,0.4041310250759125,0,2000,v2a_u08,0,0,42,0.8,0.3,walk_queue_ablation
1754,35.08,0.800000011920929,0.30000001192092896,0.508090615272522,0.4785429537296295,0.009686767123639584,0.1910916566848755,0,2000,v2a_u08,0,0,42,0.8,0.3,walk_queue_ablation
1755,35.1,0.800000011920929,0.30000001192092896,0.5075017213821411,0.48275595903396606,-0.0012372109340503812,0.09219904243946075,0,2000,v2a_u08,0,0,42,0.8,0.3,walk_queue_ablation
1756,35.12,0.800000011920929,0.30000001192092896,0.5074754953384399,0.49134841561317444,-0.010351988486945629,-0.006867066491395235,0,2000,v2a_u08,0,0,42,0.8,0.3,walk_queue_ablation
1757,35.14,0.800000011920929,0.30000001192092896,0.5080806016921997,0.5027416944503784,-0.019609445706009865,-0.10200919210910797,0,2000,v2a_u08,0,0,42,0.8,0.3,walk_queue_ablation
1758,35.160000000000004,0.800000011920929,0.30000001192092896,0.5090957880020142,0.5164589285850525,-0.029798854142427444,-0.16320301592350006,0,2000,v2a_u08,0,0,42,0.8,0.3,walk_queue_ablation
1759,35.18,0.800000011920929,0.30000001192092896,0.5099860429763794,0.531991183757782,-0.042378511279821396,-0.1718265563249588,0,2000,v2a_u08,0,0,42,0.8,0.3,walk_queue_ablation
1760,35.2,0.800000011920929,0.30000001192092896,0.5102049112319946,0.5467098355293274,-0.05978326126933098,-0.11697305738925934,0,2000,v2a_u08,0,0,42,0.8,0.3,walk_queue_ablation
1761,35.22,0.800000011920929,0.30000001192092896,0.509308934211731,0.5598236322402954,-0.08223839849233627,-0.02403935231268406,0,2000,v2a_u08,0,0,42,0.8,0.3,walk_queue_ablation
1762,35.24,0.800000011920929,0.30000001192092896,0.5074678659439087,0.5692805647850037,-0.10949201136827469,0.0600394606590271,0,2000,v2a_u08,0,0,42,0.8,0.3,walk_queue_ablation
1763,35.26,0.800000011920929,0.30000001192092896,0.5055199861526489,0.5725553035736084,-0.13897962868213654,0.09623008966445923,0,2000,v2a_u08,0,0,42,0.8,0.3,walk_queue_ablation
1764,35.28,0.800000011920929,0.30000001192092896,0.5030184984207153,0.572161078453064,-0.1660660356283188,0.17526975274085999,0,2000,v2a_u08,0,0,42,0.8,0.3,walk_queue_ablation
1765,35.300000000000004,0.800000011920929,0.30000001192092896,0.4995218515396118,0.5686318278312683,-0.1898122876882553,0.2253665179014206,0,2000,v2a_u08,0,0,42,0.8,0.3,walk_queue_ablation
1766,35.32,0.800000011920929,0.30000001192092896,0.496069073677063,0.5239986777305603,-0.15648458898067474,0.02261180616915226,0,2000,v2a_u08,0,0,42,0.8,0.3,walk_queue_ablation
1767,35.34,0.800000011920929,0.30000001192092896,0.4894057512283325,0.5088737607002258,-0.12003279477357864,0.7112717032432556,0,2000,v2a_u08,0,0,42,0.8,0.3,walk_queue_ablation
1768,35.36,0.800000011920929,0.30000001192092896,0.47966206073760986,0.4834860861301422,-0.10001713782548904,0.6039441823959351,0,2000,v2a_u08,0,0,42,0.8,0.3,walk_queue_ablation
1769,35.38,0.800000011920929,0.30000001192092896,0.4723306894302368,0.46653562784194946,-0.07786890864372253,0.2756956219673157,0,2000,v2a_u08,0,0,42,0.8,0.3,walk_queue_ablation
1770,35.4,0.800000011920929,0.30000001192092896,0.46785128116607666,0.4587053954601288,-0.05175275355577469,0.051509372889995575,0,2000,v2a_u08,0,0,42,0.8,0.3,walk_queue_ablation
1771,35.42,0.800000011920929,0.30000001192092896,0.46650421619415283,0.4629027843475342,-0.02579474076628685,-0.2140791118144989,0,2000,v2a_u08,0,0,42,0.8,0.3,walk_queue_ablation
1772,35.44,0.800000011920929,0.30000001192092896,0.4667140245437622,0.4749666452407837,0.0034353085793554783,-0.2447090893983841,0,2000,v2a_u08,0,0,42,0.8,0.3,walk_queue_ablation
1773,35.46,0.800000011920929,0.30000001192092896,0.4680973291397095,0.4994164705276489,0.02938813529908657,-0.3304073214530945,0,2000,v2a_u08,0,0,42,0.8,0.3,walk_queue_ablation
1774,35.480000000000004,0.800000011920929,0.30000001192092896,0.4709230661392212,0.5214332342147827,0.050504833459854126,-0.42518508434295654,0,2000,v2a_u08,0,0,42,0.8,0.3,walk_queue_ablation
1775,35.5,0.800000011920929,0.30000001192092896,0.4747673273086548,0.5421338081359863,0.0717022493481636,-0.43492966890335083,0,2000,v2a_u08,0,0,42,0.8,0.3,walk_queue_ablation
1776,35.52,0.800000011920929,0.30000001192092896,0.47857534885406494,0.5650825500488281,0.09077023714780807,-0.338623970746994,0,2000,v2a_u08,0,0,42,0.8,0.3,walk_queue_ablation
1777,35.54,0.800000011920929,0.30000001192092896,0.48133385181427,0.5878893733024597,0.10963200032711029,-0.19720429182052612,0,2000,v2a_u08,0,0,42,0.8,0.3,walk_queue_ablation
1778,35.56,0.800000011920929,0.30000001192092896,0.48297369480133057,0.6097354888916016,0.13197079300880432,-0.07452990114688873,0,2000,v2a_u08,0,0,42,0.8,0.3,walk_queue_ablation
1779,35.58,0.800000011920929,0.30000001192092896,0.48390257358551025,0.6336473226547241,0.1563323736190796,0.012832609936594963,0,2000,v2a_u08,0,0,42,0.8,0.3,walk_queue_ablation
1780,35.6,0.800000011920929,0.30000001192092896,0.48426878452301025,0.6603756546974182,0.18393537402153015,0.10506486147642136,0,2000,v2a_u08,0,0,42,0.8,0.3,walk_queue_ablation
1781,35.62,0.800000011920929,0.30000001192092896,0.4838148355484009,0.6885296106338501,0.21501027047634125,0.2094690352678299,0,2000,v2a_u08,0,0,42,0.8,0.3,walk_queue_ablation
1782,35.64,0.800000011920929,0.30000001192092896,0.4826008081436157,0.7205309271812439,0.24625341594219208,0.29080548882484436,0,2000,v2a_u08,0,0,42,0.8,0.3,walk_queue_ablation
1783,35.660000000000004,0.800000011920929,0.30000001192092896,0.4807330369949341,0.7550183534622192,0.27888306975364685,0.36503610014915466,0,2000,v2a_u08,0,0,42,0.8,0.3,walk_queue_ablation
1784,35.68,0.800000011920929,0.30000001192092896,0.47758686542510986,0.7869685888290405,0.3179703950881958,0.4615859091281891,0,2000,v2a_u08,0,0,42,0.8,0.3,walk_queue_ablation
1785,35.7,0.800000011920929,0.30000001192092896,0.47303831577301025,0.8213645219802856,0.36121228337287903,0.5643495321273804,0,2000,v2a_u08,0,0,42,0.8,0.3,walk_queue_ablation
1786,35.72,0.800000011920929,0.30000001192092896,0.4683462381362915,0.8511843085289001,0.40419745445251465,0.5270537734031677,0,2000,v2a_u08,0,0,42,0.8,0.3,walk_queue_ablation
1787,35.74,0.800000011920929,0.30000001192092896,0.46383917331695557,0.7746495008468628,0.3531217873096466,0.29695817828178406,0,2000,v2a_u08,0,0,42,0.8,0.3,walk_queue_ablation
1788,35.76,0.800000011920929,0.30000001192092896,0.46513521671295166,0.7114967107772827,0.28757357597351074,-0.2572956383228302,0,2000,v2a_u08,0,0,42,0.8,0.3,walk_queue_ablation
1789,35.78,0.800000011920929,0.30000001192092896,0.46913444995880127,0.6587038636207581,0.23734283447265625,-0.2456577569246292,0,2000,v2a_u08,0,0,42,0.8,0.3,walk_queue_ablation
1790,35.800000000000004,0.800000011920929,0.30000001192092896,0.47187530994415283,0.6194037795066833,0.19686603546142578,0.03257390856742859,0,2000,v2a_u08,0,0,42,0.8,0.3,walk_queue_ablation
1791,35.82,0.800000011920929,0.30000001192092896,0.47161734104156494,0.5886105298995972,0.16193829476833344,0.3658839762210846,0,2000,v2a_u08,0,0,42,0.8,0.3,walk_queue_ablation
1792,35.84,0.800000011920929,0.30000001192092896,0.46862804889678955,0.558521032333374,0.131911039352417,0.5942369103431702,0,2000,v2a_u08,0,0,42,0.8,0.3,walk_queue_ablation
1793,35.86,0.800000011920929,0.30000001192092896,0.46479856967926025,0.5239483714103699,0.10020960867404938,0.6168116331100464,0,2000,v2a_u08,0,0,42,0.8,0.3,walk_queue_ablation
1794,35.88,0.800000011920929,0.30000001192092896,0.46097004413604736,0.49421805143356323,0.07302720844745636,0.5720598101615906,0,2000,v2a_u08,0,0,42,0.8,0.3,walk_queue_ablation
1795,35.9,0.800000011920929,0.30000001192092896,0.4578639268875122,0.4728681743144989,0.046539656817913055,0.42385441064834595,0,2000,v2a_u08,0,0,42,0.8,0.3,walk_queue_ablation
1796,35.92,0.800000011920929,0.30000001192092896,0.45619356632232666,0.4657291769981384,0.023520883172750473,0.21662303805351257,0,2000,v2a_u08,0,0,42,0.8,0.3,walk_queue_ablation
1797,35.94,0.800000011920929,0.30000001192092896,0.45613300800323486,0.4689132869243622,0.00998448021709919,0.031223051249980927,0,2000,v2a_u08,0,0,42,0.8,0.3,walk_queue_ablation
1798,35.96,0.800000011920929,0.30000001192092896,0.45701420307159424,0.47666266560554504,0.001094589359126985,-0.07781519740819931,0,2000,v2a_u08,0,0,42,0.8,0.3,walk_queue_ablation
1799,35.980000000000004,0.800000011920929,0.30000001192092896,0.4584752321243286,0.48655465245246887,-0.007470715790987015,-0.1606139987707138,0,2000,v2a_u08,0,0,42,0.8,0.3,walk_queue_ablation
1800,36.0,0.800000011920929,0.30000001192092896,0.4603053331375122,0.49726831912994385,-0.016123071312904358,-0.22082141041755676,0,2000,v2a_u08,0,0,42,0.8,0.3,walk_queue_ablation
1801,36.02,0.800000011920929,0.30000001192092896,0.46198761463165283,0.5106041431427002,-0.026402154937386513,-0.22488154470920563,0,2000,v2a_u08,0,0,42,0.8,0.3,walk_queue_ablation
1802,36.04,0.800000011920929,0.30000001192092896,0.4630824327468872,0.5245161056518555,-0.040542181581258774,-0.19249016046524048,0,2000,v2a_u08,0,0,42,0.8,0.3,walk_queue_ablation
1803,36.06,0.800000011920929,0.30000001192092896,0.46316349506378174,0.5367557406425476,-0.05965665355324745,-0.10501983761787415,0,2000,v2a_u08,0,0,42,0.8,0.3,walk_queue_ablation
1804,36.08,0.800000011920929,0.30000001192092896,0.46203815937042236,0.5470237731933594,-0.08365659415721893,-0.007051894441246986,0,2000,v2a_u08,0,0,42,0.8,0.3,walk_queue_ablation
1805,36.1,0.800000011920929,0.30000001192092896,0.46032774448394775,0.5516932606697083,-0.11172061413526535,0.05894488841295242,0,2000,v2a_u08,0,0,42,0.8,0.3,walk_queue_ablation
1806,36.12,0.800000011920929,0.30000001192092896,0.45834505558013916,0.5511993765830994,-0.13939768075942993,0.11609487980604172,0,2000,v2a_u08,0,0,42,0.8,0.3,walk_queue_ablation
1807,36.14,0.800000011920929,0.30000001192092896,0.4555703401565552,0.5484556555747986,-0.1641596108675003,0.185922309756279,0,2000,v2a_u08,0,0,42,0.8,0.3,walk_queue_ablation
1808,36.160000000000004,0.800000011920929,0.30000001192092896,0.45201361179351807,0.5409695506095886,-0.179059237241745,0.2220047116279602,0,2000,v2a_u08,0,0,42,0.8,0.3,walk_queue_ablation
1809,36.18,0.800000011920929,0.30000001192092896,0.4484449625015259,0.5043085217475891,-0.1303221881389618,0.41500476002693176,0,2000,v2a_u08,0,0,42,0.8,0.3,walk_queue_ablation
1810,36.2,0.800000011920929,0.30000001192092896,0.440311074256897,0.4869767725467682,-0.10382267087697983,0.6793994903564453,0,2000,v2a_u08,0,0,42,0.8,0.3,walk_queue_ablation
1811,36.22,0.800000011920929,0.30000001192092896,0.43141138553619385,0.4630197584629059,-0.0844922810792923,0.4577195942401886,0,2000,v2a_u08,0,0,42,0.8,0.3,walk_queue_ablation
1812,36.24,0.800000011920929,0.30000001192092896,0.4256695508956909,0.45092400908470154,-0.06218906119465828,0.13110145926475525,0,2000,v2a_u08,0,0,42,0.8,0.3,walk_queue_ablation
1813,36.26,0.800000011920929,0.30000001192092896,0.4228501319885254,0.4509352147579193,-0.03883187472820282,-0.0656028762459755,0,2000,v2a_u08,0,0,42,0.8,0.3,walk_queue_ablation
1814,36.28,0.800000011920929,0.30000001192092896,0.42234838008880615,0.4620133936405182,-0.015089302323758602,-0.23027025163173676,0,2000,v2a_u08,0,0,42,0.8,0.3,walk_queue_ablation
1815,36.300000000000004,0.800000011920929,0.30000001192092896,0.4230996370315552,0.48063063621520996,0.010934696532785892,-0.2760024666786194,0,2000,v2a_u08,0,0,42,0.8,0.3,walk_queue_ablation
1816,36.32,0.800000011920929,0.30000001192092896,0.4248255491256714,0.5044235587120056,0.03699128329753876,-0.34020379185676575,0,2000,v2a_u08,0,0,42,0.8,0.3,walk_queue_ablation
1817,36.34,0.800000011920929,0.30000001192092896,0.4280858039855957,0.5267881155014038,0.058185726404190063,-0.44302669167518616,0,2000,v2a_u08,0,0,42,0.8,0.3,walk_queue_ablation
1818,36.36,0.800000011920929,0.30000001192092896,0.4320641756057739,0.551587700843811,0.07825487852096558,-0.4025435745716095,0,2000,v2a_u08,0,0,42,0.8,0.3,walk_queue_ablation
1819,36.38,0.800000011920929,0.30000001192092896,0.43556416034698486,0.5756098628044128,0.09558561444282532,-0.28629598021507263,0,2000,v2a_u08,0,0,42,0.8,0.3,walk_queue_ablation
1820,36.4,0.800000011920929,0.30000001192092896,0.43786776065826416,0.5987873077392578,0.11557578295469284,-0.14363625645637512,0,2000,v2a_u08,0,0,42,0.8,0.3,walk_queue_ablation
1821,36.42,0.800000011920929,0.30000001192092896,0.43916141986846924,0.6225930452346802,0.13845239579677582,-0.03143205866217613,0,2000,v2a_u08,0,0,42,0.8,0.3,walk_queue_ablation
1822,36.44,0.800000011920929,0.30000001192092896,0.4397622346878052,0.6506292223930359,0.1637265831232071,0.05978705734014511,0,2000,v2a_u08,0,0,42,0.8,0.3,walk_queue_ablation
1823,36.46,0.800000011920929,0.30000001192092896,0.4396730661392212,0.6791710257530212,0.19303692877292633,0.15701714158058167,0,2000,v2a_u08,0,0,42,0.8,0.3,walk_queue_ablation
1824,36.480000000000004,0.800000011920929,0.30000001192092896,0.43871939182281494,0.7104105949401855,0.22447077929973602,0.25991666316986084,0,2000,v2a_u08,0,0,42,0.8,0.3,walk_queue_ablation
1825,36.5,0.800000011920929,0.30000001192092896,0.4370816946029663,0.7459347248077393,0.25401368737220764,0.33399340510368347,0,2000,v2a_u08,0,0,42,0.8,0.3,walk_queue_ablation
1826,36.52,0.800000011920929,0.30000001192092896,0.4347273111343384,0.7801752090454102,0.28750452399253845,0.4002208709716797,0,2000,v2a_u08,0,0,42,0.8,0.3,walk_queue_ablation
1827,36.54,0.800000011920929,0.30000001192092896,0.43090999126434326,0.8141233921051025,0.32827678322792053,0.508004903793335,0,2000,v2a_u08,0,0,42,0.8,0.3,walk_queue_ablation
1828,36.56,0.800000011920929,0.30000001192092896,0.4262443780899048,0.8479102849960327,0.37080228328704834,0.5477719306945801,0,2000,v2a_u08,0,0,42,0.8,0.3,walk_queue_ablation
1829,36.58,0.800000011920929,0.30000001192092896,0.4223752021789551,0.8435131907463074,0.37787145376205444,0.7990643382072449,0,2000,v2a_u08,0,0,42,0.8,0.3,walk_queue_ablation
1830,36.6,0.800000011920929,0.30000001192092896,0.41886425018310547,0.7584511041641235,0.31520965695381165,-0.0157015360891819,0,2000,v2a_u08,0,0,42,0.8,0.3,walk_queue_ablation
1831,36.62,0.800000011920929,0.30000001192092896,0.42210209369659424,0.6938903331756592,0.26046454906463623,-0.3373849391937256,0,2000,v2a_u08,0,0,42,0.8,0.3,walk_queue_ablation
1832,36.64,0.800000011920929,0.30000001192092896,0.4268498420715332,0.6504387259483337,0.21481692790985107,-0.2613595724105835,0,2000,v2a_u08,0,0,42,0.8,0.3,walk_queue_ablation
1833,36.660000000000004,0.800000011920929,0.30000001192092896,0.4296058416366577,0.6177264451980591,0.17444570362567902,0.06328809261322021,0,2000,v2a_u08,0,0,42,0.8,0.3,walk_queue_ablation
1834,36.68,0.800000011920929,0.30000001192092896,0.42893242835998535,0.5875943899154663,0.14503906667232513,0.4265064597129822,0,2000,v2a_u08,0,0,42,0.8,0.3,walk_queue_ablation
1835,36.7,0.800000011920929,0.30000001192092896,0.4262200593948364,0.5630830526351929,0.11381400376558304,0.5468572974205017,0,2000,v2a_u08,0,0,42,0.8,0.3,walk_queue_ablation
1836,36.72,0.800000011920929,0.30000001192092896,0.4225353002548218,0.5294840335845947,0.08578960597515106,0.6221024394035339,0,2000,v2a_u08,0,0,42,0.8,0.3,walk_queue_ablation
1837,36.74,0.800000011920929,0.30000001192092896,0.41905391216278076,0.49857035279273987,0.055112939327955246,0.5019586086273193,0,2000,v2a_u08,0,0,42,0.8,0.3,walk_queue_ablation
1838,36.76,0.800000011920929,0.30000001192092896,0.4162638187408447,0.48469141125679016,0.030987337231636047,0.39909449219703674,0,2000,v2a_u08,0,0,42,0.8,0.3,walk_queue_ablation
1839,36.78,0.800000011920929,0.30000001192092896,0.414955735206604,0.4818459749221802,0.012417828664183617,0.16050280630588531,0,2000,v2a_u08,0,0,42,0.8,0.3,walk_queue_ablation
1840,36.800000000000004,0.800000011920929,0.30000001192092896,0.4147859811782837,0.4868394732475281,0.0010230294428765774,0.051639292389154434,0,2000,v2a_u08,0,0,42,0.8,0.3,walk_queue_ablation
1841,36.82,0.800000011920929,0.30000001192092896,0.41513288021087646,0.49585336446762085,-0.008351382799446583,-0.035170894116163254,0,2000,v2a_u08,0,0,42,0.8,0.3,walk_queue_ablation
1842,36.84,0.800000011920929,0.30000001192092896,0.41597771644592285,0.5076014399528503,-0.01731453835964203,-0.12239228934049606,0,2000,v2a_u08,0,0,42,0.8,0.3,walk_queue_ablation
1843,36.86,0.800000011920929,0.30000001192092896,0.41725194454193115,0.5212790369987488,-0.027731485664844513,-0.18859319388866425,0,2000,v2a_u08,0,0,42,0.8,0.3,walk_queue_ablation
1844,36.88,0.800000011920929,0.30000001192092896,0.418442964553833,0.5367825031280518,-0.04046927019953728,-0.2000269889831543,0,2000,v2a_u08,0,0,42,0.8,0.3,walk_queue_ablation
1845,36.9,0.800000011920929,0.30000001192092896,0.4189995527267456,0.5521737337112427,-0.057868339121341705,-0.15197664499282837,0,2000,v2a_u08,0,0,42,0.8,0.3,walk_queue_ablation
1846,36.92,0.800000011920929,0.30000001192092896,0.4185260534286499,0.5658807754516602,-0.08030309528112411,-0.06961186975240707,0,2000,v2a_u08,0,0,42,0.8,0.3,walk_queue_ablation
1847,36.94,0.800000011920929,0.30000001192092896,0.41710948944091797,0.5760646462440491,-0.10740653425455093,0.015282930806279182,0,2000,v2a_u08,0,0,42,0.8,0.3,walk_queue_ablation
1848,36.96,0.800000011920929,0.30000001192092896,0.4156097173690796,0.5801510810852051,-0.13683094084262848,0.047839079052209854,0,2000,v2a_u08,0,0,42,0.8,0.3,walk_queue_ablation
1849,36.980000000000004,0.800000011920929,0.30000001192092896,0.41360771656036377,0.5797260999679565,-0.1638985127210617,0.12997741997241974,0,2000,v2a_u08,0,0,42,0.8,0.3,walk_queue_ablation
1850,37.0,0.800000011920929,0.30000001192092896,0.41052162647247314,0.5749552249908447,-0.18498145043849945,0.179306298494339,0,2000,v2a_u08,0,0,42,0.8,0.3,walk_queue_ablation
1851,37.02,0.800000011920929,0.30000001192092896,0.40725815296173096,0.5261416435241699,-0.14949478209018707,0.05154629424214363,0,2000,v2a_u08,0,0,42,0.8,0.3,walk_queue_ablation
1852,37.04,0.800000011920929,0.30000001192092896,0.4008293151855469,0.51508629322052,-0.11418111622333527,0.6370030641555786,0,2000,v2a_u08,0,0,42,0.8,0.3,walk_queue_ablation
1853,37.06,0.800000011920929,0.30000001192092896,0.3917738199234009,0.4888838231563568,-0.09192167967557907,0.5229885578155518,0,2000,v2a_u08,0,0,42,0.8,0.3,walk_queue_ablation
1854,37.08,0.800000011920929,0.30000001192092896,0.3853611946105957,0.4735243618488312,-0.07039827853441238,0.19167448580265045,0,2000,v2a_u08,0,0,42,0.8,0.3,walk_queue_ablation
1855,37.1,0.800000011920929,0.30000001192092896,0.3818167448043823,0.46625664830207825,-0.04508774355053902,-0.03213411197066307,0,2000,v2a_u08,0,0,42,0.8,0.3,walk_queue_ablation
1856,37.12,0.800000011920929,0.30000001192092896,0.3809185028076172,0.4680546820163727,-0.017970843240618706,-0.24982337653636932,0,2000,v2a_u08,0,0,42,0.8,0.3,walk_queue_ablation
1857,37.14,0.800000011920929,0.30000001192092896,0.38167011737823486,0.47885677218437195,0.009313955903053284,-0.30094602704048157,0,2000,v2a_u08,0,0,42,0.8,0.3,walk_queue_ablation
1858,37.160000000000004,0.800000011920929,0.30000001192092896,0.3833216428756714,0.5033658742904663,0.03553463891148567,-0.3412191867828369,0,2000,v2a_u08,0,0,42,0.8,0.3,walk_queue_ablation
1859,37.18,0.800000011920929,0.30000001192092896,0.386275053024292,0.5249238610267639,0.05688763037323952,-0.4422273635864258,0,2000,v2a_u08,0,0,42,0.8,0.3,walk_queue_ablation
1860,37.2,0.800000011920929,0.30000001192092896,0.39018189907073975,0.5471065044403076,0.07847072929143906,-0.43927791714668274,0,2000,v2a_u08,0,0,42,0.8,0.3,walk_queue_ablation
1861,37.22,0.800000011920929,0.30000001192092896,0.3940565586090088,0.5695136189460754,0.09694705903530121,-0.34595879912376404,0,2000,v2a_u08,0,0,42,0.8,0.3,walk_queue_ablation
1862,37.24,0.800000011920929,0.30000001192092896,0.3968682289123535,0.5912464261054993,0.1156783401966095,-0.20287828147411346,0,2000,v2a_u08,0,0,42,0.8,0.3,walk_queue_ablation
1863,37.26,0.800000011920929,0.30000001192092896,0.39860260486602783,0.6131141185760498,0.1372828185558319,-0.08559158444404602,0,2000,v2a_u08,0,0,42,0.8,0.3,walk_queue_ablation
1864,37.28,0.800000011920929,0.30000001192092896,0.3996148109436035,0.6374932527542114,0.16191904246807098,0.004438980482518673,0,2000,v2a_u08,0,0,42,0.8,0.3,walk_queue_ablation
1865,37.300000000000004,0.800000011920929,0.30000001192092896,0.4000415802001953,0.6652078628540039,0.1898277997970581,0.09617792814970016,0,2000,v2a_u08,0,0,42,0.8,0.3,walk_queue_ablation
1866,37.32,0.800000011920929,0.30000001192092896,0.3996572494506836,0.6943584680557251,0.22146525979042053,0.2053225189447403,0,2000,v2a_u08,0,0,42,0.8,0.3,walk_queue_ablation
1867,37.34,0.800000011920929,0.30000001192092896,0.39851903915405273,0.7263888716697693,0.2528142035007477,0.28014710545539856,0,2000,v2a_u08,0,0,42,0.8,0.3,walk_queue_ablation
1868,37.36,0.800000011920929,0.30000001192092896,0.396825909614563,0.7605292201042175,0.28481680154800415,0.3457837998867035,0,2000,v2a_u08,0,0,42,0.8,0.3,walk_queue_ablation
1869,37.38,0.800000011920929,0.30000001192092896,0.3939453363418579,0.7921060919761658,0.32430124282836914,0.4336037337779999,0,2000,v2a_u08,0,0,42,0.8,0.3,walk_queue_ablation
1870,37.4,0.800000011920929,0.30000001192092896,0.38978123664855957,0.8260939121246338,0.36808279156684875,0.5283526182174683,0,2000,v2a_u08,0,0,42,0.8,0.3,walk_queue_ablation
1871,37.42,0.800000011920929,0.30000001192092896,0.3854074478149414,0.8563083410263062,0.4118843674659729,0.5068302154541016,0,2000,v2a_u08,0,0,42,0.8,0.3,walk_queue_ablation
1872,37.44,0.800000011920929,0.30000001192092896,0.38097333908081055,0.7780826687812805,0.3587263226509094,0.3187119662761688,0,2000,v2a_u08,0,0,42,0.8,0.3,walk_queue_ablation
1873,37.46,0.800000011920929,0.30000001192092896,0.3823345899581909,0.7154619693756104,0.2910475432872772,-0.271580308675766,0,2000,v2a_u08,0,0,42,0.8,0.3,walk_queue_ablation
1874,37.480000000000004,0.800000011920929,0.30000001192092896,0.38650989532470703,0.662645697593689,0.24205048382282257,-0.264939546585083,0,2000,v2a_u08,0,0,42,0.8,0.3,walk_queue_ablation
1875,37.5,0.800000011920929,0.30000001192092896,0.38963305950164795,0.6221309304237366,0.20167778432369232,-0.006742756348103285,0,2000,v2a_u08,0,0,42,0.8,0.3,walk_queue_ablation
1876,37.52,0.800000011920929,0.30000001192092896,0.3897508382797241,0.5894138813018799,0.16774864494800568,0.3337634801864624,0,2000,v2a_u08,0,0,42,0.8,0.3,walk_queue_ablation
1877,37.54,0.800000011920929,0.30000001192092896,0.38694989681243896,0.5598705410957336,0.13682156801223755,0.5765781402587891,0,2000,v2a_u08,0,0,42,0.8,0.3,walk_queue_ablation
1878,37.56,0.800000011920929,0.30000001192092896,0.3832371234893799,0.5270795822143555,0.1044682040810585,0.6050086617469788,0,2000,v2a_u08,0,0,42,0.8,0.3,walk_queue_ablation
1879,37.58,0.800000011920929,0.30000001192092896,0.3795222043991089,0.4995521306991577,0.07727813720703125,0.5545966625213623,0,2000,v2a_u08,0,0,42,0.8,0.3,walk_queue_ablation
1880,37.6,0.800000011920929,0.30000001192092896,0.37663066387176514,0.4775116741657257,0.050216712057590485,0.40529438853263855,0,2000,v2a_u08,0,0,42,0.8,0.3,walk_queue_ablation
1881,37.62,0.800000011920929,0.30000001192092896,0.3750879764556885,0.46965041756629944,0.026794958859682083,0.2123384326696396,0,2000,v2a_u08,0,0,42,0.8,0.3,walk_queue_ablation
1882,37.64,0.800000011920929,0.30000001192092896,0.3751204013824463,0.4718955159187317,0.012688296847045422,0.02092522382736206,0,2000,v2a_u08,0,0,42,0.8,0.3,walk_queue_ablation
1883,37.660000000000004,0.800000011920929,0.30000001192092896,0.37610554695129395,0.4790496528148651,0.003304131096228957,-0.08723301440477371,0,2000,v2a_u08,0,0,42,0.8,0.3,walk_queue_ablation
1884,37.68,0.800000011920929,0.30000001192092896,0.37763214111328125,0.4890170097351074,-0.005469108000397682,-0.16569073498249054,0,2000,v2a_u08,0,0,42,0.8,0.3,walk_queue_ablation
1885,37.7,0.800000011920929,0.30000001192092896,0.3795522451400757,0.4999648928642273,-0.014522000215947628,-0.22998110949993134,0,2000,v2a_u08,0,0,42,0.8,0.3,walk_queue_ablation
1886,37.72,0.800000011920929,0.30000001192092896,0.3813810348510742,0.5141361951828003,-0.02498437464237213,-0.24032700061798096,0,2000,v2a_u08,0,0,42,0.8,0.3,walk_queue_ablation
1887,37.74,0.800000011920929,0.30000001192092896,0.3826935291290283,0.5288219451904297,-0.03900137543678284,-0.21719084680080414,0,2000,v2a_u08,0,0,42,0.8,0.3,walk_queue_ablation
1888,37.76,0.800000011920929,0.30000001192092896,0.38306987285614014,0.5416929125785828,-0.057794954627752304,-0.13692577183246613,0,2000,v2a_u08,0,0,42,0.8,0.3,walk_queue_ablation
1889,37.78,0.800000011920929,0.30000001192092896,0.3823047876358032,0.5526319146156311,-0.08147899806499481,-0.04574940726161003,0,2000,v2a_u08,0,0,42,0.8,0.3,walk_queue_ablation
1890,37.800000000000004,0.800000011920929,0.30000001192092896,0.38100147247314453,0.5584332346916199,-0.10888956487178802,0.013361074030399323,0,2000,v2a_u08,0,0,42,0.8,0.3,walk_queue_ablation
1891,37.82,0.800000011920929,0.30000001192092896,0.37953782081604004,0.5588085055351257,-0.13609440624713898,0.06168927252292633,0,2000,v2a_u08,0,0,42,0.8,0.3,walk_queue_ablation
1892,37.84,0.800000011920929,0.30000001192092896,0.3772979974746704,0.5561103820800781,-0.16022121906280518,0.13945063948631287,0,2000,v2a_u08,0,0,42,0.8,0.3,walk_queue_ablation
1893,37.86,0.800000011920929,0.30000001192092896,0.3740546703338623,0.5489399433135986,-0.1744711995124817,0.21798668801784515,0,2000,v2a_u08,0,0,42,0.8,0.3,walk_queue_ablation
1894,37.88,0.800000011920929,0.30000001192092896,0.37050557136535645,0.5103600025177002,-0.12255962938070297,0.4076806306838989,0,2000,v2a_u08,0,0,42,0.8,0.3,walk_queue_ablation
1895,37.9,0.800000011920929,0.30000001192092896,0.3628115653991699,0.4921468198299408,-0.0970689132809639,0.6020650863647461,0,2000,v2a_u08,0,0,42,0.8,0.3,walk_queue_ablation
1896,37.92,0.800000011920929,0.30000001192092896,0.354653000831604,0.46918821334838867,-0.07663621753454208,0.384265661239624,0,2000,v2a_u08,0,0,42,0.8,0.3,walk_queue_ablation
1897,37.94,0.800000011920929,0.30000001192092896,0.3496677875518799,0.45717915892601013,-0.056617800146341324,0.05805763974785805,0,2000,v2a_u08,0,0,42,0.8,0.3,walk_queue_ablation
1898,37.96,0.800000011920929,0.30000001192092896,0.3475503921508789,0.4564740061759949,-0.03217717632651329,-0.13373303413391113,0,2000,v2a_u08,0,0,42,0.8,0.3,walk_queue_ablation
1899,37.980000000000004,0.800000011920929,0.30000001192092896,0.3475513458251953,0.46618321537971497,-0.00662021990865469,-0.27383992075920105,0,2000,v2a_u08,0,0,42,0.8,0.3,walk_queue_ablation
1900,38.0,0.800000011920929,0.30000001192092896,0.3488175868988037,0.48481783270835876,0.018928954377770424,-0.3257741630077362,0,2000,v2a_u08,0,0,42,0.8,0.3,walk_queue_ablation
1901,38.02,0.800000011920929,0.30000001192092896,0.3508354425430298,0.5079590678215027,0.04514696076512337,-0.3587743043899536,0,2000,v2a_u08,0,0,42,0.8,0.3,walk_queue_ablation
1902,38.04,0.800000011920929,0.30000001192092896,0.3541954755783081,0.5293176770210266,0.06630365550518036,-0.45176583528518677,0,2000,v2a_u08,0,0,42,0.8,0.3,walk_queue_ablation
1903,38.06,0.800000011920929,0.30000001192092896,0.3582202196121216,0.5529621243476868,0.08642390370368958,-0.409131795167923,0,2000,v2a_u08,0,0,42,0.8,0.3,walk_queue_ablation
1904,38.08,0.800000011920929,0.30000001192092896,0.36180949211120605,0.5757360458374023,0.10344867408275604,-0.295951247215271,0,2000,v2a_u08,0,0,42,0.8,0.3,walk_queue_ablation
1905,38.1,0.800000011920929,0.30000001192092896,0.3642212152481079,0.5990573763847351,0.12322286516427994,-0.15430188179016113,0,2000,v2a_u08,0,0,42,0.8,0.3,walk_queue_ablation
1906,38.12,0.800000011920929,0.30000001192092896,0.36561429500579834,0.6229048371315002,0.14610512554645538,-0.04055225849151611,0,2000,v2a_u08,0,0,42,0.8,0.3,walk_queue_ablation
1907,38.14,0.800000011920929,0.30000001192092896,0.3662874698638916,0.6511260867118835,0.17156879603862762,0.05486814305186272,0,2000,v2a_u08,0,0,42,0.8,0.3,walk_queue_ablation
1908,38.160000000000004,0.800000011920929,0.30000001192092896,0.3662298917770386,0.6799865961074829,0.2011466920375824,0.15310023725032806,0,2000,v2a_u08,0,0,42,0.8,0.3,walk_queue_ablation
1909,38.18,0.800000011920929,0.30000001192092896,0.36535561084747314,0.7112600207328796,0.23262250423431396,0.24931028485298157,0,2000,v2a_u08,0,0,42,0.8,0.3,walk_queue_ablation
1910,38.2,0.800000011920929,0.30000001192092896,0.36388635635375977,0.7462227940559387,0.2625174820423126,0.314333975315094,0,2000,v2a_u08,0,0,42,0.8,0.3,walk_queue_ablation
1911,38.22,0.800000011920929,0.30000001192092896,0.3618171215057373,0.7797228693962097,0.29665833711624146,0.3695964217185974,0,2000,v2a_u08,0,0,42,0.8,0.3,walk_queue_ablation
1912,38.24,0.800000011920929,0.30000001192092896,0.3583778142929077,0.8132092952728271,0.3383328914642334,0.4720381796360016,0,2000,v2a_u08,0,0,42,0.8,0.3,walk_queue_ablation
1913,38.26,0.800000011920929,0.30000001192092896,0.3540457487106323,0.8468917012214661,0.3814725875854492,0.5249952673912048,0,2000,v2a_u08,0,0,42,0.8,0.3,walk_queue_ablation
1914,38.28,0.800000011920929,0.30000001192092896,0.3503302335739136,0.8442540168762207,0.39213719964027405,0.7943527102470398,0,2000,v2a_u08,0,0,42,0.8,0.3,walk_queue_ablation
1915,38.300000000000004,0.800000011920929,0.30000001192092896,0.3466053009033203,0.759244441986084,0.32546427845954895,-0.0020783357322216034,0,2000,v2a_u08,0,0,42,0.8,0.3,walk_queue_ablation
1916,38.32,0.800000011920929,0.30000001192092896,0.34983038902282715,0.6957449316978455,0.2704886496067047,-0.3468754291534424,0,2000,v2a_u08,0,0,42,0.8,0.3,walk_queue_ablation
1917,38.34,0.800000011920929,0.30000001192092896,0.3547992706298828,0.6513277292251587,0.22493456304073334,-0.28769293427467346,0,2000,v2a_u08,0,0,42,0.8,0.3,walk_queue_ablation
1918,38.36,0.800000011920929,0.30000001192092896,0.3577718734741211,0.617632269859314,0.18442529439926147,0.05156037211418152,0,2000,v2a_u08,0,0,42,0.8,0.3,walk_queue_ablation
1919,38.38,0.800000011920929,0.30000001192092896,0.3572293519973755,0.5878859758377075,0.153834730386734,0.40796852111816406,0,2000,v2a_u08,0,0,42,0.8,0.3,walk_queue_ablation
1920,38.4,0.800000011920929,0.30000001192092896,0.3546779155731201,0.5631576180458069,0.12202160805463791,0.5279176831245422,0,2000,v2a_u08,0,0,42,0.8,0.3,walk_queue_ablation
1921,38.42,0.800000011920929,0.30000001192092896,0.35120439529418945,0.5313851237297058,0.09400197863578796,0.5944182872772217,0,2000,v2a_u08,0,0,42,0.8,0.3,walk_queue_ablation
1922,38.44,0.800000011920929,0.30000001192092896,0.34796202182769775,0.5026960372924805,0.06359837204217911,0.47644755244255066,0,2000,v2a_u08,0,0,42,0.8,0.3,walk_queue_ablation
1923,38.46,0.800000011920929,0.30000001192092896,0.3455082178115845,0.4877106845378876,0.03921521455049515,0.3708590269088745,0,2000,v2a_u08,0,0,42,0.8,0.3,walk_queue_ablation
1924,38.480000000000004,0.800000011920929,0.30000001192092896,0.3444772958755493,0.48371827602386475,0.020414309576153755,0.139194518327713,0,2000,v2a_u08,0,0,42,0.8,0.3,walk_queue_ablation
1925,38.5,0.800000011920929,0.30000001192092896,0.3444786071777344,0.48808613419532776,0.009061470627784729,0.03734122961759567,0,2000,v2a_u08,0,0,42,0.8,0.3,walk_queue_ablation
1926,38.52,0.800000011920929,0.30000001192092896,0.3449817895889282,0.49661049246788025,-0.0006155076553113759,-0.051044680178165436,0,2000,v2a_u08,0,0,42,0.8,0.3,walk_queue_ablation
1927,38.54,0.800000011920929,0.30000001192092896,0.34602057933807373,0.5075974464416504,-0.009562201797962189,-0.14038170874118805,0,2000,v2a_u08,0,0,42,0.8,0.3,walk_queue_ablation
1928,38.56,0.800000011920929,0.30000001192092896,0.34748566150665283,0.5207008123397827,-0.019843729212880135,-0.2042749524116516,0,2000,v2a_u08,0,0,42,0.8,0.3,walk_queue_ablation
1929,38.58,0.800000011920929,0.30000001192092896,0.34888219833374023,0.5362117290496826,-0.03234725445508957,-0.2204376608133316,0,2000,v2a_u08,0,0,42,0.8,0.3,walk_queue_ablation
1930,38.6,0.800000011920929,0.30000001192092896,0.34971868991851807,0.5517557263374329,-0.04915590584278107,-0.18202541768550873,0,2000,v2a_u08,0,0,42,0.8,0.3,walk_queue_ablation
1931,38.62,0.800000011920929,0.30000001192092896,0.34961676597595215,0.5656639337539673,-0.07083188742399216,-0.10757774114608765,0,2000,v2a_u08,0,0,42,0.8,0.3,walk_queue_ablation
1932,38.64,0.800000011920929,0.30000001192092896,0.34859180450439453,0.5764506459236145,-0.0969967320561409,-0.025066694244742393,0,2000,v2a_u08,0,0,42,0.8,0.3,walk_queue_ablation
1933,38.660000000000004,0.800000011920929,0.30000001192092896,0.34751784801483154,0.5815025568008423,-0.12557895481586456,0.0016131233423948288,0,2000,v2a_u08,0,0,42,0.8,0.3,walk_queue_ablation
1934,38.68,0.800000011920929,0.30000001192092896,0.34604430198669434,0.5814974904060364,-0.1515578329563141,0.07889106124639511,0,2000,v2a_u08,0,0,42,0.8,0.3,walk_queue_ablation
1935,38.7,0.800000011920929,0.30000001192092896,0.34343254566192627,0.5769939422607422,-0.172170951962471,0.14834044873714447,0,2000,v2a_u08,0,0,42,0.8,0.3,walk_queue_ablation
1936,38.72,0.800000011920929,0.30000001192092896,0.3402981758117676,0.5280424952507019,-0.13714800775051117,0.002746391110122204,0,2000,v2a_u08,0,0,42,0.8,0.3,walk_queue_ablation
1937,38.74,0.800000011920929,0.30000001192092896,0.3343167304992676,0.5156728625297546,-0.10061316192150116,0.6118255853652954,0,2000,v2a_u08,0,0,42,0.8,0.3,walk_queue_ablation
1938,38.76,0.800000011920929,0.30000001192092896,0.32567429542541504,0.49095264077186584,-0.08021458983421326,0.4810214340686798,0,2000,v2a_u08,0,0,42,0.8,0.3,walk_queue_ablation
1939,38.78,0.800000011920929,0.30000001192092896,0.3197277784347534,0.4748968780040741,-0.05813934653997421,0.1301882266998291,0,2000,v2a_u08,0,0,42,0.8,0.3,walk_queue_ablation
1940,38.800000000000004,0.800000011920929,0.30000001192092896,0.3167262077331543,0.46630150079727173,-0.033035147935152054,-0.07718013226985931,0,2000,v2a_u08,0,0,42,0.8,0.3,walk_queue_ablation
1941,38.82,0.800000011920929,0.30000001192092896,0.31623661518096924,0.4687378406524658,-0.007144205737859011,-0.2835339903831482,0,2000,v2a_u08,0,0,42,0.8,0.3,walk_queue_ablation
1942,38.84,0.800000011920929,0.30000001192092896,0.31727659702301025,0.4805709719657898,0.019738303497433662,-0.33030322194099426,0,2000,v2a_u08,0,0,42,0.8,0.3,walk_queue_ablation
1943,38.86,0.800000011920929,0.30000001192092896,0.3192840814590454,0.5052906274795532,0.045291271060705185,-0.3758670389652252,0,2000,v2a_u08,0,0,42,0.8,0.3,walk_queue_ablation
1944,38.88,0.800000011920929,0.30000001192092896,0.32233190536499023,0.5261127948760986,0.06720606237649918,-0.441856324672699,0,2000,v2a_u08,0,0,42,0.8,0.3,walk_queue_ablation
1945,38.9,0.800000011920929,0.30000001192092896,0.326244592666626,0.5483457446098328,0.0884089544415474,-0.44434699416160583,0,2000,v2a_u08,0,0,42,0.8,0.3,walk_queue_ablation
1946,38.92,0.800000011920929,0.30000001192092896,0.3302037715911865,0.5708754658699036,0.10698653757572174,-0.358914852142334,0,2000,v2a_u08,0,0,42,0.8,0.3,walk_queue_ablation
1947,38.94,0.800000011920929,0.30000001192092896,0.33307766914367676,0.592044472694397,0.12530791759490967,-0.2040252983570099,0,2000,v2a_u08,0,0,42,0.8,0.3,walk_queue_ablation
1948,38.96,0.800000011920929,0.30000001192092896,0.3347344398498535,0.6130672097206116,0.14696180820465088,-0.07586582005023956,0,2000,v2a_u08,0,0,42,0.8,0.3,walk_queue_ablation
1949,38.980000000000004,0.800000011920929,0.30000001192092896,0.3356567621231079,0.6370636224746704,0.17143994569778442,0.010719718411564827,0,2000,v2a_u08,0,0,42,0.8,0.3,walk_queue_ablation
1950,39.0,0.800000011920929,0.30000001192092896,0.3360496759414673,0.6642442345619202,0.19971923530101776,0.09674373269081116,0,2000,v2a_u08,0,0,42,0.8,0.3,walk_queue_ablation
1951,39.02,0.800000011920929,0.30000001192092896,0.33568549156188965,0.6928673982620239,0.23189938068389893,0.19853316247463226,0,2000,v2a_u08,0,0,42,0.8,0.3,walk_queue_ablation
1952,39.04,0.800000011920929,0.30000001192092896,0.3346661329269409,0.7245007157325745,0.2637297511100769,0.2645316421985626,0,2000,v2a_u08,0,0,42,0.8,0.3,walk_queue_ablation
1953,39.06,0.800000011920929,0.30000001192092896,0.3331730365753174,0.7581343650817871,0.29640400409698486,0.324006050825119,0,2000,v2a_u08,0,0,42,0.8,0.3,walk_queue_ablation
1954,39.08,0.800000011920929,0.30000001192092896,0.33057308197021484,0.7887488007545471,0.3365851938724518,0.4058385193347931,0,2000,v2a_u08,0,0,42,0.8,0.3,walk_queue_ablation
1955,39.1,0.800000011920929,0.30000001192092896,0.3267019987106323,0.8217648863792419,0.3811880648136139,0.5017355680465698,0,2000,v2a_u08,0,0,42,0.8,0.3,walk_queue_ablation
1956,39.12,0.800000011920929,0.30000001192092896,0.3225449323654175,0.851790189743042,0.4256875514984131,0.49455299973487854,0,2000,v2a_u08,0,0,42,0.8,0.3,walk_queue_ablation
1957,39.14,0.800000011920929,0.30000001192092896,0.3181488513946533,0.7715161442756653,0.37145689129829407,0.3140912353992462,0,2000,v2a_u08,0,0,42,0.8,0.3,walk_queue_ablation
1958,39.160000000000004,0.800000011920929,0.30000001192092896,0.31947100162506104,0.7103365659713745,0.3002171218395233,-0.2609320282936096,0,2000,v2a_u08,0,0,42,0.8,0.3,walk_queue_ablation
1959,39.18,0.800000011920929,0.30000001192092896,0.32358241081237793,0.6578106880187988,0.2501329779624939,-0.26354801654815674,0,2000,v2a_u08,0,0,42,0.8,0.3,walk_queue_ablation
1960,39.2,0.800000011920929,0.30000001192092896,0.326812744140625,0.6181867122650146,0.21044526994228363,-0.02995624765753746,0,2000,v2a_u08,0,0,42,0.8,0.3,walk_queue_ablation
1961,39.22,0.800000011920929,0.30000001192092896,0.32722997665405273,0.5868576169013977,0.17672964930534363,0.29515060782432556,0,2000,v2a_u08,0,0,42,0.8,0.3,walk_queue_ablation
1962,39.24,0.800000011920929,0.30000001192092896,0.3248097896575928,0.5567554831504822,0.1457979381084442,0.5440022945404053,0,2000,v2a_u08,0,0,42,0.8,0.3,walk_queue_ablation
1963,39.26,0.800000011920929,0.30000001192092896,0.3213845491409302,0.5247873067855835,0.11264020949602127,0.5779209136962891,0,2000,v2a_u08,0,0,42,0.8,0.3,walk_queue_ablation
1964,39.28,0.800000011920929,0.30000001192092896,0.31790590286254883,0.4969586431980133,0.08447859436273575,0.5344865322113037,0,2000,v2a_u08,0,0,42,0.8,0.3,walk_queue_ablation
1965,39.300000000000004,0.800000011920929,0.30000001192092896,0.31517529487609863,0.47519412636756897,0.05675264447927475,0.3896144926548004,0,2000,v2a_u08,0,0,42,0.8,0.3,walk_queue_ablation
1966,39.32,0.800000011920929,0.30000001192092896,0.3138052225112915,0.46770355105400085,0.03295446187257767,0.19343650341033936,0,2000,v2a_u08,0,0,42,0.8,0.3,walk_queue_ablation
1967,39.34,0.800000011920929,0.30000001192092896,0.31408560276031494,0.4695843756198883,0.018612107262015343,-0.004060341510921717,0,2000,v2a_u08,0,0,42,0.8,0.3,walk_queue_ablation
1968,39.36,0.800000011920929,0.30000001192092896,0.31529784202575684,0.47652366757392883,0.009177884086966515,-0.10700159519910812,0,2000,v2a_u08,0,0,42,0.8,0.3,walk_queue_ablation
1969,39.38,0.800000011920929,0.30000001192092896,0.31700384616851807,0.48635798692703247,0.000452083011623472,-0.18163444101810455,0,2000,v2a_u08,0,0,42,0.8,0.3,walk_queue_ablation
1970,39.4,0.800000011920929,0.30000001192092896,0.3190939426422119,0.4974229335784912,-0.008648212067782879,-0.24600152671337128,0,2000,v2a_u08,0,0,42,0.8,0.3,walk_queue_ablation
1971,39.42,0.800000011920929,0.30000001192092896,0.3211209774017334,0.511789083480835,-0.019099771976470947,-0.25985604524612427,0,2000,v2a_u08,0,0,42,0.8,0.3,walk_queue_ablation
1972,39.44,0.800000011920929,0.30000001192092896,0.32265734672546387,0.5270125269889832,-0.03286958485841751,-0.24021302163600922,0,2000,v2a_u08,0,0,42,0.8,0.3,walk_queue_ablation
1973,39.46,0.800000011920929,0.30000001192092896,0.3233104944229126,0.5402485728263855,-0.05138079822063446,-0.16609235107898712,0,2000,v2a_u08,0,0,42,0.8,0.3,walk_queue_ablation
1974,39.480000000000004,0.800000011920929,0.30000001192092896,0.32284343242645264,0.5515444874763489,-0.07451460510492325,-0.07547993212938309,0,2000,v2a_u08,0,0,42,0.8,0.3,walk_queue_ablation
1975,39.5,0.800000011920929,0.30000001192092896,0.321824312210083,0.5580183267593384,-0.10143760591745377,-0.017539141699671745,0,2000,v2a_u08,0,0,42,0.8,0.3,walk_queue_ablation
1976,39.52,0.800000011920929,0.30000001192092896,0.3207097053527832,0.55885249376297,-0.12822867929935455,0.024109011515975,0,2000,v2a_u08,0,0,42,0.8,0.3,walk_queue_ablation
1977,39.54,0.800000011920929,0.30000001192092896,0.3188563585281372,0.5562520027160645,-0.1519327014684677,0.10623038560152054,0,2000,v2a_u08,0,0,42,0.8,0.3,walk_queue_ablation
1978,39.56,0.800000011920929,0.30000001192092896,0.3158770799636841,0.5495225191116333,-0.16540922224521637,0.20918411016464233,0,2000,v2a_u08,0,0,42,0.8,0.3,walk_queue_ablation
1979,39.58,0.800000011920929,0.30000001192092896,0.31241440773010254,0.5104599595069885,-0.1139463558793068,0.38671571016311646,0,2000,v2a_u08,0,0,42,0.8,0.3,walk_queue_ablation
1980,39.6,0.800000011920929,0.30000001192092896,0.3051034212112427,0.4927980303764343,-0.08905130624771118,0.5559502840042114,0,2000,v2a_u08,0,0,42,0.8,0.3,walk_queue_ablation
1981,39.62,0.800000011920929,0.30000001192092896,0.2974897623062134,0.47067493200302124,-0.07041416317224503,0.32308724522590637,0,2000,v2a_u08,0,0,42,0.8,0.3,walk_queue_ablation
1982,39.64,0.800000011920929,0.30000001192092896,0.29305946826934814,0.45834580063819885,-0.049167487770318985,0.006388773210346699,0,2000,v2a_u08,0,0,42,0.8,0.3,walk_queue_ablation
1983,39.660000000000004,0.800000011920929,0.30000001192092896,0.29142963886260986,0.4574492275714874,-0.02447793260216713,-0.18620048463344574,0,2000,v2a_u08,0,0,42,0.8,0.3,walk_queue_ablation
1984,39.68,0.800000011920929,0.30000001192092896,0.2918933629989624,0.4663001000881195,0.0009936681017279625,-0.3187487721443176,0,2000,v2a_u08,0,0,42,0.8,0.3,walk_queue_ablation
1985,39.7,0.800000011920929,0.30000001192092896,0.293570876121521,0.48447486758232117,0.02627125382423401,-0.360870361328125,0,2000,v2a_u08,0,0,42,0.8,0.3,walk_queue_ablation
1986,39.72,0.800000011920929,0.30000001192092896,0.2958263158798218,0.5076656937599182,0.05235431343317032,-0.3756120800971985,0,2000,v2a_u08,0,0,42,0.8,0.3,walk_queue_ablation
1987,39.74,0.800000011920929,0.30000001192092896,0.29924309253692627,0.528382420539856,0.0737672969698906,-0.4571179747581482,0,2000,v2a_u08,0,0,42,0.8,0.3,walk_queue_ablation
1988,39.76,0.800000011920929,0.30000001192092896,0.30333006381988525,0.5515376329421997,0.09350376576185226,-0.4182523190975189,0,2000,v2a_u08,0,0,42,0.8,0.3,walk_queue_ablation
1989,39.78,0.800000011920929,0.30000001192092896,0.3069643974304199,0.5744339823722839,0.11008185893297195,-0.29729411005973816,0,2000,v2a_u08,0,0,42,0.8,0.3,walk_queue_ablation
1990,39.800000000000004,0.800000011920929,0.30000001192092896,0.3093348741531372,0.5984176993370056,0.12984170019626617,-0.14962303638458252,0,2000,v2a_u08,0,0,42,0.8,0.3,walk_queue_ablation
1991,39.82,0.800000011920929,0.30000001192092896,0.31067585945129395,0.6224861741065979,0.15295325219631195,-0.03781917318701744,0,2000,v2a_u08,0,0,42,0.8,0.3,walk_queue_ablation
1992,39.84,0.800000011920929,0.30000001192092896,0.3113025426864624,0.6509559750556946,0.17858584225177765,0.05849318206310272,0,2000,v2a_u08,0,0,42,0.8,0.3,walk_queue_ablation
1993,39.86,0.800000011920929,0.30000001192092896,0.31119871139526367,0.6802025437355042,0.20802024006843567,0.15582403540611267,0,2000,v2a_u08,0,0,42,0.8,0.3,walk_queue_ablation
1994,39.88,0.800000011920929,0.30000001192092896,0.31031227111816406,0.7114861011505127,0.23946525156497955,0.2470240443944931,0,2000,v2a_u08,0,0,42,0.8,0.3,walk_queue_ablation
1995,39.9,0.800000011920929,0.30000001192092896,0.3088899850845337,0.7462103962898254,0.26948875188827515,0.3058995306491852,0,2000,v2a_u08,0,0,42,0.8,0.3,walk_queue_ablation
1996,39.92,0.800000011920929,0.30000001192092896,0.30695807933807373,0.7794508934020996,0.3037436902523041,0.3519802987575531,0,2000,v2a_u08,0,0,42,0.8,0.3,walk_queue_ablation
1997,39.94,0.800000011920929,0.30000001192092896,0.30373823642730713,0.8128886818885803,0.34588924050331116,0.44950729608535767,0,2000,v2a_u08,0,0,42,0.8,0.3,walk_queue_ablation
1998,39.96,0.800000011920929,0.30000001192092896,0.2996211051940918,0.8466981649398804,0.38958069682121277,0.508994460105896,0,2000,v2a_u08,0,0,42,0.8,0.3,walk_queue_ablation
1999,39.980000000000004,0.800000011920929,0.30000001192092896,-0.6244072914123535,0.3333177864551544,0.3659699559211731,0.26277390122413635,0,2000,v2a_u08,0,0,42,0.8,0.3,walk_queue_ablation
