step,time_s,vx_cmd,vy_cmd,yaw_cmd,vx_actual,vy_actual,yaw_actual,fell,episode_steps,policy,delay_steps,delay_ms,seed,lin_vel_x,lin_vel_y,task
0,0.0,0.0,0.4000000059604645,-1.0296673774719238,0.22905682027339935,-0.42866647243499756,-0.45610272884368896,0,2000,v2a_u08,4,80,42,0.0,0.4,walk_queue_ablation
1,0.02,0.0,0.4000000059604645,-1.025240421295166,0.1805058717727661,-0.43728044629096985,-0.33013907074928284,0,2000,v2a_u08,4,80,42,0.0,0.4,walk_queue_ablation
2,0.04,0.0,0.4000000059604645,-1.0230019092559814,0.14057958126068115,-0.44391006231307983,-0.19843050837516785,0,2000,v2a_u08,4,80,42,0.0,0.4,walk_queue_ablation
3,0.06,0.0,0.4000000059604645,-1.020076870918274,0.10170400142669678,-0.4210245609283447,-0.344490647315979,0,2000,v2a_u08,4,80,42,0.0,0.4,walk_queue_ablation
4,0.08,0.0,0.4000000059604645,-1.0179963111877441,0.06324151903390884,-0.40386804938316345,-0.10983142256736755,0,2000,v2a_u08,4,80,42,0.0,0.4,walk_queue_ablation
5,0.1,0.0,0.4000000059604645,-1.0197346210479736,0.11307712644338608,-0.3954137861728668,0.3539559245109558,0,2000,v2a_u08,4,80,42,0.0,0.4,walk_queue_ablation
6,0.12,0.0,0.4000000059604645,-1.0234417915344238,0.009096302092075348,-0.3844183087348938,0.07322710007429123,0,2000,v2a_u08,4,80,42,0.0,0.4,walk_queue_ablation
7,0.14,0.0,0.4000000059604645,-1.0291770696640015,0.042721107602119446,-0.42838603258132935,0.7857495546340942,0,2000,v2a_u08,4,80,42,0.0,0.4,walk_queue_ablation
8,0.16,0.0,0.4000000059604645,-1.0314648151397705,0.06550449877977371,-0.48602771759033203,0.19342251121997833,0,2000,v2a_u08,4,80,42,0.0,0.4,walk_queue_ablation
9,0.18,0.0,0.4000000059604645,-1.0302789211273193,0.05988498777151108,-0.5248557925224304,0.2603684067726135,0,2000,v2a_u08,4,80,42,0.0,0.4,walk_queue_ablation
10,0.2,0.0,0.4000000059604645,-1.0318660736083984,0.07010224461555481,-0.5558863282203674,0.4827359616756439,0,2000,v2a_u08,4,80,42,0.0,0.4,walk_queue_ablation
11,0.22,0.0,0.4000000059604645,-1.031921148300171,0.12391113489866257,-0.6002893447875977,0.03808706998825073,0,2000,v2a_u08,4,80,42,0.0,0.4,walk_queue_ablation
12,0.24,0.0,0.4000000059604645,-1.0318784713745117,0.20333385467529297,-0.6494897603988647,0.3288756012916565,0,2000,v2a_u08,4,80,42,0.0,0.4,walk_queue_ablation
13,0.26,0.0,0.4000000059604645,-1.0340385437011719,0.24521568417549133,-0.6883520483970642,0.29645681381225586,0,2000,v2a_u08,4,80,42,0.0,0.4,walk_queue_ablation
14,0.28,0.0,0.4000000059604645,-1.036280870437622,0.24245207011699677,-0.7121572494506836,0.3350358307361603,0,2000,v2a_u08,4,80,42,0.0,0.4,walk_queue_ablation
15,0.3,0.0,0.4000000059604645,-1.041908860206604,0.2749842703342438,-0.722292959690094,0.7139260768890381,0,2000,v2a_u08,4,80,42,0.0,0.4,walk_queue_ablation
16,0.32,0.0,0.4000000059604645,-1.047045350074768,0.34945377707481384,-0.755105197429657,0.25937020778656006,0,2000,v2a_u08,4,80,42,0.0,0.4,walk_queue_ablation
17,0.34,0.0,0.4000000059604645,-1.0475904941558838,0.43611887097358704,-0.8010008931159973,-0.28859198093414307,0,2000,v2a_u08,4,80,42,0.0,0.4,walk_queue_ablation
18,0.36,0.0,0.4000000059604645,-1.0451750755310059,0.4731890857219696,-0.811506450176239,-0.4813220798969269,0,2000,v2a_u08,4,80,42,0.0,0.4,walk_queue_ablation
19,0.38,0.0,0.4000000059604645,-1.0423117876052856,0.4866110384464264,-0.8376262784004211,-0.5781224966049194,0,2000,v2a_u08,4,80,42,0.0,0.4,walk_queue_ablation
20,0.4,0.0,0.4000000059604645,-1.0411510467529297,0.4957396388053894,-0.8735224008560181,-0.4308828115463257,0,2000,v2a_u08,4,80,42,0.0,0.4,walk_queue_ablation
21,0.42,0.0,0.4000000059604645,-1.038039207458496,0.4260241389274597,-0.8580119609832764,-0.20683808624744415,0,2000,v2a_u08,4,80,42,0.0,0.4,walk_queue_ablation
22,0.44,0.0,0.4000000059604645,-1.0446650981903076,0.395292192697525,-0.6892410516738892,0.9955976009368896,0,2000,v2a_u08,4,80,42,0.0,0.4,walk_queue_ablation
23,0.46,0.0,0.4000000059604645,-1.0559309720993042,0.3813686966896057,-0.581156849861145,0.8235267400741577,0,2000,v2a_u08,4,80,42,0.0,0.4,walk_queue_ablation
24,0.48,0.0,0.4000000059604645,-1.063511848449707,0.3861858546733856,-0.5164659023284912,0.19439907371997833,0,2000,v2a_u08,4,80,42,0.0,0.4,walk_queue_ablation
25,0.5,0.0,0.4000000059604645,-1.0661861896514893,0.40543437004089355,-0.4604380130767822,-0.2921704053878784,0,2000,v2a_u08,4,80,42,0.0,0.4,walk_queue_ablation
26,0.52,0.0,0.4000000059604645,-1.0669584274291992,0.3983023464679718,-0.4216795563697815,-0.5231767892837524,0,2000,v2a_u08,4,80,42,0.0,0.4,walk_queue_ablation
27,0.54,0.0,0.4000000059604645,-1.0658507347106934,0.407715767621994,-0.38263869285583496,-0.3644455671310425,0,2000,v2a_u08,4,80,42,0.0,0.4,walk_queue_ablation
28,0.56,0.0,0.4000000059604645,-1.0661219358444214,0.4159652888774872,-0.3492503762245178,-0.09067930281162262,0,2000,v2a_u08,4,80,42,0.0,0.4,walk_queue_ablation
29,0.58,0.0,0.4000000059604645,-1.0678126811981201,0.428798109292984,-0.34179458022117615,0.10382518917322159,0,2000,v2a_u08,4,80,42,0.0,0.4,walk_queue_ablation
30,0.6,0.0,0.4000000059604645,-1.0698227882385254,0.4368208348751068,-0.3411174416542053,0.019234728068113327,0,2000,v2a_u08,4,80,42,0.0,0.4,walk_queue_ablation
31,0.62,0.0,0.4000000059604645,-1.0714541673660278,0.44200262427330017,-0.33953601121902466,0.05446559563279152,0,2000,v2a_u08,4,80,42,0.0,0.4,walk_queue_ablation
32,0.64,0.0,0.4000000059604645,-1.0728670358657837,0.4446014165878296,-0.33019623160362244,0.011289172805845737,0,2000,v2a_u08,4,80,42,0.0,0.4,walk_queue_ablation
33,0.66,0.0,0.4000000059604645,-1.073255181312561,0.44289693236351013,-0.3201444447040558,-0.10885349661111832,0,2000,v2a_u08,4,80,42,0.0,0.4,walk_queue_ablation
34,0.68,0.0,0.4000000059604645,-1.0726706981658936,0.4373822808265686,-0.30645933747291565,-0.15772074460983276,0,2000,v2a_u08,4,80,42,0.0,0.4,walk_queue_ablation
35,0.7000000000000001,0.0,0.4000000059604645,-1.07332181930542,0.4493638873100281,-0.2893097996711731,0.0549381747841835,0,2000,v2a_u08,4,80,42,0.0,0.4,walk_queue_ablation
36,0.72,0.0,0.4000000059604645,-1.0741159915924072,0.47361496090888977,-0.287665456533432,-0.0051323710940778255,0,2000,v2a_u08,4,80,42,0.0,0.4,walk_queue_ablation
37,0.74,0.0,0.4000000059604645,-1.0723698139190674,0.4914320409297943,-0.29291021823883057,-0.28595706820487976,0,2000,v2a_u08,4,80,42,0.0,0.4,walk_queue_ablation
38,0.76,0.0,0.4000000059604645,-1.068709373474121,0.5155219435691833,-0.2863452732563019,-0.35499754548072815,0,2000,v2a_u08,4,80,42,0.0,0.4,walk_queue_ablation
39,0.78,0.0,0.4000000059604645,-1.064906358718872,0.5578050017356873,-0.27252456545829773,-0.291158527135849,0,2000,v2a_u08,4,80,42,0.0,0.4,walk_queue_ablation
40,0.8,0.0,0.4000000059604645,-1.0612361431121826,0.6113793253898621,-0.26102936267852783,-0.2169070541858673,0,2000,v2a_u08,4,80,42,0.0,0.4,walk_queue_ablation
41,0.8200000000000001,0.0,0.4000000059604645,-1.0584962368011475,0.6602179408073425,-0.2515575587749481,-0.07640216499567032,0,2000,v2a_u08,4,80,42,0.0,0.4,walk_queue_ablation
42,0.84,0.0,0.4000000059604645,-1.0568733215332031,0.6995593309402466,-0.245183527469635,0.007724410854279995,0,2000,v2a_u08,4,80,42,0.0,0.4,walk_queue_ablation
43,0.86,0.0,0.4000000059604645,-1.0556156635284424,0.7394753098487854,-0.24201053380966187,0.012502881698310375,0,2000,v2a_u08,4,80,42,0.0,0.4,walk_queue_ablation
44,0.88,0.0,0.4000000059604645,-1.0542097091674805,0.7783728837966919,-0.23691056668758392,-0.06228633597493172,0,2000,v2a_u08,4,80,42,0.0,0.4,walk_queue_ablation
45,0.9,0.0,0.4000000059604645,-1.0519485473632812,0.8120360970497131,-0.23578748106956482,-0.19035348296165466,0,2000,v2a_u08,4,80,42,0.0,0.4,walk_queue_ablation
46,0.92,0.0,0.4000000059604645,-1.049765706062317,0.7562556862831116,-0.2281731367111206,-0.020103827118873596,0,2000,v2a_u08,4,80,42,0.0,0.4,walk_queue_ablation
47,0.9400000000000001,0.0,0.4000000059604645,-1.0468577146530151,0.6658897399902344,-0.24795366823673248,-0.41358405351638794,0,2000,v2a_u08,4,80,42,0.0,0.4,walk_queue_ablation
48,0.96,0.0,0.4000000059604645,-1.0386502742767334,0.6011002063751221,-0.2472563236951828,-0.7201910018920898,0,2000,v2a_u08,4,80,42,0.0,0.4,walk_queue_ablation
49,0.98,0.0,0.4000000059604645,-1.0286632776260376,0.5597122311592102,-0.23861952126026154,-0.6887171864509583,0,2000,v2a_u08,4,80,42,0.0,0.4,walk_queue_ablation
50,1.0,0.0,0.4000000059604645,-1.0202748775482178,0.5298184752464294,-0.23353318870067596,-0.4005662202835083,0,2000,v2a_u08,4,80,42,0.0,0.4,walk_queue_ablation
51,1.02,0.0,0.4000000059604645,-1.0140395164489746,0.5067406296730042,-0.22702275216579437,-0.24415715038776398,0,2000,v2a_u08,4,80,42,0.0,0.4,walk_queue_ablation
52,1.04,0.0,0.4000000059604645,-1.009398102760315,0.48230746388435364,-0.2326940894126892,-0.12636692821979523,0,2000,v2a_u08,4,80,42,0.0,0.4,walk_queue_ablation
53,1.06,0.0,0.4000000059604645,-1.0056824684143066,0.4710298180580139,-0.23842929303646088,-0.17488059401512146,0,2000,v2a_u08,4,80,42,0.0,0.4,walk_queue_ablation
54,1.08,0.0,0.4000000059604645,-1.0017927885055542,0.47567495703697205,-0.24480125308036804,-0.2230866551399231,0,2000,v2a_u08,4,80,42,0.0,0.4,walk_queue_ablation
55,1.1,0.0,0.4000000059604645,-0.9984652996063232,0.4854608178138733,-0.2522595524787903,-0.17590467631816864,0,2000,v2a_u08,4,80,42,0.0,0.4,walk_queue_ablation
56,1.12,0.0,0.4000000059604645,-0.9962130784988403,0.5173894166946411,-0.26280587911605835,-0.14550814032554626,0,2000,v2a_u08,4,80,42,0.0,0.4,walk_queue_ablation
57,1.1400000000000001,0.0,0.4000000059604645,-0.9952671527862549,0.5420927405357361,-0.28171125054359436,-0.05541851371526718,0,2000,v2a_u08,4,80,42,0.0,0.4,walk_queue_ablation
58,1.16,0.0,0.4000000059604645,-0.9945328235626221,0.5545260906219482,-0.3038801848888397,-0.13501358032226562,0,2000,v2a_u08,4,80,42,0.0,0.4,walk_queue_ablation
59,1.18,0.0,0.4000000059604645,-0.9929043054580688,0.5663402676582336,-0.32979488372802734,-0.28150656819343567,0,2000,v2a_u08,4,80,42,0.0,0.4,walk_queue_ablation
60,1.2,0.0,0.4000000059604645,-0.9897422790527344,0.5895599126815796,-0.35796141624450684,-0.4972659647464752,0,2000,v2a_u08,4,80,42,0.0,0.4,walk_queue_ablation
61,1.22,0.0,0.4000000059604645,-0.9859079122543335,0.6189989447593689,-0.3853737711906433,-0.6056362390518188,0,2000,v2a_u08,4,80,42,0.0,0.4,walk_queue_ablation
62,1.24,0.0,0.4000000059604645,-0.9821304082870483,0.643322229385376,-0.4200389087200165,-0.6229090690612793,0,2000,v2a_u08,4,80,42,0.0,0.4,walk_queue_ablation
63,1.26,0.0,0.4000000059604645,-0.9783179759979248,0.6551875472068787,-0.46169474720954895,-0.5753786563873291,0,2000,v2a_u08,4,80,42,0.0,0.4,walk_queue_ablation
64,1.28,0.0,0.4000000059604645,-0.9737887978553772,0.648180365562439,-0.5004533529281616,-0.5323384404182434,0,2000,v2a_u08,4,80,42,0.0,0.4,walk_queue_ablation
65,1.3,0.0,0.4000000059604645,-0.9701105356216431,0.6373143196105957,-0.5175007581710815,-0.26283690333366394,0,2000,v2a_u08,4,80,42,0.0,0.4,walk_queue_ablation
66,1.32,0.0,0.4000000059604645,-0.9670868515968323,0.5848076939582825,-0.4410674571990967,-0.2247738540172577,0,2000,v2a_u08,4,80,42,0.0,0.4,walk_queue_ablation
67,1.34,0.0,0.4000000059604645,-0.9683352708816528,0.545505702495575,-0.36115017533302307,0.08650379627943039,0,2000,v2a_u08,4,80,42,0.0,0.4,walk_queue_ablation
68,1.36,0.0,0.4000000059604645,-0.9716329574584961,0.501822292804718,-0.2848617434501648,-0.05078863725066185,0,2000,v2a_u08,4,80,42,0.0,0.4,walk_queue_ablation
69,1.3800000000000001,0.0,0.4000000059604645,-0.973347544670105,0.4638732075691223,-0.2202034443616867,-0.32113713026046753,0,2000,v2a_u08,4,80,42,0.0,0.4,walk_queue_ablation
70,1.4000000000000001,0.0,0.4000000059604645,-0.9714084267616272,0.44688093662261963,-0.1710563600063324,-0.6273002624511719,0,2000,v2a_u08,4,80,42,0.0,0.4,walk_queue_ablation
71,1.42,0.0,0.4000000059604645,-0.9670825600624084,0.45785918831825256,-0.1424112766981125,-0.6485151052474976,0,2000,v2a_u08,4,80,42,0.0,0.4,walk_queue_ablation
72,1.44,0.0,0.4000000059604645,-0.9640918374061584,0.47690334916114807,-0.11899060010910034,-0.3694155514240265,0,2000,v2a_u08,4,80,42,0.0,0.4,walk_queue_ablation
73,1.46,0.0,0.4000000059604645,-0.9622891545295715,0.49961552023887634,-0.10489283502101898,-0.25949642062187195,0,2000,v2a_u08,4,80,42,0.0,0.4,walk_queue_ablation
74,1.48,0.0,0.4000000059604645,-0.9615926742553711,0.5131105184555054,-0.0934339314699173,-0.09666944295167923,0,2000,v2a_u08,4,80,42,0.0,0.4,walk_queue_ablation
75,1.5,0.0,0.4000000059604645,-0.9621798396110535,0.5186268091201782,-0.0781058669090271,0.033249590545892715,0,2000,v2a_u08,4,80,42,0.0,0.4,walk_queue_ablation
76,1.52,0.0,0.4000000059604645,-0.9632174372673035,0.5096337199211121,-0.06497498601675034,0.07572966068983078,0,2000,v2a_u08,4,80,42,0.0,0.4,walk_queue_ablation
77,1.54,0.0,0.4000000059604645,-0.964816689491272,0.4975897967815399,-0.04555630311369896,0.1635880172252655,0,2000,v2a_u08,4,80,42,0.0,0.4,walk_queue_ablation
78,1.56,0.0,0.4000000059604645,-0.9667376279830933,0.4924588203430176,-0.02918858267366886,0.17733322083950043,0,2000,v2a_u08,4,80,42,0.0,0.4,walk_queue_ablation
79,1.58,0.0,0.4000000059604645,-0.9686567783355713,0.49314454197883606,-0.01268971897661686,0.18577590584754944,0,2000,v2a_u08,4,80,42,0.0,0.4,walk_queue_ablation
80,1.6,0.0,0.4000000059604645,-0.9698635935783386,0.5005093216896057,-0.0006682125385850668,0.10426203906536102,0,2000,v2a_u08,4,80,42,0.0,0.4,walk_queue_ablation
81,1.62,0.0,0.4000000059604645,-0.9690976142883301,0.511797308921814,0.011427301913499832,-0.11017023772001266,0,2000,v2a_u08,4,80,42,0.0,0.4,walk_queue_ablation
82,1.6400000000000001,0.0,0.4000000059604645,-0.9661574363708496,0.5355962514877319,0.02888382412493229,-0.25296759605407715,0,2000,v2a_u08,4,80,42,0.0,0.4,walk_queue_ablation
83,1.6600000000000001,0.0,0.4000000059604645,-0.9620406627655029,0.5674586892127991,0.05402941256761551,-0.2815679609775543,0,2000,v2a_u08,4,80,42,0.0,0.4,walk_queue_ablation
84,1.68,0.0,0.4000000059604645,-0.9576753973960876,0.5961958169937134,0.08243988454341888,-0.2637006938457489,0,2000,v2a_u08,4,80,42,0.0,0.4,walk_queue_ablation
85,1.7,0.0,0.4000000059604645,-0.9533869028091431,0.6122629642486572,0.11420462280511856,-0.2636163532733917,0,2000,v2a_u08,4,80,42,0.0,0.4,walk_queue_ablation
86,1.72,0.0,0.4000000059604645,-0.9490711092948914,0.6218113899230957,0.14461079239845276,-0.27397477626800537,0,2000,v2a_u08,4,80,42,0.0,0.4,walk_queue_ablation
87,1.74,0.0,0.4000000059604645,-0.9456632733345032,0.6327271461486816,0.17980322241783142,-0.16822540760040283,0,2000,v2a_u08,4,80,42,0.0,0.4,walk_queue_ablation
88,1.76,0.0,0.4000000059604645,-0.9438939690589905,0.6519962549209595,0.21627020835876465,0.011898603290319443,0,2000,v2a_u08,4,80,42,0.0,0.4,walk_queue_ablation
89,1.78,0.0,0.4000000059604645,-0.9444036483764648,0.6684805154800415,0.24291357398033142,0.3206794857978821,0,2000,v2a_u08,4,80,42,0.0,0.4,walk_queue_ablation
90,1.8,0.0,0.4000000059604645,-0.9484378099441528,0.6250796318054199,0.22578774392604828,1.0241433382034302,0,2000,v2a_u08,4,80,42,0.0,0.4,walk_queue_ablation
91,1.82,0.0,0.4000000059604645,-0.9505558013916016,0.5852823853492737,0.16187451779842377,-0.1699415147304535,0,2000,v2a_u08,4,80,42,0.0,0.4,walk_queue_ablation
92,1.84,0.0,0.4000000059604645,-0.9435334205627441,0.5458155274391174,0.12797486782073975,-0.6683329343795776,0,2000,v2a_u08,4,80,42,0.0,0.4,walk_queue_ablation
93,1.86,0.0,0.4000000059604645,-0.9351552724838257,0.5044661164283752,0.11626282334327698,-0.4617224633693695,0,2000,v2a_u08,4,80,42,0.0,0.4,walk_queue_ablation
94,1.8800000000000001,0.0,0.4000000059604645,-0.9303359985351562,0.4655614495277405,0.09966491162776947,-0.057767439633607864,0,2000,v2a_u08,4,80,42,0.0,0.4,walk_queue_ablation
95,1.9000000000000001,0.0,0.4000000059604645,-0.9286069869995117,0.43619194626808167,0.0734601765871048,0.12725085020065308,0,2000,v2a_u08,4,80,42,0.0,0.4,walk_queue_ablation
96,1.92,0.0,0.4000000059604645,-0.9275078773498535,0.4228001534938812,0.04767414182424545,0.05522701144218445,0,2000,v2a_u08,4,80,42,0.0,0.4,walk_queue_ablation
97,1.94,0.0,0.4000000059604645,-0.9255155920982361,0.41945159435272217,0.02443217858672142,-0.0815151035785675,0,2000,v2a_u08,4,80,42,0.0,0.4,walk_queue_ablation
98,1.96,0.0,0.4000000059604645,-0.9223038554191589,0.4162001311779022,0.005970350932329893,-0.22954775393009186,0,2000,v2a_u08,4,80,42,0.0,0.4,walk_queue_ablation
99,1.98,0.0,0.4000000059604645,-0.9192674160003662,0.4341106712818146,-0.002553790109232068,-0.2400359809398651,0,2000,v2a_u08,4,80,42,0.0,0.4,walk_queue_ablation
100,2.0,0.0,0.4000000059604645,-0.9161834716796875,0.45656460523605347,-0.018566519021987915,-0.29428356885910034,0,2000,v2a_u08,4,80,42,0.0,0.4,walk_queue_ablation
101,2.02,0.0,0.4000000059604645,-0.9133387804031372,0.4755110740661621,-0.028966020792722702,-0.32833629846572876,0,2000,v2a_u08,4,80,42,0.0,0.4,walk_queue_ablation
102,2.04,0.0,0.4000000059604645,-0.9096436500549316,0.4854801595211029,-0.04725458100438118,-0.4550549387931824,0,2000,v2a_u08,4,80,42,0.0,0.4,walk_queue_ablation
103,2.06,0.0,0.4000000059604645,-0.905146062374115,0.5012186765670776,-0.06306358426809311,-0.57138592004776,0,2000,v2a_u08,4,80,42,0.0,0.4,walk_queue_ablation
104,2.08,0.0,0.4000000059604645,-0.9001327753067017,0.5230634212493896,-0.08246877044439316,-0.6547654271125793,0,2000,v2a_u08,4,80,42,0.0,0.4,walk_queue_ablation
105,2.1,0.0,0.4000000059604645,-0.8955215215682983,0.5450736284255981,-0.10483068972826004,-0.6338537335395813,0,2000,v2a_u08,4,80,42,0.0,0.4,walk_queue_ablation
106,2.12,0.0,0.4000000059604645,-0.892076313495636,0.5608572363853455,-0.13068293035030365,-0.5366270542144775,0,2000,v2a_u08,4,80,42,0.0,0.4,walk_queue_ablation
107,2.14,0.0,0.4000000059604645,-0.8881344795227051,0.5645078420639038,-0.16062970459461212,-0.5650914311408997,0,2000,v2a_u08,4,80,42,0.0,0.4,walk_queue_ablation
108,2.16,0.0,0.4000000059604645,-0.8829637765884399,0.5554889440536499,-0.1835947334766388,-0.5687502026557922,0,2000,v2a_u08,4,80,42,0.0,0.4,walk_queue_ablation
109,2.18,0.0,0.4000000059604645,-0.878627598285675,0.5449890494346619,-0.19319893419742584,-0.35052481293678284,0,2000,v2a_u08,4,80,42,0.0,0.4,walk_queue_ablation
110,2.2,0.0,0.4000000059604645,-0.8756396174430847,0.4946034550666809,-0.13644172251224518,-0.21436108648777008,0,2000,v2a_u08,4,80,42,0.0,0.4,walk_queue_ablation
111,2.22,0.0,0.4000000059604645,-0.8772169351577759,0.4556078016757965,-0.0862644612789154,0.004371029324829578,0,2000,v2a_u08,4,80,42,0.0,0.4,walk_queue_ablation
112,2.24,0.0,0.4000000059604645,-0.8801800012588501,0.4228588342666626,-0.04008067771792412,-0.149026557803154,0,2000,v2a_u08,4,80,42,0.0,0.4,walk_queue_ablation
113,2.2600000000000002,0.0,0.4000000059604645,-0.8799896240234375,0.41014501452445984,-0.0006867789197713137,-0.5219781994819641,0,2000,v2a_u08,4,80,42,0.0,0.4,walk_queue_ablation
114,2.2800000000000002,0.0,0.4000000059604645,-0.875966489315033,0.40969157218933105,0.03068927675485611,-0.8149935007095337,0,2000,v2a_u08,4,80,42,0.0,0.4,walk_queue_ablation
115,2.3000000000000003,0.0,0.4000000059604645,-0.8693045973777771,0.42905887961387634,0.0509161613881588,-0.8828827738761902,0,2000,v2a_u08,4,80,42,0.0,0.4,walk_queue_ablation
116,2.32,0.0,0.4000000059604645,-0.863142192363739,0.4505067765712738,0.06988383829593658,-0.6710981726646423,0,2000,v2a_u08,4,80,42,0.0,0.4,walk_queue_ablation
117,2.34,0.0,0.4000000059604645,-0.8587168455123901,0.47114506363868713,0.08418416231870651,-0.43695926666259766,0,2000,v2a_u08,4,80,42,0.0,0.4,walk_queue_ablation
118,2.36,0.0,0.4000000059604645,-0.8566940426826477,0.48455122113227844,0.09812964498996735,-0.14138337969779968,0,2000,v2a_u08,4,80,42,0.0,0.4,walk_queue_ablation
119,2.38,0.0,0.4000000059604645,-0.8569612503051758,0.4875342845916748,0.11331149935722351,0.07877105474472046,0,2000,v2a_u08,4,80,42,0.0,0.4,walk_queue_ablation
120,2.4,0.0,0.4000000059604645,-0.8587990999221802,0.47988390922546387,0.12840525805950165,0.22020882368087769,0,2000,v2a_u08,4,80,42,0.0,0.4,walk_queue_ablation
121,2.42,0.0,0.4000000059604645,-0.8618149161338806,0.4749547243118286,0.1491800993680954,0.33048132061958313,0,2000,v2a_u08,4,80,42,0.0,0.4,walk_queue_ablation
122,2.44,0.0,0.4000000059604645,-0.8651732802391052,0.4795883297920227,0.16717466711997986,0.33105406165122986,0,2000,v2a_u08,4,80,42,0.0,0.4,walk_queue_ablation
123,2.46,0.0,0.4000000059604645,-0.8679535388946533,0.48971328139305115,0.18749406933784485,0.2606172561645508,0,2000,v2a_u08,4,80,42,0.0,0.4,walk_queue_ablation
124,2.48,0.0,0.4000000059604645,-0.8691662549972534,0.5054559111595154,0.20569579303264618,0.09460141509771347,0,2000,v2a_u08,4,80,42,0.0,0.4,walk_queue_ablation
125,2.5,0.0,0.4000000059604645,-0.8677535057067871,0.5306688547134399,0.22600099444389343,-0.14230795204639435,0,2000,v2a_u08,4,80,42,0.0,0.4,walk_queue_ablation
126,2.52,0.0,0.4000000059604645,-0.8640828132629395,0.5633975863456726,0.25308072566986084,-0.25995224714279175,0,2000,v2a_u08,4,80,42,0.0,0.4,walk_queue_ablation
127,2.54,0.0,0.4000000059604645,-0.8597043752670288,0.5935150980949402,0.28910019993782043,-0.266170859336853,0,2000,v2a_u08,4,80,42,0.0,0.4,walk_queue_ablation
128,2.56,0.0,0.4000000059604645,-0.8546359539031982,0.6117169857025146,0.32619619369506836,-0.32478275895118713,0,2000,v2a_u08,4,80,42,0.0,0.4,walk_queue_ablation
129,2.58,0.0,0.4000000059604645,-0.849639356136322,0.6139752268791199,0.36902034282684326,-0.33011147379875183,0,2000,v2a_u08,4,80,42,0.0,0.4,walk_queue_ablation
130,2.6,0.0,0.4000000059604645,-0.8455603122711182,0.6141985058784485,0.4142078161239624,-0.24850620329380035,0,2000,v2a_u08,4,80,42,0.0,0.4,walk_queue_ablation
131,2.62,0.0,0.4000000059604645,-0.8431698679924011,0.6241130828857422,0.45471879839897156,-0.0034750907216221094,0,2000,v2a_u08,4,80,42,0.0,0.4,walk_queue_ablation
132,2.64,0.0,0.4000000059604645,-0.8449113368988037,0.579343855381012,0.43787404894828796,0.8901609778404236,0,2000,v2a_u08,4,80,42,0.0,0.4,walk_queue_ablation
133,2.66,0.0,0.4000000059604645,-0.8470959067344666,0.5338179469108582,0.34595444798469543,-0.17444941401481628,0,2000,v2a_u08,4,80,42,0.0,0.4,walk_queue_ablation
134,2.68,0.0,0.4000000059604645,-0.8408465385437012,0.49370864033699036,0.29320278763771057,-0.5718249082565308,0,2000,v2a_u08,4,80,42,0.0,0.4,walk_queue_ablation
135,2.7,0.0,0.4000000059604645,-0.8337888717651367,0.4574359357357025,0.27466627955436707,-0.3476808965206146,0,2000,v2a_u08,4,80,42,0.0,0.4,walk_queue_ablation
136,2.72,0.0,0.4000000059604645,-0.8301564455032349,0.41457822918891907,0.2538619637489319,0.04645618423819542,0,2000,v2a_u08,4,80,42,0.0,0.4,walk_queue_ablation
137,2.74,0.0,0.4000000059604645,-0.829438328742981,0.3849582076072693,0.22167108952999115,0.19587980210781097,0,2000,v2a_u08,4,80,42,0.0,0.4,walk_queue_ablation
138,2.7600000000000002,0.0,0.4000000059604645,-0.8290771842002869,0.37084800004959106,0.19082002341747284,0.10988889634609222,0,2000,v2a_u08,4,80,42,0.0,0.4,walk_queue_ablation
139,2.7800000000000002,0.0,0.4000000059604645,-0.8275130391120911,0.36123126745224,0.16340090334415436,-0.042129699140787125,0,2000,v2a_u08,4,80,42,0.0,0.4,walk_queue_ablation
140,2.8000000000000003,0.0,0.4000000059604645,-0.8247246742248535,0.3488307595252991,0.14164011180400848,-0.16765354573726654,0,2000,v2a_u08,4,80,42,0.0,0.4,walk_queue_ablation
141,2.82,0.0,0.4000000059604645,-0.8225207328796387,0.36000773310661316,0.13084585964679718,-0.12330865114927292,0,2000,v2a_u08,4,80,42,0.0,0.4,walk_queue_ablation
142,2.84,0.0,0.4000000059604645,-0.8204031586647034,0.37974289059638977,0.11415865272283554,-0.17850930988788605,0,2000,v2a_u08,4,80,42,0.0,0.4,walk_queue_ablation
143,2.86,0.0,0.4000000059604645,-0.8187320828437805,0.3999704122543335,0.10622865706682205,-0.17921729385852814,0,2000,v2a_u08,4,80,42,0.0,0.4,walk_queue_ablation
144,2.88,0.0,0.4000000059604645,-0.8162941932678223,0.4103168547153473,0.09134754538536072,-0.30089375376701355,0,2000,v2a_u08,4,80,42,0.0,0.4,walk_queue_ablation
145,2.9,0.0,0.4000000059604645,-0.8128477334976196,0.4241285026073456,0.08170187473297119,-0.45380181074142456,0,2000,v2a_u08,4,80,42,0.0,0.4,walk_queue_ablation
146,2.92,0.0,0.4000000059604645,-0.8084760904312134,0.44308772683143616,0.07019533216953278,-0.5612673759460449,0,2000,v2a_u08,4,80,42,0.0,0.4,walk_queue_ablation
147,2.94,0.0,0.4000000059604645,-0.8040094375610352,0.46443113684654236,0.05804791674017906,-0.6059799790382385,0,2000,v2a_u08,4,80,42,0.0,0.4,walk_queue_ablation
148,2.96,0.0,0.4000000059604645,-0.8001229166984558,0.48216304183006287,0.042954862117767334,-0.5754848122596741,0,2000,v2a_u08,4,80,42,0.0,0.4,walk_queue_ablation
149,2.98,0.0,0.4000000059604645,-0.7967875599861145,0.4922460913658142,0.022716626524925232,-0.5380311012268066,0,2000,v2a_u08,4,80,42,0.0,0.4,walk_queue_ablation
150,3.0,0.0,0.4000000059604645,-0.7921585440635681,0.4926186501979828,0.002770047402009368,-0.6353446841239929,0,2000,v2a_u08,4,80,42,0.0,0.4,walk_queue_ablation
151,3.02,0.0,0.4000000059604645,-0.7861031293869019,0.4803142249584198,-0.011196906678378582,-0.6639412045478821,0,2000,v2a_u08,4,80,42,0.0,0.4,walk_queue_ablation
152,3.04,0.0,0.4000000059604645,-0.7811611294746399,0.46463167667388916,-0.018529318273067474,-0.4452402591705322,0,2000,v2a_u08,4,80,42,0.0,0.4,walk_queue_ablation
153,3.06,0.0,0.4000000059604645,-0.778102695941925,0.41878554224967957,0.011685710400342941,-0.33763208985328674,0,2000,v2a_u08,4,80,42,0.0,0.4,walk_queue_ablation
154,3.08,0.0,0.4000000059604645,-0.7796059250831604,0.37512868642807007,0.05069023743271828,0.07546959072351456,0,2000,v2a_u08,4,80,42,0.0,0.4,walk_queue_ablation
155,3.1,0.0,0.4000000059604645,-0.7839169502258301,0.34601297974586487,0.0829535648226738,0.057150948792696,0,2000,v2a_u08,4,80,42,0.0,0.4,walk_queue_ablation
156,3.12,0.0,0.4000000059604645,-0.786038339138031,0.3395148813724518,0.10828788578510284,-0.28411567211151123,0,2000,v2a_u08,4,80,42,0.0,0.4,walk_queue_ablation
157,3.14,0.0,0.4000000059604645,-0.78415447473526,0.34323737025260925,0.13024696707725525,-0.6448289155960083,0,2000,v2a_u08,4,80,42,0.0,0.4,walk_queue_ablation
158,3.16,0.0,0.4000000059604645,-0.7783774733543396,0.3652164041996002,0.14660516381263733,-0.8660352230072021,0,2000,v2a_u08,4,80,42,0.0,0.4,walk_queue_ablation
159,3.18,0.0,0.4000000059604645,-0.7718214988708496,0.38991791009902954,0.16412362456321716,-0.7371769547462463,0,2000,v2a_u08,4,80,42,0.0,0.4,walk_queue_ablation
160,3.2,0.0,0.4000000059604645,-0.7664207816123962,0.4134039878845215,0.18010655045509338,-0.5190775394439697,0,2000,v2a_u08,4,80,42,0.0,0.4,walk_queue_ablation
161,3.22,0.0,0.4000000059604645,-0.763305127620697,0.42788270115852356,0.19487427175045013,-0.217830628156662,0,2000,v2a_u08,4,80,42,0.0,0.4,walk_queue_ablation
162,3.24,0.0,0.4000000059604645,-0.7626186013221741,0.4302240312099457,0.21048188209533691,0.015771880745887756,0,2000,v2a_u08,4,80,42,0.0,0.4,walk_queue_ablation
163,3.2600000000000002,0.0,0.4000000059604645,-0.7636290192604065,0.42314592003822327,0.2266542911529541,0.176447331905365,0,2000,v2a_u08,4,80,42,0.0,0.4,walk_queue_ablation
164,3.2800000000000002,0.0,0.4000000059604645,-0.7663034200668335,0.41969409584999084,0.2487151026725769,0.3446750342845917,0,2000,v2a_u08,4,80,42,0.0,0.4,walk_queue_ablation
165,3.3000000000000003,0.0,0.4000000059604645,-0.7696253061294556,0.4218009412288666,0.2716003954410553,0.3413187265396118,0,2000,v2a_u08,4,80,42,0.0,0.4,walk_queue_ablation
166,3.3200000000000003,0.0,0.4000000059604645,-0.7723039984703064,0.4290201961994171,0.2975069582462311,0.26556965708732605,0,2000,v2a_u08,4,80,42,0.0,0.4,walk_queue_ablation
167,3.34,0.0,0.4000000059604645,-0.77348792552948,0.44398432970046997,0.32240357995033264,0.1259714812040329,0,2000,v2a_u08,4,80,42,0.0,0.4,walk_queue_ablation
168,3.36,0.0,0.4000000059604645,-0.7722674012184143,0.46934279799461365,0.3477875292301178,-0.08679655939340591,0,2000,v2a_u08,4,80,42,0.0,0.4,walk_queue_ablation
169,3.38,0.0,0.4000000059604645,-0.7692036628723145,0.49787256121635437,0.3800705671310425,-0.17074348032474518,0,2000,v2a_u08,4,80,42,0.0,0.4,walk_queue_ablation
170,3.4,0.0,0.4000000059604645,-0.7654091119766235,0.5191410183906555,0.4216631352901459,-0.21112969517707825,0,2000,v2a_u08,4,80,42,0.0,0.4,walk_queue_ablation
171,3.42,0.0,0.4000000059604645,-0.7608568072319031,0.5290369987487793,0.4664268493652344,-0.27650314569473267,0,2000,v2a_u08,4,80,42,0.0,0.4,walk_queue_ablation
172,3.44,0.0,0.4000000059604645,-0.756503164768219,0.5224630236625671,0.5174643993377686,-0.2775226831436157,0,2000,v2a_u08,4,80,42,0.0,0.4,walk_queue_ablation
173,3.46,0.0,0.4000000059604645,-0.7530442476272583,0.5179657936096191,0.569210946559906,-0.17083071172237396,0,2000,v2a_u08,4,80,42,0.0,0.4,walk_queue_ablation
174,3.48,0.0,0.4000000059604645,-0.7516916394233704,0.5194052457809448,0.6003069877624512,0.1409069001674652,0,2000,v2a_u08,4,80,42,0.0,0.4,walk_queue_ablation
175,3.5,0.0,0.4000000059604645,-0.7539668083190918,0.44134455919265747,0.4866344630718231,-0.0913882777094841,0,2000,v2a_u08,4,80,42,0.0,0.4,walk_queue_ablation
176,3.52,0.0,0.4000000059604645,-0.7484667897224426,0.4041096270084381,0.413936972618103,-0.5560057163238525,0,2000,v2a_u08,4,80,42,0.0,0.4,walk_queue_ablation
177,3.54,0.0,0.4000000059604645,-0.7415278553962708,0.3719688057899475,0.38230255246162415,-0.3807857036590576,0,2000,v2a_u08,4,80,42,0.0,0.4,walk_queue_ablation
178,3.56,0.0,0.4000000059604645,-0.7377030849456787,0.3405480682849884,0.35957321524620056,-0.002382040722295642,0,2000,v2a_u08,4,80,42,0.0,0.4,walk_queue_ablation
179,3.58,0.0,0.4000000059604645,-0.7369916439056396,0.31131505966186523,0.3281174600124359,0.2256360650062561,0,2000,v2a_u08,4,80,42,0.0,0.4,walk_queue_ablation
180,3.6,0.0,0.4000000059604645,-0.7371554374694824,0.29507941007614136,0.2902411222457886,0.19709809124469757,0,2000,v2a_u08,4,80,42,0.0,0.4,walk_queue_ablation
181,3.62,0.0,0.4000000059604645,-0.7367264628410339,0.2830182611942291,0.262501060962677,0.05661967769265175,0,2000,v2a_u08,4,80,42,0.0,0.4,walk_queue_ablation
182,3.64,0.0,0.4000000059604645,-0.7351263761520386,0.2729026675224304,0.24139386415481567,-0.06993383914232254,0,2000,v2a_u08,4,80,42,0.0,0.4,walk_queue_ablation
183,3.66,0.0,0.4000000059604645,-0.7332102060317993,0.2673656642436981,0.2239849865436554,-0.08758758008480072,0,2000,v2a_u08,4,80,42,0.0,0.4,walk_queue_ablation
184,3.68,0.0,0.4000000059604645,-0.7318185567855835,0.2815164029598236,0.21353957056999207,-0.09338072687387466,0,2000,v2a_u08,4,80,42,0.0,0.4,walk_queue_ablation
185,3.7,0.0,0.4000000059604645,-0.7298621535301208,0.29668959975242615,0.2010258585214615,-0.21135592460632324,0,2000,v2a_u08,4,80,42,0.0,0.4,walk_queue_ablation
186,3.72,0.0,0.4000000059604645,-0.7277900576591492,0.31272003054618835,0.1940091997385025,-0.22366346418857574,0,2000,v2a_u08,4,80,42,0.0,0.4,walk_queue_ablation
187,3.74,0.0,0.4000000059604645,-0.7253608703613281,0.32112300395965576,0.1826532930135727,-0.2823903560638428,0,2000,v2a_u08,4,80,42,0.0,0.4,walk_queue_ablation
188,3.7600000000000002,0.0,0.4000000059604645,-0.7226668000221252,0.33606547117233276,0.1746874451637268,-0.3734026849269867,0,2000,v2a_u08,4,80,42,0.0,0.4,walk_queue_ablation
189,3.7800000000000002,0.0,0.4000000059604645,-0.7192174792289734,0.3542643189430237,0.16680561006069183,-0.5081935524940491,0,2000,v2a_u08,4,80,42,0.0,0.4,walk_queue_ablation
190,3.8000000000000003,0.0,0.4000000059604645,-0.715350866317749,0.36809250712394714,0.15687762200832367,-0.5630199909210205,0,2000,v2a_u08,4,80,42,0.0,0.4,walk_queue_ablation
191,3.8200000000000003,0.0,0.4000000059604645,-0.7118761539459229,0.37880825996398926,0.14528077840805054,-0.5484203100204468,0,2000,v2a_u08,4,80,42,0.0,0.4,walk_queue_ablation
192,3.84,0.0,0.4000000059604645,-0.707896888256073,0.37906041741371155,0.13018786907196045,-0.61346036195755,0,2000,v2a_u08,4,80,42,0.0,0.4,walk_queue_ablation
193,3.86,0.0,0.4000000059604645,-0.7021863460540771,0.3684927821159363,0.11852136999368668,-0.7321932315826416,0,2000,v2a_u08,4,80,42,0.0,0.4,walk_queue_ablation
194,3.88,0.0,0.4000000059604645,-0.6955540776252747,0.3487941324710846,0.11295785009860992,-0.7057944536209106,0,2000,v2a_u08,4,80,42,0.0,0.4,walk_queue_ablation
195,3.9,0.0,0.4000000059604645,-0.6907695531845093,0.326038658618927,0.11014776676893234,-0.4128846824169159,0,2000,v2a_u08,4,80,42,0.0,0.4,walk_queue_ablation
196,3.92,0.0,0.4000000059604645,-0.6882328391075134,0.27565231919288635,0.13299104571342468,-0.511323869228363,0,2000,v2a_u08,4,80,42,0.0,0.4,walk_queue_ablation
197,3.94,0.0,0.4000000059604645,-0.6891666054725647,0.23967044055461884,0.15913301706314087,0.020257482305169106,0,2000,v2a_u08,4,80,42,0.0,0.4,walk_queue_ablation
198,3.96,0.0,0.4000000059604645,-0.6932970881462097,0.22586269676685333,0.18203631043434143,0.07542668282985687,0,2000,v2a_u08,4,80,42,0.0,0.4,walk_queue_ablation
199,3.98,0.0,0.4000000059604645,-0.695904552936554,0.23178617656230927,0.19906269013881683,-0.21618424355983734,0,2000,v2a_u08,4,80,42,0.0,0.4,walk_queue_ablation
200,4.0,0.0,0.4000000059604645,-0.6944082379341125,0.24864156544208527,0.21345680952072144,-0.6022464036941528,0,2000,v2a_u08,4,80,42,0.0,0.4,walk_queue_ablation
201,4.0200000000000005,0.0,0.4000000059604645,-0.6889488697052002,0.27684685587882996,0.22557136416435242,-0.8319209814071655,0,2000,v2a_u08,4,80,42,0.0,0.4,walk_queue_ablation
202,4.04,0.0,0.4000000059604645,-0.6824831366539001,0.3084719181060791,0.2417239099740982,-0.6991449594497681,0,2000,v2a_u08,4,80,42,0.0,0.4,walk_queue_ablation
203,4.0600000000000005,0.0,0.4000000059604645,-0.6774630546569824,0.335584431886673,0.2573947012424469,-0.43369051814079285,0,2000,v2a_u08,4,80,42,0.0,0.4,walk_queue_ablation
204,4.08,0.0,0.4000000059604645,-0.6749054789543152,0.35113832354545593,0.27389660477638245,-0.14196518063545227,0,2000,v2a_u08,4,80,42,0.0,0.4,walk_queue_ablation
205,4.1,0.0,0.4000000059604645,-0.6746677160263062,0.3537244498729706,0.29146867990493774,0.07352332025766373,0,2000,v2a_u08,4,80,42,0.0,0.4,walk_queue_ablation
206,4.12,0.0,0.4000000059604645,-0.6760401129722595,0.34830161929130554,0.311454713344574,0.22587233781814575,0,2000,v2a_u08,4,80,42,0.0,0.4,walk_queue_ablation
207,4.14,0.0,0.4000000059604645,-0.6789058446884155,0.3486579358577728,0.3382124602794647,0.36588239669799805,0,2000,v2a_u08,4,80,42,0.0,0.4,walk_queue_ablation
208,4.16,0.0,0.4000000059604645,-0.682049572467804,0.3530931770801544,0.36508822441101074,0.330782026052475,0,2000,v2a_u08,4,80,42,0.0,0.4,walk_queue_ablation
209,4.18,0.0,0.4000000059604645,-0.6841786503791809,0.36191728711128235,0.39557838439941406,0.2285725623369217,0,2000,v2a_u08,4,80,42,0.0,0.4,walk_queue_ablation
210,4.2,0.0,0.4000000059604645,-0.6847876310348511,0.3804900348186493,0.4260998070240021,0.11894331872463226,0,2000,v2a_u08,4,80,42,0.0,0.4,walk_queue_ablation
211,4.22,0.0,0.4000000059604645,-0.6834259629249573,0.4062790870666504,0.4578443169593811,-0.03860392048954964,0,2000,v2a_u08,4,80,42,0.0,0.4,walk_queue_ablation
212,4.24,0.0,0.4000000059604645,-0.68076491355896,0.4277859330177307,0.4989984631538391,-0.10754678398370743,0,2000,v2a_u08,4,80,42,0.0,0.4,walk_queue_ablation
213,4.26,0.0,0.4000000059604645,-0.6770428419113159,0.44076502323150635,0.5470014810562134,-0.1943872570991516,0,2000,v2a_u08,4,80,42,0.0,0.4,walk_queue_ablation
214,4.28,0.0,0.4000000059604645,-0.6730678081512451,0.4364461898803711,0.6027259230613708,-0.22264143824577332,0,2000,v2a_u08,4,80,42,0.0,0.4,walk_queue_ablation
215,4.3,0.0,0.4000000059604645,-0.669670581817627,0.4248396158218384,0.6587924957275391,-0.15975137054920197,0,2000,v2a_u08,4,80,42,0.0,0.4,walk_queue_ablation
216,4.32,0.0,0.4000000059604645,-0.6676980257034302,0.4190517067909241,0.6945882439613342,0.03734464943408966,0,2000,v2a_u08,4,80,42,0.0,0.4,walk_queue_ablation
217,4.34,0.0,0.4000000059604645,-0.6684029698371887,0.34435105323791504,0.563297688961029,-0.2873079776763916,0,2000,v2a_u08,4,80,42,0.0,0.4,walk_queue_ablation
218,4.36,0.0,0.4000000059604645,-0.6617811918258667,0.3138484060764313,0.4838418662548065,-0.6059730052947998,0,2000,v2a_u08,4,80,42,0.0,0.4,walk_queue_ablation
219,4.38,0.0,0.4000000059604645,-0.6549103856086731,0.28815269470214844,0.44970881938934326,-0.3519963324069977,0,2000,v2a_u08,4,80,42,0.0,0.4,walk_queue_ablation
220,4.4,0.0,0.4000000059604645,-0.6517999768257141,0.2548254728317261,0.42494654655456543,0.06662397086620331,0,2000,v2a_u08,4,80,42,0.0,0.4,walk_queue_ablation
221,4.42,0.0,0.4000000059604645,-0.6515676379203796,0.23380176723003387,0.3887881636619568,0.23516744375228882,0,2000,v2a_u08,4,80,42,0.0,0.4,walk_queue_ablation
222,4.44,0.0,0.4000000059604645,-0.6518014669418335,0.22154992818832397,0.3501196801662445,0.20085497200489044,0,2000,v2a_u08,4,80,42,0.0,0.4,walk_queue_ablation
223,4.46,0.0,0.4000000059604645,-0.6515498161315918,0.2126590758562088,0.3199599087238312,0.08687788248062134,0,2000,v2a_u08,4,80,42,0.0,0.4,walk_queue_ablation
224,4.48,0.0,0.4000000059604645,-0.6504942178726196,0.2010195553302765,0.2961333096027374,0.01119616162031889,0,2000,v2a_u08,4,80,42,0.0,0.4,walk_queue_ablation
225,4.5,0.0,0.4000000059604645,-0.6497898101806641,0.2012954205274582,0.27673912048339844,0.04286177456378937,0,2000,v2a_u08,4,80,42,0.0,0.4,walk_queue_ablation
226,4.5200000000000005,0.0,0.4000000059604645,-0.6493871212005615,0.21425047516822815,0.26288944482803345,-0.0016668089665472507,0,2000,v2a_u08,4,80,42,0.0,0.4,walk_queue_ablation
227,4.54,0.0,0.4000000059604645,-0.6484190225601196,0.23012834787368774,0.24958275258541107,-0.10004881769418716,0,2000,v2a_u08,4,80,42,0.0,0.4,walk_queue_ablation
228,4.5600000000000005,0.0,0.4000000059604645,-0.6470877528190613,0.2446737438440323,0.24070225656032562,-0.1372540146112442,0,2000,v2a_u08,4,80,42,0.0,0.4,walk_queue_ablation
229,4.58,0.0,0.4000000059604645,-0.6454054713249207,0.25472351908683777,0.2325051873922348,-0.20559942722320557,0,2000,v2a_u08,4,80,42,0.0,0.4,walk_queue_ablation
230,4.6000000000000005,0.0,0.4000000059604645,-0.6430540084838867,0.2713407874107361,0.22542421519756317,-0.33011144399642944,0,2000,v2a_u08,4,80,42,0.0,0.4,walk_queue_ablation
231,4.62,0.0,0.4000000059604645,-0.6399266719818115,0.2890763580799103,0.221403107047081,-0.45541098713874817,0,2000,v2a_u08,4,80,42,0.0,0.4,walk_queue_ablation
232,4.64,0.0,0.4000000059604645,-0.6364519596099854,0.30322906374931335,0.2147899866104126,-0.512408435344696,0,2000,v2a_u08,4,80,42,0.0,0.4,walk_queue_ablation
233,4.66,0.0,0.4000000059604645,-0.6330603361129761,0.31297895312309265,0.20600250363349915,-0.5335018634796143,0,2000,v2a_u08,4,80,42,0.0,0.4,walk_queue_ablation
234,4.68,0.0,0.4000000059604645,-0.6296164393424988,0.3148605525493622,0.19431614875793457,-0.5616241097450256,0,2000,v2a_u08,4,80,42,0.0,0.4,walk_queue_ablation
235,4.7,0.0,0.4000000059604645,-0.6245386004447937,0.3066999614238739,0.18338479101657867,-0.7047944664955139,0,2000,v2a_u08,4,80,42,0.0,0.4,walk_queue_ablation
236,4.72,0.0,0.4000000059604645,-0.6180214881896973,0.28885617852211,0.17837907373905182,-0.7415099143981934,0,2000,v2a_u08,4,80,42,0.0,0.4,walk_queue_ablation
237,4.74,0.0,0.4000000059604645,-0.6120728254318237,0.26647377014160156,0.1771685779094696,-0.5748589634895325,0,2000,v2a_u08,4,80,42,0.0,0.4,walk_queue_ablation
238,4.76,0.0,0.4000000059604645,-0.6095183491706848,0.24243849515914917,0.17754153907299042,-0.20683054625988007,0,2000,v2a_u08,4,80,42,0.0,0.4,walk_queue_ablation
239,4.78,0.0,0.4000000059604645,-0.6092184782028198,0.19016903638839722,0.20325802266597748,-0.08908300846815109,0,2000,v2a_u08,4,80,42,0.0,0.4,walk_queue_ablation
240,4.8,0.0,0.4000000059604645,-0.6131866574287415,0.16370104253292084,0.22141531109809875,0.16507050395011902,0,2000,v2a_u08,4,80,42,0.0,0.4,walk_queue_ablation
241,4.82,0.0,0.4000000059604645,-0.617733895778656,0.16486798226833344,0.23540887236595154,0.04414467513561249,0,2000,v2a_u08,4,80,42,0.0,0.4,walk_queue_ablation
242,4.84,0.0,0.4000000059604645,-0.6195850968360901,0.18015140295028687,0.24602638185024261,-0.2717490494251251,0,2000,v2a_u08,4,80,42,0.0,0.4,walk_queue_ablation
243,4.86,0.0,0.4000000059604645,-0.6172651052474976,0.2063005268573761,0.25735926628112793,-0.6122961640357971,0,2000,v2a_u08,4,80,42,0.0,0.4,walk_queue_ablation
244,4.88,0.0,0.4000000059604645,-0.6120055317878723,0.23881694674491882,0.26834139227867126,-0.7094642519950867,0,2000,v2a_u08,4,80,42,0.0,0.4,walk_queue_ablation
245,4.9,0.0,0.4000000059604645,-0.6066271066665649,0.2715155780315399,0.28142204880714417,-0.529074490070343,0,2000,v2a_u08,4,80,42,0.0,0.4,walk_queue_ablation
246,4.92,0.0,0.4000000059604645,-0.603140115737915,0.29533740878105164,0.2946756184101105,-0.25343775749206543,0,2000,v2a_u08,4,80,42,0.0,0.4,walk_queue_ablation
247,4.94,0.0,0.4000000059604645,-0.6017687320709229,0.3067905008792877,0.30981194972991943,-0.02787790633738041,0,2000,v2a_u08,4,80,42,0.0,0.4,walk_queue_ablation
248,4.96,0.0,0.4000000059604645,-0.6021202802658081,0.30558130145072937,0.32821783423423767,0.12130480259656906,0,2000,v2a_u08,4,80,42,0.0,0.4,walk_queue_ablation
249,4.98,0.0,0.4000000059604645,-0.6035650372505188,0.3002729117870331,0.35225358605384827,0.2195635288953781,0,2000,v2a_u08,4,80,42,0.0,0.4,walk_queue_ablation
250,5.0,0.0,0.4000000059604645,-0.605995774269104,0.29898303747177124,0.3840762674808502,0.30338454246520996,0,2000,v2a_u08,4,80,42,0.0,0.4,walk_queue_ablation
251,5.0200000000000005,0.0,0.4000000059604645,-0.6080372333526611,0.30442577600479126,0.41312310099601746,0.2307150959968567,0,2000,v2a_u08,4,80,42,0.0,0.4,walk_queue_ablation
252,5.04,0.0,0.4000000059604645,-0.6090072393417358,0.3149857819080353,0.4450252056121826,0.15223711729049683,0,2000,v2a_u08,4,80,42,0.0,0.4,walk_queue_ablation
253,5.0600000000000005,0.0,0.4000000059604645,-0.6087929010391235,0.3355797827243805,0.47851136326789856,0.08133015036582947,0,2000,v2a_u08,4,80,42,0.0,0.4,walk_queue_ablation
254,5.08,0.0,0.4000000059604645,-0.607459306716919,0.35674840211868286,0.5160620808601379,0.017918158322572708,0,2000,v2a_u08,4,80,42,0.0,0.4,walk_queue_ablation
255,5.1000000000000005,0.0,0.4000000059604645,-0.6052284240722656,0.3713734745979309,0.562498927116394,-0.04849937558174133,0,2000,v2a_u08,4,80,42,0.0,0.4,walk_queue_ablation
256,5.12,0.0,0.4000000059604645,-0.6022517085075378,0.37347596883773804,0.6165369153022766,-0.11951859295368195,0,2000,v2a_u08,4,80,42,0.0,0.4,walk_queue_ablation
257,5.14,0.0,0.4000000059604645,-0.5993164777755737,0.36042097210884094,0.6767756342887878,-0.1285565197467804,0,2000,v2a_u08,4,80,42,0.0,0.4,walk_queue_ablation
258,5.16,0.0,0.4000000059604645,-0.5970243215560913,0.34878358244895935,0.7213080525398254,-0.050190266221761703,0,2000,v2a_u08,4,80,42,0.0,0.4,walk_queue_ablation
259,5.18,0.0,0.4000000059604645,-0.5976603031158447,0.29184460639953613,0.6361381411552429,-0.019721683114767075,0,2000,v2a_u08,4,80,42,0.0,0.4,walk_queue_ablation
260,5.2,0.0,0.4000000059604645,-0.5929428339004517,0.2623494267463684,0.5367559790611267,-0.5534632205963135,0,2000,v2a_u08,4,80,42,0.0,0.4,walk_queue_ablation
261,5.22,0.0,0.4000000059604645,-0.5857885479927063,0.24040496349334717,0.48105373978614807,-0.46174633502960205,0,2000,v2a_u08,4,80,42,0.0,0.4,walk_queue_ablation
262,5.24,0.0,0.4000000059604645,-0.581200122833252,0.21474765241146088,0.4518556296825409,-0.06756375730037689,0,2000,v2a_u08,4,80,42,0.0,0.4,walk_queue_ablation
263,5.26,0.0,0.4000000059604645,-0.5802119970321655,0.1900012195110321,0.42009004950523376,0.2162523865699768,0,2000,v2a_u08,4,80,42,0.0,0.4,walk_queue_ablation
264,5.28,0.0,0.4000000059604645,-0.580640435218811,0.17759571969509125,0.3808196187019348,0.23937833309173584,0,2000,v2a_u08,4,80,42,0.0,0.4,walk_queue_ablation
265,5.3,0.0,0.4000000059604645,-0.5808776617050171,0.17009776830673218,0.3472539782524109,0.14375674724578857,0,2000,v2a_u08,4,80,42,0.0,0.4,walk_queue_ablation
266,5.32,0.0,0.4000000059604645,-0.5803191661834717,0.15966425836086273,0.31846168637275696,0.05239618942141533,0,2000,v2a_u08,4,80,42,0.0,0.4,walk_queue_ablation
267,5.34,0.0,0.4000000059604645,-0.5794532299041748,0.1496843695640564,0.29573196172714233,0.030251873657107353,0,2000,v2a_u08,4,80,42,0.0,0.4,walk_queue_ablation
268,5.36,0.0,0.4000000059604645,-0.5792926549911499,0.15961265563964844,0.2796779274940491,0.06609512865543365,0,2000,v2a_u08,4,80,42,0.0,0.4,walk_queue_ablation
269,5.38,0.0,0.4000000059604645,-0.5789265036582947,0.17418362200260162,0.2617318034172058,-0.019658725708723068,0,2000,v2a_u08,4,80,42,0.0,0.4,walk_queue_ablation
270,5.4,0.0,0.4000000059604645,-0.5784861445426941,0.19069725275039673,0.252933144569397,-0.04532136768102646,0,2000,v2a_u08,4,80,42,0.0,0.4,walk_queue_ablation
271,5.42,0.0,0.4000000059604645,-0.57746422290802,0.20087413489818573,0.24284127354621887,-0.12465306371450424,0,2000,v2a_u08,4,80,42,0.0,0.4,walk_queue_ablation
272,5.44,0.0,0.4000000059604645,-0.5760049223899841,0.21465295553207397,0.2340390682220459,-0.20323067903518677,0,2000,v2a_u08,4,80,42,0.0,0.4,walk_queue_ablation
273,5.46,0.0,0.4000000059604645,-0.5740135908126831,0.23305346071720123,0.229091614484787,-0.3285767138004303,0,2000,v2a_u08,4,80,42,0.0,0.4,walk_queue_ablation
274,5.48,0.0,0.4000000059604645,-0.5714659094810486,0.24835297465324402,0.22411799430847168,-0.4140445590019226,0,2000,v2a_u08,4,80,42,0.0,0.4,walk_queue_ablation
275,5.5,0.0,0.4000000059604645,-0.5687878131866455,0.25977274775505066,0.21579661965370178,-0.45776742696762085,0,2000,v2a_u08,4,80,42,0.0,0.4,walk_queue_ablation
276,5.5200000000000005,0.0,0.4000000059604645,-0.5663869380950928,0.2647804021835327,0.20526699721813202,-0.4644486606121063,0,2000,v2a_u08,4,80,42,0.0,0.4,walk_queue_ablation
277,5.54,0.0,0.4000000059604645,-0.5625838041305542,0.2586357593536377,0.191275954246521,-0.6145420074462891,0,2000,v2a_u08,4,80,42,0.0,0.4,walk_queue_ablation
278,5.5600000000000005,0.0,0.4000000059604645,-0.5566287040710449,0.24198031425476074,0.18317462503910065,-0.7482045292854309,0,2000,v2a_u08,4,80,42,0.0,0.4,walk_queue_ablation
279,5.58,0.0,0.4000000059604645,-0.550104022026062,0.22030195593833923,0.17896583676338196,-0.6803568005561829,0,2000,v2a_u08,4,80,42,0.0,0.4,walk_queue_ablation
280,5.6000000000000005,0.0,0.4000000059604645,-0.5455875396728516,0.19704937934875488,0.17777863144874573,-0.4089698791503906,0,2000,v2a_u08,4,80,42,0.0,0.4,walk_queue_ablation
281,5.62,0.0,0.4000000059604645,-0.5429625511169434,0.1460139900445938,0.19107326865196228,-0.5502569675445557,0,2000,v2a_u08,4,80,42,0.0,0.4,walk_queue_ablation
282,5.64,0.0,0.4000000059604645,-0.5446654558181763,0.11819109320640564,0.21302218735218048,0.1425967663526535,0,2000,v2a_u08,4,80,42,0.0,0.4,walk_queue_ablation
283,5.66,0.0,0.4000000059604645,-0.5504032373428345,0.10898376256227493,0.2304413914680481,0.2444411665201187,0,2000,v2a_u08,4,80,42,0.0,0.4,walk_queue_ablation
284,5.68,0.0,0.4000000059604645,-0.5547240972518921,0.11955054104328156,0.2425401508808136,-0.03675651177763939,0,2000,v2a_u08,4,80,42,0.0,0.4,walk_queue_ablation
285,5.7,0.0,0.4000000059604645,-0.5549687147140503,0.14057864248752594,0.2532821297645569,-0.4119132459163666,0,2000,v2a_u08,4,80,42,0.0,0.4,walk_queue_ablation
286,5.72,0.0,0.4000000059604645,-0.5512140989303589,0.17160165309906006,0.2623337209224701,-0.6571957468986511,0,2000,v2a_u08,4,80,42,0.0,0.4,walk_queue_ablation
287,5.74,0.0,0.4000000059604645,-0.5463814735412598,0.20597225427627563,0.27638426423072815,-0.5278844833374023,0,2000,v2a_u08,4,80,42,0.0,0.4,walk_queue_ablation
288,5.76,0.0,0.4000000059604645,-0.5428763628005981,0.23594553768634796,0.2905833125114441,-0.2793654203414917,0,2000,v2a_u08,4,80,42,0.0,0.4,walk_queue_ablation
289,5.78,0.0,0.4000000059604645,-0.5414812564849854,0.2529018521308899,0.3069457709789276,-0.03905530273914337,0,2000,v2a_u08,4,80,42,0.0,0.4,walk_queue_ablation
290,5.8,0.0,0.4000000059604645,-0.5416997671127319,0.25423815846443176,0.3248184025287628,0.09338511526584625,0,2000,v2a_u08,4,80,42,0.0,0.4,walk_queue_ablation
291,5.82,0.0,0.4000000059604645,-0.5427931547164917,0.24646061658859253,0.3466561436653137,0.18236064910888672,0,2000,v2a_u08,4,80,42,0.0,0.4,walk_queue_ablation
292,5.84,0.0,0.4000000059604645,-0.5449205636978149,0.24543902277946472,0.3761747479438782,0.28877493739128113,0,2000,v2a_u08,4,80,42,0.0,0.4,walk_queue_ablation
293,5.86,0.0,0.4000000059604645,-0.5469309091567993,0.24664875864982605,0.40519917011260986,0.2212013602256775,0,2000,v2a_u08,4,80,42,0.0,0.4,walk_queue_ablation
294,5.88,0.0,0.4000000059604645,-0.5478277206420898,0.25062111020088196,0.43862223625183105,0.12467673420906067,0,2000,v2a_u08,4,80,42,0.0,0.4,walk_queue_ablation
295,5.9,0.0,0.4000000059604645,-0.547630786895752,0.26416411995887756,0.4730117619037628,0.0796130895614624,0,2000,v2a_u08,4,80,42,0.0,0.4,walk_queue_ablation
296,5.92,0.0,0.4000000059604645,-0.5460984706878662,0.28230783343315125,0.5074091553688049,-0.02386455237865448,0,2000,v2a_u08,4,80,42,0.0,0.4,walk_queue_ablation
297,5.94,0.0,0.4000000059604645,-0.5437512397766113,0.29520362615585327,0.551475465297699,-0.051375798881053925,0,2000,v2a_u08,4,80,42,0.0,0.4,walk_queue_ablation
298,5.96,0.0,0.4000000059604645,-0.5407660007476807,0.3001510500907898,0.602472722530365,-0.10223209112882614,0,2000,v2a_u08,4,80,42,0.0,0.4,walk_queue_ablation
299,5.98,0.0,0.4000000059604645,-0.5378803014755249,0.2892603576183319,0.6617742776870728,-0.09837398678064346,0,2000,v2a_u08,4,80,42,0.0,0.4,walk_queue_ablation
300,6.0,0.0,0.4000000059604645,-0.5356804132461548,0.2733708620071411,0.7131830453872681,-0.05402220040559769,0,2000,v2a_u08,4,80,42,0.0,0.4,walk_queue_ablation
301,6.0200000000000005,0.0,0.4000000059604645,-0.5352171659469604,0.21921652555465698,0.6876159310340881,0.5835171937942505,0,2000,v2a_u08,4,80,42,0.0,0.4,walk_queue_ablation
302,6.04,0.0,0.4000000059604645,-0.5343046188354492,0.20470966398715973,0.5827139616012573,-0.3916553556919098,0,2000,v2a_u08,4,80,42,0.0,0.4,walk_queue_ablation
303,6.0600000000000005,0.0,0.4000000059604645,-0.5272935628890991,0.18929846584796906,0.5072064399719238,-0.608704686164856,0,2000,v2a_u08,4,80,42,0.0,0.4,walk_queue_ablation
304,6.08,0.0,0.4000000059604645,-0.5207160711288452,0.1697072684764862,0.46944698691368103,-0.30346253514289856,0,2000,v2a_u08,4,80,42,0.0,0.4,walk_queue_ablation
305,6.1000000000000005,0.0,0.4000000059604645,-0.5177459716796875,0.14537768065929413,0.4411008358001709,0.05903483182191849,0,2000,v2a_u08,4,80,42,0.0,0.4,walk_queue_ablation
306,6.12,0.0,0.4000000059604645,-0.5175296068191528,0.1278250813484192,0.4049673080444336,0.23149999976158142,0,2000,v2a_u08,4,80,42,0.0,0.4,walk_queue_ablation
307,6.140000000000001,0.0,0.4000000059604645,-0.517756462097168,0.12333905696868896,0.3662340044975281,0.18083935976028442,0,2000,v2a_u08,4,80,42,0.0,0.4,walk_queue_ablation
308,6.16,0.0,0.4000000059604645,-0.5176335573196411,0.11586657166481018,0.3340192139148712,0.12078095227479935,0,2000,v2a_u08,4,80,42,0.0,0.4,walk_queue_ablation
309,6.18,0.0,0.4000000059604645,-0.5173197984695435,0.10171861946582794,0.30786946415901184,0.11214552819728851,0,2000,v2a_u08,4,80,42,0.0,0.4,walk_queue_ablation
310,6.2,0.0,0.4000000059604645,-0.5178966522216797,0.10443022847175598,0.29002541303634644,0.15447068214416504,0,2000,v2a_u08,4,80,42,0.0,0.4,walk_queue_ablation
311,6.22,0.0,0.4000000059604645,-0.5184586048126221,0.12116483598947525,0.26873779296875,0.09455747157335281,0,2000,v2a_u08,4,80,42,0.0,0.4,walk_queue_ablation
312,6.24,0.0,0.4000000059604645,-0.5189778804779053,0.14102791249752045,0.2595607042312622,0.04014618322253227,0,2000,v2a_u08,4,80,42,0.0,0.4,walk_queue_ablation
313,6.26,0.0,0.4000000059604645,-0.5184789896011353,0.14992821216583252,0.25081560015678406,-0.08945570141077042,0,2000,v2a_u08,4,80,42,0.0,0.4,walk_queue_ablation
314,6.28,0.0,0.4000000059604645,-0.517013669013977,0.1582162231206894,0.24199409782886505,-0.19403205811977386,0,2000,v2a_u08,4,80,42,0.0,0.4,walk_queue_ablation
315,6.3,0.0,0.4000000059604645,-0.5147992372512817,0.1747267097234726,0.23669570684432983,-0.3211930990219116,0,2000,v2a_u08,4,80,42,0.0,0.4,walk_queue_ablation
316,6.32,0.0,0.4000000059604645,-0.5121184587478638,0.18687467277050018,0.23171930015087128,-0.4003109633922577,0,2000,v2a_u08,4,80,42,0.0,0.4,walk_queue_ablation
317,6.34,0.0,0.4000000059604645,-0.5094294548034668,0.19593194127082825,0.2252311408519745,-0.43286383152008057,0,2000,v2a_u08,4,80,42,0.0,0.4,walk_queue_ablation
318,6.36,0.0,0.4000000059604645,-0.5070129632949829,0.20197711884975433,0.21569395065307617,-0.4434555768966675,0,2000,v2a_u08,4,80,42,0.0,0.4,walk_queue_ablation
319,6.38,0.0,0.4000000059604645,-0.5043128728866577,0.20093151926994324,0.20339153707027435,-0.49179214239120483,0,2000,v2a_u08,4,80,42,0.0,0.4,walk_queue_ablation
320,6.4,0.0,0.4000000059604645,-0.49990594387054443,0.18943507969379425,0.19216439127922058,-0.6484078168869019,0,2000,v2a_u08,4,80,42,0.0,0.4,walk_queue_ablation
321,6.42,0.0,0.4000000059604645,-0.49398374557495117,0.16848234832286835,0.18612264096736908,-0.694433331489563,0,2000,v2a_u08,4,80,42,0.0,0.4,walk_queue_ablation
322,6.44,0.0,0.4000000059604645,-0.4883873462677002,0.1464444398880005,0.18273359537124634,-0.5572512149810791,0,2000,v2a_u08,4,80,42,0.0,0.4,walk_queue_ablation
323,6.46,0.0,0.4000000059604645,-0.48579704761505127,0.1213407814502716,0.18394093215465546,-0.24399614334106445,0,2000,v2a_u08,4,80,42,0.0,0.4,walk_queue_ablation
324,6.48,0.0,0.4000000059604645,-0.48513829708099365,0.07439706474542618,0.20332510769367218,-0.1527061015367508,0,2000,v2a_u08,4,80,42,0.0,0.4,walk_queue_ablation
325,6.5,0.0,0.4000000059604645,-0.4888432025909424,0.0541711300611496,0.22345036268234253,0.18893706798553467,0,2000,v2a_u08,4,80,42,0.0,0.4,walk_queue_ablation
326,6.5200000000000005,0.0,0.4000000059604645,-0.4940425157546997,0.05951733887195587,0.23879946768283844,0.13654400408267975,0,2000,v2a_u08,4,80,42,0.0,0.4,walk_queue_ablation
327,6.54,0.0,0.4000000059604645,-0.49680817127227783,0.07840335369110107,0.2489057034254074,-0.16981692612171173,0,2000,v2a_u08,4,80,42,0.0,0.4,walk_queue_ablation
328,6.5600000000000005,0.0,0.4000000059604645,-0.4955272674560547,0.10705863684415817,0.25932541489601135,-0.4917886555194855,0,2000,v2a_u08,4,80,42,0.0,0.4,walk_queue_ablation
329,6.58,0.0,0.4000000059604645,-0.49142324924468994,0.14068984985351562,0.26974284648895264,-0.5877243280410767,0,2000,v2a_u08,4,80,42,0.0,0.4,walk_queue_ablation
330,6.6000000000000005,0.0,0.4000000059604645,-0.48708927631378174,0.17509327828884125,0.2817116975784302,-0.4272536337375641,0,2000,v2a_u08,4,80,42,0.0,0.4,walk_queue_ablation
331,6.62,0.0,0.4000000059604645,-0.4843705892562866,0.1994362324476242,0.2945791780948639,-0.18435421586036682,0,2000,v2a_u08,4,80,42,0.0,0.4,walk_queue_ablation
332,6.640000000000001,0.0,0.4000000059604645,-0.48345279693603516,0.2104441523551941,0.3105275332927704,0.005637941882014275,0,2000,v2a_u08,4,80,42,0.0,0.4,walk_queue_ablation
333,6.66,0.0,0.4000000059604645,-0.48381364345550537,0.20819662511348724,0.3297829031944275,0.10654707998037338,0,2000,v2a_u08,4,80,42,0.0,0.4,walk_queue_ablation
334,6.68,0.0,0.4000000059604645,-0.4848058223724365,0.20175029337406158,0.3549190163612366,0.16524818539619446,0,2000,v2a_u08,4,80,42,0.0,0.4,walk_queue_ablation
335,6.7,0.0,0.4000000059604645,-0.48647093772888184,0.19901633262634277,0.3876579999923706,0.22898806631565094,0,2000,v2a_u08,4,80,42,0.0,0.4,walk_queue_ablation
336,6.72,0.0,0.4000000059604645,-0.4876514673233032,0.20186103880405426,0.4182049632072449,0.15469463169574738,0,2000,v2a_u08,4,80,42,0.0,0.4,walk_queue_ablation
337,6.74,0.0,0.4000000059604645,-0.48785388469696045,0.20859390497207642,0.45194676518440247,0.09213396906852722,0,2000,v2a_u08,4,80,42,0.0,0.4,walk_queue_ablation
338,6.76,0.0,0.4000000059604645,-0.48716819286346436,0.22377896308898926,0.4873983860015869,0.05729355663061142,0,2000,v2a_u08,4,80,42,0.0,0.4,walk_queue_ablation
339,6.78,0.0,0.4000000059604645,-0.4856988191604614,0.23833906650543213,0.52640300989151,0.020274098962545395,0,2000,v2a_u08,4,80,42,0.0,0.4,walk_queue_ablation
340,6.8,0.0,0.4000000059604645,-0.48356449604034424,0.24732784926891327,0.5733179450035095,-0.02193460427224636,0,2000,v2a_u08,4,80,42,0.0,0.4,walk_queue_ablation
341,6.82,0.0,0.4000000059604645,-0.4810596704483032,0.24466127157211304,0.6289728283882141,-0.05056462809443474,0,2000,v2a_u08,4,80,42,0.0,0.4,walk_queue_ablation
342,6.84,0.0,0.4000000059604645,-0.47905075550079346,0.22827856242656708,0.6889843344688416,-0.018809694796800613,0,2000,v2a_u08,4,80,42,0.0,0.4,walk_queue_ablation
343,6.86,0.0,0.4000000059604645,-0.4777411222457886,0.2156085968017578,0.7310308814048767,0.05648379772901535,0,2000,v2a_u08,4,80,42,0.0,0.4,walk_queue_ablation
344,6.88,0.0,0.4000000059604645,-0.4790562391281128,0.1700293868780136,0.6378837823867798,-0.042575255036354065,0,2000,v2a_u08,4,80,42,0.0,0.4,walk_queue_ablation
345,6.9,0.0,0.4000000059604645,-0.47425389289855957,0.15208131074905396,0.5436694025993347,-0.558876633644104,0,2000,v2a_u08,4,80,42,0.0,0.4,walk_queue_ablation
346,6.92,0.0,0.4000000059604645,-0.4671531915664673,0.13837525248527527,0.4886961281299591,-0.4628070890903473,0,2000,v2a_u08,4,80,42,0.0,0.4,walk_queue_ablation
347,6.94,0.0,0.4000000059604645,-0.4625377655029297,0.11524508148431778,0.45837104320526123,-0.08635164052248001,0,2000,v2a_u08,4,80,42,0.0,0.4,walk_queue_ablation
348,6.96,0.0,0.4000000059604645,-0.46117329597473145,0.09996894747018814,0.4231431782245636,0.15449681878089905,0,2000,v2a_u08,4,80,42,0.0,0.4,walk_queue_ablation
349,6.98,0.0,0.4000000059604645,-0.4612523317337036,0.0933266431093216,0.3832433223724365,0.23144064843654633,0,2000,v2a_u08,4,80,42,0.0,0.4,walk_queue_ablation
350,7.0,0.0,0.4000000059604645,-0.4617743492126465,0.09100797027349472,0.3486550450325012,0.190823495388031,0,2000,v2a_u08,4,80,42,0.0,0.4,walk_queue_ablation
351,7.0200000000000005,0.0,0.4000000059604645,-0.46179652214050293,0.08236519247293472,0.3198254406452179,0.12737056612968445,0,2000,v2a_u08,4,80,42,0.0,0.4,walk_queue_ablation
352,7.04,0.0,0.4000000059604645,-0.4622626304626465,0.08018456399440765,0.29770272970199585,0.16360609233379364,0,2000,v2a_u08,4,80,42,0.0,0.4,walk_queue_ablation
353,7.0600000000000005,0.0,0.4000000059604645,-0.4631243944168091,0.09194140136241913,0.279759019613266,0.13942496478557587,0,2000,v2a_u08,4,80,42,0.0,0.4,walk_queue_ablation
354,7.08,0.0,0.4000000059604645,-0.4634580612182617,0.10428430885076523,0.2628413736820221,0.03318902850151062,0,2000,v2a_u08,4,80,42,0.0,0.4,walk_queue_ablation
355,7.1000000000000005,0.0,0.4000000059604645,-0.46312880516052246,0.12063676118850708,0.2522116005420685,-0.04680308327078819,0,2000,v2a_u08,4,80,42,0.0,0.4,walk_queue_ablation
356,7.12,0.0,0.4000000059604645,-0.46211516857147217,0.12858062982559204,0.24308918416500092,-0.13076817989349365,0,2000,v2a_u08,4,80,42,0.0,0.4,walk_queue_ablation
357,7.140000000000001,0.0,0.4000000059604645,-0.4605731964111328,0.14385715126991272,0.23696886003017426,-0.2246834635734558,0,2000,v2a_u08,4,80,42,0.0,0.4,walk_queue_ablation
358,7.16,0.0,0.4000000059604645,-0.45836377143859863,0.15989156067371368,0.2313053011894226,-0.33666762709617615,0,2000,v2a_u08,4,80,42,0.0,0.4,walk_queue_ablation
359,7.18,0.0,0.4000000059604645,-0.45593369007110596,0.1713031381368637,0.22593054175376892,-0.38564538955688477,0,2000,v2a_u08,4,80,42,0.0,0.4,walk_queue_ablation
360,7.2,0.0,0.4000000059604645,-0.45376288890838623,0.17839714884757996,0.21490031480789185,-0.38903114199638367,0,2000,v2a_u08,4,80,42,0.0,0.4,walk_queue_ablation
361,7.22,0.0,0.4000000059604645,-0.4518793821334839,0.1799936592578888,0.20387482643127441,-0.4042944014072418,0,2000,v2a_u08,4,80,42,0.0,0.4,walk_queue_ablation
362,7.24,0.0,0.4000000059604645,-0.44873154163360596,0.17185191810131073,0.18981696665287018,-0.5420054197311401,0,2000,v2a_u08,4,80,42,0.0,0.4,walk_queue_ablation
363,7.26,0.0,0.4000000059604645,-0.4437955617904663,0.15422728657722473,0.18024404346942902,-0.651145875453949,0,2000,v2a_u08,4,80,42,0.0,0.4,walk_queue_ablation
364,7.28,0.0,0.4000000059604645,-0.4381016492843628,0.1303384006023407,0.17476388812065125,-0.6205410957336426,0,2000,v2a_u08,4,80,42,0.0,0.4,walk_queue_ablation
365,7.3,0.0,0.4000000059604645,-0.4339331388473511,0.10539574921131134,0.1738022416830063,-0.4049742817878723,0,2000,v2a_u08,4,80,42,0.0,0.4,walk_queue_ablation
366,7.32,0.0,0.4000000059604645,-0.4316335916519165,0.060684047639369965,0.1811349242925644,-0.5581057071685791,0,2000,v2a_u08,4,80,42,0.0,0.4,walk_queue_ablation
367,7.34,0.0,0.4000000059604645,-0.43245255947113037,0.033985819667577744,0.20754596590995789,0.08156275749206543,0,2000,v2a_u08,4,80,42,0.0,0.4,walk_queue_ablation
368,7.36,0.0,0.4000000059604645,-0.43772125244140625,0.03004036284983158,0.22582398355007172,0.2306974232196808,0,2000,v2a_u08,4,80,42,0.0,0.4,walk_queue_ablation
369,7.38,0.0,0.4000000059604645,-0.442158579826355,0.04494069144129753,0.23796913027763367,0.009877713397145271,0,2000,v2a_u08,4,80,42,0.0,0.4,walk_queue_ablation
370,7.4,0.0,0.4000000059604645,-0.4431341886520386,0.06943727284669876,0.2487051635980606,-0.3112976551055908,0,2000,v2a_u08,4,80,42,0.0,0.4,walk_queue_ablation
371,7.42,0.0,0.4000000059604645,-0.44049394130706787,0.10391868650913239,0.25708433985710144,-0.5368497967720032,0,2000,v2a_u08,4,80,42,0.0,0.4,walk_queue_ablation
372,7.44,0.0,0.4000000059604645,-0.4366781711578369,0.13962578773498535,0.27105912566185,-0.4488382339477539,0,2000,v2a_u08,4,80,42,0.0,0.4,walk_queue_ablation
373,7.46,0.0,0.4000000059604645,-0.4336576461791992,0.1730732023715973,0.2830770015716553,-0.24698159098625183,0,2000,v2a_u08,4,80,42,0.0,0.4,walk_queue_ablation
374,7.48,0.0,0.4000000059604645,-0.43250036239624023,0.19310210645198822,0.29792606830596924,-0.014141753315925598,0,2000,v2a_u08,4,80,42,0.0,0.4,walk_queue_ablation
375,7.5,0.0,0.4000000059604645,-0.4328387975692749,0.19810914993286133,0.31604480743408203,0.10643713176250458,0,2000,v2a_u08,4,80,42,0.0,0.4,walk_queue_ablation
376,7.5200000000000005,0.0,0.4000000059604645,-0.43403470516204834,0.1920681893825531,0.339603453874588,0.18966156244277954,0,2000,v2a_u08,4,80,42,0.0,0.4,walk_queue_ablation
377,7.54,0.0,0.4000000059604645,-0.43582165241241455,0.19061222672462463,0.3688005208969116,0.24189217388629913,0,2000,v2a_u08,4,80,42,0.0,0.4,walk_queue_ablation
378,7.5600000000000005,0.0,0.4000000059604645,-0.43739283084869385,0.1904790848493576,0.400847852230072,0.18173544108867645,0,2000,v2a_u08,4,80,42,0.0,0.4,walk_queue_ablation
379,7.58,0.0,0.4000000059604645,-0.4378089904785156,0.19523219764232635,0.43397802114486694,0.08807779103517532,0,2000,v2a_u08,4,80,42,0.0,0.4,walk_queue_ablation
380,7.6000000000000005,0.0,0.4000000059604645,-0.4372462034225464,0.2076721042394638,0.47017860412597656,0.051174212247133255,0,2000,v2a_u08,4,80,42,0.0,0.4,walk_queue_ablation
381,7.62,0.0,0.4000000059604645,-0.4357949495315552,0.22352686524391174,0.5068631172180176,-0.000726254191249609,0,2000,v2a_u08,4,80,42,0.0,0.4,walk_queue_ablation
382,7.640000000000001,0.0,0.4000000059604645,-0.4337254762649536,0.23475395143032074,0.550930917263031,-0.022152425721287727,0,2000,v2a_u08,4,80,42,0.0,0.4,walk_queue_ablation
383,7.66,0.0,0.4000000059604645,-0.43112945556640625,0.23823361098766327,0.6026369333267212,-0.06003796309232712,0,2000,v2a_u08,4,80,42,0.0,0.4,walk_queue_ablation
384,7.68,0.0,0.4000000059604645,-0.42888855934143066,0.2278059422969818,0.6625306606292725,-0.021692002192139626,0,2000,v2a_u08,4,80,42,0.0,0.4,walk_queue_ablation
385,7.7,0.0,0.4000000059604645,-0.4274688959121704,0.213374063372612,0.712590217590332,0.02596336603164673,0,2000,v2a_u08,4,80,42,0.0,0.4,walk_queue_ablation
386,7.72,0.0,0.4000000059604645,-0.42799293994903564,0.15936538577079773,0.6782528758049011,0.6035330891609192,0,2000,v2a_u08,4,80,42,0.0,0.4,walk_queue_ablation
387,7.74,0.0,0.4000000059604645,-0.42693591117858887,0.1523696929216385,0.5781378746032715,-0.38370776176452637,0,2000,v2a_u08,4,80,42,0.0,0.4,walk_queue_ablation
388,7.76,0.0,0.4000000059604645,-0.42013442516326904,0.14012065529823303,0.5036959648132324,-0.5774062275886536,0,2000,v2a_u08,4,80,42,0.0,0.4,walk_queue_ablation
389,7.78,0.0,0.4000000059604645,-0.41399073600769043,0.12443843483924866,0.4655284881591797,-0.27773672342300415,0,2000,v2a_u08,4,80,42,0.0,0.4,walk_queue_ablation
390,7.8,0.0,0.4000000059604645,-0.4112999439239502,0.1022261455655098,0.4343215525150299,0.08313950896263123,0,2000,v2a_u08,4,80,42,0.0,0.4,walk_queue_ablation
391,7.82,0.0,0.4000000059604645,-0.41105496883392334,0.08806274086236954,0.3970293402671814,0.21470019221305847,0,2000,v2a_u08,4,80,42,0.0,0.4,walk_queue_ablation
392,7.84,0.0,0.4000000059604645,-0.4111109972000122,0.08331791311502457,0.35917940735816956,0.17428021132946014,0,2000,v2a_u08,4,80,42,0.0,0.4,walk_queue_ablation
393,7.86,0.0,0.4000000059604645,-0.41093242168426514,0.07706481218338013,0.32804742455482483,0.11830253154039383,0,2000,v2a_u08,4,80,42,0.0,0.4,walk_queue_ablation
394,7.88,0.0,0.4000000059604645,-0.4107475280761719,0.06599003821611404,0.301504522562027,0.1368527114391327,0,2000,v2a_u08,4,80,42,0.0,0.4,walk_queue_ablation
395,7.9,0.0,0.4000000059604645,-0.4116419553756714,0.0701996460556984,0.2846144735813141,0.1782664656639099,0,2000,v2a_u08,4,80,42,0.0,0.4,walk_queue_ablation
396,7.92,0.0,0.4000000059604645,-0.4123750925064087,0.08892151713371277,0.2626922130584717,0.11014717072248459,0,2000,v2a_u08,4,80,42,0.0,0.4,walk_queue_ablation
397,7.94,0.0,0.4000000059604645,-0.41295135021209717,0.10744831711053848,0.249870166182518,0.04865525662899017,0,2000,v2a_u08,4,80,42,0.0,0.4,walk_queue_ablation
398,7.96,0.0,0.4000000059604645,-0.41256821155548096,0.11365459114313126,0.24049988389015198,-0.06383466720581055,0,2000,v2a_u08,4,80,42,0.0,0.4,walk_queue_ablation
399,7.98,0.0,0.4000000059604645,-0.41153717041015625,0.12024585902690887,0.23067925870418549,-0.14032290875911713,0,2000,v2a_u08,4,80,42,0.0,0.4,walk_queue_ablation
400,8.0,0.0,0.4000000059604645,-0.40991365909576416,0.13747860491275787,0.22582809627056122,-0.26820436120033264,0,2000,v2a_u08,4,80,42,0.0,0.4,walk_queue_ablation
401,8.02,0.0,0.4000000059604645,-0.4078245162963867,0.14775723218917847,0.220206156373024,-0.3411491811275482,0,2000,v2a_u08,4,80,42,0.0,0.4,walk_queue_ablation
402,8.040000000000001,0.0,0.4000000059604645,-0.40577471256256104,0.15567991137504578,0.2137596607208252,-0.371857225894928,0,2000,v2a_u08,4,80,42,0.0,0.4,walk_queue_ablation
403,8.06,0.0,0.4000000059604645,-0.40402114391326904,0.15942539274692535,0.20387308299541473,-0.3741339445114136,0,2000,v2a_u08,4,80,42,0.0,0.4,walk_queue_ablation
404,8.08,0.0,0.4000000059604645,-0.4020653963088989,0.15648092329502106,0.1916431337594986,-0.4265180230140686,0,2000,v2a_u08,4,80,42,0.0,0.4,walk_queue_ablation
405,8.1,0.0,0.4000000059604645,-0.3982752561569214,0.14351710677146912,0.17967157065868378,-0.5972733497619629,0,2000,v2a_u08,4,80,42,0.0,0.4,walk_queue_ablation
406,8.120000000000001,0.0,0.4000000059604645,-0.3928924798965454,0.12286165356636047,0.17240439355373383,-0.6486988067626953,0,2000,v2a_u08,4,80,42,0.0,0.4,walk_queue_ablation
407,8.14,0.0,0.4000000059604645,-0.38774967193603516,0.10111089050769806,0.16824476420879364,-0.5266032814979553,0,2000,v2a_u08,4,80,42,0.0,0.4,walk_queue_ablation
408,8.16,0.0,0.4000000059604645,-0.3850783109664917,0.074187271296978,0.17016005516052246,-0.279257595539093,0,2000,v2a_u08,4,80,42,0.0,0.4,walk_queue_ablation
409,8.18,0.0,0.4000000059604645,-0.384197473526001,0.03018917515873909,0.18955682218074799,-0.14117839932441711,0,2000,v2a_u08,4,80,42,0.0,0.4,walk_queue_ablation
410,8.2,0.0,0.4000000059604645,-0.38836491107940674,0.01263260468840599,0.21203912794589996,0.2557360827922821,0,2000,v2a_u08,4,80,42,0.0,0.4,walk_queue_ablation
411,8.22,0.0,0.4000000059604645,-0.3941807746887207,0.020237118005752563,0.22737707197666168,0.198682963848114,0,2000,v2a_u08,4,80,42,0.0,0.4,walk_queue_ablation
412,8.24,0.0,0.4000000059604645,-0.39745163917541504,0.039103180170059204,0.2378595918416977,-0.11761705577373505,0,2000,v2a_u08,4,80,42,0.0,0.4,walk_queue_ablation
413,8.26,0.0,0.4000000059604645,-0.3967040777206421,0.06819035112857819,0.24862729012966156,-0.4278162121772766,0,2000,v2a_u08,4,80,42,0.0,0.4,walk_queue_ablation
414,8.28,0.0,0.4000000059604645,-0.393208384513855,0.10143323987722397,0.2595096230506897,-0.5237611532211304,0,2000,v2a_u08,4,80,42,0.0,0.4,walk_queue_ablation
415,8.3,0.0,0.4000000059604645,-0.3893991708755493,0.13518373668193817,0.27202892303466797,-0.3816413879394531,0,2000,v2a_u08,4,80,42,0.0,0.4,walk_queue_ablation
416,8.32,0.0,0.4000000059604645,-0.3870046138763428,0.15877500176429749,0.28524333238601685,-0.15907816588878632,0,2000,v2a_u08,4,80,42,0.0,0.4,walk_queue_ablation
417,8.34,0.0,0.4000000059604645,-0.386189341545105,0.16996465623378754,0.301281601190567,0.007907392457127571,0,2000,v2a_u08,4,80,42,0.0,0.4,walk_queue_ablation
418,8.36,0.0,0.4000000059604645,-0.38647305965423584,0.16729736328125,0.3214799463748932,0.09341736137866974,0,2000,v2a_u08,4,80,42,0.0,0.4,walk_queue_ablation
419,8.38,0.0,0.4000000059604645,-0.38722872734069824,0.16091014444828033,0.3472748100757599,0.13947947323322296,0,2000,v2a_u08,4,80,42,0.0,0.4,walk_queue_ablation
420,8.4,0.0,0.4000000059604645,-0.38850629329681396,0.1580391675233841,0.3804503381252289,0.18813717365264893,0,2000,v2a_u08,4,80,42,0.0,0.4,walk_queue_ablation
421,8.42,0.0,0.4000000059604645,-0.3892345428466797,0.1601942628622055,0.4115077555179596,0.11425205320119858,0,2000,v2a_u08,4,80,42,0.0,0.4,walk_queue_ablation
422,8.44,0.0,0.4000000059604645,-0.3890489339828491,0.1651850938796997,0.445696085691452,0.06362728774547577,0,2000,v2a_u08,4,80,42,0.0,0.4,walk_queue_ablation
423,8.46,0.0,0.4000000059604645,-0.38820505142211914,0.17767053842544556,0.4817765951156616,0.055015988647937775,0,2000,v2a_u08,4,80,42,0.0,0.4,walk_queue_ablation
424,8.48,0.0,0.4000000059604645,-0.3867901563644409,0.18950320780277252,0.5210347175598145,0.03343316167593002,0,2000,v2a_u08,4,80,42,0.0,0.4,walk_queue_ablation
425,8.5,0.0,0.4000000059604645,-0.38488757610321045,0.1960858851671219,0.5680438280105591,0.010489486157894135,0,2000,v2a_u08,4,80,42,0.0,0.4,walk_queue_ablation
426,8.52,0.0,0.4000000059604645,-0.38286495208740234,0.1925717294216156,0.6236347556114197,0.01346376072615385,0,2000,v2a_u08,4,80,42,0.0,0.4,walk_queue_ablation
427,8.540000000000001,0.0,0.4000000059604645,-0.38162481784820557,0.1760151982307434,0.6833293437957764,0.06380398571491241,0,2000,v2a_u08,4,80,42,0.0,0.4,walk_queue_ablation
428,8.56,0.0,0.4000000059604645,-0.381123423576355,0.1633053719997406,0.7254531979560852,0.1329037845134735,0,2000,v2a_u08,4,80,42,0.0,0.4,walk_queue_ablation
429,8.58,0.0,0.4000000059604645,-0.3829265832901001,0.12333643436431885,0.6325268149375916,-0.014808103442192078,0,2000,v2a_u08,4,80,42,0.0,0.4,walk_queue_ablation
430,8.6,0.0,0.4000000059604645,-0.3782927989959717,0.10993413627147675,0.5411118865013123,-0.5596712231636047,0,2000,v2a_u08,4,80,42,0.0,0.4,walk_queue_ablation
431,8.620000000000001,0.0,0.4000000059604645,-0.37113213539123535,0.10026810318231583,0.48689961433410645,-0.4844375252723694,0,2000,v2a_u08,4,80,42,0.0,0.4,walk_queue_ablation
432,8.64,0.0,0.4000000059604645,-0.36638951301574707,0.07995540648698807,0.4537293612957001,-0.10064266622066498,0,2000,v2a_u08,4,80,42,0.0,0.4,walk_queue_ablation
433,8.66,0.0,0.4000000059604645,-0.36489009857177734,0.06680791825056076,0.4166807234287262,0.14652156829833984,0,2000,v2a_u08,4,80,42,0.0,0.4,walk_queue_ablation
434,8.68,0.0,0.4000000059604645,-0.3650418519973755,0.06197606027126312,0.3768065571784973,0.25703370571136475,0,2000,v2a_u08,4,80,42,0.0,0.4,walk_queue_ablation
435,8.700000000000001,0.0,0.4000000059604645,-0.36597704887390137,0.06044129282236099,0.34283411502838135,0.2459295094013214,0,2000,v2a_u08,4,80,42,0.0,0.4,walk_queue_ablation
436,8.72,0.0,0.4000000059604645,-0.3666421175003052,0.05273173749446869,0.31350868940353394,0.1894722282886505,0,2000,v2a_u08,4,80,42,0.0,0.4,walk_queue_ablation
437,8.74,0.0,0.4000000059604645,-0.36766600608825684,0.05140388756990433,0.2906363606452942,0.2104644775390625,0,2000,v2a_u08,4,80,42,0.0,0.4,walk_queue_ablation
438,8.76,0.0,0.4000000059604645,-0.3688783645629883,0.06267925351858139,0.27345767617225647,0.16631372272968292,0,2000,v2a_u08,4,80,42,0.0,0.4,walk_queue_ablation
439,8.78,0.0,0.4000000059604645,-0.36929285526275635,0.07579647749662399,0.25615569949150085,0.03103988617658615,0,2000,v2a_u08,4,80,42,0.0,0.4,walk_queue_ablation
440,8.8,0.0,0.4000000059604645,-0.3689398765563965,0.09058946371078491,0.24497030675411224,-0.046814434230327606,0,2000,v2a_u08,4,80,42,0.0,0.4,walk_queue_ablation
441,8.82,0.0,0.4000000059604645,-0.3679924011230469,0.09976159036159515,0.2365652471780777,-0.13095083832740784,0,2000,v2a_u08,4,80,42,0.0,0.4,walk_queue_ablation
442,8.84,0.0,0.4000000059604645,-0.36643171310424805,0.11389846354722977,0.2271885722875595,-0.22092266380786896,0,2000,v2a_u08,4,80,42,0.0,0.4,walk_queue_ablation
443,8.86,0.0,0.4000000059604645,-0.36439692974090576,0.12855035066604614,0.22253230214118958,-0.31055471301078796,0,2000,v2a_u08,4,80,42,0.0,0.4,walk_queue_ablation
444,8.88,0.0,0.4000000059604645,-0.36239683628082275,0.1386038064956665,0.21614204347133636,-0.3338850140571594,0,2000,v2a_u08,4,80,42,0.0,0.4,walk_queue_ablation
445,8.9,0.0,0.4000000059604645,-0.3606981039047241,0.14459988474845886,0.20739513635635376,-0.3453558385372162,0,2000,v2a_u08,4,80,42,0.0,0.4,walk_queue_ablation
446,8.92,0.0,0.4000000059604645,-0.35928070545196533,0.1451825350522995,0.1960746794939041,-0.3580269515514374,0,2000,v2a_u08,4,80,42,0.0,0.4,walk_queue_ablation
447,8.94,0.0,0.4000000059604645,-0.3565760850906372,0.13617098331451416,0.1818075180053711,-0.5050528645515442,0,2000,v2a_u08,4,80,42,0.0,0.4,walk_queue_ablation
448,8.96,0.0,0.4000000059604645,-0.3519541025161743,0.11799319833517075,0.17215842008590698,-0.6331591010093689,0,2000,v2a_u08,4,80,42,0.0,0.4,walk_queue_ablation
449,8.98,0.0,0.4000000059604645,-0.34639155864715576,0.09319154918193817,0.1657663881778717,-0.6271600723266602,0,2000,v2a_u08,4,80,42,0.0,0.4,walk_queue_ablation
450,9.0,0.0,0.4000000059604645,-0.3421226739883423,0.0677318125963211,0.16398516297340393,-0.425469309091568,0,2000,v2a_u08,4,80,42,0.0,0.4,walk_queue_ablation
451,9.02,0.0,0.4000000059604645,-0.3397183418273926,0.02841225266456604,0.16649974882602692,-0.4980802536010742,0,2000,v2a_u08,4,80,42,0.0,0.4,walk_queue_ablation
452,9.040000000000001,0.0,0.4000000059604645,-0.34010088443756104,0.00036057992838323116,0.19684430956840515,0.040279027074575424,0,2000,v2a_u08,4,80,42,0.0,0.4,walk_queue_ablation
453,9.06,0.0,0.4000000059604645,-0.34504783153533936,-0.001661790651269257,0.2152971625328064,0.21821628510951996,0,2000,v2a_u08,4,80,42,0.0,0.4,walk_queue_ablation
454,9.08,0.0,0.4000000059604645,-0.34956157207489014,0.01467354316264391,0.2274198979139328,0.04187572002410889,0,2000,v2a_u08,4,80,42,0.0,0.4,walk_queue_ablation
455,9.1,0.0,0.4000000059604645,-0.3509708642959595,0.04002412036061287,0.23749008774757385,-0.24935200810432434,0,2000,v2a_u08,4,80,42,0.0,0.4,walk_queue_ablation
456,9.120000000000001,0.0,0.4000000059604645,-0.34908056259155273,0.07534147799015045,0.2464313507080078,-0.45008385181427,0,2000,v2a_u08,4,80,42,0.0,0.4,walk_queue_ablation
457,9.14,0.0,0.4000000059604645,-0.34598612785339355,0.11230705678462982,0.25941264629364014,-0.3841915726661682,0,2000,v2a_u08,4,80,42,0.0,0.4,walk_queue_ablation
458,9.16,0.0,0.4000000059604645,-0.343497633934021,0.14638002216815948,0.2717738747596741,-0.20947913825511932,0,2000,v2a_u08,4,80,42,0.0,0.4,walk_queue_ablation
459,9.18,0.0,0.4000000059604645,-0.3426319360733032,0.16725121438503265,0.28650957345962524,0.004092127084732056,0,2000,v2a_u08,4,80,42,0.0,0.4,walk_queue_ablation
460,9.200000000000001,0.0,0.4000000059604645,-0.34301602840423584,0.1744871437549591,0.3035219609737396,0.1048852950334549,0,2000,v2a_u08,4,80,42,0.0,0.4,walk_queue_ablation
461,9.22,0.0,0.4000000059604645,-0.34407126903533936,0.17061789333820343,0.32642489671707153,0.16997811198234558,0,2000,v2a_u08,4,80,42,0.0,0.4,walk_queue_ablation
462,9.24,0.0,0.4000000059604645,-0.34557437896728516,0.16875864565372467,0.35502418875694275,0.21401625871658325,0,2000,v2a_u08,4,80,42,0.0,0.4,walk_queue_ablation
463,9.26,0.0,0.4000000059604645,-0.34698331356048584,0.1696031242609024,0.3880103826522827,0.17532384395599365,0,2000,v2a_u08,4,80,42,0.0,0.4,walk_queue_ablation
464,9.28,0.0,0.4000000059604645,-0.34729433059692383,0.1743571162223816,0.4206930100917816,0.08021975308656693,0,2000,v2a_u08,4,80,42,0.0,0.4,walk_queue_ablation
465,9.3,0.0,0.4000000059604645,-0.3466390371322632,0.18499575555324554,0.4565889239311218,0.042734794318675995,0,2000,v2a_u08,4,80,42,0.0,0.4,walk_queue_ablation
466,9.32,0.0,0.4000000059604645,-0.3453155755996704,0.19939906895160675,0.4939018785953522,0.020374152809381485,0,2000,v2a_u08,4,80,42,0.0,0.4,walk_queue_ablation
467,9.34,0.0,0.4000000059604645,-0.3436284065246582,0.21032631397247314,0.5376263856887817,0.02146841585636139,0,2000,v2a_u08,4,80,42,0.0,0.4,walk_queue_ablation
468,9.36,0.0,0.4000000059604645,-0.3415898084640503,0.21486730873584747,0.5879692435264587,0.0008197277784347534,0,2000,v2a_u08,4,80,42,0.0,0.4,walk_queue_ablation
469,9.38,0.0,0.4000000059604645,-0.34006643295288086,0.20624324679374695,0.647233247756958,0.05301239341497421,0,2000,v2a_u08,4,80,42,0.0,0.4,walk_queue_ablation
470,9.4,0.0,0.4000000059604645,-0.33935534954071045,0.19327393174171448,0.6981700658798218,0.08587335050106049,0,2000,v2a_u08,4,80,42,0.0,0.4,walk_queue_ablation
471,9.42,0.0,0.4000000059604645,-0.3397655487060547,0.1506688892841339,0.6892650127410889,0.6368011236190796,0,2000,v2a_u08,4,80,42,0.0,0.4,walk_queue_ablation
472,9.44,0.0,0.4000000059604645,-0.3400764465332031,0.13825270533561707,0.5801981687545776,-0.2719134986400604,0,2000,v2a_u08,4,80,42,0.0,0.4,walk_queue_ablation
473,9.46,0.0,0.4000000059604645,-0.333956241607666,0.12764477729797363,0.5061060786247253,-0.5565388202667236,0,2000,v2a_u08,4,80,42,0.0,0.4,walk_queue_ablation
474,9.48,0.0,0.4000000059604645,-0.3277479410171509,0.11337053775787354,0.4646912217140198,-0.29223138093948364,0,2000,v2a_u08,4,80,42,0.0,0.4,walk_queue_ablation
475,9.5,0.0,0.4000000059604645,-0.3248310089111328,0.09147921204566956,0.43254780769348145,0.06037124991416931,0,2000,v2a_u08,4,80,42,0.0,0.4,walk_queue_ablation
476,9.52,0.0,0.4000000059604645,-0.3245126008987427,0.07656966149806976,0.39452511072158813,0.2225029170513153,0,2000,v2a_u08,4,80,42,0.0,0.4,walk_queue_ablation
477,9.540000000000001,0.0,0.4000000059604645,-0.32514989376068115,0.07428814470767975,0.35771963000297546,0.23324847221374512,0,2000,v2a_u08,4,80,42,0.0,0.4,walk_queue_ablation
478,9.56,0.0,0.4000000059604645,-0.32571840286254883,0.06807367503643036,0.32330790162086487,0.20915845036506653,0,2000,v2a_u08,4,80,42,0.0,0.4,walk_queue_ablation
479,9.58,0.0,0.4000000059604645,-0.326066255569458,0.053511712700128555,0.2941995859146118,0.1566624790430069,0,2000,v2a_u08,4,80,42,0.0,0.4,walk_queue_ablation
480,9.6,0.0,0.4000000059604645,-0.32691633701324463,0.05681358650326729,0.27391931414604187,0.1844184249639511,0,2000,v2a_u08,4,80,42,0.0,0.4,walk_queue_ablation
481,9.620000000000001,0.0,0.4000000059604645,-0.32781898975372314,0.0699368491768837,0.2518327534198761,0.13121141493320465,0,2000,v2a_u08,4,80,42,0.0,0.4,walk_queue_ablation
482,9.64,0.0,0.4000000059604645,-0.32874083518981934,0.088498055934906,0.24133633077144623,0.07795067131519318,0,2000,v2a_u08,4,80,42,0.0,0.4,walk_queue_ablation
483,9.66,0.0,0.4000000059604645,-0.32840943336486816,0.09975656867027283,0.22829294204711914,-0.07770475745201111,0,2000,v2a_u08,4,80,42,0.0,0.4,walk_queue_ablation
484,9.68,0.0,0.4000000059604645,-0.3270270824432373,0.11207742244005203,0.22060099244117737,-0.19684569537639618,0,2000,v2a_u08,4,80,42,0.0,0.4,walk_queue_ablation
485,9.700000000000001,0.0,0.4000000059604645,-0.3251563310623169,0.12568262219429016,0.21165160834789276,-0.24961233139038086,0,2000,v2a_u08,4,80,42,0.0,0.4,walk_queue_ablation
486,9.72,0.0,0.4000000059604645,-0.3232320547103882,0.13877594470977783,0.20780156552791595,-0.3215675354003906,0,2000,v2a_u08,4,80,42,0.0,0.4,walk_queue_ablation
487,9.74,0.0,0.4000000059604645,-0.32158470153808594,0.14747828245162964,0.20190447568893433,-0.31424999237060547,0,2000,v2a_u08,4,80,42,0.0,0.4,walk_queue_ablation
488,9.76,0.0,0.4000000059604645,-0.32036805152893066,0.15362165868282318,0.1919778287410736,-0.324956476688385,0,2000,v2a_u08,4,80,42,0.0,0.4,walk_queue_ablation
489,9.78,0.0,0.4000000059604645,-0.3190423250198364,0.15173761546611786,0.17964793741703033,-0.3646065890789032,0,2000,v2a_u08,4,80,42,0.0,0.4,walk_queue_ablation
490,9.8,0.0,0.4000000059604645,-0.3157311677932739,0.13818320631980896,0.16738109290599823,-0.5670250058174133,0,2000,v2a_u08,4,80,42,0.0,0.4,walk_queue_ablation
491,9.82,0.0,0.4000000059604645,-0.31057870388031006,0.1159605085849762,0.160116508603096,-0.6406030058860779,0,2000,v2a_u08,4,80,42,0.0,0.4,walk_queue_ablation
492,9.84,0.0,0.4000000059604645,-0.3054424524307251,0.09204532951116562,0.15447315573692322,-0.5449149012565613,0,2000,v2a_u08,4,80,42,0.0,0.4,walk_queue_ablation
493,9.86,0.0,0.4000000059604645,-0.3024786710739136,0.06605909019708633,0.15814651548862457,-0.3210538923740387,0,2000,v2a_u08,4,80,42,0.0,0.4,walk_queue_ablation
494,9.88,0.0,0.4000000059604645,-0.3012012243270874,0.02512691356241703,0.17614197731018066,-0.17051009833812714,0,2000,v2a_u08,4,80,42,0.0,0.4,walk_queue_ablation
495,9.9,0.0,0.4000000059604645,-0.30517148971557617,0.007915017195045948,0.19897675514221191,0.2440469115972519,0,2000,v2a_u08,4,80,42,0.0,0.4,walk_queue_ablation
496,9.92,0.0,0.4000000059604645,-0.3108353614807129,0.01709924452006817,0.2133742719888687,0.19700175523757935,0,2000,v2a_u08,4,80,42,0.0,0.4,walk_queue_ablation
497,9.94,0.0,0.4000000059604645,-0.3141885995864868,0.036860737949609756,0.22324122488498688,-0.09103289246559143,0,2000,v2a_u08,4,80,42,0.0,0.4,walk_queue_ablation
498,9.96,0.0,0.4000000059604645,-0.31367409229278564,0.06638729572296143,0.23187001049518585,-0.38918906450271606,0,2000,v2a_u08,4,80,42,0.0,0.4,walk_queue_ablation
499,9.98,0.0,0.4000000059604645,-1.3973060846328735,0.09649626910686493,0.24426305294036865,-0.47302693128585815,0,2000,v2a_u08,4,80,42,0.0,0.4,walk_queue_ablation
500,10.0,0.0,0.4000000059604645,-1.393842339515686,0.13124847412109375,0.2559339106082916,-0.35440540313720703,0,2000,v2a_u08,4,80,42,0.0,0.4,walk_queue_ablation
501,10.02,0.0,0.4000000059604645,-1.3917747735977173,0.1562546342611313,0.2690407335758209,-0.12492679059505463,0,2000,v2a_u08,4,80,42,0.0,0.4,walk_queue_ablation
502,10.040000000000001,0.0,0.4000000059604645,-1.3914741277694702,0.16743069887161255,0.2871902883052826,0.05233972892165184,0,2000,v2a_u08,4,80,42,0.0,0.4,walk_queue_ablation
503,10.06,0.0,0.4000000059604645,-1.3919368982315063,0.16620071232318878,0.3064768612384796,0.08895056694746017,0,2000,v2a_u08,4,80,42,0.0,0.4,walk_queue_ablation
504,10.08,0.0,0.4000000059604645,-1.3929158449172974,0.16092549264431,0.33470776677131653,0.15421488881111145,0,2000,v2a_u08,4,80,42,0.0,0.4,walk_queue_ablation
505,10.1,0.0,0.4000000059604645,-1.3939357995986938,0.1598263531923294,0.36615657806396484,0.12046945095062256,0,2000,v2a_u08,4,80,42,0.0,0.4,walk_queue_ablation
506,10.120000000000001,0.0,0.4000000059604645,-1.3938795328140259,0.16350357234477997,0.396734356880188,0.015246817842125893,0,2000,v2a_u08,4,80,42,0.0,0.4,walk_queue_ablation
507,10.14,0.0,0.4000000059604645,-1.3927327394485474,0.16923126578330994,0.4299144744873047,-0.04598493129014969,0,2000,v2a_u08,4,80,42,0.0,0.4,walk_queue_ablation
508,10.16,0.0,0.4000000059604645,-1.3904329538345337,0.18365012109279633,0.46453842520713806,-0.12535518407821655,0,2000,v2a_u08,4,80,42,0.0,0.4,walk_queue_ablation
509,10.18,0.0,0.4000000059604645,-1.386841893196106,0.19660979509353638,0.5032315850257874,-0.22248771786689758,0,2000,v2a_u08,4,80,42,0.0,0.4,walk_queue_ablation
510,10.200000000000001,0.0,0.4000000059604645,-1.381956696510315,0.20169101655483246,0.5495195984840393,-0.34219127893447876,0,2000,v2a_u08,4,80,42,0.0,0.4,walk_queue_ablation
511,10.22,0.0,0.4000000059604645,-1.3761264085769653,0.19723711907863617,0.6028767824172974,-0.40524086356163025,0,2000,v2a_u08,4,80,42,0.0,0.4,walk_queue_ablation
512,10.24,0.0,0.4000000059604645,-1.370526909828186,0.1816476434469223,0.6605924367904663,-0.38075727224349976,0,2000,v2a_u08,4,80,42,0.0,0.4,walk_queue_ablation
513,10.26,0.0,0.4000000059604645,-1.3656643629074097,0.16983219981193542,0.6999490857124329,-0.2621248662471771,0,2000,v2a_u08,4,80,42,0.0,0.4,walk_queue_ablation
514,10.28,0.0,0.4000000059604645,-1.3649641275405884,0.11530420184135437,0.6440191864967346,0.28232282400131226,0,2000,v2a_u08,4,80,42,0.0,0.4,walk_queue_ablation
515,10.3,0.0,0.4000000059604645,-1.3606258630752563,0.11360332369804382,0.5482391119003296,-0.6388894319534302,0,2000,v2a_u08,4,80,42,0.0,0.4,walk_queue_ablation
516,10.32,0.0,0.4000000059604645,-1.3514195680618286,0.0994831845164299,0.4905804395675659,-0.715278148651123,0,2000,v2a_u08,4,80,42,0.0,0.4,walk_queue_ablation
517,10.34,0.0,0.4000000059604645,-1.3444687128067017,0.07629608362913132,0.4578874111175537,-0.2929372787475586,0,2000,v2a_u08,4,80,42,0.0,0.4,walk_queue_ablation
518,10.36,0.0,0.4000000059604645,-1.3410693407058716,0.06620731204748154,0.4196569323539734,-0.043414175510406494,0,2000,v2a_u08,4,80,42,0.0,0.4,walk_queue_ablation
519,10.38,0.0,0.4000000059604645,-1.3393534421920776,0.06316585093736649,0.3817615509033203,0.03583599254488945,0,2000,v2a_u08,4,80,42,0.0,0.4,walk_queue_ablation
520,10.4,0.0,0.4000000059604645,-1.3377262353897095,0.06654805690050125,0.34629136323928833,-0.009855793789029121,0,2000,v2a_u08,4,80,42,0.0,0.4,walk_queue_ablation
521,10.42,0.0,0.4000000059604645,-1.3354326486587524,0.062370140105485916,0.3186325430870056,-0.11827613413333893,0,2000,v2a_u08,4,80,42,0.0,0.4,walk_queue_ablation
522,10.44,0.0,0.4000000059604645,-1.33285391330719,0.06279774010181427,0.296002596616745,-0.13379788398742676,0,2000,v2a_u08,4,80,42,0.0,0.4,walk_queue_ablation
523,10.46,0.0,0.4000000059604645,-1.3310428857803345,0.0693308636546135,0.2809705436229706,-0.10893422365188599,0,2000,v2a_u08,4,80,42,0.0,0.4,walk_queue_ablation
524,10.48,0.0,0.4000000059604645,-1.3285936117172241,0.0906333476305008,0.26532015204429626,-0.23878802359104156,0,2000,v2a_u08,4,80,42,0.0,0.4,walk_queue_ablation
525,10.5,0.0,0.4000000059604645,-1.3257490396499634,0.1044553816318512,0.25350135564804077,-0.2713858187198639,0,2000,v2a_u08,4,80,42,0.0,0.4,walk_queue_ablation
526,10.52,0.0,0.4000000059604645,-1.3225585222244263,0.10959351062774658,0.2481275200843811,-0.3561210036277771,0,2000,v2a_u08,4,80,42,0.0,0.4,walk_queue_ablation
527,10.540000000000001,0.0,0.4000000059604645,-1.318463921546936,0.12054123729467392,0.2393922507762909,-0.48800230026245117,0,2000,v2a_u08,4,80,42,0.0,0.4,walk_queue_ablation
528,10.56,0.0,0.4000000059604645,-1.3131862878799438,0.13604456186294556,0.23298370838165283,-0.6586697101593018,0,2000,v2a_u08,4,80,42,0.0,0.4,walk_queue_ablation
529,10.58,0.0,0.4000000059604645,-1.3075672388076782,0.1456058770418167,0.2250160276889801,-0.6881574392318726,0,2000,v2a_u08,4,80,42,0.0,0.4,walk_queue_ablation
530,10.6,0.0,0.4000000059604645,-1.3021260499954224,0.15053686499595642,0.21328748762607574,-0.7057364583015442,0,2000,v2a_u08,4,80,42,0.0,0.4,walk_queue_ablation
531,10.620000000000001,0.0,0.4000000059604645,-1.2972379922866821,0.1506093293428421,0.1996658444404602,-0.6747850179672241,0,2000,v2a_u08,4,80,42,0.0,0.4,walk_queue_ablation
532,10.64,0.0,0.4000000059604645,-1.2917009592056274,0.14225363731384277,0.1834651231765747,-0.7602798938751221,0,2000,v2a_u08,4,80,42,0.0,0.4,walk_queue_ablation
533,10.66,0.0,0.4000000059604645,-1.2847386598587036,0.12829984724521637,0.16928541660308838,-0.8520035743713379,0,2000,v2a_u08,4,80,42,0.0,0.4,walk_queue_ablation
534,10.68,0.0,0.4000000059604645,-1.2770072221755981,0.10767899453639984,0.16233766078948975,-0.83472740650177,0,2000,v2a_u08,4,80,42,0.0,0.4,walk_queue_ablation
535,10.700000000000001,0.0,0.4000000059604645,-1.2709771394729614,0.08246271312236786,0.15676254034042358,-0.5367462038993835,0,2000,v2a_u08,4,80,42,0.0,0.4,walk_queue_ablation
536,10.72,0.0,0.4000000059604645,-1.2677470445632935,0.05498147010803223,0.16017009317874908,-0.4101470708847046,0,2000,v2a_u08,4,80,42,0.0,0.4,walk_queue_ablation
537,10.74,0.0,0.4000000059604645,-1.265790581703186,0.007143313996493816,0.18918797373771667,-0.2825130522251129,0,2000,v2a_u08,4,80,42,0.0,0.4,walk_queue_ablation
538,10.76,0.0,0.4000000059604645,-1.267386555671692,-0.008313163183629513,0.21356739103794098,-0.12203149497509003,0,2000,v2a_u08,4,80,42,0.0,0.4,walk_queue_ablation
539,10.78,0.0,0.4000000059604645,-1.2686101198196411,0.0006324182031676173,0.2337651252746582,-0.30537039041519165,0,2000,v2a_u08,4,80,42,0.0,0.4,walk_queue_ablation
540,10.8,0.0,0.4000000059604645,-1.2668081521987915,0.026170723140239716,0.24946370720863342,-0.5952843427658081,0,2000,v2a_u08,4,80,42,0.0,0.4,walk_queue_ablation
541,10.82,0.0,0.4000000059604645,-1.2620874643325806,0.060222212225198746,0.2647377550601959,-0.771065354347229,0,2000,v2a_u08,4,80,42,0.0,0.4,walk_queue_ablation
542,10.84,0.0,0.4000000059604645,-1.2555423974990845,0.10483380407094955,0.2747417986392975,-0.7653663158416748,0,2000,v2a_u08,4,80,42,0.0,0.4,walk_queue_ablation
543,10.86,0.0,0.4000000059604645,-1.2498599290847778,0.1407613307237625,0.28615736961364746,-0.5127649307250977,0,2000,v2a_u08,4,80,42,0.0,0.4,walk_queue_ablation
544,10.88,0.0,0.4000000059604645,-1.246529459953308,0.1633840948343277,0.2979480028152466,-0.217797189950943,0,2000,v2a_u08,4,80,42,0.0,0.4,walk_queue_ablation
545,10.9,0.0,0.4000000059604645,-1.2452055215835571,0.1709422767162323,0.30963629484176636,-0.031503502279520035,0,2000,v2a_u08,4,80,42,0.0,0.4,walk_queue_ablation
546,10.92,0.0,0.4000000059604645,-1.2452641725540161,0.16399185359477997,0.3263261318206787,0.09078377485275269,0,2000,v2a_u08,4,80,42,0.0,0.4,walk_queue_ablation
547,10.94,0.0,0.4000000059604645,-1.2464219331741333,0.15208694338798523,0.3492342233657837,0.20066098868846893,0,2000,v2a_u08,4,80,42,0.0,0.4,walk_queue_ablation
548,10.96,0.0,0.4000000059604645,-1.2485986948013306,0.1463823914527893,0.3822968602180481,0.2869405150413513,0,2000,v2a_u08,4,80,42,0.0,0.4,walk_queue_ablation
549,10.98,0.0,0.4000000059604645,-1.2501112222671509,0.15014956891536713,0.4116603434085846,0.17865601181983948,0,2000,v2a_u08,4,80,42,0.0,0.4,walk_queue_ablation
550,11.0,0.0,0.4000000059604645,-1.2501384019851685,0.1588936746120453,0.4452076852321625,0.05839065462350845,0,2000,v2a_u08,4,80,42,0.0,0.4,walk_queue_ablation
551,11.02,0.0,0.4000000059604645,-1.2484599351882935,0.17640621960163116,0.4781925678253174,-0.06342893093824387,0,2000,v2a_u08,4,80,42,0.0,0.4,walk_queue_ablation
552,11.040000000000001,0.0,0.4000000059604645,-1.2453356981277466,0.18953096866607666,0.5170438885688782,-0.16807663440704346,0,2000,v2a_u08,4,80,42,0.0,0.4,walk_queue_ablation
553,11.06,0.0,0.4000000059604645,-1.2405277490615845,0.19360479712486267,0.5627493262290955,-0.31989234685897827,0,2000,v2a_u08,4,80,42,0.0,0.4,walk_queue_ablation
554,11.08,0.0,0.4000000059604645,-1.234838604927063,0.18246328830718994,0.618215799331665,-0.38078635931015015,0,2000,v2a_u08,4,80,42,0.0,0.4,walk_queue_ablation
555,11.1,0.0,0.4000000059604645,-1.2294384241104126,0.16030564904212952,0.6672487854957581,-0.35085397958755493,0,2000,v2a_u08,4,80,42,0.0,0.4,walk_queue_ablation
556,11.120000000000001,0.0,0.4000000059604645,-1.2260233163833618,0.13801702857017517,0.7074106335639954,0.010400976054370403,0,2000,v2a_u08,4,80,42,0.0,0.4,walk_queue_ablation
557,11.14,0.0,0.4000000059604645,-1.2268849611282349,0.09634193778038025,0.6092938780784607,-0.09821148216724396,0,2000,v2a_u08,4,80,42,0.0,0.4,walk_queue_ablation
558,11.16,0.0,0.4000000059604645,-1.2210122346878052,0.08459696918725967,0.5333908796310425,-0.6195204257965088,0,2000,v2a_u08,4,80,42,0.0,0.4,walk_queue_ablation
559,11.18,0.0,0.4000000059604645,-1.2133177518844604,0.06979305297136307,0.49295946955680847,-0.4869440197944641,0,2000,v2a_u08,4,80,42,0.0,0.4,walk_queue_ablation
560,11.200000000000001,0.0,0.4000000059604645,-1.208126187324524,0.05162779986858368,0.46143195033073425,-0.20566126704216003,0,2000,v2a_u08,4,80,42,0.0,0.4,walk_queue_ablation
561,11.22,0.0,0.4000000059604645,-1.2047759294509888,0.048751045018434525,0.42380234599113464,-0.12288738787174225,0,2000,v2a_u08,4,80,42,0.0,0.4,walk_queue_ablation
562,11.24,0.0,0.4000000059604645,-1.202276349067688,0.05106750875711441,0.38811126351356506,-0.053062066435813904,0,2000,v2a_u08,4,80,42,0.0,0.4,walk_queue_ablation
563,11.26,0.0,0.4000000059604645,-1.2001506090164185,0.05895795300602913,0.3571057915687561,-0.059205107390880585,0,2000,v2a_u08,4,80,42,0.0,0.4,walk_queue_ablation
564,11.28,0.0,0.4000000059604645,-1.1976398229599,0.056089650839567184,0.33074823021888733,-0.13239385187625885,0,2000,v2a_u08,4,80,42,0.0,0.4,walk_queue_ablation
565,11.3,0.0,0.4000000059604645,-1.1954957246780396,0.060636211186647415,0.3115578293800354,-0.09203608334064484,0,2000,v2a_u08,4,80,42,0.0,0.4,walk_queue_ablation
566,11.32,0.0,0.4000000059604645,-1.1939479112625122,0.0756138488650322,0.2962629795074463,-0.08980872482061386,0,2000,v2a_u08,4,80,42,0.0,0.4,walk_queue_ablation
567,11.34,0.0,0.4000000059604645,-1.1922351121902466,0.09401379525661469,0.28375694155693054,-0.16641104221343994,0,2000,v2a_u08,4,80,42,0.0,0.4,walk_queue_ablation
568,11.36,0.0,0.4000000059604645,-1.1898363828659058,0.10903215408325195,0.2739901542663574,-0.2587778866291046,0,2000,v2a_u08,4,80,42,0.0,0.4,walk_queue_ablation
569,11.38,0.0,0.4000000059604645,-1.186369776725769,0.1197889968752861,0.26719537377357483,-0.41244906187057495,0,2000,v2a_u08,4,80,42,0.0,0.4,walk_queue_ablation
570,11.4,0.0,0.4000000059604645,-1.1819168329238892,0.1333569437265396,0.26039624214172363,-0.530468761920929,0,2000,v2a_u08,4,80,42,0.0,0.4,walk_queue_ablation
571,11.42,0.0,0.4000000059604645,-1.17660391330719,0.14787207543849945,0.2532895803451538,-0.6623223423957825,0,2000,v2a_u08,4,80,42,0.0,0.4,walk_queue_ablation
572,11.44,0.0,0.4000000059604645,-1.1707402467727661,0.15795737504959106,0.24467545747756958,-0.729082465171814,0,2000,v2a_u08,4,80,42,0.0,0.4,walk_queue_ablation
573,11.46,0.0,0.4000000059604645,-1.164979100227356,0.16252700984477997,0.23358245193958282,-0.7313516736030579,0,2000,v2a_u08,4,80,42,0.0,0.4,walk_queue_ablation
574,11.48,0.0,0.4000000059604645,-1.1597405672073364,0.16033361852169037,0.2213962823152542,-0.7011003494262695,0,2000,v2a_u08,4,80,42,0.0,0.4,walk_queue_ablation
575,11.5,0.0,0.4000000059604645,-1.153591275215149,0.14830130338668823,0.2085583359003067,-0.7953969836235046,0,2000,v2a_u08,4,80,42,0.0,0.4,walk_queue_ablation
576,11.52,0.0,0.4000000059604645,-1.1462517976760864,0.13077856600284576,0.19916297495365143,-0.8500716090202332,0,2000,v2a_u08,4,80,42,0.0,0.4,walk_queue_ablation
577,11.540000000000001,0.0,0.4000000059604645,-1.1390668153762817,0.1077161356806755,0.19709715247154236,-0.7326911091804504,0,2000,v2a_u08,4,80,42,0.0,0.4,walk_queue_ablation
578,11.56,0.0,0.4000000059604645,-1.1341267824172974,0.08003588765859604,0.19785766303539276,-0.4910578727722168,0,2000,v2a_u08,4,80,42,0.0,0.4,walk_queue_ablation
579,11.58,0.0,0.4000000059604645,-1.1308938264846802,0.030208326876163483,0.21512700617313385,-0.5945122838020325,0,2000,v2a_u08,4,80,42,0.0,0.4,walk_queue_ablation
580,11.6,0.0,0.4000000059604645,-1.1307989358901978,0.0020399673376232386,0.23687195777893066,-0.13357119262218475,0,2000,v2a_u08,4,80,42,0.0,0.4,walk_queue_ablation
581,11.620000000000001,0.0,0.4000000059604645,-1.1335006952285767,0.004306057933717966,0.25665464997291565,-0.0697474330663681,0,2000,v2a_u08,4,80,42,0.0,0.4,walk_queue_ablation
582,11.64,0.0,0.4000000059604645,-1.134809136390686,0.024495257064700127,0.27224814891815186,-0.3287653625011444,0,2000,v2a_u08,4,80,42,0.0,0.4,walk_queue_ablation
583,11.66,0.0,0.4000000059604645,-1.1322261095046997,0.05682195723056793,0.2856766879558563,-0.6697036027908325,0,2000,v2a_u08,4,80,42,0.0,0.4,walk_queue_ablation
584,11.68,0.0,0.4000000059604645,-1.1264010667800903,0.09543900936841965,0.2963649332523346,-0.8218957185745239,0,2000,v2a_u08,4,80,42,0.0,0.4,walk_queue_ablation
585,11.700000000000001,0.0,0.4000000059604645,-1.119855523109436,0.13644321262836456,0.308846652507782,-0.6696766018867493,0,2000,v2a_u08,4,80,42,0.0,0.4,walk_queue_ablation
586,11.72,0.0,0.4000000059604645,-1.115160584449768,0.1645383983850479,0.32386544346809387,-0.3691368103027344,0,2000,v2a_u08,4,80,42,0.0,0.4,walk_queue_ablation
587,11.74,0.0,0.4000000059604645,-1.1128164529800415,0.17812424898147583,0.3406115174293518,-0.12174918502569199,0,2000,v2a_u08,4,80,42,0.0,0.4,walk_queue_ablation
588,11.76,0.0,0.4000000059604645,-1.1124058961868286,0.1753929853439331,0.3592275083065033,0.047947779297828674,0,2000,v2a_u08,4,80,42,0.0,0.4,walk_queue_ablation
589,11.78,0.0,0.4000000059604645,-1.1131545305252075,0.16579903662204742,0.3806179463863373,0.16210037469863892,0,2000,v2a_u08,4,80,42,0.0,0.4,walk_queue_ablation
590,11.8,0.0,0.4000000059604645,-1.1151310205459595,0.16145816445350647,0.4111618995666504,0.28075215220451355,0,2000,v2a_u08,4,80,42,0.0,0.4,walk_queue_ablation
591,11.82,0.0,0.4000000059604645,-1.1171313524246216,0.16183103621006012,0.4419430196285248,0.23579123616218567,0,2000,v2a_u08,4,80,42,0.0,0.4,walk_queue_ablation
592,11.84,0.0,0.4000000059604645,-1.118019700050354,0.16790464520454407,0.47624772787094116,0.12991417944431305,0,2000,v2a_u08,4,80,42,0.0,0.4,walk_queue_ablation
593,11.86,0.0,0.4000000059604645,-1.1173049211502075,0.18509118258953094,0.5106708407402039,0.020909376442432404,0,2000,v2a_u08,4,80,42,0.0,0.4,walk_queue_ablation
594,11.88,0.0,0.4000000059604645,-1.1147128343582153,0.20398575067520142,0.5469363331794739,-0.12810181081295013,0,2000,v2a_u08,4,80,42,0.0,0.4,walk_queue_ablation
595,11.9,0.0,0.4000000059604645,-1.1104480028152466,0.21276038885116577,0.5936838984489441,-0.26991620659828186,0,2000,v2a_u08,4,80,42,0.0,0.4,walk_queue_ablation
596,11.92,0.0,0.4000000059604645,-1.1046696901321411,0.20886532962322235,0.6481810808181763,-0.39556607604026794,0,2000,v2a_u08,4,80,42,0.0,0.4,walk_queue_ablation
597,11.94,0.0,0.4000000059604645,-1.098875641822815,0.18749406933784485,0.705944299697876,-0.386679470539093,0,2000,v2a_u08,4,80,42,0.0,0.4,walk_queue_ablation
598,11.96,0.0,0.4000000059604645,-1.0942622423171997,0.16700558364391327,0.7478427290916443,-0.17272250354290009,0,2000,v2a_u08,4,80,42,0.0,0.4,walk_queue_ablation
599,11.98,0.0,0.4000000059604645,-1.094180703163147,0.11819309741258621,0.6544256806373596,-0.15022505819797516,0,2000,v2a_u08,4,80,42,0.0,0.4,walk_queue_ablation
600,12.0,0.0,0.4000000059604645,-1.0880070924758911,0.10048018395900726,0.5625168681144714,-0.6859837770462036,0,2000,v2a_u08,4,80,42,0.0,0.4,walk_queue_ablation
601,12.02,0.0,0.4000000059604645,-1.0796438455581665,0.08794048428535461,0.5107271671295166,-0.5687056183815002,0,2000,v2a_u08,4,80,42,0.0,0.4,walk_queue_ablation
602,12.040000000000001,0.0,0.4000000059604645,-1.0741220712661743,0.06615138053894043,0.47923579812049866,-0.17932015657424927,0,2000,v2a_u08,4,80,42,0.0,0.4,walk_queue_ablation
603,12.06,0.0,0.4000000059604645,-1.0716639757156372,0.056940846145153046,0.4419787526130676,0.012706391513347626,0,2000,v2a_u08,4,80,42,0.0,0.4,walk_queue_ablation
604,12.08,0.0,0.4000000059604645,-1.0704389810562134,0.05320827662944794,0.40253812074661255,0.09140347689390182,0,2000,v2a_u08,4,80,42,0.0,0.4,walk_queue_ablation
605,12.1,0.0,0.4000000059604645,-1.0695897340774536,0.057456254959106445,0.37044304609298706,0.059871070086956024,0,2000,v2a_u08,4,80,42,0.0,0.4,walk_queue_ablation
606,12.120000000000001,0.0,0.4000000059604645,-1.0680218935012817,0.05296803265810013,0.3421403467655182,-0.04473349079489708,0,2000,v2a_u08,4,80,42,0.0,0.4,walk_queue_ablation
607,12.14,0.0,0.4000000059604645,-1.0665241479873657,0.052147407084703445,0.32126811146736145,-0.03192165866494179,0,2000,v2a_u08,4,80,42,0.0,0.4,walk_queue_ablation
608,12.16,0.0,0.4000000059604645,-1.0654622316360474,0.06320402026176453,0.30605506896972656,-0.03724164515733719,0,2000,v2a_u08,4,80,42,0.0,0.4,walk_queue_ablation
609,12.18,0.0,0.4000000059604645,-1.0640946626663208,0.07902131974697113,0.29152876138687134,-0.12329506874084473,0,2000,v2a_u08,4,80,42,0.0,0.4,walk_queue_ablation
610,12.200000000000001,0.0,0.4000000059604645,-1.062325119972229,0.09366916865110397,0.28268930315971375,-0.17496764659881592,0,2000,v2a_u08,4,80,42,0.0,0.4,walk_queue_ablation
611,12.22,0.0,0.4000000059604645,-1.0598341226577759,0.1028667688369751,0.276063472032547,-0.29763928055763245,0,2000,v2a_u08,4,80,42,0.0,0.4,walk_queue_ablation
612,12.24,0.0,0.4000000059604645,-1.0563594102859497,0.11710628122091293,0.2693391740322113,-0.42413362860679626,0,2000,v2a_u08,4,80,42,0.0,0.4,walk_queue_ablation
613,12.26,0.0,0.4000000059604645,-1.052061676979065,0.13196879625320435,0.2630768418312073,-0.5525982975959778,0,2000,v2a_u08,4,80,42,0.0,0.4,walk_queue_ablation
614,12.280000000000001,0.0,0.4000000059604645,-1.0471383333206177,0.14307022094726562,0.2553885877132416,-0.6382083296775818,0,2000,v2a_u08,4,80,42,0.0,0.4,walk_queue_ablation
615,12.3,0.0,0.4000000059604645,-1.0419999361038208,0.14780305325984955,0.24363890290260315,-0.6706946492195129,0,2000,v2a_u08,4,80,42,0.0,0.4,walk_queue_ablation
616,12.32,0.0,0.4000000059604645,-1.0374256372451782,0.1471414864063263,0.23261630535125732,-0.6407595276832581,0,2000,v2a_u08,4,80,42,0.0,0.4,walk_queue_ablation
617,12.34,0.0,0.4000000059604645,-1.0323072671890259,0.13756440579891205,0.21842893958091736,-0.7101883292198181,0,2000,v2a_u08,4,80,42,0.0,0.4,walk_queue_ablation
618,12.36,0.0,0.4000000059604645,-1.0256086587905884,0.12002250552177429,0.20909273624420166,-0.8284174799919128,0,2000,v2a_u08,4,80,42,0.0,0.4,walk_queue_ablation
619,12.38,0.0,0.4000000059604645,-1.018236756324768,0.09664711356163025,0.2040696144104004,-0.7881150841712952,0,2000,v2a_u08,4,80,42,0.0,0.4,walk_queue_ablation
620,12.4,0.0,0.4000000059604645,-1.0125666856765747,0.06942026317119598,0.2025379091501236,-0.5130428075790405,0,2000,v2a_u08,4,80,42,0.0,0.4,walk_queue_ablation
621,12.42,0.0,0.4000000059604645,-1.0098530054092407,0.038305915892124176,0.207384392619133,-0.3834887742996216,0,2000,v2a_u08,4,80,42,0.0,0.4,walk_queue_ablation
622,12.44,0.0,0.4000000059604645,-1.0084291696548462,-0.008428390137851238,0.23061981797218323,-0.21998202800750732,0,2000,v2a_u08,4,80,42,0.0,0.4,walk_queue_ablation
623,12.46,0.0,0.4000000059604645,-1.010907769203186,-0.02117161452770233,0.24951519072055817,-0.025981441140174866,0,2000,v2a_u08,4,80,42,0.0,0.4,walk_queue_ablation
624,12.48,0.0,0.4000000059604645,-1.0132800340652466,-0.008245985023677349,0.2647206485271454,-0.18570370972156525,0,2000,v2a_u08,4,80,42,0.0,0.4,walk_queue_ablation
625,12.5,0.0,0.4000000059604645,-1.0125213861465454,0.01884307712316513,0.2756918668746948,-0.500697135925293,0,2000,v2a_u08,4,80,42,0.0,0.4,walk_queue_ablation
626,12.52,0.0,0.4000000059604645,-1.0086771249771118,0.055217936635017395,0.28829583525657654,-0.6759614944458008,0,2000,v2a_u08,4,80,42,0.0,0.4,walk_queue_ablation
627,12.540000000000001,0.0,0.4000000059604645,-1.0030914545059204,0.10076241195201874,0.2969662845134735,-0.6611728668212891,0,2000,v2a_u08,4,80,42,0.0,0.4,walk_queue_ablation
628,12.56,0.0,0.4000000059604645,-0.9982081651687622,0.1379782259464264,0.3081395924091339,-0.4387054443359375,0,2000,v2a_u08,4,80,42,0.0,0.4,walk_queue_ablation
629,12.58,0.0,0.4000000059604645,-0.9955264329910278,0.16057199239730835,0.32099223136901855,-0.15281915664672852,0,2000,v2a_u08,4,80,42,0.0,0.4,walk_queue_ablation
630,12.6,0.0,0.4000000059604645,-0.994695782661438,0.1698843389749527,0.33355292677879333,0.01665930077433586,0,2000,v2a_u08,4,80,42,0.0,0.4,walk_queue_ablation
631,12.620000000000001,0.0,0.4000000059604645,-0.995155930519104,0.16328802704811096,0.35337454080581665,0.12294769287109375,0,2000,v2a_u08,4,80,42,0.0,0.4,walk_queue_ablation
632,12.64,0.0,0.4000000059604645,-0.9963842630386353,0.15188629925251007,0.3779127895832062,0.1985851526260376,0,2000,v2a_u08,4,80,42,0.0,0.4,walk_queue_ablation
633,12.66,0.0,0.4000000059604645,-0.9983679056167603,0.14715616405010223,0.4130246043205261,0.26515305042266846,0,2000,v2a_u08,4,80,42,0.0,0.4,walk_queue_ablation
634,12.68,0.0,0.4000000059604645,-0.9995971918106079,0.15170173346996307,0.444424033164978,0.1556401252746582,0,2000,v2a_u08,4,80,42,0.0,0.4,walk_queue_ablation
635,12.700000000000001,0.0,0.4000000059604645,-0.9992715120315552,0.1606426239013672,0.4794806241989136,0.03312414139509201,0,2000,v2a_u08,4,80,42,0.0,0.4,walk_queue_ablation
636,12.72,0.0,0.4000000059604645,-0.9975305795669556,0.17691555619239807,0.515462338924408,-0.044490620493888855,0,2000,v2a_u08,4,80,42,0.0,0.4,walk_queue_ablation
637,12.74,0.0,0.4000000059604645,-0.9947067499160767,0.18869814276695251,0.5573521256446838,-0.12052026391029358,0,2000,v2a_u08,4,80,42,0.0,0.4,walk_queue_ablation
638,12.76,0.0,0.4000000059604645,-0.9904037714004517,0.19166548550128937,0.6059787273406982,-0.257938951253891,0,2000,v2a_u08,4,80,42,0.0,0.4,walk_queue_ablation
639,12.780000000000001,0.0,0.4000000059604645,-0.9856764078140259,0.17836223542690277,0.6653279066085815,-0.2720046043395996,0,2000,v2a_u08,4,80,42,0.0,0.4,walk_queue_ablation
640,12.8,0.0,0.4000000059604645,-0.9814573526382446,0.1568497121334076,0.7132310271263123,-0.23397673666477203,0,2000,v2a_u08,4,80,42,0.0,0.4,walk_queue_ablation
641,12.82,0.0,0.4000000059604645,-0.9792596101760864,0.1185724213719368,0.7150868773460388,0.37090805172920227,0,2000,v2a_u08,4,80,42,0.0,0.4,walk_queue_ablation
642,12.84,0.0,0.4000000059604645,-0.9797359704971313,0.09771715104579926,0.6134694218635559,-0.24144981801509857,0,2000,v2a_u08,4,80,42,0.0,0.4,walk_queue_ablation
643,12.86,0.0,0.4000000059604645,-0.973363995552063,0.08936871588230133,0.5420398116111755,-0.5798478722572327,0,2000,v2a_u08,4,80,42,0.0,0.4,walk_queue_ablation
644,12.88,0.0,0.4000000059604645,-0.9666777849197388,0.07584497332572937,0.5026270747184753,-0.3562415838241577,0,2000,v2a_u08,4,80,42,0.0,0.4,walk_queue_ablation
645,12.9,0.0,0.4000000059604645,-0.9628139734268188,0.05791585147380829,0.46936070919036865,-0.07804591953754425,0,2000,v2a_u08,4,80,42,0.0,0.4,walk_queue_ablation
646,12.92,0.0,0.4000000059604645,-0.9599839448928833,0.05548063665628433,0.42896872758865356,-0.10680113732814789,0,2000,v2a_u08,4,80,42,0.0,0.4,walk_queue_ablation
647,12.94,0.0,0.4000000059604645,-0.9576607942581177,0.04758571833372116,0.39401718974113464,0.0006932206451892853,0,2000,v2a_u08,4,80,42,0.0,0.4,walk_queue_ablation
648,12.96,0.0,0.4000000059604645,-0.9560738801956177,0.05458882823586464,0.363339364528656,-0.02136615663766861,0,2000,v2a_u08,4,80,42,0.0,0.4,walk_queue_ablation
649,12.98,0.0,0.4000000059604645,-0.9543339014053345,0.04726671427488327,0.3364432454109192,-0.04165373370051384,0,2000,v2a_u08,4,80,42,0.0,0.4,walk_queue_ablation
650,13.0,0.0,0.4000000059604645,-0.9534426927566528,0.05640813708305359,0.3180520832538605,0.004186440259218216,0,2000,v2a_u08,4,80,42,0.0,0.4,walk_queue_ablation
651,13.02,0.0,0.4000000059604645,-0.9523030519485474,0.06274470686912537,0.2993405759334564,-0.0633150115609169,0,2000,v2a_u08,4,80,42,0.0,0.4,walk_queue_ablation
652,13.040000000000001,0.0,0.4000000059604645,-0.9510475397109985,0.07770366966724396,0.2859523892402649,-0.09259393066167831,0,2000,v2a_u08,4,80,42,0.0,0.4,walk_queue_ablation
653,13.06,0.0,0.4000000059604645,-0.949506402015686,0.09116107225418091,0.2775237560272217,-0.1616501659154892,0,2000,v2a_u08,4,80,42,0.0,0.4,walk_queue_ablation
654,13.08,0.0,0.4000000059604645,-0.9474054574966431,0.10122153162956238,0.27317890524864197,-0.2790532410144806,0,2000,v2a_u08,4,80,42,0.0,0.4,walk_queue_ablation
655,13.1,0.0,0.4000000059604645,-0.9440752267837524,0.12045656889677048,0.26671192049980164,-0.428816556930542,0,2000,v2a_u08,4,80,42,0.0,0.4,walk_queue_ablation
656,13.120000000000001,0.0,0.4000000059604645,-0.9403964281082153,0.13316133618354797,0.2619048058986664,-0.49147453904151917,0,2000,v2a_u08,4,80,42,0.0,0.4,walk_queue_ablation
657,13.14,0.0,0.4000000059604645,-0.936402440071106,0.14332516491413116,0.2533782422542572,-0.5653098821640015,0,2000,v2a_u08,4,80,42,0.0,0.4,walk_queue_ablation
658,13.16,0.0,0.4000000059604645,-0.9322959184646606,0.14651890099048615,0.24276918172836304,-0.596362829208374,0,2000,v2a_u08,4,80,42,0.0,0.4,walk_queue_ablation
659,13.18,0.0,0.4000000059604645,-0.9282151460647583,0.1453177034854889,0.23030607402324677,-0.6179442405700684,0,2000,v2a_u08,4,80,42,0.0,0.4,walk_queue_ablation
660,13.200000000000001,0.0,0.4000000059604645,-0.9226051568984985,0.13444487750530243,0.21737641096115112,-0.7610663175582886,0,2000,v2a_u08,4,80,42,0.0,0.4,walk_queue_ablation
661,13.22,0.0,0.4000000059604645,-0.915624737739563,0.11765310168266296,0.2107725888490677,-0.8148698806762695,0,2000,v2a_u08,4,80,42,0.0,0.4,walk_queue_ablation
662,13.24,0.0,0.4000000059604645,-0.9086214303970337,0.09524088352918625,0.20764905214309692,-0.7075962424278259,0,2000,v2a_u08,4,80,42,0.0,0.4,walk_queue_ablation
663,13.26,0.0,0.4000000059604645,-0.9047485589981079,0.06967943906784058,0.20867034792900085,-0.3131229877471924,0,2000,v2a_u08,4,80,42,0.0,0.4,walk_queue_ablation
664,13.280000000000001,0.0,0.4000000059604645,-0.9033552408218384,0.01914483681321144,0.22496917843818665,-0.380653977394104,0,2000,v2a_u08,4,80,42,0.0,0.4,walk_queue_ablation
665,13.3,0.0,0.4000000059604645,-0.9052621126174927,-0.0066156284883618355,0.24473176896572113,0.044050924479961395,0,2000,v2a_u08,4,80,42,0.0,0.4,walk_queue_ablation
666,13.32,0.0,0.4000000059604645,-0.9095102548599243,-0.0037078307941555977,0.2627606987953186,0.05644017830491066,0,2000,v2a_u08,4,80,42,0.0,0.4,walk_queue_ablation
667,13.34,0.0,0.4000000059604645,-0.9118863344192505,0.017587680369615555,0.27596327662467957,-0.22775954008102417,0,2000,v2a_u08,4,80,42,0.0,0.4,walk_queue_ablation
668,13.36,0.0,0.4000000059604645,-0.910096287727356,0.048988550901412964,0.2877699136734009,-0.5934075117111206,0,2000,v2a_u08,4,80,42,0.0,0.4,walk_queue_ablation
669,13.38,0.0,0.4000000059604645,-0.904889702796936,0.085361547768116,0.2979041039943695,-0.756166934967041,0,2000,v2a_u08,4,80,42,0.0,0.4,walk_queue_ablation
670,13.4,0.0,0.4000000059604645,-0.8989626169204712,0.12393994629383087,0.30921632051467896,-0.6004277467727661,0,2000,v2a_u08,4,80,42,0.0,0.4,walk_queue_ablation
671,13.42,0.0,0.4000000059604645,-0.8947001695632935,0.15152615308761597,0.3221858739852905,-0.3276863694190979,0,2000,v2a_u08,4,80,42,0.0,0.4,walk_queue_ablation
672,13.44,0.0,0.4000000059604645,-0.8926492929458618,0.16258323192596436,0.33879247307777405,-0.09320131689310074,0,2000,v2a_u08,4,80,42,0.0,0.4,walk_queue_ablation
673,13.46,0.0,0.4000000059604645,-0.892276406288147,0.15795423090457916,0.3577505052089691,0.044675253331661224,0,2000,v2a_u08,4,80,42,0.0,0.4,walk_queue_ablation
674,13.48,0.0,0.4000000059604645,-0.8927179574966431,0.14754433929920197,0.3804590404033661,0.12018774449825287,0,2000,v2a_u08,4,80,42,0.0,0.4,walk_queue_ablation
675,13.5,0.0,0.4000000059604645,-0.8942219018936157,0.14198163151741028,0.41228607296943665,0.2355048507452011,0,2000,v2a_u08,4,80,42,0.0,0.4,walk_queue_ablation
676,13.52,0.0,0.4000000059604645,-0.8956643342971802,0.14169807732105255,0.4435165822505951,0.18477380275726318,0,2000,v2a_u08,4,80,42,0.0,0.4,walk_queue_ablation
677,13.540000000000001,0.0,0.4000000059604645,-0.8961068391799927,0.1460164487361908,0.4786497950553894,0.0995519757270813,0,2000,v2a_u08,4,80,42,0.0,0.4,walk_queue_ablation
678,13.56,0.0,0.4000000059604645,-0.8952223062515259,0.16091574728488922,0.5134246349334717,0.025623124092817307,0,2000,v2a_u08,4,80,42,0.0,0.4,walk_queue_ablation
679,13.58,0.0,0.4000000059604645,-0.8928524255752563,0.17624397575855255,0.5508054494857788,-0.08738627284765244,0,2000,v2a_u08,4,80,42,0.0,0.4,walk_queue_ablation
680,13.6,0.0,0.4000000059604645,-0.8891721963882446,0.18260197341442108,0.5983497500419617,-0.1910177320241928,0,2000,v2a_u08,4,80,42,0.0,0.4,walk_queue_ablation
681,13.620000000000001,0.0,0.4000000059604645,-0.88441002368927,0.17623154819011688,0.6542287468910217,-0.28231462836265564,0,2000,v2a_u08,4,80,42,0.0,0.4,walk_queue_ablation
682,13.64,0.0,0.4000000059604645,-0.8798724412918091,0.15413856506347656,0.711939811706543,-0.260241836309433,0,2000,v2a_u08,4,80,42,0.0,0.4,walk_queue_ablation
683,13.66,0.0,0.4000000059604645,-0.876477837562561,0.13409505784511566,0.7536920309066772,-0.06456176191568375,0,2000,v2a_u08,4,80,42,0.0,0.4,walk_queue_ablation
684,13.68,0.0,0.4000000059604645,-0.8769489526748657,0.09047498553991318,0.6543700695037842,-0.15992526710033417,0,2000,v2a_u08,4,80,42,0.0,0.4,walk_queue_ablation
685,13.700000000000001,0.0,0.4000000059604645,-0.8708902597427368,0.0769977793097496,0.5652768015861511,-0.666526198387146,0,2000,v2a_u08,4,80,42,0.0,0.4,walk_queue_ablation
686,13.72,0.0,0.4000000059604645,-0.8628898859024048,0.0670817643404007,0.5135415196418762,-0.5349429845809937,0,2000,v2a_u08,4,80,42,0.0,0.4,walk_queue_ablation
687,13.74,0.0,0.4000000059604645,-0.8575741052627563,0.048390183597803116,0.47930222749710083,-0.1750272661447525,0,2000,v2a_u08,4,80,42,0.0,0.4,walk_queue_ablation
688,13.76,0.0,0.4000000059604645,-0.8552252054214478,0.04055090993642807,0.44120514392852783,0.02915908209979534,0,2000,v2a_u08,4,80,42,0.0,0.4,walk_queue_ablation
689,13.780000000000001,0.0,0.4000000059604645,-0.8542853593826294,0.03833402693271637,0.4026830494403839,0.13237953186035156,0,2000,v2a_u08,4,80,42,0.0,0.4,walk_queue_ablation
690,13.8,0.0,0.4000000059604645,-0.8539625406265259,0.042126987129449844,0.36868664622306824,0.12222236394882202,0,2000,v2a_u08,4,80,42,0.0,0.4,walk_queue_ablation
691,13.82,0.0,0.4000000059604645,-0.8531705141067505,0.03739241883158684,0.3401373624801636,0.03399205207824707,0,2000,v2a_u08,4,80,42,0.0,0.4,walk_queue_ablation
692,13.84,0.0,0.4000000059604645,-0.852584958076477,0.03734220564365387,0.3186970055103302,0.05564253032207489,0,2000,v2a_u08,4,80,42,0.0,0.4,walk_queue_ablation
693,13.86,0.0,0.4000000059604645,-0.8523370027542114,0.04830644279718399,0.3025365471839905,0.03162425756454468,0,2000,v2a_u08,4,80,42,0.0,0.4,walk_queue_ablation
694,13.88,0.0,0.4000000059604645,-0.8516145944595337,0.06260795891284943,0.2878883481025696,-0.06540355086326599,0,2000,v2a_u08,4,80,42,0.0,0.4,walk_queue_ablation
695,13.9,0.0,0.4000000059604645,-0.850354790687561,0.07813221961259842,0.2782248556613922,-0.13157382607460022,0,2000,v2a_u08,4,80,42,0.0,0.4,walk_queue_ablation
696,13.92,0.0,0.4000000059604645,-0.8484064340591431,0.08831438422203064,0.27106815576553345,-0.2353903353214264,0,2000,v2a_u08,4,80,42,0.0,0.4,walk_queue_ablation
697,13.94,0.0,0.4000000059604645,-0.8456131219863892,0.1019529327750206,0.26389530301094055,-0.3568672835826874,0,2000,v2a_u08,4,80,42,0.0,0.4,walk_queue_ablation
698,13.96,0.0,0.4000000059604645,-0.8419724702835083,0.11617688089609146,0.25739333033561707,-0.48467525839805603,0,2000,v2a_u08,4,80,42,0.0,0.4,walk_queue_ablation
699,13.98,0.0,0.4000000059604645,-0.8378883600234985,0.12567900121212006,0.24968671798706055,-0.5456863641738892,0,2000,v2a_u08,4,80,42,0.0,0.4,walk_queue_ablation
700,14.0,0.0,0.4000000059604645,-0.8339129686355591,0.12989245355129242,0.23987530171871185,-0.5581852793693542,0,2000,v2a_u08,4,80,42,0.0,0.4,walk_queue_ablation
701,14.02,0.0,0.4000000059604645,-0.830417275428772,0.12845832109451294,0.22851453721523285,-0.5469944477081299,0,2000,v2a_u08,4,80,42,0.0,0.4,walk_queue_ablation
702,14.040000000000001,0.0,0.4000000059604645,-0.8259626626968384,0.11716986447572708,0.2145727574825287,-0.6648968458175659,0,2000,v2a_u08,4,80,42,0.0,0.4,walk_queue_ablation
703,14.06,0.0,0.4000000059604645,-0.819809079170227,0.09781815111637115,0.20522119104862213,-0.7769281268119812,0,2000,v2a_u08,4,80,42,0.0,0.4,walk_queue_ablation
704,14.08,0.0,0.4000000059604645,-0.8128916025161743,0.07286147773265839,0.19972220063209534,-0.7481832504272461,0,2000,v2a_u08,4,80,42,0.0,0.4,walk_queue_ablation
705,14.1,0.0,0.4000000059604645,-0.8075124025344849,0.04564044997096062,0.19723953306674957,-0.5007423758506775,0,2000,v2a_u08,4,80,42,0.0,0.4,walk_queue_ablation
706,14.120000000000001,0.0,0.4000000059604645,-0.8047209978103638,0.012491191737353802,0.20688070356845856,-0.40269047021865845,0,2000,v2a_u08,4,80,42,0.0,0.4,walk_queue_ablation
707,14.14,0.0,0.4000000059604645,-0.8035022020339966,-0.03018052689731121,0.22767403721809387,-0.1716156005859375,0,2000,v2a_u08,4,80,42,0.0,0.4,walk_queue_ablation
708,14.16,0.0,0.4000000059604645,-0.8066073656082153,-0.039610546082258224,0.24667689204216003,0.04858512431383133,0,2000,v2a_u08,4,80,42,0.0,0.4,walk_queue_ablation
709,14.18,0.0,0.4000000059604645,-0.8098088502883911,-0.024359332397580147,0.2609165608882904,-0.08807439357042313,0,2000,v2a_u08,4,80,42,0.0,0.4,walk_queue_ablation
710,14.200000000000001,0.0,0.4000000059604645,-0.8100897073745728,0.003622906282544136,0.27146777510643005,-0.38267430663108826,0,2000,v2a_u08,4,80,42,0.0,0.4,walk_queue_ablation
711,14.22,0.0,0.4000000059604645,-0.8073140382766724,0.04570920765399933,0.27943113446235657,-0.5415307283401489,0,2000,v2a_u08,4,80,42,0.0,0.4,walk_queue_ablation
712,14.24,0.0,0.4000000059604645,-0.8032342195510864,0.08322988450527191,0.29208144545555115,-0.5225138664245605,0,2000,v2a_u08,4,80,42,0.0,0.4,walk_queue_ablation
713,14.26,0.0,0.4000000059604645,-0.7989240884780884,0.1210741326212883,0.3006446063518524,-0.40527138113975525,0,2000,v2a_u08,4,80,42,0.0,0.4,walk_queue_ablation
714,14.280000000000001,0.0,0.4000000059604645,-0.7966586351394653,0.14486923813819885,0.3123472332954407,-0.08899081498384476,0,2000,v2a_u08,4,80,42,0.0,0.4,walk_queue_ablation
715,14.3,0.0,0.4000000059604645,-0.7966562509536743,0.1540687382221222,0.32992902398109436,0.09500795602798462,0,2000,v2a_u08,4,80,42,0.0,0.4,walk_queue_ablation
716,14.32,0.0,0.4000000059604645,-0.7974339723587036,0.14866064488887787,0.35277867317199707,0.11906420439481735,0,2000,v2a_u08,4,80,42,0.0,0.4,walk_queue_ablation
717,14.34,0.0,0.4000000059604645,-0.7984200716018677,0.14034850895404816,0.3804565966129303,0.1673223078250885,0,2000,v2a_u08,4,80,42,0.0,0.4,walk_queue_ablation
718,14.36,0.0,0.4000000059604645,-0.7997533082962036,0.1394440084695816,0.41613277792930603,0.18446582555770874,0,2000,v2a_u08,4,80,42,0.0,0.4,walk_queue_ablation
719,14.38,0.0,0.4000000059604645,-0.8002539873123169,0.14625151455402374,0.44764915108680725,0.10909359902143478,0,2000,v2a_u08,4,80,42,0.0,0.4,walk_queue_ablation
720,14.4,0.0,0.4000000059604645,-0.799836277961731,0.15301766991615295,0.4814002513885498,0.059951331466436386,0,2000,v2a_u08,4,80,42,0.0,0.4,walk_queue_ablation
721,14.42,0.0,0.4000000059604645,-0.7986689805984497,0.17019401490688324,0.5178492069244385,0.033411212265491486,0,2000,v2a_u08,4,80,42,0.0,0.4,walk_queue_ablation
722,14.44,0.0,0.4000000059604645,-0.7965785264968872,0.18109485507011414,0.5596377849578857,-0.04605314880609512,0,2000,v2a_u08,4,80,42,0.0,0.4,walk_queue_ablation
723,14.46,0.0,0.4000000059604645,-0.7930780649185181,0.18139639496803284,0.6090582013130188,-0.18384511768817902,0,2000,v2a_u08,4,80,42,0.0,0.4,walk_queue_ablation
724,14.48,0.0,0.4000000059604645,-0.7890464067459106,0.16643427312374115,0.667609453201294,-0.19869351387023926,0,2000,v2a_u08,4,80,42,0.0,0.4,walk_queue_ablation
725,14.5,0.0,0.4000000059604645,-0.785462498664856,0.14456133544445038,0.7148803472518921,-0.17350557446479797,0,2000,v2a_u08,4,80,42,0.0,0.4,walk_queue_ablation
726,14.52,0.0,0.4000000059604645,-0.7840434312820435,0.09548461437225342,0.7063564658164978,0.5735238790512085,0,2000,v2a_u08,4,80,42,0.0,0.4,walk_queue_ablation
727,14.540000000000001,0.0,0.4000000059604645,-0.7838112115859985,0.09009559452533722,0.5970032215118408,-0.32021573185920715,0,2000,v2a_u08,4,80,42,0.0,0.4,walk_queue_ablation
728,14.56,0.0,0.4000000059604645,-0.7772427797317505,0.08438263088464737,0.5273916721343994,-0.5764795541763306,0,2000,v2a_u08,4,80,42,0.0,0.4,walk_queue_ablation
729,14.58,0.0,0.4000000059604645,-0.7708736658096313,0.07394546270370483,0.48729652166366577,-0.3108193874359131,0,2000,v2a_u08,4,80,42,0.0,0.4,walk_queue_ablation
730,14.6,0.0,0.4000000059604645,-0.767438530921936,0.05817785859107971,0.4545985162258148,-0.023768965154886246,0,2000,v2a_u08,4,80,42,0.0,0.4,walk_queue_ablation
731,14.620000000000001,0.0,0.4000000059604645,-0.7661396265029907,0.05052287131547928,0.4180852770805359,0.09544295817613602,0,2000,v2a_u08,4,80,42,0.0,0.4,walk_queue_ablation
732,14.64,0.0,0.4000000059604645,-0.7656856775283813,0.05301617085933685,0.38205137848854065,0.12116964161396027,0,2000,v2a_u08,4,80,42,0.0,0.4,walk_queue_ablation
733,14.66,0.0,0.4000000059604645,-0.76508629322052,0.051720794290304184,0.34870392084121704,0.09446153789758682,0,2000,v2a_u08,4,80,42,0.0,0.4,walk_queue_ablation
734,14.68,0.0,0.4000000059604645,-0.7641979455947876,0.03923356905579567,0.3209391236305237,0.03695879131555557,0,2000,v2a_u08,4,80,42,0.0,0.4,walk_queue_ablation
735,14.700000000000001,0.0,0.4000000059604645,-0.7639409303665161,0.043869152665138245,0.3024895489215851,0.08616569638252258,0,2000,v2a_u08,4,80,42,0.0,0.4,walk_queue_ablation
736,14.72,0.0,0.4000000059604645,-0.7639647722244263,0.06034985929727554,0.2815597951412201,0.05520426854491234,0,2000,v2a_u08,4,80,42,0.0,0.4,walk_queue_ablation
737,14.74,0.0,0.4000000059604645,-0.7642208337783813,0.08237692713737488,0.2732522189617157,0.013401012867689133,0,2000,v2a_u08,4,80,42,0.0,0.4,walk_queue_ablation
738,14.76,0.0,0.4000000059604645,-0.763062596321106,0.09518468379974365,0.26079875230789185,-0.1608104109764099,0,2000,v2a_u08,4,80,42,0.0,0.4,walk_queue_ablation
739,14.780000000000001,0.0,0.4000000059604645,-0.7606388330459595,0.10841415077447891,0.25438588857650757,-0.30226004123687744,0,2000,v2a_u08,4,80,42,0.0,0.4,walk_queue_ablation
740,14.8,0.0,0.4000000059604645,-0.7575255632400513,0.12427400797605515,0.2469620704650879,-0.3838203251361847,0,2000,v2a_u08,4,80,42,0.0,0.4,walk_queue_ablation
741,14.82,0.0,0.4000000059604645,-0.753947377204895,0.13898597657680511,0.24276313185691833,-0.4915143847465515,0,2000,v2a_u08,4,80,42,0.0,0.4,walk_queue_ablation
742,14.84,0.0,0.4000000059604645,-0.7502280473709106,0.1493910551071167,0.2355230301618576,-0.5214606523513794,0,2000,v2a_u08,4,80,42,0.0,0.4,walk_queue_ablation
743,14.86,0.0,0.4000000059604645,-0.746738076210022,0.15564173460006714,0.22454144060611725,-0.526114284992218,0,2000,v2a_u08,4,80,42,0.0,0.4,walk_queue_ablation
744,14.88,0.0,0.4000000059604645,-0.743320107460022,0.1545126885175705,0.2132272869348526,-0.553320050239563,0,2000,v2a_u08,4,80,42,0.0,0.4,walk_queue_ablation
745,14.9,0.0,0.4000000059604645,-0.7381774187088013,0.14171390235424042,0.20123837888240814,-0.7240780591964722,0,2000,v2a_u08,4,80,42,0.0,0.4,walk_queue_ablation
746,14.92,0.0,0.4000000059604645,-0.7313810586929321,0.1231454610824585,0.19390790164470673,-0.7994881272315979,0,2000,v2a_u08,4,80,42,0.0,0.4,walk_queue_ablation
747,14.94,0.0,0.4000000059604645,-0.7246962785720825,0.10099124908447266,0.19165347516536713,-0.6841638088226318,0,2000,v2a_u08,4,80,42,0.0,0.4,walk_queue_ablation
748,14.96,0.0,0.4000000059604645,-0.720948338508606,0.07674683630466461,0.19294369220733643,-0.32035166025161743,0,2000,v2a_u08,4,80,42,0.0,0.4,walk_queue_ablation
749,14.98,0.0,0.4000000059604645,-0.719546914100647,0.029020309448242188,0.2114967554807663,-0.25618839263916016,0,2000,v2a_u08,4,80,42,0.0,0.4,walk_queue_ablation
750,15.0,0.0,0.4000000059604645,-0.7225733995437622,0.004302212968468666,0.2315348982810974,0.13985073566436768,0,2000,v2a_u08,4,80,42,0.0,0.4,walk_queue_ablation
751,15.02,0.0,0.4000000059604645,-0.7274404764175415,0.009990553371608257,0.2466784417629242,0.11297154426574707,0,2000,v2a_u08,4,80,42,0.0,0.4,walk_queue_ablation
752,15.040000000000001,0.0,0.4000000059604645,-0.7301613092422485,0.02931932359933853,0.25811895728111267,-0.1899823397397995,0,2000,v2a_u08,4,80,42,0.0,0.4,walk_queue_ablation
753,15.06,0.0,0.4000000059604645,-0.7287226915359497,0.059588029980659485,0.2685767114162445,-0.5351210832595825,0,2000,v2a_u08,4,80,42,0.0,0.4,walk_queue_ablation
754,15.08,0.0,0.4000000059604645,-0.7240973711013794,0.09546807408332825,0.27850961685180664,-0.6729863286018372,0,2000,v2a_u08,4,80,42,0.0,0.4,walk_queue_ablation
755,15.1,0.0,0.4000000059604645,-0.7189909219741821,0.13250435888767242,0.2908667325973511,-0.5134634971618652,0,2000,v2a_u08,4,80,42,0.0,0.4,walk_queue_ablation
756,15.120000000000001,0.0,0.4000000059604645,-0.7155624628067017,0.157869353890419,0.30457285046577454,-0.2564002275466919,0,2000,v2a_u08,4,80,42,0.0,0.4,walk_queue_ablation
757,15.14,0.0,0.4000000059604645,-0.7139569520950317,0.1697620302438736,0.3205694556236267,-0.06675806641578674,0,2000,v2a_u08,4,80,42,0.0,0.4,walk_queue_ablation
758,15.16,0.0,0.4000000059604645,-0.7138134241104126,0.16612857580184937,0.33942821621894836,0.06269846111536026,0,2000,v2a_u08,4,80,42,0.0,0.4,walk_queue_ablation
759,15.18,0.0,0.4000000059604645,-0.7143641710281372,0.15830443799495697,0.3622649908065796,0.12508311867713928,0,2000,v2a_u08,4,80,42,0.0,0.4,walk_queue_ablation
760,15.200000000000001,0.0,0.4000000059604645,-0.7158046960830688,0.153797447681427,0.3946269452571869,0.2175108939409256,0,2000,v2a_u08,4,80,42,0.0,0.4,walk_queue_ablation
761,15.22,0.0,0.4000000059604645,-0.7170587778091431,0.15451796352863312,0.42582908272743225,0.16454848647117615,0,2000,v2a_u08,4,80,42,0.0,0.4,walk_queue_ablation
762,15.24,0.0,0.4000000059604645,-0.7173572778701782,0.15928851068019867,0.45999592542648315,0.09078352153301239,0,2000,v2a_u08,4,80,42,0.0,0.4,walk_queue_ablation
763,15.26,0.0,0.4000000059604645,-0.7165819406509399,0.17416459321975708,0.49459245800971985,0.03607456013560295,0,2000,v2a_u08,4,80,42,0.0,0.4,walk_queue_ablation
764,15.280000000000001,0.0,0.4000000059604645,-0.7146421670913696,0.18981130421161652,0.531501293182373,-0.041988302022218704,0,2000,v2a_u08,4,80,42,0.0,0.4,walk_queue_ablation
765,15.3,0.0,0.4000000059604645,-0.7117410898208618,0.1978815197944641,0.5775901079177856,-0.11214451491832733,0,2000,v2a_u08,4,80,42,0.0,0.4,walk_queue_ablation
766,15.32,0.0,0.4000000059604645,-0.7079769372940063,0.1950613558292389,0.6312036514282227,-0.18175476789474487,0,2000,v2a_u08,4,80,42,0.0,0.4,walk_queue_ablation
767,15.34,0.0,0.4000000059604645,-0.7045027017593384,0.17596665024757385,0.6910287737846375,-0.15155501663684845,0,2000,v2a_u08,4,80,42,0.0,0.4,walk_queue_ablation
768,15.36,0.0,0.4000000059604645,-0.7019201517105103,0.15907880663871765,0.7330291867256165,-0.03734350949525833,0,2000,v2a_u08,4,80,42,0.0,0.4,walk_queue_ablation
769,15.38,0.0,0.4000000059604645,-0.7028666734695435,0.10662413388490677,0.6529384255409241,0.1425120234489441,0,2000,v2a_u08,4,80,42,0.0,0.4,walk_queue_ablation
770,15.4,0.0,0.4000000059604645,-0.6984330415725708,0.09947909414768219,0.5620502829551697,-0.5766538381576538,0,2000,v2a_u08,4,80,42,0.0,0.4,walk_queue_ablation
771,15.42,0.0,0.4000000059604645,-0.6908375024795532,0.08875010907649994,0.5063698291778564,-0.5413104891777039,0,2000,v2a_u08,4,80,42,0.0,0.4,walk_queue_ablation
772,15.44,0.0,0.4000000059604645,-0.6854664087295532,0.06812439858913422,0.47359102964401245,-0.17084917426109314,0,2000,v2a_u08,4,80,42,0.0,0.4,walk_queue_ablation
773,15.46,0.0,0.4000000059604645,-0.6832829713821411,0.05691036954522133,0.43546539545059204,0.06655461341142654,0,2000,v2a_u08,4,80,42,0.0,0.4,walk_queue_ablation
774,15.48,0.0,0.4000000059604645,-0.682724118232727,0.051264360547065735,0.39488887786865234,0.18390288949012756,0,2000,v2a_u08,4,80,42,0.0,0.4,walk_queue_ablation
775,15.5,0.0,0.4000000059604645,-0.6826974153518677,0.05360197648406029,0.35988596081733704,0.133663147687912,0,2000,v2a_u08,4,80,42,0.0,0.4,walk_queue_ablation
776,15.52,0.0,0.4000000059604645,-0.6821361780166626,0.049013201147317886,0.33163759112358093,0.06034097075462341,0,2000,v2a_u08,4,80,42,0.0,0.4,walk_queue_ablation
777,15.540000000000001,0.0,0.4000000059604645,-0.6817666292190552,0.04836852103471756,0.3079225420951843,0.08373934775590897,0,2000,v2a_u08,4,80,42,0.0,0.4,walk_queue_ablation
778,15.56,0.0,0.4000000059604645,-0.681869626045227,0.05674520134925842,0.29098281264305115,0.06923121213912964,0,2000,v2a_u08,4,80,42,0.0,0.4,walk_queue_ablation
779,15.58,0.0,0.4000000059604645,-0.6813584566116333,0.0726405531167984,0.27263909578323364,-0.03835010901093483,0,2000,v2a_u08,4,80,42,0.0,0.4,walk_queue_ablation
780,15.6,0.0,0.4000000059604645,-0.6805282831192017,0.08527017384767532,0.2611945569515228,-0.0750226378440857,0,2000,v2a_u08,4,80,42,0.0,0.4,walk_queue_ablation
781,15.620000000000001,0.0,0.4000000059604645,-0.6792770624160767,0.09197079390287399,0.25397440791130066,-0.1585015058517456,0,2000,v2a_u08,4,80,42,0.0,0.4,walk_queue_ablation
782,15.64,0.0,0.4000000059604645,-0.6770659685134888,0.10528770089149475,0.24543999135494232,-0.2997682988643646,0,2000,v2a_u08,4,80,42,0.0,0.4,walk_queue_ablation
783,15.66,0.0,0.4000000059604645,-0.6740318536758423,0.12037817388772964,0.2404794842004776,-0.42354005575180054,0,2000,v2a_u08,4,80,42,0.0,0.4,walk_queue_ablation
784,15.68,0.0,0.4000000059604645,-0.6707020998001099,0.1294417530298233,0.23429694771766663,-0.47230613231658936,0,2000,v2a_u08,4,80,42,0.0,0.4,walk_queue_ablation
785,15.700000000000001,0.0,0.4000000059604645,-0.6674486398696899,0.13352642953395844,0.22531965374946594,-0.4955671727657318,0,2000,v2a_u08,4,80,42,0.0,0.4,walk_queue_ablation
786,15.72,0.0,0.4000000059604645,-0.6645704507827759,0.13274851441383362,0.21422822773456573,-0.49074316024780273,0,2000,v2a_u08,4,80,42,0.0,0.4,walk_queue_ablation
787,15.74,0.0,0.4000000059604645,-0.660767674446106,0.12328647822141647,0.19986677169799805,-0.6050111055374146,0,2000,v2a_u08,4,80,42,0.0,0.4,walk_queue_ablation
788,15.76,0.0,0.4000000059604645,-0.6552549600601196,0.1057477667927742,0.1897246241569519,-0.723871111869812,0,2000,v2a_u08,4,80,42,0.0,0.4,walk_queue_ablation
789,15.780000000000001,0.0,0.4000000059604645,-0.6487852334976196,0.08087794482707977,0.1840362846851349,-0.7153112888336182,0,2000,v2a_u08,4,80,42,0.0,0.4,walk_queue_ablation
790,15.8,0.0,0.4000000059604645,-0.6436144113540649,0.054434046149253845,0.1810152530670166,-0.48880481719970703,0,2000,v2a_u08,4,80,42,0.0,0.4,walk_queue_ablation
791,15.82,0.0,0.4000000059604645,-0.6409574747085571,0.018193336203694344,0.19050095975399017,-0.4247519075870514,0,2000,v2a_u08,4,80,42,0.0,0.4,walk_queue_ablation
792,15.84,0.0,0.4000000059604645,-0.6401911973953247,-0.018267877399921417,0.21207743883132935,-0.10386151075363159,0,2000,v2a_u08,4,80,42,0.0,0.4,walk_queue_ablation
793,15.860000000000001,0.0,0.4000000059604645,-0.6439324617385864,-0.026817677542567253,0.2312002032995224,0.1126139909029007,0,2000,v2a_u08,4,80,42,0.0,0.4,walk_queue_ablation
794,15.88,0.0,0.4000000059604645,-0.6476026773452759,-0.012450866401195526,0.2449772208929062,-0.04733986407518387,0,2000,v2a_u08,4,80,42,0.0,0.4,walk_queue_ablation
795,15.9,0.0,0.4000000059604645,-0.6482459306716919,0.013997487723827362,0.255221426486969,-0.3415609896183014,0,2000,v2a_u08,4,80,42,0.0,0.4,walk_queue_ablation
796,15.92,0.0,0.4000000059604645,-0.6457010507583618,0.054563719779253006,0.2629930377006531,-0.5165865421295166,0,2000,v2a_u08,4,80,42,0.0,0.4,walk_queue_ablation
797,15.94,0.0,0.4000000059604645,-0.6420871019363403,0.0905848890542984,0.2762332856655121,-0.45885562896728516,0,2000,v2a_u08,4,80,42,0.0,0.4,walk_queue_ablation
798,15.96,0.0,0.4000000059604645,-0.6384741067886353,0.12875770032405853,0.28560295701026917,-0.33996549248695374,0,2000,v2a_u08,4,80,42,0.0,0.4,walk_queue_ablation
799,15.98,0.0,0.4000000059604645,-0.6367045640945435,0.15248151123523712,0.29804927110671997,-0.055574581027030945,0,2000,v2a_u08,4,80,42,0.0,0.4,walk_queue_ablation
800,16.0,0.0,0.4000000059604645,-0.6368695497512817,0.162336528301239,0.31582820415496826,0.09839319437742233,0,2000,v2a_u08,4,80,42,0.0,0.4,walk_queue_ablation
801,16.02,0.0,0.4000000059604645,-0.637698769569397,0.15732446312904358,0.3387514054775238,0.12567758560180664,0,2000,v2a_u08,4,80,42,0.0,0.4,walk_queue_ablation
802,16.04,0.0,0.4000000059604645,-0.6387640237808228,0.15278884768486023,0.36627793312072754,0.17569638788700104,0,2000,v2a_u08,4,80,42,0.0,0.4,walk_queue_ablation
803,16.06,0.0,0.4000000059604645,-0.6400176286697388,0.1521792858839035,0.4003932774066925,0.16527092456817627,0,2000,v2a_u08,4,80,42,0.0,0.4,walk_queue_ablation
804,16.080000000000002,0.0,0.4000000059604645,-0.6404916048049927,0.15826907753944397,0.43253007531166077,0.10705603659152985,0,2000,v2a_u08,4,80,42,0.0,0.4,walk_queue_ablation
805,16.1,0.0,0.4000000059604645,-0.6401878595352173,0.1673162579536438,0.4658129811286926,0.07740279287099838,0,2000,v2a_u08,4,80,42,0.0,0.4,walk_queue_ablation
806,16.12,0.0,0.4000000059604645,-0.6390887498855591,0.1833810955286026,0.5012319087982178,0.03347969800233841,0,2000,v2a_u08,4,80,42,0.0,0.4,walk_queue_ablation
807,16.14,0.0,0.4000000059604645,-0.637161374092102,0.19419033825397491,0.5430095791816711,-0.0230109803378582,0,2000,v2a_u08,4,80,42,0.0,0.4,walk_queue_ablation
808,16.16,0.0,0.4000000059604645,-0.6341482400894165,0.19546303153038025,0.5923605561256409,-0.12783324718475342,0,2000,v2a_u08,4,80,42,0.0,0.4,walk_queue_ablation
809,16.18,0.0,0.4000000059604645,-0.6308480501174927,0.18324975669384003,0.6504982113838196,-0.12189548462629318,0,2000,v2a_u08,4,80,42,0.0,0.4,walk_queue_ablation
810,16.2,0.0,0.4000000059604645,-0.628179669380188,0.16416463255882263,0.6993923187255859,-0.09598124772310257,0,2000,v2a_u08,4,80,42,0.0,0.4,walk_queue_ablation
811,16.22,0.0,0.4000000059604645,-0.626907467842102,0.1308150738477707,0.7077029347419739,0.40162813663482666,0,2000,v2a_u08,4,80,42,0.0,0.4,walk_queue_ablation
812,16.240000000000002,0.0,0.4000000059604645,-0.627569317817688,0.11127486079931259,0.6014410853385925,-0.21784882247447968,0,2000,v2a_u08,4,80,42,0.0,0.4,walk_queue_ablation
813,16.26,0.0,0.4000000059604645,-0.6218463182449341,0.1035737618803978,0.5278159379959106,-0.5190273523330688,0,2000,v2a_u08,4,80,42,0.0,0.4,walk_queue_ablation
814,16.28,0.0,0.4000000059604645,-0.6157160997390747,0.09221853315830231,0.4880416691303253,-0.31648263335227966,0,2000,v2a_u08,4,80,42,0.0,0.4,walk_queue_ablation
815,16.3,0.0,0.4000000059604645,-0.6121517419815063,0.07385686784982681,0.45470571517944336,-0.03422986716032028,0,2000,v2a_u08,4,80,42,0.0,0.4,walk_queue_ablation
816,16.32,0.0,0.4000000059604645,-0.6102787256240845,0.06634077429771423,0.4158966541290283,0.04084162041544914,0,2000,v2a_u08,4,80,42,0.0,0.4,walk_queue_ablation
817,16.34,0.0,0.4000000059604645,-0.60944664478302,0.060989998281002045,0.38045382499694824,0.144916832447052,0,2000,v2a_u08,4,80,42,0.0,0.4,walk_queue_ablation
818,16.36,0.0,0.4000000059604645,-0.6091629266738892,0.06315227597951889,0.34706076979637146,0.10889415442943573,0,2000,v2a_u08,4,80,42,0.0,0.4,walk_queue_ablation
819,16.38,0.0,0.4000000059604645,-0.6088005304336548,0.0513608381152153,0.31934523582458496,0.10104075074195862,0,2000,v2a_u08,4,80,42,0.0,0.4,walk_queue_ablation
820,16.4,0.0,0.4000000059604645,-0.6092139482498169,0.05890259891748428,0.30022957921028137,0.13293978571891785,0,2000,v2a_u08,4,80,42,0.0,0.4,walk_queue_ablation
821,16.42,0.0,0.4000000059604645,-0.6094604730606079,0.06820164620876312,0.2801247239112854,0.0704101100564003,0,2000,v2a_u08,4,80,42,0.0,0.4,walk_queue_ablation
822,16.44,0.0,0.4000000059604645,-0.6094647645950317,0.08481498062610626,0.2685180902481079,0.002156379632651806,0,2000,v2a_u08,4,80,42,0.0,0.4,walk_queue_ablation
823,16.46,0.0,0.4000000059604645,-0.6085230112075806,0.0987817570567131,0.2583072781562805,-0.1233421266078949,0,2000,v2a_u08,4,80,42,0.0,0.4,walk_queue_ablation
824,16.48,0.0,0.4000000059604645,-0.6068555116653442,0.11011239141225815,0.25275474786758423,-0.21724756062030792,0,2000,v2a_u08,4,80,42,0.0,0.4,walk_queue_ablation
825,16.5,0.0,0.4000000059604645,-0.6045752763748169,0.12862561643123627,0.2440863698720932,-0.3025773763656616,0,2000,v2a_u08,4,80,42,0.0,0.4,walk_queue_ablation
826,16.52,0.0,0.4000000059604645,-0.6020733118057251,0.14332479238510132,0.240144744515419,-0.3780546188354492,0,2000,v2a_u08,4,80,42,0.0,0.4,walk_queue_ablation
827,16.54,0.0,0.4000000059604645,-0.5993882417678833,0.15528616309165955,0.23294693231582642,-0.43027544021606445,0,2000,v2a_u08,4,80,42,0.0,0.4,walk_queue_ablation
828,16.56,0.0,0.4000000059604645,-0.5968433618545532,0.16178123652935028,0.2228119671344757,-0.4450682997703552,0,2000,v2a_u08,4,80,42,0.0,0.4,walk_queue_ablation
829,16.580000000000002,0.0,0.4000000059604645,-0.5941578149795532,0.1624281406402588,0.21091458201408386,-0.4882197976112366,0,2000,v2a_u08,4,80,42,0.0,0.4,walk_queue_ablation
830,16.6,0.0,0.4000000059604645,-0.5896192789077759,0.1521754115819931,0.1982482522726059,-0.6674363613128662,0,2000,v2a_u08,4,80,42,0.0,0.4,walk_queue_ablation
831,16.62,0.0,0.4000000059604645,-0.5834327936172485,0.1350099742412567,0.19075816869735718,-0.7411481142044067,0,2000,v2a_u08,4,80,42,0.0,0.4,walk_queue_ablation
832,16.64,0.0,0.4000000059604645,-0.5771399736404419,0.11350024491548538,0.18806903064250946,-0.6501981616020203,0,2000,v2a_u08,4,80,42,0.0,0.4,walk_queue_ablation
833,16.66,0.0,0.4000000059604645,-0.5735107660293579,0.08999983966350555,0.190395325422287,-0.3320733308792114,0,2000,v2a_u08,4,80,42,0.0,0.4,walk_queue_ablation
834,16.68,0.0,0.4000000059604645,-0.5719877481460571,0.04186510294675827,0.208952397108078,-0.2500421702861786,0,2000,v2a_u08,4,80,42,0.0,0.4,walk_queue_ablation
835,16.7,0.0,0.4000000059604645,-0.5753756761550903,0.01785746030509472,0.22914738953113556,0.1945754587650299,0,2000,v2a_u08,4,80,42,0.0,0.4,walk_queue_ablation
836,16.72,0.0,0.4000000059604645,-0.5809246301651001,0.023024989292025566,0.24475550651550293,0.18983329832553864,0,2000,v2a_u08,4,80,42,0.0,0.4,walk_queue_ablation
837,16.740000000000002,0.0,0.4000000059604645,-0.5844379663467407,0.040121033787727356,0.25570186972618103,-0.106621153652668,0,2000,v2a_u08,4,80,42,0.0,0.4,walk_queue_ablation
838,16.76,0.0,0.4000000059604645,-0.5838090181350708,0.0688726156949997,0.26584216952323914,-0.4498203694820404,0,2000,v2a_u08,4,80,42,0.0,0.4,walk_queue_ablation
839,16.78,0.0,0.4000000059604645,-0.5799709558486938,0.10342620313167572,0.27578556537628174,-0.5945987701416016,0,2000,v2a_u08,4,80,42,0.0,0.4,walk_queue_ablation
840,16.8,0.0,0.4000000059604645,-0.575574517250061,0.1386260986328125,0.2889115512371063,-0.4523220658302307,0,2000,v2a_u08,4,80,42,0.0,0.4,walk_queue_ablation
841,16.82,0.0,0.4000000059604645,-0.572611927986145,0.16311489045619965,0.3033783733844757,-0.22275975346565247,0,2000,v2a_u08,4,80,42,0.0,0.4,walk_queue_ablation
842,16.84,0.0,0.4000000059604645,-0.5712147951126099,0.17538301646709442,0.31929320096969604,-0.04975131154060364,0,2000,v2a_u08,4,80,42,0.0,0.4,walk_queue_ablation
843,16.86,0.0,0.4000000059604645,-0.5711370706558228,0.17246146500110626,0.33912721276283264,0.066111259162426,0,2000,v2a_u08,4,80,42,0.0,0.4,walk_queue_ablation
844,16.88,0.0,0.4000000059604645,-0.571635365486145,0.16497868299484253,0.36318573355674744,0.11676641553640366,0,2000,v2a_u08,4,80,42,0.0,0.4,walk_queue_ablation
845,16.9,0.0,0.4000000059604645,-0.572877049446106,0.16114205121994019,0.39638152718544006,0.19336983561515808,0,2000,v2a_u08,4,80,42,0.0,0.4,walk_queue_ablation
846,16.92,0.0,0.4000000059604645,-0.573766827583313,0.16203592717647552,0.4278176724910736,0.12854808568954468,0,2000,v2a_u08,4,80,42,0.0,0.4,walk_queue_ablation
847,16.94,0.0,0.4000000059604645,-0.5737029314041138,0.16652002930641174,0.4623466432094574,0.06543169915676117,0,2000,v2a_u08,4,80,42,0.0,0.4,walk_queue_ablation
848,16.96,0.0,0.4000000059604645,-0.5727249383926392,0.1802062690258026,0.4979201555252075,0.02919061854481697,0,2000,v2a_u08,4,80,42,0.0,0.4,walk_queue_ablation
849,16.98,0.0,0.4000000059604645,-0.5708380937576294,0.19398233294487,0.5361725091934204,-0.0226244255900383,0,2000,v2a_u08,4,80,42,0.0,0.4,walk_queue_ablation
850,17.0,0.0,0.4000000059604645,-0.5682398080825806,0.20174936950206757,0.5831299424171448,-0.06614989042282104,0,2000,v2a_u08,4,80,42,0.0,0.4,walk_queue_ablation
851,17.02,0.0,0.4000000059604645,-0.5651861429214478,0.19838155806064606,0.6383880972862244,-0.09822074323892593,0,2000,v2a_u08,4,80,42,0.0,0.4,walk_queue_ablation
852,17.04,0.0,0.4000000059604645,-0.5626875162124634,0.1801927089691162,0.6980754733085632,-0.06008268892765045,0,2000,v2a_u08,4,80,42,0.0,0.4,walk_queue_ablation
853,17.06,0.0,0.4000000059604645,-0.5610553026199341,0.1651594042778015,0.7402709126472473,0.04386764019727707,0,2000,v2a_u08,4,80,42,0.0,0.4,walk_queue_ablation
854,17.080000000000002,0.0,0.4000000059604645,-0.5623174905776978,0.12208618223667145,0.646546483039856,-0.05744257569313049,0,2000,v2a_u08,4,80,42,0.0,0.4,walk_queue_ablation
855,17.1,0.0,0.4000000059604645,-0.5572654008865356,0.10677286982536316,0.5540180802345276,-0.5955828428268433,0,2000,v2a_u08,4,80,42,0.0,0.4,walk_queue_ablation
856,17.12,0.0,0.4000000059604645,-0.5497866868972778,0.09598445892333984,0.4984959661960602,-0.4993800222873688,0,2000,v2a_u08,4,80,42,0.0,0.4,walk_queue_ablation
857,17.14,0.0,0.4000000059604645,-0.5449105501174927,0.07509080320596695,0.46641087532043457,-0.11537866294384003,0,2000,v2a_u08,4,80,42,0.0,0.4,walk_queue_ablation
858,17.16,0.0,0.4000000059604645,-0.5432640314102173,0.06258966028690338,0.4292590022087097,0.12118817865848541,0,2000,v2a_u08,4,80,42,0.0,0.4,walk_queue_ablation
859,17.18,0.0,0.4000000059604645,-0.5431100130081177,0.057967741042375565,0.3895399868488312,0.2144933044910431,0,2000,v2a_u08,4,80,42,0.0,0.4,walk_queue_ablation
860,17.2,0.0,0.4000000059604645,-0.5435930490493774,0.05801267921924591,0.35576483607292175,0.1921406239271164,0,2000,v2a_u08,4,80,42,0.0,0.4,walk_queue_ablation
861,17.22,0.0,0.4000000059604645,-0.543563961982727,0.052265673875808716,0.3255539536476135,0.111600860953331,0,2000,v2a_u08,4,80,42,0.0,0.4,walk_queue_ablation
862,17.240000000000002,0.0,0.4000000059604645,-0.543803334236145,0.04985196143388748,0.3044107258319855,0.14177283644676208,0,2000,v2a_u08,4,80,42,0.0,0.4,walk_queue_ablation
863,17.26,0.0,0.4000000059604645,-0.5443731546401978,0.06117147207260132,0.2879369258880615,0.10452599823474884,0,2000,v2a_u08,4,80,42,0.0,0.4,walk_queue_ablation
864,17.28,0.0,0.4000000059604645,-0.5443812608718872,0.07484938204288483,0.2711847722530365,0.009713888168334961,0,2000,v2a_u08,4,80,42,0.0,0.4,walk_queue_ablation
865,17.3,0.0,0.4000000059604645,-0.5439502000808716,0.08971817046403885,0.260564386844635,-0.0496688112616539,0,2000,v2a_u08,4,80,42,0.0,0.4,walk_queue_ablation
866,17.32,0.0,0.4000000059604645,-0.5427881479263306,0.09863989800214767,0.25257357954978943,-0.1583172231912613,0,2000,v2a_u08,4,80,42,0.0,0.4,walk_queue_ablation
867,17.34,0.0,0.4000000059604645,-0.5407530069351196,0.11128739267587662,0.2446976602077484,-0.2791404128074646,0,2000,v2a_u08,4,80,42,0.0,0.4,walk_queue_ablation
868,17.36,0.0,0.4000000059604645,-0.538101315498352,0.125676691532135,0.23885995149612427,-0.3751092255115509,0,2000,v2a_u08,4,80,42,0.0,0.4,walk_queue_ablation
869,17.38,0.0,0.4000000059604645,-0.5353480577468872,0.13565826416015625,0.23178555071353912,-0.41252362728118896,0,2000,v2a_u08,4,80,42,0.0,0.4,walk_queue_ablation
870,17.400000000000002,0.0,0.4000000059604645,-0.5327368974685669,0.1410600244998932,0.2226417511701584,-0.436004102230072,0,2000,v2a_u08,4,80,42,0.0,0.4,walk_queue_ablation
871,17.42,0.0,0.4000000059604645,-0.5305105447769165,0.1403028666973114,0.2117289900779724,-0.430364191532135,0,2000,v2a_u08,4,80,42,0.0,0.4,walk_queue_ablation
872,17.44,0.0,0.4000000059604645,-0.5271121263504028,0.1296962946653366,0.19724701344966888,-0.5690737366676331,0,2000,v2a_u08,4,80,42,0.0,0.4,walk_queue_ablation
873,17.46,0.0,0.4000000059604645,-0.5219513177871704,0.11027692258358002,0.18759140372276306,-0.6828901767730713,0,2000,v2a_u08,4,80,42,0.0,0.4,walk_queue_ablation
874,17.48,0.0,0.4000000059604645,-0.5160075426101685,0.08443004637956619,0.18050865828990936,-0.6569065451622009,0,2000,v2a_u08,4,80,42,0.0,0.4,walk_queue_ablation
875,17.5,0.0,0.4000000059604645,-0.511367917060852,0.0575873926281929,0.18000979721546173,-0.4603821933269501,0,2000,v2a_u08,4,80,42,0.0,0.4,walk_queue_ablation
876,17.52,0.0,0.4000000059604645,-0.5088392496109009,0.01892336644232273,0.1871132254600525,-0.4751525819301605,0,2000,v2a_u08,4,80,42,0.0,0.4,walk_queue_ablation
877,17.54,0.0,0.4000000059604645,-0.5086489915847778,-0.013229599222540855,0.21138259768486023,-0.02775108814239502,0,2000,v2a_u08,4,80,42,0.0,0.4,walk_queue_ablation
878,17.56,0.0,0.4000000059604645,-0.5131107568740845,-0.01859898865222931,0.2298406958580017,0.17471781373023987,0,2000,v2a_u08,4,80,42,0.0,0.4,walk_queue_ablation
879,17.580000000000002,0.0,0.4000000059604645,-0.517224907875061,-0.002101173857226968,0.2425670027732849,-0.00206945464015007,0,2000,v2a_u08,4,80,42,0.0,0.4,walk_queue_ablation
880,17.6,0.0,0.4000000059604645,-0.5182057619094849,0.02362397126853466,0.25264376401901245,-0.3037315309047699,0,2000,v2a_u08,4,80,42,0.0,0.4,walk_queue_ablation
881,17.62,0.0,0.4000000059604645,-0.5158191919326782,0.06167828291654587,0.2605551481246948,-0.5030033588409424,0,2000,v2a_u08,4,80,42,0.0,0.4,walk_queue_ablation
882,17.64,0.0,0.4000000059604645,-0.5124884843826294,0.09872781485319138,0.2727528512477875,-0.40044349431991577,0,2000,v2a_u08,4,80,42,0.0,0.4,walk_queue_ablation
883,17.66,0.0,0.4000000059604645,-0.5097275972366333,0.13756206631660461,0.2835031747817993,-0.24217122793197632,0,2000,v2a_u08,4,80,42,0.0,0.4,walk_queue_ablation
884,17.68,0.0,0.4000000059604645,-0.5087472200393677,0.15960915386676788,0.29859459400177,0.001231897622346878,0,2000,v2a_u08,4,80,42,0.0,0.4,walk_queue_ablation
885,17.7,0.0,0.4000000059604645,-0.5090533494949341,0.16892875730991364,0.31601664423942566,0.08923527598381042,0,2000,v2a_u08,4,80,42,0.0,0.4,walk_queue_ablation
886,17.72,0.0,0.4000000059604645,-0.5100184679031372,0.16332589089870453,0.33959266543388367,0.15728668868541718,0,2000,v2a_u08,4,80,42,0.0,0.4,walk_queue_ablation
887,17.740000000000002,0.0,0.4000000059604645,-0.5114017724990845,0.16302533447742462,0.36674246191978455,0.20927058160305023,0,2000,v2a_u08,4,80,42,0.0,0.4,walk_queue_ablation
888,17.76,0.0,0.4000000059604645,-0.5126458406448364,0.16251026093959808,0.3989955484867096,0.14894339442253113,0,2000,v2a_u08,4,80,42,0.0,0.4,walk_queue_ablation
889,17.78,0.0,0.4000000059604645,-0.5129834413528442,0.16666218638420105,0.43234896659851074,0.09176427870988846,0,2000,v2a_u08,4,80,42,0.0,0.4,walk_queue_ablation
890,17.8,0.0,0.4000000059604645,-0.5126157999038696,0.17894737422466278,0.46725398302078247,0.07889307290315628,0,2000,v2a_u08,4,80,42,0.0,0.4,walk_queue_ablation
891,17.82,0.0,0.4000000059604645,-0.5112134218215942,0.19324921071529388,0.5025577545166016,-0.003192875999957323,0,2000,v2a_u08,4,80,42,0.0,0.4,walk_queue_ablation
892,17.84,0.0,0.4000000059604645,-0.5090967416763306,0.2030322104692459,0.5465023517608643,-0.027558017522096634,0,2000,v2a_u08,4,80,42,0.0,0.4,walk_queue_ablation
893,17.86,0.0,0.4000000059604645,-0.5062986612319946,0.20498785376548767,0.5975313782691956,-0.09186037629842758,0,2000,v2a_u08,4,80,42,0.0,0.4,walk_queue_ablation
894,17.88,0.0,0.4000000059604645,-0.503663182258606,0.19419240951538086,0.6568118929862976,-0.0529460571706295,0,2000,v2a_u08,4,80,42,0.0,0.4,walk_queue_ablation
895,17.900000000000002,0.0,0.4000000059604645,-0.5018631219863892,0.17863796651363373,0.706538200378418,-0.009561087936162949,0,2000,v2a_u08,4,80,42,0.0,0.4,walk_queue_ablation
896,17.92,0.0,0.4000000059604645,-0.5015817880630493,0.1374710649251938,0.7043903470039368,0.5909984111785889,0,2000,v2a_u08,4,80,42,0.0,0.4,walk_queue_ablation
897,17.94,0.0,0.4000000059604645,-0.5021258592605591,0.12491817027330399,0.5941944122314453,-0.24712428450584412,0,2000,v2a_u08,4,80,42,0.0,0.4,walk_queue_ablation
898,17.96,0.0,0.4000000059604645,-0.4961496591567993,0.11639274656772614,0.5188531875610352,-0.5444741249084473,0,2000,v2a_u08,4,80,42,0.0,0.4,walk_queue_ablation
899,17.98,0.0,0.4000000059604645,-0.48993980884552,0.10419265925884247,0.4775428771972656,-0.30536267161369324,0,2000,v2a_u08,4,80,42,0.0,0.4,walk_queue_ablation
900,18.0,0.0,0.4000000059604645,-0.48670637607574463,0.08429732918739319,0.44493919610977173,0.012287959456443787,0,2000,v2a_u08,4,80,42,0.0,0.4,walk_queue_ablation
901,18.02,0.0,0.4000000059604645,-0.4860025644302368,0.0708647221326828,0.4071137309074402,0.19631992280483246,0,2000,v2a_u08,4,80,42,0.0,0.4,walk_queue_ablation
902,18.04,0.0,0.4000000059604645,-0.48637115955352783,0.06977315247058868,0.36971306800842285,0.21047908067703247,0,2000,v2a_u08,4,80,42,0.0,0.4,walk_queue_ablation
903,18.06,0.0,0.4000000059604645,-0.48645174503326416,0.06665106117725372,0.33471956849098206,0.14315806329250336,0,2000,v2a_u08,4,80,42,0.0,0.4,walk_queue_ablation
904,18.080000000000002,0.0,0.4000000059604645,-0.48629486560821533,0.050230059772729874,0.3068753480911255,0.11579221487045288,0,2000,v2a_u08,4,80,42,0.0,0.4,walk_queue_ablation
905,18.1,0.0,0.4000000059604645,-0.48673737049102783,0.05369952321052551,0.28586867451667786,0.14871521294116974,0,2000,v2a_u08,4,80,42,0.0,0.4,walk_queue_ablation
906,18.12,0.0,0.4000000059604645,-0.4872952699661255,0.06699975579977036,0.2661503255367279,0.09948993474245071,0,2000,v2a_u08,4,80,42,0.0,0.4,walk_queue_ablation
907,18.14,0.0,0.4000000059604645,-0.4878307580947876,0.0857408195734024,0.2567919194698334,0.040957752615213394,0,2000,v2a_u08,4,80,42,0.0,0.4,walk_queue_ablation
908,18.16,0.0,0.4000000059604645,-0.4870826005935669,0.09733066707849503,0.2454439103603363,-0.12275900691747665,0,2000,v2a_u08,4,80,42,0.0,0.4,walk_queue_ablation
909,18.18,0.0,0.4000000059604645,-0.4852396249771118,0.10786717385053635,0.23845790326595306,-0.2392100989818573,0,2000,v2a_u08,4,80,42,0.0,0.4,walk_queue_ablation
910,18.2,0.0,0.4000000059604645,-0.48301994800567627,0.12402836233377457,0.22943587601184845,-0.2863091230392456,0,2000,v2a_u08,4,80,42,0.0,0.4,walk_queue_ablation
911,18.22,0.0,0.4000000059604645,-0.4805952310562134,0.13767939805984497,0.2248201072216034,-0.3728295564651489,0,2000,v2a_u08,4,80,42,0.0,0.4,walk_queue_ablation
912,18.240000000000002,0.0,0.4000000059604645,-0.4782358407974243,0.14809110760688782,0.21768853068351746,-0.3932234048843384,0,2000,v2a_u08,4,80,42,0.0,0.4,walk_queue_ablation
913,18.26,0.0,0.4000000059604645,-0.4761768579483032,0.15595753490924835,0.20687422156333923,-0.3980441689491272,0,2000,v2a_u08,4,80,42,0.0,0.4,walk_queue_ablation
914,18.28,0.0,0.4000000059604645,-0.4740806818008423,0.15629923343658447,0.1944674849510193,-0.4361632764339447,0,2000,v2a_u08,4,80,42,0.0,0.4,walk_queue_ablation
915,18.3,0.0,0.4000000059604645,-0.4700857400894165,0.1447732299566269,0.18221208453178406,-0.6218944191932678,0,2000,v2a_u08,4,80,42,0.0,0.4,walk_queue_ablation
916,18.32,0.0,0.4000000059604645,-0.46420204639434814,0.12582476437091827,0.17549236118793488,-0.7108162641525269,0,2000,v2a_u08,4,80,42,0.0,0.4,walk_queue_ablation
917,18.34,0.0,0.4000000059604645,-0.45837271213531494,0.10421023517847061,0.17049872875213623,-0.5995367169380188,0,2000,v2a_u08,4,80,42,0.0,0.4,walk_queue_ablation
918,18.36,0.0,0.4000000059604645,-0.4549156427383423,0.08006416261196136,0.17222870886325836,-0.350596159696579,0,2000,v2a_u08,4,80,42,0.0,0.4,walk_queue_ablation
919,18.38,0.0,0.4000000059604645,-0.45298969745635986,0.034656915813684464,0.19079619646072388,-0.2787802517414093,0,2000,v2a_u08,4,80,42,0.0,0.4,walk_queue_ablation
920,18.400000000000002,0.0,0.4000000059604645,-0.45610153675079346,0.013777488842606544,0.21266771852970123,0.1752721667289734,0,2000,v2a_u08,4,80,42,0.0,0.4,walk_queue_ablation
921,18.42,0.0,0.4000000059604645,-0.4613858461380005,0.020016103982925415,0.22842034697532654,0.16441716253757477,0,2000,v2a_u08,4,80,42,0.0,0.4,walk_queue_ablation
922,18.44,0.0,0.4000000059604645,-0.4645892381668091,0.04004780575633049,0.23863793909549713,-0.1161714494228363,0,2000,v2a_u08,4,80,42,0.0,0.4,walk_queue_ablation
923,18.46,0.0,0.4000000059604645,-0.4639540910720825,0.06834331154823303,0.24833224713802338,-0.4250282645225525,0,2000,v2a_u08,4,80,42,0.0,0.4,walk_queue_ablation
924,18.48,0.0,0.4000000059604645,-0.46039021015167236,0.10115697234869003,0.25850531458854675,-0.5513707995414734,0,2000,v2a_u08,4,80,42,0.0,0.4,walk_queue_ablation
925,18.5,0.0,0.4000000059604645,-0.45640337467193604,0.1342870593070984,0.2708914875984192,-0.40465062856674194,0,2000,v2a_u08,4,80,42,0.0,0.4,walk_queue_ablation
926,18.52,0.0,0.4000000059604645,-0.45379412174224854,0.15959005057811737,0.2838975787162781,-0.18373188376426697,0,2000,v2a_u08,4,80,42,0.0,0.4,walk_queue_ablation
927,18.54,0.0,0.4000000059604645,-0.4529658555984497,0.1713009476661682,0.3003464341163635,0.013284068554639816,0,2000,v2a_u08,4,80,42,0.0,0.4,walk_queue_ablation
928,18.56,0.0,0.4000000059604645,-0.4533473253250122,0.16927121579647064,0.3191871643066406,0.10178454220294952,0,2000,v2a_u08,4,80,42,0.0,0.4,walk_queue_ablation
929,18.580000000000002,0.0,0.4000000059604645,-0.45417749881744385,0.16268160939216614,0.3441278040409088,0.14253921806812286,0,2000,v2a_u08,4,80,42,0.0,0.4,walk_queue_ablation
930,18.6,0.0,0.4000000059604645,-0.4556351900100708,0.15939024090766907,0.3762917220592499,0.21080619096755981,0,2000,v2a_u08,4,80,42,0.0,0.4,walk_queue_ablation
931,18.62,0.0,0.4000000059604645,-0.45655500888824463,0.16175296902656555,0.406507283449173,0.12547071278095245,0,2000,v2a_u08,4,80,42,0.0,0.4,walk_queue_ablation
932,18.64,0.0,0.4000000059604645,-0.45648348331451416,0.16651132702827454,0.44030702114105225,0.06754665076732635,0,2000,v2a_u08,4,80,42,0.0,0.4,walk_queue_ablation
933,18.66,0.0,0.4000000059604645,-0.4556323289871216,0.1799921989440918,0.4754445254802704,0.04484957456588745,0,2000,v2a_u08,4,80,42,0.0,0.4,walk_queue_ablation
934,18.68,0.0,0.4000000059604645,-0.45397770404815674,0.1927599310874939,0.5132505297660828,-0.0031902489718049765,0,2000,v2a_u08,4,80,42,0.0,0.4,walk_queue_ablation
935,18.7,0.0,0.4000000059604645,-0.45172083377838135,0.20038706064224243,0.5590211749076843,-0.03160756826400757,0,2000,v2a_u08,4,80,42,0.0,0.4,walk_queue_ablation
936,18.72,0.0,0.4000000059604645,-0.449165940284729,0.1981792002916336,0.6124447584152222,-0.04623199254274368,0,2000,v2a_u08,4,80,42,0.0,0.4,walk_queue_ablation
937,18.740000000000002,0.0,0.4000000059604645,-0.44726383686065674,0.1821606159210205,0.6719748377799988,0.009670708328485489,0,2000,v2a_u08,4,80,42,0.0,0.4,walk_queue_ablation
938,18.76,0.0,0.4000000059604645,-0.4461580514907837,0.16902101039886475,0.7143124341964722,0.06990920752286911,0,2000,v2a_u08,4,80,42,0.0,0.4,walk_queue_ablation
939,18.78,0.0,0.4000000059604645,-0.4477883577346802,0.12416229397058487,0.6422467827796936,0.16296039521694183,0,2000,v2a_u08,4,80,42,0.0,0.4,walk_queue_ablation
940,18.8,0.0,0.4000000059604645,-0.4442178010940552,0.11397978663444519,0.5505775809288025,-0.4895586669445038,0,2000,v2a_u08,4,80,42,0.0,0.4,walk_queue_ablation
941,18.82,0.0,0.4000000059604645,-0.43722307682037354,0.10301865637302399,0.4909803867340088,-0.5065076351165771,0,2000,v2a_u08,4,80,42,0.0,0.4,walk_queue_ablation
942,18.84,0.0,0.4000000059604645,-0.43212568759918213,0.08221511542797089,0.45754140615463257,-0.1450355052947998,0,2000,v2a_u08,4,80,42,0.0,0.4,walk_queue_ablation
943,18.86,0.0,0.4000000059604645,-0.4303528070449829,0.06800013035535812,0.42148083448410034,0.12340563535690308,0,2000,v2a_u08,4,80,42,0.0,0.4,walk_queue_ablation
944,18.88,0.0,0.4000000059604645,-0.4303208589553833,0.06296997517347336,0.3805557191371918,0.23564699292182922,0,2000,v2a_u08,4,80,42,0.0,0.4,walk_queue_ablation
945,18.900000000000002,0.0,0.4000000059604645,-0.4310041666030884,0.06219504401087761,0.34567293524742126,0.21675509214401245,0,2000,v2a_u08,4,80,42,0.0,0.4,walk_queue_ablation
946,18.92,0.0,0.4000000059604645,-0.43128931522369385,0.05556695908308029,0.31630179286003113,0.14602233469486237,0,2000,v2a_u08,4,80,42,0.0,0.4,walk_queue_ablation
947,18.94,0.0,0.4000000059604645,-0.43165743350982666,0.053014013916254044,0.29252228140830994,0.15062324702739716,0,2000,v2a_u08,4,80,42,0.0,0.4,walk_queue_ablation
948,18.96,0.0,0.4000000059604645,-0.43238508701324463,0.061701104044914246,0.27530643343925476,0.12430201470851898,0,2000,v2a_u08,4,80,42,0.0,0.4,walk_queue_ablation
949,18.98,0.0,0.4000000059604645,-0.4323645830154419,0.07721377909183502,0.25730958580970764,-0.003499917685985565,0,2000,v2a_u08,4,80,42,0.0,0.4,walk_queue_ablation
950,19.0,0.0,0.4000000059604645,-0.43185532093048096,0.09212508797645569,0.24526554346084595,-0.05169856920838356,0,2000,v2a_u08,4,80,42,0.0,0.4,walk_queue_ablation
951,19.02,0.0,0.4000000059604645,-0.4308534860610962,0.09986236691474915,0.2368825525045395,-0.13150042295455933,0,2000,v2a_u08,4,80,42,0.0,0.4,walk_queue_ablation
952,19.04,0.0,0.4000000059604645,-0.42912018299102783,0.11315009742975235,0.22793397307395935,-0.2402711659669876,0,2000,v2a_u08,4,80,42,0.0,0.4,walk_queue_ablation
953,19.06,0.0,0.4000000059604645,-0.4267765283584595,0.12779362499713898,0.22139663994312286,-0.338807612657547,0,2000,v2a_u08,4,80,42,0.0,0.4,walk_queue_ablation
954,19.080000000000002,0.0,0.4000000059604645,-0.42451536655426025,0.1370857059955597,0.2153998166322708,-0.3551967740058899,0,2000,v2a_u08,4,80,42,0.0,0.4,walk_queue_ablation
955,19.1,0.0,0.4000000059604645,-0.4225693941116333,0.14270702004432678,0.20679624378681183,-0.36818432807922363,0,2000,v2a_u08,4,80,42,0.0,0.4,walk_queue_ablation
956,19.12,0.0,0.4000000059604645,-0.42095720767974854,0.14326977729797363,0.19629207253456116,-0.37474554777145386,0,2000,v2a_u08,4,80,42,0.0,0.4,walk_queue_ablation
957,19.14,0.0,0.4000000059604645,-0.4183088541030884,0.13429664075374603,0.18234840035438538,-0.4982720613479614,0,2000,v2a_u08,4,80,42,0.0,0.4,walk_queue_ablation
958,19.16,0.0,0.4000000059604645,-0.413793683052063,0.116126149892807,0.1723228394985199,-0.6326509118080139,0,2000,v2a_u08,4,80,42,0.0,0.4,walk_queue_ablation
959,19.18,0.0,0.4000000059604645,-0.4081841707229614,0.08987545222043991,0.16455866396427155,-0.6377508044242859,0,2000,v2a_u08,4,80,42,0.0,0.4,walk_queue_ablation
960,19.2,0.0,0.4000000059604645,-0.4037243127822876,0.06373438984155655,0.16329321265220642,-0.4517786204814911,0,2000,v2a_u08,4,80,42,0.0,0.4,walk_queue_ablation
961,19.22,0.0,0.4000000059604645,-0.40109074115753174,0.028931282460689545,0.1677401214838028,-0.4317401051521301,0,2000,v2a_u08,4,80,42,0.0,0.4,walk_queue_ablation
962,19.240000000000002,0.0,0.4000000059604645,-0.4009643793106079,-0.004292348399758339,0.1963377445936203,-0.0020073875784873962,0,2000,v2a_u08,4,80,42,0.0,0.4,walk_queue_ablation
963,19.26,0.0,0.4000000059604645,-0.405704140663147,-0.008709177374839783,0.21585354208946228,0.21019957959651947,0,2000,v2a_u08,4,80,42,0.0,0.4,walk_queue_ablation
964,19.28,0.0,0.4000000059604645,-0.41016876697540283,0.007119370624423027,0.22825466096401215,0.034737542271614075,0,2000,v2a_u08,4,80,42,0.0,0.4,walk_queue_ablation
965,19.3,0.0,0.4000000059604645,-0.41148483753204346,0.031137870624661446,0.23861777782440186,-0.2707548439502716,0,2000,v2a_u08,4,80,42,0.0,0.4,walk_queue_ablation
966,19.32,0.0,0.4000000059604645,-0.40928471088409424,0.06600118428468704,0.24791990220546722,-0.49007052183151245,0,2000,v2a_u08,4,80,42,0.0,0.4,walk_queue_ablation
967,19.34,0.0,0.4000000059604645,-0.4059692621231079,0.10272012650966644,0.2600021958351135,-0.4026969373226166,0,2000,v2a_u08,4,80,42,0.0,0.4,walk_queue_ablation
968,19.36,0.0,0.4000000059604645,-0.40330803394317627,0.13975749909877777,0.27159354090690613,-0.2325407862663269,0,2000,v2a_u08,4,80,42,0.0,0.4,walk_queue_ablation
969,19.38,0.0,0.4000000059604645,-0.4022761583328247,0.16148130595684052,0.28663623332977295,-0.013805200345814228,0,2000,v2a_u08,4,80,42,0.0,0.4,walk_queue_ablation
970,19.400000000000002,0.0,0.4000000059604645,-0.40244877338409424,0.17062868177890778,0.3039356768131256,0.08078395575284958,0,2000,v2a_u08,4,80,42,0.0,0.4,walk_queue_ablation
971,19.42,0.0,0.4000000059604645,-0.4032484292984009,0.16765046119689941,0.3260534107685089,0.14138157665729523,0,2000,v2a_u08,4,80,42,0.0,0.4,walk_queue_ablation
972,19.44,0.0,0.4000000059604645,-0.4045830965042114,0.16748714447021484,0.35407397150993347,0.20499739050865173,0,2000,v2a_u08,4,80,42,0.0,0.4,walk_queue_ablation
973,19.46,0.0,0.4000000059604645,-0.40576183795928955,0.16818417608737946,0.3854050636291504,0.14583829045295715,0,2000,v2a_u08,4,80,42,0.0,0.4,walk_queue_ablation
974,19.48,0.0,0.4000000059604645,-0.4061681032180786,0.1718003898859024,0.4186837673187256,0.10351938009262085,0,2000,v2a_u08,4,80,42,0.0,0.4,walk_queue_ablation
975,19.5,0.0,0.4000000059604645,-0.40592825412750244,0.18392090499401093,0.45299530029296875,0.09040893614292145,0,2000,v2a_u08,4,80,42,0.0,0.4,walk_queue_ablation
976,19.52,0.0,0.4000000059604645,-0.4048272371292114,0.19741186499595642,0.48904648423194885,0.031224731355905533,0,2000,v2a_u08,4,80,42,0.0,0.4,walk_queue_ablation
977,19.54,0.0,0.4000000059604645,-0.4031792879104614,0.20765745639801025,0.532474160194397,0.02359725348651409,0,2000,v2a_u08,4,80,42,0.0,0.4,walk_queue_ablation
978,19.56,0.0,0.4000000059604645,-0.40104448795318604,0.21155549585819244,0.5827130079269409,-0.01662314496934414,0,2000,v2a_u08,4,80,42,0.0,0.4,walk_queue_ablation
979,19.580000000000002,0.0,0.4000000059604645,-0.3991953134536743,0.20309926569461823,0.6416542530059814,0.02492201328277588,0,2000,v2a_u08,4,80,42,0.0,0.4,walk_queue_ablation
980,19.6,0.0,0.4000000059604645,-0.3982330560684204,0.18893034756183624,0.69404137134552,0.06453464925289154,0,2000,v2a_u08,4,80,42,0.0,0.4,walk_queue_ablation
981,19.62,0.0,0.4000000059604645,-0.3982445001602173,0.15766173601150513,0.702194094657898,0.4744739830493927,0,2000,v2a_u08,4,80,42,0.0,0.4,walk_queue_ablation
982,19.64,0.0,0.4000000059604645,-0.39916813373565674,0.1364060789346695,0.5939239263534546,-0.20446661114692688,0,2000,v2a_u08,4,80,42,0.0,0.4,walk_queue_ablation
983,19.66,0.0,0.4000000059604645,-0.393497109413147,0.12562672793865204,0.5180695652961731,-0.5319669842720032,0,2000,v2a_u08,4,80,42,0.0,0.4,walk_queue_ablation
984,19.68,0.0,0.4000000059604645,-0.3872443437576294,0.11209862679243088,0.4745144546031952,-0.3221340477466583,0,2000,v2a_u08,4,80,42,0.0,0.4,walk_queue_ablation
985,19.7,0.0,0.4000000059604645,-0.38395559787750244,0.090474434196949,0.442987859249115,0.017837043851614,0,2000,v2a_u08,4,80,42,0.0,0.4,walk_queue_ablation
986,19.72,0.0,0.4000000059604645,-0.3829432725906372,0.07772509753704071,0.404079407453537,0.15828141570091248,0,2000,v2a_u08,4,80,42,0.0,0.4,walk_queue_ablation
987,19.740000000000002,0.0,0.4000000059604645,-0.38313162326812744,0.07107579708099365,0.3672700524330139,0.22878655791282654,0,2000,v2a_u08,4,80,42,0.0,0.4,walk_queue_ablation
988,19.76,0.0,0.4000000059604645,-0.38361942768096924,0.0690784752368927,0.3328298032283783,0.19017064571380615,0,2000,v2a_u08,4,80,42,0.0,0.4,walk_queue_ablation
989,19.78,0.0,0.4000000059604645,-0.3839527368545532,0.05511954426765442,0.30436497926712036,0.15996505320072174,0,2000,v2a_u08,4,80,42,0.0,0.4,walk_queue_ablation
990,19.8,0.0,0.4000000059604645,-0.38481199741363525,0.05985807627439499,0.2844972312450409,0.1767798215150833,0,2000,v2a_u08,4,80,42,0.0,0.4,walk_queue_ablation
991,19.82,0.0,0.4000000059604645,-0.38552534580230713,0.06925716251134872,0.2637964189052582,0.10931745171546936,0,2000,v2a_u08,4,80,42,0.0,0.4,walk_queue_ablation
992,19.84,0.0,0.4000000059604645,-0.3859783411026001,0.08567623049020767,0.2520042359828949,0.040180910378694534,0,2000,v2a_u08,4,80,42,0.0,0.4,walk_queue_ablation
993,19.86,0.0,0.4000000059604645,-0.3854304552078247,0.09869161993265152,0.24079279601573944,-0.09093263745307922,0,2000,v2a_u08,4,80,42,0.0,0.4,walk_queue_ablation
994,19.88,0.0,0.4000000059604645,-0.38408195972442627,0.10940511524677277,0.23460258543491364,-0.18719592690467834,0,2000,v2a_u08,4,80,42,0.0,0.4,walk_queue_ablation
995,19.900000000000002,0.0,0.4000000059604645,-0.38227379322052,0.1258198320865631,0.22639155387878418,-0.24657109379768372,0,2000,v2a_u08,4,80,42,0.0,0.4,walk_queue_ablation
996,19.92,0.0,0.4000000059604645,-0.3803778886795044,0.13933929800987244,0.2205849140882492,-0.311684787273407,0,2000,v2a_u08,4,80,42,0.0,0.4,walk_queue_ablation
997,19.94,0.0,0.4000000059604645,-0.3785964250564575,0.1498221457004547,0.21369342505931854,-0.3360840380191803,0,2000,v2a_u08,4,80,42,0.0,0.4,walk_queue_ablation
998,19.96,0.0,0.4000000059604645,-0.37704336643218994,0.15655270218849182,0.2035917043685913,-0.3542032837867737,0,2000,v2a_u08,4,80,42,0.0,0.4,walk_queue_ablation
999,19.98,0.0,0.4000000059604645,0.8011330366134644,0.1570153385400772,0.1915261596441269,-0.39322659373283386,0,2000,v2a_u08,4,80,42,0.0,0.4,walk_queue_ablation
1000,20.0,0.0,0.4000000059604645,0.8046587705612183,0.14574964344501495,0.17865464091300964,-0.5776371359825134,0,2000,v2a_u08,4,80,42,0.0,0.4,walk_queue_ablation
1001,20.02,0.0,0.4000000059604645,0.8099366426467896,0.1263323873281479,0.17128317058086395,-0.6539484262466431,0,2000,v2a_u08,4,80,42,0.0,0.4,walk_queue_ablation
1002,20.04,0.0,0.4000000059604645,0.815311074256897,0.10336855798959732,0.1671057790517807,-0.5688380002975464,0,2000,v2a_u08,4,80,42,0.0,0.4,walk_queue_ablation
1003,20.06,0.0,0.4000000059604645,0.8184410333633423,0.07768397778272629,0.1699482500553131,-0.32348236441612244,0,2000,v2a_u08,4,80,42,0.0,0.4,walk_queue_ablation
1004,20.080000000000002,0.0,0.4000000059604645,0.8201156854629517,0.034131988883018494,0.18831829726696014,-0.21394993364810944,0,2000,v2a_u08,4,80,42,0.0,0.4,walk_queue_ablation
1005,20.1,0.0,0.4000000059604645,0.8165103197097778,0.0157780759036541,0.21041591465473175,0.2436954826116562,0,2000,v2a_u08,4,80,42,0.0,0.4,walk_queue_ablation
1006,20.12,0.0,0.4000000059604645,0.8104256391525269,0.023160424083471298,0.22488191723823547,0.25592663884162903,0,2000,v2a_u08,4,80,42,0.0,0.4,walk_queue_ablation
1007,20.14,0.0,0.4000000059604645,0.8064628839492798,0.0444655604660511,0.23401285707950592,-0.041876547038555145,0,2000,v2a_u08,4,80,42,0.0,0.4,walk_queue_ablation
1008,20.16,0.0,0.4000000059604645,0.8061815500259399,0.07491666078567505,0.24432513117790222,-0.32011592388153076,0,2000,v2a_u08,4,80,42,0.0,0.4,walk_queue_ablation
1009,20.18,0.0,0.4000000059604645,0.8085767030715942,0.10980752110481262,0.2541487514972687,-0.42153963446617126,0,2000,v2a_u08,4,80,42,0.0,0.4,walk_queue_ablation
1010,20.2,0.0,0.4000000059604645,0.8111768960952759,0.14630940556526184,0.266355961561203,-0.2557257115840912,0,2000,v2a_u08,4,80,42,0.0,0.4,walk_queue_ablation
1011,20.22,0.0,0.4000000059604645,0.812407374382019,0.17261415719985962,0.27736300230026245,-0.04537736624479294,0,2000,v2a_u08,4,80,42,0.0,0.4,walk_queue_ablation
1012,20.240000000000002,0.0,0.4000000059604645,0.8121436834335327,0.1856447458267212,0.2916117012500763,0.12293455004692078,0,2000,v2a_u08,4,80,42,0.0,0.4,walk_queue_ablation
1013,20.26,0.0,0.4000000059604645,0.8109484910964966,0.1843005120754242,0.30979523062705994,0.19587711989879608,0,2000,v2a_u08,4,80,42,0.0,0.4,walk_queue_ablation
1014,20.28,0.0,0.4000000059604645,0.8091861009597778,0.17866946756839752,0.3344545066356659,0.2682593762874603,0,2000,v2a_u08,4,80,42,0.0,0.4,walk_queue_ablation
1015,20.3,0.0,0.4000000059604645,0.8063851594924927,0.17582648992538452,0.3677293658256531,0.3703089654445648,0,2000,v2a_u08,4,80,42,0.0,0.4,walk_queue_ablation
1016,20.32,0.0,0.4000000059604645,0.8039315938949585,0.17821435630321503,0.3973163366317749,0.2991485893726349,0,2000,v2a_u08,4,80,42,0.0,0.4,walk_queue_ablation
1017,20.34,0.0,0.4000000059604645,0.80217444896698,0.18160220980644226,0.43088075518608093,0.28468045592308044,0,2000,v2a_u08,4,80,42,0.0,0.4,walk_queue_ablation
1018,20.36,0.0,0.4000000059604645,0.800507664680481,0.19143344461917877,0.4672802686691284,0.3426313102245331,0,2000,v2a_u08,4,80,42,0.0,0.4,walk_queue_ablation
1019,20.38,0.0,0.4000000059604645,0.7988673448562622,0.20089225471019745,0.5059648752212524,0.3752523958683014,0,2000,v2a_u08,4,80,42,0.0,0.4,walk_queue_ablation
1020,20.400000000000002,0.0,0.4000000059604645,0.7970143556594849,0.20858338475227356,0.5525093674659729,0.435283899307251,0,2000,v2a_u08,4,80,42,0.0,0.4,walk_queue_ablation
1021,20.42,0.0,0.4000000059604645,0.7938233613967896,0.2052382230758667,0.610027551651001,0.5516204237937927,0,2000,v2a_u08,4,80,42,0.0,0.4,walk_queue_ablation
1022,20.44,0.0,0.4000000059604645,0.7895156145095825,0.1942245215177536,0.6670565605163574,0.5659653544425964,0,2000,v2a_u08,4,80,42,0.0,0.4,walk_queue_ablation
1023,20.46,0.0,0.4000000059604645,0.7853151559829712,0.1863066703081131,0.7147241830825806,0.46214112639427185,0,2000,v2a_u08,4,80,42,0.0,0.4,walk_queue_ablation
1024,20.48,0.0,0.4000000059604645,0.7821420431137085,0.1518784761428833,0.6199590563774109,0.03593406826257706,0,2000,v2a_u08,4,80,42,0.0,0.4,walk_queue_ablation
1025,20.5,0.0,0.4000000059604645,0.7852705717086792,0.13862040638923645,0.5308369994163513,-0.4006240963935852,0,2000,v2a_u08,4,80,42,0.0,0.4,walk_queue_ablation
1026,20.52,0.0,0.4000000059604645,0.7903543710708618,0.12807197868824005,0.4694713354110718,-0.31597551703453064,0,2000,v2a_u08,4,80,42,0.0,0.4,walk_queue_ablation
1027,20.54,0.0,0.4000000059604645,0.7931815385818481,0.11246687918901443,0.42844220995903015,0.08103632926940918,0,2000,v2a_u08,4,80,42,0.0,0.4,walk_queue_ablation
1028,20.56,0.0,0.4000000059604645,0.7923351526260376,0.09398816525936127,0.3919558823108673,0.4369877576828003,0,2000,v2a_u08,4,80,42,0.0,0.4,walk_queue_ablation
1029,20.580000000000002,0.0,0.4000000059604645,0.7888239622116089,0.08728420734405518,0.34886765480041504,0.6187897324562073,0,2000,v2a_u08,4,80,42,0.0,0.4,walk_queue_ablation
1030,20.6,0.0,0.4000000059604645,0.7839730978012085,0.08265364915132523,0.31393539905548096,0.6537145376205444,0,2000,v2a_u08,4,80,42,0.0,0.4,walk_queue_ablation
1031,20.62,0.0,0.4000000059604645,0.7792969942092896,0.07499181479215622,0.2840386629104614,0.5799733400344849,0,2000,v2a_u08,4,80,42,0.0,0.4,walk_queue_ablation
1032,20.64,0.0,0.4000000059604645,0.7746788263320923,0.07396037131547928,0.2596319913864136,0.5514277815818787,0,2000,v2a_u08,4,80,42,0.0,0.4,walk_queue_ablation
1033,20.66,0.0,0.4000000059604645,0.7702997922897339,0.08565792441368103,0.24054504930973053,0.4510931074619293,0,2000,v2a_u08,4,80,42,0.0,0.4,walk_queue_ablation
1034,20.68,0.0,0.4000000059604645,0.767377495765686,0.09542062878608704,0.2224361151456833,0.2497664988040924,0,2000,v2a_u08,4,80,42,0.0,0.4,walk_queue_ablation
1035,20.7,0.0,0.4000000059604645,0.7660194635391235,0.11069551110267639,0.2096034437417984,0.08262288570404053,0,2000,v2a_u08,4,80,42,0.0,0.4,walk_queue_ablation
1036,20.72,0.0,0.4000000059604645,0.7658301591873169,0.11915271729230881,0.1992598921060562,-0.024157550185918808,0,2000,v2a_u08,4,80,42,0.0,0.4,walk_queue_ablation
1037,20.740000000000002,0.0,0.4000000059604645,0.7659436464309692,0.13081172108650208,0.1893126666545868,-0.0648314505815506,0,2000,v2a_u08,4,80,42,0.0,0.4,walk_queue_ablation
1038,20.76,0.0,0.4000000059604645,0.7659798860549927,0.14079922437667847,0.18254831433296204,-0.10191930085420609,0,2000,v2a_u08,4,80,42,0.0,0.4,walk_queue_ablation
1039,20.78,0.0,0.4000000059604645,0.7654131650924683,0.14652250707149506,0.1756816804409027,-0.06066194176673889,0,2000,v2a_u08,4,80,42,0.0,0.4,walk_queue_ablation
1040,20.8,0.0,0.4000000059604645,0.7637144327163696,0.15210512280464172,0.16783837974071503,0.009638877585530281,0,2000,v2a_u08,4,80,42,0.0,0.4,walk_queue_ablation
1041,20.82,0.0,0.4000000059604645,0.7610164880752563,0.15232479572296143,0.15836910903453827,0.05858898535370827,0,2000,v2a_u08,4,80,42,0.0,0.4,walk_queue_ablation
1042,20.84,0.0,0.4000000059604645,0.7591825723648071,0.1412697732448578,0.14633990824222565,-0.03676952049136162,0,2000,v2a_u08,4,80,42,0.0,0.4,walk_queue_ablation
1043,20.86,0.0,0.4000000059604645,0.7588642835617065,0.12028654664754868,0.1383584439754486,-0.11730452626943588,0,2000,v2a_u08,4,80,42,0.0,0.4,walk_queue_ablation
1044,20.88,0.0,0.4000000059604645,0.7591887712478638,0.09566161781549454,0.13509505987167358,-0.1461314707994461,0,2000,v2a_u08,4,80,42,0.0,0.4,walk_queue_ablation
1045,20.900000000000002,0.0,0.4000000059604645,0.7600957155227661,0.07162894308567047,0.1365809589624405,-0.2718348503112793,0,2000,v2a_u08,4,80,42,0.0,0.4,walk_queue_ablation
1046,20.92,0.0,0.4000000059604645,0.7623344659805298,0.03145762160420418,0.14645986258983612,-0.3278259038925171,0,2000,v2a_u08,4,80,42,0.0,0.4,walk_queue_ablation
1047,20.94,0.0,0.4000000059604645,0.7582236528396606,0.030214114114642143,0.16802313923835754,0.42809543013572693,0,2000,v2a_u08,4,80,42,0.0,0.4,walk_queue_ablation
1048,20.96,0.0,0.4000000059604645,0.7494102716445923,0.045219168066978455,0.1791863739490509,0.639334499835968,0,2000,v2a_u08,4,80,42,0.0,0.4,walk_queue_ablation
1049,20.98,0.0,0.4000000059604645,0.7414406538009644,0.06921152025461197,0.1857740730047226,0.44461867213249207,0,2000,v2a_u08,4,80,42,0.0,0.4,walk_queue_ablation
1050,21.0,0.0,0.4000000059604645,0.7361546754837036,0.09494707733392715,0.19514970481395721,0.23276743292808533,0,2000,v2a_u08,4,80,42,0.0,0.4,walk_queue_ablation
1051,21.02,0.0,0.4000000059604645,0.7331165075302124,0.12376933544874191,0.20645971596240997,0.09820357710123062,0,2000,v2a_u08,4,80,42,0.0,0.4,walk_queue_ablation
1052,21.04,0.0,0.4000000059604645,0.7313843965530396,0.15300917625427246,0.2215820550918579,0.08005345612764359,0,2000,v2a_u08,4,80,42,0.0,0.4,walk_queue_ablation
1053,21.06,0.0,0.4000000059604645,0.7297908067703247,0.17774426937103271,0.23842991888523102,0.153633713722229,0,2000,v2a_u08,4,80,42,0.0,0.4,walk_queue_ablation
1054,21.080000000000002,0.0,0.4000000059604645,0.7276133298873901,0.1948217749595642,0.25846293568611145,0.24683387577533722,0,2000,v2a_u08,4,80,42,0.0,0.4,walk_queue_ablation
1055,21.1,0.0,0.4000000059604645,0.7256232500076294,0.20448946952819824,0.2784034311771393,0.19660641252994537,0,2000,v2a_u08,4,80,42,0.0,0.4,walk_queue_ablation
1056,21.12,0.0,0.4000000059604645,0.7240105867385864,0.20927344262599945,0.3037740886211395,0.19212259352207184,0,2000,v2a_u08,4,80,42,0.0,0.4,walk_queue_ablation
1057,21.14,0.0,0.4000000059604645,0.7227758169174194,0.21597427129745483,0.3323456048965454,0.14532054960727692,0,2000,v2a_u08,4,80,42,0.0,0.4,walk_queue_ablation
1058,21.16,0.0,0.4000000059604645,0.7226303815841675,0.22242602705955505,0.3602850139141083,0.049925945699214935,0,2000,v2a_u08,4,80,42,0.0,0.4,walk_queue_ablation
1059,21.18,0.0,0.4000000059604645,0.7231127023696899,0.2268824428319931,0.3932969272136688,0.06412959843873978,0,2000,v2a_u08,4,80,42,0.0,0.4,walk_queue_ablation
1060,21.2,0.0,0.4000000059604645,0.7234164476394653,0.23750169575214386,0.4291340112686157,0.1396433413028717,0,2000,v2a_u08,4,80,42,0.0,0.4,walk_queue_ablation
1061,21.22,0.0,0.4000000059604645,0.7233740091323853,0.2473083734512329,0.4659021496772766,0.1953703612089157,0,2000,v2a_u08,4,80,42,0.0,0.4,walk_queue_ablation
1062,21.240000000000002,0.0,0.4000000059604645,0.7226294279098511,0.2582237124443054,0.5071861147880554,0.30552297830581665,0,2000,v2a_u08,4,80,42,0.0,0.4,walk_queue_ablation
1063,21.26,0.0,0.4000000059604645,0.7204090356826782,0.26777127385139465,0.5555642247200012,0.46295279264450073,0,2000,v2a_u08,4,80,42,0.0,0.4,walk_queue_ablation
1064,21.28,0.0,0.4000000059604645,0.7163790464401245,0.2718740999698639,0.6082529425621033,0.5804999470710754,0,2000,v2a_u08,4,80,42,0.0,0.4,walk_queue_ablation
1065,21.3,0.0,0.4000000059604645,0.7115732431411743,0.2760259509086609,0.6595155000686646,0.5813136100769043,0,2000,v2a_u08,4,80,42,0.0,0.4,walk_queue_ablation
1066,21.32,0.0,0.4000000059604645,0.7067919969558716,0.24233318865299225,0.6388210654258728,0.8369144201278687,0,2000,v2a_u08,4,80,42,0.0,0.4,walk_queue_ablation
1067,21.34,0.0,0.4000000059604645,0.7050255537033081,0.22507597506046295,0.5452669858932495,-0.15806926786899567,0,2000,v2a_u08,4,80,42,0.0,0.4,walk_queue_ablation
1068,21.36,0.0,0.4000000059604645,0.7098084688186646,0.20005369186401367,0.4631539285182953,-0.47443339228630066,0,2000,v2a_u08,4,80,42,0.0,0.4,walk_queue_ablation
1069,21.38,0.0,0.4000000059604645,0.7149688005447388,0.17718559503555298,0.41496217250823975,-0.20152203738689423,0,2000,v2a_u08,4,80,42,0.0,0.4,walk_queue_ablation
1070,21.400000000000002,0.0,0.4000000059604645,0.7164679765701294,0.14998745918273926,0.3885040283203125,0.2617970108985901,0,2000,v2a_u08,4,80,42,0.0,0.4,walk_queue_ablation
1071,21.42,0.0,0.4000000059604645,0.7141815423965454,0.12705911695957184,0.35453280806541443,0.5311488509178162,0,2000,v2a_u08,4,80,42,0.0,0.4,walk_queue_ablation
1072,21.44,0.0,0.4000000059604645,0.710224986076355,0.11536560952663422,0.3150103986263275,0.603651762008667,0,2000,v2a_u08,4,80,42,0.0,0.4,walk_queue_ablation
1073,21.46,0.0,0.4000000059604645,0.7062968015670776,0.10271194577217102,0.2795059084892273,0.5289168357849121,0,2000,v2a_u08,4,80,42,0.0,0.4,walk_queue_ablation
1074,21.48,0.0,0.4000000059604645,0.7025865316390991,0.09156770259141922,0.2531071901321411,0.4990141689777374,0,2000,v2a_u08,4,80,42,0.0,0.4,walk_queue_ablation
1075,21.5,0.0,0.4000000059604645,0.698471188545227,0.09593671560287476,0.23390734195709229,0.46321311593055725,0,2000,v2a_u08,4,80,42,0.0,0.4,walk_queue_ablation
1076,21.52,0.0,0.4000000059604645,0.6951595544815063,0.10761894285678864,0.21272967755794525,0.3302246034145355,0,2000,v2a_u08,4,80,42,0.0,0.4,walk_queue_ablation
1077,21.54,0.0,0.4000000059604645,0.6926943063735962,0.12392830848693848,0.1981114149093628,0.20590828359127045,0,2000,v2a_u08,4,80,42,0.0,0.4,walk_queue_ablation
1078,21.56,0.0,0.4000000059604645,0.6917449235916138,0.13054810464382172,0.18577216565608978,0.043890662491321564,0,2000,v2a_u08,4,80,42,0.0,0.4,walk_queue_ablation
1079,21.580000000000002,0.0,0.4000000059604645,0.6917222738265991,0.133988156914711,0.1745109111070633,-0.042401619255542755,0,2000,v2a_u08,4,80,42,0.0,0.4,walk_queue_ablation
1080,21.6,0.0,0.4000000059604645,0.6920458078384399,0.1433633714914322,0.16836044192314148,-0.11997991800308228,0,2000,v2a_u08,4,80,42,0.0,0.4,walk_queue_ablation
1081,21.62,0.0,0.4000000059604645,0.6920453310012817,0.14944030344486237,0.16184177994728088,-0.10583328455686569,0,2000,v2a_u08,4,80,42,0.0,0.4,walk_queue_ablation
1082,21.64,0.0,0.4000000059604645,0.6912180185317993,0.15349340438842773,0.15547646582126617,-0.0620160773396492,0,2000,v2a_u08,4,80,42,0.0,0.4,walk_queue_ablation
1083,21.66,0.0,0.4000000059604645,0.6892458200454712,0.1565753072500229,0.14771485328674316,0.007942769676446915,0,2000,v2a_u08,4,80,42,0.0,0.4,walk_queue_ablation
1084,21.68,0.0,0.4000000059604645,0.687170147895813,0.15199998021125793,0.13624721765518188,-0.008016000501811504,0,2000,v2a_u08,4,80,42,0.0,0.4,walk_queue_ablation
1085,21.7,0.0,0.4000000059604645,0.6863089799880981,0.13628460466861725,0.12608803808689117,-0.09446584433317184,0,2000,v2a_u08,4,80,42,0.0,0.4,walk_queue_ablation
1086,21.72,0.0,0.4000000059604645,0.686188817024231,0.11566168814897537,0.1194201111793518,-0.09063021838665009,0,2000,v2a_u08,4,80,42,0.0,0.4,walk_queue_ablation
1087,21.740000000000002,0.0,0.4000000059604645,0.6862972974777222,0.09125833958387375,0.11686744540929794,-0.1271570324897766,0,2000,v2a_u08,4,80,42,0.0,0.4,walk_queue_ablation
1088,21.76,0.0,0.4000000059604645,0.6863118410110474,0.06311827898025513,0.11904140561819077,-0.14723782241344452,0,2000,v2a_u08,4,80,42,0.0,0.4,walk_queue_ablation
1089,21.78,0.0,0.4000000059604645,0.6854356527328491,0.02814590558409691,0.14057239890098572,0.1273525506258011,0,2000,v2a_u08,4,80,42,0.0,0.4,walk_queue_ablation
1090,21.8,0.0,0.4000000059604645,0.6780349016189575,0.029216062277555466,0.15913227200508118,0.6163877248764038,0,2000,v2a_u08,4,80,42,0.0,0.4,walk_queue_ablation
1091,21.82,0.0,0.4000000059604645,0.6688579320907593,0.04485631734132767,0.1681099236011505,0.5890246629714966,0,2000,v2a_u08,4,80,42,0.0,0.4,walk_queue_ablation
1092,21.84,0.0,0.4000000059604645,0.6622363328933716,0.06698894500732422,0.17640723288059235,0.2980237603187561,0,2000,v2a_u08,4,80,42,0.0,0.4,walk_queue_ablation
1093,21.86,0.0,0.4000000059604645,0.6587182283401489,0.09369447827339172,0.18806204199790955,0.09082810580730438,0,2000,v2a_u08,4,80,42,0.0,0.4,walk_queue_ablation
1094,21.88,0.0,0.4000000059604645,0.6571828126907349,0.12112636119127274,0.2020624577999115,-0.005841400474309921,0,2000,v2a_u08,4,80,42,0.0,0.4,walk_queue_ablation
1095,21.900000000000002,0.0,0.4000000059604645,0.656657338142395,0.14941103756427765,0.21689896285533905,0.0011962726712226868,0,2000,v2a_u08,4,80,42,0.0,0.4,walk_queue_ablation
1096,21.92,0.0,0.4000000059604645,0.6559566259384155,0.171058788895607,0.2327302098274231,0.10245118290185928,0,2000,v2a_u08,4,80,42,0.0,0.4,walk_queue_ablation
1097,21.94,0.0,0.4000000059604645,0.6545864343643188,0.18432973325252533,0.2519686222076416,0.1865580528974533,0,2000,v2a_u08,4,80,42,0.0,0.4,walk_queue_ablation
1098,21.96,0.0,0.4000000059604645,0.6532357931137085,0.1915346384048462,0.27410030364990234,0.15791161358356476,0,2000,v2a_u08,4,80,42,0.0,0.4,walk_queue_ablation
1099,21.98,0.0,0.4000000059604645,0.6523081064224243,0.19507388770580292,0.3010771870613098,0.13392801582813263,0,2000,v2a_u08,4,80,42,0.0,0.4,walk_queue_ablation
1100,22.0,0.0,0.4000000059604645,0.6519356966018677,0.19848164916038513,0.3316041827201843,0.07134730368852615,0,2000,v2a_u08,4,80,42,0.0,0.4,walk_queue_ablation
1101,22.02,0.0,0.4000000059604645,0.6524249315261841,0.20117095112800598,0.36147791147232056,0.03216197341680527,0,2000,v2a_u08,4,80,42,0.0,0.4,walk_queue_ablation
1102,22.04,0.0,0.4000000059604645,0.6530393362045288,0.20352309942245483,0.39506030082702637,0.0903557538986206,0,2000,v2a_u08,4,80,42,0.0,0.4,walk_queue_ablation
1103,22.06,0.0,0.4000000059604645,0.6530424356460571,0.21089893579483032,0.431745707988739,0.19760392606258392,0,2000,v2a_u08,4,80,42,0.0,0.4,walk_queue_ablation
1104,22.080000000000002,0.0,0.4000000059604645,0.6522077322006226,0.21805517375469208,0.47098496556282043,0.3037427067756653,0,2000,v2a_u08,4,80,42,0.0,0.4,walk_queue_ablation
1105,22.1,0.0,0.4000000059604645,0.6505471467971802,0.2262478768825531,0.5146045088768005,0.4086796045303345,0,2000,v2a_u08,4,80,42,0.0,0.4,walk_queue_ablation
1106,22.12,0.0,0.4000000059604645,0.6472316980361938,0.22867520153522491,0.5676487684249878,0.5628610849380493,0,2000,v2a_u08,4,80,42,0.0,0.4,walk_queue_ablation
1107,22.14,0.0,0.4000000059604645,0.6425186395645142,0.22744907438755035,0.6212566494941711,0.6204395890235901,0,2000,v2a_u08,4,80,42,0.0,0.4,walk_queue_ablation
1108,22.16,0.0,0.4000000059604645,0.6376391649246216,0.22953206300735474,0.6663760542869568,0.5540968179702759,0,2000,v2a_u08,4,80,42,0.0,0.4,walk_queue_ablation
1109,22.18,0.0,0.4000000059604645,0.6327747106552124,0.19322171807289124,0.5986042022705078,0.32134562730789185,0,2000,v2a_u08,4,80,42,0.0,0.4,walk_queue_ablation
1110,22.2,0.0,0.4000000059604645,0.6346269845962524,0.17844146490097046,0.5067182183265686,-0.36319372057914734,0,2000,v2a_u08,4,80,42,0.0,0.4,walk_queue_ablation
1111,22.22,0.0,0.4000000059604645,0.6402539014816284,0.16142067313194275,0.44137269258499146,-0.42185208201408386,0,2000,v2a_u08,4,80,42,0.0,0.4,walk_queue_ablation
1112,22.240000000000002,0.0,0.4000000059604645,0.6442829370498657,0.14250832796096802,0.40676742792129517,-0.03428545594215393,0,2000,v2a_u08,4,80,42,0.0,0.4,walk_queue_ablation
1113,22.26,0.0,0.4000000059604645,0.6444319486618042,0.12006574124097824,0.3719710111618042,0.35930103063583374,0,2000,v2a_u08,4,80,42,0.0,0.4,walk_queue_ablation
1114,22.28,0.0,0.4000000059604645,0.6416443586349487,0.10660307854413986,0.33125966787338257,0.5664039850234985,0,2000,v2a_u08,4,80,42,0.0,0.4,walk_queue_ablation
1115,22.3,0.0,0.4000000059604645,0.6374002695083618,0.0976984053850174,0.2946646213531494,0.5990514755249023,0,2000,v2a_u08,4,80,42,0.0,0.4,walk_queue_ablation
1116,22.32,0.0,0.4000000059604645,0.6333266496658325,0.08700475841760635,0.26480337977409363,0.5276212692260742,0,2000,v2a_u08,4,80,42,0.0,0.4,walk_queue_ablation
1117,22.34,0.0,0.4000000059604645,0.6292158365249634,0.08010124415159225,0.24070504307746887,0.5170836448669434,0,2000,v2a_u08,4,80,42,0.0,0.4,walk_queue_ablation
1118,22.36,0.0,0.4000000059604645,0.6251004934310913,0.09252367913722992,0.22178152203559875,0.4276750385761261,0,2000,v2a_u08,4,80,42,0.0,0.4,walk_queue_ablation
1119,22.38,0.0,0.4000000059604645,0.6226900815963745,0.10194746404886246,0.20030063390731812,0.20650140941143036,0,2000,v2a_u08,4,80,42,0.0,0.4,walk_queue_ablation
1120,22.400000000000002,0.0,0.4000000059604645,0.6215778589248657,0.11337104439735413,0.18820281326770782,0.07250740379095078,0,2000,v2a_u08,4,80,42,0.0,0.4,walk_queue_ablation
1121,22.42,0.0,0.4000000059604645,0.6215416193008423,0.11907977610826492,0.17804916203022003,-0.028682656586170197,0,2000,v2a_u08,4,80,42,0.0,0.4,walk_queue_ablation
1122,22.44,0.0,0.4000000059604645,0.621782660484314,0.12913307547569275,0.1678372025489807,-0.07264544069766998,0,2000,v2a_u08,4,80,42,0.0,0.4,walk_queue_ablation
1123,22.46,0.0,0.4000000059604645,0.6218973398208618,0.14078901708126068,0.16227316856384277,-0.11383616179227829,0,2000,v2a_u08,4,80,42,0.0,0.4,walk_queue_ablation
1124,22.48,0.0,0.4000000059604645,0.6217013597488403,0.14730913937091827,0.15414533019065857,-0.11005830019712448,0,2000,v2a_u08,4,80,42,0.0,0.4,walk_queue_ablation
1125,22.5,0.0,0.4000000059604645,0.6208256483078003,0.1522698700428009,0.14536139369010925,-0.07505275309085846,0,2000,v2a_u08,4,80,42,0.0,0.4,walk_queue_ablation
1126,22.52,0.0,0.4000000059604645,0.6188117265701294,0.1543053537607193,0.13481970131397247,0.0014637489803135395,0,2000,v2a_u08,4,80,42,0.0,0.4,walk_queue_ablation
1127,22.54,0.0,0.4000000059604645,0.6176122426986694,0.14566653966903687,0.12033823877573013,-0.09681754559278488,0,2000,v2a_u08,4,80,42,0.0,0.4,walk_queue_ablation
1128,22.56,0.0,0.4000000059604645,0.6177440881729126,0.12758393585681915,0.1099504604935646,-0.15877515077590942,0,2000,v2a_u08,4,80,42,0.0,0.4,walk_queue_ablation
1129,22.580000000000002,0.0,0.4000000059604645,0.6182869672775269,0.10490606725215912,0.10403810441493988,-0.14294660091400146,0,2000,v2a_u08,4,80,42,0.0,0.4,walk_queue_ablation
1130,22.6,0.0,0.4000000059604645,0.6188465356826782,0.08040348440408707,0.10347999632358551,-0.1838988959789276,0,2000,v2a_u08,4,80,42,0.0,0.4,walk_queue_ablation
1131,22.62,0.0,0.4000000059604645,0.6198683977127075,0.03531930595636368,0.11433646827936172,-0.4768862724304199,0,2000,v2a_u08,4,80,42,0.0,0.4,walk_queue_ablation
1132,22.64,0.0,0.4000000059604645,0.6163748502731323,0.03270779922604561,0.13904012739658356,0.39470791816711426,0,2000,v2a_u08,4,80,42,0.0,0.4,walk_queue_ablation
1133,22.66,0.0,0.4000000059604645,0.6078389883041382,0.043564777821302414,0.1554962694644928,0.6063936948776245,0,2000,v2a_u08,4,80,42,0.0,0.4,walk_queue_ablation
1134,22.68,0.0,0.4000000059604645,0.6000562906265259,0.06598158925771713,0.16510029137134552,0.4073464572429657,0,2000,v2a_u08,4,80,42,0.0,0.4,walk_queue_ablation
1135,22.7,0.0,0.4000000059604645,0.5954936742782593,0.09220389276742935,0.1758269965648651,0.13334351778030396,0,2000,v2a_u08,4,80,42,0.0,0.4,walk_queue_ablation
1136,22.72,0.0,0.4000000059604645,0.5935684442520142,0.1186438798904419,0.1882626712322235,-0.030119514092803,0,2000,v2a_u08,4,80,42,0.0,0.4,walk_queue_ablation
1137,22.740000000000002,0.0,0.4000000059604645,0.5929299592971802,0.147594153881073,0.20619598031044006,-0.02870877832174301,0,2000,v2a_u08,4,80,42,0.0,0.4,walk_queue_ablation
1138,22.76,0.0,0.4000000059604645,0.59241783618927,0.17234162986278534,0.22257471084594727,0.05662129074335098,0,2000,v2a_u08,4,80,42,0.0,0.4,walk_queue_ablation
1139,22.78,0.0,0.4000000059604645,0.5909420251846313,0.18850332498550415,0.24222734570503235,0.20090170204639435,0,2000,v2a_u08,4,80,42,0.0,0.4,walk_queue_ablation
1140,22.8,0.0,0.4000000059604645,0.5892735719680786,0.1941259652376175,0.26210349798202515,0.17560280859470367,0,2000,v2a_u08,4,80,42,0.0,0.4,walk_queue_ablation
1141,22.82,0.0,0.4000000059604645,0.5877281427383423,0.19369293749332428,0.2878411114215851,0.20235271751880646,0,2000,v2a_u08,4,80,42,0.0,0.4,walk_queue_ablation
1142,22.84,0.0,0.4000000059604645,0.5865589380264282,0.1977926641702652,0.31498339772224426,0.14396095275878906,0,2000,v2a_u08,4,80,42,0.0,0.4,walk_queue_ablation
1143,22.86,0.0,0.4000000059604645,0.5863035917282104,0.20288974046707153,0.344362735748291,0.06145220994949341,0,2000,v2a_u08,4,80,42,0.0,0.4,walk_queue_ablation
1144,22.88,0.0,0.4000000059604645,0.5869642496109009,0.20849332213401794,0.3761254549026489,0.030162028968334198,0,2000,v2a_u08,4,80,42,0.0,0.4,walk_queue_ablation
1145,22.900000000000002,0.0,0.4000000059604645,0.5877004861831665,0.21768081188201904,0.4121374189853668,0.0950239896774292,0,2000,v2a_u08,4,80,42,0.0,0.4,walk_queue_ablation
1146,22.92,0.0,0.4000000059604645,0.5881291627883911,0.22830642759799957,0.44833293557167053,0.1473306119441986,0,2000,v2a_u08,4,80,42,0.0,0.4,walk_queue_ablation
1147,22.94,0.0,0.4000000059604645,0.5879510641098022,0.2390211522579193,0.48909860849380493,0.244315043091774,0,2000,v2a_u08,4,80,42,0.0,0.4,walk_queue_ablation
1148,22.96,0.0,0.4000000059604645,0.5864471197128296,0.2478228509426117,0.5367428660392761,0.3974287211894989,0,2000,v2a_u08,4,80,42,0.0,0.4,walk_queue_ablation
1149,22.98,0.0,0.4000000059604645,0.5831183195114136,0.250339150428772,0.5893874764442444,0.5257943868637085,0,2000,v2a_u08,4,80,42,0.0,0.4,walk_queue_ablation
1150,23.0,0.0,0.4000000059604645,0.5788530111312866,0.2522728443145752,0.6401734948158264,0.5473470687866211,0,2000,v2a_u08,4,80,42,0.0,0.4,walk_queue_ablation
1151,23.02,0.0,0.4000000059604645,0.5746506452560425,0.23432788252830505,0.6475499272346497,0.7324605584144592,0,2000,v2a_u08,4,80,42,0.0,0.4,walk_queue_ablation
1152,23.04,0.0,0.4000000059604645,0.5721246004104614,0.2099081426858902,0.5467019081115723,-0.07498162984848022,0,2000,v2a_u08,4,80,42,0.0,0.4,walk_queue_ablation
1153,23.06,0.0,0.4000000059604645,0.5763384103775024,0.1888098269701004,0.46707943081855774,-0.4380066394805908,0,2000,v2a_u08,4,80,42,0.0,0.4,walk_queue_ablation
1154,23.080000000000002,0.0,0.4000000059604645,0.5814443826675415,0.16822269558906555,0.4217699468135834,-0.23436591029167175,0,2000,v2a_u08,4,80,42,0.0,0.4,walk_queue_ablation
1155,23.1,0.0,0.4000000059604645,0.5835422277450562,0.14299185574054718,0.3913296163082123,0.17574547231197357,0,2000,v2a_u08,4,80,42,0.0,0.4,walk_queue_ablation
1156,23.12,0.0,0.4000000059604645,0.5822464227676392,0.11976267397403717,0.3542613685131073,0.45606744289398193,0,2000,v2a_u08,4,80,42,0.0,0.4,walk_queue_ablation
1157,23.14,0.0,0.4000000059604645,0.5789316892623901,0.10999711602926254,0.31815382838249207,0.5438895225524902,0,2000,v2a_u08,4,80,42,0.0,0.4,walk_queue_ablation
1158,23.16,0.0,0.4000000059604645,0.5754469633102417,0.10175243765115738,0.2828536033630371,0.4869860112667084,0,2000,v2a_u08,4,80,42,0.0,0.4,walk_queue_ablation
1159,23.18,0.0,0.4000000059604645,0.5722094774246216,0.0861305445432663,0.25575122237205505,0.451162725687027,0,2000,v2a_u08,4,80,42,0.0,0.4,walk_queue_ablation
1160,23.2,0.0,0.4000000059604645,0.5687242746353149,0.09098589420318604,0.2358494997024536,0.4204193353652954,0,2000,v2a_u08,4,80,42,0.0,0.4,walk_queue_ablation
1161,23.22,0.0,0.4000000059604645,0.5658608675003052,0.0979650616645813,0.2139621526002884,0.30709967017173767,0,2000,v2a_u08,4,80,42,0.0,0.4,walk_queue_ablation
1162,23.240000000000002,0.0,0.4000000059604645,0.5636366605758667,0.10817798972129822,0.20164865255355835,0.20304250717163086,0,2000,v2a_u08,4,80,42,0.0,0.4,walk_queue_ablation
1163,23.26,0.0,0.4000000059604645,0.562848687171936,0.11761984974145889,0.18919990956783295,0.025645729154348373,0,2000,v2a_u08,4,80,42,0.0,0.4,walk_queue_ablation
1164,23.28,0.0,0.4000000059604645,0.5630403757095337,0.12394297868013382,0.18130901455879211,-0.06864821165800095,0,2000,v2a_u08,4,80,42,0.0,0.4,walk_queue_ablation
1165,23.3,0.0,0.4000000059604645,0.5633403062820435,0.134273961186409,0.17224203050136566,-0.08724474906921387,0,2000,v2a_u08,4,80,42,0.0,0.4,walk_queue_ablation
1166,23.32,0.0,0.4000000059604645,0.5632261037826538,0.14103540778160095,0.16588176786899567,-0.09196611493825912,0,2000,v2a_u08,4,80,42,0.0,0.4,walk_queue_ablation
1167,23.34,0.0,0.4000000059604645,0.562423586845398,0.14503517746925354,0.1593632996082306,-0.05793903023004532,0,2000,v2a_u08,4,80,42,0.0,0.4,walk_queue_ablation
1168,23.36,0.0,0.4000000059604645,0.5606218576431274,0.14902716875076294,0.15137045085430145,-0.006641401909291744,0,2000,v2a_u08,4,80,42,0.0,0.4,walk_queue_ablation
1169,23.38,0.0,0.4000000059604645,0.5586668252944946,0.1469326913356781,0.14039240777492523,-0.0333583690226078,0,2000,v2a_u08,4,80,42,0.0,0.4,walk_queue_ablation
1170,23.400000000000002,0.0,0.4000000059604645,0.5582872629165649,0.13179029524326324,0.1295275092124939,-0.16299942135810852,0,2000,v2a_u08,4,80,42,0.0,0.4,walk_queue_ablation
1171,23.42,0.0,0.4000000059604645,0.5589922666549683,0.10977927595376968,0.1237897127866745,-0.18256057798862457,0,2000,v2a_u08,4,80,42,0.0,0.4,walk_queue_ablation
1172,23.44,0.0,0.4000000059604645,0.5597599744796753,0.08364052325487137,0.12246885150671005,-0.16967833042144775,0,2000,v2a_u08,4,80,42,0.0,0.4,walk_queue_ablation
1173,23.46,0.0,0.4000000059604645,0.5601745843887329,0.05670618638396263,0.12892043590545654,-0.21366991102695465,0,2000,v2a_u08,4,80,42,0.0,0.4,walk_queue_ablation
1174,23.48,0.0,0.4000000059604645,0.5605756044387817,0.02190116047859192,0.1477174609899521,0.01993475668132305,0,2000,v2a_u08,4,80,42,0.0,0.4,walk_queue_ablation
1175,23.5,0.0,0.4000000059604645,0.5541955232620239,0.020406007766723633,0.1685631275177002,0.5526160597801208,0,2000,v2a_u08,4,80,42,0.0,0.4,walk_queue_ablation
1176,23.52,0.0,0.4000000059604645,0.5454117059707642,0.035297930240631104,0.17900414764881134,0.5477086901664734,0,2000,v2a_u08,4,80,42,0.0,0.4,walk_queue_ablation
1177,23.54,0.0,0.4000000059604645,0.5391339063644409,0.056940533220767975,0.18657657504081726,0.24984481930732727,0,2000,v2a_u08,4,80,42,0.0,0.4,walk_queue_ablation
1178,23.56,0.0,0.4000000059604645,0.5361906290054321,0.084755077958107,0.19724345207214355,0.020124977454543114,0,2000,v2a_u08,4,80,42,0.0,0.4,walk_queue_ablation
1179,23.580000000000002,0.0,0.4000000059604645,0.5352643728256226,0.11360616981983185,0.2104344516992569,-0.06713041663169861,0,2000,v2a_u08,4,80,42,0.0,0.4,walk_queue_ablation
1180,23.6,0.0,0.4000000059604645,0.5353354215621948,0.14319416880607605,0.2250128537416458,-0.05767398327589035,0,2000,v2a_u08,4,80,42,0.0,0.4,walk_queue_ablation
1181,23.62,0.0,0.4000000059604645,0.5351845026016235,0.165971040725708,0.24065424501895905,0.05120580643415451,0,2000,v2a_u08,4,80,42,0.0,0.4,walk_queue_ablation
1182,23.64,0.0,0.4000000059604645,0.5340899229049683,0.18049256503582,0.25990816950798035,0.17504119873046875,0,2000,v2a_u08,4,80,42,0.0,0.4,walk_queue_ablation
1183,23.66,0.0,0.4000000059604645,0.532823920249939,0.187730610370636,0.2812117636203766,0.155795156955719,0,2000,v2a_u08,4,80,42,0.0,0.4,walk_queue_ablation
1184,23.68,0.0,0.4000000059604645,0.5317608118057251,0.19139613211154938,0.3089960515499115,0.15649040043354034,0,2000,v2a_u08,4,80,42,0.0,0.4,walk_queue_ablation
1185,23.7,0.0,0.4000000059604645,0.5310190916061401,0.19586984813213348,0.34076595306396484,0.10891802608966827,0,2000,v2a_u08,4,80,42,0.0,0.4,walk_queue_ablation
1186,23.72,0.0,0.4000000059604645,0.531216025352478,0.20089493691921234,0.37188810110092163,0.04551926255226135,0,2000,v2a_u08,4,80,42,0.0,0.4,walk_queue_ablation
1187,23.740000000000002,0.0,0.4000000059604645,0.5318189859390259,0.20509278774261475,0.4057460129261017,0.07907014340162277,0,2000,v2a_u08,4,80,42,0.0,0.4,walk_queue_ablation
1188,23.76,0.0,0.4000000059604645,0.531955361366272,0.21441420912742615,0.4434252381324768,0.17983078956604004,0,2000,v2a_u08,4,80,42,0.0,0.4,walk_queue_ablation
1189,23.78,0.0,0.4000000059604645,0.5313626527786255,0.223289355635643,0.483964741230011,0.2749820053577423,0,2000,v2a_u08,4,80,42,0.0,0.4,walk_queue_ablation
1190,23.8,0.0,0.4000000059604645,0.5300968885421753,0.232442244887352,0.5290918350219727,0.3629770874977112,0,2000,v2a_u08,4,80,42,0.0,0.4,walk_queue_ablation
1191,23.82,0.0,0.4000000059604645,0.5273391008377075,0.23525720834732056,0.5841189622879028,0.5104368925094604,0,2000,v2a_u08,4,80,42,0.0,0.4,walk_queue_ablation
1192,23.84,0.0,0.4000000059604645,0.5231791734695435,0.23313607275485992,0.6400664448738098,0.5662096738815308,0,2000,v2a_u08,4,80,42,0.0,0.4,walk_queue_ablation
1193,23.86,0.0,0.4000000059604645,0.5188785791397095,0.23447497189044952,0.6844702363014221,0.4961284101009369,0,2000,v2a_u08,4,80,42,0.0,0.4,walk_queue_ablation
1194,23.88,0.0,0.4000000059604645,0.5146719217300415,0.19832676649093628,0.5977330207824707,0.16184791922569275,0,2000,v2a_u08,4,80,42,0.0,0.4,walk_queue_ablation
1195,23.900000000000002,0.0,0.4000000059604645,0.5172268152236938,0.17844721674919128,0.5068719983100891,-0.38489246368408203,0,2000,v2a_u08,4,80,42,0.0,0.4,walk_queue_ablation
1196,23.92,0.0,0.4000000059604645,0.5227383375167847,0.16233813762664795,0.4451277554035187,-0.37527963519096375,0,2000,v2a_u08,4,80,42,0.0,0.4,walk_queue_ablation
1197,23.94,0.0,0.4000000059604645,0.5262523889541626,0.142180398106575,0.40950092673301697,0.02249111235141754,0,2000,v2a_u08,4,80,42,0.0,0.4,walk_queue_ablation
1198,23.96,0.0,0.4000000059604645,0.5261684656143188,0.11797906458377838,0.3766660690307617,0.3595207929611206,0,2000,v2a_u08,4,80,42,0.0,0.4,walk_queue_ablation
1199,23.98,0.0,0.4000000059604645,0.5236417055130005,0.10516111552715302,0.3365882933139801,0.5068528652191162,0,2000,v2a_u08,4,80,42,0.0,0.4,walk_queue_ablation
1200,24.0,0.0,0.4000000059604645,0.5200866460800171,0.09511202573776245,0.3011493682861328,0.5236274003982544,0,2000,v2a_u08,4,80,42,0.0,0.4,walk_queue_ablation
1201,24.02,0.0,0.4000000059604645,0.5167521238327026,0.08411481976509094,0.27150073647499084,0.44953858852386475,0,2000,v2a_u08,4,80,42,0.0,0.4,walk_queue_ablation
1202,24.04,0.0,0.4000000059604645,0.5134180784225464,0.07893139123916626,0.2471272498369217,0.4352859556674957,0,2000,v2a_u08,4,80,42,0.0,0.4,walk_queue_ablation
1203,24.060000000000002,0.0,0.4000000059604645,0.5101116895675659,0.08804912120103836,0.2277447134256363,0.3627648949623108,0,2000,v2a_u08,4,80,42,0.0,0.4,walk_queue_ablation
1204,24.080000000000002,0.0,0.4000000059604645,0.5079928636550903,0.09729267656803131,0.20914313197135925,0.18604807555675507,0,2000,v2a_u08,4,80,42,0.0,0.4,walk_queue_ablation
1205,24.1,0.0,0.4000000059604645,0.5069838762283325,0.1136791855096817,0.19645601511001587,0.06741141527891159,0,2000,v2a_u08,4,80,42,0.0,0.4,walk_queue_ablation
1206,24.12,0.0,0.4000000059604645,0.5069328546524048,0.1217086985707283,0.18576377630233765,-0.0250519048422575,0,2000,v2a_u08,4,80,42,0.0,0.4,walk_queue_ablation
1207,24.14,0.0,0.4000000059604645,0.5071612596511841,0.13275231420993805,0.17660664021968842,-0.07545086741447449,0,2000,v2a_u08,4,80,42,0.0,0.4,walk_queue_ablation
1208,24.16,0.0,0.4000000059604645,0.5074290037155151,0.14427967369556427,0.1690818965435028,-0.12439406663179398,0,2000,v2a_u08,4,80,42,0.0,0.4,walk_queue_ablation
1209,24.18,0.0,0.4000000059604645,0.5071650743484497,0.15133480727672577,0.16225513815879822,-0.09209273755550385,0,2000,v2a_u08,4,80,42,0.0,0.4,walk_queue_ablation
1210,24.2,0.0,0.4000000059604645,0.5059040784835815,0.15797851979732513,0.1542312353849411,-0.041378676891326904,0,2000,v2a_u08,4,80,42,0.0,0.4,walk_queue_ablation
1211,24.22,0.0,0.4000000059604645,0.5038844347000122,0.1597892940044403,0.1437932699918747,-0.019049204885959625,0,2000,v2a_u08,4,80,42,0.0,0.4,walk_queue_ablation
1212,24.240000000000002,0.0,0.4000000059604645,0.5029226541519165,0.1509384661912918,0.13005079329013824,-0.1337677538394928,0,2000,v2a_u08,4,80,42,0.0,0.4,walk_queue_ablation
1213,24.26,0.0,0.4000000059604645,0.5035954713821411,0.13145750761032104,0.1197454184293747,-0.21931813657283783,0,2000,v2a_u08,4,80,42,0.0,0.4,walk_queue_ablation
1214,24.28,0.0,0.4000000059604645,0.5047556161880493,0.10810859501361847,0.11408060789108276,-0.1964508295059204,0,2000,v2a_u08,4,80,42,0.0,0.4,walk_queue_ablation
1215,24.3,0.0,0.4000000059604645,0.5056830644607544,0.08407586812973022,0.11494208127260208,-0.21624554693698883,0,2000,v2a_u08,4,80,42,0.0,0.4,walk_queue_ablation
1216,24.32,0.0,0.4000000059604645,0.5071712732315063,0.03788828104734421,0.1250903606414795,-0.48917120695114136,0,2000,v2a_u08,4,80,42,0.0,0.4,walk_queue_ablation
1217,24.34,0.0,0.4000000059604645,0.5036016702651978,0.034203942865133286,0.15028637647628784,0.40462660789489746,0,2000,v2a_u08,4,80,42,0.0,0.4,walk_queue_ablation
1218,24.36,0.0,0.4000000059604645,0.4949260950088501,0.044199153780937195,0.16642418503761292,0.6100225448608398,0,2000,v2a_u08,4,80,42,0.0,0.4,walk_queue_ablation
1219,24.38,0.0,0.4000000059604645,0.48707664012908936,0.06475207209587097,0.1753082424402237,0.39898765087127686,0,2000,v2a_u08,4,80,42,0.0,0.4,walk_queue_ablation
1220,24.400000000000002,0.0,0.4000000059604645,0.4826704263687134,0.08933234959840775,0.1852818727493286,0.10137095302343369,0,2000,v2a_u08,4,80,42,0.0,0.4,walk_queue_ablation
1221,24.42,0.0,0.4000000059604645,0.4811655282974243,0.11576272547245026,0.19799867272377014,-0.0760718435049057,0,2000,v2a_u08,4,80,42,0.0,0.4,walk_queue_ablation
1222,24.44,0.0,0.4000000059604645,0.48099982738494873,0.14386862516403198,0.21476168930530548,-0.06550882756710052,0,2000,v2a_u08,4,80,42,0.0,0.4,walk_queue_ablation
1223,24.46,0.0,0.4000000059604645,0.4806138277053833,0.1699310690164566,0.23180638253688812,0.05782192945480347,0,2000,v2a_u08,4,80,42,0.0,0.4,walk_queue_ablation
1224,24.48,0.0,0.4000000059604645,0.47920477390289307,0.1848984956741333,0.25242215394973755,0.18448278307914734,0,2000,v2a_u08,4,80,42,0.0,0.4,walk_queue_ablation
1225,24.5,0.0,0.4000000059604645,0.4779089689254761,0.190376415848732,0.2714221775531769,0.13100329041481018,0,2000,v2a_u08,4,80,42,0.0,0.4,walk_queue_ablation
1226,24.52,0.0,0.4000000059604645,0.4766303300857544,0.18967686593532562,0.2981831133365631,0.1861669272184372,0,2000,v2a_u08,4,80,42,0.0,0.4,walk_queue_ablation
1227,24.54,0.0,0.4000000059604645,0.47556793689727783,0.19490370154380798,0.3262780010700226,0.1299792230129242,0,2000,v2a_u08,4,80,42,0.0,0.4,walk_queue_ablation
1228,24.560000000000002,0.0,0.4000000059604645,0.4755059480667114,0.19983284175395966,0.3553888201713562,0.03545199707150459,0,2000,v2a_u08,4,80,42,0.0,0.4,walk_queue_ablation
1229,24.580000000000002,0.0,0.4000000059604645,0.47613584995269775,0.2039700150489807,0.3881608247756958,0.041239168494939804,0,2000,v2a_u08,4,80,42,0.0,0.4,walk_queue_ablation
1230,24.6,0.0,0.4000000059604645,0.47677695751190186,0.21432189643383026,0.4234321415424347,0.09795036166906357,0,2000,v2a_u08,4,80,42,0.0,0.4,walk_queue_ablation
1231,24.62,0.0,0.4000000059604645,0.4773479700088501,0.22385147213935852,0.4597661793231964,0.12721876800060272,0,2000,v2a_u08,4,80,42,0.0,0.4,walk_queue_ablation
1232,24.64,0.0,0.4000000059604645,0.47734272480010986,0.23297210037708282,0.502346932888031,0.23019033670425415,0,2000,v2a_u08,4,80,42,0.0,0.4,walk_queue_ablation
1233,24.66,0.0,0.4000000059604645,0.4761720895767212,0.2402009814977646,0.5510140061378479,0.36131197214126587,0,2000,v2a_u08,4,80,42,0.0,0.4,walk_queue_ablation
1234,24.68,0.0,0.4000000059604645,0.4732576608657837,0.2408643215894699,0.6056364178657532,0.49040257930755615,0,2000,v2a_u08,4,80,42,0.0,0.4,walk_queue_ablation
1235,24.7,0.0,0.4000000059604645,0.4693073034286499,0.24086931347846985,0.6585288047790527,0.5113941431045532,0,2000,v2a_u08,4,80,42,0.0,0.4,walk_queue_ablation
1236,24.72,0.0,0.4000000059604645,0.4652141332626343,0.21187914907932281,0.6554162502288818,0.8130654692649841,0,2000,v2a_u08,4,80,42,0.0,0.4,walk_queue_ablation
1237,24.740000000000002,0.0,0.4000000059604645,0.46313345432281494,0.19511356949806213,0.5535621643066406,-0.1507037878036499,0,2000,v2a_u08,4,80,42,0.0,0.4,walk_queue_ablation
1238,24.76,0.0,0.4000000059604645,0.4680429697036743,0.17545868456363678,0.47228682041168213,-0.49723535776138306,0,2000,v2a_u08,4,80,42,0.0,0.4,walk_queue_ablation
1239,24.78,0.0,0.4000000059604645,0.4735027551651001,0.15649868547916412,0.4265441298484802,-0.25260865688323975,0,2000,v2a_u08,4,80,42,0.0,0.4,walk_queue_ablation
1240,24.8,0.0,0.4000000059604645,0.4756370782852173,0.13197994232177734,0.39603447914123535,0.17545101046562195,0,2000,v2a_u08,4,80,42,0.0,0.4,walk_queue_ablation
1241,24.82,0.0,0.4000000059604645,0.4743736982345581,0.1085396260023117,0.3596901297569275,0.44250166416168213,0,2000,v2a_u08,4,80,42,0.0,0.4,walk_queue_ablation
1242,24.84,0.0,0.4000000059604645,0.47110235691070557,0.1006060317158699,0.3237127661705017,0.515142560005188,0,2000,v2a_u08,4,80,42,0.0,0.4,walk_queue_ablation
1243,24.86,0.0,0.4000000059604645,0.4678093194961548,0.09147398918867111,0.28850701451301575,0.467414915561676,0,2000,v2a_u08,4,80,42,0.0,0.4,walk_queue_ablation
1244,24.88,0.0,0.4000000059604645,0.46485722064971924,0.07360933721065521,0.2603612244129181,0.4146340787410736,0,2000,v2a_u08,4,80,42,0.0,0.4,walk_queue_ablation
1245,24.900000000000002,0.0,0.4000000059604645,0.4617372751235962,0.07726602256298065,0.2401255965232849,0.38217684626579285,0,2000,v2a_u08,4,80,42,0.0,0.4,walk_queue_ablation
1246,24.92,0.0,0.4000000059604645,0.45913517475128174,0.08505365252494812,0.21757465600967407,0.28170695900917053,0,2000,v2a_u08,4,80,42,0.0,0.4,walk_queue_ablation
1247,24.94,0.0,0.4000000059604645,0.4568115472793579,0.09673630446195602,0.20604434609413147,0.21729126572608948,0,2000,v2a_u08,4,80,42,0.0,0.4,walk_queue_ablation
1248,24.96,0.0,0.4000000059604645,0.4558607339859009,0.10680577903985977,0.19387219846248627,0.028169266879558563,0,2000,v2a_u08,4,80,42,0.0,0.4,walk_queue_ablation
1249,24.98,0.0,0.4000000059604645,0.4563099145889282,0.11492091417312622,0.1849524974822998,-0.1066499799489975,0,2000,v2a_u08,4,80,42,0.0,0.4,walk_queue_ablation
1250,25.0,0.0,0.4000000059604645,0.4570361375808716,0.12408561259508133,0.1769527792930603,-0.1278706043958664,0,2000,v2a_u08,4,80,42,0.0,0.4,walk_queue_ablation
1251,25.02,0.0,0.4000000059604645,0.4571949243545532,0.13094137609004974,0.17140592634677887,-0.11497289687395096,0,2000,v2a_u08,4,80,42,0.0,0.4,walk_queue_ablation
1252,25.04,0.0,0.4000000059604645,0.45658671855926514,0.13497121632099152,0.16538208723068237,-0.08038446307182312,0,2000,v2a_u08,4,80,42,0.0,0.4,walk_queue_ablation
1253,25.060000000000002,0.0,0.4000000059604645,0.4550241231918335,0.13930541276931763,0.15694911777973175,-0.03587351739406586,0,2000,v2a_u08,4,80,42,0.0,0.4,walk_queue_ablation
1254,25.080000000000002,0.0,0.4000000059604645,0.45332300662994385,0.13678495585918427,0.1462903618812561,-0.06505439430475235,0,2000,v2a_u08,4,80,42,0.0,0.4,walk_queue_ablation
1255,25.1,0.0,0.4000000059604645,0.4532967805862427,0.1204095333814621,0.13502077758312225,-0.21437141299247742,0,2000,v2a_u08,4,80,42,0.0,0.4,walk_queue_ablation
1256,25.12,0.0,0.4000000059604645,0.45469701290130615,0.09652154892683029,0.12847216427326202,-0.2668101191520691,0,2000,v2a_u08,4,80,42,0.0,0.4,walk_queue_ablation
1257,25.14,0.0,0.4000000059604645,0.45623743534088135,0.06933727860450745,0.1257348358631134,-0.24998119473457336,0,2000,v2a_u08,4,80,42,0.0,0.4,walk_queue_ablation
1258,25.16,0.0,0.4000000059604645,0.45740997791290283,0.0413740836083889,0.1317903697490692,-0.2755812406539917,0,2000,v2a_u08,4,80,42,0.0,0.4,walk_queue_ablation
1259,25.18,0.0,0.4000000059604645,0.45840370655059814,0.005592930130660534,0.14944887161254883,-0.052924223244190216,0,2000,v2a_u08,4,80,42,0.0,0.4,walk_queue_ablation
1260,25.2,0.0,0.4000000059604645,0.45272696018218994,0.00399938877671957,0.16915366053581238,0.48168668150901794,0,2000,v2a_u08,4,80,42,0.0,0.4,walk_queue_ablation
1261,25.22,0.0,0.4000000059604645,0.4444929361343384,0.020766308531165123,0.1799459159374237,0.5000244975090027,0,2000,v2a_u08,4,80,42,0.0,0.4,walk_queue_ablation
1262,25.240000000000002,0.0,0.4000000059604645,0.43847763538360596,0.044110096991062164,0.18674077093601227,0.231596440076828,0,2000,v2a_u08,4,80,42,0.0,0.4,walk_queue_ablation
1263,25.26,0.0,0.4000000059604645,0.4355732202529907,0.07331112027168274,0.1966804414987564,0.018672117963433266,0,2000,v2a_u08,4,80,42,0.0,0.4,walk_queue_ablation
1264,25.28,0.0,0.4000000059604645,0.43457090854644775,0.1036621555685997,0.20905952155590057,-0.058158088475465775,0,2000,v2a_u08,4,80,42,0.0,0.4,walk_queue_ablation
1265,25.3,0.0,0.4000000059604645,0.4345740079879761,0.13468611240386963,0.22216300666332245,-0.05117059126496315,0,2000,v2a_u08,4,80,42,0.0,0.4,walk_queue_ablation
1266,25.32,0.0,0.4000000059604645,0.43432390689849854,0.1573796272277832,0.23735366761684418,0.06138857454061508,0,2000,v2a_u08,4,80,42,0.0,0.4,walk_queue_ablation
1267,25.34,0.0,0.4000000059604645,0.4332019090652466,0.17100889980793,0.2561780512332916,0.17159970104694366,0,2000,v2a_u08,4,80,42,0.0,0.4,walk_queue_ablation
1268,25.36,0.0,0.4000000059604645,0.4319394826889038,0.17728056013584137,0.2769773304462433,0.15503180027008057,0,2000,v2a_u08,4,80,42,0.0,0.4,walk_queue_ablation
1269,25.38,0.0,0.4000000059604645,0.43092167377471924,0.18021760880947113,0.3036860227584839,0.14976945519447327,0,2000,v2a_u08,4,80,42,0.0,0.4,walk_queue_ablation
1270,25.400000000000002,0.0,0.4000000059604645,0.43017828464508057,0.18365418910980225,0.335050493478775,0.1117757111787796,0,2000,v2a_u08,4,80,42,0.0,0.4,walk_queue_ablation
1271,25.42,0.0,0.4000000059604645,0.4303241968154907,0.1877947896718979,0.365620493888855,0.04823150858283043,0,2000,v2a_u08,4,80,42,0.0,0.4,walk_queue_ablation
1272,25.44,0.0,0.4000000059604645,0.43091046810150146,0.19105613231658936,0.3992222249507904,0.0722813829779625,0,2000,v2a_u08,4,80,42,0.0,0.4,walk_queue_ablation
1273,25.46,0.0,0.4000000059604645,0.431158185005188,0.20044608414173126,0.4361927807331085,0.15948700904846191,0,2000,v2a_u08,4,80,42,0.0,0.4,walk_queue_ablation
1274,25.48,0.0,0.4000000059604645,0.4308112859725952,0.20881964266300201,0.4759776294231415,0.24131402373313904,0,2000,v2a_u08,4,80,42,0.0,0.4,walk_queue_ablation
1275,25.5,0.0,0.4000000059604645,0.4298909902572632,0.21726563572883606,0.5201205015182495,0.32051676511764526,0,2000,v2a_u08,4,80,42,0.0,0.4,walk_queue_ablation
1276,25.52,0.0,0.4000000059604645,0.4276604652404785,0.21982473134994507,0.5730469226837158,0.45228034257888794,0,2000,v2a_u08,4,80,42,0.0,0.4,walk_queue_ablation
1277,25.54,0.0,0.4000000059604645,0.4240901470184326,0.21675381064414978,0.6288295388221741,0.5128918290138245,0,2000,v2a_u08,4,80,42,0.0,0.4,walk_queue_ablation
1278,25.560000000000002,0.0,0.4000000059604645,0.42029500007629395,0.21688532829284668,0.6740683913230896,0.4561766982078552,0,2000,v2a_u08,4,80,42,0.0,0.4,walk_queue_ablation
1279,25.580000000000002,0.0,0.4000000059604645,0.41647517681121826,0.1794264167547226,0.6115294098854065,0.3638264536857605,0,2000,v2a_u08,4,80,42,0.0,0.4,walk_queue_ablation
1280,25.6,0.0,0.4000000059604645,0.41815638542175293,0.16640760004520416,0.5147313475608826,-0.3526802957057953,0,2000,v2a_u08,4,80,42,0.0,0.4,walk_queue_ablation
1281,25.62,0.0,0.4000000059604645,0.42373955249786377,0.15105627477169037,0.4506499469280243,-0.4059259295463562,0,2000,v2a_u08,4,80,42,0.0,0.4,walk_queue_ablation
1282,25.64,0.0,0.4000000059604645,0.42771923542022705,0.13205114006996155,0.4146261513233185,-0.029100466519594193,0,2000,v2a_u08,4,80,42,0.0,0.4,walk_queue_ablation
1283,25.66,0.0,0.4000000059604645,0.4280489683151245,0.10971168428659439,0.38088223338127136,0.3214638829231262,0,2000,v2a_u08,4,80,42,0.0,0.4,walk_queue_ablation
1284,25.68,0.0,0.4000000059604645,0.4258342981338501,0.09765789657831192,0.3400941789150238,0.4848186671733856,0,2000,v2a_u08,4,80,42,0.0,0.4,walk_queue_ablation
1285,25.7,0.0,0.4000000059604645,0.42254209518432617,0.08908553421497345,0.3040463328361511,0.4934750497341156,0,2000,v2a_u08,4,80,42,0.0,0.4,walk_queue_ablation
1286,25.72,0.0,0.4000000059604645,0.4195384979248047,0.07873097062110901,0.27390995621681213,0.41507142782211304,0,2000,v2a_u08,4,80,42,0.0,0.4,walk_queue_ablation
1287,25.740000000000002,0.0,0.4000000059604645,0.41665148735046387,0.0709783062338829,0.24859872460365295,0.4003814458847046,0,2000,v2a_u08,4,80,42,0.0,0.4,walk_queue_ablation
1288,25.76,0.0,0.4000000059604645,0.413638710975647,0.07943896949291229,0.2296484410762787,0.3342379331588745,0,2000,v2a_u08,4,80,42,0.0,0.4,walk_queue_ablation
1289,25.78,0.0,0.4000000059604645,0.41189634799957275,0.08953642845153809,0.2089581936597824,0.1526368260383606,0,2000,v2a_u08,4,80,42,0.0,0.4,walk_queue_ablation
1290,25.8,0.0,0.4000000059604645,0.4110898971557617,0.10360375046730042,0.19598153233528137,0.05472174286842346,0,2000,v2a_u08,4,80,42,0.0,0.4,walk_queue_ablation
1291,25.82,0.0,0.4000000059604645,0.4111236333847046,0.11045131087303162,0.1858329176902771,-0.036436982452869415,0,2000,v2a_u08,4,80,42,0.0,0.4,walk_queue_ablation
1292,25.84,0.0,0.4000000059604645,0.411521315574646,0.12119929492473602,0.17554636299610138,-0.09155145287513733,0,2000,v2a_u08,4,80,42,0.0,0.4,walk_queue_ablation
1293,25.86,0.0,0.4000000059604645,0.4119936227798462,0.13325843214988708,0.1689245104789734,-0.14106717705726624,0,2000,v2a_u08,4,80,42,0.0,0.4,walk_queue_ablation
1294,25.88,0.0,0.4000000059604645,0.4118744134902954,0.14061544835567474,0.1623452752828598,-0.10519307106733322,0,2000,v2a_u08,4,80,42,0.0,0.4,walk_queue_ablation
1295,25.900000000000002,0.0,0.4000000059604645,0.41086602210998535,0.14719706773757935,0.15409401059150696,-0.06757763028144836,0,2000,v2a_u08,4,80,42,0.0,0.4,walk_queue_ablation
1296,25.92,0.0,0.4000000059604645,0.4090496301651001,0.1499595046043396,0.14356932044029236,-0.03818316012620926,0,2000,v2a_u08,4,80,42,0.0,0.4,walk_queue_ablation
1297,25.94,0.0,0.4000000059604645,0.4082237482070923,0.14296691119670868,0.12976422905921936,-0.1550484001636505,0,2000,v2a_u08,4,80,42,0.0,0.4,walk_queue_ablation
1298,25.96,0.0,0.4000000059604645,0.40911614894866943,0.12463968247175217,0.11893054097890854,-0.25680452585220337,0,2000,v2a_u08,4,80,42,0.0,0.4,walk_queue_ablation
1299,25.98,0.0,0.4000000059604645,0.4106416702270508,0.10186431556940079,0.11314934492111206,-0.24428321421146393,0,2000,v2a_u08,4,80,42,0.0,0.4,walk_queue_ablation
1300,26.0,0.0,0.4000000059604645,0.4119913578033447,0.07787635177373886,0.11264218389987946,-0.24257920682430267,0,2000,v2a_u08,4,80,42,0.0,0.4,walk_queue_ablation
1301,26.02,0.0,0.4000000059604645,0.41349947452545166,0.03009786084294319,0.12104381620883942,-0.4189772605895996,0,2000,v2a_u08,4,80,42,0.0,0.4,walk_queue_ablation
1302,26.04,0.0,0.4000000059604645,0.4095088243484497,0.017393061891198158,0.1465662270784378,0.45325666666030884,0,2000,v2a_u08,4,80,42,0.0,0.4,walk_queue_ablation
1303,26.060000000000002,0.0,0.4000000059604645,0.40048515796661377,0.02510789968073368,0.16322706639766693,0.6217204332351685,0,2000,v2a_u08,4,80,42,0.0,0.4,walk_queue_ablation
1304,26.080000000000002,0.0,0.4000000059604645,0.3926151990890503,0.04304657503962517,0.17108681797981262,0.38255542516708374,0,2000,v2a_u08,4,80,42,0.0,0.4,walk_queue_ablation
1305,26.1,0.0,0.4000000059604645,0.38862907886505127,0.06685029715299606,0.17983713746070862,0.0330950953066349,0,2000,v2a_u08,4,80,42,0.0,0.4,walk_queue_ablation
1306,26.12,0.0,0.4000000059604645,0.38771331310272217,0.09193599224090576,0.19179989397525787,-0.1462847888469696,0,2000,v2a_u08,4,80,42,0.0,0.4,walk_queue_ablation
1307,26.14,0.0,0.4000000059604645,0.388272762298584,0.12307656556367874,0.20560234785079956,-0.13623575866222382,0,2000,v2a_u08,4,80,42,0.0,0.4,walk_queue_ablation
1308,26.16,0.0,0.4000000059604645,0.3884683847427368,0.14993400871753693,0.22052334249019623,0.008973436430096626,0,2000,v2a_u08,4,80,42,0.0,0.4,walk_queue_ablation
1309,26.18,0.0,0.4000000059604645,0.38762617111206055,0.1648816019296646,0.23873862624168396,0.1310245245695114,0,2000,v2a_u08,4,80,42,0.0,0.4,walk_queue_ablation
1310,26.2,0.0,0.4000000059604645,0.38675010204315186,0.16875240206718445,0.2558630704879761,0.10626962780952454,0,2000,v2a_u08,4,80,42,0.0,0.4,walk_queue_ablation
1311,26.22,0.0,0.4000000059604645,0.38586127758026123,0.16552142798900604,0.28077244758605957,0.15142005681991577,0,2000,v2a_u08,4,80,42,0.0,0.4,walk_queue_ablation
1312,26.240000000000002,0.0,0.4000000059604645,0.384915828704834,0.16659995913505554,0.30952057242393494,0.13241417706012726,0,2000,v2a_u08,4,80,42,0.0,0.4,walk_queue_ablation
1313,26.26,0.0,0.4000000059604645,0.3847172260284424,0.16962194442749023,0.33899274468421936,0.05244656279683113,0,2000,v2a_u08,4,80,42,0.0,0.4,walk_queue_ablation
1314,26.28,0.0,0.4000000059604645,0.3851581811904907,0.1717376410961151,0.37250036001205444,0.04877253249287605,0,2000,v2a_u08,4,80,42,0.0,0.4,walk_queue_ablation
1315,26.3,0.0,0.4000000059604645,0.38560283184051514,0.18038073182106018,0.40825989842414856,0.10696249455213547,0,2000,v2a_u08,4,80,42,0.0,0.4,walk_queue_ablation
1316,26.32,0.0,0.4000000059604645,0.3861881494522095,0.19135744869709015,0.4440420866012573,0.10979482531547546,0,2000,v2a_u08,4,80,42,0.0,0.4,walk_queue_ablation
1317,26.34,0.0,0.4000000059604645,0.3864074945449829,0.20140545070171356,0.4864169657230377,0.19489529728889465,0,2000,v2a_u08,4,80,42,0.0,0.4,walk_queue_ablation
1318,26.36,0.0,0.4000000059604645,0.38573479652404785,0.21065320074558258,0.5343866348266602,0.3092562258243561,0,2000,v2a_u08,4,80,42,0.0,0.4,walk_queue_ablation
1319,26.38,0.0,0.4000000059604645,0.3834841251373291,0.21179305016994476,0.5893107652664185,0.43004536628723145,0,2000,v2a_u08,4,80,42,0.0,0.4,walk_queue_ablation
1320,26.400000000000002,0.0,0.4000000059604645,0.3802449703216553,0.21021409332752228,0.6439831852912903,0.462325781583786,0,2000,v2a_u08,4,80,42,0.0,0.4,walk_queue_ablation
1321,26.42,0.0,0.4000000059604645,0.3769270181655884,0.21222446858882904,0.6827890276908875,0.406635046005249,0,2000,v2a_u08,4,80,42,0.0,0.4,walk_queue_ablation
1322,26.44,0.0,0.4000000059604645,0.3739057779312134,0.16826345026493073,0.5687610507011414,0.01948782615363598,0,2000,v2a_u08,4,80,42,0.0,0.4,walk_queue_ablation
1323,26.46,0.0,0.4000000059604645,0.37788426876068115,0.14827431738376617,0.4836583137512207,-0.47005119919776917,0,2000,v2a_u08,4,80,42,0.0,0.4,walk_queue_ablation
1324,26.48,0.0,0.4000000059604645,0.38377416133880615,0.12958988547325134,0.43287399411201477,-0.34209418296813965,0,2000,v2a_u08,4,80,42,0.0,0.4,walk_queue_ablation
1325,26.5,0.0,0.4000000059604645,0.387001633644104,0.10585442930459976,0.4013947546482086,0.0582314133644104,0,2000,v2a_u08,4,80,42,0.0,0.4,walk_queue_ablation
1326,26.52,0.0,0.4000000059604645,0.38681066036224365,0.08521430939435959,0.36306077241897583,0.34178006649017334,0,2000,v2a_u08,4,80,42,0.0,0.4,walk_queue_ablation
1327,26.54,0.0,0.4000000059604645,0.38447892665863037,0.07498422265052795,0.3258930742740631,0.463529109954834,0,2000,v2a_u08,4,80,42,0.0,0.4,walk_queue_ablation
1328,26.560000000000002,0.0,0.4000000059604645,0.3813666105270386,0.06638497114181519,0.2929346561431885,0.4611223340034485,0,2000,v2a_u08,4,80,42,0.0,0.4,walk_queue_ablation
1329,26.580000000000002,0.0,0.4000000059604645,0.37849128246307373,0.05360301956534386,0.26470422744750977,0.3953070044517517,0,2000,v2a_u08,4,80,42,0.0,0.4,walk_queue_ablation
1330,26.6,0.0,0.4000000059604645,0.37548017501831055,0.052839092910289764,0.24303191900253296,0.3929029107093811,0,2000,v2a_u08,4,80,42,0.0,0.4,walk_queue_ablation
1331,26.62,0.0,0.4000000059604645,0.3725473880767822,0.06325188279151917,0.22452029585838318,0.30427324771881104,0,2000,v2a_u08,4,80,42,0.0,0.4,walk_queue_ablation
1332,26.64,0.0,0.4000000059604645,0.37077057361602783,0.07101152837276459,0.20812974870204926,0.14804357290267944,0,2000,v2a_u08,4,80,42,0.0,0.4,walk_queue_ablation
1333,26.66,0.0,0.4000000059604645,0.3702586889266968,0.08195144683122635,0.19472025334835052,0.011221472173929214,0,2000,v2a_u08,4,80,42,0.0,0.4,walk_queue_ablation
1334,26.68,0.0,0.4000000059604645,0.37057411670684814,0.08788325637578964,0.1860087811946869,-0.0765276625752449,0,2000,v2a_u08,4,80,42,0.0,0.4,walk_queue_ablation
1335,26.7,0.0,0.4000000059604645,0.3710840940475464,0.09574230015277863,0.17716732621192932,-0.11381714046001434,0,2000,v2a_u08,4,80,42,0.0,0.4,walk_queue_ablation
1336,26.72,0.0,0.4000000059604645,0.37156009674072266,0.10277191549539566,0.17105354368686676,-0.1604878008365631,0,2000,v2a_u08,4,80,42,0.0,0.4,walk_queue_ablation
1337,26.740000000000002,0.0,0.4000000059604645,0.37151968479156494,0.10548806190490723,0.1643790304660797,-0.13193926215171814,0,2000,v2a_u08,4,80,42,0.0,0.4,walk_queue_ablation
1338,26.76,0.0,0.4000000059604645,0.37061214447021484,0.10630388557910919,0.15609616041183472,-0.09453077614307404,0,2000,v2a_u08,4,80,42,0.0,0.4,walk_queue_ablation
1339,26.78,0.0,0.4000000059604645,0.36926043033599854,0.09958530962467194,0.14581455290317535,-0.09020744264125824,0,2000,v2a_u08,4,80,42,0.0,0.4,walk_queue_ablation
1340,26.8,0.0,0.4000000059604645,0.3692694902420044,0.08046960830688477,0.1343868374824524,-0.21469298005104065,0,2000,v2a_u08,4,80,42,0.0,0.4,walk_queue_ablation
1341,26.82,0.0,0.4000000059604645,0.37051331996917725,0.05331835895776749,0.12772774696350098,-0.26060131192207336,0,2000,v2a_u08,4,80,42,0.0,0.4,walk_queue_ablation
1342,26.84,0.0,0.4000000059604645,0.37205517292022705,0.022451350465416908,0.12613357603549957,-0.24783022701740265,0,2000,v2a_u08,4,80,42,0.0,0.4,walk_queue_ablation
1343,26.86,0.0,0.4000000059604645,0.37338221073150635,-0.007106195669621229,0.13187983632087708,-0.29004037380218506,0,2000,v2a_u08,4,80,42,0.0,0.4,walk_queue_ablation
1344,26.88,0.0,0.4000000059604645,0.37460577487945557,-0.03894474729895592,0.14992891252040863,-0.09215959161520004,0,2000,v2a_u08,4,80,42,0.0,0.4,walk_queue_ablation
1345,26.900000000000002,0.0,0.4000000059604645,0.36954057216644287,-0.03575057536363602,0.17004252970218658,0.41622236371040344,0,2000,v2a_u08,4,80,42,0.0,0.4,walk_queue_ablation
1346,26.92,0.0,0.4000000059604645,0.3621642589569092,-0.014945228584110737,0.18049083650112152,0.41313084959983826,0,2000,v2a_u08,4,80,42,0.0,0.4,walk_queue_ablation
1347,26.94,0.0,0.4000000059604645,0.3570749759674072,0.012354760430753231,0.18753203749656677,0.1478463113307953,0,2000,v2a_u08,4,80,42,0.0,0.4,walk_queue_ablation
1348,26.96,0.0,0.4000000059604645,0.3549313545227051,0.04536239802837372,0.19827115535736084,-0.04350521042943001,0,2000,v2a_u08,4,80,42,0.0,0.4,walk_queue_ablation
1349,26.98,0.0,0.4000000059604645,0.35453760623931885,0.07895591855049133,0.21042080223560333,-0.11194576323032379,0,2000,v2a_u08,4,80,42,0.0,0.4,walk_queue_ablation
1350,27.0,0.0,0.4000000059604645,0.3550375699996948,0.11279229074716568,0.22330313920974731,-0.0959785208106041,0,2000,v2a_u08,4,80,42,0.0,0.4,walk_queue_ablation
1351,27.02,0.0,0.4000000059604645,0.3552592992782593,0.1372239589691162,0.23820951581001282,0.016477461904287338,0,2000,v2a_u08,4,80,42,0.0,0.4,walk_queue_ablation
1352,27.04,0.0,0.4000000059604645,0.35453641414642334,0.15215745568275452,0.2567123472690582,0.13713066279888153,0,2000,v2a_u08,4,80,42,0.0,0.4,walk_queue_ablation
1353,27.060000000000002,0.0,0.4000000059604645,0.3534567356109619,0.1591968983411789,0.27707523107528687,0.14655736088752747,0,2000,v2a_u08,4,80,42,0.0,0.4,walk_queue_ablation
1354,27.080000000000002,0.0,0.4000000059604645,0.35248053073883057,0.1640714854001999,0.3020978271961212,0.15238706767559052,0,2000,v2a_u08,4,80,42,0.0,0.4,walk_queue_ablation
1355,27.1,0.0,0.4000000059604645,0.351537823677063,0.16953416168689728,0.3324372172355652,0.14142057299613953,0,2000,v2a_u08,4,80,42,0.0,0.4,walk_queue_ablation
1356,27.12,0.0,0.4000000059604645,0.3512841463088989,0.175840824842453,0.36234718561172485,0.08732176572084427,0,2000,v2a_u08,4,80,42,0.0,0.4,walk_queue_ablation
1357,27.14,0.0,0.4000000059604645,0.351465106010437,0.18138784170150757,0.3953525722026825,0.10393425822257996,0,2000,v2a_u08,4,80,42,0.0,0.4,walk_queue_ablation
1358,27.16,0.0,0.4000000059604645,0.3513985872268677,0.19290244579315186,0.4316870868206024,0.18157033622264862,0,2000,v2a_u08,4,80,42,0.0,0.4,walk_queue_ablation
1359,27.18,0.0,0.4000000059604645,0.35092926025390625,0.20306655764579773,0.4708942472934723,0.23544996976852417,0,2000,v2a_u08,4,80,42,0.0,0.4,walk_queue_ablation
1360,27.2,0.0,0.4000000059604645,0.35017430782318115,0.21247078478336334,0.5145219564437866,0.2863529324531555,0,2000,v2a_u08,4,80,42,0.0,0.4,walk_queue_ablation
1361,27.22,0.0,0.4000000059604645,0.34843242168426514,0.21637411415576935,0.5664588212966919,0.39483097195625305,0,2000,v2a_u08,4,80,42,0.0,0.4,walk_queue_ablation
1362,27.240000000000002,0.0,0.4000000059604645,0.3454967737197876,0.21376505494117737,0.6221701502799988,0.44955581426620483,0,2000,v2a_u08,4,80,42,0.0,0.4,walk_queue_ablation
1363,27.26,0.0,0.4000000059604645,0.3423522710800171,0.21389171481132507,0.6666265726089478,0.3974296450614929,0,2000,v2a_u08,4,80,42,0.0,0.4,walk_queue_ablation
1364,27.28,0.0,0.4000000059604645,0.33862996101379395,0.17374421656131744,0.6085498929023743,0.34781914949417114,0,2000,v2a_u08,4,80,42,0.0,0.4,walk_queue_ablation
1365,27.3,0.0,0.4000000059604645,0.34037744998931885,0.16115979850292206,0.5162844061851501,-0.3413647413253784,0,2000,v2a_u08,4,80,42,0.0,0.4,walk_queue_ablation
1366,27.32,0.0,0.4000000059604645,0.34605872631073,0.14557649195194244,0.4486526548862457,-0.43001657724380493,0,2000,v2a_u08,4,80,42,0.0,0.4,walk_queue_ablation
1367,27.34,0.0,0.4000000059604645,0.35040271282196045,0.12670157849788666,0.41194161772727966,-0.06711126863956451,0,2000,v2a_u08,4,80,42,0.0,0.4,walk_queue_ablation
1368,27.36,0.0,0.4000000059604645,0.35111701488494873,0.103070929646492,0.37849512696266174,0.29255804419517517,0,2000,v2a_u08,4,80,42,0.0,0.4,walk_queue_ablation
1369,27.38,0.0,0.4000000059604645,0.3491326570510864,0.09233582764863968,0.33788859844207764,0.46398669481277466,0,2000,v2a_u08,4,80,42,0.0,0.4,walk_queue_ablation
1370,27.400000000000002,0.0,0.4000000059604645,0.3461402654647827,0.0828869566321373,0.3003792464733124,0.47730809450149536,0,2000,v2a_u08,4,80,42,0.0,0.4,walk_queue_ablation
1371,27.42,0.0,0.4000000059604645,0.34333348274230957,0.07175446301698685,0.271472692489624,0.39727723598480225,0,2000,v2a_u08,4,80,42,0.0,0.4,walk_queue_ablation
1372,27.44,0.0,0.4000000059604645,0.340700626373291,0.06473243236541748,0.2458048164844513,0.38335222005844116,0,2000,v2a_u08,4,80,42,0.0,0.4,walk_queue_ablation
1373,27.46,0.0,0.4000000059604645,0.33771049976348877,0.07163316011428833,0.22648581862449646,0.34226906299591064,0,2000,v2a_u08,4,80,42,0.0,0.4,walk_queue_ablation
1374,27.48,0.0,0.4000000059604645,0.3359750509262085,0.08514133095741272,0.20644403994083405,0.14550501108169556,0,2000,v2a_u08,4,80,42,0.0,0.4,walk_queue_ablation
1375,27.5,0.0,0.4000000059604645,0.335224986076355,0.10034409910440445,0.1920819729566574,0.05006707087159157,0,2000,v2a_u08,4,80,42,0.0,0.4,walk_queue_ablation
1376,27.52,0.0,0.4000000059604645,0.3352283239364624,0.10707558691501617,0.18152393400669098,-0.025667130947113037,0,2000,v2a_u08,4,80,42,0.0,0.4,walk_queue_ablation
1377,27.54,0.0,0.4000000059604645,0.3354799747467041,0.11850686371326447,0.17065401375293732,-0.07392673939466476,0,2000,v2a_u08,4,80,42,0.0,0.4,walk_queue_ablation
1378,27.560000000000002,0.0,0.4000000059604645,0.335959792137146,0.13249018788337708,0.16320063173770905,-0.14919765293598175,0,2000,v2a_u08,4,80,42,0.0,0.4,walk_queue_ablation
1379,27.580000000000002,0.0,0.4000000059604645,0.33585846424102783,0.14139412343502045,0.15631051361560822,-0.10459063947200775,0,2000,v2a_u08,4,80,42,0.0,0.4,walk_queue_ablation
1380,27.6,0.0,0.4000000059604645,0.3348836898803711,0.14972332119941711,0.1475847363471985,-0.07753221690654755,0,2000,v2a_u08,4,80,42,0.0,0.4,walk_queue_ablation
1381,27.62,0.0,0.4000000059604645,0.3332488536834717,0.1536826342344284,0.13658761978149414,-0.0609649121761322,0,2000,v2a_u08,4,80,42,0.0,0.4,walk_queue_ablation
1382,27.64,0.0,0.4000000059604645,0.33274519443511963,0.14797697961330414,0.12141678482294083,-0.18604785203933716,0,2000,v2a_u08,4,80,42,0.0,0.4,walk_queue_ablation
1383,27.66,0.0,0.4000000059604645,0.33397018909454346,0.1316455900669098,0.10941606014966965,-0.2860950827598572,0,2000,v2a_u08,4,80,42,0.0,0.4,walk_queue_ablation
1384,27.68,0.0,0.4000000059604645,0.3358374834060669,0.10982587933540344,0.1020759642124176,-0.26798656582832336,0,2000,v2a_u08,4,80,42,0.0,0.4,walk_queue_ablation
1385,27.7,0.0,0.4000000059604645,0.3373762369155884,0.08720186352729797,0.10094713419675827,-0.2571040391921997,0,2000,v2a_u08,4,80,42,0.0,0.4,walk_queue_ablation
1386,27.72,0.0,0.4000000059604645,0.33908843994140625,0.043498747050762177,0.11387532204389572,-0.49357447028160095,0,2000,v2a_u08,4,80,42,0.0,0.4,walk_queue_ablation
1387,27.740000000000002,0.0,0.4000000059604645,0.3359912633895874,0.03436162322759628,0.14022736251354218,0.3618037700653076,0,2000,v2a_u08,4,80,42,0.0,0.4,walk_queue_ablation
1388,27.76,0.0,0.4000000059604645,0.3276892900466919,0.039690010249614716,0.15900947153568268,0.5683832168579102,0,2000,v2a_u08,4,80,42,0.0,0.4,walk_queue_ablation
1389,27.78,0.0,0.4000000059604645,0.32025277614593506,0.05640265345573425,0.16962040960788727,0.3444235026836395,0,2000,v2a_u08,4,80,42,0.0,0.4,walk_queue_ablation
1390,27.8,0.0,0.4000000059604645,0.31644976139068604,0.0793200358748436,0.18084359169006348,0.025300046429038048,0,2000,v2a_u08,4,80,42,0.0,0.4,walk_queue_ablation
1391,27.82,0.0,0.4000000059604645,0.3156675100326538,0.10371500998735428,0.19482646882534027,-0.16079683601856232,0,2000,v2a_u08,4,80,42,0.0,0.4,walk_queue_ablation
1392,27.84,0.0,0.4000000059604645,0.31630194187164307,0.13235774636268616,0.21216025948524475,-0.14914974570274353,0,2000,v2a_u08,4,80,42,0.0,0.4,walk_queue_ablation
1393,27.86,0.0,0.4000000059604645,0.3166879415512085,0.15893463790416718,0.22894631326198578,-0.01600046083331108,0,2000,v2a_u08,4,80,42,0.0,0.4,walk_queue_ablation
1394,27.88,0.0,0.4000000059604645,0.31592869758605957,0.17459440231323242,0.24909420311450958,0.12767332792282104,0,2000,v2a_u08,4,80,42,0.0,0.4,walk_queue_ablation
1395,27.900000000000002,0.0,0.4000000059604645,0.3150254487991333,0.17950792610645294,0.2679648995399475,0.1031208410859108,0,2000,v2a_u08,4,80,42,0.0,0.4,walk_queue_ablation
1396,27.92,0.0,0.4000000059604645,0.3141446113586426,0.17724260687828064,0.293443888425827,0.14614562690258026,0,2000,v2a_u08,4,80,42,0.0,0.4,walk_queue_ablation
1397,27.94,0.0,0.4000000059604645,0.31336891651153564,0.17977994680404663,0.32145199179649353,0.11249061673879623,0,2000,v2a_u08,4,80,42,0.0,0.4,walk_queue_ablation
1398,27.96,0.0,0.4000000059604645,0.3133498430252075,0.18337328732013702,0.35081976652145386,0.038672637194395065,0,2000,v2a_u08,4,80,42,0.0,0.4,walk_queue_ablation
1399,27.98,0.0,0.4000000059604645,0.31405818462371826,0.18696504831314087,0.38306352496147156,0.02546852082014084,0,2000,v2a_u08,4,80,42,0.0,0.4,walk_queue_ablation
1400,28.0,0.0,0.4000000059604645,0.31486451625823975,0.1960785984992981,0.4182486832141876,0.07848002016544342,0,2000,v2a_u08,4,80,42,0.0,0.4,walk_queue_ablation
1401,28.02,0.0,0.4000000059604645,0.3156794309616089,0.20592528581619263,0.45436185598373413,0.09831955283880234,0,2000,v2a_u08,4,80,42,0.0,0.4,walk_queue_ablation
1402,28.04,0.0,0.4000000059604645,0.31604599952697754,0.21418501436710358,0.49696898460388184,0.18626756966114044,0,2000,v2a_u08,4,80,42,0.0,0.4,walk_queue_ablation
1403,28.060000000000002,0.0,0.4000000059604645,0.3154662847518921,0.22078584134578705,0.5454321503639221,0.29996636509895325,0,2000,v2a_u08,4,80,42,0.0,0.4,walk_queue_ablation
1404,28.080000000000002,0.0,0.4000000059604645,0.313260555267334,0.21977096796035767,0.6006274223327637,0.42646661400794983,0,2000,v2a_u08,4,80,42,0.0,0.4,walk_queue_ablation
1405,28.1,0.0,0.4000000059604645,0.3100084066390991,0.2173731029033661,0.6533764600753784,0.448757141828537,0,2000,v2a_u08,4,80,42,0.0,0.4,walk_queue_ablation
1406,28.12,0.0,0.4000000059604645,0.30664312839508057,0.19678305089473724,0.6670837998390198,0.6686290502548218,0,2000,v2a_u08,4,80,42,0.0,0.4,walk_queue_ablation
1407,28.14,0.0,0.4000000059604645,0.3043912649154663,0.17523731291294098,0.5601410865783691,-0.11383210867643356,0,2000,v2a_u08,4,80,42,0.0,0.4,walk_queue_ablation
1408,28.16,0.0,0.4000000059604645,0.3091214895248413,0.15851670503616333,0.48063045740127563,-0.48582303524017334,0,2000,v2a_u08,4,80,42,0.0,0.4,walk_queue_ablation
1409,28.18,0.0,0.4000000059604645,0.31471264362335205,0.14165514707565308,0.4360092282295227,-0.2765592634677887,0,2000,v2a_u08,4,80,42,0.0,0.4,walk_queue_ablation
1410,28.2,0.0,0.4000000059604645,0.31729960441589355,0.11851842701435089,0.4064277410507202,0.11440949141979218,0,2000,v2a_u08,4,80,42,0.0,0.4,walk_queue_ablation
1411,28.22,0.0,0.4000000059604645,0.3166707754135132,0.0984354019165039,0.3681134879589081,0.37969690561294556,0,2000,v2a_u08,4,80,42,0.0,0.4,walk_queue_ablation
1412,28.240000000000002,0.0,0.4000000059604645,0.31398189067840576,0.09010385721921921,0.33305391669273376,0.47807231545448303,0,2000,v2a_u08,4,80,42,0.0,0.4,walk_queue_ablation
1413,28.26,0.0,0.4000000059604645,0.3111027479171753,0.08333265781402588,0.29739275574684143,0.4272921085357666,0,2000,v2a_u08,4,80,42,0.0,0.4,walk_queue_ablation
1414,28.28,0.0,0.4000000059604645,0.3084818124771118,0.06588529050350189,0.26988449692726135,0.38550466299057007,0,2000,v2a_u08,4,80,42,0.0,0.4,walk_queue_ablation
1415,28.3,0.0,0.4000000059604645,0.30565595626831055,0.0708375945687294,0.2511046826839447,0.35235100984573364,0,2000,v2a_u08,4,80,42,0.0,0.4,walk_queue_ablation
1416,28.32,0.0,0.4000000059604645,0.3032963275909424,0.0787806287407875,0.2289927452802658,0.25894272327423096,0,2000,v2a_u08,4,80,42,0.0,0.4,walk_queue_ablation
1417,28.34,0.0,0.4000000059604645,0.3014012575149536,0.09122108668088913,0.2171001434326172,0.17033135890960693,0,2000,v2a_u08,4,80,42,0.0,0.4,walk_queue_ablation
1418,28.36,0.0,0.4000000059604645,0.3009687662124634,0.10115092247724533,0.20510096848011017,-0.017024418339133263,0,2000,v2a_u08,4,80,42,0.0,0.4,walk_queue_ablation
1419,28.38,0.0,0.4000000059604645,0.30169689655303955,0.10937748104333878,0.19761981070041656,-0.1281437873840332,0,2000,v2a_u08,4,80,42,0.0,0.4,walk_queue_ablation
1420,28.400000000000002,0.0,0.4000000059604645,0.3025648593902588,0.1187843605875969,0.18843694031238556,-0.13483215868473053,0,2000,v2a_u08,4,80,42,0.0,0.4,walk_queue_ablation
1421,28.42,0.0,0.4000000059604645,0.3029590845108032,0.1261250376701355,0.1826353520154953,-0.14125750958919525,0,2000,v2a_u08,4,80,42,0.0,0.4,walk_queue_ablation
1422,28.44,0.0,0.4000000059604645,0.30274319648742676,0.13104650378227234,0.17631477117538452,-0.11914500594139099,0,2000,v2a_u08,4,80,42,0.0,0.4,walk_queue_ablation
1423,28.46,0.0,0.4000000059604645,0.3016921281814575,0.13522134721279144,0.1679052859544754,-0.08580806106328964,0,2000,v2a_u08,4,80,42,0.0,0.4,walk_queue_ablation
1424,28.48,0.0,0.4000000059604645,0.30043041706085205,0.13284580409526825,0.15693043172359467,-0.10672150552272797,0,2000,v2a_u08,4,80,42,0.0,0.4,walk_queue_ablation
1425,28.5,0.0,0.4000000059604645,0.3008986711502075,0.11660958081483841,0.1458742916584015,-0.2686823308467865,0,2000,v2a_u08,4,80,42,0.0,0.4,walk_queue_ablation
1426,28.52,0.0,0.4000000059604645,0.3029090166091919,0.0926879420876503,0.13951192796230316,-0.3344627320766449,0,2000,v2a_u08,4,80,42,0.0,0.4,walk_queue_ablation
1427,28.54,0.0,0.4000000059604645,0.30512380599975586,0.06580666452646255,0.13772471249103546,-0.30585023760795593,0,2000,v2a_u08,4,80,42,0.0,0.4,walk_queue_ablation
1428,28.560000000000002,0.0,0.4000000059604645,0.3067373037338257,0.03754390776157379,0.14344769716262817,-0.28657084703445435,0,2000,v2a_u08,4,80,42,0.0,0.4,walk_queue_ablation
1429,28.580000000000002,0.0,0.4000000059604645,0.3079336881637573,0.0009740479290485382,0.16058087348937988,-0.10366404801607132,0,2000,v2a_u08,4,80,42,0.0,0.4,walk_queue_ablation
1430,28.6,0.0,0.4000000059604645,0.30286920070648193,-0.0020950972102582455,0.1805998831987381,0.4164578914642334,0,2000,v2a_u08,4,80,42,0.0,0.4,walk_queue_ablation
1431,28.62,0.0,0.4000000059604645,0.2952934503555298,0.014735397882759571,0.19232206046581268,0.43345049023628235,0,2000,v2a_u08,4,80,42,0.0,0.4,walk_queue_ablation
1432,28.64,0.0,0.4000000059604645,0.2898139953613281,0.03850347921252251,0.2004498541355133,0.1722843199968338,0,2000,v2a_u08,4,80,42,0.0,0.4,walk_queue_ablation
1433,28.66,0.0,0.4000000059604645,0.28775978088378906,0.07014276832342148,0.2086590975522995,-0.07713892310857773,0,2000,v2a_u08,4,80,42,0.0,0.4,walk_queue_ablation
1434,28.68,0.0,0.4000000059604645,0.28765904903411865,0.10020249336957932,0.22072279453277588,-0.14883753657341003,0,2000,v2a_u08,4,80,42,0.0,0.4,walk_queue_ablation
1435,28.7,0.0,0.4000000059604645,0.2884138822555542,0.13298416137695312,0.23442769050598145,-0.1144307479262352,0,2000,v2a_u08,4,80,42,0.0,0.4,walk_queue_ablation
1436,28.72,0.0,0.4000000059604645,0.2886183261871338,0.15631653368473053,0.2489551305770874,0.030475452542304993,0,2000,v2a_u08,4,80,42,0.0,0.4,walk_queue_ablation
1437,28.740000000000002,0.0,0.4000000059604645,0.2877393960952759,0.1687806099653244,0.2679612338542938,0.15459366142749786,0,2000,v2a_u08,4,80,42,0.0,0.4,walk_queue_ablation
1438,28.76,0.0,0.4000000059604645,0.28660356998443604,0.17231327295303345,0.2875896394252777,0.15058135986328125,0,2000,v2a_u08,4,80,42,0.0,0.4,walk_queue_ablation
1439,28.78,0.0,0.4000000059604645,0.28537213802337646,0.17357143759727478,0.3149559795856476,0.1898375153541565,0,2000,v2a_u08,4,80,42,0.0,0.4,walk_queue_ablation
1440,28.8,0.0,0.4000000059604645,0.2843204736709595,0.1769072264432907,0.3461952805519104,0.13746796548366547,0,2000,v2a_u08,4,80,42,0.0,0.4,walk_queue_ablation
1441,28.82,0.0,0.4000000059604645,0.28419363498687744,0.18114298582077026,0.3776327073574066,0.07473611831665039,0,2000,v2a_u08,4,80,42,0.0,0.4,walk_queue_ablation
1442,28.84,0.0,0.4000000059604645,0.2844451665878296,0.18629954755306244,0.4120962917804718,0.1006445586681366,0,2000,v2a_u08,4,80,42,0.0,0.4,walk_queue_ablation
1443,28.86,0.0,0.4000000059604645,0.28456902503967285,0.19769886136054993,0.4494667649269104,0.1566392034292221,0,2000,v2a_u08,4,80,42,0.0,0.4,walk_queue_ablation
1444,28.88,0.0,0.4000000059604645,0.2845306396484375,0.20710116624832153,0.48907047510147095,0.1978248953819275,0,2000,v2a_u08,4,80,42,0.0,0.4,walk_queue_ablation
1445,28.900000000000002,0.0,0.4000000059604645,0.2841609716415405,0.21568307280540466,0.5347221493721008,0.25251129269599915,0,2000,v2a_u08,4,80,42,0.0,0.4,walk_queue_ablation
1446,28.92,0.0,0.4000000059604645,0.28276050090789795,0.21865162253379822,0.5883486270904541,0.3644166886806488,0,2000,v2a_u08,4,80,42,0.0,0.4,walk_queue_ablation
1447,28.94,0.0,0.4000000059604645,0.2801917791366577,0.21425828337669373,0.6453523635864258,0.41710880398750305,0,2000,v2a_u08,4,80,42,0.0,0.4,walk_queue_ablation
1448,28.96,0.0,0.4000000059604645,0.27729225158691406,0.2133905291557312,0.6895543336868286,0.38671770691871643,0,2000,v2a_u08,4,80,42,0.0,0.4,walk_queue_ablation
1449,28.98,0.0,0.4000000059604645,0.27382326126098633,0.17591728270053864,0.6133980751037598,0.1691422015428543,0,2000,v2a_u08,4,80,42,0.0,0.4,walk_queue_ablation
1450,29.0,0.0,0.4000000059604645,0.2765578031539917,0.15847884118556976,0.5194023847579956,-0.4045138359069824,0,2000,v2a_u08,4,80,42,0.0,0.4,walk_queue_ablation
1451,29.02,0.0,0.4000000059604645,0.28240299224853516,0.14394952356815338,0.4566285312175751,-0.40725767612457275,0,2000,v2a_u08,4,80,42,0.0,0.4,walk_queue_ablation
1452,29.04,0.0,0.4000000059604645,0.2863025665283203,0.12464959919452667,0.41931307315826416,-0.006359580904245377,0,2000,v2a_u08,4,80,42,0.0,0.4,walk_queue_ablation
1453,29.060000000000002,0.0,0.4000000059604645,0.28651952743530273,0.10262802243232727,0.3859833776950836,0.32647693157196045,0,2000,v2a_u08,4,80,42,0.0,0.4,walk_queue_ablation
1454,29.080000000000002,0.0,0.4000000059604645,0.2843736410140991,0.09163541346788406,0.3462703227996826,0.46278613805770874,0,2000,v2a_u08,4,80,42,0.0,0.4,walk_queue_ablation
1455,29.1,0.0,0.4000000059604645,0.28140294551849365,0.08316529542207718,0.31022125482559204,0.4522029757499695,0,2000,v2a_u08,4,80,42,0.0,0.4,walk_queue_ablation
1456,29.12,0.0,0.4000000059604645,0.27882683277130127,0.07234933227300644,0.2803786098957062,0.36974745988845825,0,2000,v2a_u08,4,80,42,0.0,0.4,walk_queue_ablation
1457,29.14,0.0,0.4000000059604645,0.27636969089508057,0.06457880139350891,0.2553752064704895,0.3529896140098572,0,2000,v2a_u08,4,80,42,0.0,0.4,walk_queue_ablation
1458,29.16,0.0,0.4000000059604645,0.27376818656921387,0.07384808361530304,0.23639418184757233,0.2969341576099396,0,2000,v2a_u08,4,80,42,0.0,0.4,walk_queue_ablation
1459,29.18,0.0,0.4000000059604645,0.27228033542633057,0.08358022570610046,0.21702837944030762,0.12908071279525757,0,2000,v2a_u08,4,80,42,0.0,0.4,walk_queue_ablation
1460,29.2,0.0,0.4000000059604645,0.2716951370239258,0.10006322711706161,0.20483162999153137,0.02822159230709076,0,2000,v2a_u08,4,80,42,0.0,0.4,walk_queue_ablation
1461,29.22,0.0,0.4000000059604645,0.27195680141448975,0.10827966034412384,0.19398069381713867,-0.05518506467342377,0,2000,v2a_u08,4,80,42,0.0,0.4,walk_queue_ablation
1462,29.240000000000002,0.0,0.4000000059604645,0.2724630832672119,0.11921917647123337,0.184157595038414,-0.09964881837368011,0,2000,v2a_u08,4,80,42,0.0,0.4,walk_queue_ablation
1463,29.26,0.0,0.4000000059604645,0.27305471897125244,0.13167604804039001,0.1773553490638733,-0.1569330394268036,0,2000,v2a_u08,4,80,42,0.0,0.4,walk_queue_ablation
1464,29.28,0.0,0.4000000059604645,0.2732253074645996,0.13925862312316895,0.17070509493350983,-0.13830368220806122,0,2000,v2a_u08,4,80,42,0.0,0.4,walk_queue_ablation
1465,29.3,0.0,0.4000000059604645,0.2725653648376465,0.14594410359859467,0.1627947986125946,-0.1060892716050148,0,2000,v2a_u08,4,80,42,0.0,0.4,walk_queue_ablation
1466,29.32,0.0,0.4000000059604645,0.27120673656463623,0.1479707956314087,0.1526605784893036,-0.09151868522167206,0,2000,v2a_u08,4,80,42,0.0,0.4,walk_queue_ablation
1467,29.34,0.0,0.4000000059604645,0.271079421043396,0.13885097205638885,0.13884122669696808,-0.22892752289772034,0,2000,v2a_u08,4,80,42,0.0,0.4,walk_queue_ablation
1468,29.36,0.0,0.4000000059604645,0.2727929353713989,0.11827544122934341,0.12864115834236145,-0.33783769607543945,0,2000,v2a_u08,4,80,42,0.0,0.4,walk_queue_ablation
1469,29.38,0.0,0.4000000059604645,0.2751721143722534,0.0932459756731987,0.12276104092597961,-0.3162693679332733,0,2000,v2a_u08,4,80,42,0.0,0.4,walk_queue_ablation
1470,29.400000000000002,0.0,0.4000000059604645,0.2770843505859375,0.06779856979846954,0.12281285226345062,-0.2824152708053589,0,2000,v2a_u08,4,80,42,0.0,0.4,walk_queue_ablation
1471,29.42,0.0,0.4000000059604645,0.2790464162826538,0.022972311824560165,0.13406170904636383,-0.5361320376396179,0,2000,v2a_u08,4,80,42,0.0,0.4,walk_queue_ablation
1472,29.44,0.0,0.4000000059604645,0.27638280391693115,0.016183989122509956,0.1578221470117569,0.3050084710121155,0,2000,v2a_u08,4,80,42,0.0,0.4,walk_queue_ablation
1473,29.46,0.0,0.4000000059604645,0.2686699628829956,0.024875029921531677,0.17476071417331696,0.5096877813339233,0,2000,v2a_u08,4,80,42,0.0,0.4,walk_queue_ablation
1474,29.48,0.0,0.4000000059604645,0.2617408037185669,0.04495268315076828,0.18356095254421234,0.30080652236938477,0,2000,v2a_u08,4,80,42,0.0,0.4,walk_queue_ablation
1475,29.5,0.0,0.4000000059604645,0.25831687450408936,0.07072082161903381,0.19354581832885742,-0.00746210478246212,0,2000,v2a_u08,4,80,42,0.0,0.4,walk_queue_ablation
1476,29.52,0.0,0.4000000059604645,0.2577913999557495,0.09754358977079391,0.20597471296787262,-0.1790025681257248,0,2000,v2a_u08,4,80,42,0.0,0.4,walk_queue_ablation
1477,29.54,0.0,0.4000000059604645,0.2585552930831909,0.12770643830299377,0.22169971466064453,-0.1528913825750351,0,2000,v2a_u08,4,80,42,0.0,0.4,walk_queue_ablation
1478,29.560000000000002,0.0,0.4000000059604645,0.2589341402053833,0.15457917749881744,0.23794502019882202,-0.008755913004279137,0,2000,v2a_u08,4,80,42,0.0,0.4,walk_queue_ablation
1479,29.580000000000002,0.0,0.4000000059604645,0.2580885887145996,0.17023101449012756,0.25775137543678284,0.1390458345413208,0,2000,v2a_u08,4,80,42,0.0,0.4,walk_queue_ablation
1480,29.6,0.0,0.4000000059604645,0.2570159435272217,0.17485842108726501,0.27669909596443176,0.12115117907524109,0,2000,v2a_u08,4,80,42,0.0,0.4,walk_queue_ablation
1481,29.62,0.0,0.4000000059604645,0.2559506893157959,0.17260514199733734,0.3019644618034363,0.16411438584327698,0,2000,v2a_u08,4,80,42,0.0,0.4,walk_queue_ablation
1482,29.64,0.0,0.4000000059604645,0.2549391984939575,0.1757260411977768,0.3296883702278137,0.13971588015556335,0,2000,v2a_u08,4,80,42,0.0,0.4,walk_queue_ablation
1483,29.66,0.0,0.4000000059604645,0.2546212673187256,0.1798851490020752,0.35885417461395264,0.06911301612854004,0,2000,v2a_u08,4,80,42,0.0,0.4,walk_queue_ablation
1484,29.68,0.0,0.4000000059604645,0.2550562620162964,0.18401138484477997,0.3912171721458435,0.046848129481077194,0,2000,v2a_u08,4,80,42,0.0,0.4,walk_queue_ablation
1485,29.7,0.0,0.4000000059604645,0.25570642948150635,0.19400779902935028,0.4262677729129791,0.08865824341773987,0,2000,v2a_u08,4,80,42,0.0,0.4,walk_queue_ablation
1486,29.72,0.0,0.4000000059604645,0.2564774751663208,0.20476804673671722,0.46230795979499817,0.09787086397409439,0,2000,v2a_u08,4,80,42,0.0,0.4,walk_queue_ablation
1487,29.740000000000002,0.0,0.4000000059604645,0.25694549083709717,0.21346978843212128,0.5050345659255981,0.16842757165431976,0,2000,v2a_u08,4,80,42,0.0,0.4,walk_queue_ablation
1488,29.76,0.0,0.4000000059604645,0.2566814422607422,0.21970786154270172,0.5532841086387634,0.26156094670295715,0,2000,v2a_u08,4,80,42,0.0,0.4,walk_queue_ablation
1489,29.78,0.0,0.4000000059604645,0.25495755672454834,0.21805953979492188,0.6083874106407166,0.3753880262374878,0,2000,v2a_u08,4,80,42,0.0,0.4,walk_queue_ablation
1490,29.8,0.0,0.4000000059604645,0.25226616859436035,0.21531228721141815,0.6605761647224426,0.3949567675590515,0,2000,v2a_u08,4,80,42,0.0,0.4,walk_queue_ablation
1491,29.82,0.0,0.4000000059604645,0.24940979480743408,0.19643224775791168,0.6741365790367126,0.6160716414451599,0,2000,v2a_u08,4,80,42,0.0,0.4,walk_queue_ablation
1492,29.84,0.0,0.4000000059604645,0.24711811542510986,0.1724018007516861,0.5673425793647766,-0.09546777606010437,0,2000,v2a_u08,4,80,42,0.0,0.4,walk_queue_ablation
1493,29.86,0.0,0.4000000059604645,0.2516639232635498,0.15576419234275818,0.4880675971508026,-0.4639747142791748,0,2000,v2a_u08,4,80,42,0.0,0.4,walk_queue_ablation
1494,29.88,0.0,0.4000000059604645,0.2571331262588501,0.1390605866909027,0.44292423129081726,-0.26741519570350647,0,2000,v2a_u08,4,80,42,0.0,0.4,walk_queue_ablation
1495,29.900000000000002,0.0,0.4000000059604645,0.25967657566070557,0.11550426483154297,0.4118706285953522,0.11409331858158112,0,2000,v2a_u08,4,80,42,0.0,0.4,walk_queue_ablation
1496,29.92,0.0,0.4000000059604645,0.2593191862106323,0.09716355055570602,0.3740217387676239,0.33546286821365356,0,2000,v2a_u08,4,80,42,0.0,0.4,walk_queue_ablation
1497,29.94,0.0,0.4000000059604645,0.25715720653533936,0.08724955469369888,0.3391411304473877,0.42904141545295715,0,2000,v2a_u08,4,80,42,0.0,0.4,walk_queue_ablation
1498,29.96,0.0,0.4000000059604645,0.2546578645706177,0.08105770498514175,0.3043705224990845,0.38987213373184204,0,2000,v2a_u08,4,80,42,0.0,0.4,walk_queue_ablation
1499,29.98,0.0,0.4000000059604645,0.9622336626052856,0.06484047323465347,0.276663601398468,0.35565268993377686,0,2000,v2a_u08,4,80,42,0.0,0.4,walk_queue_ablation
1500,30.0,0.0,0.4000000059604645,0.9596301317214966,0.06996919214725494,0.2566509544849396,0.3341856598854065,0,2000,v2a_u08,4,80,42,0.0,0.4,walk_queue_ablation
1501,30.02,0.0,0.4000000059604645,0.9574950933456421,0.0767216756939888,0.23534975945949554,0.23917733132839203,0,2000,v2a_u08,4,80,42,0.0,0.4,walk_queue_ablation
1502,30.04,0.0,0.4000000059604645,0.9558495283126831,0.0890183076262474,0.22252099215984344,0.1512136310338974,0,2000,v2a_u08,4,80,42,0.0,0.4,walk_queue_ablation
1503,30.060000000000002,0.0,0.4000000059604645,0.9554640054702759,0.10007710009813309,0.21040567755699158,-0.010416056960821152,0,2000,v2a_u08,4,80,42,0.0,0.4,walk_queue_ablation
1504,30.080000000000002,0.0,0.4000000059604645,0.9560900926589966,0.10924185812473297,0.20327909290790558,-0.1168835386633873,0,2000,v2a_u08,4,80,42,0.0,0.4,walk_queue_ablation
1505,30.1,0.0,0.4000000059604645,0.9569467306137085,0.12074894458055496,0.19372810423374176,-0.13702671229839325,0,2000,v2a_u08,4,80,42,0.0,0.4,walk_queue_ablation
1506,30.12,0.0,0.4000000059604645,0.9572955369949341,0.12910746037960052,0.18744944036006927,-0.131572887301445,0,2000,v2a_u08,4,80,42,0.0,0.4,walk_queue_ablation
1507,30.14,0.0,0.4000000059604645,0.9568487405776978,0.13623519241809845,0.17964483797550201,-0.08674846589565277,0,2000,v2a_u08,4,80,42,0.0,0.4,walk_queue_ablation
1508,30.16,0.0,0.4000000059604645,0.9551132917404175,0.14232569932937622,0.17018283903598785,0.0001635565422475338,0,2000,v2a_u08,4,80,42,0.0,0.4,walk_queue_ablation
1509,30.18,0.0,0.4000000059604645,0.9527899026870728,0.1414399892091751,0.15810346603393555,0.016781097277998924,0,2000,v2a_u08,4,80,42,0.0,0.4,walk_queue_ablation
1510,30.2,0.0,0.4000000059604645,0.9517251253128052,0.1261197030544281,0.14640285074710846,-0.08435488492250443,0,2000,v2a_u08,4,80,42,0.0,0.4,walk_queue_ablation
1511,30.22,0.0,0.4000000059604645,0.9515529870986938,0.10406181961297989,0.14001081883907318,-0.08649926632642746,0,2000,v2a_u08,4,80,42,0.0,0.4,walk_queue_ablation
1512,30.240000000000002,0.0,0.4000000059604645,0.9513624906539917,0.07843654602766037,0.13914836943149567,-0.07653877884149551,0,2000,v2a_u08,4,80,42,0.0,0.4,walk_queue_ablation
1513,30.26,0.0,0.4000000059604645,0.9512993097305298,0.050999678671360016,0.14481975138187408,-0.197001650929451,0,2000,v2a_u08,4,80,42,0.0,0.4,walk_queue_ablation
1514,30.28,0.0,0.4000000059604645,0.9517523050308228,0.016167500987648964,0.1592768281698227,-0.0025125909596681595,0,2000,v2a_u08,4,80,42,0.0,0.4,walk_queue_ablation
1515,30.3,0.0,0.4000000059604645,0.9455353021621704,0.018119709566235542,0.17500697076320648,0.5467314720153809,0,2000,v2a_u08,4,80,42,0.0,0.4,walk_queue_ablation
1516,30.32,0.0,0.4000000059604645,0.9365006685256958,0.037059247493743896,0.18153822422027588,0.6165139675140381,0,2000,v2a_u08,4,80,42,0.0,0.4,walk_queue_ablation
1517,30.34,0.0,0.4000000059604645,0.9291988611221313,0.06251712143421173,0.1879514455795288,0.3824317157268524,0,2000,v2a_u08,4,80,42,0.0,0.4,walk_queue_ablation
1518,30.36,0.0,0.4000000059604645,0.9245613813400269,0.09090159833431244,0.1967957466840744,0.20066748559474945,0,2000,v2a_u08,4,80,42,0.0,0.4,walk_queue_ablation
1519,30.38,0.0,0.4000000059604645,0.9218236207962036,0.12169146537780762,0.20654143393039703,0.10507836937904358,0,2000,v2a_u08,4,80,42,0.0,0.4,walk_queue_ablation
1520,30.400000000000002,0.0,0.4000000059604645,0.9202228784561157,0.1510966718196869,0.2188587486743927,0.0941314697265625,0,2000,v2a_u08,4,80,42,0.0,0.4,walk_queue_ablation
1521,30.42,0.0,0.4000000059604645,0.9186936616897583,0.173639178276062,0.23277264833450317,0.1692667156457901,0,2000,v2a_u08,4,80,42,0.0,0.4,walk_queue_ablation
1522,30.44,0.0,0.4000000059604645,0.9165054559707642,0.1883845329284668,0.25106552243232727,0.26799464225769043,0,2000,v2a_u08,4,80,42,0.0,0.4,walk_queue_ablation
1523,30.46,0.0,0.4000000059604645,0.9143065214157104,0.19680176675319672,0.27129098773002625,0.23993998765945435,0,2000,v2a_u08,4,80,42,0.0,0.4,walk_queue_ablation
1524,30.48,0.0,0.4000000059604645,0.9122658967971802,0.20126444101333618,0.2980608642101288,0.24528615176677704,0,2000,v2a_u08,4,80,42,0.0,0.4,walk_queue_ablation
1525,30.5,0.0,0.4000000059604645,0.9106894731521606,0.2057017832994461,0.32754024863243103,0.17674404382705688,0,2000,v2a_u08,4,80,42,0.0,0.4,walk_queue_ablation
1526,30.52,0.0,0.4000000059604645,0.9102829694747925,0.20972371101379395,0.35572564601898193,0.09725978225469589,0,2000,v2a_u08,4,80,42,0.0,0.4,walk_queue_ablation
1527,30.54,0.0,0.4000000059604645,0.9103530645370483,0.21276667714118958,0.3874710500240326,0.13257691264152527,0,2000,v2a_u08,4,80,42,0.0,0.4,walk_queue_ablation
1528,30.560000000000002,0.0,0.4000000059604645,0.9100497961044312,0.22106514871120453,0.4225265383720398,0.21813151240348816,0,2000,v2a_u08,4,80,42,0.0,0.4,walk_queue_ablation
1529,30.580000000000002,0.0,0.4000000059604645,0.9090968370437622,0.22932729125022888,0.4594292938709259,0.3127369284629822,0,2000,v2a_u08,4,80,42,0.0,0.4,walk_queue_ablation
1530,30.6,0.0,0.4000000059604645,0.9073282480239868,0.23870310187339783,0.5009333491325378,0.417926162481308,0,2000,v2a_u08,4,80,42,0.0,0.4,walk_queue_ablation
1531,30.62,0.0,0.4000000059604645,0.903791069984436,0.2431936264038086,0.5512495636940002,0.5816940665245056,0,2000,v2a_u08,4,80,42,0.0,0.4,walk_queue_ablation
1532,30.64,0.0,0.4000000059604645,0.8988803625106812,0.24394530057907104,0.6020370125770569,0.6262921094894409,0,2000,v2a_u08,4,80,42,0.0,0.4,walk_queue_ablation
1533,30.66,0.0,0.4000000059604645,0.8938866853713989,0.2479468435049057,0.6502834558486938,0.558164119720459,0,2000,v2a_u08,4,80,42,0.0,0.4,walk_queue_ablation
1534,30.68,0.0,0.4000000059604645,0.8894459009170532,0.2159026563167572,0.6229401230812073,0.5061115622520447,0,2000,v2a_u08,4,80,42,0.0,0.4,walk_queue_ablation
1535,30.7,0.0,0.4000000059604645,0.889875054359436,0.20043854415416718,0.5234290957450867,-0.26815202832221985,0,2000,v2a_u08,4,80,42,0.0,0.4,walk_queue_ablation
1536,30.72,0.0,0.4000000059604645,0.8948961496353149,0.17729705572128296,0.4509826600551605,-0.41171035170555115,0,2000,v2a_u08,4,80,42,0.0,0.4,walk_queue_ablation
1537,30.740000000000002,0.0,0.4000000059604645,0.8990093469619751,0.1552230715751648,0.4062340259552002,-0.05150903761386871,0,2000,v2a_u08,4,80,42,0.0,0.4,walk_queue_ablation
1538,30.76,0.0,0.4000000059604645,0.8989685773849487,0.13141721487045288,0.3746500313282013,0.4060349464416504,0,2000,v2a_u08,4,80,42,0.0,0.4,walk_queue_ablation
1539,30.78,0.0,0.4000000059604645,0.8952881097793579,0.11631997674703598,0.334515243768692,0.6746563911437988,0,2000,v2a_u08,4,80,42,0.0,0.4,walk_queue_ablation
1540,30.8,0.0,0.4000000059604645,0.8899871110916138,0.10728910565376282,0.29516634345054626,0.7187487483024597,0,2000,v2a_u08,4,80,42,0.0,0.4,walk_queue_ablation
1541,30.82,0.0,0.4000000059604645,0.885046124458313,0.09775727987289429,0.26401206851005554,0.5942208766937256,0,2000,v2a_u08,4,80,42,0.0,0.4,walk_queue_ablation
1542,30.84,0.0,0.4000000059604645,0.8807085752487183,0.09075804799795151,0.23878632485866547,0.5286659002304077,0,2000,v2a_u08,4,80,42,0.0,0.4,walk_queue_ablation
1543,30.86,0.0,0.4000000059604645,0.8764744997024536,0.09736096858978271,0.21994507312774658,0.4524608552455902,0,2000,v2a_u08,4,80,42,0.0,0.4,walk_queue_ablation
1544,30.88,0.0,0.4000000059604645,0.8736759424209595,0.10699538141489029,0.1996043473482132,0.24372580647468567,0,2000,v2a_u08,4,80,42,0.0,0.4,walk_queue_ablation
1545,30.900000000000002,0.0,0.4000000059604645,0.8720947504043579,0.11738929152488708,0.1859266459941864,0.1167515441775322,0,2000,v2a_u08,4,80,42,0.0,0.4,walk_queue_ablation
1546,30.92,0.0,0.4000000059604645,0.8717237710952759,0.12168113887310028,0.17442753911018372,-0.010060254484415054,0,2000,v2a_u08,4,80,42,0.0,0.4,walk_queue_ablation
1547,30.94,0.0,0.4000000059604645,0.8718210458755493,0.12870191037654877,0.1642424315214157,-0.06613641232252121,0,2000,v2a_u08,4,80,42,0.0,0.4,walk_queue_ablation
1548,30.96,0.0,0.4000000059604645,0.8720012903213501,0.1363699585199356,0.1559864580631256,-0.10885368287563324,0,2000,v2a_u08,4,80,42,0.0,0.4,walk_queue_ablation
1549,30.98,0.0,0.4000000059604645,0.8714934587478638,0.13961005210876465,0.1488610953092575,-0.06113431602716446,0,2000,v2a_u08,4,80,42,0.0,0.4,walk_queue_ablation
1550,31.0,0.0,0.4000000059604645,0.8698121309280396,0.1430046111345291,0.14058314263820648,0.012562094256281853,0,2000,v2a_u08,4,80,42,0.0,0.4,walk_queue_ablation
1551,31.02,0.0,0.4000000059604645,0.866972804069519,0.14346185326576233,0.1301259845495224,0.08518053591251373,0,2000,v2a_u08,4,80,42,0.0,0.4,walk_queue_ablation
1552,31.04,0.0,0.4000000059604645,0.8647304773330688,0.13333892822265625,0.11665958166122437,0.020845424383878708,0,2000,v2a_u08,4,80,42,0.0,0.4,walk_queue_ablation
1553,31.060000000000002,0.0,0.4000000059604645,0.8635565042495728,0.11422453075647354,0.10727602243423462,-0.02159232273697853,0,2000,v2a_u08,4,80,42,0.0,0.4,walk_queue_ablation
1554,31.080000000000002,0.0,0.4000000059604645,0.8627573251724243,0.09045889973640442,0.10180868953466415,-0.02522273175418377,0,2000,v2a_u08,4,80,42,0.0,0.4,walk_queue_ablation
1555,31.1,0.0,0.4000000059604645,0.862467885017395,0.06551723182201385,0.10290076583623886,-0.1540881246328354,0,2000,v2a_u08,4,80,42,0.0,0.4,walk_queue_ablation
1556,31.12,0.0,0.4000000059604645,0.8634649515151978,0.022141601890325546,0.1142139881849289,-0.3607582747936249,0,2000,v2a_u08,4,80,42,0.0,0.4,walk_queue_ablation
1557,31.14,0.0,0.4000000059604645,0.8589078187942505,0.02294854260981083,0.13695378601551056,0.5061565637588501,0,2000,v2a_u08,4,80,42,0.0,0.4,walk_queue_ablation
1558,31.16,0.0,0.4000000059604645,0.8492733240127563,0.03578614816069603,0.15147991478443146,0.7284219861030579,0,2000,v2a_u08,4,80,42,0.0,0.4,walk_queue_ablation
1559,31.18,0.0,0.4000000059604645,0.8403245210647583,0.05790296569466591,0.16109323501586914,0.5330731272697449,0,2000,v2a_u08,4,80,42,0.0,0.4,walk_queue_ablation
1560,31.2,0.0,0.4000000059604645,0.834516167640686,0.08362491428852081,0.17151062190532684,0.2655608654022217,0,2000,v2a_u08,4,80,42,0.0,0.4,walk_queue_ablation
1561,31.220000000000002,0.0,0.4000000059604645,0.8313208818435669,0.10965931415557861,0.1851496398448944,0.0982779711484909,0,2000,v2a_u08,4,80,42,0.0,0.4,walk_queue_ablation
1562,31.240000000000002,0.0,0.4000000059604645,0.8295842409133911,0.138420969247818,0.2024107724428177,0.07613209635019302,0,2000,v2a_u08,4,80,42,0.0,0.4,walk_queue_ablation
1563,31.26,0.0,0.4000000059604645,0.8280357122421265,0.16425660252571106,0.21962565183639526,0.15269295871257782,0,2000,v2a_u08,4,80,42,0.0,0.4,walk_queue_ablation
1564,31.28,0.0,0.4000000059604645,0.8259295225143433,0.17960995435714722,0.24039633572101593,0.24147948622703552,0,2000,v2a_u08,4,80,42,0.0,0.4,walk_queue_ablation
1565,31.3,0.0,0.4000000059604645,0.8243039846420288,0.1861518919467926,0.25877541303634644,0.15766210854053497,0,2000,v2a_u08,4,80,42,0.0,0.4,walk_queue_ablation
1566,31.32,0.0,0.4000000059604645,0.8228954076766968,0.18719631433486938,0.2860241234302521,0.19682076573371887,0,2000,v2a_u08,4,80,42,0.0,0.4,walk_queue_ablation
1567,31.34,0.0,0.4000000059604645,0.8218575716018677,0.19283638894557953,0.31320780515670776,0.12888821959495544,0,2000,v2a_u08,4,80,42,0.0,0.4,walk_queue_ablation
1568,31.36,0.0,0.4000000059604645,0.8219631910324097,0.19675371050834656,0.3413322865962982,0.03083907440304756,0,2000,v2a_u08,4,80,42,0.0,0.4,walk_queue_ablation
1569,31.38,0.0,0.4000000059604645,0.8227404356002808,0.19869306683540344,0.3737943470478058,0.04186892509460449,0,2000,v2a_u08,4,80,42,0.0,0.4,walk_queue_ablation
1570,31.400000000000002,0.0,0.4000000059604645,0.8233410120010376,0.20654447376728058,0.409117728471756,0.1213117465376854,0,2000,v2a_u08,4,80,42,0.0,0.4,walk_queue_ablation
1571,31.42,0.0,0.4000000059604645,0.8234525918960571,0.21336451172828674,0.44530612230300903,0.1997804343700409,0,2000,v2a_u08,4,80,42,0.0,0.4,walk_queue_ablation
1572,31.44,0.0,0.4000000059604645,0.8225713968276978,0.2209816724061966,0.4864060878753662,0.340095192193985,0,2000,v2a_u08,4,80,42,0.0,0.4,walk_queue_ablation
1573,31.46,0.0,0.4000000059604645,0.8198035955429077,0.2276022881269455,0.5350989699363708,0.5403321981430054,0,2000,v2a_u08,4,80,42,0.0,0.4,walk_queue_ablation
1574,31.48,0.0,0.4000000059604645,0.8148490190505981,0.22989514470100403,0.5879470705986023,0.6879391670227051,0,2000,v2a_u08,4,80,42,0.0,0.4,walk_queue_ablation
1575,31.5,0.0,0.4000000059604645,0.8089948892593384,0.23225556313991547,0.6391668319702148,0.6836544275283813,0,2000,v2a_u08,4,80,42,0.0,0.4,walk_queue_ablation
1576,31.52,0.0,0.4000000059604645,0.8036376237869263,0.2106860876083374,0.6392227411270142,0.8273211121559143,0,2000,v2a_u08,4,80,42,0.0,0.4,walk_queue_ablation
1577,31.54,0.0,0.4000000059604645,0.801033616065979,0.19469362497329712,0.5421609282493591,-0.08566376566886902,0,2000,v2a_u08,4,80,42,0.0,0.4,walk_queue_ablation
1578,31.560000000000002,0.0,0.4000000059604645,0.8051775693893433,0.17488811910152435,0.4635035991668701,-0.42855408787727356,0,2000,v2a_u08,4,80,42,0.0,0.4,walk_queue_ablation
1579,31.580000000000002,0.0,0.4000000059604645,0.810001015663147,0.15627121925354004,0.414412260055542,-0.198695108294487,0,2000,v2a_u08,4,80,42,0.0,0.4,walk_queue_ablation
1580,31.6,0.0,0.4000000059604645,0.8115121126174927,0.1316082626581192,0.3814631998538971,0.24425451457500458,0,2000,v2a_u08,4,80,42,0.0,0.4,walk_queue_ablation
1581,31.62,0.0,0.4000000059604645,0.8092495203018188,0.10854696482419968,0.3456560969352722,0.5578818321228027,0,2000,v2a_u08,4,80,42,0.0,0.4,walk_queue_ablation
1582,31.64,0.0,0.4000000059604645,0.8050161600112915,0.1015433743596077,0.3053573966026306,0.6247353553771973,0,2000,v2a_u08,4,80,42,0.0,0.4,walk_queue_ablation
1583,31.66,0.0,0.4000000059604645,0.8007529973983765,0.09329751133918762,0.2688809335231781,0.5542492866516113,0,2000,v2a_u08,4,80,42,0.0,0.4,walk_queue_ablation
1584,31.68,0.0,0.4000000059604645,0.7967914342880249,0.08207415044307709,0.24126581847667694,0.5129750370979309,0,2000,v2a_u08,4,80,42,0.0,0.4,walk_queue_ablation
1585,31.7,0.0,0.4000000059604645,0.7926636934280396,0.08808112889528275,0.2204788327217102,0.4709455370903015,0,2000,v2a_u08,4,80,42,0.0,0.4,walk_queue_ablation
1586,31.720000000000002,0.0,0.4000000059604645,0.7893921136856079,0.09729182720184326,0.1995037943124771,0.325579971075058,0,2000,v2a_u08,4,80,42,0.0,0.4,walk_queue_ablation
1587,31.740000000000002,0.0,0.4000000059604645,0.7871423959732056,0.10928373038768768,0.18605807423591614,0.18886816501617432,0,2000,v2a_u08,4,80,42,0.0,0.4,walk_queue_ablation
1588,31.76,0.0,0.4000000059604645,0.7864185571670532,0.11841700971126556,0.17422252893447876,0.013516394421458244,0,2000,v2a_u08,4,80,42,0.0,0.4,walk_queue_ablation
1589,31.78,0.0,0.4000000059604645,0.78663170337677,0.12449851632118225,0.16548757255077362,-0.07505301386117935,0,2000,v2a_u08,4,80,42,0.0,0.4,walk_queue_ablation
1590,31.8,0.0,0.4000000059604645,0.7870358228683472,0.13425105810165405,0.1562950164079666,-0.11221633851528168,0,2000,v2a_u08,4,80,42,0.0,0.4,walk_queue_ablation
1591,31.82,0.0,0.4000000059604645,0.7870174646377563,0.13986831903457642,0.14927208423614502,-0.09926290810108185,0,2000,v2a_u08,4,80,42,0.0,0.4,walk_queue_ablation
1592,31.84,0.0,0.4000000059604645,0.7860151529312134,0.14338018000125885,0.14195072650909424,-0.03153961896896362,0,2000,v2a_u08,4,80,42,0.0,0.4,walk_queue_ablation
1593,31.86,0.0,0.4000000059604645,0.7835971117019653,0.1474829912185669,0.1333993375301361,0.06016330420970917,0,2000,v2a_u08,4,80,42,0.0,0.4,walk_queue_ablation
1594,31.88,0.0,0.4000000059604645,0.7809721231460571,0.14395970106124878,0.1210106834769249,0.043571583926677704,0,2000,v2a_u08,4,80,42,0.0,0.4,walk_queue_ablation
1595,31.900000000000002,0.0,0.4000000059604645,0.7796264886856079,0.12814825773239136,0.10924457013607025,-0.04484284296631813,0,2000,v2a_u08,4,80,42,0.0,0.4,walk_queue_ablation
1596,31.92,0.0,0.4000000059604645,0.7790859937667847,0.10659496486186981,0.10192827880382538,-0.04997551441192627,0,2000,v2a_u08,4,80,42,0.0,0.4,walk_queue_ablation
1597,31.94,0.0,0.4000000059604645,0.7787479162216187,0.08247484266757965,0.09970927238464355,-0.09484126418828964,0,2000,v2a_u08,4,80,42,0.0,0.4,walk_queue_ablation
1598,31.96,0.0,0.4000000059604645,0.7786892652511597,0.05551299452781677,0.09913549572229385,-0.13325735926628113,0,2000,v2a_u08,4,80,42,0.0,0.4,walk_queue_ablation
1599,31.98,0.0,0.4000000059604645,0.7775503396987915,0.023135436698794365,0.12468378245830536,0.18047833442687988,0,2000,v2a_u08,4,80,42,0.0,0.4,walk_queue_ablation
1600,32.0,0.0,0.4000000059604645,0.769910454750061,0.025520198047161102,0.14492440223693848,0.6286450624465942,0,2000,v2a_u08,4,80,42,0.0,0.4,walk_queue_ablation
1601,32.02,0.0,0.4000000059604645,0.7606970071792603,0.04177597537636757,0.1554442048072815,0.5910629034042358,0,2000,v2a_u08,4,80,42,0.0,0.4,walk_queue_ablation
1602,32.04,0.0,0.4000000059604645,0.7540165185928345,0.06471370160579681,0.16446062922477722,0.31147029995918274,0,2000,v2a_u08,4,80,42,0.0,0.4,walk_queue_ablation
1603,32.06,0.0,0.4000000059604645,0.7502676248550415,0.09261941909790039,0.17683622241020203,0.1210431158542633,0,2000,v2a_u08,4,80,42,0.0,0.4,walk_queue_ablation
1604,32.08,0.0,0.4000000059604645,0.7484570741653442,0.11944203823804855,0.19095806777477264,0.0212046317756176,0,2000,v2a_u08,4,80,42,0.0,0.4,walk_queue_ablation
1605,32.1,0.0,0.4000000059604645,0.7476445436477661,0.14771553874015808,0.2059706747531891,0.028389623388648033,0,2000,v2a_u08,4,80,42,0.0,0.4,walk_queue_ablation
1606,32.12,0.0,0.4000000059604645,0.7467027902603149,0.16916951537132263,0.22185130417346954,0.12261245399713516,0,2000,v2a_u08,4,80,42,0.0,0.4,walk_queue_ablation
1607,32.14,0.0,0.4000000059604645,0.7452279329299927,0.1828671395778656,0.24027352035045624,0.19106534123420715,0,2000,v2a_u08,4,80,42,0.0,0.4,walk_queue_ablation
1608,32.160000000000004,0.0,0.4000000059604645,0.7436515092849731,0.19006451964378357,0.2628171145915985,0.18549712002277374,0,2000,v2a_u08,4,80,42,0.0,0.4,walk_queue_ablation
1609,32.18,0.0,0.4000000059604645,0.7425390481948853,0.19444964826107025,0.28898516297340393,0.14373256266117096,0,2000,v2a_u08,4,80,42,0.0,0.4,walk_queue_ablation
1610,32.2,0.0,0.4000000059604645,0.7420626878738403,0.1982298344373703,0.319084107875824,0.08030512928962708,0,2000,v2a_u08,4,80,42,0.0,0.4,walk_queue_ablation
1611,32.22,0.0,0.4000000059604645,0.7424529790878296,0.20166534185409546,0.34816011786460876,0.04477271810173988,0,2000,v2a_u08,4,80,42,0.0,0.4,walk_queue_ablation
1612,32.24,0.0,0.4000000059604645,0.7429677248001099,0.20499350130558014,0.3816153407096863,0.0953909307718277,0,2000,v2a_u08,4,80,42,0.0,0.4,walk_queue_ablation
1613,32.26,0.0,0.4000000059604645,0.7428761720657349,0.21260516345500946,0.417890727519989,0.2064037024974823,0,2000,v2a_u08,4,80,42,0.0,0.4,walk_queue_ablation
1614,32.28,0.0,0.4000000059604645,0.7419010400772095,0.22094231843948364,0.4563716650009155,0.31702256202697754,0,2000,v2a_u08,4,80,42,0.0,0.4,walk_queue_ablation
1615,32.3,0.0,0.4000000059604645,0.7400494813919067,0.23039162158966064,0.4988740384578705,0.4233703911304474,0,2000,v2a_u08,4,80,42,0.0,0.4,walk_queue_ablation
1616,32.32,0.0,0.4000000059604645,0.736451268196106,0.23512181639671326,0.550406813621521,0.5890262126922607,0,2000,v2a_u08,4,80,42,0.0,0.4,walk_queue_ablation
1617,32.34,0.0,0.4000000059604645,0.7314261198043823,0.2357655018568039,0.6031385660171509,0.640794038772583,0,2000,v2a_u08,4,80,42,0.0,0.4,walk_queue_ablation
1618,32.36,0.0,0.4000000059604645,0.7262603044509888,0.23942816257476807,0.6485746502876282,0.5763949155807495,0,2000,v2a_u08,4,80,42,0.0,0.4,walk_queue_ablation
1619,32.38,0.0,0.4000000059604645,0.7213417291641235,0.20502889156341553,0.5923069715499878,0.3459974229335785,0,2000,v2a_u08,4,80,42,0.0,0.4,walk_queue_ablation
1620,32.4,0.0,0.4000000059604645,0.7226682901382446,0.18473675847053528,0.5021873712539673,-0.31321677565574646,0,2000,v2a_u08,4,80,42,0.0,0.4,walk_queue_ablation
1621,32.42,0.0,0.4000000059604645,0.7280095815658569,0.16455699503421783,0.4337279200553894,-0.41476738452911377,0,2000,v2a_u08,4,80,42,0.0,0.4,walk_queue_ablation
1622,32.44,0.0,0.4000000059604645,0.7320975065231323,0.14432355761528015,0.3950383961200714,-0.046782393008470535,0,2000,v2a_u08,4,80,42,0.0,0.4,walk_queue_ablation
1623,32.46,0.0,0.4000000059604645,0.7322114706039429,0.12019533663988113,0.3617626428604126,0.3750852346420288,0,2000,v2a_u08,4,80,42,0.0,0.4,walk_queue_ablation
1624,32.480000000000004,0.0,0.4000000059604645,0.7290540933609009,0.10706190764904022,0.32334375381469727,0.6012108325958252,0,2000,v2a_u08,4,80,42,0.0,0.4,walk_queue_ablation
1625,32.5,0.0,0.4000000059604645,0.7243996858596802,0.09811260551214218,0.2860046923160553,0.643623948097229,0,2000,v2a_u08,4,80,42,0.0,0.4,walk_queue_ablation
1626,32.52,0.0,0.4000000059604645,0.7199918031692505,0.08688592910766602,0.25561651587486267,0.5503497123718262,0,2000,v2a_u08,4,80,42,0.0,0.4,walk_queue_ablation
1627,32.54,0.0,0.4000000059604645,0.7158602476119995,0.08041839301586151,0.23080801963806152,0.5114778876304626,0,2000,v2a_u08,4,80,42,0.0,0.4,walk_queue_ablation
1628,32.56,0.0,0.4000000059604645,0.7118493318557739,0.08835893869400024,0.21175619959831238,0.4240542948246002,0,2000,v2a_u08,4,80,42,0.0,0.4,walk_queue_ablation
1629,32.58,0.0,0.4000000059604645,0.7093731164932251,0.09639782458543777,0.19237639009952545,0.21122416853904724,0,2000,v2a_u08,4,80,42,0.0,0.4,walk_queue_ablation
1630,32.6,0.0,0.4000000059604645,0.708175539970398,0.11021699011325836,0.17974746227264404,0.07520633935928345,0,2000,v2a_u08,4,80,42,0.0,0.4,walk_queue_ablation
1631,32.62,0.0,0.4000000059604645,0.7080837488174438,0.1169334352016449,0.16911526024341583,-0.03191383183002472,0,2000,v2a_u08,4,80,42,0.0,0.4,walk_queue_ablation
1632,32.64,0.0,0.4000000059604645,0.7083576917648315,0.12538619339466095,0.15881653130054474,-0.08035381138324738,0,2000,v2a_u08,4,80,42,0.0,0.4,walk_queue_ablation
1633,32.660000000000004,0.0,0.4000000059604645,0.7086886167526245,0.13450372219085693,0.15152326226234436,-0.13105598092079163,0,2000,v2a_u08,4,80,42,0.0,0.4,walk_queue_ablation
1634,32.68,0.0,0.4000000059604645,0.7084921598434448,0.1387254148721695,0.1436188817024231,-0.09472645819187164,0,2000,v2a_u08,4,80,42,0.0,0.4,walk_queue_ablation
1635,32.7,0.0,0.4000000059604645,0.7072147130966187,0.1426691859960556,0.13540808856487274,-0.02918015420436859,0,2000,v2a_u08,4,80,42,0.0,0.4,walk_queue_ablation
1636,32.72,0.0,0.4000000059604645,0.7047709226608276,0.14326034486293793,0.12525534629821777,0.04005911201238632,0,2000,v2a_u08,4,80,42,0.0,0.4,walk_queue_ablation
1637,32.74,0.0,0.4000000059604645,0.7030583620071411,0.1328752189874649,0.11152797937393188,-0.04546885937452316,0,2000,v2a_u08,4,80,42,0.0,0.4,walk_queue_ablation
1638,32.76,0.0,0.4000000059604645,0.7025977373123169,0.11287328600883484,0.1012897938489914,-0.10176362097263336,0,2000,v2a_u08,4,80,42,0.0,0.4,walk_queue_ablation
1639,32.78,0.0,0.4000000059604645,0.7025684118270874,0.08809120953083038,0.09556702524423599,-0.09268278628587723,0,2000,v2a_u08,4,80,42,0.0,0.4,walk_queue_ablation
1640,32.8,0.0,0.4000000059604645,0.702712893486023,0.06272204220294952,0.09598851948976517,-0.17145273089408875,0,2000,v2a_u08,4,80,42,0.0,0.4,walk_queue_ablation
1641,32.82,0.0,0.4000000059604645,0.7038902044296265,0.01766500622034073,0.10722383111715317,-0.4756961464881897,0,2000,v2a_u08,4,80,42,0.0,0.4,walk_queue_ablation
1642,32.84,0.0,0.4000000059604645,0.7000454664230347,0.01915847323834896,0.13074950873851776,0.43554461002349854,0,2000,v2a_u08,4,80,42,0.0,0.4,walk_queue_ablation
1643,32.86,0.0,0.4000000059604645,0.6910630464553833,0.032717328518629074,0.1470317244529724,0.6597785949707031,0,2000,v2a_u08,4,80,42,0.0,0.4,walk_queue_ablation
1644,32.88,0.0,0.4000000059604645,0.6827954053878784,0.05544811487197876,0.15664666891098022,0.4621241092681885,0,2000,v2a_u08,4,80,42,0.0,0.4,walk_queue_ablation
1645,32.9,0.0,0.4000000059604645,0.6776643991470337,0.08168049901723862,0.16719423234462738,0.19345517456531525,0,2000,v2a_u08,4,80,42,0.0,0.4,walk_queue_ablation
1646,32.92,0.0,0.4000000059604645,0.6752461194992065,0.10817690938711166,0.180063858628273,0.02020074427127838,0,2000,v2a_u08,4,80,42,0.0,0.4,walk_queue_ablation
1647,32.94,0.0,0.4000000059604645,0.6742011308670044,0.13694031536579132,0.19688497483730316,0.01658095419406891,0,2000,v2a_u08,4,80,42,0.0,0.4,walk_queue_ablation
1648,32.96,0.0,0.4000000059604645,0.6730729341506958,0.16330169141292572,0.21412110328674316,0.12422095239162445,0,2000,v2a_u08,4,80,42,0.0,0.4,walk_queue_ablation
1649,32.980000000000004,0.0,0.4000000059604645,0.6711634397506714,0.1789194792509079,0.23460173606872559,0.22211356461048126,0,2000,v2a_u08,4,80,42,0.0,0.4,walk_queue_ablation
1650,33.0,0.0,0.4000000059604645,0.669596791267395,0.1852666288614273,0.2536868453025818,0.15053200721740723,0,2000,v2a_u08,4,80,42,0.0,0.4,walk_queue_ablation
1651,33.02,0.0,0.4000000059604645,0.6681786775588989,0.1858348697423935,0.2797901928424835,0.19940534234046936,0,2000,v2a_u08,4,80,42,0.0,0.4,walk_queue_ablation
1652,33.04,0.0,0.4000000059604645,0.6670135259628296,0.19253118336200714,0.30685746669769287,0.13905198872089386,0,2000,v2a_u08,4,80,42,0.0,0.4,walk_queue_ablation
1653,33.06,0.0,0.4000000059604645,0.6669524908065796,0.1979951411485672,0.3341834545135498,0.0375177338719368,0,2000,v2a_u08,4,80,42,0.0,0.4,walk_queue_ablation
1654,33.08,0.0,0.4000000059604645,0.6675878763198853,0.2012626975774765,0.3663087785243988,0.04423229768872261,0,2000,v2a_u08,4,80,42,0.0,0.4,walk_queue_ablation
1655,33.1,0.0,0.4000000059604645,0.6681042909622192,0.2104800045490265,0.40128234028816223,0.1175500825047493,0,2000,v2a_u08,4,80,42,0.0,0.4,walk_queue_ablation
1656,33.12,0.0,0.4000000059604645,0.6684056520462036,0.21889515221118927,0.43668898940086365,0.1591259390115738,0,2000,v2a_u08,4,80,42,0.0,0.4,walk_queue_ablation
1657,33.14,0.0,0.4000000059604645,0.6680179834365845,0.22748422622680664,0.47758570313453674,0.2685089111328125,0,2000,v2a_u08,4,80,42,0.0,0.4,walk_queue_ablation
1658,33.160000000000004,0.0,0.4000000059604645,0.6662272214889526,0.23554912209510803,0.5247362852096558,0.4258089065551758,0,2000,v2a_u08,4,80,42,0.0,0.4,walk_queue_ablation
1659,33.18,0.0,0.4000000059604645,0.6624983549118042,0.23879140615463257,0.576958954334259,0.5688529014587402,0,2000,v2a_u08,4,80,42,0.0,0.4,walk_queue_ablation
1660,33.2,0.0,0.4000000059604645,0.6577283143997192,0.24181190133094788,0.6283688545227051,0.5874428153038025,0,2000,v2a_u08,4,80,42,0.0,0.4,walk_queue_ablation
1661,33.22,0.0,0.4000000059604645,0.6531752347946167,0.24763253331184387,0.6666182279586792,0.4906723201274872,0,2000,v2a_u08,4,80,42,0.0,0.4,walk_queue_ablation
1662,33.24,0.0,0.4000000059604645,0.6496034860610962,0.2039634883403778,0.5531883835792542,0.04450292885303497,0,2000,v2a_u08,4,80,42,0.0,0.4,walk_queue_ablation
1663,33.26,0.0,0.4000000059604645,0.653110146522522,0.18193958699703217,0.4714968800544739,-0.42198944091796875,0,2000,v2a_u08,4,80,42,0.0,0.4,walk_queue_ablation
1664,33.28,0.0,0.4000000059604645,0.6584850549697876,0.16051816940307617,0.4178491234779358,-0.287361204624176,0,2000,v2a_u08,4,80,42,0.0,0.4,walk_queue_ablation
1665,33.3,0.0,0.4000000059604645,0.6612013578414917,0.138747438788414,0.38771355152130127,0.11615641415119171,0,2000,v2a_u08,4,80,42,0.0,0.4,walk_queue_ablation
1666,33.32,0.0,0.4000000059604645,0.6600345373153687,0.11456120759248734,0.354961097240448,0.47095978260040283,0,2000,v2a_u08,4,80,42,0.0,0.4,walk_queue_ablation
1667,33.34,0.0,0.4000000059604645,0.6563390493392944,0.10399705171585083,0.31687837839126587,0.6045461893081665,0,2000,v2a_u08,4,80,42,0.0,0.4,walk_queue_ablation
1668,33.36,0.0,0.4000000059604645,0.6519533395767212,0.09346453845500946,0.2823123633861542,0.576795756816864,0,2000,v2a_u08,4,80,42,0.0,0.4,walk_queue_ablation
1669,33.38,0.0,0.4000000059604645,0.6481887102127075,0.08331843465566635,0.2562217712402344,0.4590551555156708,0,2000,v2a_u08,4,80,42,0.0,0.4,walk_queue_ablation
1670,33.4,0.0,0.4000000059604645,0.6447786092758179,0.07943704724311829,0.23279117047786713,0.4236578345298767,0,2000,v2a_u08,4,80,42,0.0,0.4,walk_queue_ablation
1671,33.42,0.0,0.4000000059604645,0.6414977312088013,0.0902857631444931,0.21556207537651062,0.33533844351768494,0,2000,v2a_u08,4,80,42,0.0,0.4,walk_queue_ablation
1672,33.44,0.0,0.4000000059604645,0.639628529548645,0.09869007021188736,0.1990470588207245,0.14282532036304474,0,2000,v2a_u08,4,80,42,0.0,0.4,walk_queue_ablation
1673,33.46,0.0,0.4000000059604645,0.6390177011489868,0.11329754441976547,0.18828141689300537,0.007745765149593353,0,2000,v2a_u08,4,80,42,0.0,0.4,walk_queue_ablation
1674,33.480000000000004,0.0,0.4000000059604645,0.6393097639083862,0.11847824603319168,0.17726828157901764,-0.06358274072408676,0,2000,v2a_u08,4,80,42,0.0,0.4,walk_queue_ablation
1675,33.5,0.0,0.4000000059604645,0.639445424079895,0.12506771087646484,0.16862496733665466,-0.07541701197624207,0,2000,v2a_u08,4,80,42,0.0,0.4,walk_queue_ablation
1676,33.52,0.0,0.4000000059604645,0.6394282579421997,0.13364292681217194,0.1618751734495163,-0.11214596033096313,0,2000,v2a_u08,4,80,42,0.0,0.4,walk_queue_ablation
1677,33.54,0.0,0.4000000059604645,0.6388341188430786,0.1364264041185379,0.15366019308567047,-0.07412784546613693,0,2000,v2a_u08,4,80,42,0.0,0.4,walk_queue_ablation
1678,33.56,0.0,0.4000000059604645,0.6370121240615845,0.1409442126750946,0.14637690782546997,-0.0035941125825047493,0,2000,v2a_u08,4,80,42,0.0,0.4,walk_queue_ablation
1679,33.58,0.0,0.4000000059604645,0.6350220441818237,0.13632678985595703,0.13460059463977814,-0.02795388549566269,0,2000,v2a_u08,4,80,42,0.0,0.4,walk_queue_ablation
1680,33.6,0.0,0.4000000059604645,0.6344090700149536,0.11904598027467728,0.12339267134666443,-0.1280854344367981,0,2000,v2a_u08,4,80,42,0.0,0.4,walk_queue_ablation
1681,33.62,0.0,0.4000000059604645,0.6346567869186401,0.09577099978923798,0.11673977971076965,-0.1393408626317978,0,2000,v2a_u08,4,80,42,0.0,0.4,walk_queue_ablation
1682,33.64,0.0,0.4000000059604645,0.6350764036178589,0.06767876446247101,0.11521830409765244,-0.14459045231342316,0,2000,v2a_u08,4,80,42,0.0,0.4,walk_queue_ablation
1683,33.660000000000004,0.0,0.4000000059604645,0.6355181932449341,0.04016838222742081,0.12045300751924515,-0.24269263446331024,0,2000,v2a_u08,4,80,42,0.0,0.4,walk_queue_ablation
1684,33.68,0.0,0.4000000059604645,0.6363233327865601,0.0058553703129291534,0.13934415578842163,-0.03393720090389252,0,2000,v2a_u08,4,80,42,0.0,0.4,walk_queue_ablation
1685,33.7,0.0,0.4000000059604645,0.6303673982620239,0.00760478712618351,0.16005229949951172,0.5204120874404907,0,2000,v2a_u08,4,80,42,0.0,0.4,walk_queue_ablation
1686,33.72,0.0,0.4000000059604645,0.6217468976974487,0.026013383641839027,0.16958202421665192,0.550233006477356,0,2000,v2a_u08,4,80,42,0.0,0.4,walk_queue_ablation
1687,33.74,0.0,0.4000000059604645,0.6152621507644653,0.05112104117870331,0.17723172903060913,0.2943546175956726,0,2000,v2a_u08,4,80,42,0.0,0.4,walk_queue_ablation
1688,33.76,0.0,0.4000000059604645,0.6116288900375366,0.08035414665937424,0.18780487775802612,0.10311399400234222,0,2000,v2a_u08,4,80,42,0.0,0.4,walk_queue_ablation
1689,33.78,0.0,0.4000000059604645,0.6099323034286499,0.11101847141981125,0.20022614300251007,0.006568294949829578,0,2000,v2a_u08,4,80,42,0.0,0.4,walk_queue_ablation
1690,33.8,0.0,0.4000000059604645,0.6093159914016724,0.14088183641433716,0.2142273187637329,0.0034822579473257065,0,2000,v2a_u08,4,80,42,0.0,0.4,walk_queue_ablation
1691,33.82,0.0,0.4000000059604645,0.6086477041244507,0.1633603721857071,0.22963741421699524,0.09107396751642227,0,2000,v2a_u08,4,80,42,0.0,0.4,walk_queue_ablation
1692,33.84,0.0,0.4000000059604645,0.6072729825973511,0.17755353450775146,0.24848991632461548,0.19084933400154114,0,2000,v2a_u08,4,80,42,0.0,0.4,walk_queue_ablation
1693,33.86,0.0,0.4000000059604645,0.6058086156845093,0.18537746369838715,0.2694753408432007,0.17376159131526947,0,2000,v2a_u08,4,80,42,0.0,0.4,walk_queue_ablation
1694,33.88,0.0,0.4000000059604645,0.6045984029769897,0.18989571928977966,0.2962587773799896,0.16462469100952148,0,2000,v2a_u08,4,80,42,0.0,0.4,walk_queue_ablation
1695,33.9,0.0,0.4000000059604645,0.6037718057632446,0.19491343200206757,0.3269132375717163,0.11574217677116394,0,2000,v2a_u08,4,80,42,0.0,0.4,walk_queue_ablation
1696,33.92,0.0,0.4000000059604645,0.6038879156112671,0.19977538287639618,0.3568333685398102,0.053342241793870926,0,2000,v2a_u08,4,80,42,0.0,0.4,walk_queue_ablation
1697,33.94,0.0,0.4000000059604645,0.6044155359268188,0.20389631390571594,0.3899300992488861,0.08378929644823074,0,2000,v2a_u08,4,80,42,0.0,0.4,walk_queue_ablation
1698,33.96,0.0,0.4000000059604645,0.604495644569397,0.2132493257522583,0.42692476511001587,0.18144264817237854,0,2000,v2a_u08,4,80,42,0.0,0.4,walk_queue_ablation
1699,33.980000000000004,0.0,0.4000000059604645,0.6038433313369751,0.22208817303180695,0.46634504199028015,0.274907648563385,0,2000,v2a_u08,4,80,42,0.0,0.4,walk_queue_ablation
1700,34.0,0.0,0.4000000059604645,0.6024972200393677,0.2317046970129013,0.5098501443862915,0.3654296398162842,0,2000,v2a_u08,4,80,42,0.0,0.4,walk_queue_ablation
1701,34.02,0.0,0.4000000059604645,0.5996090173721313,0.23582947254180908,0.5620599389076233,0.515766978263855,0,2000,v2a_u08,4,80,42,0.0,0.4,walk_queue_ablation
1702,34.04,0.0,0.4000000059604645,0.5953527688980103,0.2355184257030487,0.6163234114646912,0.5723073482513428,0,2000,v2a_u08,4,80,42,0.0,0.4,walk_queue_ablation
1703,34.06,0.0,0.4000000059604645,0.5909179449081421,0.23826557397842407,0.6618009209632874,0.5102198123931885,0,2000,v2a_u08,4,80,42,0.0,0.4,walk_queue_ablation
1704,34.08,0.0,0.4000000059604645,0.5864468812942505,0.19978928565979004,0.5943381190299988,0.34355518221855164,0,2000,v2a_u08,4,80,42,0.0,0.4,walk_queue_ablation
1705,34.1,0.0,0.4000000059604645,0.5880087614059448,0.1837487667798996,0.5051611065864563,-0.3261069059371948,0,2000,v2a_u08,4,80,42,0.0,0.4,walk_queue_ablation
1706,34.12,0.0,0.4000000059604645,0.593368649482727,0.16456425189971924,0.43845823407173157,-0.3950464725494385,0,2000,v2a_u08,4,80,42,0.0,0.4,walk_queue_ablation
1707,34.14,0.0,0.4000000059604645,0.597342848777771,0.14500601589679718,0.401401162147522,-0.03713525831699371,0,2000,v2a_u08,4,80,42,0.0,0.4,walk_queue_ablation
1708,34.160000000000004,0.0,0.4000000059604645,0.5981220006942749,0.11808284372091293,0.37178289890289307,0.1894652247428894,0,2000,v2a_u08,4,80,42,0.0,0.4,walk_queue_ablation
1709,34.18,0.0,0.4000000059604645,0.5972687005996704,0.10318753868341446,0.3291870355606079,0.3747721314430237,0,2000,v2a_u08,4,80,42,0.0,0.4,walk_queue_ablation
1710,34.2,0.0,0.4000000059604645,0.5945397615432739,0.09150727093219757,0.2932104170322418,0.49042826890945435,0,2000,v2a_u08,4,80,42,0.0,0.4,walk_queue_ablation
1711,34.22,0.0,0.4000000059604645,0.5912669897079468,0.0818953812122345,0.26266002655029297,0.4670116603374481,0,2000,v2a_u08,4,80,42,0.0,0.4,walk_queue_ablation
1712,34.24,0.0,0.4000000059604645,0.5876175165176392,0.07622384279966354,0.2363032102584839,0.4871901273727417,0,2000,v2a_u08,4,80,42,0.0,0.4,walk_queue_ablation
1713,34.26,0.0,0.4000000059604645,0.5837172269821167,0.08835757523775101,0.2163158506155014,0.42343154549598694,0,2000,v2a_u08,4,80,42,0.0,0.4,walk_queue_ablation
1714,34.28,0.0,0.4000000059604645,0.5812417268753052,0.09929914772510529,0.19456982612609863,0.2209695279598236,0,2000,v2a_u08,4,80,42,0.0,0.4,walk_queue_ablation
1715,34.300000000000004,0.0,0.4000000059604645,0.5798693895339966,0.11380267143249512,0.18214349448680878,0.09997197985649109,0,2000,v2a_u08,4,80,42,0.0,0.4,walk_queue_ablation
1716,34.32,0.0,0.4000000059604645,0.5795804262161255,0.12262476980686188,0.17197224497795105,-0.012226548977196217,0,2000,v2a_u08,4,80,42,0.0,0.4,walk_queue_ablation
1717,34.34,0.0,0.4000000059604645,0.5796862840652466,0.13206391036510468,0.16182635724544525,-0.06476485729217529,0,2000,v2a_u08,4,80,42,0.0,0.4,walk_queue_ablation
1718,34.36,0.0,0.4000000059604645,0.5798946619033813,0.1434030532836914,0.15538166463375092,-0.12453955411911011,0,2000,v2a_u08,4,80,42,0.0,0.4,walk_queue_ablation
1719,34.38,0.0,0.4000000059604645,0.5796853303909302,0.14918261766433716,0.14787976443767548,-0.10452038049697876,0,2000,v2a_u08,4,80,42,0.0,0.4,walk_queue_ablation
1720,34.4,0.0,0.4000000059604645,0.578619122505188,0.153615340590477,0.13994669914245605,-0.06481407582759857,0,2000,v2a_u08,4,80,42,0.0,0.4,walk_queue_ablation
1721,34.42,0.0,0.4000000059604645,0.5765272378921509,0.15439991652965546,0.12877888977527618,0.0016834335401654243,0,2000,v2a_u08,4,80,42,0.0,0.4,walk_queue_ablation
1722,34.44,0.0,0.4000000059604645,0.5753041505813599,0.14551179111003876,0.11364351958036423,-0.10241590440273285,0,2000,v2a_u08,4,80,42,0.0,0.4,walk_queue_ablation
1723,34.46,0.0,0.4000000059604645,0.575508713722229,0.12694071233272552,0.10142704099416733,-0.16653238236904144,0,2000,v2a_u08,4,80,42,0.0,0.4,walk_queue_ablation
1724,34.480000000000004,0.0,0.4000000059604645,0.5761123895645142,0.10421058535575867,0.0935785099864006,-0.14560875296592712,0,2000,v2a_u08,4,80,42,0.0,0.4,walk_queue_ablation
1725,34.5,0.0,0.4000000059604645,0.5766383409500122,0.08057794719934464,0.09159451723098755,-0.17426499724388123,0,2000,v2a_u08,4,80,42,0.0,0.4,walk_queue_ablation
1726,34.52,0.0,0.4000000059604645,0.5775245428085327,0.033858105540275574,0.09979171305894852,-0.37523937225341797,0,2000,v2a_u08,4,80,42,0.0,0.4,walk_queue_ablation
1727,34.54,0.0,0.4000000059604645,0.573142409324646,0.023790553212165833,0.12632933259010315,0.48412802815437317,0,2000,v2a_u08,4,80,42,0.0,0.4,walk_queue_ablation
1728,34.56,0.0,0.4000000059604645,0.5637825727462769,0.03275070711970329,0.14422878623008728,0.6614580154418945,0,2000,v2a_u08,4,80,42,0.0,0.4,walk_queue_ablation
1729,34.58,0.0,0.4000000059604645,0.5554796457290649,0.05253492668271065,0.1531974822282791,0.44382643699645996,0,2000,v2a_u08,4,80,42,0.0,0.4,walk_queue_ablation
1730,34.6,0.0,0.4000000059604645,0.5507937669754028,0.07638390362262726,0.16308541595935822,0.11864166706800461,0,2000,v2a_u08,4,80,42,0.0,0.4,walk_queue_ablation
1731,34.62,0.0,0.4000000059604645,0.5490151643753052,0.10131695866584778,0.17575742304325104,-0.05377807095646858,0,2000,v2a_u08,4,80,42,0.0,0.4,walk_queue_ablation
1732,34.64,0.0,0.4000000059604645,0.5486890077590942,0.13085702061653137,0.1909172534942627,-0.056042201817035675,0,2000,v2a_u08,4,80,42,0.0,0.4,walk_queue_ablation
1733,34.660000000000004,0.0,0.4000000059604645,0.5482512712478638,0.1564725935459137,0.20616887509822845,0.057268641889095306,0,2000,v2a_u08,4,80,42,0.0,0.4,walk_queue_ablation
1734,34.68,0.0,0.4000000059604645,0.5469681024551392,0.1706053465604782,0.22499284148216248,0.16556599736213684,0,2000,v2a_u08,4,80,42,0.0,0.4,walk_queue_ablation
1735,34.7,0.0,0.4000000059604645,0.5458217859268188,0.17431600391864777,0.242838516831398,0.12151355296373367,0,2000,v2a_u08,4,80,42,0.0,0.4,walk_queue_ablation
1736,34.72,0.0,0.4000000059604645,0.5448142290115356,0.17159181833267212,0.2681835889816284,0.1545991599559784,0,2000,v2a_u08,4,80,42,0.0,0.4,walk_queue_ablation
1737,34.74,0.0,0.4000000059604645,0.5439609289169312,0.1732141375541687,0.2962428629398346,0.11699078977108002,0,2000,v2a_u08,4,80,42,0.0,0.4,walk_queue_ablation
1738,34.76,0.0,0.4000000059604645,0.5439878702163696,0.17656977474689484,0.3252645432949066,0.029311593621969223,0,2000,v2a_u08,4,80,42,0.0,0.4,walk_queue_ablation
1739,34.78,0.0,0.4000000059604645,0.5447078943252563,0.17893649637699127,0.3578559458255768,0.028018662706017494,0,2000,v2a_u08,4,80,42,0.0,0.4,walk_queue_ablation
1740,34.800000000000004,0.0,0.4000000059604645,0.5453230142593384,0.18672175705432892,0.3935234248638153,0.10058066248893738,0,2000,v2a_u08,4,80,42,0.0,0.4,walk_queue_ablation
1741,34.82,0.0,0.4000000059604645,0.545805811882019,0.19682760536670685,0.42913180589675903,0.13462068140506744,0,2000,v2a_u08,4,80,42,0.0,0.4,walk_queue_ablation
1742,34.84,0.0,0.4000000059604645,0.5456482172012329,0.20676615834236145,0.4705538749694824,0.24205505847930908,0,2000,v2a_u08,4,80,42,0.0,0.4,walk_queue_ablation
1743,34.86,0.0,0.4000000059604645,0.5442777872085571,0.21635198593139648,0.5178168416023254,0.38394638895988464,0,2000,v2a_u08,4,80,42,0.0,0.4,walk_queue_ablation
1744,34.88,0.0,0.4000000059604645,0.5411330461502075,0.2191278040409088,0.5710673928260803,0.5177019834518433,0,2000,v2a_u08,4,80,42,0.0,0.4,walk_queue_ablation
1745,34.9,0.0,0.4000000059604645,0.5369709730148315,0.220124751329422,0.6237159967422485,0.5426044464111328,0,2000,v2a_u08,4,80,42,0.0,0.4,walk_queue_ablation
1746,34.92,0.0,0.4000000059604645,0.5328496694564819,0.22370882332324982,0.6626825332641602,0.4726101756095886,0,2000,v2a_u08,4,80,42,0.0,0.4,walk_queue_ablation
1747,34.94,0.0,0.4000000059604645,0.5292669534683228,0.1810094565153122,0.5596423745155334,0.07438153028488159,0,2000,v2a_u08,4,80,42,0.0,0.4,walk_queue_ablation
1748,34.96,0.0,0.4000000059604645,0.5327728986740112,0.15965653955936432,0.4751318097114563,-0.4389983117580414,0,2000,v2a_u08,4,80,42,0.0,0.4,walk_queue_ablation
1749,34.980000000000004,0.0,0.4000000059604645,0.538465142250061,0.13961687684059143,0.4226013123989105,-0.3458869159221649,0,2000,v2a_u08,4,80,42,0.0,0.4,walk_queue_ablation
1750,35.0,0.0,0.4000000059604645,0.541779637336731,0.11764369904994965,0.3894924223423004,0.03888577222824097,0,2000,v2a_u08,4,80,42,0.0,0.4,walk_queue_ablation
1751,35.02,0.0,0.4000000059604645,0.5415102243423462,0.09412664920091629,0.3562234938144684,0.3756510615348816,0,2000,v2a_u08,4,80,42,0.0,0.4,walk_queue_ablation
1752,35.04,0.0,0.4000000059604645,0.5386365652084351,0.08320058137178421,0.31722474098205566,0.536829948425293,0,2000,v2a_u08,4,80,42,0.0,0.4,walk_queue_ablation
1753,35.06,0.0,0.4000000059604645,0.5347663164138794,0.07317554205656052,0.2833360731601715,0.5388332009315491,0,2000,v2a_u08,4,80,42,0.0,0.4,walk_queue_ablation
1754,35.08,0.0,0.4000000059604645,0.5312851667404175,0.06226794049143791,0.25596898794174194,0.44621777534484863,0,2000,v2a_u08,4,80,42,0.0,0.4,walk_queue_ablation
1755,35.1,0.0,0.4000000059604645,0.5278316736221313,0.058816637843847275,0.23343317210674286,0.4372883439064026,0,2000,v2a_u08,4,80,42,0.0,0.4,walk_queue_ablation
1756,35.12,0.0,0.4000000059604645,0.524351954460144,0.06931998580694199,0.2161259949207306,0.3616808354854584,0,2000,v2a_u08,4,80,42,0.0,0.4,walk_queue_ablation
1757,35.14,0.0,0.4000000059604645,0.5222450494766235,0.07789589464664459,0.198638916015625,0.16789209842681885,0,2000,v2a_u08,4,80,42,0.0,0.4,walk_queue_ablation
1758,35.160000000000004,0.0,0.4000000059604645,0.5214391946792603,0.08964942395687103,0.1873118281364441,0.031368471682071686,0,2000,v2a_u08,4,80,42,0.0,0.4,walk_queue_ablation
1759,35.18,0.0,0.4000000059604645,0.5216175317764282,0.09385783225297928,0.17748181521892548,-0.062151554971933365,0,2000,v2a_u08,4,80,42,0.0,0.4,walk_queue_ablation
1760,35.2,0.0,0.4000000059604645,0.5219517946243286,0.09942231327295303,0.16829504072666168,-0.09319207072257996,0,2000,v2a_u08,4,80,42,0.0,0.4,walk_queue_ablation
1761,35.22,0.0,0.4000000059604645,0.5221010446548462,0.10538928955793381,0.1621939241886139,-0.12617243826389313,0,2000,v2a_u08,4,80,42,0.0,0.4,walk_queue_ablation
1762,35.24,0.0,0.4000000059604645,0.5217372179031372,0.10619929432868958,0.15474145114421844,-0.09978795051574707,0,2000,v2a_u08,4,80,42,0.0,0.4,walk_queue_ablation
1763,35.26,0.0,0.4000000059604645,0.5203539133071899,0.10702407360076904,0.1468142420053482,-0.04565335437655449,0,2000,v2a_u08,4,80,42,0.0,0.4,walk_queue_ablation
1764,35.28,0.0,0.4000000059604645,0.5185977220535278,0.10015424340963364,0.13571381568908691,-0.04723150655627251,0,2000,v2a_u08,4,80,42,0.0,0.4,walk_queue_ablation
1765,35.300000000000004,0.0,0.4000000059604645,0.5181595087051392,0.08156977593898773,0.12402915209531784,-0.16059830784797668,0,2000,v2a_u08,4,80,42,0.0,0.4,walk_queue_ablation
1766,35.32,0.0,0.4000000059604645,0.518896222114563,0.05608300119638443,0.11694134026765823,-0.20306384563446045,0,2000,v2a_u08,4,80,42,0.0,0.4,walk_queue_ablation
1767,35.34,0.0,0.4000000059604645,0.5198787450790405,0.026776229962706566,0.11498148739337921,-0.1974315643310547,0,2000,v2a_u08,4,80,42,0.0,0.4,walk_queue_ablation
1768,35.36,0.0,0.4000000059604645,0.5208295583724976,-0.0018032507505267859,0.12081437557935715,-0.2836526036262512,0,2000,v2a_u08,4,80,42,0.0,0.4,walk_queue_ablation
1769,35.38,0.0,0.4000000059604645,0.5220550298690796,-0.03261697292327881,0.14002758264541626,-0.07070718705654144,0,2000,v2a_u08,4,80,42,0.0,0.4,walk_queue_ablation
1770,35.4,0.0,0.4000000059604645,0.5165795087814331,-0.028368273749947548,0.1602596491575241,0.4696403741836548,0,2000,v2a_u08,4,80,42,0.0,0.4,walk_queue_ablation
1771,35.42,0.0,0.4000000059604645,0.5086294412612915,-0.008504794910550117,0.17008429765701294,0.4809287190437317,0,2000,v2a_u08,4,80,42,0.0,0.4,walk_queue_ablation
1772,35.44,0.0,0.4000000059604645,0.5028754472732544,0.01762741431593895,0.1780846118927002,0.22652271389961243,0,2000,v2a_u08,4,80,42,0.0,0.4,walk_queue_ablation
1773,35.46,0.0,0.4000000059604645,0.4999319314956665,0.049100637435913086,0.18903297185897827,0.04512834921479225,0,2000,v2a_u08,4,80,42,0.0,0.4,walk_queue_ablation
1774,35.480000000000004,0.0,0.4000000059604645,0.49873411655426025,0.08100782334804535,0.201768159866333,-0.032938387244939804,0,2000,v2a_u08,4,80,42,0.0,0.4,walk_queue_ablation
1775,35.5,0.0,0.4000000059604645,0.4985312223434448,0.11262635141611099,0.21547634899616241,-0.03345215320587158,0,2000,v2a_u08,4,80,42,0.0,0.4,walk_queue_ablation
1776,35.52,0.0,0.4000000059604645,0.49821722507476807,0.13556396961212158,0.23093973100185394,0.06165028363466263,0,2000,v2a_u08,4,80,42,0.0,0.4,walk_queue_ablation
1777,35.54,0.0,0.4000000059604645,0.4971233606338501,0.15040519833564758,0.2494596689939499,0.16963253915309906,0,2000,v2a_u08,4,80,42,0.0,0.4,walk_queue_ablation
1778,35.56,0.0,0.4000000059604645,0.49580419063568115,0.15842026472091675,0.27042412757873535,0.16767945885658264,0,2000,v2a_u08,4,80,42,0.0,0.4,walk_queue_ablation
1779,35.58,0.0,0.4000000059604645,0.49468910694122314,0.1634909063577652,0.29637888073921204,0.15967483818531036,0,2000,v2a_u08,4,80,42,0.0,0.4,walk_queue_ablation
1780,35.6,0.0,0.4000000059604645,0.49381959438323975,0.16880610585212708,0.3271183967590332,0.12684927880764008,0,2000,v2a_u08,4,80,42,0.0,0.4,walk_queue_ablation
1781,35.62,0.0,0.4000000059604645,0.49380481243133545,0.17387761175632477,0.3570975065231323,0.06461993604898453,0,2000,v2a_u08,4,80,42,0.0,0.4,walk_queue_ablation
1782,35.64,0.0,0.4000000059604645,0.4942361116409302,0.1781167984008789,0.3902599513530731,0.08738930523395538,0,2000,v2a_u08,4,80,42,0.0,0.4,walk_queue_ablation
1783,35.660000000000004,0.0,0.4000000059604645,0.49427998065948486,0.18774883449077606,0.42687949538230896,0.1811210811138153,0,2000,v2a_u08,4,80,42,0.0,0.4,walk_queue_ablation
1784,35.68,0.0,0.4000000059604645,0.4936906099319458,0.19639897346496582,0.4661896526813507,0.2606992721557617,0,2000,v2a_u08,4,80,42,0.0,0.4,walk_queue_ablation
1785,35.7,0.0,0.4000000059604645,0.49259841442108154,0.20522284507751465,0.5093480944633484,0.3323741853237152,0,2000,v2a_u08,4,80,42,0.0,0.4,walk_queue_ablation
1786,35.72,0.0,0.4000000059604645,0.49020540714263916,0.20873789489269257,0.5614736080169678,0.46770110726356506,0,2000,v2a_u08,4,80,42,0.0,0.4,walk_queue_ablation
1787,35.74,0.0,0.4000000059604645,0.4864572286605835,0.2068292498588562,0.6166308522224426,0.5276932716369629,0,2000,v2a_u08,4,80,42,0.0,0.4,walk_queue_ablation
1788,35.76,0.0,0.4000000059604645,0.4825235605239868,0.20793677866458893,0.6612594127655029,0.4652097225189209,0,2000,v2a_u08,4,80,42,0.0,0.4,walk_queue_ablation
1789,35.78,0.0,0.4000000059604645,0.4783898591995239,0.17303521931171417,0.6026921272277832,0.31590983271598816,0,2000,v2a_u08,4,80,42,0.0,0.4,walk_queue_ablation
1790,35.800000000000004,0.0,0.4000000059604645,0.48003089427948,0.15764304995536804,0.5114959478378296,-0.33109647035598755,0,2000,v2a_u08,4,80,42,0.0,0.4,walk_queue_ablation
1791,35.82,0.0,0.4000000059604645,0.48549067974090576,0.14213652908802032,0.44442933797836304,-0.41247111558914185,0,2000,v2a_u08,4,80,42,0.0,0.4,walk_queue_ablation
1792,35.84,0.0,0.4000000059604645,0.48953163623809814,0.12365108728408813,0.4064212441444397,-0.037747908383607864,0,2000,v2a_u08,4,80,42,0.0,0.4,walk_queue_ablation
1793,35.86,0.0,0.4000000059604645,0.48985421657562256,0.10068607330322266,0.37342000007629395,0.3331165611743927,0,2000,v2a_u08,4,80,42,0.0,0.4,walk_queue_ablation
1794,35.88,0.0,0.4000000059604645,0.48742496967315674,0.08918354660272598,0.33294686675071716,0.5100307464599609,0,2000,v2a_u08,4,80,42,0.0,0.4,walk_queue_ablation
1795,35.9,0.0,0.4000000059604645,0.4838217496871948,0.08026803284883499,0.2946494519710541,0.5367673635482788,0,2000,v2a_u08,4,80,42,0.0,0.4,walk_queue_ablation
1796,35.92,0.0,0.4000000059604645,0.4804013967514038,0.06944026052951813,0.265671044588089,0.4561185836791992,0,2000,v2a_u08,4,80,42,0.0,0.4,walk_queue_ablation
1797,35.94,0.0,0.4000000059604645,0.47717344760894775,0.06353767216205597,0.23998822271823883,0.43238601088523865,0,2000,v2a_u08,4,80,42,0.0,0.4,walk_queue_ablation
1798,35.96,0.0,0.4000000059604645,0.4738665819168091,0.07137420028448105,0.2201034426689148,0.3595699667930603,0,2000,v2a_u08,4,80,42,0.0,0.4,walk_queue_ablation
1799,35.980000000000004,0.0,0.4000000059604645,0.4718683958053589,0.08274367451667786,0.20081737637519836,0.1721811145544052,0,2000,v2a_u08,4,80,42,0.0,0.4,walk_queue_ablation
1800,36.0,0.0,0.4000000059604645,0.47094929218292236,0.0991785079240799,0.18661491572856903,0.05757807567715645,0,2000,v2a_u08,4,80,42,0.0,0.4,walk_queue_ablation
1801,36.02,0.0,0.4000000059604645,0.4709590673446655,0.10630255937576294,0.1761569231748581,-0.035811662673950195,0,2000,v2a_u08,4,80,42,0.0,0.4,walk_queue_ablation
1802,36.04,0.0,0.4000000059604645,0.4713550806045532,0.11751284450292587,0.16577009856700897,-0.09352124482393265,0,2000,v2a_u08,4,80,42,0.0,0.4,walk_queue_ablation
1803,36.06,0.0,0.4000000059604645,0.4718979597091675,0.1304210126399994,0.1577966958284378,-0.1469632238149643,0,2000,v2a_u08,4,80,42,0.0,0.4,walk_queue_ablation
1804,36.08,0.0,0.4000000059604645,0.4717923402786255,0.1381310075521469,0.15088415145874023,-0.10488756000995636,0,2000,v2a_u08,4,80,42,0.0,0.4,walk_queue_ablation
1805,36.1,0.0,0.4000000059604645,0.4706512689590454,0.1450084149837494,0.14271926879882812,-0.04599263146519661,0,2000,v2a_u08,4,80,42,0.0,0.4,walk_queue_ablation
1806,36.12,0.0,0.4000000059604645,0.468741774559021,0.14760076999664307,0.13037511706352234,-0.026388658210635185,0,2000,v2a_u08,4,80,42,0.0,0.4,walk_queue_ablation
1807,36.14,0.0,0.4000000059604645,0.4677666425704956,0.14011435210704803,0.11653279513120651,-0.13003015518188477,0,2000,v2a_u08,4,80,42,0.0,0.4,walk_queue_ablation
1808,36.160000000000004,0.0,0.4000000059604645,0.46833908557891846,0.12141779065132141,0.10267861932516098,-0.21540391445159912,0,2000,v2a_u08,4,80,42,0.0,0.4,walk_queue_ablation
1809,36.18,0.0,0.4000000059604645,0.4694935083389282,0.09808165580034256,0.09772814810276031,-0.19968906044960022,0,2000,v2a_u08,4,80,42,0.0,0.4,walk_queue_ablation
1810,36.2,0.0,0.4000000059604645,0.4703556299209595,0.07489582151174545,0.09677044302225113,-0.20528802275657654,0,2000,v2a_u08,4,80,42,0.0,0.4,walk_queue_ablation
1811,36.22,0.0,0.4000000059604645,0.47172439098358154,0.030023548752069473,0.10793741047382355,-0.4751582145690918,0,2000,v2a_u08,4,80,42,0.0,0.4,walk_queue_ablation
1812,36.24,0.0,0.4000000059604645,0.4681819677352905,0.02575497515499592,0.13512204587459564,0.4053916931152344,0,2000,v2a_u08,4,80,42,0.0,0.4,walk_queue_ablation
1813,36.26,0.0,0.4000000059604645,0.4595533609390259,0.03517314791679382,0.1535080075263977,0.60674649477005,0,2000,v2a_u08,4,80,42,0.0,0.4,walk_queue_ablation
1814,36.28,0.0,0.4000000059604645,0.45178186893463135,0.05240537226200104,0.16379377245903015,0.38588425517082214,0,2000,v2a_u08,4,80,42,0.0,0.4,walk_queue_ablation
1815,36.300000000000004,0.0,0.4000000059604645,0.44760310649871826,0.0773715078830719,0.17469926178455353,0.0747896060347557,0,2000,v2a_u08,4,80,42,0.0,0.4,walk_queue_ablation
1816,36.32,0.0,0.4000000059604645,0.4462829828262329,0.10355623066425323,0.18809255957603455,-0.09207018464803696,0,2000,v2a_u08,4,80,42,0.0,0.4,walk_queue_ablation
1817,36.34,0.0,0.4000000059604645,0.44627678394317627,0.13249938189983368,0.20547592639923096,-0.08474111557006836,0,2000,v2a_u08,4,80,42,0.0,0.4,walk_queue_ablation
1818,36.36,0.0,0.4000000059604645,0.44601118564605713,0.1572464406490326,0.22357124090194702,0.039519939571619034,0,2000,v2a_u08,4,80,42,0.0,0.4,walk_queue_ablation
1819,36.38,0.0,0.4000000059604645,0.4449425935745239,0.172563374042511,0.24331623315811157,0.14319868385791779,0,2000,v2a_u08,4,80,42,0.0,0.4,walk_queue_ablation
1820,36.4,0.0,0.4000000059604645,0.44395482540130615,0.17749154567718506,0.2620558738708496,0.10415352880954742,0,2000,v2a_u08,4,80,42,0.0,0.4,walk_queue_ablation
1821,36.42,0.0,0.4000000059604645,0.4430183172225952,0.1763671189546585,0.28734761476516724,0.15509697794914246,0,2000,v2a_u08,4,80,42,0.0,0.4,walk_queue_ablation
1822,36.44,0.0,0.4000000059604645,0.44223320484161377,0.18063177168369293,0.3153766691684723,0.10747723281383514,0,2000,v2a_u08,4,80,42,0.0,0.4,walk_queue_ablation
1823,36.46,0.0,0.4000000059604645,0.4422808885574341,0.18480685353279114,0.34403783082962036,0.03472908213734627,0,2000,v2a_u08,4,80,42,0.0,0.4,walk_queue_ablation
1824,36.480000000000004,0.0,0.4000000059604645,0.44299280643463135,0.18849682807922363,0.3762889802455902,0.030213378369808197,0,2000,v2a_u08,4,80,42,0.0,0.4,walk_queue_ablation
1825,36.5,0.0,0.4000000059604645,0.4437795877456665,0.19765062630176544,0.4113377630710602,0.0820080041885376,0,2000,v2a_u08,4,80,42,0.0,0.4,walk_queue_ablation
1826,36.52,0.0,0.4000000059604645,0.4444063901901245,0.20700494945049286,0.4473639726638794,0.1278456151485443,0,2000,v2a_u08,4,80,42,0.0,0.4,walk_queue_ablation
1827,36.54,0.0,0.4000000059604645,0.4443732500076294,0.2159593105316162,0.48941323161125183,0.23067070543766022,0,2000,v2a_u08,4,80,42,0.0,0.4,walk_queue_ablation
1828,36.56,0.0,0.4000000059604645,0.44325363636016846,0.2235308140516281,0.5370924472808838,0.3574617803096771,0,2000,v2a_u08,4,80,42,0.0,0.4,walk_queue_ablation
1829,36.58,0.0,0.4000000059604645,0.4403897523880005,0.2240501344203949,0.5911031365394592,0.4936310052871704,0,2000,v2a_u08,4,80,42,0.0,0.4,walk_queue_ablation
1830,36.6,0.0,0.4000000059604645,0.43644726276397705,0.22350317239761353,0.6437355875968933,0.5206896066665649,0,2000,v2a_u08,4,80,42,0.0,0.4,walk_queue_ablation
1831,36.62,0.0,0.4000000059604645,0.4325348138809204,0.2135510891675949,0.6670127511024475,0.6415486335754395,0,2000,v2a_u08,4,80,42,0.0,0.4,walk_queue_ablation
1832,36.64,0.0,0.4000000059604645,0.42970263957977295,0.18395325541496277,0.5586567521095276,-0.02792559191584587,0,2000,v2a_u08,4,80,42,0.0,0.4,walk_queue_ablation
1833,36.660000000000004,0.0,0.4000000059604645,0.43368566036224365,0.165818452835083,0.4771823287010193,-0.4223175644874573,0,2000,v2a_u08,4,80,42,0.0,0.4,walk_queue_ablation
1834,36.68,0.0,0.4000000059604645,0.43887150287628174,0.14681261777877808,0.4293903112411499,-0.24900996685028076,0,2000,v2a_u08,4,80,42,0.0,0.4,walk_queue_ablation
1835,36.7,0.0,0.4000000059604645,0.4413260221481323,0.1224515289068222,0.40114039182662964,0.12151272594928741,0,2000,v2a_u08,4,80,42,0.0,0.4,walk_queue_ablation
1836,36.72,0.0,0.4000000059604645,0.44054877758026123,0.0971011221408844,0.3659309148788452,0.3974473476409912,0,2000,v2a_u08,4,80,42,0.0,0.4,walk_queue_ablation
1837,36.74,0.0,0.4000000059604645,0.43826448917388916,0.08978639543056488,0.3266504406929016,0.4110414683818817,0,2000,v2a_u08,4,80,42,0.0,0.4,walk_queue_ablation
1838,36.76,0.0,0.4000000059604645,0.43582165241241455,0.08164527267217636,0.29586759209632874,0.37111717462539673,0,2000,v2a_u08,4,80,42,0.0,0.4,walk_queue_ablation
1839,36.78,0.0,0.4000000059604645,0.4336937665939331,0.06798205524682999,0.26673054695129395,0.3600378632545471,0,2000,v2a_u08,4,80,42,0.0,0.4,walk_queue_ablation
1840,36.800000000000004,0.0,0.4000000059604645,0.43066203594207764,0.06935207545757294,0.24758502840995789,0.40453848242759705,0,2000,v2a_u08,4,80,42,0.0,0.4,walk_queue_ablation
1841,36.82,0.0,0.4000000059604645,0.42775774002075195,0.08667559176683426,0.22629183530807495,0.30163252353668213,0,2000,v2a_u08,4,80,42,0.0,0.4,walk_queue_ablation
1842,36.84,0.0,0.4000000059604645,0.4255366325378418,0.09671692550182343,0.20862017571926117,0.21503575146198273,0,2000,v2a_u08,4,80,42,0.0,0.4,walk_queue_ablation
1843,36.86,0.0,0.4000000059604645,0.4242100715637207,0.10609261691570282,0.19901850819587708,0.08942775428295135,0,2000,v2a_u08,4,80,42,0.0,0.4,walk_queue_ablation
1844,36.88,0.0,0.4000000059604645,0.4239925146102905,0.11202937364578247,0.18809908628463745,-0.03026662953197956,0,2000,v2a_u08,4,80,42,0.0,0.4,walk_queue_ablation
1845,36.9,0.0,0.4000000059604645,0.42427587509155273,0.12349583208560944,0.1810632348060608,-0.10986018180847168,0,2000,v2a_u08,4,80,42,0.0,0.4,walk_queue_ablation
1846,36.92,0.0,0.4000000059604645,0.42435169219970703,0.13190945982933044,0.1771969348192215,-0.11740969121456146,0,2000,v2a_u08,4,80,42,0.0,0.4,walk_queue_ablation
1847,36.94,0.0,0.4000000059604645,0.4240245819091797,0.1366264820098877,0.17241999506950378,-0.11557840555906296,0,2000,v2a_u08,4,80,42,0.0,0.4,walk_queue_ablation
1848,36.96,0.0,0.4000000059604645,0.4230227470397949,0.13977113366127014,0.16338859498500824,-0.0873546302318573,0,2000,v2a_u08,4,80,42,0.0,0.4,walk_queue_ablation
1849,36.980000000000004,0.0,0.4000000059604645,0.42173731327056885,0.13704197108745575,0.15234489738941193,-0.1034640520811081,0,2000,v2a_u08,4,80,42,0.0,0.4,walk_queue_ablation
1850,37.0,0.0,0.4000000059604645,0.42205989360809326,0.12371826171875,0.1409924179315567,-0.24256913363933563,0,2000,v2a_u08,4,80,42,0.0,0.4,walk_queue_ablation
1851,37.02,0.0,0.4000000059604645,0.4235045909881592,0.10184919089078903,0.1350347101688385,-0.26742011308670044,0,2000,v2a_u08,4,80,42,0.0,0.4,walk_queue_ablation
1852,37.04,0.0,0.4000000059604645,0.42497706413269043,0.07235030084848404,0.13298627734184265,-0.23246613144874573,0,2000,v2a_u08,4,80,42,0.0,0.4,walk_queue_ablation
1853,37.06,0.0,0.4000000059604645,0.426061749458313,0.04395250231027603,0.13881045579910278,-0.26327624917030334,0,2000,v2a_u08,4,80,42,0.0,0.4,walk_queue_ablation
1854,37.08,0.0,0.4000000059604645,0.4268951416015625,0.008589238859713078,0.15620286762714386,-0.03761591017246246,0,2000,v2a_u08,4,80,42,0.0,0.4,walk_queue_ablation
1855,37.1,0.0,0.4000000059604645,0.4211091995239258,0.005390188656747341,0.17642119526863098,0.47987204790115356,0,2000,v2a_u08,4,80,42,0.0,0.4,walk_queue_ablation
1856,37.12,0.0,0.4000000059604645,0.41298890113830566,0.02006557211279869,0.18659809231758118,0.47658854722976685,0,2000,v2a_u08,4,80,42,0.0,0.4,walk_queue_ablation
1857,37.14,0.0,0.4000000059604645,0.40722501277923584,0.04588678479194641,0.19346804916858673,0.20859193801879883,0,2000,v2a_u08,4,80,42,0.0,0.4,walk_queue_ablation
1858,37.160000000000004,0.0,0.4000000059604645,0.40440213680267334,0.07699190825223923,0.20393092930316925,0.01676878333091736,0,2000,v2a_u08,4,80,42,0.0,0.4,walk_queue_ablation
1859,37.18,0.0,0.4000000059604645,0.4035073518753052,0.10910648852586746,0.2165074348449707,-0.07801744341850281,0,2000,v2a_u08,4,80,42,0.0,0.4,walk_queue_ablation
1860,37.2,0.0,0.4000000059604645,0.40370702743530273,0.14166080951690674,0.23006968200206757,-0.07539194822311401,0,2000,v2a_u08,4,80,42,0.0,0.4,walk_queue_ablation
1861,37.22,0.0,0.4000000059604645,0.40374839305877686,0.1653866171836853,0.2446567416191101,0.0292582456022501,0,2000,v2a_u08,4,80,42,0.0,0.4,walk_queue_ablation
1862,37.24,0.0,0.4000000059604645,0.40298914909362793,0.1795981228351593,0.2633524537086487,0.1325080543756485,0,2000,v2a_u08,4,80,42,0.0,0.4,walk_queue_ablation
1863,37.26,0.0,0.4000000059604645,0.40209126472473145,0.1865105777978897,0.28382909297943115,0.12288238853216171,0,2000,v2a_u08,4,80,42,0.0,0.4,walk_queue_ablation
1864,37.28,0.0,0.4000000059604645,0.4013105630874634,0.19019557535648346,0.31052911281585693,0.13333168625831604,0,2000,v2a_u08,4,80,42,0.0,0.4,walk_queue_ablation
1865,37.300000000000004,0.0,0.4000000059604645,0.40069901943206787,0.19432173669338226,0.3417331874370575,0.10240891575813293,0,2000,v2a_u08,4,80,42,0.0,0.4,walk_queue_ablation
1866,37.32,0.0,0.4000000059604645,0.4008752107620239,0.19988328218460083,0.37218964099884033,0.050092630088329315,0,2000,v2a_u08,4,80,42,0.0,0.4,walk_queue_ablation
1867,37.34,0.0,0.4000000059604645,0.40139997005462646,0.20518717169761658,0.4055306315422058,0.08227221667766571,0,2000,v2a_u08,4,80,42,0.0,0.4,walk_queue_ablation
1868,37.36,0.0,0.4000000059604645,0.40149974822998047,0.216725692152977,0.4426193833351135,0.1765647679567337,0,2000,v2a_u08,4,80,42,0.0,0.4,walk_queue_ablation
1869,37.38,0.0,0.4000000059604645,0.40099871158599854,0.22733759880065918,0.4826100170612335,0.25250905752182007,0,2000,v2a_u08,4,80,42,0.0,0.4,walk_queue_ablation
1870,37.4,0.0,0.4000000059604645,0.40000617504119873,0.23765338957309723,0.5270633697509766,0.323189914226532,0,2000,v2a_u08,4,80,42,0.0,0.4,walk_queue_ablation
1871,37.42,0.0,0.4000000059604645,0.39775872230529785,0.24136444926261902,0.5804987549781799,0.4469422399997711,0,2000,v2a_u08,4,80,42,0.0,0.4,walk_queue_ablation
1872,37.44,0.0,0.4000000059604645,0.39430487155914307,0.23950918018817902,0.6365243792533875,0.4957740306854248,0,2000,v2a_u08,4,80,42,0.0,0.4,walk_queue_ablation
1873,37.46,0.0,0.4000000059604645,0.3907184600830078,0.24064455926418304,0.681181788444519,0.4358663260936737,0,2000,v2a_u08,4,80,42,0.0,0.4,walk_queue_ablation
1874,37.480000000000004,0.0,0.4000000059604645,0.38686883449554443,0.20084261894226074,0.6040891408920288,0.20756453275680542,0,2000,v2a_u08,4,80,42,0.0,0.4,walk_queue_ablation
1875,37.5,0.0,0.4000000059604645,0.3894563913345337,0.18325458467006683,0.5122570395469666,-0.40656226873397827,0,2000,v2a_u08,4,80,42,0.0,0.4,walk_queue_ablation
1876,37.52,0.0,0.4000000059604645,0.39527082443237305,0.1659163385629654,0.4480915665626526,-0.4081556499004364,0,2000,v2a_u08,4,80,42,0.0,0.4,walk_queue_ablation
1877,37.54,0.0,0.4000000059604645,0.39911186695098877,0.14595827460289001,0.41340380907058716,-0.0045129479840397835,0,2000,v2a_u08,4,80,42,0.0,0.4,walk_queue_ablation
1878,37.56,0.0,0.4000000059604645,0.39917027950286865,0.12253563106060028,0.37929874658584595,0.3520117998123169,0,2000,v2a_u08,4,80,42,0.0,0.4,walk_queue_ablation
1879,37.58,0.0,0.4000000059604645,0.39667534828186035,0.10939621180295944,0.3384721577167511,0.5108113884925842,0,2000,v2a_u08,4,80,42,0.0,0.4,walk_queue_ablation
1880,37.6,0.0,0.4000000059604645,0.39323675632476807,0.10044476389884949,0.3020001947879791,0.5005500316619873,0,2000,v2a_u08,4,80,42,0.0,0.4,walk_queue_ablation
1881,37.62,0.0,0.4000000059604645,0.3902571201324463,0.08946242928504944,0.27216508984565735,0.41098088026046753,0,2000,v2a_u08,4,80,42,0.0,0.4,walk_queue_ablation
1882,37.64,0.0,0.4000000059604645,0.38739192485809326,0.08218865841627121,0.24685251712799072,0.39066076278686523,0,2000,v2a_u08,4,80,42,0.0,0.4,walk_queue_ablation
1883,37.660000000000004,0.0,0.4000000059604645,0.3844853639602661,0.09231705218553543,0.22777976095676422,0.32302242517471313,0,2000,v2a_u08,4,80,42,0.0,0.4,walk_queue_ablation
1884,37.68,0.0,0.4000000059604645,0.38277947902679443,0.1030648797750473,0.20734669268131256,0.1486121267080307,0,2000,v2a_u08,4,80,42,0.0,0.4,walk_queue_ablation
1885,37.7,0.0,0.4000000059604645,0.3820207118988037,0.11859092116355896,0.19470550119876862,0.046298179775476456,0,2000,v2a_u08,4,80,42,0.0,0.4,walk_queue_ablation
1886,37.72,0.0,0.4000000059604645,0.3821859359741211,0.1260206252336502,0.18334953486919403,-0.04876583069562912,0,2000,v2a_u08,4,80,42,0.0,0.4,walk_queue_ablation
1887,37.74,0.0,0.4000000059604645,0.3826640844345093,0.13757219910621643,0.1730816513299942,-0.09634564816951752,0,2000,v2a_u08,4,80,42,0.0,0.4,walk_queue_ablation
1888,37.76,0.0,0.4000000059604645,0.3830763101577759,0.15093347430229187,0.16619405150413513,-0.13462992012500763,0,2000,v2a_u08,4,80,42,0.0,0.4,walk_queue_ablation
1889,37.78,0.0,0.4000000059604645,0.3829467296600342,0.15979640185832977,0.15938793122768402,-0.1107325330376625,0,2000,v2a_u08,4,80,42,0.0,0.4,walk_queue_ablation
1890,37.800000000000004,0.0,0.4000000059604645,0.38198184967041016,0.16782109439373016,0.15118949115276337,-0.07732831686735153,0,2000,v2a_u08,4,80,42,0.0,0.4,walk_queue_ablation
1891,37.82,0.0,0.4000000059604645,0.38031530380249023,0.17131581902503967,0.14046558737754822,-0.05818638578057289,0,2000,v2a_u08,4,80,42,0.0,0.4,walk_queue_ablation
1892,37.84,0.0,0.4000000059604645,0.3797628879547119,0.1644478440284729,0.1259208619594574,-0.18283820152282715,0,2000,v2a_u08,4,80,42,0.0,0.4,walk_queue_ablation
1893,37.86,0.0,0.4000000059604645,0.3810100555419922,0.1463552713394165,0.11460766196250916,-0.28620389103889465,0,2000,v2a_u08,4,80,42,0.0,0.4,walk_queue_ablation
1894,37.88,0.0,0.4000000059604645,0.3828310966491699,0.12425097078084946,0.10757441818714142,-0.2637598514556885,0,2000,v2a_u08,4,80,42,0.0,0.4,walk_queue_ablation
1895,37.9,0.0,0.4000000059604645,0.3842751979827881,0.10134568810462952,0.10760162025690079,-0.24202999472618103,0,2000,v2a_u08,4,80,42,0.0,0.4,walk_queue_ablation
1896,37.92,0.0,0.4000000059604645,0.3858541250228882,0.054915595799684525,0.11834725737571716,-0.4802663028240204,0,2000,v2a_u08,4,80,42,0.0,0.4,walk_queue_ablation
1897,37.94,0.0,0.4000000059604645,0.38245904445648193,0.048001524060964584,0.14507421851158142,0.3791085481643677,0,2000,v2a_u08,4,80,42,0.0,0.4,walk_queue_ablation
1898,37.96,0.0,0.4000000059604645,0.37404870986938477,0.05490591377019882,0.1622728556394577,0.5783078670501709,0,2000,v2a_u08,4,80,42,0.0,0.4,walk_queue_ablation
1899,37.980000000000004,0.0,0.4000000059604645,0.36654508113861084,0.0730038434267044,0.1715109497308731,0.3533170223236084,0,2000,v2a_u08,4,80,42,0.0,0.4,walk_queue_ablation
1900,38.0,0.0,0.4000000059604645,0.3626830577850342,0.09606371819972992,0.18183039128780365,0.030604347586631775,0,2000,v2a_u08,4,80,42,0.0,0.4,walk_queue_ablation
1901,38.02,0.0,0.4000000059604645,0.3618464469909668,0.12125656753778458,0.19499549269676208,-0.15242138504981995,0,2000,v2a_u08,4,80,42,0.0,0.4,walk_queue_ablation
1902,38.04,0.0,0.4000000059604645,0.3623453378677368,0.15037423372268677,0.21176449954509735,-0.130660280585289,0,2000,v2a_u08,4,80,42,0.0,0.4,walk_queue_ablation
1903,38.06,0.0,0.4000000059604645,0.36248672008514404,0.17710170149803162,0.22874577343463898,0.00976601429283619,0,2000,v2a_u08,4,80,42,0.0,0.4,walk_queue_ablation
1904,38.08,0.0,0.4000000059604645,0.3614708185195923,0.1929224580526352,0.24897582828998566,0.14935584366321564,0,2000,v2a_u08,4,80,42,0.0,0.4,walk_queue_ablation
1905,38.1,0.0,0.4000000059604645,0.3603860139846802,0.1983242779970169,0.26741546392440796,0.11462761461734772,0,2000,v2a_u08,4,80,42,0.0,0.4,walk_queue_ablation
1906,38.12,0.0,0.4000000059604645,0.35931551456451416,0.19671884179115295,0.29298636317253113,0.1648993194103241,0,2000,v2a_u08,4,80,42,0.0,0.4,walk_queue_ablation
1907,38.14,0.0,0.4000000059604645,0.3583800792694092,0.20042957365512848,0.32067519426345825,0.12331525981426239,0,2000,v2a_u08,4,80,42,0.0,0.4,walk_queue_ablation
1908,38.160000000000004,0.0,0.4000000059604645,0.3582507371902466,0.20479077100753784,0.34957748651504517,0.04782424867153168,0,2000,v2a_u08,4,80,42,0.0,0.4,walk_queue_ablation
1909,38.18,0.0,0.4000000059604645,0.3587799072265625,0.20888055860996246,0.3819704055786133,0.04329201579093933,0,2000,v2a_u08,4,80,42,0.0,0.4,walk_queue_ablation
1910,38.2,0.0,0.4000000059604645,0.3594127893447876,0.21910563111305237,0.41680285334587097,0.09221559762954712,0,2000,v2a_u08,4,80,42,0.0,0.4,walk_queue_ablation
1911,38.22,0.0,0.4000000059604645,0.3600853681564331,0.229763925075531,0.452464759349823,0.11104466766119003,0,2000,v2a_u08,4,80,42,0.0,0.4,walk_queue_ablation
1912,38.24,0.0,0.4000000059604645,0.36029136180877686,0.23930896818637848,0.4946663975715637,0.20173949003219604,0,2000,v2a_u08,4,80,42,0.0,0.4,walk_queue_ablation
1913,38.26,0.0,0.4000000059604645,0.3595409393310547,0.24711808562278748,0.5425105690956116,0.3146773874759674,0,2000,v2a_u08,4,80,42,0.0,0.4,walk_queue_ablation
1914,38.28,0.0,0.4000000059604645,0.3572007417678833,0.2475074976682663,0.5968800783157349,0.4364449679851532,0,2000,v2a_u08,4,80,42,0.0,0.4,walk_queue_ablation
1915,38.300000000000004,0.0,0.4000000059604645,0.3538476228713989,0.24646848440170288,0.6502684950828552,0.46781399846076965,0,2000,v2a_u08,4,80,42,0.0,0.4,walk_queue_ablation
1916,38.32,0.0,0.4000000059604645,0.3504294157028198,0.23524147272109985,0.6701240539550781,0.6112650632858276,0,2000,v2a_u08,4,80,42,0.0,0.4,walk_queue_ablation
1917,38.34,0.0,0.4000000059604645,0.3478935956954956,0.20332276821136475,0.5614347457885742,-0.06923069059848785,0,2000,v2a_u08,4,80,42,0.0,0.4,walk_queue_ablation
1918,38.36,0.0,0.4000000059604645,0.3521658182144165,0.1833866834640503,0.4817922115325928,-0.44222497940063477,0,2000,v2a_u08,4,80,42,0.0,0.4,walk_queue_ablation
1919,38.38,0.0,0.4000000059604645,0.3574410676956177,0.16388903558254242,0.4334966838359833,-0.24975581467151642,0,2000,v2a_u08,4,80,42,0.0,0.4,walk_queue_ablation
1920,38.4,0.0,0.4000000059604645,0.35993146896362305,0.13837014138698578,0.40495389699935913,0.1206980049610138,0,2000,v2a_u08,4,80,42,0.0,0.4,walk_queue_ablation
1921,38.42,0.0,0.4000000059604645,0.3592633008956909,0.11430248618125916,0.36929425597190857,0.37285730242729187,0,2000,v2a_u08,4,80,42,0.0,0.4,walk_queue_ablation
1922,38.44,0.0,0.4000000059604645,0.3572359085083008,0.10545649379491806,0.3305579423904419,0.39452457427978516,0,2000,v2a_u08,4,80,42,0.0,0.4,walk_queue_ablation
1923,38.46,0.0,0.4000000059604645,0.3550126552581787,0.0964324101805687,0.2991528809070587,0.3577292859554291,0,2000,v2a_u08,4,80,42,0.0,0.4,walk_queue_ablation
1924,38.480000000000004,0.0,0.4000000059604645,0.35297226905822754,0.08341512084007263,0.271672785282135,0.3435439169406891,0,2000,v2a_u08,4,80,42,0.0,0.4,walk_queue_ablation
1925,38.5,0.0,0.4000000059604645,0.3502485752105713,0.0855940505862236,0.25023403763771057,0.36857759952545166,0,2000,v2a_u08,4,80,42,0.0,0.4,walk_queue_ablation
1926,38.52,0.0,0.4000000059604645,0.34769999980926514,0.09880330413579941,0.23013873398303986,0.2716153562068939,0,2000,v2a_u08,4,80,42,0.0,0.4,walk_queue_ablation
1927,38.54,0.0,0.4000000059604645,0.3457808494567871,0.1097320020198822,0.21448194980621338,0.1831844300031662,0,2000,v2a_u08,4,80,42,0.0,0.4,walk_queue_ablation
1928,38.56,0.0,0.4000000059604645,0.34475529193878174,0.11992336064577103,0.20253761112689972,0.06753740459680557,0,2000,v2a_u08,4,80,42,0.0,0.4,walk_queue_ablation
1929,38.58,0.0,0.4000000059604645,0.34457457065582275,0.12665894627571106,0.19345590472221375,-0.03218384087085724,0,2000,v2a_u08,4,80,42,0.0,0.4,walk_queue_ablation
1930,38.6,0.0,0.4000000059604645,0.34486472606658936,0.1381988227367401,0.18576157093048096,-0.10868637263774872,0,2000,v2a_u08,4,80,42,0.0,0.4,walk_queue_ablation
1931,38.62,0.0,0.4000000059604645,0.34503400325775146,0.1468161791563034,0.18137460947036743,-0.12629985809326172,0,2000,v2a_u08,4,80,42,0.0,0.4,walk_queue_ablation
1932,38.64,0.0,0.4000000059604645,0.3445926904678345,0.15164296329021454,0.17593343555927277,-0.1020745038986206,0,2000,v2a_u08,4,80,42,0.0,0.4,walk_queue_ablation
1933,38.660000000000004,0.0,0.4000000059604645,0.3434487581253052,0.15581995248794556,0.16895151138305664,-0.08877455443143845,0,2000,v2a_u08,4,80,42,0.0,0.4,walk_queue_ablation
1934,38.68,0.0,0.4000000059604645,0.3423365354537964,0.15286430716514587,0.15821197628974915,-0.1262175440788269,0,2000,v2a_u08,4,80,42,0.0,0.4,walk_queue_ablation
1935,38.7,0.0,0.4000000059604645,0.3429030179977417,0.1378260850906372,0.14708413183689117,-0.2681913673877716,0,2000,v2a_u08,4,80,42,0.0,0.4,walk_queue_ablation
1936,38.72,0.0,0.4000000059604645,0.34480035305023193,0.11456844210624695,0.140952467918396,-0.310086190700531,0,2000,v2a_u08,4,80,42,0.0,0.4,walk_queue_ablation
1937,38.74,0.0,0.4000000059604645,0.346748948097229,0.08817008137702942,0.13798613846302032,-0.2681233882904053,0,2000,v2a_u08,4,80,42,0.0,0.4,walk_queue_ablation
1938,38.76,0.0,0.4000000059604645,0.3479970693588257,0.06003473326563835,0.14467783272266388,-0.25816282629966736,0,2000,v2a_u08,4,80,42,0.0,0.4,walk_queue_ablation
1939,38.78,0.0,0.4000000059604645,0.3487720489501953,0.022080788388848305,0.1621217280626297,-0.05017852783203125,0,2000,v2a_u08,4,80,42,0.0,0.4,walk_queue_ablation
1940,38.800000000000004,0.0,0.4000000059604645,0.3431425094604492,0.01772228814661503,0.18247225880622864,0.4610667824745178,0,2000,v2a_u08,4,80,42,0.0,0.4,walk_queue_ablation
1941,38.82,0.0,0.4000000059604645,0.33514463901519775,0.03261101618409157,0.1931372731924057,0.4577426314353943,0,2000,v2a_u08,4,80,42,0.0,0.4,walk_queue_ablation
1942,38.84,0.0,0.4000000059604645,0.32949721813201904,0.05507368594408035,0.19997075200080872,0.17418934404850006,0,2000,v2a_u08,4,80,42,0.0,0.4,walk_queue_ablation
1943,38.86,0.0,0.4000000059604645,0.32734429836273193,0.0858120545744896,0.20966660976409912,-0.07381531596183777,0,2000,v2a_u08,4,80,42,0.0,0.4,walk_queue_ablation
1944,38.88,0.0,0.4000000059604645,0.32721471786499023,0.11594423651695251,0.22242826223373413,-0.14662957191467285,0,2000,v2a_u08,4,80,42,0.0,0.4,walk_queue_ablation
1945,38.9,0.0,0.4000000059604645,0.32794713973999023,0.1483289897441864,0.23570860922336578,-0.11297023296356201,0,2000,v2a_u08,4,80,42,0.0,0.4,walk_queue_ablation
1946,38.92,0.0,0.4000000059604645,0.3281358480453491,0.17195583879947662,0.25034165382385254,0.030684594064950943,0,2000,v2a_u08,4,80,42,0.0,0.4,walk_queue_ablation
1947,38.94,0.0,0.4000000059604645,0.32716596126556396,0.18458333611488342,0.26956412196159363,0.16407108306884766,0,2000,v2a_u08,4,80,42,0.0,0.4,walk_queue_ablation
1948,38.96,0.0,0.4000000059604645,0.3260742425918579,0.18781639635562897,0.28982797265052795,0.13331753015518188,0,2000,v2a_u08,4,80,42,0.0,0.4,walk_queue_ablation
1949,38.980000000000004,0.0,0.4000000059604645,0.32508862018585205,0.1878623366355896,0.3177669942378998,0.15887011587619781,0,2000,v2a_u08,4,80,42,0.0,0.4,walk_queue_ablation
1950,39.0,0.0,0.4000000059604645,0.32432281970977783,0.19107043743133545,0.3492773473262787,0.1074582114815712,0,2000,v2a_u08,4,80,42,0.0,0.4,walk_queue_ablation
1951,39.02,0.0,0.4000000059604645,0.3244830369949341,0.19601932168006897,0.38156265020370483,0.04058733209967613,0,2000,v2a_u08,4,80,42,0.0,0.4,walk_queue_ablation
1952,39.04,0.0,0.4000000059604645,0.3250960111618042,0.2014227658510208,0.4157065749168396,0.06619137525558472,0,2000,v2a_u08,4,80,42,0.0,0.4,walk_queue_ablation
1953,39.06,0.0,0.4000000059604645,0.32544398307800293,0.21317844092845917,0.4532291293144226,0.1438918262720108,0,2000,v2a_u08,4,80,42,0.0,0.4,walk_queue_ablation
1954,39.08,0.0,0.4000000059604645,0.32532334327697754,0.22386856377124786,0.4937792420387268,0.2167873978614807,0,2000,v2a_u08,4,80,42,0.0,0.4,walk_queue_ablation
1955,39.1,0.0,0.4000000059604645,0.3247184753417969,0.2333807349205017,0.5395738482475281,0.28285619616508484,0,2000,v2a_u08,4,80,42,0.0,0.4,walk_queue_ablation
1956,39.12,0.0,0.4000000059604645,0.32293498516082764,0.23630574345588684,0.5941834449768066,0.40629610419273376,0,2000,v2a_u08,4,80,42,0.0,0.4,walk_queue_ablation
1957,39.14,0.0,0.4000000059604645,0.31986749172210693,0.23298808932304382,0.6516096591949463,0.46499761939048767,0,2000,v2a_u08,4,80,42,0.0,0.4,walk_queue_ablation
1958,39.160000000000004,0.0,0.4000000059604645,0.3165658712387085,0.23307442665100098,0.6941176056861877,0.4198409914970398,0,2000,v2a_u08,4,80,42,0.0,0.4,walk_queue_ablation
1959,39.18,0.0,0.4000000059604645,0.31281590461730957,0.1953243911266327,0.6065472364425659,0.1391637623310089,0,2000,v2a_u08,4,80,42,0.0,0.4,walk_queue_ablation
1960,39.2,0.0,0.4000000059604645,0.3158024549484253,0.17581087350845337,0.5129989385604858,-0.4309820830821991,0,2000,v2a_u08,4,80,42,0.0,0.4,walk_queue_ablation
1961,39.22,0.0,0.4000000059604645,0.3218330144882202,0.1605985015630722,0.45281946659088135,-0.4150090515613556,0,2000,v2a_u08,4,80,42,0.0,0.4,walk_queue_ablation
1962,39.24,0.0,0.4000000059604645,0.3258160352706909,0.14035391807556152,0.418769896030426,-0.01796482875943184,0,2000,v2a_u08,4,80,42,0.0,0.4,walk_queue_ablation
1963,39.26,0.0,0.4000000059604645,0.32615721225738525,0.11674684286117554,0.3850807845592499,0.3173680305480957,0,2000,v2a_u08,4,80,42,0.0,0.4,walk_queue_ablation
1964,39.28,0.0,0.4000000059604645,0.3240436315536499,0.10537111759185791,0.34484371542930603,0.4649994373321533,0,2000,v2a_u08,4,80,42,0.0,0.4,walk_queue_ablation
1965,39.300000000000004,0.0,0.4000000059604645,0.32092392444610596,0.09588432312011719,0.30957406759262085,0.48261454701423645,0,2000,v2a_u08,4,80,42,0.0,0.4,walk_queue_ablation
1966,39.32,0.0,0.4000000059604645,0.3180044889450073,0.08523577451705933,0.2796310782432556,0.40830594301223755,0,2000,v2a_u08,4,80,42,0.0,0.4,walk_queue_ablation
1967,39.34,0.0,0.4000000059604645,0.3150876760482788,0.07916586101055145,0.2532997131347656,0.39807817339897156,0,2000,v2a_u08,4,80,42,0.0,0.4,walk_queue_ablation
1968,39.36,0.0,0.4000000059604645,0.31199371814727783,0.08988150209188461,0.23532840609550476,0.34033212065696716,0,2000,v2a_u08,4,80,42,0.0,0.4,walk_queue_ablation
1969,39.38,0.0,0.4000000059604645,0.3100954294204712,0.10095822066068649,0.21617010235786438,0.16077417135238647,0,2000,v2a_u08,4,80,42,0.0,0.4,walk_queue_ablation
1970,39.4,0.0,0.4000000059604645,0.30928659439086914,0.11837733536958694,0.20375484228134155,0.044375449419021606,0,2000,v2a_u08,4,80,42,0.0,0.4,walk_queue_ablation
1971,39.42,0.0,0.4000000059604645,0.30942094326019287,0.1269637644290924,0.1930759698152542,-0.04654502868652344,0,2000,v2a_u08,4,80,42,0.0,0.4,walk_queue_ablation
1972,39.44,0.0,0.4000000059604645,0.30985987186431885,0.13879895210266113,0.18327735364437103,-0.09992167353630066,0,2000,v2a_u08,4,80,42,0.0,0.4,walk_queue_ablation
1973,39.46,0.0,0.4000000059604645,0.3104720115661621,0.15201321244239807,0.17608040571212769,-0.16001509130001068,0,2000,v2a_u08,4,80,42,0.0,0.4,walk_queue_ablation
1974,39.480000000000004,0.0,0.4000000059604645,0.31059789657592773,0.1607619971036911,0.17140939831733704,-0.1351793110370636,0,2000,v2a_u08,4,80,42,0.0,0.4,walk_queue_ablation
1975,39.5,0.0,0.4000000059604645,0.3099287748336792,0.16964825987815857,0.16294655203819275,-0.10080990195274353,0,2000,v2a_u08,4,80,42,0.0,0.4,walk_queue_ablation
1976,39.52,0.0,0.4000000059604645,0.3086308240890503,0.1728682667016983,0.15004433691501617,-0.09421936422586441,0,2000,v2a_u08,4,80,42,0.0,0.4,walk_queue_ablation
1977,39.54,0.0,0.4000000059604645,0.30850815773010254,0.16479003429412842,0.13557158410549164,-0.22340485453605652,0,2000,v2a_u08,4,80,42,0.0,0.4,walk_queue_ablation
1978,39.56,0.0,0.4000000059604645,0.3102148771286011,0.14578723907470703,0.12299548834562302,-0.32480135560035706,0,2000,v2a_u08,4,80,42,0.0,0.4,walk_queue_ablation
1979,39.58,0.0,0.4000000059604645,0.3122183084487915,0.12301484495401382,0.11863347887992859,-0.2666857838630676,0,2000,v2a_u08,4,80,42,0.0,0.4,walk_queue_ablation
1980,39.6,0.0,0.4000000059604645,0.3135068416595459,0.09920867532491684,0.11867763847112656,-0.22221970558166504,0,2000,v2a_u08,4,80,42,0.0,0.4,walk_queue_ablation
1981,39.62,0.0,0.4000000059604645,0.31511926651000977,0.05645911768078804,0.13106851279735565,-0.3832273483276367,0,2000,v2a_u08,4,80,42,0.0,0.4,walk_queue_ablation
1982,39.64,0.0,0.4000000059604645,0.3114285469055176,0.04656674712896347,0.15531538426876068,0.3743702173233032,0,2000,v2a_u08,4,80,42,0.0,0.4,walk_queue_ablation
1983,39.660000000000004,0.0,0.4000000059604645,0.30317986011505127,0.05207497999072075,0.17277295887470245,0.5460582971572876,0,2000,v2a_u08,4,80,42,0.0,0.4,walk_queue_ablation
1984,39.68,0.0,0.4000000059604645,0.2962554693222046,0.06965278834104538,0.181971475481987,0.29671600461006165,0,2000,v2a_u08,4,80,42,0.0,0.4,walk_queue_ablation
1985,39.7,0.0,0.4000000059604645,0.29297590255737305,0.09608899056911469,0.19258542358875275,-0.0036222068592906,0,2000,v2a_u08,4,80,42,0.0,0.4,walk_queue_ablation
1986,39.72,0.0,0.4000000059604645,0.2922857999801636,0.12164805829524994,0.2069285362958908,-0.1484566479921341,0,2000,v2a_u08,4,80,42,0.0,0.4,walk_queue_ablation
1987,39.74,0.0,0.4000000059604645,0.29299819469451904,0.1530914455652237,0.22267454862594604,-0.15516118705272675,0,2000,v2a_u08,4,80,42,0.0,0.4,walk_queue_ablation
1988,39.76,0.0,0.4000000059604645,0.29326462745666504,0.17872612178325653,0.24047699570655823,-0.0017486996948719025,0,2000,v2a_u08,4,80,42,0.0,0.4,walk_queue_ablation
1989,39.78,0.0,0.4000000059604645,0.29257631301879883,0.19433555006980896,0.26027175784111023,0.10693134367465973,0,2000,v2a_u08,4,80,42,0.0,0.4,walk_queue_ablation
1990,39.800000000000004,0.0,0.4000000059604645,0.2919895648956299,0.19920916855335236,0.27776744961738586,0.06585320830345154,0,2000,v2a_u08,4,80,42,0.0,0.4,walk_queue_ablation
1991,39.82,0.0,0.4000000059604645,0.29140162467956543,0.1987280547618866,0.3027130961418152,0.12342987954616547,0,2000,v2a_u08,4,80,42,0.0,0.4,walk_queue_ablation
1992,39.84,0.0,0.4000000059604645,0.29085540771484375,0.2025369554758072,0.3306754529476166,0.08903052657842636,0,2000,v2a_u08,4,80,42,0.0,0.4,walk_queue_ablation
1993,39.86,0.0,0.4000000059604645,0.29090559482574463,0.2069588154554367,0.36005789041519165,0.04676443338394165,0,2000,v2a_u08,4,80,42,0.0,0.4,walk_queue_ablation
1994,39.88,0.0,0.4000000059604645,0.2913699150085449,0.212079256772995,0.3921706974506378,0.06102541834115982,0,2000,v2a_u08,4,80,42,0.0,0.4,walk_queue_ablation
1995,39.9,0.0,0.4000000059604645,0.2917226552963257,0.2239915281534195,0.4274884760379791,0.1260824203491211,0,2000,v2a_u08,4,80,42,0.0,0.4,walk_queue_ablation
1996,39.92,0.0,0.4000000059604645,0.2919872999191284,0.23611608147621155,0.46398481726646423,0.15295690298080444,0,2000,v2a_u08,4,80,42,0.0,0.4,walk_queue_ablation
1997,39.94,0.0,0.4000000059604645,0.2918055057525635,0.24616128206253052,0.507003128528595,0.2306688129901886,0,2000,v2a_u08,4,80,42,0.0,0.4,walk_queue_ablation
1998,39.96,0.0,0.4000000059604645,0.29086124897003174,0.254787415266037,0.5552902221679688,0.32963475584983826,0,2000,v2a_u08,4,80,42,0.0,0.4,walk_queue_ablation
1999,39.980000000000004,0.0,0.4000000059604645,-1.3177984952926636,-0.4408535361289978,0.5005143284797668,-0.3741647005081177,0,2000,v2a_u08,4,80,42,0.0,0.4,walk_queue_ablation
