step,time_s,vx_cmd,vy_cmd,yaw_cmd,vx_actual,vy_actual,yaw_actual,fell,episode_steps,policy,delay_steps,delay_ms,seed,lin_vel_x,lin_vel_y,task
0,0.0,0.0,0.4000000059604645,-1.0309540033340454,0.24602170288562775,-0.42324867844581604,-0.28997892141342163,0,2000,strong30k,4,80,42,0.0,0.4,walk
1,0.02,0.0,0.4000000059604645,-1.028393030166626,0.1980276107788086,-0.4336945712566376,-0.18109723925590515,0,2000,strong30k,4,80,42,0.0,0.4,walk
2,0.04,0.0,0.4000000059604645,-1.0271031856536865,0.16238002479076385,-0.4384000897407532,-0.12332204729318619,0,2000,strong30k,4,80,42,0.0,0.4,walk
3,0.06,0.0,0.4000000059604645,-1.0246281623840332,0.11209039390087128,-0.4068104922771454,-0.4192814826965332,0,2000,strong30k,4,80,42,0.0,0.4,walk
4,0.08,0.0,0.4000000059604645,-1.0203452110290527,0.05558062344789505,-0.3904990255832672,-0.3428686857223511,0,2000,strong30k,4,80,42,0.0,0.4,walk
5,0.1,0.0,0.4000000059604645,-1.0235798358917236,0.05921994149684906,-0.3293294906616211,0.6173014640808105,0,2000,strong30k,4,80,42,0.0,0.4,walk
6,0.12,0.0,0.4000000059604645,-1.0273879766464233,0.038062646985054016,-0.33633819222450256,0.3246418833732605,0,2000,strong30k,4,80,42,0.0,0.4,walk
7,0.14,0.0,0.4000000059604645,-1.029099464416504,0.016677381470799446,-0.3934381604194641,0.24787479639053345,0,2000,strong30k,4,80,42,0.0,0.4,walk
8,0.16,0.0,0.4000000059604645,-1.0275278091430664,0.08189363777637482,-0.44648978114128113,-0.2898887097835541,0,2000,strong30k,4,80,42,0.0,0.4,walk
9,0.18,0.0,0.4000000059604645,-1.0179710388183594,0.10988596081733704,-0.48955395817756653,-0.8576438426971436,0,2000,strong30k,4,80,42,0.0,0.4,walk
10,0.2,0.0,0.4000000059604645,-1.0080389976501465,0.15771378576755524,-0.5214212536811829,-0.5681741833686829,0,2000,strong30k,4,80,42,0.0,0.4,walk
11,0.22,0.0,0.4000000059604645,-1.0040669441223145,0.23695486783981323,-0.5459603667259216,-0.029077323153614998,0,2000,strong30k,4,80,42,0.0,0.4,walk
12,0.24,0.0,0.4000000059604645,-1.0043503046035767,0.29875245690345764,-0.5725172758102417,0.1706857979297638,0,2000,strong30k,4,80,42,0.0,0.4,walk
13,0.26,0.0,0.4000000059604645,-1.0043439865112305,0.3355002999305725,-0.6012095808982849,0.02662086673080921,0,2000,strong30k,4,80,42,0.0,0.4,walk
14,0.28,0.0,0.4000000059604645,-1.0037018060684204,0.3589558005332947,-0.6219817399978638,-0.06789535284042358,0,2000,strong30k,4,80,42,0.0,0.4,walk
15,0.3,0.0,0.4000000059604645,-1.0026257038116455,0.4009314179420471,-0.6503280401229858,-0.07590652257204056,0,2000,strong30k,4,80,42,0.0,0.4,walk
16,0.32,0.0,0.4000000059604645,-1.0018048286437988,0.4476238191127777,-0.6728273630142212,-0.20718295872211456,0,2000,strong30k,4,80,42,0.0,0.4,walk
17,0.34,0.0,0.4000000059604645,-0.9989295601844788,0.4812823534011841,-0.7053105235099792,-0.5823520421981812,0,2000,strong30k,4,80,42,0.0,0.4,walk
18,0.36,0.0,0.4000000059604645,-0.9939032793045044,0.529026448726654,-0.7385848164558411,-0.8023725748062134,0,2000,strong30k,4,80,42,0.0,0.4,walk
19,0.38,0.0,0.4000000059604645,-0.9867342114448547,0.5769098997116089,-0.7837106585502625,-1.1626155376434326,0,2000,strong30k,4,80,42,0.0,0.4,walk
20,0.4,0.0,0.4000000059604645,-0.9770488142967224,0.5514196753501892,-0.8074725270271301,-1.6553884744644165,0,2000,strong30k,4,80,42,0.0,0.4,walk
21,0.42,0.0,0.4000000059604645,-0.9726071357727051,0.5184255242347717,-0.6233962774276733,0.2543458342552185,0,2000,strong30k,4,80,42,0.0,0.4,walk
22,0.44,0.0,0.4000000059604645,-0.9798098802566528,0.4876672029495239,-0.48245927691459656,0.7442550659179688,0,2000,strong30k,4,80,42,0.0,0.4,walk
23,0.46,0.0,0.4000000059604645,-0.9849867820739746,0.49168309569358826,-0.4190920889377594,0.010305369272828102,0,2000,strong30k,4,80,42,0.0,0.4,walk
24,0.48,0.0,0.4000000059604645,-0.9816153049468994,0.498562753200531,-0.3987978994846344,-0.9978877305984497,0,2000,strong30k,4,80,42,0.0,0.4,walk
25,0.5,0.0,0.4000000059604645,-0.9695550203323364,0.5122371315956116,-0.38660985231399536,-1.7201361656188965,0,2000,strong30k,4,80,42,0.0,0.4,walk
26,0.52,0.0,0.4000000059604645,-0.9563288688659668,0.509067177772522,-0.34141746163368225,-1.3532073497772217,0,2000,strong30k,4,80,42,0.0,0.4,walk
27,0.54,0.0,0.4000000059604645,-0.9496052265167236,0.506682276725769,-0.29412907361984253,-0.4914139211177826,0,2000,strong30k,4,80,42,0.0,0.4,walk
28,0.56,0.0,0.4000000059604645,-0.9514457583427429,0.4916868805885315,-0.26940423250198364,0.3087339699268341,0,2000,strong30k,4,80,42,0.0,0.4,walk
29,0.58,0.0,0.4000000059604645,-0.9587559103965759,0.46408340334892273,-0.2611878216266632,0.6333720088005066,0,2000,strong30k,4,80,42,0.0,0.4,walk
30,0.6,0.0,0.4000000059604645,-0.9675500988960266,0.4373987317085266,-0.24879220128059387,0.6243059635162354,0,2000,strong30k,4,80,42,0.0,0.4,walk
31,0.62,0.0,0.4000000059604645,-0.9726865887641907,0.4363831877708435,-0.23305737972259521,0.13002192974090576,0,2000,strong30k,4,80,42,0.0,0.4,walk
32,0.64,0.0,0.4000000059604645,-0.9732368588447571,0.4405023753643036,-0.21224789321422577,-0.21154487133026123,0,2000,strong30k,4,80,42,0.0,0.4,walk
33,0.66,0.0,0.4000000059604645,-0.9701491594314575,0.4391261637210846,-0.1860911101102829,-0.5623053312301636,0,2000,strong30k,4,80,42,0.0,0.4,walk
34,0.68,0.0,0.4000000059604645,-0.9647530317306519,0.4596366286277771,-0.16209334135055542,-0.605994462966919,0,2000,strong30k,4,80,42,0.0,0.4,walk
35,0.7000000000000001,0.0,0.4000000059604645,-0.9582324028015137,0.49296286702156067,-0.14453358948230743,-0.6611032485961914,0,2000,strong30k,4,80,42,0.0,0.4,walk
36,0.72,0.0,0.4000000059604645,-0.9521219730377197,0.5340738892555237,-0.1233757883310318,-0.4953308701515198,0,2000,strong30k,4,80,42,0.0,0.4,walk
37,0.74,0.0,0.4000000059604645,-0.9478803277015686,0.579920768737793,-0.10120145976543427,-0.25259342789649963,0,2000,strong30k,4,80,42,0.0,0.4,walk
38,0.76,0.0,0.4000000059604645,-0.9457826614379883,0.6254801750183105,-0.07990546524524689,-0.0267857164144516,0,2000,strong30k,4,80,42,0.0,0.4,walk
39,0.78,0.0,0.4000000059604645,-0.9449740052223206,0.6754454374313354,-0.06078055873513222,0.08249038457870483,0,2000,strong30k,4,80,42,0.0,0.4,walk
40,0.8,0.0,0.4000000059604645,-0.9438686966896057,0.7213805317878723,-0.040013544261455536,0.022898925468325615,0,2000,strong30k,4,80,42,0.0,0.4,walk
41,0.8200000000000001,0.0,0.4000000059604645,-0.9415639042854309,0.7596903443336487,-0.013487817719578743,-0.12812325358390808,0,2000,strong30k,4,80,42,0.0,0.4,walk
42,0.84,0.0,0.4000000059604645,-0.9384610056877136,0.7960675358772278,0.017180342227220535,-0.24207574129104614,0,2000,strong30k,4,80,42,0.0,0.4,walk
43,0.86,0.0,0.4000000059604645,-0.9345526695251465,0.8317131400108337,0.04339894652366638,-0.35445213317871094,0,2000,strong30k,4,80,42,0.0,0.4,walk
44,0.88,0.0,0.4000000059604645,-0.9321951866149902,0.7459797263145447,0.01615690253674984,0.3473724126815796,0,2000,strong30k,4,80,42,0.0,0.4,walk
45,0.9,0.0,0.4000000059604645,-0.9298684597015381,0.6685646772384644,-0.03269308805465698,-0.3646301031112671,0,2000,strong30k,4,80,42,0.0,0.4,walk
46,0.92,0.0,0.4000000059604645,-0.9231633543968201,0.5803279876708984,-0.06913505494594574,-0.5178433656692505,0,2000,strong30k,4,80,42,0.0,0.4,walk
47,0.9400000000000001,0.0,0.4000000059604645,-0.9156916737556458,0.5133756399154663,-0.09459222108125687,-0.4232940971851349,0,2000,strong30k,4,80,42,0.0,0.4,walk
48,0.96,0.0,0.4000000059604645,-0.909757137298584,0.47432050108909607,-0.11306438595056534,-0.22486525774002075,0,2000,strong30k,4,80,42,0.0,0.4,walk
49,0.98,0.0,0.4000000059604645,-0.9061356782913208,0.45908433198928833,-0.12340612709522247,-0.06489206850528717,0,2000,strong30k,4,80,42,0.0,0.4,walk
50,1.0,0.0,0.4000000059604645,-0.9042149782180786,0.45610034465789795,-0.137196347117424,-0.03431304544210434,0,2000,strong30k,4,80,42,0.0,0.4,walk
51,1.02,0.0,0.4000000059604645,-0.9014191031455994,0.45257261395454407,-0.15566153824329376,-0.19100110232830048,0,2000,strong30k,4,80,42,0.0,0.4,walk
52,1.04,0.0,0.4000000059604645,-0.8977057933807373,0.45232728123664856,-0.17302969098091125,-0.28898099064826965,0,2000,strong30k,4,80,42,0.0,0.4,walk
53,1.06,0.0,0.4000000059604645,-0.8938684463500977,0.45355281233787537,-0.19092202186584473,-0.320691853761673,0,2000,strong30k,4,80,42,0.0,0.4,walk
54,1.08,0.0,0.4000000059604645,-0.8894908428192139,0.4597824513912201,-0.2066231518983841,-0.42736271023750305,0,2000,strong30k,4,80,42,0.0,0.4,walk
55,1.1,0.0,0.4000000059604645,-0.8840357065200806,0.47039932012557983,-0.220653235912323,-0.5583646297454834,0,2000,strong30k,4,80,42,0.0,0.4,walk
56,1.12,0.0,0.4000000059604645,-0.8785613775253296,0.4860408306121826,-0.23586396872997284,-0.5260972380638123,0,2000,strong30k,4,80,42,0.0,0.4,walk
57,1.1400000000000001,0.0,0.4000000059604645,-0.8728224039077759,0.5090157389640808,-0.2536621689796448,-0.6542501449584961,0,2000,strong30k,4,80,42,0.0,0.4,walk
58,1.16,0.0,0.4000000059604645,-0.8660720586776733,0.5290013551712036,-0.2735590636730194,-0.7921093702316284,0,2000,strong30k,4,80,42,0.0,0.4,walk
59,1.18,0.0,0.4000000059604645,-0.8591336011886597,0.5482413172721863,-0.2912549376487732,-0.8264226913452148,0,2000,strong30k,4,80,42,0.0,0.4,walk
60,1.2,0.0,0.4000000059604645,-0.8530544638633728,0.5717540979385376,-0.3128647804260254,-0.7877013087272644,0,2000,strong30k,4,80,42,0.0,0.4,walk
61,1.22,0.0,0.4000000059604645,-0.8486718535423279,0.5913552045822144,-0.34351181983947754,-0.6486491560935974,0,2000,strong30k,4,80,42,0.0,0.4,walk
62,1.24,0.0,0.4000000059604645,-0.8437507152557373,0.5951960682868958,-0.385768860578537,-0.6921074986457825,0,2000,strong30k,4,80,42,0.0,0.4,walk
63,1.26,0.0,0.4000000059604645,-0.8374925851821899,0.5850182771682739,-0.41840115189552307,-0.6606046557426453,0,2000,strong30k,4,80,42,0.0,0.4,walk
64,1.28,0.0,0.4000000059604645,-0.8328406810760498,0.5694845914840698,-0.44508445262908936,-0.3253648281097412,0,2000,strong30k,4,80,42,0.0,0.4,walk
65,1.3,0.0,0.4000000059604645,-0.8285918831825256,0.47740286588668823,-0.363772451877594,-0.5348004102706909,0,2000,strong30k,4,80,42,0.0,0.4,walk
66,1.32,0.0,0.4000000059604645,-0.826844334602356,0.4213036596775055,-0.2704017758369446,-0.10300695151090622,0,2000,strong30k,4,80,42,0.0,0.4,walk
67,1.34,0.0,0.4000000059604645,-0.8263188004493713,0.38388824462890625,-0.20554330945014954,-0.31230345368385315,0,2000,strong30k,4,80,42,0.0,0.4,walk
68,1.36,0.0,0.4000000059604645,-0.8220908045768738,0.3713672161102295,-0.16762280464172363,-0.7771682739257812,0,2000,strong30k,4,80,42,0.0,0.4,walk
69,1.3800000000000001,0.0,0.4000000059604645,-0.8136220574378967,0.36399078369140625,-0.14117218554019928,-1.116848111152649,0,2000,strong30k,4,80,42,0.0,0.4,walk
70,1.4000000000000001,0.0,0.4000000059604645,-0.8043714165687561,0.35707345604896545,-0.12044337391853333,-1.0097343921661377,0,2000,strong30k,4,80,42,0.0,0.4,walk
71,1.42,0.0,0.4000000059604645,-0.7974603176116943,0.3331088423728943,-0.09304730594158173,-0.6860203146934509,0,2000,strong30k,4,80,42,0.0,0.4,walk
72,1.44,0.0,0.4000000059604645,-0.7941881418228149,0.3009960949420929,-0.059164706617593765,-0.32516294717788696,0,2000,strong30k,4,80,42,0.0,0.4,walk
73,1.46,0.0,0.4000000059604645,-0.7935624122619629,0.27346572279930115,-0.03372601419687271,-0.09371103346347809,0,2000,strong30k,4,80,42,0.0,0.4,walk
74,1.48,0.0,0.4000000059604645,-0.7945348620414734,0.24937480688095093,-0.008603591471910477,0.0007057532202452421,0,2000,strong30k,4,80,42,0.0,0.4,walk
75,1.5,0.0,0.4000000059604645,-0.7959436774253845,0.2343415766954422,0.012754346244037151,0.01585334725677967,0,2000,strong30k,4,80,42,0.0,0.4,walk
76,1.52,0.0,0.4000000059604645,-0.7962996959686279,0.22411467134952545,0.02824140526354313,-0.0781329795718193,0,2000,strong30k,4,80,42,0.0,0.4,walk
77,1.54,0.0,0.4000000059604645,-0.7954503893852234,0.21155805885791779,0.04391104355454445,-0.11804758757352829,0,2000,strong30k,4,80,42,0.0,0.4,walk
78,1.56,0.0,0.4000000059604645,-0.794803261756897,0.20732277631759644,0.062022384256124496,-0.056177493184804916,0,2000,strong30k,4,80,42,0.0,0.4,walk
79,1.58,0.0,0.4000000059604645,-0.7944604158401489,0.2036144882440567,0.0823107659816742,-0.02332003228366375,0,2000,strong30k,4,80,42,0.0,0.4,walk
80,1.6,0.0,0.4000000059604645,-0.7934938669204712,0.21131302416324615,0.09758705645799637,-0.07554898411035538,0,2000,strong30k,4,80,42,0.0,0.4,walk
81,1.62,0.0,0.4000000059604645,-0.7920357584953308,0.22442010045051575,0.11308536678552628,-0.0616595521569252,0,2000,strong30k,4,80,42,0.0,0.4,walk
82,1.6400000000000001,0.0,0.4000000059604645,-0.7901543974876404,0.23217850923538208,0.13184788823127747,-0.09807159006595612,0,2000,strong30k,4,80,42,0.0,0.4,walk
83,1.6600000000000001,0.0,0.4000000059604645,-0.7876518368721008,0.23708102107048035,0.1540837287902832,-0.12451548129320145,0,2000,strong30k,4,80,42,0.0,0.4,walk
84,1.68,0.0,0.4000000059604645,-0.7845215797424316,0.24077321588993073,0.17906855046749115,-0.16215723752975464,0,2000,strong30k,4,80,42,0.0,0.4,walk
85,1.7,0.0,0.4000000059604645,-0.7802284359931946,0.2430800199508667,0.20772933959960938,-0.2689490020275116,0,2000,strong30k,4,80,42,0.0,0.4,walk
86,1.72,0.0,0.4000000059604645,-0.7752791047096252,0.23738014698028564,0.24280031025409698,-0.30347588658332825,0,2000,strong30k,4,80,42,0.0,0.4,walk
87,1.74,0.0,0.4000000059604645,-0.7715623378753662,0.22586758434772491,0.27680474519729614,-0.14819376170635223,0,2000,strong30k,4,80,42,0.0,0.4,walk
88,1.76,0.0,0.4000000059604645,-0.7702285051345825,0.21665728092193604,0.3027203381061554,0.11461982131004333,0,2000,strong30k,4,80,42,0.0,0.4,walk
89,1.78,0.0,0.4000000059604645,-0.7718287110328674,0.20253080129623413,0.32642513513565063,0.4086892604827881,0,2000,strong30k,4,80,42,0.0,0.4,walk
90,1.8,0.0,0.4000000059604645,-0.7754970788955688,0.1667831391096115,0.28526759147644043,0.23982395231723785,0,2000,strong30k,4,80,42,0.0,0.4,walk
91,1.82,0.0,0.4000000059604645,-0.7711029648780823,0.14112503826618195,0.23830890655517578,-0.6308519840240479,0,2000,strong30k,4,80,42,0.0,0.4,walk
92,1.84,0.0,0.4000000059604645,-0.7610127329826355,0.11602246761322021,0.21113266050815582,-0.8944560885429382,0,2000,strong30k,4,80,42,0.0,0.4,walk
93,1.86,0.0,0.4000000059604645,-0.7502508759498596,0.10198379307985306,0.18882031738758087,-0.8478045463562012,0,2000,strong30k,4,80,42,0.0,0.4,walk
94,1.8800000000000001,0.0,0.4000000059604645,-0.7409620881080627,0.10202006250619888,0.16768749058246613,-0.702797532081604,0,2000,strong30k,4,80,42,0.0,0.4,walk
95,1.9000000000000001,0.0,0.4000000059604645,-0.7340883612632751,0.11074664443731308,0.1483391523361206,-0.46579509973526,0,2000,strong30k,4,80,42,0.0,0.4,walk
96,1.92,0.0,0.4000000059604645,-0.7296416163444519,0.1251608431339264,0.12844154238700867,-0.2777913212776184,0,2000,strong30k,4,80,42,0.0,0.4,walk
97,1.94,0.0,0.4000000059604645,-0.7263665795326233,0.14206063747406006,0.10717999190092087,-0.24596460163593292,0,2000,strong30k,4,80,42,0.0,0.4,walk
98,1.96,0.0,0.4000000059604645,-0.723506510257721,0.1576172560453415,0.08747084438800812,-0.23078714311122894,0,2000,strong30k,4,80,42,0.0,0.4,walk
99,1.98,0.0,0.4000000059604645,-0.7205089926719666,0.1732570081949234,0.06709513813257217,-0.29790887236595154,0,2000,strong30k,4,80,42,0.0,0.4,walk
100,2.0,0.0,0.4000000059604645,-0.7172561287879944,0.19212572276592255,0.05010576918721199,-0.349371075630188,0,2000,strong30k,4,80,42,0.0,0.4,walk
101,2.02,0.0,0.4000000059604645,-0.7135956883430481,0.21128205955028534,0.030572019517421722,-0.4127592146396637,0,2000,strong30k,4,80,42,0.0,0.4,walk
102,2.04,0.0,0.4000000059604645,-0.7096551656723022,0.22956633567810059,0.010899999178946018,-0.4589003324508667,0,2000,strong30k,4,80,42,0.0,0.4,walk
103,2.06,0.0,0.4000000059604645,-0.7053790092468262,0.2463241070508957,-0.00942063145339489,-0.5375176072120667,0,2000,strong30k,4,80,42,0.0,0.4,walk
104,2.08,0.0,0.4000000059604645,-0.7007060050964355,0.25996336340904236,-0.029514826834201813,-0.6253161430358887,0,2000,strong30k,4,80,42,0.0,0.4,walk
105,2.1,0.0,0.4000000059604645,-0.6959381699562073,0.27048009634017944,-0.047026343643665314,-0.6555655002593994,0,2000,strong30k,4,80,42,0.0,0.4,walk
106,2.12,0.0,0.4000000059604645,-0.6913782358169556,0.27756020426750183,-0.06860386580228806,-0.648025631904602,0,2000,strong30k,4,80,42,0.0,0.4,walk
107,2.14,0.0,0.4000000059604645,-0.6864725947380066,0.2765660285949707,-0.09323365241289139,-0.6673782467842102,0,2000,strong30k,4,80,42,0.0,0.4,walk
108,2.16,0.0,0.4000000059604645,-0.680972158908844,0.26592257618904114,-0.11441191285848618,-0.6596818566322327,0,2000,strong30k,4,80,42,0.0,0.4,walk
109,2.18,0.0,0.4000000059604645,-0.6762580275535583,0.2521076798439026,-0.12618355453014374,-0.4686376452445984,0,2000,strong30k,4,80,42,0.0,0.4,walk
110,2.2,0.0,0.4000000059604645,-0.6727774739265442,0.2140929102897644,-0.09616626799106598,-0.8280916213989258,0,2000,strong30k,4,80,42,0.0,0.4,walk
111,2.22,0.0,0.4000000059604645,-0.6683955192565918,0.189132958650589,-0.04693404957652092,-0.4401765763759613,0,2000,strong30k,4,80,42,0.0,0.4,walk
112,2.24,0.0,0.4000000059604645,-0.6662472486495972,0.17108342051506042,-0.005393434315919876,-0.4470168352127075,0,2000,strong30k,4,80,42,0.0,0.4,walk
113,2.2600000000000002,0.0,0.4000000059604645,-0.6624855995178223,0.16597174108028412,0.02168268896639347,-0.7482175827026367,0,2000,strong30k,4,80,42,0.0,0.4,walk
114,2.2800000000000002,0.0,0.4000000059604645,-0.6552128791809082,0.16723378002643585,0.04139907285571098,-1.054287075996399,0,2000,strong30k,4,80,42,0.0,0.4,walk
115,2.3000000000000003,0.0,0.4000000059604645,-0.64616858959198,0.1632200926542282,0.06264283508062363,-1.0648231506347656,0,2000,strong30k,4,80,42,0.0,0.4,walk
116,2.32,0.0,0.4000000059604645,-0.6381034255027771,0.15601885318756104,0.08774714171886444,-0.8152216076850891,0,2000,strong30k,4,80,42,0.0,0.4,walk
117,2.34,0.0,0.4000000059604645,-0.6325910091400146,0.15458504855632782,0.11374622583389282,-0.49942007660865784,0,2000,strong30k,4,80,42,0.0,0.4,walk
118,2.36,0.0,0.4000000059604645,-0.6301240921020508,0.1551828235387802,0.13936372101306915,-0.2078859508037567,0,2000,strong30k,4,80,42,0.0,0.4,walk
119,2.38,0.0,0.4000000059604645,-0.629835844039917,0.1655726432800293,0.1619001030921936,-0.01552662905305624,0,2000,strong30k,4,80,42,0.0,0.4,walk
120,2.4,0.0,0.4000000059604645,-0.6304649710655212,0.17734409868717194,0.18246248364448547,0.04258427396416664,0,2000,strong30k,4,80,42,0.0,0.4,walk
121,2.42,0.0,0.4000000059604645,-0.6309468746185303,0.19342131912708282,0.2020011991262436,0.07265131920576096,0,2000,strong30k,4,80,42,0.0,0.4,walk
122,2.44,0.0,0.4000000059604645,-0.6317746043205261,0.20418262481689453,0.2277536243200302,0.12243834882974625,0,2000,strong30k,4,80,42,0.0,0.4,walk
123,2.46,0.0,0.4000000059604645,-0.6322569847106934,0.21401213109493256,0.25613173842430115,0.03963005170226097,0,2000,strong30k,4,80,42,0.0,0.4,walk
124,2.48,0.0,0.4000000059604645,-0.6319588422775269,0.2368132770061493,0.2826235890388489,0.028524203225970268,0,2000,strong30k,4,80,42,0.0,0.4,walk
125,2.5,0.0,0.4000000059604645,-0.6303919553756714,0.26080289483070374,0.3083299994468689,-0.08695236593484879,0,2000,strong30k,4,80,42,0.0,0.4,walk
126,2.52,0.0,0.4000000059604645,-0.6268193125724792,0.2834184467792511,0.3390616774559021,-0.23383641242980957,0,2000,strong30k,4,80,42,0.0,0.4,walk
127,2.54,0.0,0.4000000059604645,-0.6211311221122742,0.29555317759513855,0.37791624665260315,-0.40198230743408203,0,2000,strong30k,4,80,42,0.0,0.4,walk
128,2.56,0.0,0.4000000059604645,-0.6148098111152649,0.2963186502456665,0.42626893520355225,-0.4087143838405609,0,2000,strong30k,4,80,42,0.0,0.4,walk
129,2.58,0.0,0.4000000059604645,-0.6100219488143921,0.29450854659080505,0.47509169578552246,-0.21990938484668732,0,2000,strong30k,4,80,42,0.0,0.4,walk
130,2.6,0.0,0.4000000059604645,-0.607924222946167,0.29766085743904114,0.5096276998519897,0.05559415742754936,0,2000,strong30k,4,80,42,0.0,0.4,walk
131,2.62,0.0,0.4000000059604645,-0.6097113490104675,0.2524256706237793,0.44427186250686646,-0.009934797883033752,0,2000,strong30k,4,80,42,0.0,0.4,walk
132,2.64,0.0,0.4000000059604645,-0.6044299602508545,0.2199586033821106,0.3756028115749359,-0.6624596118927002,0,2000,strong30k,4,80,42,0.0,0.4,walk
133,2.66,0.0,0.4000000059604645,-0.5951970815658569,0.1888669729232788,0.3287174105644226,-0.7456012964248657,0,2000,strong30k,4,80,42,0.0,0.4,walk
134,2.68,0.0,0.4000000059604645,-0.5872179865837097,0.1581355184316635,0.2983049750328064,-0.45332789421081543,0,2000,strong30k,4,80,42,0.0,0.4,walk
135,2.7,0.0,0.4000000059604645,-0.582007646560669,0.13864754140377045,0.2661673426628113,-0.24080051481723785,0,2000,strong30k,4,80,42,0.0,0.4,walk
136,2.72,0.0,0.4000000059604645,-0.5792546272277832,0.13362663984298706,0.23873107135295868,-0.06591037660837173,0,2000,strong30k,4,80,42,0.0,0.4,walk
137,2.74,0.0,0.4000000059604645,-0.5780421495437622,0.13569849729537964,0.21417592465877533,0.01827527955174446,0,2000,strong30k,4,80,42,0.0,0.4,walk
138,2.7600000000000002,0.0,0.4000000059604645,-0.5769472122192383,0.14326801896095276,0.19061408936977386,-0.07033315300941467,0,2000,strong30k,4,80,42,0.0,0.4,walk
139,2.7800000000000002,0.0,0.4000000059604645,-0.5748761296272278,0.14683738350868225,0.16956280171871185,-0.19305571913719177,0,2000,strong30k,4,80,42,0.0,0.4,walk
140,2.8000000000000003,0.0,0.4000000059604645,-0.5716900825500488,0.15111936628818512,0.1513408124446869,-0.3194511830806732,0,2000,strong30k,4,80,42,0.0,0.4,walk
141,2.82,0.0,0.4000000059604645,-0.567522406578064,0.1559855043888092,0.13481786847114563,-0.4188624620437622,0,2000,strong30k,4,80,42,0.0,0.4,walk
142,2.84,0.0,0.4000000059604645,-0.5631343126296997,0.16613048315048218,0.11958835273981094,-0.43386009335517883,0,2000,strong30k,4,80,42,0.0,0.4,walk
143,2.86,0.0,0.4000000059604645,-0.5589098930358887,0.17768265306949615,0.10241267830133438,-0.42557480931282043,0,2000,strong30k,4,80,42,0.0,0.4,walk
144,2.88,0.0,0.4000000059604645,-0.5547937154769897,0.18966223299503326,0.08337561041116714,-0.4540802538394928,0,2000,strong30k,4,80,42,0.0,0.4,walk
145,2.9,0.0,0.4000000059604645,-0.5507818460464478,0.20214706659317017,0.06685858219861984,-0.48125985264778137,0,2000,strong30k,4,80,42,0.0,0.4,walk
146,2.92,0.0,0.4000000059604645,-0.5469200611114502,0.2146766036748886,0.05197479575872421,-0.5058437585830688,0,2000,strong30k,4,80,42,0.0,0.4,walk
147,2.94,0.0,0.4000000059604645,-0.5434261560440063,0.22671988606452942,0.03765713423490524,-0.5116182565689087,0,2000,strong30k,4,80,42,0.0,0.4,walk
148,2.96,0.0,0.4000000059604645,-0.5403237342834473,0.2352885901927948,0.020321017131209373,-0.5139962434768677,0,2000,strong30k,4,80,42,0.0,0.4,walk
149,2.98,0.0,0.4000000059604645,-0.5368303060531616,0.2353266477584839,-0.0026819929480552673,-0.5629684925079346,0,2000,strong30k,4,80,42,0.0,0.4,walk
150,3.0,0.0,0.4000000059604645,-0.532123327255249,0.22708557546138763,-0.024293188005685806,-0.6327560544013977,0,2000,strong30k,4,80,42,0.0,0.4,walk
151,3.02,0.0,0.4000000059604645,-0.52708899974823,0.21355798840522766,-0.03970008343458176,-0.5760470032691956,0,2000,strong30k,4,80,42,0.0,0.4,walk
152,3.04,0.0,0.4000000059604645,-0.5236421823501587,0.20313622057437897,-0.046720750629901886,-0.3294692039489746,0,2000,strong30k,4,80,42,0.0,0.4,walk
153,3.06,0.0,0.4000000059604645,-0.5199184417724609,0.16190339624881744,-0.006543572526425123,-0.5648729205131531,0,2000,strong30k,4,80,42,0.0,0.4,walk
154,3.08,0.0,0.4000000059604645,-0.517408013343811,0.13893619179725647,0.03506692498922348,-0.33431026339530945,0,2000,strong30k,4,80,42,0.0,0.4,walk
155,3.1,0.0,0.4000000059604645,-0.5158380270004272,0.1269802749156952,0.06415379792451859,-0.4397673010826111,0,2000,strong30k,4,80,42,0.0,0.4,walk
156,3.12,0.0,0.4000000059604645,-0.5117322206497192,0.12406619638204575,0.08332142978906631,-0.7744187116622925,0,2000,strong30k,4,80,42,0.0,0.4,walk
157,3.14,0.0,0.4000000059604645,-0.5045334100723267,0.12429381161928177,0.10084841400384903,-0.973884642124176,0,2000,strong30k,4,80,42,0.0,0.4,walk
158,3.16,0.0,0.4000000059604645,-0.4968067407608032,0.12163174152374268,0.12118276208639145,-0.8734442591667175,0,2000,strong30k,4,80,42,0.0,0.4,walk
159,3.18,0.0,0.4000000059604645,-0.49057233333587646,0.11995808780193329,0.14364947378635406,-0.6197482347488403,0,2000,strong30k,4,80,42,0.0,0.4,walk
160,3.2,0.0,0.4000000059604645,-0.4868875741958618,0.12219438701868057,0.16635562479496002,-0.3216138482093811,0,2000,strong30k,4,80,42,0.0,0.4,walk
161,3.22,0.0,0.4000000059604645,-0.48564183712005615,0.12903277575969696,0.1869187355041504,-0.08486992865800858,0,2000,strong30k,4,80,42,0.0,0.4,walk
162,3.24,0.0,0.4000000059604645,-0.4860149621963501,0.13981792330741882,0.2080693244934082,0.040263060480356216,0,2000,strong30k,4,80,42,0.0,0.4,walk
163,3.2600000000000002,0.0,0.4000000059604645,-0.48699963092803955,0.15125656127929688,0.2294752448797226,0.09446372091770172,0,2000,strong30k,4,80,42,0.0,0.4,walk
164,3.2800000000000002,0.0,0.4000000059604645,-0.4879814386367798,0.16340817511081696,0.2512413263320923,0.12411383539438248,0,2000,strong30k,4,80,42,0.0,0.4,walk
165,3.3000000000000003,0.0,0.4000000059604645,-0.4888228178024292,0.17590655386447906,0.2771182656288147,0.12557260692119598,0,2000,strong30k,4,80,42,0.0,0.4,walk
166,3.3200000000000003,0.0,0.4000000059604645,-0.48913276195526123,0.18801626563072205,0.30668970942497253,0.047642868012189865,0,2000,strong30k,4,80,42,0.0,0.4,walk
167,3.34,0.0,0.4000000059604645,-0.48820650577545166,0.20831364393234253,0.33573973178863525,-0.03967181220650673,0,2000,strong30k,4,80,42,0.0,0.4,walk
168,3.36,0.0,0.4000000059604645,-0.48565196990966797,0.23126810789108276,0.36593857407569885,-0.1441279947757721,0,2000,strong30k,4,80,42,0.0,0.4,walk
169,3.38,0.0,0.4000000059604645,-0.4811745882034302,0.24599120020866394,0.4035743772983551,-0.3031259775161743,0,2000,strong30k,4,80,42,0.0,0.4,walk
170,3.4,0.0,0.4000000059604645,-0.47513139247894287,0.25027066469192505,0.44930803775787354,-0.4070448577404022,0,2000,strong30k,4,80,42,0.0,0.4,walk
171,3.42,0.0,0.4000000059604645,-0.4698289632797241,0.2463648021221161,0.5019322633743286,-0.27386730909347534,0,2000,strong30k,4,80,42,0.0,0.4,walk
172,3.44,0.0,0.4000000059604645,-0.4671427011489868,0.24529150128364563,0.5429989695549011,-0.0017431144369766116,0,2000,strong30k,4,80,42,0.0,0.4,walk
173,3.46,0.0,0.4000000059604645,-0.46860063076019287,0.20467279851436615,0.5004993081092834,0.2880259156227112,0,2000,strong30k,4,80,42,0.0,0.4,walk
174,3.48,0.0,0.4000000059604645,-0.4651527404785156,0.181593656539917,0.42243701219558716,-0.5749073624610901,0,2000,strong30k,4,80,42,0.0,0.4,walk
175,3.5,0.0,0.4000000059604645,-0.45642828941345215,0.15426461398601532,0.36687231063842773,-0.7569882273674011,0,2000,strong30k,4,80,42,0.0,0.4,walk
176,3.52,0.0,0.4000000059604645,-0.448222279548645,0.13120494782924652,0.3315953314304352,-0.500920295715332,0,2000,strong30k,4,80,42,0.0,0.4,walk
177,3.54,0.0,0.4000000059604645,-0.4430798292160034,0.10900438576936722,0.3007373809814453,-0.19210392236709595,0,2000,strong30k,4,80,42,0.0,0.4,walk
178,3.56,0.0,0.4000000059604645,-0.44070112705230713,0.09871826320886612,0.26907771825790405,-0.01652485691010952,0,2000,strong30k,4,80,42,0.0,0.4,walk
179,3.58,0.0,0.4000000059604645,-0.44010329246520996,0.09857714921236038,0.24183093011379242,0.08942626416683197,0,2000,strong30k,4,80,42,0.0,0.4,walk
180,3.6,0.0,0.4000000059604645,-0.43956851959228516,0.10149666666984558,0.21766026318073273,-0.0005435739876702428,0,2000,strong30k,4,80,42,0.0,0.4,walk
181,3.62,0.0,0.4000000059604645,-0.43799662590026855,0.10411868244409561,0.1949046552181244,-0.14337259531021118,0,2000,strong30k,4,80,42,0.0,0.4,walk
182,3.64,0.0,0.4000000059604645,-0.43550610542297363,0.10535579174757004,0.17626985907554626,-0.23943541944026947,0,2000,strong30k,4,80,42,0.0,0.4,walk
183,3.66,0.0,0.4000000059604645,-0.43208372592926025,0.10598772019147873,0.1582273244857788,-0.3411100506782532,0,2000,strong30k,4,80,42,0.0,0.4,walk
184,3.68,0.0,0.4000000059604645,-0.42815911769866943,0.11203458160161972,0.14164108037948608,-0.3876182436943054,0,2000,strong30k,4,80,42,0.0,0.4,walk
185,3.7,0.0,0.4000000059604645,-0.42454755306243896,0.12152402848005295,0.12435206770896912,-0.3346618413925171,0,2000,strong30k,4,80,42,0.0,0.4,walk
186,3.72,0.0,0.4000000059604645,-0.4214080572128296,0.13456018269062042,0.10551204532384872,-0.3373941481113434,0,2000,strong30k,4,80,42,0.0,0.4,walk
187,3.74,0.0,0.4000000059604645,-0.41830503940582275,0.14622525870800018,0.08622705936431885,-0.3659687638282776,0,2000,strong30k,4,80,42,0.0,0.4,walk
188,3.7600000000000002,0.0,0.4000000059604645,-0.41553056240081787,0.1592937558889389,0.07138615101575851,-0.3646923899650574,0,2000,strong30k,4,80,42,0.0,0.4,walk
189,3.7800000000000002,0.0,0.4000000059604645,-0.41313493251800537,0.1724206805229187,0.057511575520038605,-0.3784484267234802,0,2000,strong30k,4,80,42,0.0,0.4,walk
190,3.8000000000000003,0.0,0.4000000059604645,-0.4111504554748535,0.18206320703029633,0.042179107666015625,-0.3859097361564636,0,2000,strong30k,4,80,42,0.0,0.4,walk
191,3.8200000000000003,0.0,0.4000000059604645,-0.4092404842376709,0.1859608143568039,0.02242903970181942,-0.4207081198692322,0,2000,strong30k,4,80,42,0.0,0.4,walk
192,3.84,0.0,0.4000000059604645,-0.4061778783798218,0.1807141900062561,-0.001225384883582592,-0.5218554735183716,0,2000,strong30k,4,80,42,0.0,0.4,walk
193,3.86,0.0,0.4000000059604645,-0.4019784927368164,0.16890095174312592,-0.021300597116351128,-0.5639088749885559,0,2000,strong30k,4,80,42,0.0,0.4,walk
194,3.88,0.0,0.4000000059604645,-0.3979790210723877,0.15527421236038208,-0.03289739787578583,-0.43523138761520386,0,2000,strong30k,4,80,42,0.0,0.4,walk
195,3.9,0.0,0.4000000059604645,-0.39568066596984863,0.14340537786483765,-0.03804374858736992,-0.29942095279693604,0,2000,strong30k,4,80,42,0.0,0.4,walk
196,3.92,0.0,0.4000000059604645,-0.3925039768218994,0.10296058654785156,0.01783059537410736,-0.386413037776947,0,2000,strong30k,4,80,42,0.0,0.4,walk
197,3.94,0.0,0.4000000059604645,-0.39124131202697754,0.08537453413009644,0.049393851310014725,-0.29822081327438354,0,2000,strong30k,4,80,42,0.0,0.4,walk
198,3.96,0.0,0.4000000059604645,-0.389362096786499,0.07790964841842651,0.0716264396905899,-0.4994823932647705,0,2000,strong30k,4,80,42,0.0,0.4,walk
199,3.98,0.0,0.4000000059604645,-0.3847402334213257,0.07884220033884048,0.08811339735984802,-0.7556053400039673,0,2000,strong30k,4,80,42,0.0,0.4,walk
200,4.0,0.0,0.4000000059604645,-0.3784768581390381,0.08085168898105621,0.10680858790874481,-0.7839446067810059,0,2000,strong30k,4,80,42,0.0,0.4,walk
201,4.0200000000000005,0.0,0.4000000059604645,-0.3729325532913208,0.08251719921827316,0.1270606368780136,-0.6136064529418945,0,2000,strong30k,4,80,42,0.0,0.4,walk
202,4.04,0.0,0.4000000059604645,-0.3689628839492798,0.0885768011212349,0.14653128385543823,-0.38730189204216003,0,2000,strong30k,4,80,42,0.0,0.4,walk
203,4.0600000000000005,0.0,0.4000000059604645,-0.36723530292510986,0.09794143587350845,0.16782720386981964,-0.13215550780296326,0,2000,strong30k,4,80,42,0.0,0.4,walk
204,4.08,0.0,0.4000000059604645,-0.36728060245513916,0.11293439567089081,0.18777412176132202,0.02502569928765297,0,2000,strong30k,4,80,42,0.0,0.4,walk
205,4.1,0.0,0.4000000059604645,-0.3683159351348877,0.1260124146938324,0.20885354280471802,0.11313580721616745,0,2000,strong30k,4,80,42,0.0,0.4,walk
206,4.12,0.0,0.4000000059604645,-0.36961543560028076,0.13879193365573883,0.23078873753547668,0.1410665065050125,0,2000,strong30k,4,80,42,0.0,0.4,walk
207,4.14,0.0,0.4000000059604645,-0.3708723783493042,0.15386950969696045,0.25463050603866577,0.17039646208286285,0,2000,strong30k,4,80,42,0.0,0.4,walk
208,4.16,0.0,0.4000000059604645,-0.37190377712249756,0.16648700833320618,0.2828851044178009,0.14201092720031738,0,2000,strong30k,4,80,42,0.0,0.4,walk
209,4.18,0.0,0.4000000059604645,-0.37214529514312744,0.18206161260604858,0.31279805302619934,0.06125340610742569,0,2000,strong30k,4,80,42,0.0,0.4,walk
210,4.2,0.0,0.4000000059604645,-0.371071457862854,0.2051544338464737,0.3423616886138916,-0.018232068046927452,0,2000,strong30k,4,80,42,0.0,0.4,walk
211,4.22,0.0,0.4000000059604645,-0.368371844291687,0.2240721434354782,0.37663665413856506,-0.13962802290916443,0,2000,strong30k,4,80,42,0.0,0.4,walk
212,4.24,0.0,0.4000000059604645,-0.36372435092926025,0.23321275413036346,0.4180593490600586,-0.3021436035633087,0,2000,strong30k,4,80,42,0.0,0.4,walk
213,4.26,0.0,0.4000000059604645,-0.35836637020111084,0.23205851018428802,0.46805834770202637,-0.31905418634414673,0,2000,strong30k,4,80,42,0.0,0.4,walk
214,4.28,0.0,0.4000000059604645,-0.3546639680862427,0.2275424748659134,0.516293466091156,-0.11384382843971252,0,2000,strong30k,4,80,42,0.0,0.4,walk
215,4.3,0.0,0.4000000059604645,-0.3536475896835327,0.22253930568695068,0.5515880584716797,0.207231804728508,0,2000,strong30k,4,80,42,0.0,0.4,walk
216,4.32,0.0,0.4000000059604645,-0.35482609272003174,0.18281835317611694,0.46024778485298157,-0.19036376476287842,0,2000,strong30k,4,80,42,0.0,0.4,walk
217,4.34,0.0,0.4000000059604645,-0.3487623929977417,0.15647479891777039,0.39448049664497375,-0.6467612385749817,0,2000,strong30k,4,80,42,0.0,0.4,walk
218,4.36,0.0,0.4000000059604645,-0.34049034118652344,0.13257919251918793,0.3507362902164459,-0.592008650302887,0,2000,strong30k,4,80,42,0.0,0.4,walk
219,4.38,0.0,0.4000000059604645,-0.3342909812927246,0.10807106643915176,0.3187369704246521,-0.2763248383998871,0,2000,strong30k,4,80,42,0.0,0.4,walk
220,4.4,0.0,0.4000000059604645,-0.3308485746383667,0.09823736548423767,0.28423190116882324,-0.07971756905317307,0,2000,strong30k,4,80,42,0.0,0.4,walk
221,4.42,0.0,0.4000000059604645,-0.3298065662384033,0.09431423246860504,0.25706565380096436,0.11195102334022522,0,2000,strong30k,4,80,42,0.0,0.4,walk
222,4.44,0.0,0.4000000059604645,-0.32992780208587646,0.09111853688955307,0.23072506487369537,0.1348971277475357,0,2000,strong30k,4,80,42,0.0,0.4,walk
223,4.46,0.0,0.4000000059604645,-0.3296705484390259,0.09649500250816345,0.20816759765148163,-0.003758150152862072,0,2000,strong30k,4,80,42,0.0,0.4,walk
224,4.48,0.0,0.4000000059604645,-0.32832300662994385,0.09749603271484375,0.1878679394721985,-0.11450326442718506,0,2000,strong30k,4,80,42,0.0,0.4,walk
225,4.5,0.0,0.4000000059604645,-0.3257424831390381,0.09875953942537308,0.1674254685640335,-0.25922542810440063,0,2000,strong30k,4,80,42,0.0,0.4,walk
226,4.5200000000000005,0.0,0.4000000059604645,-0.3222693204879761,0.10463142395019531,0.15071392059326172,-0.3490411639213562,0,2000,strong30k,4,80,42,0.0,0.4,walk
227,4.54,0.0,0.4000000059604645,-0.31884491443634033,0.11127272248268127,0.1347282975912094,-0.31861239671707153,0,2000,strong30k,4,80,42,0.0,0.4,walk
228,4.5600000000000005,0.0,0.4000000059604645,-0.31569206714630127,0.12218932807445526,0.11662323772907257,-0.3154233396053314,0,2000,strong30k,4,80,42,0.0,0.4,walk
229,4.58,0.0,0.4000000059604645,-0.312930703163147,0.1365506798028946,0.09824586659669876,-0.2957524061203003,0,2000,strong30k,4,80,42,0.0,0.4,walk
230,4.6000000000000005,0.0,0.4000000059604645,-0.31060707569122314,0.15235914289951324,0.08139517903327942,-0.3017101287841797,0,2000,strong30k,4,80,42,0.0,0.4,walk
231,4.62,0.0,0.4000000059604645,-0.3085974454879761,0.16915026307106018,0.06758716702461243,-0.31496140360832214,0,2000,strong30k,4,80,42,0.0,0.4,walk
232,4.64,0.0,0.4000000059604645,-0.3069489002227783,0.18312908709049225,0.053221091628074646,-0.3211141526699066,0,2000,strong30k,4,80,42,0.0,0.4,walk
233,4.66,0.0,0.4000000059604645,-0.3056199550628662,0.19235064089298248,0.03594880923628807,-0.33093273639678955,0,2000,strong30k,4,80,42,0.0,0.4,walk
234,4.68,0.0,0.4000000059604645,-0.30399632453918457,0.19393333792686462,0.014715285040438175,-0.3747832179069519,0,2000,strong30k,4,80,42,0.0,0.4,walk
235,4.7,0.0,0.4000000059604645,-0.30124950408935547,0.18836520612239838,-0.007551284972578287,-0.4599461853504181,0,2000,strong30k,4,80,42,0.0,0.4,walk
236,4.72,0.0,0.4000000059604645,-0.2977837324142456,0.17616739869117737,-0.024935845285654068,-0.45819365978240967,0,2000,strong30k,4,80,42,0.0,0.4,walk
237,4.74,0.0,0.4000000059604645,-0.29504382610321045,0.16581109166145325,-0.03126973286271095,-0.32698357105255127,0,2000,strong30k,4,80,42,0.0,0.4,walk
238,4.76,0.0,0.4000000059604645,-0.29222047328948975,0.11956420540809631,0.0007865538354963064,-0.72271329164505,0,2000,strong30k,4,80,42,0.0,0.4,walk
239,4.78,0.0,0.4000000059604645,-0.289833664894104,0.10317005217075348,0.036457959562540054,-0.2598271369934082,0,2000,strong30k,4,80,42,0.0,0.4,walk
240,4.8,0.0,0.4000000059604645,-0.2895418405532837,0.08682610839605331,0.06516732275485992,-0.2559189796447754,0,2000,strong30k,4,80,42,0.0,0.4,walk
241,4.82,0.0,0.4000000059604645,-0.2877455949783325,0.08197327703237534,0.08426238596439362,-0.4972851872444153,0,2000,strong30k,4,80,42,0.0,0.4,walk
242,4.84,0.0,0.4000000059604645,-0.2834726572036743,0.08389901369810104,0.10080336779356003,-0.6592916250228882,0,2000,strong30k,4,80,42,0.0,0.4,walk
243,4.86,0.0,0.4000000059604645,-0.27860069274902344,0.08458105474710464,0.11899784952402115,-0.5961894989013672,0,2000,strong30k,4,80,42,0.0,0.4,walk
244,4.88,0.0,0.4000000059604645,-0.2749119997024536,0.08543292433023453,0.14073880016803741,-0.38703644275665283,0,2000,strong30k,4,80,42,0.0,0.4,walk
245,4.9,0.0,0.4000000059604645,-0.2730579376220703,0.09272835403680801,0.16263513267040253,-0.1715436428785324,0,2000,strong30k,4,80,42,0.0,0.4,walk
246,4.92,0.0,0.4000000059604645,-0.2730010747909546,0.10349925607442856,0.1836439073085785,0.010830707848072052,0,2000,strong30k,4,80,42,0.0,0.4,walk
247,4.94,0.0,0.4000000059604645,-0.27406227588653564,0.11750926077365875,0.2053363025188446,0.09979186952114105,0,2000,strong30k,4,80,42,0.0,0.4,walk
248,4.96,0.0,0.4000000059604645,-0.275301456451416,0.13145491480827332,0.22701337933540344,0.11251389980316162,0,2000,strong30k,4,80,42,0.0,0.4,walk
249,4.98,0.0,0.4000000059604645,-0.2763303518295288,0.1467515081167221,0.24956965446472168,0.14296549558639526,0,2000,strong30k,4,80,42,0.0,0.4,walk
250,5.0,0.0,0.4000000059604645,-0.2773391008377075,0.15774980187416077,0.2766888737678528,0.1554328352212906,0,2000,strong30k,4,80,42,0.0,0.4,walk
251,5.0200000000000005,0.0,0.4000000059604645,-0.2779167890548706,0.16835340857505798,0.3074609935283661,0.08367705345153809,0,2000,strong30k,4,80,42,0.0,0.4,walk
252,5.04,0.0,0.4000000059604645,-0.2776907682418823,0.18784412741661072,0.3376080393791199,0.05862449109554291,0,2000,strong30k,4,80,42,0.0,0.4,walk
253,5.0600000000000005,0.0,0.4000000059604645,-0.27607786655426025,0.20964328944683075,0.36755841970443726,-0.041706472635269165,0,2000,strong30k,4,80,42,0.0,0.4,walk
254,5.08,0.0,0.4000000059604645,-0.2726057767868042,0.22250054776668549,0.4059372544288635,-0.1915576159954071,0,2000,strong30k,4,80,42,0.0,0.4,walk
255,5.1000000000000005,0.0,0.4000000059604645,-0.2677905559539795,0.22399002313613892,0.4533107280731201,-0.28152996301651,0,2000,strong30k,4,80,42,0.0,0.4,walk
256,5.12,0.0,0.4000000059604645,-0.26387476921081543,0.2180672585964203,0.5072742700576782,-0.14538049697875977,0,2000,strong30k,4,80,42,0.0,0.4,walk
257,5.14,0.0,0.4000000059604645,-0.26237308979034424,0.21620866656303406,0.5486328601837158,0.08654611557722092,0,2000,strong30k,4,80,42,0.0,0.4,walk
258,5.16,0.0,0.4000000059604645,-0.2643018960952759,0.17801131308078766,0.49313756823539734,0.17298687994480133,0,2000,strong30k,4,80,42,0.0,0.4,walk
259,5.18,0.0,0.4000000059604645,-0.2608727216720581,0.15443870425224304,0.41890785098075867,-0.516888439655304,0,2000,strong30k,4,80,42,0.0,0.4,walk
260,5.2,0.0,0.4000000059604645,-0.2530597448348999,0.13100923597812653,0.362267404794693,-0.6409361362457275,0,2000,strong30k,4,80,42,0.0,0.4,walk
261,5.22,0.0,0.4000000059604645,-0.24605286121368408,0.11050859838724136,0.32664424180984497,-0.36991941928863525,0,2000,strong30k,4,80,42,0.0,0.4,walk
262,5.24,0.0,0.4000000059604645,-0.2422029972076416,0.09001866728067398,0.2967710494995117,-0.0624447725713253,0,2000,strong30k,4,80,42,0.0,0.4,walk
263,5.26,0.0,0.4000000059604645,-0.2409905195236206,0.07985208183526993,0.2662689685821533,0.09918022155761719,0,2000,strong30k,4,80,42,0.0,0.4,walk
264,5.28,0.0,0.4000000059604645,-0.24126660823822021,0.07796701788902283,0.23910753428936005,0.17515812814235687,0,2000,strong30k,4,80,42,0.0,0.4,walk
265,5.3,0.0,0.4000000059604645,-0.2415074110031128,0.08159852027893066,0.21546144783496857,0.06960856914520264,0,2000,strong30k,4,80,42,0.0,0.4,walk
266,5.32,0.0,0.4000000059604645,-0.24045789241790771,0.08106578886508942,0.19201752543449402,-0.09224915504455566,0,2000,strong30k,4,80,42,0.0,0.4,walk
267,5.34,0.0,0.4000000059604645,-0.2382267713546753,0.08098716288805008,0.17198731005191803,-0.2106882482767105,0,2000,strong30k,4,80,42,0.0,0.4,walk
268,5.36,0.0,0.4000000059604645,-0.23522424697875977,0.0811167061328888,0.15566247701644897,-0.28529202938079834,0,2000,strong30k,4,80,42,0.0,0.4,walk
269,5.38,0.0,0.4000000059604645,-0.23190665245056152,0.08549119532108307,0.14013072848320007,-0.31787919998168945,0,2000,strong30k,4,80,42,0.0,0.4,walk
270,5.4,0.0,0.4000000059604645,-0.22906386852264404,0.09567948430776596,0.12323885411024094,-0.25555258989334106,0,2000,strong30k,4,80,42,0.0,0.4,walk
271,5.42,0.0,0.4000000059604645,-0.22673845291137695,0.10830145329236984,0.10400590300559998,-0.24963727593421936,0,2000,strong30k,4,80,42,0.0,0.4,walk
272,5.44,0.0,0.4000000059604645,-0.2246619462966919,0.1218804270029068,0.0865117609500885,-0.26299184560775757,0,2000,strong30k,4,80,42,0.0,0.4,walk
273,5.46,0.0,0.4000000059604645,-0.22288453578948975,0.13686503469944,0.07145851850509644,-0.26227083802223206,0,2000,strong30k,4,80,42,0.0,0.4,walk
274,5.48,0.0,0.4000000059604645,-0.2215808629989624,0.15107454359531403,0.057550542056560516,-0.2545369565486908,0,2000,strong30k,4,80,42,0.0,0.4,walk
275,5.5,0.0,0.4000000059604645,-0.2208693027496338,0.1609497219324112,0.04231001436710358,-0.24257177114486694,0,2000,strong30k,4,80,42,0.0,0.4,walk
276,5.5200000000000005,0.0,0.4000000059604645,-0.22044575214385986,0.16524474322795868,0.02330065332353115,-0.26542526483535767,0,2000,strong30k,4,80,42,0.0,0.4,walk
277,5.54,0.0,0.4000000059604645,-0.21912872791290283,0.16034218668937683,-0.0005381667870096862,-0.3514498472213745,0,2000,strong30k,4,80,42,0.0,0.4,walk
278,5.5600000000000005,0.0,0.4000000059604645,-0.21658337116241455,0.14802134037017822,-0.022617675364017487,-0.413306325674057,0,2000,strong30k,4,80,42,0.0,0.4,walk
279,5.58,0.0,0.4000000059604645,-0.2139732837677002,0.13526448607444763,-0.034413669258356094,-0.3422088623046875,0,2000,strong30k,4,80,42,0.0,0.4,walk
280,5.6000000000000005,0.0,0.4000000059604645,-0.2124112844467163,0.12059957534074783,-0.0401010736823082,-0.24193310737609863,0,2000,strong30k,4,80,42,0.0,0.4,walk
281,5.62,0.0,0.4000000059604645,-0.20976150035858154,0.08181006461381912,0.010248089209198952,-0.34772396087646484,0,2000,strong30k,4,80,42,0.0,0.4,walk
282,5.64,0.0,0.4000000059604645,-0.20926785469055176,0.06276897341012955,0.043246835470199585,-0.1753522753715515,0,2000,strong30k,4,80,42,0.0,0.4,walk
283,5.66,0.0,0.4000000059604645,-0.20904791355133057,0.055913131684064865,0.0658717229962349,-0.2966865599155426,0,2000,strong30k,4,80,42,0.0,0.4,walk
284,5.68,0.0,0.4000000059604645,-0.20662331581115723,0.05757230147719383,0.08245868980884552,-0.5190477967262268,0,2000,strong30k,4,80,42,0.0,0.4,walk
285,5.7,0.0,0.4000000059604645,-0.2026900053024292,0.061614785343408585,0.10157272964715958,-0.5552819967269897,0,2000,strong30k,4,80,42,0.0,0.4,walk
286,5.72,0.0,0.4000000059604645,-0.19917190074920654,0.06647857278585434,0.12148777395486832,-0.4269286096096039,0,2000,strong30k,4,80,42,0.0,0.4,walk
287,5.74,0.0,0.4000000059604645,-0.19674479961395264,0.07470560818910599,0.14133431017398834,-0.25348326563835144,0,2000,strong30k,4,80,42,0.0,0.4,walk
288,5.76,0.0,0.4000000059604645,-0.19606125354766846,0.085112564265728,0.16403576731681824,-0.05080759525299072,0,2000,strong30k,4,80,42,0.0,0.4,walk
289,5.78,0.0,0.4000000059604645,-0.19666826725006104,0.10084917396306992,0.18500714004039764,0.06300501525402069,0,2000,strong30k,4,80,42,0.0,0.4,walk
290,5.8,0.0,0.4000000059604645,-0.19784939289093018,0.11565505713224411,0.20624184608459473,0.12436376512050629,0,2000,strong30k,4,80,42,0.0,0.4,walk
291,5.82,0.0,0.4000000059604645,-0.1992548704147339,0.1296881139278412,0.22892692685127258,0.1639816015958786,0,2000,strong30k,4,80,42,0.0,0.4,walk
292,5.84,0.0,0.4000000059604645,-0.20076286792755127,0.1447899043560028,0.25367844104766846,0.207912877202034,0,2000,strong30k,4,80,42,0.0,0.4,walk
293,5.86,0.0,0.4000000059604645,-0.2021409273147583,0.15707437694072723,0.2826292812824249,0.18785648047924042,0,2000,strong30k,4,80,42,0.0,0.4,walk
294,5.88,0.0,0.4000000059604645,-0.2028217315673828,0.1726817637681961,0.31303706765174866,0.11648762971162796,0,2000,strong30k,4,80,42,0.0,0.4,walk
295,5.9,0.0,0.4000000059604645,-0.2022916078567505,0.19472891092300415,0.34364235401153564,0.046596698462963104,0,2000,strong30k,4,80,42,0.0,0.4,walk
296,5.92,0.0,0.4000000059604645,-0.20022404193878174,0.21213607490062714,0.379032701253891,-0.06716900318861008,0,2000,strong30k,4,80,42,0.0,0.4,walk
297,5.94,0.0,0.4000000059604645,-0.19632411003112793,0.21935521066188812,0.4215605854988098,-0.22167548537254333,0,2000,strong30k,4,80,42,0.0,0.4,walk
298,5.96,0.0,0.4000000059604645,-0.19204330444335938,0.21727845072746277,0.4728090167045593,-0.20656637847423553,0,2000,strong30k,4,80,42,0.0,0.4,walk
299,5.98,0.0,0.4000000059604645,-0.18956518173217773,0.21304327249526978,0.5213146209716797,-0.0046879868023097515,0,2000,strong30k,4,80,42,0.0,0.4,walk
300,6.0,0.0,0.4000000059604645,-0.18968892097473145,0.18516981601715088,0.5261086821556091,0.6055890321731567,0,2000,strong30k,4,80,42,0.0,0.4,walk
301,6.0200000000000005,0.0,0.4000000059604645,-0.19055604934692383,0.1643775850534439,0.44461700320243835,-0.2434287667274475,0,2000,strong30k,4,80,42,0.0,0.4,walk
302,6.04,0.0,0.4000000059604645,-0.18433403968811035,0.13900046050548553,0.378277987241745,-0.619225025177002,0,2000,strong30k,4,80,42,0.0,0.4,walk
303,6.0600000000000005,0.0,0.4000000059604645,-0.17665839195251465,0.11667947471141815,0.33474141359329224,-0.491476833820343,0,2000,strong30k,4,80,42,0.0,0.4,walk
304,6.08,0.0,0.4000000059604645,-0.17166483402252197,0.09330709278583527,0.30431604385375977,-0.13282260298728943,0,2000,strong30k,4,80,42,0.0,0.4,walk
305,6.1000000000000005,0.0,0.4000000059604645,-0.1694890260696411,0.08000071346759796,0.2725648581981659,0.04305905103683472,0,2000,strong30k,4,80,42,0.0,0.4,walk
306,6.12,0.0,0.4000000059604645,-0.1693495512008667,0.07623519748449326,0.24349699914455414,0.17836043238639832,0,2000,strong30k,4,80,42,0.0,0.4,walk
307,6.140000000000001,0.0,0.4000000059604645,-0.16975414752960205,0.07520169764757156,0.216688871383667,0.14238974452018738,0,2000,strong30k,4,80,42,0.0,0.4,walk
308,6.16,0.0,0.4000000059604645,-0.16944992542266846,0.07574015110731125,0.19292743504047394,0.005704926326870918,0,2000,strong30k,4,80,42,0.0,0.4,walk
309,6.18,0.0,0.4000000059604645,-0.16804850101470947,0.07559068500995636,0.17226004600524902,-0.12016087025403976,0,2000,strong30k,4,80,42,0.0,0.4,walk
310,6.2,0.0,0.4000000059604645,-0.16575777530670166,0.07624358683824539,0.15444260835647583,-0.21814417839050293,0,2000,strong30k,4,80,42,0.0,0.4,walk
311,6.22,0.0,0.4000000059604645,-0.1627582311630249,0.07908406108617783,0.13716630637645721,-0.29622429609298706,0,2000,strong30k,4,80,42,0.0,0.4,walk
312,6.24,0.0,0.4000000059604645,-0.1600404977798462,0.08545564115047455,0.1220351904630661,-0.2326010912656784,0,2000,strong30k,4,80,42,0.0,0.4,walk
313,6.26,0.0,0.4000000059604645,-0.15767884254455566,0.09791415184736252,0.10357499867677689,-0.2423783242702484,0,2000,strong30k,4,80,42,0.0,0.4,walk
314,6.28,0.0,0.4000000059604645,-0.15565860271453857,0.11076844483613968,0.08469031751155853,-0.22013673186302185,0,2000,strong30k,4,80,42,0.0,0.4,walk
315,6.3,0.0,0.4000000059604645,-0.15418314933776855,0.12671338021755219,0.06907141953706741,-0.21381470561027527,0,2000,strong30k,4,80,42,0.0,0.4,walk
316,6.32,0.0,0.4000000059604645,-0.1531047821044922,0.14345981180667877,0.055153872817754745,-0.21609047055244446,0,2000,strong30k,4,80,42,0.0,0.4,walk
317,6.34,0.0,0.4000000059604645,-0.1525663137435913,0.1566123366355896,0.040510259568691254,-0.20061978697776794,0,2000,strong30k,4,80,42,0.0,0.4,walk
318,6.36,0.0,0.4000000059604645,-0.15253055095672607,0.1644517183303833,0.022774003446102142,-0.20283150672912598,0,2000,strong30k,4,80,42,0.0,0.4,walk
319,6.38,0.0,0.4000000059604645,-0.15225470066070557,0.16444528102874756,3.0998904549051076e-05,-0.2456239014863968,0,2000,strong30k,4,80,42,0.0,0.4,walk
320,6.4,0.0,0.4000000059604645,-0.15082907676696777,0.15616679191589355,-0.024019930511713028,-0.3351231813430786,0,2000,strong30k,4,80,42,0.0,0.4,walk
321,6.42,0.0,0.4000000059604645,-0.14864766597747803,0.14265073835849762,-0.041632965207099915,-0.34055036306381226,0,2000,strong30k,4,80,42,0.0,0.4,walk
322,6.44,0.0,0.4000000059604645,-0.14692914485931396,0.1307605355978012,-0.05032385140657425,-0.27942341566085815,0,2000,strong30k,4,80,42,0.0,0.4,walk
323,6.46,0.0,0.4000000059604645,-0.14408373832702637,0.08424706012010574,-0.015637464821338654,-0.6770676374435425,0,2000,strong30k,4,80,42,0.0,0.4,walk
324,6.48,0.0,0.4000000059604645,-0.14237666130065918,0.07069262862205505,0.020539265125989914,-0.18147097527980804,0,2000,strong30k,4,80,42,0.0,0.4,walk
325,6.5,0.0,0.4000000059604645,-0.14306652545928955,0.05844906345009804,0.04826002195477486,-0.14391125738620758,0,2000,strong30k,4,80,42,0.0,0.4,walk
326,6.5200000000000005,0.0,0.4000000059604645,-0.14247357845306396,0.05665162578225136,0.06553781032562256,-0.35151126980781555,0,2000,strong30k,4,80,42,0.0,0.4,walk
327,6.54,0.0,0.4000000059604645,-0.13989269733428955,0.05927562341094017,0.08380795270204544,-0.4624819755554199,0,2000,strong30k,4,80,42,0.0,0.4,walk
328,6.5600000000000005,0.0,0.4000000059604645,-0.13694465160369873,0.06409259140491486,0.10241412371397018,-0.4010179042816162,0,2000,strong30k,4,80,42,0.0,0.4,walk
329,6.58,0.0,0.4000000059604645,-0.13489460945129395,0.06891904026269913,0.12339037656784058,-0.23314231634140015,0,2000,strong30k,4,80,42,0.0,0.4,walk
330,6.6000000000000005,0.0,0.4000000059604645,-0.134391188621521,0.07691754400730133,0.14679861068725586,-0.06367730349302292,0,2000,strong30k,4,80,42,0.0,0.4,walk
331,6.62,0.0,0.4000000059604645,-0.13519442081451416,0.09249289333820343,0.16781434416770935,0.08386465907096863,0,2000,strong30k,4,80,42,0.0,0.4,walk
332,6.640000000000001,0.0,0.4000000059604645,-0.13653957843780518,0.10685041546821594,0.1893869787454605,0.10601571202278137,0,2000,strong30k,4,80,42,0.0,0.4,walk
333,6.66,0.0,0.4000000059604645,-0.1378687620162964,0.12409001588821411,0.2111542969942093,0.14289921522140503,0,2000,strong30k,4,80,42,0.0,0.4,walk
334,6.68,0.0,0.4000000059604645,-0.13928556442260742,0.14030838012695312,0.23471373319625854,0.18174871802330017,0,2000,strong30k,4,80,42,0.0,0.4,walk
335,6.7,0.0,0.4000000059604645,-0.1406646966934204,0.15156497061252594,0.2615610957145691,0.1924155354499817,0,2000,strong30k,4,80,42,0.0,0.4,walk
336,6.72,0.0,0.4000000059604645,-0.14160311222076416,0.1640523374080658,0.29100266098976135,0.1273292750120163,0,2000,strong30k,4,80,42,0.0,0.4,walk
337,6.74,0.0,0.4000000059604645,-0.14177954196929932,0.18342415988445282,0.32080456614494324,0.09781105816364288,0,2000,strong30k,4,80,42,0.0,0.4,walk
338,6.76,0.0,0.4000000059604645,-0.14067375659942627,0.20511020720005035,0.3509455919265747,0.016717173159122467,0,2000,strong30k,4,80,42,0.0,0.4,walk
339,6.78,0.0,0.4000000059604645,-0.1380709409713745,0.21841244399547577,0.38942834734916687,-0.09337528795003891,0,2000,strong30k,4,80,42,0.0,0.4,walk
340,6.8,0.0,0.4000000059604645,-0.13437700271606445,0.22064830362796783,0.4353235363960266,-0.16921214759349823,0,2000,strong30k,4,80,42,0.0,0.4,walk
341,6.82,0.0,0.4000000059604645,-0.13151204586029053,0.21448224782943726,0.48818060755729675,-0.05994151532649994,0,2000,strong30k,4,80,42,0.0,0.4,walk
342,6.84,0.0,0.4000000059604645,-0.1307615041732788,0.212366983294487,0.5295450091362,0.13702000677585602,0,2000,strong30k,4,80,42,0.0,0.4,walk
343,6.86,0.0,0.4000000059604645,-0.13289690017700195,0.17661945521831512,0.48400187492370605,0.19973433017730713,0,2000,strong30k,4,80,42,0.0,0.4,walk
344,6.88,0.0,0.4000000059604645,-0.1302088499069214,0.15285612642765045,0.41078072786331177,-0.43382394313812256,0,2000,strong30k,4,80,42,0.0,0.4,walk
345,6.9,0.0,0.4000000059604645,-0.12318241596221924,0.12934032082557678,0.3534368872642517,-0.5777028799057007,0,2000,strong30k,4,80,42,0.0,0.4,walk
346,6.92,0.0,0.4000000059604645,-0.11669528484344482,0.1082472950220108,0.3170265853404999,-0.31828320026397705,0,2000,strong30k,4,80,42,0.0,0.4,walk
347,6.94,0.0,0.4000000059604645,-0.11348521709442139,0.08783891052007675,0.28746482729911804,0.027312705293297768,0,2000,strong30k,4,80,42,0.0,0.4,walk
348,6.96,0.0,0.4000000059604645,-0.11307430267333984,0.07764224708080292,0.2569389045238495,0.19429239630699158,0,2000,strong30k,4,80,42,0.0,0.4,walk
349,6.98,0.0,0.4000000059604645,-0.11413562297821045,0.0748988464474678,0.22920987010002136,0.2594103217124939,0,2000,strong30k,4,80,42,0.0,0.4,walk
350,7.0,0.0,0.4000000059604645,-0.11503016948699951,0.07855309545993805,0.2052716463804245,0.13271072506904602,0,2000,strong30k,4,80,42,0.0,0.4,walk
351,7.0200000000000005,0.0,0.4000000059604645,-0.11450231075286865,0.07879064232110977,0.18236932158470154,-0.04438386112451553,0,2000,strong30k,4,80,42,0.0,0.4,walk
352,7.04,0.0,0.4000000059604645,-0.11262118816375732,0.07853638380765915,0.16357864439487457,-0.18122956156730652,0,2000,strong30k,4,80,42,0.0,0.4,walk
353,7.0600000000000005,0.0,0.4000000059604645,-0.10993325710296631,0.07796797156333923,0.14755283296108246,-0.25515636801719666,0,2000,strong30k,4,80,42,0.0,0.4,walk
354,7.08,0.0,0.4000000059604645,-0.10696184635162354,0.08197502046823502,0.13137340545654297,-0.28065475821495056,0,2000,strong30k,4,80,42,0.0,0.4,walk
355,7.1000000000000005,0.0,0.4000000059604645,-0.10446619987487793,0.09244754165410995,0.11518976092338562,-0.22216796875,0,2000,strong30k,4,80,42,0.0,0.4,walk
356,7.12,0.0,0.4000000059604645,-0.10248291492462158,0.10671573132276535,0.09703466296195984,-0.21519479155540466,0,2000,strong30k,4,80,42,0.0,0.4,walk
357,7.140000000000001,0.0,0.4000000059604645,-0.10075652599334717,0.1219567134976387,0.07891038805246353,-0.22169679403305054,0,2000,strong30k,4,80,42,0.0,0.4,walk
358,7.16,0.0,0.4000000059604645,-0.09943604469299316,0.13900455832481384,0.06483432650566101,-0.2112904042005539,0,2000,strong30k,4,80,42,0.0,0.4,walk
359,7.18,0.0,0.4000000059604645,-0.09869420528411865,0.15524822473526,0.05130144581198692,-0.18992140889167786,0,2000,strong30k,4,80,42,0.0,0.4,walk
360,7.2,0.0,0.4000000059604645,-0.09871971607208252,0.16708825528621674,0.03643985465168953,-0.1599368155002594,0,2000,strong30k,4,80,42,0.0,0.4,walk
361,7.22,0.0,0.4000000059604645,-0.09917593002319336,0.17285579442977905,0.017464468255639076,-0.16854208707809448,0,2000,strong30k,4,80,42,0.0,0.4,walk
362,7.24,0.0,0.4000000059604645,-0.09893167018890381,0.16960720717906952,-0.005929936189204454,-0.24531394243240356,0,2000,strong30k,4,80,42,0.0,0.4,walk
363,7.26,0.0,0.4000000059604645,-0.09742939472198486,0.15817205607891083,-0.027774706482887268,-0.3218873143196106,0,2000,strong30k,4,80,42,0.0,0.4,walk
364,7.28,0.0,0.4000000059604645,-0.09563493728637695,0.14510953426361084,-0.03879384696483612,-0.27709656953811646,0,2000,strong30k,4,80,42,0.0,0.4,walk
365,7.3,0.0,0.4000000059604645,-0.09437394142150879,0.12977959215641022,-0.04395216703414917,-0.24726822972297668,0,2000,strong30k,4,80,42,0.0,0.4,walk
366,7.32,0.0,0.4000000059604645,-0.09161078929901123,0.08824286609888077,0.003913485910743475,-0.3305111229419708,0,2000,strong30k,4,80,42,0.0,0.4,walk
367,7.34,0.0,0.4000000059604645,-0.09176135063171387,0.06782994419336319,0.03822406381368637,-0.07975836098194122,0,2000,strong30k,4,80,42,0.0,0.4,walk
368,7.36,0.0,0.4000000059604645,-0.0927438735961914,0.05934621021151543,0.05988374724984169,-0.1636338084936142,0,2000,strong30k,4,80,42,0.0,0.4,walk
369,7.38,0.0,0.4000000059604645,-0.09180009365081787,0.05993589013814926,0.07646963000297546,-0.36038652062416077,0,2000,strong30k,4,80,42,0.0,0.4,walk
370,7.4,0.0,0.4000000059604645,-0.08941686153411865,0.06411142647266388,0.09459110349416733,-0.3985505700111389,0,2000,strong30k,4,80,42,0.0,0.4,walk
371,7.42,0.0,0.4000000059604645,-0.08731114864349365,0.06852421164512634,0.114850252866745,-0.29692453145980835,0,2000,strong30k,4,80,42,0.0,0.4,walk
372,7.44,0.0,0.4000000059604645,-0.0858910083770752,0.07698305696249008,0.1349419802427292,-0.17481788992881775,0,2000,strong30k,4,80,42,0.0,0.4,walk
373,7.46,0.0,0.4000000059604645,-0.08575761318206787,0.08801817148923874,0.15748313069343567,-0.016810765489935875,0,2000,strong30k,4,80,42,0.0,0.4,walk
374,7.48,0.0,0.4000000059604645,-0.0866016149520874,0.1046806201338768,0.17833848297595978,0.08226501196622849,0,2000,strong30k,4,80,42,0.0,0.4,walk
375,7.5,0.0,0.4000000059604645,-0.08791029453277588,0.11930499970912933,0.19995589554309845,0.1357034295797348,0,2000,strong30k,4,80,42,0.0,0.4,walk
376,7.5200000000000005,0.0,0.4000000059604645,-0.08936822414398193,0.1338558793067932,0.22265735268592834,0.17635908722877502,0,2000,strong30k,4,80,42,0.0,0.4,walk
377,7.54,0.0,0.4000000059604645,-0.09108841419219971,0.14855660498142242,0.24836939573287964,0.23859387636184692,0,2000,strong30k,4,80,42,0.0,0.4,walk
378,7.5600000000000005,0.0,0.4000000059604645,-0.09280121326446533,0.16102255880832672,0.2776153087615967,0.22509051859378815,0,2000,strong30k,4,80,42,0.0,0.4,walk
379,7.58,0.0,0.4000000059604645,-0.09389865398406982,0.17589427530765533,0.30826687812805176,0.1674710214138031,0,2000,strong30k,4,80,42,0.0,0.4,walk
380,7.6000000000000005,0.0,0.4000000059604645,-0.09392368793487549,0.196302592754364,0.3395279347896576,0.10604202002286911,0,2000,strong30k,4,80,42,0.0,0.4,walk
381,7.62,0.0,0.4000000059604645,-0.09237945079803467,0.21193280816078186,0.37550055980682373,-0.021931331604719162,0,2000,strong30k,4,80,42,0.0,0.4,walk
382,7.640000000000001,0.0,0.4000000059604645,-0.0890125036239624,0.21839548647403717,0.4183759093284607,-0.16638949513435364,0,2000,strong30k,4,80,42,0.0,0.4,walk
383,7.66,0.0,0.4000000059604645,-0.08545911312103271,0.215447336435318,0.4698393940925598,-0.13901875913143158,0,2000,strong30k,4,80,42,0.0,0.4,walk
384,7.68,0.0,0.4000000059604645,-0.08369553089141846,0.21145956218242645,0.5184998512268066,0.054091572761535645,0,2000,strong30k,4,80,42,0.0,0.4,walk
385,7.7,0.0,0.4000000059604645,-0.08441364765167236,0.1843663454055786,0.522918164730072,0.6241594552993774,0,2000,strong30k,4,80,42,0.0,0.4,walk
386,7.72,0.0,0.4000000059604645,-0.08540403842926025,0.1628725528717041,0.4402219355106354,-0.22759291529655457,0,2000,strong30k,4,80,42,0.0,0.4,walk
387,7.74,0.0,0.4000000059604645,-0.07958972454071045,0.13698427379131317,0.3735014498233795,-0.5716127157211304,0,2000,strong30k,4,80,42,0.0,0.4,walk
388,7.76,0.0,0.4000000059604645,-0.07242453098297119,0.11498172581195831,0.32872825860977173,-0.4437725841999054,0,2000,strong30k,4,80,42,0.0,0.4,walk
389,7.78,0.0,0.4000000059604645,-0.06801116466522217,0.0919644758105278,0.2993507385253906,-0.0716770589351654,0,2000,strong30k,4,80,42,0.0,0.4,walk
390,7.8,0.0,0.4000000059604645,-0.06662356853485107,0.07834067195653915,0.2674790620803833,0.13040649890899658,0,2000,strong30k,4,80,42,0.0,0.4,walk
391,7.82,0.0,0.4000000059604645,-0.0673438310623169,0.07367834448814392,0.2387649118900299,0.2680423855781555,0,2000,strong30k,4,80,42,0.0,0.4,walk
392,7.84,0.0,0.4000000059604645,-0.06837809085845947,0.07245304435491562,0.21270470321178436,0.1829243302345276,0,2000,strong30k,4,80,42,0.0,0.4,walk
393,7.86,0.0,0.4000000059604645,-0.06837868690490723,0.07373237609863281,0.1894063651561737,0.026428015902638435,0,2000,strong30k,4,80,42,0.0,0.4,walk
394,7.88,0.0,0.4000000059604645,-0.06712687015533447,0.07152893394231796,0.16908815503120422,-0.10650618374347687,0,2000,strong30k,4,80,42,0.0,0.4,walk
395,7.9,0.0,0.4000000059604645,-0.06486213207244873,0.0703360065817833,0.1513194739818573,-0.21518932282924652,0,2000,strong30k,4,80,42,0.0,0.4,walk
396,7.92,0.0,0.4000000059604645,-0.062108635902404785,0.07249611616134644,0.13520005345344543,-0.26385894417762756,0,2000,strong30k,4,80,42,0.0,0.4,walk
397,7.94,0.0,0.4000000059604645,-0.05970585346221924,0.07909992337226868,0.1197538748383522,-0.2024560570716858,0,2000,strong30k,4,80,42,0.0,0.4,walk
398,7.96,0.0,0.4000000059604645,-0.057750701904296875,0.09202595800161362,0.10185081511735916,-0.20586499571800232,0,2000,strong30k,4,80,42,0.0,0.4,walk
399,7.98,0.0,0.4000000059604645,-0.0560528039932251,0.10567473620176315,0.08293169736862183,-0.19351044297218323,0,2000,strong30k,4,80,42,0.0,0.4,walk
400,8.0,0.0,0.4000000059604645,-0.05488908290863037,0.12235072255134583,0.06769867986440659,-0.1788633167743683,0,2000,strong30k,4,80,42,0.0,0.4,walk
401,8.02,0.0,0.4000000059604645,-0.054192423820495605,0.13990947604179382,0.05389478802680969,-0.17434599995613098,0,2000,strong30k,4,80,42,0.0,0.4,walk
402,8.040000000000001,0.0,0.4000000059604645,-0.05415904521942139,0.15337927639484406,0.03966726362705231,-0.14494988322257996,0,2000,strong30k,4,80,42,0.0,0.4,walk
403,8.06,0.0,0.4000000059604645,-0.05476486682891846,0.16152681410312653,0.022297466173768044,-0.13362286984920502,0,2000,strong30k,4,80,42,0.0,0.4,walk
404,8.08,0.0,0.4000000059604645,-0.0552980899810791,0.16149358451366425,-0.00011516745144035667,-0.16363625228405,0,2000,strong30k,4,80,42,0.0,0.4,walk
405,8.1,0.0,0.4000000059604645,-0.05477011203765869,0.1529393047094345,-0.024017855525016785,-0.2517766058444977,0,2000,strong30k,4,80,42,0.0,0.4,walk
406,8.120000000000001,0.0,0.4000000059604645,-0.053394198417663574,0.13888517022132874,-0.04156346619129181,-0.2710310220718384,0,2000,strong30k,4,80,42,0.0,0.4,walk
407,8.14,0.0,0.4000000059604645,-0.052159905433654785,0.1258758157491684,-0.050190091133117676,-0.25367411971092224,0,2000,strong30k,4,80,42,0.0,0.4,walk
408,8.16,0.0,0.4000000059604645,-0.04971802234649658,0.07913365960121155,-0.018193736672401428,-0.6996439695358276,0,2000,strong30k,4,80,42,0.0,0.4,walk
409,8.18,0.0,0.4000000059604645,-0.04802262783050537,0.06469897925853729,0.017243284732103348,-0.1514478176832199,0,2000,strong30k,4,80,42,0.0,0.4,walk
410,8.2,0.0,0.4000000059604645,-0.049159884452819824,0.05173512548208237,0.04489462450146675,-0.08312395960092545,0,2000,strong30k,4,80,42,0.0,0.4,walk
411,8.22,0.0,0.4000000059604645,-0.049333930015563965,0.04924801364541054,0.06253932416439056,-0.25619062781333923,0,2000,strong30k,4,80,42,0.0,0.4,walk
412,8.24,0.0,0.4000000059604645,-0.04786193370819092,0.05243886262178421,0.08027540147304535,-0.3411352336406708,0,2000,strong30k,4,80,42,0.0,0.4,walk
413,8.26,0.0,0.4000000059604645,-0.046082258224487305,0.05804581567645073,0.09798821806907654,-0.2854588031768799,0,2000,strong30k,4,80,42,0.0,0.4,walk
414,8.28,0.0,0.4000000059604645,-0.04505336284637451,0.06472697108983994,0.11857116222381592,-0.1407492458820343,0,2000,strong30k,4,80,42,0.0,0.4,walk
415,8.3,0.0,0.4000000059604645,-0.045282721519470215,0.0748748779296875,0.14109349250793457,0.00016608269652351737,0,2000,strong30k,4,80,42,0.0,0.4,walk
416,8.32,0.0,0.4000000059604645,-0.04661107063293457,0.09250101447105408,0.16219297051429749,0.1266053169965744,0,2000,strong30k,4,80,42,0.0,0.4,walk
417,8.34,0.0,0.4000000059604645,-0.048313140869140625,0.10821113735437393,0.18357305228710175,0.14216548204421997,0,2000,strong30k,4,80,42,0.0,0.4,walk
418,8.36,0.0,0.4000000059604645,-0.04990029335021973,0.1251705139875412,0.2055189311504364,0.16503170132637024,0,2000,strong30k,4,80,42,0.0,0.4,walk
419,8.38,0.0,0.4000000059604645,-0.05152153968811035,0.14202864468097687,0.22946131229400635,0.20658522844314575,0,2000,strong30k,4,80,42,0.0,0.4,walk
420,8.4,0.0,0.4000000059604645,-0.053127408027648926,0.15341104567050934,0.25668907165527344,0.21512867510318756,0,2000,strong30k,4,80,42,0.0,0.4,walk
421,8.42,0.0,0.4000000059604645,-0.05431962013244629,0.1651095300912857,0.28680703043937683,0.15536823868751526,0,2000,strong30k,4,80,42,0.0,0.4,walk
422,8.44,0.0,0.4000000059604645,-0.05486273765563965,0.1847749501466751,0.3171555995941162,0.143280029296875,0,2000,strong30k,4,80,42,0.0,0.4,walk
423,8.46,0.0,0.4000000059604645,-0.05422210693359375,0.20574010908603668,0.34797734022140503,0.06451244652271271,0,2000,strong30k,4,80,42,0.0,0.4,walk
424,8.48,0.0,0.4000000059604645,-0.05206906795501709,0.21805882453918457,0.3870125710964203,-0.04864903911948204,0,2000,strong30k,4,80,42,0.0,0.4,walk
425,8.5,0.0,0.4000000059604645,-0.04891061782836914,0.2193451225757599,0.434231162071228,-0.11784989386796951,0,2000,strong30k,4,80,42,0.0,0.4,walk
426,8.52,0.0,0.4000000059604645,-0.046682000160217285,0.21321871876716614,0.4876538813114166,-0.004359808750450611,0,2000,strong30k,4,80,42,0.0,0.4,walk
427,8.540000000000001,0.0,0.4000000059604645,-0.04645800590515137,0.21168406307697296,0.529384970664978,0.17647448182106018,0,2000,strong30k,4,80,42,0.0,0.4,walk
428,8.56,0.0,0.4000000059604645,-0.048911333084106445,0.17714793980121613,0.48462140560150146,0.20893925428390503,0,2000,strong30k,4,80,42,0.0,0.4,walk
429,8.58,0.0,0.4000000059604645,-0.04653775691986084,0.15209147334098816,0.4106144309043884,-0.40118467807769775,0,2000,strong30k,4,80,42,0.0,0.4,walk
430,8.6,0.0,0.4000000059604645,-0.039879560470581055,0.1282651275396347,0.35167282819747925,-0.5344945788383484,0,2000,strong30k,4,80,42,0.0,0.4,walk
431,8.620000000000001,0.0,0.4000000059604645,-0.03382992744445801,0.10795371979475021,0.31502923369407654,-0.2680843472480774,0,2000,strong30k,4,80,42,0.0,0.4,walk
432,8.64,0.0,0.4000000059604645,-0.031165480613708496,0.08725425601005554,0.2855776250362396,0.09097186475992203,0,2000,strong30k,4,80,42,0.0,0.4,walk
433,8.66,0.0,0.4000000059604645,-0.03135955333709717,0.07682984322309494,0.25491297245025635,0.2583030164241791,0,2000,strong30k,4,80,42,0.0,0.4,walk
434,8.68,0.0,0.4000000059604645,-0.03293454647064209,0.07385118305683136,0.2269492894411087,0.307953804731369,0,2000,strong30k,4,80,42,0.0,0.4,walk
435,8.700000000000001,0.0,0.4000000059604645,-0.034186601638793945,0.07716842740774155,0.20318379998207092,0.16146042943000793,0,2000,strong30k,4,80,42,0.0,0.4,walk
436,8.72,0.0,0.4000000059604645,-0.033866167068481445,0.07650811225175858,0.1802641898393631,-0.028949886560440063,0,2000,strong30k,4,80,42,0.0,0.4,walk
437,8.74,0.0,0.4000000059604645,-0.032086730003356934,0.07503043860197067,0.16134145855903625,-0.17247101664543152,0,2000,strong30k,4,80,42,0.0,0.4,walk
438,8.76,0.0,0.4000000059604645,-0.02952110767364502,0.07345283776521683,0.14512163400650024,-0.23837266862392426,0,2000,strong30k,4,80,42,0.0,0.4,walk
439,8.78,0.0,0.4000000059604645,-0.02674734592437744,0.07683293521404266,0.12888534367084503,-0.25821155309677124,0,2000,strong30k,4,80,42,0.0,0.4,walk
440,8.8,0.0,0.4000000059604645,-0.024497151374816895,0.08700262755155563,0.11306504160165787,-0.19632960855960846,0,2000,strong30k,4,80,42,0.0,0.4,walk
441,8.82,0.0,0.4000000059604645,-0.022814512252807617,0.10114064067602158,0.09481693804264069,-0.18325303494930267,0,2000,strong30k,4,80,42,0.0,0.4,walk
442,8.84,0.0,0.4000000059604645,-0.021423697471618652,0.11681323498487473,0.07723668962717056,-0.1883241981267929,0,2000,strong30k,4,80,42,0.0,0.4,walk
443,8.86,0.0,0.4000000059604645,-0.020451903343200684,0.1344144642353058,0.06287407875061035,-0.17309822142124176,0,2000,strong30k,4,80,42,0.0,0.4,walk
444,8.88,0.0,0.4000000059604645,-0.020104527473449707,0.1514301896095276,0.049375019967556,-0.14789438247680664,0,2000,strong30k,4,80,42,0.0,0.4,walk
445,8.9,0.0,0.4000000059604645,-0.020572781562805176,0.16344459354877472,0.03436608240008354,-0.11029157042503357,0,2000,strong30k,4,80,42,0.0,0.4,walk
446,8.92,0.0,0.4000000059604645,-0.021582365036010742,0.16891951858997345,0.01516752503812313,-0.10581102222204208,0,2000,strong30k,4,80,42,0.0,0.4,walk
447,8.94,0.0,0.4000000059604645,-0.022042512893676758,0.16545289754867554,-0.008509754203259945,-0.17030714452266693,0,2000,strong30k,4,80,42,0.0,0.4,walk
448,8.96,0.0,0.4000000059604645,-0.021317362785339355,0.15357115864753723,-0.03093927539885044,-0.246202751994133,0,2000,strong30k,4,80,42,0.0,0.4,walk
449,8.98,0.0,0.4000000059604645,-0.020271897315979004,0.14063283801078796,-0.04135298728942871,-0.21683117747306824,0,2000,strong30k,4,80,42,0.0,0.4,walk
450,9.0,0.0,0.4000000059604645,-0.019303083419799805,0.12298578023910522,-0.04787496477365494,-0.2500043213367462,0,2000,strong30k,4,80,42,0.0,0.4,walk
451,9.02,0.0,0.4000000059604645,-0.016703248023986816,0.08313855528831482,-0.00047082093078643084,-0.29595211148262024,0,2000,strong30k,4,80,42,0.0,0.4,walk
452,9.040000000000001,0.0,0.4000000059604645,-0.01724398136138916,0.06338352710008621,0.033994995057582855,-0.038142405450344086,0,2000,strong30k,4,80,42,0.0,0.4,walk
453,9.06,0.0,0.4000000059604645,-0.01871788501739502,0.05594811961054802,0.05563465878367424,-0.10390246659517288,0,2000,strong30k,4,80,42,0.0,0.4,walk
454,9.08,0.0,0.4000000059604645,-0.018456697463989258,0.057680968195199966,0.07239096611738205,-0.2759559154510498,0,2000,strong30k,4,80,42,0.0,0.4,walk
455,9.1,0.0,0.4000000059604645,-0.016960740089416504,0.06329420208930969,0.0909942239522934,-0.3012145161628723,0,2000,strong30k,4,80,42,0.0,0.4,walk
456,9.120000000000001,0.0,0.4000000059604645,-0.015729904174804688,0.06925357133150101,0.11168594658374786,-0.21328040957450867,0,2000,strong30k,4,80,42,0.0,0.4,walk
457,9.14,0.0,0.4000000059604645,-0.015036702156066895,0.07889126986265182,0.13191066682338715,-0.10985194146633148,0,2000,strong30k,4,80,42,0.0,0.4,walk
458,9.16,0.0,0.4000000059604645,-0.015451788902282715,0.09147856384515762,0.15473587810993195,0.03208015486598015,0,2000,strong30k,4,80,42,0.0,0.4,walk
459,9.18,0.0,0.4000000059604645,-0.016637444496154785,0.10900010913610458,0.17605775594711304,0.10809612274169922,0,2000,strong30k,4,80,42,0.0,0.4,walk
460,9.200000000000001,0.0,0.4000000059604645,-0.018161654472351074,0.12401048094034195,0.1980689913034439,0.15650539100170135,0,2000,strong30k,4,80,42,0.0,0.4,walk
461,9.22,0.0,0.4000000059604645,-0.019738316535949707,0.1392410546541214,0.22092267870903015,0.18545639514923096,0,2000,strong30k,4,80,42,0.0,0.4,walk
462,9.24,0.0,0.4000000059604645,-0.021528124809265137,0.1546907126903534,0.24653995037078857,0.24957174062728882,0,2000,strong30k,4,80,42,0.0,0.4,walk
463,9.26,0.0,0.4000000059604645,-0.02335655689239502,0.16714370250701904,0.2760738432407379,0.239975243806839,0,2000,strong30k,4,80,42,0.0,0.4,walk
464,9.28,0.0,0.4000000059604645,-0.02465367317199707,0.18179689347743988,0.3072735071182251,0.19162915647029877,0,2000,strong30k,4,80,42,0.0,0.4,walk
465,9.3,0.0,0.4000000059604645,-0.02492499351501465,0.20253592729568481,0.3386419117450714,0.1353968381881714,0,2000,strong30k,4,80,42,0.0,0.4,walk
466,9.32,0.0,0.4000000059604645,-0.023714780807495117,0.21795423328876495,0.37507718801498413,0.018541492521762848,0,2000,strong30k,4,80,42,0.0,0.4,walk
467,9.34,0.0,0.4000000059604645,-0.02082812786102295,0.2240970879793167,0.41844427585601807,-0.1157790869474411,0,2000,strong30k,4,80,42,0.0,0.4,walk
468,9.36,0.0,0.4000000059604645,-0.017870783805847168,0.2211149036884308,0.47046226263046265,-0.08321749418973923,0,2000,strong30k,4,80,42,0.0,0.4,walk
469,9.38,0.0,0.4000000059604645,-0.016701102256774902,0.21765096485614777,0.5190319418907166,0.10391858220100403,0,2000,strong30k,4,80,42,0.0,0.4,walk
470,9.4,0.0,0.4000000059604645,-0.01804053783416748,0.187239408493042,0.5120136141777039,0.5958179831504822,0,2000,strong30k,4,80,42,0.0,0.4,walk
471,9.42,0.0,0.4000000059604645,-0.01846790313720703,0.16855385899543762,0.43779295682907104,-0.25538453459739685,0,2000,strong30k,4,80,42,0.0,0.4,walk
472,9.44,0.0,0.4000000059604645,-0.012668013572692871,0.14232055842876434,0.3712714612483978,-0.5517316460609436,0,2000,strong30k,4,80,42,0.0,0.4,walk
473,9.46,0.0,0.4000000059604645,-0.005930066108703613,0.12137458473443985,0.3266061544418335,-0.3840351700782776,0,2000,strong30k,4,80,42,0.0,0.4,walk
474,9.48,0.0,0.4000000059604645,-0.002274632453918457,0.09915421158075333,0.2972690463066101,0.01674925908446312,0,2000,strong30k,4,80,42,0.0,0.4,walk
475,9.5,0.0,0.4000000059604645,-0.0019217729568481445,0.08431486040353775,0.26547789573669434,0.23935070633888245,0,2000,strong30k,4,80,42,0.0,0.4,walk
476,9.52,0.0,0.4000000059604645,-0.0034006834030151367,0.08015357702970505,0.23612156510353088,0.3243471086025238,0,2000,strong30k,4,80,42,0.0,0.4,walk
477,9.540000000000001,0.0,0.4000000059604645,-0.0047054290771484375,0.08084772527217865,0.210286483168602,0.18199051916599274,0,2000,strong30k,4,80,42,0.0,0.4,walk
478,9.56,0.0,0.4000000059604645,-0.004563570022583008,0.08184267580509186,0.18712317943572998,0.003743404056876898,0,2000,strong30k,4,80,42,0.0,0.4,walk
479,9.58,0.0,0.4000000059604645,-0.0031739473342895508,0.07839199155569077,0.16729149222373962,-0.11593461781740189,0,2000,strong30k,4,80,42,0.0,0.4,walk
480,9.6,0.0,0.4000000059604645,-0.0009342432022094727,0.07596631348133087,0.14885760843753815,-0.19982406497001648,0,2000,strong30k,4,80,42,0.0,0.4,walk
481,9.620000000000001,0.0,0.4000000059604645,0.0016554594039916992,0.07841917872428894,0.1334829181432724,-0.24022018909454346,0,2000,strong30k,4,80,42,0.0,0.4,walk
482,9.64,0.0,0.4000000059604645,0.003842949867248535,0.08756241202354431,0.1182565987110138,-0.1744975447654724,0,2000,strong30k,4,80,42,0.0,0.4,walk
483,9.66,0.0,0.4000000059604645,0.00536191463470459,0.1018199622631073,0.10112157464027405,-0.16141197085380554,0,2000,strong30k,4,80,42,0.0,0.4,walk
484,9.68,0.0,0.4000000059604645,0.006731271743774414,0.11631088703870773,0.08192666620016098,-0.16734664142131805,0,2000,strong30k,4,80,42,0.0,0.4,walk
485,9.700000000000001,0.0,0.4000000059604645,0.007651209831237793,0.1340009719133377,0.06785248219966888,-0.1553831398487091,0,2000,strong30k,4,80,42,0.0,0.4,walk
486,9.72,0.0,0.4000000059604645,0.008098602294921875,0.1522746980190277,0.054912492632865906,-0.14880943298339844,0,2000,strong30k,4,80,42,0.0,0.4,walk
487,9.74,0.0,0.4000000059604645,0.007837414741516113,0.16635742783546448,0.041531626135110855,-0.11773902922868729,0,2000,strong30k,4,80,42,0.0,0.4,walk
488,9.76,0.0,0.4000000059604645,0.006919741630554199,0.17511290311813354,0.024500347673892975,-0.10454969853162766,0,2000,strong30k,4,80,42,0.0,0.4,walk
489,9.78,0.0,0.4000000059604645,0.006126880645751953,0.17498476803302765,0.002084410050883889,-0.1374938189983368,0,2000,strong30k,4,80,42,0.0,0.4,walk
490,9.8,0.0,0.4000000059604645,0.006349325180053711,0.16603432595729828,-0.021556802093982697,-0.21463577449321747,0,2000,strong30k,4,80,42,0.0,0.4,walk
491,9.82,0.0,0.4000000059604645,0.007339000701904297,0.15163515508174896,-0.0379534587264061,-0.22890710830688477,0,2000,strong30k,4,80,42,0.0,0.4,walk
492,9.84,0.0,0.4000000059604645,0.008241534233093262,0.13830576837062836,-0.046288251876831055,-0.231234610080719,0,2000,strong30k,4,80,42,0.0,0.4,walk
493,9.86,0.0,0.4000000059604645,0.010349512100219727,0.08971646428108215,-0.014733393676578999,-0.6421753168106079,0,2000,strong30k,4,80,42,0.0,0.4,walk
494,9.88,0.0,0.4000000059604645,0.011303544044494629,0.07610723376274109,0.021212682127952576,-0.08799003809690475,0,2000,strong30k,4,80,42,0.0,0.4,walk
495,9.9,0.0,0.4000000059604645,0.009621858596801758,0.06276801228523254,0.04754868149757385,-0.03544554114341736,0,2000,strong30k,4,80,42,0.0,0.4,walk
496,9.92,0.0,0.4000000059604645,0.008981585502624512,0.06062281131744385,0.06469979882240295,-0.20755648612976074,0,2000,strong30k,4,80,42,0.0,0.4,walk
497,9.94,0.0,0.4000000059604645,0.00996696949005127,0.06367170065641403,0.08206534385681152,-0.2901664078235626,0,2000,strong30k,4,80,42,0.0,0.4,walk
498,9.96,0.0,0.4000000059604645,0.011269211769104004,0.06934627145528793,0.099660225212574,-0.24118992686271667,0,2000,strong30k,4,80,42,0.0,0.4,walk
499,9.98,0.0,0.4000000059604645,-1.0746089220046997,0.07608488947153091,0.11917558312416077,-0.11083094775676727,0,2000,strong30k,4,80,42,0.0,0.4,walk
500,10.0,0.0,0.4000000059604645,-1.0751129388809204,0.0867941677570343,0.14151298999786377,0.027302049100399017,0,2000,strong30k,4,80,42,0.0,0.4,walk
501,10.02,0.0,0.4000000059604645,-1.0766712427139282,0.1041775494813919,0.16242478787899017,0.14902403950691223,0,2000,strong30k,4,80,42,0.0,0.4,walk
502,10.040000000000001,0.0,0.4000000059604645,-1.0785537958145142,0.11958148330450058,0.18393687903881073,0.16053460538387299,0,2000,strong30k,4,80,42,0.0,0.4,walk
503,10.06,0.0,0.4000000059604645,-1.0803042650222778,0.1367967575788498,0.20584408938884735,0.18529188632965088,0,2000,strong30k,4,80,42,0.0,0.4,walk
504,10.08,0.0,0.4000000059604645,-1.0822216272354126,0.1536616086959839,0.23298399150371552,0.22122569382190704,0,2000,strong30k,4,80,42,0.0,0.4,walk
505,10.1,0.0,0.4000000059604645,-1.0836306810379028,0.16677720844745636,0.262155145406723,0.15196217596530914,0,2000,strong30k,4,80,42,0.0,0.4,walk
506,10.120000000000001,0.0,0.4000000059604645,-1.0838218927383423,0.17990493774414062,0.2941892445087433,0.009998204186558723,0,2000,strong30k,4,80,42,0.0,0.4,walk
507,10.14,0.0,0.4000000059604645,-1.082567811012268,0.20029835402965546,0.3269144296646118,-0.07843612879514694,0,2000,strong30k,4,80,42,0.0,0.4,walk
508,10.16,0.0,0.4000000059604645,-1.0788456201553345,0.21976815164089203,0.35853007435798645,-0.30480942130088806,0,2000,strong30k,4,80,42,0.0,0.4,walk
509,10.18,0.0,0.4000000059604645,-1.072128415107727,0.22977496683597565,0.39909109473228455,-0.5603217482566833,0,2000,strong30k,4,80,42,0.0,0.4,walk
510,10.200000000000001,0.0,0.4000000059604645,-1.0630460977554321,0.23029689490795135,0.4475519061088562,-0.7406538724899292,0,2000,strong30k,4,80,42,0.0,0.4,walk
511,10.22,0.0,0.4000000059604645,-1.0541702508926392,0.22274765372276306,0.5010035037994385,-0.6472311019897461,0,2000,strong30k,4,80,42,0.0,0.4,walk
512,10.24,0.0,0.4000000059604645,-1.0474668741226196,0.21825844049453735,0.5376987457275391,-0.3861900866031647,0,2000,strong30k,4,80,42,0.0,0.4,walk
513,10.26,0.0,0.4000000059604645,-1.0450392961502075,0.1697303205728531,0.4671040177345276,-0.3807685375213623,0,2000,strong30k,4,80,42,0.0,0.4,walk
514,10.28,0.0,0.4000000059604645,-1.0369058847427368,0.1392877995967865,0.4029039740562439,-0.8615702390670776,0,2000,strong30k,4,80,42,0.0,0.4,walk
515,10.3,0.0,0.4000000059604645,-1.0267421007156372,0.11572951823472977,0.3592945635318756,-0.770505428314209,0,2000,strong30k,4,80,42,0.0,0.4,walk
516,10.32,0.0,0.4000000059604645,-1.0191794633865356,0.09407570958137512,0.3296881914138794,-0.4008534550666809,0,2000,strong30k,4,80,42,0.0,0.4,walk
517,10.34,0.0,0.4000000059604645,-1.0145102739334106,0.08051179349422455,0.2948164939880371,-0.2031024694442749,0,2000,strong30k,4,80,42,0.0,0.4,walk
518,10.36,0.0,0.4000000059604645,-1.0120512247085571,0.07989144325256348,0.26730018854141235,-0.06013273820281029,0,2000,strong30k,4,80,42,0.0,0.4,walk
519,10.38,0.0,0.4000000059604645,-1.010703206062317,0.08353038877248764,0.24294884502887726,-0.024930205196142197,0,2000,strong30k,4,80,42,0.0,0.4,walk
520,10.4,0.0,0.4000000059604645,-1.008928894996643,0.09031262248754501,0.22051669657230377,-0.15841196477413177,0,2000,strong30k,4,80,42,0.0,0.4,walk
521,10.42,0.0,0.4000000059604645,-1.0059148073196411,0.09295535832643509,0.19909930229187012,-0.2934189736843109,0,2000,strong30k,4,80,42,0.0,0.4,walk
522,10.44,0.0,0.4000000059604645,-1.001700520515442,0.09631314873695374,0.17892533540725708,-0.41544103622436523,0,2000,strong30k,4,80,42,0.0,0.4,walk
523,10.46,0.0,0.4000000059604645,-0.9963480234146118,0.1028355285525322,0.16194361448287964,-0.5374776124954224,0,2000,strong30k,4,80,42,0.0,0.4,walk
524,10.48,0.0,0.4000000059604645,-0.9906593561172485,0.11309701204299927,0.14581415057182312,-0.5526890754699707,0,2000,strong30k,4,80,42,0.0,0.4,walk
525,10.5,0.0,0.4000000059604645,-0.9850889444351196,0.12533752620220184,0.12946978211402893,-0.5502947568893433,0,2000,strong30k,4,80,42,0.0,0.4,walk
526,10.52,0.0,0.4000000059604645,-0.9795976877212524,0.1392592489719391,0.1113118976354599,-0.5817468762397766,0,2000,strong30k,4,80,42,0.0,0.4,walk
527,10.540000000000001,0.0,0.4000000059604645,-0.9741503000259399,0.15263782441616058,0.09585732221603394,-0.6202336549758911,0,2000,strong30k,4,80,42,0.0,0.4,walk
528,10.56,0.0,0.4000000059604645,-0.9687296152114868,0.16512919962406158,0.08213543891906738,-0.6566271185874939,0,2000,strong30k,4,80,42,0.0,0.4,walk
529,10.58,0.0,0.4000000059604645,-0.9635435342788696,0.1768101453781128,0.0692976638674736,-0.6810900568962097,0,2000,strong30k,4,80,42,0.0,0.4,walk
530,10.6,0.0,0.4000000059604645,-0.9583865404129028,0.1847410500049591,0.052440132945775986,-0.7284445762634277,0,2000,strong30k,4,80,42,0.0,0.4,walk
531,10.620000000000001,0.0,0.4000000059604645,-0.9526621103286743,0.18526209890842438,0.03251606971025467,-0.7977218627929688,0,2000,strong30k,4,80,42,0.0,0.4,walk
532,10.64,0.0,0.4000000059604645,-0.9454270601272583,0.1785038560628891,0.011917405761778355,-0.9107963442802429,0,2000,strong30k,4,80,42,0.0,0.4,walk
533,10.66,0.0,0.4000000059604645,-0.9374195337295532,0.1646399199962616,-0.0027400185354053974,-0.8691521286964417,0,2000,strong30k,4,80,42,0.0,0.4,walk
534,10.68,0.0,0.4000000059604645,-0.9309288263320923,0.15313127636909485,-0.011280493810772896,-0.581683337688446,0,2000,strong30k,4,80,42,0.0,0.4,walk
535,10.700000000000001,0.0,0.4000000059604645,-0.9277173280715942,0.13397985696792603,-0.013325127772986889,-0.4974400997161865,0,2000,strong30k,4,80,42,0.0,0.4,walk
536,10.72,0.0,0.4000000059604645,-0.9232484102249146,0.11295416206121445,0.03605106100440025,-0.5539228916168213,0,2000,strong30k,4,80,42,0.0,0.4,walk
537,10.74,0.0,0.4000000059604645,-0.9189611673355103,0.101902075111866,0.0680072009563446,-0.6428520083427429,0,2000,strong30k,4,80,42,0.0,0.4,walk
538,10.76,0.0,0.4000000059604645,-0.9130693674087524,0.100797139108181,0.0942854955792427,-0.9345558285713196,0,2000,strong30k,4,80,42,0.0,0.4,walk
539,10.78,0.0,0.4000000059604645,-0.9038892984390259,0.10403389483690262,0.11319214105606079,-1.2580235004425049,0,2000,strong30k,4,80,42,0.0,0.4,walk
540,10.8,0.0,0.4000000059604645,-0.8925472497940063,0.10452426970005035,0.13402524590492249,-1.315961480140686,0,2000,strong30k,4,80,42,0.0,0.4,walk
541,10.82,0.0,0.4000000059604645,-0.8822895288467407,0.10637567192316055,0.15565675497055054,-1.0614237785339355,0,2000,strong30k,4,80,42,0.0,0.4,walk
542,10.84,0.0,0.4000000059604645,-0.8744102716445923,0.10497376322746277,0.17634649574756622,-0.73858642578125,0,2000,strong30k,4,80,42,0.0,0.4,walk
543,10.86,0.0,0.4000000059604645,-0.870331883430481,0.10790618509054184,0.19896230101585388,-0.282346248626709,0,2000,strong30k,4,80,42,0.0,0.4,walk
544,10.88,0.0,0.4000000059604645,-0.8689032793045044,0.12353229522705078,0.21771007776260376,-0.11551663279533386,0,2000,strong30k,4,80,42,0.0,0.4,walk
545,10.9,0.0,0.4000000059604645,-0.8697057962417603,0.12040936201810837,0.2441127598285675,0.08413437008857727,0,2000,strong30k,4,80,42,0.0,0.4,walk
546,10.92,0.0,0.4000000059604645,-0.8701616525650024,0.12934520840644836,0.2617915868759155,-0.035251766443252563,0,2000,strong30k,4,80,42,0.0,0.4,walk
547,10.94,0.0,0.4000000059604645,-0.8696194887161255,0.14369209110736847,0.2797425091266632,-0.0006547064986079931,0,2000,strong30k,4,80,42,0.0,0.4,walk
548,10.96,0.0,0.4000000059604645,-0.8694168329238892,0.1626899540424347,0.3044309914112091,0.04037109389901161,0,2000,strong30k,4,80,42,0.0,0.4,walk
549,10.98,0.0,0.4000000059604645,-0.8688575029373169,0.1719864010810852,0.33701077103614807,-0.061697229743003845,0,2000,strong30k,4,80,42,0.0,0.4,walk
550,11.0,0.0,0.4000000059604645,-0.8660351037979126,0.20178557932376862,0.3615287244319916,-0.21801352500915527,0,2000,strong30k,4,80,42,0.0,0.4,walk
551,11.02,0.0,0.4000000059604645,-0.8616319894790649,0.225648432970047,0.39532536268234253,-0.28389397263526917,0,2000,strong30k,4,80,42,0.0,0.4,walk
552,11.040000000000001,0.0,0.4000000059604645,-0.8553186655044556,0.2387160062789917,0.43706977367401123,-0.46910107135772705,0,2000,strong30k,4,80,42,0.0,0.4,walk
553,11.06,0.0,0.4000000059604645,-0.8474217653274536,0.23999321460723877,0.48641765117645264,-0.5790529251098633,0,2000,strong30k,4,80,42,0.0,0.4,walk
554,11.08,0.0,0.4000000059604645,-0.8410083055496216,0.23460844159126282,0.5374113321304321,-0.34290391206741333,0,2000,strong30k,4,80,42,0.0,0.4,walk
555,11.1,0.0,0.4000000059604645,-0.8379007577896118,0.2355806529521942,0.5754801034927368,0.016165979206562042,0,2000,strong30k,4,80,42,0.0,0.4,walk
556,11.120000000000001,0.0,0.4000000059604645,-0.838089108467102,0.19109492003917694,0.49007540941238403,-0.31833767890930176,0,2000,strong30k,4,80,42,0.0,0.4,walk
557,11.14,0.0,0.4000000059604645,-0.8296514749526978,0.161302387714386,0.42077863216400146,-0.9534029960632324,0,2000,strong30k,4,80,42,0.0,0.4,walk
558,11.16,0.0,0.4000000059604645,-0.8183046579360962,0.1377178579568863,0.3759891986846924,-0.9069027900695801,0,2000,strong30k,4,80,42,0.0,0.4,walk
559,11.18,0.0,0.4000000059604645,-0.8091484308242798,0.11442263424396515,0.34450778365135193,-0.5601164102554321,0,2000,strong30k,4,80,42,0.0,0.4,walk
560,11.200000000000001,0.0,0.4000000059604645,-0.802960991859436,0.09994425624608994,0.30887705087661743,-0.33032548427581787,0,2000,strong30k,4,80,42,0.0,0.4,walk
561,11.22,0.0,0.4000000059604645,-0.7998181581497192,0.09957442432641983,0.2806399464607239,-0.0666421502828598,0,2000,strong30k,4,80,42,0.0,0.4,walk
562,11.24,0.0,0.4000000059604645,-0.7989789247512817,0.10430803149938583,0.25609108805656433,0.07866165786981583,0,2000,strong30k,4,80,42,0.0,0.4,walk
563,11.26,0.0,0.4000000059604645,-0.7983971834182739,0.11121667921543121,0.23224811255931854,-0.018423285335302353,0,2000,strong30k,4,80,42,0.0,0.4,walk
564,11.28,0.0,0.4000000059604645,-0.7966762781143188,0.11696872115135193,0.2104419767856598,-0.17344942688941956,0,2000,strong30k,4,80,42,0.0,0.4,walk
565,11.3,0.0,0.4000000059604645,-0.7935382127761841,0.12190896272659302,0.19207598268985748,-0.3223298192024231,0,2000,strong30k,4,80,42,0.0,0.4,walk
566,11.32,0.0,0.4000000059604645,-0.7889448404312134,0.12885403633117676,0.17488603293895721,-0.4801643192768097,0,2000,strong30k,4,80,42,0.0,0.4,walk
567,11.34,0.0,0.4000000059604645,-0.7837764024734497,0.1385398507118225,0.1594575047492981,-0.5128352046012878,0,2000,strong30k,4,80,42,0.0,0.4,walk
568,11.36,0.0,0.4000000059604645,-0.7786127328872681,0.14872336387634277,0.14171048998832703,-0.5186530351638794,0,2000,strong30k,4,80,42,0.0,0.4,walk
569,11.38,0.0,0.4000000059604645,-0.7736064195632935,0.16014938056468964,0.12349091470241547,-0.5332272052764893,0,2000,strong30k,4,80,42,0.0,0.4,walk
570,11.4,0.0,0.4000000059604645,-0.7686773538589478,0.1710492968559265,0.1060074046254158,-0.5716957449913025,0,2000,strong30k,4,80,42,0.0,0.4,walk
571,11.42,0.0,0.4000000059604645,-0.7638317346572876,0.18331365287303925,0.09197035431861877,-0.6007156372070312,0,2000,strong30k,4,80,42,0.0,0.4,walk
572,11.44,0.0,0.4000000059604645,-0.7592340707778931,0.19631236791610718,0.07827869057655334,-0.6223100423812866,0,2000,strong30k,4,80,42,0.0,0.4,walk
573,11.46,0.0,0.4000000059604645,-0.7548571825027466,0.20577730238437653,0.06174691766500473,-0.6412472128868103,0,2000,strong30k,4,80,42,0.0,0.4,walk
574,11.48,0.0,0.4000000059604645,-0.7499276399612427,0.2064947932958603,0.041445765644311905,-0.6986157298088074,0,2000,strong30k,4,80,42,0.0,0.4,walk
575,11.5,0.0,0.4000000059604645,-0.7438079118728638,0.19908283650875092,0.022141320630908012,-0.766158938407898,0,2000,strong30k,4,80,42,0.0,0.4,walk
576,11.52,0.0,0.4000000059604645,-0.7375098466873169,0.1859046071767807,0.009595034644007683,-0.6814322471618652,0,2000,strong30k,4,80,42,0.0,0.4,walk
577,11.540000000000001,0.0,0.4000000059604645,-0.7330738306045532,0.17573703825473785,0.002392261289060116,-0.3958701491355896,0,2000,strong30k,4,80,42,0.0,0.4,walk
578,11.56,0.0,0.4000000059604645,-0.7296282052993774,0.13932111859321594,0.03854082524776459,-0.6590370535850525,0,2000,strong30k,4,80,42,0.0,0.4,walk
579,11.58,0.0,0.4000000059604645,-0.7260853052139282,0.12161368876695633,0.07210543006658554,-0.43117332458496094,0,2000,strong30k,4,80,42,0.0,0.4,walk
580,11.6,0.0,0.4000000059604645,-0.7234636545181274,0.11063820123672485,0.10213857144117355,-0.5258244872093201,0,2000,strong30k,4,80,42,0.0,0.4,walk
581,11.620000000000001,0.0,0.4000000059604645,-0.7184745073318481,0.1081375852227211,0.12139024585485458,-0.8793286681175232,0,2000,strong30k,4,80,42,0.0,0.4,walk
582,11.64,0.0,0.4000000059604645,-0.7099405527114868,0.10772135853767395,0.13836108148097992,-1.1542459726333618,0,2000,strong30k,4,80,42,0.0,0.4,walk
583,11.66,0.0,0.4000000059604645,-0.70014488697052,0.10265833139419556,0.1574515998363495,-1.1164016723632812,0,2000,strong30k,4,80,42,0.0,0.4,walk
584,11.68,0.0,0.4000000059604645,-0.6915208101272583,0.09997055679559708,0.1781943291425705,-0.8510545492172241,0,2000,strong30k,4,80,42,0.0,0.4,walk
585,11.700000000000001,0.0,0.4000000059604645,-0.6857243776321411,0.10118961334228516,0.19994227588176727,-0.5045489072799683,0,2000,strong30k,4,80,42,0.0,0.4,walk
586,11.72,0.0,0.4000000059604645,-0.6830683946609497,0.10776088386774063,0.22081154584884644,-0.19483402371406555,0,2000,strong30k,4,80,42,0.0,0.4,walk
587,11.74,0.0,0.4000000059604645,-0.682803750038147,0.11898595094680786,0.24148514866828918,0.006386846769601107,0,2000,strong30k,4,80,42,0.0,0.4,walk
588,11.76,0.0,0.4000000059604645,-0.6834279298782349,0.13042902946472168,0.2624647319316864,0.052714794874191284,0,2000,strong30k,4,80,42,0.0,0.4,walk
589,11.78,0.0,0.4000000059604645,-0.6840015649795532,0.14512158930301666,0.28358399868011475,0.09164583683013916,0,2000,strong30k,4,80,42,0.0,0.4,walk
590,11.8,0.0,0.4000000059604645,-0.6845008134841919,0.1568281650543213,0.310385137796402,0.0852496325969696,0,2000,strong30k,4,80,42,0.0,0.4,walk
591,11.82,0.0,0.4000000059604645,-0.6843925714492798,0.16985248029232025,0.3404899835586548,0.005183740984648466,0,2000,strong30k,4,80,42,0.0,0.4,walk
592,11.84,0.0,0.4000000059604645,-0.6830049753189087,0.19098696112632751,0.3700297176837921,-0.08540230244398117,0,2000,strong30k,4,80,42,0.0,0.4,walk
593,11.86,0.0,0.4000000059604645,-0.6797977685928345,0.2139975130558014,0.400704026222229,-0.21713131666183472,0,2000,strong30k,4,80,42,0.0,0.4,walk
594,11.88,0.0,0.4000000059604645,-0.6743079423904419,0.22881466150283813,0.4390428960323334,-0.406469464302063,0,2000,strong30k,4,80,42,0.0,0.4,walk
595,11.9,0.0,0.4000000059604645,-0.6670323610305786,0.23286861181259155,0.4865751266479492,-0.5257181525230408,0,2000,strong30k,4,80,42,0.0,0.4,walk
596,11.92,0.0,0.4000000059604645,-0.6606184244155884,0.228462815284729,0.5408262610435486,-0.35838085412979126,0,2000,strong30k,4,80,42,0.0,0.4,walk
597,11.94,0.0,0.4000000059604645,-0.6573053598403931,0.22741132974624634,0.5817506313323975,-0.03156492859125137,0,2000,strong30k,4,80,42,0.0,0.4,walk
598,11.96,0.0,0.4000000059604645,-0.6585122346878052,0.1872245967388153,0.5192936062812805,0.01641942746937275,0,2000,strong30k,4,80,42,0.0,0.4,walk
599,11.98,0.0,0.4000000059604645,-0.6528412103652954,0.1595417559146881,0.44140854477882385,-0.7649461627006531,0,2000,strong30k,4,80,42,0.0,0.4,walk
600,12.0,0.0,0.4000000059604645,-0.6426774263381958,0.1340629756450653,0.3878655433654785,-0.853490948677063,0,2000,strong30k,4,80,42,0.0,0.4,walk
601,12.02,0.0,0.4000000059604645,-0.633855938911438,0.11345245689153671,0.3534208834171295,-0.5475188493728638,0,2000,strong30k,4,80,42,0.0,0.4,walk
602,12.040000000000001,0.0,0.4000000059604645,-0.6281853914260864,0.09268724918365479,0.32063984870910645,-0.25506794452667236,0,2000,strong30k,4,80,42,0.0,0.4,walk
603,12.06,0.0,0.4000000059604645,-0.625318169593811,0.08448523283004761,0.2892337739467621,-0.06514444202184677,0,2000,strong30k,4,80,42,0.0,0.4,walk
604,12.08,0.0,0.4000000059604645,-0.6243902444839478,0.08392657339572906,0.26230570673942566,0.06816145777702332,0,2000,strong30k,4,80,42,0.0,0.4,walk
605,12.1,0.0,0.4000000059604645,-0.6236759424209595,0.08771086484193802,0.2384309470653534,-0.024919886142015457,0,2000,strong30k,4,80,42,0.0,0.4,walk
606,12.120000000000001,0.0,0.4000000059604645,-0.62189781665802,0.08897896856069565,0.2150522768497467,-0.16033318638801575,0,2000,strong30k,4,80,42,0.0,0.4,walk
607,12.14,0.0,0.4000000059604645,-0.6189366579055786,0.09092453867197037,0.19500203430652618,-0.2969238758087158,0,2000,strong30k,4,80,42,0.0,0.4,walk
608,12.16,0.0,0.4000000059604645,-0.6149064302444458,0.0925714299082756,0.17776979506015778,-0.3988245129585266,0,2000,strong30k,4,80,42,0.0,0.4,walk
609,12.18,0.0,0.4000000059604645,-0.6103082895278931,0.09777305275201797,0.16003994643688202,-0.4507242739200592,0,2000,strong30k,4,80,42,0.0,0.4,walk
610,12.200000000000001,0.0,0.4000000059604645,-0.6060949563980103,0.10698558390140533,0.14319686591625214,-0.39224275946617126,0,2000,strong30k,4,80,42,0.0,0.4,walk
611,12.22,0.0,0.4000000059604645,-0.6022912263870239,0.1177714392542839,0.12277602404356003,-0.3999572992324829,0,2000,strong30k,4,80,42,0.0,0.4,walk
612,12.24,0.0,0.4000000059604645,-0.5986486673355103,0.12874242663383484,0.10431172698736191,-0.4258393347263336,0,2000,strong30k,4,80,42,0.0,0.4,walk
613,12.26,0.0,0.4000000059604645,-0.5950857400894165,0.13957363367080688,0.08914360404014587,-0.45549827814102173,0,2000,strong30k,4,80,42,0.0,0.4,walk
614,12.280000000000001,0.0,0.4000000059604645,-0.5917102098464966,0.15104250609874725,0.07488414645195007,-0.48085057735443115,0,2000,strong30k,4,80,42,0.0,0.4,walk
615,12.3,0.0,0.4000000059604645,-0.5885721445083618,0.15946103632450104,0.059859491884708405,-0.5078213214874268,0,2000,strong30k,4,80,42,0.0,0.4,walk
616,12.32,0.0,0.4000000059604645,-0.5853482484817505,0.1616084724664688,0.039822712540626526,-0.5504306554794312,0,2000,strong30k,4,80,42,0.0,0.4,walk
617,12.34,0.0,0.4000000059604645,-0.5809508562088013,0.15579815208911896,0.016551705077290535,-0.6543492674827576,0,2000,strong30k,4,80,42,0.0,0.4,walk
618,12.36,0.0,0.4000000059604645,-0.5753551721572876,0.14225366711616516,-0.001456758938729763,-0.6919148564338684,0,2000,strong30k,4,80,42,0.0,0.4,walk
619,12.38,0.0,0.4000000059604645,-0.5701361894607544,0.12770646810531616,-0.014814873225986958,-0.53426593542099,0,2000,strong30k,4,80,42,0.0,0.4,walk
620,12.4,0.0,0.4000000059604645,-0.5671244859695435,0.11674273759126663,-0.019697628915309906,-0.3643994927406311,0,2000,strong30k,4,80,42,0.0,0.4,walk
621,12.42,0.0,0.4000000059604645,-0.5629030466079712,0.08198854327201843,0.03237045183777809,-0.5101432800292969,0,2000,strong30k,4,80,42,0.0,0.4,walk
622,12.44,0.0,0.4000000059604645,-0.5602403879165649,0.06726682186126709,0.06379423290491104,-0.427266925573349,0,2000,strong30k,4,80,42,0.0,0.4,walk
623,12.46,0.0,0.4000000059604645,-0.5570145845413208,0.061401303857564926,0.0871843546628952,-0.6387900114059448,0,2000,strong30k,4,80,42,0.0,0.4,walk
624,12.48,0.0,0.4000000059604645,-0.5509382486343384,0.062423307448625565,0.1037241593003273,-0.9203521013259888,0,2000,strong30k,4,80,42,0.0,0.4,walk
625,12.5,0.0,0.4000000059604645,-0.5429688692092896,0.06328794360160828,0.12203578650951385,-0.9612368941307068,0,2000,strong30k,4,80,42,0.0,0.4,walk
626,12.52,0.0,0.4000000059604645,-0.5358024835586548,0.06407339125871658,0.14169013500213623,-0.7692559361457825,0,2000,strong30k,4,80,42,0.0,0.4,walk
627,12.540000000000001,0.0,0.4000000059604645,-0.5304251909255981,0.0693342536687851,0.16102172434329987,-0.5135917067527771,0,2000,strong30k,4,80,42,0.0,0.4,walk
628,12.56,0.0,0.4000000059604645,-0.5277448892593384,0.07774660736322403,0.18227636814117432,-0.2055809497833252,0,2000,strong30k,4,80,42,0.0,0.4,walk
629,12.58,0.0,0.4000000059604645,-0.527288556098938,0.09183313697576523,0.20211340487003326,-0.013526673428714275,0,2000,strong30k,4,80,42,0.0,0.4,walk
630,12.6,0.0,0.4000000059604645,-0.5280300378799438,0.10470575839281082,0.22284799814224243,0.0877581313252449,0,2000,strong30k,4,80,42,0.0,0.4,walk
631,12.620000000000001,0.0,0.4000000059604645,-0.5291162729263306,0.11644767224788666,0.24491603672504425,0.11288337409496307,0,2000,strong30k,4,80,42,0.0,0.4,walk
632,12.64,0.0,0.4000000059604645,-0.530093789100647,0.132955402135849,0.2679483890533447,0.13893592357635498,0,2000,strong30k,4,80,42,0.0,0.4,walk
633,12.66,0.0,0.4000000059604645,-0.5307885408401489,0.14563658833503723,0.29555705189704895,0.10370974987745285,0,2000,strong30k,4,80,42,0.0,0.4,walk
634,12.68,0.0,0.4000000059604645,-0.5305887460708618,0.1621246039867401,0.3247056007385254,0.014140277169644833,0,2000,strong30k,4,80,42,0.0,0.4,walk
635,12.700000000000001,0.0,0.4000000059604645,-0.5289322137832642,0.18515153229236603,0.35379642248153687,-0.08368788659572601,0,2000,strong30k,4,80,42,0.0,0.4,walk
636,12.72,0.0,0.4000000059604645,-0.5254713296890259,0.20404276251792908,0.3874686360359192,-0.22121326625347137,0,2000,strong30k,4,80,42,0.0,0.4,walk
637,12.74,0.0,0.4000000059604645,-0.5199400186538696,0.21418388187885284,0.4282371997833252,-0.384952187538147,0,2000,strong30k,4,80,42,0.0,0.4,walk
638,12.76,0.0,0.4000000059604645,-0.5135504007339478,0.21333611011505127,0.4775446951389313,-0.41259363293647766,0,2000,strong30k,4,80,42,0.0,0.4,walk
639,12.780000000000001,0.0,0.4000000059604645,-0.5088645219802856,0.20802178978919983,0.5249387621879578,-0.1837136447429657,0,2000,strong30k,4,80,42,0.0,0.4,walk
640,12.8,0.0,0.4000000059604645,-0.5073815584182739,0.2078687697649002,0.5620071887969971,0.1478051245212555,0,2000,strong30k,4,80,42,0.0,0.4,walk
641,12.82,0.0,0.4000000059604645,-0.5085741281509399,0.16482916474342346,0.4690245985984802,-0.2111918181180954,0,2000,strong30k,4,80,42,0.0,0.4,walk
642,12.84,0.0,0.4000000059604645,-0.5019093751907349,0.139460027217865,0.40426596999168396,-0.7308140397071838,0,2000,strong30k,4,80,42,0.0,0.4,walk
643,12.86,0.0,0.4000000059604645,-0.49272453784942627,0.11709155887365341,0.3605996072292328,-0.6904934644699097,0,2000,strong30k,4,80,42,0.0,0.4,walk
644,12.88,0.0,0.4000000059604645,-0.4854694604873657,0.09398741275072098,0.32892534136772156,-0.3900134265422821,0,2000,strong30k,4,80,42,0.0,0.4,walk
645,12.9,0.0,0.4000000059604645,-0.48080503940582275,0.08111085742712021,0.2942376732826233,-0.20438994467258453,0,2000,strong30k,4,80,42,0.0,0.4,walk
646,12.92,0.0,0.4000000059604645,-0.4786940813064575,0.07936388999223709,0.2662615478038788,0.010285943746566772,0,2000,strong30k,4,80,42,0.0,0.4,walk
647,12.94,0.0,0.4000000059604645,-0.47824108600616455,0.08035695552825928,0.24054835736751556,0.09503734111785889,0,2000,strong30k,4,80,42,0.0,0.4,walk
648,12.96,0.0,0.4000000059604645,-0.4778701066970825,0.08616108447313309,0.21751023828983307,-0.002327946713194251,0,2000,strong30k,4,80,42,0.0,0.4,walk
649,12.98,0.0,0.4000000059604645,-0.47637808322906494,0.08854654431343079,0.19530722498893738,-0.1414622664451599,0,2000,strong30k,4,80,42,0.0,0.4,walk
650,13.0,0.0,0.4000000059604645,-0.47370970249176025,0.09103774279356003,0.1761215180158615,-0.2613922357559204,0,2000,strong30k,4,80,42,0.0,0.4,walk
651,13.02,0.0,0.4000000059604645,-0.4700404405593872,0.0967371016740799,0.15821979939937592,-0.3697107434272766,0,2000,strong30k,4,80,42,0.0,0.4,walk
652,13.040000000000001,0.0,0.4000000059604645,-0.4661790132522583,0.10566708445549011,0.14249467849731445,-0.37429240345954895,0,2000,strong30k,4,80,42,0.0,0.4,walk
653,13.06,0.0,0.4000000059604645,-0.4624863862991333,0.11579927057027817,0.1240943968296051,-0.3691350519657135,0,2000,strong30k,4,80,42,0.0,0.4,walk
654,13.08,0.0,0.4000000059604645,-0.4591175317764282,0.12817318737506866,0.10625514388084412,-0.3676166236400604,0,2000,strong30k,4,80,42,0.0,0.4,walk
655,13.1,0.0,0.4000000059604645,-0.4559370279312134,0.14024962484836578,0.08840902149677277,-0.389593243598938,0,2000,strong30k,4,80,42,0.0,0.4,walk
656,13.120000000000001,0.0,0.4000000059604645,-0.45301973819732666,0.15421001613140106,0.07420238107442856,-0.40243470668792725,0,2000,strong30k,4,80,42,0.0,0.4,walk
657,13.14,0.0,0.4000000059604645,-0.45046770572662354,0.1668863445520401,0.06006724387407303,-0.414350301027298,0,2000,strong30k,4,80,42,0.0,0.4,walk
658,13.16,0.0,0.4000000059604645,-0.4481850862503052,0.1747065782546997,0.04293953627347946,-0.4307233393192291,0,2000,strong30k,4,80,42,0.0,0.4,walk
659,13.18,0.0,0.4000000059604645,-0.44555866718292236,0.1752616912126541,0.022069282829761505,-0.47752535343170166,0,2000,strong30k,4,80,42,0.0,0.4,walk
660,13.200000000000001,0.0,0.4000000059604645,-0.44177401065826416,0.16754141449928284,-0.00027162983315065503,-0.5564574003219604,0,2000,strong30k,4,80,42,0.0,0.4,walk
661,13.22,0.0,0.4000000059604645,-0.43743908405303955,0.15473133325576782,-0.016304321587085724,-0.5351963639259338,0,2000,strong30k,4,80,42,0.0,0.4,walk
662,13.24,0.0,0.4000000059604645,-0.4341336488723755,0.14314906299114227,-0.02379913441836834,-0.34747570753097534,0,2000,strong30k,4,80,42,0.0,0.4,walk
663,13.26,0.0,0.4000000059604645,-0.43145525455474854,0.10083978623151779,0.011056211777031422,-0.684775173664093,0,2000,strong30k,4,80,42,0.0,0.4,walk
664,13.280000000000001,0.0,0.4000000059604645,-0.4289642572402954,0.08637341856956482,0.04501206427812576,-0.31073763966560364,0,2000,strong30k,4,80,42,0.0,0.4,walk
665,13.3,0.0,0.4000000059604645,-0.4279552698135376,0.07375496625900269,0.07333415746688843,-0.3515970706939697,0,2000,strong30k,4,80,42,0.0,0.4,walk
666,13.32,0.0,0.4000000059604645,-0.42506134510040283,0.07074088603258133,0.09257069230079651,-0.6389742493629456,0,2000,strong30k,4,80,42,0.0,0.4,walk
667,13.34,0.0,0.4000000059604645,-0.4191938638687134,0.07279177010059357,0.10885339230298996,-0.8497732281684875,0,2000,strong30k,4,80,42,0.0,0.4,walk
668,13.36,0.0,0.4000000059604645,-0.4124208688735962,0.07220309972763062,0.12724854052066803,-0.8019669651985168,0,2000,strong30k,4,80,42,0.0,0.4,walk
669,13.38,0.0,0.4000000059604645,-0.4068676233291626,0.07315584272146225,0.14837674796581268,-0.5576671957969666,0,2000,strong30k,4,80,42,0.0,0.4,walk
670,13.4,0.0,0.4000000059604645,-0.40362322330474854,0.07943791151046753,0.17037244141101837,-0.2855103611946106,0,2000,strong30k,4,80,42,0.0,0.4,walk
671,13.42,0.0,0.4000000059604645,-0.4027138948440552,0.08942362666130066,0.19140839576721191,-0.05636085569858551,0,2000,strong30k,4,80,42,0.0,0.4,walk
672,13.44,0.0,0.4000000059604645,-0.4034367799758911,0.10293631255626678,0.21272288262844086,0.08183366805315018,0,2000,strong30k,4,80,42,0.0,0.4,walk
673,13.46,0.0,0.4000000059604645,-0.40457355976104736,0.11655858159065247,0.23378728330135345,0.09711770713329315,0,2000,strong30k,4,80,42,0.0,0.4,walk
674,13.48,0.0,0.4000000059604645,-0.4055229425430298,0.13198651373386383,0.25582340359687805,0.1329299658536911,0,2000,strong30k,4,80,42,0.0,0.4,walk
675,13.5,0.0,0.4000000059604645,-0.40643274784088135,0.14288251101970673,0.28299862146377563,0.13249771296977997,0,2000,strong30k,4,80,42,0.0,0.4,walk
676,13.52,0.0,0.4000000059604645,-0.4067941904067993,0.1550527662038803,0.3132402300834656,0.05481578782200813,0,2000,strong30k,4,80,42,0.0,0.4,walk
677,13.540000000000001,0.0,0.4000000059604645,-0.4062143564224243,0.1752643883228302,0.34302765130996704,0.010351830162107944,0,2000,strong30k,4,80,42,0.0,0.4,walk
678,13.56,0.0,0.4000000059604645,-0.40406477451324463,0.1974250227212906,0.3728446960449219,-0.11049962043762207,0,2000,strong30k,4,80,42,0.0,0.4,walk
679,13.58,0.0,0.4000000059604645,-0.3998972177505493,0.21141573786735535,0.41058194637298584,-0.2684252858161926,0,2000,strong30k,4,80,42,0.0,0.4,walk
680,13.6,0.0,0.4000000059604645,-0.39419615268707275,0.2145329862833023,0.4573802947998047,-0.36724990606307983,0,2000,strong30k,4,80,42,0.0,0.4,walk
681,13.620000000000001,0.0,0.4000000059604645,-0.3893171548843384,0.2097190022468567,0.510597825050354,-0.22842757403850555,0,2000,strong30k,4,80,42,0.0,0.4,walk
682,13.64,0.0,0.4000000059604645,-0.38711273670196533,0.20831210911273956,0.5523582100868225,0.04321150854229927,0,2000,strong30k,4,80,42,0.0,0.4,walk
683,13.66,0.0,0.4000000059604645,-0.38877689838409424,0.1706000566482544,0.5035504698753357,0.20750324428081512,0,2000,strong30k,4,80,42,0.0,0.4,walk
684,13.68,0.0,0.4000000059604645,-0.38523828983306885,0.14813901484012604,0.4288921356201172,-0.551539421081543,0,2000,strong30k,4,80,42,0.0,0.4,walk
685,13.700000000000001,0.0,0.4000000059604645,-0.37693607807159424,0.12398616969585419,0.37258878350257874,-0.7017238140106201,0,2000,strong30k,4,80,42,0.0,0.4,walk
686,13.72,0.0,0.4000000059604645,-0.3691607713699341,0.10322173684835434,0.33618712425231934,-0.4562620520591736,0,2000,strong30k,4,80,42,0.0,0.4,walk
687,13.74,0.0,0.4000000059604645,-0.364355206489563,0.08249248564243317,0.304788738489151,-0.1576271504163742,0,2000,strong30k,4,80,42,0.0,0.4,walk
688,13.76,0.0,0.4000000059604645,-0.3622475862503052,0.07361724972724915,0.2732062041759491,0.015184806659817696,0,2000,strong30k,4,80,42,0.0,0.4,walk
689,13.780000000000001,0.0,0.4000000059604645,-0.361941933631897,0.07248770445585251,0.24611707031726837,0.13098758459091187,0,2000,strong30k,4,80,42,0.0,0.4,walk
690,13.8,0.0,0.4000000059604645,-0.36178267002105713,0.07522716373205185,0.22192388772964478,0.03569141775369644,0,2000,strong30k,4,80,42,0.0,0.4,walk
691,13.82,0.0,0.4000000059604645,-0.3604542016983032,0.07594988495111465,0.19819313287734985,-0.11812815070152283,0,2000,strong30k,4,80,42,0.0,0.4,walk
692,13.84,0.0,0.4000000059604645,-0.3580824136734009,0.07681716233491898,0.17889782786369324,-0.2222217321395874,0,2000,strong30k,4,80,42,0.0,0.4,walk
693,13.86,0.0,0.4000000059604645,-0.3548632860183716,0.07689615339040756,0.1610591560602188,-0.3096763491630554,0,2000,strong30k,4,80,42,0.0,0.4,walk
694,13.88,0.0,0.4000000059604645,-0.3511878252029419,0.0825871005654335,0.14445598423480988,-0.3575582504272461,0,2000,strong30k,4,80,42,0.0,0.4,walk
695,13.9,0.0,0.4000000059604645,-0.3479090929031372,0.09203989058732986,0.12767359614372253,-0.2953330874443054,0,2000,strong30k,4,80,42,0.0,0.4,walk
696,13.92,0.0,0.4000000059604645,-0.3451334238052368,0.10403747856616974,0.10849015414714813,-0.2972289025783539,0,2000,strong30k,4,80,42,0.0,0.4,walk
697,13.94,0.0,0.4000000059604645,-0.34254610538482666,0.11620411276817322,0.08957379311323166,-0.30946460366249084,0,2000,strong30k,4,80,42,0.0,0.4,walk
698,13.96,0.0,0.4000000059604645,-0.340274453163147,0.12978436052799225,0.07437442243099213,-0.3122616410255432,0,2000,strong30k,4,80,42,0.0,0.4,walk
699,13.98,0.0,0.4000000059604645,-0.33840763568878174,0.1433172971010208,0.06062695011496544,-0.31837156414985657,0,2000,strong30k,4,80,42,0.0,0.4,walk
700,14.0,0.0,0.4000000059604645,-0.3369842767715454,0.15259835124015808,0.04530569165945053,-0.3225094974040985,0,2000,strong30k,4,80,42,0.0,0.4,walk
701,14.02,0.0,0.4000000059604645,-0.33573639392852783,0.15598706901073456,0.025773458182811737,-0.34739604592323303,0,2000,strong30k,4,80,42,0.0,0.4,walk
702,14.040000000000001,0.0,0.4000000059604645,-0.33348143100738525,0.1504708081483841,0.0021391890477389097,-0.4441657066345215,0,2000,strong30k,4,80,42,0.0,0.4,walk
703,14.06,0.0,0.4000000059604645,-0.3300529718399048,0.13830769062042236,-0.01890033297240734,-0.4970570206642151,0,2000,strong30k,4,80,42,0.0,0.4,walk
704,14.08,0.0,0.4000000059604645,-0.3266335725784302,0.12462381273508072,-0.030864857137203217,-0.402871310710907,0,2000,strong30k,4,80,42,0.0,0.4,walk
705,14.1,0.0,0.4000000059604645,-0.32467854022979736,0.11067012697458267,-0.037931546568870544,-0.2556663453578949,0,2000,strong30k,4,80,42,0.0,0.4,walk
706,14.120000000000001,0.0,0.4000000059604645,-0.3218027353286743,0.07365018129348755,0.013744249939918518,-0.38611024618148804,0,2000,strong30k,4,80,42,0.0,0.4,walk
707,14.14,0.0,0.4000000059604645,-0.32080090045928955,0.056249648332595825,0.046625398099422455,-0.23984698951244354,0,2000,strong30k,4,80,42,0.0,0.4,walk
708,14.16,0.0,0.4000000059604645,-0.31979286670684814,0.049417898058891296,0.06983299553394318,-0.3950222432613373,0,2000,strong30k,4,80,42,0.0,0.4,walk
709,14.18,0.0,0.4000000059604645,-0.3162652254104614,0.051503393799066544,0.0861995667219162,-0.6454246640205383,0,2000,strong30k,4,80,42,0.0,0.4,walk
710,14.200000000000001,0.0,0.4000000059604645,-0.31097233295440674,0.05560856685042381,0.10493785887956619,-0.6940264105796814,0,2000,strong30k,4,80,42,0.0,0.4,walk
711,14.22,0.0,0.4000000059604645,-0.3061767816543579,0.05840480700135231,0.12504543364048004,-0.5493888854980469,0,2000,strong30k,4,80,42,0.0,0.4,walk
712,14.24,0.0,0.4000000059604645,-0.30268967151641846,0.06580016016960144,0.14500167965888977,-0.35016751289367676,0,2000,strong30k,4,80,42,0.0,0.4,walk
713,14.26,0.0,0.4000000059604645,-0.3012152910232544,0.07540208846330643,0.1668577492237091,-0.1127583310008049,0,2000,strong30k,4,80,42,0.0,0.4,walk
714,14.280000000000001,0.0,0.4000000059604645,-0.30138981342315674,0.09034805744886398,0.18730726838111877,0.03523821011185646,0,2000,strong30k,4,80,42,0.0,0.4,walk
715,14.3,0.0,0.4000000059604645,-0.30246222019195557,0.10337600111961365,0.2084762156009674,0.11904726922512054,0,2000,strong30k,4,80,42,0.0,0.4,walk
716,14.32,0.0,0.4000000059604645,-0.3037353754043579,0.11634461581707001,0.23055462539196014,0.13837818801403046,0,2000,strong30k,4,80,42,0.0,0.4,walk
717,14.34,0.0,0.4000000059604645,-0.3050042390823364,0.13149894773960114,0.25459539890289307,0.18120576441287994,0,2000,strong30k,4,80,42,0.0,0.4,walk
718,14.36,0.0,0.4000000059604645,-0.30610668659210205,0.14371457695960999,0.28287234902381897,0.15327554941177368,0,2000,strong30k,4,80,42,0.0,0.4,walk
719,14.38,0.0,0.4000000059604645,-0.30645906925201416,0.15870606899261475,0.3128695487976074,0.08025750517845154,0,2000,strong30k,4,80,42,0.0,0.4,walk
720,14.4,0.0,0.4000000059604645,-0.3055778741836548,0.1812397539615631,0.3426796793937683,0.00666343979537487,0,2000,strong30k,4,80,42,0.0,0.4,walk
721,14.42,0.0,0.4000000059604645,-0.3031216859817505,0.19949716329574585,0.37718281149864197,-0.11174669116735458,0,2000,strong30k,4,80,42,0.0,0.4,walk
722,14.44,0.0,0.4000000059604645,-0.29873716831207275,0.20821264386177063,0.41854262351989746,-0.27077558636665344,0,2000,strong30k,4,80,42,0.0,0.4,walk
723,14.46,0.0,0.4000000059604645,-0.2937198877334595,0.20634505152702332,0.46879178285598755,-0.28079700469970703,0,2000,strong30k,4,80,42,0.0,0.4,walk
724,14.48,0.0,0.4000000059604645,-0.2904406785964966,0.2016298770904541,0.5170665383338928,-0.07100358605384827,0,2000,strong30k,4,80,42,0.0,0.4,walk
725,14.5,0.0,0.4000000059604645,-0.28980696201324463,0.19251203536987305,0.5506560206413269,0.2854880690574646,0,2000,strong30k,4,80,42,0.0,0.4,walk
726,14.52,0.0,0.4000000059604645,-0.29109489917755127,0.1577882021665573,0.45970606803894043,-0.1776992827653885,0,2000,strong30k,4,80,42,0.0,0.4,walk
727,14.540000000000001,0.0,0.4000000059604645,-0.285192608833313,0.13291426002979279,0.3933916687965393,-0.6218451261520386,0,2000,strong30k,4,80,42,0.0,0.4,walk
728,14.56,0.0,0.4000000059604645,-0.2771488428115845,0.11115215718746185,0.3492596745491028,-0.5657415390014648,0,2000,strong30k,4,80,42,0.0,0.4,walk
729,14.58,0.0,0.4000000059604645,-0.2712303400039673,0.08760004490613937,0.3179345726966858,-0.24683818221092224,0,2000,strong30k,4,80,42,0.0,0.4,walk
730,14.6,0.0,0.4000000059604645,-0.2681080102920532,0.08007048815488815,0.28397640585899353,-0.04890246316790581,0,2000,strong30k,4,80,42,0.0,0.4,walk
731,14.620000000000001,0.0,0.4000000059604645,-0.2673379182815552,0.07538323849439621,0.25645992159843445,0.1435536891222,0,2000,strong30k,4,80,42,0.0,0.4,walk
732,14.64,0.0,0.4000000059604645,-0.26770222187042236,0.07015100121498108,0.23026475310325623,0.15660448372364044,0,2000,strong30k,4,80,42,0.0,0.4,walk
733,14.66,0.0,0.4000000059604645,-0.2675701379776001,0.07432310283184052,0.20740802586078644,0.0051133837550878525,0,2000,strong30k,4,80,42,0.0,0.4,walk
734,14.68,0.0,0.4000000059604645,-0.2663217782974243,0.0745256170630455,0.18710507452487946,-0.10151775181293488,0,2000,strong30k,4,80,42,0.0,0.4,walk
735,14.700000000000001,0.0,0.4000000059604645,-0.26382410526275635,0.07472439110279083,0.16639627516269684,-0.24814730882644653,0,2000,strong30k,4,80,42,0.0,0.4,walk
736,14.72,0.0,0.4000000059604645,-0.2605029344558716,0.08041629195213318,0.14983680844306946,-0.33392098546028137,0,2000,strong30k,4,80,42,0.0,0.4,walk
737,14.74,0.0,0.4000000059604645,-0.2573319673538208,0.08540639281272888,0.13404926657676697,-0.28971603512763977,0,2000,strong30k,4,80,42,0.0,0.4,walk
738,14.76,0.0,0.4000000059604645,-0.2544366121292114,0.09510143101215363,0.11502151191234589,-0.28509166836738586,0,2000,strong30k,4,80,42,0.0,0.4,walk
739,14.780000000000001,0.0,0.4000000059604645,-0.25210440158843994,0.10920122265815735,0.09689676761627197,-0.24393126368522644,0,2000,strong30k,4,80,42,0.0,0.4,walk
740,14.8,0.0,0.4000000059604645,-0.2502824068069458,0.12463457882404327,0.080005943775177,-0.2520415484905243,0,2000,strong30k,4,80,42,0.0,0.4,walk
741,14.82,0.0,0.4000000059604645,-0.2487572431564331,0.14189082384109497,0.06614794582128525,-0.2681827247142792,0,2000,strong30k,4,80,42,0.0,0.4,walk
742,14.84,0.0,0.4000000059604645,-0.2475428581237793,0.15471673011779785,0.051388341933488846,-0.2743537127971649,0,2000,strong30k,4,80,42,0.0,0.4,walk
743,14.86,0.0,0.4000000059604645,-0.246673583984375,0.1629202663898468,0.03436661139130592,-0.281669557094574,0,2000,strong30k,4,80,42,0.0,0.4,walk
744,14.88,0.0,0.4000000059604645,-0.24560141563415527,0.1635628193616867,0.013219144195318222,-0.32094964385032654,0,2000,strong30k,4,80,42,0.0,0.4,walk
745,14.9,0.0,0.4000000059604645,-0.24349689483642578,0.1569463312625885,-0.0093246353790164,-0.4005610942840576,0,2000,strong30k,4,80,42,0.0,0.4,walk
746,14.92,0.0,0.4000000059604645,-0.24063003063201904,0.14334622025489807,-0.02741917222738266,-0.4184824228286743,0,2000,strong30k,4,80,42,0.0,0.4,walk
747,14.94,0.0,0.4000000059604645,-0.23830842971801758,0.1318761706352234,-0.03528578579425812,-0.30337849259376526,0,2000,strong30k,4,80,42,0.0,0.4,walk
748,14.96,0.0,0.4000000059604645,-0.2358769178390503,0.08877835422754288,-0.0070815072394907475,-0.7302365899085999,0,2000,strong30k,4,80,42,0.0,0.4,walk
749,14.98,0.0,0.4000000059604645,-0.23353135585784912,0.07278596609830856,0.029588734731078148,-0.23475846648216248,0,2000,strong30k,4,80,42,0.0,0.4,walk
750,15.0,0.0,0.4000000059604645,-0.23362600803375244,0.057868413627147675,0.05874662101268768,-0.20397746562957764,0,2000,strong30k,4,80,42,0.0,0.4,walk
751,15.02,0.0,0.4000000059604645,-0.23242640495300293,0.05497727915644646,0.07740519940853119,-0.42188960313796997,0,2000,strong30k,4,80,42,0.0,0.4,walk
752,15.040000000000001,0.0,0.4000000059604645,-0.2290029525756836,0.056393977254629135,0.09475082904100418,-0.5673320889472961,0,2000,strong30k,4,80,42,0.0,0.4,walk
753,15.06,0.0,0.4000000059604645,-0.22498762607574463,0.057834692299366,0.11376629769802094,-0.5218919515609741,0,2000,strong30k,4,80,42,0.0,0.4,walk
754,15.08,0.0,0.4000000059604645,-0.22182536125183105,0.06220665201544762,0.13382159173488617,-0.333120733499527,0,2000,strong30k,4,80,42,0.0,0.4,walk
755,15.1,0.0,0.4000000059604645,-0.22039711475372314,0.07185957580804825,0.15635131299495697,-0.14200983941555023,0,2000,strong30k,4,80,42,0.0,0.4,walk
756,15.120000000000001,0.0,0.4000000059604645,-0.22060465812683105,0.08735936135053635,0.1776835322380066,0.030855685472488403,0,2000,strong30k,4,80,42,0.0,0.4,walk
757,15.14,0.0,0.4000000059604645,-0.22181487083435059,0.10061697661876678,0.1997070163488388,0.10943860560655594,0,2000,strong30k,4,80,42,0.0,0.4,walk
758,15.16,0.0,0.4000000059604645,-0.2229522466659546,0.11819405853748322,0.21923403441905975,0.11489307880401611,0,2000,strong30k,4,80,42,0.0,0.4,walk
759,15.18,0.0,0.4000000059604645,-0.22414350509643555,0.13465040922164917,0.24302905797958374,0.17352546751499176,0,2000,strong30k,4,80,42,0.0,0.4,walk
760,15.200000000000001,0.0,0.4000000059604645,-0.2254340648651123,0.14520058035850525,0.27089548110961914,0.17463752627372742,0,2000,strong30k,4,80,42,0.0,0.4,walk
761,15.22,0.0,0.4000000059604645,-0.22621870040893555,0.15486228466033936,0.3012331426143646,0.11206299066543579,0,2000,strong30k,4,80,42,0.0,0.4,walk
762,15.24,0.0,0.4000000059604645,-0.22630810737609863,0.1766745001077652,0.3305363357067108,0.10491102188825607,0,2000,strong30k,4,80,42,0.0,0.4,walk
763,15.26,0.0,0.4000000059604645,-0.22517633438110352,0.1965281218290329,0.36142271757125854,0.005661343690007925,0,2000,strong30k,4,80,42,0.0,0.4,walk
764,15.280000000000001,0.0,0.4000000059604645,-0.22213447093963623,0.208496555685997,0.39991503953933716,-0.14805777370929718,0,2000,strong30k,4,80,42,0.0,0.4,walk
765,15.3,0.0,0.4000000059604645,-0.21777427196502686,0.2091343253850937,0.44765356183052063,-0.23541241884231567,0,2000,strong30k,4,80,42,0.0,0.4,walk
766,15.32,0.0,0.4000000059604645,-0.2142496109008789,0.2020946443080902,0.5019455552101135,-0.1158539280295372,0,2000,strong30k,4,80,42,0.0,0.4,walk
767,15.34,0.0,0.4000000059604645,-0.21298694610595703,0.1998164802789688,0.5435954332351685,0.10128622502088547,0,2000,strong30k,4,80,42,0.0,0.4,walk
768,15.36,0.0,0.4000000059604645,-0.21484696865081787,0.16342277824878693,0.48851069808006287,0.12429620325565338,0,2000,strong30k,4,80,42,0.0,0.4,walk
769,15.38,0.0,0.4000000059604645,-0.21136200428009033,0.14083999395370483,0.41441628336906433,-0.5115598440170288,0,2000,strong30k,4,80,42,0.0,0.4,walk
770,15.4,0.0,0.4000000059604645,-0.20371723175048828,0.1193227544426918,0.35857897996902466,-0.6279356479644775,0,2000,strong30k,4,80,42,0.0,0.4,walk
771,15.42,0.0,0.4000000059604645,-0.1969006061553955,0.09933982789516449,0.32094040513038635,-0.3485897481441498,0,2000,strong30k,4,80,42,0.0,0.4,walk
772,15.44,0.0,0.4000000059604645,-0.19333291053771973,0.07933130860328674,0.2900550067424774,-0.020538143813610077,0,2000,strong30k,4,80,42,0.0,0.4,walk
773,15.46,0.0,0.4000000059604645,-0.19247889518737793,0.07003159075975418,0.25901567935943604,0.13771958649158478,0,2000,strong30k,4,80,42,0.0,0.4,walk
774,15.48,0.0,0.4000000059604645,-0.19305086135864258,0.06774017959833145,0.231565460562706,0.20898443460464478,0,2000,strong30k,4,80,42,0.0,0.4,walk
775,15.5,0.0,0.4000000059604645,-0.19354331493377686,0.07057055830955505,0.20708821713924408,0.09422770142555237,0,2000,strong30k,4,80,42,0.0,0.4,walk
776,15.52,0.0,0.4000000059604645,-0.19265401363372803,0.07036906480789185,0.1844819188117981,-0.0858970656991005,0,2000,strong30k,4,80,42,0.0,0.4,walk
777,15.540000000000001,0.0,0.4000000059604645,-0.19047117233276367,0.06923151761293411,0.16502447426319122,-0.2081984132528305,0,2000,strong30k,4,80,42,0.0,0.4,walk
778,15.56,0.0,0.4000000059604645,-0.18753111362457275,0.0686974823474884,0.14800478518009186,-0.2774386703968048,0,2000,strong30k,4,80,42,0.0,0.4,walk
779,15.58,0.0,0.4000000059604645,-0.1843341588973999,0.07339177280664444,0.13161244988441467,-0.3036339581012726,0,2000,strong30k,4,80,42,0.0,0.4,walk
780,15.6,0.0,0.4000000059604645,-0.18167269229888916,0.08361122757196426,0.11499755084514618,-0.23624593019485474,0,2000,strong30k,4,80,42,0.0,0.4,walk
781,15.620000000000001,0.0,0.4000000059604645,-0.17957556247711182,0.09672140330076218,0.09614843875169754,-0.22376808524131775,0,2000,strong30k,4,80,42,0.0,0.4,walk
782,15.64,0.0,0.4000000059604645,-0.1778050661087036,0.11145520955324173,0.07783932238817215,-0.22579936683177948,0,2000,strong30k,4,80,42,0.0,0.4,walk
783,15.66,0.0,0.4000000059604645,-0.17642617225646973,0.1277540773153305,0.06314431875944138,-0.22442537546157837,0,2000,strong30k,4,80,42,0.0,0.4,walk
784,15.68,0.0,0.4000000059604645,-0.1755528450012207,0.14268815517425537,0.04887101426720619,-0.2120613008737564,0,2000,strong30k,4,80,42,0.0,0.4,walk
785,15.700000000000001,0.0,0.4000000059604645,-0.17532527446746826,0.1534549742937088,0.033368878066539764,-0.19438336789608002,0,2000,strong30k,4,80,42,0.0,0.4,walk
786,15.72,0.0,0.4000000059604645,-0.1753934621810913,0.15772143006324768,0.013504213653504848,-0.21522250771522522,0,2000,strong30k,4,80,42,0.0,0.4,walk
787,15.74,0.0,0.4000000059604645,-0.17454910278320312,0.15300586819648743,-0.010850508697330952,-0.30646297335624695,0,2000,strong30k,4,80,42,0.0,0.4,walk
788,15.76,0.0,0.4000000059604645,-0.17246150970458984,0.14109650254249573,-0.0330202616751194,-0.3757052719593048,0,2000,strong30k,4,80,42,0.0,0.4,walk
789,15.780000000000001,0.0,0.4000000059604645,-0.17021381855010986,0.12782728672027588,-0.04484076797962189,-0.31474360823631287,0,2000,strong30k,4,80,42,0.0,0.4,walk
790,15.8,0.0,0.4000000059604645,-0.16880977153778076,0.11205493658781052,-0.05184135213494301,-0.24139906466007233,0,2000,strong30k,4,80,42,0.0,0.4,walk
791,15.82,0.0,0.4000000059604645,-0.16643214225769043,0.07284043729305267,0.0007269326015375555,-0.3017580509185791,0,2000,strong30k,4,80,42,0.0,0.4,walk
792,15.84,0.0,0.4000000059604645,-0.16647446155548096,0.055056486278772354,0.03391674906015396,-0.12529249489307404,0,2000,strong30k,4,80,42,0.0,0.4,walk
793,15.860000000000001,0.0,0.4000000059604645,-0.1667536497116089,0.048451073467731476,0.055996693670749664,-0.25004881620407104,0,2000,strong30k,4,80,42,0.0,0.4,walk
794,15.88,0.0,0.4000000059604645,-0.16484904289245605,0.05084461718797684,0.07284895330667496,-0.4618549942970276,0,2000,strong30k,4,80,42,0.0,0.4,walk
795,15.9,0.0,0.4000000059604645,-0.16150248050689697,0.05594382807612419,0.09146834164857864,-0.49110177159309387,0,2000,strong30k,4,80,42,0.0,0.4,walk
796,15.92,0.0,0.4000000059604645,-0.1585777997970581,0.06070995330810547,0.11185958236455917,-0.37350964546203613,0,2000,strong30k,4,80,42,0.0,0.4,walk
797,15.94,0.0,0.4000000059604645,-0.15660595893859863,0.06960093230009079,0.1319013088941574,-0.21809089183807373,0,2000,strong30k,4,80,42,0.0,0.4,walk
798,15.96,0.0,0.4000000059604645,-0.15620827674865723,0.08087348192930222,0.15416499972343445,-0.029711727052927017,0,2000,strong30k,4,80,42,0.0,0.4,walk
799,15.98,0.0,0.4000000059604645,-0.15701639652252197,0.09671136736869812,0.1748134046792984,0.08174723386764526,0,2000,strong30k,4,80,42,0.0,0.4,walk
800,16.0,0.0,0.4000000059604645,-0.15838932991027832,0.11049102246761322,0.19603677093982697,0.1412132978439331,0,2000,strong30k,4,80,42,0.0,0.4,walk
801,16.02,0.0,0.4000000059604645,-0.1598186492919922,0.1241670772433281,0.21806547045707703,0.16068744659423828,0,2000,strong30k,4,80,42,0.0,0.4,walk
802,16.04,0.0,0.4000000059604645,-0.16137421131134033,0.1391925811767578,0.24286189675331116,0.2183901071548462,0,2000,strong30k,4,80,42,0.0,0.4,walk
803,16.06,0.0,0.4000000059604645,-0.16287744045257568,0.15085946023464203,0.27182358503341675,0.19597043097019196,0,2000,strong30k,4,80,42,0.0,0.4,walk
804,16.080000000000002,0.0,0.4000000059604645,-0.16372931003570557,0.1659386307001114,0.30222439765930176,0.13709984719753265,0,2000,strong30k,4,80,42,0.0,0.4,walk
805,16.1,0.0,0.4000000059604645,-0.16345036029815674,0.18742667138576508,0.33256304264068604,0.06966923922300339,0,2000,strong30k,4,80,42,0.0,0.4,walk
806,16.12,0.0,0.4000000059604645,-0.161607027053833,0.2040877491235733,0.36759382486343384,-0.05303474888205528,0,2000,strong30k,4,80,42,0.0,0.4,walk
807,16.14,0.0,0.4000000059604645,-0.15794038772583008,0.21145398914813995,0.409560889005661,-0.20009581744670868,0,2000,strong30k,4,80,42,0.0,0.4,walk
808,16.16,0.0,0.4000000059604645,-0.15387773513793945,0.2091854065656662,0.46018555760383606,-0.19282573461532593,0,2000,strong30k,4,80,42,0.0,0.4,walk
809,16.18,0.0,0.4000000059604645,-0.15151429176330566,0.20500527322292328,0.5088123083114624,0.0004157703369855881,0,2000,strong30k,4,80,42,0.0,0.4,walk
810,16.2,0.0,0.4000000059604645,-0.1514967679977417,0.19202035665512085,0.5362809300422668,0.3778122663497925,0,2000,strong30k,4,80,42,0.0,0.4,walk
811,16.22,0.0,0.4000000059604645,-0.15300166606903076,0.16143035888671875,0.44912204146385193,-0.14881886541843414,0,2000,strong30k,4,80,42,0.0,0.4,walk
812,16.240000000000002,0.0,0.4000000059604645,-0.14770615100860596,0.13649818301200867,0.3832623064517975,-0.55562424659729,0,2000,strong30k,4,80,42,0.0,0.4,walk
813,16.26,0.0,0.4000000059604645,-0.14040684700012207,0.11437101662158966,0.33842733502388,-0.490579754114151,0,2000,strong30k,4,80,42,0.0,0.4,walk
814,16.28,0.0,0.4000000059604645,-0.13529491424560547,0.09041398763656616,0.3072391748428345,-0.15544439852237701,0,2000,strong30k,4,80,42,0.0,0.4,walk
815,16.3,0.0,0.4000000059604645,-0.13304448127746582,0.08108031749725342,0.2744940519332886,0.04930472373962402,0,2000,strong30k,4,80,42,0.0,0.4,walk
816,16.32,0.0,0.4000000059604645,-0.13305771350860596,0.0760350301861763,0.24732962250709534,0.21364910900592804,0,2000,strong30k,4,80,42,0.0,0.4,walk
817,16.34,0.0,0.4000000059604645,-0.13384521007537842,0.07175306230783463,0.22014011442661285,0.1865941435098648,0,2000,strong30k,4,80,42,0.0,0.4,walk
818,16.36,0.0,0.4000000059604645,-0.13395941257476807,0.07537837326526642,0.19763322174549103,0.033404525369405746,0,2000,strong30k,4,80,42,0.0,0.4,walk
819,16.38,0.0,0.4000000059604645,-0.1328575611114502,0.07487767189741135,0.17739322781562805,-0.08958253264427185,0,2000,strong30k,4,80,42,0.0,0.4,walk
820,16.4,0.0,0.4000000059604645,-0.13059282302856445,0.07425662875175476,0.15752486884593964,-0.21973930299282074,0,2000,strong30k,4,80,42,0.0,0.4,walk
821,16.42,0.0,0.4000000059604645,-0.12766516208648682,0.07735951989889145,0.14070527255535126,-0.2836682200431824,0,2000,strong30k,4,80,42,0.0,0.4,walk
822,16.44,0.0,0.4000000059604645,-0.12506794929504395,0.08333209902048111,0.12577314674854279,-0.22905372083187103,0,2000,strong30k,4,80,42,0.0,0.4,walk
823,16.46,0.0,0.4000000059604645,-0.12276530265808105,0.09403258562088013,0.10686326026916504,-0.2311478704214096,0,2000,strong30k,4,80,42,0.0,0.4,walk
824,16.48,0.0,0.4000000059604645,-0.12092936038970947,0.10909868031740189,0.08928623795509338,-0.20017431676387787,0,2000,strong30k,4,80,42,0.0,0.4,walk
825,16.5,0.0,0.4000000059604645,-0.11958444118499756,0.12584148347377777,0.0726337730884552,-0.1999789923429489,0,2000,strong30k,4,80,42,0.0,0.4,walk
826,16.52,0.0,0.4000000059604645,-0.11861002445220947,0.14384587109088898,0.05893316864967346,-0.20649436116218567,0,2000,strong30k,4,80,42,0.0,0.4,walk
827,16.54,0.0,0.4000000059604645,-0.11809408664703369,0.15756084024906158,0.043964218348264694,-0.19523228704929352,0,2000,strong30k,4,80,42,0.0,0.4,walk
828,16.56,0.0,0.4000000059604645,-0.11811375617980957,0.16591179370880127,0.026694806292653084,-0.18451455235481262,0,2000,strong30k,4,80,42,0.0,0.4,walk
829,16.580000000000002,0.0,0.4000000059604645,-0.11808860301971436,0.16663752496242523,0.004998356103897095,-0.21434295177459717,0,2000,strong30k,4,80,42,0.0,0.4,walk
830,16.6,0.0,0.4000000059604645,-0.11706149578094482,0.15968634188175201,-0.018464399501681328,-0.29784077405929565,0,2000,strong30k,4,80,42,0.0,0.4,walk
831,16.62,0.0,0.4000000059604645,-0.11521399021148682,0.1464734673500061,-0.03534550592303276,-0.3197743892669678,0,2000,strong30k,4,80,42,0.0,0.4,walk
832,16.64,0.0,0.4000000059604645,-0.1136467456817627,0.13438503444194794,-0.04307514801621437,-0.2764248251914978,0,2000,strong30k,4,80,42,0.0,0.4,walk
833,16.66,0.0,0.4000000059604645,-0.11138665676116943,0.08795304596424103,-0.010881997644901276,-0.6847773194313049,0,2000,strong30k,4,80,42,0.0,0.4,walk
834,16.68,0.0,0.4000000059604645,-0.10968828201293945,0.07314914464950562,0.025537794455885887,-0.16922783851623535,0,2000,strong30k,4,80,42,0.0,0.4,walk
835,16.7,0.0,0.4000000059604645,-0.11056935787200928,0.05965929105877876,0.053346458822488785,-0.11973163485527039,0,2000,strong30k,4,80,42,0.0,0.4,walk
836,16.72,0.0,0.4000000059604645,-0.11027884483337402,0.05769675597548485,0.0713810846209526,-0.3222975730895996,0,2000,strong30k,4,80,42,0.0,0.4,walk
837,16.740000000000002,0.0,0.4000000059604645,-0.10804164409637451,0.06080133467912674,0.08902817964553833,-0.4320114850997925,0,2000,strong30k,4,80,42,0.0,0.4,walk
838,16.76,0.0,0.4000000059604645,-0.10534071922302246,0.065694659948349,0.10689710080623627,-0.38465604186058044,0,2000,strong30k,4,80,42,0.0,0.4,walk
839,16.78,0.0,0.4000000059604645,-0.10340261459350586,0.07180732488632202,0.1271580308675766,-0.2239793837070465,0,2000,strong30k,4,80,42,0.0,0.4,walk
840,16.8,0.0,0.4000000059604645,-0.10289788246154785,0.08152714371681213,0.1499931514263153,-0.06350018084049225,0,2000,strong30k,4,80,42,0.0,0.4,walk
841,16.82,0.0,0.4000000059604645,-0.10371065139770508,0.0981869250535965,0.17110560834407806,0.08251295238733292,0,2000,strong30k,4,80,42,0.0,0.4,walk
842,16.84,0.0,0.4000000059604645,-0.10518157482147217,0.11426427960395813,0.1922365128993988,0.13262644410133362,0,2000,strong30k,4,80,42,0.0,0.4,walk
843,16.86,0.0,0.4000000059604645,-0.10665345191955566,0.13024792075157166,0.21381071209907532,0.14951491355895996,0,2000,strong30k,4,80,42,0.0,0.4,walk
844,16.88,0.0,0.4000000059604645,-0.10819292068481445,0.14796873927116394,0.23769021034240723,0.2077445536851883,0,2000,strong30k,4,80,42,0.0,0.4,walk
845,16.9,0.0,0.4000000059604645,-0.1098090410232544,0.15844666957855225,0.2653650939464569,0.21251793205738068,0,2000,strong30k,4,80,42,0.0,0.4,walk
846,16.92,0.0,0.4000000059604645,-0.11096727848052979,0.1713087409734726,0.29552415013313293,0.15176577866077423,0,2000,strong30k,4,80,42,0.0,0.4,walk
847,16.94,0.0,0.4000000059604645,-0.1114799976348877,0.1914166957139969,0.3260033130645752,0.13981576263904572,0,2000,strong30k,4,80,42,0.0,0.4,walk
848,16.96,0.0,0.4000000059604645,-0.11066818237304688,0.21189050376415253,0.3569302558898926,0.03861695155501366,0,2000,strong30k,4,80,42,0.0,0.4,walk
849,16.98,0.0,0.4000000059604645,-0.10808253288269043,0.22418394684791565,0.396298885345459,-0.09747864305973053,0,2000,strong30k,4,80,42,0.0,0.4,walk
850,17.0,0.0,0.4000000059604645,-0.10444760322570801,0.2253722995519638,0.4447583854198456,-0.16414475440979004,0,2000,strong30k,4,80,42,0.0,0.4,walk
851,17.02,0.0,0.4000000059604645,-0.10178101062774658,0.21964694559574127,0.4987562298774719,-0.04397079721093178,0,2000,strong30k,4,80,42,0.0,0.4,walk
852,17.04,0.0,0.4000000059604645,-0.10121321678161621,0.21866875886917114,0.5401906371116638,0.14863266050815582,0,2000,strong30k,4,80,42,0.0,0.4,walk
853,17.06,0.0,0.4000000059604645,-0.1035621166229248,0.18080885708332062,0.4814576208591461,0.13454267382621765,0,2000,strong30k,4,80,42,0.0,0.4,walk
854,17.080000000000002,0.0,0.4000000059604645,-0.10032463073730469,0.15516993403434753,0.4077708125114441,-0.4792279899120331,0,2000,strong30k,4,80,42,0.0,0.4,walk
855,17.1,0.0,0.4000000059604645,-0.09320724010467529,0.12960214912891388,0.34962326288223267,-0.5542353391647339,0,2000,strong30k,4,80,42,0.0,0.4,walk
856,17.12,0.0,0.4000000059604645,-0.0870887041091919,0.10888786613941193,0.3138565123081207,-0.2554700970649719,0,2000,strong30k,4,80,42,0.0,0.4,walk
857,17.14,0.0,0.4000000059604645,-0.08445727825164795,0.08802848309278488,0.2843099534511566,0.09126447886228561,0,2000,strong30k,4,80,42,0.0,0.4,walk
858,17.16,0.0,0.4000000059604645,-0.08459675312042236,0.07766176015138626,0.2542290687561035,0.2382475882768631,0,2000,strong30k,4,80,42,0.0,0.4,walk
859,17.18,0.0,0.4000000059604645,-0.08587145805358887,0.07417880743741989,0.22553496062755585,0.26744839549064636,0,2000,strong30k,4,80,42,0.0,0.4,walk
860,17.2,0.0,0.4000000059604645,-0.08676409721374512,0.07834143191576004,0.2026694267988205,0.12051985412836075,0,2000,strong30k,4,80,42,0.0,0.4,walk
861,17.22,0.0,0.4000000059604645,-0.08608818054199219,0.07732930034399033,0.18017546832561493,-0.06427422910928726,0,2000,strong30k,4,80,42,0.0,0.4,walk
862,17.240000000000002,0.0,0.4000000059604645,-0.08403646945953369,0.07578174769878387,0.16080054640769958,-0.1969335377216339,0,2000,strong30k,4,80,42,0.0,0.4,walk
863,17.26,0.0,0.4000000059604645,-0.08128273487091064,0.07407595962285995,0.14487139880657196,-0.2545219361782074,0,2000,strong30k,4,80,42,0.0,0.4,walk
864,17.28,0.0,0.4000000059604645,-0.0783686637878418,0.07742850482463837,0.12859319150447845,-0.2692070007324219,0,2000,strong30k,4,80,42,0.0,0.4,walk
865,17.3,0.0,0.4000000059604645,-0.07601535320281982,0.08830524235963821,0.11280171573162079,-0.2073475867509842,0,2000,strong30k,4,80,42,0.0,0.4,walk
866,17.32,0.0,0.4000000059604645,-0.07424330711364746,0.10231459140777588,0.09430932253599167,-0.19428016245365143,0,2000,strong30k,4,80,42,0.0,0.4,walk
867,17.34,0.0,0.4000000059604645,-0.07274055480957031,0.11779283732175827,0.07642630487680435,-0.20632925629615784,0,2000,strong30k,4,80,42,0.0,0.4,walk
868,17.36,0.0,0.4000000059604645,-0.07158493995666504,0.1348184049129486,0.06172982603311539,-0.19745059311389923,0,2000,strong30k,4,80,42,0.0,0.4,walk
869,17.38,0.0,0.4000000059604645,-0.0709981918334961,0.1506277322769165,0.047727011144161224,-0.17561322450637817,0,2000,strong30k,4,80,42,0.0,0.4,walk
870,17.400000000000002,0.0,0.4000000059604645,-0.07119405269622803,0.16173408925533295,0.03220542520284653,-0.1423572450876236,0,2000,strong30k,4,80,42,0.0,0.4,walk
871,17.42,0.0,0.4000000059604645,-0.07184243202209473,0.16614507138729095,0.012109857983887196,-0.14678969979286194,0,2000,strong30k,4,80,42,0.0,0.4,walk
872,17.44,0.0,0.4000000059604645,-0.07181501388549805,0.1617744266986847,-0.01233676541596651,-0.22081181406974792,0,2000,strong30k,4,80,42,0.0,0.4,walk
873,17.46,0.0,0.4000000059604645,-0.07054340839385986,0.1490851640701294,-0.03539423272013664,-0.29676035046577454,0,2000,strong30k,4,80,42,0.0,0.4,walk
874,17.48,0.0,0.4000000059604645,-0.06902492046356201,0.13593325018882751,-0.046643953770399094,-0.2554565668106079,0,2000,strong30k,4,80,42,0.0,0.4,walk
875,17.5,0.0,0.4000000059604645,-0.0678483247756958,0.11828465014696121,-0.05236237868666649,-0.25656554102897644,0,2000,strong30k,4,80,42,0.0,0.4,walk
876,17.52,0.0,0.4000000059604645,-0.06518328189849854,0.07816801965236664,-0.0026886530686169863,-0.33179202675819397,0,2000,strong30k,4,80,42,0.0,0.4,walk
877,17.54,0.0,0.4000000059604645,-0.06525158882141113,0.05933172628283501,0.031160924583673477,-0.10167104005813599,0,2000,strong30k,4,80,42,0.0,0.4,walk
878,17.56,0.0,0.4000000059604645,-0.06600689888000488,0.05255696550011635,0.05314693972468376,-0.18171581625938416,0,2000,strong30k,4,80,42,0.0,0.4,walk
879,17.580000000000002,0.0,0.4000000059604645,-0.06499743461608887,0.05465318635106087,0.07008129358291626,-0.34813886880874634,0,2000,strong30k,4,80,42,0.0,0.4,walk
880,17.6,0.0,0.4000000059604645,-0.06290245056152344,0.05991458147764206,0.08869104087352753,-0.35610005259513855,0,2000,strong30k,4,80,42,0.0,0.4,walk
881,17.62,0.0,0.4000000059604645,-0.06124866008758545,0.06542263925075531,0.10873325169086456,-0.24536247551441193,0,2000,strong30k,4,80,42,0.0,0.4,walk
882,17.64,0.0,0.4000000059604645,-0.060378313064575195,0.07472603768110275,0.1288970708847046,-0.11822862923145294,0,2000,strong30k,4,80,42,0.0,0.4,walk
883,17.66,0.0,0.4000000059604645,-0.06073260307312012,0.08650846034288406,0.1514253318309784,0.0292358435690403,0,2000,strong30k,4,80,42,0.0,0.4,walk
884,17.68,0.0,0.4000000059604645,-0.06196153163909912,0.10276545584201813,0.1725907325744629,0.11185996979475021,0,2000,strong30k,4,80,42,0.0,0.4,walk
885,17.7,0.0,0.4000000059604645,-0.06347334384918213,0.11783544719219208,0.19402843713760376,0.15049195289611816,0,2000,strong30k,4,80,42,0.0,0.4,walk
886,17.72,0.0,0.4000000059604645,-0.06505739688873291,0.13244032859802246,0.21681205928325653,0.1871837079524994,0,2000,strong30k,4,80,42,0.0,0.4,walk
887,17.740000000000002,0.0,0.4000000059604645,-0.06682944297790527,0.14746399223804474,0.24243055284023285,0.24144574999809265,0,2000,strong30k,4,80,42,0.0,0.4,walk
888,17.76,0.0,0.4000000059604645,-0.06859278678894043,0.15924914181232452,0.2722051739692688,0.2275000363588333,0,2000,strong30k,4,80,42,0.0,0.4,walk
889,17.78,0.0,0.4000000059604645,-0.0697242021560669,0.17455679178237915,0.30270519852638245,0.16916047036647797,0,2000,strong30k,4,80,42,0.0,0.4,walk
890,17.8,0.0,0.4000000059604645,-0.06981253623962402,0.19529035687446594,0.3336954116821289,0.11538471281528473,0,2000,strong30k,4,80,42,0.0,0.4,walk
891,17.82,0.0,0.4000000059604645,-0.06840479373931885,0.2106761336326599,0.3694687783718109,-0.0074741048738360405,0,2000,strong30k,4,80,42,0.0,0.4,walk
892,17.84,0.0,0.4000000059604645,-0.06522059440612793,0.21690715849399567,0.4120246469974518,-0.15131208300590515,0,2000,strong30k,4,80,42,0.0,0.4,walk
893,17.86,0.0,0.4000000059604645,-0.061849236488342285,0.21414145827293396,0.4633917510509491,-0.12277624756097794,0,2000,strong30k,4,80,42,0.0,0.4,walk
894,17.88,0.0,0.4000000059604645,-0.060240864753723145,0.21018949151039124,0.5120118260383606,0.06621929258108139,0,2000,strong30k,4,80,42,0.0,0.4,walk
895,17.900000000000002,0.0,0.4000000059604645,-0.06094861030578613,0.18895770609378815,0.5260540843009949,0.5547910928726196,0,2000,strong30k,4,80,42,0.0,0.4,walk
896,17.92,0.0,0.4000000059604645,-0.062399983406066895,0.1632564216852188,0.43903517723083496,-0.18096834421157837,0,2000,strong30k,4,80,42,0.0,0.4,walk
897,17.94,0.0,0.4000000059604645,-0.056928277015686035,0.13759762048721313,0.3718220889568329,-0.5511845350265503,0,2000,strong30k,4,80,42,0.0,0.4,walk
898,17.96,0.0,0.4000000059604645,-0.04986536502838135,0.11587882786989212,0.3268064260482788,-0.44197967648506165,0,2000,strong30k,4,80,42,0.0,0.4,walk
899,17.98,0.0,0.4000000059604645,-0.045465707778930664,0.09278423339128494,0.2969168722629547,-0.06790719926357269,0,2000,strong30k,4,80,42,0.0,0.4,walk
900,18.0,0.0,0.4000000059604645,-0.04424476623535156,0.08066942542791367,0.265714555978775,0.1592811942100525,0,2000,strong30k,4,80,42,0.0,0.4,walk
901,18.02,0.0,0.4000000059604645,-0.04521310329437256,0.07624451816082001,0.23712654411792755,0.28928419947624207,0,2000,strong30k,4,80,42,0.0,0.4,walk
902,18.04,0.0,0.4000000059604645,-0.04647350311279297,0.07244706898927689,0.2097265124320984,0.21126654744148254,0,2000,strong30k,4,80,42,0.0,0.4,walk
903,18.06,0.0,0.4000000059604645,-0.046639204025268555,0.07428041100502014,0.18728385865688324,0.026836832985281944,0,2000,strong30k,4,80,42,0.0,0.4,walk
904,18.080000000000002,0.0,0.4000000059604645,-0.0454707145690918,0.07168290764093399,0.16783030331134796,-0.09790416806936264,0,2000,strong30k,4,80,42,0.0,0.4,walk
905,18.1,0.0,0.4000000059604645,-0.04320406913757324,0.06987500935792923,0.14892789721488953,-0.22164630889892578,0,2000,strong30k,4,80,42,0.0,0.4,walk
906,18.12,0.0,0.4000000059604645,-0.040384531021118164,0.07243499904870987,0.13233593106269836,-0.2699389159679413,0,2000,strong30k,4,80,42,0.0,0.4,walk
907,18.14,0.0,0.4000000059604645,-0.03793060779571533,0.07757729291915894,0.11648213863372803,-0.20981645584106445,0,2000,strong30k,4,80,42,0.0,0.4,walk
908,18.16,0.0,0.4000000059604645,-0.036016225814819336,0.0902273952960968,0.09874573349952698,-0.19168850779533386,0,2000,strong30k,4,80,42,0.0,0.4,walk
909,18.18,0.0,0.4000000059604645,-0.03450632095336914,0.10430947691202164,0.08011410385370255,-0.16910840570926666,0,2000,strong30k,4,80,42,0.0,0.4,walk
910,18.2,0.0,0.4000000059604645,-0.033579349517822266,0.12215578556060791,0.06493433564901352,-0.15921659767627716,0,2000,strong30k,4,80,42,0.0,0.4,walk
911,18.22,0.0,0.4000000059604645,-0.03308415412902832,0.1405155509710312,0.05151962861418724,-0.15733136236667633,0,2000,strong30k,4,80,42,0.0,0.4,walk
912,18.240000000000002,0.0,0.4000000059604645,-0.033182740211486816,0.15506380796432495,0.037262074649333954,-0.13420341908931732,0,2000,strong30k,4,80,42,0.0,0.4,walk
913,18.26,0.0,0.4000000059604645,-0.03387737274169922,0.16346488893032074,0.01985159143805504,-0.12338040769100189,0,2000,strong30k,4,80,42,0.0,0.4,walk
914,18.28,0.0,0.4000000059604645,-0.03450977802276611,0.16357986629009247,-0.0023689831141382456,-0.15051323175430298,0,2000,strong30k,4,80,42,0.0,0.4,walk
915,18.3,0.0,0.4000000059604645,-0.03419017791748047,0.1556289941072464,-0.02613384835422039,-0.22955644130706787,0,2000,strong30k,4,80,42,0.0,0.4,walk
916,18.32,0.0,0.4000000059604645,-0.0330195426940918,0.14169958233833313,-0.04316377639770508,-0.25663793087005615,0,2000,strong30k,4,80,42,0.0,0.4,walk
917,18.34,0.0,0.4000000059604645,-0.03180551528930664,0.12871159613132477,-0.05205491557717323,-0.26625627279281616,0,2000,strong30k,4,80,42,0.0,0.4,walk
918,18.36,0.0,0.4000000059604645,-0.02933526039123535,0.08061029016971588,-0.019656065851449966,-0.6721031069755554,0,2000,strong30k,4,80,42,0.0,0.4,walk
919,18.38,0.0,0.4000000059604645,-0.02805161476135254,0.06728553026914597,0.01608886383473873,-0.12367024272680283,0,2000,strong30k,4,80,42,0.0,0.4,walk
920,18.400000000000002,0.0,0.4000000059604645,-0.02947854995727539,0.05418065935373306,0.04312235862016678,-0.05585818365216255,0,2000,strong30k,4,80,42,0.0,0.4,walk
921,18.42,0.0,0.4000000059604645,-0.029925227165222168,0.052449073642492294,0.0612952783703804,-0.23092453181743622,0,2000,strong30k,4,80,42,0.0,0.4,walk
922,18.44,0.0,0.4000000059604645,-0.028721213340759277,0.05605430528521538,0.07876832783222198,-0.3131581246852875,0,2000,strong30k,4,80,42,0.0,0.4,walk
923,18.46,0.0,0.4000000059604645,-0.027170181274414062,0.062187712639570236,0.09635026007890701,-0.266387015581131,0,2000,strong30k,4,80,42,0.0,0.4,walk
924,18.48,0.0,0.4000000059604645,-0.0262448787689209,0.06865181773900986,0.11630156636238098,-0.13213734328746796,0,2000,strong30k,4,80,42,0.0,0.4,walk
925,18.5,0.0,0.4000000059604645,-0.026558637619018555,0.07849051058292389,0.1390552669763565,0.007865137420594692,0,2000,strong30k,4,80,42,0.0,0.4,walk
926,18.52,0.0,0.4000000059604645,-0.02787327766418457,0.09499809145927429,0.16004446148872375,0.122797891497612,0,2000,strong30k,4,80,42,0.0,0.4,walk
927,18.54,0.0,0.4000000059604645,-0.02959573268890381,0.10990480333566666,0.18188005685806274,0.14812280237674713,0,2000,strong30k,4,80,42,0.0,0.4,walk
928,18.56,0.0,0.4000000059604645,-0.031168460845947266,0.12655727565288544,0.20368894934654236,0.15844832360744476,0,2000,strong30k,4,80,42,0.0,0.4,walk
929,18.580000000000002,0.0,0.4000000059604645,-0.03283214569091797,0.1442994624376297,0.22764039039611816,0.22087956964969635,0,2000,strong30k,4,80,42,0.0,0.4,walk
930,18.6,0.0,0.4000000059604645,-0.03453624248504639,0.15511345863342285,0.2546927332878113,0.22313889861106873,0,2000,strong30k,4,80,42,0.0,0.4,walk
931,18.62,0.0,0.4000000059604645,-0.035805344581604004,0.16706842184066772,0.28498515486717224,0.16640809178352356,0,2000,strong30k,4,80,42,0.0,0.4,walk
932,18.64,0.0,0.4000000059604645,-0.0364377498626709,0.1863427311182022,0.31534695625305176,0.15154020488262177,0,2000,strong30k,4,80,42,0.0,0.4,walk
933,18.66,0.0,0.4000000059604645,-0.035848379135131836,0.20697972178459167,0.3460661470890045,0.06605203449726105,0,2000,strong30k,4,80,42,0.0,0.4,walk
934,18.68,0.0,0.4000000059604645,-0.033754825592041016,0.2195574790239334,0.38495931029319763,-0.04125812277197838,0,2000,strong30k,4,80,42,0.0,0.4,walk
935,18.7,0.0,0.4000000059604645,-0.030716419219970703,0.22109907865524292,0.43216294050216675,-0.10707541555166245,0,2000,strong30k,4,80,42,0.0,0.4,walk
936,18.72,0.0,0.4000000059604645,-0.028568625450134277,0.2154533714056015,0.4852633774280548,0.00044657988473773,0,2000,strong30k,4,80,42,0.0,0.4,walk
937,18.740000000000002,0.0,0.4000000059604645,-0.028375864028930664,0.2141372561454773,0.5269454717636108,0.17699238657951355,0,2000,strong30k,4,80,42,0.0,0.4,walk
938,18.76,0.0,0.4000000059604645,-0.030791640281677246,0.17951427400112152,0.4842034578323364,0.21793261170387268,0,2000,strong30k,4,80,42,0.0,0.4,walk
939,18.78,0.0,0.4000000059604645,-0.028531670570373535,0.15414349734783173,0.4107764959335327,-0.3885585367679596,0,2000,strong30k,4,80,42,0.0,0.4,walk
940,18.8,0.0,0.4000000059604645,-0.022038936614990234,0.12970060110092163,0.3514193892478943,-0.5112317800521851,0,2000,strong30k,4,80,42,0.0,0.4,walk
941,18.82,0.0,0.4000000059604645,-0.01620936393737793,0.10900504142045975,0.3151271641254425,-0.24262584745883942,0,2000,strong30k,4,80,42,0.0,0.4,walk
942,18.84,0.0,0.4000000059604645,-0.013800621032714844,0.08772013336420059,0.2854682505130768,0.11855201423168182,0,2000,strong30k,4,80,42,0.0,0.4,walk
943,18.86,0.0,0.4000000059604645,-0.014168024063110352,0.07806773483753204,0.25470662117004395,0.2711869776248932,0,2000,strong30k,4,80,42,0.0,0.4,walk
944,18.88,0.0,0.4000000059604645,-0.015828371047973633,0.07494276762008667,0.22710533440113068,0.3146342635154724,0,2000,strong30k,4,80,42,0.0,0.4,walk
945,18.900000000000002,0.0,0.4000000059604645,-0.01709568500518799,0.07748549431562424,0.20302976667881012,0.1604197919368744,0,2000,strong30k,4,80,42,0.0,0.4,walk
946,18.92,0.0,0.4000000059604645,-0.01672828197479248,0.07670587301254272,0.1803101897239685,-0.036341384053230286,0,2000,strong30k,4,80,42,0.0,0.4,walk
947,18.94,0.0,0.4000000059604645,-0.01491844654083252,0.07525042444467545,0.16151072084903717,-0.17194592952728271,0,2000,strong30k,4,80,42,0.0,0.4,walk
948,18.96,0.0,0.4000000059604645,-0.012369751930236816,0.07363492250442505,0.14513009786605835,-0.23447056114673615,0,2000,strong30k,4,80,42,0.0,0.4,walk
949,18.98,0.0,0.4000000059604645,-0.009660959243774414,0.07716018706560135,0.12885414063930511,-0.25086748600006104,0,2000,strong30k,4,80,42,0.0,0.4,walk
950,19.0,0.0,0.4000000059604645,-0.007513761520385742,0.08711670339107513,0.1130136176943779,-0.18550950288772583,0,2000,strong30k,4,80,42,0.0,0.4,walk
951,19.02,0.0,0.4000000059604645,-0.005904436111450195,0.10108961164951324,0.09462524205446243,-0.17570483684539795,0,2000,strong30k,4,80,42,0.0,0.4,walk
952,19.04,0.0,0.4000000059604645,-0.004614591598510742,0.11698596179485321,0.07739073038101196,-0.17548635601997375,0,2000,strong30k,4,80,42,0.0,0.4,walk
953,19.06,0.0,0.4000000059604645,-0.003745436668395996,0.13488073647022247,0.06320793181657791,-0.16424939036369324,0,2000,strong30k,4,80,42,0.0,0.4,walk
954,19.080000000000002,0.0,0.4000000059604645,-0.0034613609313964844,0.15199676156044006,0.049848269671201706,-0.14265255630016327,0,2000,strong30k,4,80,42,0.0,0.4,walk
955,19.1,0.0,0.4000000059604645,-0.003973722457885742,0.16399620473384857,0.03490349277853966,-0.10596397519111633,0,2000,strong30k,4,80,42,0.0,0.4,walk
956,19.12,0.0,0.4000000059604645,-0.005009174346923828,0.16938935220241547,0.01571548543870449,-0.10142829269170761,0,2000,strong30k,4,80,42,0.0,0.4,walk
957,19.14,0.0,0.4000000059604645,-0.005530595779418945,0.16563372313976288,-0.007808866444975138,-0.1605716347694397,0,2000,strong30k,4,80,42,0.0,0.4,walk
958,19.16,0.0,0.4000000059604645,-0.00493621826171875,0.1535811573266983,-0.029959073290228844,-0.23046401143074036,0,2000,strong30k,4,80,42,0.0,0.4,walk
959,19.18,0.0,0.4000000059604645,-0.004012703895568848,0.14025627076625824,-0.03989892825484276,-0.21044108271598816,0,2000,strong30k,4,80,42,0.0,0.4,walk
960,19.2,0.0,0.4000000059604645,-0.0030478239059448242,0.12221191823482513,-0.04579254984855652,-0.2580103874206543,0,2000,strong30k,4,80,42,0.0,0.4,walk
961,19.22,0.0,0.4000000059604645,-0.00021147727966308594,0.08147042244672775,0.0005391919985413551,-0.33857348561286926,0,2000,strong30k,4,80,42,0.0,0.4,walk
962,19.240000000000002,0.0,0.4000000059604645,-0.0005850791931152344,0.062467608600854874,0.03484802693128586,-0.04496590793132782,0,2000,strong30k,4,80,42,0.0,0.4,walk
963,19.26,0.0,0.4000000059604645,-0.00216519832611084,0.055122118443250656,0.05667581781744957,-0.08752291649580002,0,2000,strong30k,4,80,42,0.0,0.4,walk
964,19.28,0.0,0.4000000059604645,-0.0021818876266479492,0.05691814422607422,0.07324454188346863,-0.24730262160301208,0,2000,strong30k,4,80,42,0.0,0.4,walk
965,19.3,0.0,0.4000000059604645,-0.0010497570037841797,0.06278105825185776,0.09148762375116348,-0.26484930515289307,0,2000,strong30k,4,80,42,0.0,0.4,walk
966,19.32,0.0,0.4000000059604645,-0.00016808509826660156,0.06936390697956085,0.11115232110023499,-0.17669638991355896,0,2000,strong30k,4,80,42,0.0,0.4,walk
967,19.34,0.0,0.4000000059604645,0.00016236305236816406,0.07864519953727722,0.13130274415016174,-0.07657241821289062,0,2000,strong30k,4,80,42,0.0,0.4,walk
968,19.36,0.0,0.4000000059604645,-0.0005342960357666016,0.09108928591012955,0.15401224792003632,0.05517779663205147,0,2000,strong30k,4,80,42,0.0,0.4,walk
969,19.38,0.0,0.4000000059604645,-0.0019142627716064453,0.10831908136606216,0.17509841918945312,0.12382400780916214,0,2000,strong30k,4,80,42,0.0,0.4,walk
970,19.400000000000002,0.0,0.4000000059604645,-0.0034879446029663086,0.1238519474864006,0.19719302654266357,0.15364019572734833,0,2000,strong30k,4,80,42,0.0,0.4,walk
971,19.42,0.0,0.4000000059604645,-0.005141019821166992,0.1398557871580124,0.22054423391819,0.1979684829711914,0,2000,strong30k,4,80,42,0.0,0.4,walk
972,19.44,0.0,0.4000000059604645,-0.007037639617919922,0.1554057002067566,0.2464405745267868,0.2557242512702942,0,2000,strong30k,4,80,42,0.0,0.4,walk
973,19.46,0.0,0.4000000059604645,-0.008957862854003906,0.16775758564472198,0.27632665634155273,0.24826397001743317,0,2000,strong30k,4,80,42,0.0,0.4,walk
974,19.48,0.0,0.4000000059604645,-0.010282158851623535,0.18253964185714722,0.30733269453048706,0.1891292929649353,0,2000,strong30k,4,80,42,0.0,0.4,walk
975,19.5,0.0,0.4000000059604645,-0.010546445846557617,0.2024054378271103,0.3390355408191681,0.13012555241584778,0,2000,strong30k,4,80,42,0.0,0.4,walk
976,19.52,0.0,0.4000000059604645,-0.009321212768554688,0.2180289924144745,0.3753003478050232,0.015650004148483276,0,2000,strong30k,4,80,42,0.0,0.4,walk
977,19.54,0.0,0.4000000059604645,-0.006474733352661133,0.22445189952850342,0.4185705780982971,-0.11112526804208755,0,2000,strong30k,4,80,42,0.0,0.4,walk
978,19.56,0.0,0.4000000059604645,-0.0036379098892211914,0.22197020053863525,0.47072240710258484,-0.06937529146671295,0,2000,strong30k,4,80,42,0.0,0.4,walk
979,19.580000000000002,0.0,0.4000000059604645,-0.002602100372314453,0.21851451694965363,0.5198564529418945,0.11487597227096558,0,2000,strong30k,4,80,42,0.0,0.4,walk
980,19.6,0.0,0.4000000059604645,-0.0040051937103271484,0.18909962475299835,0.5153500437736511,0.6281691789627075,0,2000,strong30k,4,80,42,0.0,0.4,walk
981,19.62,0.0,0.4000000059604645,-0.00489497184753418,0.16748903691768646,0.4409882724285126,-0.2148212194442749,0,2000,strong30k,4,80,42,0.0,0.4,walk
982,19.64,0.0,0.4000000059604645,0.0005879402160644531,0.14154474437236786,0.37353697419166565,-0.5315840244293213,0,2000,strong30k,4,80,42,0.0,0.4,walk
983,19.66,0.0,0.4000000059604645,0.0071523189544677734,0.11906234174966812,0.3279583752155304,-0.37666526436805725,0,2000,strong30k,4,80,42,0.0,0.4,walk
984,19.68,0.0,0.4000000059604645,0.01076197624206543,0.09606809914112091,0.2983519732952118,0.014069827273488045,0,2000,strong30k,4,80,42,0.0,0.4,walk
985,19.7,0.0,0.4000000059604645,0.011222481727600098,0.08101584762334824,0.2663538455963135,0.22500385344028473,0,2000,strong30k,4,80,42,0.0,0.4,walk
986,19.72,0.0,0.4000000059604645,0.009824514389038086,0.07654251903295517,0.23812954127788544,0.3223017156124115,0,2000,strong30k,4,80,42,0.0,0.4,walk
987,19.740000000000002,0.0,0.4000000059604645,0.008453845977783203,0.0763661339879036,0.21188724040985107,0.19486965239048004,0,2000,strong30k,4,80,42,0.0,0.4,walk
988,19.76,0.0,0.4000000059604645,0.008443474769592285,0.07817874848842621,0.1889341175556183,0.01899767480790615,0,2000,strong30k,4,80,42,0.0,0.4,walk
989,19.78,0.0,0.4000000059604645,0.009667634963989258,0.0741557702422142,0.16893406212329865,-0.10050535202026367,0,2000,strong30k,4,80,42,0.0,0.4,walk
990,19.8,0.0,0.4000000059604645,0.011828303337097168,0.07183992862701416,0.15099583566188812,-0.19820193946361542,0,2000,strong30k,4,80,42,0.0,0.4,walk
991,19.82,0.0,0.4000000059604645,0.014327764511108398,0.07404599338769913,0.1361142247915268,-0.2355923056602478,0,2000,strong30k,4,80,42,0.0,0.4,walk
992,19.84,0.0,0.4000000059604645,0.0164487361907959,0.08225572854280472,0.12067044526338577,-0.17404159903526306,0,2000,strong30k,4,80,42,0.0,0.4,walk
993,19.86,0.0,0.4000000059604645,0.01799309253692627,0.09596922248601913,0.10309422761201859,-0.1670943796634674,0,2000,strong30k,4,80,42,0.0,0.4,walk
994,19.88,0.0,0.4000000059604645,0.01944279670715332,0.11060060560703278,0.08432585000991821,-0.1781766563653946,0,2000,strong30k,4,80,42,0.0,0.4,walk
995,19.900000000000002,0.0,0.4000000059604645,0.02044224739074707,0.1279931217432022,0.07016387581825256,-0.16049648821353912,0,2000,strong30k,4,80,42,0.0,0.4,walk
996,19.92,0.0,0.4000000059604645,0.0209425687789917,0.14677292108535767,0.057742588222026825,-0.15438106656074524,0,2000,strong30k,4,80,42,0.0,0.4,walk
997,19.94,0.0,0.4000000059604645,0.02070164680480957,0.16080242395401,0.0443904884159565,-0.11305341869592667,0,2000,strong30k,4,80,42,0.0,0.4,walk
998,19.96,0.0,0.4000000059604645,0.019684672355651855,0.17011737823486328,0.026608560234308243,-0.09181571751832962,0,2000,strong30k,4,80,42,0.0,0.4,walk
999,19.98,0.0,0.4000000059604645,1.1952351331710815,0.17018736898899078,0.0045054005458951,-0.11561506241559982,0,2000,strong30k,4,80,42,0.0,0.4,walk
1000,20.0,0.0,0.4000000059604645,1.1951929330825806,0.161322683095932,-0.018783746287226677,-0.19287846982479095,0,2000,strong30k,4,80,42,0.0,0.4,walk
1001,20.02,0.0,0.4000000059604645,1.1959935426712036,0.14734065532684326,-0.034581467509269714,-0.2181837409734726,0,2000,strong30k,4,80,42,0.0,0.4,walk
1002,20.04,0.0,0.4000000059604645,1.1968692541122437,0.13342995941638947,-0.04147135466337204,-0.2373550534248352,0,2000,strong30k,4,80,42,0.0,0.4,walk
1003,20.06,0.0,0.4000000059604645,1.1985241174697876,0.08854556083679199,-0.014358783140778542,-0.654631495475769,0,2000,strong30k,4,80,42,0.0,0.4,walk
1004,20.080000000000002,0.0,0.4000000059604645,1.1998454332351685,0.07258761674165726,0.022273825481534004,-0.09441063553094864,0,2000,strong30k,4,80,42,0.0,0.4,walk
1005,20.1,0.0,0.4000000059604645,1.198050618171692,0.05844374746084213,0.046873539686203,0.010051917284727097,0,2000,strong30k,4,80,42,0.0,0.4,walk
1006,20.12,0.0,0.4000000059604645,1.196714997291565,0.05482776090502739,0.06268512457609177,-0.10493703186511993,0,2000,strong30k,4,80,42,0.0,0.4,walk
1007,20.14,0.0,0.4000000059604645,1.196588397026062,0.05640829727053642,0.07800639420747757,-0.16072873771190643,0,2000,strong30k,4,80,42,0.0,0.4,walk
1008,20.16,0.0,0.4000000059604645,1.1962929964065552,0.06263437867164612,0.09416529536247253,-0.05728764832019806,0,2000,strong30k,4,80,42,0.0,0.4,walk
1009,20.18,0.0,0.4000000059604645,1.1948801279067993,0.07333911210298538,0.11120717972517014,0.12033067643642426,0,2000,strong30k,4,80,42,0.0,0.4,walk
1010,20.2,0.0,0.4000000059604645,1.1921306848526,0.0898192971944809,0.13028746843338013,0.2626646161079407,0,2000,strong30k,4,80,42,0.0,0.4,walk
1011,20.22,0.0,0.4000000059604645,1.1879435777664185,0.11466513574123383,0.14793983101844788,0.44742196798324585,0,2000,strong30k,4,80,42,0.0,0.4,walk
1012,20.240000000000002,0.0,0.4000000059604645,1.1828476190567017,0.13601526618003845,0.1665230095386505,0.5127161741256714,0,2000,strong30k,4,80,42,0.0,0.4,walk
1013,20.26,0.0,0.4000000059604645,1.1774235963821411,0.15909859538078308,0.18547500669956207,0.5916024446487427,0,2000,strong30k,4,80,42,0.0,0.4,walk
1014,20.28,0.0,0.4000000059604645,1.1710540056228638,0.17961463332176208,0.2108752429485321,0.7226595282554626,0,2000,strong30k,4,80,42,0.0,0.4,walk
1015,20.3,0.0,0.4000000059604645,1.1639834642410278,0.1947321742773056,0.23901863396167755,0.770576000213623,0,2000,strong30k,4,80,42,0.0,0.4,walk
1016,20.32,0.0,0.4000000059604645,1.1568914651870728,0.20711350440979004,0.27006933093070984,0.7541788220405579,0,2000,strong30k,4,80,42,0.0,0.4,walk
1017,20.34,0.0,0.4000000059604645,1.15029776096344,0.22895696759223938,0.2990823984146118,0.7543802261352539,0,2000,strong30k,4,80,42,0.0,0.4,walk
1018,20.36,0.0,0.4000000059604645,1.1445456743240356,0.24832160770893097,0.33011293411254883,0.7126615047454834,0,2000,strong30k,4,80,42,0.0,0.4,walk
1019,20.38,0.0,0.4000000059604645,1.1393615007400513,0.25858333706855774,0.36911821365356445,0.7011610865592957,0,2000,strong30k,4,80,42,0.0,0.4,walk
1020,20.400000000000002,0.0,0.4000000059604645,1.1336466073989868,0.26062968373298645,0.4156617522239685,0.7584244608879089,0,2000,strong30k,4,80,42,0.0,0.4,walk
1021,20.42,0.0,0.4000000059604645,1.1267181634902954,0.2570483982563019,0.46362707018852234,0.8036707639694214,0,2000,strong30k,4,80,42,0.0,0.4,walk
1022,20.44,0.0,0.4000000059604645,1.1200309991836548,0.257277250289917,0.5066511034965515,0.6493369340896606,0,2000,strong30k,4,80,42,0.0,0.4,walk
1023,20.46,0.0,0.4000000059604645,1.1149846315383911,0.2164769470691681,0.4552309811115265,0.4766025245189667,0,2000,strong30k,4,80,42,0.0,0.4,walk
1024,20.48,0.0,0.4000000059604645,1.1137992143630981,0.1800903081893921,0.38668328523635864,-0.0026715360581874847,0,2000,strong30k,4,80,42,0.0,0.4,walk
1025,20.5,0.0,0.4000000059604645,1.1151658296585083,0.15127812325954437,0.32171857357025146,0.03735310584306717,0,2000,strong30k,4,80,42,0.0,0.4,walk
1026,20.52,0.0,0.4000000059604645,1.1150261163711548,0.1329406201839447,0.27565187215805054,0.38642391562461853,0,2000,strong30k,4,80,42,0.0,0.4,walk
1027,20.54,0.0,0.4000000059604645,1.1108142137527466,0.1251417100429535,0.2471419721841812,0.8508012294769287,0,2000,strong30k,4,80,42,0.0,0.4,walk
1028,20.56,0.0,0.4000000059604645,1.103014588356018,0.11821280419826508,0.22173234820365906,1.0738921165466309,0,2000,strong30k,4,80,42,0.0,0.4,walk
1029,20.580000000000002,0.0,0.4000000059604645,1.094664216041565,0.11834858357906342,0.1898885816335678,0.9191743731498718,0,2000,strong30k,4,80,42,0.0,0.4,walk
1030,20.6,0.0,0.4000000059604645,1.0886508226394653,0.1260106861591339,0.16212184727191925,0.5489275455474854,0,2000,strong30k,4,80,42,0.0,0.4,walk
1031,20.62,0.0,0.4000000059604645,1.086213231086731,0.1218026876449585,0.1390746831893921,0.1833314299583435,0,2000,strong30k,4,80,42,0.0,0.4,walk
1032,20.64,0.0,0.4000000059604645,1.0863958597183228,0.11357132345438004,0.12163740396499634,-0.03579987585544586,0,2000,strong30k,4,80,42,0.0,0.4,walk
1033,20.66,0.0,0.4000000059604645,1.0870953798294067,0.10562977939844131,0.11021386086940765,-0.035440728068351746,0,2000,strong30k,4,80,42,0.0,0.4,walk
1034,20.68,0.0,0.4000000059604645,1.087276577949524,0.10321281850337982,0.09787138551473618,0.009850610047578812,0,2000,strong30k,4,80,42,0.0,0.4,walk
1035,20.7,0.0,0.4000000059604645,1.0870057344436646,0.11255429685115814,0.08246257156133652,0.03693022206425667,0,2000,strong30k,4,80,42,0.0,0.4,walk
1036,20.72,0.0,0.4000000059604645,1.0859533548355103,0.13508427143096924,0.0681396946310997,0.08519036322832108,0,2000,strong30k,4,80,42,0.0,0.4,walk
1037,20.740000000000002,0.0,0.4000000059604645,1.084797978401184,0.15807680785655975,0.05077506974339485,0.05473504215478897,0,2000,strong30k,4,80,42,0.0,0.4,walk
1038,20.76,0.0,0.4000000059604645,1.0833040475845337,0.18302704393863678,0.03572189435362816,0.0919247418642044,0,2000,strong30k,4,80,42,0.0,0.4,walk
1039,20.78,0.0,0.4000000059604645,1.0806752443313599,0.20330096781253815,0.020853810012340546,0.2053656429052353,0,2000,strong30k,4,80,42,0.0,0.4,walk
1040,20.8,0.0,0.4000000059604645,1.0762749910354614,0.21707427501678467,0.0041718073189258575,0.35325387120246887,0,2000,strong30k,4,80,42,0.0,0.4,walk
1041,20.82,0.0,0.4000000059604645,1.0702258348464966,0.22387155890464783,-0.015566252171993256,0.459349125623703,0,2000,strong30k,4,80,42,0.0,0.4,walk
1042,20.84,0.0,0.4000000059604645,1.0634676218032837,0.22174039483070374,-0.04071851447224617,0.5049972534179688,0,2000,strong30k,4,80,42,0.0,0.4,walk
1043,20.86,0.0,0.4000000059604645,1.0572339296340942,0.20624074339866638,-0.06564413756132126,0.4432785212993622,0,2000,strong30k,4,80,42,0.0,0.4,walk
1044,20.88,0.0,0.4000000059604645,1.0530697107315063,0.18561331927776337,-0.07754416018724442,0.13724204897880554,0,2000,strong30k,4,80,42,0.0,0.4,walk
1045,20.900000000000002,0.0,0.4000000059604645,1.053014874458313,0.15925391018390656,-0.08459252119064331,-0.33715367317199707,0,2000,strong30k,4,80,42,0.0,0.4,walk
1046,20.92,0.0,0.4000000059604645,1.0559278726577759,0.12061627209186554,-0.046350590884685516,-0.13030432164669037,0,2000,strong30k,4,80,42,0.0,0.4,walk
1047,20.94,0.0,0.4000000059604645,1.0513015985488892,0.11105399578809738,-0.0133059686049819,0.5270184278488159,0,2000,strong30k,4,80,42,0.0,0.4,walk
1048,20.96,0.0,0.4000000059604645,1.043315052986145,0.10416188836097717,0.003908685874193907,0.639303982257843,0,2000,strong30k,4,80,42,0.0,0.4,walk
1049,20.98,0.0,0.4000000059604645,1.0355302095413208,0.10301768779754639,0.018791185691952705,0.6059035658836365,0,2000,strong30k,4,80,42,0.0,0.4,walk
1050,21.0,0.0,0.4000000059604645,1.0278068780899048,0.1082797572016716,0.03736153990030289,0.6608299016952515,0,2000,strong30k,4,80,42,0.0,0.4,walk
1051,21.02,0.0,0.4000000059604645,1.0200930833816528,0.11782558262348175,0.05596669018268585,0.6569207906723022,0,2000,strong30k,4,80,42,0.0,0.4,walk
1052,21.04,0.0,0.4000000059604645,1.0129772424697876,0.1284058541059494,0.07633452862501144,0.6035078763961792,0,2000,strong30k,4,80,42,0.0,0.4,walk
1053,21.06,0.0,0.4000000059604645,1.0062466859817505,0.1488855630159378,0.09820391237735748,0.6037172675132751,0,2000,strong30k,4,80,42,0.0,0.4,walk
1054,21.080000000000002,0.0,0.4000000059604645,1.0001283884048462,0.17141345143318176,0.11947428435087204,0.5481651425361633,0,2000,strong30k,4,80,42,0.0,0.4,walk
1055,21.1,0.0,0.4000000059604645,0.9947181940078735,0.19367988407611847,0.1429731845855713,0.518147885799408,0,2000,strong30k,4,80,42,0.0,0.4,walk
1056,21.12,0.0,0.4000000059604645,0.9896227121353149,0.2171122282743454,0.16721874475479126,0.5353391766548157,0,2000,strong30k,4,80,42,0.0,0.4,walk
1057,21.14,0.0,0.4000000059604645,0.9845105409622192,0.23898832499980927,0.19438090920448303,0.5695067644119263,0,2000,strong30k,4,80,42,0.0,0.4,walk
1058,21.16,0.0,0.4000000059604645,0.9791690111160278,0.2543833553791046,0.2265802025794983,0.5879117846488953,0,2000,strong30k,4,80,42,0.0,0.4,walk
1059,21.18,0.0,0.4000000059604645,0.9742413759231567,0.2691846787929535,0.2571823000907898,0.555186927318573,0,2000,strong30k,4,80,42,0.0,0.4,walk
1060,21.2,0.0,0.4000000059604645,0.9698234796524048,0.28835856914520264,0.28786715865135193,0.5782345533370972,0,2000,strong30k,4,80,42,0.0,0.4,walk
1061,21.22,0.0,0.4000000059604645,0.9656368494033813,0.3038458228111267,0.32215654850006104,0.5854148268699646,0,2000,strong30k,4,80,42,0.0,0.4,walk
1062,21.240000000000002,0.0,0.4000000059604645,0.9611178636550903,0.31432464718818665,0.3617893159389496,0.6347011923789978,0,2000,strong30k,4,80,42,0.0,0.4,walk
1063,21.26,0.0,0.4000000059604645,0.9553109407424927,0.3197520673274994,0.40484240651130676,0.7258018255233765,0,2000,strong30k,4,80,42,0.0,0.4,walk
1064,21.28,0.0,0.4000000059604645,0.9487892389297485,0.3260587155818939,0.44383704662323,0.7024058103561401,0,2000,strong30k,4,80,42,0.0,0.4,walk
1065,21.3,0.0,0.4000000059604645,0.9430819749832153,0.3071625530719757,0.46001502871513367,0.6855080127716064,0,2000,strong30k,4,80,42,0.0,0.4,walk
1066,21.32,0.0,0.4000000059604645,0.9396311044692993,0.2684084177017212,0.3855421543121338,0.2015460729598999,0,2000,strong30k,4,80,42,0.0,0.4,walk
1067,21.34,0.0,0.4000000059604645,0.9405122995376587,0.22538639605045319,0.3204677700996399,-0.05286107584834099,0,2000,strong30k,4,80,42,0.0,0.4,walk
1068,21.36,0.0,0.4000000059604645,0.9420915842056274,0.1927119344472885,0.27010101079940796,0.16018736362457275,0,2000,strong30k,4,80,42,0.0,0.4,walk
1069,21.38,0.0,0.4000000059604645,0.9403315782546997,0.17794927954673767,0.24048887193202972,0.6042666435241699,0,2000,strong30k,4,80,42,0.0,0.4,walk
1070,21.400000000000002,0.0,0.4000000059604645,0.934517502784729,0.16919095814228058,0.21737466752529144,0.9456648230552673,0,2000,strong30k,4,80,42,0.0,0.4,walk
1071,21.42,0.0,0.4000000059604645,0.9265099763870239,0.16917738318443298,0.1921219676733017,0.9930248260498047,0,2000,strong30k,4,80,42,0.0,0.4,walk
1072,21.44,0.0,0.4000000059604645,0.9194475412368774,0.16658371686935425,0.17044398188591003,0.7172924280166626,0,2000,strong30k,4,80,42,0.0,0.4,walk
1073,21.46,0.0,0.4000000059604645,0.9158328771591187,0.17119328677654266,0.1491435319185257,0.25854939222335815,0,2000,strong30k,4,80,42,0.0,0.4,walk
1074,21.48,0.0,0.4000000059604645,0.9152017831802368,0.16645902395248413,0.13407306373119354,0.047174666076898575,0,2000,strong30k,4,80,42,0.0,0.4,walk
1075,21.5,0.0,0.4000000059604645,0.9162579774856567,0.1534901261329651,0.11945060640573502,-0.10259294509887695,0,2000,strong30k,4,80,42,0.0,0.4,walk
1076,21.52,0.0,0.4000000059604645,0.9172731637954712,0.1553933173418045,0.1111656054854393,-0.06779929995536804,0,2000,strong30k,4,80,42,0.0,0.4,walk
1077,21.54,0.0,0.4000000059604645,0.9182192087173462,0.15621669590473175,0.09498187154531479,-0.07407170534133911,0,2000,strong30k,4,80,42,0.0,0.4,walk
1078,21.56,0.0,0.4000000059604645,0.9178389310836792,0.177388995885849,0.08388904482126236,0.06000608950853348,0,2000,strong30k,4,80,42,0.0,0.4,walk
1079,21.580000000000002,0.0,0.4000000059604645,0.9171217679977417,0.19681094586849213,0.06472088396549225,0.049768928438425064,0,2000,strong30k,4,80,42,0.0,0.4,walk
1080,21.6,0.0,0.4000000059604645,0.9158498048782349,0.22172357141971588,0.05228082835674286,0.08101005852222443,0,2000,strong30k,4,80,42,0.0,0.4,walk
1081,21.62,0.0,0.4000000059604645,0.913913369178772,0.24525749683380127,0.03981400653719902,0.1236390694975853,0,2000,strong30k,4,80,42,0.0,0.4,walk
1082,21.64,0.0,0.4000000059604645,0.9109231233596802,0.2663550078868866,0.027573902159929276,0.20595578849315643,0,2000,strong30k,4,80,42,0.0,0.4,walk
1083,21.66,0.0,0.4000000059604645,0.9067274332046509,0.27982431650161743,0.012459659948945045,0.2851637303829193,0,2000,strong30k,4,80,42,0.0,0.4,walk
1084,21.68,0.0,0.4000000059604645,0.9017912149429321,0.28628936409950256,-0.007418828550726175,0.33193400502204895,0,2000,strong30k,4,80,42,0.0,0.4,walk
1085,21.7,0.0,0.4000000059604645,0.8965498208999634,0.282352477312088,-0.028931673616170883,0.38401997089385986,0,2000,strong30k,4,80,42,0.0,0.4,walk
1086,21.72,0.0,0.4000000059604645,0.8915315866470337,0.2667611539363861,-0.047240592539310455,0.3526998460292816,0,2000,strong30k,4,80,42,0.0,0.4,walk
1087,21.740000000000002,0.0,0.4000000059604645,0.8881312608718872,0.2498454600572586,-0.04805907979607582,0.03966492414474487,0,2000,strong30k,4,80,42,0.0,0.4,walk
1088,21.76,0.0,0.4000000059604645,0.887330174446106,0.23092758655548096,-0.0554516576230526,-0.03834209218621254,0,2000,strong30k,4,80,42,0.0,0.4,walk
1089,21.78,0.0,0.4000000059604645,0.8858567476272583,0.1843550205230713,0.0017087776213884354,0.33058205246925354,0,2000,strong30k,4,80,42,0.0,0.4,walk
1090,21.8,0.0,0.4000000059604645,0.8790847063064575,0.16824214160442352,0.025773247703909874,0.5514527559280396,0,2000,strong30k,4,80,42,0.0,0.4,walk
1091,21.82,0.0,0.4000000059604645,0.8723212480545044,0.1610933542251587,0.04038945958018303,0.4391208589076996,0,2000,strong30k,4,80,42,0.0,0.4,walk
1092,21.84,0.0,0.4000000059604645,0.8668199777603149,0.15692593157291412,0.05749540776014328,0.3790496587753296,0,2000,strong30k,4,80,42,0.0,0.4,walk
1093,21.86,0.0,0.4000000059604645,0.861674427986145,0.16060620546340942,0.076162189245224,0.40317776799201965,0,2000,strong30k,4,80,42,0.0,0.4,walk
1094,21.88,0.0,0.4000000059604645,0.8564788103103638,0.16859500110149384,0.0964822769165039,0.42913299798965454,0,2000,strong30k,4,80,42,0.0,0.4,walk
1095,21.900000000000002,0.0,0.4000000059604645,0.8516589403152466,0.17904473841190338,0.11697393655776978,0.38841956853866577,0,2000,strong30k,4,80,42,0.0,0.4,walk
1096,21.92,0.0,0.4000000059604645,0.8468142747879028,0.20315292477607727,0.1398296356201172,0.468809574842453,0,2000,strong30k,4,80,42,0.0,0.4,walk
1097,21.94,0.0,0.4000000059604645,0.8420346975326538,0.2247057855129242,0.1617106795310974,0.44060996174812317,0,2000,strong30k,4,80,42,0.0,0.4,walk
1098,21.96,0.0,0.4000000059604645,0.8375154733657837,0.2457251399755478,0.18546079099178314,0.48101407289505005,0,2000,strong30k,4,80,42,0.0,0.4,walk
1099,21.98,0.0,0.4000000059604645,0.8328951597213745,0.2659817039966583,0.21181142330169678,0.50205397605896,0,2000,strong30k,4,80,42,0.0,0.4,walk
1100,22.0,0.0,0.4000000059604645,0.8282700777053833,0.2850610017776489,0.2406071573495865,0.5337286591529846,0,2000,strong30k,4,80,42,0.0,0.4,walk
1101,22.02,0.0,0.4000000059604645,0.8234113454818726,0.3055088520050049,0.27246150374412537,0.5764049291610718,0,2000,strong30k,4,80,42,0.0,0.4,walk
1102,22.04,0.0,0.4000000059604645,0.8185640573501587,0.32244884967803955,0.3054157793521881,0.5947396159172058,0,2000,strong30k,4,80,42,0.0,0.4,walk
1103,22.06,0.0,0.4000000059604645,0.8143481016159058,0.34161001443862915,0.3390136659145355,0.5631157159805298,0,2000,strong30k,4,80,42,0.0,0.4,walk
1104,22.080000000000002,0.0,0.4000000059604645,0.8107768297195435,0.3526151776313782,0.3779509663581848,0.5214511156082153,0,2000,strong30k,4,80,42,0.0,0.4,walk
1105,22.1,0.0,0.4000000059604645,0.8067413568496704,0.3566676080226898,0.4229329228401184,0.567238450050354,0,2000,strong30k,4,80,42,0.0,0.4,walk
1106,22.12,0.0,0.4000000059604645,0.8015843629837036,0.36054641008377075,0.4670325219631195,0.6262295246124268,0,2000,strong30k,4,80,42,0.0,0.4,walk
1107,22.14,0.0,0.4000000059604645,0.796023964881897,0.3422534763813019,0.4997873902320862,0.7991418838500977,0,2000,strong30k,4,80,42,0.0,0.4,walk
1108,22.16,0.0,0.4000000059604645,0.7921653985977173,0.30504879355430603,0.4251845180988312,0.1470990777015686,0,2000,strong30k,4,80,42,0.0,0.4,walk
1109,22.18,0.0,0.4000000059604645,0.7937842607498169,0.2614361345767975,0.3554156422615051,-0.1943800300359726,0,2000,strong30k,4,80,42,0.0,0.4,walk
1110,22.2,0.0,0.4000000059604645,0.7967773675918579,0.22541581094264984,0.2999248802661896,-0.015790699049830437,0,2000,strong30k,4,80,42,0.0,0.4,walk
1111,22.22,0.0,0.4000000059604645,0.7966753244400024,0.2047446370124817,0.266413152217865,0.4397761821746826,0,2000,strong30k,4,80,42,0.0,0.4,walk
1112,22.240000000000002,0.0,0.4000000059604645,0.7918316125869751,0.19325676560401917,0.24122118949890137,0.8915634751319885,0,2000,strong30k,4,80,42,0.0,0.4,walk
1113,22.26,0.0,0.4000000059604645,0.7840029001235962,0.18840888142585754,0.21599309146404266,1.0069925785064697,0,2000,strong30k,4,80,42,0.0,0.4,walk
1114,22.28,0.0,0.4000000059604645,0.777037501335144,0.18120820820331573,0.19043102860450745,0.7010840177536011,0,2000,strong30k,4,80,42,0.0,0.4,walk
1115,22.3,0.0,0.4000000059604645,0.7736016511917114,0.1886153668165207,0.16812288761138916,0.24904784560203552,0,2000,strong30k,4,80,42,0.0,0.4,walk
1116,22.32,0.0,0.4000000059604645,0.7732073068618774,0.18586912751197815,0.15249867737293243,0.022947300225496292,0,2000,strong30k,4,80,42,0.0,0.4,walk
1117,22.34,0.0,0.4000000059604645,0.7749539613723755,0.17249499261379242,0.13664932548999786,-0.17857567965984344,0,2000,strong30k,4,80,42,0.0,0.4,walk
1118,22.36,0.0,0.4000000059604645,0.7766698598861694,0.16897740960121155,0.1273631453514099,-0.11880336701869965,0,2000,strong30k,4,80,42,0.0,0.4,walk
1119,22.38,0.0,0.4000000059604645,0.7780133485794067,0.16762730479240417,0.11114954948425293,-0.09453531354665756,0,2000,strong30k,4,80,42,0.0,0.4,walk
1120,22.400000000000002,0.0,0.4000000059604645,0.7779337167739868,0.1858377754688263,0.10112936794757843,0.027723822742700577,0,2000,strong30k,4,80,42,0.0,0.4,walk
1121,22.42,0.0,0.4000000059604645,0.7776724100112915,0.2056480050086975,0.08224675059318542,-0.0020487995352596045,0,2000,strong30k,4,80,42,0.0,0.4,walk
1122,22.44,0.0,0.4000000059604645,0.7772079706192017,0.22810474038124084,0.06870422512292862,0.007701421622186899,0,2000,strong30k,4,80,42,0.0,0.4,walk
1123,22.46,0.0,0.4000000059604645,0.7761980295181274,0.2530062794685364,0.05755704268813133,0.03406450152397156,0,2000,strong30k,4,80,42,0.0,0.4,walk
1124,22.48,0.0,0.4000000059604645,0.7743011713027954,0.2763349711894989,0.04648222401738167,0.105706125497818,0,2000,strong30k,4,80,42,0.0,0.4,walk
1125,22.5,0.0,0.4000000059604645,0.7711416482925415,0.2938530147075653,0.033230122178792953,0.1970234364271164,0,2000,strong30k,4,80,42,0.0,0.4,walk
1126,22.52,0.0,0.4000000059604645,0.7671042680740356,0.30438610911369324,0.014686934649944305,0.24356411397457123,0,2000,strong30k,4,80,42,0.0,0.4,walk
1127,22.54,0.0,0.4000000059604645,0.7626339197158813,0.30658528208732605,-0.006773724220693111,0.29395461082458496,0,2000,strong30k,4,80,42,0.0,0.4,walk
1128,22.56,0.0,0.4000000059604645,0.7583633661270142,0.29572921991348267,-0.02668904699385166,0.30177992582321167,0,2000,strong30k,4,80,42,0.0,0.4,walk
1129,22.580000000000002,0.0,0.4000000059604645,0.7544463872909546,0.28241389989852905,-0.03481319919228554,0.20142441987991333,0,2000,strong30k,4,80,42,0.0,0.4,walk
1130,22.6,0.0,0.4000000059604645,0.7528005838394165,0.26127889752388,-0.03404562175273895,-0.14659464359283447,0,2000,strong30k,4,80,42,0.0,0.4,walk
1131,22.62,0.0,0.4000000059604645,0.7544773817062378,0.20467562973499298,-0.002290888223797083,-0.22354747354984283,0,2000,strong30k,4,80,42,0.0,0.4,walk
1132,22.64,0.0,0.4000000059604645,0.7505136728286743,0.18962353467941284,0.03126721456646919,0.42722129821777344,0,2000,strong30k,4,80,42,0.0,0.4,walk
1133,22.66,0.0,0.4000000059604645,0.7438355684280396,0.1762879192829132,0.047926198691129684,0.47802215814590454,0,2000,strong30k,4,80,42,0.0,0.4,walk
1134,22.68,0.0,0.4000000059604645,0.7379242181777954,0.16877378523349762,0.06170567870140076,0.3788546323776245,0,2000,strong30k,4,80,42,0.0,0.4,walk
1135,22.7,0.0,0.4000000059604645,0.732697606086731,0.16835694015026093,0.07761536538600922,0.3863474726676941,0,2000,strong30k,4,80,42,0.0,0.4,walk
1136,22.72,0.0,0.4000000059604645,0.7275382280349731,0.1767086386680603,0.0940689817070961,0.413076788187027,0,2000,strong30k,4,80,42,0.0,0.4,walk
1137,22.740000000000002,0.0,0.4000000059604645,0.7227784395217896,0.182718425989151,0.11386579275131226,0.3785826563835144,0,2000,strong30k,4,80,42,0.0,0.4,walk
1138,22.76,0.0,0.4000000059604645,0.7179440259933472,0.198251873254776,0.13673672080039978,0.4344666600227356,0,2000,strong30k,4,80,42,0.0,0.4,walk
1139,22.78,0.0,0.4000000059604645,0.7133139371871948,0.21829921007156372,0.15770632028579712,0.4185766577720642,0,2000,strong30k,4,80,42,0.0,0.4,walk
1140,22.8,0.0,0.4000000059604645,0.7094134092330933,0.2357460856437683,0.18181641399860382,0.35624393820762634,0,2000,strong30k,4,80,42,0.0,0.4,walk
1141,22.82,0.0,0.4000000059604645,0.7055944204330444,0.25775814056396484,0.2078559696674347,0.4327187240123749,0,2000,strong30k,4,80,42,0.0,0.4,walk
1142,22.84,0.0,0.4000000059604645,0.7014662027359009,0.2759208083152771,0.23525631427764893,0.4771515130996704,0,2000,strong30k,4,80,42,0.0,0.4,walk
1143,22.86,0.0,0.4000000059604645,0.6969500780105591,0.2911669611930847,0.2667204439640045,0.5390975475311279,0,2000,strong30k,4,80,42,0.0,0.4,walk
1144,22.88,0.0,0.4000000059604645,0.6926227807998657,0.3033888638019562,0.29938262701034546,0.48690611124038696,0,2000,strong30k,4,80,42,0.0,0.4,walk
1145,22.900000000000002,0.0,0.4000000059604645,0.6893123388290405,0.3208770751953125,0.3306557238101959,0.44477373361587524,0,2000,strong30k,4,80,42,0.0,0.4,walk
1146,22.92,0.0,0.4000000059604645,0.6870230436325073,0.3356301188468933,0.36663728952407837,0.389899879693985,0,2000,strong30k,4,80,42,0.0,0.4,walk
1147,22.94,0.0,0.4000000059604645,0.6848686933517456,0.34268614649772644,0.41014617681503296,0.4096606373786926,0,2000,strong30k,4,80,42,0.0,0.4,walk
1148,22.96,0.0,0.4000000059604645,0.6812962293624878,0.344967246055603,0.4582630395889282,0.5303013324737549,0,2000,strong30k,4,80,42,0.0,0.4,walk
1149,22.98,0.0,0.4000000059604645,0.6763249635696411,0.3499539792537689,0.5022875070571899,0.5909424424171448,0,2000,strong30k,4,80,42,0.0,0.4,walk
1150,23.0,0.0,0.4000000059604645,0.6707631349563599,0.32536643743515015,0.4988308548927307,0.4891710579395294,0,2000,strong30k,4,80,42,0.0,0.4,walk
1151,23.02,0.0,0.4000000059604645,0.668974757194519,0.27775272727012634,0.4145890772342682,-0.04895338416099548,0,2000,strong30k,4,80,42,0.0,0.4,walk
1152,23.04,0.0,0.4000000059604645,0.6718751192092896,0.23479631543159485,0.3462110757827759,-0.20887614786624908,0,2000,strong30k,4,80,42,0.0,0.4,walk
1153,23.06,0.0,0.4000000059604645,0.6744986772537231,0.20208539068698883,0.29745084047317505,0.08731589466333389,0,2000,strong30k,4,80,42,0.0,0.4,walk
1154,23.080000000000002,0.0,0.4000000059604645,0.6732317209243774,0.18479551374912262,0.2724045217037201,0.5313974618911743,0,2000,strong30k,4,80,42,0.0,0.4,walk
1155,23.1,0.0,0.4000000059604645,0.6681307554244995,0.17182709276676178,0.2457723319530487,0.8349958658218384,0,2000,strong30k,4,80,42,0.0,0.4,walk
1156,23.12,0.0,0.4000000059604645,0.6615811586380005,0.1677922010421753,0.21835315227508545,0.7888807058334351,0,2000,strong30k,4,80,42,0.0,0.4,walk
1157,23.14,0.0,0.4000000059604645,0.6567314863204956,0.162912517786026,0.1954842358827591,0.47372275590896606,0,2000,strong30k,4,80,42,0.0,0.4,walk
1158,23.16,0.0,0.4000000059604645,0.6550999879837036,0.1637769490480423,0.1753983199596405,0.08857491612434387,0,2000,strong30k,4,80,42,0.0,0.4,walk
1159,23.18,0.0,0.4000000059604645,0.6558307409286499,0.15841266512870789,0.1600908637046814,-0.06899596750736237,0,2000,strong30k,4,80,42,0.0,0.4,walk
1160,23.2,0.0,0.4000000059604645,0.6576768159866333,0.14536571502685547,0.14541013538837433,-0.15879657864570618,0,2000,strong30k,4,80,42,0.0,0.4,walk
1161,23.22,0.0,0.4000000059604645,0.6589964628219604,0.13701415061950684,0.13656628131866455,-0.07391245663166046,0,2000,strong30k,4,80,42,0.0,0.4,walk
1162,23.240000000000002,0.0,0.4000000059604645,0.6602064371109009,0.1426529884338379,0.12040538340806961,-0.12379029393196106,0,2000,strong30k,4,80,42,0.0,0.4,walk
1163,23.26,0.0,0.4000000059604645,0.6599684953689575,0.1620127409696579,0.10949913412332535,0.06575824320316315,0,2000,strong30k,4,80,42,0.0,0.4,walk
1164,23.28,0.0,0.4000000059604645,0.659591794013977,0.17842994630336761,0.09081876277923584,-0.02162078022956848,0,2000,strong30k,4,80,42,0.0,0.4,walk
1165,23.3,0.0,0.4000000059604645,0.6589735746383667,0.20194905996322632,0.07940566539764404,0.010836532339453697,0,2000,strong30k,4,80,42,0.0,0.4,walk
1166,23.32,0.0,0.4000000059604645,0.6581321954727173,0.2214055359363556,0.06686253845691681,-0.006609163247048855,0,2000,strong30k,4,80,42,0.0,0.4,walk
1167,23.34,0.0,0.4000000059604645,0.6562505960464478,0.23974423110485077,0.05709358677268028,0.0970565527677536,0,2000,strong30k,4,80,42,0.0,0.4,walk
1168,23.36,0.0,0.4000000059604645,0.6532307863235474,0.2482946515083313,0.043122049421072006,0.17625774443149567,0,2000,strong30k,4,80,42,0.0,0.4,walk
1169,23.38,0.0,0.4000000059604645,0.6492322683334351,0.2518189549446106,0.024985268712043762,0.23262141644954681,0,2000,strong30k,4,80,42,0.0,0.4,walk
1170,23.400000000000002,0.0,0.4000000059604645,0.645100474357605,0.2458076775074005,0.005571275018155575,0.25534504652023315,0,2000,strong30k,4,80,42,0.0,0.4,walk
1171,23.42,0.0,0.4000000059604645,0.6414433717727661,0.22876060009002686,-0.009865228086709976,0.21607255935668945,0,2000,strong30k,4,80,42,0.0,0.4,walk
1172,23.44,0.0,0.4000000059604645,0.6387473344802856,0.21098600327968597,-0.0073204380460083485,0.020914148539304733,0,2000,strong30k,4,80,42,0.0,0.4,walk
1173,23.46,0.0,0.4000000059604645,0.6388188600540161,0.18866342306137085,-0.013318691402673721,-0.2464975267648697,0,2000,strong30k,4,80,42,0.0,0.4,walk
1174,23.48,0.0,0.4000000059604645,0.6396428346633911,0.14540766179561615,0.0371285006403923,0.07823877781629562,0,2000,strong30k,4,80,42,0.0,0.4,walk
1175,23.5,0.0,0.4000000059604645,0.6349478960037231,0.13128015398979187,0.05920758843421936,0.3747851252555847,0,2000,strong30k,4,80,42,0.0,0.4,walk
1176,23.52,0.0,0.4000000059604645,0.6295539140701294,0.12646996974945068,0.07236073166131973,0.3280237317085266,0,2000,strong30k,4,80,42,0.0,0.4,walk
1177,23.54,0.0,0.4000000059604645,0.6248379945755005,0.12490709871053696,0.08716020733118057,0.30763745307922363,0,2000,strong30k,4,80,42,0.0,0.4,walk
1178,23.56,0.0,0.4000000059604645,0.6201530694961548,0.13272351026535034,0.10322263091802597,0.3631232976913452,0,2000,strong30k,4,80,42,0.0,0.4,walk
1179,23.580000000000002,0.0,0.4000000059604645,0.6153632402420044,0.14289699494838715,0.12030066549777985,0.38676002621650696,0,2000,strong30k,4,80,42,0.0,0.4,walk
1180,23.6,0.0,0.4000000059604645,0.6109930276870728,0.1545594334602356,0.1392541527748108,0.34210649132728577,0,2000,strong30k,4,80,42,0.0,0.4,walk
1181,23.62,0.0,0.4000000059604645,0.6067081689834595,0.1781284660100937,0.16109077632427216,0.40337836742401123,0,2000,strong30k,4,80,42,0.0,0.4,walk
1182,23.64,0.0,0.4000000059604645,0.6026378870010376,0.1998520791530609,0.18289752304553986,0.3646659255027771,0,2000,strong30k,4,80,42,0.0,0.4,walk
1183,23.66,0.0,0.4000000059604645,0.5988970994949341,0.2206849604845047,0.20679017901420593,0.396745502948761,0,2000,strong30k,4,80,42,0.0,0.4,walk
1184,23.68,0.0,0.4000000059604645,0.5950809717178345,0.24156451225280762,0.23286840319633484,0.4256831109523773,0,2000,strong30k,4,80,42,0.0,0.4,walk
1185,23.7,0.0,0.4000000059604645,0.591206431388855,0.26164233684539795,0.26131075620651245,0.46200481057167053,0,2000,strong30k,4,80,42,0.0,0.4,walk
1186,23.72,0.0,0.4000000059604645,0.5871955156326294,0.28156518936157227,0.2936526834964752,0.48291850090026855,0,2000,strong30k,4,80,42,0.0,0.4,walk
1187,23.740000000000002,0.0,0.4000000059604645,0.5834871530532837,0.2981928884983063,0.3271232843399048,0.46619272232055664,0,2000,strong30k,4,80,42,0.0,0.4,walk
1188,23.76,0.0,0.4000000059604645,0.5807541608810425,0.31653085350990295,0.3618553578853607,0.40482139587402344,0,2000,strong30k,4,80,42,0.0,0.4,walk
1189,23.78,0.0,0.4000000059604645,0.5791150331497192,0.3270936608314514,0.40198707580566406,0.327753484249115,0,2000,strong30k,4,80,42,0.0,0.4,walk
1190,23.8,0.0,0.4000000059604645,0.5772820711135864,0.33046069741249084,0.44933798909187317,0.3688715100288391,0,2000,strong30k,4,80,42,0.0,0.4,walk
1191,23.82,0.0,0.4000000059604645,0.5740553140640259,0.3327043354511261,0.49745896458625793,0.47629454731941223,0,2000,strong30k,4,80,42,0.0,0.4,walk
1192,23.84,0.0,0.4000000059604645,0.5697759389877319,0.3323192596435547,0.5343303084373474,0.5931481122970581,0,2000,strong30k,4,80,42,0.0,0.4,walk
1193,23.86,0.0,0.4000000059604645,0.5652700662612915,0.28709694743156433,0.4642498195171356,0.2383131980895996,0,2000,strong30k,4,80,42,0.0,0.4,walk
1194,23.88,0.0,0.4000000059604645,0.5664588212966919,0.24862545728683472,0.39194026589393616,-0.202037051320076,0,2000,strong30k,4,80,42,0.0,0.4,walk
1195,23.900000000000002,0.0,0.4000000059604645,0.5699969530105591,0.2151779681444168,0.33306410908699036,-0.11198127269744873,0,2000,strong30k,4,80,42,0.0,0.4,walk
1196,23.92,0.0,0.4000000059604645,0.5710598230361938,0.1938788890838623,0.2980986535549164,0.30043983459472656,0,2000,strong30k,4,80,42,0.0,0.4,walk
1197,23.94,0.0,0.4000000059604645,0.5677934885025024,0.18213535845279694,0.27248847484588623,0.7078692317008972,0,2000,strong30k,4,80,42,0.0,0.4,walk
1198,23.96,0.0,0.4000000059604645,0.5621160268783569,0.175667405128479,0.24519173800945282,0.7720361351966858,0,2000,strong30k,4,80,42,0.0,0.4,walk
1199,23.98,0.0,0.4000000059604645,0.5571681261062622,0.16580356657505035,0.21906112134456635,0.5464882850646973,0,2000,strong30k,4,80,42,0.0,0.4,walk
1200,24.0,0.0,0.4000000059604645,0.554855465888977,0.17000968754291534,0.19706812500953674,0.17270509898662567,0,2000,strong30k,4,80,42,0.0,0.4,walk
1201,24.02,0.0,0.4000000059604645,0.5550142526626587,0.16570734977722168,0.17860616743564606,-0.014155501499772072,0,2000,strong30k,4,80,42,0.0,0.4,walk
1202,24.04,0.0,0.4000000059604645,0.5569993257522583,0.15468117594718933,0.15924492478370667,-0.18886202573776245,0,2000,strong30k,4,80,42,0.0,0.4,walk
1203,24.060000000000002,0.0,0.4000000059604645,0.5592125654220581,0.15241269767284393,0.14818166196346283,-0.17637185752391815,0,2000,strong30k,4,80,42,0.0,0.4,walk
1204,24.080000000000002,0.0,0.4000000059604645,0.5610777139663696,0.15083646774291992,0.13240009546279907,-0.13763976097106934,0,2000,strong30k,4,80,42,0.0,0.4,walk
1205,24.1,0.0,0.4000000059604645,0.5615516901016235,0.1650049090385437,0.12036111205816269,-0.006304173730313778,0,2000,strong30k,4,80,42,0.0,0.4,walk
1206,24.12,0.0,0.4000000059604645,0.5614043474197388,0.1851300597190857,0.10358846932649612,-0.005092356353998184,0,2000,strong30k,4,80,42,0.0,0.4,walk
1207,24.14,0.0,0.4000000059604645,0.5610638856887817,0.20563985407352448,0.08954174816608429,-0.01741868443787098,0,2000,strong30k,4,80,42,0.0,0.4,walk
1208,24.16,0.0,0.4000000059604645,0.5604110956192017,0.22909405827522278,0.07947980612516403,-0.011462892405688763,0,2000,strong30k,4,80,42,0.0,0.4,walk
1209,24.18,0.0,0.4000000059604645,0.5591384172439575,0.2515870928764343,0.06860257685184479,0.028158467262983322,0,2000,strong30k,4,80,42,0.0,0.4,walk
1210,24.2,0.0,0.4000000059604645,0.5568994283676147,0.2677500247955322,0.05609798803925514,0.09604950249195099,0,2000,strong30k,4,80,42,0.0,0.4,walk
1211,24.22,0.0,0.4000000059604645,0.5538808107376099,0.27822718024253845,0.03945033252239227,0.13504651188850403,0,2000,strong30k,4,80,42,0.0,0.4,walk
1212,24.240000000000002,0.0,0.4000000059604645,0.5505334138870239,0.28001078963279724,0.019145213067531586,0.1741529405117035,0,2000,strong30k,4,80,42,0.0,0.4,walk
1213,24.26,0.0,0.4000000059604645,0.5475136041641235,0.270072877407074,0.00045562791638076305,0.16434866189956665,0,2000,strong30k,4,80,42,0.0,0.4,walk
1214,24.28,0.0,0.4000000059604645,0.5447484254837036,0.2564942538738251,-0.008575571700930595,0.11990509927272797,0,2000,strong30k,4,80,42,0.0,0.4,walk
1215,24.3,0.0,0.4000000059604645,0.5436745882034302,0.2382223904132843,-0.006917140446603298,-0.1937134712934494,0,2000,strong30k,4,80,42,0.0,0.4,walk
1216,24.32,0.0,0.4000000059604645,0.5456396341323853,0.17871566116809845,0.024423573166131973,-0.44402483105659485,0,2000,strong30k,4,80,42,0.0,0.4,walk
1217,24.34,0.0,0.4000000059604645,0.5433062314987183,0.16551068425178528,0.055445197969675064,0.27561700344085693,0,2000,strong30k,4,80,42,0.0,0.4,walk
1218,24.36,0.0,0.4000000059604645,0.5379096269607544,0.15306946635246277,0.07296974956989288,0.3491617739200592,0,2000,strong30k,4,80,42,0.0,0.4,walk
1219,24.38,0.0,0.4000000059604645,0.5331403017044067,0.14809654653072357,0.08682698756456375,0.25825726985931396,0,2000,strong30k,4,80,42,0.0,0.4,walk
1220,24.400000000000002,0.0,0.4000000059604645,0.5290676355361938,0.14859510958194733,0.10186248272657394,0.2627220153808594,0,2000,strong30k,4,80,42,0.0,0.4,walk
1221,24.42,0.0,0.4000000059604645,0.5250765085220337,0.15449276566505432,0.11733449250459671,0.2917789816856384,0,2000,strong30k,4,80,42,0.0,0.4,walk
1222,24.44,0.0,0.4000000059604645,0.5212196111679077,0.16076889634132385,0.13668209314346313,0.31149208545684814,0,2000,strong30k,4,80,42,0.0,0.4,walk
1223,24.46,0.0,0.4000000059604645,0.5171900987625122,0.17341819405555725,0.15983246266841888,0.33937448263168335,0,2000,strong30k,4,80,42,0.0,0.4,walk
1224,24.48,0.0,0.4000000059604645,0.5131837129592896,0.194627046585083,0.18150892853736877,0.37175750732421875,0,2000,strong30k,4,80,42,0.0,0.4,walk
1225,24.5,0.0,0.4000000059604645,0.5097051858901978,0.2107158899307251,0.20554564893245697,0.2975117564201355,0,2000,strong30k,4,80,42,0.0,0.4,walk
1226,24.52,0.0,0.4000000059604645,0.50672447681427,0.23329764604568481,0.22987999022006989,0.33775776624679565,0,2000,strong30k,4,80,42,0.0,0.4,walk
1227,24.54,0.0,0.4000000059604645,0.503484845161438,0.2505417466163635,0.2579370439052582,0.38709619641304016,0,2000,strong30k,4,80,42,0.0,0.4,walk
1228,24.560000000000002,0.0,0.4000000059604645,0.5001975297927856,0.26482394337654114,0.288809597492218,0.40133604407310486,0,2000,strong30k,4,80,42,0.0,0.4,walk
1229,24.580000000000002,0.0,0.4000000059604645,0.49719321727752686,0.2774903178215027,0.3223557770252228,0.36114639043807983,0,2000,strong30k,4,80,42,0.0,0.4,walk
1230,24.6,0.0,0.4000000059604645,0.49490511417388916,0.2971905469894409,0.3544442355632782,0.3568929433822632,0,2000,strong30k,4,80,42,0.0,0.4,walk
1231,24.62,0.0,0.4000000059604645,0.49372971057891846,0.3126349449157715,0.3904966413974762,0.2770928740501404,0,2000,strong30k,4,80,42,0.0,0.4,walk
1232,24.64,0.0,0.4000000059604645,0.4930840730667114,0.3187672793865204,0.4355451166629791,0.26770326495170593,0,2000,strong30k,4,80,42,0.0,0.4,walk
1233,24.66,0.0,0.4000000059604645,0.4910534620285034,0.31831586360931396,0.487274706363678,0.39787405729293823,0,2000,strong30k,4,80,42,0.0,0.4,walk
1234,24.68,0.0,0.4000000059604645,0.48731815814971924,0.3206325173377991,0.5349222421646118,0.5012004375457764,0,2000,strong30k,4,80,42,0.0,0.4,walk
1235,24.7,0.0,0.4000000059604645,0.4823046922683716,0.289987176656723,0.5226741433143616,0.536194920539856,0,2000,strong30k,4,80,42,0.0,0.4,walk
1236,24.72,0.0,0.4000000059604645,0.48085129261016846,0.2496371567249298,0.4398898482322693,-0.10988432168960571,0,2000,strong30k,4,80,42,0.0,0.4,walk
1237,24.740000000000002,0.0,0.4000000059604645,0.48446762561798096,0.21058930456638336,0.36983731389045715,-0.2893366515636444,0,2000,strong30k,4,80,42,0.0,0.4,walk
1238,24.76,0.0,0.4000000059604645,0.48797643184661865,0.18063056468963623,0.32187774777412415,-0.015408815816044807,0,2000,strong30k,4,80,42,0.0,0.4,walk
1239,24.78,0.0,0.4000000059604645,0.4877568483352661,0.16243921220302582,0.2939383089542389,0.42655056715011597,0,2000,strong30k,4,80,42,0.0,0.4,walk
1240,24.8,0.0,0.4000000059604645,0.4838982820510864,0.1471271514892578,0.2685454487800598,0.6876929998397827,0,2000,strong30k,4,80,42,0.0,0.4,walk
1241,24.82,0.0,0.4000000059604645,0.4786773920059204,0.1409519612789154,0.23954087495803833,0.6539410352706909,0,2000,strong30k,4,80,42,0.0,0.4,walk
1242,24.84,0.0,0.4000000059604645,0.4749637842178345,0.13679935038089752,0.2147098034620285,0.37109827995300293,0,2000,strong30k,4,80,42,0.0,0.4,walk
1243,24.86,0.0,0.4000000059604645,0.4740678071975708,0.13590535521507263,0.19397681951522827,0.039354026317596436,0,2000,strong30k,4,80,42,0.0,0.4,walk
1244,24.88,0.0,0.4000000059604645,0.47543346881866455,0.12755008041858673,0.17779283225536346,-0.1333829015493393,0,2000,strong30k,4,80,42,0.0,0.4,walk
1245,24.900000000000002,0.0,0.4000000059604645,0.4778085947036743,0.11689787358045578,0.16330711543560028,-0.2148260623216629,0,2000,strong30k,4,80,42,0.0,0.4,walk
1246,24.92,0.0,0.4000000059604645,0.4798327684402466,0.11404568701982498,0.1511905938386917,-0.1558837592601776,0,2000,strong30k,4,80,42,0.0,0.4,walk
1247,24.94,0.0,0.4000000059604645,0.48138296604156494,0.11564449965953827,0.13363413512706757,-0.11845129728317261,0,2000,strong30k,4,80,42,0.0,0.4,walk
1248,24.96,0.0,0.4000000059604645,0.4817692041397095,0.13253925740718842,0.12112318724393845,-0.028321698307991028,0,2000,strong30k,4,80,42,0.0,0.4,walk
1249,24.98,0.0,0.4000000059604645,0.4819077253341675,0.14766906201839447,0.10340794175863266,-0.05091000348329544,0,2000,strong30k,4,80,42,0.0,0.4,walk
1250,25.0,0.0,0.4000000059604645,0.48180973529815674,0.1668216437101364,0.09231194108724594,-0.04781455546617508,0,2000,strong30k,4,80,42,0.0,0.4,walk
1251,25.02,0.0,0.4000000059604645,0.48119938373565674,0.1864739954471588,0.08274094015359879,-0.02114007994532585,0,2000,strong30k,4,80,42,0.0,0.4,walk
1252,25.04,0.0,0.4000000059604645,0.479648232460022,0.2021411955356598,0.07228919863700867,0.046588681638240814,0,2000,strong30k,4,80,42,0.0,0.4,walk
1253,25.060000000000002,0.0,0.4000000059604645,0.47709977626800537,0.2103058397769928,0.05828746780753136,0.10766869783401489,0,2000,strong30k,4,80,42,0.0,0.4,walk
1254,25.080000000000002,0.0,0.4000000059604645,0.4738880395889282,0.2119215577840805,0.041591890156269073,0.13816829025745392,0,2000,strong30k,4,80,42,0.0,0.4,walk
1255,25.1,0.0,0.4000000059604645,0.4708763360977173,0.20332887768745422,0.02164619229733944,0.13387587666511536,0,2000,strong30k,4,80,42,0.0,0.4,walk
1256,25.12,0.0,0.4000000059604645,0.4682201147079468,0.185870960354805,0.007539703510701656,0.12628020346164703,0,2000,strong30k,4,80,42,0.0,0.4,walk
1257,25.14,0.0,0.4000000059604645,0.4660853147506714,0.16858768463134766,0.007636282127350569,-0.005269259214401245,0,2000,strong30k,4,80,42,0.0,0.4,walk
1258,25.16,0.0,0.4000000059604645,0.4664372205734253,0.14551806449890137,0.007818925194442272,-0.36467471718788147,0,2000,strong30k,4,80,42,0.0,0.4,walk
1259,25.18,0.0,0.4000000059604645,0.4689542055130005,0.10431220382452011,0.05234801024198532,-0.11185839027166367,0,2000,strong30k,4,80,42,0.0,0.4,walk
1260,25.2,0.0,0.4000000059604645,0.46580231189727783,0.09062658250331879,0.07497955858707428,0.2534952461719513,0,2000,strong30k,4,80,42,0.0,0.4,walk
1261,25.22,0.0,0.4000000059604645,0.4611459970474243,0.08654261380434036,0.08794478327035904,0.27410030364990234,0,2000,strong30k,4,80,42,0.0,0.4,walk
1262,25.240000000000002,0.0,0.4000000059604645,0.4568668603897095,0.08760076016187668,0.10126140713691711,0.2651011049747467,0,2000,strong30k,4,80,42,0.0,0.4,walk
1263,25.26,0.0,0.4000000059604645,0.45245659351348877,0.0957556813955307,0.11545708030462265,0.3297734260559082,0,2000,strong30k,4,80,42,0.0,0.4,walk
1264,25.28,0.0,0.4000000059604645,0.4480172395706177,0.10758092254400253,0.1294461190700531,0.3412947952747345,0,2000,strong30k,4,80,42,0.0,0.4,walk
1265,25.3,0.0,0.4000000059604645,0.44419538974761963,0.11989796161651611,0.14631564915180206,0.27735522389411926,0,2000,strong30k,4,80,42,0.0,0.4,walk
1266,25.32,0.0,0.4000000059604645,0.44061028957366943,0.14268462359905243,0.1666809618473053,0.3251681923866272,0,2000,strong30k,4,80,42,0.0,0.4,walk
1267,25.34,0.0,0.4000000059604645,0.4373070001602173,0.16280527412891388,0.1874772310256958,0.2874723970890045,0,2000,strong30k,4,80,42,0.0,0.4,walk
1268,25.36,0.0,0.4000000059604645,0.43438494205474854,0.18252494931221008,0.21065402030944824,0.31147342920303345,0,2000,strong30k,4,80,42,0.0,0.4,walk
1269,25.38,0.0,0.4000000059604645,0.4313236474990845,0.20144039392471313,0.2366020679473877,0.3539002537727356,0,2000,strong30k,4,80,42,0.0,0.4,walk
1270,25.400000000000002,0.0,0.4000000059604645,0.4281184673309326,0.2198483794927597,0.2649611234664917,0.39849913120269775,0,2000,strong30k,4,80,42,0.0,0.4,walk
1271,25.42,0.0,0.4000000059604645,0.42475271224975586,0.23778314888477325,0.29707810282707214,0.41820991039276123,0,2000,strong30k,4,80,42,0.0,0.4,walk
1272,25.44,0.0,0.4000000059604645,0.42176878452301025,0.25277718901634216,0.3308541774749756,0.38436898589134216,0,2000,strong30k,4,80,42,0.0,0.4,walk
1273,25.46,0.0,0.4000000059604645,0.41986072063446045,0.2696268856525421,0.36638885736465454,0.31704533100128174,0,2000,strong30k,4,80,42,0.0,0.4,walk
1274,25.48,0.0,0.4000000059604645,0.41928398609161377,0.27950069308280945,0.4074762761592865,0.21114033460617065,0,2000,strong30k,4,80,42,0.0,0.4,walk
1275,25.5,0.0,0.4000000059604645,0.41896021366119385,0.2823649048805237,0.4563424587249756,0.22217099368572235,0,2000,strong30k,4,80,42,0.0,0.4,walk
1276,25.52,0.0,0.4000000059604645,0.4172617197036743,0.28228560090065,0.5079529881477356,0.34816229343414307,0,2000,strong30k,4,80,42,0.0,0.4,walk
1277,25.54,0.0,0.4000000059604645,0.41403210163116455,0.28671836853027344,0.5514990091323853,0.44878411293029785,0,2000,strong30k,4,80,42,0.0,0.4,walk
1278,25.560000000000002,0.0,0.4000000059604645,0.4095592498779297,0.24401114881038666,0.49112632870674133,0.2905161380767822,0,2000,strong30k,4,80,42,0.0,0.4,walk
1279,25.580000000000002,0.0,0.4000000059604645,0.410475492477417,0.20885878801345825,0.4164711833000183,-0.2142568677663803,0,2000,strong30k,4,80,42,0.0,0.4,walk
1280,25.6,0.0,0.4000000059604645,0.41454946994781494,0.17595282196998596,0.35382944345474243,-0.2169918417930603,0,2000,strong30k,4,80,42,0.0,0.4,walk
1281,25.62,0.0,0.4000000059604645,0.4169970750808716,0.15384608507156372,0.3166467845439911,0.1330672651529312,0,2000,strong30k,4,80,42,0.0,0.4,walk
1282,25.64,0.0,0.4000000059604645,0.4156237840652466,0.13409698009490967,0.29013073444366455,0.5120797753334045,0,2000,strong30k,4,80,42,0.0,0.4,walk
1283,25.66,0.0,0.4000000059604645,0.41166484355926514,0.12625934183597565,0.2619028091430664,0.6087521314620972,0,2000,strong30k,4,80,42,0.0,0.4,walk
1284,25.68,0.0,0.4000000059604645,0.40757858753204346,0.12376902252435684,0.2342485785484314,0.4962710440158844,0,2000,strong30k,4,80,42,0.0,0.4,walk
1285,25.7,0.0,0.4000000059604645,0.4052392244338989,0.12712490558624268,0.2116381675004959,0.21538513898849487,0,2000,strong30k,4,80,42,0.0,0.4,walk
1286,25.72,0.0,0.4000000059604645,0.40537428855895996,0.12298326194286346,0.1906626671552658,-0.035747695714235306,0,2000,strong30k,4,80,42,0.0,0.4,walk
1287,25.740000000000002,0.0,0.4000000059604645,0.40724003314971924,0.11545722186565399,0.17348924279212952,-0.17330187559127808,0,2000,strong30k,4,80,42,0.0,0.4,walk
1288,25.76,0.0,0.4000000059604645,0.4094691276550293,0.10896538943052292,0.15910325944423676,-0.1782737672328949,0,2000,strong30k,4,80,42,0.0,0.4,walk
1289,25.78,0.0,0.4000000059604645,0.41138339042663574,0.11060407757759094,0.14426134526729584,-0.15910890698432922,0,2000,strong30k,4,80,42,0.0,0.4,walk
1290,25.8,0.0,0.4000000059604645,0.4123917818069458,0.12142112106084824,0.13000606000423431,-0.07088517397642136,0,2000,strong30k,4,80,42,0.0,0.4,walk
1291,25.82,0.0,0.4000000059604645,0.41282355785369873,0.13887841999530792,0.11392724514007568,-0.06734257936477661,0,2000,strong30k,4,80,42,0.0,0.4,walk
1292,25.84,0.0,0.4000000059604645,0.41311919689178467,0.15780627727508545,0.09820275753736496,-0.07896555960178375,0,2000,strong30k,4,80,42,0.0,0.4,walk
1293,25.86,0.0,0.4000000059604645,0.4130575656890869,0.17940416932106018,0.08648877590894699,-0.06152922287583351,0,2000,strong30k,4,80,42,0.0,0.4,walk
1294,25.88,0.0,0.4000000059604645,0.41223883628845215,0.19982954859733582,0.07527624815702438,-0.010222654789686203,0,2000,strong30k,4,80,42,0.0,0.4,walk
1295,25.900000000000002,0.0,0.4000000059604645,0.41030895709991455,0.21416984498500824,0.06190413981676102,0.06703927367925644,0,2000,strong30k,4,80,42,0.0,0.4,walk
1296,25.92,0.0,0.4000000059604645,0.40743768215179443,0.2219533771276474,0.04485325515270233,0.11303795874118805,0,2000,strong30k,4,80,42,0.0,0.4,walk
1297,25.94,0.0,0.4000000059604645,0.4043736457824707,0.22078438103199005,0.024045517668128014,0.12221987545490265,0,2000,strong30k,4,80,42,0.0,0.4,walk
1298,25.96,0.0,0.4000000059604645,0.4018505811691284,0.21000134944915771,0.004383576102554798,0.09094429016113281,0,2000,strong30k,4,80,42,0.0,0.4,walk
1299,25.98,0.0,0.4000000059604645,0.39969301223754883,0.19450993835926056,-0.00497831404209137,0.0730600357055664,0,2000,strong30k,4,80,42,0.0,0.4,walk
1300,26.0,0.0,0.4000000059604645,0.39884328842163086,0.17503049969673157,-0.006809847895056009,-0.18623900413513184,0,2000,strong30k,4,80,42,0.0,0.4,walk
1301,26.02,0.0,0.4000000059604645,0.4010058641433716,0.12397617101669312,0.023926276713609695,-0.4919446110725403,0,2000,strong30k,4,80,42,0.0,0.4,walk
1302,26.04,0.0,0.4000000059604645,0.39965808391571045,0.11271993815898895,0.0571679063141346,0.16420122981071472,0,2000,strong30k,4,80,42,0.0,0.4,walk
1303,26.060000000000002,0.0,0.4000000059604645,0.3952677249908447,0.10296370089054108,0.07656444609165192,0.24976393580436707,0,2000,strong30k,4,80,42,0.0,0.4,walk
1304,26.080000000000002,0.0,0.4000000059604645,0.391537070274353,0.10088806599378586,0.09118098765611649,0.1474311351776123,0,2000,strong30k,4,80,42,0.0,0.4,walk
1305,26.1,0.0,0.4000000059604645,0.3885890245437622,0.10503054410219193,0.10777530819177628,0.14350572228431702,0,2000,strong30k,4,80,42,0.0,0.4,walk
1306,26.12,0.0,0.4000000059604645,0.38581740856170654,0.11345502734184265,0.12364768981933594,0.16732162237167358,0,2000,strong30k,4,80,42,0.0,0.4,walk
1307,26.14,0.0,0.4000000059604645,0.38315248489379883,0.12134672701358795,0.14290493726730347,0.19400176405906677,0,2000,strong30k,4,80,42,0.0,0.4,walk
1308,26.16,0.0,0.4000000059604645,0.3800840377807617,0.13760848343372345,0.1654992401599884,0.2700680196285248,0,2000,strong30k,4,80,42,0.0,0.4,walk
1309,26.18,0.0,0.4000000059604645,0.37683022022247314,0.1583636999130249,0.18687885999679565,0.29387128353118896,0,2000,strong30k,4,80,42,0.0,0.4,walk
1310,26.2,0.0,0.4000000059604645,0.37383997440338135,0.176172137260437,0.2105686366558075,0.2791617512702942,0,2000,strong30k,4,80,42,0.0,0.4,walk
1311,26.22,0.0,0.4000000059604645,0.37106573581695557,0.19806736707687378,0.23462031781673431,0.31168967485427856,0,2000,strong30k,4,80,42,0.0,0.4,walk
1312,26.240000000000002,0.0,0.4000000059604645,0.3681192398071289,0.21825845539569855,0.2615114748477936,0.37197017669677734,0,2000,strong30k,4,80,42,0.0,0.4,walk
1313,26.26,0.0,0.4000000059604645,0.36489295959472656,0.231906920671463,0.2935023605823517,0.39652442932128906,0,2000,strong30k,4,80,42,0.0,0.4,walk
1314,26.28,0.0,0.4000000059604645,0.362163782119751,0.24560138583183289,0.3265652656555176,0.3220520317554474,0,2000,strong30k,4,80,42,0.0,0.4,walk
1315,26.3,0.0,0.4000000059604645,0.3603125810623169,0.2651456296443939,0.35953444242477417,0.3066054582595825,0,2000,strong30k,4,80,42,0.0,0.4,walk
1316,26.32,0.0,0.4000000059604645,0.3597993850708008,0.2804253399372101,0.3960399627685547,0.19622290134429932,0,2000,strong30k,4,80,42,0.0,0.4,walk
1317,26.34,0.0,0.4000000059604645,0.36026251316070557,0.28729447722435,0.4409472346305847,0.1474212408065796,0,2000,strong30k,4,80,42,0.0,0.4,walk
1318,26.36,0.0,0.4000000059604645,0.3595947027206421,0.2867003381252289,0.4939773976802826,0.2742268741130829,0,2000,strong30k,4,80,42,0.0,0.4,walk
1319,26.38,0.0,0.4000000059604645,0.35701704025268555,0.2884892225265503,0.5436794757843018,0.4154086410999298,0,2000,strong30k,4,80,42,0.0,0.4,walk
1320,26.400000000000002,0.0,0.4000000059604645,0.3526812791824341,0.25514906644821167,0.5175121426582336,0.5178007483482361,0,2000,strong30k,4,80,42,0.0,0.4,walk
1321,26.42,0.0,0.4000000059604645,0.3521522283554077,0.22280654311180115,0.442538857460022,-0.199374258518219,0,2000,strong30k,4,80,42,0.0,0.4,walk
1322,26.44,0.0,0.4000000059604645,0.3566012382507324,0.1875489056110382,0.37243443727493286,-0.359153151512146,0,2000,strong30k,4,80,42,0.0,0.4,walk
1323,26.46,0.0,0.4000000059604645,0.3607751131057739,0.16158635914325714,0.3260967433452606,-0.07201199233531952,0,2000,strong30k,4,80,42,0.0,0.4,walk
1324,26.48,0.0,0.4000000059604645,0.3610142469406128,0.14443868398666382,0.2992556095123291,0.3801170885562897,0,2000,strong30k,4,80,42,0.0,0.4,walk
1325,26.5,0.0,0.4000000059604645,0.35764193534851074,0.12951555848121643,0.2745212912559509,0.6275702118873596,0,2000,strong30k,4,80,42,0.0,0.4,walk
1326,26.52,0.0,0.4000000059604645,0.3530280590057373,0.12335210293531418,0.24377156794071198,0.5861529111862183,0,2000,strong30k,4,80,42,0.0,0.4,walk
1327,26.54,0.0,0.4000000059604645,0.34989726543426514,0.12257768958806992,0.21691536903381348,0.31541138887405396,0,2000,strong30k,4,80,42,0.0,0.4,walk
1328,26.560000000000002,0.0,0.4000000059604645,0.34936797618865967,0.11808694154024124,0.19481775164604187,0.032318469136953354,0,2000,strong30k,4,80,42,0.0,0.4,walk
1329,26.580000000000002,0.0,0.4000000059604645,0.3510345220565796,0.11166686564683914,0.17679372429847717,-0.17222391068935394,0,2000,strong30k,4,80,42,0.0,0.4,walk
1330,26.6,0.0,0.4000000059604645,0.35357534885406494,0.1040918231010437,0.1635250747203827,-0.22667789459228516,0,2000,strong30k,4,80,42,0.0,0.4,walk
1331,26.62,0.0,0.4000000059604645,0.3558865785598755,0.10032682865858078,0.14923502504825592,-0.1895671784877777,0,2000,strong30k,4,80,42,0.0,0.4,walk
1332,26.64,0.0,0.4000000059604645,0.3576256036758423,0.10493014007806778,0.13323329389095306,-0.13753771781921387,0,2000,strong30k,4,80,42,0.0,0.4,walk
1333,26.66,0.0,0.4000000059604645,0.35856497287750244,0.11932797729969025,0.11724031716585159,-0.08818989992141724,0,2000,strong30k,4,80,42,0.0,0.4,walk
1334,26.68,0.0,0.4000000059604645,0.3591374158859253,0.13548356294631958,0.10063228756189346,-0.08829980343580246,0,2000,strong30k,4,80,42,0.0,0.4,walk
1335,26.7,0.0,0.4000000059604645,0.35937929153442383,0.1555570513010025,0.08851263672113419,-0.08274076879024506,0,2000,strong30k,4,80,42,0.0,0.4,walk
1336,26.72,0.0,0.4000000059604645,0.35909295082092285,0.17431773245334625,0.0769418329000473,-0.0485319048166275,0,2000,strong30k,4,80,42,0.0,0.4,walk
1337,26.740000000000002,0.0,0.4000000059604645,0.35771644115448,0.18979665637016296,0.06582895666360855,0.03009033203125,0,2000,strong30k,4,80,42,0.0,0.4,walk
1338,26.76,0.0,0.4000000059604645,0.35530006885528564,0.19824883341789246,0.051289357244968414,0.0805111676454544,0,2000,strong30k,4,80,42,0.0,0.4,walk
1339,26.78,0.0,0.4000000059604645,0.35242152214050293,0.19902771711349487,0.03249538689851761,0.09389171749353409,0,2000,strong30k,4,80,42,0.0,0.4,walk
1340,26.8,0.0,0.4000000059604645,0.3499549627304077,0.1896378993988037,0.01157571841031313,0.06603255867958069,0,2000,strong30k,4,80,42,0.0,0.4,walk
1341,26.82,0.0,0.4000000059604645,0.34811294078826904,0.1724279671907425,-0.0048103537410497665,0.03955213725566864,0,2000,strong30k,4,80,42,0.0,0.4,walk
1342,26.84,0.0,0.4000000059604645,0.346720814704895,0.15578334033489227,-0.006315477658063173,-0.06217319518327713,0,2000,strong30k,4,80,42,0.0,0.4,walk
1343,26.86,0.0,0.4000000059604645,0.34726011753082275,0.1336451768875122,-0.005829234607517719,-0.34440433979034424,0,2000,strong30k,4,80,42,0.0,0.4,walk
1344,26.88,0.0,0.4000000059604645,0.3496359586715698,0.09291167557239532,0.042999133467674255,-0.12953217327594757,0,2000,strong30k,4,80,42,0.0,0.4,walk
1345,26.900000000000002,0.0,0.4000000059604645,0.34696662425994873,0.0791611298918724,0.06741619110107422,0.18247359991073608,0,2000,strong30k,4,80,42,0.0,0.4,walk
1346,26.92,0.0,0.4000000059604645,0.3431926965713501,0.07547298073768616,0.08201535046100616,0.1707664430141449,0,2000,strong30k,4,80,42,0.0,0.4,walk
1347,26.94,0.0,0.4000000059604645,0.34005939960479736,0.07755108922719955,0.09614838659763336,0.13917656242847443,0,2000,strong30k,4,80,42,0.0,0.4,walk
1348,26.96,0.0,0.4000000059604645,0.33698344230651855,0.08647919446229935,0.11114951968193054,0.19327612221240997,0,2000,strong30k,4,80,42,0.0,0.4,walk
1349,26.98,0.0,0.4000000059604645,0.33376991748809814,0.0982058197259903,0.12621456384658813,0.2246716320514679,0,2000,strong30k,4,80,42,0.0,0.4,walk
1350,27.0,0.0,0.4000000059604645,0.33087074756622314,0.11094766855239868,0.14387448132038116,0.19820168614387512,0,2000,strong30k,4,80,42,0.0,0.4,walk
1351,27.02,0.0,0.4000000059604645,0.3280065059661865,0.13268060982227325,0.16429907083511353,0.2581869065761566,0,2000,strong30k,4,80,42,0.0,0.4,walk
1352,27.04,0.0,0.4000000059604645,0.3253062963485718,0.15250462293624878,0.18482644855976105,0.23363353312015533,0,2000,strong30k,4,80,42,0.0,0.4,walk
1353,27.060000000000002,0.0,0.4000000059604645,0.3228442668914795,0.1703839749097824,0.20791345834732056,0.2662750482559204,0,2000,strong30k,4,80,42,0.0,0.4,walk
1354,27.080000000000002,0.0,0.4000000059604645,0.3201867341995239,0.18896222114562988,0.23321916162967682,0.31652745604515076,0,2000,strong30k,4,80,42,0.0,0.4,walk
1355,27.1,0.0,0.4000000059604645,0.3172767162322998,0.20595762133598328,0.2610897719860077,0.3714674115180969,0,2000,strong30k,4,80,42,0.0,0.4,walk
1356,27.12,0.0,0.4000000059604645,0.3142026662826538,0.22371965646743774,0.2923593819141388,0.387369841337204,0,2000,strong30k,4,80,42,0.0,0.4,walk
1357,27.14,0.0,0.4000000059604645,0.3115750551223755,0.23906002938747406,0.32566291093826294,0.34362155199050903,0,2000,strong30k,4,80,42,0.0,0.4,walk
1358,27.16,0.0,0.4000000059604645,0.31015026569366455,0.25669556856155396,0.3606656491756439,0.26283249258995056,0,2000,strong30k,4,80,42,0.0,0.4,walk
1359,27.18,0.0,0.4000000059604645,0.3102494478225708,0.2672700583934784,0.4015422761440277,0.1394546627998352,0,2000,strong30k,4,80,42,0.0,0.4,walk
1360,27.2,0.0,0.4000000059604645,0.3109387159347534,0.26991525292396545,0.45019808411598206,0.11848270893096924,0,2000,strong30k,4,80,42,0.0,0.4,walk
1361,27.22,0.0,0.4000000059604645,0.3103818893432617,0.26862502098083496,0.5027449727058411,0.2459126114845276,0,2000,strong30k,4,80,42,0.0,0.4,walk
1362,27.240000000000002,0.0,0.4000000059604645,0.3080770969390869,0.2718226909637451,0.5461652278900146,0.37976324558258057,0,2000,strong30k,4,80,42,0.0,0.4,walk
1363,27.26,0.0,0.4000000059604645,0.30400264263153076,0.2312168926000595,0.48859381675720215,0.26141810417175293,0,2000,strong30k,4,80,42,0.0,0.4,walk
1364,27.28,0.0,0.4000000059604645,0.3053346872329712,0.19746044278144836,0.41390129923820496,-0.26805010437965393,0,2000,strong30k,4,80,42,0.0,0.4,walk
1365,27.3,0.0,0.4000000059604645,0.31012868881225586,0.1660979688167572,0.3524915277957916,-0.3035208582878113,0,2000,strong30k,4,80,42,0.0,0.4,walk
1366,27.32,0.0,0.4000000059604645,0.31345975399017334,0.14382793009281158,0.314667284488678,0.03901435807347298,0,2000,strong30k,4,80,42,0.0,0.4,walk
1367,27.34,0.0,0.4000000059604645,0.31302499771118164,0.12289194762706757,0.2873058021068573,0.42439448833465576,0,2000,strong30k,4,80,42,0.0,0.4,walk
1368,27.36,0.0,0.4000000059604645,0.30989599227905273,0.11384327709674835,0.2583741545677185,0.536548376083374,0,2000,strong30k,4,80,42,0.0,0.4,walk
1369,27.38,0.0,0.4000000059604645,0.30641424655914307,0.11062901467084885,0.23058782517910004,0.45181751251220703,0,2000,strong30k,4,80,42,0.0,0.4,walk
1370,27.400000000000002,0.0,0.4000000059604645,0.30439674854278564,0.11366970837116241,0.20759978890419006,0.19929057359695435,0,2000,strong30k,4,80,42,0.0,0.4,walk
1371,27.42,0.0,0.4000000059604645,0.30466580390930176,0.11045877635478973,0.1861376017332077,-0.039466485381126404,0,2000,strong30k,4,80,42,0.0,0.4,walk
1372,27.44,0.0,0.4000000059604645,0.30655550956726074,0.10347946733236313,0.16865430772304535,-0.17220979928970337,0,2000,strong30k,4,80,42,0.0,0.4,walk
1373,27.46,0.0,0.4000000059604645,0.3088679313659668,0.09802518784999847,0.15391260385513306,-0.19125346839427948,0,2000,strong30k,4,80,42,0.0,0.4,walk
1374,27.48,0.0,0.4000000059604645,0.3109416961669922,0.09938082098960876,0.13858769834041595,-0.17357498407363892,0,2000,strong30k,4,80,42,0.0,0.4,walk
1375,27.5,0.0,0.4000000059604645,0.31218421459198,0.10969998687505722,0.12378542870283127,-0.09210049360990524,0,2000,strong30k,4,80,42,0.0,0.4,walk
1376,27.52,0.0,0.4000000059604645,0.31282222270965576,0.12646378576755524,0.10688291490077972,-0.08263187110424042,0,2000,strong30k,4,80,42,0.0,0.4,walk
1377,27.54,0.0,0.4000000059604645,0.3132978677749634,0.14449818432331085,0.09099461883306503,-0.09914854168891907,0,2000,strong30k,4,80,42,0.0,0.4,walk
1378,27.560000000000002,0.0,0.4000000059604645,0.31341779232025146,0.1645565927028656,0.07848641276359558,-0.08082415163516998,0,2000,strong30k,4,80,42,0.0,0.4,walk
1379,27.580000000000002,0.0,0.4000000059604645,0.31281816959381104,0.18380939960479736,0.06611526757478714,-0.03495575487613678,0,2000,strong30k,4,80,42,0.0,0.4,walk
1380,27.6,0.0,0.4000000059604645,0.3110980987548828,0.19728294014930725,0.05265718325972557,0.03561469912528992,0,2000,strong30k,4,80,42,0.0,0.4,walk
1381,27.62,0.0,0.4000000059604645,0.3085225820541382,0.20402856171131134,0.03427200764417648,0.07270477712154388,0,2000,strong30k,4,80,42,0.0,0.4,walk
1382,27.64,0.0,0.4000000059604645,0.3059796094894409,0.20199033617973328,0.012627007439732552,0.05926208943128586,0,2000,strong30k,4,80,42,0.0,0.4,walk
1383,27.66,0.0,0.4000000059604645,0.304176926612854,0.18998685479164124,-0.008203193545341492,0.01585482247173786,0,2000,strong30k,4,80,42,0.0,0.4,walk
1384,27.68,0.0,0.4000000059604645,0.30273008346557617,0.17519253492355347,-0.01726404018700123,0.001578746596351266,0,2000,strong30k,4,80,42,0.0,0.4,walk
1385,27.7,0.0,0.4000000059604645,0.30232155323028564,0.15552739799022675,-0.02159937471151352,-0.19864945113658905,0,2000,strong30k,4,80,42,0.0,0.4,walk
1386,27.72,0.0,0.4000000059604645,0.304604172706604,0.10779370367527008,0.013922718353569508,-0.37447667121887207,0,2000,strong30k,4,80,42,0.0,0.4,walk
1387,27.740000000000002,0.0,0.4000000059604645,0.3030660152435303,0.09399428218603134,0.04650648310780525,0.1407083123922348,0,2000,strong30k,4,80,42,0.0,0.4,walk
1388,27.76,0.0,0.4000000059604645,0.29920971393585205,0.08460118621587753,0.06727395951747894,0.1795690953731537,0,2000,strong30k,4,80,42,0.0,0.4,walk
1389,27.78,0.0,0.4000000059604645,0.29624032974243164,0.08378804475069046,0.08262959122657776,0.07062633335590363,0,2000,strong30k,4,80,42,0.0,0.4,walk
1390,27.8,0.0,0.4000000059604645,0.2941429615020752,0.08885448426008224,0.09966409206390381,0.05974728614091873,0,2000,strong30k,4,80,42,0.0,0.4,walk
1391,27.82,0.0,0.4000000059604645,0.2921382188796997,0.09701673686504364,0.11727183312177658,0.09268955141305923,0,2000,strong30k,4,80,42,0.0,0.4,walk
1392,27.84,0.0,0.4000000059604645,0.2901611328125,0.10575585067272186,0.1373051404953003,0.12737101316452026,0,2000,strong30k,4,80,42,0.0,0.4,walk
1393,27.86,0.0,0.4000000059604645,0.2876763343811035,0.12118130177259445,0.1602184772491455,0.21362045407295227,0,2000,strong30k,4,80,42,0.0,0.4,walk
1394,27.88,0.0,0.4000000059604645,0.284978985786438,0.1413881927728653,0.18140967190265656,0.2432050257921219,0,2000,strong30k,4,80,42,0.0,0.4,walk
1395,27.900000000000002,0.0,0.4000000059604645,0.28243720531463623,0.15724287927150726,0.20506088435649872,0.237455815076828,0,2000,strong30k,4,80,42,0.0,0.4,walk
1396,27.92,0.0,0.4000000059604645,0.2800307273864746,0.1775575876235962,0.22919277846813202,0.2772718071937561,0,2000,strong30k,4,80,42,0.0,0.4,walk
1397,27.94,0.0,0.4000000059604645,0.27740275859832764,0.19544222950935364,0.2557539641857147,0.33511823415756226,0,2000,strong30k,4,80,42,0.0,0.4,walk
1398,27.96,0.0,0.4000000059604645,0.27454042434692383,0.20917655527591705,0.2867417335510254,0.3623490333557129,0,2000,strong30k,4,80,42,0.0,0.4,walk
1399,27.98,0.0,0.4000000059604645,0.27207744121551514,0.22218573093414307,0.31950807571411133,0.3014030456542969,0,2000,strong30k,4,80,42,0.0,0.4,walk
1400,28.0,0.0,0.4000000059604645,0.27063417434692383,0.24061939120292664,0.3520582616329193,0.25479423999786377,0,2000,strong30k,4,80,42,0.0,0.4,walk
1401,28.02,0.0,0.4000000059604645,0.2706249952316284,0.2552468478679657,0.38876545429229736,0.1461215615272522,0,2000,strong30k,4,80,42,0.0,0.4,walk
1402,28.04,0.0,0.4000000059604645,0.2717326879501343,0.2612769305706024,0.43326085805892944,0.08036337047815323,0,2000,strong30k,4,80,42,0.0,0.4,walk
1403,28.060000000000002,0.0,0.4000000059604645,0.27196502685546875,0.25963589549064636,0.4861723482608795,0.18920214474201202,0,2000,strong30k,4,80,42,0.0,0.4,walk
1404,28.080000000000002,0.0,0.4000000059604645,0.2702594995498657,0.258770227432251,0.536571204662323,0.3548654317855835,0,2000,strong30k,4,80,42,0.0,0.4,walk
1405,28.1,0.0,0.4000000059604645,0.26638317108154297,0.22477564215660095,0.5129823684692383,0.5844051837921143,0,2000,strong30k,4,80,42,0.0,0.4,walk
1406,28.12,0.0,0.4000000059604645,0.2658027410507202,0.1970890909433365,0.4366821348667145,-0.21190449595451355,0,2000,strong30k,4,80,42,0.0,0.4,walk
1407,28.14,0.0,0.4000000059604645,0.2706630229949951,0.16515670716762543,0.36837780475616455,-0.4212804436683655,0,2000,strong30k,4,80,42,0.0,0.4,walk
1408,28.16,0.0,0.4000000059604645,0.2756233215332031,0.14005790650844574,0.3226863145828247,-0.16847464442253113,0,2000,strong30k,4,80,42,0.0,0.4,walk
1409,28.18,0.0,0.4000000059604645,0.2768440246582031,0.11785425990819931,0.2951757311820984,0.2832573354244232,0,2000,strong30k,4,80,42,0.0,0.4,walk
1410,28.2,0.0,0.4000000059604645,0.27458667755126953,0.10306897014379501,0.2667950689792633,0.5060935020446777,0,2000,strong30k,4,80,42,0.0,0.4,walk
1411,28.22,0.0,0.4000000059604645,0.2708503007888794,0.09780669212341309,0.23812724649906158,0.5153294205665588,0,2000,strong30k,4,80,42,0.0,0.4,walk
1412,28.240000000000002,0.0,0.4000000059604645,0.26824653148651123,0.09878216683864594,0.21241487562656403,0.27468734979629517,0,2000,strong30k,4,80,42,0.0,0.4,walk
1413,28.26,0.0,0.4000000059604645,0.267833948135376,0.09818890690803528,0.18964260816574097,0.02975168637931347,0,2000,strong30k,4,80,42,0.0,0.4,walk
1414,28.28,0.0,0.4000000059604645,0.26929938793182373,0.0915311649441719,0.17090973258018494,-0.13821198046207428,0,2000,strong30k,4,80,42,0.0,0.4,walk
1415,28.3,0.0,0.4000000059604645,0.2716752290725708,0.08532796055078506,0.15603068470954895,-0.2121717482805252,0,2000,strong30k,4,80,42,0.0,0.4,walk
1416,28.32,0.0,0.4000000059604645,0.2740774154663086,0.08316484093666077,0.14102055132389069,-0.20088781416416168,0,2000,strong30k,4,80,42,0.0,0.4,walk
1417,28.34,0.0,0.4000000059604645,0.2756408452987671,0.08915428072214127,0.12655554711818695,-0.1100279688835144,0,2000,strong30k,4,80,42,0.0,0.4,walk
1418,28.36,0.0,0.4000000059604645,0.27647197246551514,0.1026671752333641,0.10964109003543854,-0.08961579948663712,0,2000,strong30k,4,80,42,0.0,0.4,walk
1419,28.38,0.0,0.4000000059604645,0.2771495580673218,0.11727039515972137,0.0918058529496193,-0.10779093205928802,0,2000,strong30k,4,80,42,0.0,0.4,walk
1420,28.400000000000002,0.0,0.4000000059604645,0.277508020401001,0.1354287713766098,0.0796898677945137,-0.09718013554811478,0,2000,strong30k,4,80,42,0.0,0.4,walk
1421,28.42,0.0,0.4000000059604645,0.2773885726928711,0.15425854921340942,0.06797754764556885,-0.07721444964408875,0,2000,strong30k,4,80,42,0.0,0.4,walk
1422,28.44,0.0,0.4000000059604645,0.27630650997161865,0.16889995336532593,0.056313883513212204,-0.010638220235705376,0,2000,strong30k,4,80,42,0.0,0.4,walk
1423,28.46,0.0,0.4000000059604645,0.27426254749298096,0.17640742659568787,0.04083525389432907,0.035973042249679565,0,2000,strong30k,4,80,42,0.0,0.4,walk
1424,28.48,0.0,0.4000000059604645,0.2717651128768921,0.1764732450246811,0.02032165229320526,0.05439342185854912,0,2000,strong30k,4,80,42,0.0,0.4,walk
1425,28.5,0.0,0.4000000059604645,0.2697559595108032,0.16603533923625946,-0.0012437093537300825,0.019274458289146423,0,2000,strong30k,4,80,42,0.0,0.4,walk
1426,28.52,0.0,0.4000000059604645,0.2683318853378296,0.1496151238679886,-0.017522074282169342,0.001840000506490469,0,2000,strong30k,4,80,42,0.0,0.4,walk
1427,28.54,0.0,0.4000000059604645,0.26739490032196045,0.1336614340543747,-0.020820409059524536,-0.11484656482934952,0,2000,strong30k,4,80,42,0.0,0.4,walk
1428,28.560000000000002,0.0,0.4000000059604645,0.26805639266967773,0.09998098015785217,-0.010350087657570839,-0.5048070549964905,0,2000,strong30k,4,80,42,0.0,0.4,walk
1429,28.580000000000002,0.0,0.4000000059604645,0.26986682415008545,0.07274022698402405,0.03302351012825966,-0.08759737759828568,0,2000,strong30k,4,80,42,0.0,0.4,walk
1430,28.6,0.0,0.4000000059604645,0.26728785037994385,0.06101806089282036,0.056873638182878494,0.13199734687805176,0,2000,strong30k,4,80,42,0.0,0.4,walk
1431,28.62,0.0,0.4000000059604645,0.26427483558654785,0.05848942697048187,0.07238417863845825,0.08439336717128754,0,2000,strong30k,4,80,42,0.0,0.4,walk
1432,28.64,0.0,0.4000000059604645,0.2620123624801636,0.061705950647592545,0.08775743842124939,0.055787719786167145,0,2000,strong30k,4,80,42,0.0,0.4,walk
1433,28.66,0.0,0.4000000059604645,0.25978779792785645,0.06997005641460419,0.10354108363389969,0.11322548240423203,0,2000,strong30k,4,80,42,0.0,0.4,walk
1434,28.68,0.0,0.4000000059604645,0.2573791742324829,0.08148068189620972,0.11972294002771378,0.1491592526435852,0,2000,strong30k,4,80,42,0.0,0.4,walk
1435,28.7,0.0,0.4000000059604645,0.25506138801574707,0.09368700534105301,0.13851569592952728,0.15978632867336273,0,2000,strong30k,4,80,42,0.0,0.4,walk
1436,28.72,0.0,0.4000000059604645,0.2523237466812134,0.11458422243595123,0.15994030237197876,0.2518596053123474,0,2000,strong30k,4,80,42,0.0,0.4,walk
1437,28.740000000000002,0.0,0.4000000059604645,0.24974048137664795,0.13484445214271545,0.17940093576908112,0.2282622754573822,0,2000,strong30k,4,80,42,0.0,0.4,walk
1438,28.76,0.0,0.4000000059604645,0.247430682182312,0.14885538816452026,0.20269224047660828,0.24328574538230896,0,2000,strong30k,4,80,42,0.0,0.4,walk
1439,28.78,0.0,0.4000000059604645,0.24499106407165527,0.16787682473659515,0.228312686085701,0.29586997628211975,0,2000,strong30k,4,80,42,0.0,0.4,walk
1440,28.8,0.0,0.4000000059604645,0.2424715757369995,0.18208706378936768,0.2560226023197174,0.3139793276786804,0,2000,strong30k,4,80,42,0.0,0.4,walk
1441,28.82,0.0,0.4000000059604645,0.24014830589294434,0.19626417756080627,0.2866259515285492,0.2949264943599701,0,2000,strong30k,4,80,42,0.0,0.4,walk
1442,28.84,0.0,0.4000000059604645,0.23828423023223877,0.21326924860477448,0.31901708245277405,0.2830418646335602,0,2000,strong30k,4,80,42,0.0,0.4,walk
1443,28.86,0.0,0.4000000059604645,0.23753511905670166,0.2306789755821228,0.353301465511322,0.19655823707580566,0,2000,strong30k,4,80,42,0.0,0.4,walk
1444,28.88,0.0,0.4000000059604645,0.23826158046722412,0.2413918823003769,0.39410656690597534,0.08686463534832001,0,2000,strong30k,4,80,42,0.0,0.4,walk
1445,28.900000000000002,0.0,0.4000000059604645,0.2395099401473999,0.24397169053554535,0.44291019439697266,0.0703011229634285,0,2000,strong30k,4,80,42,0.0,0.4,walk
1446,28.92,0.0,0.4000000059604645,0.23953759670257568,0.24168254435062408,0.4958837926387787,0.19182658195495605,0,2000,strong30k,4,80,42,0.0,0.4,walk
1447,28.94,0.0,0.4000000059604645,0.23780763149261475,0.24408479034900665,0.5393877029418945,0.33323004841804504,0,2000,strong30k,4,80,42,0.0,0.4,walk
1448,28.96,0.0,0.4000000059604645,0.23397862911224365,0.207487091422081,0.48777875304222107,0.2971514165401459,0,2000,strong30k,4,80,42,0.0,0.4,walk
1449,28.98,0.0,0.4000000059604645,0.235282301902771,0.17638272047042847,0.41247060894966125,-0.29918041825294495,0,2000,strong30k,4,80,42,0.0,0.4,walk
1450,29.0,0.0,0.4000000059604645,0.240606427192688,0.14625373482704163,0.3493563234806061,-0.383976548910141,0,2000,strong30k,4,80,42,0.0,0.4,walk
1451,29.02,0.0,0.4000000059604645,0.24488556385040283,0.12388923019170761,0.31072431802749634,-0.06198427453637123,0,2000,strong30k,4,80,42,0.0,0.4,walk
1452,29.04,0.0,0.4000000059604645,0.24538278579711914,0.10256055742502213,0.28372788429260254,0.3340572416782379,0,2000,strong30k,4,80,42,0.0,0.4,walk
1453,29.060000000000002,0.0,0.4000000059604645,0.24296343326568604,0.09224913269281387,0.2545890212059021,0.4754166007041931,0,2000,strong30k,4,80,42,0.0,0.4,walk
1454,29.080000000000002,0.0,0.4000000059604645,0.23976612091064453,0.08834569156169891,0.22612592577934265,0.4445060193538666,0,2000,strong30k,4,80,42,0.0,0.4,walk
1455,29.1,0.0,0.4000000059604645,0.23770415782928467,0.09132040292024612,0.20304977893829346,0.21093034744262695,0,2000,strong30k,4,80,42,0.0,0.4,walk
1456,29.12,0.0,0.4000000059604645,0.23778831958770752,0.08840887993574142,0.18116773664951324,-0.017530133947730064,0,2000,strong30k,4,80,42,0.0,0.4,walk
1457,29.14,0.0,0.4000000059604645,0.23954737186431885,0.08248189836740494,0.1632026880979538,-0.1665402501821518,0,2000,strong30k,4,80,42,0.0,0.4,walk
1458,29.16,0.0,0.4000000059604645,0.2418752908706665,0.07661682367324829,0.14791496098041534,-0.19653816521167755,0,2000,strong30k,4,80,42,0.0,0.4,walk
1459,29.18,0.0,0.4000000059604645,0.24407172203063965,0.07770980894565582,0.13186989724636078,-0.1879723221063614,0,2000,strong30k,4,80,42,0.0,0.4,walk
1460,29.2,0.0,0.4000000059604645,0.24547040462493896,0.0868169367313385,0.11703022569417953,-0.10811866074800491,0,2000,strong30k,4,80,42,0.0,0.4,walk
1461,29.22,0.0,0.4000000059604645,0.2462599277496338,0.10158394277095795,0.09894007444381714,-0.09498489648103714,0,2000,strong30k,4,80,42,0.0,0.4,walk
1462,29.240000000000002,0.0,0.4000000059604645,0.24678337574005127,0.11832943558692932,0.082875095307827,-0.10395749658346176,0,2000,strong30k,4,80,42,0.0,0.4,walk
1463,29.26,0.0,0.4000000059604645,0.24699342250823975,0.13681462407112122,0.06892725825309753,-0.09096042811870575,0,2000,strong30k,4,80,42,0.0,0.4,walk
1464,29.28,0.0,0.4000000059604645,0.246474027633667,0.15513776242733002,0.05642616003751755,-0.048670414835214615,0,2000,strong30k,4,80,42,0.0,0.4,walk
1465,29.3,0.0,0.4000000059604645,0.24494946002960205,0.16724751889705658,0.04229733720421791,0.01338717807084322,0,2000,strong30k,4,80,42,0.0,0.4,walk
1466,29.32,0.0,0.4000000059604645,0.24259734153747559,0.17216917872428894,0.023967429995536804,0.048540178686380386,0,2000,strong30k,4,80,42,0.0,0.4,walk
1467,29.34,0.0,0.4000000059604645,0.240273118019104,0.16848762333393097,0.0014487578300759196,0.032182853668928146,0,2000,strong30k,4,80,42,0.0,0.4,walk
1468,29.36,0.0,0.4000000059604645,0.23878681659698486,0.1546289026737213,-0.020427042618393898,-0.020596221089363098,0,2000,strong30k,4,80,42,0.0,0.4,walk
1469,29.38,0.0,0.4000000059604645,0.23768746852874756,0.1396060734987259,-0.029290353879332542,-0.03817349299788475,0,2000,strong30k,4,80,42,0.0,0.4,walk
1470,29.400000000000002,0.0,0.4000000059604645,0.23758232593536377,0.11878303438425064,-0.03571375459432602,-0.2105688750743866,0,2000,strong30k,4,80,42,0.0,0.4,walk
1471,29.42,0.0,0.4000000059604645,0.23988354206085205,0.07628829032182693,0.005158574786037207,-0.312141090631485,0,2000,strong30k,4,80,42,0.0,0.4,walk
1472,29.44,0.0,0.4000000059604645,0.2383946180343628,0.0625922679901123,0.035840652883052826,0.11678359657526016,0,2000,strong30k,4,80,42,0.0,0.4,walk
1473,29.46,0.0,0.4000000059604645,0.23496150970458984,0.05603605508804321,0.05745154619216919,0.1355014145374298,0,2000,strong30k,4,80,42,0.0,0.4,walk
1474,29.48,0.0,0.4000000059604645,0.23261642456054688,0.056895844638347626,0.07419691234827042,0.0069768112152814865,0,2000,strong30k,4,80,42,0.0,0.4,walk
1475,29.5,0.0,0.4000000059604645,0.2311168909072876,0.06376902014017105,0.09133676439523697,0.0014147236943244934,0,2000,strong30k,4,80,42,0.0,0.4,walk
1476,29.52,0.0,0.4000000059604645,0.22966039180755615,0.07284055650234222,0.10990562289953232,0.04057484120130539,0,2000,strong30k,4,80,42,0.0,0.4,walk
1477,29.54,0.0,0.4000000059604645,0.22813594341278076,0.0833442285656929,0.13022981584072113,0.08527960628271103,0,2000,strong30k,4,80,42,0.0,0.4,walk
1478,29.560000000000002,0.0,0.4000000059604645,0.22601330280303955,0.09903600066900253,0.15306778252124786,0.18578378856182098,0,2000,strong30k,4,80,42,0.0,0.4,walk
1479,29.580000000000002,0.0,0.4000000059604645,0.22356164455413818,0.1188698559999466,0.17436479032039642,0.21758657693862915,0,2000,strong30k,4,80,42,0.0,0.4,walk
1480,29.6,0.0,0.4000000059604645,0.2211977243423462,0.13545957207679749,0.19719795882701874,0.23069535195827484,0,2000,strong30k,4,80,42,0.0,0.4,walk
1481,29.62,0.0,0.4000000059604645,0.21886122226715088,0.15384003520011902,0.22112880647182465,0.2700800895690918,0,2000,strong30k,4,80,42,0.0,0.4,walk
1482,29.64,0.0,0.4000000059604645,0.21637308597564697,0.17130161821842194,0.2469993233680725,0.3199405372142792,0,2000,strong30k,4,80,42,0.0,0.4,walk
1483,29.66,0.0,0.4000000059604645,0.21368956565856934,0.18454411625862122,0.2782720625400543,0.3386107087135315,0,2000,strong30k,4,80,42,0.0,0.4,walk
1484,29.68,0.0,0.4000000059604645,0.21148228645324707,0.1976018100976944,0.31052038073539734,0.27333834767341614,0,2000,strong30k,4,80,42,0.0,0.4,walk
1485,29.7,0.0,0.4000000059604645,0.21040284633636475,0.2159600555896759,0.34267738461494446,0.21453264355659485,0,2000,strong30k,4,80,42,0.0,0.4,walk
1486,29.72,0.0,0.4000000059604645,0.21074140071868896,0.23019973933696747,0.3794907331466675,0.11378698796033859,0,2000,strong30k,4,80,42,0.0,0.4,walk
1487,29.740000000000002,0.0,0.4000000059604645,0.21230065822601318,0.23590458929538727,0.4235299825668335,0.02959875389933586,0,2000,strong30k,4,80,42,0.0,0.4,walk
1488,29.76,0.0,0.4000000059604645,0.21319663524627686,0.23380523920059204,0.4760969281196594,0.1272912323474884,0,2000,strong30k,4,80,42,0.0,0.4,walk
1489,29.78,0.0,0.4000000059604645,0.2121332883834839,0.23183879256248474,0.5256782174110413,0.3009674549102783,0,2000,strong30k,4,80,42,0.0,0.4,walk
1490,29.8,0.0,0.4000000059604645,0.20892775058746338,0.1993347853422165,0.5121285915374756,0.5935126543045044,0,2000,strong30k,4,80,42,0.0,0.4,walk
1491,29.82,0.0,0.4000000059604645,0.20814716815948486,0.17800749838352203,0.4387456178665161,-0.18215274810791016,0,2000,strong30k,4,80,42,0.0,0.4,walk
1492,29.84,0.0,0.4000000059604645,0.21289217472076416,0.14967890083789825,0.37072211503982544,-0.4229545593261719,0,2000,strong30k,4,80,42,0.0,0.4,walk
1493,29.86,0.0,0.4000000059604645,0.21813857555389404,0.12682774662971497,0.32467392086982727,-0.21862535178661346,0,2000,strong30k,4,80,42,0.0,0.4,walk
1494,29.88,0.0,0.4000000059604645,0.22004592418670654,0.10508672147989273,0.2962900996208191,0.20883789658546448,0,2000,strong30k,4,80,42,0.0,0.4,walk
1495,29.900000000000002,0.0,0.4000000059604645,0.21858370304107666,0.09131278097629547,0.26730096340179443,0.4320158362388611,0,2000,strong30k,4,80,42,0.0,0.4,walk
1496,29.92,0.0,0.4000000059604645,0.21539485454559326,0.08660247176885605,0.23903855681419373,0.48023223876953125,0,2000,strong30k,4,80,42,0.0,0.4,walk
1497,29.94,0.0,0.4000000059604645,0.2129448652267456,0.086654894053936,0.2121644914150238,0.27891209721565247,0,2000,strong30k,4,80,42,0.0,0.4,walk
1498,29.96,0.0,0.4000000059604645,0.21243298053741455,0.08623800426721573,0.18933913111686707,0.05366130918264389,0,2000,strong30k,4,80,42,0.0,0.4,walk
1499,29.98,0.0,0.4000000059604645,0.923585057258606,0.08207334578037262,0.17028360068798065,-0.11430065333843231,0,2000,strong30k,4,80,42,0.0,0.4,walk
1500,30.0,0.0,0.4000000059604645,0.9258261919021606,0.0775596871972084,0.15454448759555817,-0.20045948028564453,0,2000,strong30k,4,80,42,0.0,0.4,walk
1501,30.02,0.0,0.4000000059604645,0.9282182455062866,0.07640528678894043,0.13949282467365265,-0.20764459669589996,0,2000,strong30k,4,80,42,0.0,0.4,walk
1502,30.04,0.0,0.4000000059604645,0.9299236536026001,0.08335592597723007,0.12485833466053009,-0.12652800977230072,0,2000,strong30k,4,80,42,0.0,0.4,walk
1503,30.060000000000002,0.0,0.4000000059604645,0.9310175180435181,0.09714952856302261,0.10748692601919174,-0.11636757850646973,0,2000,strong30k,4,80,42,0.0,0.4,walk
1504,30.080000000000002,0.0,0.4000000059604645,0.931878924369812,0.11246432363986969,0.08960097283124924,-0.11110132932662964,0,2000,strong30k,4,80,42,0.0,0.4,walk
1505,30.1,0.0,0.4000000059604645,0.932170033454895,0.13177768886089325,0.07605721801519394,-0.07341545820236206,0,2000,strong30k,4,80,42,0.0,0.4,walk
1506,30.12,0.0,0.4000000059604645,0.9316068887710571,0.15133421123027802,0.06377692520618439,-0.015025099739432335,0,2000,strong30k,4,80,42,0.0,0.4,walk
1507,30.14,0.0,0.4000000059604645,0.929794192314148,0.1665343940258026,0.05024547874927521,0.07849063724279404,0,2000,strong30k,4,80,42,0.0,0.4,walk
1508,30.16,0.0,0.4000000059604645,0.9265295267105103,0.17584067583084106,0.03370005264878273,0.18444481492042542,0,2000,strong30k,4,80,42,0.0,0.4,walk
1509,30.18,0.0,0.4000000059604645,0.9221638441085815,0.1765836626291275,0.011919092386960983,0.28464657068252563,0,2000,strong30k,4,80,42,0.0,0.4,walk
1510,30.2,0.0,0.4000000059604645,0.9173456430435181,0.1661606729030609,-0.011229975149035454,0.35537487268447876,0,2000,strong30k,4,80,42,0.0,0.4,walk
1511,30.22,0.0,0.4000000059604645,0.9121085405349731,0.14960068464279175,-0.027583129703998566,0.4140429198741913,0,2000,strong30k,4,80,42,0.0,0.4,walk
1512,30.240000000000002,0.0,0.4000000059604645,0.9072927236557007,0.13187430799007416,-0.03377433121204376,0.22449739277362823,0,2000,strong30k,4,80,42,0.0,0.4,walk
1513,30.26,0.0,0.4000000059604645,0.9052523374557495,0.0987972542643547,-0.027056537568569183,-0.26006948947906494,0,2000,strong30k,4,80,42,0.0,0.4,walk
1514,30.28,0.0,0.4000000059604645,0.9044696092605591,0.07652252912521362,0.015653960406780243,0.18264037370681763,0,2000,strong30k,4,80,42,0.0,0.4,walk
1515,30.3,0.0,0.4000000059604645,0.8992036581039429,0.06906136870384216,0.038903433829545975,0.4034721851348877,0,2000,strong30k,4,80,42,0.0,0.4,walk
1516,30.32,0.0,0.4000000059604645,0.8937777280807495,0.06627070158720016,0.05477944761514664,0.3185381591320038,0,2000,strong30k,4,80,42,0.0,0.4,walk
1517,30.34,0.0,0.4000000059604645,0.8891521692276001,0.0691823661327362,0.07233075052499771,0.29810112714767456,0,2000,strong30k,4,80,42,0.0,0.4,walk
1518,30.36,0.0,0.4000000059604645,0.8844879865646362,0.07926540821790695,0.09015870839357376,0.36196479201316833,0,2000,strong30k,4,80,42,0.0,0.4,walk
1519,30.38,0.0,0.4000000059604645,0.8798266649246216,0.09091530740261078,0.10771945863962173,0.36243030428886414,0,2000,strong30k,4,80,42,0.0,0.4,walk
1520,30.400000000000002,0.0,0.4000000059604645,0.8753682374954224,0.10565958172082901,0.12739339470863342,0.38053640723228455,0,2000,strong30k,4,80,42,0.0,0.4,walk
1521,30.42,0.0,0.4000000059604645,0.870639443397522,0.1293734461069107,0.14824178814888,0.44007813930511475,0,2000,strong30k,4,80,42,0.0,0.4,walk
1522,30.44,0.0,0.4000000059604645,0.8662220239639282,0.15211698412895203,0.16748057305812836,0.41974133253097534,0,2000,strong30k,4,80,42,0.0,0.4,walk
1523,30.46,0.0,0.4000000059604645,0.8620046377182007,0.16821973025798798,0.19140630960464478,0.43659308552742004,0,2000,strong30k,4,80,42,0.0,0.4,walk
1524,30.48,0.0,0.4000000059604645,0.8575514554977417,0.1895391047000885,0.21718807518482208,0.5106601715087891,0,2000,strong30k,4,80,42,0.0,0.4,walk
1525,30.5,0.0,0.4000000059604645,0.8526955842971802,0.2055252194404602,0.24535033106803894,0.5605519413948059,0,2000,strong30k,4,80,42,0.0,0.4,walk
1526,30.52,0.0,0.4000000059604645,0.8477696180343628,0.21877965331077576,0.27599629759788513,0.5581344962120056,0,2000,strong30k,4,80,42,0.0,0.4,walk
1527,30.54,0.0,0.4000000059604645,0.8432015180587769,0.23463280498981476,0.3070707619190216,0.5668264031410217,0,2000,strong30k,4,80,42,0.0,0.4,walk
1528,30.560000000000002,0.0,0.4000000059604645,0.8393679857254028,0.24980586767196655,0.34096768498420715,0.5261794924736023,0,2000,strong30k,4,80,42,0.0,0.4,walk
1529,30.580000000000002,0.0,0.4000000059604645,0.8361028432846069,0.2596360146999359,0.3812979459762573,0.5117854475975037,0,2000,strong30k,4,80,42,0.0,0.4,walk
1530,30.6,0.0,0.4000000059604645,0.8321853876113892,0.2628941833972931,0.4284762740135193,0.5817842483520508,0,2000,strong30k,4,80,42,0.0,0.4,walk
1531,30.62,0.0,0.4000000059604645,0.826839804649353,0.264072448015213,0.4766342043876648,0.6663516163825989,0,2000,strong30k,4,80,42,0.0,0.4,walk
1532,30.64,0.0,0.4000000059604645,0.8210362195968628,0.2702862620353699,0.5192808508872986,0.6143977642059326,0,2000,strong30k,4,80,42,0.0,0.4,walk
1533,30.66,0.0,0.4000000059604645,0.8157626390457153,0.2301236242055893,0.4656541049480438,0.4733564853668213,0,2000,strong30k,4,80,42,0.0,0.4,walk
1534,30.68,0.0,0.4000000059604645,0.8151353597640991,0.1941034197807312,0.3954763114452362,-0.08352029323577881,0,2000,strong30k,4,80,42,0.0,0.4,walk
1535,30.7,0.0,0.4000000059604645,0.8176981210708618,0.16164854168891907,0.3314971327781677,-0.09162517637014389,0,2000,strong30k,4,80,42,0.0,0.4,walk
1536,30.72,0.0,0.4000000059604645,0.8187762498855591,0.14108221232891083,0.2898140251636505,0.2669890224933624,0,2000,strong30k,4,80,42,0.0,0.4,walk
1537,30.740000000000002,0.0,0.4000000059604645,0.815642237663269,0.12976762652397156,0.2647521495819092,0.7184212803840637,0,2000,strong30k,4,80,42,0.0,0.4,walk
1538,30.76,0.0,0.4000000059604645,0.8091176748275757,0.12046795338392258,0.2418595403432846,0.9237738847732544,0,2000,strong30k,4,80,42,0.0,0.4,walk
1539,30.78,0.0,0.4000000059604645,0.8022650480270386,0.11765050888061523,0.21248602867126465,0.7647234201431274,0,2000,strong30k,4,80,42,0.0,0.4,walk
1540,30.8,0.0,0.4000000059604645,0.7977627515792847,0.12175574898719788,0.1873638927936554,0.4106447100639343,0,2000,strong30k,4,80,42,0.0,0.4,walk
1541,30.82,0.0,0.4000000059604645,0.7965389490127563,0.1170092225074768,0.16632182896137238,0.0800621509552002,0,2000,strong30k,4,80,42,0.0,0.4,walk
1542,30.84,0.0,0.4000000059604645,0.7975820302963257,0.10813255608081818,0.1504160314798355,-0.1029442846775055,0,2000,strong30k,4,80,42,0.0,0.4,walk
1543,30.86,0.0,0.4000000059604645,0.7990297079086304,0.09969457238912582,0.13940753042697906,-0.10453606396913528,0,2000,strong30k,4,80,42,0.0,0.4,walk
1544,30.88,0.0,0.4000000059604645,0.7998887300491333,0.09648920595645905,0.12709449231624603,-0.05004057288169861,0,2000,strong30k,4,80,42,0.0,0.4,walk
1545,30.900000000000002,0.0,0.4000000059604645,0.800218939781189,0.10409905761480331,0.11150708794593811,-0.01877760887145996,0,2000,strong30k,4,80,42,0.0,0.4,walk
1546,30.92,0.0,0.4000000059604645,0.7998372316360474,0.12307416647672653,0.09714080393314362,0.02350516803562641,0,2000,strong30k,4,80,42,0.0,0.4,walk
1547,30.94,0.0,0.4000000059604645,0.7993341684341431,0.14293316006660461,0.0809134989976883,-0.0024921924341470003,0,2000,strong30k,4,80,42,0.0,0.4,walk
1548,30.96,0.0,0.4000000059604645,0.7985490560531616,0.16493314504623413,0.06841259449720383,0.017232386395335197,0,2000,strong30k,4,80,42,0.0,0.4,walk
1549,30.98,0.0,0.4000000059604645,0.7968813180923462,0.18340563774108887,0.05567748472094536,0.10073871165513992,0,2000,strong30k,4,80,42,0.0,0.4,walk
1550,31.0,0.0,0.4000000059604645,0.793667197227478,0.19670253992080688,0.043333765119314194,0.22708147764205933,0,2000,strong30k,4,80,42,0.0,0.4,walk
1551,31.02,0.0,0.4000000059604645,0.7890292406082153,0.20305083692073822,0.027343332767486572,0.3103387951850891,0,2000,strong30k,4,80,42,0.0,0.4,walk
1552,31.04,0.0,0.4000000059604645,0.7836977243423462,0.20080924034118652,0.006485972553491592,0.3560803532600403,0,2000,strong30k,4,80,42,0.0,0.4,walk
1553,31.060000000000002,0.0,0.4000000059604645,0.7786554098129272,0.18575364351272583,-0.014372266829013824,0.33926549553871155,0,2000,strong30k,4,80,42,0.0,0.4,walk
1554,31.080000000000002,0.0,0.4000000059604645,0.7745290994644165,0.1660022884607315,-0.022737767547369003,0.2187691330909729,0,2000,strong30k,4,80,42,0.0,0.4,walk
1555,31.1,0.0,0.4000000059604645,0.773255467414856,0.14093653857707977,-0.026026053354144096,-0.24109622836112976,0,2000,strong30k,4,80,42,0.0,0.4,walk
1556,31.12,0.0,0.4000000059604645,0.7757967710494995,0.0960492268204689,0.0017358229961246252,-0.3547492027282715,0,2000,strong30k,4,80,42,0.0,0.4,walk
1557,31.14,0.0,0.4000000059604645,0.7726372480392456,0.09061584621667862,0.03272068500518799,0.39863884449005127,0,2000,strong30k,4,80,42,0.0,0.4,walk
1558,31.16,0.0,0.4000000059604645,0.7657724618911743,0.0853080302476883,0.049919575452804565,0.5293989181518555,0,2000,strong30k,4,80,42,0.0,0.4,walk
1559,31.18,0.0,0.4000000059604645,0.7591694593429565,0.08507262170314789,0.06392890214920044,0.45859622955322266,0,2000,strong30k,4,80,42,0.0,0.4,walk
1560,31.2,0.0,0.4000000059604645,0.7531098127365112,0.09161302447319031,0.080851249396801,0.47104018926620483,0,2000,strong30k,4,80,42,0.0,0.4,walk
1561,31.220000000000002,0.0,0.4000000059604645,0.7473124265670776,0.10224136710166931,0.09708429872989655,0.4636237323284149,0,2000,strong30k,4,80,42,0.0,0.4,walk
1562,31.240000000000002,0.0,0.4000000059604645,0.7421139478683472,0.11206784844398499,0.11673866212368011,0.42077046632766724,0,2000,strong30k,4,80,42,0.0,0.4,walk
1563,31.26,0.0,0.4000000059604645,0.7369903326034546,0.1319647580385208,0.13932976126670837,0.46224528551101685,0,2000,strong30k,4,80,42,0.0,0.4,walk
1564,31.28,0.0,0.4000000059604645,0.7321285009384155,0.15530918538570404,0.1608296036720276,0.4396359920501709,0,2000,strong30k,4,80,42,0.0,0.4,walk
1565,31.3,0.0,0.4000000059604645,0.7277427911758423,0.17751353979110718,0.18502596020698547,0.42526957392692566,0,2000,strong30k,4,80,42,0.0,0.4,walk
1566,31.32,0.0,0.4000000059604645,0.7235771417617798,0.20217904448509216,0.2100113481283188,0.4463663101196289,0,2000,strong30k,4,80,42,0.0,0.4,walk
1567,31.34,0.0,0.4000000059604645,0.71941077709198,0.2240935117006302,0.23736193776130676,0.48311150074005127,0,2000,strong30k,4,80,42,0.0,0.4,walk
1568,31.36,0.0,0.4000000059604645,0.715032696723938,0.23862643539905548,0.2703079879283905,0.5044549703598022,0,2000,strong30k,4,80,42,0.0,0.4,walk
1569,31.38,0.0,0.4000000059604645,0.7111741304397583,0.2518690824508667,0.30280759930610657,0.4340602159500122,0,2000,strong30k,4,80,42,0.0,0.4,walk
1570,31.400000000000002,0.0,0.4000000059604645,0.7079986333847046,0.27039334177970886,0.335409015417099,0.4484131336212158,0,2000,strong30k,4,80,42,0.0,0.4,walk
1571,31.42,0.0,0.4000000059604645,0.7054625749588013,0.2862841784954071,0.3714629113674164,0.4196845293045044,0,2000,strong30k,4,80,42,0.0,0.4,walk
1572,31.44,0.0,0.4000000059604645,0.7029517889022827,0.2952865958213806,0.41483962535858154,0.4484212100505829,0,2000,strong30k,4,80,42,0.0,0.4,walk
1573,31.46,0.0,0.4000000059604645,0.6989461183547974,0.2983458340167999,0.4639415442943573,0.5779147744178772,0,2000,strong30k,4,80,42,0.0,0.4,walk
1574,31.48,0.0,0.4000000059604645,0.6935847997665405,0.3035731911659241,0.5085582733154297,0.6335199475288391,0,2000,strong30k,4,80,42,0.0,0.4,walk
1575,31.5,0.0,0.4000000059604645,0.6877239942550659,0.2782112658023834,0.5049195885658264,0.5930845141410828,0,2000,strong30k,4,80,42,0.0,0.4,walk
1576,31.52,0.0,0.4000000059604645,0.6851626634597778,0.23651348054409027,0.4220217764377594,0.015651877969503403,0,2000,strong30k,4,80,42,0.0,0.4,walk
1577,31.54,0.0,0.4000000059604645,0.6876453161239624,0.1975218653678894,0.35351794958114624,-0.1971510946750641,0,2000,strong30k,4,80,42,0.0,0.4,walk
1578,31.560000000000002,0.0,0.4000000059604645,0.6903043985366821,0.16944235563278198,0.30474862456321716,0.06342294812202454,0,2000,strong30k,4,80,42,0.0,0.4,walk
1579,31.580000000000002,0.0,0.4000000059604645,0.6892968416213989,0.15381793677806854,0.27724403142929077,0.5201438665390015,0,2000,strong30k,4,80,42,0.0,0.4,walk
1580,31.6,0.0,0.4000000059604645,0.684357762336731,0.14185930788516998,0.25221556425094604,0.8357515335083008,0,2000,strong30k,4,80,42,0.0,0.4,walk
1581,31.62,0.0,0.4000000059604645,0.6777790784835815,0.13898882269859314,0.2240683138370514,0.8125393390655518,0,2000,strong30k,4,80,42,0.0,0.4,walk
1582,31.64,0.0,0.4000000059604645,0.6726800203323364,0.13549275696277618,0.20005543529987335,0.5169879198074341,0,2000,strong30k,4,80,42,0.0,0.4,walk
1583,31.66,0.0,0.4000000059604645,0.6707416772842407,0.13759219646453857,0.1794031262397766,0.12124411761760712,0,2000,strong30k,4,80,42,0.0,0.4,walk
1584,31.68,0.0,0.4000000059604645,0.6713982820510864,0.13051405549049377,0.16309025883674622,-0.06379839777946472,0,2000,strong30k,4,80,42,0.0,0.4,walk
1585,31.7,0.0,0.4000000059604645,0.673277735710144,0.11834156513214111,0.14710824191570282,-0.16023662686347961,0,2000,strong30k,4,80,42,0.0,0.4,walk
1586,31.720000000000002,0.0,0.4000000059604645,0.6748429536819458,0.11721742898225784,0.13655829429626465,-0.1097312718629837,0,2000,strong30k,4,80,42,0.0,0.4,walk
1587,31.740000000000002,0.0,0.4000000059604645,0.676101803779602,0.11904934793710709,0.11893828958272934,-0.09220010042190552,0,2000,strong30k,4,80,42,0.0,0.4,walk
1588,31.76,0.0,0.4000000059604645,0.6760345697402954,0.13779416680335999,0.10677719861268997,0.02806388959288597,0,2000,strong30k,4,80,42,0.0,0.4,walk
1589,31.78,0.0,0.4000000059604645,0.6756500005722046,0.15520735085010529,0.08872652053833008,0.007465002126991749,0,2000,strong30k,4,80,42,0.0,0.4,walk
1590,31.8,0.0,0.4000000059604645,0.6749674081802368,0.1777128428220749,0.07688703387975693,0.013147430494427681,0,2000,strong30k,4,80,42,0.0,0.4,walk
1591,31.82,0.0,0.4000000059604645,0.6737688779830933,0.1998612880706787,0.0660332664847374,0.04330002889037132,0,2000,strong30k,4,80,42,0.0,0.4,walk
1592,31.84,0.0,0.4000000059604645,0.6715644598007202,0.2191329151391983,0.05497729405760765,0.12021029740571976,0,2000,strong30k,4,80,42,0.0,0.4,walk
1593,31.86,0.0,0.4000000059604645,0.668237566947937,0.23074185848236084,0.040827542543411255,0.1874346286058426,0,2000,strong30k,4,80,42,0.0,0.4,walk
1594,31.88,0.0,0.4000000059604645,0.6642333269119263,0.23469743132591248,0.021933773532509804,0.2276972234249115,0,2000,strong30k,4,80,42,0.0,0.4,walk
1595,31.900000000000002,0.0,0.4000000059604645,0.6601501703262329,0.228517085313797,0.0013803931651636958,0.25203001499176025,0,2000,strong30k,4,80,42,0.0,0.4,walk
1596,31.92,0.0,0.4000000059604645,0.6563171148300171,0.2116008698940277,-0.015112043358385563,0.2436918467283249,0,2000,strong30k,4,80,42,0.0,0.4,walk
1597,31.94,0.0,0.4000000059604645,0.6534758806228638,0.19408643245697021,-0.015903037041425705,0.02380005083978176,0,2000,strong30k,4,80,42,0.0,0.4,walk
1598,31.96,0.0,0.4000000059604645,0.6529537439346313,0.17311698198318481,-0.02033420093357563,-0.12673014402389526,0,2000,strong30k,4,80,42,0.0,0.4,walk
1599,31.98,0.0,0.4000000059604645,0.6527494192123413,0.13037310540676117,0.031248053535819054,0.15358328819274902,0,2000,strong30k,4,80,42,0.0,0.4,walk
1600,32.0,0.0,0.4000000059604645,0.6475483179092407,0.11642824858427048,0.05414706468582153,0.4056427478790283,0,2000,strong30k,4,80,42,0.0,0.4,walk
1601,32.02,0.0,0.4000000059604645,0.642034649848938,0.11114320904016495,0.068601094186306,0.3235929012298584,0,2000,strong30k,4,80,42,0.0,0.4,walk
1602,32.04,0.0,0.4000000059604645,0.6375490427017212,0.11016222089529037,0.08390330523252487,0.2744778096675873,0,2000,strong30k,4,80,42,0.0,0.4,walk
1603,32.06,0.0,0.4000000059604645,0.6332989931106567,0.11686068773269653,0.10112754255533218,0.3115304410457611,0,2000,strong30k,4,80,42,0.0,0.4,walk
1604,32.08,0.0,0.4000000059604645,0.6289621591567993,0.12672923505306244,0.11833653599023819,0.3411722183227539,0,2000,strong30k,4,80,42,0.0,0.4,walk
1605,32.1,0.0,0.4000000059604645,0.6249622106552124,0.138594850897789,0.13778109848499298,0.3113427758216858,0,2000,strong30k,4,80,42,0.0,0.4,walk
1606,32.12,0.0,0.4000000059604645,0.6209367513656616,0.160992830991745,0.15959922969341278,0.3819831609725952,0,2000,strong30k,4,80,42,0.0,0.4,walk
1607,32.14,0.0,0.4000000059604645,0.6170049905776978,0.18138068914413452,0.18097057938575745,0.3585697412490845,0,2000,strong30k,4,80,42,0.0,0.4,walk
1608,32.160000000000004,0.0,0.4000000059604645,0.6133445501327515,0.20046062767505646,0.20447763800621033,0.3906952142715454,0,2000,strong30k,4,80,42,0.0,0.4,walk
1609,32.18,0.0,0.4000000059604645,0.6095813512802124,0.21996885538101196,0.23038563132286072,0.4236360192298889,0,2000,strong30k,4,80,42,0.0,0.4,walk
1610,32.2,0.0,0.4000000059604645,0.6056777238845825,0.23804916441440582,0.2590600252151489,0.4693642258644104,0,2000,strong30k,4,80,42,0.0,0.4,walk
1611,32.22,0.0,0.4000000059604645,0.6015692949295044,0.25670763850212097,0.29106220602989197,0.4976555109024048,0,2000,strong30k,4,80,42,0.0,0.4,walk
1612,32.24,0.0,0.4000000059604645,0.5977002382278442,0.2718811333179474,0.3247773349285126,0.4828588366508484,0,2000,strong30k,4,80,42,0.0,0.4,walk
1613,32.26,0.0,0.4000000059604645,0.594793438911438,0.28916430473327637,0.35937994718551636,0.4210025668144226,0,2000,strong30k,4,80,42,0.0,0.4,walk
1614,32.28,0.0,0.4000000059604645,0.5929838418960571,0.29923319816589355,0.3994753658771515,0.3434355854988098,0,2000,strong30k,4,80,42,0.0,0.4,walk
1615,32.3,0.0,0.4000000059604645,0.5910662412643433,0.30192673206329346,0.4468672275543213,0.3785809576511383,0,2000,strong30k,4,80,42,0.0,0.4,walk
1616,32.32,0.0,0.4000000059604645,0.5877655744552612,0.3030734062194824,0.4957784414291382,0.4881281852722168,0,2000,strong30k,4,80,42,0.0,0.4,walk
1617,32.34,0.0,0.4000000059604645,0.5833390951156616,0.3048691153526306,0.5357341766357422,0.5759336948394775,0,2000,strong30k,4,80,42,0.0,0.4,walk
1618,32.36,0.0,0.4000000059604645,0.5786970853805542,0.2583959400653839,0.4651842415332794,0.2508193850517273,0,2000,strong30k,4,80,42,0.0,0.4,walk
1619,32.38,0.0,0.4000000059604645,0.5798953771591187,0.22241844236850739,0.39226263761520386,-0.20845520496368408,0,2000,strong30k,4,80,42,0.0,0.4,walk
1620,32.4,0.0,0.4000000059604645,0.5835272073745728,0.19006814062595367,0.33457210659980774,-0.1317712366580963,0,2000,strong30k,4,80,42,0.0,0.4,walk
1621,32.42,0.0,0.4000000059604645,0.584912896156311,0.16977007687091827,0.2996111810207367,0.2621634006500244,0,2000,strong30k,4,80,42,0.0,0.4,walk
1622,32.44,0.0,0.4000000059604645,0.5820225477218628,0.15604762732982635,0.2736677825450897,0.6750938296318054,0,2000,strong30k,4,80,42,0.0,0.4,walk
1623,32.46,0.0,0.4000000059604645,0.5765496492385864,0.14916756749153137,0.24687129259109497,0.7592560052871704,0,2000,strong30k,4,80,42,0.0,0.4,walk
1624,32.480000000000004,0.0,0.4000000059604645,0.5714908838272095,0.14172860980033875,0.21989624202251434,0.5732991099357605,0,2000,strong30k,4,80,42,0.0,0.4,walk
1625,32.5,0.0,0.4000000059604645,0.5688146352767944,0.14751914143562317,0.19858598709106445,0.2138315588235855,0,2000,strong30k,4,80,42,0.0,0.4,walk
1626,32.52,0.0,0.4000000059604645,0.5686942338943481,0.14227956533432007,0.17988371849060059,0.007005727384239435,0,2000,strong30k,4,80,42,0.0,0.4,walk
1627,32.54,0.0,0.4000000059604645,0.5705040693283081,0.13200977444648743,0.1613161861896515,-0.1753772497177124,0,2000,strong30k,4,80,42,0.0,0.4,walk
1628,32.56,0.0,0.4000000059604645,0.5725940465927124,0.12818273901939392,0.15026350319385529,-0.15879663825035095,0,2000,strong30k,4,80,42,0.0,0.4,walk
1629,32.58,0.0,0.4000000059604645,0.5742861032485962,0.1269976645708084,0.13346095383167267,-0.11808854341506958,0,2000,strong30k,4,80,42,0.0,0.4,walk
1630,32.6,0.0,0.4000000059604645,0.5745865106582642,0.14052611589431763,0.12151989340782166,0.005921207368373871,0,2000,strong30k,4,80,42,0.0,0.4,walk
1631,32.62,0.0,0.4000000059604645,0.5743228197097778,0.15801240503787994,0.10485522449016571,0.003092780476436019,0,2000,strong30k,4,80,42,0.0,0.4,walk
1632,32.64,0.0,0.4000000059604645,0.5740162134170532,0.17802312970161438,0.09081263840198517,-0.02857334539294243,0,2000,strong30k,4,80,42,0.0,0.4,walk
1633,32.660000000000004,0.0,0.4000000059604645,0.5734685659408569,0.20103691518306732,0.08025006204843521,-0.017557578161358833,0,2000,strong30k,4,80,42,0.0,0.4,walk
1634,32.68,0.0,0.4000000059604645,0.5722650289535522,0.22303473949432373,0.06935600936412811,0.022893302142620087,0,2000,strong30k,4,80,42,0.0,0.4,walk
1635,32.7,0.0,0.4000000059604645,0.5700353384017944,0.238882914185524,0.05670563504099846,0.09966140985488892,0,2000,strong30k,4,80,42,0.0,0.4,walk
1636,32.72,0.0,0.4000000059604645,0.5668777227401733,0.24697434902191162,0.04003363102674484,0.15482701361179352,0,2000,strong30k,4,80,42,0.0,0.4,walk
1637,32.74,0.0,0.4000000059604645,0.5633012056350708,0.24652792513370514,0.02019137144088745,0.195312038064003,0,2000,strong30k,4,80,42,0.0,0.4,walk
1638,32.76,0.0,0.4000000059604645,0.5599061250686646,0.23574884235858917,0.001866872888058424,0.19292482733726501,0,2000,strong30k,4,80,42,0.0,0.4,walk
1639,32.78,0.0,0.4000000059604645,0.5568591356277466,0.2213645577430725,-0.0058873058296740055,0.14290541410446167,0,2000,strong30k,4,80,42,0.0,0.4,walk
1640,32.8,0.0,0.4000000059604645,0.5556222200393677,0.2019423544406891,-0.008184744976460934,-0.18524163961410522,0,2000,strong30k,4,80,42,0.0,0.4,walk
1641,32.82,0.0,0.4000000059604645,0.5577317476272583,0.15006108582019806,0.02284899540245533,-0.42640236020088196,0,2000,strong30k,4,80,42,0.0,0.4,walk
1642,32.84,0.0,0.4000000059604645,0.5554400682449341,0.1379779577255249,0.05384938791394234,0.2772008180618286,0,2000,strong30k,4,80,42,0.0,0.4,walk
1643,32.86,0.0,0.4000000059604645,0.5500491857528687,0.12792697548866272,0.07142698019742966,0.3567361831665039,0,2000,strong30k,4,80,42,0.0,0.4,walk
1644,32.88,0.0,0.4000000059604645,0.5451518297195435,0.12407827377319336,0.08481074869632721,0.2770984172821045,0,2000,strong30k,4,80,42,0.0,0.4,walk
1645,32.9,0.0,0.4000000059604645,0.5408869981765747,0.12725424766540527,0.10085070878267288,0.2858830690383911,0,2000,strong30k,4,80,42,0.0,0.4,walk
1646,32.92,0.0,0.4000000059604645,0.5367668867111206,0.1351599544286728,0.1166149228811264,0.30340608954429626,0,2000,strong30k,4,80,42,0.0,0.4,walk
1647,32.94,0.0,0.4000000059604645,0.5329188108444214,0.14231745898723602,0.13588544726371765,0.29954007267951965,0,2000,strong30k,4,80,42,0.0,0.4,walk
1648,32.96,0.0,0.4000000059604645,0.5288974046707153,0.15794838964939117,0.15847694873809814,0.3557926416397095,0,2000,strong30k,4,80,42,0.0,0.4,walk
1649,32.980000000000004,0.0,0.4000000059604645,0.5249413251876831,0.1795012205839157,0.17987053096294403,0.35766321420669556,0,2000,strong30k,4,80,42,0.0,0.4,walk
1650,33.0,0.0,0.4000000059604645,0.5213924646377563,0.19755524396896362,0.20411737263202667,0.3319517970085144,0,2000,strong30k,4,80,42,0.0,0.4,walk
1651,33.02,0.0,0.4000000059604645,0.5180705785751343,0.2201567441225052,0.22915878891944885,0.36606770753860474,0,2000,strong30k,4,80,42,0.0,0.4,walk
1652,33.04,0.0,0.4000000059604645,0.514607310295105,0.2403298318386078,0.25612673163414,0.41968804597854614,0,2000,strong30k,4,80,42,0.0,0.4,walk
1653,33.06,0.0,0.4000000059604645,0.510928750038147,0.2549000680446625,0.2879030406475067,0.44170647859573364,0,2000,strong30k,4,80,42,0.0,0.4,walk
1654,33.08,0.0,0.4000000059604645,0.5077368021011353,0.2677786648273468,0.32102063298225403,0.36936280131340027,0,2000,strong30k,4,80,42,0.0,0.4,walk
1655,33.1,0.0,0.4000000059604645,0.5054506063461304,0.2865774929523468,0.3539274036884308,0.35028839111328125,0,2000,strong30k,4,80,42,0.0,0.4,walk
1656,33.12,0.0,0.4000000059604645,0.5043128728866577,0.30191636085510254,0.390198290348053,0.27179181575775146,0,2000,strong30k,4,80,42,0.0,0.4,walk
1657,33.14,0.0,0.4000000059604645,0.5036569833755493,0.3093091547489166,0.4350135922431946,0.26949578523635864,0,2000,strong30k,4,80,42,0.0,0.4,walk
1658,33.160000000000004,0.0,0.4000000059604645,0.5015836954116821,0.30998578667640686,0.48625674843788147,0.40502485632896423,0,2000,strong30k,4,80,42,0.0,0.4,walk
1659,33.18,0.0,0.4000000059604645,0.4977210760116577,0.31345510482788086,0.5336049795150757,0.5179741382598877,0,2000,strong30k,4,80,42,0.0,0.4,walk
1660,33.2,0.0,0.4000000059604645,0.49272048473358154,0.2902519404888153,0.5224990248680115,0.4175185561180115,0,2000,strong30k,4,80,42,0.0,0.4,walk
1661,33.22,0.0,0.4000000059604645,0.4914194345474243,0.24693910777568817,0.4350632131099701,-0.09833414852619171,0,2000,strong30k,4,80,42,0.0,0.4,walk
1662,33.24,0.0,0.4000000059604645,0.49494850635528564,0.2106146514415741,0.3653680384159088,-0.27520477771759033,0,2000,strong30k,4,80,42,0.0,0.4,walk
1663,33.26,0.0,0.4000000059604645,0.4982980489730835,0.18469493091106415,0.31894031167030334,0.007804431952536106,0,2000,strong30k,4,80,42,0.0,0.4,walk
1664,33.28,0.0,0.4000000059604645,0.49775683879852295,0.1687057763338089,0.29155033826828003,0.463549941778183,0,2000,strong30k,4,80,42,0.0,0.4,walk
1665,33.3,0.0,0.4000000059604645,0.4934476613998413,0.15632927417755127,0.2654290199279785,0.7383683919906616,0,2000,strong30k,4,80,42,0.0,0.4,walk
1666,33.32,0.0,0.4000000059604645,0.48776209354400635,0.15169644355773926,0.2362770289182663,0.7004871368408203,0,2000,strong30k,4,80,42,0.0,0.4,walk
1667,33.34,0.0,0.4000000059604645,0.4836479425430298,0.14701801538467407,0.21088068187236786,0.4103562831878662,0,2000,strong30k,4,80,42,0.0,0.4,walk
1668,33.36,0.0,0.4000000059604645,0.48250067234039307,0.14672723412513733,0.19046719372272491,0.050083279609680176,0,2000,strong30k,4,80,42,0.0,0.4,walk
1669,33.38,0.0,0.4000000059604645,0.4837876558303833,0.1395270973443985,0.17465375363826752,-0.13345003128051758,0,2000,strong30k,4,80,42,0.0,0.4,walk
1670,33.4,0.0,0.4000000059604645,0.48629534244537354,0.12831167876720428,0.15812461078166962,-0.2280651032924652,0,2000,strong30k,4,80,42,0.0,0.4,walk
1671,33.42,0.0,0.4000000059604645,0.4885607957839966,0.12768198549747467,0.14701828360557556,-0.18637259304523468,0,2000,strong30k,4,80,42,0.0,0.4,walk
1672,33.44,0.0,0.4000000059604645,0.490451455116272,0.12995515763759613,0.1299605667591095,-0.15432655811309814,0,2000,strong30k,4,80,42,0.0,0.4,walk
1673,33.46,0.0,0.4000000059604645,0.491122841835022,0.14723828434944153,0.11625859886407852,-0.045733459293842316,0,2000,strong30k,4,80,42,0.0,0.4,walk
1674,33.480000000000004,0.0,0.4000000059604645,0.491313099861145,0.16386659443378448,0.09914116561412811,-0.04402323067188263,0,2000,strong30k,4,80,42,0.0,0.4,walk
1675,33.5,0.0,0.4000000059604645,0.49113214015960693,0.1852148175239563,0.08727230876684189,-0.039617445319890976,0,2000,strong30k,4,80,42,0.0,0.4,walk
1676,33.52,0.0,0.4000000059604645,0.4904376268386841,0.2059488296508789,0.07706638425588608,-0.013006098568439484,0,2000,strong30k,4,80,42,0.0,0.4,walk
1677,33.54,0.0,0.4000000059604645,0.4888187646865845,0.2230135053396225,0.06597583740949631,0.05399298667907715,0,2000,strong30k,4,80,42,0.0,0.4,walk
1678,33.56,0.0,0.4000000059604645,0.4861568212509155,0.23275843262672424,0.05181962624192238,0.11429262906312943,0,2000,strong30k,4,80,42,0.0,0.4,walk
1679,33.58,0.0,0.4000000059604645,0.4829784631729126,0.2347833663225174,0.03344208374619484,0.13588735461235046,0,2000,strong30k,4,80,42,0.0,0.4,walk
1680,33.6,0.0,0.4000000059604645,0.47996246814727783,0.2273482233285904,0.013832969591021538,0.13637074828147888,0,2000,strong30k,4,80,42,0.0,0.4,walk
1681,33.62,0.0,0.4000000059604645,0.47732365131378174,0.21014420688152313,-0.0019678606186062098,0.12130962312221527,0,2000,strong30k,4,80,42,0.0,0.4,walk
1682,33.64,0.0,0.4000000059604645,0.47537171840667725,0.1933578997850418,-0.0023330801632255316,-0.026919545605778694,0,2000,strong30k,4,80,42,0.0,0.4,walk
1683,33.660000000000004,0.0,0.4000000059604645,0.47587454319000244,0.17168152332305908,-0.0012119667371734977,-0.3801869750022888,0,2000,strong30k,4,80,42,0.0,0.4,walk
1684,33.68,0.0,0.4000000059604645,0.47862398624420166,0.1286902278661728,0.045371510088443756,-0.13314752280712128,0,2000,strong30k,4,80,42,0.0,0.4,walk
1685,33.7,0.0,0.4000000059604645,0.4756220579147339,0.1131875142455101,0.06962472945451736,0.23780912160873413,0,2000,strong30k,4,80,42,0.0,0.4,walk
1686,33.72,0.0,0.4000000059604645,0.4711803197860718,0.10884831845760345,0.08325734734535217,0.2523750364780426,0,2000,strong30k,4,80,42,0.0,0.4,walk
1687,33.74,0.0,0.4000000059604645,0.46710145473480225,0.10942329466342926,0.09690634906291962,0.25056809186935425,0,2000,strong30k,4,80,42,0.0,0.4,walk
1688,33.76,0.0,0.4000000059604645,0.46283113956451416,0.11670279502868652,0.11129134893417358,0.32096946239471436,0,2000,strong30k,4,80,42,0.0,0.4,walk
1689,33.78,0.0,0.4000000059604645,0.4583998918533325,0.12783898413181305,0.12561768293380737,0.3470461070537567,0,2000,strong30k,4,80,42,0.0,0.4,walk
1690,33.8,0.0,0.4000000059604645,0.4545086622238159,0.13981910049915314,0.1428235024213791,0.2833394408226013,0,2000,strong30k,4,80,42,0.0,0.4,walk
1691,33.82,0.0,0.4000000059604645,0.4509161710739136,0.16262412071228027,0.16305699944496155,0.3235032558441162,0,2000,strong30k,4,80,42,0.0,0.4,walk
1692,33.84,0.0,0.4000000059604645,0.4476209878921509,0.18319092690944672,0.18412014842033386,0.28609439730644226,0,2000,strong30k,4,80,42,0.0,0.4,walk
1693,33.86,0.0,0.4000000059604645,0.4447287321090698,0.20258696377277374,0.20734070241451263,0.3051055073738098,0,2000,strong30k,4,80,42,0.0,0.4,walk
1694,33.88,0.0,0.4000000059604645,0.4416600465774536,0.22251833975315094,0.23321357369422913,0.3610107898712158,0,2000,strong30k,4,80,42,0.0,0.4,walk
1695,33.9,0.0,0.4000000059604645,0.4383503198623657,0.24138033390045166,0.2614622116088867,0.41070494055747986,0,2000,strong30k,4,80,42,0.0,0.4,walk
1696,33.92,0.0,0.4000000059604645,0.4348222017288208,0.260078489780426,0.29348254203796387,0.43527597188949585,0,2000,strong30k,4,80,42,0.0,0.4,walk
1697,33.94,0.0,0.4000000059604645,0.43165862560272217,0.2765149176120758,0.32693126797676086,0.4042826294898987,0,2000,strong30k,4,80,42,0.0,0.4,walk
1698,33.96,0.0,0.4000000059604645,0.4296199083328247,0.2938898503780365,0.36215636134147644,0.3263237178325653,0,2000,strong30k,4,80,42,0.0,0.4,walk
1699,33.980000000000004,0.0,0.4000000059604645,0.4289623498916626,0.3045281767845154,0.40322840213775635,0.2188178151845932,0,2000,strong30k,4,80,42,0.0,0.4,walk
1700,34.0,0.0,0.4000000059604645,0.4285334348678589,0.3076938986778259,0.45202523469924927,0.22733701765537262,0,2000,strong30k,4,80,42,0.0,0.4,walk
1701,34.02,0.0,0.4000000059604645,0.42675232887268066,0.3086588978767395,0.5031550526618958,0.34795913100242615,0,2000,strong30k,4,80,42,0.0,0.4,walk
1702,34.04,0.0,0.4000000059604645,0.42353808879852295,0.3141990900039673,0.5461164712905884,0.43872207403182983,0,2000,strong30k,4,80,42,0.0,0.4,walk
1703,34.06,0.0,0.4000000059604645,0.41938769817352295,0.26672041416168213,0.47822192311286926,0.22369176149368286,0,2000,strong30k,4,80,42,0.0,0.4,walk
1704,34.08,0.0,0.4000000059604645,0.4209946393966675,0.22939495742321014,0.4046406149864197,-0.2645302712917328,0,2000,strong30k,4,80,42,0.0,0.4,walk
1705,34.1,0.0,0.4000000059604645,0.42532527446746826,0.19438163936138153,0.34289902448654175,-0.2127169519662857,0,2000,strong30k,4,80,42,0.0,0.4,walk
1706,34.12,0.0,0.4000000059604645,0.42756569385528564,0.1710033118724823,0.3058471381664276,0.1751403510570526,0,2000,strong30k,4,80,42,0.0,0.4,walk
1707,34.14,0.0,0.4000000059604645,0.42573976516723633,0.15184149146080017,0.2798211872577667,0.5691260099411011,0,2000,strong30k,4,80,42,0.0,0.4,walk
1708,34.160000000000004,0.0,0.4000000059604645,0.4211874008178711,0.14368316531181335,0.2524740695953369,0.6647272109985352,0,2000,strong30k,4,80,42,0.0,0.4,walk
1709,34.18,0.0,0.4000000059604645,0.4168180227279663,0.14132684469223022,0.22460739314556122,0.5072078704833984,0,2000,strong30k,4,80,42,0.0,0.4,walk
1710,34.2,0.0,0.4000000059604645,0.4144935607910156,0.1444813758134842,0.20223724842071533,0.2059650719165802,0,2000,strong30k,4,80,42,0.0,0.4,walk
1711,34.22,0.0,0.4000000059604645,0.4148368835449219,0.1393975019454956,0.18156038224697113,-0.05723528563976288,0,2000,strong30k,4,80,42,0.0,0.4,walk
1712,34.24,0.0,0.4000000059604645,0.416904091835022,0.13081948459148407,0.16543491184711456,-0.19204577803611755,0,2000,strong30k,4,80,42,0.0,0.4,walk
1713,34.26,0.0,0.4000000059604645,0.4192783832550049,0.12401050329208374,0.15134775638580322,-0.19046300649642944,0,2000,strong30k,4,80,42,0.0,0.4,walk
1714,34.28,0.0,0.4000000059604645,0.4212050437927246,0.12520185112953186,0.13609595596790314,-0.15207603573799133,0,2000,strong30k,4,80,42,0.0,0.4,walk
1715,34.300000000000004,0.0,0.4000000059604645,0.42213010787963867,0.13712456822395325,0.1223328486084938,-0.06628018617630005,0,2000,strong30k,4,80,42,0.0,0.4,walk
1716,34.32,0.0,0.4000000059604645,0.4225294589996338,0.15431781113147736,0.1055271252989769,-0.06398925185203552,0,2000,strong30k,4,80,42,0.0,0.4,walk
1717,34.34,0.0,0.4000000059604645,0.4228564500808716,0.17438168823719025,0.0900886133313179,-0.08796621859073639,0,2000,strong30k,4,80,42,0.0,0.4,walk
1718,34.36,0.0,0.4000000059604645,0.42284107208251953,0.19572941958904266,0.07855577766895294,-0.06518986076116562,0,2000,strong30k,4,80,42,0.0,0.4,walk
1719,34.38,0.0,0.4000000059604645,0.42201292514801025,0.21620163321495056,0.06713403761386871,-0.009661388583481312,0,2000,strong30k,4,80,42,0.0,0.4,walk
1720,34.4,0.0,0.4000000059604645,0.41996073722839355,0.23073072731494904,0.054245878010988235,0.07737576961517334,0,2000,strong30k,4,80,42,0.0,0.4,walk
1721,34.42,0.0,0.4000000059604645,0.4169433116912842,0.23883289098739624,0.03669703006744385,0.12318519502878189,0,2000,strong30k,4,80,42,0.0,0.4,walk
1722,34.44,0.0,0.4000000059604645,0.41385579109191895,0.23755937814712524,0.015416550450026989,0.12145353853702545,0,2000,strong30k,4,80,42,0.0,0.4,walk
1723,34.46,0.0,0.4000000059604645,0.4114474058151245,0.22621405124664307,-0.004645847715437412,0.09033180773258209,0,2000,strong30k,4,80,42,0.0,0.4,walk
1724,34.480000000000004,0.0,0.4000000059604645,0.4093284606933594,0.21143804490566254,-0.013029123656451702,0.06578812003135681,0,2000,strong30k,4,80,42,0.0,0.4,walk
1725,34.5,0.0,0.4000000059604645,0.4085177183151245,0.19231019914150238,-0.015252357348799706,-0.189555823802948,0,2000,strong30k,4,80,42,0.0,0.4,walk
1726,34.52,0.0,0.4000000059604645,0.4107239246368408,0.1393275260925293,0.018490415066480637,-0.41325482726097107,0,2000,strong30k,4,80,42,0.0,0.4,walk
1727,34.54,0.0,0.4000000059604645,0.40893709659576416,0.12588593363761902,0.05128375068306923,0.1900041103363037,0,2000,strong30k,4,80,42,0.0,0.4,walk
1728,34.56,0.0,0.4000000059604645,0.404483437538147,0.1149502843618393,0.07039710134267807,0.24911125004291534,0,2000,strong30k,4,80,42,0.0,0.4,walk
1729,34.58,0.0,0.4000000059604645,0.40075695514678955,0.11198394745588303,0.08479867875576019,0.15091195702552795,0,2000,strong30k,4,80,42,0.0,0.4,walk
1730,34.6,0.0,0.4000000059604645,0.3978005647659302,0.11509066820144653,0.10108798742294312,0.14956285059452057,0,2000,strong30k,4,80,42,0.0,0.4,walk
1731,34.62,0.0,0.4000000059604645,0.394930362701416,0.1216934472322464,0.11727652698755264,0.17900708317756653,0,2000,strong30k,4,80,42,0.0,0.4,walk
1732,34.64,0.0,0.4000000059604645,0.3921915292739868,0.12908850610256195,0.1366729587316513,0.1990145742893219,0,2000,strong30k,4,80,42,0.0,0.4,walk
1733,34.660000000000004,0.0,0.4000000059604645,0.38905394077301025,0.14445315301418304,0.1592032015323639,0.27423572540283203,0,2000,strong30k,4,80,42,0.0,0.4,walk
1734,34.68,0.0,0.4000000059604645,0.3858598470687866,0.16500239074230194,0.18033505976200104,0.2832856774330139,0,2000,strong30k,4,80,42,0.0,0.4,walk
1735,34.7,0.0,0.4000000059604645,0.38292431831359863,0.18187136948108673,0.20420119166374207,0.27666419744491577,0,2000,strong30k,4,80,42,0.0,0.4,walk
1736,34.72,0.0,0.4000000059604645,0.38014841079711914,0.20247313380241394,0.22857621312141418,0.31196409463882446,0,2000,strong30k,4,80,42,0.0,0.4,walk
1737,34.74,0.0,0.4000000059604645,0.3771730661392212,0.22096006572246552,0.2555011510848999,0.3718993663787842,0,2000,strong30k,4,80,42,0.0,0.4,walk
1738,34.76,0.0,0.4000000059604645,0.3739374876022339,0.234348326921463,0.2870061695575714,0.3974662125110626,0,2000,strong30k,4,80,42,0.0,0.4,walk
1739,34.78,0.0,0.4000000059604645,0.3711487054824829,0.2472359836101532,0.3198234438896179,0.3309938907623291,0,2000,strong30k,4,80,42,0.0,0.4,walk
1740,34.800000000000004,0.0,0.4000000059604645,0.369259238243103,0.2655933201313019,0.35250794887542725,0.3091403841972351,0,2000,strong30k,4,80,42,0.0,0.4,walk
1741,34.82,0.0,0.4000000059604645,0.36867332458496094,0.2799428105354309,0.3890436887741089,0.20529788732528687,0,2000,strong30k,4,80,42,0.0,0.4,walk
1742,34.84,0.0,0.4000000059604645,0.36900532245635986,0.286013662815094,0.43366265296936035,0.1616026908159256,0,2000,strong30k,4,80,42,0.0,0.4,walk
1743,34.86,0.0,0.4000000059604645,0.36823010444641113,0.2846977114677429,0.48617076873779297,0.2839690148830414,0,2000,strong30k,4,80,42,0.0,0.4,walk
1744,34.88,0.0,0.4000000059604645,0.3655740022659302,0.28566282987594604,0.5355330109596252,0.4247173070907593,0,2000,strong30k,4,80,42,0.0,0.4,walk
1745,34.9,0.0,0.4000000059604645,0.36111772060394287,0.2517414391040802,0.515724241733551,0.600482702255249,0,2000,strong30k,4,80,42,0.0,0.4,walk
1746,34.92,0.0,0.4000000059604645,0.35986053943634033,0.2204681634902954,0.43963631987571716,-0.14170721173286438,0,2000,strong30k,4,80,42,0.0,0.4,walk
1747,34.94,0.0,0.4000000059604645,0.3639333248138428,0.1853528916835785,0.3695468604564667,-0.343860000371933,0,2000,strong30k,4,80,42,0.0,0.4,walk
1748,34.96,0.0,0.4000000059604645,0.36811578273773193,0.15854749083518982,0.3238253593444824,-0.09523344784975052,0,2000,strong30k,4,80,42,0.0,0.4,walk
1749,34.980000000000004,0.0,0.4000000059604645,0.36868584156036377,0.1406734436750412,0.29638126492500305,0.3379526734352112,0,2000,strong30k,4,80,42,0.0,0.4,walk
1750,35.0,0.0,0.4000000059604645,0.3657240867614746,0.12479544430971146,0.2701829671859741,0.588120698928833,0,2000,strong30k,4,80,42,0.0,0.4,walk
1751,35.02,0.0,0.4000000059604645,0.36141979694366455,0.11889735609292984,0.2401544153690338,0.5550731420516968,0,2000,strong30k,4,80,42,0.0,0.4,walk
1752,35.04,0.0,0.4000000059604645,0.35849273204803467,0.11605330556631088,0.21406599879264832,0.3069983720779419,0,2000,strong30k,4,80,42,0.0,0.4,walk
1753,35.06,0.0,0.4000000059604645,0.35802996158599854,0.11466015875339508,0.19217699766159058,0.022962402552366257,0,2000,strong30k,4,80,42,0.0,0.4,walk
1754,35.08,0.0,0.4000000059604645,0.3595536947250366,0.10781440883874893,0.17437301576137543,-0.14327239990234375,0,2000,strong30k,4,80,42,0.0,0.4,walk
1755,35.1,0.0,0.4000000059604645,0.3619335889816284,0.09973713755607605,0.15928179025650024,-0.20907361805438995,0,2000,strong30k,4,80,42,0.0,0.4,walk
1756,35.12,0.0,0.4000000059604645,0.36407220363616943,0.09714073687791824,0.1461891531944275,-0.1738925576210022,0,2000,strong30k,4,80,42,0.0,0.4,walk
1757,35.14,0.0,0.4000000059604645,0.3657047748565674,0.10052577406167984,0.12940698862075806,-0.12316370755434036,0,2000,strong30k,4,80,42,0.0,0.4,walk
1758,35.160000000000004,0.0,0.4000000059604645,0.3663560152053833,0.11656731367111206,0.1146927997469902,-0.06206449121236801,0,2000,strong30k,4,80,42,0.0,0.4,walk
1759,35.18,0.0,0.4000000059604645,0.3666951656341553,0.13181865215301514,0.09667316824197769,-0.06464135646820068,0,2000,strong30k,4,80,42,0.0,0.4,walk
1760,35.2,0.0,0.4000000059604645,0.36674726009368896,0.15142187476158142,0.08461153507232666,-0.06466758996248245,0,2000,strong30k,4,80,42,0.0,0.4,walk
1761,35.22,0.0,0.4000000059604645,0.3663417100906372,0.1709071695804596,0.07348974049091339,-0.0469193197786808,0,2000,strong30k,4,80,42,0.0,0.4,walk
1762,35.24,0.0,0.4000000059604645,0.365017294883728,0.186299130320549,0.06286460906267166,0.016651101410388947,0,2000,strong30k,4,80,42,0.0,0.4,walk
1763,35.26,0.0,0.4000000059604645,0.36268579959869385,0.19501490890979767,0.04866255819797516,0.07068221271038055,0,2000,strong30k,4,80,42,0.0,0.4,walk
1764,35.28,0.0,0.4000000059604645,0.3598846197128296,0.19609005749225616,0.029046379029750824,0.08643285930156708,0,2000,strong30k,4,80,42,0.0,0.4,walk
1765,35.300000000000004,0.0,0.4000000059604645,0.3574838638305664,0.18763484060764313,0.009005804546177387,0.05805768817663193,0,2000,strong30k,4,80,42,0.0,0.4,walk
1766,35.32,0.0,0.4000000059604645,0.3557227849960327,0.17039503157138824,-0.007017618045210838,0.030583783984184265,0,2000,strong30k,4,80,42,0.0,0.4,walk
1767,35.34,0.0,0.4000000059604645,0.3544350862503052,0.15398699045181274,-0.008933774195611477,-0.07754113525152206,0,2000,strong30k,4,80,42,0.0,0.4,walk
1768,35.36,0.0,0.4000000059604645,0.3550211191177368,0.13121235370635986,-0.00957820750772953,-0.3416712284088135,0,2000,strong30k,4,80,42,0.0,0.4,walk
1769,35.38,0.0,0.4000000059604645,0.35736024379730225,0.09067725390195847,0.040150661021471024,-0.11618557572364807,0,2000,strong30k,4,80,42,0.0,0.4,walk
1770,35.4,0.0,0.4000000059604645,0.3546074628829956,0.07569155842065811,0.06437637656927109,0.18474964797496796,0,2000,strong30k,4,80,42,0.0,0.4,walk
1771,35.42,0.0,0.4000000059604645,0.3508298397064209,0.07162392884492874,0.07852981239557266,0.174197256565094,0,2000,strong30k,4,80,42,0.0,0.4,walk
1772,35.44,0.0,0.4000000059604645,0.34758853912353516,0.07338356971740723,0.09308072179555893,0.1570454090833664,0,2000,strong30k,4,80,42,0.0,0.4,walk
1773,35.46,0.0,0.4000000059604645,0.34430885314941406,0.08186570554971695,0.10841894149780273,0.21748849749565125,0,2000,strong30k,4,80,42,0.0,0.4,walk
1774,35.480000000000004,0.0,0.4000000059604645,0.3408695459365845,0.09267635643482208,0.12379242479801178,0.2462097853422165,0,2000,strong30k,4,80,42,0.0,0.4,walk
1775,35.5,0.0,0.4000000059604645,0.3377869129180908,0.10477393865585327,0.14170408248901367,0.2123725563287735,0,2000,strong30k,4,80,42,0.0,0.4,walk
1776,35.52,0.0,0.4000000059604645,0.33482325077056885,0.12622790038585663,0.1622677445411682,0.264273077249527,0,2000,strong30k,4,80,42,0.0,0.4,walk
1777,35.54,0.0,0.4000000059604645,0.3320499658584595,0.14575782418251038,0.183028444647789,0.2409292757511139,0,2000,strong30k,4,80,42,0.0,0.4,walk
1778,35.56,0.0,0.4000000059604645,0.32950663566589355,0.16287590563297272,0.20648075640201569,0.2724883556365967,0,2000,strong30k,4,80,42,0.0,0.4,walk
1779,35.58,0.0,0.4000000059604645,0.32684528827667236,0.1810745894908905,0.231720432639122,0.31189560890197754,0,2000,strong30k,4,80,42,0.0,0.4,walk
1780,35.6,0.0,0.4000000059604645,0.32399964332580566,0.1977652907371521,0.25951963663101196,0.3637779951095581,0,2000,strong30k,4,80,42,0.0,0.4,walk
1781,35.62,0.0,0.4000000059604645,0.32101380825042725,0.2145911008119583,0.2908920645713806,0.37662985920906067,0,2000,strong30k,4,80,42,0.0,0.4,walk
1782,35.64,0.0,0.4000000059604645,0.31847143173217773,0.22928884625434875,0.3242394030094147,0.337568998336792,0,2000,strong30k,4,80,42,0.0,0.4,walk
1783,35.660000000000004,0.0,0.4000000059604645,0.3170689344406128,0.24620305001735687,0.3592425584793091,0.2631493806838989,0,2000,strong30k,4,80,42,0.0,0.4,walk
1784,35.68,0.0,0.4000000059604645,0.31710708141326904,0.2560059428215027,0.4000272750854492,0.148565411567688,0,2000,strong30k,4,80,42,0.0,0.4,walk
1785,35.7,0.0,0.4000000059604645,0.3176995515823364,0.2581886351108551,0.4484193027019501,0.13145005702972412,0,2000,strong30k,4,80,42,0.0,0.4,walk
1786,35.72,0.0,0.4000000059604645,0.3170069456100464,0.25608450174331665,0.501065731048584,0.26238954067230225,0,2000,strong30k,4,80,42,0.0,0.4,walk
1787,35.74,0.0,0.4000000059604645,0.31453371047973633,0.25851142406463623,0.544633686542511,0.3982152044773102,0,2000,strong30k,4,80,42,0.0,0.4,walk
1788,35.76,0.0,0.4000000059604645,0.31028974056243896,0.2192731499671936,0.4897407293319702,0.2893579602241516,0,2000,strong30k,4,80,42,0.0,0.4,walk
1789,35.78,0.0,0.4000000059604645,0.3114370107650757,0.18732820451259613,0.41492822766304016,-0.2623271346092224,0,2000,strong30k,4,80,42,0.0,0.4,walk
1790,35.800000000000004,0.0,0.4000000059604645,0.31620895862579346,0.15734155476093292,0.35158535838127136,-0.30974528193473816,0,2000,strong30k,4,80,42,0.0,0.4,walk
1791,35.82,0.0,0.4000000059604645,0.31988823413848877,0.1377827227115631,0.3179855942726135,-0.11429166048765182,0,2000,strong30k,4,80,42,0.0,0.4,walk
1792,35.84,0.0,0.4000000059604645,0.3210870027542114,0.11302094906568527,0.2884970009326935,0.25938349962234497,0,2000,strong30k,4,80,42,0.0,0.4,walk
1793,35.86,0.0,0.4000000059604645,0.3192371129989624,0.10354986786842346,0.2586732804775238,0.4351746737957001,0,2000,strong30k,4,80,42,0.0,0.4,walk
1794,35.88,0.0,0.4000000059604645,0.3163250684738159,0.10179714858531952,0.23123519122600555,0.4240032136440277,0,2000,strong30k,4,80,42,0.0,0.4,walk
1795,35.9,0.0,0.4000000059604645,0.3141981363296509,0.10593229532241821,0.20878905057907104,0.2329079955816269,0,2000,strong30k,4,80,42,0.0,0.4,walk
1796,35.92,0.0,0.4000000059604645,0.3139406442642212,0.10431074351072311,0.18614599108695984,0.022522639483213425,0,2000,strong30k,4,80,42,0.0,0.4,walk
1797,35.94,0.0,0.4000000059604645,0.31505370140075684,0.10011167079210281,0.16893325746059418,-0.09375031292438507,0,2000,strong30k,4,80,42,0.0,0.4,walk
1798,35.96,0.0,0.4000000059604645,0.31669914722442627,0.09639158844947815,0.15492066740989685,-0.14375737309455872,0,2000,strong30k,4,80,42,0.0,0.4,walk
1799,35.980000000000004,0.0,0.4000000059604645,0.31846940517425537,0.09913618117570877,0.13925009965896606,-0.15753181278705597,0,2000,strong30k,4,80,42,0.0,0.4,walk
1800,36.0,0.0,0.4000000059604645,0.31968915462493896,0.11099827289581299,0.12499349564313889,-0.10471972078084946,0,2000,strong30k,4,80,42,0.0,0.4,walk
1801,36.02,0.0,0.4000000059604645,0.3204762935638428,0.12604306638240814,0.10912341624498367,-0.10891133546829224,0,2000,strong30k,4,80,42,0.0,0.4,walk
1802,36.04,0.0,0.4000000059604645,0.3212474584579468,0.14293116331100464,0.09312593191862106,-0.13162481784820557,0,2000,strong30k,4,80,42,0.0,0.4,walk
1803,36.06,0.0,0.4000000059604645,0.3215959072113037,0.16136330366134644,0.08029453456401825,-0.09987042844295502,0,2000,strong30k,4,80,42,0.0,0.4,walk
1804,36.08,0.0,0.4000000059604645,0.3211185932159424,0.18080192804336548,0.06784581393003464,-0.0462644137442112,0,2000,strong30k,4,80,42,0.0,0.4,walk
1805,36.1,0.0,0.4000000059604645,0.31954801082611084,0.19448453187942505,0.05332455784082413,0.018167613074183464,0,2000,strong30k,4,80,42,0.0,0.4,walk
1806,36.12,0.0,0.4000000059604645,0.31713056564331055,0.20072631537914276,0.03607068955898285,0.0656433030962944,0,2000,strong30k,4,80,42,0.0,0.4,walk
1807,36.14,0.0,0.4000000059604645,0.3145897388458252,0.1986885368824005,0.014638887718319893,0.06888790428638458,0,2000,strong30k,4,80,42,0.0,0.4,walk
1808,36.160000000000004,0.0,0.4000000059604645,0.3126242160797119,0.18746067583560944,-0.00645042210817337,0.03647461533546448,0,2000,strong30k,4,80,42,0.0,0.4,walk
1809,36.18,0.0,0.4000000059604645,0.31095564365386963,0.17331737279891968,-0.015695752575993538,0.02308276854455471,0,2000,strong30k,4,80,42,0.0,0.4,walk
1810,36.2,0.0,0.4000000059604645,0.3103104829788208,0.1542385220527649,-0.01924056001007557,-0.17805948853492737,0,2000,strong30k,4,80,42,0.0,0.4,walk
1811,36.22,0.0,0.4000000059604645,0.3124711513519287,0.10448991507291794,0.015053116716444492,-0.46012091636657715,0,2000,strong30k,4,80,42,0.0,0.4,walk
1812,36.24,0.0,0.4000000059604645,0.311220645904541,0.09300322830677032,0.048117607831954956,0.1324138343334198,0,2000,strong30k,4,80,42,0.0,0.4,walk
1813,36.26,0.0,0.4000000059604645,0.3072744607925415,0.08418922126293182,0.06878860294818878,0.1985781341791153,0,2000,strong30k,4,80,42,0.0,0.4,walk
1814,36.28,0.0,0.4000000059604645,0.30409276485443115,0.0830499604344368,0.08437125384807587,0.08901771903038025,0,2000,strong30k,4,80,42,0.0,0.4,walk
1815,36.300000000000004,0.0,0.4000000059604645,0.3018069267272949,0.08738116919994354,0.10155502706766129,0.07158829271793365,0,2000,strong30k,4,80,42,0.0,0.4,walk
1816,36.32,0.0,0.4000000059604645,0.29976117610931396,0.09637875854969025,0.1185678094625473,0.09496057033538818,0,2000,strong30k,4,80,42,0.0,0.4,walk
1817,36.34,0.0,0.4000000059604645,0.297735333442688,0.10545102506875992,0.13855230808258057,0.1357361227273941,0,2000,strong30k,4,80,42,0.0,0.4,walk
1818,36.36,0.0,0.4000000059604645,0.2951672077178955,0.12072915583848953,0.16167928278446198,0.22202444076538086,0,2000,strong30k,4,80,42,0.0,0.4,walk
1819,36.38,0.0,0.4000000059604645,0.29230833053588867,0.14079153537750244,0.18321236968040466,0.2624753415584564,0,2000,strong30k,4,80,42,0.0,0.4,walk
1820,36.4,0.0,0.4000000059604645,0.2897266149520874,0.15753990411758423,0.20670044422149658,0.23044846951961517,0,2000,strong30k,4,80,42,0.0,0.4,walk
1821,36.42,0.0,0.4000000059604645,0.2873498201370239,0.17930670082569122,0.23101113736629486,0.2757386267185211,0,2000,strong30k,4,80,42,0.0,0.4,walk
1822,36.44,0.0,0.4000000059604645,0.28476130962371826,0.19754214584827423,0.2577420473098755,0.32645565271377563,0,2000,strong30k,4,80,42,0.0,0.4,walk
1823,36.46,0.0,0.4000000059604645,0.28201913833618164,0.21152140200138092,0.2886146008968353,0.35138025879859924,0,2000,strong30k,4,80,42,0.0,0.4,walk
1824,36.480000000000004,0.0,0.4000000059604645,0.2797054052352905,0.22509413957595825,0.3214803636074066,0.2836313545703888,0,2000,strong30k,4,80,42,0.0,0.4,walk
1825,36.5,0.0,0.4000000059604645,0.2783620357513428,0.24421726167201996,0.3543054461479187,0.2446250021457672,0,2000,strong30k,4,80,42,0.0,0.4,walk
1826,36.52,0.0,0.4000000059604645,0.27841174602508545,0.2602995038032532,0.3907427191734314,0.1450188308954239,0,2000,strong30k,4,80,42,0.0,0.4,walk
1827,36.54,0.0,0.4000000059604645,0.2794402837753296,0.26737794280052185,0.43557506799697876,0.0940530076622963,0,2000,strong30k,4,80,42,0.0,0.4,walk
1828,36.56,0.0,0.4000000059604645,0.2794915437698364,0.2666676640510559,0.48882097005844116,0.20813028514385223,0,2000,strong30k,4,80,42,0.0,0.4,walk
1829,36.58,0.0,0.4000000059604645,0.27759695053100586,0.2665213942527771,0.5397114753723145,0.37119579315185547,0,2000,strong30k,4,80,42,0.0,0.4,walk
1830,36.6,0.0,0.4000000059604645,0.2735254764556885,0.2321901023387909,0.5139707326889038,0.5633863210678101,0,2000,strong30k,4,80,42,0.0,0.4,walk
1831,36.62,0.0,0.4000000059604645,0.27307021617889404,0.2031409591436386,0.4387582838535309,-0.22907677292823792,0,2000,strong30k,4,80,42,0.0,0.4,walk
1832,36.64,0.0,0.4000000059604645,0.27798378467559814,0.1691897213459015,0.36890166997909546,-0.42190873622894287,0,2000,strong30k,4,80,42,0.0,0.4,walk
1833,36.660000000000004,0.0,0.4000000059604645,0.2828887701034546,0.1433076113462448,0.3226727843284607,-0.1618487685918808,0,2000,strong30k,4,80,42,0.0,0.4,walk
1834,36.68,0.0,0.4000000059604645,0.28393733501434326,0.12080404907464981,0.2952851951122284,0.29950857162475586,0,2000,strong30k,4,80,42,0.0,0.4,walk
1835,36.7,0.0,0.4000000059604645,0.28145134449005127,0.10552959889173508,0.266484797000885,0.5324528217315674,0,2000,strong30k,4,80,42,0.0,0.4,walk
1836,36.72,0.0,0.4000000059604645,0.277569055557251,0.10029643028974533,0.2380250096321106,0.5299754738807678,0,2000,strong30k,4,80,42,0.0,0.4,walk
1837,36.74,0.0,0.4000000059604645,0.2748152017593384,0.10119634121656418,0.21309904754161835,0.2875216007232666,0,2000,strong30k,4,80,42,0.0,0.4,walk
1838,36.76,0.0,0.4000000059604645,0.2743169069290161,0.09949921816587448,0.19109800457954407,0.03539403900504112,0,2000,strong30k,4,80,42,0.0,0.4,walk
1839,36.78,0.0,0.4000000059604645,0.2758147716522217,0.0928049311041832,0.17206808924674988,-0.14147083461284637,0,2000,strong30k,4,80,42,0.0,0.4,walk
1840,36.800000000000004,0.0,0.4000000059604645,0.27823543548583984,0.08635124564170837,0.15741810202598572,-0.2166251242160797,0,2000,strong30k,4,80,42,0.0,0.4,walk
1841,36.82,0.0,0.4000000059604645,0.2807575464248657,0.08396302163600922,0.142449289560318,-0.215878427028656,0,2000,strong30k,4,80,42,0.0,0.4,walk
1842,36.84,0.0,0.4000000059604645,0.2824068069458008,0.089882031083107,0.1283896565437317,-0.11684787273406982,0,2000,strong30k,4,80,42,0.0,0.4,walk
1843,36.86,0.0,0.4000000059604645,0.2833009958267212,0.10240115970373154,0.11124247312545776,-0.09380710870027542,0,2000,strong30k,4,80,42,0.0,0.4,walk
1844,36.88,0.0,0.4000000059604645,0.284021258354187,0.11689480394124985,0.09392763674259186,-0.10884802043437958,0,2000,strong30k,4,80,42,0.0,0.4,walk
1845,36.9,0.0,0.4000000059604645,0.2844322919845581,0.13539685308933258,0.08142663538455963,-0.09996995329856873,0,2000,strong30k,4,80,42,0.0,0.4,walk
1846,36.92,0.0,0.4000000059604645,0.284326434135437,0.15414674580097198,0.06972363591194153,-0.07593067735433578,0,2000,strong30k,4,80,42,0.0,0.4,walk
1847,36.94,0.0,0.4000000059604645,0.2832428216934204,0.16904215514659882,0.05817015841603279,-0.010291028767824173,0,2000,strong30k,4,80,42,0.0,0.4,walk
1848,36.96,0.0,0.4000000059604645,0.2811717987060547,0.17654092609882355,0.04278498515486717,0.04043576121330261,0,2000,strong30k,4,80,42,0.0,0.4,walk
1849,36.980000000000004,0.0,0.4000000059604645,0.2786552906036377,0.17619284987449646,0.022686686366796494,0.05736441910266876,0,2000,strong30k,4,80,42,0.0,0.4,walk
1850,37.0,0.0,0.4000000059604645,0.2765861749649048,0.16606304049491882,0.0016014310531318188,0.02581215463578701,0,2000,strong30k,4,80,42,0.0,0.4,walk
1851,37.02,0.0,0.4000000059604645,0.2750760316848755,0.14949902892112732,-0.013852118514478207,0.004974577110260725,0,2000,strong30k,4,80,42,0.0,0.4,walk
1852,37.04,0.0,0.4000000059604645,0.2740544080734253,0.13304081559181213,-0.01760203018784523,-0.10684815794229507,0,2000,strong30k,4,80,42,0.0,0.4,walk
1853,37.06,0.0,0.4000000059604645,0.2746773958206177,0.10066453367471695,-0.007954512722790241,-0.4794553816318512,0,2000,strong30k,4,80,42,0.0,0.4,walk
1854,37.08,0.0,0.4000000059604645,0.2766115665435791,0.07167582958936691,0.03512780740857124,-0.10326024889945984,0,2000,strong30k,4,80,42,0.0,0.4,walk
1855,37.1,0.0,0.4000000059604645,0.2741224765777588,0.05948689207434654,0.05885164812207222,0.12896597385406494,0,2000,strong30k,4,80,42,0.0,0.4,walk
1856,37.12,0.0,0.4000000059604645,0.27106308937072754,0.05656758323311806,0.07433874905109406,0.09108449518680573,0,2000,strong30k,4,80,42,0.0,0.4,walk
1857,37.14,0.0,0.4000000059604645,0.26872265338897705,0.05967167019844055,0.08948427438735962,0.06350894272327423,0,2000,strong30k,4,80,42,0.0,0.4,walk
1858,37.160000000000004,0.0,0.4000000059604645,0.26635420322418213,0.06802649796009064,0.10529213398694992,0.1277158558368683,0,2000,strong30k,4,80,42,0.0,0.4,walk
1859,37.18,0.0,0.4000000059604645,0.2637828588485718,0.07958712428808212,0.12088426947593689,0.16393423080444336,0,2000,strong30k,4,80,42,0.0,0.4,walk
1860,37.2,0.0,0.4000000059604645,0.26133155822753906,0.09106321632862091,0.1393282562494278,0.17010633647441864,0,2000,strong30k,4,80,42,0.0,0.4,walk
1861,37.22,0.0,0.4000000059604645,0.2585026025772095,0.11232105642557144,0.16036485135555267,0.2626171112060547,0,2000,strong30k,4,80,42,0.0,0.4,walk
1862,37.24,0.0,0.4000000059604645,0.2557992935180664,0.13232119381427765,0.17974412441253662,0.24059543013572693,0,2000,strong30k,4,80,42,0.0,0.4,walk
1863,37.26,0.0,0.4000000059604645,0.2533806562423706,0.14610496163368225,0.20321567356586456,0.2522123456001282,0,2000,strong30k,4,80,42,0.0,0.4,walk
1864,37.28,0.0,0.4000000059604645,0.2508758306503296,0.16465787589550018,0.22899575531482697,0.2979491353034973,0,2000,strong30k,4,80,42,0.0,0.4,walk
1865,37.300000000000004,0.0,0.4000000059604645,0.2483677864074707,0.17989280819892883,0.25641417503356934,0.3125569224357605,0,2000,strong30k,4,80,42,0.0,0.4,walk
1866,37.32,0.0,0.4000000059604645,0.24602162837982178,0.19384004175662994,0.28737905621528625,0.2996516227722168,0,2000,strong30k,4,80,42,0.0,0.4,walk
1867,37.34,0.0,0.4000000059604645,0.24415969848632812,0.21033693850040436,0.32006871700286865,0.2790055572986603,0,2000,strong30k,4,80,42,0.0,0.4,walk
1868,37.36,0.0,0.4000000059604645,0.24341142177581787,0.22759182751178741,0.35467827320098877,0.19739818572998047,0,2000,strong30k,4,80,42,0.0,0.4,walk
1869,37.38,0.0,0.4000000059604645,0.24410295486450195,0.23817700147628784,0.39553508162498474,0.0906253382563591,0,2000,strong30k,4,80,42,0.0,0.4,walk
1870,37.4,0.0,0.4000000059604645,0.2453157901763916,0.2407476007938385,0.4442662000656128,0.07401080429553986,0,2000,strong30k,4,80,42,0.0,0.4,walk
1871,37.42,0.0,0.4000000059604645,0.2452925443649292,0.23826129734516144,0.4974282681941986,0.1988789141178131,0,2000,strong30k,4,80,42,0.0,0.4,walk
1872,37.44,0.0,0.4000000059604645,0.24347960948944092,0.24028995633125305,0.5411133170127869,0.3422406017780304,0,2000,strong30k,4,80,42,0.0,0.4,walk
1873,37.46,0.0,0.4000000059604645,0.23957955837249756,0.20269282162189484,0.4907107353210449,0.31655213236808777,0,2000,strong30k,4,80,42,0.0,0.4,walk
1874,37.480000000000004,0.0,0.4000000059604645,0.2407844066619873,0.1724119633436203,0.41523709893226624,-0.2839767634868622,0,2000,strong30k,4,80,42,0.0,0.4,walk
1875,37.5,0.0,0.4000000059604645,0.24603819847106934,0.14344000816345215,0.35182011127471924,-0.37721654772758484,0,2000,strong30k,4,80,42,0.0,0.4,walk
1876,37.52,0.0,0.4000000059604645,0.2502208948135376,0.12099430710077286,0.313793420791626,-0.05162467062473297,0,2000,strong30k,4,80,42,0.0,0.4,walk
1877,37.54,0.0,0.4000000059604645,0.25064289569854736,0.10018149018287659,0.2865930199623108,0.3392300307750702,0,2000,strong30k,4,80,42,0.0,0.4,walk
1878,37.56,0.0,0.4000000059604645,0.24817442893981934,0.09015756100416183,0.25698211789131165,0.48218315839767456,0,2000,strong30k,4,80,42,0.0,0.4,walk
1879,37.58,0.0,0.4000000059604645,0.24495160579681396,0.08666765689849854,0.2290143221616745,0.4438283145427704,0,2000,strong30k,4,80,42,0.0,0.4,walk
1880,37.6,0.0,0.4000000059604645,0.24287378787994385,0.08970491588115692,0.20538707077503204,0.21332775056362152,0,2000,strong30k,4,80,42,0.0,0.4,walk
1881,37.62,0.0,0.4000000059604645,0.2429734468460083,0.08705303817987442,0.18408450484275818,-0.024775873869657516,0,2000,strong30k,4,80,42,0.0,0.4,walk
1882,37.64,0.0,0.4000000059604645,0.24474680423736572,0.08090872317552567,0.16581405699253082,-0.1637132465839386,0,2000,strong30k,4,80,42,0.0,0.4,walk
1883,37.660000000000004,0.0,0.4000000059604645,0.2471088171005249,0.07576512545347214,0.15053021907806396,-0.20569495856761932,0,2000,strong30k,4,80,42,0.0,0.4,walk
1884,37.68,0.0,0.4000000059604645,0.2493607997894287,0.07662525773048401,0.13496898114681244,-0.1942410171031952,0,2000,strong30k,4,80,42,0.0,0.4,walk
1885,37.7,0.0,0.4000000059604645,0.25083279609680176,0.0858319029211998,0.11947528272867203,-0.11498524993658066,0,2000,strong30k,4,80,42,0.0,0.4,walk
1886,37.72,0.0,0.4000000059604645,0.25167691707611084,0.10064806789159775,0.10198477655649185,-0.09988991916179657,0,2000,strong30k,4,80,42,0.0,0.4,walk
1887,37.74,0.0,0.4000000059604645,0.25225770473480225,0.11683298647403717,0.08540843427181244,-0.10316548496484756,0,2000,strong30k,4,80,42,0.0,0.4,walk
1888,37.76,0.0,0.4000000059604645,0.25240588188171387,0.13602593541145325,0.07270627468824387,-0.08727388083934784,0,2000,strong30k,4,80,42,0.0,0.4,walk
1889,37.78,0.0,0.4000000059604645,0.2518998384475708,0.15413536131381989,0.05992297828197479,-0.04881424829363823,0,2000,strong30k,4,80,42,0.0,0.4,walk
1890,37.800000000000004,0.0,0.4000000059604645,0.25032925605773926,0.1666334718465805,0.04636276140809059,0.021396003663539886,0,2000,strong30k,4,80,42,0.0,0.4,walk
1891,37.82,0.0,0.4000000059604645,0.24790561199188232,0.1723310500383377,0.028776422142982483,0.05513650178909302,0,2000,strong30k,4,80,42,0.0,0.4,walk
1892,37.84,0.0,0.4000000059604645,0.24554526805877686,0.16910341382026672,0.006920287385582924,0.032594405114650726,0,2000,strong30k,4,80,42,0.0,0.4,walk
1893,37.86,0.0,0.4000000059604645,0.24398255348205566,0.15590497851371765,-0.014776456169784069,-0.013724585995078087,0,2000,strong30k,4,80,42,0.0,0.4,walk
1894,37.88,0.0,0.4000000059604645,0.24289453029632568,0.14028756320476532,-0.024367595091462135,-0.040299370884895325,0,2000,strong30k,4,80,42,0.0,0.4,walk
1895,37.9,0.0,0.4000000059604645,0.2428051233291626,0.11988378316164017,-0.028462126851081848,-0.21306805312633514,0,2000,strong30k,4,80,42,0.0,0.4,walk
1896,37.92,0.0,0.4000000059604645,0.24524831771850586,0.07719364762306213,0.006225381046533585,-0.35933706164360046,0,2000,strong30k,4,80,42,0.0,0.4,walk
1897,37.94,0.0,0.4000000059604645,0.24402129650115967,0.06288338452577591,0.03985682874917984,0.10353769361972809,0,2000,strong30k,4,80,42,0.0,0.4,walk
1898,37.96,0.0,0.4000000059604645,0.24048101902008057,0.055796436965465546,0.06093906611204147,0.15055739879608154,0,2000,strong30k,4,80,42,0.0,0.4,walk
1899,37.980000000000004,0.0,0.4000000059604645,0.23779785633087158,0.05646878480911255,0.07674389332532883,0.03730111941695213,0,2000,strong30k,4,80,42,0.0,0.4,walk
1900,38.0,0.0,0.4000000059604645,0.23607337474822998,0.06178494542837143,0.09391685575246811,0.015557723119854927,0,2000,strong30k,4,80,42,0.0,0.4,walk
1901,38.02,0.0,0.4000000059604645,0.2344762086868286,0.07092863321304321,0.11192182451486588,0.049379050731658936,0,2000,strong30k,4,80,42,0.0,0.4,walk
1902,38.04,0.0,0.4000000059604645,0.2329498529434204,0.0815478041768074,0.1316884160041809,0.08372620493173599,0,2000,strong30k,4,80,42,0.0,0.4,walk
1903,38.06,0.0,0.4000000059604645,0.2308591604232788,0.09645416587591171,0.15484479069709778,0.17431630194187164,0,2000,strong30k,4,80,42,0.0,0.4,walk
1904,38.08,0.0,0.4000000059604645,0.22841835021972656,0.11667443811893463,0.17605842649936676,0.22502416372299194,0,2000,strong30k,4,80,42,0.0,0.4,walk
1905,38.1,0.0,0.4000000059604645,0.2260901927947998,0.1321946382522583,0.19898070394992828,0.21518708765506744,0,2000,strong30k,4,80,42,0.0,0.4,walk
1906,38.12,0.0,0.4000000059604645,0.22387778759002686,0.15164971351623535,0.22283485531806946,0.2619783878326416,0,2000,strong30k,4,80,42,0.0,0.4,walk
1907,38.14,0.0,0.4000000059604645,0.22136950492858887,0.16853830218315125,0.24969004094600677,0.31841784715652466,0,2000,strong30k,4,80,42,0.0,0.4,walk
1908,38.160000000000004,0.0,0.4000000059604645,0.2187103033065796,0.18251508474349976,0.2800956964492798,0.33847975730895996,0,2000,strong30k,4,80,42,0.0,0.4,walk
1909,38.18,0.0,0.4000000059604645,0.2164524793624878,0.19546395540237427,0.3123646676540375,0.28436708450317383,0,2000,strong30k,4,80,42,0.0,0.4,walk
1910,38.2,0.0,0.4000000059604645,0.21526360511779785,0.21323055028915405,0.34471437335014343,0.22132521867752075,0,2000,strong30k,4,80,42,0.0,0.4,walk
1911,38.22,0.0,0.4000000059604645,0.21557283401489258,0.22730053961277008,0.3814270794391632,0.10901199281215668,0,2000,strong30k,4,80,42,0.0,0.4,walk
1912,38.24,0.0,0.4000000059604645,0.21714675426483154,0.2331337034702301,0.4252597987651825,0.028733277693390846,0,2000,strong30k,4,80,42,0.0,0.4,walk
1913,38.26,0.0,0.4000000059604645,0.2180631160736084,0.23148730397224426,0.4776216149330139,0.12383680790662766,0,2000,strong30k,4,80,42,0.0,0.4,walk
1914,38.28,0.0,0.4000000059604645,0.21705114841461182,0.2297220081090927,0.5274614691734314,0.296262264251709,0,2000,strong30k,4,80,42,0.0,0.4,walk
1915,38.300000000000004,0.0,0.4000000059604645,0.21395480632781982,0.19898274540901184,0.5181459188461304,0.5950892567634583,0,2000,strong30k,4,80,42,0.0,0.4,walk
1916,38.32,0.0,0.4000000059604645,0.2128385305404663,0.17761458456516266,0.44543278217315674,-0.15879705548286438,0,2000,strong30k,4,80,42,0.0,0.4,walk
1917,38.34,0.0,0.4000000059604645,0.21735644340515137,0.14856718480587006,0.37700793147087097,-0.4145921766757965,0,2000,strong30k,4,80,42,0.0,0.4,walk
1918,38.36,0.0,0.4000000059604645,0.22260093688964844,0.12477423250675201,0.32967522740364075,-0.2275882214307785,0,2000,strong30k,4,80,42,0.0,0.4,walk
1919,38.38,0.0,0.4000000059604645,0.224603533744812,0.10238812863826752,0.3006836473941803,0.19436846673488617,0,2000,strong30k,4,80,42,0.0,0.4,walk
1920,38.4,0.0,0.4000000059604645,0.22320294380187988,0.08830587565898895,0.2710197865962982,0.42360129952430725,0,2000,strong30k,4,80,42,0.0,0.4,walk
1921,38.42,0.0,0.4000000059604645,0.22007298469543457,0.08347030729055405,0.24298368394374847,0.47399961948394775,0,2000,strong30k,4,80,42,0.0,0.4,walk
1922,38.44,0.0,0.4000000059604645,0.21761548519134521,0.0825917050242424,0.2168322652578354,0.28251782059669495,0,2000,strong30k,4,80,42,0.0,0.4,walk
1923,38.46,0.0,0.4000000059604645,0.21705448627471924,0.0828484296798706,0.19480474293231964,0.050457924604415894,0,2000,strong30k,4,80,42,0.0,0.4,walk
1924,38.480000000000004,0.0,0.4000000059604645,0.2182326316833496,0.07800627499818802,0.17593497037887573,-0.10782428830862045,0,2000,strong30k,4,80,42,0.0,0.4,walk
1925,38.5,0.0,0.4000000059604645,0.22044312953948975,0.07276490330696106,0.15925689041614532,-0.20083728432655334,0,2000,strong30k,4,80,42,0.0,0.4,walk
1926,38.52,0.0,0.4000000059604645,0.22285449504852295,0.0719623789191246,0.14422063529491425,-0.2120075672864914,0,2000,strong30k,4,80,42,0.0,0.4,walk
1927,38.54,0.0,0.4000000059604645,0.22463440895080566,0.07791982591152191,0.1292525678873062,-0.1352461874485016,0,2000,strong30k,4,80,42,0.0,0.4,walk
1928,38.56,0.0,0.4000000059604645,0.22572386264801025,0.09157710522413254,0.11254100501537323,-0.11677995324134827,0,2000,strong30k,4,80,42,0.0,0.4,walk
1929,38.58,0.0,0.4000000059604645,0.22657644748687744,0.10541515797376633,0.09405313432216644,-0.1115778461098671,0,2000,strong30k,4,80,42,0.0,0.4,walk
1930,38.6,0.0,0.4000000059604645,0.22694706916809082,0.12355287373065948,0.08103031665086746,-0.09566879272460938,0,2000,strong30k,4,80,42,0.0,0.4,walk
1931,38.62,0.0,0.4000000059604645,0.2268122434616089,0.14233805239200592,0.06970710307359695,-0.07790939509868622,0,2000,strong30k,4,80,42,0.0,0.4,walk
1932,38.64,0.0,0.4000000059604645,0.22584056854248047,0.15669190883636475,0.057738419622182846,-0.02606928162276745,0,2000,strong30k,4,80,42,0.0,0.4,walk
1933,38.660000000000004,0.0,0.4000000059604645,0.22400593757629395,0.16490989923477173,0.04233238846063614,0.009361297823488712,0,2000,strong30k,4,80,42,0.0,0.4,walk
1934,38.68,0.0,0.4000000059604645,0.22182226181030273,0.16514216363430023,0.02269863337278366,0.017544997856020927,0,2000,strong30k,4,80,42,0.0,0.4,walk
1935,38.7,0.0,0.4000000059604645,0.22019875049591064,0.15607523918151855,0.0010164811974391341,-0.02807856909930706,0,2000,strong30k,4,80,42,0.0,0.4,walk
1936,38.72,0.0,0.4000000059604645,0.21925199031829834,0.14023976027965546,-0.014962716959416866,-0.048149093985557556,0,2000,strong30k,4,80,42,0.0,0.4,walk
1937,38.74,0.0,0.4000000059604645,0.21865642070770264,0.12502385675907135,-0.01967296190559864,-0.13744330406188965,0,2000,strong30k,4,80,42,0.0,0.4,walk
1938,38.76,0.0,0.4000000059604645,0.21935081481933594,0.09509756416082382,-0.011570194736123085,-0.42489954829216003,0,2000,strong30k,4,80,42,0.0,0.4,walk
1939,38.78,0.0,0.4000000059604645,0.22128331661224365,0.0643962100148201,0.03235480934381485,-0.12284287065267563,0,2000,strong30k,4,80,42,0.0,0.4,walk
1940,38.800000000000004,0.0,0.4000000059604645,0.2190946340560913,0.05142369121313095,0.05700209364295006,0.09162048250436783,0,2000,strong30k,4,80,42,0.0,0.4,walk
1941,38.82,0.0,0.4000000059604645,0.21648335456848145,0.048794087022542953,0.07351408898830414,0.03634318336844444,0,2000,strong30k,4,80,42,0.0,0.4,walk
1942,38.84,0.0,0.4000000059604645,0.21475255489349365,0.052081018686294556,0.08908852189779282,-0.006692538503557444,0,2000,strong30k,4,80,42,0.0,0.4,walk
1943,38.86,0.0,0.4000000059604645,0.21306979656219482,0.06070132181048393,0.10520368814468384,0.060991283506155014,0,2000,strong30k,4,80,42,0.0,0.4,walk
1944,38.88,0.0,0.4000000059604645,0.21107828617095947,0.07331609725952148,0.12172234803438187,0.10797259211540222,0,2000,strong30k,4,80,42,0.0,0.4,walk
1945,38.9,0.0,0.4000000059604645,0.20914864540100098,0.0851939395070076,0.14056536555290222,0.12194335460662842,0,2000,strong30k,4,80,42,0.0,0.4,walk
1946,38.92,0.0,0.4000000059604645,0.20673930644989014,0.10676620155572891,0.1620018184185028,0.22580890357494354,0,2000,strong30k,4,80,42,0.0,0.4,walk
1947,38.94,0.0,0.4000000059604645,0.20434308052062988,0.12814562022686005,0.18107010424137115,0.21566496789455414,0,2000,strong30k,4,80,42,0.0,0.4,walk
1948,38.96,0.0,0.4000000059604645,0.20215833187103271,0.14221495389938354,0.20450614392757416,0.23184318840503693,0,2000,strong30k,4,80,42,0.0,0.4,walk
1949,38.980000000000004,0.0,0.4000000059604645,0.19981765747070312,0.1602540761232376,0.2302798330783844,0.2824276089668274,0,2000,strong30k,4,80,42,0.0,0.4,walk
1950,39.0,0.0,0.4000000059604645,0.1974848508834839,0.1749468296766281,0.25758031010627747,0.2906375825405121,0,2000,strong30k,4,80,42,0.0,0.4,walk
1951,39.02,0.0,0.4000000059604645,0.19538283348083496,0.18952733278274536,0.2878427803516388,0.2791425287723541,0,2000,strong30k,4,80,42,0.0,0.4,walk
1952,39.04,0.0,0.4000000059604645,0.19372892379760742,0.20635493099689484,0.32057851552963257,0.257613867521286,0,2000,strong30k,4,80,42,0.0,0.4,walk
1953,39.06,0.0,0.4000000059604645,0.19316458702087402,0.2239316999912262,0.35502251982688904,0.1813579946756363,0,2000,strong30k,4,80,42,0.0,0.4,walk
1954,39.08,0.0,0.4000000059604645,0.1940551996231079,0.2347601056098938,0.39569923281669617,0.07237561792135239,0,2000,strong30k,4,80,42,0.0,0.4,walk
1955,39.1,0.0,0.4000000059604645,0.1955552101135254,0.23698532581329346,0.44445568323135376,0.04340251162648201,0,2000,strong30k,4,80,42,0.0,0.4,walk
1956,39.12,0.0,0.4000000059604645,0.1959456205368042,0.2342183142900467,0.4978756606578827,0.15688034892082214,0,2000,strong30k,4,80,42,0.0,0.4,walk
1957,39.14,0.0,0.4000000059604645,0.19457721710205078,0.2357555776834488,0.5411840677261353,0.30133798718452454,0,2000,strong30k,4,80,42,0.0,0.4,walk
1958,39.160000000000004,0.0,0.4000000059604645,0.1909947395324707,0.19830995798110962,0.4870688021183014,0.2565802335739136,0,2000,strong30k,4,80,42,0.0,0.4,walk
1959,39.18,0.0,0.4000000059604645,0.19265925884246826,0.16840027272701263,0.41122838854789734,-0.31944406032562256,0,2000,strong30k,4,80,42,0.0,0.4,walk
1960,39.2,0.0,0.4000000059604645,0.19824588298797607,0.1400216668844223,0.3493814766407013,-0.4050445556640625,0,2000,strong30k,4,80,42,0.0,0.4,walk
1961,39.22,0.0,0.4000000059604645,0.2027226686477661,0.11826255917549133,0.31196674704551697,-0.07739438116550446,0,2000,strong30k,4,80,42,0.0,0.4,walk
1962,39.24,0.0,0.4000000059604645,0.20341730117797852,0.09745655953884125,0.2844582796096802,0.3103325664997101,0,2000,strong30k,4,80,42,0.0,0.4,walk
1963,39.26,0.0,0.4000000059604645,0.2012636661529541,0.08727949857711792,0.25441765785217285,0.4464326798915863,0,2000,strong30k,4,80,42,0.0,0.4,walk
1964,39.28,0.0,0.4000000059604645,0.19834518432617188,0.08328752219676971,0.22641730308532715,0.41307803988456726,0,2000,strong30k,4,80,42,0.0,0.4,walk
1965,39.300000000000004,0.0,0.4000000059604645,0.1964859962463379,0.08645503222942352,0.2033303678035736,0.1923668533563614,0,2000,strong30k,4,80,42,0.0,0.4,walk
1966,39.32,0.0,0.4000000059604645,0.19670355319976807,0.08441164344549179,0.18126659095287323,-0.03203825652599335,0,2000,strong30k,4,80,42,0.0,0.4,walk
1967,39.34,0.0,0.4000000059604645,0.19852352142333984,0.07921463251113892,0.16260863840579987,-0.17046725749969482,0,2000,strong30k,4,80,42,0.0,0.4,walk
1968,39.36,0.0,0.4000000059604645,0.20088887214660645,0.07465802133083344,0.14702948927879333,-0.20517440140247345,0,2000,strong30k,4,80,42,0.0,0.4,walk
1969,39.38,0.0,0.4000000059604645,0.20317399501800537,0.0761653482913971,0.13101395964622498,-0.19910608232021332,0,2000,strong30k,4,80,42,0.0,0.4,walk
1970,39.4,0.0,0.4000000059604645,0.20469725131988525,0.08556138724088669,0.11552165448665619,-0.11931303888559341,0,2000,strong30k,4,80,42,0.0,0.4,walk
1971,39.42,0.0,0.4000000059604645,0.20557761192321777,0.10082349181175232,0.09786433726549149,-0.10541688650846481,0,2000,strong30k,4,80,42,0.0,0.4,walk
1972,39.44,0.0,0.4000000059604645,0.2062009572982788,0.11738716065883636,0.08129427582025528,-0.1140669584274292,0,2000,strong30k,4,80,42,0.0,0.4,walk
1973,39.46,0.0,0.4000000059604645,0.2064669132232666,0.13627871870994568,0.06772619485855103,-0.10120436549186707,0,2000,strong30k,4,80,42,0.0,0.4,walk
1974,39.480000000000004,0.0,0.4000000059604645,0.2060534954071045,0.1542949080467224,0.05482817813754082,-0.061781082302331924,0,2000,strong30k,4,80,42,0.0,0.4,walk
1975,39.5,0.0,0.4000000059604645,0.20464956760406494,0.16630159318447113,0.040335796773433685,-0.0005522802239283919,0,2000,strong30k,4,80,42,0.0,0.4,walk
1976,39.52,0.0,0.4000000059604645,0.20243775844573975,0.17176933586597443,0.02140394225716591,0.030638253316283226,0,2000,strong30k,4,80,42,0.0,0.4,walk
1977,39.54,0.0,0.4000000059604645,0.2003704309463501,0.16788311302661896,-0.0019205668941140175,0.004756072070449591,0,2000,strong30k,4,80,42,0.0,0.4,walk
1978,39.56,0.0,0.4000000059604645,0.19917988777160645,0.15454168617725372,-0.02375749498605728,-0.05407944694161415,0,2000,strong30k,4,80,42,0.0,0.4,walk
1979,39.58,0.0,0.4000000059604645,0.19844400882720947,0.13969480991363525,-0.033216796815395355,-0.07068118453025818,0,2000,strong30k,4,80,42,0.0,0.4,walk
1980,39.6,0.0,0.4000000059604645,0.1985853910446167,0.11935978382825851,-0.03822244331240654,-0.22610072791576385,0,2000,strong30k,4,80,42,0.0,0.4,walk
1981,39.62,0.0,0.4000000059604645,0.20100748538970947,0.07874495536088943,0.0011818197090178728,-0.2950255572795868,0,2000,strong30k,4,80,42,0.0,0.4,walk
1982,39.64,0.0,0.4000000059604645,0.19975662231445312,0.06174645945429802,0.03410712629556656,0.07774005830287933,0,2000,strong30k,4,80,42,0.0,0.4,walk
1983,39.660000000000004,0.0,0.4000000059604645,0.19668519496917725,0.054707400500774384,0.05552533641457558,0.09004528075456619,0,2000,strong30k,4,80,42,0.0,0.4,walk
1984,39.68,0.0,0.4000000059604645,0.19470489025115967,0.05526034161448479,0.07176336646080017,-0.03411206230521202,0,2000,strong30k,4,80,42,0.0,0.4,walk
1985,39.7,0.0,0.4000000059604645,0.19363999366760254,0.06163069233298302,0.08945681899785995,-0.04150610789656639,0,2000,strong30k,4,80,42,0.0,0.4,walk
1986,39.72,0.0,0.4000000059604645,0.1925419569015503,0.07052826881408691,0.10830456763505936,0.006564322859048843,0,2000,strong30k,4,80,42,0.0,0.4,walk
1987,39.74,0.0,0.4000000059604645,0.19140779972076416,0.08156686276197433,0.12866275012493134,0.04469599202275276,0,2000,strong30k,4,80,42,0.0,0.4,walk
1988,39.76,0.0,0.4000000059604645,0.18962502479553223,0.09773126244544983,0.15129190683364868,0.1571081280708313,0,2000,strong30k,4,80,42,0.0,0.4,walk
1989,39.78,0.0,0.4000000059604645,0.18745934963226318,0.11642572283744812,0.17227360606193542,0.18997381627559662,0,2000,strong30k,4,80,42,0.0,0.4,walk
1990,39.800000000000004,0.0,0.4000000059604645,0.18527233600616455,0.13355158269405365,0.1946326047182083,0.22521278262138367,0,2000,strong30k,4,80,42,0.0,0.4,walk
1991,39.82,0.0,0.4000000059604645,0.18302857875823975,0.14979226887226105,0.21862153708934784,0.25707316398620605,0,2000,strong30k,4,80,42,0.0,0.4,walk
1992,39.84,0.0,0.4000000059604645,0.18054795265197754,0.16783909499645233,0.24509857594966888,0.3274882733821869,0,2000,strong30k,4,80,42,0.0,0.4,walk
1993,39.86,0.0,0.4000000059604645,0.177759051322937,0.181094229221344,0.27633029222488403,0.3484564423561096,0,2000,strong30k,4,80,42,0.0,0.4,walk
1994,39.88,0.0,0.4000000059604645,0.17546570301055908,0.1948537677526474,0.3082488179206848,0.28666049242019653,0,2000,strong30k,4,80,42,0.0,0.4,walk
1995,39.9,0.0,0.4000000059604645,0.17429566383361816,0.21269184350967407,0.3407268524169922,0.2219020426273346,0,2000,strong30k,4,80,42,0.0,0.4,walk
1996,39.92,0.0,0.4000000059604645,0.17473304271697998,0.2252262979745865,0.37799227237701416,0.08574041724205017,0,2000,strong30k,4,80,42,0.0,0.4,walk
1997,39.94,0.0,0.4000000059604645,0.17667818069458008,0.23057381808757782,0.42165249586105347,-0.01742018759250641,0,2000,strong30k,4,80,42,0.0,0.4,walk
1998,39.96,0.0,0.4000000059604645,0.17810595035552979,0.22846990823745728,0.47386467456817627,0.07250896841287613,0,2000,strong30k,4,80,42,0.0,0.4,walk
1999,39.980000000000004,0.0,0.4000000059604645,-1.3177984952926636,-0.4408535361289978,0.5005143284797668,-0.3741647005081177,0,2000,strong30k,4,80,42,0.0,0.4,walk
