step,time_s,vx_cmd,vy_cmd,yaw_cmd,vx_actual,vy_actual,yaw_actual,fell,episode_steps,policy,delay_steps,delay_ms,seed,lin_vel_x,lin_vel_y,task
0,0.0,0.0,0.4000000059604645,0.21474993228912354,0.592289388179779,-0.37002211809158325,-1.4771255254745483,0,2000,v2a_u08,0,0,42,0.0,0.4,walk_queue_ablation
1,0.02,0.0,0.4000000059604645,0.22704219818115234,0.6334255337715149,-0.3176957070827484,-1.5525362491607666,0,2000,v2a_u08,0,0,42,0.0,0.4,walk_queue_ablation
2,0.04,0.0,0.4000000059604645,0.24015390872955322,0.6586014628410339,-0.297007292509079,-1.4834439754486084,0,2000,v2a_u08,0,0,42,0.0,0.4,walk_queue_ablation
3,0.06,0.0,0.4000000059604645,0.24773383140563965,0.6715981364250183,-0.2952670156955719,0.046512022614479065,0,2000,v2a_u08,0,0,42,0.0,0.4,walk_queue_ablation
4,0.08,0.0,0.4000000059604645,0.2481013536453247,0.6108848452568054,-0.18808870017528534,0.7408362627029419,0,2000,v2a_u08,0,0,42,0.0,0.4,walk_queue_ablation
5,0.1,0.0,0.4000000059604645,0.24184393882751465,0.5668159127235413,-0.21702395379543304,0.9156602621078491,0,2000,v2a_u08,0,0,42,0.0,0.4,walk_queue_ablation
6,0.12,0.0,0.4000000059604645,0.23722398281097412,0.5224783420562744,-0.23321418464183807,0.885144829750061,0,2000,v2a_u08,0,0,42,0.0,0.4,walk_queue_ablation
7,0.14,0.0,0.4000000059604645,0.24023783206939697,0.5562998056411743,-0.3729371726512909,-0.6280512809753418,0,2000,v2a_u08,0,0,42,0.0,0.4,walk_queue_ablation
8,0.16,0.0,0.4000000059604645,0.24460053443908691,0.5934780240058899,-0.3803744912147522,-0.053110405802726746,0,2000,v2a_u08,0,0,42,0.0,0.4,walk_queue_ablation
9,0.18,0.0,0.4000000059604645,0.24542701244354248,0.6342236399650574,-0.42150190472602844,0.1720646768808365,0,2000,v2a_u08,0,0,42,0.0,0.4,walk_queue_ablation
10,0.2,0.0,0.4000000059604645,0.24569439888000488,0.667546272277832,-0.450368195772171,0.10192888975143433,0,2000,v2a_u08,0,0,42,0.0,0.4,walk_queue_ablation
11,0.22,0.0,0.4000000059604645,0.24819529056549072,0.6918184757232666,-0.4942218065261841,-0.1571502834558487,0,2000,v2a_u08,0,0,42,0.0,0.4,walk_queue_ablation
12,0.24,0.0,0.4000000059604645,0.2529141902923584,0.7331715822219849,-0.5073749423027039,-0.5783311128616333,0,2000,v2a_u08,0,0,42,0.0,0.4,walk_queue_ablation
13,0.26,0.0,0.4000000059604645,0.2589433193206787,0.7823684811592102,-0.5028073787689209,-0.6600340604782104,0,2000,v2a_u08,0,0,42,0.0,0.4,walk_queue_ablation
14,0.28,0.0,0.4000000059604645,0.2648756504058838,0.8252953290939331,-0.49726811051368713,-0.7298835515975952,0,2000,v2a_u08,0,0,42,0.0,0.4,walk_queue_ablation
15,0.3,0.0,0.4000000059604645,0.27085840702056885,0.8701605796813965,-0.49468767642974854,-0.8314480781555176,0,2000,v2a_u08,0,0,42,0.0,0.4,walk_queue_ablation
16,0.32,0.0,0.4000000059604645,0.2747868299484253,0.910864531993866,-0.5198081135749817,-0.4922962188720703,0,2000,v2a_u08,0,0,42,0.0,0.4,walk_queue_ablation
17,0.34,0.0,0.4000000059604645,0.2753044366836548,0.9246910810470581,-0.5565940737724304,0.05855325609445572,0,2000,v2a_u08,0,0,42,0.0,0.4,walk_queue_ablation
18,0.36,0.0,0.4000000059604645,0.27370214462280273,0.8096630573272705,-0.5306417942047119,-0.2236589938402176,0,2000,v2a_u08,0,0,42,0.0,0.4,walk_queue_ablation
19,0.38,0.0,0.4000000059604645,0.27510273456573486,0.6791065335273743,-0.420764684677124,-0.18928754329681396,0,2000,v2a_u08,0,0,42,0.0,0.4,walk_queue_ablation
20,0.4,0.0,0.4000000059604645,0.27634990215301514,0.5741224884986877,-0.33132031559944153,-0.2729476988315582,0,2000,v2a_u08,0,0,42,0.0,0.4,walk_queue_ablation
21,0.42,0.0,0.4000000059604645,0.2792544364929199,0.5275453329086304,-0.2715258002281189,-0.4047650098800659,0,2000,v2a_u08,0,0,42,0.0,0.4,walk_queue_ablation
22,0.44,0.0,0.4000000059604645,0.2812631130218506,0.5051200985908508,-0.2240249514579773,-0.33669623732566833,0,2000,v2a_u08,0,0,42,0.0,0.4,walk_queue_ablation
23,0.46,0.0,0.4000000059604645,0.2813457250595093,0.47768741846084595,-0.18207764625549316,-0.24050173163414001,0,2000,v2a_u08,0,0,42,0.0,0.4,walk_queue_ablation
24,0.48,0.0,0.4000000059604645,0.27867233753204346,0.44099897146224976,-0.13798527419567108,0.13633181154727936,0,2000,v2a_u08,0,0,42,0.0,0.4,walk_queue_ablation
25,0.5,0.0,0.4000000059604645,0.27410387992858887,0.43073928356170654,-0.10151634365320206,0.2862485349178314,0,2000,v2a_u08,0,0,42,0.0,0.4,walk_queue_ablation
26,0.52,0.0,0.4000000059604645,0.2683459520339966,0.43487823009490967,-0.07918247580528259,0.34620240330696106,0,2000,v2a_u08,0,0,42,0.0,0.4,walk_queue_ablation
27,0.54,0.0,0.4000000059604645,0.26149487495422363,0.45453763008117676,-0.07515208423137665,0.46351826190948486,0,2000,v2a_u08,0,0,42,0.0,0.4,walk_queue_ablation
28,0.56,0.0,0.4000000059604645,0.25623393058776855,0.4731232225894928,-0.0697646290063858,0.2500256299972534,0,2000,v2a_u08,0,0,42,0.0,0.4,walk_queue_ablation
29,0.58,0.0,0.4000000059604645,0.2531774044036865,0.49282562732696533,-0.06159517541527748,0.14375002682209015,0,2000,v2a_u08,0,0,42,0.0,0.4,walk_queue_ablation
30,0.6,0.0,0.4000000059604645,0.2510871887207031,0.5101763606071472,-0.05162777751684189,0.14342600107192993,0,2000,v2a_u08,0,0,42,0.0,0.4,walk_queue_ablation
31,0.62,0.0,0.4000000059604645,0.24902236461639404,0.5236618518829346,-0.04133074730634689,0.17717307806015015,0,2000,v2a_u08,0,0,42,0.0,0.4,walk_queue_ablation
32,0.64,0.0,0.4000000059604645,0.24701416492462158,0.535621166229248,-0.022913236171007156,0.13312579691410065,0,2000,v2a_u08,0,0,42,0.0,0.4,walk_queue_ablation
33,0.66,0.0,0.4000000059604645,0.24565494060516357,0.5518439412117004,-0.001502548810094595,0.06644602864980698,0,2000,v2a_u08,0,0,42,0.0,0.4,walk_queue_ablation
34,0.68,0.0,0.4000000059604645,0.2454904317855835,0.5736469626426697,0.021623630076646805,-0.04162667691707611,0,2000,v2a_u08,0,0,42,0.0,0.4,walk_queue_ablation
35,0.7000000000000001,0.0,0.4000000059604645,0.24685001373291016,0.6004437804222107,0.04492034390568733,-0.13501963019371033,0,2000,v2a_u08,0,0,42,0.0,0.4,walk_queue_ablation
36,0.72,0.0,0.4000000059604645,0.24945545196533203,0.629702091217041,0.07008032500743866,-0.20436516404151917,0,2000,v2a_u08,0,0,42,0.0,0.4,walk_queue_ablation
37,0.74,0.0,0.4000000059604645,0.25301969051361084,0.6585659384727478,0.10026583820581436,-0.278247594833374,0,2000,v2a_u08,0,0,42,0.0,0.4,walk_queue_ablation
38,0.76,0.0,0.4000000059604645,0.25692760944366455,0.6903269290924072,0.13452045619487762,-0.2631615996360779,0,2000,v2a_u08,0,0,42,0.0,0.4,walk_queue_ablation
39,0.78,0.0,0.4000000059604645,0.26038122177124023,0.7228594422340393,0.16895641386508942,-0.16812701523303986,0,2000,v2a_u08,0,0,42,0.0,0.4,walk_queue_ablation
40,0.8,0.0,0.4000000059604645,0.2625166177749634,0.752520740032196,0.20638439059257507,-0.03979569301009178,0,2000,v2a_u08,0,0,42,0.0,0.4,walk_queue_ablation
41,0.8200000000000001,0.0,0.4000000059604645,0.2630794048309326,0.7835524678230286,0.24785256385803223,0.0788288339972496,0,2000,v2a_u08,0,0,42,0.0,0.4,walk_queue_ablation
42,0.84,0.0,0.4000000059604645,0.2629091739654541,0.8171843886375427,0.29133638739585876,0.13688881695270538,0,2000,v2a_u08,0,0,42,0.0,0.4,walk_queue_ablation
43,0.86,0.0,0.4000000059604645,0.26292335987091064,0.8489991426467896,0.3337181508541107,0.10426521301269531,0,2000,v2a_u08,0,0,42,0.0,0.4,walk_queue_ablation
44,0.88,0.0,0.4000000059604645,0.2634159326553345,0.8067419528961182,0.32608798146247864,0.6445973515510559,0,2000,v2a_u08,0,0,42,0.0,0.4,walk_queue_ablation
45,0.9,0.0,0.4000000059604645,0.26182234287261963,0.7220603823661804,0.2560105621814728,-0.09578607976436615,0,2000,v2a_u08,0,0,42,0.0,0.4,walk_queue_ablation
46,0.92,0.0,0.4000000059604645,0.26539814472198486,0.6535708904266357,0.20402172207832336,-0.24404865503311157,0,2000,v2a_u08,0,0,42,0.0,0.4,walk_queue_ablation
47,0.9400000000000001,0.0,0.4000000059604645,0.2691611051559448,0.5939888954162598,0.1666233092546463,-0.10474174469709396,0,2000,v2a_u08,0,0,42,0.0,0.4,walk_queue_ablation
48,0.96,0.0,0.4000000059604645,0.27086102962493896,0.5332236886024475,0.13994458317756653,0.1867842972278595,0,2000,v2a_u08,0,0,42,0.0,0.4,walk_queue_ablation
49,0.98,0.0,0.4000000059604645,0.26955437660217285,0.48683086037635803,0.11783596873283386,0.41034984588623047,0,2000,v2a_u08,0,0,42,0.0,0.4,walk_queue_ablation
50,1.0,0.0,0.4000000059604645,0.26710212230682373,0.44059914350509644,0.09568847715854645,0.4876492917537689,0,2000,v2a_u08,0,0,42,0.0,0.4,walk_queue_ablation
51,1.02,0.0,0.4000000059604645,0.26460134983062744,0.399272620677948,0.07668305188417435,0.40264278650283813,0,2000,v2a_u08,0,0,42,0.0,0.4,walk_queue_ablation
52,1.04,0.0,0.4000000059604645,0.26253604888916016,0.36791011691093445,0.059292685240507126,0.31709522008895874,0,2000,v2a_u08,0,0,42,0.0,0.4,walk_queue_ablation
53,1.06,0.0,0.4000000059604645,0.26138925552368164,0.3454105257987976,0.043624911457300186,0.19709230959415436,0,2000,v2a_u08,0,0,42,0.0,0.4,walk_queue_ablation
54,1.08,0.0,0.4000000059604645,0.2608984708786011,0.3355221450328827,0.03381267935037613,0.07831452041864395,0,2000,v2a_u08,0,0,42,0.0,0.4,walk_queue_ablation
55,1.1,0.0,0.4000000059604645,0.2610619068145752,0.3272290825843811,0.028878269717097282,-0.038595184683799744,0,2000,v2a_u08,0,0,42,0.0,0.4,walk_queue_ablation
56,1.12,0.0,0.4000000059604645,0.2621018886566162,0.3214443027973175,0.02454463765025139,-0.1636601984500885,0,2000,v2a_u08,0,0,42,0.0,0.4,walk_queue_ablation
57,1.1400000000000001,0.0,0.4000000059604645,0.2639111280441284,0.31609177589416504,0.019872115924954414,-0.25594425201416016,0,2000,v2a_u08,0,0,42,0.0,0.4,walk_queue_ablation
58,1.16,0.0,0.4000000059604645,0.2659010887145996,0.314390629529953,0.014387995935976505,-0.2942195236682892,0,2000,v2a_u08,0,0,42,0.0,0.4,walk_queue_ablation
59,1.18,0.0,0.4000000059604645,0.2680169343948364,0.31262722611427307,0.0051468354649841785,-0.33982962369918823,0,2000,v2a_u08,0,0,42,0.0,0.4,walk_queue_ablation
60,1.2,0.0,0.4000000059604645,0.26979899406433105,0.30605342984199524,-0.008332118391990662,-0.29540571570396423,0,2000,v2a_u08,0,0,42,0.0,0.4,walk_queue_ablation
61,1.22,0.0,0.4000000059604645,0.27064311504364014,0.2980905771255493,-0.025851229205727577,-0.2082895189523697,0,2000,v2a_u08,0,0,42,0.0,0.4,walk_queue_ablation
62,1.24,0.0,0.4000000059604645,0.27069032192230225,0.2876390814781189,-0.04743031784892082,-0.12606605887413025,0,2000,v2a_u08,0,0,42,0.0,0.4,walk_queue_ablation
63,1.26,0.0,0.4000000059604645,0.2702751159667969,0.27402400970458984,-0.06930014491081238,-0.060002028942108154,0,2000,v2a_u08,0,0,42,0.0,0.4,walk_queue_ablation
64,1.28,0.0,0.4000000059604645,0.2689448595046997,0.2561180889606476,-0.08701273798942566,0.035115405917167664,0,2000,v2a_u08,0,0,42,0.0,0.4,walk_queue_ablation
65,1.3,0.0,0.4000000059604645,0.2666279077529907,0.23340341448783875,-0.09936104714870453,0.10283584892749786,0,2000,v2a_u08,0,0,42,0.0,0.4,walk_queue_ablation
66,1.32,0.0,0.4000000059604645,0.2636759281158447,0.2070472091436386,-0.10266635566949844,0.11944879591464996,0,2000,v2a_u08,0,0,42,0.0,0.4,walk_queue_ablation
67,1.34,0.0,0.4000000059604645,0.26100409030914307,0.18441714346408844,-0.060731202363967896,0.31248119473457336,0,2000,v2a_u08,0,0,42,0.0,0.4,walk_queue_ablation
68,1.36,0.0,0.4000000059604645,0.2540045976638794,0.17648166418075562,-0.03620297834277153,0.5153427720069885,0,2000,v2a_u08,0,0,42,0.0,0.4,walk_queue_ablation
69,1.3800000000000001,0.0,0.4000000059604645,0.24703764915466309,0.17651040852069855,-0.017247376963496208,0.3538786768913269,0,2000,v2a_u08,0,0,42,0.0,0.4,walk_queue_ablation
70,1.4000000000000001,0.0,0.4000000059604645,0.24230515956878662,0.18329550325870514,0.0032441753428429365,0.15344765782356262,0,2000,v2a_u08,0,0,42,0.0,0.4,walk_queue_ablation
71,1.42,0.0,0.4000000059604645,0.24000334739685059,0.19850952923297882,0.026154669001698494,-0.039641670882701874,0,2000,v2a_u08,0,0,42,0.0,0.4,walk_queue_ablation
72,1.44,0.0,0.4000000059604645,0.23981082439422607,0.21848765015602112,0.04912593215703964,-0.187513530254364,0,2000,v2a_u08,0,0,42,0.0,0.4,walk_queue_ablation
73,1.46,0.0,0.4000000059604645,0.2407623529434204,0.24484024941921234,0.07339782267808914,-0.223220556974411,0,2000,v2a_u08,0,0,42,0.0,0.4,walk_queue_ablation
74,1.48,0.0,0.4000000059604645,0.24254727363586426,0.26923868060112,0.09696464985609055,-0.2735436260700226,0,2000,v2a_u08,0,0,42,0.0,0.4,walk_queue_ablation
75,1.5,0.0,0.4000000059604645,0.2452070713043213,0.2929742932319641,0.11606293171644211,-0.28658202290534973,0,2000,v2a_u08,0,0,42,0.0,0.4,walk_queue_ablation
76,1.52,0.0,0.4000000059604645,0.2477271556854248,0.3109629154205322,0.13597629964351654,-0.19051948189735413,0,2000,v2a_u08,0,0,42,0.0,0.4,walk_queue_ablation
77,1.54,0.0,0.4000000059604645,0.2492738962173462,0.32870689034461975,0.1568686068058014,-0.06506991386413574,0,2000,v2a_u08,0,0,42,0.0,0.4,walk_queue_ablation
78,1.56,0.0,0.4000000059604645,0.24992477893829346,0.3471427261829376,0.18081046640872955,0.023329604417085648,0,2000,v2a_u08,0,0,42,0.0,0.4,walk_queue_ablation
79,1.58,0.0,0.4000000059604645,0.2500959634780884,0.367006778717041,0.2078624963760376,0.08446928858757019,0,2000,v2a_u08,0,0,42,0.0,0.4,walk_queue_ablation
80,1.6,0.0,0.4000000059604645,0.249963641166687,0.3876158893108368,0.2391006350517273,0.13521504402160645,0,2000,v2a_u08,0,0,42,0.0,0.4,walk_queue_ablation
81,1.62,0.0,0.4000000059604645,0.24943137168884277,0.4077659547328949,0.27567026019096375,0.19528450071811676,0,2000,v2a_u08,0,0,42,0.0,0.4,walk_queue_ablation
82,1.6400000000000001,0.0,0.4000000059604645,0.24870145320892334,0.4293791353702545,0.3136795461177826,0.22083958983421326,0,2000,v2a_u08,0,0,42,0.0,0.4,walk_queue_ablation
83,1.6600000000000001,0.0,0.4000000059604645,0.24801909923553467,0.450459748506546,0.354483962059021,0.22010372579097748,0,2000,v2a_u08,0,0,42,0.0,0.4,walk_queue_ablation
84,1.68,0.0,0.4000000059604645,0.24722158908843994,0.46555259823799133,0.40330770611763,0.20771193504333496,0,2000,v2a_u08,0,0,42,0.0,0.4,walk_queue_ablation
85,1.7,0.0,0.4000000059604645,0.2461024522781372,0.47998666763305664,0.45731961727142334,0.23460975289344788,0,2000,v2a_u08,0,0,42,0.0,0.4,walk_queue_ablation
86,1.72,0.0,0.4000000059604645,0.24502885341644287,0.4911564886569977,0.5090770721435547,0.22852711379528046,0,2000,v2a_u08,0,0,42,0.0,0.4,walk_queue_ablation
87,1.74,0.0,0.4000000059604645,0.2440030574798584,0.45175671577453613,0.5009360313415527,0.5531139969825745,0,2000,v2a_u08,0,0,42,0.0,0.4,walk_queue_ablation
88,1.76,0.0,0.4000000059604645,0.24162745475769043,0.39969173073768616,0.4174219071865082,0.11059453338384628,0,2000,v2a_u08,0,0,42,0.0,0.4,walk_queue_ablation
89,1.78,0.0,0.4000000059604645,0.2424461841583252,0.3654780387878418,0.35980650782585144,0.04104558750987053,0,2000,v2a_u08,0,0,42,0.0,0.4,walk_queue_ablation
90,1.8,0.0,0.4000000059604645,0.24352991580963135,0.3354640603065491,0.3119521141052246,0.09372427314519882,0,2000,v2a_u08,0,0,42,0.0,0.4,walk_queue_ablation
91,1.82,0.0,0.4000000059604645,0.24354684352874756,0.30309218168258667,0.2737107574939728,0.2480592280626297,0,2000,v2a_u08,0,0,42,0.0,0.4,walk_queue_ablation
92,1.84,0.0,0.4000000059604645,0.2419654130935669,0.28705957531929016,0.23954245448112488,0.35296398401260376,0,2000,v2a_u08,0,0,42,0.0,0.4,walk_queue_ablation
93,1.86,0.0,0.4000000059604645,0.2405945062637329,0.26176512241363525,0.2063417285680771,0.3138931691646576,0,2000,v2a_u08,0,0,42,0.0,0.4,walk_queue_ablation
94,1.8800000000000001,0.0,0.4000000059604645,0.23968815803527832,0.24131546914577484,0.17963576316833496,0.2311742901802063,0,2000,v2a_u08,0,0,42,0.0,0.4,walk_queue_ablation
95,1.9000000000000001,0.0,0.4000000059604645,0.239388108253479,0.22006450593471527,0.15109023451805115,0.17797468602657318,0,2000,v2a_u08,0,0,42,0.0,0.4,walk_queue_ablation
96,1.92,0.0,0.4000000059604645,0.2394416332244873,0.20909912884235382,0.12884904444217682,0.07670066505670547,0,2000,v2a_u08,0,0,42,0.0,0.4,walk_queue_ablation
97,1.94,0.0,0.4000000059604645,0.24017059803009033,0.20767094194889069,0.11071610450744629,-0.03742422163486481,0,2000,v2a_u08,0,0,42,0.0,0.4,walk_queue_ablation
98,1.96,0.0,0.4000000059604645,0.24175560474395752,0.2085178792476654,0.09948264807462692,-0.18214645981788635,0,2000,v2a_u08,0,0,42,0.0,0.4,walk_queue_ablation
99,1.98,0.0,0.4000000059604645,0.24410974979400635,0.21267826855182648,0.09099980443716049,-0.27459585666656494,0,2000,v2a_u08,0,0,42,0.0,0.4,walk_queue_ablation
100,2.0,0.0,0.4000000059604645,0.24692213535308838,0.21880672872066498,0.08270592987537384,-0.3433206379413605,0,2000,v2a_u08,0,0,42,0.0,0.4,walk_queue_ablation
101,2.02,0.0,0.4000000059604645,0.2498389482498169,0.2280164361000061,0.07386454194784164,-0.3786194324493408,0,2000,v2a_u08,0,0,42,0.0,0.4,walk_queue_ablation
102,2.04,0.0,0.4000000059604645,0.2527257204055786,0.23353509604930878,0.061757780611515045,-0.3960098624229431,0,2000,v2a_u08,0,0,42,0.0,0.4,walk_queue_ablation
103,2.06,0.0,0.4000000059604645,0.25498950481414795,0.2352331280708313,0.04757123440504074,-0.33413180708885193,0,2000,v2a_u08,0,0,42,0.0,0.4,walk_queue_ablation
104,2.08,0.0,0.4000000059604645,0.25625336170196533,0.2345782071352005,0.029764579609036446,-0.2486727386713028,0,2000,v2a_u08,0,0,42,0.0,0.4,walk_queue_ablation
105,2.1,0.0,0.4000000059604645,0.2568305730819702,0.23106616735458374,0.00804102048277855,-0.1768534630537033,0,2000,v2a_u08,0,0,42,0.0,0.4,walk_queue_ablation
106,2.12,0.0,0.4000000059604645,0.256963849067688,0.22286102175712585,-0.013322334736585617,-0.10964727401733398,0,2000,v2a_u08,0,0,42,0.0,0.4,walk_queue_ablation
107,2.14,0.0,0.4000000059604645,0.25621163845062256,0.21057085692882538,-0.03153073042631149,-0.017115483060479164,0,2000,v2a_u08,0,0,42,0.0,0.4,walk_queue_ablation
108,2.16,0.0,0.4000000059604645,0.2544304132461548,0.19366447627544403,-0.043983958661556244,0.050446197390556335,0,2000,v2a_u08,0,0,42,0.0,0.4,walk_queue_ablation
109,2.18,0.0,0.4000000059604645,0.2520405054092407,0.17286500334739685,-0.04935942217707634,0.04884945973753929,0,2000,v2a_u08,0,0,42,0.0,0.4,walk_queue_ablation
110,2.2,0.0,0.4000000059604645,0.2495485544204712,0.14970256388187408,-0.009534040465950966,0.3045879304409027,0,2000,v2a_u08,0,0,42,0.0,0.4,walk_queue_ablation
111,2.22,0.0,0.4000000059604645,0.24329137802124023,0.13574804365634918,0.011343171820044518,0.3962423801422119,0,2000,v2a_u08,0,0,42,0.0,0.4,walk_queue_ablation
112,2.24,0.0,0.4000000059604645,0.23767411708831787,0.1319163590669632,0.030476341024041176,0.23534175753593445,0,2000,v2a_u08,0,0,42,0.0,0.4,walk_queue_ablation
113,2.2600000000000002,0.0,0.4000000059604645,0.233343243598938,0.13863490521907806,0.05088556185364723,0.15395723283290863,0,2000,v2a_u08,0,0,42,0.0,0.4,walk_queue_ablation
114,2.2800000000000002,0.0,0.4000000059604645,0.2309027910232544,0.1544920802116394,0.07067465037107468,-0.019560057669878006,0,2000,v2a_u08,0,0,42,0.0,0.4,walk_queue_ablation
115,2.3000000000000003,0.0,0.4000000059604645,0.23030376434326172,0.17244736850261688,0.09150774776935577,-0.1357891857624054,0,2000,v2a_u08,0,0,42,0.0,0.4,walk_queue_ablation
116,2.32,0.0,0.4000000059604645,0.23067724704742432,0.19455377757549286,0.11265593022108078,-0.16032938659191132,0,2000,v2a_u08,0,0,42,0.0,0.4,walk_queue_ablation
117,2.34,0.0,0.4000000059604645,0.2318565845489502,0.2158915102481842,0.1342286616563797,-0.22304083406925201,0,2000,v2a_u08,0,0,42,0.0,0.4,walk_queue_ablation
118,2.36,0.0,0.4000000059604645,0.23404324054718018,0.24099694192409515,0.1503940224647522,-0.24127386510372162,0,2000,v2a_u08,0,0,42,0.0,0.4,walk_queue_ablation
119,2.38,0.0,0.4000000059604645,0.23603498935699463,0.2602521479129791,0.16954734921455383,-0.1415807604789734,0,2000,v2a_u08,0,0,42,0.0,0.4,walk_queue_ablation
120,2.4,0.0,0.4000000059604645,0.23715436458587646,0.2791478931903839,0.18898028135299683,-0.029753325507044792,0,2000,v2a_u08,0,0,42,0.0,0.4,walk_queue_ablation
121,2.42,0.0,0.4000000059604645,0.2375556230545044,0.29873430728912354,0.21220268309116364,0.0418991819024086,0,2000,v2a_u08,0,0,42,0.0,0.4,walk_queue_ablation
122,2.44,0.0,0.4000000059604645,0.2376861572265625,0.31971606612205505,0.23884937167167664,0.08420506864786148,0,2000,v2a_u08,0,0,42,0.0,0.4,walk_queue_ablation
123,2.46,0.0,0.4000000059604645,0.2377326488494873,0.3403795659542084,0.2703542113304138,0.11163882911205292,0,2000,v2a_u08,0,0,42,0.0,0.4,walk_queue_ablation
124,2.48,0.0,0.4000000059604645,0.23762738704681396,0.3610755503177643,0.30703026056289673,0.14562346041202545,0,2000,v2a_u08,0,0,42,0.0,0.4,walk_queue_ablation
125,2.5,0.0,0.4000000059604645,0.23750483989715576,0.3833094835281372,0.34519609808921814,0.16436952352523804,0,2000,v2a_u08,0,0,42,0.0,0.4,walk_queue_ablation
126,2.52,0.0,0.4000000059604645,0.2373642921447754,0.40305033326148987,0.38787004351615906,0.16939282417297363,0,2000,v2a_u08,0,0,42,0.0,0.4,walk_queue_ablation
127,2.54,0.0,0.4000000059604645,0.23689568042755127,0.4178308844566345,0.4389662444591522,0.18699391186237335,0,2000,v2a_u08,0,0,42,0.0,0.4,walk_queue_ablation
128,2.56,0.0,0.4000000059604645,0.23588788509368896,0.43228647112846375,0.49406933784484863,0.23705433309078217,0,2000,v2a_u08,0,0,42,0.0,0.4,walk_queue_ablation
129,2.58,0.0,0.4000000059604645,0.23499703407287598,0.4422341585159302,0.5424030423164368,0.2001340091228485,0,2000,v2a_u08,0,0,42,0.0,0.4,walk_queue_ablation
130,2.6,0.0,0.4000000059604645,0.2337418794631958,0.3939443528652191,0.5233842134475708,0.5198431611061096,0,2000,v2a_u08,0,0,42,0.0,0.4,walk_queue_ablation
131,2.62,0.0,0.4000000059604645,0.23228824138641357,0.35125499963760376,0.43697473406791687,0.024633053690195084,0,2000,v2a_u08,0,0,42,0.0,0.4,walk_queue_ablation
132,2.64,0.0,0.4000000059604645,0.2342994213104248,0.3150462210178375,0.3762070834636688,-0.08681868761777878,0,2000,v2a_u08,0,0,42,0.0,0.4,walk_queue_ablation
133,2.66,0.0,0.4000000059604645,0.23632991313934326,0.2875671684741974,0.33118700981140137,-0.0014772587455809116,0,2000,v2a_u08,0,0,42,0.0,0.4,walk_queue_ablation
134,2.68,0.0,0.4000000059604645,0.23724794387817383,0.259946346282959,0.29166626930236816,0.16521382331848145,0,2000,v2a_u08,0,0,42,0.0,0.4,walk_queue_ablation
135,2.7,0.0,0.4000000059604645,0.23621070384979248,0.2416912466287613,0.25737929344177246,0.3380252420902252,0,2000,v2a_u08,0,0,42,0.0,0.4,walk_queue_ablation
136,2.72,0.0,0.4000000059604645,0.23493003845214844,0.22041113674640656,0.22470661997795105,0.3025919795036316,0,2000,v2a_u08,0,0,42,0.0,0.4,walk_queue_ablation
137,2.74,0.0,0.4000000059604645,0.2336864471435547,0.1999610960483551,0.19622080028057098,0.2812839448451996,0,2000,v2a_u08,0,0,42,0.0,0.4,walk_queue_ablation
138,2.7600000000000002,0.0,0.4000000059604645,0.2328249216079712,0.17613138258457184,0.16781723499298096,0.22573113441467285,0,2000,v2a_u08,0,0,42,0.0,0.4,walk_queue_ablation
139,2.7800000000000002,0.0,0.4000000059604645,0.232261061668396,0.16673840582370758,0.14686432480812073,0.11482293903827667,0,2000,v2a_u08,0,0,42,0.0,0.4,walk_queue_ablation
140,2.8000000000000003,0.0,0.4000000059604645,0.23288750648498535,0.1630563884973526,0.1307242065668106,-0.055896591395139694,0,2000,v2a_u08,0,0,42,0.0,0.4,walk_queue_ablation
141,2.82,0.0,0.4000000059604645,0.23424768447875977,0.161763995885849,0.12012474983930588,-0.15633679926395416,0,2000,v2a_u08,0,0,42,0.0,0.4,walk_queue_ablation
142,2.84,0.0,0.4000000059604645,0.23613500595092773,0.16454896330833435,0.11110446602106094,-0.24305632710456848,0,2000,v2a_u08,0,0,42,0.0,0.4,walk_queue_ablation
143,2.86,0.0,0.4000000059604645,0.23863399028778076,0.1702992022037506,0.10193303972482681,-0.3410283923149109,0,2000,v2a_u08,0,0,42,0.0,0.4,walk_queue_ablation
144,2.88,0.0,0.4000000059604645,0.24151432514190674,0.17685385048389435,0.09173505008220673,-0.39184826612472534,0,2000,v2a_u08,0,0,42,0.0,0.4,walk_queue_ablation
145,2.9,0.0,0.4000000059604645,0.24428927898406982,0.1774454563856125,0.07927761971950531,-0.38714027404785156,0,2000,v2a_u08,0,0,42,0.0,0.4,walk_queue_ablation
146,2.92,0.0,0.4000000059604645,0.24634170532226562,0.17522741854190826,0.06485304981470108,-0.31739944219589233,0,2000,v2a_u08,0,0,42,0.0,0.4,walk_queue_ablation
147,2.94,0.0,0.4000000059604645,0.24738168716430664,0.17122529447078705,0.046863093972206116,-0.22997066378593445,0,2000,v2a_u08,0,0,42,0.0,0.4,walk_queue_ablation
148,2.96,0.0,0.4000000059604645,0.24799633026123047,0.16378892958164215,0.02534486912190914,-0.17797119915485382,0,2000,v2a_u08,0,0,42,0.0,0.4,walk_queue_ablation
149,2.98,0.0,0.4000000059604645,0.24813318252563477,0.1527608335018158,0.005814773496240377,-0.11721424013376236,0,2000,v2a_u08,0,0,42,0.0,0.4,walk_queue_ablation
150,3.0,0.0,0.4000000059604645,0.24751555919647217,0.1369306445121765,-0.010272989980876446,-0.051658786833286285,0,2000,v2a_u08,0,0,42,0.0,0.4,walk_queue_ablation
151,3.02,0.0,0.4000000059604645,0.2461252212524414,0.1163850799202919,-0.019339680671691895,-0.012405971065163612,0,2000,v2a_u08,0,0,42,0.0,0.4,walk_queue_ablation
152,3.04,0.0,0.4000000059604645,0.2446434497833252,0.07946819812059402,0.00684398552402854,-0.24070683121681213,0,2000,v2a_u08,0,0,42,0.0,0.4,walk_queue_ablation
153,3.06,0.0,0.4000000059604645,0.2418041229248047,0.07421065121889114,0.029326677322387695,0.24293513596057892,0,2000,v2a_u08,0,0,42,0.0,0.4,walk_queue_ablation
154,3.08,0.0,0.4000000059604645,0.23616933822631836,0.07187657058238983,0.04806547239422798,0.3174940347671509,0,2000,v2a_u08,0,0,42,0.0,0.4,walk_queue_ablation
155,3.1,0.0,0.4000000059604645,0.231054425239563,0.08032815903425217,0.06576009839773178,0.21504977345466614,0,2000,v2a_u08,0,0,42,0.0,0.4,walk_queue_ablation
156,3.12,0.0,0.4000000059604645,0.22742223739624023,0.09581635892391205,0.08528729528188705,0.09204118698835373,0,2000,v2a_u08,0,0,42,0.0,0.4,walk_queue_ablation
157,3.14,0.0,0.4000000059604645,0.2257634401321411,0.1164352223277092,0.10480369627475739,-0.06875327229499817,0,2000,v2a_u08,0,0,42,0.0,0.4,walk_queue_ablation
158,3.16,0.0,0.4000000059604645,0.22539901733398438,0.14184443652629852,0.1254204958677292,-0.11317422986030579,0,2000,v2a_u08,0,0,42,0.0,0.4,walk_queue_ablation
159,3.18,0.0,0.4000000059604645,0.2258085012435913,0.1722390502691269,0.14539788663387299,-0.14586645364761353,0,2000,v2a_u08,0,0,42,0.0,0.4,walk_queue_ablation
160,3.2,0.0,0.4000000059604645,0.22709143161773682,0.19833005964756012,0.16262251138687134,-0.19136659801006317,0,2000,v2a_u08,0,0,42,0.0,0.4,walk_queue_ablation
161,3.22,0.0,0.4000000059604645,0.22893869876861572,0.22036010026931763,0.18080884218215942,-0.18174166977405548,0,2000,v2a_u08,0,0,42,0.0,0.4,walk_queue_ablation
162,3.24,0.0,0.4000000059604645,0.23059630393981934,0.23939360678195953,0.19988252222537994,-0.09572199732065201,0,2000,v2a_u08,0,0,42,0.0,0.4,walk_queue_ablation
163,3.2600000000000002,0.0,0.4000000059604645,0.23156273365020752,0.2578282952308655,0.22172249853610992,-0.015584222972393036,0,2000,v2a_u08,0,0,42,0.0,0.4,walk_queue_ablation
164,3.2800000000000002,0.0,0.4000000059604645,0.23212897777557373,0.2773244082927704,0.24696135520935059,0.03341090306639671,0,2000,v2a_u08,0,0,42,0.0,0.4,walk_queue_ablation
165,3.3000000000000003,0.0,0.4000000059604645,0.2324833869934082,0.29801639914512634,0.2767394483089447,0.0752892717719078,0,2000,v2a_u08,0,0,42,0.0,0.4,walk_queue_ablation
166,3.3200000000000003,0.0,0.4000000059604645,0.23259270191192627,0.31802353262901306,0.3119376003742218,0.12144076824188232,0,2000,v2a_u08,0,0,42,0.0,0.4,walk_queue_ablation
167,3.34,0.0,0.4000000059604645,0.23250555992126465,0.33891886472702026,0.35002991557121277,0.1588117629289627,0,2000,v2a_u08,0,0,42,0.0,0.4,walk_queue_ablation
168,3.36,0.0,0.4000000059604645,0.23236513137817383,0.3592837154865265,0.39088621735572815,0.17071332037448883,0,2000,v2a_u08,0,0,42,0.0,0.4,walk_queue_ablation
169,3.38,0.0,0.4000000059604645,0.23214352130889893,0.3742132782936096,0.438943088054657,0.1684134602546692,0,2000,v2a_u08,0,0,42,0.0,0.4,walk_queue_ablation
170,3.4,0.0,0.4000000059604645,0.2314661741256714,0.3878331482410431,0.49433186650276184,0.2060897797346115,0,2000,v2a_u08,0,0,42,0.0,0.4,walk_queue_ablation
171,3.42,0.0,0.4000000059604645,0.2304835319519043,0.39977219700813293,0.5491325259208679,0.24611179530620575,0,2000,v2a_u08,0,0,42,0.0,0.4,walk_queue_ablation
172,3.44,0.0,0.4000000059604645,0.22944426536560059,0.4018690288066864,0.581508457660675,0.19898667931556702,0,2000,v2a_u08,0,0,42,0.0,0.4,walk_queue_ablation
173,3.46,0.0,0.4000000059604645,0.2266455888748169,0.3279734253883362,0.4785424768924713,0.13985297083854675,0,2000,v2a_u08,0,0,42,0.0,0.4,walk_queue_ablation
174,3.48,0.0,0.4000000059604645,0.22800183296203613,0.2907440662384033,0.40618062019348145,-0.08189653605222702,0,2000,v2a_u08,0,0,42,0.0,0.4,walk_queue_ablation
175,3.5,0.0,0.4000000059604645,0.23025643825531006,0.26566746830940247,0.35711508989334106,-0.04552377387881279,0,2000,v2a_u08,0,0,42,0.0,0.4,walk_queue_ablation
176,3.52,0.0,0.4000000059604645,0.23132526874542236,0.24072155356407166,0.3190867304801941,0.14161130785942078,0,2000,v2a_u08,0,0,42,0.0,0.4,walk_queue_ablation
177,3.54,0.0,0.4000000059604645,0.23054802417755127,0.22071139514446259,0.2828551232814789,0.31910812854766846,0,2000,v2a_u08,0,0,42,0.0,0.4,walk_queue_ablation
178,3.56,0.0,0.4000000059604645,0.22895634174346924,0.20479504764080048,0.24913427233695984,0.3221076428890228,0,2000,v2a_u08,0,0,42,0.0,0.4,walk_queue_ablation
179,3.58,0.0,0.4000000059604645,0.22804582118988037,0.18266282975673676,0.21815665066242218,0.2315794974565506,0,2000,v2a_u08,0,0,42,0.0,0.4,walk_queue_ablation
180,3.6,0.0,0.4000000059604645,0.2274608612060547,0.1623784303665161,0.1892451047897339,0.2206307202577591,0,2000,v2a_u08,0,0,42,0.0,0.4,walk_queue_ablation
181,3.62,0.0,0.4000000059604645,0.22707664966583252,0.14610092341899872,0.16410411894321442,0.14022177457809448,0,2000,v2a_u08,0,0,42,0.0,0.4,walk_queue_ablation
182,3.64,0.0,0.4000000059604645,0.2273169755935669,0.14273296296596527,0.1450112909078598,0.0029628602787852287,0,2000,v2a_u08,0,0,42,0.0,0.4,walk_queue_ablation
183,3.66,0.0,0.4000000059604645,0.2286088466644287,0.14343857765197754,0.13253657519817352,-0.14433301985263824,0,2000,v2a_u08,0,0,42,0.0,0.4,walk_queue_ablation
184,3.68,0.0,0.4000000059604645,0.2305508852005005,0.1462303251028061,0.12321183830499649,-0.22697733342647552,0,2000,v2a_u08,0,0,42,0.0,0.4,walk_queue_ablation
185,3.7,0.0,0.4000000059604645,0.23293256759643555,0.15135647356510162,0.11446727812290192,-0.30156204104423523,0,2000,v2a_u08,0,0,42,0.0,0.4,walk_queue_ablation
186,3.72,0.0,0.4000000059604645,0.23571443557739258,0.15799805521965027,0.10519593954086304,-0.3739984333515167,0,2000,v2a_u08,0,0,42,0.0,0.4,walk_queue_ablation
187,3.74,0.0,0.4000000059604645,0.23855602741241455,0.16118113696575165,0.09374910593032837,-0.38652491569519043,0,2000,v2a_u08,0,0,42,0.0,0.4,walk_queue_ablation
188,3.7600000000000002,0.0,0.4000000059604645,0.24086904525756836,0.15888746082782745,0.08035183697938919,-0.3425482213497162,0,2000,v2a_u08,0,0,42,0.0,0.4,walk_queue_ablation
189,3.7800000000000002,0.0,0.4000000059604645,0.24229490756988525,0.1546834111213684,0.06371580809354782,-0.2630794644355774,0,2000,v2a_u08,0,0,42,0.0,0.4,walk_queue_ablation
190,3.8000000000000003,0.0,0.4000000059604645,0.24295246601104736,0.1490079015493393,0.04330432787537575,-0.19014529883861542,0,2000,v2a_u08,0,0,42,0.0,0.4,walk_queue_ablation
191,3.8200000000000003,0.0,0.4000000059604645,0.2432861328125,0.13890738785266876,0.021678611636161804,-0.1417848765850067,0,2000,v2a_u08,0,0,42,0.0,0.4,walk_queue_ablation
192,3.84,0.0,0.4000000059604645,0.2429569959640503,0.12539531290531158,0.0038560552056878805,-0.0699804350733757,0,2000,v2a_u08,0,0,42,0.0,0.4,walk_queue_ablation
193,3.86,0.0,0.4000000059604645,0.24181926250457764,0.10668811947107315,-0.008848214522004128,-0.016814149916172028,0,2000,v2a_u08,0,0,42,0.0,0.4,walk_queue_ablation
194,3.88,0.0,0.4000000059604645,0.2400062084197998,0.0839000940322876,-0.01575617864727974,0.01819954439997673,0,2000,v2a_u08,0,0,42,0.0,0.4,walk_queue_ablation
195,3.9,0.0,0.4000000059604645,0.2383568286895752,0.06003490090370178,0.019672704860568047,0.2046632319688797,0,2000,v2a_u08,0,0,42,0.0,0.4,walk_queue_ablation
196,3.92,0.0,0.4000000059604645,0.23318839073181152,0.05025899037718773,0.041736017912626266,0.32272565364837646,0,2000,v2a_u08,0,0,42,0.0,0.4,walk_queue_ablation
197,3.94,0.0,0.4000000059604645,0.22787892818450928,0.05354194715619087,0.05900750681757927,0.2238111048936844,0,2000,v2a_u08,0,0,42,0.0,0.4,walk_queue_ablation
198,3.96,0.0,0.4000000059604645,0.22400689125061035,0.06425946950912476,0.07765621691942215,0.09716689586639404,0,2000,v2a_u08,0,0,42,0.0,0.4,walk_queue_ablation
199,3.98,0.0,0.4000000059604645,0.22190332412719727,0.08413790911436081,0.09737836569547653,-0.0354846753180027,0,2000,v2a_u08,0,0,42,0.0,0.4,walk_queue_ablation
200,4.0,0.0,0.4000000059604645,0.22134220600128174,0.10892359167337418,0.11704602837562561,-0.12532907724380493,0,2000,v2a_u08,0,0,42,0.0,0.4,walk_queue_ablation
201,4.0200000000000005,0.0,0.4000000059604645,0.22160768508911133,0.13992449641227722,0.1375790238380432,-0.14121763408184052,0,2000,v2a_u08,0,0,42,0.0,0.4,walk_queue_ablation
202,4.04,0.0,0.4000000059604645,0.2224409580230713,0.16805985569953918,0.15821649134159088,-0.16695749759674072,0,2000,v2a_u08,0,0,42,0.0,0.4,walk_queue_ablation
203,4.0600000000000005,0.0,0.4000000059604645,0.22394585609436035,0.19396547973155975,0.17577552795410156,-0.1724081188440323,0,2000,v2a_u08,0,0,42,0.0,0.4,walk_queue_ablation
204,4.08,0.0,0.4000000059604645,0.22550439834594727,0.213460311293602,0.1939982771873474,-0.11415179073810577,0,2000,v2a_u08,0,0,42,0.0,0.4,walk_queue_ablation
205,4.1,0.0,0.4000000059604645,0.2265549898147583,0.23264813423156738,0.21319067478179932,-0.027372732758522034,0,2000,v2a_u08,0,0,42,0.0,0.4,walk_queue_ablation
206,4.12,0.0,0.4000000059604645,0.22701334953308105,0.2530285716056824,0.23649203777313232,0.041541688144207,0,2000,v2a_u08,0,0,42,0.0,0.4,walk_queue_ablation
207,4.14,0.0,0.4000000059604645,0.22714734077453613,0.27478933334350586,0.2637752294540405,0.09014579653739929,0,2000,v2a_u08,0,0,42,0.0,0.4,walk_queue_ablation
208,4.16,0.0,0.4000000059604645,0.2270033359527588,0.2956869602203369,0.2967326045036316,0.13474902510643005,0,2000,v2a_u08,0,0,42,0.0,0.4,walk_queue_ablation
209,4.18,0.0,0.4000000059604645,0.2265915870666504,0.3155234754085541,0.3343554437160492,0.1777813732624054,0,2000,v2a_u08,0,0,42,0.0,0.4,walk_queue_ablation
210,4.2,0.0,0.4000000059604645,0.22613847255706787,0.3357267379760742,0.37389928102493286,0.18928274512290955,0,2000,v2a_u08,0,0,42,0.0,0.4,walk_queue_ablation
211,4.22,0.0,0.4000000059604645,0.2258847951889038,0.35267704725265503,0.41770225763320923,0.17211493849754333,0,2000,v2a_u08,0,0,42,0.0,0.4,walk_queue_ablation
212,4.24,0.0,0.4000000059604645,0.22546100616455078,0.364418625831604,0.47081130743026733,0.17739316821098328,0,2000,v2a_u08,0,0,42,0.0,0.4,walk_queue_ablation
213,4.26,0.0,0.4000000059604645,0.22464203834533691,0.3759967088699341,0.5277460217475891,0.22115032374858856,0,2000,v2a_u08,0,0,42,0.0,0.4,walk_queue_ablation
214,4.28,0.0,0.4000000059604645,0.2240208387374878,0.38236457109451294,0.5707318186759949,0.1708267480134964,0,2000,v2a_u08,0,0,42,0.0,0.4,walk_queue_ablation
215,4.3,0.0,0.4000000059604645,0.22196197509765625,0.31544020771980286,0.5171824097633362,0.44670042395591736,0,2000,v2a_u08,0,0,42,0.0,0.4,walk_queue_ablation
216,4.32,0.0,0.4000000059604645,0.22132790088653564,0.28663283586502075,0.43853461742401123,0.032996322959661484,0,2000,v2a_u08,0,0,42,0.0,0.4,walk_queue_ablation
217,4.34,0.0,0.4000000059604645,0.22296273708343506,0.25468289852142334,0.3784870505332947,-0.031682420521974564,0,2000,v2a_u08,0,0,42,0.0,0.4,walk_queue_ablation
218,4.36,0.0,0.4000000059604645,0.22427046298980713,0.23177176713943481,0.33510100841522217,0.057539429515600204,0,2000,v2a_u08,0,0,42,0.0,0.4,walk_queue_ablation
219,4.38,0.0,0.4000000059604645,0.22459232807159424,0.20862095057964325,0.29553458094596863,0.20212602615356445,0,2000,v2a_u08,0,0,42,0.0,0.4,walk_queue_ablation
220,4.4,0.0,0.4000000059604645,0.22356796264648438,0.19328665733337402,0.2596607804298401,0.3012715280056,0,2000,v2a_u08,0,0,42,0.0,0.4,walk_queue_ablation
221,4.42,0.0,0.4000000059604645,0.22284471988677979,0.17214606702327728,0.2265605628490448,0.2305104285478592,0,2000,v2a_u08,0,0,42,0.0,0.4,walk_queue_ablation
222,4.44,0.0,0.4000000059604645,0.2222367525100708,0.15262338519096375,0.19729290902614594,0.22430138289928436,0,2000,v2a_u08,0,0,42,0.0,0.4,walk_queue_ablation
223,4.46,0.0,0.4000000059604645,0.22183501720428467,0.13126493990421295,0.16893140971660614,0.18047253787517548,0,2000,v2a_u08,0,0,42,0.0,0.4,walk_queue_ablation
224,4.48,0.0,0.4000000059604645,0.22162818908691406,0.1253385841846466,0.14752349257469177,0.07320215553045273,0,2000,v2a_u08,0,0,42,0.0,0.4,walk_queue_ablation
225,4.5,0.0,0.4000000059604645,0.22262299060821533,0.12415651232004166,0.13214357197284698,-0.09494557231664658,0,2000,v2a_u08,0,0,42,0.0,0.4,walk_queue_ablation
226,4.5200000000000005,0.0,0.4000000059604645,0.2241532802581787,0.12514641880989075,0.12193725258111954,-0.17164777219295502,0,2000,v2a_u08,0,0,42,0.0,0.4,walk_queue_ablation
227,4.54,0.0,0.4000000059604645,0.226118803024292,0.12938004732131958,0.11237181723117828,-0.2505766451358795,0,2000,v2a_u08,0,0,42,0.0,0.4,walk_queue_ablation
228,4.5600000000000005,0.0,0.4000000059604645,0.2286320924758911,0.13617102801799774,0.10258238017559052,-0.34225836396217346,0,2000,v2a_u08,0,0,42,0.0,0.4,walk_queue_ablation
229,4.58,0.0,0.4000000059604645,0.23143184185028076,0.142952099442482,0.09166206419467926,-0.3834177851676941,0,2000,v2a_u08,0,0,42,0.0,0.4,walk_queue_ablation
230,4.6000000000000005,0.0,0.4000000059604645,0.2340456247329712,0.14316114783287048,0.07838566601276398,-0.37250155210494995,0,2000,v2a_u08,0,0,42,0.0,0.4,walk_queue_ablation
231,4.62,0.0,0.4000000059604645,0.2358705997467041,0.14057204127311707,0.06277354061603546,-0.2948913872241974,0,2000,v2a_u08,0,0,42,0.0,0.4,walk_queue_ablation
232,4.64,0.0,0.4000000059604645,0.2366546392440796,0.13611146807670593,0.04368732497096062,-0.20689818263053894,0,2000,v2a_u08,0,0,42,0.0,0.4,walk_queue_ablation
233,4.66,0.0,0.4000000059604645,0.23705220222473145,0.12800006568431854,0.020924940705299377,-0.15840542316436768,0,2000,v2a_u08,0,0,42,0.0,0.4,walk_queue_ablation
234,4.68,0.0,0.4000000059604645,0.2370074987411499,0.11657953262329102,-0.00026354158762842417,-0.10205215215682983,0,2000,v2a_u08,0,0,42,0.0,0.4,walk_queue_ablation
235,4.7,0.0,0.4000000059604645,0.2362884283065796,0.10027752071619034,-0.017468862235546112,-0.04707084223628044,0,2000,v2a_u08,0,0,42,0.0,0.4,walk_queue_ablation
236,4.72,0.0,0.4000000059604645,0.23490393161773682,0.07844100147485733,-0.027966341003775597,-0.020216839388012886,0,2000,v2a_u08,0,0,42,0.0,0.4,walk_queue_ablation
237,4.74,0.0,0.4000000059604645,0.23370492458343506,0.0431455597281456,-0.001988818170502782,-0.20580802857875824,0,2000,v2a_u08,0,0,42,0.0,0.4,walk_queue_ablation
238,4.76,0.0,0.4000000059604645,0.23066997528076172,0.03919857740402222,0.020437141880393028,0.24116703867912292,0,2000,v2a_u08,0,0,42,0.0,0.4,walk_queue_ablation
239,4.78,0.0,0.4000000059604645,0.22530972957611084,0.03754998371005058,0.03987720608711243,0.2909151613712311,0,2000,v2a_u08,0,0,42,0.0,0.4,walk_queue_ablation
240,4.8,0.0,0.4000000059604645,0.22025251388549805,0.0455755777657032,0.05951748788356781,0.21280692517757416,0,2000,v2a_u08,0,0,42,0.0,0.4,walk_queue_ablation
241,4.82,0.0,0.4000000059604645,0.21664166450500488,0.06243037059903145,0.08002038300037384,0.0879569873213768,0,2000,v2a_u08,0,0,42,0.0,0.4,walk_queue_ablation
242,4.84,0.0,0.4000000059604645,0.21512365341186523,0.08291389793157578,0.0996812954545021,-0.08621025085449219,0,2000,v2a_u08,0,0,42,0.0,0.4,walk_queue_ablation
243,4.86,0.0,0.4000000059604645,0.21484363079071045,0.10839073359966278,0.12094458937644958,-0.11392173171043396,0,2000,v2a_u08,0,0,42,0.0,0.4,walk_queue_ablation
244,4.88,0.0,0.4000000059604645,0.21533071994781494,0.13750004768371582,0.14104463160037994,-0.15924020111560822,0,2000,v2a_u08,0,0,42,0.0,0.4,walk_queue_ablation
245,4.9,0.0,0.4000000059604645,0.2166738510131836,0.16352057456970215,0.1583772599697113,-0.19571368396282196,0,2000,v2a_u08,0,0,42,0.0,0.4,walk_queue_ablation
246,4.92,0.0,0.4000000059604645,0.21849143505096436,0.1843719780445099,0.1760438084602356,-0.17571157217025757,0,2000,v2a_u08,0,0,42,0.0,0.4,walk_queue_ablation
247,4.94,0.0,0.4000000059604645,0.22006547451019287,0.20270386338233948,0.19428424537181854,-0.08838966488838196,0,2000,v2a_u08,0,0,42,0.0,0.4,walk_queue_ablation
248,4.96,0.0,0.4000000059604645,0.22095835208892822,0.2203810214996338,0.2153378427028656,-0.008849568665027618,0,2000,v2a_u08,0,0,42,0.0,0.4,walk_queue_ablation
249,4.98,0.0,0.4000000059604645,0.22146308422088623,0.2389313280582428,0.24011611938476562,0.03817274421453476,0,2000,v2a_u08,0,0,42,0.0,0.4,walk_queue_ablation
250,5.0,0.0,0.4000000059604645,0.2218080759048462,0.2585563063621521,0.2693353295326233,0.07488620281219482,0,2000,v2a_u08,0,0,42,0.0,0.4,walk_queue_ablation
251,5.0200000000000005,0.0,0.4000000059604645,0.22192776203155518,0.27738329768180847,0.3042451739311218,0.1209787130355835,0,2000,v2a_u08,0,0,42,0.0,0.4,walk_queue_ablation
252,5.04,0.0,0.4000000059604645,0.2218170166015625,0.29663142561912537,0.3422984480857849,0.16141894459724426,0,2000,v2a_u08,0,0,42,0.0,0.4,walk_queue_ablation
253,5.0600000000000005,0.0,0.4000000059604645,0.2215961217880249,0.3157083988189697,0.3831034302711487,0.17975008487701416,0,2000,v2a_u08,0,0,42,0.0,0.4,walk_queue_ablation
254,5.08,0.0,0.4000000059604645,0.22132635116577148,0.32953912019729614,0.4306350350379944,0.17437240481376648,0,2000,v2a_u08,0,0,42,0.0,0.4,walk_queue_ablation
255,5.1000000000000005,0.0,0.4000000059604645,0.2206507921218872,0.3410870432853699,0.48573774099349976,0.20532482862472534,0,2000,v2a_u08,0,0,42,0.0,0.4,walk_queue_ablation
256,5.12,0.0,0.4000000059604645,0.2197033166885376,0.3510914146900177,0.5401905179023743,0.2371656894683838,0,2000,v2a_u08,0,0,42,0.0,0.4,walk_queue_ablation
257,5.14,0.0,0.4000000059604645,0.21875405311584473,0.35207223892211914,0.5732219815254211,0.1972619742155075,0,2000,v2a_u08,0,0,42,0.0,0.4,walk_queue_ablation
258,5.16,0.0,0.4000000059604645,0.21624064445495605,0.28969597816467285,0.49064797163009644,0.17663410305976868,0,2000,v2a_u08,0,0,42,0.0,0.4,walk_queue_ablation
259,5.18,0.0,0.4000000059604645,0.21712255477905273,0.2564704716205597,0.4206755757331848,-0.033237870782613754,0,2000,v2a_u08,0,0,42,0.0,0.4,walk_queue_ablation
260,5.2,0.0,0.4000000059604645,0.21903681755065918,0.23333175480365753,0.3698548674583435,-0.03205141797661781,0,2000,v2a_u08,0,0,42,0.0,0.4,walk_queue_ablation
261,5.22,0.0,0.4000000059604645,0.22014081478118896,0.21007725596427917,0.32967129349708557,0.12676899135112762,0,2000,v2a_u08,0,0,42,0.0,0.4,walk_queue_ablation
262,5.24,0.0,0.4000000059604645,0.2195720672607422,0.19264523684978485,0.29248693585395813,0.2944113314151764,0,2000,v2a_u08,0,0,42,0.0,0.4,walk_queue_ablation
263,5.26,0.0,0.4000000059604645,0.21816003322601318,0.17853358387947083,0.2580186426639557,0.3111250400543213,0,2000,v2a_u08,0,0,42,0.0,0.4,walk_queue_ablation
264,5.28,0.0,0.4000000059604645,0.2173370122909546,0.158052459359169,0.22669610381126404,0.22713381052017212,0,2000,v2a_u08,0,0,42,0.0,0.4,walk_queue_ablation
265,5.3,0.0,0.4000000059604645,0.216780424118042,0.14015363156795502,0.19841723144054413,0.21622218191623688,0,2000,v2a_u08,0,0,42,0.0,0.4,walk_queue_ablation
266,5.32,0.0,0.4000000059604645,0.2164212465286255,0.1246374323964119,0.17340564727783203,0.1393895447254181,0,2000,v2a_u08,0,0,42,0.0,0.4,walk_queue_ablation
267,5.34,0.0,0.4000000059604645,0.2166498899459839,0.1213643029332161,0.15390799939632416,0.01119261421263218,0,2000,v2a_u08,0,0,42,0.0,0.4,walk_queue_ablation
268,5.36,0.0,0.4000000059604645,0.21788108348846436,0.12200934439897537,0.1412796676158905,-0.13506612181663513,0,2000,v2a_u08,0,0,42,0.0,0.4,walk_queue_ablation
269,5.38,0.0,0.4000000059604645,0.21981489658355713,0.12461359798908234,0.13167399168014526,-0.22771121561527252,0,2000,v2a_u08,0,0,42,0.0,0.4,walk_queue_ablation
270,5.4,0.0,0.4000000059604645,0.22222506999969482,0.12950265407562256,0.12265170365571976,-0.3037734031677246,0,2000,v2a_u08,0,0,42,0.0,0.4,walk_queue_ablation
271,5.42,0.0,0.4000000059604645,0.22507750988006592,0.13559122383594513,0.11320777237415314,-0.3812725841999054,0,2000,v2a_u08,0,0,42,0.0,0.4,walk_queue_ablation
272,5.44,0.0,0.4000000059604645,0.2280486822128296,0.13837362825870514,0.1020779088139534,-0.39961183071136475,0,2000,v2a_u08,0,0,42,0.0,0.4,walk_queue_ablation
273,5.46,0.0,0.4000000059604645,0.2305452823638916,0.1355307698249817,0.0890107974410057,-0.359821617603302,0,2000,v2a_u08,0,0,42,0.0,0.4,walk_queue_ablation
274,5.48,0.0,0.4000000059604645,0.23218774795532227,0.13074184954166412,0.07300963252782822,-0.28375244140625,0,2000,v2a_u08,0,0,42,0.0,0.4,walk_queue_ablation
275,5.5,0.0,0.4000000059604645,0.23305881023406982,0.12447281926870346,0.053215716034173965,-0.21016013622283936,0,2000,v2a_u08,0,0,42,0.0,0.4,walk_queue_ablation
276,5.5200000000000005,0.0,0.4000000059604645,0.23358237743377686,0.11377318948507309,0.032154474407434464,-0.15971869230270386,0,2000,v2a_u08,0,0,42,0.0,0.4,walk_queue_ablation
277,5.54,0.0,0.4000000059604645,0.23346447944641113,0.10000872611999512,0.01349539216607809,-0.09201397001743317,0,2000,v2a_u08,0,0,42,0.0,0.4,walk_queue_ablation
278,5.5600000000000005,0.0,0.4000000059604645,0.23264038562774658,0.08085387200117111,0.0013844816712662578,-0.05041180178523064,0,2000,v2a_u08,0,0,42,0.0,0.4,walk_queue_ablation
279,5.58,0.0,0.4000000059604645,0.2311546802520752,0.05637209862470627,-0.00561301177367568,-0.0057302373461425304,0,2000,v2a_u08,0,0,42,0.0,0.4,walk_queue_ablation
280,5.6000000000000005,0.0,0.4000000059604645,0.22991657257080078,0.032628681510686874,0.029225269332528114,0.1303117275238037,0,2000,v2a_u08,0,0,42,0.0,0.4,walk_queue_ablation
281,5.62,0.0,0.4000000059604645,0.22528505325317383,0.023951781913638115,0.05202408507466316,0.2861950695514679,0,2000,v2a_u08,0,0,42,0.0,0.4,walk_queue_ablation
282,5.64,0.0,0.4000000059604645,0.22026753425598145,0.03169582784175873,0.06855983287096024,0.20482613146305084,0,2000,v2a_u08,0,0,42,0.0,0.4,walk_queue_ablation
283,5.66,0.0,0.4000000059604645,0.2163752317428589,0.042757369577884674,0.08751408755779266,0.09893368929624557,0,2000,v2a_u08,0,0,42,0.0,0.4,walk_queue_ablation
284,5.68,0.0,0.4000000059604645,0.2143557071685791,0.06352328509092331,0.10664470493793488,-0.04640539735555649,0,2000,v2a_u08,0,0,42,0.0,0.4,walk_queue_ablation
285,5.7,0.0,0.4000000059604645,0.2137598991394043,0.08771847933530807,0.12662595510482788,-0.11719318479299545,0,2000,v2a_u08,0,0,42,0.0,0.4,walk_queue_ablation
286,5.72,0.0,0.4000000059604645,0.2140125036239624,0.1189635768532753,0.14632204174995422,-0.13803820312023163,0,2000,v2a_u08,0,0,42,0.0,0.4,walk_queue_ablation
287,5.74,0.0,0.4000000059604645,0.2147963047027588,0.14718075096607208,0.16682033240795135,-0.15753763914108276,0,2000,v2a_u08,0,0,42,0.0,0.4,walk_queue_ablation
288,5.76,0.0,0.4000000059604645,0.2161346673965454,0.17404398322105408,0.1845894753932953,-0.15042568743228912,0,2000,v2a_u08,0,0,42,0.0,0.4,walk_queue_ablation
289,5.78,0.0,0.4000000059604645,0.21754705905914307,0.1930709034204483,0.20299284160137177,-0.10499316453933716,0,2000,v2a_u08,0,0,42,0.0,0.4,walk_queue_ablation
290,5.8,0.0,0.4000000059604645,0.21853399276733398,0.21266056597232819,0.222354918718338,-0.021350549533963203,0,2000,v2a_u08,0,0,42,0.0,0.4,walk_queue_ablation
291,5.82,0.0,0.4000000059604645,0.21894335746765137,0.23359136283397675,0.2459048479795456,0.049325697124004364,0,2000,v2a_u08,0,0,42,0.0,0.4,walk_queue_ablation
292,5.84,0.0,0.4000000059604645,0.21901142597198486,0.25553610920906067,0.2736298441886902,0.0974985882639885,0,2000,v2a_u08,0,0,42,0.0,0.4,walk_queue_ablation
293,5.86,0.0,0.4000000059604645,0.2187809944152832,0.2764739394187927,0.307273268699646,0.14376431703567505,0,2000,v2a_u08,0,0,42,0.0,0.4,walk_queue_ablation
294,5.88,0.0,0.4000000059604645,0.2183018922805786,0.2960851490497589,0.3454912006855011,0.18176871538162231,0,2000,v2a_u08,0,0,42,0.0,0.4,walk_queue_ablation
295,5.9,0.0,0.4000000059604645,0.21784651279449463,0.3156477212905884,0.38568276166915894,0.18592815101146698,0,2000,v2a_u08,0,0,42,0.0,0.4,walk_queue_ablation
296,5.92,0.0,0.4000000059604645,0.21766149997711182,0.33165210485458374,0.4304788112640381,0.16249102354049683,0,2000,v2a_u08,0,0,42,0.0,0.4,walk_queue_ablation
297,5.94,0.0,0.4000000059604645,0.2173612117767334,0.3425208330154419,0.48447293043136597,0.1665191650390625,0,2000,v2a_u08,0,0,42,0.0,0.4,walk_queue_ablation
298,5.96,0.0,0.4000000059604645,0.21666574478149414,0.35311245918273926,0.5422910451889038,0.2119692713022232,0,2000,v2a_u08,0,0,42,0.0,0.4,walk_queue_ablation
299,5.98,0.0,0.4000000059604645,0.21619081497192383,0.3583184480667114,0.5832858085632324,0.16070541739463806,0,2000,v2a_u08,0,0,42,0.0,0.4,walk_queue_ablation
300,6.0,0.0,0.4000000059604645,0.21392488479614258,0.29126349091529846,0.5193914175033569,0.402947336435318,0,2000,v2a_u08,0,0,42,0.0,0.4,walk_queue_ablation
301,6.0200000000000005,0.0,0.4000000059604645,0.21318912506103516,0.26333317160606384,0.4452231228351593,0.07901963591575623,0,2000,v2a_u08,0,0,42,0.0,0.4,walk_queue_ablation
302,6.04,0.0,0.4000000059604645,0.21449482440948486,0.23427815735340118,0.38568657636642456,-0.005742608569562435,0,2000,v2a_u08,0,0,42,0.0,0.4,walk_queue_ablation
303,6.0600000000000005,0.0,0.4000000059604645,0.21571624279022217,0.21272823214530945,0.3426554501056671,0.059372738003730774,0,2000,v2a_u08,0,0,42,0.0,0.4,walk_queue_ablation
304,6.08,0.0,0.4000000059604645,0.2160651683807373,0.18991206586360931,0.30283859372138977,0.20031042397022247,0,2000,v2a_u08,0,0,42,0.0,0.4,walk_queue_ablation
305,6.1000000000000005,0.0,0.4000000059604645,0.21510910987854004,0.1733218878507614,0.266703337430954,0.2970280647277832,0,2000,v2a_u08,0,0,42,0.0,0.4,walk_queue_ablation
306,6.12,0.0,0.4000000059604645,0.21445810794830322,0.15486028790473938,0.23315994441509247,0.21683312952518463,0,2000,v2a_u08,0,0,42,0.0,0.4,walk_queue_ablation
307,6.140000000000001,0.0,0.4000000059604645,0.21399641036987305,0.13723072409629822,0.2043592780828476,0.19896146655082703,0,2000,v2a_u08,0,0,42,0.0,0.4,walk_queue_ablation
308,6.16,0.0,0.4000000059604645,0.2138298749923706,0.11619417369365692,0.17545504868030548,0.15407754480838776,0,2000,v2a_u08,0,0,42,0.0,0.4,walk_queue_ablation
309,6.18,0.0,0.4000000059604645,0.21389663219451904,0.10959114134311676,0.15368621051311493,0.05064981430768967,0,2000,v2a_u08,0,0,42,0.0,0.4,walk_queue_ablation
310,6.2,0.0,0.4000000059604645,0.21507585048675537,0.10902053117752075,0.1388883739709854,-0.12054821103811264,0,2000,v2a_u08,0,0,42,0.0,0.4,walk_queue_ablation
311,6.22,0.0,0.4000000059604645,0.216835618019104,0.11068083345890045,0.1282992660999298,-0.19104531407356262,0,2000,v2a_u08,0,0,42,0.0,0.4,walk_queue_ablation
312,6.24,0.0,0.4000000059604645,0.21892380714416504,0.11557795852422714,0.1185491681098938,-0.25765424966812134,0,2000,v2a_u08,0,0,42,0.0,0.4,walk_queue_ablation
313,6.26,0.0,0.4000000059604645,0.2214740514755249,0.12282118946313858,0.10888601094484329,-0.3448210060596466,0,2000,v2a_u08,0,0,42,0.0,0.4,walk_queue_ablation
314,6.28,0.0,0.4000000059604645,0.22430181503295898,0.1295306235551834,0.09796188771724701,-0.38574960827827454,0,2000,v2a_u08,0,0,42,0.0,0.4,walk_queue_ablation
315,6.3,0.0,0.4000000059604645,0.2269117832183838,0.1291273832321167,0.08464476466178894,-0.3698352873325348,0,2000,v2a_u08,0,0,42,0.0,0.4,walk_queue_ablation
316,6.32,0.0,0.4000000059604645,0.22872960567474365,0.1256333291530609,0.06925669312477112,-0.2930521070957184,0,2000,v2a_u08,0,0,42,0.0,0.4,walk_queue_ablation
317,6.34,0.0,0.4000000059604645,0.229514479637146,0.1206204816699028,0.050453100353479385,-0.20663966238498688,0,2000,v2a_u08,0,0,42,0.0,0.4,walk_queue_ablation
318,6.36,0.0,0.4000000059604645,0.22992610931396484,0.11202698945999146,0.02782602794468403,-0.16123320162296295,0,2000,v2a_u08,0,0,42,0.0,0.4,walk_queue_ablation
319,6.38,0.0,0.4000000059604645,0.22990500926971436,0.10035140812397003,0.006555575877428055,-0.10638494789600372,0,2000,v2a_u08,0,0,42,0.0,0.4,walk_queue_ablation
320,6.4,0.0,0.4000000059604645,0.22922539710998535,0.08339181542396545,-0.009974353946745396,-0.05185992270708084,0,2000,v2a_u08,0,0,42,0.0,0.4,walk_queue_ablation
321,6.42,0.0,0.4000000059604645,0.2278733253479004,0.060580383986234665,-0.020888224244117737,-0.01946042664349079,0,2000,v2a_u08,0,0,42,0.0,0.4,walk_queue_ablation
322,6.44,0.0,0.4000000059604645,0.2266387939453125,0.024220721796154976,0.005893919616937637,-0.20443837344646454,0,2000,v2a_u08,0,0,42,0.0,0.4,walk_queue_ablation
323,6.46,0.0,0.4000000059604645,0.22367596626281738,0.019617516547441483,0.0272590983659029,0.2260073572397232,0,2000,v2a_u08,0,0,42,0.0,0.4,walk_queue_ablation
324,6.48,0.0,0.4000000059604645,0.21842145919799805,0.020575398579239845,0.04639510437846184,0.2802417576313019,0,2000,v2a_u08,0,0,42,0.0,0.4,walk_queue_ablation
325,6.5,0.0,0.4000000059604645,0.21352243423461914,0.030420774593949318,0.06517183780670166,0.2000516802072525,0,2000,v2a_u08,0,0,42,0.0,0.4,walk_queue_ablation
326,6.5200000000000005,0.0,0.4000000059604645,0.21006882190704346,0.04839117452502251,0.08522498607635498,0.07491498440504074,0,2000,v2a_u08,0,0,42,0.0,0.4,walk_queue_ablation
327,6.54,0.0,0.4000000059604645,0.20855355262756348,0.07068512588739395,0.10496985912322998,-0.07875363528728485,0,2000,v2a_u08,0,0,42,0.0,0.4,walk_queue_ablation
328,6.5600000000000005,0.0,0.4000000059604645,0.2082509994506836,0.09858767688274384,0.12563729286193848,-0.11178164184093475,0,2000,v2a_u08,0,0,42,0.0,0.4,walk_queue_ablation
329,6.58,0.0,0.4000000059604645,0.20870649814605713,0.12937162816524506,0.14546342194080353,-0.15072272717952728,0,2000,v2a_u08,0,0,42,0.0,0.4,walk_queue_ablation
330,6.6000000000000005,0.0,0.4000000059604645,0.20995807647705078,0.15593034029006958,0.16258414089679718,-0.18194372951984406,0,2000,v2a_u08,0,0,42,0.0,0.4,walk_queue_ablation
331,6.62,0.0,0.4000000059604645,0.21164870262145996,0.17666177451610565,0.18035000562667847,-0.16457489132881165,0,2000,v2a_u08,0,0,42,0.0,0.4,walk_queue_ablation
332,6.640000000000001,0.0,0.4000000059604645,0.21316874027252197,0.19477833807468414,0.19848255813121796,-0.08694960922002792,0,2000,v2a_u08,0,0,42,0.0,0.4,walk_queue_ablation
333,6.66,0.0,0.4000000059604645,0.21407568454742432,0.21267150342464447,0.21948805451393127,-0.011265972629189491,0,2000,v2a_u08,0,0,42,0.0,0.4,walk_queue_ablation
334,6.68,0.0,0.4000000059604645,0.21462011337280273,0.2315322905778885,0.24414129555225372,0.034864433109760284,0,2000,v2a_u08,0,0,42,0.0,0.4,walk_queue_ablation
335,6.7,0.0,0.4000000059604645,0.21497011184692383,0.25144773721694946,0.27351874113082886,0.07584979385137558,0,2000,v2a_u08,0,0,42,0.0,0.4,walk_queue_ablation
336,6.72,0.0,0.4000000059604645,0.21505630016326904,0.2703957259654999,0.30853769183158875,0.12434279173612595,0,2000,v2a_u08,0,0,42,0.0,0.4,walk_queue_ablation
337,6.74,0.0,0.4000000059604645,0.2149205207824707,0.2897189259529114,0.3465394973754883,0.16218024492263794,0,2000,v2a_u08,0,0,42,0.0,0.4,walk_queue_ablation
338,6.76,0.0,0.4000000059604645,0.21470677852630615,0.3086739480495453,0.3874383270740509,0.1766168773174286,0,2000,v2a_u08,0,0,42,0.0,0.4,walk_queue_ablation
339,6.78,0.0,0.4000000059604645,0.2144789695739746,0.3223385214805603,0.43502748012542725,0.16937461495399475,0,2000,v2a_u08,0,0,42,0.0,0.4,walk_queue_ablation
340,6.8,0.0,0.4000000059604645,0.2138519287109375,0.33379510045051575,0.49024760723114014,0.20109236240386963,0,2000,v2a_u08,0,0,42,0.0,0.4,walk_queue_ablation
341,6.82,0.0,0.4000000059604645,0.2129610776901245,0.34360355138778687,0.5440316796302795,0.22785614430904388,0,2000,v2a_u08,0,0,42,0.0,0.4,walk_queue_ablation
342,6.84,0.0,0.4000000059604645,0.2120506763458252,0.34450915455818176,0.5766847729682922,0.20282168686389923,0,2000,v2a_u08,0,0,42,0.0,0.4,walk_queue_ablation
343,6.86,0.0,0.4000000059604645,0.20932328701019287,0.2802989184856415,0.49205291271209717,0.1885015219449997,0,2000,v2a_u08,0,0,42,0.0,0.4,walk_queue_ablation
344,6.88,0.0,0.4000000059604645,0.21008265018463135,0.25025326013565063,0.4221845269203186,-0.017824312672019005,0,2000,v2a_u08,0,0,42,0.0,0.4,walk_queue_ablation
345,6.9,0.0,0.4000000059604645,0.21188092231750488,0.22676479816436768,0.37088683247566223,-0.024104923009872437,0,2000,v2a_u08,0,0,42,0.0,0.4,walk_queue_ablation
346,6.92,0.0,0.4000000059604645,0.21286654472351074,0.2041618525981903,0.33153170347213745,0.13295648992061615,0,2000,v2a_u08,0,0,42,0.0,0.4,walk_queue_ablation
347,6.94,0.0,0.4000000059604645,0.21226954460144043,0.18747539818286896,0.294247031211853,0.29411837458610535,0,2000,v2a_u08,0,0,42,0.0,0.4,walk_queue_ablation
348,6.96,0.0,0.4000000059604645,0.21089231967926025,0.1729690432548523,0.2592635452747345,0.30747202038764954,0,2000,v2a_u08,0,0,42,0.0,0.4,walk_queue_ablation
349,6.98,0.0,0.4000000059604645,0.2101212739944458,0.15383145213127136,0.22835205495357513,0.21397748589515686,0,2000,v2a_u08,0,0,42,0.0,0.4,walk_queue_ablation
350,7.0,0.0,0.4000000059604645,0.20967817306518555,0.13510075211524963,0.1990067958831787,0.20647138357162476,0,2000,v2a_u08,0,0,42,0.0,0.4,walk_queue_ablation
351,7.0200000000000005,0.0,0.4000000059604645,0.20935308933258057,0.11984965205192566,0.17405547201633453,0.13428999483585358,0,2000,v2a_u08,0,0,42,0.0,0.4,walk_queue_ablation
352,7.04,0.0,0.4000000059604645,0.20960259437561035,0.11728771030902863,0.15438580513000488,0.007870737463235855,0,2000,v2a_u08,0,0,42,0.0,0.4,walk_queue_ablation
353,7.0600000000000005,0.0,0.4000000059604645,0.21086645126342773,0.118546262383461,0.14184850454330444,-0.14180000126361847,0,2000,v2a_u08,0,0,42,0.0,0.4,walk_queue_ablation
354,7.08,0.0,0.4000000059604645,0.21276414394378662,0.12178582698106766,0.13208012282848358,-0.22068732976913452,0,2000,v2a_u08,0,0,42,0.0,0.4,walk_queue_ablation
355,7.1000000000000005,0.0,0.4000000059604645,0.21509695053100586,0.1272653043270111,0.12265945225954056,-0.29748138785362244,0,2000,v2a_u08,0,0,42,0.0,0.4,walk_queue_ablation
356,7.12,0.0,0.4000000059604645,0.2178955078125,0.13392004370689392,0.11304037272930145,-0.3776426911354065,0,2000,v2a_u08,0,0,42,0.0,0.4,walk_queue_ablation
357,7.140000000000001,0.0,0.4000000059604645,0.2208489179611206,0.13702696561813354,0.101741261780262,-0.39859992265701294,0,2000,v2a_u08,0,0,42,0.0,0.4,walk_queue_ablation
358,7.16,0.0,0.4000000059604645,0.22332978248596191,0.13466402888298035,0.08855962753295898,-0.3586481511592865,0,2000,v2a_u08,0,0,42,0.0,0.4,walk_queue_ablation
359,7.18,0.0,0.4000000059604645,0.22496700286865234,0.13017000257968903,0.0725548267364502,-0.2839449346065521,0,2000,v2a_u08,0,0,42,0.0,0.4,walk_queue_ablation
360,7.2,0.0,0.4000000059604645,0.22581636905670166,0.12444035708904266,0.05276746675372124,-0.20998896658420563,0,2000,v2a_u08,0,0,42,0.0,0.4,walk_queue_ablation
361,7.22,0.0,0.4000000059604645,0.22635722160339355,0.11426597088575363,0.03145855292677879,-0.16603045165538788,0,2000,v2a_u08,0,0,42,0.0,0.4,walk_queue_ablation
362,7.24,0.0,0.4000000059604645,0.22630751132965088,0.10069619119167328,0.01353931613266468,-0.10160351544618607,0,2000,v2a_u08,0,0,42,0.0,0.4,walk_queue_ablation
363,7.26,0.0,0.4000000059604645,0.22550499439239502,0.08157477527856827,0.0013478543842211366,-0.05168372765183449,0,2000,v2a_u08,0,0,42,0.0,0.4,walk_queue_ablation
364,7.28,0.0,0.4000000059604645,0.2240002155303955,0.05791608616709709,-0.0053063626401126385,-0.004284758120775223,0,2000,v2a_u08,0,0,42,0.0,0.4,walk_queue_ablation
365,7.3,0.0,0.4000000059604645,0.2227323055267334,0.03364195674657822,0.028955401852726936,0.1370527148246765,0,2000,v2a_u08,0,0,42,0.0,0.4,walk_queue_ablation
366,7.32,0.0,0.4000000059604645,0.2180943489074707,0.025357458740472794,0.0512242428958416,0.28130754828453064,0,2000,v2a_u08,0,0,42,0.0,0.4,walk_queue_ablation
367,7.34,0.0,0.4000000059604645,0.2130345106124878,0.031031841412186623,0.06817791610956192,0.2064407914876938,0,2000,v2a_u08,0,0,42,0.0,0.4,walk_queue_ablation
368,7.36,0.0,0.4000000059604645,0.20929491519927979,0.04283510148525238,0.08641032874584198,0.08509223163127899,0,2000,v2a_u08,0,0,42,0.0,0.4,walk_queue_ablation
369,7.38,0.0,0.4000000059604645,0.20723330974578857,0.06384377926588058,0.10603657364845276,-0.035276222974061966,0,2000,v2a_u08,0,0,42,0.0,0.4,walk_queue_ablation
370,7.4,0.0,0.4000000059604645,0.20663130283355713,0.08898039162158966,0.12552396953105927,-0.11974701285362244,0,2000,v2a_u08,0,0,42,0.0,0.4,walk_queue_ablation
371,7.42,0.0,0.4000000059604645,0.20685887336730957,0.12070338428020477,0.14549444615840912,-0.13381412625312805,0,2000,v2a_u08,0,0,42,0.0,0.4,walk_queue_ablation
372,7.44,0.0,0.4000000059604645,0.20759284496307373,0.1491345912218094,0.16612662374973297,-0.15376614034175873,0,2000,v2a_u08,0,0,42,0.0,0.4,walk_queue_ablation
373,7.46,0.0,0.4000000059604645,0.20897579193115234,0.17553125321865082,0.18375268578529358,-0.1624176800251007,0,2000,v2a_u08,0,0,42,0.0,0.4,walk_queue_ablation
374,7.48,0.0,0.4000000059604645,0.2104865312576294,0.19520893692970276,0.20192064344882965,-0.11402919888496399,0,2000,v2a_u08,0,0,42,0.0,0.4,walk_queue_ablation
375,7.5,0.0,0.4000000059604645,0.21156883239746094,0.21501469612121582,0.2211492657661438,-0.031087731942534447,0,2000,v2a_u08,0,0,42,0.0,0.4,walk_queue_ablation
376,7.5200000000000005,0.0,0.4000000059604645,0.21206188201904297,0.236318901181221,0.24450689554214478,0.040248919278383255,0,2000,v2a_u08,0,0,42,0.0,0.4,walk_queue_ablation
377,7.54,0.0,0.4000000059604645,0.21219706535339355,0.25870275497436523,0.27210289239883423,0.09075522422790527,0,2000,v2a_u08,0,0,42,0.0,0.4,walk_queue_ablation
378,7.5600000000000005,0.0,0.4000000059604645,0.21202397346496582,0.27998924255371094,0.30557283759117126,0.1374896615743637,0,2000,v2a_u08,0,0,42,0.0,0.4,walk_queue_ablation
379,7.58,0.0,0.4000000059604645,0.21160364151000977,0.3000646233558655,0.34348610043525696,0.17620858550071716,0,2000,v2a_u08,0,0,42,0.0,0.4,walk_queue_ablation
380,7.6000000000000005,0.0,0.4000000059604645,0.21118879318237305,0.32011112570762634,0.3834298551082611,0.1823214888572693,0,2000,v2a_u08,0,0,42,0.0,0.4,walk_queue_ablation
381,7.62,0.0,0.4000000059604645,0.21104252338409424,0.33657994866371155,0.42784881591796875,0.15827900171279907,0,2000,v2a_u08,0,0,42,0.0,0.4,walk_queue_ablation
382,7.640000000000001,0.0,0.4000000059604645,0.21077752113342285,0.3479042649269104,0.48145461082458496,0.16199056804180145,0,2000,v2a_u08,0,0,42,0.0,0.4,walk_queue_ablation
383,7.66,0.0,0.4000000059604645,0.2101271152496338,0.3591018319129944,0.5388920307159424,0.20731675624847412,0,2000,v2a_u08,0,0,42,0.0,0.4,walk_queue_ablation
384,7.68,0.0,0.4000000059604645,0.20965838432312012,0.3650093674659729,0.5802030563354492,0.16198265552520752,0,2000,v2a_u08,0,0,42,0.0,0.4,walk_queue_ablation
385,7.7,0.0,0.4000000059604645,0.207413911819458,0.2929522693157196,0.5139963626861572,0.44892990589141846,0,2000,v2a_u08,0,0,42,0.0,0.4,walk_queue_ablation
386,7.72,0.0,0.4000000059604645,0.20676171779632568,0.26853805780410767,0.4436693489551544,0.057066410779953,0,2000,v2a_u08,0,0,42,0.0,0.4,walk_queue_ablation
387,7.74,0.0,0.4000000059604645,0.2083272933959961,0.23502519726753235,0.3826983869075775,-0.037210796028375626,0,2000,v2a_u08,0,0,42,0.0,0.4,walk_queue_ablation
388,7.76,0.0,0.4000000059604645,0.20985829830169678,0.21363133192062378,0.34023353457450867,0.02344263717532158,0,2000,v2a_u08,0,0,42,0.0,0.4,walk_queue_ablation
389,7.78,0.0,0.4000000059604645,0.2105768918991089,0.19198977947235107,0.30007392168045044,0.1627388298511505,0,2000,v2a_u08,0,0,42,0.0,0.4,walk_queue_ablation
390,7.8,0.0,0.4000000059604645,0.20992743968963623,0.175138458609581,0.2637278735637665,0.27677425742149353,0,2000,v2a_u08,0,0,42,0.0,0.4,walk_queue_ablation
391,7.82,0.0,0.4000000059604645,0.2094593048095703,0.15670835971832275,0.23033083975315094,0.20407265424728394,0,2000,v2a_u08,0,0,42,0.0,0.4,walk_queue_ablation
392,7.84,0.0,0.4000000059604645,0.20911896228790283,0.13664281368255615,0.19976897537708282,0.20251893997192383,0,2000,v2a_u08,0,0,42,0.0,0.4,walk_queue_ablation
393,7.86,0.0,0.4000000059604645,0.20894348621368408,0.11351123452186584,0.170074924826622,0.16193565726280212,0,2000,v2a_u08,0,0,42,0.0,0.4,walk_queue_ablation
394,7.88,0.0,0.4000000059604645,0.20889651775360107,0.10488254576921463,0.14806732535362244,0.0668213814496994,0,2000,v2a_u08,0,0,42,0.0,0.4,walk_queue_ablation
395,7.9,0.0,0.4000000059604645,0.21002507209777832,0.10242971032857895,0.13240545988082886,-0.1136191338300705,0,2000,v2a_u08,0,0,42,0.0,0.4,walk_queue_ablation
396,7.92,0.0,0.4000000059604645,0.21164023876190186,0.10289495438337326,0.12188614159822464,-0.17066499590873718,0,2000,v2a_u08,0,0,42,0.0,0.4,walk_queue_ablation
397,7.94,0.0,0.4000000059604645,0.213509202003479,0.10708767920732498,0.11229906231164932,-0.23733559250831604,0,2000,v2a_u08,0,0,42,0.0,0.4,walk_queue_ablation
398,7.96,0.0,0.4000000059604645,0.21590542793273926,0.11397362500429153,0.10246182978153229,-0.3328109681606293,0,2000,v2a_u08,0,0,42,0.0,0.4,walk_queue_ablation
399,7.98,0.0,0.4000000059604645,0.21865952014923096,0.12082921713590622,0.09141989797353745,-0.38144606351852417,0,2000,v2a_u08,0,0,42,0.0,0.4,walk_queue_ablation
400,8.0,0.0,0.4000000059604645,0.2212444543838501,0.12086167186498642,0.07827170193195343,-0.36978211998939514,0,2000,v2a_u08,0,0,42,0.0,0.4,walk_queue_ablation
401,8.02,0.0,0.4000000059604645,0.2230604887008667,0.11778437346220016,0.06251536309719086,-0.29401522874832153,0,2000,v2a_u08,0,0,42,0.0,0.4,walk_queue_ablation
402,8.040000000000001,0.0,0.4000000059604645,0.22381436824798584,0.1135396659374237,0.04343097284436226,-0.20412476360797882,0,2000,v2a_u08,0,0,42,0.0,0.4,walk_queue_ablation
403,8.06,0.0,0.4000000059604645,0.22417914867401123,0.10573475062847137,0.020395968109369278,-0.1547582894563675,0,2000,v2a_u08,0,0,42,0.0,0.4,walk_queue_ablation
404,8.08,0.0,0.4000000059604645,0.22411394119262695,0.094916932284832,-0.0010169892339035869,-0.10367001593112946,0,2000,v2a_u08,0,0,42,0.0,0.4,walk_queue_ablation
405,8.1,0.0,0.4000000059604645,0.22344648838043213,0.07857152819633484,-0.017724959179759026,-0.05807182937860489,0,2000,v2a_u08,0,0,42,0.0,0.4,walk_queue_ablation
406,8.120000000000001,0.0,0.4000000059604645,0.2221773862838745,0.05580421909689903,-0.02918320521712303,-0.029357820749282837,0,2000,v2a_u08,0,0,42,0.0,0.4,walk_queue_ablation
407,8.14,0.0,0.4000000059604645,0.22113823890686035,0.020592141896486282,-0.0010953611927106977,-0.1702890694141388,0,2000,v2a_u08,0,0,42,0.0,0.4,walk_queue_ablation
408,8.16,0.0,0.4000000059604645,0.21780431270599365,0.016947032883763313,0.020202767103910446,0.2536389231681824,0,2000,v2a_u08,0,0,42,0.0,0.4,walk_queue_ablation
409,8.18,0.0,0.4000000059604645,0.21245157718658447,0.01756936125457287,0.03978796675801277,0.27921605110168457,0,2000,v2a_u08,0,0,42,0.0,0.4,walk_queue_ablation
410,8.2,0.0,0.4000000059604645,0.20762598514556885,0.02635575644671917,0.0588962584733963,0.18995435535907745,0,2000,v2a_u08,0,0,42,0.0,0.4,walk_queue_ablation
411,8.22,0.0,0.4000000059604645,0.20424962043762207,0.04366050660610199,0.07978905737400055,0.06649909913539886,0,2000,v2a_u08,0,0,42,0.0,0.4,walk_queue_ablation
412,8.24,0.0,0.4000000059604645,0.20284783840179443,0.06445439904928207,0.1000051498413086,-0.09384413808584213,0,2000,v2a_u08,0,0,42,0.0,0.4,walk_queue_ablation
413,8.26,0.0,0.4000000059604645,0.20275819301605225,0.09112078696489334,0.12080713361501694,-0.13251741230487823,0,2000,v2a_u08,0,0,42,0.0,0.4,walk_queue_ablation
414,8.28,0.0,0.4000000059604645,0.20339453220367432,0.12066268175840378,0.1411052942276001,-0.16634675860404968,0,2000,v2a_u08,0,0,42,0.0,0.4,walk_queue_ablation
415,8.3,0.0,0.4000000059604645,0.20481252670288086,0.14651702344417572,0.15846800804138184,-0.20082716643810272,0,2000,v2a_u08,0,0,42,0.0,0.4,walk_queue_ablation
416,8.32,0.0,0.4000000059604645,0.20663797855377197,0.1664755642414093,0.1765940636396408,-0.1769198477268219,0,2000,v2a_u08,0,0,42,0.0,0.4,walk_queue_ablation
417,8.34,0.0,0.4000000059604645,0.20824825763702393,0.1842963546514511,0.19445258378982544,-0.09484530985355377,0,2000,v2a_u08,0,0,42,0.0,0.4,walk_queue_ablation
418,8.36,0.0,0.4000000059604645,0.20917761325836182,0.2023777961730957,0.2149946391582489,-0.011476889252662659,0,2000,v2a_u08,0,0,42,0.0,0.4,walk_queue_ablation
419,8.38,0.0,0.4000000059604645,0.20969617366790771,0.22093923389911652,0.2391504943370819,0.03794017434120178,0,2000,v2a_u08,0,0,42,0.0,0.4,walk_queue_ablation
420,8.4,0.0,0.4000000059604645,0.21000385284423828,0.24044477939605713,0.2679979205131531,0.08049533516168594,0,2000,v2a_u08,0,0,42,0.0,0.4,walk_queue_ablation
421,8.42,0.0,0.4000000059604645,0.2100468873977661,0.2589419484138489,0.3025224506855011,0.12744566798210144,0,2000,v2a_u08,0,0,42,0.0,0.4,walk_queue_ablation
422,8.44,0.0,0.4000000059604645,0.20987510681152344,0.27775827050209045,0.3400252163410187,0.1653471440076828,0,2000,v2a_u08,0,0,42,0.0,0.4,walk_queue_ablation
423,8.46,0.0,0.4000000059604645,0.2096019983291626,0.2963133752346039,0.3805397152900696,0.18236689269542694,0,2000,v2a_u08,0,0,42,0.0,0.4,walk_queue_ablation
424,8.48,0.0,0.4000000059604645,0.20934057235717773,0.3097679913043976,0.42744699120521545,0.17241771519184113,0,2000,v2a_u08,0,0,42,0.0,0.4,walk_queue_ablation
425,8.5,0.0,0.4000000059604645,0.2087186574935913,0.3205340802669525,0.4821219742298126,0.19906935095787048,0,2000,v2a_u08,0,0,42,0.0,0.4,walk_queue_ablation
426,8.52,0.0,0.4000000059604645,0.20786786079406738,0.32969361543655396,0.5356878042221069,0.22361016273498535,0,2000,v2a_u08,0,0,42,0.0,0.4,walk_queue_ablation
427,8.540000000000001,0.0,0.4000000059604645,0.20701396465301514,0.3301091492176056,0.5683666467666626,0.1998753845691681,0,2000,v2a_u08,0,0,42,0.0,0.4,walk_queue_ablation
428,8.56,0.0,0.4000000059604645,0.2045079469680786,0.26887908577919006,0.49051937460899353,0.23058530688285828,0,2000,v2a_u08,0,0,42,0.0,0.4,walk_queue_ablation
429,8.58,0.0,0.4000000059604645,0.20509159564971924,0.23869602382183075,0.420974463224411,-0.023453891277313232,0,2000,v2a_u08,0,0,42,0.0,0.4,walk_queue_ablation
430,8.6,0.0,0.4000000059604645,0.20697057247161865,0.21562303602695465,0.3680630922317505,-0.037885669618844986,0,2000,v2a_u08,0,0,42,0.0,0.4,walk_queue_ablation
431,8.620000000000001,0.0,0.4000000059604645,0.20818603038787842,0.19309425354003906,0.3276236653327942,0.11306823045015335,0,2000,v2a_u08,0,0,42,0.0,0.4,walk_queue_ablation
432,8.64,0.0,0.4000000059604645,0.20776450634002686,0.17613913118839264,0.29041191935539246,0.2848012149333954,0,2000,v2a_u08,0,0,42,0.0,0.4,walk_queue_ablation
433,8.66,0.0,0.4000000059604645,0.20638442039489746,0.16268371045589447,0.25603199005126953,0.31207573413848877,0,2000,v2a_u08,0,0,42,0.0,0.4,walk_queue_ablation
434,8.68,0.0,0.4000000059604645,0.20558083057403564,0.14373038709163666,0.2244023084640503,0.22172653675079346,0,2000,v2a_u08,0,0,42,0.0,0.4,walk_queue_ablation
435,8.700000000000001,0.0,0.4000000059604645,0.20507395267486572,0.12654727697372437,0.19654880464076996,0.2097587287425995,0,2000,v2a_u08,0,0,42,0.0,0.4,walk_queue_ablation
436,8.72,0.0,0.4000000059604645,0.20477235317230225,0.11202587932348251,0.17178787291049957,0.1313217282295227,0,2000,v2a_u08,0,0,42,0.0,0.4,walk_queue_ablation
437,8.74,0.0,0.4000000059604645,0.2050919532775879,0.10972975194454193,0.15198633074760437,0.005180462263524532,0,2000,v2a_u08,0,0,42,0.0,0.4,walk_queue_ablation
438,8.76,0.0,0.4000000059604645,0.20636975765228271,0.11139597743749619,0.13920815289020538,-0.13987933099269867,0,2000,v2a_u08,0,0,42,0.0,0.4,walk_queue_ablation
439,8.78,0.0,0.4000000059604645,0.20829737186431885,0.114834263920784,0.12920138239860535,-0.2264692336320877,0,2000,v2a_u08,0,0,42,0.0,0.4,walk_queue_ablation
440,8.8,0.0,0.4000000059604645,0.2107008695602417,0.12045861035585403,0.11935632675886154,-0.30394047498703003,0,2000,v2a_u08,0,0,42,0.0,0.4,walk_queue_ablation
441,8.82,0.0,0.4000000059604645,0.21354401111602783,0.12719100713729858,0.10934142768383026,-0.3810666799545288,0,2000,v2a_u08,0,0,42,0.0,0.4,walk_queue_ablation
442,8.84,0.0,0.4000000059604645,0.21649706363677979,0.13030746579170227,0.09766608476638794,-0.397308886051178,0,2000,v2a_u08,0,0,42,0.0,0.4,walk_queue_ablation
443,8.86,0.0,0.4000000059604645,0.21895599365234375,0.12765376269817352,0.08427947759628296,-0.3558428883552551,0,2000,v2a_u08,0,0,42,0.0,0.4,walk_queue_ablation
444,8.88,0.0,0.4000000059604645,0.22057461738586426,0.12296084314584732,0.0679502859711647,-0.2821495234966278,0,2000,v2a_u08,0,0,42,0.0,0.4,walk_queue_ablation
445,8.9,0.0,0.4000000059604645,0.22142338752746582,0.11680813133716583,0.04762697219848633,-0.20983503758907318,0,2000,v2a_u08,0,0,42,0.0,0.4,walk_queue_ablation
446,8.92,0.0,0.4000000059604645,0.2219632863998413,0.1062939241528511,0.025704022496938705,-0.16300931572914124,0,2000,v2a_u08,0,0,42,0.0,0.4,walk_queue_ablation
447,8.94,0.0,0.4000000059604645,0.2218923568725586,0.09259151667356491,0.00730592105537653,-0.0999903455376625,0,2000,v2a_u08,0,0,42,0.0,0.4,walk_queue_ablation
448,8.96,0.0,0.4000000059604645,0.22109675407409668,0.0727846696972847,-0.006411073729395866,-0.05195312947034836,0,2000,v2a_u08,0,0,42,0.0,0.4,walk_queue_ablation
449,8.98,0.0,0.4000000059604645,0.21960556507110596,0.04914474114775658,-0.013644394464790821,-0.009706225246191025,0,2000,v2a_u08,0,0,42,0.0,0.4,walk_queue_ablation
450,9.0,0.0,0.4000000059604645,0.21844696998596191,0.025231633335351944,0.022061362862586975,0.12371136248111725,0,2000,v2a_u08,0,0,42,0.0,0.4,walk_queue_ablation
451,9.02,0.0,0.4000000059604645,0.2139981985092163,0.015976445749402046,0.04476746916770935,0.2628638446331024,0,2000,v2a_u08,0,0,42,0.0,0.4,walk_queue_ablation
452,9.040000000000001,0.0,0.4000000059604645,0.20910942554473877,0.02291147969663143,0.06238430365920067,0.19483956694602966,0,2000,v2a_u08,0,0,42,0.0,0.4,walk_queue_ablation
453,9.06,0.0,0.4000000059604645,0.20544517040252686,0.03607079014182091,0.08102359622716904,0.08626534789800644,0,2000,v2a_u08,0,0,42,0.0,0.4,walk_queue_ablation
454,9.08,0.0,0.4000000059604645,0.20330417156219482,0.05741220712661743,0.10122089087963104,-0.0256675872951746,0,2000,v2a_u08,0,0,42,0.0,0.4,walk_queue_ablation
455,9.1,0.0,0.4000000059604645,0.20255398750305176,0.08206116408109665,0.12135609239339828,-0.10823174566030502,0,2000,v2a_u08,0,0,42,0.0,0.4,walk_queue_ablation
456,9.120000000000001,0.0,0.4000000059604645,0.2027721405029297,0.11377701908349991,0.14088138937950134,-0.13827913999557495,0,2000,v2a_u08,0,0,42,0.0,0.4,walk_queue_ablation
457,9.14,0.0,0.4000000059604645,0.20350289344787598,0.14257687330245972,0.1614963561296463,-0.15018610656261444,0,2000,v2a_u08,0,0,42,0.0,0.4,walk_queue_ablation
458,9.16,0.0,0.4000000059604645,0.20483458042144775,0.16982071101665497,0.1790921986103058,-0.15577338635921478,0,2000,v2a_u08,0,0,42,0.0,0.4,walk_queue_ablation
459,9.18,0.0,0.4000000059604645,0.20625770092010498,0.18961966037750244,0.1975473314523697,-0.10581067949533463,0,2000,v2a_u08,0,0,42,0.0,0.4,walk_queue_ablation
460,9.200000000000001,0.0,0.4000000059604645,0.2072206735610962,0.20986878871917725,0.21665512025356293,-0.01798255369067192,0,2000,v2a_u08,0,0,42,0.0,0.4,walk_queue_ablation
461,9.22,0.0,0.4000000059604645,0.2075899839401245,0.23150505125522614,0.2397051304578781,0.0515282079577446,0,2000,v2a_u08,0,0,42,0.0,0.4,walk_queue_ablation
462,9.24,0.0,0.4000000059604645,0.20763170719146729,0.2538461685180664,0.26696884632110596,0.09841322898864746,0,2000,v2a_u08,0,0,42,0.0,0.4,walk_queue_ablation
463,9.26,0.0,0.4000000059604645,0.2073957920074463,0.2751976549625397,0.3000413179397583,0.14226947724819183,0,2000,v2a_u08,0,0,42,0.0,0.4,walk_queue_ablation
464,9.28,0.0,0.4000000059604645,0.20693886280059814,0.29542216658592224,0.3375885486602783,0.1782214492559433,0,2000,v2a_u08,0,0,42,0.0,0.4,walk_queue_ablation
465,9.3,0.0,0.4000000059604645,0.2065110206604004,0.3156907558441162,0.3772057294845581,0.18311147391796112,0,2000,v2a_u08,0,0,42,0.0,0.4,walk_queue_ablation
466,9.32,0.0,0.4000000059604645,0.20633268356323242,0.33269479870796204,0.42125117778778076,0.16295583546161652,0,2000,v2a_u08,0,0,42,0.0,0.4,walk_queue_ablation
467,9.34,0.0,0.4000000059604645,0.206030011177063,0.3443337678909302,0.47427746653556824,0.16691918671131134,0,2000,v2a_u08,0,0,42,0.0,0.4,walk_queue_ablation
468,9.36,0.0,0.4000000059604645,0.20533347129821777,0.3557486832141876,0.5316382646560669,0.21057339012622833,0,2000,v2a_u08,0,0,42,0.0,0.4,walk_queue_ablation
469,9.38,0.0,0.4000000059604645,0.20481908321380615,0.3618897497653961,0.5735169649124146,0.16570809483528137,0,2000,v2a_u08,0,0,42,0.0,0.4,walk_queue_ablation
470,9.4,0.0,0.4000000059604645,0.20274388790130615,0.2970122694969177,0.5195298790931702,0.4351569712162018,0,2000,v2a_u08,0,0,42,0.0,0.4,walk_queue_ablation
471,9.42,0.0,0.4000000059604645,0.20183336734771729,0.2679206430912018,0.4416913390159607,0.06652176380157471,0,2000,v2a_u08,0,0,42,0.0,0.4,walk_queue_ablation
472,9.44,0.0,0.4000000059604645,0.20336997509002686,0.23623783886432648,0.38069528341293335,-0.039309803396463394,0,2000,v2a_u08,0,0,42,0.0,0.4,walk_queue_ablation
473,9.46,0.0,0.4000000059604645,0.20492291450500488,0.21507714688777924,0.3375612795352936,0.017738942056894302,0,2000,v2a_u08,0,0,42,0.0,0.4,walk_queue_ablation
474,9.48,0.0,0.4000000059604645,0.20564770698547363,0.1930411010980606,0.29802536964416504,0.16540268063545227,0,2000,v2a_u08,0,0,42,0.0,0.4,walk_queue_ablation
475,9.5,0.0,0.4000000059604645,0.20492005348205566,0.1767076849937439,0.2620733678340912,0.2846584916114807,0,2000,v2a_u08,0,0,42,0.0,0.4,walk_queue_ablation
476,9.52,0.0,0.4000000059604645,0.2043856382369995,0.15880060195922852,0.2289990484714508,0.20936277508735657,0,2000,v2a_u08,0,0,42,0.0,0.4,walk_queue_ablation
477,9.540000000000001,0.0,0.4000000059604645,0.20400750637054443,0.13951104879379272,0.1989499032497406,0.20334164798259735,0,2000,v2a_u08,0,0,42,0.0,0.4,walk_queue_ablation
478,9.56,0.0,0.4000000059604645,0.20374858379364014,0.11770017445087433,0.17028380930423737,0.17144644260406494,0,2000,v2a_u08,0,0,42,0.0,0.4,walk_queue_ablation
479,9.58,0.0,0.4000000059604645,0.20364713668823242,0.1107630655169487,0.14840425550937653,0.07236374914646149,0,2000,v2a_u08,0,0,42,0.0,0.4,walk_queue_ablation
480,9.6,0.0,0.4000000059604645,0.2047114372253418,0.10943131893873215,0.13284972310066223,-0.1052093431353569,0,2000,v2a_u08,0,0,42,0.0,0.4,walk_queue_ablation
481,9.620000000000001,0.0,0.4000000059604645,0.20628905296325684,0.11043530702590942,0.12241923809051514,-0.16866907477378845,0,2000,v2a_u08,0,0,42,0.0,0.4,walk_queue_ablation
482,9.64,0.0,0.4000000059604645,0.20817434787750244,0.11487516015768051,0.11265163868665695,-0.2387319803237915,0,2000,v2a_u08,0,0,42,0.0,0.4,walk_queue_ablation
483,9.66,0.0,0.4000000059604645,0.21058940887451172,0.12186716496944427,0.1026463657617569,-0.3329794406890869,0,2000,v2a_u08,0,0,42,0.0,0.4,walk_queue_ablation
484,9.68,0.0,0.4000000059604645,0.21334946155548096,0.1288883537054062,0.09152080863714218,-0.38154280185699463,0,2000,v2a_u08,0,0,42,0.0,0.4,walk_queue_ablation
485,9.700000000000001,0.0,0.4000000059604645,0.2159332036972046,0.12908966839313507,0.07813109457492828,-0.3694009780883789,0,2000,v2a_u08,0,0,42,0.0,0.4,walk_queue_ablation
486,9.72,0.0,0.4000000059604645,0.2177598476409912,0.12615549564361572,0.062217678874731064,-0.2955287992954254,0,2000,v2a_u08,0,0,42,0.0,0.4,walk_queue_ablation
487,9.74,0.0,0.4000000059604645,0.21853625774383545,0.1220133826136589,0.04291059449315071,-0.2062981128692627,0,2000,v2a_u08,0,0,42,0.0,0.4,walk_queue_ablation
488,9.76,0.0,0.4000000059604645,0.21892476081848145,0.11424197256565094,0.019532574340701103,-0.1573813408613205,0,2000,v2a_u08,0,0,42,0.0,0.4,walk_queue_ablation
489,9.78,0.0,0.4000000059604645,0.2188812494277954,0.10339241474866867,-0.0019647004082798958,-0.10501914471387863,0,2000,v2a_u08,0,0,42,0.0,0.4,walk_queue_ablation
490,9.8,0.0,0.4000000059604645,0.21821248531341553,0.08734381198883057,-0.019050950184464455,-0.05639907717704773,0,2000,v2a_u08,0,0,42,0.0,0.4,walk_queue_ablation
491,9.82,0.0,0.4000000059604645,0.21689951419830322,0.0654199868440628,-0.030342338606715202,-0.02586251124739647,0,2000,v2a_u08,0,0,42,0.0,0.4,walk_queue_ablation
492,9.84,0.0,0.4000000059604645,0.2157047986984253,0.03055724687874317,-0.0075120385736227036,-0.21152915060520172,0,2000,v2a_u08,0,0,42,0.0,0.4,walk_queue_ablation
493,9.86,0.0,0.4000000059604645,0.21275877952575684,0.026385461911559105,0.017184285447001457,0.2309822291135788,0,2000,v2a_u08,0,0,42,0.0,0.4,walk_queue_ablation
494,9.88,0.0,0.4000000059604645,0.20753538608551025,0.025185981765389442,0.03722993656992912,0.2744094133377075,0,2000,v2a_u08,0,0,42,0.0,0.4,walk_queue_ablation
495,9.9,0.0,0.4000000059604645,0.20263326168060303,0.03347606956958771,0.05714740976691246,0.19945499300956726,0,2000,v2a_u08,0,0,42,0.0,0.4,walk_queue_ablation
496,9.92,0.0,0.4000000059604645,0.1991516351699829,0.050493787974119186,0.07798071205615997,0.0731656476855278,0,2000,v2a_u08,0,0,42,0.0,0.4,walk_queue_ablation
497,9.94,0.0,0.4000000059604645,0.19778645038604736,0.0705888643860817,0.09771711379289627,-0.10231859982013702,0,2000,v2a_u08,0,0,42,0.0,0.4,walk_queue_ablation
498,9.96,0.0,0.4000000059604645,0.19769823551177979,0.09565912932157516,0.11875031143426895,-0.13121597468852997,0,2000,v2a_u08,0,0,42,0.0,0.4,walk_queue_ablation
499,9.98,0.0,0.4000000059604645,0.8102363348007202,0.12449619919061661,0.13908697664737701,-0.17218756675720215,0,2000,v2a_u08,0,0,42,0.0,0.4,walk_queue_ablation
500,10.0,0.0,0.4000000059604645,0.8117824792861938,0.15212838351726532,0.15491196513175964,-0.20724833011627197,0,2000,v2a_u08,0,0,42,0.0,0.4,walk_queue_ablation
501,10.02,0.0,0.4000000059604645,0.813498854637146,0.17288728058338165,0.17306266725063324,-0.14763760566711426,0,2000,v2a_u08,0,0,42,0.0,0.4,walk_queue_ablation
502,10.040000000000001,0.0,0.4000000059604645,0.8146661520004272,0.19086632132530212,0.1915043443441391,-0.037266429513692856,0,2000,v2a_u08,0,0,42,0.0,0.4,walk_queue_ablation
503,10.06,0.0,0.4000000059604645,0.8149272203445435,0.20905250310897827,0.2119758278131485,0.06492708623409271,0,2000,v2a_u08,0,0,42,0.0,0.4,walk_queue_ablation
504,10.08,0.0,0.4000000059604645,0.8145543336868286,0.22833560407161713,0.23566293716430664,0.1384819895029068,0,2000,v2a_u08,0,0,42,0.0,0.4,walk_queue_ablation
505,10.1,0.0,0.4000000059604645,0.8137403726577759,0.24796874821186066,0.26354557275772095,0.20513539016246796,0,2000,v2a_u08,0,0,42,0.0,0.4,walk_queue_ablation
506,10.120000000000001,0.0,0.4000000059604645,0.8123522996902466,0.2667378783226013,0.29736918210983276,0.28591474890708923,0,2000,v2a_u08,0,0,42,0.0,0.4,walk_queue_ablation
507,10.14,0.0,0.4000000059604645,0.8104285001754761,0.28693675994873047,0.33336034417152405,0.35902610421180725,0,2000,v2a_u08,0,0,42,0.0,0.4,walk_queue_ablation
508,10.16,0.0,0.4000000059604645,0.8078685998916626,0.30853164196014404,0.37255698442459106,0.43548375368118286,0,2000,v2a_u08,0,0,42,0.0,0.4,walk_queue_ablation
509,10.18,0.0,0.4000000059604645,0.8046640157699585,0.3250200152397156,0.4185539782047272,0.48933541774749756,0,2000,v2a_u08,0,0,42,0.0,0.4,walk_queue_ablation
510,10.200000000000001,0.0,0.4000000059604645,0.8007489442825317,0.3387739062309265,0.4716603457927704,0.5198028683662415,0,2000,v2a_u08,0,0,42,0.0,0.4,walk_queue_ablation
511,10.22,0.0,0.4000000059604645,0.796913743019104,0.3512214720249176,0.5255696177482605,0.4708697199821472,0,2000,v2a_u08,0,0,42,0.0,0.4,walk_queue_ablation
512,10.24,0.0,0.4000000059604645,0.794873833656311,0.3558262884616852,0.5631477236747742,0.202450230717659,0,2000,v2a_u08,0,0,42,0.0,0.4,walk_queue_ablation
513,10.26,0.0,0.4000000059604645,0.7925213575363159,0.2910556197166443,0.48638617992401123,0.25061309337615967,0,2000,v2a_u08,0,0,42,0.0,0.4,walk_queue_ablation
514,10.28,0.0,0.4000000059604645,0.791650652885437,0.2561603784561157,0.4158778786659241,0.16953541338443756,0,2000,v2a_u08,0,0,42,0.0,0.4,walk_queue_ablation
515,10.3,0.0,0.4000000059604645,0.7914992570877075,0.22954531013965607,0.3589070439338684,0.16245408356189728,0,2000,v2a_u08,0,0,42,0.0,0.4,walk_queue_ablation
516,10.32,0.0,0.4000000059604645,0.7907665967941284,0.2079070508480072,0.31654348969459534,0.27553442120552063,0,2000,v2a_u08,0,0,42,0.0,0.4,walk_queue_ablation
517,10.34,0.0,0.4000000059604645,0.7888404130935669,0.18714353442192078,0.2801397442817688,0.4211921989917755,0,2000,v2a_u08,0,0,42,0.0,0.4,walk_queue_ablation
518,10.36,0.0,0.4000000059604645,0.7860299348831177,0.17163445055484772,0.2459103912115097,0.46538975834846497,0,2000,v2a_u08,0,0,42,0.0,0.4,walk_queue_ablation
519,10.38,0.0,0.4000000059604645,0.7837520837783813,0.14918756484985352,0.21557199954986572,0.3706684708595276,0,2000,v2a_u08,0,0,42,0.0,0.4,walk_queue_ablation
520,10.4,0.0,0.4000000059604645,0.7816699743270874,0.1336437165737152,0.18825770914554596,0.3550468683242798,0,2000,v2a_u08,0,0,42,0.0,0.4,walk_queue_ablation
521,10.42,0.0,0.4000000059604645,0.7798649072647095,0.11559431254863739,0.16240844130516052,0.2988424301147461,0,2000,v2a_u08,0,0,42,0.0,0.4,walk_queue_ablation
522,10.44,0.0,0.4000000059604645,0.7782431840896606,0.11177010834217072,0.14283540844917297,0.19465608894824982,0,2000,v2a_u08,0,0,42,0.0,0.4,walk_queue_ablation
523,10.46,0.0,0.4000000059604645,0.777861475944519,0.11063160002231598,0.12963628768920898,0.00990823470056057,0,2000,v2a_u08,0,0,42,0.0,0.4,walk_queue_ablation
524,10.48,0.0,0.4000000059604645,0.7783554792404175,0.1117691919207573,0.11978721618652344,-0.09266912192106247,0,2000,v2a_u08,0,0,42,0.0,0.4,walk_queue_ablation
525,10.5,0.0,0.4000000059604645,0.7793675661087036,0.11601372808218002,0.11101473122835159,-0.17286059260368347,0,2000,v2a_u08,0,0,42,0.0,0.4,walk_queue_ablation
526,10.52,0.0,0.4000000059604645,0.7807527780532837,0.12107353657484055,0.10191205143928528,-0.2382437288761139,0,2000,v2a_u08,0,0,42,0.0,0.4,walk_queue_ablation
527,10.540000000000001,0.0,0.4000000059604645,0.7820421457290649,0.12302780151367188,0.09117665141820908,-0.22449155151844025,0,2000,v2a_u08,0,0,42,0.0,0.4,walk_queue_ablation
528,10.56,0.0,0.4000000059604645,0.7824040651321411,0.11960277706384659,0.07910771667957306,-0.13428045809268951,0,2000,v2a_u08,0,0,42,0.0,0.4,walk_queue_ablation
529,10.58,0.0,0.4000000059604645,0.7814325094223022,0.11479222029447556,0.06359254568815231,-0.011426816694438457,0,2000,v2a_u08,0,0,42,0.0,0.4,walk_queue_ablation
530,10.6,0.0,0.4000000059604645,0.7794746160507202,0.10551201552152634,0.04375913366675377,0.084856778383255,0,2000,v2a_u08,0,0,42,0.0,0.4,walk_queue_ablation
531,10.620000000000001,0.0,0.4000000059604645,0.7768875360488892,0.09289490431547165,0.02372662164270878,0.1488058865070343,0,2000,v2a_u08,0,0,42,0.0,0.4,walk_queue_ablation
532,10.64,0.0,0.4000000059604645,0.774034857749939,0.07723184674978256,0.0075277965515851974,0.12826883792877197,0,2000,v2a_u08,0,0,42,0.0,0.4,walk_queue_ablation
533,10.66,0.0,0.4000000059604645,0.7719999551773071,0.05739714205265045,-0.002047075191512704,-0.036211319267749786,0,2000,v2a_u08,0,0,42,0.0,0.4,walk_queue_ablation
534,10.68,0.0,0.4000000059604645,0.7721952199935913,0.031011272221803665,-0.007460619788616896,-0.3444748818874359,0,2000,v2a_u08,0,0,42,0.0,0.4,walk_queue_ablation
535,10.700000000000001,0.0,0.4000000059604645,0.7739537954330444,0.009607285261154175,0.02947884611785412,-0.029096655547618866,0,2000,v2a_u08,0,0,42,0.0,0.4,walk_queue_ablation
536,10.72,0.0,0.4000000059604645,0.7692359685897827,0.007230702787637711,0.046916794031858444,0.41292840242385864,0,2000,v2a_u08,0,0,42,0.0,0.4,walk_queue_ablation
537,10.74,0.0,0.4000000059604645,0.7621065378189087,0.012902632355690002,0.06251607835292816,0.4740113317966461,0,2000,v2a_u08,0,0,42,0.0,0.4,walk_queue_ablation
538,10.76,0.0,0.4000000059604645,0.7553268671035767,0.028152089565992355,0.0789974108338356,0.4337368607521057,0,2000,v2a_u08,0,0,42,0.0,0.4,walk_queue_ablation
539,10.78,0.0,0.4000000059604645,0.7498573064804077,0.052262045443058014,0.09663082659244537,0.3156067728996277,0,2000,v2a_u08,0,0,42,0.0,0.4,walk_queue_ablation
540,10.8,0.0,0.4000000059604645,0.7461272478103638,0.08165872097015381,0.11512903869152069,0.1780022233724594,0,2000,v2a_u08,0,0,42,0.0,0.4,walk_queue_ablation
541,10.82,0.0,0.4000000059604645,0.744001030921936,0.115509532392025,0.13414737582206726,0.06771858036518097,0,2000,v2a_u08,0,0,42,0.0,0.4,walk_queue_ablation
542,10.84,0.0,0.4000000059604645,0.7433584928512573,0.14901775121688843,0.15261922776699066,-0.027145683765411377,0,2000,v2a_u08,0,0,42,0.0,0.4,walk_queue_ablation
543,10.86,0.0,0.4000000059604645,0.7440186738967896,0.18041498959064484,0.1691724807024002,-0.08689984679222107,0,2000,v2a_u08,0,0,42,0.0,0.4,walk_queue_ablation
544,10.88,0.0,0.4000000059604645,0.7447980642318726,0.20595614612102509,0.1893889307975769,-0.02036145143210888,0,2000,v2a_u08,0,0,42,0.0,0.4,walk_queue_ablation
545,10.9,0.0,0.4000000059604645,0.7450233697891235,0.22919033467769623,0.21094496548175812,0.05460352450609207,0,2000,v2a_u08,0,0,42,0.0,0.4,walk_queue_ablation
546,10.92,0.0,0.4000000059604645,0.7447112798690796,0.25290918350219727,0.2351664900779724,0.12012612819671631,0,2000,v2a_u08,0,0,42,0.0,0.4,walk_queue_ablation
547,10.94,0.0,0.4000000059604645,0.7440236806869507,0.2776998281478882,0.26197582483291626,0.17729124426841736,0,2000,v2a_u08,0,0,42,0.0,0.4,walk_queue_ablation
548,10.96,0.0,0.4000000059604645,0.7428992986679077,0.3013296127319336,0.2934281527996063,0.2404322624206543,0,2000,v2a_u08,0,0,42,0.0,0.4,walk_queue_ablation
549,10.98,0.0,0.4000000059604645,0.7411748170852661,0.3259429633617401,0.3291240632534027,0.3229839503765106,0,2000,v2a_u08,0,0,42,0.0,0.4,walk_queue_ablation
550,11.0,0.0,0.4000000059604645,0.7389007806777954,0.35286277532577515,0.36626800894737244,0.38988256454467773,0,2000,v2a_u08,0,0,42,0.0,0.4,walk_queue_ablation
551,11.02,0.0,0.4000000059604645,0.7362989187240601,0.3767381012439728,0.40787479281425476,0.41641297936439514,0,2000,v2a_u08,0,0,42,0.0,0.4,walk_queue_ablation
552,11.040000000000001,0.0,0.4000000059604645,0.7332254648208618,0.3952021598815918,0.4575636088848114,0.4364015758037567,0,2000,v2a_u08,0,0,42,0.0,0.4,walk_queue_ablation
553,11.06,0.0,0.4000000059604645,0.7299522161483765,0.41164982318878174,0.5108070969581604,0.419938862323761,0,2000,v2a_u08,0,0,42,0.0,0.4,walk_queue_ablation
554,11.08,0.0,0.4000000059604645,0.7278748750686646,0.42007976770401,0.5548427104949951,0.21369163691997528,0,2000,v2a_u08,0,0,42,0.0,0.4,walk_queue_ablation
555,11.1,0.0,0.4000000059604645,0.7257493734359741,0.34969207644462585,0.49434134364128113,0.3090977668762207,0,2000,v2a_u08,0,0,42,0.0,0.4,walk_queue_ablation
556,11.120000000000001,0.0,0.4000000059604645,0.7248169183731079,0.3146713674068451,0.4253327548503876,0.15487535297870636,0,2000,v2a_u08,0,0,42,0.0,0.4,walk_queue_ablation
557,11.14,0.0,0.4000000059604645,0.7246071100234985,0.27983513474464417,0.36577898263931274,0.1612720787525177,0,2000,v2a_u08,0,0,42,0.0,0.4,walk_queue_ablation
558,11.16,0.0,0.4000000059604645,0.7238849401473999,0.2543300688266754,0.3175108730792999,0.27484142780303955,0,2000,v2a_u08,0,0,42,0.0,0.4,walk_queue_ablation
559,11.18,0.0,0.4000000059604645,0.7219702005386353,0.23240679502487183,0.27884963154792786,0.41616636514663696,0,2000,v2a_u08,0,0,42,0.0,0.4,walk_queue_ablation
560,11.200000000000001,0.0,0.4000000059604645,0.7191566228866577,0.2163202166557312,0.2437744289636612,0.46819236874580383,0,2000,v2a_u08,0,0,42,0.0,0.4,walk_queue_ablation
561,11.22,0.0,0.4000000059604645,0.7169862985610962,0.19119893014431,0.21216225624084473,0.3775389492511749,0,2000,v2a_u08,0,0,42,0.0,0.4,walk_queue_ablation
562,11.24,0.0,0.4000000059604645,0.715013861656189,0.17242275178432465,0.18410935997962952,0.36613619327545166,0,2000,v2a_u08,0,0,42,0.0,0.4,walk_queue_ablation
563,11.26,0.0,0.4000000059604645,0.713239312171936,0.1517627090215683,0.15710926055908203,0.32007768750190735,0,2000,v2a_u08,0,0,42,0.0,0.4,walk_queue_ablation
564,11.28,0.0,0.4000000059604645,0.7116836309432983,0.14624692499637604,0.1352297067642212,0.20813527703285217,0,2000,v2a_u08,0,0,42,0.0,0.4,walk_queue_ablation
565,11.3,0.0,0.4000000059604645,0.7113133668899536,0.14371377229690552,0.11995413899421692,0.04147865250706673,0,2000,v2a_u08,0,0,42,0.0,0.4,walk_queue_ablation
566,11.32,0.0,0.4000000059604645,0.7116347551345825,0.14370040595531464,0.1093495562672615,-0.05562586337327957,0,2000,v2a_u08,0,0,42,0.0,0.4,walk_queue_ablation
567,11.34,0.0,0.4000000059604645,0.7124935388565063,0.14668481051921844,0.10015059262514114,-0.14409352838993073,0,2000,v2a_u08,0,0,42,0.0,0.4,walk_queue_ablation
568,11.36,0.0,0.4000000059604645,0.7138406038284302,0.1521918773651123,0.09083227068185806,-0.22299501299858093,0,2000,v2a_u08,0,0,42,0.0,0.4,walk_queue_ablation
569,11.38,0.0,0.4000000059604645,0.7152382135391235,0.15861769020557404,0.08031470328569412,-0.23382391035556793,0,2000,v2a_u08,0,0,42,0.0,0.4,walk_queue_ablation
570,11.4,0.0,0.4000000059604645,0.7159620523452759,0.15944693982601166,0.06744444370269775,-0.16834808886051178,0,2000,v2a_u08,0,0,42,0.0,0.4,walk_queue_ablation
571,11.42,0.0,0.4000000059604645,0.7155059576034546,0.15879175066947937,0.05169570446014404,-0.06414227187633514,0,2000,v2a_u08,0,0,42,0.0,0.4,walk_queue_ablation
572,11.44,0.0,0.4000000059604645,0.713858962059021,0.15509247779846191,0.031761620193719864,0.04843544214963913,0,2000,v2a_u08,0,0,42,0.0,0.4,walk_queue_ablation
573,11.46,0.0,0.4000000059604645,0.7116647958755493,0.14595447480678558,0.009012254886329174,0.11711207777261734,0,2000,v2a_u08,0,0,42,0.0,0.4,walk_queue_ablation
574,11.48,0.0,0.4000000059604645,0.7088533639907837,0.1348898708820343,-0.010419771075248718,0.16101640462875366,0,2000,v2a_u08,0,0,42,0.0,0.4,walk_queue_ablation
575,11.5,0.0,0.4000000059604645,0.7060345411300659,0.1191151961684227,-0.025919586420059204,0.10402495414018631,0,2000,v2a_u08,0,0,42,0.0,0.4,walk_queue_ablation
576,11.52,0.0,0.4000000059604645,0.7042604684829712,0.09912050515413284,-0.03506014123558998,-0.08437725156545639,0,2000,v2a_u08,0,0,42,0.0,0.4,walk_queue_ablation
577,11.540000000000001,0.0,0.4000000059604645,0.704750657081604,0.063948854804039,-0.007896131835877895,-0.2944236993789673,0,2000,v2a_u08,0,0,42,0.0,0.4,walk_queue_ablation
578,11.56,0.0,0.4000000059604645,0.7010108232498169,0.05793493613600731,0.018171286210417747,0.3975512683391571,0,2000,v2a_u08,0,0,42,0.0,0.4,walk_queue_ablation
579,11.58,0.0,0.4000000059604645,0.6936274766921997,0.05521180108189583,0.03612133860588074,0.5185510516166687,0,2000,v2a_u08,0,0,42,0.0,0.4,walk_queue_ablation
580,11.6,0.0,0.4000000059604645,0.686099648475647,0.06104039028286934,0.054393358528614044,0.4829283654689789,0,2000,v2a_u08,0,0,42,0.0,0.4,walk_queue_ablation
581,11.620000000000001,0.0,0.4000000059604645,0.6798735857009888,0.0766269639134407,0.07423119246959686,0.35967493057250977,0,2000,v2a_u08,0,0,42,0.0,0.4,walk_queue_ablation
582,11.64,0.0,0.4000000059604645,0.6759129762649536,0.09785464406013489,0.09356234222650528,0.1555761694908142,0,2000,v2a_u08,0,0,42,0.0,0.4,walk_queue_ablation
583,11.66,0.0,0.4000000059604645,0.6735221147537231,0.12534481287002563,0.11530612409114838,0.07752318680286407,0,2000,v2a_u08,0,0,42,0.0,0.4,walk_queue_ablation
584,11.68,0.0,0.4000000059604645,0.6727296113967896,0.1568015217781067,0.13506637513637543,-0.05461519956588745,0,2000,v2a_u08,0,0,42,0.0,0.4,walk_queue_ablation
585,11.700000000000001,0.0,0.4000000059604645,0.6734431982040405,0.18694379925727844,0.15194785594940186,-0.12409521639347076,0,2000,v2a_u08,0,0,42,0.0,0.4,walk_queue_ablation
586,11.72,0.0,0.4000000059604645,0.6746314764022827,0.20973682403564453,0.17173151671886444,-0.0954362228512764,0,2000,v2a_u08,0,0,42,0.0,0.4,walk_queue_ablation
587,11.74,0.0,0.4000000059604645,0.6755620241165161,0.23029670119285583,0.19229914247989655,-0.024930452927947044,0,2000,v2a_u08,0,0,42,0.0,0.4,walk_queue_ablation
588,11.76,0.0,0.4000000059604645,0.6758891344070435,0.24912744760513306,0.21616390347480774,0.04561874270439148,0,2000,v2a_u08,0,0,42,0.0,0.4,walk_queue_ablation
589,11.78,0.0,0.4000000059604645,0.6758729219436646,0.26862186193466187,0.2416725903749466,0.09754791110754013,0,2000,v2a_u08,0,0,42,0.0,0.4,walk_queue_ablation
590,11.8,0.0,0.4000000059604645,0.6755636930465698,0.2887432873249054,0.27057188749313354,0.15212863683700562,0,2000,v2a_u08,0,0,42,0.0,0.4,walk_queue_ablation
591,11.82,0.0,0.4000000059604645,0.6747204065322876,0.30890631675720215,0.3050488233566284,0.23489351570606232,0,2000,v2a_u08,0,0,42,0.0,0.4,walk_queue_ablation
592,11.84,0.0,0.4000000059604645,0.6732615232467651,0.33089473843574524,0.3421551287174225,0.31109464168548584,0,2000,v2a_u08,0,0,42,0.0,0.4,walk_queue_ablation
593,11.86,0.0,0.4000000059604645,0.6712938547134399,0.3538919687271118,0.38183650374412537,0.36995652318000793,0,2000,v2a_u08,0,0,42,0.0,0.4,walk_queue_ablation
594,11.88,0.0,0.4000000059604645,0.6688615083694458,0.37149426341056824,0.4285908341407776,0.3952859044075012,0,2000,v2a_u08,0,0,42,0.0,0.4,walk_queue_ablation
595,11.9,0.0,0.4000000059604645,0.6659408807754517,0.38631951808929443,0.48164114356040955,0.41417282819747925,0,2000,v2a_u08,0,0,42,0.0,0.4,walk_queue_ablation
596,11.92,0.0,0.4000000059604645,0.6631747484207153,0.3983021080493927,0.535221517086029,0.3545733094215393,0,2000,v2a_u08,0,0,42,0.0,0.4,walk_queue_ablation
597,11.94,0.0,0.4000000059604645,0.662368893623352,0.4010985791683197,0.5707553625106812,0.07822232693433762,0,2000,v2a_u08,0,0,42,0.0,0.4,walk_queue_ablation
598,11.96,0.0,0.4000000059604645,0.6603327989578247,0.3226846158504486,0.4648576080799103,0.12189772725105286,0,2000,v2a_u08,0,0,42,0.0,0.4,walk_queue_ablation
599,11.98,0.0,0.4000000059604645,0.6605325937271118,0.28422918915748596,0.39732620120048523,0.08633226901292801,0,2000,v2a_u08,0,0,42,0.0,0.4,walk_queue_ablation
600,12.0,0.0,0.4000000059604645,0.6610223054885864,0.25791627168655396,0.34495872259140015,0.12350252270698547,0,2000,v2a_u08,0,0,42,0.0,0.4,walk_queue_ablation
601,12.02,0.0,0.4000000059604645,0.6604617834091187,0.23736917972564697,0.30594590306282043,0.2705612778663635,0,2000,v2a_u08,0,0,42,0.0,0.4,walk_queue_ablation
602,12.040000000000001,0.0,0.4000000059604645,0.6586390733718872,0.21432113647460938,0.27085015177726746,0.4174880385398865,0,2000,v2a_u08,0,0,42,0.0,0.4,walk_queue_ablation
603,12.06,0.0,0.4000000059604645,0.6559575796127319,0.19693613052368164,0.23761236667633057,0.4502413868904114,0,2000,v2a_u08,0,0,42,0.0,0.4,walk_queue_ablation
604,12.08,0.0,0.4000000059604645,0.6538287401199341,0.17416886985301971,0.2077774703502655,0.3583519756793976,0,2000,v2a_u08,0,0,42,0.0,0.4,walk_queue_ablation
605,12.1,0.0,0.4000000059604645,0.6519395112991333,0.1581290066242218,0.18074925243854523,0.3312802016735077,0,2000,v2a_u08,0,0,42,0.0,0.4,walk_queue_ablation
606,12.120000000000001,0.0,0.4000000059604645,0.6503726243972778,0.13975369930267334,0.15499623119831085,0.27437928318977356,0,2000,v2a_u08,0,0,42,0.0,0.4,walk_queue_ablation
607,12.14,0.0,0.4000000059604645,0.6489866971969604,0.13508455455303192,0.13633444905281067,0.17225003242492676,0,2000,v2a_u08,0,0,42,0.0,0.4,walk_queue_ablation
608,12.16,0.0,0.4000000059604645,0.6487776041030884,0.1346954107284546,0.12376793473958969,-0.008104953914880753,0,2000,v2a_u08,0,0,42,0.0,0.4,walk_queue_ablation
609,12.18,0.0,0.4000000059604645,0.6494311094284058,0.1365339308977127,0.11458314955234528,-0.10612127184867859,0,2000,v2a_u08,0,0,42,0.0,0.4,walk_queue_ablation
610,12.200000000000001,0.0,0.4000000059604645,0.6505972146987915,0.14118851721286774,0.10632079094648361,-0.1866680085659027,0,2000,v2a_u08,0,0,42,0.0,0.4,walk_queue_ablation
611,12.22,0.0,0.4000000059604645,0.652121901512146,0.1467767357826233,0.09780001640319824,-0.2508772611618042,0,2000,v2a_u08,0,0,42,0.0,0.4,walk_queue_ablation
612,12.24,0.0,0.4000000059604645,0.6535471677780151,0.14914163947105408,0.08744699507951736,-0.23969124257564545,0,2000,v2a_u08,0,0,42,0.0,0.4,walk_queue_ablation
613,12.26,0.0,0.4000000059604645,0.6541281938552856,0.14632762968540192,0.07543457299470901,-0.16130127012729645,0,2000,v2a_u08,0,0,42,0.0,0.4,walk_queue_ablation
614,12.280000000000001,0.0,0.4000000059604645,0.6535342931747437,0.14214560389518738,0.059733834117650986,-0.055784497410058975,0,2000,v2a_u08,0,0,42,0.0,0.4,walk_queue_ablation
615,12.3,0.0,0.4000000059604645,0.6521579027175903,0.13402555882930756,0.039855923503637314,0.023594923317432404,0,2000,v2a_u08,0,0,42,0.0,0.4,walk_queue_ablation
616,12.32,0.0,0.4000000059604645,0.6502708196640015,0.12263645976781845,0.019431957975029945,0.08260849863290787,0,2000,v2a_u08,0,0,42,0.0,0.4,walk_queue_ablation
617,12.34,0.0,0.4000000059604645,0.6479705572128296,0.1082659587264061,0.003139514708891511,0.08806698024272919,0,2000,v2a_u08,0,0,42,0.0,0.4,walk_queue_ablation
618,12.36,0.0,0.4000000059604645,0.6459640264511108,0.08755224943161011,-0.008337186649441719,0.000776727800257504,0,2000,v2a_u08,0,0,42,0.0,0.4,walk_queue_ablation
619,12.38,0.0,0.4000000059604645,0.6452556848526001,0.0645316019654274,-0.013966122642159462,-0.20736061036586761,0,2000,v2a_u08,0,0,42,0.0,0.4,walk_queue_ablation
620,12.4,0.0,0.4000000059604645,0.6456352472305298,0.04335665702819824,0.02304234728217125,0.08848147839307785,0,2000,v2a_u08,0,0,42,0.0,0.4,walk_queue_ablation
621,12.42,0.0,0.4000000059604645,0.6402679681777954,0.037254951894283295,0.042911842465400696,0.42634665966033936,0,2000,v2a_u08,0,0,42,0.0,0.4,walk_queue_ablation
622,12.44,0.0,0.4000000059604645,0.6332861185073853,0.04168811812996864,0.05853220820426941,0.4388052821159363,0,2000,v2a_u08,0,0,42,0.0,0.4,walk_queue_ablation
623,12.46,0.0,0.4000000059604645,0.6270614862442017,0.05457242578268051,0.07583365589380264,0.3543115556240082,0,2000,v2a_u08,0,0,42,0.0,0.4,walk_queue_ablation
624,12.48,0.0,0.4000000059604645,0.6225572824478149,0.07523219287395477,0.09436269849538803,0.20668864250183105,0,2000,v2a_u08,0,0,42,0.0,0.4,walk_queue_ablation
625,12.5,0.0,0.4000000059604645,0.6199353933334351,0.10151855647563934,0.1126907616853714,0.0705932229757309,0,2000,v2a_u08,0,0,42,0.0,0.4,walk_queue_ablation
626,12.52,0.0,0.4000000059604645,0.6186312437057495,0.1321665495634079,0.13312380015850067,-0.007772138807922602,0,2000,v2a_u08,0,0,42,0.0,0.4,walk_queue_ablation
627,12.540000000000001,0.0,0.4000000059604645,0.6186596155166626,0.16224795579910278,0.15204468369483948,-0.09473547339439392,0,2000,v2a_u08,0,0,42,0.0,0.4,walk_queue_ablation
628,12.56,0.0,0.4000000059604645,0.6197048425674438,0.19077211618423462,0.16910824179649353,-0.1139010339975357,0,2000,v2a_u08,0,0,42,0.0,0.4,walk_queue_ablation
629,12.58,0.0,0.4000000059604645,0.6207350492477417,0.2129395753145218,0.18863312900066376,-0.04833008721470833,0,2000,v2a_u08,0,0,42,0.0,0.4,walk_queue_ablation
630,12.6,0.0,0.4000000059604645,0.6212173700332642,0.2340337038040161,0.21000030636787415,0.026212019845843315,0,2000,v2a_u08,0,0,42,0.0,0.4,walk_queue_ablation
631,12.620000000000001,0.0,0.4000000059604645,0.621191143989563,0.25548291206359863,0.23453068733215332,0.09022822231054306,0,2000,v2a_u08,0,0,42,0.0,0.4,walk_queue_ablation
632,12.64,0.0,0.4000000059604645,0.6208480596542358,0.27848947048187256,0.2618500292301178,0.14211183786392212,0,2000,v2a_u08,0,0,42,0.0,0.4,walk_queue_ablation
633,12.66,0.0,0.4000000059604645,0.6201311349868774,0.3007458746433258,0.2940470278263092,0.20125900208950043,0,2000,v2a_u08,0,0,42,0.0,0.4,walk_queue_ablation
634,12.68,0.0,0.4000000059604645,0.6188715696334839,0.3237443268299103,0.3307753801345825,0.2763831317424774,0,2000,v2a_u08,0,0,42,0.0,0.4,walk_queue_ablation
635,12.700000000000001,0.0,0.4000000059604645,0.6171427965164185,0.34844085574150085,0.36912810802459717,0.332051157951355,0,2000,v2a_u08,0,0,42,0.0,0.4,walk_queue_ablation
636,12.72,0.0,0.4000000059604645,0.6152113676071167,0.3701903522014618,0.4117787480354309,0.3485686480998993,0,2000,v2a_u08,0,0,42,0.0,0.4,walk_queue_ablation
637,12.74,0.0,0.4000000059604645,0.6128689050674438,0.3865727186203003,0.46288999915122986,0.3659120500087738,0,2000,v2a_u08,0,0,42,0.0,0.4,walk_queue_ablation
638,12.76,0.0,0.4000000059604645,0.6102315187454224,0.4017329216003418,0.5173347592353821,0.37250402569770813,0,2000,v2a_u08,0,0,42,0.0,0.4,walk_queue_ablation
639,12.780000000000001,0.0,0.4000000059604645,0.6085177659988403,0.4092199206352234,0.5625815391540527,0.207391619682312,0,2000,v2a_u08,0,0,42,0.0,0.4,walk_queue_ablation
640,12.8,0.0,0.4000000059604645,0.6065322160720825,0.33957865834236145,0.49910375475883484,0.30423516035079956,0,2000,v2a_u08,0,0,42,0.0,0.4,walk_queue_ablation
641,12.82,0.0,0.4000000059604645,0.6058458089828491,0.3073771297931671,0.43362224102020264,0.10613245517015457,0,2000,v2a_u08,0,0,42,0.0,0.4,walk_queue_ablation
642,12.84,0.0,0.4000000059604645,0.606519341468811,0.2713073492050171,0.3715701103210449,0.05616571009159088,0,2000,v2a_u08,0,0,42,0.0,0.4,walk_queue_ablation
643,12.86,0.0,0.4000000059604645,0.6070138216018677,0.2473449856042862,0.3244033753871918,0.1474820077419281,0,2000,v2a_u08,0,0,42,0.0,0.4,walk_queue_ablation
644,12.88,0.0,0.4000000059604645,0.6062499284744263,0.2256515473127365,0.28560376167297363,0.320769727230072,0,2000,v2a_u08,0,0,42,0.0,0.4,walk_queue_ablation
645,12.9,0.0,0.4000000059604645,0.6041222810745239,0.2094118297100067,0.2506634294986725,0.4225841462612152,0,2000,v2a_u08,0,0,42,0.0,0.4,walk_queue_ablation
646,12.92,0.0,0.4000000059604645,0.6022998094558716,0.1864919662475586,0.21868760883808136,0.34728410840034485,0,2000,v2a_u08,0,0,42,0.0,0.4,walk_queue_ablation
647,12.94,0.0,0.4000000059604645,0.6006253957748413,0.16635312139987946,0.19078825414180756,0.33824169635772705,0,2000,v2a_u08,0,0,42,0.0,0.4,walk_queue_ablation
648,12.96,0.0,0.4000000059604645,0.5991197824478149,0.1445600390434265,0.16344532370567322,0.2966696321964264,0,2000,v2a_u08,0,0,42,0.0,0.4,walk_queue_ablation
649,12.98,0.0,0.4000000059604645,0.5977967977523804,0.1360061913728714,0.14160466194152832,0.19484680891036987,0,2000,v2a_u08,0,0,42,0.0,0.4,walk_queue_ablation
650,13.0,0.0,0.4000000059604645,0.5976611375808716,0.1329481303691864,0.12696999311447144,0.010681169107556343,0,2000,v2a_u08,0,0,42,0.0,0.4,walk_queue_ablation
651,13.02,0.0,0.4000000059604645,0.5982879400253296,0.1320079118013382,0.11665734648704529,-0.0832872986793518,0,2000,v2a_u08,0,0,42,0.0,0.4,walk_queue_ablation
652,13.040000000000001,0.0,0.4000000059604645,0.5994027853012085,0.13420860469341278,0.10786376893520355,-0.16654473543167114,0,2000,v2a_u08,0,0,42,0.0,0.4,walk_queue_ablation
653,13.06,0.0,0.4000000059604645,0.6010156869888306,0.138970747590065,0.09914981573820114,-0.2502191960811615,0,2000,v2a_u08,0,0,42,0.0,0.4,walk_queue_ablation
654,13.08,0.0,0.4000000059604645,0.6027563810348511,0.144261434674263,0.08902325481176376,-0.27050289511680603,0,2000,v2a_u08,0,0,42,0.0,0.4,walk_queue_ablation
655,13.1,0.0,0.4000000059604645,0.6039606332778931,0.14379216730594635,0.07687751203775406,-0.22058287262916565,0,2000,v2a_u08,0,0,42,0.0,0.4,walk_queue_ablation
656,13.120000000000001,0.0,0.4000000059604645,0.6041203737258911,0.14122435450553894,0.061957914382219315,-0.12506376206874847,0,2000,v2a_u08,0,0,42,0.0,0.4,walk_queue_ablation
657,13.14,0.0,0.4000000059604645,0.6031450033187866,0.13663487136363983,0.04297648370265961,-0.021678416058421135,0,2000,v2a_u08,0,0,42,0.0,0.4,walk_queue_ablation
658,13.16,0.0,0.4000000059604645,0.6016727685928345,0.12701256573200226,0.02082747593522072,0.0434807687997818,0,2000,v2a_u08,0,0,42,0.0,0.4,walk_queue_ablation
659,13.18,0.0,0.4000000059604645,0.5995951890945435,0.11521971225738525,0.0011530901538208127,0.09384959191083908,0,2000,v2a_u08,0,0,42,0.0,0.4,walk_queue_ablation
660,13.200000000000001,0.0,0.4000000059604645,0.5972636938095093,0.09797237813472748,-0.014032075181603432,0.07380218058824539,0,2000,v2a_u08,0,0,42,0.0,0.4,walk_queue_ablation
661,13.22,0.0,0.4000000059604645,0.5954412221908569,0.0758371353149414,-0.02357305958867073,-0.04363571107387543,0,2000,v2a_u08,0,0,42,0.0,0.4,walk_queue_ablation
662,13.24,0.0,0.4000000059604645,0.5953565835952759,0.04052891582250595,0.003090629354119301,-0.3114715814590454,0,2000,v2a_u08,0,0,42,0.0,0.4,walk_queue_ablation
663,13.26,0.0,0.4000000059604645,0.5920530557632446,0.03599405288696289,0.02596992813050747,0.34194424748420715,0,2000,v2a_u08,0,0,42,0.0,0.4,walk_queue_ablation
664,13.280000000000001,0.0,0.4000000059604645,0.5851846933364868,0.036424409598112106,0.04427453130483627,0.464994877576828,0,2000,v2a_u08,0,0,42,0.0,0.4,walk_queue_ablation
665,13.3,0.0,0.4000000059604645,0.5782355070114136,0.04422374814748764,0.06207345053553581,0.427193820476532,0,2000,v2a_u08,0,0,42,0.0,0.4,walk_queue_ablation
666,13.32,0.0,0.4000000059604645,0.5724500417709351,0.061879970133304596,0.08149970322847366,0.31586548686027527,0,2000,v2a_u08,0,0,42,0.0,0.4,walk_queue_ablation
667,13.34,0.0,0.4000000059604645,0.5687905550003052,0.08312921971082687,0.10058019310235977,0.1222427636384964,0,2000,v2a_u08,0,0,42,0.0,0.4,walk_queue_ablation
668,13.36,0.0,0.4000000059604645,0.5668288469314575,0.1102774441242218,0.12083536386489868,0.03350359946489334,0,2000,v2a_u08,0,0,42,0.0,0.4,walk_queue_ablation
669,13.38,0.0,0.4000000059604645,0.5662766695022583,0.1410292685031891,0.1403476744890213,-0.06727880984544754,0,2000,v2a_u08,0,0,42,0.0,0.4,walk_queue_ablation
670,13.4,0.0,0.4000000059604645,0.5670713186264038,0.17055410146713257,0.1574888825416565,-0.13903045654296875,0,2000,v2a_u08,0,0,42,0.0,0.4,walk_queue_ablation
671,13.42,0.0,0.4000000059604645,0.5684751272201538,0.19322426617145538,0.1767423301935196,-0.12678110599517822,0,2000,v2a_u08,0,0,42,0.0,0.4,walk_queue_ablation
672,13.44,0.0,0.4000000059604645,0.569618821144104,0.21342098712921143,0.19736920297145844,-0.04280936345458031,0,2000,v2a_u08,0,0,42,0.0,0.4,walk_queue_ablation
673,13.46,0.0,0.4000000059604645,0.5701028108596802,0.2327534705400467,0.220144584774971,0.032164111733436584,0,2000,v2a_u08,0,0,42,0.0,0.4,walk_queue_ablation
674,13.48,0.0,0.4000000059604645,0.5701977014541626,0.25175678730010986,0.2455637902021408,0.08601333200931549,0,2000,v2a_u08,0,0,42,0.0,0.4,walk_queue_ablation
675,13.5,0.0,0.4000000059604645,0.5699893236160278,0.2714519202709198,0.2747928500175476,0.13790488243103027,0,2000,v2a_u08,0,0,42,0.0,0.4,walk_queue_ablation
676,13.52,0.0,0.4000000059604645,0.5693532228469849,0.2910153865814209,0.30933400988578796,0.2071535587310791,0,2000,v2a_u08,0,0,42,0.0,0.4,walk_queue_ablation
677,13.540000000000001,0.0,0.4000000059604645,0.5682226419448853,0.3124101459980011,0.3466988205909729,0.27446335554122925,0,2000,v2a_u08,0,0,42,0.0,0.4,walk_queue_ablation
678,13.56,0.0,0.4000000059604645,0.5666242837905884,0.3346613049507141,0.38700923323631287,0.33114486932754517,0,2000,v2a_u08,0,0,42,0.0,0.4,walk_queue_ablation
679,13.58,0.0,0.4000000059604645,0.5646244287490845,0.3516000807285309,0.43408098816871643,0.3524489104747772,0,2000,v2a_u08,0,0,42,0.0,0.4,walk_queue_ablation
680,13.6,0.0,0.4000000059604645,0.5621496438980103,0.3657224774360657,0.4880317151546478,0.3729541003704071,0,2000,v2a_u08,0,0,42,0.0,0.4,walk_queue_ablation
681,13.620000000000001,0.0,0.4000000059604645,0.5597594976425171,0.3772701621055603,0.5424636602401733,0.33164361119270325,0,2000,v2a_u08,0,0,42,0.0,0.4,walk_queue_ablation
682,13.64,0.0,0.4000000059604645,0.5590502023696899,0.3799477219581604,0.5765722990036011,0.0938800647854805,0,2000,v2a_u08,0,0,42,0.0,0.4,walk_queue_ablation
683,13.66,0.0,0.4000000059604645,0.5568119287490845,0.30451393127441406,0.4729945659637451,0.1412866860628128,0,2000,v2a_u08,0,0,42,0.0,0.4,walk_queue_ablation
684,13.68,0.0,0.4000000059604645,0.5570551156997681,0.2667679786682129,0.4028850793838501,0.07183758914470673,0,2000,v2a_u08,0,0,42,0.0,0.4,walk_queue_ablation
685,13.700000000000001,0.0,0.4000000059604645,0.557801365852356,0.24143436551094055,0.35093387961387634,0.0940391793847084,0,2000,v2a_u08,0,0,42,0.0,0.4,walk_queue_ablation
686,13.72,0.0,0.4000000059604645,0.5576068162918091,0.22010508179664612,0.3117906451225281,0.233053520321846,0,2000,v2a_u08,0,0,42,0.0,0.4,walk_queue_ablation
687,13.74,0.0,0.4000000059604645,0.556115984916687,0.19715479016304016,0.2762349545955658,0.38320714235305786,0,2000,v2a_u08,0,0,42,0.0,0.4,walk_queue_ablation
688,13.76,0.0,0.4000000059604645,0.5537654161453247,0.17966371774673462,0.24255846440792084,0.4121672213077545,0,2000,v2a_u08,0,0,42,0.0,0.4,walk_queue_ablation
689,13.780000000000001,0.0,0.4000000059604645,0.5519722700119019,0.15728634595870972,0.21195995807647705,0.32273080945014954,0,2000,v2a_u08,0,0,42,0.0,0.4,walk_queue_ablation
690,13.8,0.0,0.4000000059604645,0.5504418611526489,0.14198774099349976,0.18463356792926788,0.2933860421180725,0,2000,v2a_u08,0,0,42,0.0,0.4,walk_queue_ablation
691,13.82,0.0,0.4000000059604645,0.5492571592330933,0.1238568052649498,0.1584586203098297,0.23420043289661407,0,2000,v2a_u08,0,0,42,0.0,0.4,walk_queue_ablation
692,13.84,0.0,0.4000000059604645,0.5482989549636841,0.11983087658882141,0.1397305130958557,0.12664729356765747,0,2000,v2a_u08,0,0,42,0.0,0.4,walk_queue_ablation
693,13.86,0.0,0.4000000059604645,0.5484970808029175,0.1196179986000061,0.12699377536773682,-0.04707422852516174,0,2000,v2a_u08,0,0,42,0.0,0.4,walk_queue_ablation
694,13.88,0.0,0.4000000059604645,0.5494948625564575,0.12186898291110992,0.1174766942858696,-0.1386861354112625,0,2000,v2a_u08,0,0,42,0.0,0.4,walk_queue_ablation
695,13.9,0.0,0.4000000059604645,0.5509651899337769,0.12686637043952942,0.10879223048686981,-0.21379998326301575,0,2000,v2a_u08,0,0,42,0.0,0.4,walk_queue_ablation
696,13.92,0.0,0.4000000059604645,0.5527697801589966,0.13269025087356567,0.09980398416519165,-0.2767897844314575,0,2000,v2a_u08,0,0,42,0.0,0.4,walk_queue_ablation
697,13.94,0.0,0.4000000059604645,0.5544875860214233,0.13527654111385345,0.08921875804662704,-0.2709561586380005,0,2000,v2a_u08,0,0,42,0.0,0.4,walk_queue_ablation
698,13.96,0.0,0.4000000059604645,0.5554364919662476,0.13207586109638214,0.07667288929224014,-0.20187979936599731,0,2000,v2a_u08,0,0,42,0.0,0.4,walk_queue_ablation
699,13.98,0.0,0.4000000059604645,0.5552912950515747,0.12712036073207855,0.060546327382326126,-0.10259418189525604,0,2000,v2a_u08,0,0,42,0.0,0.4,walk_queue_ablation
700,14.0,0.0,0.4000000059604645,0.5543185472488403,0.11881905049085617,0.04003581777215004,-0.018402528017759323,0,2000,v2a_u08,0,0,42,0.0,0.4,walk_queue_ablation
701,14.02,0.0,0.4000000059604645,0.5528420209884644,0.10704459249973297,0.019054647535085678,0.0392635352909565,0,2000,v2a_u08,0,0,42,0.0,0.4,walk_queue_ablation
702,14.040000000000001,0.0,0.4000000059604645,0.5509098768234253,0.0920354425907135,0.0017136774258688092,0.055535536259412766,0,2000,v2a_u08,0,0,42,0.0,0.4,walk_queue_ablation
703,14.06,0.0,0.4000000059604645,0.5490685701370239,0.07091499865055084,-0.010839063674211502,-0.0009519060840830207,0,2000,v2a_u08,0,0,42,0.0,0.4,walk_queue_ablation
704,14.08,0.0,0.4000000059604645,0.548164963722229,0.04767519235610962,-0.017286311835050583,-0.16335633397102356,0,2000,v2a_u08,0,0,42,0.0,0.4,walk_queue_ablation
705,14.1,0.0,0.4000000059604645,0.5484253168106079,0.02535310946404934,0.018199365586042404,0.06554444134235382,0,2000,v2a_u08,0,0,42,0.0,0.4,walk_queue_ablation
706,14.120000000000001,0.0,0.4000000059604645,0.5434426069259644,0.020189063623547554,0.03949830308556557,0.38141512870788574,0,2000,v2a_u08,0,0,42,0.0,0.4,walk_queue_ablation
707,14.14,0.0,0.4000000059604645,0.5370537042617798,0.02622128650546074,0.05586540326476097,0.3737185299396515,0,2000,v2a_u08,0,0,42,0.0,0.4,walk_queue_ablation
708,14.16,0.0,0.4000000059604645,0.5315409898757935,0.03933063521981239,0.07384005188941956,0.28142091631889343,0,2000,v2a_u08,0,0,42,0.0,0.4,walk_queue_ablation
709,14.18,0.0,0.4000000059604645,0.5276662111282349,0.06085122376680374,0.09283151477575302,0.1486155390739441,0,2000,v2a_u08,0,0,42,0.0,0.4,walk_queue_ablation
710,14.200000000000001,0.0,0.4000000059604645,0.5255566835403442,0.08735678344964981,0.11144446581602097,0.022256189957261086,0,2000,v2a_u08,0,0,42,0.0,0.4,walk_queue_ablation
711,14.22,0.0,0.4000000059604645,0.524598240852356,0.11788219958543777,0.13219690322875977,-0.036928653717041016,0,2000,v2a_u08,0,0,42,0.0,0.4,walk_queue_ablation
712,14.24,0.0,0.4000000059604645,0.5248328447341919,0.14744113385677338,0.15088239312171936,-0.11354837566614151,0,2000,v2a_u08,0,0,42,0.0,0.4,walk_queue_ablation
713,14.26,0.0,0.4000000059604645,0.5259557962417603,0.17628870904445648,0.16810598969459534,-0.12029324471950531,0,2000,v2a_u08,0,0,42,0.0,0.4,walk_queue_ablation
714,14.280000000000001,0.0,0.4000000059604645,0.5270801782608032,0.198337584733963,0.1871446967124939,-0.06157955154776573,0,2000,v2a_u08,0,0,42,0.0,0.4,walk_queue_ablation
715,14.3,0.0,0.4000000059604645,0.5276650190353394,0.21967461705207825,0.20827233791351318,0.018754059448838234,0,2000,v2a_u08,0,0,42,0.0,0.4,walk_queue_ablation
716,14.32,0.0,0.4000000059604645,0.5276566743850708,0.24187342822551727,0.23230096697807312,0.09208822250366211,0,2000,v2a_u08,0,0,42,0.0,0.4,walk_queue_ablation
717,14.34,0.0,0.4000000059604645,0.5272823572158813,0.2653675973415375,0.259364515542984,0.1461726427078247,0,2000,v2a_u08,0,0,42,0.0,0.4,walk_queue_ablation
718,14.36,0.0,0.4000000059604645,0.5264893770217896,0.2877991497516632,0.2917186915874481,0.2076488584280014,0,2000,v2a_u08,0,0,42,0.0,0.4,walk_queue_ablation
719,14.38,0.0,0.4000000059604645,0.5252310037612915,0.31007179617881775,0.32832786440849304,0.26858648657798767,0,2000,v2a_u08,0,0,42,0.0,0.4,walk_queue_ablation
720,14.4,0.0,0.4000000059604645,0.523664116859436,0.33383017778396606,0.3667925298213959,0.3075241148471832,0,2000,v2a_u08,0,0,42,0.0,0.4,walk_queue_ablation
721,14.42,0.0,0.4000000059604645,0.5220338106155396,0.35483118891716003,0.40936794877052307,0.3149154484272003,0,2000,v2a_u08,0,0,42,0.0,0.4,walk_queue_ablation
722,14.44,0.0,0.4000000059604645,0.520088791847229,0.37004902958869934,0.46066638827323914,0.325224369764328,0,2000,v2a_u08,0,0,42,0.0,0.4,walk_queue_ablation
723,14.46,0.0,0.4000000059604645,0.5178931951522827,0.3841313123703003,0.5156998634338379,0.33385369181632996,0,2000,v2a_u08,0,0,42,0.0,0.4,walk_queue_ablation
724,14.48,0.0,0.4000000059604645,0.5164502859115601,0.3911949098110199,0.5590164065361023,0.19457043707370758,0,2000,v2a_u08,0,0,42,0.0,0.4,walk_queue_ablation
725,14.5,0.0,0.4000000059604645,0.5145283937454224,0.3220440149307251,0.5011146068572998,0.31035301089286804,0,2000,v2a_u08,0,0,42,0.0,0.4,walk_queue_ablation
726,14.52,0.0,0.4000000059604645,0.5141035318374634,0.29169631004333496,0.4306217432022095,0.08302762359380722,0,2000,v2a_u08,0,0,42,0.0,0.4,walk_queue_ablation
727,14.540000000000001,0.0,0.4000000059604645,0.5149141550064087,0.2576936185359955,0.37136611342430115,0.05112488940358162,0,2000,v2a_u08,0,0,42,0.0,0.4,walk_queue_ablation
728,14.56,0.0,0.4000000059604645,0.5153061151504517,0.23398573696613312,0.3260929584503174,0.15392103791236877,0,2000,v2a_u08,0,0,42,0.0,0.4,walk_queue_ablation
729,14.58,0.0,0.4000000059604645,0.5145741701126099,0.21237990260124207,0.28758546710014343,0.3042322099208832,0,2000,v2a_u08,0,0,42,0.0,0.4,walk_queue_ablation
730,14.6,0.0,0.4000000059604645,0.5127130746841431,0.1958807110786438,0.2518884837627411,0.38096755743026733,0,2000,v2a_u08,0,0,42,0.0,0.4,walk_queue_ablation
731,14.620000000000001,0.0,0.4000000059604645,0.5112529993057251,0.17348891496658325,0.21979890763759613,0.30749940872192383,0,2000,v2a_u08,0,0,42,0.0,0.4,walk_queue_ablation
732,14.64,0.0,0.4000000059604645,0.509879469871521,0.15408997237682343,0.19082842767238617,0.30796539783477783,0,2000,v2a_u08,0,0,42,0.0,0.4,walk_queue_ablation
733,14.66,0.0,0.4000000059604645,0.5087002515792847,0.13293594121932983,0.16345225274562836,0.2590467035770416,0,2000,v2a_u08,0,0,42,0.0,0.4,walk_queue_ablation
734,14.68,0.0,0.4000000059604645,0.507757306098938,0.1269758641719818,0.14258940517902374,0.14958195388317108,0,2000,v2a_u08,0,0,42,0.0,0.4,walk_queue_ablation
735,14.700000000000001,0.0,0.4000000059604645,0.507975697517395,0.12451633810997009,0.12778431177139282,-0.019345492124557495,0,2000,v2a_u08,0,0,42,0.0,0.4,walk_queue_ablation
736,14.72,0.0,0.4000000059604645,0.508776068687439,0.12513436377048492,0.11744977533817291,-0.0982426255941391,0,2000,v2a_u08,0,0,42,0.0,0.4,walk_queue_ablation
737,14.74,0.0,0.4000000059604645,0.5100737810134888,0.1286437213420868,0.10801910609006882,-0.1878947764635086,0,2000,v2a_u08,0,0,42,0.0,0.4,walk_queue_ablation
738,14.76,0.0,0.4000000059604645,0.5119417905807495,0.1344626098871231,0.09871469438076019,-0.27679741382598877,0,2000,v2a_u08,0,0,42,0.0,0.4,walk_queue_ablation
739,14.780000000000001,0.0,0.4000000059604645,0.5139895677566528,0.14030887186527252,0.08763809502124786,-0.2974453270435333,0,2000,v2a_u08,0,0,42,0.0,0.4,walk_queue_ablation
740,14.8,0.0,0.4000000059604645,0.5154856443405151,0.14021380245685577,0.07511056214570999,-0.24877695739269257,0,2000,v2a_u08,0,0,42,0.0,0.4,walk_queue_ablation
741,14.82,0.0,0.4000000059604645,0.5159593820571899,0.13818462193012238,0.05992789566516876,-0.15992239117622375,0,2000,v2a_u08,0,0,42,0.0,0.4,walk_queue_ablation
742,14.84,0.0,0.4000000059604645,0.5153568983078003,0.1335616409778595,0.04036286473274231,-0.0622401125729084,0,2000,v2a_u08,0,0,42,0.0,0.4,walk_queue_ablation
743,14.86,0.0,0.4000000059604645,0.5142546892166138,0.12411881238222122,0.01791316270828247,0.002800719579681754,0,2000,v2a_u08,0,0,42,0.0,0.4,walk_queue_ablation
744,14.88,0.0,0.4000000059604645,0.512586236000061,0.1117759421467781,-0.0025865158531814814,0.05382460355758667,0,2000,v2a_u08,0,0,42,0.0,0.4,walk_queue_ablation
745,14.9,0.0,0.4000000059604645,0.5105706453323364,0.09491973370313644,-0.018409671261906624,0.05175725743174553,0,2000,v2a_u08,0,0,42,0.0,0.4,walk_queue_ablation
746,14.92,0.0,0.4000000059604645,0.50879967212677,0.07277998328208923,-0.028835609555244446,-0.025430187582969666,0,2000,v2a_u08,0,0,42,0.0,0.4,walk_queue_ablation
747,14.94,0.0,0.4000000059604645,0.5084604024887085,0.03800273686647415,-0.0013210609322413802,-0.32085251808166504,0,2000,v2a_u08,0,0,42,0.0,0.4,walk_queue_ablation
748,14.96,0.0,0.4000000059604645,0.5056988000869751,0.03425625339150429,0.0204128697514534,0.28569117188453674,0,2000,v2a_u08,0,0,42,0.0,0.4,walk_queue_ablation
749,14.98,0.0,0.4000000059604645,0.49934208393096924,0.033514007925987244,0.0396963432431221,0.42286959290504456,0,2000,v2a_u08,0,0,42,0.0,0.4,walk_queue_ablation
750,15.0,0.0,0.4000000059604645,0.4927715063095093,0.04102795198559761,0.058172982186079025,0.3895220458507538,0,2000,v2a_u08,0,0,42,0.0,0.4,walk_queue_ablation
751,15.02,0.0,0.4000000059604645,0.4873162508010864,0.05811649560928345,0.07778681069612503,0.2853711247444153,0,2000,v2a_u08,0,0,42,0.0,0.4,walk_queue_ablation
752,15.040000000000001,0.0,0.4000000059604645,0.4839843511581421,0.07968339323997498,0.09636668860912323,0.09344258904457092,0,2000,v2a_u08,0,0,42,0.0,0.4,walk_queue_ablation
753,15.06,0.0,0.4000000059604645,0.4821728467941284,0.10604255646467209,0.11698394268751144,0.022944508120417595,0,2000,v2a_u08,0,0,42,0.0,0.4,walk_queue_ablation
754,15.08,0.0,0.4000000059604645,0.48168742656707764,0.13593274354934692,0.1362694352865219,-0.07700899988412857,0,2000,v2a_u08,0,0,42,0.0,0.4,walk_queue_ablation
755,15.1,0.0,0.4000000059604645,0.48252761363983154,0.1646297425031662,0.15288658440113068,-0.14538522064685822,0,2000,v2a_u08,0,0,42,0.0,0.4,walk_queue_ablation
756,15.120000000000001,0.0,0.4000000059604645,0.48397791385650635,0.1881798803806305,0.17150823771953583,-0.1321270763874054,0,2000,v2a_u08,0,0,42,0.0,0.4,walk_queue_ablation
757,15.14,0.0,0.4000000059604645,0.4852250814437866,0.20798426866531372,0.19141723215579987,-0.05244320631027222,0,2000,v2a_u08,0,0,42,0.0,0.4,walk_queue_ablation
758,15.16,0.0,0.4000000059604645,0.485775351524353,0.22687268257141113,0.21400092542171478,0.027638999745249748,0,2000,v2a_u08,0,0,42,0.0,0.4,walk_queue_ablation
759,15.18,0.0,0.4000000059604645,0.4859226942062378,0.24590621888637543,0.2393210083246231,0.07875130325555801,0,2000,v2a_u08,0,0,42,0.0,0.4,walk_queue_ablation
760,15.200000000000001,0.0,0.4000000059604645,0.48583972454071045,0.26570311188697815,0.26831766963005066,0.12195158749818802,0,2000,v2a_u08,0,0,42,0.0,0.4,walk_queue_ablation
761,15.22,0.0,0.4000000059604645,0.4853934049606323,0.2850933372974396,0.30284884572029114,0.18509672582149506,0,2000,v2a_u08,0,0,42,0.0,0.4,walk_queue_ablation
762,15.24,0.0,0.4000000059604645,0.4845186471939087,0.3059225380420685,0.34040379524230957,0.24452398717403412,0,2000,v2a_u08,0,0,42,0.0,0.4,walk_queue_ablation
763,15.26,0.0,0.4000000059604645,0.48327505588531494,0.3277626633644104,0.38055920600891113,0.2928663492202759,0,2000,v2a_u08,0,0,42,0.0,0.4,walk_queue_ablation
764,15.280000000000001,0.0,0.4000000059604645,0.48170340061187744,0.34408771991729736,0.428035169839859,0.30992159247398376,0,2000,v2a_u08,0,0,42,0.0,0.4,walk_queue_ablation
765,15.3,0.0,0.4000000059604645,0.47968780994415283,0.3575800955295563,0.48116934299468994,0.32786068320274353,0,2000,v2a_u08,0,0,42,0.0,0.4,walk_queue_ablation
766,15.32,0.0,0.4000000059604645,0.4776526689529419,0.36920151114463806,0.5363410711288452,0.3086026608943939,0,2000,v2a_u08,0,0,42,0.0,0.4,walk_queue_ablation
767,15.34,0.0,0.4000000059604645,0.4769402742385864,0.371347576379776,0.5700762867927551,0.1095443069934845,0,2000,v2a_u08,0,0,42,0.0,0.4,walk_queue_ablation
768,15.36,0.0,0.4000000059604645,0.47516047954559326,0.302901953458786,0.4829624891281128,0.11788994818925858,0,2000,v2a_u08,0,0,42,0.0,0.4,walk_queue_ablation
769,15.38,0.0,0.4000000059604645,0.4756253957748413,0.26731401681900024,0.4131590723991394,0.05935801565647125,0,2000,v2a_u08,0,0,42,0.0,0.4,walk_queue_ablation
770,15.4,0.0,0.4000000059604645,0.4764293432235718,0.24258798360824585,0.35998404026031494,0.09028097987174988,0,2000,v2a_u08,0,0,42,0.0,0.4,walk_queue_ablation
771,15.42,0.0,0.4000000059604645,0.4762345552444458,0.2225307673215866,0.31938329339027405,0.2394924759864807,0,2000,v2a_u08,0,0,42,0.0,0.4,walk_queue_ablation
772,15.44,0.0,0.4000000059604645,0.4746783971786499,0.2023240029811859,0.2823885977268219,0.391276478767395,0,2000,v2a_u08,0,0,42,0.0,0.4,walk_queue_ablation
773,15.46,0.0,0.4000000059604645,0.47233593463897705,0.1855466365814209,0.24832986295223236,0.414859801530838,0,2000,v2a_u08,0,0,42,0.0,0.4,walk_queue_ablation
774,15.48,0.0,0.4000000059604645,0.4705597162246704,0.16397210955619812,0.21831488609313965,0.3166862726211548,0,2000,v2a_u08,0,0,42,0.0,0.4,walk_queue_ablation
775,15.5,0.0,0.4000000059604645,0.469199538230896,0.14731448888778687,0.18968501687049866,0.2809455692768097,0,2000,v2a_u08,0,0,42,0.0,0.4,walk_queue_ablation
776,15.52,0.0,0.4000000059604645,0.4681307077407837,0.1309301108121872,0.1641615331172943,0.2213514745235443,0,2000,v2a_u08,0,0,42,0.0,0.4,walk_queue_ablation
777,15.540000000000001,0.0,0.4000000059604645,0.4673973321914673,0.12757721543312073,0.14514289796352386,0.1041443943977356,0,2000,v2a_u08,0,0,42,0.0,0.4,walk_queue_ablation
778,15.56,0.0,0.4000000059604645,0.4678412675857544,0.12780112028121948,0.13225270807743073,-0.06690794974565506,0,2000,v2a_u08,0,0,42,0.0,0.4,walk_queue_ablation
779,15.58,0.0,0.4000000059604645,0.4690746068954468,0.1303689032793045,0.1226111426949501,-0.15961836278438568,0,2000,v2a_u08,0,0,42,0.0,0.4,walk_queue_ablation
780,15.6,0.0,0.4000000059604645,0.47078096866607666,0.13533902168273926,0.11394631862640381,-0.23706281185150146,0,2000,v2a_u08,0,0,42,0.0,0.4,walk_queue_ablation
781,15.620000000000001,0.0,0.4000000059604645,0.4728761911392212,0.1414579153060913,0.10481704771518707,-0.305452436208725,0,2000,v2a_u08,0,0,42,0.0,0.4,walk_queue_ablation
782,15.64,0.0,0.4000000059604645,0.4749528169631958,0.1444113701581955,0.0941416546702385,-0.30504709482192993,0,2000,v2a_u08,0,0,42,0.0,0.4,walk_queue_ablation
783,15.66,0.0,0.4000000059604645,0.4762955904006958,0.14221376180648804,0.08171090483665466,-0.2404596209526062,0,2000,v2a_u08,0,0,42,0.0,0.4,walk_queue_ablation
784,15.68,0.0,0.4000000059604645,0.4766587018966675,0.1382995992898941,0.06547146290540695,-0.1548222005367279,0,2000,v2a_u08,0,0,42,0.0,0.4,walk_queue_ablation
785,15.700000000000001,0.0,0.4000000059604645,0.4762340784072876,0.1318374127149582,0.045453693717718124,-0.07529228925704956,0,2000,v2a_u08,0,0,42,0.0,0.4,walk_queue_ablation
786,15.72,0.0,0.4000000059604645,0.47537171840667725,0.12154733389616013,0.025201674550771713,-0.021216440945863724,0,2000,v2a_u08,0,0,42,0.0,0.4,walk_queue_ablation
787,15.74,0.0,0.4000000059604645,0.47400128841400146,0.10758349299430847,0.007878975942730904,0.01048980187624693,0,2000,v2a_u08,0,0,42,0.0,0.4,walk_queue_ablation
788,15.76,0.0,0.4000000059604645,0.4723895788192749,0.08790352940559387,-0.0034927951637655497,-0.00468371482565999,0,2000,v2a_u08,0,0,42,0.0,0.4,walk_queue_ablation
789,15.780000000000001,0.0,0.4000000059604645,0.4711116552352905,0.06530895084142685,-0.009832413867115974,-0.09977341443300247,0,2000,v2a_u08,0,0,42,0.0,0.4,walk_queue_ablation
790,15.8,0.0,0.4000000059604645,0.4708331823348999,0.0411481149494648,0.02656889148056507,0.08874058723449707,0,2000,v2a_u08,0,0,42,0.0,0.4,walk_queue_ablation
791,15.82,0.0,0.4000000059604645,0.46592438220977783,0.03229308873414993,0.04791232571005821,0.35356688499450684,0,2000,v2a_u08,0,0,42,0.0,0.4,walk_queue_ablation
792,15.84,0.0,0.4000000059604645,0.45997631549835205,0.036293528974056244,0.0635768324136734,0.31584951281547546,0,2000,v2a_u08,0,0,42,0.0,0.4,walk_queue_ablation
793,15.860000000000001,0.0,0.4000000059604645,0.45494115352630615,0.04788997396826744,0.08101892471313477,0.2289002686738968,0,2000,v2a_u08,0,0,42,0.0,0.4,walk_queue_ablation
794,15.88,0.0,0.4000000059604645,0.4515761137008667,0.06955136358737946,0.0987359955906868,0.10118146985769272,0,2000,v2a_u08,0,0,42,0.0,0.4,walk_queue_ablation
795,15.9,0.0,0.4000000059604645,0.44976723194122314,0.09599057585000992,0.11750130355358124,-0.0008579432033002377,0,2000,v2a_u08,0,0,42,0.0,0.4,walk_queue_ablation
796,15.92,0.0,0.4000000059604645,0.44885003566741943,0.12822161614894867,0.13792328536510468,-0.030543651431798935,0,2000,v2a_u08,0,0,42,0.0,0.4,walk_queue_ablation
797,15.94,0.0,0.4000000059604645,0.4489814043045044,0.1575823724269867,0.15713512897491455,-0.1072394847869873,0,2000,v2a_u08,0,0,42,0.0,0.4,walk_queue_ablation
798,15.96,0.0,0.4000000059604645,0.45005524158477783,0.18649929761886597,0.17408090829849243,-0.11926618218421936,0,2000,v2a_u08,0,0,42,0.0,0.4,walk_queue_ablation
799,15.98,0.0,0.4000000059604645,0.45118439197540283,0.2084486037492752,0.1927761435508728,-0.06396384537220001,0,2000,v2a_u08,0,0,42,0.0,0.4,walk_queue_ablation
800,16.0,0.0,0.4000000059604645,0.4518064260482788,0.2292986661195755,0.21365360915660858,0.01398469414561987,0,2000,v2a_u08,0,0,42,0.0,0.4,walk_queue_ablation
801,16.02,0.0,0.4000000059604645,0.4518622159957886,0.2508661448955536,0.2380625158548355,0.08366554230451584,0,2000,v2a_u08,0,0,42,0.0,0.4,walk_queue_ablation
802,16.04,0.0,0.4000000059604645,0.4515880346298218,0.27399352192878723,0.26567211747169495,0.1330505609512329,0,2000,v2a_u08,0,0,42,0.0,0.4,walk_queue_ablation
803,16.06,0.0,0.4000000059604645,0.4509700536727905,0.29599329829216003,0.2984493672847748,0.18626785278320312,0,2000,v2a_u08,0,0,42,0.0,0.4,walk_queue_ablation
804,16.080000000000002,0.0,0.4000000059604645,0.44991934299468994,0.3175370395183563,0.3358813226222992,0.24813200533390045,0,2000,v2a_u08,0,0,42,0.0,0.4,walk_queue_ablation
805,16.1,0.0,0.4000000059604645,0.4486175775527954,0.3403051495552063,0.3747396171092987,0.2798331379890442,0,2000,v2a_u08,0,0,42,0.0,0.4,walk_queue_ablation
806,16.12,0.0,0.4000000059604645,0.44733726978302,0.3598765432834625,0.41817882657051086,0.2766977548599243,0,2000,v2a_u08,0,0,42,0.0,0.4,walk_queue_ablation
807,16.14,0.0,0.4000000059604645,0.44581282138824463,0.3740306496620178,0.4705166816711426,0.28338998556137085,0,2000,v2a_u08,0,0,42,0.0,0.4,walk_queue_ablation
808,16.16,0.0,0.4000000059604645,0.444008469581604,0.3872305154800415,0.5265560746192932,0.3012092709541321,0,2000,v2a_u08,0,0,42,0.0,0.4,walk_queue_ablation
809,16.18,0.0,0.4000000059604645,0.44284093379974365,0.3936299979686737,0.5697097778320312,0.1814247965812683,0,2000,v2a_u08,0,0,42,0.0,0.4,walk_queue_ablation
810,16.2,0.0,0.4000000059604645,0.44068610668182373,0.3237733840942383,0.506337583065033,0.3611147999763489,0,2000,v2a_u08,0,0,42,0.0,0.4,walk_queue_ablation
811,16.22,0.0,0.4000000059604645,0.4396263360977173,0.2930964231491089,0.4361313581466675,0.15798966586589813,0,2000,v2a_u08,0,0,42,0.0,0.4,walk_queue_ablation
812,16.240000000000002,0.0,0.4000000059604645,0.4398990869522095,0.2619481384754181,0.3756636083126068,0.09529652446508408,0,2000,v2a_u08,0,0,42,0.0,0.4,walk_queue_ablation
813,16.26,0.0,0.4000000059604645,0.4401587247848511,0.23866680264472961,0.33053669333457947,0.15725931525230408,0,2000,v2a_u08,0,0,42,0.0,0.4,walk_queue_ablation
814,16.28,0.0,0.4000000059604645,0.43954312801361084,0.2159050703048706,0.29092898964881897,0.2925829291343689,0,2000,v2a_u08,0,0,42,0.0,0.4,walk_queue_ablation
815,16.3,0.0,0.4000000059604645,0.4378124475479126,0.1990862637758255,0.25564613938331604,0.3717130422592163,0,2000,v2a_u08,0,0,42,0.0,0.4,walk_queue_ablation
816,16.32,0.0,0.4000000059604645,0.4365593194961548,0.17783048748970032,0.2228001207113266,0.2795935273170471,0,2000,v2a_u08,0,0,42,0.0,0.4,walk_queue_ablation
817,16.34,0.0,0.4000000059604645,0.4354740381240845,0.1605377495288849,0.19518423080444336,0.2655763626098633,0,2000,v2a_u08,0,0,42,0.0,0.4,walk_queue_ablation
818,16.36,0.0,0.4000000059604645,0.43467819690704346,0.1400589644908905,0.1671568602323532,0.2193029671907425,0,2000,v2a_u08,0,0,42,0.0,0.4,walk_queue_ablation
819,16.38,0.0,0.4000000059604645,0.4341362714767456,0.13322041928768158,0.14494626224040985,0.11351024359464645,0,2000,v2a_u08,0,0,42,0.0,0.4,walk_queue_ablation
820,16.4,0.0,0.4000000059604645,0.43476831912994385,0.13118945062160492,0.1300649791955948,-0.06308520585298538,0,2000,v2a_u08,0,0,42,0.0,0.4,walk_queue_ablation
821,16.42,0.0,0.4000000059604645,0.43609488010406494,0.13122791051864624,0.11900726705789566,-0.1458207368850708,0,2000,v2a_u08,0,0,42,0.0,0.4,walk_queue_ablation
822,16.44,0.0,0.4000000059604645,0.4377812147140503,0.13463939726352692,0.10971317440271378,-0.2162267416715622,0,2000,v2a_u08,0,0,42,0.0,0.4,walk_queue_ablation
823,16.46,0.0,0.4000000059604645,0.43988215923309326,0.1407051533460617,0.10049760341644287,-0.2939271926879883,0,2000,v2a_u08,0,0,42,0.0,0.4,walk_queue_ablation
824,16.48,0.0,0.4000000059604645,0.44210922718048096,0.14733420312404633,0.08997335284948349,-0.3180931508541107,0,2000,v2a_u08,0,0,42,0.0,0.4,walk_queue_ablation
825,16.5,0.0,0.4000000059604645,0.4438875913619995,0.1480104774236679,0.07750187069177628,-0.28235766291618347,0,2000,v2a_u08,0,0,42,0.0,0.4,walk_queue_ablation
826,16.52,0.0,0.4000000059604645,0.4447709321975708,0.14597727358341217,0.0621354877948761,-0.2003673017024994,0,2000,v2a_u08,0,0,42,0.0,0.4,walk_queue_ablation
827,16.54,0.0,0.4000000059604645,0.4446042776107788,0.141874760389328,0.043013252317905426,-0.10593561828136444,0,2000,v2a_u08,0,0,42,0.0,0.4,walk_queue_ablation
828,16.56,0.0,0.4000000059604645,0.443977952003479,0.13369010388851166,0.0206752996891737,-0.047333769500255585,0,2000,v2a_u08,0,0,42,0.0,0.4,walk_queue_ablation
829,16.580000000000002,0.0,0.4000000059604645,0.4428366422653198,0.12225427478551865,-0.00010494040179764852,0.00406806031242013,0,2000,v2a_u08,0,0,42,0.0,0.4,walk_queue_ablation
830,16.6,0.0,0.4000000059604645,0.44122183322906494,0.10620465874671936,-0.015469749458134174,0.0217856727540493,0,2000,v2a_u08,0,0,42,0.0,0.4,walk_queue_ablation
831,16.62,0.0,0.4000000059604645,0.43949973583221436,0.08445988595485687,-0.026417648419737816,-0.012069466523826122,0,2000,v2a_u08,0,0,42,0.0,0.4,walk_queue_ablation
832,16.64,0.0,0.4000000059604645,0.438665509223938,0.05038462579250336,-0.0017609893111512065,-0.2842779755592346,0,2000,v2a_u08,0,0,42,0.0,0.4,walk_queue_ablation
833,16.66,0.0,0.4000000059604645,0.4357668161392212,0.045500218868255615,0.021035661920905113,0.28942111134529114,0,2000,v2a_u08,0,0,42,0.0,0.4,walk_queue_ablation
834,16.68,0.0,0.4000000059604645,0.42955076694488525,0.04294151812791824,0.04007701948285103,0.3962143659591675,0,2000,v2a_u08,0,0,42,0.0,0.4,walk_queue_ablation
835,16.7,0.0,0.4000000059604645,0.4232602119445801,0.04997515678405762,0.058418869972229004,0.3533638119697571,0,2000,v2a_u08,0,0,42,0.0,0.4,walk_queue_ablation
836,16.72,0.0,0.4000000059604645,0.4182560443878174,0.06678099930286407,0.07754191011190414,0.2337900996208191,0,2000,v2a_u08,0,0,42,0.0,0.4,walk_queue_ablation
837,16.740000000000002,0.0,0.4000000059604645,0.41543853282928467,0.08730293065309525,0.09624971449375153,0.04108276218175888,0,2000,v2a_u08,0,0,42,0.0,0.4,walk_queue_ablation
838,16.76,0.0,0.4000000059604645,0.4140688180923462,0.1123344674706459,0.11695650219917297,-0.017883818596601486,0,2000,v2a_u08,0,0,42,0.0,0.4,walk_queue_ablation
839,16.78,0.0,0.4000000059604645,0.41390669345855713,0.14121563732624054,0.13662493228912354,-0.1096017062664032,0,2000,v2a_u08,0,0,42,0.0,0.4,walk_queue_ablation
840,16.8,0.0,0.4000000059604645,0.41496527194976807,0.1694101244211197,0.15339888632297516,-0.16744114458560944,0,2000,v2a_u08,0,0,42,0.0,0.4,walk_queue_ablation
841,16.82,0.0,0.4000000059604645,0.4166146516799927,0.19219671189785004,0.17149949073791504,-0.1546192467212677,0,2000,v2a_u08,0,0,42,0.0,0.4,walk_queue_ablation
842,16.84,0.0,0.4000000059604645,0.4180185794830322,0.21156497299671173,0.19094064831733704,-0.06983883678913116,0,2000,v2a_u08,0,0,42,0.0,0.4,walk_queue_ablation
843,16.86,0.0,0.4000000059604645,0.4187058210372925,0.23006901144981384,0.21301941573619843,0.01144346408545971,0,2000,v2a_u08,0,0,42,0.0,0.4,walk_queue_ablation
844,16.88,0.0,0.4000000059604645,0.4189962148666382,0.24901141226291656,0.23794682323932648,0.06147192046046257,0,2000,v2a_u08,0,0,42,0.0,0.4,walk_queue_ablation
845,16.9,0.0,0.4000000059604645,0.4190864562988281,0.26881471276283264,0.2667309045791626,0.10295087844133377,0,2000,v2a_u08,0,0,42,0.0,0.4,walk_queue_ablation
846,16.92,0.0,0.4000000059604645,0.4188462495803833,0.2882273495197296,0.30114057660102844,0.1611189842224121,0,2000,v2a_u08,0,0,42,0.0,0.4,walk_queue_ablation
847,16.94,0.0,0.4000000059604645,0.4182239770889282,0.30903351306915283,0.33846375346183777,0.21809165179729462,0,2000,v2a_u08,0,0,42,0.0,0.4,walk_queue_ablation
848,16.96,0.0,0.4000000059604645,0.4172569513320923,0.3306220769882202,0.37852808833122253,0.2628200650215149,0,2000,v2a_u08,0,0,42,0.0,0.4,walk_queue_ablation
849,16.98,0.0,0.4000000059604645,0.4160245656967163,0.3470498025417328,0.4251989722251892,0.2734869122505188,0,2000,v2a_u08,0,0,42,0.0,0.4,walk_queue_ablation
850,17.0,0.0,0.4000000059604645,0.4143775701522827,0.36090147495269775,0.47924572229385376,0.29382041096687317,0,2000,v2a_u08,0,0,42,0.0,0.4,walk_queue_ablation
851,17.02,0.0,0.4000000059604645,0.4126319885253906,0.37297123670578003,0.5340401530265808,0.28917789459228516,0,2000,v2a_u08,0,0,42,0.0,0.4,walk_queue_ablation
852,17.04,0.0,0.4000000059604645,0.41211068630218506,0.37626913189888,0.5681418776512146,0.110184445977211,0,2000,v2a_u08,0,0,42,0.0,0.4,walk_queue_ablation
853,17.06,0.0,0.4000000059604645,0.40999817848205566,0.30654218792915344,0.4810023605823517,0.167383074760437,0,2000,v2a_u08,0,0,42,0.0,0.4,walk_queue_ablation
854,17.080000000000002,0.0,0.4000000059604645,0.41036880016326904,0.27361541986465454,0.41263797879219055,0.05937105044722557,0,2000,v2a_u08,0,0,42,0.0,0.4,walk_queue_ablation
855,17.1,0.0,0.4000000059604645,0.4113997220993042,0.24622760713100433,0.36038196086883545,0.059406816959381104,0,2000,v2a_u08,0,0,42,0.0,0.4,walk_queue_ablation
856,17.12,0.0,0.4000000059604645,0.41159117221832275,0.2246839702129364,0.32086512446403503,0.19351419806480408,0,2000,v2a_u08,0,0,42,0.0,0.4,walk_queue_ablation
857,17.14,0.0,0.4000000059604645,0.41052937507629395,0.20245912671089172,0.283917099237442,0.3443751931190491,0,2000,v2a_u08,0,0,42,0.0,0.4,walk_queue_ablation
858,17.16,0.0,0.4000000059604645,0.4085477590560913,0.18538020551204681,0.24930191040039062,0.3843024969100952,0,2000,v2a_u08,0,0,42,0.0,0.4,walk_queue_ablation
859,17.18,0.0,0.4000000059604645,0.4070892333984375,0.16379773616790771,0.21845191717147827,0.2887023389339447,0,2000,v2a_u08,0,0,42,0.0,0.4,walk_queue_ablation
860,17.2,0.0,0.4000000059604645,0.40594661235809326,0.14724788069725037,0.1902768611907959,0.25695639848709106,0,2000,v2a_u08,0,0,42,0.0,0.4,walk_queue_ablation
861,17.22,0.0,0.4000000059604645,0.4051007032394409,0.12910601496696472,0.16404196619987488,0.2031038999557495,0,2000,v2a_u08,0,0,42,0.0,0.4,walk_queue_ablation
862,17.240000000000002,0.0,0.4000000059604645,0.4045238494873047,0.12563824653625488,0.14506955444812775,0.08690495789051056,0,2000,v2a_u08,0,0,42,0.0,0.4,walk_queue_ablation
863,17.26,0.0,0.4000000059604645,0.40515267848968506,0.12559282779693604,0.13222262263298035,-0.08591599762439728,0,2000,v2a_u08,0,0,42,0.0,0.4,walk_queue_ablation
864,17.28,0.0,0.4000000059604645,0.4065208435058594,0.1278737187385559,0.12248510122299194,-0.17124977707862854,0,2000,v2a_u08,0,0,42,0.0,0.4,walk_queue_ablation
865,17.3,0.0,0.4000000059604645,0.4083437919616699,0.1328478902578354,0.11340928077697754,-0.24755382537841797,0,2000,v2a_u08,0,0,42,0.0,0.4,walk_queue_ablation
866,17.32,0.0,0.4000000059604645,0.41057121753692627,0.13901293277740479,0.10402729362249374,-0.3197437822818756,0,2000,v2a_u08,0,0,42,0.0,0.4,walk_queue_ablation
867,17.34,0.0,0.4000000059604645,0.4128457307815552,0.1421128809452057,0.09295085072517395,-0.3272377848625183,0,2000,v2a_u08,0,0,42,0.0,0.4,walk_queue_ablation
868,17.36,0.0,0.4000000059604645,0.41447722911834717,0.13950763642787933,0.08022383600473404,-0.26957911252975464,0,2000,v2a_u08,0,0,42,0.0,0.4,walk_queue_ablation
869,17.38,0.0,0.4000000059604645,0.4151402711868286,0.1353064477443695,0.06420108675956726,-0.18409618735313416,0,2000,v2a_u08,0,0,42,0.0,0.4,walk_queue_ablation
870,17.400000000000002,0.0,0.4000000059604645,0.41502392292022705,0.1285596489906311,0.04410395398736,-0.10941281169652939,0,2000,v2a_u08,0,0,42,0.0,0.4,walk_queue_ablation
871,17.42,0.0,0.4000000059604645,0.414530873298645,0.1178189218044281,0.02328263595700264,-0.05882314220070839,0,2000,v2a_u08,0,0,42,0.0,0.4,walk_queue_ablation
872,17.44,0.0,0.4000000059604645,0.4135134220123291,0.10334265232086182,0.005679370369762182,-0.01731223613023758,0,2000,v2a_u08,0,0,42,0.0,0.4,walk_queue_ablation
873,17.46,0.0,0.4000000059604645,0.41209089756011963,0.08336050808429718,-0.006142837926745415,-0.015237519517540932,0,2000,v2a_u08,0,0,42,0.0,0.4,walk_queue_ablation
874,17.48,0.0,0.4000000059604645,0.41071200370788574,0.060005854815244675,-0.012129649519920349,-0.07204163074493408,0,2000,v2a_u08,0,0,42,0.0,0.4,walk_queue_ablation
875,17.5,0.0,0.4000000059604645,0.41011369228363037,0.03632152080535889,0.022776884958148003,0.11413280665874481,0,2000,v2a_u08,0,0,42,0.0,0.4,walk_queue_ablation
876,17.52,0.0,0.4000000059604645,0.40530383586883545,0.027664685621857643,0.04516899958252907,0.32553768157958984,0,2000,v2a_u08,0,0,42,0.0,0.4,walk_queue_ablation
877,17.54,0.0,0.4000000059604645,0.399713397026062,0.032038260251283646,0.061478350311517715,0.27895885705947876,0,2000,v2a_u08,0,0,42,0.0,0.4,walk_queue_ablation
878,17.56,0.0,0.4000000059604645,0.39511168003082275,0.044220685958862305,0.0790773555636406,0.18992027640342712,0,2000,v2a_u08,0,0,42,0.0,0.4,walk_queue_ablation
879,17.580000000000002,0.0,0.4000000059604645,0.39206111431121826,0.06568016111850739,0.0977085679769516,0.07074286788702011,0,2000,v2a_u08,0,0,42,0.0,0.4,walk_queue_ablation
880,17.6,0.0,0.4000000059604645,0.39056313037872314,0.09232091903686523,0.11659671366214752,-0.03086552582681179,0,2000,v2a_u08,0,0,42,0.0,0.4,walk_queue_ablation
881,17.62,0.0,0.4000000059604645,0.3899897336959839,0.12490474432706833,0.13680832087993622,-0.06154346466064453,0,2000,v2a_u08,0,0,42,0.0,0.4,walk_queue_ablation
882,17.64,0.0,0.4000000059604645,0.3902852535247803,0.155478373169899,0.1561203896999359,-0.11482595652341843,0,2000,v2a_u08,0,0,42,0.0,0.4,walk_queue_ablation
883,17.66,0.0,0.4000000059604645,0.3914194107055664,0.1843145191669464,0.17315229773521423,-0.12829509377479553,0,2000,v2a_u08,0,0,42,0.0,0.4,walk_queue_ablation
884,17.68,0.0,0.4000000059604645,0.3925715684890747,0.20632070302963257,0.1919192522764206,-0.06534154713153839,0,2000,v2a_u08,0,0,42,0.0,0.4,walk_queue_ablation
885,17.7,0.0,0.4000000059604645,0.3931812047958374,0.2270205318927765,0.2121843546628952,0.01703053154051304,0,2000,v2a_u08,0,0,42,0.0,0.4,walk_queue_ablation
886,17.72,0.0,0.4000000059604645,0.39321959018707275,0.24863465130329132,0.23590105772018433,0.08476892113685608,0,2000,v2a_u08,0,0,42,0.0,0.4,walk_queue_ablation
887,17.740000000000002,0.0,0.4000000059604645,0.39291977882385254,0.2716033160686493,0.2631675601005554,0.1346580684185028,0,2000,v2a_u08,0,0,42,0.0,0.4,walk_queue_ablation
888,17.76,0.0,0.4000000059604645,0.3922995328903198,0.29334700107574463,0.29573121666908264,0.1814049929380417,0,2000,v2a_u08,0,0,42,0.0,0.4,walk_queue_ablation
889,17.78,0.0,0.4000000059604645,0.39132845401763916,0.31452035903930664,0.33286309242248535,0.23547226190567017,0,2000,v2a_u08,0,0,42,0.0,0.4,walk_queue_ablation
890,17.8,0.0,0.4000000059604645,0.39016902446746826,0.3368380069732666,0.3717557489871979,0.2624031901359558,0,2000,v2a_u08,0,0,42,0.0,0.4,walk_queue_ablation
891,17.82,0.0,0.4000000059604645,0.38908088207244873,0.35614559054374695,0.4149009883403778,0.25744199752807617,0,2000,v2a_u08,0,0,42,0.0,0.4,walk_queue_ablation
892,17.84,0.0,0.4000000059604645,0.38776516914367676,0.3698641359806061,0.46665897965431213,0.26582470536231995,0,2000,v2a_u08,0,0,42,0.0,0.4,walk_queue_ablation
893,17.86,0.0,0.4000000059604645,0.3861401081085205,0.38277673721313477,0.5221099257469177,0.2892453968524933,0,2000,v2a_u08,0,0,42,0.0,0.4,walk_queue_ablation
894,17.88,0.0,0.4000000059604645,0.38500332832336426,0.3896293044090271,0.565734326839447,0.18407094478607178,0,2000,v2a_u08,0,0,42,0.0,0.4,walk_queue_ablation
895,17.900000000000002,0.0,0.4000000059604645,0.38310980796813965,0.3233647048473358,0.5136633515357971,0.4194831848144531,0,2000,v2a_u08,0,0,42,0.0,0.4,walk_queue_ablation
896,17.92,0.0,0.4000000059604645,0.3819918632507324,0.2910841703414917,0.4381658434867859,0.10279051959514618,0,2000,v2a_u08,0,0,42,0.0,0.4,walk_queue_ablation
897,17.94,0.0,0.4000000059604645,0.3828936815261841,0.25920554995536804,0.37649664282798767,0.027746090665459633,0,2000,v2a_u08,0,0,42,0.0,0.4,walk_queue_ablation
898,17.96,0.0,0.4000000059604645,0.383752703666687,0.23686857521533966,0.3312234878540039,0.10109426081180573,0,2000,v2a_u08,0,0,42,0.0,0.4,walk_queue_ablation
899,17.98,0.0,0.4000000059604645,0.383561372756958,0.21475417912006378,0.2921764552593231,0.2603732943534851,0,2000,v2a_u08,0,0,42,0.0,0.4,walk_queue_ablation
900,18.0,0.0,0.4000000059604645,0.38196098804473877,0.19829507172107697,0.25669652223587036,0.37149184942245483,0,2000,v2a_u08,0,0,42,0.0,0.4,walk_queue_ablation
901,18.02,0.0,0.4000000059604645,0.3806532621383667,0.17786183953285217,0.2241620421409607,0.28968140482902527,0,2000,v2a_u08,0,0,42,0.0,0.4,walk_queue_ablation
902,18.04,0.0,0.4000000059604645,0.37949299812316895,0.15965889394283295,0.1956051141023636,0.27996930480003357,0,2000,v2a_u08,0,0,42,0.0,0.4,walk_queue_ablation
903,18.06,0.0,0.4000000059604645,0.37856757640838623,0.13908323645591736,0.167909175157547,0.23055897653102875,0,2000,v2a_u08,0,0,42,0.0,0.4,walk_queue_ablation
904,18.080000000000002,0.0,0.4000000059604645,0.37797534465789795,0.13300924003124237,0.14588287472724915,0.11873094737529755,0,2000,v2a_u08,0,0,42,0.0,0.4,walk_queue_ablation
905,18.1,0.0,0.4000000059604645,0.37856101989746094,0.1311832219362259,0.13057024776935577,-0.056604526937007904,0,2000,v2a_u08,0,0,42,0.0,0.4,walk_queue_ablation
906,18.12,0.0,0.4000000059604645,0.37977027893066406,0.1316176950931549,0.11991240829229355,-0.1380024403333664,0,2000,v2a_u08,0,0,42,0.0,0.4,walk_queue_ablation
907,18.14,0.0,0.4000000059604645,0.3814277648925781,0.13556040823459625,0.11035137623548508,-0.2181379646062851,0,2000,v2a_u08,0,0,42,0.0,0.4,walk_queue_ablation
908,18.16,0.0,0.4000000059604645,0.383589506149292,0.1418791264295578,0.1011514812707901,-0.3035913407802582,0,2000,v2a_u08,0,0,42,0.0,0.4,walk_queue_ablation
909,18.18,0.0,0.4000000059604645,0.3859502077102661,0.14928112924098969,0.09050625562667847,-0.3350572884082794,0,2000,v2a_u08,0,0,42,0.0,0.4,walk_queue_ablation
910,18.2,0.0,0.4000000059604645,0.3879528045654297,0.15047615766525269,0.07778173685073853,-0.3076891005039215,0,2000,v2a_u08,0,0,42,0.0,0.4,walk_queue_ablation
911,18.22,0.0,0.4000000059604645,0.38909459114074707,0.14895357191562653,0.06228533387184143,-0.22615668177604675,0,2000,v2a_u08,0,0,42,0.0,0.4,walk_queue_ablation
912,18.240000000000002,0.0,0.4000000059604645,0.3891899585723877,0.14580154418945312,0.043216951191425323,-0.1345752626657486,0,2000,v2a_u08,0,0,42,0.0,0.4,walk_queue_ablation
913,18.26,0.0,0.4000000059604645,0.38886559009552,0.13829044997692108,0.020815474912524223,-0.07712902128696442,0,2000,v2a_u08,0,0,42,0.0,0.4,walk_queue_ablation
914,18.28,0.0,0.4000000059604645,0.38802123069763184,0.127750426530838,-0.00027332696481607854,-0.02446696162223816,0,2000,v2a_u08,0,0,42,0.0,0.4,walk_queue_ablation
915,18.3,0.0,0.4000000059604645,0.3866000175476074,0.11216681450605392,-0.016615191474556923,0.0121066989377141,0,2000,v2a_u08,0,0,42,0.0,0.4,walk_queue_ablation
916,18.32,0.0,0.4000000059604645,0.3849135637283325,0.09122991561889648,-0.026403959840536118,-0.00805347878485918,0,2000,v2a_u08,0,0,42,0.0,0.4,walk_queue_ablation
917,18.34,0.0,0.4000000059604645,0.383916974067688,0.05688298121094704,-0.003729545045644045,-0.2737429440021515,0,2000,v2a_u08,0,0,42,0.0,0.4,walk_queue_ablation
918,18.36,0.0,0.4000000059604645,0.38094425201416016,0.05193978548049927,0.02050495147705078,0.29531198740005493,0,2000,v2a_u08,0,0,42,0.0,0.4,walk_queue_ablation
919,18.38,0.0,0.4000000059604645,0.3748142719268799,0.048219066113233566,0.03990571200847626,0.3785367012023926,0,2000,v2a_u08,0,0,42,0.0,0.4,walk_queue_ablation
920,18.400000000000002,0.0,0.4000000059604645,0.3687427043914795,0.05404265969991684,0.05915497988462448,0.3258639872074127,0,2000,v2a_u08,0,0,42,0.0,0.4,walk_queue_ablation
921,18.42,0.0,0.4000000059604645,0.3639719486236572,0.06950891017913818,0.07891859114170074,0.20592434704303741,0,2000,v2a_u08,0,0,42,0.0,0.4,walk_queue_ablation
922,18.44,0.0,0.4000000059604645,0.3614116907119751,0.08892703801393509,0.0978841483592987,0.010632596909999847,0,2000,v2a_u08,0,0,42,0.0,0.4,walk_queue_ablation
923,18.46,0.0,0.4000000059604645,0.36028921604156494,0.11209703236818314,0.11915300786495209,-0.04318127781152725,0,2000,v2a_u08,0,0,42,0.0,0.4,walk_queue_ablation
924,18.48,0.0,0.4000000059604645,0.3603140115737915,0.13960392773151398,0.1388302594423294,-0.12701541185379028,0,2000,v2a_u08,0,0,42,0.0,0.4,walk_queue_ablation
925,18.5,0.0,0.4000000059604645,0.36148178577423096,0.1668761819601059,0.1560315042734146,-0.18080434203147888,0,2000,v2a_u08,0,0,42,0.0,0.4,walk_queue_ablation
926,18.52,0.0,0.4000000059604645,0.36326754093170166,0.18931636214256287,0.17411930859088898,-0.1711900383234024,0,2000,v2a_u08,0,0,42,0.0,0.4,walk_queue_ablation
927,18.54,0.0,0.4000000059604645,0.36481690406799316,0.20808321237564087,0.19382613897323608,-0.08432010561227798,0,2000,v2a_u08,0,0,42,0.0,0.4,walk_queue_ablation
928,18.56,0.0,0.4000000059604645,0.36559391021728516,0.22634674608707428,0.2158270627260208,0.005342438817024231,0,2000,v2a_u08,0,0,42,0.0,0.4,walk_queue_ablation
929,18.580000000000002,0.0,0.4000000059604645,0.36593854427337646,0.2450152486562729,0.2406950294971466,0.05591901019215584,0,2000,v2a_u08,0,0,42,0.0,0.4,walk_queue_ablation
930,18.6,0.0,0.4000000059604645,0.36608052253723145,0.2644806206226349,0.2696482241153717,0.09814203530550003,0,2000,v2a_u08,0,0,42,0.0,0.4,walk_queue_ablation
931,18.62,0.0,0.4000000059604645,0.3659175634384155,0.28315994143486023,0.30432212352752686,0.1527506411075592,0,2000,v2a_u08,0,0,42,0.0,0.4,walk_queue_ablation
932,18.64,0.0,0.4000000059604645,0.3654080629348755,0.3028967082500458,0.34220245480537415,0.2067158818244934,0,2000,v2a_u08,0,0,42,0.0,0.4,walk_queue_ablation
933,18.66,0.0,0.4000000059604645,0.3646150827407837,0.32356300950050354,0.38275280594825745,0.24500814080238342,0,2000,v2a_u08,0,0,42,0.0,0.4,walk_queue_ablation
934,18.68,0.0,0.4000000059604645,0.36358678340911865,0.3390566408634186,0.4300997853279114,0.25643324851989746,0,2000,v2a_u08,0,0,42,0.0,0.4,walk_queue_ablation
935,18.7,0.0,0.4000000059604645,0.36209964752197266,0.3517456352710724,0.48459890484809875,0.28431132435798645,0,2000,v2a_u08,0,0,42,0.0,0.4,walk_queue_ablation
936,18.72,0.0,0.4000000059604645,0.3604576587677002,0.36290714144706726,0.5402461886405945,0.28905150294303894,0,2000,v2a_u08,0,0,42,0.0,0.4,walk_queue_ablation
937,18.740000000000002,0.0,0.4000000059604645,0.3598843812942505,0.36611872911453247,0.5744913816452026,0.13079452514648438,0,2000,v2a_u08,0,0,42,0.0,0.4,walk_queue_ablation
938,18.76,0.0,0.4000000059604645,0.3577384948730469,0.2979074716567993,0.4870030879974365,0.1523919403553009,0,2000,v2a_u08,0,0,42,0.0,0.4,walk_queue_ablation
939,18.78,0.0,0.4000000059604645,0.3581804037094116,0.26394522190093994,0.4176730513572693,0.05021831393241882,0,2000,v2a_u08,0,0,42,0.0,0.4,walk_queue_ablation
940,18.8,0.0,0.4000000059604645,0.3592984676361084,0.23916174471378326,0.36532485485076904,0.04519957676529884,0,2000,v2a_u08,0,0,42,0.0,0.4,walk_queue_ablation
941,18.82,0.0,0.4000000059604645,0.35965144634246826,0.21747158467769623,0.32580503821372986,0.18179050087928772,0,2000,v2a_u08,0,0,42,0.0,0.4,walk_queue_ablation
942,18.84,0.0,0.4000000059604645,0.3586331605911255,0.19477884471416473,0.28848376870155334,0.3415029048919678,0,2000,v2a_u08,0,0,42,0.0,0.4,walk_queue_ablation
943,18.86,0.0,0.4000000059604645,0.3566349744796753,0.17822925746440887,0.2537074685096741,0.38160914182662964,0,2000,v2a_u08,0,0,42,0.0,0.4,walk_queue_ablation
944,18.88,0.0,0.4000000059604645,0.3551896810531616,0.15641319751739502,0.22217033803462982,0.28391897678375244,0,2000,v2a_u08,0,0,42,0.0,0.4,walk_queue_ablation
945,18.900000000000002,0.0,0.4000000059604645,0.35405075550079346,0.14153705537319183,0.19476468861103058,0.24691340327262878,0,2000,v2a_u08,0,0,42,0.0,0.4,walk_queue_ablation
946,18.92,0.0,0.4000000059604645,0.35331809520721436,0.12417367845773697,0.16811807453632355,0.18870282173156738,0,2000,v2a_u08,0,0,42,0.0,0.4,walk_queue_ablation
947,18.94,0.0,0.4000000059604645,0.3529309034347534,0.12119247019290924,0.14873747527599335,0.06766106933355331,0,2000,v2a_u08,0,0,42,0.0,0.4,walk_queue_ablation
948,18.96,0.0,0.4000000059604645,0.3536834716796875,0.12198925018310547,0.13623270392417908,-0.09784580767154694,0,2000,v2a_u08,0,0,42,0.0,0.4,walk_queue_ablation
949,18.98,0.0,0.4000000059604645,0.3552283048629761,0.1247977763414383,0.12629009783267975,-0.19149665534496307,0,2000,v2a_u08,0,0,42,0.0,0.4,walk_queue_ablation
950,19.0,0.0,0.4000000059604645,0.3572568893432617,0.13036911189556122,0.11718958616256714,-0.26777905225753784,0,2000,v2a_u08,0,0,42,0.0,0.4,walk_queue_ablation
951,19.02,0.0,0.4000000059604645,0.3596898317337036,0.13666069507598877,0.10784272849559784,-0.3397328555583954,0,2000,v2a_u08,0,0,42,0.0,0.4,walk_queue_ablation
952,19.04,0.0,0.4000000059604645,0.36219048500061035,0.13965995609760284,0.09696953743696213,-0.3513525724411011,0,2000,v2a_u08,0,0,42,0.0,0.4,walk_queue_ablation
953,19.06,0.0,0.4000000059604645,0.36410367488861084,0.13675382733345032,0.08477582037448883,-0.29974237084388733,0,2000,v2a_u08,0,0,42,0.0,0.4,walk_queue_ablation
954,19.080000000000002,0.0,0.4000000059604645,0.3650987148284912,0.1319054812192917,0.06908970326185226,-0.21814993023872375,0,2000,v2a_u08,0,0,42,0.0,0.4,walk_queue_ablation
955,19.1,0.0,0.4000000059604645,0.3653069734573364,0.1246974766254425,0.04949887469410896,-0.14368364214897156,0,2000,v2a_u08,0,0,42,0.0,0.4,walk_queue_ablation
956,19.12,0.0,0.4000000059604645,0.36513519287109375,0.1134679764509201,0.028006041422486305,-0.08866854757070541,0,2000,v2a_u08,0,0,42,0.0,0.4,walk_queue_ablation
957,19.14,0.0,0.4000000059604645,0.3643472194671631,0.09914978593587875,0.011252051219344139,-0.03858787566423416,0,2000,v2a_u08,0,0,42,0.0,0.4,walk_queue_ablation
958,19.16,0.0,0.4000000059604645,0.3631058931350708,0.0778636634349823,-0.0010362702887505293,-0.027873985469341278,0,2000,v2a_u08,0,0,42,0.0,0.4,walk_queue_ablation
959,19.18,0.0,0.4000000059604645,0.3617364168167114,0.054608944803476334,-0.006074320059269667,-0.06051231548190117,0,2000,v2a_u08,0,0,42,0.0,0.4,walk_queue_ablation
960,19.2,0.0,0.4000000059604645,0.3609457015991211,0.03128868341445923,0.029540827497839928,0.1292920708656311,0,2000,v2a_u08,0,0,42,0.0,0.4,walk_queue_ablation
961,19.22,0.0,0.4000000059604645,0.35616183280944824,0.023754211142659187,0.05089147761464119,0.31087619066238403,0,2000,v2a_u08,0,0,42,0.0,0.4,walk_queue_ablation
962,19.240000000000002,0.0,0.4000000059604645,0.35073256492614746,0.028644777834415436,0.06718222051858902,0.2546803653240204,0,2000,v2a_u08,0,0,42,0.0,0.4,walk_queue_ablation
963,19.26,0.0,0.4000000059604645,0.34648919105529785,0.04187723994255066,0.0842725858092308,0.14794889092445374,0,2000,v2a_u08,0,0,42,0.0,0.4,walk_queue_ablation
964,19.28,0.0,0.4000000059604645,0.3438260555267334,0.0639757588505745,0.10296356678009033,0.031861454248428345,0,2000,v2a_u08,0,0,42,0.0,0.4,walk_queue_ablation
965,19.3,0.0,0.4000000059604645,0.3426626920700073,0.09087460488080978,0.12171731889247894,-0.061074938625097275,0,2000,v2a_u08,0,0,42,0.0,0.4,walk_queue_ablation
966,19.32,0.0,0.4000000059604645,0.3423415422439575,0.12375225871801376,0.14175762236118317,-0.08289002627134323,0,2000,v2a_u08,0,0,42,0.0,0.4,walk_queue_ablation
967,19.34,0.0,0.4000000059604645,0.3427567481994629,0.1540481150150299,0.16143637895584106,-0.1249425858259201,0,2000,v2a_u08,0,0,42,0.0,0.4,walk_queue_ablation
968,19.36,0.0,0.4000000059604645,0.3439629077911377,0.18254776298999786,0.17844457924365997,-0.13883894681930542,0,2000,v2a_u08,0,0,42,0.0,0.4,walk_queue_ablation
969,19.38,0.0,0.4000000059604645,0.3452165126800537,0.20402812957763672,0.1968218982219696,-0.07839694619178772,0,2000,v2a_u08,0,0,42,0.0,0.4,walk_queue_ablation
970,19.400000000000002,0.0,0.4000000059604645,0.3459279537200928,0.22486352920532227,0.21659696102142334,0.007681468967348337,0,2000,v2a_u08,0,0,42,0.0,0.4,walk_queue_ablation
971,19.42,0.0,0.4000000059604645,0.34603893756866455,0.24684597551822662,0.2401285022497177,0.07707424461841583,0,2000,v2a_u08,0,0,42,0.0,0.4,walk_queue_ablation
972,19.44,0.0,0.4000000059604645,0.3458038568496704,0.2701379358768463,0.2674109637737274,0.12760022282600403,0,2000,v2a_u08,0,0,42,0.0,0.4,walk_queue_ablation
973,19.46,0.0,0.4000000059604645,0.34524857997894287,0.292352557182312,0.3000991642475128,0.17521759867668152,0,2000,v2a_u08,0,0,42,0.0,0.4,walk_queue_ablation
974,19.48,0.0,0.4000000059604645,0.3443533182144165,0.31404146552085876,0.3372173011302948,0.22845470905303955,0,2000,v2a_u08,0,0,42,0.0,0.4,walk_queue_ablation
975,19.5,0.0,0.4000000059604645,0.34328627586364746,0.33647817373275757,0.37625300884246826,0.25306805968284607,0,2000,v2a_u08,0,0,42,0.0,0.4,walk_queue_ablation
976,19.52,0.0,0.4000000059604645,0.3423250913619995,0.3556089699268341,0.4195902347564697,0.24324142932891846,0,2000,v2a_u08,0,0,42,0.0,0.4,walk_queue_ablation
977,19.54,0.0,0.4000000059604645,0.34118151664733887,0.3694011867046356,0.4715099632740021,0.2475229799747467,0,2000,v2a_u08,0,0,42,0.0,0.4,walk_queue_ablation
978,19.56,0.0,0.4000000059604645,0.33974015712738037,0.3825712203979492,0.5274917483329773,0.2724263072013855,0,2000,v2a_u08,0,0,42,0.0,0.4,walk_queue_ablation
979,19.580000000000002,0.0,0.4000000059604645,0.3387502431869507,0.38946443796157837,0.5704936981201172,0.182363361120224,0,2000,v2a_u08,0,0,42,0.0,0.4,walk_queue_ablation
980,19.6,0.0,0.4000000059604645,0.3366347551345825,0.321058064699173,0.5130102038383484,0.4023827612400055,0,2000,v2a_u08,0,0,42,0.0,0.4,walk_queue_ablation
981,19.62,0.0,0.4000000059604645,0.33597326278686523,0.29164159297943115,0.4393984377384186,0.06377597153186798,0,2000,v2a_u08,0,0,42,0.0,0.4,walk_queue_ablation
982,19.64,0.0,0.4000000059604645,0.3372732400894165,0.2566632628440857,0.378716379404068,0.0002621849998831749,0,2000,v2a_u08,0,0,42,0.0,0.4,walk_queue_ablation
983,19.66,0.0,0.4000000059604645,0.33827006816864014,0.23496297001838684,0.33471575379371643,0.08955618739128113,0,2000,v2a_u08,0,0,42,0.0,0.4,walk_queue_ablation
984,19.68,0.0,0.4000000059604645,0.3382786512374878,0.21279653906822205,0.29533204436302185,0.23814675211906433,0,2000,v2a_u08,0,0,42,0.0,0.4,walk_queue_ablation
985,19.7,0.0,0.4000000059604645,0.336993932723999,0.1962754875421524,0.2597087621688843,0.336166113615036,0,2000,v2a_u08,0,0,42,0.0,0.4,walk_queue_ablation
986,19.72,0.0,0.4000000059604645,0.336001992225647,0.1756114810705185,0.22710946202278137,0.2624194025993347,0,2000,v2a_u08,0,0,42,0.0,0.4,walk_queue_ablation
987,19.740000000000002,0.0,0.4000000059604645,0.3351353406906128,0.1557469218969345,0.1973087638616562,0.26175907254219055,0,2000,v2a_u08,0,0,42,0.0,0.4,walk_queue_ablation
988,19.76,0.0,0.4000000059604645,0.33438432216644287,0.13476373255252838,0.16903166472911835,0.2211073637008667,0,2000,v2a_u08,0,0,42,0.0,0.4,walk_queue_ablation
989,19.78,0.0,0.4000000059604645,0.3338676691055298,0.12875594198703766,0.14763835072517395,0.10812221467494965,0,2000,v2a_u08,0,0,42,0.0,0.4,walk_queue_ablation
990,19.8,0.0,0.4000000059604645,0.3345898389816284,0.1269264817237854,0.13229043781757355,-0.06680501997470856,0,2000,v2a_u08,0,0,42,0.0,0.4,walk_queue_ablation
991,19.82,0.0,0.4000000059604645,0.33581721782684326,0.12751656770706177,0.12208443135023117,-0.13408280909061432,0,2000,v2a_u08,0,0,42,0.0,0.4,walk_queue_ablation
992,19.84,0.0,0.4000000059604645,0.3374377489089966,0.1314992904663086,0.11269836872816086,-0.2143811583518982,0,2000,v2a_u08,0,0,42,0.0,0.4,walk_queue_ablation
993,19.86,0.0,0.4000000059604645,0.33960819244384766,0.13817383348941803,0.10302141308784485,-0.3045257031917572,0,2000,v2a_u08,0,0,42,0.0,0.4,walk_queue_ablation
994,19.88,0.0,0.4000000059604645,0.341998815536499,0.14532706141471863,0.09222248196601868,-0.336497962474823,0,2000,v2a_u08,0,0,42,0.0,0.4,walk_queue_ablation
995,19.900000000000002,0.0,0.4000000059604645,0.34406280517578125,0.14657062292099,0.07933245599269867,-0.31267616152763367,0,2000,v2a_u08,0,0,42,0.0,0.4,walk_queue_ablation
996,19.92,0.0,0.4000000059604645,0.34530317783355713,0.14534197747707367,0.06391377002000809,-0.23688897490501404,0,2000,v2a_u08,0,0,42,0.0,0.4,walk_queue_ablation
997,19.94,0.0,0.4000000059604645,0.3455169200897217,0.14257922768592834,0.04483301565051079,-0.1469760239124298,0,2000,v2a_u08,0,0,42,0.0,0.4,walk_queue_ablation
998,19.96,0.0,0.4000000059604645,0.34534263610839844,0.13579319417476654,0.022146150469779968,-0.095687635242939,0,2000,v2a_u08,0,0,42,0.0,0.4,walk_queue_ablation
999,19.98,0.0,0.4000000059604645,0.8858433961868286,0.12564827501773834,0.0014991812640801072,-0.04243010655045509,0,2000,v2a_u08,0,0,42,0.0,0.4,walk_queue_ablation
1000,20.0,0.0,0.4000000059604645,0.8846698999404907,0.11050570756196976,-0.014993861317634583,-0.0052781254053115845,0,2000,v2a_u08,0,0,42,0.0,0.4,walk_queue_ablation
1001,20.02,0.0,0.4000000059604645,0.8830498456954956,0.08941703289747238,-0.02569820173084736,-0.0017340057529509068,0,2000,v2a_u08,0,0,42,0.0,0.4,walk_queue_ablation
1002,20.04,0.0,0.4000000059604645,0.8820019960403442,0.0558369904756546,-0.003245492000132799,-0.272238552570343,0,2000,v2a_u08,0,0,42,0.0,0.4,walk_queue_ablation
1003,20.06,0.0,0.4000000059604645,0.8791648149490356,0.05037432909011841,0.021481290459632874,0.28345951437950134,0,2000,v2a_u08,0,0,42,0.0,0.4,walk_queue_ablation
1004,20.080000000000002,0.0,0.4000000059604645,0.8728820085525513,0.04792342707514763,0.04040715843439102,0.4131926894187927,0,2000,v2a_u08,0,0,42,0.0,0.4,walk_queue_ablation
1005,20.1,0.0,0.4000000059604645,0.8663121461868286,0.054910849779844284,0.05865666642785072,0.3831695318222046,0,2000,v2a_u08,0,0,42,0.0,0.4,walk_queue_ablation
1006,20.12,0.0,0.4000000059604645,0.8608275651931763,0.07071565836668015,0.07766041159629822,0.28179728984832764,0,2000,v2a_u08,0,0,42,0.0,0.4,walk_queue_ablation
1007,20.14,0.0,0.4000000059604645,0.8574897050857544,0.0911443829536438,0.09544220566749573,0.09032377600669861,0,2000,v2a_u08,0,0,42,0.0,0.4,walk_queue_ablation
1008,20.16,0.0,0.4000000059604645,0.8556135892868042,0.11586155742406845,0.11530572175979614,0.0309589970856905,0,2000,v2a_u08,0,0,42,0.0,0.4,walk_queue_ablation
1009,20.18,0.0,0.4000000059604645,0.8549867868423462,0.14332760870456696,0.13412313163280487,-0.06293992698192596,0,2000,v2a_u08,0,0,42,0.0,0.4,walk_queue_ablation
1010,20.2,0.0,0.4000000059604645,0.8555277585983276,0.17004311084747314,0.15114322304725647,-0.11575537174940109,0,2000,v2a_u08,0,0,42,0.0,0.4,walk_queue_ablation
1011,20.22,0.0,0.4000000059604645,0.8566027879714966,0.1924966424703598,0.1694166362285614,-0.09749385714530945,0,2000,v2a_u08,0,0,42,0.0,0.4,walk_queue_ablation
1012,20.240000000000002,0.0,0.4000000059604645,0.857422947883606,0.21237300336360931,0.18876534700393677,-0.009253297932446003,0,2000,v2a_u08,0,0,42,0.0,0.4,walk_queue_ablation
1013,20.26,0.0,0.4000000059604645,0.8575135469436646,0.2306656539440155,0.21046902239322662,0.07722115516662598,0,2000,v2a_u08,0,0,42,0.0,0.4,walk_queue_ablation
1014,20.28,0.0,0.4000000059604645,0.8571392297744751,0.24891501665115356,0.2348562628030777,0.13515254855155945,0,2000,v2a_u08,0,0,42,0.0,0.4,walk_queue_ablation
1015,20.3,0.0,0.4000000059604645,0.8564034700393677,0.26730820536613464,0.2631591856479645,0.19406312704086304,0,2000,v2a_u08,0,0,42,0.0,0.4,walk_queue_ablation
1016,20.32,0.0,0.4000000059604645,0.8551744222640991,0.28528347611427307,0.2966081202030182,0.26768144965171814,0,2000,v2a_u08,0,0,42,0.0,0.4,walk_queue_ablation
1017,20.34,0.0,0.4000000059604645,0.8533552885055542,0.3055599331855774,0.3328770697116852,0.3461571931838989,0,2000,v2a_u08,0,0,42,0.0,0.4,walk_queue_ablation
1018,20.36,0.0,0.4000000059604645,0.8509122133255005,0.3277457356452942,0.3720132112503052,0.4227011799812317,0,2000,v2a_u08,0,0,42,0.0,0.4,walk_queue_ablation
1019,20.38,0.0,0.4000000059604645,0.8478256464004517,0.34521615505218506,0.41758304834365845,0.46763861179351807,0,2000,v2a_u08,0,0,42,0.0,0.4,walk_queue_ablation
1020,20.400000000000002,0.0,0.4000000059604645,0.8441883325576782,0.35884374380111694,0.46930354833602905,0.4899049997329712,0,2000,v2a_u08,0,0,42,0.0,0.4,walk_queue_ablation
1021,20.42,0.0,0.4000000059604645,0.8406296968460083,0.37051481008529663,0.522289514541626,0.4184647500514984,0,2000,v2a_u08,0,0,42,0.0,0.4,walk_queue_ablation
1022,20.44,0.0,0.4000000059604645,0.8391789197921753,0.3741777539253235,0.5629256367683411,0.11211296916007996,0,2000,v2a_u08,0,0,42,0.0,0.4,walk_queue_ablation
1023,20.46,0.0,0.4000000059604645,0.8379493951797485,0.3083096146583557,0.4911525845527649,0.1977207064628601,0,2000,v2a_u08,0,0,42,0.0,0.4,walk_queue_ablation
1024,20.48,0.0,0.4000000059604645,0.837131142616272,0.27205708622932434,0.4183829724788666,0.1810523271560669,0,2000,v2a_u08,0,0,42,0.0,0.4,walk_queue_ablation
1025,20.5,0.0,0.4000000059604645,0.8367553949356079,0.2455233484506607,0.35614991188049316,0.184767484664917,0,2000,v2a_u08,0,0,42,0.0,0.4,walk_queue_ablation
1026,20.52,0.0,0.4000000059604645,0.8358763456344604,0.22448204457759857,0.3095913827419281,0.29921287298202515,0,2000,v2a_u08,0,0,42,0.0,0.4,walk_queue_ablation
1027,20.54,0.0,0.4000000059604645,0.8336499929428101,0.2040758728981018,0.2722824513912201,0.4668850898742676,0,2000,v2a_u08,0,0,42,0.0,0.4,walk_queue_ablation
1028,20.56,0.0,0.4000000059604645,0.8304003477096558,0.18756169080734253,0.23766252398490906,0.5181716680526733,0,2000,v2a_u08,0,0,42,0.0,0.4,walk_queue_ablation
1029,20.580000000000002,0.0,0.4000000059604645,0.8276814222335815,0.16479429602622986,0.20714960992336273,0.4200485050678253,0,2000,v2a_u08,0,0,42,0.0,0.4,walk_queue_ablation
1030,20.6,0.0,0.4000000059604645,0.8251718282699585,0.1499079167842865,0.1813751459121704,0.3941071033477783,0,2000,v2a_u08,0,0,42,0.0,0.4,walk_queue_ablation
1031,20.62,0.0,0.4000000059604645,0.8230098485946655,0.13245727121829987,0.15631094574928284,0.3308255970478058,0,2000,v2a_u08,0,0,42,0.0,0.4,walk_queue_ablation
1032,20.64,0.0,0.4000000059604645,0.8211551904678345,0.12744179368019104,0.13646863400936127,0.22263768315315247,0,2000,v2a_u08,0,0,42,0.0,0.4,walk_queue_ablation
1033,20.66,0.0,0.4000000059604645,0.8206137418746948,0.1251988559961319,0.1236221045255661,0.023291412740945816,0,2000,v2a_u08,0,0,42,0.0,0.4,walk_queue_ablation
1034,20.68,0.0,0.4000000059604645,0.8210731744766235,0.12478148937225342,0.11404022574424744,-0.09164769947528839,0,2000,v2a_u08,0,0,42,0.0,0.4,walk_queue_ablation
1035,20.7,0.0,0.4000000059604645,0.8221012353897095,0.1270737498998642,0.10543496906757355,-0.17521090805530548,0,2000,v2a_u08,0,0,42,0.0,0.4,walk_queue_ablation
1036,20.72,0.0,0.4000000059604645,0.8234578371047974,0.13064859807491302,0.09638924151659012,-0.2345442771911621,0,2000,v2a_u08,0,0,42,0.0,0.4,walk_queue_ablation
1037,20.740000000000002,0.0,0.4000000059604645,0.8246198892593384,0.13137318193912506,0.08528148382902145,-0.20994478464126587,0,2000,v2a_u08,0,0,42,0.0,0.4,walk_queue_ablation
1038,20.76,0.0,0.4000000059604645,0.8247629404067993,0.12713296711444855,0.07254007458686829,-0.11101958155632019,0,2000,v2a_u08,0,0,42,0.0,0.4,walk_queue_ablation
1039,20.78,0.0,0.4000000059604645,0.8234964609146118,0.12136738747358322,0.05615731328725815,0.02041015401482582,0,2000,v2a_u08,0,0,42,0.0,0.4,walk_queue_ablation
1040,20.8,0.0,0.4000000059604645,0.8213211297988892,0.11062951385974884,0.03545772656798363,0.11075460910797119,0,2000,v2a_u08,0,0,42,0.0,0.4,walk_queue_ablation
1041,20.82,0.0,0.4000000059604645,0.8184884786605835,0.0973416194319725,0.015083924867212772,0.17527273297309875,0,2000,v2a_u08,0,0,42,0.0,0.4,walk_queue_ablation
1042,20.84,0.0,0.4000000059604645,0.8154221773147583,0.08118198812007904,-0.0010585231939330697,0.14398398995399475,0,2000,v2a_u08,0,0,42,0.0,0.4,walk_queue_ablation
1043,20.86,0.0,0.4000000059604645,0.8133605718612671,0.060334015637636185,-0.011716959998011589,-0.041431985795497894,0,2000,v2a_u08,0,0,42,0.0,0.4,walk_queue_ablation
1044,20.88,0.0,0.4000000059604645,0.8137420415878296,0.03457335755228996,-0.017194505780935287,-0.3675175607204437,0,2000,v2a_u08,0,0,42,0.0,0.4,walk_queue_ablation
1045,20.900000000000002,0.0,0.4000000059604645,0.8146353960037231,0.017914647236466408,0.020292801782488823,0.08291164040565491,0,2000,v2a_u08,0,0,42,0.0,0.4,walk_queue_ablation
1046,20.92,0.0,0.4000000059604645,0.8088573217391968,0.0141126224771142,0.04094650596380234,0.49181118607521057,0,2000,v2a_u08,0,0,42,0.0,0.4,walk_queue_ablation
1047,20.94,0.0,0.4000000059604645,0.8011592626571655,0.018748991191387177,0.0564715601503849,0.5259414911270142,0,2000,v2a_u08,0,0,42,0.0,0.4,walk_queue_ablation
1048,20.96,0.0,0.4000000059604645,0.7938708066940308,0.03265739232301712,0.07364127039909363,0.4832153916358948,0,2000,v2a_u08,0,0,42,0.0,0.4,walk_queue_ablation
1049,20.98,0.0,0.4000000059604645,0.7881571054458618,0.05648966133594513,0.09064745903015137,0.3343719244003296,0,2000,v2a_u08,0,0,42,0.0,0.4,walk_queue_ablation
1050,21.0,0.0,0.4000000059604645,0.78429114818573,0.08520513772964478,0.10873890668153763,0.19309426844120026,0,2000,v2a_u08,0,0,42,0.0,0.4,walk_queue_ablation
1051,21.02,0.0,0.4000000059604645,0.7819763422012329,0.1174698919057846,0.12830790877342224,0.08380241692066193,0,2000,v2a_u08,0,0,42,0.0,0.4,walk_queue_ablation
1052,21.04,0.0,0.4000000059604645,0.7813228368759155,0.15001830458641052,0.14630457758903503,-0.031716275960206985,0,2000,v2a_u08,0,0,42,0.0,0.4,walk_queue_ablation
1053,21.06,0.0,0.4000000059604645,0.7818576097488403,0.1815194934606552,0.16311120986938477,-0.06631743907928467,0,2000,v2a_u08,0,0,42,0.0,0.4,walk_queue_ablation
1054,21.080000000000002,0.0,0.4000000059604645,0.7824820280075073,0.20585897564888,0.1829891949892044,-0.00858313962817192,0,2000,v2a_u08,0,0,42,0.0,0.4,walk_queue_ablation
1055,21.1,0.0,0.4000000059604645,0.7825902700424194,0.22746822237968445,0.20536918938159943,0.058556392788887024,0,2000,v2a_u08,0,0,42,0.0,0.4,walk_queue_ablation
1056,21.12,0.0,0.4000000059604645,0.7822295427322388,0.24965889751911163,0.22985756397247314,0.11983862519264221,0,2000,v2a_u08,0,0,42,0.0,0.4,walk_queue_ablation
1057,21.14,0.0,0.4000000059604645,0.7815629243850708,0.2729504108428955,0.25661367177963257,0.17151811718940735,0,2000,v2a_u08,0,0,42,0.0,0.4,walk_queue_ablation
1058,21.16,0.0,0.4000000059604645,0.7804981470108032,0.2953875660896301,0.2881018817424774,0.23301541805267334,0,2000,v2a_u08,0,0,42,0.0,0.4,walk_queue_ablation
1059,21.18,0.0,0.4000000059604645,0.7788258790969849,0.31919458508491516,0.3236767649650574,0.3181014657020569,0,2000,v2a_u08,0,0,42,0.0,0.4,walk_queue_ablation
1060,21.2,0.0,0.4000000059604645,0.776530385017395,0.34558674693107605,0.36067378520965576,0.395501971244812,0,2000,v2a_u08,0,0,42,0.0,0.4,walk_queue_ablation
1061,21.22,0.0,0.4000000059604645,0.7738395929336548,0.36910685896873474,0.4020364582538605,0.42806124687194824,0,2000,v2a_u08,0,0,42,0.0,0.4,walk_queue_ablation
1062,21.240000000000002,0.0,0.4000000059604645,0.7706681489944458,0.3871462941169739,0.4518125653266907,0.44744881987571716,0,2000,v2a_u08,0,0,42,0.0,0.4,walk_queue_ablation
1063,21.26,0.0,0.4000000059604645,0.767290472984314,0.4024713635444641,0.5047719478607178,0.42818543314933777,0,2000,v2a_u08,0,0,42,0.0,0.4,walk_queue_ablation
1064,21.28,0.0,0.4000000059604645,0.7651270627975464,0.4107540547847748,0.5499765872955322,0.21402078866958618,0,2000,v2a_u08,0,0,42,0.0,0.4,walk_queue_ablation
1065,21.3,0.0,0.4000000059604645,0.7633410692214966,0.34270885586738586,0.4931953549385071,0.2607690691947937,0,2000,v2a_u08,0,0,42,0.0,0.4,walk_queue_ablation
1066,21.32,0.0,0.4000000059604645,0.7624431848526001,0.30649396777153015,0.4237539768218994,0.15315936505794525,0,2000,v2a_u08,0,0,42,0.0,0.4,walk_queue_ablation
1067,21.34,0.0,0.4000000059604645,0.7626854181289673,0.2721657454967499,0.362441748380661,0.09593511372804642,0,2000,v2a_u08,0,0,42,0.0,0.4,walk_queue_ablation
1068,21.36,0.0,0.4000000059604645,0.7628656625747681,0.24495108425617218,0.31477680802345276,0.19135530292987823,0,2000,v2a_u08,0,0,42,0.0,0.4,walk_queue_ablation
1069,21.38,0.0,0.4000000059604645,0.7615729570388794,0.2254267930984497,0.2771311104297638,0.3689292371273041,0,2000,v2a_u08,0,0,42,0.0,0.4,walk_queue_ablation
1070,21.400000000000002,0.0,0.4000000059604645,0.7591630220413208,0.2094750851392746,0.24244578182697296,0.4528871178627014,0,2000,v2a_u08,0,0,42,0.0,0.4,walk_queue_ablation
1071,21.42,0.0,0.4000000059604645,0.7570348978042603,0.1869162768125534,0.21159258484840393,0.38006699085235596,0,2000,v2a_u08,0,0,42,0.0,0.4,walk_queue_ablation
1072,21.44,0.0,0.4000000059604645,0.7549821138381958,0.1688155084848404,0.18436217308044434,0.38049155473709106,0,2000,v2a_u08,0,0,42,0.0,0.4,walk_queue_ablation
1073,21.46,0.0,0.4000000059604645,0.7531207799911499,0.14767615497112274,0.15671932697296143,0.33567896485328674,0,2000,v2a_u08,0,0,42,0.0,0.4,walk_queue_ablation
1074,21.48,0.0,0.4000000059604645,0.7514086961746216,0.13992850482463837,0.13495036959648132,0.23701077699661255,0,2000,v2a_u08,0,0,42,0.0,0.4,walk_queue_ablation
1075,21.5,0.0,0.4000000059604645,0.7507625818252563,0.1357121467590332,0.12068523466587067,0.06576558947563171,0,2000,v2a_u08,0,0,42,0.0,0.4,walk_queue_ablation
1076,21.52,0.0,0.4000000059604645,0.7508670091629028,0.1355096846818924,0.1100255474448204,-0.03262500464916229,0,2000,v2a_u08,0,0,42,0.0,0.4,walk_queue_ablation
1077,21.54,0.0,0.4000000059604645,0.7513788938522339,0.13758671283721924,0.10135103762149811,-0.10598722845315933,0,2000,v2a_u08,0,0,42,0.0,0.4,walk_queue_ablation
1078,21.56,0.0,0.4000000059604645,0.7523163557052612,0.14302575588226318,0.09268252551555634,-0.188321053981781,0,2000,v2a_u08,0,0,42,0.0,0.4,walk_queue_ablation
1079,21.580000000000002,0.0,0.4000000059604645,0.7533828020095825,0.14873409271240234,0.08170975744724274,-0.20304131507873535,0,2000,v2a_u08,0,0,42,0.0,0.4,walk_queue_ablation
1080,21.6,0.0,0.4000000059604645,0.7537561655044556,0.14923274517059326,0.06902425736188889,-0.13406546413898468,0,2000,v2a_u08,0,0,42,0.0,0.4,walk_queue_ablation
1081,21.62,0.0,0.4000000059604645,0.7529479265213013,0.14799471199512482,0.05343151092529297,-0.02849554643034935,0,2000,v2a_u08,0,0,42,0.0,0.4,walk_queue_ablation
1082,21.64,0.0,0.4000000059604645,0.7510114908218384,0.1438874751329422,0.03330067917704582,0.07701346278190613,0,2000,v2a_u08,0,0,42,0.0,0.4,walk_queue_ablation
1083,21.66,0.0,0.4000000059604645,0.7484766244888306,0.13490726053714752,0.010656706057488918,0.15059202909469604,0,2000,v2a_u08,0,0,42,0.0,0.4,walk_queue_ablation
1084,21.68,0.0,0.4000000059604645,0.7453290224075317,0.12415241450071335,-0.00910267885774374,0.18718644976615906,0,2000,v2a_u08,0,0,42,0.0,0.4,walk_queue_ablation
1085,21.7,0.0,0.4000000059604645,0.7423502206802368,0.10763619840145111,-0.02516975812613964,0.10979647934436798,0,2000,v2a_u08,0,0,42,0.0,0.4,walk_queue_ablation
1086,21.72,0.0,0.4000000059604645,0.7405887842178345,0.086980439722538,-0.03380998596549034,-0.09735018759965897,0,2000,v2a_u08,0,0,42,0.0,0.4,walk_queue_ablation
1087,21.740000000000002,0.0,0.4000000059604645,0.7409893274307251,0.052619922906160355,-0.007023208774626255,-0.2516518533229828,0,2000,v2a_u08,0,0,42,0.0,0.4,walk_queue_ablation
1088,21.76,0.0,0.4000000059604645,0.7368234395980835,0.04722193628549576,0.0201406367123127,0.4273131489753723,0,2000,v2a_u08,0,0,42,0.0,0.4,walk_queue_ablation
1089,21.78,0.0,0.4000000059604645,0.7292479276657104,0.04628922417759895,0.03793010488152504,0.5339587926864624,0,2000,v2a_u08,0,0,42,0.0,0.4,walk_queue_ablation
1090,21.8,0.0,0.4000000059604645,0.7215431928634644,0.053584884852170944,0.05631130933761597,0.5064722299575806,0,2000,v2a_u08,0,0,42,0.0,0.4,walk_queue_ablation
1091,21.82,0.0,0.4000000059604645,0.715032696723938,0.0692494660615921,0.07676305621862411,0.3864998519420624,0,2000,v2a_u08,0,0,42,0.0,0.4,walk_queue_ablation
1092,21.84,0.0,0.4000000059604645,0.7108763456344604,0.09063183516263962,0.09588523954153061,0.17199645936489105,0,2000,v2a_u08,0,0,42,0.0,0.4,walk_queue_ablation
1093,21.86,0.0,0.4000000059604645,0.708405613899231,0.11832138150930405,0.11752109229564667,0.08441575616598129,0,2000,v2a_u08,0,0,42,0.0,0.4,walk_queue_ablation
1094,21.88,0.0,0.4000000059604645,0.7075845003128052,0.14963674545288086,0.13748571276664734,-0.05147423595190048,0,2000,v2a_u08,0,0,42,0.0,0.4,walk_queue_ablation
1095,21.900000000000002,0.0,0.4000000059604645,0.7082756757736206,0.17989833652973175,0.15487612783908844,-0.12195707857608795,0,2000,v2a_u08,0,0,42,0.0,0.4,walk_queue_ablation
1096,21.92,0.0,0.4000000059604645,0.7094393968582153,0.20240113139152527,0.17506878077983856,-0.09311793744564056,0,2000,v2a_u08,0,0,42,0.0,0.4,walk_queue_ablation
1097,21.94,0.0,0.4000000059604645,0.710349440574646,0.2228076457977295,0.1958928406238556,-0.023060837760567665,0,2000,v2a_u08,0,0,42,0.0,0.4,walk_queue_ablation
1098,21.96,0.0,0.4000000059604645,0.7106810808181763,0.24170593917369843,0.21945492923259735,0.04695158451795578,0,2000,v2a_u08,0,0,42,0.0,0.4,walk_queue_ablation
1099,21.98,0.0,0.4000000059604645,0.7106577157974243,0.26101812720298767,0.245073601603508,0.10042683780193329,0,2000,v2a_u08,0,0,42,0.0,0.4,walk_queue_ablation
1100,22.0,0.0,0.4000000059604645,0.7103091478347778,0.2810788154602051,0.2741610109806061,0.15644945204257965,0,2000,v2a_u08,0,0,42,0.0,0.4,walk_queue_ablation
1101,22.02,0.0,0.4000000059604645,0.709417462348938,0.30116939544677734,0.3088817000389099,0.2398441880941391,0,2000,v2a_u08,0,0,42,0.0,0.4,walk_queue_ablation
1102,22.04,0.0,0.4000000059604645,0.7078953981399536,0.32327207922935486,0.34608855843544006,0.31816715002059937,0,2000,v2a_u08,0,0,42,0.0,0.4,walk_queue_ablation
1103,22.06,0.0,0.4000000059604645,0.7058254480361938,0.3464072346687317,0.38606348633766174,0.3814064562320709,0,2000,v2a_u08,0,0,42,0.0,0.4,walk_queue_ablation
1104,22.080000000000002,0.0,0.4000000059604645,0.7032409906387329,0.3641662299633026,0.4330887794494629,0.41165611147880554,0,2000,v2a_u08,0,0,42,0.0,0.4,walk_queue_ablation
1105,22.1,0.0,0.4000000059604645,0.7001181840896606,0.3788781464099884,0.4864371120929718,0.43393516540527344,0,2000,v2a_u08,0,0,42,0.0,0.4,walk_queue_ablation
1106,22.12,0.0,0.4000000059604645,0.6971889734268188,0.39062097668647766,0.5399327278137207,0.3668576180934906,0,2000,v2a_u08,0,0,42,0.0,0.4,walk_queue_ablation
1107,22.14,0.0,0.4000000059604645,0.696287989616394,0.39357608556747437,0.5756629705429077,0.08158770203590393,0,2000,v2a_u08,0,0,42,0.0,0.4,walk_queue_ablation
1108,22.16,0.0,0.4000000059604645,0.6942938566207886,0.31491681933403015,0.4688265323638916,0.10963214933872223,0,2000,v2a_u08,0,0,42,0.0,0.4,walk_queue_ablation
1109,22.18,0.0,0.4000000059604645,0.6945632696151733,0.2778349220752716,0.40075966715812683,0.08982401341199875,0,2000,v2a_u08,0,0,42,0.0,0.4,walk_queue_ablation
1110,22.2,0.0,0.4000000059604645,0.6949039697647095,0.2528456151485443,0.34880030155181885,0.13933104276657104,0,2000,v2a_u08,0,0,42,0.0,0.4,walk_queue_ablation
1111,22.22,0.0,0.4000000059604645,0.6941932439804077,0.23234902322292328,0.3094952404499054,0.2848157286643982,0,2000,v2a_u08,0,0,42,0.0,0.4,walk_queue_ablation
1112,22.240000000000002,0.0,0.4000000059604645,0.6922372579574585,0.20951160788536072,0.27431973814964294,0.4272427558898926,0,2000,v2a_u08,0,0,42,0.0,0.4,walk_queue_ablation
1113,22.26,0.0,0.4000000059604645,0.6894761323928833,0.19213247299194336,0.24081134796142578,0.4576241970062256,0,2000,v2a_u08,0,0,42,0.0,0.4,walk_queue_ablation
1114,22.28,0.0,0.4000000059604645,0.6872583627700806,0.16884838044643402,0.21082869172096252,0.3664357662200928,0,2000,v2a_u08,0,0,42,0.0,0.4,walk_queue_ablation
1115,22.3,0.0,0.4000000059604645,0.6852372884750366,0.1528780460357666,0.1841598004102707,0.3453289866447449,0,2000,v2a_u08,0,0,42,0.0,0.4,walk_queue_ablation
1116,22.32,0.0,0.4000000059604645,0.6835192441940308,0.13457821309566498,0.15834112465381622,0.2870814800262451,0,2000,v2a_u08,0,0,42,0.0,0.4,walk_queue_ablation
1117,22.34,0.0,0.4000000059604645,0.682024359703064,0.1298479586839676,0.13958778977394104,0.1803363561630249,0,2000,v2a_u08,0,0,42,0.0,0.4,walk_queue_ablation
1118,22.36,0.0,0.4000000059604645,0.6817189455032349,0.12880964577198029,0.1269889622926712,0.001114021404646337,0,2000,v2a_u08,0,0,42,0.0,0.4,walk_queue_ablation
1119,22.38,0.0,0.4000000059604645,0.6822773218154907,0.1302907019853592,0.11767584830522537,-0.0977104976773262,0,2000,v2a_u08,0,0,42,0.0,0.4,walk_queue_ablation
1120,22.400000000000002,0.0,0.4000000059604645,0.6833509206771851,0.13464340567588806,0.1097153052687645,-0.1780347228050232,0,2000,v2a_u08,0,0,42,0.0,0.4,walk_queue_ablation
1121,22.42,0.0,0.4000000059604645,0.6847749948501587,0.14006681740283966,0.10155315697193146,-0.24210453033447266,0,2000,v2a_u08,0,0,42,0.0,0.4,walk_queue_ablation
1122,22.44,0.0,0.4000000059604645,0.6861079931259155,0.14213085174560547,0.09147531539201736,-0.23094436526298523,0,2000,v2a_u08,0,0,42,0.0,0.4,walk_queue_ablation
1123,22.46,0.0,0.4000000059604645,0.6865781545639038,0.1391681432723999,0.07980553805828094,-0.14867576956748962,0,2000,v2a_u08,0,0,42,0.0,0.4,walk_queue_ablation
1124,22.48,0.0,0.4000000059604645,0.6858242750167847,0.134722501039505,0.06450872868299484,-0.039434269070625305,0,2000,v2a_u08,0,0,42,0.0,0.4,walk_queue_ablation
1125,22.5,0.0,0.4000000059604645,0.6842786073684692,0.12637867033481598,0.04470904543995857,0.03947269916534424,0,2000,v2a_u08,0,0,42,0.0,0.4,walk_queue_ablation
1126,22.52,0.0,0.4000000059604645,0.6822181940078735,0.11475150287151337,0.024865472689270973,0.09865115582942963,0,2000,v2a_u08,0,0,42,0.0,0.4,walk_queue_ablation
1127,22.54,0.0,0.4000000059604645,0.6797782182693481,0.09974073618650436,0.008846939541399479,0.09907485544681549,0,2000,v2a_u08,0,0,42,0.0,0.4,walk_queue_ablation
1128,22.56,0.0,0.4000000059604645,0.6777769327163696,0.07922842353582382,-0.0018482152372598648,-0.009729846380650997,0,2000,v2a_u08,0,0,42,0.0,0.4,walk_queue_ablation
1129,22.580000000000002,0.0,0.4000000059604645,0.6773325204849243,0.05568021535873413,-0.006513738539069891,-0.24789413809776306,0,2000,v2a_u08,0,0,42,0.0,0.4,walk_queue_ablation
1130,22.6,0.0,0.4000000059604645,0.6780914068222046,0.03472021222114563,0.030353521928191185,0.03749861195683479,0,2000,v2a_u08,0,0,42,0.0,0.4,walk_queue_ablation
1131,22.62,0.0,0.4000000059604645,0.6731783151626587,0.027906615287065506,0.04991239309310913,0.39796626567840576,0,2000,v2a_u08,0,0,42,0.0,0.4,walk_queue_ablation
1132,22.64,0.0,0.4000000059604645,0.6664115190505981,0.03162682428956032,0.06525573879480362,0.4242289066314697,0,2000,v2a_u08,0,0,42,0.0,0.4,walk_queue_ablation
1133,22.66,0.0,0.4000000059604645,0.6601682901382446,0.04525045305490494,0.08160887658596039,0.3661782443523407,0,2000,v2a_u08,0,0,42,0.0,0.4,walk_queue_ablation
1134,22.68,0.0,0.4000000059604645,0.655549168586731,0.06760217994451523,0.09867342561483383,0.22526876628398895,0,2000,v2a_u08,0,0,42,0.0,0.4,walk_queue_ablation
1135,22.7,0.0,0.4000000059604645,0.6526106595993042,0.09527507424354553,0.11678049713373184,0.10792083293199539,0,2000,v2a_u08,0,0,42,0.0,0.4,walk_queue_ablation
1136,22.72,0.0,0.4000000059604645,0.6509379148483276,0.1269778460264206,0.13667389750480652,0.02808636985719204,0,2000,v2a_u08,0,0,42,0.0,0.4,walk_queue_ablation
1137,22.740000000000002,0.0,0.4000000059604645,0.6506549119949341,0.15870243310928345,0.15502960979938507,-0.06416799128055573,0,2000,v2a_u08,0,0,42,0.0,0.4,walk_queue_ablation
1138,22.76,0.0,0.4000000059604645,0.6514497995376587,0.1889631599187851,0.17144256830215454,-0.08729705959558487,0,2000,v2a_u08,0,0,42,0.0,0.4,walk_queue_ablation
1139,22.78,0.0,0.4000000059604645,0.6522358655929565,0.21217191219329834,0.19101980328559875,-0.020885279402136803,0,2000,v2a_u08,0,0,42,0.0,0.4,walk_queue_ablation
1140,22.8,0.0,0.4000000059604645,0.6524544954299927,0.23363755643367767,0.21261703968048096,0.05401129275560379,0,2000,v2a_u08,0,0,42,0.0,0.4,walk_queue_ablation
1141,22.82,0.0,0.4000000059604645,0.652161717414856,0.2554103136062622,0.2373664677143097,0.11603756248950958,0,2000,v2a_u08,0,0,42,0.0,0.4,walk_queue_ablation
1142,22.84,0.0,0.4000000059604645,0.6515799760818481,0.27868083119392395,0.26465049386024475,0.1638605147600174,0,2000,v2a_u08,0,0,42,0.0,0.4,walk_queue_ablation
1143,22.86,0.0,0.4000000059604645,0.6506334543228149,0.3010437488555908,0.2968331575393677,0.22158722579479218,0,2000,v2a_u08,0,0,42,0.0,0.4,walk_queue_ablation
1144,22.88,0.0,0.4000000059604645,0.6491445302963257,0.3240349590778351,0.33342739939689636,0.298627644777298,0,2000,v2a_u08,0,0,42,0.0,0.4,walk_queue_ablation
1145,22.900000000000002,0.0,0.4000000059604645,0.6471787691116333,0.34903427958488464,0.37150275707244873,0.3562997877597809,0,2000,v2a_u08,0,0,42,0.0,0.4,walk_queue_ablation
1146,22.92,0.0,0.4000000059604645,0.6449795961380005,0.3708660304546356,0.4140888750553131,0.3738718032836914,0,2000,v2a_u08,0,0,42,0.0,0.4,walk_queue_ablation
1147,22.94,0.0,0.4000000059604645,0.6423758268356323,0.387368768453598,0.46496084332466125,0.39025890827178955,0,2000,v2a_u08,0,0,42,0.0,0.4,walk_queue_ablation
1148,22.96,0.0,0.4000000059604645,0.6395167112350464,0.4021574556827545,0.5193355083465576,0.38858121633529663,0,2000,v2a_u08,0,0,42,0.0,0.4,walk_queue_ablation
1149,22.98,0.0,0.4000000059604645,0.6376503705978394,0.4097648859024048,0.5639796853065491,0.21188220381736755,0,2000,v2a_u08,0,0,42,0.0,0.4,walk_queue_ablation
1150,23.0,0.0,0.4000000059604645,0.6357661485671997,0.33962732553482056,0.5048116445541382,0.2670801281929016,0,2000,v2a_u08,0,0,42,0.0,0.4,walk_queue_ablation
1151,23.02,0.0,0.4000000059604645,0.6349841356277466,0.30513033270835876,0.4350690543651581,0.14129950106143951,0,2000,v2a_u08,0,0,42,0.0,0.4,walk_queue_ablation
1152,23.04,0.0,0.4000000059604645,0.6351085901260376,0.2719343602657318,0.37301602959632874,0.11331665515899658,0,2000,v2a_u08,0,0,42,0.0,0.4,walk_queue_ablation
1153,23.06,0.0,0.4000000059604645,0.6350389719009399,0.2474658191204071,0.32495012879371643,0.20245367288589478,0,2000,v2a_u08,0,0,42,0.0,0.4,walk_queue_ablation
1154,23.080000000000002,0.0,0.4000000059604645,0.6337686777114868,0.22595514357089996,0.2860341966152191,0.35817426443099976,0,2000,v2a_u08,0,0,42,0.0,0.4,walk_queue_ablation
1155,23.1,0.0,0.4000000059604645,0.6314257383346558,0.2090511918067932,0.2501816153526306,0.4327874183654785,0,2000,v2a_u08,0,0,42,0.0,0.4,walk_queue_ablation
1156,23.12,0.0,0.4000000059604645,0.6295801401138306,0.18646278977394104,0.21749168634414673,0.3420358896255493,0,2000,v2a_u08,0,0,42,0.0,0.4,walk_queue_ablation
1157,23.14,0.0,0.4000000059604645,0.6278692483901978,0.1685173213481903,0.19005662202835083,0.3375529646873474,0,2000,v2a_u08,0,0,42,0.0,0.4,walk_queue_ablation
1158,23.16,0.0,0.4000000059604645,0.626379132270813,0.1473713517189026,0.16273818910121918,0.29420799016952515,0,2000,v2a_u08,0,0,42,0.0,0.4,walk_queue_ablation
1159,23.18,0.0,0.4000000059604645,0.625130295753479,0.14085735380649567,0.14082510769367218,0.18194028735160828,0,2000,v2a_u08,0,0,42,0.0,0.4,walk_queue_ablation
1160,23.2,0.0,0.4000000059604645,0.6250885725021362,0.13779045641422272,0.12619648873806,0.0036302474327385426,0,2000,v2a_u08,0,0,42,0.0,0.4,walk_queue_ablation
1161,23.22,0.0,0.4000000059604645,0.6257895231246948,0.13684582710266113,0.11551598459482193,-0.08955775946378708,0,2000,v2a_u08,0,0,42,0.0,0.4,walk_queue_ablation
1162,23.240000000000002,0.0,0.4000000059604645,0.626961350440979,0.13935282826423645,0.10640721768140793,-0.17121081054210663,0,2000,v2a_u08,0,0,42,0.0,0.4,walk_queue_ablation
1163,23.26,0.0,0.4000000059604645,0.6286240816116333,0.14406688511371613,0.09703027456998825,-0.2519248425960541,0,2000,v2a_u08,0,0,42,0.0,0.4,walk_queue_ablation
1164,23.28,0.0,0.4000000059604645,0.6303433179855347,0.14970575273036957,0.0867747813463211,-0.26593440771102905,0,2000,v2a_u08,0,0,42,0.0,0.4,walk_queue_ablation
1165,23.3,0.0,0.4000000059604645,0.6314507722854614,0.14966681599617004,0.0741361454129219,-0.20851078629493713,0,2000,v2a_u08,0,0,42,0.0,0.4,walk_queue_ablation
1166,23.32,0.0,0.4000000059604645,0.6314636468887329,0.14762639999389648,0.05906020104885101,-0.10994423180818558,0,2000,v2a_u08,0,0,42,0.0,0.4,walk_queue_ablation
1167,23.34,0.0,0.4000000059604645,0.6302789449691772,0.1431938260793686,0.0397559218108654,0.00011812045704573393,0,2000,v2a_u08,0,0,42,0.0,0.4,walk_queue_ablation
1168,23.36,0.0,0.4000000059604645,0.6285804510116577,0.1335069239139557,0.01695913076400757,0.06413137912750244,0,2000,v2a_u08,0,0,42,0.0,0.4,walk_queue_ablation
1169,23.38,0.0,0.4000000059604645,0.6263138055801392,0.12187768518924713,-0.002483772812411189,0.10878907144069672,0,2000,v2a_u08,0,0,42,0.0,0.4,walk_queue_ablation
1170,23.400000000000002,0.0,0.4000000059604645,0.6238993406295776,0.10542823374271393,-0.017349008470773697,0.07517950236797333,0,2000,v2a_u08,0,0,42,0.0,0.4,walk_queue_ablation
1171,23.42,0.0,0.4000000059604645,0.6221705675125122,0.08489315211772919,-0.02684323862195015,-0.0667162537574768,0,2000,v2a_u08,0,0,42,0.0,0.4,walk_queue_ablation
1172,23.44,0.0,0.4000000059604645,0.6223717927932739,0.05016490817070007,-0.0011659724405035377,-0.31416162848472595,0,2000,v2a_u08,0,0,42,0.0,0.4,walk_queue_ablation
1173,23.46,0.0,0.4000000059604645,0.6189941167831421,0.046288903802633286,0.023086069151759148,0.36129704117774963,0,2000,v2a_u08,0,0,42,0.0,0.4,walk_queue_ablation
1174,23.48,0.0,0.4000000059604645,0.6119407415390015,0.04497893899679184,0.04159405827522278,0.47784435749053955,0,2000,v2a_u08,0,0,42,0.0,0.4,walk_queue_ablation
1175,23.5,0.0,0.4000000059604645,0.6048749685287476,0.05191318690776825,0.059542037546634674,0.4381919503211975,0,2000,v2a_u08,0,0,42,0.0,0.4,walk_queue_ablation
1176,23.52,0.0,0.4000000059604645,0.5990043878555298,0.06839457154273987,0.07950978726148605,0.3258785009384155,0,2000,v2a_u08,0,0,42,0.0,0.4,walk_queue_ablation
1177,23.54,0.0,0.4000000059604645,0.5952810049057007,0.0893278419971466,0.09849522262811661,0.13217312097549438,0,2000,v2a_u08,0,0,42,0.0,0.4,walk_queue_ablation
1178,23.56,0.0,0.4000000059604645,0.5931288003921509,0.11625248938798904,0.11948191374540329,0.053500182926654816,0,2000,v2a_u08,0,0,42,0.0,0.4,walk_queue_ablation
1179,23.580000000000002,0.0,0.4000000059604645,0.5924290418624878,0.14689238369464874,0.13932660222053528,-0.060517407953739166,0,2000,v2a_u08,0,0,42,0.0,0.4,walk_queue_ablation
1180,23.6,0.0,0.4000000059604645,0.5931719541549683,0.17645449936389923,0.15622280538082123,-0.1345360428094864,0,2000,v2a_u08,0,0,42,0.0,0.4,walk_queue_ablation
1181,23.62,0.0,0.4000000059604645,0.5944987535476685,0.19932536780834198,0.17555639147758484,-0.11612445116043091,0,2000,v2a_u08,0,0,42,0.0,0.4,walk_queue_ablation
1182,23.64,0.0,0.4000000059604645,0.5955668687820435,0.2197226881980896,0.19614177942276,-0.03717748448252678,0,2000,v2a_u08,0,0,42,0.0,0.4,walk_queue_ablation
1183,23.66,0.0,0.4000000059604645,0.5959693193435669,0.2391362488269806,0.21935617923736572,0.03966505825519562,0,2000,v2a_u08,0,0,42,0.0,0.4,walk_queue_ablation
1184,23.68,0.0,0.4000000059604645,0.5959974527359009,0.2585397958755493,0.24467667937278748,0.0914476215839386,0,2000,v2a_u08,0,0,42,0.0,0.4,walk_queue_ablation
1185,23.7,0.0,0.4000000059604645,0.5957514047622681,0.2786092758178711,0.27362751960754395,0.14130458235740662,0,2000,v2a_u08,0,0,42,0.0,0.4,walk_queue_ablation
1186,23.72,0.0,0.4000000059604645,0.5950759649276733,0.29845333099365234,0.3081144690513611,0.21097023785114288,0,2000,v2a_u08,0,0,42,0.0,0.4,walk_queue_ablation
1187,23.740000000000002,0.0,0.4000000059604645,0.5939117670059204,0.32002079486846924,0.34534427523612976,0.2766426205635071,0,2000,v2a_u08,0,0,42,0.0,0.4,walk_queue_ablation
1188,23.76,0.0,0.4000000059604645,0.5923150777816772,0.34255751967430115,0.38533544540405273,0.32932913303375244,0,2000,v2a_u08,0,0,42,0.0,0.4,walk_queue_ablation
1189,23.78,0.0,0.4000000059604645,0.5903197526931763,0.35987216234207153,0.43232759833335876,0.35127386450767517,0,2000,v2a_u08,0,0,42,0.0,0.4,walk_queue_ablation
1190,23.8,0.0,0.4000000059604645,0.5878311395645142,0.37430375814437866,0.4860347807407379,0.3733084499835968,0,2000,v2a_u08,0,0,42,0.0,0.4,walk_queue_ablation
1191,23.82,0.0,0.4000000059604645,0.5854068994522095,0.38611671328544617,0.5400249361991882,0.33354830741882324,0,2000,v2a_u08,0,0,42,0.0,0.4,walk_queue_ablation
1192,23.84,0.0,0.4000000059604645,0.5846544504165649,0.3891787528991699,0.5752350687980652,0.09417420625686646,0,2000,v2a_u08,0,0,42,0.0,0.4,walk_queue_ablation
1193,23.86,0.0,0.4000000059604645,0.5824266672134399,0.3120121359825134,0.47101566195487976,0.1404767483472824,0,2000,v2a_u08,0,0,42,0.0,0.4,walk_queue_ablation
1194,23.88,0.0,0.4000000059604645,0.5827049016952515,0.27422136068344116,0.40181857347488403,0.06568403542041779,0,2000,v2a_u08,0,0,42,0.0,0.4,walk_queue_ablation
1195,23.900000000000002,0.0,0.4000000059604645,0.5834091901779175,0.2489776313304901,0.3498574197292328,0.09689963608980179,0,2000,v2a_u08,0,0,42,0.0,0.4,walk_queue_ablation
1196,23.92,0.0,0.4000000059604645,0.583130955696106,0.22689159214496613,0.3106420934200287,0.24688151478767395,0,2000,v2a_u08,0,0,42,0.0,0.4,walk_queue_ablation
1197,23.94,0.0,0.4000000059604645,0.5815154314041138,0.20328289270401,0.2754177749156952,0.3947165906429291,0,2000,v2a_u08,0,0,42,0.0,0.4,walk_queue_ablation
1198,23.96,0.0,0.4000000059604645,0.5790489912033081,0.18602313101291656,0.2416505515575409,0.4209428131580353,0,2000,v2a_u08,0,0,42,0.0,0.4,walk_queue_ablation
1199,23.98,0.0,0.4000000059604645,0.5771833658218384,0.16268301010131836,0.21155276894569397,0.3276079297065735,0,2000,v2a_u08,0,0,42,0.0,0.4,walk_queue_ablation
1200,24.0,0.0,0.4000000059604645,0.5755215883255005,0.1479060798883438,0.18486559391021729,0.30004438757896423,0,2000,v2a_u08,0,0,42,0.0,0.4,walk_queue_ablation
1201,24.02,0.0,0.4000000059604645,0.5742751359939575,0.12965090572834015,0.1586025506258011,0.23553165793418884,0,2000,v2a_u08,0,0,42,0.0,0.4,walk_queue_ablation
1202,24.04,0.0,0.4000000059604645,0.5732721090316772,0.12557770311832428,0.13980664312839508,0.13075698912143707,0,2000,v2a_u08,0,0,42,0.0,0.4,walk_queue_ablation
1203,24.060000000000002,0.0,0.4000000059604645,0.573381781578064,0.12512119114398956,0.12726129591464996,-0.03940398991107941,0,2000,v2a_u08,0,0,42,0.0,0.4,walk_queue_ablation
1204,24.080000000000002,0.0,0.4000000059604645,0.5743261575698853,0.12688975036144257,0.11759517341852188,-0.13532671332359314,0,2000,v2a_u08,0,0,42,0.0,0.4,walk_queue_ablation
1205,24.1,0.0,0.4000000059604645,0.5757495164871216,0.1314697265625,0.10899905860424042,-0.2095312625169754,0,2000,v2a_u08,0,0,42,0.0,0.4,walk_queue_ablation
1206,24.12,0.0,0.4000000059604645,0.5774742364883423,0.13704848289489746,0.10031881183385849,-0.2697755992412567,0,2000,v2a_u08,0,0,42,0.0,0.4,walk_queue_ablation
1207,24.14,0.0,0.4000000059604645,0.5791012048721313,0.13919539749622345,0.08940351754426956,-0.2602561414241791,0,2000,v2a_u08,0,0,42,0.0,0.4,walk_queue_ablation
1208,24.16,0.0,0.4000000059604645,0.5799394845962524,0.13583005964756012,0.07715480774641037,-0.18984751403331757,0,2000,v2a_u08,0,0,42,0.0,0.4,walk_queue_ablation
1209,24.18,0.0,0.4000000059604645,0.5796557664871216,0.1307806521654129,0.061473362147808075,-0.08899888396263123,0,2000,v2a_u08,0,0,42,0.0,0.4,walk_queue_ablation
1210,24.2,0.0,0.4000000059604645,0.5785876512527466,0.12195923179388046,0.04141313582658768,-0.013292795978486538,0,2000,v2a_u08,0,0,42,0.0,0.4,walk_queue_ablation
1211,24.22,0.0,0.4000000059604645,0.5770879983901978,0.10951767861843109,0.021212531253695488,0.039894163608551025,0,2000,v2a_u08,0,0,42,0.0,0.4,walk_queue_ablation
1212,24.240000000000002,0.0,0.4000000059604645,0.5751944780349731,0.09422537684440613,0.004126581363379955,0.051401201635599136,0,2000,v2a_u08,0,0,42,0.0,0.4,walk_queue_ablation
1213,24.26,0.0,0.4000000059604645,0.5734339952468872,0.07329718768596649,-0.007393494714051485,-0.014328707940876484,0,2000,v2a_u08,0,0,42,0.0,0.4,walk_queue_ablation
1214,24.28,0.0,0.4000000059604645,0.5727065801620483,0.05003488063812256,-0.01282377727329731,-0.18667061626911163,0,2000,v2a_u08,0,0,42,0.0,0.4,walk_queue_ablation
1215,24.3,0.0,0.4000000059604645,0.5729371309280396,0.027708139270544052,0.023192917928099632,0.06484172493219376,0,2000,v2a_u08,0,0,42,0.0,0.4,walk_queue_ablation
1216,24.32,0.0,0.4000000059604645,0.568121075630188,0.021424144506454468,0.04387807473540306,0.36163172125816345,0,2000,v2a_u08,0,0,42,0.0,0.4,walk_queue_ablation
1217,24.34,0.0,0.4000000059604645,0.5619250535964966,0.0264419075101614,0.05964650586247444,0.35545670986175537,0,2000,v2a_u08,0,0,42,0.0,0.4,walk_queue_ablation
1218,24.36,0.0,0.4000000059604645,0.5564771890640259,0.04014383256435394,0.07704074680805206,0.2816952168941498,0,2000,v2a_u08,0,0,42,0.0,0.4,walk_queue_ablation
1219,24.38,0.0,0.4000000059604645,0.5526052713394165,0.06265862286090851,0.09489170461893082,0.15218578279018402,0,2000,v2a_u08,0,0,42,0.0,0.4,walk_queue_ablation
1220,24.400000000000002,0.0,0.4000000059604645,0.5503655672073364,0.09091600030660629,0.11350257694721222,0.041421446949243546,0,2000,v2a_u08,0,0,42,0.0,0.4,walk_queue_ablation
1221,24.42,0.0,0.4000000059604645,0.5492669343948364,0.12309646606445312,0.13358984887599945,-0.021928895264863968,0,2000,v2a_u08,0,0,42,0.0,0.4,walk_queue_ablation
1222,24.44,0.0,0.4000000059604645,0.5493124723434448,0.1552007794380188,0.15217217803001404,-0.08875315636396408,0,2000,v2a_u08,0,0,42,0.0,0.4,walk_queue_ablation
1223,24.46,0.0,0.4000000059604645,0.5502339601516724,0.18548132479190826,0.1687827706336975,-0.09974043816328049,0,2000,v2a_u08,0,0,42,0.0,0.4,walk_queue_ablation
1224,24.48,0.0,0.4000000059604645,0.5511060953140259,0.2086566537618637,0.18779636919498444,-0.03134286031126976,0,2000,v2a_u08,0,0,42,0.0,0.4,walk_queue_ablation
1225,24.5,0.0,0.4000000059604645,0.5513886213302612,0.2303180694580078,0.20872744917869568,0.04878809303045273,0,2000,v2a_u08,0,0,42,0.0,0.4,walk_queue_ablation
1226,24.52,0.0,0.4000000059604645,0.5511311292648315,0.2526206374168396,0.23274481296539307,0.11250574886798859,0,2000,v2a_u08,0,0,42,0.0,0.4,walk_queue_ablation
1227,24.54,0.0,0.4000000059604645,0.5505658388137817,0.27635714411735535,0.25974470376968384,0.16173136234283447,0,2000,v2a_u08,0,0,42,0.0,0.4,walk_queue_ablation
1228,24.560000000000002,0.0,0.4000000059604645,0.5496507883071899,0.29921916127204895,0.29180940985679626,0.2153480499982834,0,2000,v2a_u08,0,0,42,0.0,0.4,walk_queue_ablation
1229,24.580000000000002,0.0,0.4000000059604645,0.5482736825942993,0.3221852779388428,0.3282386362552643,0.2812539041042328,0,2000,v2a_u08,0,0,42,0.0,0.4,walk_queue_ablation
1230,24.6,0.0,0.4000000059604645,0.5465399026870728,0.34669920802116394,0.3662348687648773,0.32613039016723633,0,2000,v2a_u08,0,0,42,0.0,0.4,walk_queue_ablation
1231,24.62,0.0,0.4000000059604645,0.5447221994400024,0.36791226267814636,0.4085431694984436,0.3306485712528229,0,2000,v2a_u08,0,0,42,0.0,0.4,walk_queue_ablation
1232,24.64,0.0,0.4000000059604645,0.5426222085952759,0.383707731962204,0.45930513739585876,0.33711907267570496,0,2000,v2a_u08,0,0,42,0.0,0.4,walk_queue_ablation
1233,24.66,0.0,0.4000000059604645,0.540305495262146,0.39814797043800354,0.5139511227607727,0.34072527289390564,0,2000,v2a_u08,0,0,42,0.0,0.4,walk_queue_ablation
1234,24.68,0.0,0.4000000059604645,0.5388227701187134,0.40540841221809387,0.5575582981109619,0.19257500767707825,0,2000,v2a_u08,0,0,42,0.0,0.4,walk_queue_ablation
1235,24.7,0.0,0.4000000059604645,0.5369502305984497,0.3350723087787628,0.5045209527015686,0.33289647102355957,0,2000,v2a_u08,0,0,42,0.0,0.4,walk_queue_ablation
1236,24.72,0.0,0.4000000059604645,0.5359431505203247,0.3027491569519043,0.4318966567516327,0.14079061150550842,0,2000,v2a_u08,0,0,42,0.0,0.4,walk_queue_ablation
1237,24.740000000000002,0.0,0.4000000059604645,0.5362282991409302,0.26909565925598145,0.3701309561729431,0.08826670795679092,0,2000,v2a_u08,0,0,42,0.0,0.4,walk_queue_ablation
1238,24.76,0.0,0.4000000059604645,0.5365091562271118,0.24492613971233368,0.32343295216560364,0.16314813494682312,0,2000,v2a_u08,0,0,42,0.0,0.4,walk_queue_ablation
1239,24.78,0.0,0.4000000059604645,0.5357061624526978,0.2237957864999771,0.28468185663223267,0.31493040919303894,0,2000,v2a_u08,0,0,42,0.0,0.4,walk_queue_ablation
1240,24.8,0.0,0.4000000059604645,0.5337463617324829,0.2068362534046173,0.2489778846502304,0.40471261739730835,0,2000,v2a_u08,0,0,42,0.0,0.4,walk_queue_ablation
1241,24.82,0.0,0.4000000059604645,0.5321990251541138,0.1856815069913864,0.21710480749607086,0.3118304908275604,0,2000,v2a_u08,0,0,42,0.0,0.4,walk_queue_ablation
1242,24.84,0.0,0.4000000059604645,0.5308033227920532,0.16747407615184784,0.1892184317111969,0.3066892623901367,0,2000,v2a_u08,0,0,42,0.0,0.4,walk_queue_ablation
1243,24.86,0.0,0.4000000059604645,0.5296007394790649,0.14634670317173004,0.16156123578548431,0.26394620537757874,0,2000,v2a_u08,0,0,42,0.0,0.4,walk_queue_ablation
1244,24.88,0.0,0.4000000059604645,0.5286401510238647,0.139812633395195,0.13920344412326813,0.15863899886608124,0,2000,v2a_u08,0,0,42,0.0,0.4,walk_queue_ablation
1245,24.900000000000002,0.0,0.4000000059604645,0.5288823843002319,0.1365848183631897,0.12412955611944199,-0.022411677986383438,0,2000,v2a_u08,0,0,42,0.0,0.4,walk_queue_ablation
1246,24.92,0.0,0.4000000059604645,0.5297929048538208,0.1363113820552826,0.11339838057756424,-0.10652996599674225,0,2000,v2a_u08,0,0,42,0.0,0.4,walk_queue_ablation
1247,24.94,0.0,0.4000000059604645,0.5311142206192017,0.13921713829040527,0.10393307358026505,-0.18338553607463837,0,2000,v2a_u08,0,0,42,0.0,0.4,walk_queue_ablation
1248,24.96,0.0,0.4000000059604645,0.5329028367996216,0.1450040340423584,0.0947195515036583,-0.2665078639984131,0,2000,v2a_u08,0,0,42,0.0,0.4,walk_queue_ablation
1249,24.98,0.0,0.4000000059604645,0.5348297357559204,0.15171343088150024,0.08394056558609009,-0.28830164670944214,0,2000,v2a_u08,0,0,42,0.0,0.4,walk_queue_ablation
1250,25.0,0.0,0.4000000059604645,0.5362526178359985,0.1525929868221283,0.0709238052368164,-0.24246430397033691,0,2000,v2a_u08,0,0,42,0.0,0.4,walk_queue_ablation
1251,25.02,0.0,0.4000000059604645,0.5366381406784058,0.1514713317155838,0.05553192272782326,-0.1488654762506485,0,2000,v2a_u08,0,0,42,0.0,0.4,walk_queue_ablation
1252,25.04,0.0,0.4000000059604645,0.5359002351760864,0.14804254472255707,0.03594658896327019,-0.049811430275440216,0,2000,v2a_u08,0,0,42,0.0,0.4,walk_queue_ablation
1253,25.060000000000002,0.0,0.4000000059604645,0.5346957445144653,0.13978078961372375,0.013024324551224709,0.010521077550947666,0,2000,v2a_u08,0,0,42,0.0,0.4,walk_queue_ablation
1254,25.080000000000002,0.0,0.4000000059604645,0.5329147577285767,0.12872722744941711,-0.00772726908326149,0.06679648905992508,0,2000,v2a_u08,0,0,42,0.0,0.4,walk_queue_ablation
1255,25.1,0.0,0.4000000059604645,0.5307475328445435,0.11310280114412308,-0.024215249344706535,0.0689929947257042,0,2000,v2a_u08,0,0,42,0.0,0.4,walk_queue_ablation
1256,25.12,0.0,0.4000000059604645,0.5288387537002563,0.09269467741250992,-0.03508632257580757,-0.017595525830984116,0,2000,v2a_u08,0,0,42,0.0,0.4,walk_queue_ablation
1257,25.14,0.0,0.4000000059604645,0.5283645391464233,0.05907438322901726,-0.007315422873944044,-0.33202242851257324,0,2000,v2a_u08,0,0,42,0.0,0.4,walk_queue_ablation
1258,25.16,0.0,0.4000000059604645,0.5255497694015503,0.05357275903224945,0.015777086839079857,0.3200136721134186,0,2000,v2a_u08,0,0,42,0.0,0.4,walk_queue_ablation
1259,25.18,0.0,0.4000000059604645,0.5187569856643677,0.05170924589037895,0.034904059022665024,0.46853795647621155,0,2000,v2a_u08,0,0,42,0.0,0.4,walk_queue_ablation
1260,25.2,0.0,0.4000000059604645,0.5118073225021362,0.05816301330924034,0.05347413942217827,0.42043623328208923,0,2000,v2a_u08,0,0,42,0.0,0.4,walk_queue_ablation
1261,25.22,0.0,0.4000000059604645,0.5061160326004028,0.07425929605960846,0.0732123851776123,0.3022717237472534,0,2000,v2a_u08,0,0,42,0.0,0.4,walk_queue_ablation
1262,25.240000000000002,0.0,0.4000000059604645,0.5026160478591919,0.09393588453531265,0.09252480417490005,0.1028878465294838,0,2000,v2a_u08,0,0,42,0.0,0.4,walk_queue_ablation
1263,25.26,0.0,0.4000000059604645,0.5008021593093872,0.11883026361465454,0.1132781058549881,0.01578892208635807,0,2000,v2a_u08,0,0,42,0.0,0.4,walk_queue_ablation
1264,25.28,0.0,0.4000000059604645,0.5003601312637329,0.14767946302890778,0.13312658667564392,-0.08209240436553955,0,2000,v2a_u08,0,0,42,0.0,0.4,walk_queue_ablation
1265,25.3,0.0,0.4000000059604645,0.5012685060501099,0.17602959275245667,0.1500759720802307,-0.15592588484287262,0,2000,v2a_u08,0,0,42,0.0,0.4,walk_queue_ablation
1266,25.32,0.0,0.4000000059604645,0.5028849840164185,0.19866834580898285,0.16855987906455994,-0.15289942920207977,0,2000,v2a_u08,0,0,42,0.0,0.4,walk_queue_ablation
1267,25.34,0.0,0.4000000059604645,0.5042849779129028,0.2179645299911499,0.18865764141082764,-0.06733712553977966,0,2000,v2a_u08,0,0,42,0.0,0.4,walk_queue_ablation
1268,25.36,0.0,0.4000000059604645,0.5049659013748169,0.2364843785762787,0.21134063601493835,0.013607670553028584,0,2000,v2a_u08,0,0,42,0.0,0.4,walk_queue_ablation
1269,25.38,0.0,0.4000000059604645,0.5052424669265747,0.2552509009838104,0.23650670051574707,0.06545788049697876,0,2000,v2a_u08,0,0,42,0.0,0.4,walk_queue_ablation
1270,25.400000000000002,0.0,0.4000000059604645,0.5052593946456909,0.27495914697647095,0.26540160179138184,0.11498184502124786,0,2000,v2a_u08,0,0,42,0.0,0.4,walk_queue_ablation
1271,25.42,0.0,0.4000000059604645,0.5048879384994507,0.2943088412284851,0.29977890849113464,0.17939871549606323,0,2000,v2a_u08,0,0,42,0.0,0.4,walk_queue_ablation
1272,25.44,0.0,0.4000000059604645,0.5040699243545532,0.31524401903152466,0.3370611071586609,0.24135537445545197,0,2000,v2a_u08,0,0,42,0.0,0.4,walk_queue_ablation
1273,25.46,0.0,0.4000000059604645,0.5028539896011353,0.3371305763721466,0.37708592414855957,0.29099225997924805,0,2000,v2a_u08,0,0,42,0.0,0.4,walk_queue_ablation
1274,25.48,0.0,0.4000000059604645,0.5012973546981812,0.3538677990436554,0.42388367652893066,0.30783703923225403,0,2000,v2a_u08,0,0,42,0.0,0.4,walk_queue_ablation
1275,25.5,0.0,0.4000000059604645,0.49928152561187744,0.3681271970272064,0.4778865873813629,0.3299453556537628,0,2000,v2a_u08,0,0,42,0.0,0.4,walk_queue_ablation
1276,25.52,0.0,0.4000000059604645,0.4972273111343384,0.3805185556411743,0.5326603651046753,0.311724990606308,0,2000,v2a_u08,0,0,42,0.0,0.4,walk_queue_ablation
1277,25.54,0.0,0.4000000059604645,0.4965707063674927,0.3838054835796356,0.5678979754447937,0.10784287750720978,0,2000,v2a_u08,0,0,42,0.0,0.4,walk_queue_ablation
1278,25.560000000000002,0.0,0.4000000059604645,0.49489104747772217,0.31308749318122864,0.4789842963218689,0.09045132994651794,0,2000,v2a_u08,0,0,42,0.0,0.4,walk_queue_ablation
1279,25.580000000000002,0.0,0.4000000059604645,0.4954491853713989,0.2760964632034302,0.40879741311073303,0.055332355201244354,0,2000,v2a_u08,0,0,42,0.0,0.4,walk_queue_ablation
1280,25.6,0.0,0.4000000059604645,0.4962841272354126,0.2503569722175598,0.355899453163147,0.08846752345561981,0,2000,v2a_u08,0,0,42,0.0,0.4,walk_queue_ablation
1281,25.62,0.0,0.4000000059604645,0.49610817432403564,0.22982412576675415,0.31616297364234924,0.2387998402118683,0,2000,v2a_u08,0,0,42,0.0,0.4,walk_queue_ablation
1282,25.64,0.0,0.4000000059604645,0.49453985691070557,0.20724333822727203,0.2795678675174713,0.39222314953804016,0,2000,v2a_u08,0,0,42,0.0,0.4,walk_queue_ablation
1283,25.66,0.0,0.4000000059604645,0.4921003580093384,0.18986988067626953,0.24482692778110504,0.4231632947921753,0,2000,v2a_u08,0,0,42,0.0,0.4,walk_queue_ablation
1284,25.68,0.0,0.4000000059604645,0.4902406930923462,0.16664227843284607,0.213936910033226,0.3256147503852844,0,2000,v2a_u08,0,0,42,0.0,0.4,walk_queue_ablation
1285,25.7,0.0,0.4000000059604645,0.4887324571609497,0.15031148493289948,0.18654705584049225,0.2880719006061554,0,2000,v2a_u08,0,0,42,0.0,0.4,walk_queue_ablation
1286,25.72,0.0,0.4000000059604645,0.4875701665878296,0.1322062611579895,0.1602713167667389,0.2333918809890747,0,2000,v2a_u08,0,0,42,0.0,0.4,walk_queue_ablation
1287,25.740000000000002,0.0,0.4000000059604645,0.4867187738418579,0.12830263376235962,0.14138077199459076,0.114515021443367,0,2000,v2a_u08,0,0,42,0.0,0.4,walk_queue_ablation
1288,25.76,0.0,0.4000000059604645,0.48705732822418213,0.1280132383108139,0.12862475216388702,-0.05833735689520836,0,2000,v2a_u08,0,0,42,0.0,0.4,walk_queue_ablation
1289,25.78,0.0,0.4000000059604645,0.48821794986724854,0.12996923923492432,0.11902518570423126,-0.15563227236270905,0,2000,v2a_u08,0,0,42,0.0,0.4,walk_queue_ablation
1290,25.8,0.0,0.4000000059604645,0.4898897409439087,0.13511249423027039,0.11044001579284668,-0.23535893857479095,0,2000,v2a_u08,0,0,42,0.0,0.4,walk_queue_ablation
1291,25.82,0.0,0.4000000059604645,0.49192488193511963,0.14080315828323364,0.10114652663469315,-0.2989848852157593,0,2000,v2a_u08,0,0,42,0.0,0.4,walk_queue_ablation
1292,25.84,0.0,0.4000000059604645,0.49392592906951904,0.14350929856300354,0.09054286032915115,-0.30088815093040466,0,2000,v2a_u08,0,0,42,0.0,0.4,walk_queue_ablation
1293,25.86,0.0,0.4000000059604645,0.49522554874420166,0.14055493474006653,0.07795248925685883,-0.23508818447589874,0,2000,v2a_u08,0,0,42,0.0,0.4,walk_queue_ablation
1294,25.88,0.0,0.4000000059604645,0.49546873569488525,0.1358298808336258,0.06210891157388687,-0.14315342903137207,0,2000,v2a_u08,0,0,42,0.0,0.4,walk_queue_ablation
1295,25.900000000000002,0.0,0.4000000059604645,0.4949098825454712,0.12815792858600616,0.04193926230072975,-0.061957746744155884,0,2000,v2a_u08,0,0,42,0.0,0.4,walk_queue_ablation
1296,25.92,0.0,0.4000000059604645,0.4939011335372925,0.11671456694602966,0.02104320004582405,-0.006904697511345148,0,2000,v2a_u08,0,0,42,0.0,0.4,walk_queue_ablation
1297,25.94,0.0,0.4000000059604645,0.4923776388168335,0.10200723260641098,0.0035677910782396793,0.02376559004187584,0,2000,v2a_u08,0,0,42,0.0,0.4,walk_queue_ablation
1298,25.96,0.0,0.4000000059604645,0.490726113319397,0.08164788782596588,-0.007775856181979179,-0.010918209329247475,0,2000,v2a_u08,0,0,42,0.0,0.4,walk_queue_ablation
1299,25.98,0.0,0.4000000059604645,0.48962175846099854,0.05878029018640518,-0.014216726645827293,-0.12172581255435944,0,2000,v2a_u08,0,0,42,0.0,0.4,walk_queue_ablation
1300,26.0,0.0,0.4000000059604645,0.48937952518463135,0.03601102903485298,0.021068694069981575,0.09002043306827545,0,2000,v2a_u08,0,0,42,0.0,0.4,walk_queue_ablation
1301,26.02,0.0,0.4000000059604645,0.48460090160369873,0.02945219725370407,0.042252033948898315,0.3422984480857849,0,2000,v2a_u08,0,0,42,0.0,0.4,walk_queue_ablation
1302,26.04,0.0,0.4000000059604645,0.47865450382232666,0.03367080166935921,0.05868151783943176,0.324410080909729,0,2000,v2a_u08,0,0,42,0.0,0.4,walk_queue_ablation
1303,26.060000000000002,0.0,0.4000000059604645,0.473591685295105,0.04625806212425232,0.0766206905245781,0.23498547077178955,0,2000,v2a_u08,0,0,42,0.0,0.4,walk_queue_ablation
1304,26.080000000000002,0.0,0.4000000059604645,0.4702037572860718,0.0681052878499031,0.09506238251924515,0.10132934153079987,0,2000,v2a_u08,0,0,42,0.0,0.4,walk_queue_ablation
1305,26.1,0.0,0.4000000059604645,0.46842825412750244,0.09570435434579849,0.11386501044034958,-0.002611275762319565,0,2000,v2a_u08,0,0,42,0.0,0.4,walk_queue_ablation
1306,26.12,0.0,0.4000000059604645,0.46771371364593506,0.12771889567375183,0.1339741349220276,-0.055416375398635864,0,2000,v2a_u08,0,0,42,0.0,0.4,walk_queue_ablation
1307,26.14,0.0,0.4000000059604645,0.4679819345474243,0.15923425555229187,0.15311668813228607,-0.11003993451595306,0,2000,v2a_u08,0,0,42,0.0,0.4,walk_queue_ablation
1308,26.16,0.0,0.4000000059604645,0.4690490961074829,0.18851923942565918,0.16986866295337677,-0.1163446456193924,0,2000,v2a_u08,0,0,42,0.0,0.4,walk_queue_ablation
1309,26.18,0.0,0.4000000059604645,0.4700700044631958,0.211111918091774,0.188725546002388,-0.050456222146749496,0,2000,v2a_u08,0,0,42,0.0,0.4,walk_queue_ablation
1310,26.2,0.0,0.4000000059604645,0.4705425500869751,0.2323625087738037,0.2091476023197174,0.02973405085504055,0,2000,v2a_u08,0,0,42,0.0,0.4,walk_queue_ablation
1311,26.22,0.0,0.4000000059604645,0.4704669713973999,0.2543911337852478,0.23309561610221863,0.09468638896942139,0,2000,v2a_u08,0,0,42,0.0,0.4,walk_queue_ablation
1312,26.240000000000002,0.0,0.4000000059604645,0.47007572650909424,0.27785104513168335,0.2601703107357025,0.14439062774181366,0,2000,v2a_u08,0,0,42,0.0,0.4,walk_queue_ablation
1313,26.26,0.0,0.4000000059604645,0.46934592723846436,0.30030694603919983,0.2926148772239685,0.19639503955841064,0,2000,v2a_u08,0,0,42,0.0,0.4,walk_queue_ablation
1314,26.28,0.0,0.4000000059604645,0.46820390224456787,0.3226169943809509,0.3294107913970947,0.25594815611839294,0,2000,v2a_u08,0,0,42,0.0,0.4,walk_queue_ablation
1315,26.3,0.0,0.4000000059604645,0.4667857885360718,0.3463309705257416,0.36782509088516235,0.292792946100235,0,2000,v2a_u08,0,0,42,0.0,0.4,walk_queue_ablation
1316,26.32,0.0,0.4000000059604645,0.4653526544570923,0.36667612195014954,0.4104998707771301,0.29188793897628784,0,2000,v2a_u08,0,0,42,0.0,0.4,walk_queue_ablation
1317,26.34,0.0,0.4000000059604645,0.46366941928863525,0.3817555904388428,0.46172967553138733,0.29833048582077026,0,2000,v2a_u08,0,0,42,0.0,0.4,walk_queue_ablation
1318,26.36,0.0,0.4000000059604645,0.46171772480010986,0.3958284854888916,0.5166783332824707,0.31196263432502747,0,2000,v2a_u08,0,0,42,0.0,0.4,walk_queue_ablation
1319,26.38,0.0,0.4000000059604645,0.46043217182159424,0.40323737263679504,0.5606716275215149,0.18935079872608185,0,2000,v2a_u08,0,0,42,0.0,0.4,walk_queue_ablation
1320,26.400000000000002,0.0,0.4000000059604645,0.45848000049591064,0.33284467458724976,0.5035017132759094,0.33479949831962585,0,2000,v2a_u08,0,0,42,0.0,0.4,walk_queue_ablation
1321,26.42,0.0,0.4000000059604645,0.4576658010482788,0.3013230860233307,0.43271392583847046,0.11891833692789078,0,2000,v2a_u08,0,0,42,0.0,0.4,walk_queue_ablation
1322,26.44,0.0,0.4000000059604645,0.4583481550216675,0.26732540130615234,0.37134605646133423,0.04778782278299332,0,2000,v2a_u08,0,0,42,0.0,0.4,walk_queue_ablation
1323,26.46,0.0,0.4000000059604645,0.45898330211639404,0.24420180916786194,0.3258947432041168,0.12188200652599335,0,2000,v2a_u08,0,0,42,0.0,0.4,walk_queue_ablation
1324,26.48,0.0,0.4000000059604645,0.45858705043792725,0.2225363850593567,0.2871658504009247,0.2783622145652771,0,2000,v2a_u08,0,0,42,0.0,0.4,walk_queue_ablation
1325,26.5,0.0,0.4000000059604645,0.4568895101547241,0.20567019283771515,0.251788467168808,0.3820127546787262,0,2000,v2a_u08,0,0,42,0.0,0.4,walk_queue_ablation
1326,26.52,0.0,0.4000000059604645,0.4555150270462036,0.18491272628307343,0.2194918990135193,0.29667264223098755,0,2000,v2a_u08,0,0,42,0.0,0.4,walk_queue_ablation
1327,26.54,0.0,0.4000000059604645,0.4543048143386841,0.16527998447418213,0.19099456071853638,0.2925198972225189,0,2000,v2a_u08,0,0,42,0.0,0.4,walk_queue_ablation
1328,26.560000000000002,0.0,0.4000000059604645,0.45321881771087646,0.14376021921634674,0.16343268752098083,0.2550528943538666,0,2000,v2a_u08,0,0,42,0.0,0.4,walk_queue_ablation
1329,26.580000000000002,0.0,0.4000000059604645,0.45234572887420654,0.13681848347187042,0.1412758082151413,0.14900000393390656,0,2000,v2a_u08,0,0,42,0.0,0.4,walk_queue_ablation
1330,26.6,0.0,0.4000000059604645,0.4527038335800171,0.13420869410037994,0.12622635066509247,-0.0350254587829113,0,2000,v2a_u08,0,0,42,0.0,0.4,walk_queue_ablation
1331,26.62,0.0,0.4000000059604645,0.4536949396133423,0.13441528379917145,0.11593737453222275,-0.11340208351612091,0,2000,v2a_u08,0,0,42,0.0,0.4,walk_queue_ablation
1332,26.64,0.0,0.4000000059604645,0.45509016513824463,0.13782282173633575,0.10670393705368042,-0.19275130331516266,0,2000,v2a_u08,0,0,42,0.0,0.4,walk_queue_ablation
1333,26.66,0.0,0.4000000059604645,0.4570072889328003,0.14395752549171448,0.09733396768569946,-0.28025496006011963,0,2000,v2a_u08,0,0,42,0.0,0.4,walk_queue_ablation
1334,26.68,0.0,0.4000000059604645,0.4591175317764282,0.15089283883571625,0.08668927848339081,-0.30828291177749634,0,2000,v2a_u08,0,0,42,0.0,0.4,walk_queue_ablation
1335,26.7,0.0,0.4000000059604645,0.4608069658279419,0.15180376172065735,0.07400079816579819,-0.2720687687397003,0,2000,v2a_u08,0,0,42,0.0,0.4,walk_queue_ablation
1336,26.72,0.0,0.4000000059604645,0.46156013011932373,0.15033596754074097,0.05860443785786629,-0.18721231818199158,0,2000,v2a_u08,0,0,42,0.0,0.4,walk_queue_ablation
1337,26.740000000000002,0.0,0.4000000059604645,0.46122634410858154,0.1469566375017166,0.03929949551820755,-0.09017349779605865,0,2000,v2a_u08,0,0,42,0.0,0.4,walk_queue_ablation
1338,26.76,0.0,0.4000000059604645,0.46043217182159424,0.13907170295715332,0.016478579491376877,-0.030344288796186447,0,2000,v2a_u08,0,0,42,0.0,0.4,walk_queue_ablation
1339,26.78,0.0,0.4000000059604645,0.4590796232223511,0.1280805766582489,-0.004326650872826576,0.02567841112613678,0,2000,v2a_u08,0,0,42,0.0,0.4,walk_queue_ablation
1340,26.8,0.0,0.4000000059604645,0.4572488069534302,0.11244635283946991,-0.021153733134269714,0.04175484925508499,0,2000,v2a_u08,0,0,42,0.0,0.4,walk_queue_ablation
1341,26.82,0.0,0.4000000059604645,0.4554098844528198,0.09171643853187561,-0.03139825537800789,-0.00991927832365036,0,2000,v2a_u08,0,0,42,0.0,0.4,walk_queue_ablation
1342,26.84,0.0,0.4000000059604645,0.45457446575164795,0.05788164585828781,-0.006954302079975605,-0.29480791091918945,0,2000,v2a_u08,0,0,42,0.0,0.4,walk_queue_ablation
1343,26.86,0.0,0.4000000059604645,0.45176470279693604,0.05272940173745155,0.01810634136199951,0.30503880977630615,0,2000,v2a_u08,0,0,42,0.0,0.4,walk_queue_ablation
1344,26.88,0.0,0.4000000059604645,0.44527924060821533,0.05049310252070427,0.03710826113820076,0.4303381145000458,0,2000,v2a_u08,0,0,42,0.0,0.4,walk_queue_ablation
1345,26.900000000000002,0.0,0.4000000059604645,0.4387613534927368,0.05634551867842674,0.056006211787462234,0.36976358294487,0,2000,v2a_u08,0,0,42,0.0,0.4,walk_queue_ablation
1346,26.92,0.0,0.4000000059604645,0.4335228204727173,0.07138697057962418,0.07604186236858368,0.25521108508110046,0,2000,v2a_u08,0,0,42,0.0,0.4,walk_queue_ablation
1347,26.94,0.0,0.4000000059604645,0.4305976629257202,0.09178189933300018,0.09471321851015091,0.048634789884090424,0,2000,v2a_u08,0,0,42,0.0,0.4,walk_queue_ablation
1348,26.96,0.0,0.4000000059604645,0.4291619062423706,0.11625348031520844,0.11618343740701675,-0.014330949634313583,0,2000,v2a_u08,0,0,42,0.0,0.4,walk_queue_ablation
1349,26.98,0.0,0.4000000059604645,0.42897534370422363,0.1443568468093872,0.1359793245792389,-0.10858288407325745,0,2000,v2a_u08,0,0,42,0.0,0.4,walk_queue_ablation
1350,27.0,0.0,0.4000000059604645,0.43002521991729736,0.17174924910068512,0.1535993367433548,-0.16970087587833405,0,2000,v2a_u08,0,0,42,0.0,0.4,walk_queue_ablation
1351,27.02,0.0,0.4000000059604645,0.43176567554473877,0.19458197057247162,0.1713884323835373,-0.1644207239151001,0,2000,v2a_u08,0,0,42,0.0,0.4,walk_queue_ablation
1352,27.04,0.0,0.4000000059604645,0.433263897895813,0.21382930874824524,0.19127808511257172,-0.07587803155183792,0,2000,v2a_u08,0,0,42,0.0,0.4,walk_queue_ablation
1353,27.060000000000002,0.0,0.4000000059604645,0.4340170621871948,0.2320469170808792,0.21379972994327545,0.006441107951104641,0,2000,v2a_u08,0,0,42,0.0,0.4,walk_queue_ablation
1354,27.080000000000002,0.0,0.4000000059604645,0.4343448877334595,0.25081413984298706,0.23910431563854218,0.05990986526012421,0,2000,v2a_u08,0,0,42,0.0,0.4,walk_queue_ablation
1355,27.1,0.0,0.4000000059604645,0.43443453311920166,0.27061977982521057,0.26810696721076965,0.10685807466506958,0,2000,v2a_u08,0,0,42,0.0,0.4,walk_queue_ablation
1356,27.12,0.0,0.4000000059604645,0.43415796756744385,0.2898394465446472,0.30266323685646057,0.16892322897911072,0,2000,v2a_u08,0,0,42,0.0,0.4,walk_queue_ablation
1357,27.14,0.0,0.4000000059604645,0.43344271183013916,0.3101699650287628,0.34043651819229126,0.22992092370986938,0,2000,v2a_u08,0,0,42,0.0,0.4,walk_queue_ablation
1358,27.16,0.0,0.4000000059604645,0.4323943853378296,0.3315299451351166,0.38064512610435486,0.27428728342056274,0,2000,v2a_u08,0,0,42,0.0,0.4,walk_queue_ablation
1359,27.18,0.0,0.4000000059604645,0.43104326725006104,0.34759581089019775,0.42789238691329956,0.28765174746513367,0,2000,v2a_u08,0,0,42,0.0,0.4,walk_queue_ablation
1360,27.2,0.0,0.4000000059604645,0.42926156520843506,0.3613094985485077,0.48214176297187805,0.30915331840515137,0,2000,v2a_u08,0,0,42,0.0,0.4,walk_queue_ablation
1361,27.22,0.0,0.4000000059604645,0.42737579345703125,0.3731054663658142,0.5373775362968445,0.301888108253479,0,2000,v2a_u08,0,0,42,0.0,0.4,walk_queue_ablation
1362,27.240000000000002,0.0,0.4000000059604645,0.42678678035736084,0.37623491883277893,0.5720261931419373,0.11367318779230118,0,2000,v2a_u08,0,0,42,0.0,0.4,walk_queue_ablation
1363,27.26,0.0,0.4000000059604645,0.4251617193222046,0.3042074143886566,0.4794354736804962,0.07556954026222229,0,2000,v2a_u08,0,0,42,0.0,0.4,walk_queue_ablation
1364,27.28,0.0,0.4000000059604645,0.425930380821228,0.2679695188999176,0.410554438829422,0.044653184711933136,0,2000,v2a_u08,0,0,42,0.0,0.4,walk_queue_ablation
1365,27.3,0.0,0.4000000059604645,0.42689049243927,0.24314211308956146,0.3585868775844574,0.07610209286212921,0,2000,v2a_u08,0,0,42,0.0,0.4,walk_queue_ablation
1366,27.32,0.0,0.4000000059604645,0.42686712741851807,0.22180022299289703,0.3182176649570465,0.22228866815567017,0,2000,v2a_u08,0,0,42,0.0,0.4,walk_queue_ablation
1367,27.34,0.0,0.4000000059604645,0.42545974254608154,0.19899103045463562,0.28150901198387146,0.38016843795776367,0,2000,v2a_u08,0,0,42,0.0,0.4,walk_queue_ablation
1368,27.36,0.0,0.4000000059604645,0.42312633991241455,0.1826029121875763,0.2468876987695694,0.4122413396835327,0,2000,v2a_u08,0,0,42,0.0,0.4,walk_queue_ablation
1369,27.38,0.0,0.4000000059604645,0.42144787311553955,0.15978527069091797,0.2159246802330017,0.30563944578170776,0,2000,v2a_u08,0,0,42,0.0,0.4,walk_queue_ablation
1370,27.400000000000002,0.0,0.4000000059604645,0.4201289415359497,0.14409957826137543,0.1884470283985138,0.26584500074386597,0,2000,v2a_u08,0,0,42,0.0,0.4,walk_queue_ablation
1371,27.42,0.0,0.4000000059604645,0.4192136526107788,0.12616069614887238,0.16234733164310455,0.2049345225095749,0,2000,v2a_u08,0,0,42,0.0,0.4,walk_queue_ablation
1372,27.44,0.0,0.4000000059604645,0.4185682535171509,0.12264759838581085,0.14333659410476685,0.0951927900314331,0,2000,v2a_u08,0,0,42,0.0,0.4,walk_queue_ablation
1373,27.46,0.0,0.4000000059604645,0.41909027099609375,0.12320351600646973,0.13070367276668549,-0.07855412364006042,0,2000,v2a_u08,0,0,42,0.0,0.4,walk_queue_ablation
1374,27.48,0.0,0.4000000059604645,0.420444130897522,0.1259937882423401,0.121052086353302,-0.1747506856918335,0,2000,v2a_u08,0,0,42,0.0,0.4,walk_queue_ablation
1375,27.5,0.0,0.4000000059604645,0.42228448390960693,0.13139182329177856,0.1120302826166153,-0.25067415833473206,0,2000,v2a_u08,0,0,42,0.0,0.4,walk_queue_ablation
1376,27.52,0.0,0.4000000059604645,0.42449700832366943,0.13766740262508392,0.1028599888086319,-0.3191201090812683,0,2000,v2a_u08,0,0,42,0.0,0.4,walk_queue_ablation
1377,27.54,0.0,0.4000000059604645,0.4267202615737915,0.1405847668647766,0.09185617417097092,-0.3224119544029236,0,2000,v2a_u08,0,0,42,0.0,0.4,walk_queue_ablation
1378,27.560000000000002,0.0,0.4000000059604645,0.4282742738723755,0.13773922622203827,0.07946650683879852,-0.26529398560523987,0,2000,v2a_u08,0,0,42,0.0,0.4,walk_queue_ablation
1379,27.580000000000002,0.0,0.4000000059604645,0.4288433790206909,0.1330009400844574,0.06361141800880432,-0.17619389295578003,0,2000,v2a_u08,0,0,42,0.0,0.4,walk_queue_ablation
1380,27.6,0.0,0.4000000059604645,0.42864930629730225,0.12537983059883118,0.043222781270742416,-0.10013110935688019,0,2000,v2a_u08,0,0,42,0.0,0.4,walk_queue_ablation
1381,27.62,0.0,0.4000000059604645,0.42802345752716064,0.114348866045475,0.022081803530454636,-0.04440794512629509,0,2000,v2a_u08,0,0,42,0.0,0.4,walk_queue_ablation
1382,27.64,0.0,0.4000000059604645,0.426859974861145,0.09981101751327515,0.004276080057024956,-0.00727088563144207,0,2000,v2a_u08,0,0,42,0.0,0.4,walk_queue_ablation
1383,27.66,0.0,0.4000000059604645,0.42538905143737793,0.07927481085062027,-0.007467229384928942,-0.02065492793917656,0,2000,v2a_u08,0,0,42,0.0,0.4,walk_queue_ablation
1384,27.68,0.0,0.4000000059604645,0.4241816997528076,0.055974896997213364,-0.014119583182036877,-0.09339852631092072,0,2000,v2a_u08,0,0,42,0.0,0.4,walk_queue_ablation
1385,27.7,0.0,0.4000000059604645,0.4236936569213867,0.032702621072530746,0.021627899259328842,0.10501141101121902,0,2000,v2a_u08,0,0,42,0.0,0.4,walk_queue_ablation
1386,27.72,0.0,0.4000000059604645,0.4189990758895874,0.02509906329214573,0.04296015948057175,0.31730127334594727,0,2000,v2a_u08,0,0,42,0.0,0.4,walk_queue_ablation
1387,27.740000000000002,0.0,0.4000000059604645,0.41337549686431885,0.029445845633745193,0.059985559433698654,0.28641459345817566,0,2000,v2a_u08,0,0,42,0.0,0.4,walk_queue_ablation
1388,27.76,0.0,0.4000000059604645,0.40869736671447754,0.041913364082574844,0.07788719981908798,0.19421891868114471,0,2000,v2a_u08,0,0,42,0.0,0.4,walk_queue_ablation
1389,27.78,0.0,0.4000000059604645,0.4056936502456665,0.06429135799407959,0.09624131768941879,0.06453722715377808,0,2000,v2a_u08,0,0,42,0.0,0.4,walk_queue_ablation
1390,27.8,0.0,0.4000000059604645,0.4041703939437866,0.09196662902832031,0.11555352807044983,-0.025306381285190582,0,2000,v2a_u08,0,0,42,0.0,0.4,walk_queue_ablation
1391,27.82,0.0,0.4000000059604645,0.40363824367523193,0.12395581603050232,0.13561812043190002,-0.07206742465496063,0,2000,v2a_u08,0,0,42,0.0,0.4,walk_queue_ablation
1392,27.84,0.0,0.4000000059604645,0.4039708375930786,0.15507009625434875,0.15500199794769287,-0.11506999284029007,0,2000,v2a_u08,0,0,42,0.0,0.4,walk_queue_ablation
1393,27.86,0.0,0.4000000059604645,0.40506088733673096,0.18400026857852936,0.17173753678798676,-0.12029488384723663,0,2000,v2a_u08,0,0,42,0.0,0.4,walk_queue_ablation
1394,27.88,0.0,0.4000000059604645,0.4061276912689209,0.20609407126903534,0.1904475837945938,-0.05829792469739914,0,2000,v2a_u08,0,0,42,0.0,0.4,walk_queue_ablation
1395,27.900000000000002,0.0,0.4000000059604645,0.4066725969314575,0.22694054245948792,0.21057292819023132,0.02212577685713768,0,2000,v2a_u08,0,0,42,0.0,0.4,walk_queue_ablation
1396,27.92,0.0,0.4000000059604645,0.40666723251342773,0.24876905977725983,0.2343117594718933,0.08746631443500519,0,2000,v2a_u08,0,0,42,0.0,0.4,walk_queue_ablation
1397,27.94,0.0,0.4000000059604645,0.4063524007797241,0.2720179855823517,0.2613561153411865,0.13550236821174622,0,2000,v2a_u08,0,0,42,0.0,0.4,walk_queue_ablation
1398,27.96,0.0,0.4000000059604645,0.40571439266204834,0.2943192422389984,0.29376304149627686,0.1864035725593567,0,2000,v2a_u08,0,0,42,0.0,0.4,walk_queue_ablation
1399,27.98,0.0,0.4000000059604645,0.4046825170516968,0.3160180449485779,0.3307618796825409,0.24314911663532257,0,2000,v2a_u08,0,0,42,0.0,0.4,walk_queue_ablation
1400,28.0,0.0,0.4000000059604645,0.4034191370010376,0.3389762341976166,0.3693213164806366,0.2757386565208435,0,2000,v2a_u08,0,0,42,0.0,0.4,walk_queue_ablation
1401,28.02,0.0,0.4000000059604645,0.4021824598312378,0.3587026298046112,0.4121270477771759,0.2725692391395569,0,2000,v2a_u08,0,0,42,0.0,0.4,walk_queue_ablation
1402,28.04,0.0,0.4000000059604645,0.40072953701019287,0.37305718660354614,0.46363818645477295,0.27630239725112915,0,2000,v2a_u08,0,0,42,0.0,0.4,walk_queue_ablation
1403,28.060000000000002,0.0,0.4000000059604645,0.39899396896362305,0.38643214106559753,0.5192126035690308,0.2941506803035736,0,2000,v2a_u08,0,0,42,0.0,0.4,walk_queue_ablation
1404,28.080000000000002,0.0,0.4000000059604645,0.3978538513183594,0.3934803903102875,0.5624905824661255,0.18413519859313965,0,2000,v2a_u08,0,0,42,0.0,0.4,walk_queue_ablation
1405,28.1,0.0,0.4000000059604645,0.39590609073638916,0.32455918192863464,0.5087653398513794,0.37976348400115967,0,2000,v2a_u08,0,0,42,0.0,0.4,walk_queue_ablation
1406,28.12,0.0,0.4000000059604645,0.39497530460357666,0.2927207946777344,0.4339395761489868,0.1080646738409996,0,2000,v2a_u08,0,0,42,0.0,0.4,walk_queue_ablation
1407,28.14,0.0,0.4000000059604645,0.3957263231277466,0.2603324055671692,0.3733619749546051,0.04762004315853119,0,2000,v2a_u08,0,0,42,0.0,0.4,walk_queue_ablation
1408,28.16,0.0,0.4000000059604645,0.3964298963546753,0.23722879588603973,0.3283631205558777,0.11701230704784393,0,2000,v2a_u08,0,0,42,0.0,0.4,walk_queue_ablation
1409,28.18,0.0,0.4000000059604645,0.39609062671661377,0.21514247357845306,0.29001301527023315,0.267923504114151,0,2000,v2a_u08,0,0,42,0.0,0.4,walk_queue_ablation
1410,28.2,0.0,0.4000000059604645,0.3945215940475464,0.19838513433933258,0.2540283799171448,0.3642745614051819,0,2000,v2a_u08,0,0,42,0.0,0.4,walk_queue_ablation
1411,28.22,0.0,0.4000000059604645,0.39329802989959717,0.1778382658958435,0.22147653996944427,0.28149276971817017,0,2000,v2a_u08,0,0,42,0.0,0.4,walk_queue_ablation
1412,28.240000000000002,0.0,0.4000000059604645,0.39222264289855957,0.1594259887933731,0.19351501762866974,0.27262893319129944,0,2000,v2a_u08,0,0,42,0.0,0.4,walk_queue_ablation
1413,28.26,0.0,0.4000000059604645,0.3913590908050537,0.13838456571102142,0.16553257405757904,0.2314716875553131,0,2000,v2a_u08,0,0,42,0.0,0.4,walk_queue_ablation
1414,28.28,0.0,0.4000000059604645,0.3907597064971924,0.13185016810894012,0.14336362481117249,0.1201338917016983,0,2000,v2a_u08,0,0,42,0.0,0.4,walk_queue_ablation
1415,28.3,0.0,0.4000000059604645,0.3913612365722656,0.1296035796403885,0.12841317057609558,-0.05727701634168625,0,2000,v2a_u08,0,0,42,0.0,0.4,walk_queue_ablation
1416,28.32,0.0,0.4000000059604645,0.39261507987976074,0.13015194237232208,0.11785059422254562,-0.1399729996919632,0,2000,v2a_u08,0,0,42,0.0,0.4,walk_queue_ablation
1417,28.34,0.0,0.4000000059604645,0.39425933361053467,0.13380825519561768,0.10855573415756226,-0.21390578150749207,0,2000,v2a_u08,0,0,42,0.0,0.4,walk_queue_ablation
1418,28.36,0.0,0.4000000059604645,0.3963714838027954,0.14042051136493683,0.09899851679801941,-0.29840558767318726,0,2000,v2a_u08,0,0,42,0.0,0.4,walk_queue_ablation
1419,28.38,0.0,0.4000000059604645,0.39869868755340576,0.14738979935646057,0.08811624348163605,-0.3304533064365387,0,2000,v2a_u08,0,0,42,0.0,0.4,walk_queue_ablation
1420,28.400000000000002,0.0,0.4000000059604645,0.4006615877151489,0.14833936095237732,0.07532709091901779,-0.30025914311408997,0,2000,v2a_u08,0,0,42,0.0,0.4,walk_queue_ablation
1421,28.42,0.0,0.4000000059604645,0.40173232555389404,0.14676842093467712,0.06000471115112305,-0.2184697836637497,0,2000,v2a_u08,0,0,42,0.0,0.4,walk_queue_ablation
1422,28.44,0.0,0.4000000059604645,0.4017447233200073,0.1432780921459198,0.040897540748119354,-0.12446132302284241,0,2000,v2a_u08,0,0,42,0.0,0.4,walk_queue_ablation
1423,28.46,0.0,0.4000000059604645,0.40131282806396484,0.13573355972766876,0.01807154156267643,-0.0672885999083519,0,2000,v2a_u08,0,0,42,0.0,0.4,walk_queue_ablation
1424,28.48,0.0,0.4000000059604645,0.4003489017486572,0.12503433227539062,-0.0026550034526735544,-0.012669695541262627,0,2000,v2a_u08,0,0,42,0.0,0.4,walk_queue_ablation
1425,28.5,0.0,0.4000000059604645,0.3988856077194214,0.10929358005523682,-0.019191503524780273,0.012015609070658684,0,2000,v2a_u08,0,0,42,0.0,0.4,walk_queue_ablation
1426,28.52,0.0,0.4000000059604645,0.3971594572067261,0.08795066177845001,-0.02973075769841671,-0.006621087901294231,0,2000,v2a_u08,0,0,42,0.0,0.4,walk_queue_ablation
1427,28.54,0.0,0.4000000059604645,0.3961142301559448,0.05426160991191864,-0.006937021855264902,-0.2667134702205658,0,2000,v2a_u08,0,0,42,0.0,0.4,walk_queue_ablation
1428,28.560000000000002,0.0,0.4000000059604645,0.3931010961532593,0.049560386687517166,0.01853725127875805,0.3057251572608948,0,2000,v2a_u08,0,0,42,0.0,0.4,walk_queue_ablation
1429,28.580000000000002,0.0,0.4000000059604645,0.3868449926376343,0.04587126150727272,0.03798055648803711,0.3895028233528137,0,2000,v2a_u08,0,0,42,0.0,0.4,walk_queue_ablation
1430,28.6,0.0,0.4000000059604645,0.3807324171066284,0.05187096446752548,0.05722421035170555,0.32550859451293945,0,2000,v2a_u08,0,0,42,0.0,0.4,walk_queue_ablation
1431,28.62,0.0,0.4000000059604645,0.3759422302246094,0.06812497973442078,0.07705552875995636,0.20766443014144897,0,2000,v2a_u08,0,0,42,0.0,0.4,walk_queue_ablation
1432,28.64,0.0,0.4000000059604645,0.37342560291290283,0.08841227740049362,0.09553804248571396,0.00694521889090538,0,2000,v2a_u08,0,0,42,0.0,0.4,walk_queue_ablation
1433,28.66,0.0,0.4000000059604645,0.3723337650299072,0.11218508332967758,0.11711528897285461,-0.04545072466135025,0,2000,v2a_u08,0,0,42,0.0,0.4,walk_queue_ablation
1434,28.68,0.0,0.4000000059604645,0.372381329536438,0.13987743854522705,0.1368860900402069,-0.12820138037204742,0,2000,v2a_u08,0,0,42,0.0,0.4,walk_queue_ablation
1435,28.7,0.0,0.4000000059604645,0.3735527992248535,0.16714109480381012,0.15449899435043335,-0.18225112557411194,0,2000,v2a_u08,0,0,42,0.0,0.4,walk_queue_ablation
1436,28.72,0.0,0.4000000059604645,0.3753777742385864,0.18971173465251923,0.17234733700752258,-0.17477959394454956,0,2000,v2a_u08,0,0,42,0.0,0.4,walk_queue_ablation
1437,28.740000000000002,0.0,0.4000000059604645,0.3769350051879883,0.20864030718803406,0.1922370195388794,-0.08346894383430481,0,2000,v2a_u08,0,0,42,0.0,0.4,walk_queue_ablation
1438,28.76,0.0,0.4000000059604645,0.3777197599411011,0.2270517200231552,0.2140357345342636,0.005660841707140207,0,2000,v2a_u08,0,0,42,0.0,0.4,walk_queue_ablation
1439,28.78,0.0,0.4000000059604645,0.3780578374862671,0.2458125799894333,0.23898304998874664,0.05827304720878601,0,2000,v2a_u08,0,0,42,0.0,0.4,walk_queue_ablation
1440,28.8,0.0,0.4000000059604645,0.37818431854248047,0.2655155062675476,0.26794004440307617,0.09989289939403534,0,2000,v2a_u08,0,0,42,0.0,0.4,walk_queue_ablation
1441,28.82,0.0,0.4000000059604645,0.37801945209503174,0.284533828496933,0.3024998605251312,0.15297754108905792,0,2000,v2a_u08,0,0,42,0.0,0.4,walk_queue_ablation
1442,28.84,0.0,0.4000000059604645,0.37750041484832764,0.3046337068080902,0.3402681350708008,0.20778563618659973,0,2000,v2a_u08,0,0,42,0.0,0.4,walk_queue_ablation
1443,28.86,0.0,0.4000000059604645,0.37668073177337646,0.32565635442733765,0.38069015741348267,0.24880029261112213,0,2000,v2a_u08,0,0,42,0.0,0.4,walk_queue_ablation
1444,28.88,0.0,0.4000000059604645,0.3756011724472046,0.3415879011154175,0.42782357335090637,0.2609449625015259,0,2000,v2a_u08,0,0,42,0.0,0.4,walk_queue_ablation
1445,28.900000000000002,0.0,0.4000000059604645,0.37406837940216064,0.35489320755004883,0.48226895928382874,0.28669947385787964,0,2000,v2a_u08,0,0,42,0.0,0.4,walk_queue_ablation
1446,28.92,0.0,0.4000000059604645,0.3723863363265991,0.36666133999824524,0.5376370549201965,0.2881908416748047,0,2000,v2a_u08,0,0,42,0.0,0.4,walk_queue_ablation
1447,28.94,0.0,0.4000000059604645,0.3718377351760864,0.36993855237960815,0.5716925263404846,0.12279121577739716,0,2000,v2a_u08,0,0,42,0.0,0.4,walk_queue_ablation
1448,28.96,0.0,0.4000000059604645,0.36983978748321533,0.3010444641113281,0.48279258608818054,0.13263991475105286,0,2000,v2a_u08,0,0,42,0.0,0.4,walk_queue_ablation
1449,28.98,0.0,0.4000000059604645,0.37031853199005127,0.2653822898864746,0.41347506642341614,0.04876201972365379,0,2000,v2a_u08,0,0,42,0.0,0.4,walk_queue_ablation
1450,29.0,0.0,0.4000000059604645,0.3713778257369995,0.24045559763908386,0.3624178171157837,0.05524888262152672,0,2000,v2a_u08,0,0,42,0.0,0.4,walk_queue_ablation
1451,29.02,0.0,0.4000000059604645,0.3716503381729126,0.21760360896587372,0.32187604904174805,0.19286902248859406,0,2000,v2a_u08,0,0,42,0.0,0.4,walk_queue_ablation
1452,29.04,0.0,0.4000000059604645,0.37055373191833496,0.19446374475955963,0.28514641523361206,0.34620797634124756,0,2000,v2a_u08,0,0,42,0.0,0.4,walk_queue_ablation
1453,29.060000000000002,0.0,0.4000000059604645,0.3685401678085327,0.17797397077083588,0.25048431754112244,0.3800754249095917,0,2000,v2a_u08,0,0,42,0.0,0.4,walk_queue_ablation
1454,29.080000000000002,0.0,0.4000000059604645,0.3671163320541382,0.15571072697639465,0.2194078117609024,0.27942129969596863,0,2000,v2a_u08,0,0,42,0.0,0.4,walk_queue_ablation
1455,29.1,0.0,0.4000000059604645,0.3660120964050293,0.14120186865329742,0.19228851795196533,0.24219389259815216,0,2000,v2a_u08,0,0,42,0.0,0.4,walk_queue_ablation
1456,29.12,0.0,0.4000000059604645,0.3653564453125,0.12356844544410706,0.16580387949943542,0.18079406023025513,0,2000,v2a_u08,0,0,42,0.0,0.4,walk_queue_ablation
1457,29.14,0.0,0.4000000059604645,0.36497962474823,0.12046419829130173,0.14676600694656372,0.06890604645013809,0,2000,v2a_u08,0,0,42,0.0,0.4,walk_queue_ablation
1458,29.16,0.0,0.4000000059604645,0.36572110652923584,0.1208539754152298,0.13415074348449707,-0.09711093455553055,0,2000,v2a_u08,0,0,42,0.0,0.4,walk_queue_ablation
1459,29.18,0.0,0.4000000059604645,0.367275595664978,0.12364396452903748,0.12429967522621155,-0.1936168074607849,0,2000,v2a_u08,0,0,42,0.0,0.4,walk_queue_ablation
1460,29.2,0.0,0.4000000059604645,0.36929237842559814,0.12885652482509613,0.11509007960557938,-0.2655443251132965,0,2000,v2a_u08,0,0,42,0.0,0.4,walk_queue_ablation
1461,29.22,0.0,0.4000000059604645,0.37167155742645264,0.13496750593185425,0.10580044239759445,-0.3356776833534241,0,2000,v2a_u08,0,0,42,0.0,0.4,walk_queue_ablation
1462,29.240000000000002,0.0,0.4000000059604645,0.3740943670272827,0.1376960724592209,0.09488961845636368,-0.3435642421245575,0,2000,v2a_u08,0,0,42,0.0,0.4,walk_queue_ablation
1463,29.26,0.0,0.4000000059604645,0.37591803073883057,0.13436727225780487,0.082110695540905,-0.2909485101699829,0,2000,v2a_u08,0,0,42,0.0,0.4,walk_queue_ablation
1464,29.28,0.0,0.4000000059604645,0.3767813444137573,0.12933561205863953,0.06625346094369888,-0.2037830799818039,0,2000,v2a_u08,0,0,42,0.0,0.4,walk_queue_ablation
1465,29.3,0.0,0.4000000059604645,0.3768494129180908,0.12169378250837326,0.046410441398620605,-0.1285456269979477,0,2000,v2a_u08,0,0,42,0.0,0.4,walk_queue_ablation
1466,29.32,0.0,0.4000000059604645,0.37652337551116943,0.1104942336678505,0.025158453732728958,-0.07589137554168701,0,2000,v2a_u08,0,0,42,0.0,0.4,walk_queue_ablation
1467,29.34,0.0,0.4000000059604645,0.37566637992858887,0.09569661319255829,0.007289966568350792,-0.03440053015947342,0,2000,v2a_u08,0,0,42,0.0,0.4,walk_queue_ablation
1468,29.36,0.0,0.4000000059604645,0.3743807077407837,0.0749685987830162,-0.004855191335082054,-0.023145681247115135,0,2000,v2a_u08,0,0,42,0.0,0.4,walk_queue_ablation
1469,29.38,0.0,0.4000000059604645,0.3730121850967407,0.0508289560675621,-0.010950613766908646,-0.06374284625053406,0,2000,v2a_u08,0,0,42,0.0,0.4,walk_queue_ablation
1470,29.400000000000002,0.0,0.4000000059604645,0.3724128007888794,0.027260418981313705,0.025093315169215202,0.10964906215667725,0,2000,v2a_u08,0,0,42,0.0,0.4,walk_queue_ablation
1471,29.42,0.0,0.4000000059604645,0.3677605390548706,0.01906534656882286,0.046610597521066666,0.30818286538124084,0,2000,v2a_u08,0,0,42,0.0,0.4,walk_queue_ablation
1472,29.44,0.0,0.4000000059604645,0.3623117208480835,0.0252509955316782,0.06306556612253189,0.26793372631073,0,2000,v2a_u08,0,0,42,0.0,0.4,walk_queue_ablation
1473,29.46,0.0,0.4000000059604645,0.35780835151672363,0.03917180746793747,0.08059170097112656,0.1767633855342865,0,2000,v2a_u08,0,0,42,0.0,0.4,walk_queue_ablation
1474,29.48,0.0,0.4000000059604645,0.35496199131011963,0.06162407249212265,0.09903699904680252,0.044942066073417664,0,2000,v2a_u08,0,0,42,0.0,0.4,walk_queue_ablation
1475,29.5,0.0,0.4000000059604645,0.35363447666168213,0.08834980428218842,0.11868897825479507,-0.04979754984378815,0,2000,v2a_u08,0,0,42,0.0,0.4,walk_queue_ablation
1476,29.52,0.0,0.4000000059604645,0.35333025455474854,0.12182243168354034,0.13829265534877777,-0.0872669517993927,0,2000,v2a_u08,0,0,42,0.0,0.4,walk_queue_ablation
1477,29.54,0.0,0.4000000059604645,0.3537701368331909,0.153532475233078,0.15821313858032227,-0.12305526435375214,0,2000,v2a_u08,0,0,42,0.0,0.4,walk_queue_ablation
1478,29.560000000000002,0.0,0.4000000059604645,0.3549767732620239,0.18249472975730896,0.1752273142337799,-0.13699793815612793,0,2000,v2a_u08,0,0,42,0.0,0.4,walk_queue_ablation
1479,29.580000000000002,0.0,0.4000000059604645,0.3561739921569824,0.20378339290618896,0.19405193626880646,-0.0724172294139862,0,2000,v2a_u08,0,0,42,0.0,0.4,walk_queue_ablation
1480,29.6,0.0,0.4000000059604645,0.3568321466445923,0.22464334964752197,0.21362000703811646,0.011164478026330471,0,2000,v2a_u08,0,0,42,0.0,0.4,walk_queue_ablation
1481,29.62,0.0,0.4000000059604645,0.3569408655166626,0.24641570448875427,0.23708924651145935,0.0763150081038475,0,2000,v2a_u08,0,0,42,0.0,0.4,walk_queue_ablation
1482,29.64,0.0,0.4000000059604645,0.35671401023864746,0.2694948613643646,0.264452189207077,0.12726253271102905,0,2000,v2a_u08,0,0,42,0.0,0.4,walk_queue_ablation
1483,29.66,0.0,0.4000000059604645,0.3561517000198364,0.2914917469024658,0.29723140597343445,0.175994873046875,0,2000,v2a_u08,0,0,42,0.0,0.4,walk_queue_ablation
1484,29.68,0.0,0.4000000059604645,0.35524773597717285,0.3132052719593048,0.33429884910583496,0.22976751625537872,0,2000,v2a_u08,0,0,42,0.0,0.4,walk_queue_ablation
1485,29.7,0.0,0.4000000059604645,0.35416901111602783,0.3357020318508148,0.3731793463230133,0.25504761934280396,0,2000,v2a_u08,0,0,42,0.0,0.4,walk_queue_ablation
1486,29.72,0.0,0.4000000059604645,0.35317087173461914,0.3545714318752289,0.41655299067497253,0.24561800062656403,0,2000,v2a_u08,0,0,42,0.0,0.4,walk_queue_ablation
1487,29.740000000000002,0.0,0.4000000059604645,0.35200464725494385,0.36831769347190857,0.4685930609703064,0.2474704533815384,0,2000,v2a_u08,0,0,42,0.0,0.4,walk_queue_ablation
1488,29.76,0.0,0.4000000059604645,0.35055065155029297,0.38130417466163635,0.5247074961662292,0.27095484733581543,0,2000,v2a_u08,0,0,42,0.0,0.4,walk_queue_ablation
1489,29.78,0.0,0.4000000059604645,0.3496018648147583,0.3880701959133148,0.5674388408660889,0.1761995553970337,0,2000,v2a_u08,0,0,42,0.0,0.4,walk_queue_ablation
1490,29.8,0.0,0.4000000059604645,0.34756696224212646,0.3184235394001007,0.509761393070221,0.39921829104423523,0,2000,v2a_u08,0,0,42,0.0,0.4,walk_queue_ablation
1491,29.82,0.0,0.4000000059604645,0.3465813398361206,0.28770095109939575,0.4364037811756134,0.11388928443193436,0,2000,v2a_u08,0,0,42,0.0,0.4,walk_queue_ablation
1492,29.84,0.0,0.4000000059604645,0.34738612174987793,0.2564929723739624,0.3756599426269531,0.0398433692753315,0,2000,v2a_u08,0,0,42,0.0,0.4,walk_queue_ablation
1493,29.86,0.0,0.4000000059604645,0.34821367263793945,0.23388271033763885,0.3310840129852295,0.10008196532726288,0,2000,v2a_u08,0,0,42,0.0,0.4,walk_queue_ablation
1494,29.88,0.0,0.4000000059604645,0.3481084108352661,0.21092963218688965,0.29194700717926025,0.2473219335079193,0,2000,v2a_u08,0,0,42,0.0,0.4,walk_queue_ablation
1495,29.900000000000002,0.0,0.4000000059604645,0.3467073440551758,0.19460414350032806,0.25616154074668884,0.346733033657074,0,2000,v2a_u08,0,0,42,0.0,0.4,walk_queue_ablation
1496,29.92,0.0,0.4000000059604645,0.34566962718963623,0.17480674386024475,0.22340334951877594,0.25955653190612793,0,2000,v2a_u08,0,0,42,0.0,0.4,walk_queue_ablation
1497,29.94,0.0,0.4000000059604645,0.344793438911438,0.15686307847499847,0.19493184983730316,0.24875646829605103,0,2000,v2a_u08,0,0,42,0.0,0.4,walk_queue_ablation
1498,29.96,0.0,0.4000000059604645,0.3441671133041382,0.1359381079673767,0.16652457416057587,0.20571136474609375,0,2000,v2a_u08,0,0,42,0.0,0.4,walk_queue_ablation
1499,29.98,0.0,0.4000000059604645,1.0614582300186157,0.1294807344675064,0.14418481290340424,0.09747511893510818,0,2000,v2a_u08,0,0,42,0.0,0.4,walk_queue_ablation
1500,30.0,0.0,0.4000000059604645,1.0623732805252075,0.1280566155910492,0.12865623831748962,-0.08951056003570557,0,2000,v2a_u08,0,0,42,0.0,0.4,walk_queue_ablation
1501,30.02,0.0,0.4000000059604645,1.0638395547866821,0.12988315522670746,0.11816605925559998,-0.15193289518356323,0,2000,v2a_u08,0,0,42,0.0,0.4,walk_queue_ablation
1502,30.04,0.0,0.4000000059604645,1.065512776374817,0.1346220076084137,0.10818617045879364,-0.207344189286232,0,2000,v2a_u08,0,0,42,0.0,0.4,walk_queue_ablation
1503,30.060000000000002,0.0,0.4000000059604645,1.0674315690994263,0.1430184543132782,0.09762077778577805,-0.2648472189903259,0,2000,v2a_u08,0,0,42,0.0,0.4,walk_queue_ablation
1504,30.080000000000002,0.0,0.4000000059604645,1.068991780281067,0.15180067718029022,0.08631128072738647,-0.23123624920845032,0,2000,v2a_u08,0,0,42,0.0,0.4,walk_queue_ablation
1505,30.1,0.0,0.4000000059604645,1.0694915056228638,0.15372289717197418,0.07245676219463348,-0.13142171502113342,0,2000,v2a_u08,0,0,42,0.0,0.4,walk_queue_ablation
1506,30.12,0.0,0.4000000059604645,1.0683428049087524,0.15292827785015106,0.05560056120157242,0.02953188493847847,0,2000,v2a_u08,0,0,42,0.0,0.4,walk_queue_ablation
1507,30.14,0.0,0.4000000059604645,1.065322995185852,0.14869451522827148,0.03454851731657982,0.21035251021385193,0,2000,v2a_u08,0,0,42,0.0,0.4,walk_queue_ablation
1508,30.16,0.0,0.4000000059604645,1.061048150062561,0.1390630453824997,0.01078784093260765,0.3501807451248169,0,2000,v2a_u08,0,0,42,0.0,0.4,walk_queue_ablation
1509,30.18,0.0,0.4000000059604645,1.0555135011672974,0.1269131898880005,-0.01004719641059637,0.45306146144866943,0,2000,v2a_u08,0,0,42,0.0,0.4,walk_queue_ablation
1510,30.2,0.0,0.4000000059604645,1.0498658418655396,0.10914298892021179,-0.02599099650979042,0.3563218116760254,0,2000,v2a_u08,0,0,42,0.0,0.4,walk_queue_ablation
1511,30.22,0.0,0.4000000059604645,1.046239972114563,0.08899889141321182,-0.03582746535539627,0.026146264746785164,0,2000,v2a_u08,0,0,42,0.0,0.4,walk_queue_ablation
1512,30.240000000000002,0.0,0.4000000059604645,1.0460377931594849,0.058955416083335876,-0.008408666588366032,-0.0813404992222786,0,2000,v2a_u08,0,0,42,0.0,0.4,walk_queue_ablation
1513,30.26,0.0,0.4000000059604645,1.0410124063491821,0.052678074687719345,0.010468021966516972,0.49690455198287964,0,2000,v2a_u08,0,0,42,0.0,0.4,walk_queue_ablation
1514,30.28,0.0,0.4000000059604645,1.0328656435012817,0.049304429441690445,0.026687905192375183,0.5969111919403076,0,2000,v2a_u08,0,0,42,0.0,0.4,walk_queue_ablation
1515,30.3,0.0,0.4000000059604645,1.024375081062317,0.05601107329130173,0.043494485318660736,0.6031068563461304,0,2000,v2a_u08,0,0,42,0.0,0.4,walk_queue_ablation
1516,30.32,0.0,0.4000000059604645,1.0166040658950806,0.07337051630020142,0.061809174716472626,0.529664933681488,0,2000,v2a_u08,0,0,42,0.0,0.4,walk_queue_ablation
1517,30.34,0.0,0.4000000059604645,1.0108095407485962,0.09602408856153488,0.0792977586388588,0.3352627158164978,0,2000,v2a_u08,0,0,42,0.0,0.4,walk_queue_ablation
1518,30.36,0.0,0.4000000059604645,1.0068117380142212,0.1236405074596405,0.09928365796804428,0.2130662053823471,0,2000,v2a_u08,0,0,42,0.0,0.4,walk_queue_ablation
1519,30.38,0.0,0.4000000059604645,1.0049372911453247,0.15447857975959778,0.11707229167222977,0.03062388300895691,0,2000,v2a_u08,0,0,42,0.0,0.4,walk_queue_ablation
1520,30.400000000000002,0.0,0.4000000059604645,1.004982590675354,0.18645663559436798,0.13255168497562408,-0.07019470632076263,0,2000,v2a_u08,0,0,42,0.0,0.4,walk_queue_ablation
1521,30.42,0.0,0.4000000059604645,1.0056897401809692,0.2126525491476059,0.15083344280719757,-0.05076855421066284,0,2000,v2a_u08,0,0,42,0.0,0.4,walk_queue_ablation
1522,30.44,0.0,0.4000000059604645,1.006177544593811,0.2353392094373703,0.17034722864627838,0.011031042784452438,0,2000,v2a_u08,0,0,42,0.0,0.4,walk_queue_ablation
1523,30.46,0.0,0.4000000059604645,1.0060817003250122,0.25624606013298035,0.19255515933036804,0.08372336626052856,0,2000,v2a_u08,0,0,42,0.0,0.4,walk_queue_ablation
1524,30.48,0.0,0.4000000059604645,1.0056434869766235,0.2766370177268982,0.21585248410701752,0.13585466146469116,0,2000,v2a_u08,0,0,42,0.0,0.4,walk_queue_ablation
1525,30.5,0.0,0.4000000059604645,1.0048795938491821,0.29730692505836487,0.24203753471374512,0.19452404975891113,0,2000,v2a_u08,0,0,42,0.0,0.4,walk_queue_ablation
1526,30.52,0.0,0.4000000059604645,1.0035558938980103,0.31821301579475403,0.2730627954006195,0.27521222829818726,0,2000,v2a_u08,0,0,42,0.0,0.4,walk_queue_ablation
1527,30.54,0.0,0.4000000059604645,1.001557469367981,0.3424150347709656,0.3066311776638031,0.36444053053855896,0,2000,v2a_u08,0,0,42,0.0,0.4,walk_queue_ablation
1528,30.560000000000002,0.0,0.4000000059604645,0.998794674873352,0.36930376291275024,0.3422926664352417,0.45618146657943726,0,2000,v2a_u08,0,0,42,0.0,0.4,walk_queue_ablation
1529,30.580000000000002,0.0,0.4000000059604645,0.9952551126480103,0.3920145034790039,0.38414040207862854,0.5148569345474243,0,2000,v2a_u08,0,0,42,0.0,0.4,walk_queue_ablation
1530,30.6,0.0,0.4000000059604645,0.9909993410110474,0.41004034876823425,0.43141260743141174,0.5419268608093262,0,2000,v2a_u08,0,0,42,0.0,0.4,walk_queue_ablation
1531,30.62,0.0,0.4000000059604645,0.986953854560852,0.4242500066757202,0.47987642884254456,0.45255905389785767,0,2000,v2a_u08,0,0,42,0.0,0.4,walk_queue_ablation
1532,30.64,0.0,0.4000000059604645,0.9852315187454224,0.43158987164497375,0.5212787389755249,0.11517448723316193,0,2000,v2a_u08,0,0,42,0.0,0.4,walk_queue_ablation
1533,30.66,0.0,0.4000000059604645,0.9844852685928345,0.3621629476547241,0.4632028043270111,0.19310986995697021,0,2000,v2a_u08,0,0,42,0.0,0.4,walk_queue_ablation
1534,30.68,0.0,0.4000000059604645,0.984078049659729,0.3254595696926117,0.39606842398643494,0.11494619399309158,0,2000,v2a_u08,0,0,42,0.0,0.4,walk_queue_ablation
1535,30.7,0.0,0.4000000059604645,0.9841924905776978,0.29177403450012207,0.33576205372810364,0.14735659956932068,0,2000,v2a_u08,0,0,42,0.0,0.4,walk_queue_ablation
1536,30.72,0.0,0.4000000059604645,0.9836913347244263,0.2665773034095764,0.28695550560951233,0.27800148725509644,0,2000,v2a_u08,0,0,42,0.0,0.4,walk_queue_ablation
1537,30.740000000000002,0.0,0.4000000059604645,0.9816309213638306,0.24446509778499603,0.24928675591945648,0.46720781922340393,0,2000,v2a_u08,0,0,42,0.0,0.4,walk_queue_ablation
1538,30.76,0.0,0.4000000059604645,0.9782677888870239,0.2264609932899475,0.2160150557756424,0.5548863410949707,0,2000,v2a_u08,0,0,42,0.0,0.4,walk_queue_ablation
1539,30.78,0.0,0.4000000059604645,0.9751354455947876,0.20315898954868317,0.18677881360054016,0.48719164729118347,0,2000,v2a_u08,0,0,42,0.0,0.4,walk_queue_ablation
1540,30.8,0.0,0.4000000059604645,0.9719754457473755,0.1859709769487381,0.16103024780750275,0.4763459265232086,0,2000,v2a_u08,0,0,42,0.0,0.4,walk_queue_ablation
1541,30.82,0.0,0.4000000059604645,0.9689775705337524,0.16819696128368378,0.13721485435962677,0.4210866093635559,0,2000,v2a_u08,0,0,42,0.0,0.4,walk_queue_ablation
1542,30.84,0.0,0.4000000059604645,0.9662648439407349,0.1614997833967209,0.11697427928447723,0.3139966130256653,0,2000,v2a_u08,0,0,42,0.0,0.4,walk_queue_ablation
1543,30.86,0.0,0.4000000059604645,0.9648529291152954,0.1580851972103119,0.10418111830949783,0.11137361824512482,0,2000,v2a_u08,0,0,42,0.0,0.4,walk_queue_ablation
1544,30.88,0.0,0.4000000059604645,0.9645048379898071,0.15613393485546112,0.09425003826618195,-0.014598011039197445,0,2000,v2a_u08,0,0,42,0.0,0.4,walk_queue_ablation
1545,30.900000000000002,0.0,0.4000000059604645,0.9648672342300415,0.15732045471668243,0.08567465096712112,-0.11768656224012375,0,2000,v2a_u08,0,0,42,0.0,0.4,walk_queue_ablation
1546,30.92,0.0,0.4000000059604645,0.9656845331192017,0.1606806218624115,0.07675011456012726,-0.18756729364395142,0,2000,v2a_u08,0,0,42,0.0,0.4,walk_queue_ablation
1547,30.94,0.0,0.4000000059604645,0.9663573503494263,0.16174131631851196,0.06516402959823608,-0.16465052962303162,0,2000,v2a_u08,0,0,42,0.0,0.4,walk_queue_ablation
1548,30.96,0.0,0.4000000059604645,0.9659467935562134,0.1588580310344696,0.05140510946512222,-0.056206006556749344,0,2000,v2a_u08,0,0,42,0.0,0.4,walk_queue_ablation
1549,30.98,0.0,0.4000000059604645,0.9640308618545532,0.1545354276895523,0.03367582708597183,0.08871322125196457,0,2000,v2a_u08,0,0,42,0.0,0.4,walk_queue_ablation
1550,31.0,0.0,0.4000000059604645,0.961128830909729,0.1448931097984314,0.011427436023950577,0.1945658028125763,0,2000,v2a_u08,0,0,42,0.0,0.4,walk_queue_ablation
1551,31.02,0.0,0.4000000059604645,0.9573231935501099,0.13333182036876678,-0.009790337644517422,0.2802901566028595,0,2000,v2a_u08,0,0,42,0.0,0.4,walk_queue_ablation
1552,31.04,0.0,0.4000000059604645,0.9532963037490845,0.11932108551263809,-0.027572693303227425,0.2285042107105255,0,2000,v2a_u08,0,0,42,0.0,0.4,walk_queue_ablation
1553,31.060000000000002,0.0,0.4000000059604645,0.9507676362991333,0.10122552514076233,-0.03700929880142212,-0.034412384033203125,0,2000,v2a_u08,0,0,42,0.0,0.4,walk_queue_ablation
1554,31.080000000000002,0.0,0.4000000059604645,0.9510179758071899,0.07757610827684402,-0.04301296919584274,-0.3045125901699066,0,2000,v2a_u08,0,0,42,0.0,0.4,walk_queue_ablation
1555,31.1,0.0,0.4000000059604645,0.951367974281311,0.06250736117362976,-0.003028703387826681,0.1612810492515564,0,2000,v2a_u08,0,0,42,0.0,0.4,walk_queue_ablation
1556,31.12,0.0,0.4000000059604645,0.9447771310806274,0.05649573728442192,0.01982134021818638,0.5843847990036011,0,2000,v2a_u08,0,0,42,0.0,0.4,walk_queue_ablation
1557,31.14,0.0,0.4000000059604645,0.9362407922744751,0.0575694777071476,0.03720180690288544,0.6069539785385132,0,2000,v2a_u08,0,0,42,0.0,0.4,walk_queue_ablation
1558,31.16,0.0,0.4000000059604645,0.9281283617019653,0.0675695613026619,0.0562187135219574,0.5606138706207275,0,2000,v2a_u08,0,0,42,0.0,0.4,walk_queue_ablation
1559,31.18,0.0,0.4000000059604645,0.9218608140945435,0.08811460435390472,0.07343718409538269,0.37684905529022217,0,2000,v2a_u08,0,0,42,0.0,0.4,walk_queue_ablation
1560,31.2,0.0,0.4000000059604645,0.9176727533340454,0.11420343816280365,0.09216297417879105,0.21690838038921356,0,2000,v2a_u08,0,0,42,0.0,0.4,walk_queue_ablation
1561,31.220000000000002,0.0,0.4000000059604645,0.9152060747146606,0.14418785274028778,0.11272982507944107,0.0857003778219223,0,2000,v2a_u08,0,0,42,0.0,0.4,walk_queue_ablation
1562,31.240000000000002,0.0,0.4000000059604645,0.9146648645401001,0.17564193904399872,0.13117699325084686,-0.052355214953422546,0,2000,v2a_u08,0,0,42,0.0,0.4,walk_queue_ablation
1563,31.26,0.0,0.4000000059604645,0.9153567552566528,0.2073473185300827,0.1485792100429535,-0.07458265125751495,0,2000,v2a_u08,0,0,42,0.0,0.4,walk_queue_ablation
1564,31.28,0.0,0.4000000059604645,0.9160386323928833,0.23211410641670227,0.1691252589225769,-0.006711828522384167,0,2000,v2a_u08,0,0,42,0.0,0.4,walk_queue_ablation
1565,31.3,0.0,0.4000000059604645,0.9161206483840942,0.25310367345809937,0.19223296642303467,0.0642586350440979,0,2000,v2a_u08,0,0,42,0.0,0.4,walk_queue_ablation
1566,31.32,0.0,0.4000000059604645,0.9156805276870728,0.2745960056781769,0.21724355220794678,0.1311144232749939,0,2000,v2a_u08,0,0,42,0.0,0.4,walk_queue_ablation
1567,31.34,0.0,0.4000000059604645,0.9149104356765747,0.297546923160553,0.2438347339630127,0.1859147846698761,0,2000,v2a_u08,0,0,42,0.0,0.4,walk_queue_ablation
1568,31.36,0.0,0.4000000059604645,0.9136735200881958,0.3194107711315155,0.27519455552101135,0.2558474838733673,0,2000,v2a_u08,0,0,42,0.0,0.4,walk_queue_ablation
1569,31.38,0.0,0.4000000059604645,0.9117432832717896,0.34274324774742126,0.31085118651390076,0.3467971980571747,0,2000,v2a_u08,0,0,42,0.0,0.4,walk_queue_ablation
1570,31.400000000000002,0.0,0.4000000059604645,0.9091249704360962,0.3698185086250305,0.34740179777145386,0.4326460361480713,0,2000,v2a_u08,0,0,42,0.0,0.4,walk_queue_ablation
1571,31.42,0.0,0.4000000059604645,0.9059840440750122,0.3944239020347595,0.388645738363266,0.4777785837650299,0,2000,v2a_u08,0,0,42,0.0,0.4,walk_queue_ablation
1572,31.44,0.0,0.4000000059604645,0.9022089242935181,0.41321831941604614,0.43793103098869324,0.5068556070327759,0,2000,v2a_u08,0,0,42,0.0,0.4,walk_queue_ablation
1573,31.46,0.0,0.4000000059604645,0.8982244729995728,0.42905163764953613,0.48959288001060486,0.47838294506073,0,2000,v2a_u08,0,0,42,0.0,0.4,walk_queue_ablation
1574,31.48,0.0,0.4000000059604645,0.8956805467605591,0.4379275143146515,0.5361788272857666,0.23537807166576385,0,2000,v2a_u08,0,0,42,0.0,0.4,walk_queue_ablation
1575,31.5,0.0,0.4000000059604645,0.8937808275222778,0.36980995535850525,0.4773930311203003,0.2504299283027649,0,2000,v2a_u08,0,0,42,0.0,0.4,walk_queue_ablation
1576,31.52,0.0,0.4000000059604645,0.8930827379226685,0.33237138390541077,0.41087570786476135,0.12125961482524872,0,2000,v2a_u08,0,0,42,0.0,0.4,walk_queue_ablation
1577,31.54,0.0,0.4000000059604645,0.8931642770767212,0.29650938510894775,0.3511332869529724,0.13483735918998718,0,2000,v2a_u08,0,0,42,0.0,0.4,walk_queue_ablation
1578,31.560000000000002,0.0,0.4000000059604645,0.8927088975906372,0.26919710636138916,0.30318644642829895,0.26244980096817017,0,2000,v2a_u08,0,0,42,0.0,0.4,walk_queue_ablation
1579,31.580000000000002,0.0,0.4000000059604645,0.8908296823501587,0.2463216930627823,0.2646190822124481,0.43175438046455383,0,2000,v2a_u08,0,0,42,0.0,0.4,walk_queue_ablation
1580,31.6,0.0,0.4000000059604645,0.8878074884414673,0.22858992218971252,0.23007263243198395,0.5046751499176025,0,2000,v2a_u08,0,0,42,0.0,0.4,walk_queue_ablation
1581,31.62,0.0,0.4000000059604645,0.8851386308670044,0.20351020991802216,0.19924266636371613,0.44105347990989685,0,2000,v2a_u08,0,0,42,0.0,0.4,walk_queue_ablation
1582,31.64,0.0,0.4000000059604645,0.882452130317688,0.18512336909770966,0.1726875752210617,0.44040918350219727,0,2000,v2a_u08,0,0,42,0.0,0.4,walk_queue_ablation
1583,31.66,0.0,0.4000000059604645,0.879977822303772,0.1658799797296524,0.14662805199623108,0.38429078459739685,0,2000,v2a_u08,0,0,42,0.0,0.4,walk_queue_ablation
1584,31.68,0.0,0.4000000059604645,0.8778058290481567,0.1586546152830124,0.1247965395450592,0.275413453578949,0,2000,v2a_u08,0,0,42,0.0,0.4,walk_queue_ablation
1585,31.7,0.0,0.4000000059604645,0.8767920732498169,0.154813751578331,0.1105215772986412,0.10045857727527618,0,2000,v2a_u08,0,0,42,0.0,0.4,walk_queue_ablation
1586,31.720000000000002,0.0,0.4000000059604645,0.876592755317688,0.1533450335264206,0.10017246007919312,-0.007275093346834183,0,2000,v2a_u08,0,0,42,0.0,0.4,walk_queue_ablation
1587,31.740000000000002,0.0,0.4000000059604645,0.877027153968811,0.1551763266324997,0.09141356498003006,-0.1060100719332695,0,2000,v2a_u08,0,0,42,0.0,0.4,walk_queue_ablation
1588,31.76,0.0,0.4000000059604645,0.8779526948928833,0.15966811776161194,0.0830172449350357,-0.18366479873657227,0,2000,v2a_u08,0,0,42,0.0,0.4,walk_queue_ablation
1589,31.78,0.0,0.4000000059604645,0.8788987398147583,0.16439130902290344,0.07305525988340378,-0.19254881143569946,0,2000,v2a_u08,0,0,42,0.0,0.4,walk_queue_ablation
1590,31.8,0.0,0.4000000059604645,0.8790894746780396,0.1636391431093216,0.06008201092481613,-0.1119920015335083,0,2000,v2a_u08,0,0,42,0.0,0.4,walk_queue_ablation
1591,31.82,0.0,0.4000000059604645,0.8779236078262329,0.16198700666427612,0.044332556426525116,0.01548477727919817,0,2000,v2a_u08,0,0,42,0.0,0.4,walk_queue_ablation
1592,31.84,0.0,0.4000000059604645,0.8754922151565552,0.15666672587394714,0.024065334349870682,0.13681741058826447,0,2000,v2a_u08,0,0,42,0.0,0.4,walk_queue_ablation
1593,31.86,0.0,0.4000000059604645,0.8723808526992798,0.1462394893169403,0.0015938403084874153,0.21452592313289642,0,2000,v2a_u08,0,0,42,0.0,0.4,walk_queue_ablation
1594,31.88,0.0,0.4000000059604645,0.8686181306838989,0.13458213210105896,-0.01743968576192856,0.24514950811862946,0,2000,v2a_u08,0,0,42,0.0,0.4,walk_queue_ablation
1595,31.900000000000002,0.0,0.4000000059604645,0.8652669191360474,0.11761575192213058,-0.03297198936343193,0.1214103028178215,0,2000,v2a_u08,0,0,42,0.0,0.4,walk_queue_ablation
1596,31.92,0.0,0.4000000059604645,0.8638578653335571,0.0973004400730133,-0.040783148258924484,-0.1709124892950058,0,2000,v2a_u08,0,0,42,0.0,0.4,walk_queue_ablation
1597,31.94,0.0,0.4000000059604645,0.8653203248977661,0.0617750808596611,-0.011697772890329361,-0.3125036060810089,0,2000,v2a_u08,0,0,42,0.0,0.4,walk_queue_ablation
1598,31.96,0.0,0.4000000059604645,0.8614031076431274,0.05652061477303505,0.01434021070599556,0.42055508494377136,0,2000,v2a_u08,0,0,42,0.0,0.4,walk_queue_ablation
1599,31.98,0.0,0.4000000059604645,0.8536859750747681,0.05417974293231964,0.03202909976243973,0.5534887313842773,0,2000,v2a_u08,0,0,42,0.0,0.4,walk_queue_ablation
1600,32.0,0.0,0.4000000059604645,0.845718502998352,0.06173503026366234,0.049222372472286224,0.5401945114135742,0,2000,v2a_u08,0,0,42,0.0,0.4,walk_queue_ablation
1601,32.02,0.0,0.4000000059604645,0.8387466669082642,0.0777125284075737,0.068924680352211,0.4357476830482483,0,2000,v2a_u08,0,0,42,0.0,0.4,walk_queue_ablation
1602,32.04,0.0,0.4000000059604645,0.8341623544692993,0.09964203089475632,0.08670926094055176,0.2115829586982727,0,2000,v2a_u08,0,0,42,0.0,0.4,walk_queue_ablation
1603,32.06,0.0,0.4000000059604645,0.8312546014785767,0.12863971292972565,0.10733381658792496,0.1294456124305725,0,2000,v2a_u08,0,0,42,0.0,0.4,walk_queue_ablation
1604,32.08,0.0,0.4000000059604645,0.830051064491272,0.16130129992961884,0.12653608620166779,-0.01663155108690262,0,2000,v2a_u08,0,0,42,0.0,0.4,walk_queue_ablation
1605,32.1,0.0,0.4000000059604645,0.8305221796035767,0.1935984343290329,0.1431131660938263,-0.0989546850323677,0,2000,v2a_u08,0,0,42,0.0,0.4,walk_queue_ablation
1606,32.12,0.0,0.4000000059604645,0.8313437700271606,0.2188541740179062,0.16359999775886536,-0.04893707111477852,0,2000,v2a_u08,0,0,42,0.0,0.4,walk_queue_ablation
1607,32.14,0.0,0.4000000059604645,0.8318058252334595,0.24074134230613708,0.1852693110704422,0.018179386854171753,0,2000,v2a_u08,0,0,42,0.0,0.4,walk_queue_ablation
1608,32.160000000000004,0.0,0.4000000059604645,0.8316890001296997,0.2607811391353607,0.20922668278217316,0.08944756537675858,0,2000,v2a_u08,0,0,42,0.0,0.4,walk_queue_ablation
1609,32.18,0.0,0.4000000059604645,0.831210732460022,0.2809005677700043,0.2348349690437317,0.14307676255702972,0,2000,v2a_u08,0,0,42,0.0,0.4,walk_queue_ablation
1610,32.2,0.0,0.4000000059604645,0.8304315805435181,0.301364541053772,0.26361536979675293,0.1946505904197693,0,2000,v2a_u08,0,0,42,0.0,0.4,walk_queue_ablation
1611,32.22,0.0,0.4000000059604645,0.8290969133377075,0.3223720192909241,0.2978213429450989,0.2815696895122528,0,2000,v2a_u08,0,0,42,0.0,0.4,walk_queue_ablation
1612,32.24,0.0,0.4000000059604645,0.8270713090896606,0.3461768329143524,0.334240585565567,0.3680473268032074,0,2000,v2a_u08,0,0,42,0.0,0.4,walk_queue_ablation
1613,32.26,0.0,0.4000000059604645,0.8244062662124634,0.37121328711509705,0.3734282851219177,0.439519464969635,0,2000,v2a_u08,0,0,42,0.0,0.4,walk_queue_ablation
1614,32.28,0.0,0.4000000059604645,0.8211661577224731,0.3908274471759796,0.4195871651172638,0.47239217162132263,0,2000,v2a_u08,0,0,42,0.0,0.4,walk_queue_ablation
1615,32.3,0.0,0.4000000059604645,0.8173881769180298,0.4065239727497101,0.4715564548969269,0.4916299879550934,0,2000,v2a_u08,0,0,42,0.0,0.4,walk_queue_ablation
1616,32.32,0.0,0.4000000059604645,0.8140474557876587,0.4180545210838318,0.523655116558075,0.3833167254924774,0,2000,v2a_u08,0,0,42,0.0,0.4,walk_queue_ablation
1617,32.34,0.0,0.4000000059604645,0.8131362199783325,0.42107945680618286,0.5604364275932312,0.04874051362276077,0,2000,v2a_u08,0,0,42,0.0,0.4,walk_queue_ablation
1618,32.36,0.0,0.4000000059604645,0.8113690614700317,0.3393353521823883,0.4570654630661011,0.10478819906711578,0,2000,v2a_u08,0,0,42,0.0,0.4,walk_queue_ablation
1619,32.38,0.0,0.4000000059604645,0.8114639520645142,0.3005085289478302,0.3893355429172516,0.11623430252075195,0,2000,v2a_u08,0,0,42,0.0,0.4,walk_queue_ablation
1620,32.4,0.0,0.4000000059604645,0.8114272356033325,0.27463576197624207,0.3361363410949707,0.18592572212219238,0,2000,v2a_u08,0,0,42,0.0,0.4,walk_queue_ablation
1621,32.42,0.0,0.4000000059604645,0.8102937936782837,0.2532060146331787,0.29654181003570557,0.3343016505241394,0,2000,v2a_u08,0,0,42,0.0,0.4,walk_queue_ablation
1622,32.44,0.0,0.4000000059604645,0.8079100847244263,0.23002147674560547,0.2617579996585846,0.47361111640930176,0,2000,v2a_u08,0,0,42,0.0,0.4,walk_queue_ablation
1623,32.46,0.0,0.4000000059604645,0.8047400712966919,0.21316097676753998,0.22930268943309784,0.49953949451446533,0,2000,v2a_u08,0,0,42,0.0,0.4,walk_queue_ablation
1624,32.480000000000004,0.0,0.4000000059604645,0.8021813631057739,0.18958580493927002,0.19956380128860474,0.4005885124206543,0,2000,v2a_u08,0,0,42,0.0,0.4,walk_queue_ablation
1625,32.5,0.0,0.4000000059604645,0.7998367547988892,0.17336037755012512,0.17283551394939423,0.37985745072364807,0,2000,v2a_u08,0,0,42,0.0,0.4,walk_queue_ablation
1626,32.52,0.0,0.4000000059604645,0.7978049516677856,0.15587306022644043,0.14714288711547852,0.3175349831581116,0,2000,v2a_u08,0,0,42,0.0,0.4,walk_queue_ablation
1627,32.54,0.0,0.4000000059604645,0.7960349321365356,0.151577427983284,0.1279183030128479,0.20833556354045868,0,2000,v2a_u08,0,0,42,0.0,0.4,walk_queue_ablation
1628,32.56,0.0,0.4000000059604645,0.7954341173171997,0.15082281827926636,0.11526702344417572,0.031122364103794098,0,2000,v2a_u08,0,0,42,0.0,0.4,walk_queue_ablation
1629,32.58,0.0,0.4000000059604645,0.7957149744033813,0.15265695750713348,0.10603412985801697,-0.07288272678852081,0,2000,v2a_u08,0,0,42,0.0,0.4,walk_queue_ablation
1630,32.6,0.0,0.4000000059604645,0.796549916267395,0.15746290981769562,0.09798593074083328,-0.15560290217399597,0,2000,v2a_u08,0,0,42,0.0,0.4,walk_queue_ablation
1631,32.62,0.0,0.4000000059604645,0.7976676225662231,0.1634555160999298,0.08971241116523743,-0.20965798199176788,0,2000,v2a_u08,0,0,42,0.0,0.4,walk_queue_ablation
1632,32.64,0.0,0.4000000059604645,0.798564076423645,0.16624316573143005,0.07910925149917603,-0.18476365506649017,0,2000,v2a_u08,0,0,42,0.0,0.4,walk_queue_ablation
1633,32.660000000000004,0.0,0.4000000059604645,0.7984825372695923,0.1643715500831604,0.06673630326986313,-0.09012588858604431,0,2000,v2a_u08,0,0,42,0.0,0.4,walk_queue_ablation
1634,32.68,0.0,0.4000000059604645,0.7970544099807739,0.16163083910942078,0.05025394633412361,0.030775798484683037,0,2000,v2a_u08,0,0,42,0.0,0.4,walk_queue_ablation
1635,32.7,0.0,0.4000000059604645,0.7948576211929321,0.15391039848327637,0.029475778341293335,0.11084982752799988,0,2000,v2a_u08,0,0,42,0.0,0.4,walk_queue_ablation
1636,32.72,0.0,0.4000000059604645,0.7920352220535278,0.143519788980484,0.009312650188803673,0.17852400243282318,0,2000,v2a_u08,0,0,42,0.0,0.4,walk_queue_ablation
1637,32.74,0.0,0.4000000059604645,0.7888509035110474,0.13009920716285706,-0.0069542680867016315,0.16301925480365753,0,2000,v2a_u08,0,0,42,0.0,0.4,walk_queue_ablation
1638,32.76,0.0,0.4000000059604645,0.7864929437637329,0.11107417196035385,-0.01813109777867794,-0.007594664581120014,0,2000,v2a_u08,0,0,42,0.0,0.4,walk_queue_ablation
1639,32.78,0.0,0.4000000059604645,0.7862573862075806,0.08855947107076645,-0.022885607555508614,-0.2969077229499817,0,2000,v2a_u08,0,0,42,0.0,0.4,walk_queue_ablation
1640,32.8,0.0,0.4000000059604645,0.7866865396499634,0.06855957210063934,0.013853197917342186,0.14989280700683594,0,2000,v2a_u08,0,0,42,0.0,0.4,walk_queue_ablation
1641,32.82,0.0,0.4000000059604645,0.7803388833999634,0.06072196364402771,0.034725867211818695,0.5499519109725952,0,2000,v2a_u08,0,0,42,0.0,0.4,walk_queue_ablation
1642,32.84,0.0,0.4000000059604645,0.772199273109436,0.06143995746970177,0.05018673837184906,0.5556879043579102,0,2000,v2a_u08,0,0,42,0.0,0.4,walk_queue_ablation
1643,32.86,0.0,0.4000000059604645,0.7646785974502563,0.07165419310331345,0.06749424338340759,0.4928464889526367,0,2000,v2a_u08,0,0,42,0.0,0.4,walk_queue_ablation
1644,32.88,0.0,0.4000000059604645,0.7589327096939087,0.09214270859956741,0.08447364717721939,0.3273836374282837,0,2000,v2a_u08,0,0,42,0.0,0.4,walk_queue_ablation
1645,32.9,0.0,0.4000000059604645,0.7551690340042114,0.11843714863061905,0.10279566794633865,0.17546942830085754,0,2000,v2a_u08,0,0,42,0.0,0.4,walk_queue_ablation
1646,32.92,0.0,0.4000000059604645,0.7530056238174438,0.1486351191997528,0.12315285205841064,0.061064064502716064,0,2000,v2a_u08,0,0,42,0.0,0.4,walk_queue_ablation
1647,32.94,0.0,0.4000000059604645,0.7525726556777954,0.1786869317293167,0.14169685542583466,-0.06060976907610893,0,2000,v2a_u08,0,0,42,0.0,0.4,walk_queue_ablation
1648,32.96,0.0,0.4000000059604645,0.7533975839614868,0.20871956646442413,0.15881814062595367,-0.09614808112382889,0,2000,v2a_u08,0,0,42,0.0,0.4,walk_queue_ablation
1649,32.980000000000004,0.0,0.4000000059604645,0.7543169260025024,0.23207992315292358,0.17884312570095062,-0.03585411608219147,0,2000,v2a_u08,0,0,42,0.0,0.4,walk_queue_ablation
1650,33.0,0.0,0.4000000059604645,0.7546669244766235,0.2526823878288269,0.20149824023246765,0.03704158589243889,0,2000,v2a_u08,0,0,42,0.0,0.4,walk_queue_ablation
1651,33.02,0.0,0.4000000059604645,0.754522442817688,0.2736642360687256,0.2261711061000824,0.09909799695014954,0,2000,v2a_u08,0,0,42,0.0,0.4,walk_queue_ablation
1652,33.04,0.0,0.4000000059604645,0.7540823221206665,0.29630395770072937,0.25289055705070496,0.15094293653964996,0,2000,v2a_u08,0,0,42,0.0,0.4,walk_queue_ablation
1653,33.06,0.0,0.4000000059604645,0.7532497644424438,0.31829145550727844,0.2841450273990631,0.21410433948040009,0,2000,v2a_u08,0,0,42,0.0,0.4,walk_queue_ablation
1654,33.08,0.0,0.4000000059604645,0.7517834901809692,0.34131133556365967,0.32002246379852295,0.30061405897140503,0,2000,v2a_u08,0,0,42,0.0,0.4,walk_queue_ablation
1655,33.1,0.0,0.4000000059604645,0.7497140169143677,0.36721137166023254,0.3571178913116455,0.3740405738353729,0,2000,v2a_u08,0,0,42,0.0,0.4,walk_queue_ablation
1656,33.12,0.0,0.4000000059604645,0.747226357460022,0.3908330202102661,0.39858755469322205,0.41248542070388794,0,2000,v2a_u08,0,0,42,0.0,0.4,walk_queue_ablation
1657,33.14,0.0,0.4000000059604645,0.7441498041152954,0.4089656472206116,0.4480952024459839,0.4419041872024536,0,2000,v2a_u08,0,0,42,0.0,0.4,walk_queue_ablation
1658,33.160000000000004,0.0,0.4000000059604645,0.7407585382461548,0.42499542236328125,0.5009679794311523,0.43494459986686707,0,2000,v2a_u08,0,0,42,0.0,0.4,walk_queue_ablation
1659,33.18,0.0,0.4000000059604645,0.7384587526321411,0.4344663918018341,0.5483724474906921,0.24331912398338318,0,2000,v2a_u08,0,0,42,0.0,0.4,walk_queue_ablation
1660,33.2,0.0,0.4000000059604645,0.736634373664856,0.3639770448207855,0.49740293622016907,0.3388049602508545,0,2000,v2a_u08,0,0,42,0.0,0.4,walk_queue_ablation
1661,33.22,0.0,0.4000000059604645,0.735444188117981,0.3299674391746521,0.42635902762413025,0.15914396941661835,0,2000,v2a_u08,0,0,42,0.0,0.4,walk_queue_ablation
1662,33.24,0.0,0.4000000059604645,0.7353636026382446,0.29442474246025085,0.3625308573246002,0.12355424463748932,0,2000,v2a_u08,0,0,42,0.0,0.4,walk_queue_ablation
1663,33.26,0.0,0.4000000059604645,0.7352801561355591,0.2669607102870941,0.31290650367736816,0.21316030621528625,0,2000,v2a_u08,0,0,42,0.0,0.4,walk_queue_ablation
1664,33.28,0.0,0.4000000059604645,0.7338334321975708,0.24464276432991028,0.2740553617477417,0.3858186602592468,0,2000,v2a_u08,0,0,42,0.0,0.4,walk_queue_ablation
1665,33.3,0.0,0.4000000059604645,0.7311464548110962,0.22653762996196747,0.23944321274757385,0.47876572608947754,0,2000,v2a_u08,0,0,42,0.0,0.4,walk_queue_ablation
1666,33.32,0.0,0.4000000059604645,0.7288786172866821,0.2019180953502655,0.2077627032995224,0.39000922441482544,0,2000,v2a_u08,0,0,42,0.0,0.4,walk_queue_ablation
1667,33.34,0.0,0.4000000059604645,0.7266398668289185,0.18311262130737305,0.18132439255714417,0.3960639536380768,0,2000,v2a_u08,0,0,42,0.0,0.4,walk_queue_ablation
1668,33.36,0.0,0.4000000059604645,0.724526047706604,0.1619207262992859,0.1550416201353073,0.35476309061050415,0,2000,v2a_u08,0,0,42,0.0,0.4,walk_queue_ablation
1669,33.38,0.0,0.4000000059604645,0.722697377204895,0.15498021245002747,0.13258881866931915,0.24230967462062836,0,2000,v2a_u08,0,0,42,0.0,0.4,walk_queue_ablation
1670,33.4,0.0,0.4000000059604645,0.7221900224685669,0.1501387506723404,0.1179749071598053,0.04796735197305679,0,2000,v2a_u08,0,0,42,0.0,0.4,walk_queue_ablation
1671,33.42,0.0,0.4000000059604645,0.7224966287612915,0.14795619249343872,0.10748095065355301,-0.05200442671775818,0,2000,v2a_u08,0,0,42,0.0,0.4,walk_queue_ablation
1672,33.44,0.0,0.4000000059604645,0.7233458757400513,0.14913304150104523,0.09837505966424942,-0.14260035753250122,0,2000,v2a_u08,0,0,42,0.0,0.4,walk_queue_ablation
1673,33.46,0.0,0.4000000059604645,0.7247229814529419,0.15323716402053833,0.08976258337497711,-0.229562908411026,0,2000,v2a_u08,0,0,42,0.0,0.4,walk_queue_ablation
1674,33.480000000000004,0.0,0.4000000059604645,0.7262488603591919,0.15827691555023193,0.07941766083240509,-0.2493511289358139,0,2000,v2a_u08,0,0,42,0.0,0.4,walk_queue_ablation
1675,33.5,0.0,0.4000000059604645,0.7271562814712524,0.15792343020439148,0.06720978021621704,-0.1864723116159439,0,2000,v2a_u08,0,0,42,0.0,0.4,walk_queue_ablation
1676,33.52,0.0,0.4000000059604645,0.7268716096878052,0.15616747736930847,0.05203908681869507,-0.07569453865289688,0,2000,v2a_u08,0,0,42,0.0,0.4,walk_queue_ablation
1677,33.54,0.0,0.4000000059604645,0.7253714799880981,0.15157769620418549,0.032130271196365356,0.03610869124531746,0,2000,v2a_u08,0,0,42,0.0,0.4,walk_queue_ablation
1678,33.56,0.0,0.4000000059604645,0.7232729196548462,0.14172200858592987,0.010289397090673447,0.10912900418043137,0,2000,v2a_u08,0,0,42,0.0,0.4,walk_queue_ablation
1679,33.58,0.0,0.4000000059604645,0.7205649614334106,0.1295025497674942,-0.009187983348965645,0.15084649622440338,0,2000,v2a_u08,0,0,42,0.0,0.4,walk_queue_ablation
1680,33.6,0.0,0.4000000059604645,0.7178312540054321,0.11287905275821686,-0.024226248264312744,0.09485317021608353,0,2000,v2a_u08,0,0,42,0.0,0.4,walk_queue_ablation
1681,33.62,0.0,0.4000000059604645,0.7161747217178345,0.09258746355772018,-0.032273970544338226,-0.09581960737705231,0,2000,v2a_u08,0,0,42,0.0,0.4,walk_queue_ablation
1682,33.64,0.0,0.4000000059604645,0.7168608903884888,0.05848299339413643,-0.0055556464940309525,-0.3212916851043701,0,2000,v2a_u08,0,0,42,0.0,0.4,walk_queue_ablation
1683,33.660000000000004,0.0,0.4000000059604645,0.713326096534729,0.05316381901502609,0.01994948834180832,0.37958940863609314,0,2000,v2a_u08,0,0,42,0.0,0.4,walk_queue_ablation
1684,33.68,0.0,0.4000000059604645,0.7060786485671997,0.05205150321125984,0.03761759027838707,0.5105124711990356,0,2000,v2a_u08,0,0,42,0.0,0.4,walk_queue_ablation
1685,33.7,0.0,0.4000000059604645,0.6985737085342407,0.05950594320893288,0.054885659366846085,0.4894711971282959,0,2000,v2a_u08,0,0,42,0.0,0.4,walk_queue_ablation
1686,33.72,0.0,0.4000000059604645,0.692236065864563,0.07555197924375534,0.07459636777639389,0.374876469373703,0,2000,v2a_u08,0,0,42,0.0,0.4,walk_queue_ablation
1687,33.74,0.0,0.4000000059604645,0.6881104707717896,0.09741226583719254,0.09333746880292892,0.17379814386367798,0,2000,v2a_u08,0,0,42,0.0,0.4,walk_queue_ablation
1688,33.76,0.0,0.4000000059604645,0.6855694055557251,0.12537291646003723,0.11466289311647415,0.09259972721338272,0,2000,v2a_u08,0,0,42,0.0,0.4,walk_queue_ablation
1689,33.78,0.0,0.4000000059604645,0.684639573097229,0.15750199556350708,0.1342560201883316,-0.04094449430704117,0,2000,v2a_u08,0,0,42,0.0,0.4,walk_queue_ablation
1690,33.8,0.0,0.4000000059604645,0.6852365732192993,0.18819423019886017,0.15120339393615723,-0.11404712498188019,0,2000,v2a_u08,0,0,42,0.0,0.4,walk_queue_ablation
1691,33.82,0.0,0.4000000059604645,0.6863409280776978,0.21163687109947205,0.1710866540670395,-0.08940435200929642,0,2000,v2a_u08,0,0,42,0.0,0.4,walk_queue_ablation
1692,33.84,0.0,0.4000000059604645,0.6872059106826782,0.23291994631290436,0.1918187141418457,-0.019465945661067963,0,2000,v2a_u08,0,0,42,0.0,0.4,walk_queue_ablation
1693,33.86,0.0,0.4000000059604645,0.6874786615371704,0.2525811195373535,0.21557338535785675,0.050301142036914825,0,2000,v2a_u08,0,0,42,0.0,0.4,walk_queue_ablation
1694,33.88,0.0,0.4000000059604645,0.687416672706604,0.2725980281829834,0.2410123199224472,0.10084174573421478,0,2000,v2a_u08,0,0,42,0.0,0.4,walk_queue_ablation
1695,33.9,0.0,0.4000000059604645,0.6870633363723755,0.29331615567207336,0.26981037855148315,0.15361328423023224,0,2000,v2a_u08,0,0,42,0.0,0.4,walk_queue_ablation
1696,33.92,0.0,0.4000000059604645,0.6861931085586548,0.31420210003852844,0.30412524938583374,0.23410101234912872,0,2000,v2a_u08,0,0,42,0.0,0.4,walk_queue_ablation
1697,33.94,0.0,0.4000000059604645,0.6847215890884399,0.33712121844291687,0.34089231491088867,0.3103084862232208,0,2000,v2a_u08,0,0,42,0.0,0.4,walk_queue_ablation
1698,33.96,0.0,0.4000000059604645,0.6827222108840942,0.3609347939491272,0.3802178204059601,0.37137916684150696,0,2000,v2a_u08,0,0,42,0.0,0.4,walk_queue_ablation
1699,33.980000000000004,0.0,0.4000000059604645,0.6802517175674438,0.37946373224258423,0.42644163966178894,0.3979738652706146,0,2000,v2a_u08,0,0,42,0.0,0.4,walk_queue_ablation
1700,34.0,0.0,0.4000000059604645,0.677261471748352,0.39512109756469727,0.47899824380874634,0.41923707723617554,0,2000,v2a_u08,0,0,42,0.0,0.4,walk_queue_ablation
1701,34.02,0.0,0.4000000059604645,0.6744610071182251,0.40751710534095764,0.5319390296936035,0.35728174448013306,0,2000,v2a_u08,0,0,42,0.0,0.4,walk_queue_ablation
1702,34.04,0.0,0.4000000059604645,0.673596978187561,0.4112730920314789,0.5669222474098206,0.07989352196455002,0,2000,v2a_u08,0,0,42,0.0,0.4,walk_queue_ablation
1703,34.06,0.0,0.4000000059604645,0.6715108156204224,0.3310088813304901,0.461447536945343,0.12029078602790833,0,2000,v2a_u08,0,0,42,0.0,0.4,walk_queue_ablation
1704,34.08,0.0,0.4000000059604645,0.6717091798782349,0.29204869270324707,0.39329591393470764,0.08611666411161423,0,2000,v2a_u08,0,0,42,0.0,0.4,walk_queue_ablation
1705,34.1,0.0,0.4000000059604645,0.6721488237380981,0.2654036283493042,0.3413313627243042,0.13072489202022552,0,2000,v2a_u08,0,0,42,0.0,0.4,walk_queue_ablation
1706,34.12,0.0,0.4000000059604645,0.6715084314346313,0.24368366599082947,0.30293047428131104,0.28079864382743835,0,2000,v2a_u08,0,0,42,0.0,0.4,walk_queue_ablation
1707,34.14,0.0,0.4000000059604645,0.6696110963821411,0.22010567784309387,0.268375962972641,0.4228736460208893,0,2000,v2a_u08,0,0,42,0.0,0.4,walk_queue_ablation
1708,34.160000000000004,0.0,0.4000000059604645,0.6669036149978638,0.20177294313907623,0.23517383635044098,0.45041659474372864,0,2000,v2a_u08,0,0,42,0.0,0.4,walk_queue_ablation
1709,34.18,0.0,0.4000000059604645,0.6648184061050415,0.17791545391082764,0.20533953607082367,0.35584476590156555,0,2000,v2a_u08,0,0,42,0.0,0.4,walk_queue_ablation
1710,34.2,0.0,0.4000000059604645,0.6628967523574829,0.16230443120002747,0.17874997854232788,0.335279643535614,0,2000,v2a_u08,0,0,42,0.0,0.4,walk_queue_ablation
1711,34.22,0.0,0.4000000059604645,0.6613236665725708,0.14413808286190033,0.15285760164260864,0.27153393626213074,0,2000,v2a_u08,0,0,42,0.0,0.4,walk_queue_ablation
1712,34.24,0.0,0.4000000059604645,0.6599627733230591,0.1396477371454239,0.13413693010807037,0.16835784912109375,0,2000,v2a_u08,0,0,42,0.0,0.4,walk_queue_ablation
1713,34.26,0.0,0.4000000059604645,0.6597720384597778,0.13903066515922546,0.12150654196739197,-0.01020931825041771,0,2000,v2a_u08,0,0,42,0.0,0.4,walk_queue_ablation
1714,34.28,0.0,0.4000000059604645,0.6604515314102173,0.14064574241638184,0.11220848560333252,-0.1100073903799057,0,2000,v2a_u08,0,0,42,0.0,0.4,walk_queue_ablation
1715,34.300000000000004,0.0,0.4000000059604645,0.6616393327713013,0.14495345950126648,0.10405877232551575,-0.18718259036540985,0,2000,v2a_u08,0,0,42,0.0,0.4,walk_queue_ablation
1716,34.32,0.0,0.4000000059604645,0.6631342172622681,0.1504550725221634,0.09560733288526535,-0.24686993658542633,0,2000,v2a_u08,0,0,42,0.0,0.4,walk_queue_ablation
1717,34.34,0.0,0.4000000059604645,0.6644903421401978,0.15293651819229126,0.08526918292045593,-0.23305265605449677,0,2000,v2a_u08,0,0,42,0.0,0.4,walk_queue_ablation
1718,34.36,0.0,0.4000000059604645,0.6649895906448364,0.15028750896453857,0.0727570429444313,-0.15224722027778625,0,2000,v2a_u08,0,0,42,0.0,0.4,walk_queue_ablation
1719,34.38,0.0,0.4000000059604645,0.6642667055130005,0.14637957513332367,0.056878712028265,-0.04217825457453728,0,2000,v2a_u08,0,0,42,0.0,0.4,walk_queue_ablation
1720,34.4,0.0,0.4000000059604645,0.6627355813980103,0.13837295770645142,0.03664145991206169,0.03854306787252426,0,2000,v2a_u08,0,0,42,0.0,0.4,walk_queue_ablation
1721,34.42,0.0,0.4000000059604645,0.6606746912002563,0.12681695818901062,0.016038771718740463,0.09911034256219864,0,2000,v2a_u08,0,0,42,0.0,0.4,walk_queue_ablation
1722,34.44,0.0,0.4000000059604645,0.6581851243972778,0.11212616413831711,-0.0007265488966368139,0.10769707709550858,0,2000,v2a_u08,0,0,42,0.0,0.4,walk_queue_ablation
1723,34.46,0.0,0.4000000059604645,0.6560178995132446,0.09218042343854904,-0.011128444224596024,0.0070857880637049675,0,2000,v2a_u08,0,0,42,0.0,0.4,walk_queue_ablation
1724,34.480000000000004,0.0,0.4000000059604645,0.6552435159683228,0.06940585374832153,-0.017572136595845222,-0.20706093311309814,0,2000,v2a_u08,0,0,42,0.0,0.4,walk_queue_ablation
1725,34.5,0.0,0.4000000059604645,0.6555205583572388,0.048452991992235184,0.018991123884916306,0.09051113575696945,0,2000,v2a_u08,0,0,42,0.0,0.4,walk_queue_ablation
1726,34.52,0.0,0.4000000059604645,0.6502009630203247,0.041517775505781174,0.03945828601717949,0.4254383146762848,0,2000,v2a_u08,0,0,42,0.0,0.4,walk_queue_ablation
1727,34.54,0.0,0.4000000059604645,0.6433020830154419,0.04437639191746712,0.05582084134221077,0.4304395020008087,0,2000,v2a_u08,0,0,42,0.0,0.4,walk_queue_ablation
1728,34.56,0.0,0.4000000059604645,0.6371017694473267,0.056696102023124695,0.07335133850574493,0.3572384715080261,0,2000,v2a_u08,0,0,42,0.0,0.4,walk_queue_ablation
1729,34.58,0.0,0.4000000059604645,0.6326028108596802,0.0779782384634018,0.09133374691009521,0.21024931967258453,0,2000,v2a_u08,0,0,42,0.0,0.4,walk_queue_ablation
1730,34.6,0.0,0.4000000059604645,0.6298762559890747,0.10454900562763214,0.11032123863697052,0.08310918509960175,0,2000,v2a_u08,0,0,42,0.0,0.4,walk_queue_ablation
1731,34.62,0.0,0.4000000059604645,0.6284476518630981,0.13509038090705872,0.13107997179031372,0.0016388548538088799,0,2000,v2a_u08,0,0,42,0.0,0.4,walk_queue_ablation
1732,34.64,0.0,0.4000000059604645,0.6284133195877075,0.16590353846549988,0.1499469131231308,-0.09016122668981552,0,2000,v2a_u08,0,0,42,0.0,0.4,walk_queue_ablation
1733,34.660000000000004,0.0,0.4000000059604645,0.6294094324111938,0.19533661007881165,0.1668127179145813,-0.10712841153144836,0,2000,v2a_u08,0,0,42,0.0,0.4,walk_queue_ablation
1734,34.68,0.0,0.4000000059604645,0.6303693056106567,0.21787042915821075,0.1865275800228119,-0.03955872729420662,0,2000,v2a_u08,0,0,42,0.0,0.4,walk_queue_ablation
1735,34.7,0.0,0.4000000059604645,0.6307569742202759,0.23869042098522186,0.2081650197505951,0.036089759320020676,0,2000,v2a_u08,0,0,42,0.0,0.4,walk_queue_ablation
1736,34.72,0.0,0.4000000059604645,0.6306353807449341,0.2600233554840088,0.23276923596858978,0.09873748570680618,0,2000,v2a_u08,0,0,42,0.0,0.4,walk_queue_ablation
1737,34.74,0.0,0.4000000059604645,0.6302152872085571,0.28301122784614563,0.2599753439426422,0.1492946892976761,0,2000,v2a_u08,0,0,42,0.0,0.4,walk_queue_ablation
1738,34.76,0.0,0.4000000059604645,0.6294127702713013,0.3051404654979706,0.29209885001182556,0.20911554992198944,0,2000,v2a_u08,0,0,42,0.0,0.4,walk_queue_ablation
1739,34.78,0.0,0.4000000059604645,0.6280494928359985,0.3277795612812042,0.3287472724914551,0.28725165128707886,0,2000,v2a_u08,0,0,42,0.0,0.4,walk_queue_ablation
1740,34.800000000000004,0.0,0.4000000059604645,0.6262022256851196,0.3524899184703827,0.3668089509010315,0.3454066514968872,0,2000,v2a_u08,0,0,42,0.0,0.4,walk_queue_ablation
1741,34.82,0.0,0.4000000059604645,0.6241146326065063,0.37417182326316833,0.4093008041381836,0.36430785059928894,0,2000,v2a_u08,0,0,42,0.0,0.4,walk_queue_ablation
1742,34.84,0.0,0.4000000059604645,0.6215988397598267,0.39053967595100403,0.46012234687805176,0.3829408884048462,0,2000,v2a_u08,0,0,42,0.0,0.4,walk_queue_ablation
1743,34.86,0.0,0.4000000059604645,0.6188007593154907,0.4054102897644043,0.5144043564796448,0.384859174489975,0,2000,v2a_u08,0,0,42,0.0,0.4,walk_queue_ablation
1744,34.88,0.0,0.4000000059604645,0.6169363260269165,0.41344061493873596,0.5596617460250854,0.21760977804660797,0,2000,v2a_u08,0,0,42,0.0,0.4,walk_queue_ablation
1745,34.9,0.0,0.4000000059604645,0.6150051355361938,0.3433704972267151,0.5017763376235962,0.27608299255371094,0,2000,v2a_u08,0,0,42,0.0,0.4,walk_queue_ablation
1746,34.92,0.0,0.4000000059604645,0.6142746210098267,0.30903854966163635,0.43202584981918335,0.12483669817447662,0,2000,v2a_u08,0,0,42,0.0,0.4,walk_queue_ablation
1747,34.94,0.0,0.4000000059604645,0.6145888566970825,0.27593937516212463,0.36984920501708984,0.0918920487165451,0,2000,v2a_u08,0,0,42,0.0,0.4,walk_queue_ablation
1748,34.96,0.0,0.4000000059604645,0.6147443056106567,0.25098225474357605,0.32243043184280396,0.1816457062959671,0,2000,v2a_u08,0,0,42,0.0,0.4,walk_queue_ablation
1749,34.980000000000004,0.0,0.4000000059604645,0.6136442422866821,0.2289084792137146,0.28395456075668335,0.34607943892478943,0,2000,v2a_u08,0,0,42,0.0,0.4,walk_queue_ablation
1750,35.0,0.0,0.4000000059604645,0.6113539934158325,0.21177799999713898,0.2486378401517868,0.4327135980129242,0,2000,v2a_u08,0,0,42,0.0,0.4,walk_queue_ablation
1751,35.02,0.0,0.4000000059604645,0.6094719171524048,0.18904268741607666,0.21676847338676453,0.3452932834625244,0,2000,v2a_u08,0,0,42,0.0,0.4,walk_queue_ablation
1752,35.04,0.0,0.4000000059604645,0.6077233552932739,0.1708282232284546,0.189421147108078,0.3373872935771942,0,2000,v2a_u08,0,0,42,0.0,0.4,walk_queue_ablation
1753,35.06,0.0,0.4000000059604645,0.6062017679214478,0.14930467307567596,0.16224461793899536,0.29698121547698975,0,2000,v2a_u08,0,0,42,0.0,0.4,walk_queue_ablation
1754,35.08,0.0,0.4000000059604645,0.6049219369888306,0.14204928278923035,0.13985514640808105,0.18656183779239655,0,2000,v2a_u08,0,0,42,0.0,0.4,walk_queue_ablation
1755,35.1,0.0,0.4000000059604645,0.6048418283462524,0.13822294771671295,0.12519219517707825,0.007789366878569126,0,2000,v2a_u08,0,0,42,0.0,0.4,walk_queue_ablation
1756,35.12,0.0,0.4000000059604645,0.6055213212966919,0.13706760108470917,0.11453866958618164,-0.08816491812467575,0,2000,v2a_u08,0,0,42,0.0,0.4,walk_queue_ablation
1757,35.14,0.0,0.4000000059604645,0.6066771745681763,0.13937504589557648,0.10552658885717392,-0.16913846135139465,0,2000,v2a_u08,0,0,42,0.0,0.4,walk_queue_ablation
1758,35.160000000000004,0.0,0.4000000059604645,0.6082974672317505,0.14420108497142792,0.096744105219841,-0.25025880336761475,0,2000,v2a_u08,0,0,42,0.0,0.4,walk_queue_ablation
1759,35.18,0.0,0.4000000059604645,0.6100431680679321,0.14976540207862854,0.08657495677471161,-0.2706357538700104,0,2000,v2a_u08,0,0,42,0.0,0.4,walk_queue_ablation
1760,35.2,0.0,0.4000000059604645,0.6112295389175415,0.149579256772995,0.07433587312698364,-0.21711057424545288,0,2000,v2a_u08,0,0,42,0.0,0.4,walk_queue_ablation
1761,35.22,0.0,0.4000000059604645,0.6113520860671997,0.1475399285554886,0.05936380475759506,-0.12140089273452759,0,2000,v2a_u08,0,0,42,0.0,0.4,walk_queue_ablation
1762,35.24,0.0,0.4000000059604645,0.6103178262710571,0.14299066364765167,0.040613774210214615,-0.018392154946923256,0,2000,v2a_u08,0,0,42,0.0,0.4,walk_queue_ablation
1763,35.26,0.0,0.4000000059604645,0.6087819337844849,0.13314709067344666,0.01828661374747753,0.04877535253763199,0,2000,v2a_u08,0,0,42,0.0,0.4,walk_queue_ablation
1764,35.28,0.0,0.4000000059604645,0.6066514253616333,0.12104876339435577,-0.0013326243497431278,0.09721212834119797,0,2000,v2a_u08,0,0,42,0.0,0.4,walk_queue_ablation
1765,35.300000000000004,0.0,0.4000000059604645,0.6042886972427368,0.10445447266101837,-0.016229161992669106,0.07423283904790878,0,2000,v2a_u08,0,0,42,0.0,0.4,walk_queue_ablation
1766,35.32,0.0,0.4000000059604645,0.6025258302688599,0.08290587365627289,-0.026253730058670044,-0.053175296634435654,0,2000,v2a_u08,0,0,42,0.0,0.4,walk_queue_ablation
1767,35.34,0.0,0.4000000059604645,0.6025525331497192,0.048473138362169266,0.0006678351201117039,-0.3126930594444275,0,2000,v2a_u08,0,0,42,0.0,0.4,walk_queue_ablation
1768,35.36,0.0,0.4000000059604645,0.5992695093154907,0.04452523589134216,0.02420584298670292,0.3431633412837982,0,2000,v2a_u08,0,0,42,0.0,0.4,walk_queue_ablation
1769,35.38,0.0,0.4000000059604645,0.5924278497695923,0.04416486620903015,0.04266848415136337,0.4600163400173187,0,2000,v2a_u08,0,0,42,0.0,0.4,walk_queue_ablation
1770,35.4,0.0,0.4000000059604645,0.5854836702346802,0.05155158042907715,0.06056242063641548,0.42881911993026733,0,2000,v2a_u08,0,0,42,0.0,0.4,walk_queue_ablation
1771,35.42,0.0,0.4000000059604645,0.5797115564346313,0.06850539892911911,0.0801110789179802,0.31449219584465027,0,2000,v2a_u08,0,0,42,0.0,0.4,walk_queue_ablation
1772,35.44,0.0,0.4000000059604645,0.5760833024978638,0.0901791974902153,0.09908505529165268,0.1237383633852005,0,2000,v2a_u08,0,0,42,0.0,0.4,walk_queue_ablation
1773,35.46,0.0,0.4000000059604645,0.5740343332290649,0.11728972941637039,0.11973616480827332,0.044242601841688156,0,2000,v2a_u08,0,0,42,0.0,0.4,walk_queue_ablation
1774,35.480000000000004,0.0,0.4000000059604645,0.5734153985977173,0.14789195358753204,0.13948342204093933,-0.06640273332595825,0,2000,v2a_u08,0,0,42,0.0,0.4,walk_queue_ablation
1775,35.5,0.0,0.4000000059604645,0.5742040872573853,0.17755074799060822,0.1564401537179947,-0.1384296417236328,0,2000,v2a_u08,0,0,42,0.0,0.4,walk_queue_ablation
1776,35.52,0.0,0.4000000059604645,0.5755707025527954,0.20084600150585175,0.17575833201408386,-0.12162268161773682,0,2000,v2a_u08,0,0,42,0.0,0.4,walk_queue_ablation
1777,35.54,0.0,0.4000000059604645,0.5766979455947876,0.22134464979171753,0.19622284173965454,-0.04247261583805084,0,2000,v2a_u08,0,0,42,0.0,0.4,walk_queue_ablation
1778,35.56,0.0,0.4000000059604645,0.5771480798721313,0.24096360802650452,0.2192823439836502,0.03585773706436157,0,2000,v2a_u08,0,0,42,0.0,0.4,walk_queue_ablation
1779,35.58,0.0,0.4000000059604645,0.5772100687026978,0.26060181856155396,0.24461275339126587,0.08761144429445267,0,2000,v2a_u08,0,0,42,0.0,0.4,walk_queue_ablation
1780,35.6,0.0,0.4000000059604645,0.5769940614700317,0.2810552716255188,0.2736402750015259,0.1381937861442566,0,2000,v2a_u08,0,0,42,0.0,0.4,walk_queue_ablation
1781,35.62,0.0,0.4000000059604645,0.5763431787490845,0.301234632730484,0.30816248059272766,0.20808151364326477,0,2000,v2a_u08,0,0,42,0.0,0.4,walk_queue_ablation
1782,35.64,0.0,0.4000000059604645,0.5752092599868774,0.3232254981994629,0.3453569710254669,0.27319762110710144,0,2000,v2a_u08,0,0,42,0.0,0.4,walk_queue_ablation
1783,35.660000000000004,0.0,0.4000000059604645,0.5736500024795532,0.3460811674594879,0.3853291869163513,0.32500597834587097,0,2000,v2a_u08,0,0,42,0.0,0.4,walk_queue_ablation
1784,35.68,0.0,0.4000000059604645,0.5716954469680786,0.36358463764190674,0.43223872780799866,0.34651362895965576,0,2000,v2a_u08,0,0,42,0.0,0.4,walk_queue_ablation
1785,35.7,0.0,0.4000000059604645,0.569247841835022,0.37840989232063293,0.4859089255332947,0.36883121728897095,0,2000,v2a_u08,0,0,42,0.0,0.4,walk_queue_ablation
1786,35.72,0.0,0.4000000059604645,0.5668627023696899,0.3906328082084656,0.539874255657196,0.3306337893009186,0,2000,v2a_u08,0,0,42,0.0,0.4,walk_queue_ablation
1787,35.74,0.0,0.4000000059604645,0.5661207437515259,0.39397919178009033,0.5745905637741089,0.09552009403705597,0,2000,v2a_u08,0,0,42,0.0,0.4,walk_queue_ablation
1788,35.76,0.0,0.4000000059604645,0.5638700723648071,0.3159483075141907,0.46871212124824524,0.1328083723783493,0,2000,v2a_u08,0,0,42,0.0,0.4,walk_queue_ablation
1789,35.78,0.0,0.4000000059604645,0.5641571283340454,0.277408629655838,0.40050607919692993,0.06776933372020721,0,2000,v2a_u08,0,0,42,0.0,0.4,walk_queue_ablation
1790,35.800000000000004,0.0,0.4000000059604645,0.5649300813674927,0.2507842779159546,0.34881967306137085,0.09047158807516098,0,2000,v2a_u08,0,0,42,0.0,0.4,walk_queue_ablation
1791,35.82,0.0,0.4000000059604645,0.5647169351577759,0.2293931394815445,0.3101201057434082,0.23583342134952545,0,2000,v2a_u08,0,0,42,0.0,0.4,walk_queue_ablation
1792,35.84,0.0,0.4000000059604645,0.5632201433181763,0.2059841901063919,0.27478840947151184,0.3848307430744171,0,2000,v2a_u08,0,0,42,0.0,0.4,walk_queue_ablation
1793,35.86,0.0,0.4000000059604645,0.5608612298965454,0.1881345957517624,0.24128486216068268,0.4131987988948822,0,2000,v2a_u08,0,0,42,0.0,0.4,walk_queue_ablation
1794,35.88,0.0,0.4000000059604645,0.5590654611587524,0.16515308618545532,0.21067705750465393,0.32622048258781433,0,2000,v2a_u08,0,0,42,0.0,0.4,walk_queue_ablation
1795,35.9,0.0,0.4000000059604645,0.5574871301651001,0.14925934374332428,0.18368816375732422,0.29816555976867676,0,2000,v2a_u08,0,0,42,0.0,0.4,walk_queue_ablation
1796,35.92,0.0,0.4000000059604645,0.5562621355056763,0.13094846904277802,0.1576613336801529,0.23712259531021118,0,2000,v2a_u08,0,0,42,0.0,0.4,walk_queue_ablation
1797,35.94,0.0,0.4000000059604645,0.5552588701248169,0.12628678977489471,0.13904036581516266,0.13232678174972534,0,2000,v2a_u08,0,0,42,0.0,0.4,walk_queue_ablation
1798,35.96,0.0,0.4000000059604645,0.5554147958755493,0.12603028118610382,0.126456618309021,-0.04433123394846916,0,2000,v2a_u08,0,0,42,0.0,0.4,walk_queue_ablation
1799,35.980000000000004,0.0,0.4000000059604645,0.5563894510269165,0.12770140171051025,0.11695494502782822,-0.13698439300060272,0,2000,v2a_u08,0,0,42,0.0,0.4,walk_queue_ablation
1800,36.0,0.0,0.4000000059604645,0.5578423738479614,0.13218723237514496,0.10844451189041138,-0.21308258175849915,0,2000,v2a_u08,0,0,42,0.0,0.4,walk_queue_ablation
1801,36.02,0.0,0.4000000059604645,0.5596286058425903,0.13758456707000732,0.09958679229021072,-0.2755446135997772,0,2000,v2a_u08,0,0,42,0.0,0.4,walk_queue_ablation
1802,36.04,0.0,0.4000000059604645,0.561322808265686,0.13984328508377075,0.08882375806570053,-0.26754212379455566,0,2000,v2a_u08,0,0,42,0.0,0.4,walk_queue_ablation
1803,36.06,0.0,0.4000000059604645,0.5622316598892212,0.1365085244178772,0.07638224214315414,-0.19670893251895905,0,2000,v2a_u08,0,0,42,0.0,0.4,walk_queue_ablation
1804,36.08,0.0,0.4000000059604645,0.5620375871658325,0.13158856332302094,0.060488589107990265,-0.09737899154424667,0,2000,v2a_u08,0,0,42,0.0,0.4,walk_queue_ablation
1805,36.1,0.0,0.4000000059604645,0.5610462427139282,0.12323059886693954,0.0403643362224102,-0.020108375698328018,0,2000,v2a_u08,0,0,42,0.0,0.4,walk_queue_ablation
1806,36.12,0.0,0.4000000059604645,0.5596257448196411,0.11127852648496628,0.019686730578541756,0.033903054893016815,0,2000,v2a_u08,0,0,42,0.0,0.4,walk_queue_ablation
1807,36.14,0.0,0.4000000059604645,0.5577846765518188,0.09647674858570099,0.0026350277476012707,0.048117104917764664,0,2000,v2a_u08,0,0,42,0.0,0.4,walk_queue_ablation
1808,36.160000000000004,0.0,0.4000000059604645,0.5560065507888794,0.07534610480070114,-0.008609030395746231,-0.009367777034640312,0,2000,v2a_u08,0,0,42,0.0,0.4,walk_queue_ablation
1809,36.18,0.0,0.4000000059604645,0.5551167726516724,0.0518619641661644,-0.015489654615521431,-0.1626032441854477,0,2000,v2a_u08,0,0,42,0.0,0.4,walk_queue_ablation
1810,36.2,0.0,0.4000000059604645,0.5551577806472778,0.02993461675941944,0.02094128169119358,0.07701797038316727,0,2000,v2a_u08,0,0,42,0.0,0.4,walk_queue_ablation
1811,36.22,0.0,0.4000000059604645,0.550357460975647,0.022838469594717026,0.04164976626634598,0.3579924702644348,0,2000,v2a_u08,0,0,42,0.0,0.4,walk_queue_ablation
1812,36.24,0.0,0.4000000059604645,0.5441814661026001,0.026463601738214493,0.05813174694776535,0.3476100564002991,0,2000,v2a_u08,0,0,42,0.0,0.4,walk_queue_ablation
1813,36.26,0.0,0.4000000059604645,0.5388399362564087,0.03957997262477875,0.07560080289840698,0.2674356997013092,0,2000,v2a_u08,0,0,42,0.0,0.4,walk_queue_ablation
1814,36.28,0.0,0.4000000059604645,0.5351334810256958,0.062551349401474,0.0934678167104721,0.13636979460716248,0,2000,v2a_u08,0,0,42,0.0,0.4,walk_queue_ablation
1815,36.300000000000004,0.0,0.4000000059604645,0.5329576730728149,0.09053419530391693,0.11257796734571457,0.03605680540204048,0,2000,v2a_u08,0,0,42,0.0,0.4,walk_queue_ablation
1816,36.32,0.0,0.4000000059604645,0.5319229364395142,0.1226092129945755,0.13255122303962708,-0.028750315308570862,0,2000,v2a_u08,0,0,42,0.0,0.4,walk_queue_ablation
1817,36.34,0.0,0.4000000059604645,0.531988263130188,0.1539541631937027,0.15159077942371368,-0.0904654785990715,0,2000,v2a_u08,0,0,42,0.0,0.4,walk_queue_ablation
1818,36.36,0.0,0.4000000059604645,0.5329219102859497,0.18389564752578735,0.1681942194700241,-0.10128859430551529,0,2000,v2a_u08,0,0,42,0.0,0.4,walk_queue_ablation
1819,36.38,0.0,0.4000000059604645,0.533816933631897,0.20695117115974426,0.1873166561126709,-0.035864271223545074,0,2000,v2a_u08,0,0,42,0.0,0.4,walk_queue_ablation
1820,36.4,0.0,0.4000000059604645,0.5341516733169556,0.22816210985183716,0.20823006331920624,0.043594419956207275,0,2000,v2a_u08,0,0,42,0.0,0.4,walk_queue_ablation
1821,36.42,0.0,0.4000000059604645,0.5339242219924927,0.25019538402557373,0.2323172688484192,0.11062145978212357,0,2000,v2a_u08,0,0,42,0.0,0.4,walk_queue_ablation
1822,36.44,0.0,0.4000000059604645,0.5333739519119263,0.2735912799835205,0.25938111543655396,0.15991784632205963,0,2000,v2a_u08,0,0,42,0.0,0.4,walk_queue_ablation
1823,36.46,0.0,0.4000000059604645,0.5324755907058716,0.2959066331386566,0.29155948758125305,0.21328476071357727,0,2000,v2a_u08,0,0,42,0.0,0.4,walk_queue_ablation
1824,36.480000000000004,0.0,0.4000000059604645,0.5311223268508911,0.31814584136009216,0.32829463481903076,0.27849337458610535,0,2000,v2a_u08,0,0,42,0.0,0.4,walk_queue_ablation
1825,36.5,0.0,0.4000000059604645,0.5294414758682251,0.3420138359069824,0.36649754643440247,0.32026374340057373,0,2000,v2a_u08,0,0,42,0.0,0.4,walk_queue_ablation
1826,36.52,0.0,0.4000000059604645,0.5276800394058228,0.3626810908317566,0.409065842628479,0.326006680727005,0,2000,v2a_u08,0,0,42,0.0,0.4,walk_queue_ablation
1827,36.54,0.0,0.4000000059604645,0.5256296396255493,0.3778713643550873,0.4600335657596588,0.33387482166290283,0,2000,v2a_u08,0,0,42,0.0,0.4,walk_queue_ablation
1828,36.56,0.0,0.4000000059604645,0.5233403444290161,0.3915899991989136,0.5147437453269958,0.33897340297698975,0,2000,v2a_u08,0,0,42,0.0,0.4,walk_queue_ablation
1829,36.58,0.0,0.4000000059604645,0.5218549966812134,0.39834511280059814,0.558437168598175,0.19593091309070587,0,2000,v2a_u08,0,0,42,0.0,0.4,walk_queue_ablation
1830,36.6,0.0,0.4000000059604645,0.5199457406997681,0.3292468786239624,0.505296528339386,0.339663565158844,0,2000,v2a_u08,0,0,42,0.0,0.4,walk_queue_ablation
1831,36.62,0.0,0.4000000059604645,0.5188637971878052,0.29770877957344055,0.4313797354698181,0.14494647085666656,0,2000,v2a_u08,0,0,42,0.0,0.4,walk_queue_ablation
1832,36.64,0.0,0.4000000059604645,0.5191851854324341,0.2638686001300812,0.3697636127471924,0.08002201467752457,0,2000,v2a_u08,0,0,42,0.0,0.4,walk_queue_ablation
1833,36.660000000000004,0.0,0.4000000059604645,0.5196000337600708,0.23967473208904266,0.32346078753471375,0.13751183450222015,0,2000,v2a_u08,0,0,42,0.0,0.4,walk_queue_ablation
1834,36.68,0.0,0.4000000059604645,0.5190249681472778,0.21917681396007538,0.2848059833049774,0.2870933711528778,0,2000,v2a_u08,0,0,42,0.0,0.4,walk_queue_ablation
1835,36.7,0.0,0.4000000059604645,0.5173059701919556,0.2027040421962738,0.2493194192647934,0.3801502585411072,0,2000,v2a_u08,0,0,42,0.0,0.4,walk_queue_ablation
1836,36.72,0.0,0.4000000059604645,0.5159217119216919,0.1818520575761795,0.217210054397583,0.2966552972793579,0,2000,v2a_u08,0,0,42,0.0,0.4,walk_queue_ablation
1837,36.74,0.0,0.4000000059604645,0.5146528482437134,0.16312886774539948,0.18855971097946167,0.30063140392303467,0,2000,v2a_u08,0,0,42,0.0,0.4,walk_queue_ablation
1838,36.76,0.0,0.4000000059604645,0.5134893655776978,0.14139001071453094,0.16076654195785522,0.26599082350730896,0,2000,v2a_u08,0,0,42,0.0,0.4,walk_queue_ablation
1839,36.78,0.0,0.4000000059604645,0.5124799013137817,0.13488224148750305,0.13865555822849274,0.1642034947872162,0,2000,v2a_u08,0,0,42,0.0,0.4,walk_queue_ablation
1840,36.800000000000004,0.0,0.4000000059604645,0.5126973390579224,0.13155224919319153,0.12371919304132462,-0.020627398043870926,0,2000,v2a_u08,0,0,42,0.0,0.4,walk_queue_ablation
1841,36.82,0.0,0.4000000059604645,0.5135618448257446,0.13136206567287445,0.1133149266242981,-0.10149738192558289,0,2000,v2a_u08,0,0,42,0.0,0.4,walk_queue_ablation
1842,36.84,0.0,0.4000000059604645,0.5148016214370728,0.13430830836296082,0.103999063372612,-0.17591606080532074,0,2000,v2a_u08,0,0,42,0.0,0.4,walk_queue_ablation
1843,36.86,0.0,0.4000000059604645,0.5165282487869263,0.14013157784938812,0.09459757804870605,-0.26225316524505615,0,2000,v2a_u08,0,0,42,0.0,0.4,walk_queue_ablation
1844,36.88,0.0,0.4000000059604645,0.5184441804885864,0.146650493144989,0.08372443169355392,-0.2895376980304718,0,2000,v2a_u08,0,0,42,0.0,0.4,walk_queue_ablation
1845,36.9,0.0,0.4000000059604645,0.5198870897293091,0.14743879437446594,0.07067858427762985,-0.2462555319070816,0,2000,v2a_u08,0,0,42,0.0,0.4,walk_queue_ablation
1846,36.92,0.0,0.4000000059604645,0.5203295946121216,0.14606797695159912,0.05500715225934982,-0.15610551834106445,0,2000,v2a_u08,0,0,42,0.0,0.4,walk_queue_ablation
1847,36.94,0.0,0.4000000059604645,0.5196472406387329,0.14261269569396973,0.035467479377985,-0.05514327436685562,0,2000,v2a_u08,0,0,42,0.0,0.4,walk_queue_ablation
1848,36.96,0.0,0.4000000059604645,0.5184961557388306,0.13436822593212128,0.012281754985451698,0.0058194175362586975,0,2000,v2a_u08,0,0,42,0.0,0.4,walk_queue_ablation
1849,36.980000000000004,0.0,0.4000000059604645,0.5168105363845825,0.12334879487752914,-0.008857826702296734,0.058401864022016525,0,2000,v2a_u08,0,0,42,0.0,0.4,walk_queue_ablation
1850,37.0,0.0,0.4000000059604645,0.5147591829299927,0.10814667493104935,-0.025024356320500374,0.05517121031880379,0,2000,v2a_u08,0,0,42,0.0,0.4,walk_queue_ablation
1851,37.02,0.0,0.4000000059604645,0.5130068063735962,0.08717483282089233,-0.03608442842960358,-0.03136046230792999,0,2000,v2a_u08,0,0,42,0.0,0.4,walk_queue_ablation
1852,37.04,0.0,0.4000000059604645,0.5126062631607056,0.05353183299303055,-0.009824096225202084,-0.34208473563194275,0,2000,v2a_u08,0,0,42,0.0,0.4,walk_queue_ablation
1853,37.06,0.0,0.4000000059604645,0.5100117921829224,0.04889072850346565,0.01408926211297512,0.30137303471565247,0,2000,v2a_u08,0,0,42,0.0,0.4,walk_queue_ablation
1854,37.08,0.0,0.4000000059604645,0.5033994913101196,0.04676530882716179,0.03324408084154129,0.4513491094112396,0,2000,v2a_u08,0,0,42,0.0,0.4,walk_queue_ablation
1855,37.1,0.0,0.4000000059604645,0.4965459108352661,0.0521404892206192,0.052296705543994904,0.41075339913368225,0,2000,v2a_u08,0,0,42,0.0,0.4,walk_queue_ablation
1856,37.12,0.0,0.4000000059604645,0.49093544483184814,0.06779686361551285,0.0717378556728363,0.29319894313812256,0,2000,v2a_u08,0,0,42,0.0,0.4,walk_queue_ablation
1857,37.14,0.0,0.4000000059604645,0.48754990100860596,0.08829353004693985,0.09045888483524323,0.0949157252907753,0,2000,v2a_u08,0,0,42,0.0,0.4,walk_queue_ablation
1858,37.160000000000004,0.0,0.4000000059604645,0.48571932315826416,0.11330310255289078,0.11138831824064255,0.02087579481303692,0,2000,v2a_u08,0,0,42,0.0,0.4,walk_queue_ablation
1859,37.18,0.0,0.4000000059604645,0.48521673679351807,0.14215275645256042,0.13116414844989777,-0.07949773222208023,0,2000,v2a_u08,0,0,42,0.0,0.4,walk_queue_ablation
1860,37.2,0.0,0.4000000059604645,0.48605453968048096,0.17033088207244873,0.1483224332332611,-0.14984002709388733,0,2000,v2a_u08,0,0,42,0.0,0.4,walk_queue_ablation
1861,37.22,0.0,0.4000000059604645,0.4876195192337036,0.1938071995973587,0.16634972393512726,-0.14767207205295563,0,2000,v2a_u08,0,0,42,0.0,0.4,walk_queue_ablation
1862,37.24,0.0,0.4000000059604645,0.48898088932037354,0.21328946948051453,0.18644067645072937,-0.06397487223148346,0,2000,v2a_u08,0,0,42,0.0,0.4,walk_queue_ablation
1863,37.26,0.0,0.4000000059604645,0.4896198511123657,0.231850266456604,0.20901986956596375,0.0174292903393507,0,2000,v2a_u08,0,0,42,0.0,0.4,walk_queue_ablation
1864,37.28,0.0,0.4000000059604645,0.48985254764556885,0.25076040625572205,0.23412762582302094,0.06848320364952087,0,2000,v2a_u08,0,0,42,0.0,0.4,walk_queue_ablation
1865,37.300000000000004,0.0,0.4000000059604645,0.48985302448272705,0.27073943614959717,0.2628813683986664,0.11396768689155579,0,2000,v2a_u08,0,0,42,0.0,0.4,walk_queue_ablation
1866,37.32,0.0,0.4000000059604645,0.48948872089385986,0.29007279872894287,0.29711177945137024,0.17610296607017517,0,2000,v2a_u08,0,0,42,0.0,0.4,walk_queue_ablation
1867,37.34,0.0,0.4000000059604645,0.4886881113052368,0.31088054180145264,0.334198921918869,0.23798513412475586,0,2000,v2a_u08,0,0,42,0.0,0.4,walk_queue_ablation
1868,37.36,0.0,0.4000000059604645,0.48751604557037354,0.33268311619758606,0.3740691840648651,0.28490573167800903,0,2000,v2a_u08,0,0,42,0.0,0.4,walk_queue_ablation
1869,37.38,0.0,0.4000000059604645,0.4860173463821411,0.34943681955337524,0.4206843674182892,0.30170387029647827,0,2000,v2a_u08,0,0,42,0.0,0.4,walk_queue_ablation
1870,37.4,0.0,0.4000000059604645,0.48406946659088135,0.3634968400001526,0.4743921160697937,0.32288581132888794,0,2000,v2a_u08,0,0,42,0.0,0.4,walk_queue_ablation
1871,37.42,0.0,0.4000000059604645,0.48206627368927,0.37557774782180786,0.5291595458984375,0.30688756704330444,0,2000,v2a_u08,0,0,42,0.0,0.4,walk_queue_ablation
1872,37.44,0.0,0.4000000059604645,0.4814363718032837,0.3788493573665619,0.5640866160392761,0.10787533223628998,0,2000,v2a_u08,0,0,42,0.0,0.4,walk_queue_ablation
1873,37.46,0.0,0.4000000059604645,0.47952234745025635,0.3099648654460907,0.47755029797554016,0.12975344061851501,0,2000,v2a_u08,0,0,42,0.0,0.4,walk_queue_ablation
1874,37.480000000000004,0.0,0.4000000059604645,0.4797617197036743,0.27402573823928833,0.4090283215045929,0.07674618810415268,0,2000,v2a_u08,0,0,42,0.0,0.4,walk_queue_ablation
1875,37.5,0.0,0.4000000059604645,0.4804450273513794,0.24847301840782166,0.3558254539966583,0.08916281908750534,0,2000,v2a_u08,0,0,42,0.0,0.4,walk_queue_ablation
1876,37.52,0.0,0.4000000059604645,0.48036396503448486,0.22627438604831696,0.31536102294921875,0.22307690978050232,0,2000,v2a_u08,0,0,42,0.0,0.4,walk_queue_ablation
1877,37.54,0.0,0.4000000059604645,0.4789377450942993,0.2037419080734253,0.2789890766143799,0.37667933106422424,0,2000,v2a_u08,0,0,42,0.0,0.4,walk_queue_ablation
1878,37.56,0.0,0.4000000059604645,0.47661125659942627,0.18714654445648193,0.24443408846855164,0.41326451301574707,0,2000,v2a_u08,0,0,42,0.0,0.4,walk_queue_ablation
1879,37.58,0.0,0.4000000059604645,0.47486793994903564,0.16433566808700562,0.21340541541576385,0.3154275715351105,0,2000,v2a_u08,0,0,42,0.0,0.4,walk_queue_ablation
1880,37.6,0.0,0.4000000059604645,0.4734083414077759,0.149505615234375,0.18677034974098206,0.27980440855026245,0,2000,v2a_u08,0,0,42,0.0,0.4,walk_queue_ablation
1881,37.62,0.0,0.4000000059604645,0.47236454486846924,0.1317112147808075,0.16037985682487488,0.21845296025276184,0,2000,v2a_u08,0,0,42,0.0,0.4,walk_queue_ablation
1882,37.64,0.0,0.4000000059604645,0.47162115573883057,0.12816061079502106,0.14135406911373138,0.10312829911708832,0,2000,v2a_u08,0,0,42,0.0,0.4,walk_queue_ablation
1883,37.660000000000004,0.0,0.4000000059604645,0.4720350503921509,0.1281040608882904,0.12872155010700226,-0.06657194346189499,0,2000,v2a_u08,0,0,42,0.0,0.4,walk_queue_ablation
1884,37.68,0.0,0.4000000059604645,0.47329962253570557,0.1301886886358261,0.11890120059251785,-0.167546808719635,0,2000,v2a_u08,0,0,42,0.0,0.4,walk_queue_ablation
1885,37.7,0.0,0.4000000059604645,0.4750596284866333,0.13507430255413055,0.1100836768746376,-0.242522731423378,0,2000,v2a_u08,0,0,42,0.0,0.4,walk_queue_ablation
1886,37.72,0.0,0.4000000059604645,0.4771686792373657,0.14082778990268707,0.10087951272726059,-0.3078417479991913,0,2000,v2a_u08,0,0,42,0.0,0.4,walk_queue_ablation
1887,37.74,0.0,0.4000000059604645,0.47924768924713135,0.1434650719165802,0.08992806077003479,-0.30770260095596313,0,2000,v2a_u08,0,0,42,0.0,0.4,walk_queue_ablation
1888,37.76,0.0,0.4000000059604645,0.4806176424026489,0.1404190957546234,0.07716059684753418,-0.2449762374162674,0,2000,v2a_u08,0,0,42,0.0,0.4,walk_queue_ablation
1889,37.78,0.0,0.4000000059604645,0.4809609651565552,0.13553455471992493,0.061014145612716675,-0.15193942189216614,0,2000,v2a_u08,0,0,42,0.0,0.4,walk_queue_ablation
1890,37.800000000000004,0.0,0.4000000059604645,0.4804607629776001,0.12762650847434998,0.04078343138098717,-0.0676741749048233,0,2000,v2a_u08,0,0,42,0.0,0.4,walk_queue_ablation
1891,37.82,0.0,0.4000000059604645,0.47951042652130127,0.11586981266736984,0.019663356244564056,-0.012925786897540092,0,2000,v2a_u08,0,0,42,0.0,0.4,walk_queue_ablation
1892,37.84,0.0,0.4000000059604645,0.4780389070510864,0.10101146250963211,0.0022363532334566116,0.018663082271814346,0,2000,v2a_u08,0,0,42,0.0,0.4,walk_queue_ablation
1893,37.86,0.0,0.4000000059604645,0.47642433643341064,0.0808468759059906,-0.010016738437116146,-0.01175534725189209,0,2000,v2a_u08,0,0,42,0.0,0.4,walk_queue_ablation
1894,37.88,0.0,0.4000000059604645,0.47530853748321533,0.05850386992096901,-0.016514284536242485,-0.1155230700969696,0,2000,v2a_u08,0,0,42,0.0,0.4,walk_queue_ablation
1895,37.9,0.0,0.4000000059604645,0.47505438327789307,0.03505165874958038,0.01976962946355343,0.08722279965877533,0,2000,v2a_u08,0,0,42,0.0,0.4,walk_queue_ablation
1896,37.92,0.0,0.4000000059604645,0.470218300819397,0.0275714173913002,0.041017916053533554,0.3475574553012848,0,2000,v2a_u08,0,0,42,0.0,0.4,walk_queue_ablation
1897,37.94,0.0,0.4000000059604645,0.46423637866973877,0.03235467150807381,0.05764435976743698,0.3225155472755432,0,2000,v2a_u08,0,0,42,0.0,0.4,walk_queue_ablation
1898,37.96,0.0,0.4000000059604645,0.4592076539993286,0.04482624679803848,0.0755871906876564,0.22678430378437042,0,2000,v2a_u08,0,0,42,0.0,0.4,walk_queue_ablation
1899,37.980000000000004,0.0,0.4000000059604645,0.45591890811920166,0.0666607990860939,0.09409338235855103,0.08990585803985596,0,2000,v2a_u08,0,0,42,0.0,0.4,walk_queue_ablation
1900,38.0,0.0,0.4000000059604645,0.45422422885894775,0.09384103864431381,0.11323960870504379,-0.012212632223963737,0,2000,v2a_u08,0,0,42,0.0,0.4,walk_queue_ablation
1901,38.02,0.0,0.4000000059604645,0.45355236530303955,0.12547621130943298,0.13374629616737366,-0.061945412307977676,0,2000,v2a_u08,0,0,42,0.0,0.4,walk_queue_ablation
1902,38.04,0.0,0.4000000059604645,0.45389091968536377,0.1558699607849121,0.15300960838794708,-0.119388148188591,0,2000,v2a_u08,0,0,42,0.0,0.4,walk_queue_ablation
1903,38.06,0.0,0.4000000059604645,0.45501625537872314,0.18517065048217773,0.16984154284000397,-0.12003467977046967,0,2000,v2a_u08,0,0,42,0.0,0.4,walk_queue_ablation
1904,38.08,0.0,0.4000000059604645,0.4560929536819458,0.20719139277935028,0.18858973681926727,-0.0578778050839901,0,2000,v2a_u08,0,0,42,0.0,0.4,walk_queue_ablation
1905,38.1,0.0,0.4000000059604645,0.4566141366958618,0.22835297882556915,0.20919983088970184,0.024976946413517,0,2000,v2a_u08,0,0,42,0.0,0.4,walk_queue_ablation
1906,38.12,0.0,0.4000000059604645,0.4565802812576294,0.2499547302722931,0.23318959772586823,0.0912187248468399,0,2000,v2a_u08,0,0,42,0.0,0.4,walk_queue_ablation
1907,38.14,0.0,0.4000000059604645,0.4562340974807739,0.2732504606246948,0.2604896128177643,0.1408718228340149,0,2000,v2a_u08,0,0,42,0.0,0.4,walk_queue_ablation
1908,38.160000000000004,0.0,0.4000000059604645,0.45555126667022705,0.2955094277858734,0.29304084181785583,0.1921604424715042,0,2000,v2a_u08,0,0,42,0.0,0.4,walk_queue_ablation
1909,38.18,0.0,0.4000000059604645,0.4544602632522583,0.3174489140510559,0.3301410675048828,0.2514720559120178,0,2000,v2a_u08,0,0,42,0.0,0.4,walk_queue_ablation
1910,38.2,0.0,0.4000000059604645,0.45310986042022705,0.34048399329185486,0.36900511384010315,0.2838325500488281,0,2000,v2a_u08,0,0,42,0.0,0.4,walk_queue_ablation
1911,38.22,0.0,0.4000000059604645,0.45177996158599854,0.36017805337905884,0.4121618866920471,0.2800538241863251,0,2000,v2a_u08,0,0,42,0.0,0.4,walk_queue_ablation
1912,38.24,0.0,0.4000000059604645,0.4502071142196655,0.37446391582489014,0.46414127945899963,0.28604647517204285,0,2000,v2a_u08,0,0,42,0.0,0.4,walk_queue_ablation
1913,38.26,0.0,0.4000000059604645,0.4483910799026489,0.3876497447490692,0.5197213888168335,0.2993912100791931,0,2000,v2a_u08,0,0,42,0.0,0.4,walk_queue_ablation
1914,38.28,0.0,0.4000000059604645,0.4472266435623169,0.3942137062549591,0.5629270672798157,0.18110769987106323,0,2000,v2a_u08,0,0,42,0.0,0.4,walk_queue_ablation
1915,38.300000000000004,0.0,0.4000000059604645,0.4452000856399536,0.3236099183559418,0.503327488899231,0.3266403377056122,0,2000,v2a_u08,0,0,42,0.0,0.4,walk_queue_ablation
1916,38.32,0.0,0.4000000059604645,0.4444385766983032,0.2927485704421997,0.43283167481422424,0.12335529923439026,0,2000,v2a_u08,0,0,42,0.0,0.4,walk_queue_ablation
1917,38.34,0.0,0.4000000059604645,0.4450496435165405,0.2605402171611786,0.3720545768737793,0.06253635138273239,0,2000,v2a_u08,0,0,42,0.0,0.4,walk_queue_ablation
1918,38.36,0.0,0.4000000059604645,0.4456220865249634,0.23678965866565704,0.3277769386768341,0.12429417669773102,0,2000,v2a_u08,0,0,42,0.0,0.4,walk_queue_ablation
1919,38.38,0.0,0.4000000059604645,0.44529855251312256,0.21410344541072845,0.2887616753578186,0.2613614499568939,0,2000,v2a_u08,0,0,42,0.0,0.4,walk_queue_ablation
1920,38.4,0.0,0.4000000059604645,0.4438101053237915,0.19779439270496368,0.25323885679244995,0.35354533791542053,0,2000,v2a_u08,0,0,42,0.0,0.4,walk_queue_ablation
1921,38.42,0.0,0.4000000059604645,0.4426671266555786,0.17748205363750458,0.22056296467781067,0.27493882179260254,0,2000,v2a_u08,0,0,42,0.0,0.4,walk_queue_ablation
1922,38.44,0.0,0.4000000059604645,0.44161975383758545,0.15909400582313538,0.19278308749198914,0.27134862542152405,0,2000,v2a_u08,0,0,42,0.0,0.4,walk_queue_ablation
1923,38.46,0.0,0.4000000059604645,0.44077980518341064,0.13744300603866577,0.1647779643535614,0.23024208843708038,0,2000,v2a_u08,0,0,42,0.0,0.4,walk_queue_ablation
1924,38.480000000000004,0.0,0.4000000059604645,0.4401613473892212,0.12987637519836426,0.1426660120487213,0.12451037764549255,0,2000,v2a_u08,0,0,42,0.0,0.4,walk_queue_ablation
1925,38.5,0.0,0.4000000059604645,0.4406694173812866,0.12671950459480286,0.12808376550674438,-0.04877101629972458,0,2000,v2a_u08,0,0,42,0.0,0.4,walk_queue_ablation
1926,38.52,0.0,0.4000000059604645,0.4418069124221802,0.12631098926067352,0.11760739982128143,-0.1289258748292923,0,2000,v2a_u08,0,0,42,0.0,0.4,walk_queue_ablation
1927,38.54,0.0,0.4000000059604645,0.44333183765411377,0.12939199805259705,0.10827504098415375,-0.20313505828380585,0,2000,v2a_u08,0,0,42,0.0,0.4,walk_queue_ablation
1928,38.56,0.0,0.4000000059604645,0.44529449939727783,0.13506603240966797,0.09903969615697861,-0.28302231431007385,0,2000,v2a_u08,0,0,42,0.0,0.4,walk_queue_ablation
1929,38.58,0.0,0.4000000059604645,0.4474107027053833,0.14120176434516907,0.08841635286808014,-0.3095094561576843,0,2000,v2a_u08,0,0,42,0.0,0.4,walk_queue_ablation
1930,38.6,0.0,0.4000000059604645,0.4491194486618042,0.14123566448688507,0.0757492259144783,-0.2766566574573517,0,2000,v2a_u08,0,0,42,0.0,0.4,walk_queue_ablation
1931,38.62,0.0,0.4000000059604645,0.4499131441116333,0.13876213133335114,0.060476791113615036,-0.19231602549552917,0,2000,v2a_u08,0,0,42,0.0,0.4,walk_queue_ablation
1932,38.64,0.0,0.4000000059604645,0.4496091604232788,0.13412420451641083,0.04103532060980797,-0.09235406666994095,0,2000,v2a_u08,0,0,42,0.0,0.4,walk_queue_ablation
1933,38.660000000000004,0.0,0.4000000059604645,0.44880545139312744,0.12567785382270813,0.01857137866318226,-0.029831957072019577,0,2000,v2a_u08,0,0,42,0.0,0.4,walk_queue_ablation
1934,38.68,0.0,0.4000000059604645,0.447475790977478,0.11403172463178635,-0.002437456278130412,0.02025480754673481,0,2000,v2a_u08,0,0,42,0.0,0.4,walk_queue_ablation
1935,38.7,0.0,0.4000000059604645,0.44572508335113525,0.09781944751739502,-0.01897227205336094,0.031037133187055588,0,2000,v2a_u08,0,0,42,0.0,0.4,walk_queue_ablation
1936,38.72,0.0,0.4000000059604645,0.4439812898635864,0.0760434940457344,-0.029578855261206627,-0.014279081486165524,0,2000,v2a_u08,0,0,42,0.0,0.4,walk_queue_ablation
1937,38.74,0.0,0.4000000059604645,0.4432564973831177,0.0427238792181015,-0.004503000993281603,-0.30492159724235535,0,2000,v2a_u08,0,0,42,0.0,0.4,walk_queue_ablation
1938,38.76,0.0,0.4000000059604645,0.4404855966567993,0.038880325853824615,0.01963110640645027,0.29052940011024475,0,2000,v2a_u08,0,0,42,0.0,0.4,walk_queue_ablation
1939,38.78,0.0,0.4000000059604645,0.43423759937286377,0.037363938987255096,0.03846112638711929,0.4013321101665497,0,2000,v2a_u08,0,0,42,0.0,0.4,walk_queue_ablation
1940,38.800000000000004,0.0,0.4000000059604645,0.4279055595397949,0.044560570269823074,0.05744806304574013,0.3574146330356598,0,2000,v2a_u08,0,0,42,0.0,0.4,walk_queue_ablation
1941,38.82,0.0,0.4000000059604645,0.422845721244812,0.06144486367702484,0.07687061280012131,0.23933468759059906,0,2000,v2a_u08,0,0,42,0.0,0.4,walk_queue_ablation
1942,38.84,0.0,0.4000000059604645,0.41997528076171875,0.0824606642127037,0.09571284800767899,0.04603326693177223,0,2000,v2a_u08,0,0,42,0.0,0.4,walk_queue_ablation
1943,38.86,0.0,0.4000000059604645,0.41856205463409424,0.1075366884469986,0.11684367060661316,-0.013422450050711632,0,2000,v2a_u08,0,0,42,0.0,0.4,walk_queue_ablation
1944,38.88,0.0,0.4000000059604645,0.4183650016784668,0.136144757270813,0.1364825963973999,-0.10601651668548584,0,2000,v2a_u08,0,0,42,0.0,0.4,walk_queue_ablation
1945,38.9,0.0,0.4000000059604645,0.41940903663635254,0.16398730874061584,0.15375667810440063,-0.16657204926013947,0,2000,v2a_u08,0,0,42,0.0,0.4,walk_queue_ablation
1946,38.92,0.0,0.4000000059604645,0.42108166217803955,0.1870211958885193,0.1716972142457962,-0.15744470059871674,0,2000,v2a_u08,0,0,42,0.0,0.4,walk_queue_ablation
1947,38.94,0.0,0.4000000059604645,0.4225444793701172,0.20617333054542542,0.1916303187608719,-0.07508178800344467,0,2000,v2a_u08,0,0,42,0.0,0.4,walk_queue_ablation
1948,38.96,0.0,0.4000000059604645,0.42325687408447266,0.22485430538654327,0.21380747854709625,0.01196613721549511,0,2000,v2a_u08,0,0,42,0.0,0.4,walk_queue_ablation
1949,38.980000000000004,0.0,0.4000000059604645,0.42355096340179443,0.24389037489891052,0.2387273758649826,0.0627485141158104,0,2000,v2a_u08,0,0,42,0.0,0.4,walk_queue_ablation
1950,39.0,0.0,0.4000000059604645,0.4235961437225342,0.2640976011753082,0.2676575183868408,0.11118736118078232,0,2000,v2a_u08,0,0,42,0.0,0.4,walk_queue_ablation
1951,39.02,0.0,0.4000000059604645,0.42327558994293213,0.2832355499267578,0.3023686110973358,0.16975030303001404,0,2000,v2a_u08,0,0,42,0.0,0.4,walk_queue_ablation
1952,39.04,0.0,0.4000000059604645,0.4225713014602661,0.30381301045417786,0.3398449718952179,0.2279210388660431,0,2000,v2a_u08,0,0,42,0.0,0.4,walk_queue_ablation
1953,39.06,0.0,0.4000000059604645,0.42154622077941895,0.3250519335269928,0.38005998730659485,0.2682955861091614,0,2000,v2a_u08,0,0,42,0.0,0.4,walk_queue_ablation
1954,39.08,0.0,0.4000000059604645,0.4202781915664673,0.3412378132343292,0.42704063653945923,0.27944231033325195,0,2000,v2a_u08,0,0,42,0.0,0.4,walk_queue_ablation
1955,39.1,0.0,0.4000000059604645,0.4185457229614258,0.35466545820236206,0.4813474416732788,0.3041296899318695,0,2000,v2a_u08,0,0,42,0.0,0.4,walk_queue_ablation
1956,39.12,0.0,0.4000000059604645,0.4167565107345581,0.36563029885292053,0.5359849333763123,0.3027366101741791,0,2000,v2a_u08,0,0,42,0.0,0.4,walk_queue_ablation
1957,39.14,0.0,0.4000000059604645,0.4155564308166504,0.3662928640842438,0.5701804757118225,0.17272540926933289,0,2000,v2a_u08,0,0,42,0.0,0.4,walk_queue_ablation
1958,39.160000000000004,0.0,0.4000000059604645,0.41329872608184814,0.3014678955078125,0.4883212447166443,0.163776233792305,0,2000,v2a_u08,0,0,42,0.0,0.4,walk_queue_ablation
1959,39.18,0.0,0.4000000059604645,0.41385960578918457,0.26827117800712585,0.41849690675735474,0.021023813635110855,0,2000,v2a_u08,0,0,42,0.0,0.4,walk_queue_ablation
1960,39.2,0.0,0.4000000059604645,0.41516149044036865,0.24355873465538025,0.36440393328666687,0.030305564403533936,0,2000,v2a_u08,0,0,42,0.0,0.4,walk_queue_ablation
1961,39.22,0.0,0.4000000059604645,0.4156097173690796,0.2218581587076187,0.32363617420196533,0.18595921993255615,0,2000,v2a_u08,0,0,42,0.0,0.4,walk_queue_ablation
1962,39.24,0.0,0.4000000059604645,0.4144233465194702,0.2044626921415329,0.2866853177547455,0.36058518290519714,0,2000,v2a_u08,0,0,42,0.0,0.4,walk_queue_ablation
1963,39.26,0.0,0.4000000059604645,0.4123893976211548,0.1897379755973816,0.2530624270439148,0.37373822927474976,0,2000,v2a_u08,0,0,42,0.0,0.4,walk_queue_ablation
1964,39.28,0.0,0.4000000059604645,0.4110502004623413,0.16857194900512695,0.22216662764549255,0.277416855096817,0,2000,v2a_u08,0,0,42,0.0,0.4,walk_queue_ablation
1965,39.300000000000004,0.0,0.4000000059604645,0.40998542308807373,0.14874805510044098,0.19396451115608215,0.27466875314712524,0,2000,v2a_u08,0,0,42,0.0,0.4,walk_queue_ablation
1966,39.32,0.0,0.4000000059604645,0.4089665412902832,0.13278701901435852,0.16913075745105743,0.2117880880832672,0,2000,v2a_u08,0,0,42,0.0,0.4,walk_queue_ablation
1967,39.34,0.0,0.4000000059604645,0.4084954261779785,0.12931784987449646,0.14932990074157715,0.07930268347263336,0,2000,v2a_u08,0,0,42,0.0,0.4,walk_queue_ablation
1968,39.36,0.0,0.4000000059604645,0.40914106369018555,0.12953265011310577,0.1367606669664383,-0.08125552535057068,0,2000,v2a_u08,0,0,42,0.0,0.4,walk_queue_ablation
1969,39.38,0.0,0.4000000059604645,0.41051673889160156,0.1316714733839035,0.12742114067077637,-0.1721789687871933,0,2000,v2a_u08,0,0,42,0.0,0.4,walk_queue_ablation
1970,39.4,0.0,0.4000000059604645,0.41237008571624756,0.13619615137577057,0.11873931437730789,-0.25108474493026733,0,2000,v2a_u08,0,0,42,0.0,0.4,walk_queue_ablation
1971,39.42,0.0,0.4000000059604645,0.4146381616592407,0.1424035280942917,0.10960687696933746,-0.32215309143066406,0,2000,v2a_u08,0,0,42,0.0,0.4,walk_queue_ablation
1972,39.44,0.0,0.4000000059604645,0.4169163703918457,0.14542579650878906,0.09877803176641464,-0.32530543208122253,0,2000,v2a_u08,0,0,42,0.0,0.4,walk_queue_ablation
1973,39.46,0.0,0.4000000059604645,0.41853535175323486,0.14344848692417145,0.08634154498577118,-0.27120962738990784,0,2000,v2a_u08,0,0,42,0.0,0.4,walk_queue_ablation
1974,39.480000000000004,0.0,0.4000000059604645,0.4192312955856323,0.13956423103809357,0.07051006704568863,-0.18993304669857025,0,2000,v2a_u08,0,0,42,0.0,0.4,walk_queue_ablation
1975,39.5,0.0,0.4000000059604645,0.4191291332244873,0.133406862616539,0.050672467797994614,-0.10811053961515427,0,2000,v2a_u08,0,0,42,0.0,0.4,walk_queue_ablation
1976,39.52,0.0,0.4000000059604645,0.4185901880264282,0.12279804795980453,0.029849823564291,-0.0513727031648159,0,2000,v2a_u08,0,0,42,0.0,0.4,walk_queue_ablation
1977,39.54,0.0,0.4000000059604645,0.41743528842926025,0.10928328335285187,0.012504213489592075,-0.0027783894911408424,0,2000,v2a_u08,0,0,42,0.0,0.4,walk_queue_ablation
1978,39.56,0.0,0.4000000059604645,0.4158581495285034,0.08972945809364319,-0.0002627948415465653,0.002796728163957596,0,2000,v2a_u08,0,0,42,0.0,0.4,walk_queue_ablation
1979,39.58,0.0,0.4000000059604645,0.4142967462539673,0.06768898665904999,-0.0056044175289571285,-0.04929472133517265,0,2000,v2a_u08,0,0,42,0.0,0.4,walk_queue_ablation
1980,39.6,0.0,0.4000000059604645,0.41366708278656006,0.042741019278764725,0.030136292800307274,0.10921737551689148,0,2000,v2a_u08,0,0,42,0.0,0.4,walk_queue_ablation
1981,39.62,0.0,0.4000000059604645,0.4086648225784302,0.03417593240737915,0.05175366625189781,0.35928431153297424,0,2000,v2a_u08,0,0,42,0.0,0.4,walk_queue_ablation
1982,39.64,0.0,0.4000000059604645,0.40270209312438965,0.03883567824959755,0.06753867119550705,0.3169230818748474,0,2000,v2a_u08,0,0,42,0.0,0.4,walk_queue_ablation
1983,39.660000000000004,0.0,0.4000000059604645,0.39768314361572266,0.05088452994823456,0.08513639122247696,0.22018423676490784,0,2000,v2a_u08,0,0,42,0.0,0.4,walk_queue_ablation
1984,39.68,0.0,0.4000000059604645,0.39437782764434814,0.0717308446764946,0.10372079908847809,0.08603480458259583,0,2000,v2a_u08,0,0,42,0.0,0.4,walk_queue_ablation
1985,39.7,0.0,0.4000000059604645,0.3927699327468872,0.09769047051668167,0.12226718664169312,-0.02626199834048748,0,2000,v2a_u08,0,0,42,0.0,0.4,walk_queue_ablation
1986,39.72,0.0,0.4000000059604645,0.3920567035675049,0.12937681376934052,0.14322297275066376,-0.0529945082962513,0,2000,v2a_u08,0,0,42,0.0,0.4,walk_queue_ablation
1987,39.74,0.0,0.4000000059604645,0.3923455476760864,0.1584509313106537,0.16280105710029602,-0.1247720718383789,0,2000,v2a_u08,0,0,42,0.0,0.4,walk_queue_ablation
1988,39.76,0.0,0.4000000059604645,0.39351391792297363,0.18667292594909668,0.18032532930374146,-0.1308945268392563,0,2000,v2a_u08,0,0,42,0.0,0.4,walk_queue_ablation
1989,39.78,0.0,0.4000000059604645,0.3947725296020508,0.2072111964225769,0.1990431696176529,-0.08167415857315063,0,2000,v2a_u08,0,0,42,0.0,0.4,walk_queue_ablation
1990,39.800000000000004,0.0,0.4000000059604645,0.39560556411743164,0.2275516539812088,0.21943455934524536,-0.008247805759310722,0,2000,v2a_u08,0,0,42,0.0,0.4,walk_queue_ablation
1991,39.82,0.0,0.4000000059604645,0.3958902359008789,0.2484656423330307,0.2438437044620514,0.06201740354299545,0,2000,v2a_u08,0,0,42,0.0,0.4,walk_queue_ablation
1992,39.84,0.0,0.4000000059604645,0.39584052562713623,0.2710307836532593,0.271749347448349,0.11189663410186768,0,2000,v2a_u08,0,0,42,0.0,0.4,walk_queue_ablation
1993,39.86,0.0,0.4000000059604645,0.3954411745071411,0.29251718521118164,0.30497175455093384,0.16544243693351746,0,2000,v2a_u08,0,0,42,0.0,0.4,walk_queue_ablation
1994,39.88,0.0,0.4000000059604645,0.39464032649993896,0.3134012818336487,0.34274598956108093,0.22344249486923218,0,2000,v2a_u08,0,0,42,0.0,0.4,walk_queue_ablation
1995,39.9,0.0,0.4000000059604645,0.3936346769332886,0.33493179082870483,0.38236263394355774,0.2491806149482727,0,2000,v2a_u08,0,0,42,0.0,0.4,walk_queue_ablation
1996,39.92,0.0,0.4000000059604645,0.3927215337753296,0.35306107997894287,0.4264916181564331,0.23984572291374207,0,2000,v2a_u08,0,0,42,0.0,0.4,walk_queue_ablation
1997,39.94,0.0,0.4000000059604645,0.3915773630142212,0.36597469449043274,0.4797518253326416,0.2474961280822754,0,2000,v2a_u08,0,0,42,0.0,0.4,walk_queue_ablation
1998,39.96,0.0,0.4000000059604645,0.39009904861450195,0.3781830370426178,0.5367425680160522,0.2769760191440582,0,2000,v2a_u08,0,0,42,0.0,0.4,walk_queue_ablation
1999,39.980000000000004,0.0,0.4000000059604645,-0.6244072914123535,0.3333177864551544,0.3659699559211731,0.26277390122413635,0,2000,v2a_u08,0,0,42,0.0,0.4,walk_queue_ablation
